frame_number,timestamp,YOLO_Simple_processing_time_ms,YOLO_Simple_fps,YOLO_Simple_track_count,YOLO_Simple_detection_count,YOLO_Simple_id_switches,YOLO_Advanced_processing_time_ms,YOLO_Advanced_fps,YOLO_Advanced_track_count,YOLO_Advanced_detection_count,YOLO_Advanced_id_switches,ByteTrack_processing_time_ms,ByteTrack_fps,ByteTrack_track_count,ByteTrack_detection_count,ByteTrack_id_switches
0,1748170426.354099,94.31600570678711,10.609439541454506,6,6,0,55.6187629699707,17.991421021927867,6,6,0,49.073219299316406,20.396045574126035,3,6,0
1,1748170426.55918,32.578229904174805,15.775058108484215,6,6,0,38.19084167480469,21.334201424211596,6,6,0,35.07494926452637,23.78991072340136,3,6,0
2,1748170426.668473,32.39011764526367,18.852329626666428,6,5,0,36.135196685791016,23.103342415852055,6,5,0,33.612966537475586,25.498890507813055,3,5,0
3,1748170426.774013,33.60891342163086,20.757047803569616,5,5,0,35.87079048156738,24.140816981379132,5,5,0,33.6761474609375,26.438216022515608,4,5,1
4,1748170426.87958,33.2789421081543,22.128812643636923,5,5,0,38.27214241027832,24.517454999058888,5,5,0,32.45806694030762,27.21573492731317,4,5,0
5,1748170426.98575,38.98191452026367,22.65058931006395,5,5,0,36.47112846374512,24.960350395543884,5,5,0,33.12325477600098,27.674062670104963,4,5,0
6,1748170427.0970721,33.84113311767578,23.434970634577287,5,5,0,36.073923110961914,25.32486414684217,5,5,0,33.62894058227539,27.954439033214793,4,5,0
7,1748170427.202661,32.282114028930664,24.17313023381803,5,5,0,35.195112228393555,25.675652595767865,5,5,0,33.04767608642578,28.226319101184085,4,5,0
8,1748170427.3052008,31.637907028198242,24.824503624827706,5,5,0,37.055015563964844,25.816856270183983,5,5,0,32.61399269104004,28.480691707880172,4,5,0
9,1748170427.408742,32.109975814819336,25.340899204423522,5,5,0,35.845041275024414,26.012913725127806,5,5,0,33.071279525756836,28.649617486338798,4,5,0
10,1748170427.511882,31.857967376708984,25.794592998942214,5,5,0,35.65692901611328,26.186844297931952,5,5,0,35.11810302734375,28.635996539152387,4,5,0
11,1748170427.6165729,32.74989128112793,26.134743479768957,5,5,0,35.8121395111084,26.324661943410888,5,5,0,33.79416465759277,28.71540728273737,4,5,0
12,1748170427.720924,32.256126403808594,26.456091660448,5,5,0,36.18621826171875,26.42236177142306,5,5,0,32.750844955444336,28.849450560497605,4,5,0
13,1748170427.826325,32.083988189697266,26.746597589810467,6,6,1,36.64278984069824,26.484016749083075,6,6,1,32.27806091308594,28.99371986520349,4,6,0
14,1748170427.930336,32.72819519042969,26.972345382194142,7,6,1,38.61188888549805,26.445200487252496,7,6,1,32.64307975769043,29.099358944710136,4,6,0
15,1748170428.037168,32.788991928100586,27.170306574993504,7,7,1,38.906097412109375,26.398778971881736,7,7,1,32.77015686035156,29.18562169557807,4,7,0
16,1748170428.144487,31.81314468383789,27.390594418636454,7,5,0,37.731170654296875,26.405940146726067,7,5,0,33.61821174621582,29.219544178971386,4,5,1
17,1748170428.250741,31.788110733032227,27.59022286703077,5,5,0,35.76087951660156,26.48880749009268,5,5,0,33.00905227661133,29.27873474400803,4,5,0
18,1748170428.354256,32.92107582092285,27.725561674518413,5,4,0,35.58611869812012,26.570071876627463,5,4,0,33.08606147766113,29.328346877165583,4,4,0
19,1748170428.458866,32.63735771179199,27.859253879106642,5,4,1,34.94405746459961,26.666446263757432,5,4,1,33.67805480957031,29.347564307719864,3,4,0
20,1748170428.562808,33.049821853637695,27.966279316759596,5,5,1,36.17286682128906,26.71230625853142,5,5,1,32.8829288482666,29.397904307034537,4,5,0
21,1748170428.667712,32.36889839172363,28.088911942523392,6,6,0,36.28396987915039,26.750636262882168,6,6,0,33.86974334716797,29.40490766461307,4,6,0
22,1748170428.773002,33.1728458404541,28.17359813930233,6,4,0,35.073041915893555,26.823363235008703,6,4,0,32.89175033569336,29.44816906301217,4,4,0
23,1748170428.876874,32.50002861022949,28.27397500365842,4,4,0,35.018205642700195,26.892123531948112,4,4,0,34.20376777648926,29.440443984560215,4,4,0
24,1748170428.9814012,32.54079818725586,28.365735376744595,5,5,1,36.26394271850586,26.919440331871975,5,5,1,31.91685676574707,29.512661238344258,4,5,0
25,1748170429.08599,32.586097717285156,28.44971310771883,6,6,0,36.75413131713867,26.931123957810865,6,6,0,32.91010856628418,29.546419310151247,4,6,0
26,1748170429.1913831,33.29205513000488,28.506723280942975,6,6,0,38.281917572021484,26.900902309041737,6,6,0,34.22403335571289,29.535110402418592,4,6,0
27,1748170429.299944,32.24825859069824,28.590096632352534,7,6,1,37.31989860534668,26.8977591864013,7,6,1,33.87880325317383,29.53548014562457,4,6,0
28,1748170429.406288,32.61899948120117,28.65764994427965,6,6,0,38.55490684509277,26.864040825187903,6,6,0,33.11419486999512,29.558706447712954,4,6,0
29,1748170429.513354,34.08694267272949,28.68071438112088,6,6,0,41.239261627197266,26.76841130931272,6,6,0,32.95588493347168,29.58497280716872,3,6,0
30,1748170429.624769,33.80560874938965,30.440992253133025,6,6,0,37.611961364746094,27.20523153580368,6,6,0,34.9729061126709,30.001766785716075,3,6,0
31,1748170429.734111,35.430908203125,30.352619189077902,6,5,0,38.1777286529541,27.205625634308692,6,5,0,35.23612022399902,29.997089191603425,3,5,0
32,1748170429.845749,32.38177299499512,30.352743658275358,5,3,0,34.42716598510742,27.247759942589393,5,3,0,33.812761306762695,29.991119153502307,2,3,0
33,1748170429.949026,32.588958740234375,30.384098450673,4,4,1,35.87913513183594,27.24761243372924,4,4,1,32.59587287902832,30.023715154721163,3,4,0
34,1748170430.053039,32.56511688232422,30.405992798975422,4,4,0,36.03982925415039,27.302809433823477,4,4,0,33.19287300109863,30.001473499188624,3,4,0
35,1748170430.157696,33.88023376464844,30.56391955436556,4,3,0,35.40492057800293,27.32929874218754,4,3,0,34.290313720703125,29.966570476708288,2,3,0
36,1748170430.264061,35.36105155944824,30.51679065791149,3,1,0,32.685041427612305,27.413423150702986,3,1,0,34.34181213378906,29.945482324830913,1,1,0
37,1748170430.370429,31.61907196044922,30.53742407757914,4,4,2,33.139944076538086,27.465097604039276,4,4,2,33.59484672546387,29.929078790165075,1,4,0
38,1748170430.471683,32.66501426696777,30.505382420601933,4,2,0,34.46030616760254,27.530453164974052,4,2,0,32.65690803527832,29.927676456317606,1,2,0
39,1748170430.5741382,32.4101448059082,30.496451184857097,3,3,1,34.924983978271484,27.553584574964972,3,3,1,33.396005630493164,29.91789936502185,1,3,0
40,1748170430.677475,33.39862823486328,30.448940498680813,5,5,0,35.01009941101074,27.569957366289263,5,5,0,33.843040466308594,29.956047650041974,2,5,1
41,1748170430.782274,34.23810005187988,30.402833719522658,5,3,0,33.833980560302734,27.62021727119652,5,3,0,33.78796577453613,29.956261600008382,2,3,0
42,1748170430.886996,32.57012367248535,30.393140179466435,5,5,2,34.898996353149414,27.652916224022054,5,5,2,33.68377685546875,29.928438113726955,3,5,0
43,1748170430.990958,32.52577781677246,30.37975563718259,6,4,0,36.79800033569336,27.64881474900884,6,4,0,33.38289260864258,29.895359570062617,2,4,0
44,1748170431.0963242,32.75775909423828,30.378897491568672,5,3,1,35.70389747619629,27.72324329183374,5,3,1,33.26106071472168,29.877116646939196,2,3,0
45,1748170431.200726,33.74218940734863,30.349639554807737,4,4,1,34.17801856994629,27.844800058420716,4,4,1,33.76626968383789,29.847506946004405,3,4,0
46,1748170431.305098,33.20598602294922,30.3067742364364,5,5,0,36.1788272857666,27.884971196261,5,5,0,34.45291519165039,29.82279688265099,4,5,0
47,1748170431.411699,32.820940017700195,30.275236377311533,5,3,0,34.11102294921875,27.927824391062412,5,3,0,33.46419334411621,29.809323705270597,2,3,0
48,1748170431.514739,32.41586685180664,30.29073823448272,3,3,0,35.38107872009277,27.933075585659665,3,3,0,33.12802314758301,29.808073796996666,3,3,1
49,1748170431.619562,33.104896545410156,30.276773464242456,4,4,1,35.532236099243164,27.917680981409976,4,4,1,33.702850341796875,29.80745947372398,3,4,0
50,1748170431.724761,33.503055572509766,30.262850678014775,4,3,0,34.31081771850586,27.966147012326484,4,3,0,33.019304275512695,29.803315218627073,3,3,0
51,1748170431.828042,33.950090408325195,30.214533573232753,3,3,0,34.20710563659668,28.02029642977552,3,3,0,33.853769302368164,29.803788184372173,3,3,0
52,1748170431.932545,32.483816146850586,30.235573844351663,4,4,0,34.52897071838379,28.03462388269,4,4,0,37.30297088623047,29.673746863222714,3,4,0
53,1748170432.0393898,36.11326217651367,30.12621350855166,5,4,0,36.56816482543945,27.99413282655953,5,4,0,34.065961837768555,29.67770116612506,3,4,0
54,1748170432.148812,33.2181453704834,30.10582932174679,4,4,0,35.59231758117676,28.01193771479939,4,4,0,32.991886138916016,29.646382600045758,3,4,0
55,1748170432.253214,33.226966857910156,30.086666848388248,5,5,0,36.50307655334473,28.018499509010386,5,5,0,33.2491397857666,29.63634166797974,3,5,0
56,1748170432.35902,33.29896926879883,30.086299961767203,5,4,0,36.47017478942871,28.066127050354993,5,4,0,34.27720069885254,29.63514810141071,3,4,0
57,1748170432.46557,33.07080268859863,30.061523465496975,5,5,1,36.180973052978516,28.096088714863455,5,5,1,33.63513946533203,29.642296977232544,3,5,0
58,1748170432.571004,32.58800506591797,30.062636704960976,6,5,1,37.33515739440918,28.128226983838506,6,5,1,33.73408317565918,29.624354530406084,3,5,0
59,1748170432.6772978,32.95421600341797,30.09677053629218,5,4,0,35.74395179748535,28.27381776281375,5,4,0,34.0731143951416,29.591707773080838,3,4,0
60,1748170432.7827709,34.60383415222168,30.07256613776214,7,7,1,36.04602813720703,28.31561316681845,7,7,1,34.20400619506836,29.614056690498348,3,7,0
61,1748170432.891833,35.765886306762695,30.062924005949075,8,6,1,40.154218673706055,28.262900948879125,8,6,1,34.399986267089844,29.638317196986545,3,6,0
62,1748170433.00553,33.38623046875,30.032701336623276,6,5,0,37.46390342712402,28.182318455930524,6,5,0,33.93411636352539,29.634799123502827,3,5,0
63,1748170433.1132019,32.81807899475098,30.025821480293136,5,5,0,36.60893440246582,28.16292848159728,5,5,0,33.99014472961426,29.594046246812265,4,5,0
64,1748170433.219476,33.30206871032715,30.003791334487744,5,5,0,36.23795509338379,28.157773249010845,5,5,0,34.76715087890625,29.548394611319534,3,5,0
65,1748170433.3263848,32.81211853027344,30.035834148903156,6,6,1,37.17780113220215,28.110933404346532,6,6,1,36.48710250854492,29.484529125285405,3,6,0
66,1748170433.435402,33.371686935424805,30.095705155220106,7,5,0,37.9481315612793,27.973066703659043,7,5,0,33.95891189575195,29.4954284461874,3,5,0
67,1748170433.543453,32.872915267944336,30.05803345559201,5,4,0,35.925865173339844,27.9004843981919,5,4,0,33.515214920043945,29.497717151883244,3,4,0
68,1748170433.64824,33.8902473449707,30.021200846888657,5,5,0,35.871028900146484,27.86398259989185,5,5,0,32.705068588256836,29.496327291267427,3,5,0
69,1748170433.7531881,33.60176086425781,29.9849871461375,6,6,1,37.956953048706055,27.785741572909654,6,6,1,34.07621383666992,29.47669654415351,3,6,0
70,1748170433.861213,33.68401527404785,29.976322279998392,6,6,0,38.20228576660156,27.70389409433745,6,6,0,34.857988357543945,29.44727524794461,3,6,0
71,1748170433.970434,32.698869705200195,30.022647776022755,9,9,2,41.57900810241699,27.507228267213947,9,9,2,33.91313552856445,29.443547458659875,3,9,0
72,1748170434.0815659,33.10203552246094,30.00673206683991,9,7,0,42.263031005859375,27.323008292285923,9,7,0,34.29412841796875,29.425906671774083,3,7,0
73,1748170434.1956549,34.078121185302734,29.960156023431136,7,5,0,38.192033767700195,27.28836190827724,7,5,0,33.72907638549805,29.416076396770777,4,5,1
74,1748170434.304758,32.4859619140625,29.968269089930445,5,5,0,36.96894645690918,27.25702079523992,5,5,0,33.754825592041016,29.401717709757712,4,5,0
75,1748170434.410671,32.753944396972656,29.99785438625434,7,7,2,38.458824157714844,27.151488368560244,7,7,2,33.236026763916016,29.41707357101878,4,7,0
76,1748170434.5178308,35.82501411437988,29.91959246486094,7,6,0,41.40591621398926,27.0236920166692,7,6,0,33.97083282470703,29.4310755317126,4,6,0
77,1748170434.631784,33.2491397857666,29.90692020978486,6,6,0,37.95599937438965,26.930441156799272,6,6,0,34.13867950439453,29.41151776460617,4,6,0
78,1748170434.7400162,32.6840877532959,29.89886873941277,6,5,0,36.32307052612305,26.907756835832664,6,5,0,33.90002250671387,29.38932923753041,3,5,0
79,1748170434.845479,32.66096115112305,29.91191813923414,6,5,1,37.225961685180664,26.866964996047756,6,5,1,33.82706642150879,29.385616103887973,3,5,0
80,1748170434.951682,31.57496452331543,29.970453304192347,5,3,0,35.49599647521973,26.838438424090818,5,3,0,32.24515914916992,29.407847133281603,2,3,0
81,1748170435.053598,33.72907638549805,29.976836460359568,4,4,1,34.92474555969238,26.8211788825063,4,4,1,33.07485580444336,29.430290794263218,2,4,0
82,1748170435.1581728,33.566951751708984,29.944520266772965,4,2,0,34.861087799072266,26.813263058212232,4,2,0,33.24007987976074,29.54809624438558,1,2,0
83,1748170435.262153,33.32209587097168,30.027928101426046,3,2,0,32.64188766479492,26.907659017293685,3,2,0,33.837080001831055,29.554772778038885,0,2,0
84,1748170435.364365,32.82880783081055,30.039749290600497,3,1,0,33.9510440826416,26.94712604096129,3,1,0,33.141136169433594,29.550400071017272,0,1,0
85,1748170435.4682019,32.77111053466797,30.053194741669216,3,3,2,34.230947494506836,27.00223521615673,3,3,2,32.35816955566406,29.57646803307473,1,3,0
86,1748170435.5701451,32.48095512390137,30.077777761841997,4,2,0,33.80298614501953,27.067063242894765,4,2,0,33.18214416503906,29.608307796783418,2,2,0
87,1748170435.6719391,33.31470489501953,30.070453248996234,3,3,1,34.05117988586426,27.119186457510754,3,3,1,33.56814384460449,29.6101750714139,2,3,0
88,1748170435.775302,32.713890075683594,30.066501363073645,3,1,0,33.640146255493164,27.210149761750042,3,1,0,34.18278694152832,29.59688631898295,1,1,0
89,1748170435.877971,32.76228904724121,30.072257091275663,1,1,0,32.900094985961914,27.280641124482806,1,1,0,33.19191932678223,29.622659809988015,1,1,0
90,1748170435.978987,32.88102149963379,30.124323855863807,4,4,0,33.93816947937012,27.333032840924023,4,4,0,34.236907958984375,29.62180903580961,2,4,0
91,1748170436.0824409,36.273956298828125,30.108509117082075,4,3,0,36.251068115234375,27.430478847558675,4,3,0,33.36906433105469,29.651964612514,2,3,0
92,1748170436.19078,33.00023078918457,30.12037221887895,4,4,1,35.539865493774414,27.47879675965002,4,4,1,33.48994255065918,29.665023130062576,3,4,1
93,1748170436.295268,33.25819969177246,30.10722678990067,5,5,0,36.16690635681152,27.489818777405624,5,5,0,33.8897705078125,29.66781388674658,3,5,0
94,1748170436.400882,32.379150390625,30.135405505216433,5,4,0,36.58485412597656,27.48103526673804,5,4,0,33.921003341674805,29.692477884459276,3,4,0
95,1748170436.50616,32.444000244140625,30.146769771272993,4,3,0,34.67702865600586,27.544289965056617,4,3,0,35.56370735168457,29.719808013846507,3,3,0
96,1748170436.6113842,34.37185287475586,30.11663065713976,5,5,0,35.58683395385742,27.603978528285005,5,5,0,33.50400924682617,29.73315119494644,3,5,0
97,1748170436.718718,33.75601768493652,30.089782148262383,5,5,0,36.418914794921875,27.59146108147092,5,5,0,33.33568572998047,29.738519936386584,3,5,0
98,1748170436.82483,32.76491165161133,30.123905567850247,6,6,1,36.852121353149414,27.566580999278575,6,6,1,34.104108810424805,29.697334301616852,3,6,0
99,1748170436.930989,33.2188606262207,30.13552098197029,6,4,0,37.01901435852051,27.590384191605736,6,4,0,33.36811065673828,29.718137448823065,3,4,0
100,1748170437.0370119,32.92989730834961,30.158489567529557,4,4,0,35.55178642272949,27.657863917873836,4,4,0,33.04696083068848,29.77148457186068,3,4,0
101,1748170437.1411352,35.446882247924805,30.07552036774471,4,4,0,35.737037658691406,27.807558767442274,4,4,0,33.696889877319336,29.777846670113917,3,4,0
102,1748170437.248513,33.677101135253906,30.058256045196394,5,4,0,34.806013107299805,28.00110376258423,5,4,0,33.838748931884766,29.79121381518901,3,4,0
103,1748170437.353215,32.04607963562012,30.119521454594196,5,5,1,35.063982009887695,28.083089746219315,5,5,1,33.66804122924805,29.792956093735643,3,5,0
104,1748170437.456386,32.171010971069336,30.129113360294806,5,4,0,36.54623031616211,28.09413151619616,5,4,0,33.392906188964844,29.803548170028503,2,4,0
105,1748170437.560777,32.10806846618652,30.148633346639112,5,4,1,35.37702560424805,28.17547782545502,5,4,1,33.483028411865234,29.796151976356136,2,4,0
106,1748170437.6642199,35.816192626953125,30.149081216916766,4,3,0,34.51800346374512,28.358855279577714,4,3,0,32.76705741882324,29.831762193933653,2,3,0
107,1748170437.7696939,33.136844635009766,30.152353963266254,3,2,0,33.09488296508789,28.489874397334077,3,2,0,34.11984443664551,29.832328009487235,2,2,0
108,1748170437.872342,32.965898513793945,30.143750979205624,3,3,0,33.41269493103027,28.568750749245307,3,3,0,33.59794616699219,29.841419363927226,2,3,0
109,1748170437.976289,32.07993507385254,30.161395636478694,3,2,0,33.9810848236084,28.657369069775704,3,2,0,33.351898193359375,29.855552025496152,2,2,0
110,1748170438.0782988,32.79995918273926,30.123242100344157,2,1,0,32.601118087768555,28.73700625125039,2,1,0,32.95016288757324,29.834598560256563,1,1,0
111,1748170438.1790001,33.98585319519043,30.11559270069324,3,3,1,34.03592109680176,28.761533380115246,3,3,1,33.866167068481445,29.811145793230075,1,3,0
112,1748170438.2831051,32.55772590637207,30.146004183047875,3,3,0,34.76405143737793,28.764373714989535,3,3,0,32.74106979370117,29.82590019358645,1,3,0
113,1748170438.385539,34.56592559814453,30.10849470830472,3,3,0,35.14885902404785,28.695509393894064,3,3,0,33.96105766296387,29.82224556467133,1,3,0
114,1748170438.491554,33.25176239013672,30.09559718161838,4,4,0,35.28308868408203,28.65902693917265,4,4,0,33.55693817138672,29.80977567530879,1,4,0
115,1748170438.595911,32.75489807128906,30.096173049780422,4,4,0,34.49201583862305,28.651881193709976,4,4,0,34.1341495513916,29.75717802640634,2,4,0
116,1748170438.699626,31.644105911254883,30.121489821268653,4,3,0,35.115957260131836,28.616075692698995,4,3,0,33.54597091674805,29.746372751630826,2,3,0
117,1748170438.802506,31.77189826965332,30.16822204043428,3,3,0,34.63387489318848,28.60017278871023,3,3,0,33.007144927978516,29.762935602046685,3,3,0
118,1748170438.904192,33.766984939575195,30.1364087390688,4,3,1,34.46698188781738,28.577613871788433,4,3,1,32.79399871826172,29.80415527261056,2,3,0
119,1748170439.008037,31.8450927734375,30.164685519627078,3,2,0,32.8221321105957,28.579632525543666,3,2,0,33.030033111572266,29.80902004559867,2,2,0
120,1748170439.1083982,32.29069709777832,30.182897693581594,3,3,1,33.5087776184082,28.591328152941387,3,3,1,33.12277793884277,29.841992623286735,2,3,0
121,1748170439.211017,33.67900848388672,30.26197729001052,3,2,0,34.33394432067871,28.643689181815514,3,2,0,33.104896545410156,29.8498293758251,2,2,0
122,1748170439.3145,33.59389305114746,30.243611434054262,3,3,1,33.07294845581055,28.711256474795274,3,3,1,32.447099685668945,29.880806025122087,2,3,0
123,1748170439.4158568,33.03694725036621,30.250351476779457,3,3,0,33.653974533081055,28.780499297008,3,3,0,32.402992248535156,29.92500740222816,2,3,0
124,1748170439.5170822,34.35206413269043,30.190103248811813,3,2,0,35.224199295043945,28.818156458743005,3,2,0,33.197641372680664,29.946608367592606,2,2,0
125,1748170439.621917,32.5009822845459,30.188191087811713,2,2,0,32.692909240722656,28.873081462906903,2,2,0,32.62591361999512,30.03447914530865,2,2,0
126,1748170439.721897,33.238887786865234,30.222436575192496,3,3,1,33.25629234313965,28.938055844881923,3,3,1,33.59198570251465,30.03180534346955,2,3,0
127,1748170439.824181,32.64307975769043,30.256636163750073,3,2,0,33.77485275268555,29.012250804281106,3,2,0,33.06388854980469,30.039892721762712,2,2,0
128,1748170439.925932,30.865907669067383,30.314791302776605,2,2,0,34.29913520812988,29.084144673309012,2,2,0,32.22298622131348,30.096727343700667,2,2,0
129,1748170440.025723,31.96096420288086,30.3535271054816,3,3,1,33.55908393859863,29.18200299915999,3,3,1,31.937122344970703,30.140205753914028,2,3,0
130,1748170440.125528,31.85582160949707,30.386424420394764,3,2,0,33.04791450500488,29.253170607413804,3,2,0,32.39893913269043,30.159783494240166,2,2,0
131,1748170440.225256,32.263994216918945,30.48457808254224,4,4,1,33.82086753845215,29.307904245425078,4,4,1,35.414934158325195,30.10786073575388,2,4,0
132,1748170440.329128,32.68599510192871,30.51536231153,4,4,0,34.61885452270508,29.313059043991093,4,4,0,33.309221267700195,30.124020956486845,2,4,0
133,1748170440.433465,32.04083442687988,30.515517720974707,4,3,0,35.03012657165527,29.314049245990226,4,3,0,33.68663787841797,30.123508926153914,2,3,0
134,1748170440.5365078,32.44900703430176,30.506979947878595,3,3,0,34.81698036193848,29.36366534288497,3,3,0,32.4859619140625,30.15100287590294,2,3,0
135,1748170440.638578,34.13105010986328,30.444284488984646,3,2,0,35.37106513977051,29.36372016176646,3,2,0,33.05792808532715,30.1639551759005,2,2,0
136,1748170440.7433999,33.533334732055664,30.514703689072324,2,2,0,34.01517868041992,29.378268101276934,2,2,0,34.42025184631348,30.113754828333885,2,2,0
137,1748170440.847499,33.97107124328613,30.488781004796877,3,3,0,33.59174728393555,29.363891472090337,3,3,0,33.750057220458984,30.125023432466733,2,3,0
138,1748170440.951082,31.86798095703125,30.522912599503982,4,4,1,35.10093688964844,29.31536734278322,4,4,1,32.62209892272949,30.154348302772576,2,4,0
139,1748170441.053092,32.40704536437988,30.51285377807448,4,3,0,35.471200942993164,29.272647668198513,4,3,0,35.076141357421875,30.10218498942361,2,3,0
140,1748170441.158583,33.499956130981445,30.491322525231304,3,3,0,34.474849700927734,29.219151438141257,3,3,0,32.575130462646484,30.11363231148574,2,3,0
141,1748170441.261451,32.54890441894531,30.535956747018155,3,2,0,33.2639217376709,29.241246736683784,3,2,0,32.96804428100586,30.140703912402355,2,2,0
142,1748170441.362443,32.74822235107422,30.530296247607943,3,3,1,35.02321243286133,29.233644738220786,3,3,1,34.62076187133789,30.08391901313153,2,3,0
143,1748170441.467175,36.10587120056152,30.48248074815476,3,3,0,36.79180145263672,29.18697819764104,3,3,0,34.07597541809082,30.080517284286184,2,3,0
144,1748170441.576289,32.52601623535156,30.50495348343889,3,3,0,34.750938415527344,29.20221217065184,3,3,0,32.78708457946777,30.103783777576385,2,3,0
145,1748170441.6799622,33.50186347961426,30.48173493471563,3,3,0,36.70191764831543,29.13952238916576,3,3,0,35.66694259643555,30.057552386096173,2,3,0
146,1748170441.788243,78.45807075500488,29.097858333624323,4,4,1,36.48519515991211,29.100859710580526,4,4,1,34.651994705200195,30.024316931871788,2,4,0
147,1748170441.9402082,33.9510440826416,29.03671417386013,4,4,0,37.09101676940918,29.03176997208473,4,4,0,34.478187561035156,29.980300496061528,2,4,0
148,1748170442.048071,36.08298301696777,28.97191686845995,4,4,0,41.483163833618164,28.836232292910154,4,4,0,35.98523139953613,29.884964762665454,2,4,0
149,1748170442.164027,35.047054290771484,28.882406261211433,4,4,0,41.09501838684082,28.609068431014784,4,4,0,37.92905807495117,29.739981919061208,2,4,0
150,1748170442.2807438,31.9979190826416,28.89046343997983,4,4,0,35.33005714416504,28.559523633891718,4,4,0,34.73305702209473,29.69267407254285,2,4,0
151,1748170442.385184,40.33088684082031,28.706697538616744,4,4,0,38.55395317077637,28.445273943942322,4,4,0,35.99214553833008,29.608210259058946,2,4,0
152,1748170442.502381,35.98475456237793,28.64124422641468,4,4,0,35.669803619384766,28.3753802898084,4,4,0,33.95700454711914,29.564202793570026,2,4,0
153,1748170442.6103199,33.29014778137207,28.63440057128111,4,3,0,35.13979911804199,28.33559049819915,4,3,0,34.08002853393555,29.51561725555618,2,3,0
154,1748170442.715199,33.74505043029785,28.65105917214869,3,3,0,36.95368766784668,28.28930246361237,3,3,0,35.59684753417969,29.446117533959924,2,3,0
155,1748170442.823947,34.239768981933594,28.603638049947033,3,3,0,35.372018814086914,28.218090158134984,3,3,0,33.33091735839844,29.425762162503464,2,3,0
156,1748170442.929079,33.19716453552246,28.60494505506996,3,2,0,34.216880798339844,28.19300253879954,3,2,0,32.9439640045166,29.44447070485169,2,2,0
157,1748170443.0331469,33.28728675842285,28.587170920352946,3,3,1,35.37297248840332,28.15053516145674,3,3,1,32.86910057067871,29.450114789079016,2,3,0
158,1748170443.136996,32.80282020568848,28.534310804154796,3,3,0,34.80076789855957,28.137252972735098,3,3,0,34.418344497680664,29.386645529370853,2,3,0
159,1748170443.241368,31.97169303894043,28.534129624724702,3,3,0,35.13312339782715,28.095856596923344,3,3,0,33.46896171569824,29.342588956494403,2,3,0
160,1748170443.3441842,32.776832580566406,28.509213504530283,3,3,0,34.4541072845459,28.058885940934772,3,3,0,33.54191780090332,29.31005470254617,2,3,0
161,1748170443.447176,33.53595733642578,28.474878206416363,3,3,0,33.627986907958984,28.063929914400287,3,3,0,32.54508972167969,29.3925009004918,2,3,0
162,1748170443.549113,33.48875045776367,28.453011838959757,3,3,0,35.264015197753906,28.046977846232032,3,3,0,92.15116500854492,27.790509815752692,2,3,0
163,1748170443.7142122,34.4541072845459,28.38809410844224,5,5,0,36.80014610290527,28.00069251183746,5,5,0,35.707950592041016,27.738521984745578,2,5,0
164,1748170443.823663,34.19971466064453,28.34125150598441,5,3,0,35.13336181640625,27.99245757832737,5,3,0,33.49709510803223,27.712741320904687,2,3,0
165,1748170443.92908,33.96105766296387,28.345867507204222,3,3,0,37.25385665893555,27.94338532383508,3,3,0,36.02194786071777,27.637051787053302,2,3,0
166,1748170444.0388212,35.22610664367676,28.300863471388443,4,4,0,35.833120346069336,27.896037041265714,4,4,0,33.71596336364746,27.65501300341959,2,4,0
167,1748170444.14591,33.98895263671875,28.30057067106536,4,3,0,35.70270538330078,27.84146076756057,4,3,0,33.75720977783203,27.65478811620411,2,3,0
168,1748170444.251679,33.51402282714844,28.256585876324078,3,3,0,36.61394119262695,27.8024406572938,3,3,0,38.156986236572266,27.51475897357401,2,3,0
169,1748170444.363959,36.55409812927246,28.14677584849712,3,3,0,38.74611854553223,27.7184919959899,3,3,0,38.12217712402344,27.438248789442078,2,3,0
170,1748170444.479956,36.58699989318848,28.0657577071523,3,3,0,43.476104736328125,27.49002297223342,3,3,0,41.249990463256836,27.222335321892356,2,3,0
171,1748170444.60369,82.97610282897949,26.802674023696774,3,3,0,43.711185455322266,27.22940441347522,3,3,0,32.59706497192383,27.231578897250763,2,3,0
172,1748170444.765224,33.74910354614258,26.778608545421694,4,3,0,34.094810485839844,27.252380728579077,4,3,0,34.780025482177734,27.227524855054558,2,3,0
173,1748170444.870095,33.36310386657715,26.84438743999012,4,3,1,35.45188903808594,27.285586656142392,4,3,1,36.00311279296875,27.179933150246054,2,3,0
174,1748170444.977538,34.42096710205078,26.79906629636571,3,2,0,36.3619327545166,27.245565175667245,3,2,0,34.42692756652832,27.139688086600863,2,2,0
175,1748170445.0853918,34.72399711608887,26.76996033303655,2,2,0,37.34397888183594,27.229816890481615,2,2,0,36.29589080810547,27.124249028344533,2,2,0
176,1748170445.196018,33.11896324157715,27.89853579886308,2,2,0,33.647775650024414,27.30016155004732,2,2,0,32.84192085266113,27.168583285471843,2,2,0
177,1748170445.297948,33.57696533203125,27.908058682964633,3,3,0,35.076141357421875,27.350166964775354,3,3,0,33.761024475097656,27.186134391143433,2,3,0
178,1748170445.402642,35.83693504333496,27.914256069779253,4,3,0,37.779808044433594,27.44276682950405,4,3,0,35.64906120300293,27.194418870028656,1,3,0
179,1748170445.514213,35.64810752868652,27.89875848215325,4,3,0,37.12296485900879,27.542607834561956,4,3,0,35.578012466430664,27.25244565499891,1,3,0
180,1748170445.625275,34.748077392578125,27.827625419805766,3,1,0,36.06081008911133,27.524129991449367,3,1,0,36.63516044616699,27.205784453351907,1,1,0
181,1748170445.736694,36.45491600036621,27.927991754049067,1,1,0,36.00001335144043,27.588908142084637,1,1,0,35.83574295043945,27.209614318373095,1,1,0
182,1748170445.8473651,36.50093078613281,27.9145533163267,1,1,0,35.89677810668945,27.5831990114435,1,1,0,36.51785850524902,27.146702600755575,1,1,0
183,1748170445.9585438,35.4008674621582,27.85980594312734,1,1,0,36.12399101257324,27.5582976067281,1,1,0,36.8649959564209,27.078375045111216,1,1,0
184,1748170446.06911,35.96377372741699,27.802489801852566,1,1,0,36.457061767578125,27.570990373640694,1,1,0,34.336090087890625,27.109131228459635,1,1,0
185,1748170446.178912,33.88786315917969,27.81145544687727,1,1,0,35.10403633117676,27.577782360835112,1,1,0,36.55505180358887,27.030455069905248,1,1,0
186,1748170446.286589,34.93309020996094,27.766887154166554,2,2,0,35.0039005279541,27.557724232482556,2,2,0,35.23993492126465,26.974849094783075,1,2,0
187,1748170446.3939788,33.98919105529785,27.74891499947073,2,1,0,34.783124923706055,27.572754518376232,2,1,0,34.38115119934082,26.9383398219441,1,1,0
188,1748170446.499403,33.04409980773926,27.742815270538987,1,1,0,33.96892547607422,27.59391162167283,1,1,0,32.72390365600586,26.979383558691985,1,1,0
189,1748170446.6013691,34.70802307128906,27.672723713972484,1,1,0,33.6461067199707,27.63157149266209,1,1,0,35.14599800109863,26.938708923962,1,1,0
190,1748170446.707197,33.039093017578125,27.666511435849877,2,1,0,33.277034759521484,27.661712672749516,2,1,0,33.361196517944336,26.943104322125553,0,1,0
191,1748170446.8092642,31.968116760253906,27.706651382358647,1,0,0,31.878948211669922,27.70726147597964,1,0,0,32.78803825378418,26.937226809910435,0,0,0
192,1748170446.908407,32.242774963378906,27.738827730380148,1,1,0,32.60493278503418,27.775602991742314,1,1,0,33.087968826293945,28.44649577549741,0,1,0
193,1748170447.010158,32.52005577087402,27.788367892914547,2,2,0,34.126996994018555,27.844510457199306,2,2,0,32.96780586242676,28.52062529579334,1,2,0
194,1748170447.11217,34.323930740356445,27.78493782185144,2,2,0,36.228179931640625,27.816503085414038,2,2,0,36.64112091064453,28.43558018096482,1,2,0
195,1748170447.221589,36.03792190551758,27.73186451645322,2,0,0,35.340070724487305,27.866580532057647,2,0,0,35.70103645324707,28.444438014404742,0,0,0
196,1748170447.330814,33.76603126525879,27.769601838990358,2,2,1,33.718109130859375,27.921602391204736,2,2,1,34.27600860595703,28.42950245198548,1,2,0
197,1748170447.435128,32.31000900268555,27.81267261472559,2,2,0,34.37495231628418,27.95607512889478,2,2,0,33.000946044921875,28.449962490012034,1,2,0
198,1748170447.53698,32.277822494506836,27.844732278871493,2,2,0,35.09092330932617,27.995889250041774,2,2,0,33.93673896789551,28.563971098498154,1,2,0
199,1748170447.640531,33.7369441986084,27.91751993599537,2,2,0,33.94293785095215,28.121802248463663,2,2,0,32.166242599487305,28.726824096455957,1,2,0
200,1748170447.742645,33.51402282714844,27.997533761149977,2,2,0,33.55121612548828,28.38571180100852,2,2,0,34.303903579711914,28.91904128674201,1,2,0
201,1748170447.846275,35.02607345581055,29.307610715438646,2,2,0,34.28816795349121,28.640937821438907,2,2,0,35.96687316894531,28.825517462090502,1,2,0
202,1748170447.953774,36.14187240600586,29.2396635103039,2,1,0,38.11979293823242,28.531412209343983,2,1,0,37.316083908081055,28.75574267600989,1,1,0
203,1748170448.06777,35.676002502441406,29.173863578136906,1,1,0,37.64986991882324,28.47181128417524,1,1,0,36.76176071166992,28.73492593334355,1,1,0
204,1748170448.1799822,35.98594665527344,29.129477881188958,1,1,0,35.98523139953613,28.48207775980769,1,1,0,35.9189510345459,28.693991254234692,1,1,0
205,1748170448.29161,34.45792198181152,29.137005552580007,1,1,0,33.16617012023926,28.595421609863276,1,1,0,34.95192527770996,28.731067970697442,1,1,0
206,1748170448.396533,34.57808494567871,29.09598110540066,1,1,0,34.269094467163086,28.578509573629187,1,1,0,36.79490089416504,28.622799904006154,1,1,0
207,1748170448.5044448,38.16103935241699,28.967454838033895,1,1,0,36.44585609436035,28.5413785970146,1,1,0,36.914825439453125,28.536983468028623,1,1,0
208,1748170448.618443,33.85496139526367,29.02311162777824,1,1,0,34.52301025390625,28.62992463517239,1,1,0,34.31391716003418,28.573207576732987,1,1,0
209,1748170448.723259,33.2341194152832,29.09113776436638,2,2,0,35.45117378234863,28.675675004312893,2,2,0,33.96201133728027,28.61722112399169,1,2,0
210,1748170448.828059,33.0202579498291,29.139907037882146,2,1,0,32.7610969543457,28.76639253472258,2,1,0,33.357858657836914,28.706632047210338,0,1,0
211,1748170448.929721,34.13891792297363,29.205438474575562,3,2,1,34.91806983947754,28.796095988268192,3,2,1,33.498287200927734,28.770825725957966,1,2,0
212,1748170449.034633,33.32209587097168,29.29610624249141,2,2,0,32.97686576843262,28.876951152791193,2,2,0,32.980918884277344,28.868583589507576,1,2,0
213,1748170449.13605,32.9442024230957,29.366488781470068,2,1,0,33.88500213623047,28.93937362365672,2,1,0,32.69815444946289,28.984750362686235,1,1,0
214,1748170449.2376761,33.81776809692383,29.428246543215135,2,2,1,33.65921974182129,29.01766347023518,2,2,1,32.65690803527832,29.031991018316376,1,2,0
215,1748170449.340136,32.86004066467285,29.458326348939977,2,1,0,32.97901153564453,29.07754466691501,2,1,0,33.196210861206055,29.126591956578554,1,1,0
216,1748170449.4415302,32.209157943725586,29.537081702773143,1,1,0,32.85503387451172,29.138037875314353,1,1,0,32.6230525970459,29.200612838891224,1,1,0
217,1748170449.54302,35.11619567871094,29.504280999583802,1,1,0,34.31296348571777,29.151343165117115,1,1,0,32.89389610290527,29.2428301345254,1,1,0
218,1748170449.6475341,31.693696975708008,29.543385621007108,1,1,0,33.51593017578125,29.164065762959822,1,1,0,32.98473358154297,29.235369956758863,1,1,0
219,1748170449.747661,33.25700759887695,29.585710164289658,1,1,0,32.50622749328613,29.196574628247483,1,1,0,32.51194953918457,29.310518969626607,1,1,0
220,1748170449.847889,33.807992935180664,29.562771932767543,1,1,0,33.07700157165527,29.202171507504477,1,1,0,33.617258071899414,29.30304469217149,1,1,0
221,1748170449.950537,32.17601776123047,29.55668884784482,1,1,0,32.51791000366211,29.183133269491645,1,1,0,33.65898132324219,29.27833506721173,1,1,0
222,1748170450.050905,32.51910209655762,29.548422366689493,1,1,0,33.01095962524414,29.171557219819643,1,1,0,32.299041748046875,29.300124275496213,1,1,0
223,1748170450.150707,32.1500301361084,29.55925093801887,1,1,0,33.42723846435547,29.191399763274955,1,1,0,33.380746841430664,29.288284813628334,1,1,0
224,1748170450.2516868,31.902790069580078,29.629984067561452,3,3,2,33.859968185424805,29.258503464632838,3,3,2,32.92703628540039,29.39477366006154,1,3,0
225,1748170450.35263,31.842947006225586,29.752970352280656,3,3,0,34.104108810424805,29.29313265274766,3,3,0,32.740116119384766,29.480018321175837,2,3,1
226,1748170450.453604,33.21480751037598,29.76858976618612,3,3,0,34.5611572265625,29.268834602363945,3,3,0,32.8669548034668,29.520748424125774,2,3,0
227,1748170450.556625,32.60207176208496,29.759901687336498,4,4,1,34.98101234436035,29.25154528883633,4,4,1,32.707929611206055,29.52924196875506,2,4,0
228,1748170450.659231,32.4251651763916,29.7554680754914,4,2,0,32.83500671386719,29.315975209736617,4,2,0,33.60795974731445,29.53884292282357,1,2,0
229,1748170450.761931,33.41388702392578,29.76491396311377,5,5,1,34.713029861450195,29.29393737204329,5,5,1,33.59103202819824,29.497405977679524,1,5,0
230,1748170450.86627,31.666994094848633,29.819256079836446,5,3,0,38.143157958984375,29.16311946278113,5,3,0,32.354116439819336,29.553974488937907,1,3,0
231,1748170450.9708228,33.129215240478516,29.87552765707792,3,2,0,34.644126892089844,29.15306543742415,3,2,0,33.11586380004883,29.637032724148263,1,2,0
232,1748170451.074212,32.55295753479004,29.98235786933386,4,4,1,33.70976448059082,29.27853944602838,4,4,1,33.22100639343262,29.757424331824915,1,4,0
233,1748170451.175977,32.9129695892334,30.065344734812392,5,4,0,34.857988357543945,29.35839683320007,5,4,0,33.33091735839844,29.85922190827462,1,4,0
234,1748170451.2795892,31.476259231567383,30.20178427715269,4,3,0,34.626007080078125,29.3974863256226,4,3,0,33.10799598693848,29.942788718036095,1,3,0
235,1748170451.381276,31.670093536376953,30.286604311881757,3,3,0,33.827781677246094,29.378398425981118,3,3,0,32.1500301361084,30.026580976287118,2,3,1
236,1748170451.4811149,33.059120178222656,30.332834251103044,4,4,0,33.789873123168945,29.39207522629931,4,4,0,32.476186752319336,30.156899418619417,2,4,0
237,1748170451.582824,32.15622901916504,30.51778243819457,4,3,0,34.7592830657959,29.440605858822146,4,3,0,33.03885459899902,30.274733761893557,2,3,0
238,1748170451.6851819,32.84811973571777,30.549019465030316,4,3,1,33.58578681945801,29.46761899832813,4,3,1,32.334089279174805,30.335298644340426,2,3,0
239,1748170451.786329,33.88476371765137,30.52848147946865,3,3,0,33.512115478515625,29.523768407023997,3,3,0,32.997846603393555,30.364895300346216,2,3,0
240,1748170451.889123,32.370805740356445,30.5485299676547,4,4,0,34.28912162780762,29.479376006529883,4,4,0,33.60486030578613,30.35724720110882,2,4,0
241,1748170451.9935,33.41412544250488,30.57109280455477,4,3,0,34.739017486572266,29.48457057858397,4,3,0,33.19406509399414,30.366536773981178,2,3,0
242,1748170452.0973692,33.43486785888672,30.56758744181538,3,3,0,34.974098205566406,29.426897630724113,3,3,0,32.49096870422363,30.38152342324875,2,3,0
243,1748170452.200555,33.25486183166504,30.557751469978253,3,2,0,33.57076644897461,29.43586746819124,3,2,0,32.4249267578125,30.389917712618,2,2,0
244,1748170452.301999,32.701969146728516,30.592469138053644,2,2,0,32.401084899902344,29.472132911512478,2,2,0,33.08582305908203,30.376558007488576,2,2,0
245,1748170452.402246,32.45902061462402,30.604605097381842,2,2,0,32.84811973571777,29.475805799861558,2,2,0,32.88602828979492,30.386020835446338,2,2,0
246,1748170452.502496,32.7610969543457,30.587315570542625,3,3,1,34.42502021789551,29.430290794263218,3,3,1,32.411813735961914,30.392428094944457,2,3,0
247,1748170452.604346,31.505107879638672,30.700250205251262,3,2,0,33.60700607299805,29.45059728981458,3,2,0,33.59389305114746,30.370919791778046,2,2,0
248,1748170452.7052748,32.1650505065918,30.685703332554578,2,2,0,34.00111198425293,29.436576752264077,2,2,0,32.54818916320801,30.384421276922506,2,2,0
249,1748170452.8062122,32.118797302246094,30.72126755229891,2,2,0,33.6909294128418,29.40232916304772,2,2,0,32.5620174407959,30.38303463999245,2,2,0
250,1748170452.9066958,32.60993957519531,30.759042055577865,2,2,0,33.30397605895996,29.39576252318936,2,2,0,32.92393684387207,30.404354403732928,2,2,0
251,1748170453.007829,34.33513641357422,30.69097994011034,3,3,0,33.16998481750488,29.376964917826573,3,3,0,33.80703926086426,30.399484343056827,2,3,0
252,1748170453.1117618,32.688140869140625,30.685733265635495,3,2,0,33.25319290161133,29.369950290375446,3,2,0,79.48493957519531,29.012250804281106,2,2,0
253,1748170453.261322,33.323049545288086,30.64912390097899,3,3,1,34.542083740234375,29.33797782674081,3,3,1,32.49526023864746,29.037210026826664,2,3,0
254,1748170453.364345,32.62805938720703,30.62640850701117,3,3,0,35.874128341674805,29.280474373530062,3,3,0,43.80917549133301,28.7347618832305,2,3,0
255,1748170453.478776,36.4527702331543,30.48307151737617,3,3,0,35.3999137878418,29.243536942563694,3,3,0,32.9129695892334,28.73000524463829,2,3,0
256,1748170453.585567,33.13422203063965,30.485796736836416,3,2,0,33.57386589050293,29.271810070382646,3,2,0,32.85622596740723,28.730280758660076,2,2,0
257,1748170453.687275,32.42897987365723,30.491196916885404,2,2,0,34.25717353820801,29.29264847854321,2,2,0,33.245086669921875,28.71544987814733,2,2,0
258,1748170453.789268,32.89508819580078,30.47655217029786,2,2,0,33.071279525756836,29.28604893920827,2,2,0,33.07008743286133,28.730195479945806,2,2,0
259,1748170453.890454,32.78183937072754,30.496222058062227,2,2,0,32.57918357849121,29.347215225300868,2,2,0,33.987998962402344,28.719388861373144,2,2,0
260,1748170453.991918,32.00697898864746,30.48550129654535,3,3,0,33.149003982543945,29.4912806402205,3,3,0,85.96086502075195,27.31774078554414,2,3,0
261,1748170454.145769,32.8679084777832,30.493524533730323,3,3,0,34.605979919433594,29.492379695187804,3,3,0,33.354997634887695,27.31184690846311,2,3,0
262,1748170454.2487402,31.755924224853516,30.518122914946176,3,3,0,35.48383712768555,29.440950278068364,3,3,0,32.86886215209961,27.32035055752751,2,3,0
263,1748170454.350976,32.224178314208984,30.53950674334888,3,3,0,33.67805480957031,29.475115337450617,3,3,0,33.07986259460449,27.326372729292412,2,3,0
264,1748170454.4522371,32.39178657531738,30.511240838743703,3,3,0,34.57212448120117,29.47665511299268,3,3,0,32.885074615478516,27.331958218281848,2,3,0
265,1748170454.555679,36.24081611633301,30.370589922000885,3,3,0,34.71493721008301,29.45099019494946,3,3,0,32.549142837524414,27.322070907165106,2,3,0
266,1748170454.661665,32.79471397399902,30.378780142090537,3,3,0,34.3470573425293,29.434917218833522,3,3,0,33.01715850830078,27.30864606939826,2,3,0
267,1748170454.7638268,33.40578079223633,30.34041152620595,3,3,0,33.71095657348633,29.465341860537542,3,3,0,33.65588188171387,27.293369441320362,2,3,0
268,1748170454.866865,32.8521728515625,30.340250579478003,3,2,0,33.483028411865234,29.468322912126734,3,2,0,33.03122520446777,27.27606396469239,2,2,0
269,1748170454.96824,32.2270393371582,30.3910113662163,2,2,0,33.07700157165527,29.48100602088684,2,2,0,32.32312202453613,27.292718239701713,2,2,0
270,1748170455.0678751,31.801939010620117,30.408513186579754,2,2,0,34.08312797546387,29.48717546128665,2,2,0,34.442901611328125,27.271973023900586,2,2,0
271,1748170455.170233,34.97171401977539,30.36060925287237,2,2,0,32.855987548828125,29.541845801896628,2,2,0,32.78684616088867,27.282090287156688,2,2,0
272,1748170455.272903,32.36103057861328,30.393602685225826,3,3,1,33.492088317871094,29.585000631298435,3,3,1,32.99713134765625,27.269561599126188,2,3,0
273,1748170455.374033,32.81712532043457,30.40714639392597,3,3,0,34.07406806945801,29.570448802791482,3,3,0,32.96208381652832,27.256430368247067,2,3,0
274,1748170455.476324,45.50886154174805,30.01761277795948,3,2,0,35.70079803466797,29.47468726700065,3,2,0,32.66096115112305,27.266961520875636,2,2,0
275,1748170455.5923479,36.32616996765137,29.902115809900774,3,3,1,40.12107849121094,29.2655466308801,3,3,1,39.44706916809082,27.105644898273955,2,3,0
276,1748170455.711595,40.58098793029785,29.671115911049696,3,2,0,37.15991973876953,29.18784480021044,3,2,0,37.9328727722168,26.9712700271065,1,2,0
277,1748170455.832041,32.84096717834473,29.632314638366896,2,2,0,34.94119644165039,29.150127566001768,2,2,0,33.42700004577637,26.975294376416787,2,2,1
278,1748170455.9355159,32.64307975769043,29.618092702006667,3,3,1,33.773183822631836,29.156591664905626,3,3,1,32.791852951049805,26.969333447930044,2,3,0
279,1748170456.0367382,32.89484977722168,29.595285230878,3,2,0,33.83016586303711,29.152619653307756,3,2,0,32.19008445739746,26.978284505291384,2,2,0
280,1748170456.137666,32.21297264099121,29.60705378930821,2,2,0,34.951210021972656,29.10600925440167,2,2,0,32.27806091308594,26.993934206249858,2,2,0
281,1748170456.23919,32.972097396850586,29.646843612807583,3,3,0,33.421993255615234,29.09886096692239,3,3,0,33.12873840332031,27.010489150220845,2,3,0
282,1748170456.34099,32.03392028808594,29.666254075808265,3,2,0,33.555030822753906,29.090505558283603,3,2,0,33.6911678314209,28.17188214698871,2,2,0
283,1748170456.442414,32.196044921875,29.699205812710773,3,3,1,33.19072723388672,29.128668685756114,3,3,1,34.02900695800781,28.13130208843347,2,3,0
284,1748170456.543957,31.963109970092773,29.718804248474843,3,3,0,34.159183502197266,29.17711744851593,3,3,0,33.251047134399414,28.412401107420763,2,3,0
285,1748170456.645327,32.84502029418945,29.825256857391945,3,3,0,34.2559814453125,29.20954016299237,3,3,0,32.939910888671875,28.41167616739772,2,3,0
286,1748170456.747467,33.0660343170166,29.82727179417403,3,3,0,33.70523452758789,29.205811307739214,3,3,0,33.232927322387695,28.401486015505245,2,3,0
287,1748170456.849487,33.34331512451172,29.800209547880556,3,3,0,33.453941345214844,29.228490672276244,3,3,0,33.97727012634277,28.3818189979296,2,3,0
288,1748170456.952218,32.00936317443848,29.826805153011897,3,3,0,33.9808464050293,29.20248326119498,3,3,0,32.81903266906738,28.38860648486671,2,3,0
289,1748170457.0548139,31.869888305664062,29.853795335297026,3,2,0,33.46681594848633,29.17723246345168,3,2,0,32.086849212646484,28.43968700982276,2,2,0
290,1748170457.1545322,32.1810245513916,29.84883805059607,2,2,0,32.717227935791016,29.189557845743135,2,2,0,33.65206718444824,29.92327810936258,2,2,0
291,1748170457.255258,40.35305976867676,29.628449161294515,3,3,0,44.95882987976074,28.898485293546862,3,3,0,39.14380073547363,29.75166185343533,2,3,0
292,1748170457.381856,87.12100982666016,28.092557172872798,3,3,0,34.27886962890625,28.9321472825136,3,3,0,32.65690803527832,29.75795214288079,2,3,0
293,1748170457.538114,32.06300735473633,28.09679136551852,3,3,0,33.982038497924805,28.923687868401473,3,3,0,32.52100944519043,29.77448562163636,2,3,0
294,1748170457.638834,33.56790542602539,28.06561998844624,3,3,0,34.45792198181152,28.92695266916972,3,3,0,31.734943389892578,29.80847629838818,2,3,0
295,1748170457.740899,33.65492820739746,28.133258179618124,3,2,0,32.776832580566406,28.981132075471695,3,2,0,33.190011978149414,29.789746791300093,2,2,0
296,1748170457.8425531,32.02009201049805,28.153602547468005,2,2,0,33.05506706237793,29.017348958488274,2,2,0,32.695770263671875,29.79912977312196,2,2,0
297,1748170457.942529,32.239675521850586,28.184395282244623,2,2,0,33.402204513549805,29.025990473004928,2,2,0,31.693220138549805,29.85742936247073,2,2,0
298,1748170458.041953,32.36889839172363,28.197323935802963,2,2,0,33.804893493652344,29.01697422998863,2,2,0,32.51004219055176,29.87288917230175,2,2,0
299,1748170458.142708,32.4859619140625,28.190596019190263,2,2,0,32.38677978515625,29.036405949470346,2,2,0,32.321929931640625,29.873073567379887,2,2,0
300,1748170458.2419782,32.00101852416992,28.185506415310734,2,2,0,33.616065979003906,29.04931006540354,2,2,0,32.32693672180176,29.936177896796902,2,2,0
301,1748170458.343861,34.340858459472656,28.2022408196391,2,2,0,33.55288505554199,29.029686944139783,2,2,0,33.6451530456543,29.91057429274772,2,2,0
302,1748170458.447554,33.27488899230957,28.17802689729381,2,2,0,34.516096115112305,29.000863371167092,2,2,0,33.70499610900879,29.889394452263456,2,2,0
303,1748170458.551182,33.228158950805664,28.16736677042305,2,2,0,33.90192985534668,29.005670010767417,2,2,0,33.660173416137695,29.86838638373751,2,2,0
304,1748170458.654144,33.933162689208984,28.476882371751856,2,2,0,35.67695617675781,29.006345340902435,2,2,0,33.52999687194824,29.84256590467151,2,2,0
305,1748170458.759438,33.97703170776367,28.54039459191691,2,2,0,33.43009948730469,29.195213000325065,2,2,0,33.10513496398926,30.031661989526196,2,2,0
306,1748170458.862157,32.362937927246094,28.76512334135888,2,2,0,33.45489501953125,29.30069057248403,2,2,0,34.088134765625,30.147578736931482,2,2,0
307,1748170458.9641569,33.374786376953125,28.750236768983616,2,2,0,33.892154693603516,29.33065362617106,2,2,0,33.38813781738281,30.148842832693237,2,2,0
308,1748170459.066896,33.247947692871094,28.733685760935344,2,2,0,34.12485122680664,29.320613586423367,2,2,0,34.67988967895508,30.091768218824146,2,2,0
309,1748170459.171316,34.1949462890625,28.698087981933053,2,2,0,35.03012657165527,29.286260242000278,2,2,0,33.28394889831543,30.05871559545363,2,2,0
310,1748170459.276033,33.21480751037598,28.670356494212687,2,2,0,34.4390869140625,29.300874794295147,2,2,0,32.27114677429199,30.058837665852703,2,2,0
311,1748170459.3779478,36.05484962463379,28.586320135855832,2,2,0,32.746076583862305,29.320381291121755,2,2,0,34.71517562866211,30.0110834045872,2,2,0
312,1748170459.4835892,32.607316970825195,28.57054758517809,2,2,0,33.41197967529297,29.324364981946854,2,2,0,35.38918495178223,29.960220225706827,2,2,0
313,1748170459.5885482,33.53595733642578,28.534181390041383,2,2,0,32.782793045043945,29.336096847332563,2,2,0,34.32321548461914,29.951484112010718,2,2,0
314,1748170459.691697,31.63909912109375,28.542893579607398,2,2,0,34.091949462890625,29.338012028599106,2,2,0,32.334089279174805,29.979164775533516,2,2,0
315,1748170459.791959,32.61303901672363,28.549389109589992,2,2,0,33.71119499206543,29.35378758188231,2,2,0,32.074928283691406,30.005064865571217,2,2,0
316,1748170459.892378,32.517194747924805,28.56412023574247,2,2,0,32.9432487487793,29.37564127615794,2,2,0,32.79471397399902,30.018214310507833,2,2,0
317,1748170459.9926028,32.74703025817871,28.58039852025048,2,2,0,33.64086151123047,29.37022450417705,2,2,0,32.82475471496582,30.052972227018916,2,2,0
318,1748170460.094028,32.009124755859375,28.580112890304793,2,2,0,32.937049865722656,29.40025444727813,2,2,0,32.03606605529785,30.076713724954022,2,2,0
319,1748170460.193233,32.41896629333496,28.56511236226709,2,2,0,33.61701965332031,29.39596167728461,2,2,0,32.9129695892334,30.05179510756316,2,2,0
320,1748170460.294241,32.71985054016113,28.550328388931568,2,2,0,32.010793685913086,29.416248318542113,2,2,0,32.81998634338379,30.076986916431146,2,2,0
321,1748170460.393976,32.032012939453125,28.777919042068017,2,2,0,33.63204002380371,29.74656965256577,2,2,0,32.536983489990234,30.277305288952615,2,2,0
322,1748170460.494221,31.99911117553711,30.38424518902692,2,2,0,33.73408317565918,29.76259768766439,2,2,0,32.71293640136719,30.275556894408233,2,2,0
323,1748170460.594684,32.430171966552734,30.372979807366907,2,1,0,32.31310844421387,29.811866215027436,2,1,0,32.80806541442871,30.26673058572775,1,1,0
324,1748170460.6941938,33.32018852233887,30.380789877087686,1,1,0,32.85384178161621,29.85951950587999,1,1,0,33.00809860229492,30.22804883702997,1,1,0
325,1748170460.797004,33.634185791015625,30.381406053482564,1,1,0,32.360076904296875,29.871860856881856,1,1,0,33.90312194824219,30.206032846859888,1,1,0
326,1748170460.8990972,31.80384635925293,30.388192982676458,2,2,0,32.90700912475586,29.876265381350652,2,2,0,33.33783149719238,30.18658332171811,1,2,0
327,1748170460.9993331,31.666278839111328,30.405948714280672,2,2,0,33.622026443481445,29.86969098908466,2,2,0,33.61701965332031,30.128168322414602,1,2,0
328,1748170461.100356,32.655954360961914,30.396869991897653,2,1,0,33.451080322265625,29.880252560308875,2,1,0,32.08017349243164,30.141339268860804,1,1,0
329,1748170461.200625,32.006025314331055,30.41177634970573,3,3,2,33.43510627746582,29.848979664454607,3,3,2,32.158851623535156,30.146329192167123,1,3,0
330,1748170461.300268,32.776832580566406,30.387657255354465,3,2,0,32.39607810974121,29.885340951302442,3,2,0,32.53889083862305,30.139916973924468,1,2,0
331,1748170461.4001799,34.570932388305664,30.380584490510195,3,3,1,33.34617614746094,29.891567183804135,3,3,1,33.2791805267334,30.151031774900115,1,3,0
332,1748170461.5036201,34.09004211425781,30.355562792885703,3,1,0,33.28514099121094,29.92854489122849,3,1,0,33.006906509399414,30.17222965296538,1,1,0
333,1748170461.6079412,32.56511688232422,30.375597383281985,2,2,1,32.99212455749512,29.955705336452326,2,2,1,33.25009346008301,30.184888834727523,1,2,0
334,1748170461.709049,31.634092330932617,30.44634710239873,2,2,0,32.75799751281738,30.043450252827082,2,2,0,33.07390213012695,30.19901537513353,2,2,1
335,1748170461.808779,31.80694580078125,30.51367511087141,2,2,0,33.590078353881836,30.03855169386102,2,2,0,32.099008560180664,30.229820798829138,2,2,0
336,1748170461.908766,33.65921974182129,30.47349649430038,3,3,0,33.22601318359375,30.045408688945585,3,3,0,32.775163650512695,30.270087180770194,2,3,0
337,1748170462.012316,31.887054443359375,30.519470093111348,3,2,0,33.323049545288086,30.062557698151938,3,2,0,32.675981521606445,30.291729960446908,1,2,0
338,1748170462.1123562,32.2568416595459,30.550183938498115,3,3,1,33.674001693725586,30.076188923672206,3,3,1,32.79423713684082,30.349500470694306,1,3,0
339,1748170462.2131782,32.60302543640137,30.599819507709835,4,3,1,33.921003341674805,30.10967627384946,4,3,1,33.40435028076172,30.345914004919337,1,3,0
340,1748170462.315456,31.901121139526367,30.640943970731765,3,1,0,33.818721771240234,30.128543444858966,3,1,0,32.80997276306152,30.329478347642898,1,1,0
341,1748170462.415999,32.21607208251953,30.76140322655958,1,1,0,34.26098823547363,30.082588435610784,1,1,0,32.06491470336914,30.4109604932686,1,1,0
342,1748170462.5164878,33.447980880737305,30.734624458757356,1,1,0,32.466888427734375,30.111095716048684,1,1,0,32.70983695983887,30.49365755114079,1,1,0
343,1748170462.617013,33.019065856933594,30.750788325909312,1,1,0,32.182931900024414,30.12917828873786,1,1,0,33.746957778930664,30.51143319869864,1,1,0
344,1748170462.718208,31.86511993408203,30.74373332147522,2,2,1,32.160043716430664,30.187669631395014,2,2,1,32.26804733276367,30.513268138643678,1,2,0
345,1748170462.8166652,32.570838928222656,30.74495775990031,2,2,0,33.043861389160156,30.20779497639152,2,2,0,33.95509719848633,30.455086843470216,1,2,0
346,1748170462.9182248,32.256126403808594,30.753343652138465,2,2,0,32.84478187561035,30.210841117187094,2,2,0,33.605337142944336,30.430177815730115,2,2,1
347,1748170463.0190039,32.25827217102051,30.76866948476362,2,2,0,34.18707847595215,30.1942688318962,2,2,0,32.784223556518555,30.43132588688116,2,2,0
348,1748170463.120286,31.656980514526367,30.779748481488358,3,3,0,34.20901298522949,30.1556852360011,3,3,0,32.62805938720703,30.412849524830644,2,3,0
349,1748170463.222493,32.984018325805664,30.762072541596197,3,1,0,33.22291374206543,30.167542154058612,3,1,0,32.23395347595215,30.433732701773938,1,1,0
350,1748170463.323243,32.48190879821777,30.769572365243715,2,2,1,31.969070434570312,30.16896705750174,2,2,1,32.66716003417969,30.438451752551533,1,2,0
351,1748170463.422415,31.8758487701416,30.774463888850164,2,2,0,33.30206871032715,30.17892343738495,2,2,0,32.55319595336914,30.438017332592153,1,2,0
352,1748170463.522176,33.12397003173828,30.739016764766095,2,1,0,32.49192237854004,30.21652163451321,2,1,0,34.46197509765625,30.384318558735377,1,1,0
353,1748170463.6245382,31.10504150390625,30.780840254565668,3,3,0,33.058881759643555,30.193993505714417,3,3,0,32.943010330200195,30.380232405695192,1,3,0
354,1748170463.724143,31.654834747314453,30.83351793223097,3,3,0,34.21306610107422,30.15259962852351,3,3,0,32.67216682434082,30.391466466744507,1,3,0
355,1748170463.825053,32.26113319396973,30.877084150274268,3,3,0,33.63990783691406,30.113855725310316,3,3,0,33.02574157714844,30.418444492900704,1,3,0
356,1748170463.926068,33.14089775085449,30.834681527928822,3,3,0,33.97512435913086,30.08151686685292,3,3,0,32.53293037414551,30.443290114510926,1,3,0
357,1748170464.0278988,32.49812126159668,30.808250293137053,3,2,0,33.26582908630371,30.09222159777111,3,2,0,32.85789489746094,30.46685583383959,1,2,0
358,1748170464.1288362,32.510995864868164,30.812927757957535,3,2,1,32.96995162963867,30.10669371973279,3,2,1,32.6688289642334,30.44849104324621,1,2,0
359,1748170464.229353,32.412052154541016,30.799774121987344,2,2,0,32.8829288482666,30.123415176006432,2,2,0,32.87220001220703,30.426285321868484,2,2,1
360,1748170464.329602,32.23299980163574,30.81705566848718,2,2,0,33.789873123168945,30.081257975784695,2,2,0,32.29713439941406,30.433659093228794,2,2,0
361,1748170464.431531,35.04371643066406,30.802254653662537,2,2,0,32.800912857055664,30.097742402377794,2,2,0,32.321929931640625,30.463204704095943,2,2,0
362,1748170464.5339122,32.63998031616211,30.848159945751185,3,2,0,37.798166275024414,29.961903850261344,3,2,0,32.813072204589844,30.469231382050705,1,2,0
363,1748170464.639405,32.523155212402344,30.84976332331479,3,2,1,34.44504737854004,29.918575159205833,3,2,1,32.759904861450195,30.48437867566095,1,2,0
364,1748170464.741623,32.47475624084473,30.82310992485115,2,2,0,33.76889228820801,29.888386298514927,2,2,0,32.752275466918945,30.494078780596684,2,2,1
365,1748170464.842747,32.28116035461426,30.80785051122341,2,2,0,33.25295448303223,29.898570356939103,2,2,0,32.74679183959961,30.473880265366553,2,2,0
366,1748170464.9431171,32.737016677856445,30.836986311105537,2,2,0,34.0120792388916,29.875165901757665,2,2,0,33.47611427307129,30.451880706591187,2,2,0
367,1748170465.045262,33.000946044921875,30.80168160781839,2,2,0,34.47294235229492,29.841001818504353,2,2,0,32.469987869262695,30.458183064570203,2,2,0
368,1748170465.147143,33.09011459350586,30.775367109431006,2,1,0,32.05585479736328,29.88907495955932,2,1,0,32.64307975769043,30.46293920152309,1,1,0
369,1748170465.2470698,32.122135162353516,30.79049640509937,2,2,0,32.56988525390625,29.929306592842273,2,2,0,32.477378845214844,30.491758468107378,1,2,0
370,1748170465.346642,32.07802772521973,30.784936976434665,2,1,0,32.80186653137207,29.95973514866042,2,1,0,33.28418731689453,30.47706889105855,1,1,0
371,1748170465.446867,32.076120376586914,30.78936627734554,1,1,0,33.69903564453125,29.976650782083254,1,1,0,32.84811973571777,30.452868272211774,1,1,0
372,1748170465.547641,31.984806060791016,30.835920778355746,1,1,0,32.22393989562988,29.983872505099413,1,1,0,33.67328643798828,30.423335342549617,1,1,0
373,1748170465.6490371,31.701087951660156,30.877841858602398,1,1,0,32.99689292907715,29.95949261602748,1,1,0,35.7818603515625,30.360682508476344,1,1,0
374,1748170465.751829,31.5859317779541,30.88661124891228,2,2,0,33.403873443603516,29.922445558151562,2,2,0,33.54191780090332,30.321658100009397,1,2,0
375,1748170465.852381,32.18197822570801,30.899012098903068,2,2,0,32.58991241455078,29.936113797521205,2,2,0,32.486915588378906,30.36679327026804,1,2,0
376,1748170465.951692,32.408714294433594,30.894080905100026,2,2,0,33.238887786865234,29.9243740166244,2,2,0,32.738685607910156,30.39332371181333,1,2,0
377,1748170466.052053,31.837940216064453,30.907520211124673,2,1,0,33.20002555847168,29.953837012660543,2,1,0,32.9439640045166,30.388369116332985,1,1,0
378,1748170466.15204,31.89706802368164,30.899839176299757,2,2,1,32.71079063415527,29.998855634474396,2,2,1,31.9671630859375,30.408792438904673,1,2,0
379,1748170466.250656,31.679868698120117,30.941371310117923,2,1,0,32.546043395996094,30.019267050480817,2,1,0,33.46419334411621,30.37105174169533,1,1,0
380,1748170466.35043,31.772851943969727,30.9640154922053,1,1,0,33.23483467102051,29.981171987768224,1,1,0,32.50408172607422,30.376066688280662,1,1,0
381,1748170466.4502022,31.248092651367188,30.9840985923227,1,1,0,33.898115158081055,29.963409284983236,1,1,0,32.716989517211914,30.37111038647104,1,1,0
382,1748170466.550067,33.55908393859863,30.97018861599479,1,1,0,32.23133087158203,29.97121714052152,1,1,0,32.42301940917969,30.433688536604127,1,1,0
383,1748170466.650343,32.42015838623047,30.928237041290213,1,1,0,32.22012519836426,29.99659576902722,1,1,0,33.77795219421387,30.40795469731633,1,1,0
384,1748170466.750755,31.881093978881836,30.92093322255487,1,1,0,32.44590759277344,30.04966360762789,1,1,0,34.17015075683594,30.360872974701103,1,1,0
385,1748170466.8528252,32.011985778808594,30.92884521507779,1,1,0,33.09297561645508,30.066134968093785,1,1,0,33.20479393005371,30.355430977520225,1,1,0
386,1748170466.9532511,31.82697296142578,30.970798440791654,2,2,0,33.06913375854492,30.09352423869404,2,2,0,33.22100639343262,30.334099305032563,1,2,0
387,1748170467.053379,32.23609924316406,30.979208849041587,2,1,0,33.45775604248047,30.08780353433137,2,1,0,32.95421600341797,30.331057503825456,1,1,0
388,1748170467.154036,31.955957412719727,30.99694437902707,1,1,0,33.11800956726074,30.083451499509046,1,1,0,32.386064529418945,30.339797011522357,1,1,0
389,1748170467.253674,32.685041427612305,30.988432759457595,1,1,0,32.586097717285156,30.092415907216278,1,1,0,32.35912322998047,30.355643347283724,1,1,0
390,1748170467.353288,32.95707702636719,30.96519657857163,1,1,0,32.42301940917969,30.133882738310916,1,1,0,33.90693664550781,30.306270573327932,1,1,0
391,1748170467.4545972,33.53595733642578,31.01326311202514,2,2,0,34.07716751098633,30.09517969098112,2,2,0,33.71906280517578,30.263855136545466,1,2,0
392,1748170467.5584059,32.56583213806152,31.015655830542855,2,2,0,33.570051193237305,30.223307682293477,2,2,0,32.64188766479492,30.269016775690897,1,2,0
393,1748170467.659163,32.22298622131348,31.02516919967917,2,2,0,32.846927642822266,30.272104408335363,2,2,0,33.25200080871582,30.253784454403814,1,2,0
394,1748170467.75948,31.787872314453125,31.047254434313242,3,3,1,33.51593017578125,30.279622222794412,3,3,1,32.26804733276367,30.268616303455165,1,3,0
395,1748170467.859465,32.71484375,31.0334178210457,3,3,0,33.59508514404297,30.269082308520197,3,3,0,33.24007987976074,30.253500767823493,1,3,0
396,1748170467.96117,32.28330612182617,31.04799753450083,3,2,0,33.14089775085449,30.295675631035913,3,2,0,32.76968002319336,30.275119827322577,1,2,0
397,1748170468.0630798,32.778024673461914,31.05526187126106,4,4,2,33.68997573852539,30.319648874661606,4,4,2,33.98776054382324,30.22888395707819,1,4,0
398,1748170468.166006,31.82196617126465,31.096337041870747,4,3,0,33.63990783691406,30.27112853182677,4,3,0,34.00301933288574,30.187488574352713,1,3,0
399,1748170468.2676108,31.643152236938477,31.111922108633117,4,3,1,34.049034118652344,30.22610282327659,4,3,1,31.916141510009766,30.204205670403393,1,3,0
400,1748170468.367393,32.11188316345215,31.110760571069285,3,2,0,34.448862075805664,30.17599951652833,3,2,0,33.76603126525879,30.189610699332356,1,2,0
401,1748170468.4699168,34.956932067871094,31.018117734584322,3,3,1,33.933162689208984,30.16889472413478,3,3,1,33.736228942871094,30.162682582229426,1,3,0
402,1748170468.575028,32.975196838378906,30.98623500205747,3,2,0,33.13422203063965,30.141245407697753,3,2,0,32.64784812927246,30.193595016186308,1,2,0
403,1748170468.675997,32.350778579711914,30.96538708481101,3,3,1,32.96709060668945,30.14219126615336,3,3,1,32.51504898071289,30.293472930330786,1,3,0
404,1748170468.7760031,37.08076477050781,30.790940944749906,3,3,0,35.30383110046387,30.08478934642412,3,3,0,32.018184661865234,30.34011889706157,1,3,0
405,1748170468.882473,32.83095359802246,30.77041510150053,4,3,1,36.08393669128418,29.97972905359364,4,3,1,32.68003463745117,30.334099305032563,1,3,0
406,1748170468.986262,33.128976821899414,30.74774503555943,3,3,0,34.277915954589844,29.94856845412848,3,3,0,32.784223556518555,30.33279769041961,1,3,0
407,1748170469.088546,32.19795227050781,30.736501359005967,3,2,0,34.17086601257324,29.91964937910884,3,2,0,32.75418281555176,30.338685095844927,1,2,0
408,1748170469.189883,32.285213470458984,30.7245456725287,3,3,1,34.16013717651367,29.876414349326893,3,3,1,31.949996948242188,30.339116685015416,1,3,0
409,1748170469.292004,32.46021270751953,30.700010515613975,3,3,0,33.978939056396484,29.83393362798392,3,3,0,33.621788024902344,30.334267499340058,1,3,0
410,1748170469.394708,31.937122344970703,30.694992873237798,3,2,0,33.281803131103516,29.83250483124945,3,2,0,32.44590759277344,30.33598611328761,2,2,1
411,1748170469.494486,31.599760055541992,30.68397479619265,2,1,0,33.20193290710449,29.853200374193726,2,1,0,35.485029220581055,30.25121692098975,1,1,0
412,1748170469.596864,32.439231872558594,30.719287516524886,5,5,1,33.68997573852539,29.810015789966208,5,5,1,32.4099063873291,30.251667844317378,1,5,0
413,1748170469.697804,32.74083137512207,30.709098869688347,5,3,0,34.57188606262207,29.740192793808475,5,3,0,34.52301025390625,30.22902920005785,1,3,0
414,1748170469.802042,32.26208686828613,30.697246864872618,4,4,1,34.037113189697266,29.693325715855327,4,4,1,33.54811668395996,30.24808264806111,2,4,1
415,1748170469.9042292,32.08613395690918,30.69497789765618,4,3,0,34.55710411071777,29.650371533559138,4,3,0,36.68570518493652,30.142443986476888,2,3,0
416,1748170470.009943,31.80408477783203,30.695696742057006,4,4,1,35.39013862609863,29.582482759496237,4,4,1,33.509016036987305,30.133990986801113,2,4,0
417,1748170470.112892,31.620264053344727,30.71521574520375,4,3,0,34.902095794677734,29.54038936397686,4,3,0,33.20813179016113,30.12621350855166,2,3,0
418,1748170470.214995,33.08606147766113,30.67987497796461,4,4,1,34.9271297454834,29.487749011873458,4,4,1,33.26416015625,30.099758324735678,2,4,0
419,1748170470.318708,33.55288505554199,30.65278986674969,5,5,0,35.630226135253906,29.39975298707598,5,5,0,33.737897872924805,30.058133979521244,2,5,0
420,1748170470.424159,32.10711479187012,30.679725370284178,6,5,1,36.10396385192871,29.293910092699125,6,5,1,32.76395797729492,30.09256703851962,2,5,0
421,1748170470.5290911,33.54692459106445,30.67929151626199,5,2,0,34.996986389160156,29.26767726106774,5,2,0,33.371925354003906,30.102905143247575,1,2,0
422,1748170470.6336331,32.97591209411621,30.666348863292395,4,4,2,35.362958908081055,29.216566556909314,4,4,2,33.104896545410156,30.088933111138054,1,4,0
423,1748170470.737379,33.470869064331055,30.627347786517888,4,3,0,35.20393371582031,29.149573826682644,4,3,0,33.38503837585449,30.085220935328636,2,3,0
424,1748170470.841861,32.56106376647949,30.603376926161996,5,5,2,35.93707084655762,29.081240839102396,5,5,2,33.40601921081543,30.05089797478028,2,5,0
425,1748170470.946128,32.84192085266113,30.599559059774975,5,4,0,34.81864929199219,29.046808787650253,5,4,0,33.985137939453125,30.028580210733715,2,4,0
426,1748170471.0501518,32.4552059173584,30.594194818523345,4,4,0,36.025047302246094,28.96600780796252,4,4,0,32.99093246459961,30.022060391933426,2,4,0
427,1748170471.153792,31.69107437133789,30.628085832263142,4,4,0,35.62593460083008,28.911991173084154,4,4,0,33.45203399658203,30.038286370978174,2,4,0
428,1748170471.256874,31.75806999206543,30.62986026960697,4,3,0,35.90798377990723,28.84891276461548,4,3,0,32.32407569885254,30.088774821380273,3,3,1
429,1748170471.358998,33.01191329956055,30.586884326172278,4,4,1,33.678293228149414,28.85909562122143,4,4,1,33.354997634887695,30.04562391727665,3,4,0
430,1748170471.46125,31.982898712158203,30.59090726754893,4,4,0,34.507036209106445,28.85734834363212,5,4,1,32.66406059265137,30.07874840168928,3,4,0
431,1748170471.562551,32.739877700805664,30.66037843889994,4,2,0,33.555030822753906,28.86774246389041,4,2,0,33.6918830871582,30.080085830323032,2,2,0
432,1748170471.664673,31.935930252075195,30.693218368542684,3,3,1,33.4019660949707,28.860359882007256,3,3,1,33.83684158325195,30.044389983350474,2,3,0
433,1748170471.7677062,32.60993957519531,30.68520196213035,3,3,0,34.24406051635742,28.824890144856223,3,3,0,34.607648849487305,29.981372009406922,2,3,0
434,1748170471.8714921,32.000064849853516,30.845475417825146,3,3,0,34.750938415527344,28.840098721244505,3,3,0,32.980918884277344,29.95258208631203,2,3,0
435,1748170471.9733372,32.66024589538574,30.851503025223973,3,3,0,34.465789794921875,28.885051703295666,4,3,1,32.59587287902832,29.95515622474309,2,3,0
436,1748170472.0753431,33.93101692199707,30.826130393263135,3,3,0,33.924102783203125,28.89490178121793,4,3,1,33.23221206665039,29.94174133514497,2,3,0
437,1748170472.178684,32.93800354003906,30.802548724939857,3,3,0,34.062862396240234,28.897921163218935,3,3,0,33.85305404663086,29.90899596060532,2,3,0
438,1748170472.2816708,32.5469970703125,30.794166125201443,3,3,0,35.117149353027344,28.871299368993757,3,3,0,32.83190727233887,29.88280718436821,2,3,0
439,1748170472.384176,31.148910522460938,30.835603399855515,3,2,0,34.45100784301758,28.858082968658152,3,2,0,32.85503387451172,29.905598135159135,2,2,0
440,1748170472.4845362,32.50694274902344,30.817516070750244,2,2,0,33.184051513671875,28.860862969462502,2,2,0,31.723976135253906,29.927199550387236,2,2,0
441,1748170472.58393,31.8450927734375,30.809691102712097,3,3,0,34.28506851196289,28.830880487912736,3,3,0,32.814741134643555,30.00711132732853,2,3,0
442,1748170472.6852322,32.354116439819336,30.812346769762108,3,3,0,34.04974937438965,28.820908967847846,3,3,0,32.50694274902344,30.004084666334265,2,3,0
443,1748170472.786239,33.830881118774414,30.778016862352107,3,2,0,32.99999237060547,28.864530742213372,3,2,0,33.91289710998535,30.022275285885257,2,2,0
444,1748170472.8889759,32.07707405090332,30.78385997514864,2,2,0,32.66596794128418,28.902660542619493,2,2,0,33.92386436462402,30.010832882162,2,2,0
445,1748170472.991219,31.71706199645996,30.795680987504937,2,2,0,33.47373008728027,28.932952248683026,2,2,0,32.89008140563965,30.12531192712607,2,2,0
446,1748170473.0916312,31.660795211791992,30.800196311930353,2,2,0,33.87761116027832,28.97525261701347,2,2,0,32.35793113708496,30.160347362958575,2,2,0
447,1748170473.19172,31.891822814941406,30.79146084638813,2,2,0,32.9289436340332,29.03070497832891,2,2,0,32.36031532287598,30.18613433655412,2,2,0
448,1748170473.2910268,32.656192779541016,30.804991995738238,2,2,0,33.902645111083984,29.059540951652924,2,2,0,32.38201141357422,30.21298103577729,2,2,0
449,1748170473.392076,32.20415115356445,30.84743394280915,2,1,0,32.196998596191406,29.156834884451648,2,1,0,32.57918357849121,30.24826443269143,1,1,0
450,1748170473.491304,32.5162410736084,30.83421305676201,2,2,1,33.01501274108887,29.24475354795285,2,2,1,33.04290771484375,30.239817391849783,1,2,0
451,1748170473.59216,33.036231994628906,30.850512127476783,2,2,0,32.79900550842285,29.30752880114296,2,2,0,33.319950103759766,30.241241863131165,1,2,0
452,1748170473.6933692,32.87982940673828,30.85346231574962,2,2,0,34.25884246826172,29.339291235364644,2,2,0,32.71889686584473,30.25313707486207,1,2,0
453,1748170473.7952461,32.202959060668945,30.893587872285316,2,1,0,33.36501121520996,29.391979108026728,2,1,0,32.1500301361084,30.29058510611408,1,1,0
454,1748170473.8948731,32.652854919433594,30.8903494171471,1,1,0,32.74130821228027,29.484245864198126,1,1,0,32.2718620300293,30.325428856089736,1,1,0
455,1748170473.994433,32.829999923706055,30.890584504616683,2,2,0,32.80305862426758,29.542691988927572,2,2,0,32.511234283447266,30.370589922000885,1,2,0
456,1748170474.0947058,33.25510025024414,30.865351995763252,2,1,0,32.71889686584473,29.639189864329623,2,1,0,32.26613998413086,30.392919943575972,1,1,0
457,1748170474.196534,33.567190170288086,30.80599505553344,1,1,0,32.97591209411621,29.716958339522936,1,1,0,32.96089172363281,30.40792530371285,1,1,0
458,1748170474.297972,32.63998031616211,30.778212600834635,1,1,0,31.423091888427734,29.849588619358503,1,1,0,33.48112106323242,30.372532591623322,1,1,0
459,1748170474.397509,31.534910202026367,30.82520153619984,2,2,1,32.694101333618164,29.879003791950634,2,2,1,32.669782638549805,30.393551295001878,1,2,0
460,1748170474.496274,31.792163848876953,30.83119100427616,2,1,0,32.85098075866699,29.92848082463614,2,1,0,34.728050231933594,30.330180174534135,1,1,0
461,1748170474.597558,34.61718559265137,30.77176959577257,2,2,1,33.188819885253906,29.939525684928245,2,2,1,32.71222114562988,30.36023565479087,1,2,0
462,1748170474.7000608,32.71484375,30.746926080041288,2,1,0,32.67407417297363,29.96131884061767,2,1,0,33.98919105529785,30.355504208137496,1,1,0
463,1748170474.801326,31.913042068481445,30.768985486904324,1,1,0,32.4857234954834,30.014025566604268,1,1,0,33.468008041381836,30.390497559420446,1,1,0
464,1748170474.9012952,33.357858657836914,30.72603868680246,1,1,0,32.92417526245117,30.069131047891336,1,1,0,32.46593475341797,30.40633078588216,1,1,0
465,1748170475.0019178,33.04314613342285,30.713236489425423,2,2,1,32.441139221191406,30.13031818920861,2,2,1,33.847808837890625,30.367702034840928,1,2,0
466,1748170475.103149,32.59682655334473,30.755057461740446,2,1,0,33.7522029876709,30.135650894376237,2,1,0,32.91964530944824,30.377269348534227,1,1,0
467,1748170475.204459,32.41586685180664,30.771558888831557,2,2,0,34.143924713134766,30.133168317780108,2,2,0,32.3481559753418,30.423570731367636,1,2,0
468,1748170475.305363,33.18929672241211,30.751118991264356,2,1,0,32.88722038269043,30.200827426373717,2,1,0,32.032012939453125,30.44815948626629,1,1,0
469,1748170475.407052,32.199859619140625,30.718725052915286,1,1,0,32.47570991516113,30.26095840105201,1,1,0,33.16092491149902,30.438805188107228,1,1,0
470,1748170475.5071669,31.944990158081055,30.73640375454283,1,1,0,32.45210647583008,30.283287782534487,1,1,0,33.78915786743164,30.37515742301571,1,1,0
471,1748170475.6072052,31.22425079345703,30.75604223699648,1,1,0,33.10394287109375,30.31934203459316,1,1,0,32.39607810974121,30.388038867401878,1,1,0
472,1748170475.705892,31.73995018005371,30.775224095972995,1,1,0,33.12110900878906,30.347926712970715,1,1,0,33.10394287109375,30.369739624062326,1,1,0
473,1748170475.80571,32.42182731628418,30.819614471677376,1,1,0,34.03782844543457,30.316237454680724,1,1,0,32.13310241699219,30.424549105173973,1,1,0
474,1748170475.906566,32.10115432739258,30.818738845181965,1,1,0,32.83190727233887,30.311234940332245,1,1,0,32.209157943725586,30.477799711763208,1,1,0
475,1748170476.005832,32.482147216796875,30.794324387425313,2,2,1,32.76801109313965,30.33276112982431,2,2,1,32.8519344329834,30.47885540354912,1,2,0
476,1748170476.106056,33.43510627746582,30.738423542430827,3,2,0,32.53889083862305,30.373947597996075,3,2,0,33.45990180969238,30.444468639534293,1,2,0
477,1748170476.2080069,31.943082809448242,30.737041948795337,2,1,0,34.1489315032959,30.336300604150576,2,1,0,32.8831672668457,30.428352855286697,1,1,0
478,1748170476.308958,33.56790542602539,30.708409374781883,1,1,0,33.16187858581543,30.35910026607526,1,1,0,31.407833099365234,30.458264164535322,1,1,0
479,1748170476.4092329,31.568288803100586,30.72850735530784,2,2,1,33.049821853637695,30.332709945138948,2,2,1,32.84311294555664,30.450126830033234,1,2,0
480,1748170476.5086348,31.62693977355957,30.756636139581303,2,2,0,33.843040466308594,30.307270616458485,2,2,0,32.896995544433594,30.45445293298303,1,2,0
481,1748170476.610708,34.48295593261719,30.711070096561276,3,2,0,33.78772735595703,30.27704301689756,3,2,0,33.567190170288086,30.446943839114738,1,2,0
482,1748170476.7147882,33.097028732299805,30.704535288988968,2,2,0,33.544063568115234,30.29884166258321,2,2,0,32.84788131713867,30.442921844152828,1,2,0
483,1748170476.816183,32.2880744934082,30.701763332473654,2,2,0,33.007144927978516,30.31011051476481,2,2,0,33.80584716796875,30.391848174471633,1,2,0
484,1748170476.917293,32.594919204711914,30.70371114152575,2,2,0,32.66310691833496,30.31250549558029,2,2,0,34.04593467712402,30.33739040200518,1,2,0
485,1748170477.0184588,32.174110412597656,30.724290599175472,2,2,0,34.072160720825195,30.27371401377448,2,2,0,32.03392028808594,30.352040786789832,1,2,0
486,1748170477.1186728,33.75101089477539,30.70846183526258,2,2,0,33.2179069519043,30.25841147879852,2,2,0,32.39917755126953,30.34780960264182,1,2,0
487,1748170477.2201102,32.83381462097168,30.731449265522265,2,2,0,33.18476676940918,30.252002409021568,2,2,0,31.7380428314209,30.38552921008421,1,2,0
488,1748170477.319896,33.072710037231445,30.71767517595104,2,2,0,33.45990180969238,30.18995113622786,2,2,0,33.052921295166016,30.3985810191991,1,2,0
489,1748170477.421577,31.74614906311035,30.7107927603736,2,2,0,33.246755599975586,30.173126809548997,2,2,0,32.720088958740234,30.397016853636725,1,2,0
490,1748170477.521219,32.65881538391113,30.683563268618517,2,2,0,33.235788345336914,30.161359487902896,2,2,0,33.190250396728516,30.444431809246144,1,2,0
491,1748170477.622237,31.586170196533203,30.7788525324791,3,3,0,33.47516059875488,30.15259962852351,3,3,0,32.88769721984863,30.438959818743832,1,3,0
492,1748170477.722184,32.31620788574219,30.79148345120545,3,2,0,33.930063247680664,30.114497157614824,3,2,0,33.01191329956055,30.469305162770866,1,2,0
493,1748170477.825276,32.00531005859375,30.78837183354441,2,2,0,33.29181671142578,30.0901131418167,2,2,0,32.33814239501953,30.504339680549474,1,2,0
494,1748170477.92517,32.88912773132324,30.803249994491946,3,3,0,33.7069034576416,30.066379230421475,3,3,0,32.3178768157959,30.508962297661224,1,3,0
495,1748170478.026168,32.15909004211426,30.831206113065047,4,3,1,33.58602523803711,30.031855517673044,4,3,1,32.64808654785156,30.54640157814064,1,3,0
496,1748170478.126681,32.35292434692383,30.83893619998809,3,2,0,33.28990936279297,30.045602394304783,3,2,0,32.60207176208496,30.55634896794196,1,2,0
497,1748170478.226954,32.0279598236084,30.851170197507223,3,3,0,33.56170654296875,30.063010197316313,3,3,0,32.87792205810547,30.539766170012765,1,3,0
498,1748170478.327554,32.70673751831055,30.866699717627696,3,2,0,34.43789482116699,30.01625941786704,3,2,0,32.546043395996094,30.52382332785503,1,2,0
499,1748170478.429307,35.60900688171387,30.758365353660118,2,2,0,34.16800498962402,29.965614199366204,2,2,0,32.399892807006836,30.547432363899347,1,2,0
500,1748170478.5334752,32.18889236450195,30.75061548094025,2,2,0,33.37407112121582,29.93799415701818,2,2,0,32.45997428894043,30.588765533029317,1,2,0
501,1748170478.633425,34.52014923095703,30.64722779844539,3,3,1,33.998966217041016,29.91127819727604,3,3,1,32.93323516845703,30.572147541346062,1,3,0
502,1748170478.737422,32.945871353149414,30.609690030629366,3,3,0,34.21211242675781,29.878691616169988,3,3,0,33.85019302368164,30.548945297752937,1,3,0
503,1748170478.840677,32.24802017211914,30.615275725539423,3,3,0,32.846689224243164,29.914243492186056,3,3,0,33.02907943725586,30.52109870902345,1,3,0
504,1748170478.9407701,32.20510482788086,30.61230388209449,3,2,0,34.45315361022949,29.86594764462526,3,2,0,32.40704536437988,30.514681488810638,1,2,0
505,1748170479.043575,31.993865966796875,30.62751924851912,2,2,0,33.525943756103516,29.84335862632785,2,2,0,32.16099739074707,30.5360234408027,1,2,0
506,1748170479.143758,33.39719772338867,30.628704625300223,3,3,1,34.548044204711914,29.78371799405505,3,3,1,31.872987747192383,30.58546427980244,1,3,0
507,1748170479.245517,32.67407417297363,30.60564725936102,3,3,0,33.499956130981445,29.80294815108161,3,3,0,32.55796432495117,30.59567519094772,1,3,0
508,1748170479.346391,32.506704330444336,30.638660937735125,3,3,0,33.55717658996582,29.79119970850209,3,3,0,33.24580192565918,30.53852837387206,1,3,0
509,1748170479.447683,32.04512596130371,30.62387423071672,3,3,0,34.73305702209473,29.741338598868957,3,3,0,32.919883728027344,30.53619388179792,1,3,0
510,1748170479.5496252,34.559011459350586,30.53231126335449,4,4,1,36.54909133911133,29.661764414685823,4,4,1,33.69712829589844,30.511411003195438,1,4,0
511,1748170479.6575239,32.23085403442383,30.602707056134214,4,3,0,35.5229377746582,29.61091368533613,4,3,0,33.02597999572754,30.52811855172991,1,3,0
512,1748170479.76059,32.45711326599121,30.62250291491372,3,3,0,34.152984619140625,29.59321103519578,3,3,0,32.66096115112305,30.533926431237763,1,3,0
513,1748170479.862126,32.032012939453125,30.63073265242383,3,3,0,33.70189666748047,29.57272136510686,3,3,0,32.279014587402344,30.58155425766604,1,3,0
514,1748170479.962116,31.90898895263672,30.652229835597858,3,3,0,34.29985046386719,29.525043080631175,3,3,0,33.32710266113281,30.603756532195337,1,3,0
515,1748170480.063665,32.047271728515625,30.656337205987764,3,3,0,34.29126739501953,29.51877468663501,3,3,0,33.547163009643555,30.5565567378978,1,3,0
516,1748170480.165687,33.54191780090332,30.662836567375862,4,4,1,34.79599952697754,29.47307866179154,4,4,1,32.572031021118164,30.551081459518137,1,4,0
517,1748170480.270143,32.39917755126953,30.676568988387775,4,3,0,35.38107872009277,29.409606722349682,4,3,0,32.60684013366699,30.52391958687261,1,3,0
518,1748170480.372882,32.691240310668945,30.6886370520752,4,4,0,34.69204902648926,29.37419432252124,4,4,0,32.871246337890625,30.52947401980123,1,4,0
519,1748170480.475248,32.71603584289551,30.658182146886926,5,4,1,34.628868103027344,29.33442810753499,5,4,1,35.53915023803711,30.442163235296604,1,4,0
520,1748170480.5803268,32.937049865722656,30.649721147213224,4,3,0,34.570932388305664,29.2963517952319,4,3,0,34.17181968688965,30.41195275685325,1,3,0
521,1748170480.6841369,31.551837921142578,30.65084851291313,4,4,1,35.379886627197266,29.241980650843704,4,4,1,33.32114219665527,30.398735241423164,1,4,0
522,1748170480.786699,32.68098831176758,30.639518900427323,6,6,2,37.63103485107422,29.136924589184552,6,6,2,31.65912628173828,30.440263196537867,1,6,0
523,1748170480.8911612,31.85892105102539,30.644160192414425,6,5,0,36.55290603637695,29.04504541104463,6,5,0,33.0810546875,30.41728268762733,1,5,0
524,1748170480.995064,32.30595588684082,30.662485382033648,5,5,0,35.2938175201416,29.00046233278465,5,5,0,34.277915954589844,30.356895657001107,1,5,0
525,1748170481.099361,31.60381317138672,30.680017106612528,5,4,0,35.456180572509766,28.948075306472607,5,4,0,33.660173416137695,30.3257431280971,1,4,0
526,1748170481.202382,32.17601776123047,30.68572578235979,5,5,1,35.63714027404785,28.882691335682896,5,5,1,32.65500068664551,30.324120677493266,1,5,0
527,1748170481.3050082,32.070159912109375,30.684528505255766,5,5,0,36.29589080810547,28.807079132223887,5,5,0,33.818721771240234,30.295369275999892,1,5,0
528,1748170481.40928,31.79192543029785,30.71313903266238,5,4,0,35.06183624267578,28.789863188277135,5,4,0,32.19795227050781,30.306109988610142,1,4,0
529,1748170481.5121589,32.24587440490723,30.81912381277086,4,4,0,35.76803207397461,28.745672013312245,4,4,0,32.885074615478516,30.29124138145204,1,4,0
530,1748170481.615535,31.909704208374023,30.827958064079873,4,4,0,35.00509262084961,28.700837240959615,4,4,0,32.65500068664551,30.28530676994342,1,4,0
531,1748170481.7172868,33.2798957824707,30.8671616044462,5,5,1,35.58516502380371,28.657271170100756,5,5,1,33.751726150512695,30.260237942414484,1,5,0
532,1748170481.822238,31.928062438964844,30.89958118410341,5,5,0,36.077022552490234,28.606362737945656,5,5,0,32.601118087768555,30.298440400771494,1,5,0
533,1748170481.924997,31.90302848815918,30.910633179872253,5,3,0,34.72018241882324,28.555135875559284,5,3,0,32.83095359802246,30.304445847192564,1,3,0
534,1748170482.026517,32.187700271606445,30.91102044666651,3,3,0,33.442020416259766,28.582586375303816,3,3,0,32.27496147155762,30.30851893807919,1,3,0
535,1748170482.1266508,32.77778625488281,30.886194267984962,3,2,0,33.06007385253906,28.595304637684983,3,2,0,31.933069229125977,30.315463234985877,1,2,0
536,1748170482.226401,32.89484977722168,30.902168889159583,3,3,1,33.01596641540527,28.637118088484602,3,3,1,33.067941665649414,30.278769724772406,1,3,0
537,1748170482.327412,32.75799751281738,30.899626711825015,4,4,0,33.97798538208008,28.623997965391176,4,4,0,33.1270694732666,30.261380503867652,1,4,0
538,1748170482.429522,32.076120376586914,30.913412603709784,5,3,1,35.13288497924805,28.58099576494959,5,3,1,34.075260162353516,30.23596617719606,1,3,0
539,1748170482.5329869,31.850099563598633,30.919550369634102,3,2,0,34.30986404418945,28.59252358110058,3,2,0,32.453060150146484,30.250118760734143,1,2,0
540,1748170482.633729,32.874107360839844,30.973497203799553,2,2,0,34.136056900024414,28.658485173349405,2,2,0,31.669139862060547,30.31206736104905,1,2,0
541,1748170482.736212,33.1418514251709,30.944323682397815,5,5,3,38.70201110839844,28.571747763949347,5,5,3,32.944679260253906,30.31464523449866,1,5,0
542,1748170482.843571,32.9890251159668,30.92744645112259,5,3,0,34.78693962097168,28.554403633603343,5,3,0,33.586978912353516,30.28642935592207,1,3,0
543,1748170482.9470878,32.20391273498535,30.921829863624023,4,4,1,34.48295593261719,28.53316553002602,4,4,1,32.95016288757324,30.265806014622363,1,4,0
544,1748170483.048928,32.40513801574707,30.906001917300628,5,5,1,35.48598289489746,28.501044758708872,5,5,1,33.39195251464844,30.263855136545466,1,5,0
545,1748170483.152396,31.679868698120117,30.91770422585046,5,3,0,35.788774490356445,28.460432077752735,5,3,0,32.93204307556152,30.282792187788797,1,3,0
546,1748170483.255235,33.12993049621582,30.930837151678436,3,3,0,34.64174270629883,28.464507454029604,3,3,0,31.924962997436523,30.30278918618994,1,3,0
547,1748170483.357515,32.87982940673828,30.91531900026584,3,3,0,33.952951431274414,28.503207567685116,3,3,0,32.19318389892578,30.31555088051354,1,3,0
548,1748170483.458694,33.61821174621582,30.885853110145916,3,3,0,33.0350399017334,28.548177854372646,3,3,0,33.52212905883789,30.295595394594283,1,3,0
549,1748170483.5610309,32.45115280151367,30.894384317730946,3,3,0,34.22689437866211,28.55918656476408,3,3,0,33.43009948730469,30.36028693241453,1,3,0
550,1748170483.663232,32.87911415100098,30.896038021323644,3,3,0,34.10696983337402,28.571728300786585,3,3,0,32.579660415649414,30.409248072130094,1,3,0
551,1748170483.7649128,32.385826110839844,30.86933492959716,3,3,0,34.912109375,28.58444339341038,3,3,0,32.41300582885742,30.437406220420808,1,3,0
552,1748170483.866636,32.917022705078125,30.86187723347322,3,3,0,33.70404243469238,28.691766684573967,3,3,0,32.85980224609375,30.40045382350653,1,3,0
553,1748170483.969675,33.17999839782715,30.820150440028513,4,3,1,34.48891639709473,28.748463238470887,4,3,1,33.315181732177734,30.39329434648888,1,3,0
554,1748170484.073199,32.14693069458008,30.825148676099232,3,3,0,33.40482711791992,28.80067677371569,3,3,0,32.54389762878418,30.446722822788818,1,3,0
555,1748170484.173604,33.215999603271484,30.77410261546239,3,3,0,33.53595733642578,28.854138934235355,3,3,0,33.274173736572266,30.458713908543825,1,3,0
556,1748170484.275502,32.231807708740234,30.77221359484477,3,3,0,33.27202796936035,28.919951872524244,3,3,0,33.20121765136719,30.441713979916024,1,3,0
557,1748170484.3762,32.692909240722656,30.75256197785595,3,3,0,34.165143966674805,28.979436731433847,3,3,0,32.62495994567871,30.47860439328066,1,3,0
558,1748170484.4777348,32.509803771972656,30.72991069629634,3,3,0,34.34181213378906,28.999539986596005,3,3,0,33.48684310913086,30.438613742829048,1,3,0
559,1748170484.580163,36.14377975463867,30.607702015165067,4,4,0,34.737348556518555,29.02844128891518,4,4,0,33.56790542602539,30.417473864673084,1,4,0
560,1748170484.686578,33.51187705993652,30.5579073114852,4,4,0,35.36534309387207,29.01852004743361,4,4,0,33.89596939086914,30.379469583257787,1,4,0
561,1748170484.791602,34.27624702453613,30.526903917577997,4,4,0,35.16578674316406,29.03028971891894,4,4,0,33.10108184814453,30.399565130732572,1,4,0
562,1748170484.896199,31.99005126953125,30.524971071062087,4,3,0,34.19208526611328,29.083250607012804,4,3,0,32.60302543640137,30.399469654434636,1,3,0
563,1748170484.997036,33.068180084228516,30.48883271755944,3,3,0,34.77811813354492,29.081650836088865,3,3,0,32.15813636779785,30.420341808764643,1,3,0
564,1748170485.099261,32.35983848571777,30.48337429547737,3,3,0,33.709049224853516,29.074151736108462,3,3,0,32.6380729675293,30.409417100831014,1,3,0
565,1748170485.2015622,33.80227088928223,30.45168909680089,3,3,0,34.713029861450195,29.027684572080304,3,3,0,33.21504592895508,30.37014277663199,1,3,0
566,1748170485.3054678,32.43517875671387,30.46585260796834,3,3,0,34.619808197021484,28.982847645158834,3,3,0,33.58197212219238,30.354449721336824,1,3,0
567,1748170485.408414,32.32407569885254,30.47919501225789,3,3,0,35.37893295288086,28.943680535716013,3,3,0,33.29586982727051,30.349200346161307,1,3,0
568,1748170485.511619,32.12594985961914,30.477585629341235,3,3,0,34.62719917297363,28.957868457680668,3,3,0,32.5469970703125,30.396245845338242,1,3,0
569,1748170485.612999,32.50622749328613,30.45726150439543,4,4,1,34.406185150146484,28.955402890912175,4,4,1,31.51416778564453,30.425225911844326,1,4,0
570,1748170485.7136629,34.1639518737793,30.417451805660544,4,3,0,34.1649055480957,28.95454337309558,4,3,0,34.64794158935547,30.33362398337774,1,3,0
571,1748170485.818816,33.514976501464844,30.40583850310307,3,3,0,36.329030990600586,29.020942828596496,3,3,0,32.791852951049805,30.338341296309512,1,3,0
572,1748170485.9237618,33.043861389160156,30.40436175040268,3,3,0,33.93888473510742,29.044904618340638,3,3,0,33.92195701599121,30.32803824208466,1,3,0
573,1748170486.027045,31.898021697998047,30.413768399334632,3,3,0,33.56218338012695,29.070833476767085,3,3,0,32.91893005371094,30.328959309064693,1,3,0
574,1748170486.127303,32.289981842041016,30.417312099324107,3,2,0,33.56504440307617,29.125048086871626,3,2,0,32.77325630187988,30.348014546310534,1,2,0
575,1748170486.2279649,31.71706199645996,30.41616508529542,3,3,1,33.410072326660156,29.192496898145013,3,3,1,33.979177474975586,30.315850339890208,1,3,0
576,1748170486.329101,32.75179862976074,30.427970230050413,3,2,0,33.28895568847656,29.231036920384298,3,2,0,32.60397911071777,30.2949826939634,1,2,0
577,1748170486.431318,33.81609916687012,30.3993594902207,2,2,0,33.42485427856445,29.2459974447052,2,2,0,33.529043197631836,30.25425000288527,1,2,0
578,1748170486.534228,32.624006271362305,30.429883452465276,3,3,0,33.69402885437012,29.22730936381437,3,3,0,33.087968826293945,30.26764793257024,1,3,0
579,1748170486.635657,31.785011291503906,30.45045106089697,3,2,0,33.91289710998535,29.23617829848574,3,2,0,34.005165100097656,30.250067854576525,1,2,0
580,1748170486.737461,32.052040100097656,30.47600594168804,2,2,0,34.23500061035156,29.232503760664894,2,2,0,32.39178657531738,30.25574130931837,1,2,0
581,1748170486.8382301,33.22792053222656,30.450178411754244,2,2,0,32.73200988769531,29.294708034507607,2,2,0,35.75491905212402,30.153871371499108,1,2,0
582,1748170486.941943,32.49001502990723,30.463411209296694,2,2,0,32.868146896362305,29.31879631554077,2,2,0,32.62472152709961,30.161251042695383,1,2,0
583,1748170487.042009,32.881975173950195,30.472574007242944,2,2,0,32.6998233795166,29.370169661007097,2,2,0,32.62519836425781,30.182246104440942,1,2,0
584,1748170487.142196,33.26416015625,30.438017332592153,2,2,0,33.39982032775879,29.370313624765068,2,2,0,33.38766098022461,30.156660910745675,1,2,0
585,1748170487.244104,32.4711799621582,30.46116930263455,2,2,0,34.681081771850586,29.33719804600724,2,2,0,33.65778923034668,30.144971422808045,1,2,0
586,1748170487.346912,32.85503387451172,30.441883369731755,3,3,0,34.61718559265137,29.298657463397962,3,3,0,33.25986862182617,30.143245498963676,1,3,0
587,1748170487.449607,31.928062438964844,30.465815725923413,3,2,0,34.05117988586426,29.301830055648953,3,2,0,35.86101531982422,30.04562391727665,1,2,0
588,1748170487.553356,34.902095794677734,30.392090417040944,3,3,1,35.44116020202637,29.270441416138194,3,3,1,33.503055572509766,30.045258030948524,1,3,0
589,1748170487.6608078,33.47182273864746,30.474455940090134,3,2,0,33.43915939331055,29.30752880114296,3,2,0,32.48882293701172,30.07776338246332,1,2,0
590,1748170487.7623281,31.758785247802734,30.528851822791186,2,2,0,33.516883850097656,29.360403987797486,2,2,0,33.203125,30.09839754752437,1,2,0
591,1748170487.862773,31.71682357788086,30.608565690532902,2,2,0,33.934831619262695,29.395879268366187,2,2,0,33.03718566894531,30.100175942416232,1,2,0
592,1748170487.963219,31.840085983276367,30.613309328451262,2,2,0,33.8139533996582,29.406884947065834,2,2,0,32.598018646240234,30.10042075816847,1,2,0
593,1748170488.063358,33.17594528198242,30.609809170843725,3,3,1,34.83223915100098,29.405352451892593,3,3,1,32.35197067260742,30.09450309282197,1,3,0
594,1748170488.165666,33.21194648742676,30.583196939860326,3,3,0,34.889936447143555,29.37141739379893,3,3,0,33.16187858581543,30.078482368239882,1,3,0
595,1748170488.2688498,32.968759536743164,30.609161357117,4,4,0,33.77890586853027,29.398276183117755,4,4,0,32.84502029418945,30.089429576181573,1,4,0
596,1748170488.370548,32.44805335998535,30.608625256148038,4,3,0,33.881187438964844,29.419522092501815,4,3,0,35.156965255737305,30.042001317913115,1,3,0
597,1748170488.47436,32.88984298706055,30.59101882443895,3,3,0,33.42485427856445,29.476171758055226,3,3,0,33.634185791015625,30.031862685430088,1,3,0
598,1748170488.5765278,33.263206481933594,30.55577019510614,3,2,0,33.24413299560547,29.516247302984766,3,2,0,32.65500068664551,30.02868770399807,1,2,0
599,1748170488.677821,35.07709503173828,30.475932128512795,2,2,0,33.98704528808594,29.528299540094043,2,2,0,32.93609619140625,29.985973243831538,1,2,0
600,1748170488.781804,33.71596336364746,30.489689697451382,3,3,1,33.17117691040039,29.55723733384949,3,3,1,32.933950424194336,30.03749043045125,1,3,0
601,1748170488.8851662,34.01970863342285,30.474072154524464,4,3,0,34.8050594329834,29.60174633410285,4,3,0,33.53619575500488,30.014956297555422,1,3,0
602,1748170488.99006,32.466888427734375,30.4919136372239,3,3,0,39.14999961853027,29.450231966375526,3,3,0,33.88214111328125,30.0160302896139,1,3,0
603,1748170489.097727,32.27806091308594,30.48011051691073,3,1,0,33.904075622558594,29.440316552882855,3,1,0,31.37803077697754,30.062643887418755,1,1,0
604,1748170489.197346,34.70182418823242,30.40566216688072,2,2,1,35.03918647766113,29.397740449055206,2,2,1,32.07111358642578,30.08368885076301,1,2,0
605,1748170489.301228,34.37399864196777,30.3239087485679,3,3,0,34.48987007141113,29.36661214796227,3,3,0,33.20479393005371,30.107183567291926,1,3,0
606,1748170489.405451,36.827802658081055,30.19945749558033,3,3,0,33.19096565246582,29.369456718435668,3,3,0,34.203290939331055,30.058909472432944,1,3,0
607,1748170489.511654,32.1042537689209,30.251464199859647,3,3,0,35.856008529663086,29.29972856288285,3,3,0,36.63492202758789,29.96557138240533,1,3,0
608,1748170489.618459,32.80496597290039,30.246155865302587,3,2,0,33.68186950683594,29.299980999005243,3,2,0,33.79511833190918,29.944363492798953,1,2,0
609,1748170489.720744,33.03408622741699,30.20804879799549,2,2,0,35.54892539978027,29.25349025198444,2,2,0,34.56616401672363,29.92754833084312,1,2,0
610,1748170489.826118,33.599853515625,30.161063072849675,4,4,0,33.78891944885254,29.266247730530004,4,4,0,32.891035079956055,29.912629217970526,1,4,0
611,1748170489.928661,33.045053482055664,30.166609168383026,4,3,0,37.203073501586914,29.139292954415666,4,3,0,37.74905204772949,29.853299532730794,1,3,0
612,1748170490.038976,36.344289779663086,30.05035972082082,3,2,0,38.44499588012695,28.982233487923214,3,2,0,33.28895568847656,29.83336775152327,1,2,0
613,1748170490.150829,32.55200386047363,30.06017332440178,2,2,0,34.82508659362793,28.9228036398441,2,2,0,32.46593475341797,29.838093478802666,1,2,0
614,1748170490.252919,31.154870986938477,30.12380460351835,2,1,0,33.347129821777344,28.924286249225055,2,1,0,31.946182250976562,29.88097632611266,1,1,0
615,1748170490.351372,32.94205665588379,30.1094168978589,2,2,1,32.07087516784668,28.997174236373215,2,2,1,32.167911529541016,29.925413067767515,1,2,0
616,1748170490.450606,31.882047653198242,30.13881244152675,2,2,0,32.35316276550293,29.060715448731717,2,2,0,33.92291069030762,29.905669211466858,1,2,0
617,1748170490.5507221,32.22775459289551,30.129279289094406,2,2,0,33.10894966125488,29.087223908695577,2,2,0,33.62298011779785,29.972652115905863,1,2,0
618,1748170490.651654,32.18412399291992,30.21180585651657,2,2,0,33.83231163024902,29.13278930754559,2,2,0,33.05482864379883,29.986144745703417,1,2,0
619,1748170490.752703,31.45909309387207,30.273167748397256,3,3,1,33.31303596496582,29.136405084770097,3,3,1,33.73384475708008,29.948910604625677,1,3,0
620,1748170490.85335,31.476974487304688,30.281626146488723,3,3,0,35.17007827758789,29.089812853380813,3,3,0,32.52720832824707,29.969175571580934,1,3,0
621,1748170490.954707,32.18221664428711,30.267451353565654,4,3,1,34.22808647155762,29.08176509960395,4,3,1,32.48000144958496,29.98595180623549,1,3,0
622,1748170491.055865,33.14995765686035,30.22769301728922,4,4,1,35.02702713012695,29.04752626830748,4,4,1,34.38377380371094,29.93246771288704,1,4,0
623,1748170491.160753,33.06317329406738,30.231040958866227,4,3,0,34.02400016784668,29.07027602978066,4,3,0,33.141136169433594,29.90901017907025,1,3,0
624,1748170491.263078,31.838178634643555,30.27303664764013,3,2,0,33.324241638183594,29.11439378216043,3,2,0,33.734798431396484,29.892000347788244,1,2,0
625,1748170491.365551,31.44073486328125,30.319721932736154,3,3,1,34.04426574707031,29.106924919662198,3,3,1,32.17005729675293,29.91211723787253,1,3,0
626,1748170491.46542,31.99315071105957,30.33398230139697,3,3,0,34.77883338928223,29.081590344003207,3,3,0,32.55605697631836,29.99001120432557,1,3,0
627,1748170491.566902,32.71174430847168,30.33938734889575,3,3,0,33.2949161529541,29.08505896335992,3,3,0,31.979084014892578,30.039742119078344,1,3,0
628,1748170491.6668642,32.395124435424805,30.36595051302477,3,3,0,33.36596488952637,29.081650836088865,3,3,0,33.52808952331543,30.013459996760822,1,3,0
629,1748170491.7681699,32.57274627685547,30.443142805298493,4,4,1,34.21473503112793,29.075119144585205,4,4,1,32.319068908691406,30.03199170564194,1,4,0
630,1748170491.8693728,32.95397758483887,30.46660502117762,4,3,0,34.12199020385742,29.04826390219511,4,3,0,34.00087356567383,30.00001430512157,1,3,0
631,1748170491.9727218,33.386945724487305,30.48635808916577,3,3,0,34.78431701660156,29.049028398665442,3,3,0,32.78684616088867,30.02258330591444,1,3,0
632,1748170492.076131,33.4780216217041,30.454939420071742,3,3,0,33.57505798339844,29.206638353461056,3,3,0,32.73797035217285,30.057028253278638,1,3,0
633,1748170492.177908,32.63711929321289,30.44384253675461,3,3,0,34.58690643310547,29.187282856741234,3,3,0,33.09202194213867,30.005258051077732,1,3,0
634,1748170492.280361,32.85408020019531,30.5010122635143,3,2,0,33.38193893432617,29.234493737645593,3,2,0,32.46903419494629,29.993320998713305,1,2,0
635,1748170492.381099,33.23006629943848,30.53652735881338,3,3,1,33.535003662109375,29.26174902438837,3,3,1,33.1268310546875,29.9956304239776,1,3,0
636,1748170492.483186,32.525062561035156,30.67083381473936,4,3,1,33.73289108276367,29.246344123310124,4,3,1,33.49184989929199,30.017032751547976,1,3,0
637,1748170492.5866141,32.21893310546875,30.667163531971408,4,4,1,36.32211685180664,29.2330878213821,4,4,1,33.822059631347656,30.101868132656797,1,4,0
638,1748170492.691465,31.967878341674805,30.693218368542684,5,3,1,34.39474105834961,29.212686701436734,5,3,1,32.14001655578613,30.15197102246641,1,3,0
639,1748170492.792296,32.70602226257324,30.703621237206228,4,3,1,33.84208679199219,29.26107535843498,4,3,1,32.13381767272949,30.225950347710157,1,3,0
640,1748170492.893108,32.402753829956055,30.741284737186195,3,3,0,34.42192077636719,29.242993241040132,3,3,0,33.20813179016113,30.216412792272536,1,3,0
641,1748170492.995445,32.70721435546875,30.75174276572595,4,3,0,33.274173736572266,29.355218828904512,4,3,0,33.5080623626709,30.345972552656047,1,3,0
642,1748170493.097024,32.354116439819336,30.877682736768797,3,3,0,34.0878963470459,29.48081952706184,3,3,0,32.61685371398926,30.36667601428496,1,3,0
643,1748170493.1981068,31.872034072875977,30.899368723176508,3,2,0,34.29412841796875,29.496244318657308,3,2,0,36.24224662780762,30.250962373434554,1,2,0
644,1748170493.30256,31.952857971191406,30.874174895829906,2,2,0,33.51402282714844,29.491405057425787,2,2,0,32.896995544433594,30.221986522864437,1,2,0
645,1748170493.403143,32.566070556640625,30.886156361186213,3,3,1,33.96487236022949,29.43671448128979,3,3,1,32.41705894470215,30.214439255657776,1,3,0
646,1748170493.504193,32.948970794677734,30.85239564410067,4,3,1,33.74600410461426,29.396586626620557,4,3,1,32.67979621887207,30.252315160980565,1,3,0
647,1748170493.605817,33.17379951477051,30.82380458017062,3,2,0,34.291744232177734,29.36263752675395,3,2,0,32.933950424194336,30.273226015764898,1,2,0
648,1748170493.708448,32.12285041809082,30.825647078537234,2,2,0,32.9899787902832,29.38679651783994,2,2,0,33.051252365112305,30.273240582641854,1,2,0
649,1748170493.8104901,31.968116760253906,30.809562857652846,2,2,0,33.351898193359375,29.385595516113963,2,2,0,32.742977142333984,30.30357005669406,1,2,0
650,1748170493.910561,31.93974494934082,30.794957452588452,2,2,0,33.24389457702637,29.441019162884633,2,2,0,32.57608413696289,30.30200835592815,1,2,0
651,1748170494.010329,32.66191482543945,30.779929183407635,2,2,0,33.68663787841797,29.45642990629264,2,2,0,32.319068908691406,30.30692022887268,1,2,0
652,1748170494.111168,32.39083290100098,30.803762770933268,2,2,0,33.309221267700195,29.506287394609195,2,2,0,32.869815826416016,30.35334405344812,1,2,0
653,1748170494.211701,32.14097023010254,30.833019275243778,2,2,0,33.319950103759766,29.526664291939397,2,2,0,33.151865005493164,30.35291205940268,1,2,0
654,1748170494.312484,33.31255912780762,30.78633041159236,2,2,0,33.26702117919922,29.528354975408902,2,2,0,33.24484825134277,30.36806115841581,1,2,0
655,1748170494.414437,32.3483943939209,30.75773379206668,2,2,0,33.67304801940918,29.539203513459647,2,2,0,33.34498405456543,30.332110365974184,1,2,0
656,1748170494.51582,31.548023223876953,30.771491162213334,2,2,0,34.48605537414551,29.54764523603997,2,2,0,35.594940185546875,30.239156075798604,1,2,0
657,1748170494.619665,31.89396858215332,30.79731660318128,2,2,0,33.26725959777832,29.54848481646254,2,2,0,32.57298469543457,30.220970324975575,1,2,0
658,1748170494.719522,32.26208686828613,30.80156096930495,2,2,0,34.00111198425293,29.530011201440768,2,2,0,33.42890739440918,30.223968305324984,1,2,0
659,1748170494.821281,33.32400321960449,30.77776842863265,3,3,1,33.40792655944824,29.553564948658455,3,3,1,34.172773361206055,30.168084614121295,1,3,0
660,1748170494.924715,31.355857849121094,30.828501875742358,3,3,0,34.037113189697266,29.55616120963364,3,3,0,32.144784927368164,30.224701558109512,1,3,0
661,1748170495.026165,88.12093734741211,29.186673544900888,3,3,0,34.319162368774414,29.569677461957827,3,3,0,32.3789119720459,30.23710690645055,1,3,0
662,1748170495.18348,32.557010650634766,29.212679919374946,3,1,0,32.98497200012207,29.586976278288347,3,1,0,33.622026443481445,30.210224586728295,1,1,0
663,1748170495.284906,32.14287757873535,29.2268545176281,2,2,1,33.80393981933594,29.60999390758878,2,2,1,34.18684005737305,30.1771357253931,1,2,0
664,1748170495.38735,31.953811645507812,29.252415729879964,2,1,0,33.9808464050293,29.592556819023656,2,1,0,32.2721004486084,30.18320177814196,1,1,0
665,1748170495.487472,32.4251651763916,29.27554217599091,4,4,3,34.34586524963379,29.568927006796695,4,4,3,32.89604187011719,30.19011773580451,1,4,0
666,1748170495.5894332,32.422780990600586,29.27862119835398,4,2,0,34.28196907043457,29.552995775933034,4,2,0,32.462120056152344,30.221362278922335,1,2,0
667,1748170495.691322,31.459808349609375,29.300554113376684,4,4,2,34.379005432128906,29.609701263015662,4,4,2,31.645774841308594,30.287763446171265,1,4,0
668,1748170495.7911701,34.105777740478516,29.23952082450309,4,4,0,35.279035568237305,29.583998995599398,4,4,0,32.5770378112793,30.27431857043971,1,4,0
669,1748170495.89537,31.97002410888672,29.260456157493653,4,2,0,34.26480293273926,29.57183175782655,4,2,0,33.10990333557129,30.244585537155817,1,2,0
670,1748170495.996843,31.738758087158203,29.27938424207563,2,2,0,33.62107276916504,29.59522258312616,2,2,0,33.57696533203125,30.233379874274586,1,2,0
671,1748170496.09803,31.92877769470215,29.30166629213614,2,2,0,33.69593620300293,29.58301829302698,2,2,0,33.14995765686035,30.244302023063035,1,2,0
672,1748170496.198848,31.635046005249023,29.322342252362194,3,3,1,33.783674240112305,29.59201398075459,3,3,1,32.53316879272461,30.24679567537267,1,3,0
673,1748170496.3004339,32.566070556640625,29.302457832739385,3,3,0,34.15679931640625,29.596016140914053,3,3,0,32.14883804321289,30.37213670670854,1,3,0
674,1748170496.40157,34.424781799316406,29.231878977362616,4,4,1,34.57999229431152,29.564897436132398,4,4,1,33.25510025024414,30.361217285095105,1,4,0
675,1748170496.506081,31.83889389038086,29.25263334823524,4,3,0,33.998966217041016,29.563806861914934,4,3,0,33.17618370056152,30.337843898007424,1,3,0
676,1748170496.607575,31.394004821777344,29.297340868784108,4,4,1,35.05825996398926,29.525631961585205,4,4,1,32.998085021972656,30.328023622424915,1,4,0
677,1748170496.7092469,31.592845916748047,29.34152840514398,5,4,1,34.90805625915527,29.507740471709727,5,4,1,33.38217735290527,30.314287373166593,1,4,0
678,1748170496.8115451,32.93299674987793,29.31870067594489,4,3,0,34.67893600463867,29.458767737893563,4,3,0,32.495975494384766,30.33121104166973,2,3,1
679,1748170496.9139252,34.35325622558594,29.25049810810742,3,3,0,34.17706489562988,29.43500673245981,3,3,0,33.23698043823242,30.316105980624346,2,3,0
680,1748170497.017754,32.929182052612305,29.222598658022374,3,3,0,33.5690975189209,29.425603892073717,3,3,0,32.59706497192383,30.31561661499187,2,3,0
681,1748170497.118891,33.097028732299805,29.21013008731761,4,4,1,34.11388397216797,29.413257166419704,4,4,1,33.79988670349121,30.270334768235337,2,4,0
682,1748170497.222134,32.829999923706055,29.19744857577038,4,4,0,34.635066986083984,29.375037790014282,4,4,0,33.09178352355957,30.263585818658207,2,4,0
683,1748170497.324969,32.42802619934082,29.189435962341815,4,3,0,34.33585166931152,29.34579160260907,4,3,0,32.35006332397461,30.28802590398944,2,3,0
684,1748170497.426327,31.773805618286133,29.233244027622508,3,3,0,34.66677665710449,29.305679025227096,3,3,0,34.8811149597168,30.238015191927307,2,3,0
685,1748170497.531251,32.81712532043457,29.2200131668627,4,4,1,34.24191474914551,29.289348337120128,4,4,1,33.34498405456543,30.237920727695325,2,4,0
686,1748170497.6339478,33.11610221862793,29.175568218047335,4,3,0,34.236907958984375,29.296549604599754,4,3,0,33.4930419921875,30.30200835592815,2,3,0
687,1748170497.7370172,32.518863677978516,29.157767263636906,3,3,0,34.429073333740234,29.26331422665634,3,3,0,33.487796783447266,30.27410005319598,2,3,0
688,1748170497.8395488,31.911849975585938,29.167689308505587,3,3,0,36.463022232055664,29.19318095606654,3,3,0,33.18977355957031,30.28152412214732,2,3,0
689,1748170497.943224,32.60684013366699,29.18809531210348,3,3,0,34.43002700805664,29.16409956053059,3,3,0,32.61685371398926,30.328791173616494,2,3,0
690,1748170498.04497,32.38201141357422,29.158902414437964,3,3,0,33.34498405456543,29.18366797877739,3,3,0,32.341957092285156,30.322439943292324,2,3,0
691,1748170498.1451619,34.19995307922363,30.77177712107384,3,3,0,33.685922622680664,29.20148025132525,3,3,0,33.62011909484863,30.284563284782543,2,3,0
692,1748170498.248852,33.09798240661621,30.754749262594554,3,3,0,34.20424461364746,29.166776576942024,3,3,0,33.284902572631836,30.29492434281488,2,3,0
693,1748170498.351758,32.956838607788086,30.729145221685847,3,2,0,34.34014320373535,29.151437715964363,3,2,0,34.152984619140625,30.29602575866397,1,2,0
694,1748170498.455381,33.35976600646973,30.6849849561316,3,3,1,34.18278694152832,29.145799505701575,3,3,1,32.807111740112305,30.280773535626906,1,3,0
695,1748170498.55793,31.972885131835938,30.69924652987275,3,3,0,34.83295440673828,29.131993417415327,3,3,0,33.564090728759766,30.260274328391805,1,3,0
696,1748170498.660363,33.19382667541504,30.67493869479332,3,2,0,34.23309326171875,29.13332217354672,3,2,0,38.03110122680664,30.09117812700656,1,2,0
697,1748170498.769419,32.29999542236328,30.648593864441317,3,3,1,34.438133239746094,29.131622466534747,3,3,1,32.84192085266113,30.055061123292777,1,3,0
698,1748170498.871425,33.15567970275879,30.678431324743084,3,3,0,34.27886962890625,29.16087562497132,3,3,0,33.97989273071289,30.01303046428572,1,3,0
699,1748170498.975107,32.45282173156738,30.663292373113684,3,3,0,33.17403793334961,29.19179932753762,3,3,0,32.708168029785156,30.025105009858503,1,3,0
700,1748170499.075695,32.96375274658203,30.624962427389026,4,4,1,34.16776657104492,29.17621765707977,4,4,1,32.633066177368164,30.05340290351866,1,4,0
701,1748170499.177553,33.469200134277344,30.576917048566923,4,4,0,36.21196746826172,29.105093646750557,4,4,0,34.236907958984375,30.020742442989295,1,4,0
702,1748170499.283863,32.67192840576172,30.544607138695767,4,3,0,34.346818923950195,29.089086557456028,4,3,0,32.88602828979492,30.010059867900438,1,3,0
703,1748170499.3858602,32.88984298706055,30.534578474027224,3,3,0,33.383846282958984,29.11083734440122,3,3,0,33.63394737243652,29.965721242303715,1,3,0
704,1748170499.487854,32.49096870422363,30.594782486911477,4,3,1,33.634185791015625,29.137585803414975,4,3,1,34.05427932739258,29.94171283595429,1,3,0
705,1748170499.5905018,36.89908981323242,30.437833260078502,3,3,0,34.809112548828125,29.11471713777399,3,3,0,33.06865692138672,29.94498347219545,1,3,0
706,1748170499.697345,32.10186958312988,30.415775414319036,3,2,0,33.866167068481445,29.148385384054613,3,2,0,32.47213363647461,29.960833727996206,1,2,0
707,1748170499.798848,33.21409225463867,30.36589921626811,2,2,0,33.66398811340332,29.18364090441856,2,2,0,32.3948860168457,29.99039719023073,1,2,0
708,1748170499.900264,32.2880744934082,30.385243047422364,3,3,1,33.75816345214844,29.209824951070935,3,3,1,33.178091049194336,29.970117799606808,1,3,0
709,1748170500.0029912,32.06491470336914,30.455919812485295,3,2,0,33.235788345336914,29.23653153747637,3,2,0,33.60605239868164,29.959036094664835,1,2,0
710,1748170500.103976,32.06205368041992,30.482665361076638,3,3,1,34.5158576965332,29.20962831108994,3,3,1,33.20169448852539,29.940886383023784,1,3,0
711,1748170500.206003,31.917095184326172,30.519196206599645,3,3,0,33.538103103637695,29.226067056210923,3,3,0,33.79487991333008,29.940950502739273,1,3,0
712,1748170500.3076942,32.37581253051758,30.533452235790854,3,3,0,34.729957580566406,29.223284127416548,3,3,0,31.951189041137695,29.97519400158417,1,3,0
713,1748170500.408879,32.60493278503418,30.527807477678977,4,4,1,35.37297248840332,29.193824406142923,4,4,1,34.203290939331055,29.91988415267023,1,4,0
714,1748170500.5131361,32.1803092956543,30.515184702674333,4,3,0,34.165143966674805,29.208062066463373,4,3,0,32.35626220703125,29.995322956749504,1,3,0
715,1748170500.6140149,33.21695327758789,30.502616727322447,4,4,1,34.11102294921875,29.211777933218013,4,4,1,33.8292121887207,29.98102197329066,1,4,0
716,1748170500.717473,31.72588348388672,30.545719369709445,4,4,0,35.27688980102539,29.182131588376695,4,4,0,33.616065979003906,29.977393508990065,1,4,0
717,1748170500.820242,32.11021423339844,30.558597485837744,4,4,0,36.12375259399414,29.13418559275157,4,4,0,33.26296806335449,29.984093997682372,1,4,0
718,1748170500.924253,32.34720230102539,30.544836993131916,4,4,0,35.66908836364746,29.156645713342957,4,4,0,32.7610969543457,29.996867506988508,1,4,0
719,1748170501.027363,33.273935317993164,30.52401584649731,4,4,0,34.32106971740723,29.159699775582528,4,4,0,32.78088569641113,29.99209850577143,1,4,0
720,1748170501.1298618,33.16211700439453,30.499740642527836,4,3,0,34.14297103881836,29.137167480720777,4,3,0,32.84096717834473,29.97715069037506,1,3,0
721,1748170501.2338948,34.50489044189453,30.490221640236616,3,3,0,34.288883209228516,29.120134412241512,3,3,0,33.74171257019043,29.97333038592332,1,3,0
722,1748170501.3387709,33.833980560302734,30.467925522435472,3,2,0,40.55023193359375,28.941976256511012,3,2,0,35.88986396789551,29.89540928938094,1,2,0
723,1748170501.4513621,33.72383117675781,30.444262391068392,3,3,1,33.79487991333008,28.957168727143685,3,3,1,33.01501274108887,29.92929235507335,1,3,0
724,1748170501.553988,33.01286697387695,30.45499101809886,3,3,0,32.74393081665039,28.997254424975562,3,3,0,33.46109390258789,29.90878979438306,1,3,0
725,1748170501.655124,32.94110298156738,30.424961070865532,3,3,0,33.698081970214844,29.02914446824017,3,3,0,42.128801345825195,29.65568246255835,1,3,0
726,1748170501.766067,77.32415199279785,29.12186647867583,4,4,1,47.1951961517334,28.669690186093405,4,4,1,39.437055587768555,29.61469094760378,1,4,0
727,1748170501.932683,33.55288505554199,29.086363270714266,4,4,0,35.3090763092041,28.645899780766158,4,4,0,34.223079681396484,29.574396474081148,1,4,0
728,1748170502.038074,32.3941707611084,29.108008980217843,4,2,0,33.798933029174805,28.658217561645323,4,2,0,33.447980880737305,29.58990545179537,1,2,0
729,1748170502.1399271,32.97686576843262,29.093263254371184,3,3,0,34.36112403869629,28.62562592690416,3,3,0,32.238006591796875,29.6035431334145,1,3,0
730,1748170502.241931,32.71889686584473,29.100193432186337,4,4,1,34.21592712402344,28.62425842678993,4,4,1,32.492637634277344,29.60765987965789,1,4,0
731,1748170502.343593,33.34999084472656,29.103807853850356,5,4,1,35.47334671020508,28.644393406393778,5,4,1,33.65206718444824,29.624759060241352,1,4,0
732,1748170502.448438,32.92489051818848,29.096613549501818,4,3,0,34.703969955444336,28.634713352749458,4,3,0,33.55598449707031,29.605166011723565,1,3,0
733,1748170502.5534458,32.69696235656738,29.10200389617568,3,3,0,35.03704071044922,28.58961314799676,3,3,0,32.932281494140625,29.625456551420175,1,3,0
734,1748170502.656595,32.621145248413086,29.09826879930587,3,3,0,33.77103805541992,28.58600841070178,3,3,0,33.447980880737305,29.64313496189925,1,3,0
735,1748170502.758658,32.52387046813965,29.222306834277497,3,3,0,34.14201736450195,28.60418424651555,3,3,0,32.502174377441406,29.659624960930483,1,3,0
736,1748170502.8598669,32.453298568725586,29.21230691082627,3,3,0,34.12199020385742,28.59722180240347,3,3,0,32.855987548828125,29.648338510381464,1,3,0
737,1748170502.9614248,32.900094985961914,29.221092095735685,3,3,0,33.609867095947266,28.59865821966596,3,3,0,33.687591552734375,29.610572246018677,1,3,0
738,1748170503.063893,33.42890739440918,29.188684370525134,3,2,0,33.87022018432617,28.595538582998547,3,2,0,33.93912315368652,29.58833990686768,1,2,0
739,1748170503.1672971,32.58395195007324,29.173897398420433,2,2,0,32.87029266357422,28.605569338470836,2,2,0,33.34403038024902,29.59586995601867,1,2,0
740,1748170503.268138,32.135009765625,29.171658664863912,2,2,0,33.806800842285156,28.62494216051464,2,2,0,32.774925231933594,29.608279928796563,1,2,0
741,1748170503.369071,32.309770584106445,29.160456633279722,3,3,1,35.523176193237305,28.5708395112747,3,3,1,31.927108764648438,29.662932155262947,1,3,0
742,1748170503.470877,33.38003158569336,29.13207435340836,3,2,0,33.40625762939453,28.606928549700655,3,2,0,32.737016677856445,29.63969952582745,1,2,0
743,1748170503.57246,33.28895568847656,29.113774037310225,3,3,1,33.280134201049805,28.664262888415667,3,3,1,33.226966857910156,29.66925493408371,1,3,0
744,1748170503.6744902,32.16409683227539,29.114144533777083,3,3,0,33.90192985534668,28.67142787808303,3,3,0,32.74989128112793,29.657744454189274,1,3,0
745,1748170503.777171,32.19723701477051,29.143045340994313,3,3,0,34.12199020385742,28.671186156434626,3,3,0,34.938812255859375,29.625177551007432,1,3,0
746,1748170503.8806038,32.6542854309082,29.116994303599604,3,3,0,35.379886627197266,28.668422979645804,3,3,0,33.27488899230957,29.635099244008817,1,3,0
747,1748170503.9839308,33.331871032714844,29.082417090956746,3,2,0,33.49709510803223,28.74060322112626,3,2,0,31.919240951538086,29.674439664930947,1,2,0
748,1748170504.0845609,32.32121467590332,29.08321699656999,2,2,0,33.515214920043945,28.800057129019574,2,2,0,32.14001655578613,29.692702099623574,1,2,0
749,1748170504.184603,33.20002555847168,29.08540856004146,2,2,0,33.071041107177734,28.834771911990426,2,2,0,32.90390968322754,29.688792832924758,1,2,0
750,1748170504.285624,32.88102149963379,29.093397789505957,2,2,0,32.644033432006836,28.87631496814702,2,2,0,33.522844314575195,29.6688561836761,1,2,0
751,1748170504.386443,33.83970260620117,29.112036197922514,3,3,1,34.48820114135742,28.870703178506997,3,3,1,33.625125885009766,29.672347362495902,1,3,0
752,1748170504.491097,32.87768363952637,29.138699140074685,3,2,0,34.48987007141113,29.039944222977002,3,2,0,33.28514099121094,29.749052234386248,1,2,0
753,1748170504.5939991,35.6752872467041,29.083499326704075,2,1,0,34.14607048034668,29.03022944031458,2,1,0,33.16998481750488,29.744417948043942,1,1,0
754,1748170504.699035,32.74703025817871,29.090962896105022,2,2,1,32.94515609741211,29.02463131909487,2,2,1,32.58490562438965,29.770188530861798,1,2,0
755,1748170504.7993212,33.68782997131348,29.069819342157608,2,2,0,34.06405448913574,29.014311259812832,2,2,0,34.56997871398926,29.995222852500564,1,2,0
756,1748170504.903732,32.199859619140625,30.398522268287255,2,2,0,32.984018325805664,29.418435338841583,2,2,0,33.585309982299805,30.17167257451793,1,2,0
757,1748170505.00619,31.31890296936035,30.467556655814203,2,2,0,33.90789031982422,29.458878087198705,2,2,0,32.4099063873291,30.226705479856808,1,2,0
758,1748170505.106455,32.79995918273926,30.45487308000807,2,2,0,32.70292282104492,29.49055489411169,2,2,0,33.90312194824219,30.212915745642114,1,2,0
759,1748170505.207975,32.67717361450195,30.464148750726324,2,2,0,33.510684967041016,29.51524339397414,2,2,0,32.996177673339844,30.189929405983854,1,2,0
760,1748170505.309217,32.00697898864746,30.486284225836062,2,2,0,32.96995162963867,29.55155211905815,2,2,0,32.67502784729004,30.18457747533018,1,2,0
761,1748170505.4089558,32.501935958862305,30.512276651749502,2,2,0,32.575368881225586,29.636062462507162,2,2,0,31.9368839263916,30.236852596295186,1,2,0
762,1748170505.50796,33.00309181213379,30.509783420970066,2,2,0,33.75506401062012,29.663792286464226,2,2,0,33.19716453552246,30.247980849622515,1,2,0
763,1748170505.609937,32.319068908691406,30.521424453064036,2,2,0,32.99999237060547,29.723718431763476,2,2,0,33.31613540649414,30.236387583073753,1,2,0
764,1748170505.710609,32.505035400390625,30.524934045740412,2,2,0,33.62607955932617,29.727959976242033,2,2,0,33.319950103759766,30.240267975397135,1,2,0
765,1748170505.812177,32.41610527038574,30.528155584777302,2,2,0,33.90908241271973,29.734788315089343,2,2,0,32.779693603515625,30.23183266300509,1,2,0
766,1748170505.9133272,33.65683555603027,30.490746213104256,2,2,0,35.42518615722656,29.696388121739286,2,2,0,32.46116638183594,30.24377135712392,1,2,0
767,1748170506.0168378,32.922983169555664,30.490229028461542,3,3,1,32.896995544433594,29.717421549874867,3,3,1,33.14495086669922,30.26020155652466,1,3,0
768,1748170506.117858,33.08582305908203,30.500768281500086,4,3,1,33.72693061828613,29.721717461011085,4,3,1,32.81593322753906,30.294588828072975,1,3,0
769,1748170506.22127,32.54103660583496,30.502187867932335,5,4,2,34.95287895202637,29.660652699213703,5,4,2,32.948970794677734,30.306737738547103,1,4,0
770,1748170506.324439,32.90700912475586,30.478331239745007,5,4,1,34.9581241607666,29.626914414043203,5,4,1,32.362937927246094,30.319451619618942,1,4,0
771,1748170506.427056,32.72724151611328,30.465483791537448,4,3,0,34.31987762451172,29.662155982118186,4,3,0,32.94205665588379,30.28844147150428,1,3,0
772,1748170506.529139,32.46903419494629,30.493458025460267,3,2,0,34.67392921447754,29.624989228699544,3,2,0,32.32979774475098,30.301015956848623,1,2,0
773,1748170506.630591,32.959938049316406,30.502572361998713,3,3,1,33.76603126525879,29.610634958772383,3,3,1,32.18507766723633,30.33204455994845,1,3,0
774,1748170506.731631,33.37979316711426,30.465033847584184,4,4,1,34.27481651306152,29.599726936316273,4,4,1,33.78891944885254,30.30024251440554,1,4,0
775,1748170506.8353522,31.772851943969727,30.47825003288128,4,4,0,34.92999076843262,29.576057869159758,4,4,0,33.32710266113281,30.349529751454355,1,4,0
776,1748170506.937485,32.65810012817383,30.477858769512338,4,4,0,35.961151123046875,29.55912594770514,4,4,0,32.811641693115234,30.364133247908725,1,4,0
777,1748170507.041297,31.98719024658203,30.51965515434812,4,4,0,35.0947380065918,29.512571251791627,4,4,0,32.871246337890625,30.335028053407186,1,4,0
778,1748170507.143445,32.527923583984375,30.513282937443574,4,3,0,34.55519676208496,29.482463516865668,4,3,0,32.8679084777832,30.312658845658515,1,3,0
779,1748170507.245439,33.01715850830078,30.518870510119587,4,4,1,33.87188911437988,29.45921603708848,4,4,1,33.69402885437012,30.288572705720256,1,4,0
780,1748170507.348093,32.135009765625,30.54210862173129,4,3,0,34.59572792053223,29.402823840498787,4,3,0,33.915042877197266,30.276438351417994,1,3,0
781,1748170507.4524539,33.37430953979492,30.556527056302553,4,3,1,35.768985748291016,29.36601588618518,4,3,1,33.4780216217041,30.280948426248422,1,3,0
782,1748170507.557614,33.4620475769043,30.538231910649017,3,3,0,33.949851989746094,29.38160203353958,3,3,0,32.065629959106445,30.318282753515913,1,3,0
783,1748170507.659116,32.418012619018555,30.639891942672346,4,3,1,34.38425064086914,29.374585191678502,4,3,1,32.0889949798584,30.35141115872623,1,3,0
784,1748170507.760274,33.00213813781738,30.63194064913487,4,3,1,33.448219299316406,29.360095703894725,4,3,1,32.914161682128906,30.34121628545972,1,3,0
785,1748170507.8619142,32.08804130554199,30.68202949035971,3,3,0,34.619808197021484,29.344162819148863,3,3,0,32.90891647338867,30.392237232598738,1,3,0
786,1748170507.963711,33.89406204223633,30.62942782475259,4,4,1,34.54422950744629,29.299401084665217,4,4,1,33.551692962646484,30.39319890957628,1,4,0
787,1748170508.067889,34.1029167175293,30.542642395173537,5,5,1,35.15791893005371,29.263627287203473,5,5,1,33.590078353881836,30.357122694972837,1,5,0
788,1748170508.173028,32.45687484741211,30.55353693111456,5,5,0,36.56601905822754,29.15379493175003,5,5,0,32.38701820373535,30.403671178964178,1,5,0
789,1748170508.2767081,31.920909881591797,30.577243985173713,5,4,0,35.71200370788574,29.09151441083896,5,4,0,33.34999084472656,30.392582254742972,1,4,0
790,1748170508.379827,33.18595886230469,30.54054447645039,4,2,0,33.72597694396973,29.070188720743342,4,2,0,33.04696083068848,30.38096592493582,1,2,0
791,1748170508.4822452,33.14805030822754,30.52049165913735,2,1,0,31.973838806152344,29.087136497826943,2,1,0,32.84096717834473,30.353109750066942,1,1,0
792,1748170508.582237,31.545162200927734,30.566139486345346,3,3,1,33.258914947509766,29.101176035246365,3,3,1,33.8289737701416,30.333960363315782,1,3,0
793,1748170508.6845372,31.650781631469727,30.587047900191646,3,2,0,34.19375419616699,29.06745554147437,3,2,0,33.97107124328613,30.313856490120884,1,2,0
794,1748170508.7865338,32.446861267089844,30.58888451041277,4,4,2,34.845829010009766,29.032969020823217,4,4,2,32.67788887023926,30.33371904651701,1,4,0
795,1748170508.888651,32.518863677978516,30.58564270770514,4,2,0,33.06913375854492,29.05656822048693,4,2,0,32.84907341003418,30.3315985488556,1,2,0
796,1748170508.989186,32.3491096496582,30.626460687694564,3,3,1,35.01486778259277,29.068187472754882,3,3,1,31.94904327392578,30.347472915480864,1,3,0
797,1748170509.0907588,32.765865325927734,30.631239701168663,4,3,1,33.82396697998047,29.042008614109722,4,3,1,32.26184844970703,30.374849458412385,1,3,0
798,1748170509.191942,32.50408172607422,30.649482245926368,4,4,1,34.1951847076416,29.02882970756877,4,4,1,33.55216979980469,30.352128643945306,1,4,0
799,1748170509.2943401,32.77587890625,30.642003532999258,4,3,0,34.149885177612305,29.051181275975225,4,3,0,32.50288963317871,30.365928528679266,1,3,0
800,1748170509.396123,32.134056091308594,30.66604243948697,3,2,0,34.29293632507324,29.069953660557225,3,2,0,33.22291374206543,30.3394239254662,1,2,0
801,1748170509.497823,34.22689437866211,30.61927633560889,2,1,0,34.68489646911621,29.059655041491652,2,1,0,34.422874450683594,30.294114743824792,1,1,0
802,1748170509.603252,36.29016876220703,30.500413405538108,1,1,0,32.631635665893555,29.117310979128785,1,1,0,32.26017951965332,30.29616435308581,1,1,0
803,1748170509.706508,32.97591209411621,30.499770213904675,1,1,0,32.52387046813965,29.152565619795805,1,1,0,34.99913215637207,30.21025359936213,1,1,0
804,1748170509.808933,37.68420219421387,30.366983813171874,3,3,0,42.89984703063965,28.910456684099298,3,3,0,33.3399772644043,30.223852149732455,1,3,0
805,1748170509.9273589,32.73296356201172,30.337595204972477,3,1,0,32.78994560241699,28.970289302007536,3,1,0,34.027099609375,30.20261794657246,1,1,0
806,1748170510.0290701,32.37104415893555,30.34655072368697,1,1,0,33.18309783935547,29.048270608129553,1,1,0,32.48119354248047,30.212407943112012,1,1,0
807,1748170510.129201,33.30707550048828,30.306051594589235,1,1,0,32.752037048339844,29.114461147320945,1,1,0,33.79082679748535,30.184541271165973,1,1,0
808,1748170510.230997,32.959938049316406,30.29302075988033,1,1,0,32.57012367248535,29.17063072106418,1,1,0,33.709049224853516,30.15919796057873,1,1,0
809,1748170510.332075,32.11474418640137,30.320613269596066,1,1,0,32.647132873535156,29.205418138494952,1,1,0,33.70809555053711,30.158771475062576,1,1,0
810,1748170510.432449,31.724929809570312,30.3330901783549,1,1,0,33.87904167175293,29.225958444173106,1,1,0,32.61733055114746,30.19826887327006,1,1,0
811,1748170510.532591,33.89286994934082,30.3174061630805,1,1,0,33.265113830566406,29.297511405456834,1,1,0,32.765865325927734,30.219874359567385,1,1,0
812,1748170510.6344142,33.61797332763672,30.312666148081888,2,2,0,33.38503837585449,29.3137555929024,2,2,0,32.56487846374512,30.204546436544323,1,2,0
813,1748170510.7360342,32.48000144958496,30.310607004080385,2,2,0,34.583091735839844,29.308115863713866,2,2,0,32.47690200805664,30.1926966420198,1,2,0
814,1748170510.837462,32.765865325927734,30.318034381079368,2,1,0,32.88698196411133,29.324303475920253,2,1,0,32.43112564086914,30.207381618908997,1,1,0
815,1748170510.937581,32.35197067260742,30.310015599541742,1,1,0,32.48000144958496,29.38584943400959,1,1,0,33.022165298461914,30.203886662261155,1,1,0
816,1748170511.0373209,33.66494178771973,30.316814493191497,1,1,0,32.5469970703125,29.443506120632406,1,1,0,33.55097770690918,30.204096916870583,1,1,0
817,1748170511.140615,32.11808204650879,30.37772403758337,1,1,0,33.480167388916016,29.492123932945088,1,1,0,32.444000244140625,30.23901800247095,1,1,0
818,1748170511.240957,31.58092498779297,30.404442564004302,1,1,0,32.68003463745117,29.605145115163946,1,1,0,32.55105018615723,30.23393196921274,1,1,0
819,1748170511.339776,32.8068733215332,30.377034675640864,1,1,0,32.81283378601074,29.69029196405144,1,1,0,32.414913177490234,30.262574099692348,1,1,0
820,1748170511.439731,33.00619125366211,30.382631145082847,1,1,0,32.77230262756348,29.718523487079683,1,1,0,32.92703628540039,30.266191852389046,1,1,0
821,1748170511.540695,32.6848030090332,30.396862648847954,1,1,0,32.8519344329834,29.692702099623574,1,1,0,32.71818161010742,30.27019641003497,1,1,0
822,1748170511.640897,32.80496597290039,30.357986935093336,1,1,0,32.89794921875,29.703321162826,1,1,0,32.958030700683594,30.29657284928463,1,1,0
823,1748170511.7414331,32.586097717285156,30.329229791740886,1,1,0,33.28585624694824,29.730053104772058,1,1,0,33.289194107055664,30.317639915573587,1,1,0
824,1748170511.842367,32.900094985961914,30.315470538760486,2,2,0,33.32805633544922,29.774837897199777,2,2,0,33.19406509399414,30.30182592475038,1,2,0
825,1748170511.943748,32.486915588378906,30.31642736366427,2,2,0,32.720088958740234,29.785128020372287,2,2,0,32.43064880371094,30.314689054834243,1,2,0
826,1748170512.043444,32.3948860168457,30.314951979508173,2,2,0,33.25819969177246,29.837180759140207,2,2,0,32.57584571838379,30.295369275999892,1,2,0
827,1748170512.143552,32.43279457092285,30.325158441204135,4,4,1,33.78772735595703,29.83820668823468,4,4,1,32.447099685668945,30.289527833437482,1,4,0
828,1748170512.244436,33.37287902832031,30.298608199872522,4,3,0,34.78693962097168,29.82057053124973,4,3,0,36.212921142578125,30.20840415540716,1,3,0
829,1748170512.3524008,32.360076904296875,30.311468597672242,3,3,0,34.11507606506348,29.821694267075134,3,3,0,32.798051834106445,30.199428503679016,1,3,0
830,1748170512.453994,32.60374069213867,30.297083485024473,3,2,0,33.7221622467041,29.83860292801194,3,2,0,33.03408622741699,30.205169985985933,1,2,0
831,1748170512.555414,31.75806999206543,30.372796520633393,2,2,0,33.90693664550781,29.86167372256382,2,2,0,32.52387046813965,30.262938019587953,1,2,0
832,1748170512.655843,31.790733337402344,30.511692148622057,2,1,0,33.422231674194336,29.83820668823468,2,1,0,31.857013702392578,30.27530193707467,1,1,0
833,1748170512.754784,32.84287452697754,30.51593955458979,2,2,1,33.54907035827637,29.807798407570658,2,2,1,32.83405303955078,30.341516252103283,1,2,0
834,1748170512.856132,32.67359733581543,30.672321613351514,2,2,0,32.946109771728516,30.105361126895353,2,2,0,33.63204002380371,30.33274650561086,1,2,0
835,1748170512.9577112,32.4552059173584,30.680854944350784,2,1,0,31.959056854248047,30.130491346193217,2,1,0,32.93728828430176,30.36622165590339,1,1,0
836,1748170513.0574532,32.50312805175781,30.67671108640639,1,1,0,33.26416015625,30.128103398324424,1,1,0,32.5617790222168,30.363796198454118,1,1,0
837,1748170513.157859,31.991958618164062,30.717922640485497,1,1,0,32.164812088012695,30.146090851461125,1,1,0,32.820940017700195,30.39356597790527,1,1,0
838,1748170513.256993,32.32002258300781,30.73819076523802,1,1,0,33.924102783203125,30.105101825243718,1,1,0,32.54985809326172,30.429206438568148,1,1,0
839,1748170513.357643,31.644821166992188,30.75322339197008,3,3,1,33.84685516357422,30.06885799910579,3,3,1,32.208919525146484,30.475954272427828,1,3,0
840,1748170513.45764,32.67097473144531,30.723555411441655,3,3,0,34.53397750854492,30.04905363804333,3,3,0,32.42778778076172,30.481712782399313,1,3,0
841,1748170513.560947,33.97727012634277,30.720825022156358,4,4,0,34.754037857055664,30.004213447981087,4,4,0,34.5761775970459,30.42585124911772,1,4,0
842,1748170513.666524,33.28204154968262,30.73139672647156,4,3,0,34.45029258728027,29.97209524347168,4,3,0,33.08296203613281,30.41002708959529,1,3,0
843,1748170513.769551,32.09424018859863,30.74370327513254,3,2,0,34.339189529418945,29.97943619777179,3,2,0,33.09226036071777,30.391165511642942,1,2,0
844,1748170513.871267,32.44805335998535,30.75350149503683,2,2,0,34.66320037841797,29.926331193548826,2,2,0,32.080888748168945,30.402091798384614,1,2,0
845,1748170513.9726772,33.18214416503906,30.72744930594746,3,3,0,34.09981727600098,29.877989244513508,3,3,0,31.98981285095215,30.434969378573708,1,3,0
846,1748170514.074093,33.229827880859375,30.741021875555038,3,2,0,33.16187858581543,29.859767508415988,3,2,0,32.659292221069336,30.462371336555268,1,2,0
847,1748170514.175224,32.29713439941406,30.73526257912254,3,2,1,33.08606147766113,29.871513373192368,3,2,1,31.86202049255371,30.480383702340006,1,2,0
848,1748170514.274763,32.219886779785156,30.715185754576552,3,3,1,33.85591506958008,29.83663598409302,3,3,1,32.94801712036133,30.46816160176045,1,3,0
849,1748170514.3758879,31.64529800415039,30.751682641784264,3,2,0,33.0660343170166,29.82906779184888,3,2,0,34.63387489318848,30.399682640845644,1,2,0
850,1748170514.477202,33.051252365112305,30.750172104904692,3,2,1,32.5469970703125,29.83553234497353,3,2,1,33.0660343170166,30.395342713932003,1,2,0
851,1748170514.577961,34.15799140930176,30.703935904628025,3,2,1,36.495208740234375,29.727945929395222,3,2,1,33.24127197265625,30.378992838687214,1,2,0
852,1748170514.684,33.30206871032715,30.68833018269476,3,2,0,32.73320198059082,29.73283503371462,3,2,0,33.271074295043945,30.369402450132572,1,2,0
853,1748170514.787103,33.31112861633301,30.665706127725034,3,3,1,33.965110778808594,29.71292340562592,3,3,1,34.66987609863281,30.327073374773956,1,3,0
854,1748170514.89135,32.39917755126953,30.68125891818241,4,4,1,34.55996513366699,29.676840228142748,4,4,1,33.41221809387207,30.320328328343766,1,4,0
855,1748170514.993765,32.49621391296387,30.681124259056517,4,3,0,35.88986396789551,29.584179841472075,4,3,0,32.66310691833496,30.313308775117424,1,3,0
856,1748170515.0971699,32.28902816772461,30.684506057202388,5,5,2,36.13591194152832,29.50045576799721,5,5,2,32.85789489746094,30.30476698305903,1,5,0
857,1748170515.2009459,32.96494483947754,30.66794087088007,5,3,0,34.46197509765625,29.48097148481531,5,3,0,32.45115280151367,30.304672101299186,1,3,0
858,1748170515.3031611,33.14375877380371,30.6751181681685,4,4,1,33.85806083679199,29.508107223310603,4,4,1,33.475637435913086,30.388699372442282,1,4,0
859,1748170515.405941,32.724857330322266,30.664047097654333,5,4,1,35.325050354003906,29.473030337313144,5,4,1,33.823251724243164,30.35709339955985,1,4,0
860,1748170515.51014,32.553911209106445,30.665736021805163,5,4,1,35.36677360534668,29.425335524366517,5,4,1,33.05196762084961,30.35673453533944,1,4,0
861,1748170515.613618,31.795978546142578,30.66440579164825,5,4,1,35.04180908203125,29.392610753897827,5,4,1,32.980918884277344,30.34273812873967,1,4,0
862,1748170515.7156742,33.18667411804199,30.620826201078245,5,3,1,34.327030181884766,29.366571025683037,5,3,1,32.79376029968262,30.313944126358212,1,3,0
863,1748170515.8182368,34.31296348571777,30.57501501060766,3,2,0,32.75799751281738,29.389240001504156,3,2,0,33.013105392456055,30.308482435987543,1,2,0
864,1748170515.9206579,32.42135047912598,30.5825725511775,2,2,0,33.350229263305664,29.37758220083826,2,2,0,33.58101844787598,30.309825770878952,1,2,0
865,1748170516.0237582,32.72533416748047,30.5740863671132,3,3,1,33.725738525390625,29.3268596104579,3,3,1,32.399654388427734,30.326247438651766,1,3,0
866,1748170516.124927,32.5160026550293,30.573618352171763,4,4,1,34.58404541015625,29.288987003168437,4,4,1,32.99832344055176,30.312746474971274,1,4,0
867,1748170516.227484,33.22410583496094,30.53543802752747,4,3,0,34.82985496520996,29.212659573208487,4,3,0,33.81013870239258,30.28236219960796,1,3,0
868,1748170516.331705,32.515764236450195,30.529014776699672,3,3,0,34.628868103027344,29.192584943406633,3,3,0,32.86600112915039,30.272650635337953,2,3,1
869,1748170516.433857,34.03067588806152,30.454843595628105,3,2,0,33.303022384643555,29.208089186153373,3,2,0,32.89389610290527,30.25127510388956,2,2,0
870,1748170516.536104,34.40093994140625,30.40157761686013,2,2,0,33.78105163574219,29.229509118286142,2,2,0,33.048152923583984,30.232486394925576,2,2,0
871,1748170516.639661,33.63800048828125,30.41220267048222,2,2,0,34.581899642944336,29.234432608039562,2,2,0,33.273935317993164,30.272199086270238,2,2,0
872,1748170516.743096,33.143043518066406,30.41670917090863,3,3,1,35.29095649719238,29.210550507700237,3,3,1,32.694101333618164,30.283965607494633,2,3,0
873,1748170516.846279,32.06920623779297,30.41742239369359,3,1,0,33.7679386138916,29.22675947692956,3,1,0,34.082889556884766,30.253675343551002,1,1,0
874,1748170516.948289,33.165693283081055,30.395452849035024,1,1,0,32.804012298583984,29.279786218601902,1,1,0,32.75799751281738,30.23291496786033,1,1,0
875,1748170517.049045,33.2338809967041,30.393793564721985,1,1,0,32.839059829711914,29.315811288075817,1,1,0,32.97781944274902,30.201748031700177,1,1,0
876,1748170517.1500869,32.50932693481445,30.416069504697806,1,1,0,33.0510139465332,29.318932944617284,1,1,0,33.577919006347656,30.17392995465126,1,1,0
877,1748170517.2528021,31.9669246673584,30.426432467984682,2,2,1,33.40792655944824,29.30965872165855,2,2,1,46.60820960998535,29.73279287939172,1,2,0
878,1748170517.3671758,95.55196762084961,28.590080856213362,4,3,1,36.24701499938965,29.24132148551507,4,3,1,33.24413299560547,29.72406950704425,1,3,0
879,1748170517.534275,33.08296203613281,28.551228859565228,4,3,1,34.74307060241699,29.193546703157114,4,3,1,32.48000144958496,29.787694610906023,1,3,0
880,1748170517.636706,32.387733459472656,28.56919831539771,3,3,0,34.25884246826172,29.145050159345764,3,3,0,32.84120559692383,29.79446576299986,1,3,0
881,1748170517.738292,32.3488712310791,28.618386173740728,3,2,0,61.3551139831543,28.457876710469893,3,2,0,37.014007568359375,29.683210951843883,1,2,0
882,1748170517.870941,32.469987869262695,28.64119859121556,4,4,1,34.1951847076416,28.418407342990193,4,4,1,33.65921974182129,29.671703636489255,1,4,0
883,1748170517.973452,31.486988067626953,28.691138633231514,5,4,1,35.84098815917969,28.368017119675862,5,4,1,32.86385536193848,29.724589113679926,1,4,0
884,1748170518.0757928,32.89389610290527,28.677701000000226,4,3,0,35.512685775756836,28.34247080139724,4,3,0,32.7610969543457,29.743757029413974,1,3,0
885,1748170518.17916,32.257080078125,28.684068410944384,4,4,1,34.91687774658203,28.368445626915918,4,4,1,34.101009368896484,29.70141407856401,1,4,0
886,1748170518.282729,32.58204460144043,28.675956012421242,4,4,0,36.1790657043457,28.36732002361743,4,4,0,34.995079040527344,29.638708145602145,1,4,0
887,1748170518.388906,37.241220474243164,28.559231938990898,4,3,0,38.85483741760254,28.250102377308878,4,3,0,37.41908073425293,29.494156328325722,1,3,0
888,1748170518.505412,37.06002235412598,28.453449351918014,3,3,0,36.330223083496094,28.184464725494657,3,3,0,33.21504592895508,29.50165926013457,1,3,0
889,1748170518.6158028,33.44297409057617,28.433980188497618,3,2,0,33.93292427062988,28.22138748911104,3,2,0,33.6458683013916,29.506910124413896,1,2,0
890,1748170518.7189739,32.21702575683594,28.443126347090846,2,2,0,32.81879425048828,28.2892706631939,2,2,0,32.75179862976074,29.515589561780857,1,2,0
891,1748170518.8189409,33.17689895629883,28.40591645446172,2,2,0,33.792972564697266,28.322738773747158,2,2,0,33.42604637145996,29.502579237007275,1,2,0
892,1748170518.921366,32.69004821777344,28.419241743218624,2,2,0,33.59627723693848,28.342330353647544,2,2,0,33.16092491149902,29.49197186020103,1,2,0
893,1748170519.022957,32.559871673583984,28.466696921557332,2,2,0,34.12294387817383,28.30588020925307,2,2,0,33.1568717956543,29.48780429503665,1,2,0
894,1748170519.124726,32.07898139953613,28.475993028843487,2,2,0,33.90693664550781,28.29107067938166,2,2,0,32.46498107910156,29.52015281237551,1,2,0
895,1748170519.225089,33.21409225463867,28.46297502714441,2,2,0,33.141136169433594,28.306587024635878,2,2,0,32.48119354248047,29.517763681237824,1,2,0
896,1748170519.325781,32.820940017700195,28.454742667419552,2,2,0,33.190250396728516,28.343779585983754,2,2,0,32.84311294555664,29.522299897798586,1,2,0
897,1748170519.426697,32.23085403442383,28.481407280634702,2,2,0,32.7458381652832,28.39964628278689,2,2,0,32.46593475341797,29.56139676990792,1,2,0
898,1748170519.526264,32.106876373291016,28.492358093681933,3,3,1,34.339189529418945,28.407468396667927,3,3,1,36.110877990722656,29.46721874861685,1,3,0
899,1748170519.630993,32.35316276550293,28.537863680001742,3,2,0,33.91289710998535,28.391091772933756,3,2,0,33.07914733886719,29.461864729220785,1,2,0
900,1748170519.7324622,33.01095962524414,28.575517629716565,2,2,0,33.590078353881836,28.396307167911747,2,2,0,32.675981521606445,29.47258161758127,1,2,0
