frame_number,timestamp,YOLO_Simple_processing_time_ms,YOLO_Simple_fps,YOLO_Simple_track_count,YOLO_Simple_detection_count,YOLO_Simple_id_switches,YOLO_Advanced_processing_time_ms,YOLO_Advanced_fps,YOLO_Advanced_track_count,YOLO_Advanced_detection_count,YOLO_Advanced_id_switches,ByteTrack_processing_time_ms,ByteTrack_fps,ByteTrack_track_count,ByteTrack_detection_count,ByteTrack_id_switches
0,1748170189.0440772,93.0941104888916,10.75027040327252,6,6,0,53.52902412414551,18.694026724191723,6,6,0,49.552202224731445,20.195896591407013,3,6,0
1,1748170189.246271,33.299922943115234,15.837214000230329,6,6,0,38.39111328125,21.77411383599477,6,6,0,34.030914306640625,23.946925492435057,3,6,0
2,1748170189.355297,33.59794616699219,18.768196313454787,6,5,0,37.36710548400879,23.22174587854036,6,5,0,34.474849700927734,25.433280376438628,3,5,0
3,1748170189.4638941,33.35690498352051,20.707371591140515,5,5,0,36.38505935668945,24.161676793308494,5,5,0,34.24787521362305,26.285576412379147,4,5,1
4,1748170189.570295,32.90081024169922,22.12075983574654,5,5,0,39.65592384338379,24.368572049402914,5,5,0,38.62786293029785,26.20948572142723,4,5,0
5,1748170189.683659,35.93182563781738,22.906967895795596,5,5,0,38.32602500915527,24.6423466305277,5,5,0,35.674095153808594,26.500857708796016,4,5,0
6,1748170189.7965178,33.521175384521484,23.696518015247708,5,5,0,37.554025650024414,24.909963093369534,5,5,0,34.49821472167969,26.83228523983992,4,5,0
7,1748170189.9040651,32.814741134643555,24.376949353496812,5,5,0,38.880109786987305,25.010459028514866,5,5,0,34.36017036437988,27.100589269099554,4,5,0
8,1748170190.012403,33.48708152770996,24.88718705374626,5,5,0,37.03784942626953,25.218547576800567,5,5,0,34.127235412597656,27.331400160301314,4,5,0
9,1748170190.119416,35.962820053100586,25.15363957698891,5,5,0,43.42484474182129,24.982571839046226,5,5,0,33.95485877990723,27.531868749327177,4,5,0
10,1748170190.234965,34.2860221862793,25.474594613695892,5,5,0,38.632869720458984,25.06344665589612,5,5,0,34.87586975097656,27.63406888670338,4,5,0
11,1748170190.344921,33.94722938537598,25.767283941768763,5,5,0,37.754058837890625,25.177544146800333,5,5,0,34.874916076660156,27.71967966726459,4,5,0
12,1748170190.4537191,33.52189064025879,26.042046723463844,5,5,0,37.69493103027344,25.277855455378237,5,5,0,35.31384468078613,27.767539968772564,4,5,0
13,1748170190.5645282,33.65206718444824,26.275737424550435,6,6,1,38.01298141479492,25.34991143542816,6,6,1,34.98196601867676,27.82611596597002,4,6,0
14,1748170190.673995,34.50608253479004,26.44193283201953,7,6,1,39.24298286437988,25.35984711833294,7,6,1,33.63990783691406,27.946786352509097,4,6,0
15,1748170190.78406,34.51204299926758,26.588719314093726,7,7,1,40.94886779785156,25.30007886851578,7,7,1,34.358978271484375,28.01815637326778,4,7,0
16,1748170190.896972,33.528804779052734,26.76103346294156,7,5,0,38.6049747467041,25.33572537436046,7,5,0,34.73997116088867,28.063407100474343,4,5,1
17,1748170191.006892,33.27488899230957,26.926359113361983,5,5,0,38.12098503112793,25.384963931970052,5,5,0,34.64508056640625,28.10804274352618,4,5,0
18,1748170191.1157749,33.960819244384766,27.049619280595955,5,4,0,36.45014762878418,25.4860766739956,5,4,0,35.414934158325195,28.11594419696881,4,4,0
19,1748170191.224417,34.58976745605469,27.138236453055352,5,4,1,35.67910194396973,25.60310975271044,5,4,1,33.75101089477539,28.189222402825976,3,4,0
20,1748170191.331103,33.31875801086426,27.264032805843044,5,5,1,37.30893135070801,25.658601099632893,5,5,1,33.99920463562012,28.24622856127654,4,5,0
21,1748170191.438487,34.72495079040527,27.331408255757093,6,6,0,38.36488723754883,25.677656731631615,6,6,0,33.20503234863281,28.327555137228323,4,6,0
22,1748170191.547661,34.291982650756836,27.40722499160473,6,4,0,38.26093673706055,25.69800282316036,6,4,0,33.68091583251953,28.38542197531881,4,4,0
23,1748170191.6567008,32.83286094665527,27.52307189640771,4,4,0,35.13479232788086,25.803056277837477,4,4,0,34.79504585266113,28.40097958446659,4,4,0
24,1748170191.762469,33.05411338806152,27.624135606365762,5,5,1,36.39483451843262,25.86670620191047,5,5,1,33.432960510253906,28.459274703424825,4,5,0
25,1748170191.8692648,33.950090408325195,27.691368391864238,6,6,0,37.82486915588379,25.888853885669885,6,6,0,33.03408622741699,28.525836161234995,4,6,0
26,1748170191.9770482,33.10799598693848,27.779675390063005,6,6,0,37.94717788696289,25.906360184354227,6,6,0,34.734249114990234,28.53644055389511,4,6,0
27,1748170192.085653,34.605979919433594,27.8193201778022,7,6,1,37.43267059326172,25.934996722805913,7,6,1,33.40005874633789,28.585155840021184,4,6,0
28,1748170192.194232,32.521963119506836,27.912028843965018,6,6,0,38.639068603515625,25.933673572728996,6,6,0,34.61408615112305,28.596440339062347,4,6,0
29,1748170192.3029811,32.40799903869629,28.00208208942436,6,6,0,37.28604316711426,25.962825628581058,6,6,0,33.596038818359375,28.634661222030207,3,6,0
30,1748170192.4090738,34.08193588256836,29.633200909703003,6,6,0,37.921905517578125,26.31799970927223,6,6,0,33.62298011779785,29.076469593236226,3,6,0
31,1748170192.517459,36.0562801361084,29.552856956642746,6,5,0,37.892818450927734,26.329432192187998,6,5,0,33.92314910888672,29.079594246346076,3,5,0
32,1748170192.62842,33.41817855834961,29.558008025796433,5,3,0,35.993099212646484,26.361182358520033,5,3,0,33.11514854431152,29.11788370768615,2,3,0
33,1748170192.733531,33.64396095275879,29.549740806826527,4,4,1,35.84885597229004,26.373680546953256,4,4,1,33.107757568359375,29.150201849705944,3,4,0
34,1748170192.839006,35.66431999206543,29.469482372873177,4,4,0,35.83788871765137,26.46268615282892,4,4,0,34.008026123046875,29.281762195893872,3,4,0
35,1748170192.947217,33.100128173828125,29.551801972654705,4,3,0,35.056114196777344,26.539240301287762,4,3,0,34.48915481567383,29.315408321785394,2,3,0
36,1748170193.0524642,34.39188003540039,29.526033799719496,3,1,0,33.21099281311035,26.64162058747058,3,1,0,33.075809478759766,29.35634201042539,1,1,0
37,1748170193.157057,32.257080078125,29.542220337717623,4,4,2,34.191131591796875,26.752925237988528,4,4,2,32.48095512390137,29.410129140890067,1,4,0
38,1748170193.258921,33.296823501586914,29.54766605150671,4,2,0,35.40205955505371,26.792104758862983,4,2,0,33.605098724365234,29.425101566769584,1,2,0
39,1748170193.363776,32.425880432128906,29.65087459263047,3,3,1,33.738136291503906,27.025862791078286,3,3,1,33.272743225097656,29.444828995087267,1,3,0
40,1748170193.4659998,33.92314910888672,29.661449769776226,5,5,0,35.59088706970215,27.100110658302754,5,5,0,33.0963134765625,29.49632037686542,2,5,1
41,1748170193.5713332,31.98099136352539,29.719421942217842,5,3,0,34.83867645263672,27.171651626024072,5,3,0,33.12110900878906,29.547333007558183,2,3,0
42,1748170193.6739671,33.985137939453125,29.705873673489958,5,5,2,35.33625602722168,27.22982278310082,5,5,2,33.26010704040527,29.606789067976095,3,5,0
43,1748170193.7793732,33.66684913635254,29.70553004073296,6,4,0,36.775827407836914,27.26038671760161,6,4,0,34.41905975341797,29.623266539458925,2,4,0
44,1748170193.886816,31.993865966796875,29.779481668202234,5,3,1,35.0799560546875,27.364055171261953,5,3,1,32.9890251159668,29.642527418292843,2,3,0
45,1748170193.9896,33.07080268859863,29.82214661231981,4,4,1,34.976959228515625,27.51385049879726,4,4,1,33.95891189575195,29.654068018418975,3,4,0
46,1748170194.0946329,33.09297561645508,29.835171557585625,5,5,0,35.243988037109375,27.598953237180478,5,5,0,33.770084381103516,29.68264377653245,4,5,0
47,1748170194.199627,33.84804725646973,29.818090131216632,5,3,0,34.7437858581543,27.68483380622813,5,3,0,33.55121612548828,29.714740744571642,2,3,0
48,1748170194.3044028,32.44280815124512,29.863615618426568,3,3,0,35.264015197753906,27.715170720522384,3,3,0,34.3930721282959,29.744846857763413,3,3,1
49,1748170194.410401,31.93187713623047,29.943109360101072,4,4,1,35.321950912475586,27.724208406951835,4,4,1,33.5688591003418,29.750233891955038,3,4,0
50,1748170194.5139809,33.84113311767578,29.927277847332952,4,3,0,35.037994384765625,27.782545250449814,4,3,0,34.11102294921875,29.746984559497815,3,3,0
51,1748170194.619361,32.35220909118652,29.9982119672318,3,3,0,34.29603576660156,27.887529778784273,3,3,0,34.2259407043457,29.716902193794855,3,3,0
52,1748170194.722738,33.02192687988281,30.03639339237691,4,4,0,34.80696678161621,27.977258729752865,4,4,0,33.34617614746094,29.726534288992696,3,4,0
53,1748170194.826283,32.40084648132324,30.04939091228229,5,4,0,36.309003829956055,27.94674290349211,5,4,0,33.97393226623535,29.75077551638042,3,4,0
54,1748170194.931469,32.948970794677734,30.052376478208473,4,4,0,35.02821922302246,27.982422743688733,4,4,0,33.89692306518555,29.737121347115437,3,4,0
55,1748170195.0358698,33.3099365234375,30.071682137969834,5,5,0,36.70620918273926,28.011682041699252,5,5,0,33.29277038574219,29.72947008969465,3,5,0
56,1748170195.1417549,32.961130142211914,30.07432710522957,5,4,0,35.50386428833008,28.07577097347052,5,4,0,33.2028865814209,29.774830851606815,3,4,0
57,1748170195.246219,33.06293487548828,30.12053805141281,5,5,1,35.858154296875,28.117246363145167,5,5,1,33.2341194152832,29.779636720444575,3,5,0
58,1748170195.350997,32.68003463745117,30.115607116265053,6,5,1,37.0478630065918,28.15955656948273,6,5,1,34.60502624511719,29.77986930183551,3,5,0
59,1748170195.457956,31.919002532958984,30.130404767452134,5,4,0,35.15291213989258,28.215995708932134,5,4,0,33.09893608093262,29.794628026278556,3,4,0
60,1748170195.560897,34.976959228515625,30.103402069476832,7,7,1,38.03706169128418,28.21299694840997,7,7,1,33.87713432312012,29.787257413132718,3,7,0
61,1748170195.6718762,35.41088104248047,30.122686829353775,8,6,1,40.30895233154297,28.14896708473943,8,6,1,34.255266189575195,29.777346340198207,3,6,0
62,1748170195.784916,33.6000919342041,30.117185704875844,6,5,0,36.81492805480957,28.127170661342966,6,5,0,34.02209281921387,29.750627798672216,3,5,0
63,1748170195.8922849,32.933950424194336,30.1387619093014,5,5,0,37.35613822937012,28.087459016978933,5,5,0,33.5078239440918,29.738794047189128,4,5,0
64,1748170195.998761,32.64117240905762,30.230634227909775,5,5,0,36.64517402648926,28.065989328024187,5,5,0,34.63006019592285,29.720173036247623,3,5,0
65,1748170196.105367,32.860755920410156,30.237811731237972,6,6,1,37.702083587646484,27.996655418680085,6,6,1,33.98418426513672,29.73534343108515,3,6,0
66,1748170196.212885,33.560991287231445,30.263585818658207,7,5,0,37.90593147277832,27.874438985055846,7,5,0,35.225868225097656,29.672179431279645,3,5,0
67,1748170196.322635,32.785892486572266,30.247362802382597,5,4,0,35.453081130981445,27.84186735424737,5,4,0,33.126115798950195,29.653257368177826,3,4,0
68,1748170196.4265301,33.26082229614258,30.24857710736673,5,5,0,36.667823791503906,27.809224249158955,5,5,0,32.35292434692383,29.689997730113838,3,5,0
69,1748170196.5312169,32.775163650512695,30.23792799415375,6,6,1,37.88590431213379,27.702777914767402,6,6,1,34.08479690551758,29.66605823669733,3,6,0
70,1748170196.63855,33.51187705993652,30.25034420434884,6,6,0,37.872314453125,27.644951361198764,6,6,0,33.850908279418945,29.643875221099666,3,6,0
71,1748170196.7464142,32.80377388000488,30.22472333843928,9,9,2,40.66109657287598,27.4974661420193,9,9,2,34.605979919433594,29.600416285965125,3,9,0
72,1748170196.857524,32.637834548950195,30.265594900008345,9,7,0,41.82720184326172,27.334843860316084,9,7,0,34.94977951049805,29.55112182554547,3,7,0
73,1748170196.9714072,32.75704383850098,30.293523982681318,7,5,0,37.741899490356445,27.310803589606238,7,5,0,33.606767654418945,29.574723177197857,4,5,1
74,1748170197.078629,33.35118293762207,30.25216242084387,5,5,0,36.40007972717285,27.277820135087175,5,5,0,34.844160079956055,29.520471392415043,4,5,0
75,1748170197.185756,32.84192085266113,30.259270107537432,7,7,2,37.77170181274414,27.20874353239124,7,7,2,33.59794616699219,29.53090522491569,4,7,0
76,1748170197.292781,34.04688835144043,30.231091801005324,7,6,0,39.472103118896484,27.104833301847595,7,6,0,33.92314910888672,29.526394077690885,4,6,0
77,1748170197.402915,32.37771987915039,30.27597940458669,6,6,0,37.76192665100098,27.03112285100748,6,6,0,34.67106819152832,29.49405954124146,4,6,0
78,1748170197.510682,33.39195251464844,30.24688292429765,6,5,0,37.200212478637695,26.984023707849097,6,5,0,32.96303749084473,29.535625734552134,3,5,0
79,1748170197.6168032,32.84287452697754,30.21894539153657,6,5,1,37.32919692993164,26.93539890164112,6,5,1,34.25121307373047,29.515665719788043,3,5,0
80,1748170197.723716,32.171010971069336,30.269992516045036,5,3,0,34.86776351928711,26.939412552702215,5,3,0,33.09822082519531,29.545057408164432,2,3,0
81,1748170197.826266,34.594058990478516,30.201900263185372,4,4,1,63.05098533630371,26.26133118727593,4,4,1,33.41269493103027,29.568440621019143,2,4,0
82,1748170197.959937,32.98473358154297,30.203168918578335,4,2,0,37.14108467102051,26.207929917301666,4,2,0,36.58175468444824,29.474611320316285,1,2,0
83,1748170198.0689762,33.0202579498291,30.184505067088605,3,2,0,34.94405746459961,26.239245285379592,3,2,0,32.984018325805664,29.503388587410175,0,2,0
84,1748170198.1724658,32.984018325805664,30.1835565512065,3,1,0,33.75720977783203,26.268403459445377,3,1,0,35.134077072143555,29.46777082002848,0,1,0
85,1748170198.278542,36.78083419799805,30.078669310172224,3,3,2,38.03706169128418,26.237850078507666,3,3,2,37.94097900390625,29.33403830633035,1,3,0
86,1748170198.394193,39.36600685119629,29.88695228148799,4,2,0,35.988807678222656,26.22675389386542,4,2,0,34.769296646118164,29.289130172158348,2,2,0
87,1748170198.506619,33.01811218261719,29.888521188385226,3,3,1,35.15625,26.24292824991835,3,3,1,34.00993347167969,29.267112239450988,2,3,0
88,1748170198.611159,33.12802314758301,29.875421257544883,3,1,0,33.43391418457031,26.32592319212263,3,1,0,33.92219543457031,29.286532895269712,1,1,0
89,1748170198.713845,33.33711624145508,29.833141406949608,1,1,0,33.14995765686035,26.37230417122521,1,1,0,33.94007682800293,29.26259285176578,1,1,0
90,1748170198.816712,33.29801559448242,29.88303428320233,4,4,0,35.45689582824707,26.432279073714707,4,4,0,33.6148738861084,29.270046504876593,2,4,0
91,1748170198.921603,35.54892539978027,29.87908893193205,4,3,0,36.36622428894043,26.52449902326849,4,3,0,34.39617156982422,29.266166047288575,2,3,0
92,1748170199.03035,33.429861068725586,29.884120147210545,4,4,1,36.10968589782715,26.541059620668804,4,4,1,33.73122215270996,29.274295764817555,3,4,1
93,1748170199.136137,32.84883499145508,29.88641278595426,5,5,0,35.56704521179199,26.583180712598168,5,5,0,32.438039779663086,29.305071585177206,3,5,0
94,1748170199.2393348,33.21480751037598,29.869329375099255,5,4,0,36.7121696472168,26.581670074867755,5,4,0,33.62011909484863,29.334127207447562,3,4,0
95,1748170199.3458529,33.1270694732666,29.861567421687297,4,3,0,35.09187698364258,26.64330729118694,4,3,0,34.08098220825195,29.331098034571916,3,3,0
96,1748170199.4505548,34.38735008239746,29.836671358492143,5,5,0,36.184072494506836,26.68409567575936,5,5,0,32.18698501586914,29.41844221677684,3,5,0
97,1748170199.557385,33.531904220581055,29.81466347674627,5,5,0,37.12797164916992,26.644401788446245,5,5,0,33.9810848236084,29.39372993226757,3,5,0
98,1748170199.664809,32.5162410736084,29.836692583171875,6,6,1,36.58318519592285,26.646337124792893,6,6,1,33.50496292114258,29.360568408526127,3,6,0
99,1748170199.769991,33.26106071472168,29.82230917724407,6,4,0,35.025835037231445,26.714149384156315,6,4,0,32.935142517089844,29.393599471504853,3,4,0
100,1748170199.873605,31.776905059814453,29.873917558521995,4,4,0,34.74783897399902,26.788294563873382,4,4,0,34.18326377868652,29.38407210088594,3,4,0
101,1748170199.9768882,33.46085548400879,29.854624070639908,4,4,0,35.69197654724121,26.907659017293685,4,4,0,33.45608711242676,29.417114834858086,3,4,0
102,1748170200.081887,33.167123794555664,29.838970874371196,5,4,0,36.17095947265625,27.044828357742198,5,4,0,33.47611427307129,29.45959537783372,3,4,0
103,1748170200.186968,32.3328971862793,29.851295241647012,5,5,1,35.94613075256348,27.08870488045731,5,5,1,33.54001045227051,29.46150602427975,3,5,0
104,1748170200.291193,32.66000747680664,29.87204523926529,5,4,0,36.64588928222656,27.08271704636831,5,4,0,32.88412094116211,29.518615414065813,2,4,0
105,1748170200.395883,32.7911376953125,29.873413995043304,5,4,1,34.993886947631836,27.15083220267009,5,4,1,33.76889228820801,29.51367881678006,2,4,0
106,1748170200.499725,32.67407417297363,29.913269217739835,4,3,0,36.09299659729004,27.234089708848813,4,3,0,33.49924087524414,29.526019943050027,2,3,0
107,1748170200.604291,31.929731369018555,29.926715541998895,3,2,0,34.26790237426758,27.320866639670577,3,2,0,33.455848693847656,29.561292596116573,2,2,0
108,1748170200.7061892,32.09686279296875,29.964957686078495,3,3,0,33.976078033447266,27.401388175400598,3,3,0,33.54334831237793,29.544370634526327,2,3,0
109,1748170200.809428,38.353919982910156,29.80100002084166,3,2,0,39.59298133850098,27.345013775828864,3,2,0,33.77413749694824,29.55834825394752,2,2,0
110,1748170200.923716,33.161163330078125,29.771745202428225,2,1,0,33.09011459350586,27.38952473411318,2,1,0,33.976078033447266,29.53279740659715,1,1,0
111,1748170201.0262651,33.23078155517578,29.811929783328324,3,3,1,32.90867805480957,28.16456115533033,3,3,1,33.40792655944824,29.533053874788177,1,3,0
112,1748170201.128309,32.00483322143555,29.84122828236834,3,3,0,35.366058349609375,28.211567384034243,3,3,0,33.02288055419922,29.636732564479715,1,3,0
113,1748170201.2310138,32.952070236206055,29.843132130128634,3,3,0,34.00778770446777,28.23628887790317,3,3,0,33.049821853637695,29.634659534640974,1,3,0
114,1748170201.333212,34.77621078491211,29.78981731798858,4,4,0,36.00287437438965,28.176865876687785,4,4,0,32.56726264953613,29.709913707715963,1,4,0
115,1748170201.438925,32.89294242858887,29.905185899236667,4,4,0,34.80815887451172,28.262494668317103,4,4,0,33.79702568054199,29.832405810804374,2,4,0
116,1748170201.542787,33.21695327758789,30.08944396671701,4,3,0,35.10785102844238,28.28583663876578,4,3,0,33.492088317871094,29.87019442705585,2,3,0
117,1748170201.646826,32.21392631530762,30.11348817529365,3,3,0,34.725189208984375,28.29722935736077,3,3,0,34.47294235229492,29.85638794261402,3,3,0
118,1748170201.750495,32.89389610290527,30.120437109652993,4,3,1,75.6230354309082,27.21432812062371,4,3,1,35.910844802856445,29.79762668756912,2,3,0
119,1748170201.898693,36.33928298950195,30.030142521862278,3,2,0,33.96797180175781,27.19427193813762,3,2,0,33.54907035827637,29.80923190053128,2,2,0
120,1748170202.0049129,32.95731544494629,30.04072464951447,3,3,1,34.16895866394043,27.22603435528503,3,3,1,33.753156661987305,29.805164811894297,2,3,0
121,1748170202.109534,34.438133239746094,30.074319917188085,3,2,0,36.30185127258301,27.22753074668179,3,2,0,34.360647201538086,29.806033211586417,2,2,0
122,1748170202.2170591,35.41994094848633,30.01465559355154,3,3,1,34.52587127685547,27.26685516459475,3,3,1,33.04004669189453,29.826550627623,2,3,0
123,1748170202.3222568,32.33981132507324,30.02999918379309,3,3,0,34.56902503967285,27.291634945856643,3,3,0,33.959150314331055,29.781356499034224,2,3,0
124,1748170202.4253151,33.653974533081055,30.016782129787053,3,2,0,34.54113006591797,27.34609536840879,3,2,0,33.52785110473633,29.78411278796678,2,2,0
125,1748170202.5292768,33.54597091674805,30.003991658054634,2,2,0,34.677982330322266,27.35637476691045,2,2,0,34.323930740356445,29.777078564897117,2,2,0
126,1748170202.6339252,35.31789779663086,29.975972361783906,3,3,1,36.01408004760742,27.360734994109453,3,3,1,32.781124114990234,29.7594723433401,2,3,0
127,1748170202.740155,34.194231033325195,29.956097571427446,3,2,0,35.41398048400879,27.403620055940102,3,2,0,33.44607353210449,29.775436784788795,2,2,0
128,1748170202.845833,37.136077880859375,29.818782623037997,2,2,0,35.1109504699707,27.440516599742278,2,2,0,34.651994705200195,29.741697120426707,2,2,0
129,1748170202.954997,32.00697898864746,29.85638085837399,3,3,1,33.6148738861084,27.476126631699852,3,3,1,33.17523002624512,29.734844528424237,2,3,0
130,1748170203.056028,32.46736526489258,29.83582947055081,3,2,0,34.049034118652344,27.493747057069097,3,2,0,33.531904220581055,29.753983462694585,2,2,0
131,1748170203.158175,33.386945724487305,29.837810458980965,4,4,1,34.342050552368164,27.527857301310398,4,4,1,32.66501426696777,29.777381574148993,2,4,0
132,1748170203.2610078,33.02288055419922,29.842495128000127,4,4,0,36.48805618286133,27.519801798302478,4,4,0,33.89692306518555,29.764928044918083,2,4,0
133,1748170203.368286,33.28394889831543,29.81426080824863,4,3,0,35.42304039001465,27.53296517426434,4,3,0,34.049034118652344,29.749847029439383,2,3,0
134,1748170203.473359,33.92219543457031,29.776817840941977,3,3,0,34.13701057434082,27.59647759193334,3,3,0,32.987117767333984,29.746513394889792,2,3,0
135,1748170203.5765572,32.4099063873291,29.788145925294987,3,2,0,33.84876251220703,27.625553563277848,3,2,0,34.30676460266113,29.73094523234744,2,2,0
136,1748170203.679221,32.58013725280762,29.791016322787907,2,2,0,34.147024154663086,27.67504262465843,2,2,0,33.48398208618164,29.731387803689717,2,2,0
137,1748170203.781795,33.63490104675293,29.740516140895824,3,3,0,35.81380844116211,27.63548576684562,3,3,0,33.18595886230469,29.739194679759596,2,3,0
138,1748170203.886709,32.49692916870117,29.728641264247486,4,4,1,34.58094596862793,27.61994444802967,4,4,1,33.956050872802734,29.72693459130908,2,4,0
139,1748170203.9900281,99.52902793884277,28.029396879254673,4,3,0,39.440155029296875,27.623667433569256,4,3,0,34.29985046386719,29.711421988258913,2,3,0
140,1748170204.165549,32.90700912475586,28.036104284431534,3,3,0,34.28983688354492,27.59311893017859,3,3,0,33.62703323364258,29.721759583934976,2,3,0
141,1748170204.2685928,32.77993202209473,28.04803440594837,3,2,0,34.3317985534668,27.55713277668251,3,2,0,34.16013717651367,29.699563319189572,2,2,0
142,1748170204.3722181,33.67805480957031,28.003889369731155,3,3,1,33.74481201171875,27.598154202886345,3,3,1,32.90987014770508,29.702865403509033,2,3,0
143,1748170204.474773,33.796072006225586,27.981868920828077,3,3,0,35.92801094055176,27.549596955970475,3,3,0,33.802032470703125,29.68076034983112,2,3,0
144,1748170204.580437,33.66518020629883,28.010846459729706,3,3,0,34.5761775970459,27.585666227108156,3,3,0,34.50822830200195,29.62386631945548,2,3,0
145,1748170204.6868532,33.553123474121094,27.99372178054931,3,3,0,34.4240665435791,27.59553345304713,3,3,0,35.446882247924805,29.57556429715764,2,3,0
146,1748170204.7926788,33.640384674072266,27.982652991104775,4,4,1,37.82987594604492,27.52670708670547,4,4,1,33.50090980529785,29.57541831422932,2,4,0
147,1748170204.89991,33.18023681640625,27.957671482731246,4,4,0,35.41088104248047,27.509363152586754,4,4,0,33.316850662231445,29.60924837210353,2,4,0
148,1748170205.004117,33.34617614746094,27.94580567901476,4,4,0,34.90805625915527,28.576166588202593,4,4,0,33.0500602722168,29.692933325058366,2,4,0
149,1748170205.10748,33.017873764038086,28.032444166412695,4,4,0,35.12120246887207,28.544700115218586,4,4,0,33.37287902832031,29.69799315876937,2,4,0
150,1748170205.2115378,33.0510139465332,28.02985892526581,4,4,0,35.35103797912598,28.51266321874711,4,4,0,33.18619728088379,29.714558298963656,2,4,0
151,1748170205.315479,34.05594825744629,28.03958415644339,4,4,0,37.9948616027832,28.467083333144803,4,4,0,34.075260162353516,29.72312864396106,2,4,0
152,1748170205.4239008,33.55002403259277,28.08851862889211,4,4,0,35.77399253845215,28.433620375634636,4,4,0,33.30206871032715,29.71588458924345,2,4,0
153,1748170205.529003,33.087968826293945,28.068844212698327,4,3,0,35.04800796508789,28.420634658916118,4,3,0,33.469200134277344,29.730228716204167,2,3,0
154,1748170205.632867,33.05697441101074,28.084587807860167,3,3,0,34.90424156188965,28.410354690507177,3,3,0,34.54875946044922,29.70032042014575,2,3,0
155,1748170205.737679,33.303022384643555,28.091020633415308,3,3,0,34.83176231384277,28.406237089779506,3,3,0,33.77199172973633,29.716410927723885,2,3,0
156,1748170205.841734,33.87904167175293,28.128943819290335,3,2,0,34.99293327331543,28.43375530439109,3,2,0,34.149169921875,29.676133316415402,2,2,0
157,1748170205.948415,33.11586380004883,28.157351082531626,3,3,1,34.45601463317871,28.459550198899333,3,3,1,33.57124328613281,29.672305379513634,2,3,0
158,1748170206.051931,33.04028511047363,28.26579603602179,3,3,0,35.575151443481445,28.447081005681316,3,3,0,32.469749450683594,29.736474807596593,2,3,0
159,1748170206.155314,32.83095359802246,28.243659890355566,3,3,0,34.62696075439453,28.419652542868622,3,3,0,33.49900245666504,29.72673092737985,2,3,0
160,1748170206.258354,33.535003662109375,28.21524279562249,3,3,0,35.25209426879883,28.38730636576769,3,3,0,33.20121765136719,29.736840239522316,2,3,0
161,1748170206.362496,32.730817794799805,28.232715670579363,3,3,0,34.13891792297363,28.39265490893099,3,3,0,33.89382362365723,29.700656921849877,2,3,0
162,1748170206.465526,33.004045486450195,28.232798021558764,3,3,0,34.80195999145508,28.438009429380333,3,3,0,33.310890197753906,29.71801111120821,2,3,0
163,1748170206.568932,33.8139533996582,28.218855880318742,5,5,0,35.90106964111328,28.42513528746681,5,5,0,33.272743225097656,29.741057411538467,2,5,0
164,1748170206.674218,33.36000442504883,28.23367223849733,5,3,0,35.35890579223633,28.392232076474315,5,3,0,33.592939376831055,29.723409492376454,2,3,0
165,1748170206.7791731,33.52499008178711,28.203966559360993,3,3,0,34.71207618713379,28.369091610058103,3,3,0,33.869028091430664,29.736046139285154,2,3,0
166,1748170206.883699,34.111976623535156,28.163376029694966,4,4,0,36.643028259277344,28.3025376417611,4,4,0,33.13899040222168,29.746189917382413,2,4,0
167,1748170206.990046,33.7069034576416,28.161711979072948,4,3,0,34.40499305725098,28.340345082094778,4,3,0,33.52499008178711,29.736460752701895,2,3,0
168,1748170207.094162,32.800912857055664,28.154043499789342,3,3,0,34.78503227233887,28.33501622693753,3,3,0,34.23881530761719,29.72826901023049,2,3,0
169,1748170207.19976,32.87506103515625,30.032457621192183,3,3,0,34.60884094238281,28.465003274527568,3,3,0,34.44194793701172,29.72405546387379,2,3,0
170,1748170207.304054,32.69791603088379,30.039039326517305,3,3,0,33.76579284667969,28.479524950144075,3,3,0,32.742977142333984,29.750262027803203,2,3,0
171,1748170207.405445,31.979084014892578,30.06305329318527,3,3,0,34.5768928527832,28.472848551581066,3,3,0,34.494876861572266,29.740544258366135,2,3,0
172,1748170207.508697,33.2188606262207,30.07701567371743,4,3,0,33.677101135253906,28.474736443346348,4,3,0,33.34498405456543,29.727868671975024,2,3,0
173,1748170207.6115,32.15909004211426,30.126581369273833,4,3,1,35.67910194396973,28.4814008338728,4,3,1,33.39409828186035,29.739925686300325,2,3,0
174,1748170207.715088,32.84025192260742,30.151616991512295,3,2,0,33.66398811340332,28.50600356537091,3,2,0,34.54899787902832,29.738576163831564,2,2,0
175,1748170207.818263,34.558773040771484,30.1211437161799,2,2,0,37.10508346557617,28.433466172909583,2,2,0,33.36071968078613,29.800110741708934,2,2,0
176,1748170207.925392,33.10894966125488,30.137137749454038,2,2,0,32.71675109863281,28.57192293360745,2,2,0,33.54001045227051,29.798826321099224,2,2,0
177,1748170208.026975,34.27386283874512,30.10384139473415,3,3,0,34.56521034240723,28.594875747885197,3,3,0,33.42318534851074,29.79553814438067,2,3,0
178,1748170208.1313431,33.40792655944824,30.10192574248188,4,3,0,34.83700752258301,28.59681235241846,4,3,0,33.750057220458984,29.77492949021169,1,3,0
179,1748170208.23565,32.49788284301758,30.117553345158957,4,3,0,34.65104103088379,28.609634349808942,4,3,0,32.75299072265625,29.79323826328097,1,3,0
180,1748170208.338021,33.516883850097656,30.103322848254077,3,1,0,33.80584716796875,28.651763759170482,3,1,0,32.95588493347168,29.800167202298205,1,1,0
181,1748170208.442111,33.226966857910156,30.12859394282447,1,1,0,35.482168197631836,28.720549133983678,1,1,0,34.75594520568848,29.780017310066746,1,1,0
182,1748170208.548063,33.223867416381836,30.13845871950774,1,1,0,33.34784507751465,28.787083676216138,1,1,0,33.12206268310547,29.784888306479484,1,1,0
183,1748170208.649884,32.34386444091797,30.16117151670549,1,1,0,33.921003341674805,28.818222460002787,1,1,0,33.83922576904297,29.773943133571482,1,1,0
184,1748170208.7521842,32.72891044616699,30.170905720954938,1,1,0,33.101797103881836,28.868298793455892,1,1,0,33.1270694732666,29.81589980763954,1,1,0
185,1748170208.853329,32.21917152404785,30.203835911587092,1,1,0,34.41190719604492,28.879993298087086,1,1,0,32.65094757080078,29.849241653635357,1,1,0
186,1748170208.954821,33.635854721069336,30.21131985231092,2,2,0,36.080121994018555,28.849666803850468,2,2,0,33.93816947937012,29.855842465967946,1,2,0
187,1748170209.0607638,34.46006774902344,30.170572947575057,2,1,0,33.13112258911133,28.886563602078432,2,1,0,33.392906188964844,29.861078447402914,1,1,0
188,1748170209.1640298,32.656192779541016,30.182325741604576,1,1,0,32.60517120361328,28.96932885678903,1,1,0,33.24484825134277,29.83800857229241,1,1,0
189,1748170209.2648902,34.780025482177734,30.123105083522,1,1,0,33.331871032714844,29.005603148108488,1,1,0,32.83405303955078,29.8577269243455,1,1,0
190,1748170209.367844,33.15305709838867,30.13466214479923,2,1,0,33.83326530456543,29.04539404647203,2,1,0,33.457279205322266,29.849942674329704,0,1,0
191,1748170209.470602,31.692028045654297,30.16638497112321,1,0,0,32.183170318603516,29.10106161914786,1,0,0,33.093929290771484,29.873960113960113,0,0,0
192,1748170209.569723,33.247947692871094,30.15946542375148,1,1,0,31.99481964111328,29.18065626439998,1,1,0,33.136844635009766,29.87923083297932,0,1,0
193,1748170209.671824,37.40406036376953,30.05109892786826,2,2,0,70.73593139648438,28.224419688369544,2,2,0,33.529043197631836,29.871633927842275,1,2,0
194,1748170209.816747,32.68885612487793,30.07129405691671,2,2,0,33.79201889038086,28.266088117220058,2,2,0,33.93888473510742,29.861283956383186,1,2,0
195,1748170209.9194722,32.73415565490723,30.09548201063048,2,0,0,31.841039657592773,28.343179445363592,2,0,0,32.81903266906738,29.892561349310668,0,0,0
196,1748170210.018962,33.16307067871094,30.124338279795605,2,2,1,33.19716453552246,28.435593033038895,2,2,1,33.36286544799805,29.885894604635563,1,2,0
197,1748170210.1210601,32.67621994018555,30.155453974206516,2,2,0,33.90312194824219,28.449100556279557,2,2,0,32.66787528991699,29.91127819727604,1,2,0
198,1748170210.222614,32.920122146606445,30.15151584133813,2,2,0,33.950090408325195,28.471572916631313,2,2,0,33.490896224975586,29.933578535216512,1,2,0
199,1748170210.32512,33.23507308959961,30.140812209904933,2,2,0,33.83016586303711,28.49255809845999,2,2,0,32.80997276306152,29.982343581045825,1,2,0
200,1748170210.427233,32.60087966918945,30.143324930450436,2,2,0,34.58881378173828,28.470007520858843,2,2,0,34.22403335571289,29.937823205484634,1,2,0
201,1748170210.530741,31.707048416137695,30.151385792111416,2,2,0,33.360958099365234,28.502897652520904,2,2,0,33.873796463012695,29.956176019655086,1,2,0
202,1748170210.631805,33.310890197753906,30.148445534031104,2,1,0,34.12771224975586,28.49060978437283,2,1,0,33.236026763916016,29.95925008732124,1,1,0
203,1748170210.734528,32.85789489746094,30.12712957054833,1,1,0,34.42215919494629,28.5246661992243,1,1,0,34.535884857177734,29.925263610762897,1,1,0
204,1748170210.8385081,32.483816146850586,30.137845139780417,1,1,0,32.81116485595703,28.548041837478536,1,1,0,32.40394592285156,29.989403654047177,1,1,0
205,1748170210.9399,32.801151275634766,30.190856590868684,1,1,0,33.86807441711426,28.636329499198684,1,1,0,32.273292541503906,30.021988761299777,1,1,0
206,1748170211.041064,33.1120491027832,30.190834859321196,1,1,0,32.6991081237793,28.636857393005894,1,1,0,35.515785217285156,29.962867025661613,1,1,0
207,1748170211.144584,33.167123794555664,30.224628957237005,1,1,0,33.599138259887695,28.663407509122674,1,1,0,33.32710266113281,29.965749787216204,1,1,0
208,1748170211.2467892,32.163143157958984,30.262625047950827,1,1,0,33.54787826538086,28.698716337559294,1,1,0,32.980918884277344,29.988667479049138,1,1,0
209,1748170211.3475788,33.164024353027344,30.24242660217724,2,2,0,32.462120056152344,28.75902882802538,2,2,0,32.83381462097168,29.98620905941114,1,2,0
210,1748170211.448101,32.584190368652344,30.270764414919505,2,1,0,33.88714790344238,28.756886171710185,2,1,0,34.48915481567383,29.940323566195158,0,1,0
211,1748170211.551341,35.09402275085449,30.214127286335547,3,2,1,34.79290008544922,28.77589860421165,3,2,1,33.38170051574707,29.981443446353264,1,2,0
212,1748170211.6568608,33.14805030822754,30.21650712216915,2,2,0,34.63387489318848,28.7404194125155,2,2,0,32.32216835021973,30.00533675699728,1,2,0
213,1748170211.759108,32.35912322998047,30.215904872183643,2,1,0,33.92791748046875,28.740215912867406,2,1,0,33.410072326660156,30.018314568276455,1,1,0
214,1748170211.861181,33.98919105529785,30.177750906022375,2,2,1,33.64682197570801,28.725086240923048,2,2,1,33.300161361694336,30.013001829224518,1,2,0
215,1748170211.964302,33.003807067871094,30.1540014421684,2,1,0,33.67877006530762,28.745232034332776,2,1,0,34.56997871398926,29.95545573772521,1,1,0
216,1748170212.067604,34.07692909240723,30.140732791660277,1,1,0,34.03425216674805,28.801751327194808,1,1,0,32.49931335449219,29.99829063619088,1,1,0
217,1748170212.1717849,33.53285789489746,30.168721125469236,1,1,0,33.525943756103516,28.790745894435634,1,1,0,33.08582305908203,30.007504909670413,1,1,0
218,1748170212.274297,32.40680694580078,30.17612977817044,1,1,0,32.980918884277344,28.780341308918857,1,1,0,33.547163009643555,29.998498038151737,1,1,0
219,1748170212.3754911,33.56194496154785,30.213147889626995,1,1,0,33.61821174621582,28.772437536185887,1,1,0,32.30595588684082,30.014283301703976,1,1,0
220,1748170212.477053,31.994104385375977,30.24854802107773,1,1,0,33.622026443481445,28.778366604145,1,1,0,33.418893814086914,30.015128131120015,1,1,0
221,1748170212.578187,33.46395492553711,30.19418188624371,1,1,0,33.6148738861084,28.738345164031024,1,1,0,33.84709358215332,29.99219858916741,1,1,0
222,1748170212.6811168,33.577919006347656,30.183773763321383,1,1,0,34.37209129333496,28.67306123927829,1,1,0,33.840179443359375,29.971067225647772,1,1,0
223,1748170212.784857,33.101797103881836,30.314842427006443,1,1,0,33.44988822937012,29.732596160798632,1,1,0,37.94670104980469,29.839402515320575,1,1,0
224,1748170212.891577,37.25314140319824,30.175695577070147,3,3,2,34.252166748046875,29.719141169151584,3,3,2,33.08892250061035,29.864650454404885,1,3,0
225,1748170212.998497,32.89294242858887,30.170638054832636,3,3,0,34.75189208984375,29.633193930981466,3,3,0,34.76309776306152,29.80690166188319,2,3,1
226,1748170213.103102,32.885074615478516,30.17883658008528,3,3,0,34.01780128479004,29.609213534914904,3,3,0,33.50973129272461,29.802701091478564,2,3,0
227,1748170213.205861,32.90915489196777,30.171592993561845,4,4,1,36.97323799133301,29.519737283527057,4,4,1,33.93101692199707,29.76544203989444,2,4,0
228,1748170213.3121762,32.99593925476074,30.16922746049477,4,2,0,34.71112251281738,29.49773789706359,4,2,0,33.010005950927734,29.779552146294048,1,2,0
229,1748170213.4167838,34.89494323730469,30.118836552167373,5,5,1,35.01391410827637,29.463430716549652,5,5,1,32.594919204711914,29.785995252860793,1,5,0
230,1748170213.522031,32.716989517211914,30.11521790067006,5,3,0,34.739017486572266,29.45896774661786,5,3,0,34.4698429107666,29.77886852287922,1,3,0
231,1748170213.62625,33.3399772644043,30.066048758808055,3,2,0,34.50894355773926,29.425796569343916,3,2,0,33.490896224975586,29.790127639385176,1,2,0
232,1748170213.729989,33.174991607666016,30.07035264265116,4,4,1,35.902976989746094,29.37465376628743,4,4,1,33.783912658691406,29.77402063065617,1,4,0
233,1748170213.835114,32.865047454833984,30.070295153613372,5,4,0,35.913944244384766,29.33180911602545,5,4,0,32.788991928100586,29.825765868352327,1,4,0
234,1748170213.9391859,33.24484825134277,30.04732432950036,4,3,0,35.54987907409668,29.253374635056776,4,3,0,32.92393684387207,29.810496030885815,1,3,0
235,1748170214.043699,33.22291374206543,30.034837599974605,3,3,0,35.47096252441406,29.207587480040488,3,3,0,34.36112403869629,29.749861096990948,2,3,1
236,1748170214.1490781,33.09798240661621,30.035138708506263,4,4,0,35.492897033691406,29.128264104898598,4,4,0,32.958269119262695,29.825334621830933,2,4,0
237,1748170214.252949,32.23395347595215,30.063254408874112,4,3,0,35.711050033569336,29.068650824453044,4,3,0,34.12604331970215,29.80177641903443,2,3,0
238,1748170214.357436,32.65810012817383,30.048436517547405,4,3,1,33.50090980529785,29.06996037650979,4,3,1,33.14614295959473,29.79698457048636,2,3,0
239,1748170214.459003,33.78701210021973,30.029640844606558,3,3,0,35.347938537597656,28.988796971486973,3,3,0,33.04791450500488,29.790705982876442,2,3,0
240,1748170214.5635579,32.18197822570801,30.041793313977013,4,4,0,34.683942794799805,28.96642123037363,4,4,0,33.91289710998535,29.807586573013225,2,4,0
241,1748170214.668277,34.87992286682129,30.04822842449037,4,3,0,36.538124084472656,28.917525986427076,4,3,0,33.509016036987305,29.803611702860913,2,3,0
242,1748170214.7756631,34.06381607055664,30.02119368422007,3,3,0,35.19082069396973,28.902029863266232,3,3,0,34.0120792388916,29.753589467113105,2,3,0
243,1748170214.881102,33.29801559448242,29.993156564037374,3,2,0,34.20305252075195,28.894384236226962,3,2,0,33.75411033630371,29.743468765593686,2,2,0
244,1748170214.984436,81.85005187988281,28.623581237012328,2,2,0,34.01899337768555,28.884037228370964,2,2,0,33.55693817138672,29.73639047842767,2,2,0
245,1748170215.136048,33.071279525756836,28.62158241176334,2,2,0,35.17603874206543,28.842577746338954,2,2,0,34.36684608459473,29.742329826614927,2,2,0
246,1748170215.240801,33.78486633300781,28.629423052682785,3,3,1,34.85369682312012,28.81982638355259,3,3,1,33.85806083679199,29.702430692269996,2,3,0
247,1748170215.345577,35.674095153808594,28.571118468452,3,2,0,34.64794158935547,28.788822455026732,3,2,0,33.63394737243652,29.68644636619831,2,2,0
248,1748170215.4516962,32.692909240722656,28.56368579680483,2,2,0,34.18707847595215,28.755624388541637,2,2,0,33.73908996582031,29.680802356742483,2,2,0
249,1748170215.5546298,32.76205062866211,28.585430438300882,2,2,0,33.16807746887207,28.7680696199927,2,2,0,33.79082679748535,29.637472503944664,2,2,0
250,1748170215.656388,32.152652740478516,28.58110612811548,2,2,0,34.538984298706055,28.74276314842704,2,2,0,34.11126136779785,29.617395557524357,2,2,0
251,1748170215.7593029,33.18500518798828,28.58884016379568,3,3,0,34.4851016998291,28.71890380343835,3,3,0,32.808780670166016,29.64787046549108,2,3,0
252,1748170215.862808,32.4559211730957,28.619499242827793,3,2,0,33.94913673400879,28.730477557625186,3,2,0,82.13186264038086,28.297292994060292,2,2,0
253,1748170216.014994,33.6000919342041,28.60594652289708,3,3,1,35.08567810058594,28.685461250305483,3,3,1,33.48970413208008,28.41670018443997,2,3,0
254,1748170216.119694,32.588958740234375,28.73373825283583,3,3,0,34.55495834350586,28.6771323852166,3,3,0,33.01501274108887,28.418631984385563,2,3,0
255,1748170216.222166,33.743858337402344,28.710306577017537,3,3,0,34.291982650756836,28.689745242491945,3,3,0,32.935142517089844,28.46812025608139,2,3,0
256,1748170216.325164,32.382965087890625,28.724220670580447,3,2,0,34.79909896850586,28.66833153609152,3,2,0,34.03210639953613,28.45417642526843,2,2,0
257,1748170216.429318,32.09805488586426,28.746486338298457,2,2,0,33.98489952087402,28.7504535488311,2,2,0,33.78605842590332,28.457986124853697,2,2,0
258,1748170216.531393,33.24103355407715,28.739933643932957,2,2,0,34.30604934692383,28.76155310272881,2,2,0,33.66398811340332,28.440464805837035,2,2,0
259,1748170216.6347,32.68885612487793,28.80084816950939,2,2,0,33.82611274719238,28.794349741551567,2,2,0,33.27322006225586,28.422329450148425,2,2,0
260,1748170216.736574,33.37907791137695,28.78293516623102,3,3,0,34.29388999938965,28.80678895348185,3,3,0,33.075809478759766,28.459807676127248,2,3,0
261,1748170216.839571,32.746076583862305,28.79940455332688,3,3,0,34.05189514160156,28.819436937143273,3,3,0,34.19899940490723,28.440818363544146,2,3,0
262,1748170216.942731,33.293962478637695,28.796010318394604,3,3,0,35.182952880859375,28.839411280430223,3,3,0,39.26515579223633,28.294149683237325,2,3,0
263,1748170217.053288,47.387123107910156,28.400191126520205,3,3,0,41.12100601196289,28.695803879240064,3,3,0,34.51895713806152,28.247901709276032,2,3,0
264,1748170217.1786602,33.51402282714844,28.39325073967835,3,3,0,34.6989631652832,28.71907422733213,3,3,0,34.00301933288574,28.21931153638103,2,3,0
265,1748170217.284575,34.28316116333008,28.364691831912495,3,3,0,35.81881523132324,28.709533603143537,3,3,0,34.54113006591797,28.21380035126797,2,3,0
266,1748170217.3915122,34.01970863342285,28.34020465541174,3,3,0,35.523176193237305,28.708741020612806,3,3,0,37.45007514953613,28.095191631624647,2,3,0
267,1748170217.500528,34.17396545410156,28.288253087550768,3,3,0,36.4987850189209,28.68713545219431,3,3,0,35.83121299743652,28.050372874388604,2,3,0
268,1748170217.609304,32.88602828979492,28.28223181028228,3,2,0,35.00699996948242,28.64590630221176,3,2,0,33.364295959472656,28.044571187862942,2,2,0
269,1748170217.71272,33.20121765136719,28.297833917562617,2,2,0,35.18414497375488,28.650485089826265,2,2,0,34.61313247680664,28.003633843528405,2,2,0
270,1748170217.8177862,34.90495681762695,28.225470665202035,2,2,0,38.23423385620117,28.553736224535644,2,2,0,35.20369529724121,27.970007442123485,2,2,0
271,1748170217.928545,34.30891036987305,28.240484115710714,2,2,0,34.19613838195801,28.617585598633227,2,2,0,34.32106971740723,27.949107967872624,2,2,0
272,1748170218.033449,34.59525108337402,28.22589487681732,3,3,1,35.775184631347656,28.601850052337454,3,3,1,34.442901611328125,27.9379875804641,2,3,0
273,1748170218.140309,35.57085990905762,28.165538328612186,3,3,0,37.54091262817383,28.51124834733075,3,3,0,33.3712100982666,27.947984357192976,2,3,0
274,1748170218.249111,47.32680320739746,29.108992111160436,3,2,0,33.63990783691406,28.521459244492245,3,2,0,34.394025802612305,27.925772807834804,2,2,0
275,1748170218.3665211,33.30588340759277,29.102394285964074,3,3,1,36.35096549987793,28.489700232279965,3,3,1,35.99190711975098,27.883667365000488,2,3,0
276,1748170218.474251,35.74824333190918,29.047385451551147,3,2,0,35.63284873962402,28.468693494350113,3,2,0,33.045053482055664,27.904728956542566,1,2,0
277,1748170218.582516,33.52713584899902,29.107894510383424,2,2,0,34.49106216430664,28.472906537703842,2,2,0,34.99603271484375,27.869438199758577,2,2,1
278,1748170218.687743,34.35111045837402,29.061010765790588,3,3,1,35.642147064208984,28.433639651092868,3,3,1,34.63912010192871,27.846137231539497,2,3,0
279,1748170218.7945669,32.752275466918945,29.06137992055469,3,2,0,34.62815284729004,28.394320735084754,3,2,0,34.111976623535156,27.837838973910834,2,2,0
280,1748170218.898149,32.64188766479492,29.047559796307844,2,2,0,33.88190269470215,28.411964855894585,2,2,0,34.54089164733887,27.82668386007877,2,2,0
281,1748170219.0011709,35.948991775512695,28.970476062640028,3,3,0,36.45682334899902,28.3589894996856,3,3,0,35.45808792114258,27.758654427153594,2,3,0
282,1748170219.1113129,35.32099723815918,28.89059610604482,3,2,0,34.3170166015625,28.3491308991917,3,2,0,35.054922103881836,29.02297104763671,2,2,0
283,1748170219.218142,33.438920974731445,28.895167196097436,3,3,1,34.665822982788086,28.360485181131523,3,3,1,33.02884101867676,29.03584312181686,2,3,0
284,1748170219.321625,33.12182426452637,28.880457298144663,3,3,0,35.00986099243164,28.348268677591218,3,3,0,34.29985046386719,28.99984742880664,2,3,0
285,1748170219.426086,32.71007537841797,28.909367362214873,3,3,0,35.12716293334961,28.325894816840506,3,3,0,33.6148738861084,28.980744932192,2,3,0
286,1748170219.529579,32.99093246459961,28.892241266482333,3,3,0,34.999847412109375,28.32052040079792,3,3,0,34.635066986083984,28.963547521910986,2,3,0
287,1748170219.634185,33.10084342956543,28.864418179365753,3,3,0,34.10029411315918,28.317467518964712,3,3,0,34.22212600708008,28.95133229289115,2,3,0
288,1748170219.737569,32.17005729675293,28.894722628930655,3,3,0,34.91926193237305,28.301086258301677,3,3,0,33.19716453552246,28.964460912666578,2,3,0
289,1748170219.841506,33.08391571044922,28.883626154245565,3,2,0,33.34403038024902,28.3139374492301,3,2,0,34.095048904418945,28.941357173529983,2,2,0
290,1748170219.944337,33.12110900878906,28.89044354017517,2,2,0,34.09910202026367,28.319028931613666,2,2,0,34.158945083618164,28.911174087245584,2,2,0
291,1748170220.047808,33.90979766845703,28.858016784690353,3,3,0,35.50314903259277,28.280286729006743,3,3,0,34.22737121582031,28.910496538895607,2,3,0
292,1748170220.153515,31.862974166870117,28.897821613094436,3,3,0,34.417152404785156,28.300717070469574,3,3,0,33.92791748046875,29.0597087311375,2,3,0
293,1748170220.2558599,33.46610069274902,29.29053466598478,3,3,0,34.73711013793945,28.472184949438493,3,3,0,33.117055892944336,29.099197436533103,2,3,0
294,1748170220.359256,33.65492820739746,29.286335221143286,3,3,0,35.15911102294922,28.45986560914558,3,3,0,34.26098823547363,29.091917971453977,2,3,0
295,1748170220.464467,32.109975814819336,29.34872797576328,3,2,0,33.70332717895508,28.51716719181561,3,2,0,33.02788734436035,29.134408201313384,2,2,0
296,1748170220.5653079,33.9813232421875,29.34963843922182,2,2,0,34.66486930847168,28.540439906450754,2,2,0,33.66994857788086,29.24175639538626,2,2,0
297,1748170220.669794,32.67097473144531,29.392974649170448,2,2,0,32.93800354003906,28.637378788709835,2,2,0,33.807992935180664,29.299428374237092,2,2,0
298,1748170220.771306,76.8270492553711,28.181157081654256,2,2,0,38.33603858947754,28.546740027060945,2,2,0,34.009695053100586,29.281108049743096,2,2,0
299,1748170220.92266,33.02192687988281,28.185847348701895,2,2,0,34.420013427734375,28.567524878985047,2,2,0,33.80298614501953,29.304211656930352,2,2,0
300,1748170221.025897,32.74178504943848,28.243273181003097,2,2,0,32.99093246459961,28.71081754870012,2,2,0,33.978939056396484,29.339400691391557,2,2,0
301,1748170221.129359,33.856868743896484,28.25545009744527,2,2,0,34.17539596557617,28.711394051408426,2,2,0,34.19899940490723,29.342842131700216,2,2,0
302,1748170221.233752,34.001827239990234,28.27129579513491,2,2,0,35.08281707763672,28.730274198741,2,2,0,33.490896224975586,29.370361612998025,2,2,0
303,1748170221.338639,32.148122787475586,28.362805717141303,2,2,0,33.056020736694336,28.854099234671942,2,2,0,32.30023384094238,29.401099412067364,2,2,0
304,1748170221.438302,33.68401527404785,28.733390497568617,2,2,0,34.36636924743652,28.834078117685014,2,2,0,33.09988975524902,29.4384981885944,2,2,0
305,1748170221.541795,32.434940338134766,28.757497387741445,2,2,0,34.587860107421875,28.882810670853477,2,2,0,33.9510440826416,29.497405977679524,2,2,0
306,1748170221.645225,33.07008743286133,28.831508065913095,2,2,0,34.240007400512695,28.92154719752316,2,2,0,34.13081169128418,29.46588006134416,2,2,0
307,1748170221.7487192,33.357858657836914,28.83625211810319,2,2,0,34.74998474121094,28.91432975526628,2,2,0,35.037994384765625,29.464727783631893,2,2,0
308,1748170221.8540218,32.48000144958496,28.888387374793346,2,2,0,33.18929672241211,28.982794239148536,2,2,0,32.98306465148926,29.5126681604095,2,2,0
309,1748170221.954824,32.42015838623047,28.897622514903063,2,2,0,35.02011299133301,28.971790125162325,2,2,0,33.68115425109863,29.525133143255506,2,2,0
310,1748170222.058065,33.49113464355469,28.8740024080577,2,2,0,33.8590145111084,28.97249723351356,2,2,0,32.77087211608887,29.57665573899964,2,2,0
311,1748170222.160206,33.64109992980957,28.93820225881922,2,2,0,34.56401824951172,29.025488307718927,2,2,0,33.89573097229004,29.622192575496157,2,2,0
312,1748170222.264317,32.57012367248535,29.015053898324155,2,2,0,33.45894813537598,29.049578324518123,2,2,0,34.17205810546875,29.64812893621543,2,2,0
313,1748170222.3681438,33.71691703796387,29.007060823964892,2,2,0,34.50608253479004,29.054092527183418,2,2,0,33.31589698791504,29.63971348940284,2,2,0
314,1748170222.4719858,31.847000122070312,29.04285992578935,2,2,0,34.04688835144043,29.081294608540343,2,2,0,33.354997634887695,29.66725429444938,2,2,0
315,1748170222.5732071,32.81378746032715,29.03985709604014,2,2,0,33.52975845336914,29.126558245885146,2,2,0,32.775163650512695,29.691798252931154,2,2,0
316,1748170222.674309,33.39195251464844,29.0287292534722,2,2,0,34.03282165527344,29.15395029173848,2,2,0,33.64109992980957,29.72103649030912,2,2,0
317,1748170222.777493,32.84716606140137,29.0359168241966,2,2,0,33.519744873046875,29.17031964708836,2,2,0,35.54725646972656,29.68206962113403,2,2,0
318,1748170222.881473,36.31997108459473,28.91922738720319,2,2,0,33.46705436706543,29.211567703847468,2,2,0,32.93585777282715,29.689682485937826,2,2,0
319,1748170222.9864728,32.45210647583008,28.936884586718005,2,2,0,34.612178802490234,29.175656161223813,2,2,0,32.76181221008301,29.72901352758724,2,2,0
320,1748170223.088462,32.74893760681152,28.947296136154236,2,2,0,33.102989196777344,29.20398790519859,2,2,0,33.00285339355469,29.763055281897113,2,2,0
321,1748170223.189433,33.43796730041504,28.960487749303486,2,2,0,34.52801704406738,29.23173636752655,2,2,0,33.158302307128906,29.79463508124381,2,2,0
322,1748170223.292754,33.17713737487793,28.923741056805447,2,2,0,34.14011001586914,29.23974504567246,2,2,0,33.75077247619629,29.799807269707077,2,2,0
323,1748170223.3959801,32.46593475341797,28.95157209999648,2,1,0,34.05594825744629,29.259163404838922,2,1,0,32.96184539794922,29.804571787524107,1,1,0
324,1748170223.4974458,32.25421905517578,28.99070714964728,1,1,0,33.206939697265625,29.31492341093622,1,1,0,33.715009689331055,29.820718944334903,1,1,0
325,1748170223.600102,32.82308578491211,28.970496072850615,1,1,0,33.59413146972656,29.318038047311344,1,1,0,33.538103103637695,29.80584964320611,1,1,0
326,1748170223.7023969,32.158851623535156,29.021598789216796,2,2,0,33.70332717895508,29.34566156703617,2,2,0,38.2390022277832,29.671234853604695,1,2,0
327,1748170223.8086588,38.59090805053711,28.856388754667154,2,2,0,37.6591682434082,29.21078784713154,2,2,0,33.426761627197266,29.682566754396333,1,2,0
328,1748170223.920599,33.80417823791504,30.10060077229166,2,1,0,33.52808952331543,29.34815982042523,2,1,0,33.13112258911133,29.70839856611056,1,1,0
329,1748170224.023256,32.52100944519043,30.115772896332857,3,3,2,34.150123596191406,29.355944777869155,3,3,2,33.81919860839844,29.708103973188617,1,3,0
330,1748170224.1257532,33.85782241821289,30.082041854088047,3,2,0,33.77676010131836,29.33340233713064,3,2,0,34.00015830993652,29.70736751644387,1,2,0
331,1748170224.2294898,34.622907638549805,30.058780220835516,3,3,1,35.60280799865723,29.29253937107317,3,3,1,33.61082077026367,29.724701463449204,1,3,0
332,1748170224.335584,33.07485580444336,30.086695624187932,3,1,0,33.49471092224121,29.33799834784622,3,1,0,33.1876277923584,29.73350951913752,1,1,0
333,1748170224.4376361,34.31582450866699,30.021473030827636,2,2,1,33.98704528808594,29.31137244012884,2,2,1,32.794952392578125,29.719106072891325,1,2,0
334,1748170224.540918,32.37605094909668,30.06076220081771,2,2,0,33.509016036987305,29.33593953998463,2,2,0,33.25700759887695,29.714649521487598,2,2,1
335,1748170224.642393,33.371925354003906,30.032579478413293,2,2,0,34.04593467712402,29.351671783359215,2,2,0,33.95414352416992,29.71478986492582,2,2,0
336,1748170224.746023,33.23221206665039,30.027713126543247,3,3,0,34.78217124938965,29.336199439990118,3,3,0,33.62011909484863,29.729863446755576,2,3,0
337,1748170224.8512661,33.17880630493164,30.033124263964915,3,2,0,34.16776657104492,29.35290425026401,3,2,0,33.206939697265625,29.78367569532812,1,2,0
338,1748170224.954049,33.49900245666504,30.002138767121167,3,3,1,34.84082221984863,29.30556299540675,3,3,1,33.30707550048828,29.77424607901458,1,3,0
339,1748170225.05776,33.76412391662598,29.961711222612095,4,3,1,34.87205505371094,29.3106896597509,4,3,1,33.969879150390625,29.76593492846237,1,3,0
340,1748170225.162783,33.43987464904785,29.963309393633434,3,1,0,32.93800354003906,29.33699284744051,3,1,0,32.86886215209961,29.762977841883988,1,1,0
341,1748170225.264153,33.23698043823242,29.974986921733365,1,1,0,33.79106521606445,29.359266794840682,1,1,0,33.525943756103516,29.7738797271659,1,1,0
342,1748170225.366905,33.34188461303711,29.95185484757844,1,1,0,34.301042556762695,29.335118833357267,1,1,0,33.158063888549805,29.803724650787345,1,1,0
343,1748170225.469743,33.40578079223633,29.961482926383244,1,1,0,33.204078674316406,29.372534958766582,1,1,0,33.213138580322266,29.806802811329646,1,1,0
344,1748170225.571729,31.577110290527344,29.969710921145737,2,2,1,33.22911262512207,29.395989147026764,2,2,1,32.51504898071289,29.83169854102699,1,2,0
345,1748170225.671152,34.655094146728516,29.91471998527909,2,2,0,34.09600257873535,29.37954396128588,2,2,0,33.284902572631836,29.816726440344212,1,2,0
346,1748170225.775182,34.90185737609863,29.86986825404022,2,2,0,37.27388381958008,29.286539711666496,2,2,0,35.598039627075195,29.758902249966592,2,2,1
347,1748170225.8859909,32.53293037414551,29.879159882287208,2,2,0,35.89224815368652,29.218900392877718,2,2,0,34.95597839355469,29.776486657636397,2,2,0
348,1748170225.991497,33.38217735290527,29.966813123950782,3,3,0,35.29024124145508,29.167148423646346,3,3,0,33.21194648742676,29.768420743834834,2,3,0
349,1748170226.097087,33.25200080871582,29.94288847260931,3,1,0,34.25788879394531,29.177049793094938,3,1,0,33.86378288269043,29.735694781033583,1,1,0
350,1748170226.2006788,34.03902053833008,29.904389889617022,2,2,1,34.071922302246094,29.14960759067299,2,2,1,32.68289566040039,29.745099990615202,1,2,0
351,1748170226.303544,33.27608108520508,29.909394082733346,2,2,0,34.670114517211914,29.145556470229078,2,2,0,33.807992935180664,29.725937366967052,1,2,0
352,1748170226.407367,32.05084800720215,29.942952600900224,2,1,0,33.80393981933594,29.15496354966886,2,1,0,33.493995666503906,29.73350951913752,1,1,0
353,1748170226.508703,32.51791000366211,29.94130672838193,3,3,0,33.62107276916504,29.167371536220017,3,3,0,33.79416465759277,29.708924639431757,1,3,0
354,1748170226.61122,33.415794372558594,29.90663588279502,3,3,0,35.03274917602539,29.115586191576945,3,3,0,32.791852951049805,29.735926676547987,1,3,0
355,1748170226.714864,33.325910568237305,29.891709203399262,3,3,0,34.89279747009277,29.078868460588648,3,3,0,33.64300727844238,29.73276477657619,1,3,0
356,1748170226.818923,32.510995864868164,29.881189205080716,3,3,0,42.343854904174805,28.837388808090566,3,3,0,34.29889678955078,29.849277057931438,1,3,0
357,1748170226.9303198,36.67187690734863,29.93838592831297,3,2,0,37.76693344116211,28.834448137159715,3,2,0,35.841941833496094,29.777776200094426,1,2,0
358,1748170227.0429,36.949872970581055,29.844675203557387,3,2,1,37.2312068939209,28.732189822390303,3,2,1,35.816192626953125,29.69868008352414,1,2,0
359,1748170227.155398,36.416053771972656,29.729526282923207,2,2,0,36.041975021362305,28.68008681354098,2,2,0,33.640384674072266,29.70373486416165,2,2,1
360,1748170227.2636092,32.45973587036133,29.77065340215435,2,2,0,32.243967056274414,28.7223257782337,2,2,0,30.792951583862305,29.79835351282252,2,2,0
361,1748170227.3627698,34.22880172729492,29.782265806510253,2,2,0,34.00421142578125,28.766385958302507,2,2,0,33.09178352355957,29.813582654311187,2,2,0
362,1748170227.466336,31.4178466796875,29.831422714903677,3,2,0,32.06491470336914,28.80597120847881,3,2,0,31.93211555480957,29.85074995107081,1,2,0
363,1748170227.5638359,31.51535987854004,29.914755545073813,3,2,1,34.24215316772461,28.798890423609627,3,2,1,32.66716003417969,29.854461153221152,1,2,0
364,1748170227.664489,32.08017349243164,29.923584101364682,2,2,0,31.7990779876709,28.846320228718096,2,2,0,31.580209732055664,29.904304605385423,2,2,1
365,1748170227.762052,32.59611129760742,29.946651130379156,2,2,0,32.7298641204834,28.882790781589897,2,2,0,31.20589256286621,29.98635197974936,2,2,0
366,1748170227.8606951,38.19584846496582,29.798875719844563,2,2,0,35.52675247192383,28.862226689454445,2,2,0,33.54692459106445,29.98851024247178,2,2,0
367,1748170227.969991,32.716989517211914,29.812374769025332,2,2,0,31.306982040405273,28.941916344097248,2,2,0,32.32097625732422,30.015085172544417,2,2,0
368,1748170228.0684102,32.1507453918457,29.85232922393365,2,1,0,33.689022064208984,28.974178422133914,2,1,0,33.77103805541992,30.001037156674318,1,1,0
369,1748170228.1701288,32.52077102661133,29.88930925354117,2,2,0,31.630754470825195,29.064320069627353,2,2,0,31.560897827148438,30.073371125872384,1,2,0
370,1748170228.267979,32.31382369995117,29.92278711201826,2,1,0,33.145904541015625,29.05844707690716,2,1,0,31.150102615356445,30.12528307741148,1,1,0
371,1748170228.366765,31.941890716552734,29.96141871869572,1,1,0,34.53493118286133,29.0375182682875,1,1,0,33.052921295166016,30.139563225978602,1,1,0
372,1748170228.468386,33.685922622680664,29.951220324983602,1,1,0,31.603097915649414,29.113693202970577,1,1,0,30.93409538269043,30.2069610211527,1,1,0
373,1748170228.568268,31.610965728759766,30.004699966401557,1,1,0,33.297061920166016,29.11094510247666,1,1,0,34.616947174072266,30.164295034423205,1,1,0
374,1748170228.670014,32.69505500793457,29.9709530057982,2,2,0,31.724929809570312,29.153497725951038,2,2,0,31.01372718811035,30.209919957437396,1,2,0
375,1748170228.767413,31.186819076538086,30.07513218761966,2,2,0,33.437252044677734,29.17209150498025,2,2,0,31.979084014892578,30.24960970686786,1,2,0
376,1748170228.866121,33.33401679992676,30.12226858680016,2,2,0,33.56218338012695,29.27773557247646,2,2,0,32.17291831970215,30.35450097941775,1,2,0
377,1748170228.9671621,31.576156616210938,30.151169045893216,2,1,0,32.84716606140137,29.364939934823983,2,1,0,31.11410140991211,30.47295775507446,1,1,0
378,1748170229.064678,30.535221099853516,30.237593740680605,2,2,1,32.38701820373535,29.448646705510534,2,2,1,33.18667411804199,30.47373265996642,1,2,0
379,1748170229.162901,32.69195556640625,30.254671918572697,2,1,0,31.24094009399414,29.53611104134357,2,1,0,31.174898147583008,30.55723200976828,1,1,0
380,1748170229.2599769,30.91883659362793,30.350166621964,1,1,0,31.342267990112305,29.615687692233823,1,1,0,33.403873443603516,30.534800767706994,1,1,0
381,1748170229.357734,33.62607955932617,30.33917520652628,1,1,0,33.42604637145996,29.652125327352753,1,1,0,31.605958938598633,30.60328016534594,1,1,0
382,1748170229.458242,30.57384490966797,30.38453133289369,1,1,0,32.414913177490234,29.69289128380236,1,1,0,32.156944274902344,30.645078170702778,1,1,0
383,1748170229.555476,31.43930435180664,30.41792240486748,1,1,0,32.466888427734375,29.726737950227502,1,1,0,32.22393989562988,30.694274061803185,1,1,0
384,1748170229.65381,31.866073608398438,30.46569770397972,1,1,0,33.42318534851074,29.7742953962981,1,1,0,32.85813331604004,30.692327449884658,1,1,0
385,1748170229.7554948,31.177282333374023,30.532355715229617,1,1,0,32.089948654174805,29.85738685411564,1,1,0,31.666994094848633,30.754411002349556,1,1,0
386,1748170229.852633,33.391714096069336,30.505700433526783,2,2,0,33.39385986328125,30.125694191060916,2,2,0,32.22084045410156,30.82012779310127,1,2,0
387,1748170229.9536278,30.287981033325195,30.704834989945155,2,1,0,31.53681755065918,30.31529524914104,2,1,0,32.40394592285156,30.929255745905895,1,1,0
388,1748170230.049904,32.269954681396484,30.85239564410067,1,1,0,31.358003616333008,30.496155538024727,1,1,0,32.15217590332031,31.046572652029468,1,1,0
389,1748170230.147776,33.486127853393555,30.945754415943064,1,1,0,34.327030181884766,30.54944222538814,1,1,0,32.40609169006348,31.0864420610433,1,1,0
390,1748170230.250001,30.94005584716797,30.99431023937687,1,1,0,31.36587142944336,30.576686711064696,1,1,0,32.09185600280762,31.044757265456614,1,1,0
391,1748170230.346462,34.893035888671875,30.972940640730574,2,2,0,34.976959228515625,30.54633483901462,2,2,0,32.99903869628906,31.047966890490937,1,2,0
392,1748170230.451467,31.841039657592773,30.959292047591475,2,2,0,31.718969345092773,30.55695002447876,2,2,0,31.393051147460938,31.065359425488044,1,2,0
393,1748170230.5485399,32.289981842041016,30.9344491414481,2,2,0,33.560752868652344,30.57812823511229,2,2,0,32.215118408203125,31.079884729698456,1,2,0
394,1748170230.6487281,32.75179862976074,30.912972115237917,3,3,1,33.07509422302246,30.53832826056514,3,3,1,31.937837600708008,31.068465916175544,1,3,0
395,1748170230.748943,32.354116439819336,30.920682476306183,3,3,0,33.00285339355469,30.529874016986017,3,3,0,31.302213668823242,31.065351755909507,1,3,0
396,1748170230.847743,33.18595886230469,31.08098254433573,3,2,0,35.19105911254883,30.540099725057086,3,2,0,33.66398811340332,31.061532776280604,1,2,0
397,1748170230.953402,31.373977661132812,31.124327506499228,4,4,2,33.39123725891113,30.47538592212846,4,4,2,32.47714042663574,31.05661089864387,1,4,0
398,1748170231.053196,30.969858169555664,31.162575523276377,4,3,0,36.33475303649902,30.39372014924742,4,3,0,33.96201133728027,31.050556522747655,1,3,0
399,1748170231.157563,32.111167907714844,31.175816930794554,4,3,1,33.16783905029297,30.346418986577348,4,3,1,31.6162109375,31.048694702068133,1,3,0
400,1748170231.256635,32.90605545043945,31.156904077019476,3,2,0,33.15997123718262,30.346228701660458,3,2,0,31.065940856933594,31.051590964054625,1,2,0
401,1748170231.355912,32.041072845458984,31.15380301636682,3,3,1,33.24007987976074,30.386006159832043,3,3,1,34.06691551208496,31.01903531432045,1,3,0
402,1748170231.457471,32.41896629333496,31.194714091491914,3,2,0,32.011985778808594,30.37329506572317,3,2,0,31.56137466430664,30.99893746044424,1,2,0
403,1748170231.555611,30.500173568725586,31.230747771042743,3,3,1,33.399105072021484,30.370157436927116,3,3,1,33.247947692871094,31.042857847732765,1,3,0
404,1748170231.65488,33.62107276916504,31.200600460164342,3,3,0,33.080101013183594,30.32852069876359,3,3,0,32.53769874572754,30.994020129627486,1,3,0
405,1748170231.756161,32.09185600280762,31.171322084031615,4,3,1,34.83295440673828,30.28597010614485,4,3,1,33.95891189575195,30.930753515592446,1,3,0
406,1748170231.859244,32.13787078857422,31.2101347454842,3,3,0,34.783124923706055,30.24902068020506,3,3,0,32.602787017822266,30.916982542335774,1,3,0
407,1748170231.961086,32.392024993896484,31.183890829101273,3,2,0,32.42802619934082,30.261868120054576,3,2,0,31.241893768310547,30.912865792315092,1,2,0
408,1748170232.059312,31.042098999023438,31.167477006920404,3,3,1,34.934043884277344,30.18428784444824,3,3,1,35.69507598876953,30.833147715652828,1,3,0
409,1748170232.1647959,34.107208251953125,31.121887202094822,3,3,0,33.94627571105957,30.102523457429264,3,3,0,31.42404556274414,30.82526194796538,1,3,0
410,1748170232.266468,31.801939010620117,31.093493894804265,3,2,0,34.26694869995117,30.014490924864493,3,2,0,32.91606903076172,30.84098460464537,2,2,1
411,1748170232.367574,33.052921295166016,31.112199044300144,2,1,0,33.46705436706543,30.01330250009243,2,1,0,31.39185905456543,30.847759127401673,1,1,0
412,1748170232.467541,31.176090240478516,31.092940694180765,5,5,1,34.085988998413086,29.96320236792631,5,5,1,31.729698181152344,30.861377658786495,1,5,0
413,1748170232.5668101,32.08804130554199,31.071910628430885,5,3,0,34.21425819396973,29.911036448551258,5,3,0,33.106088638305664,30.833465043604065,1,3,0
414,1748170232.668691,33.99825096130371,31.003611897999548,4,4,1,34.364938735961914,29.88294202388467,4,4,1,32.11522102355957,30.856995719521365,2,4,1
415,1748170232.771627,32.68289566040039,30.95531632923422,4,3,0,33.251047134399414,29.84851942432732,4,3,0,33.850908279418945,30.78783696988604,2,3,0
416,1748170232.873775,37.94097900390625,30.81002303605848,4,4,1,34.93976593017578,29.802566975123693,4,4,1,31.863927841186523,30.799050394726503,2,4,0
417,1748170232.980896,32.73200988769531,30.73291292557249,4,3,0,34.93905067443848,29.70215725139701,4,3,0,32.000064849853516,30.81181861768738,2,3,0
418,1748170233.082795,31.779766082763672,30.74834613159006,4,4,1,34.84177589416504,29.600082051822504,4,4,1,34.066200256347656,30.751171597771958,2,4,0
419,1748170233.185826,33.19096565246582,30.757515758967724,5,5,0,35.65478324890137,29.56126481656288,5,5,0,49.96085166931152,30.207533907191667,2,5,0
420,1748170233.307093,31.9368839263916,30.726181243492345,6,5,1,36.79990768432617,29.403792632058607,6,5,1,34.71779823303223,30.127785995689226,2,5,0
421,1748170233.4144928,34.123897552490234,30.75048772721197,5,2,0,33.51569175720215,29.445952153678853,5,2,0,32.66096115112305,30.137837921344076,1,2,0
422,1748170233.517374,31.887054443359375,30.74913510579727,4,4,2,35.08710861206055,29.349015484437075,4,4,2,33.2188606262207,30.082624395617845,1,4,0
423,1748170233.619946,32.47690200805664,30.74434928444305,4,3,0,34.46197509765625,29.323141743880385,4,3,0,33.42413902282715,30.046075906808994,2,3,0
424,1748170233.7226229,31.9368839263916,30.7701065944788,5,5,2,33.68401527404785,29.305658549309687,5,5,2,32.437801361083984,30.0308950691756,2,5,0
425,1748170233.823029,30.77101707458496,30.82018063598327,5,4,0,35.10689735412598,29.2454604489743,5,4,0,35.05301475524902,29.918525362803,2,4,0
426,1748170233.926216,32.808780670166016,30.832157996618562,4,4,0,33.90216827392578,29.282341412194597,4,4,0,33.19430351257324,29.932659964698104,2,4,0
427,1748170234.028516,31.729936599731445,30.821033696151915,4,4,0,37.23907470703125,29.17280166112017,4,4,0,34.323930740356445,29.877662901242747,2,4,0
428,1748170234.133882,32.5312614440918,30.771611565296283,4,3,0,34.252166748046875,29.231845022513536,4,3,0,31.668901443481445,29.94594556001785,3,3,1
429,1748170234.2344599,33.187150955200195,30.737710204121516,4,4,1,34.219980239868164,29.20198174764744,4,4,1,32.4249267578125,29.921783819723263,3,4,0
430,1748170234.336457,31.504154205322266,30.78167607802059,4,4,0,35.756826400756836,29.128264104898598,5,4,1,34.88802909851074,29.8082079629194,3,4,0
431,1748170234.440759,31.998872756958008,30.783069217987634,4,2,0,32.32693672180176,29.154132672968185,4,2,0,32.12904930114746,29.86574207144805,2,2,0
432,1748170234.539449,31.767845153808594,30.803709984334873,3,3,1,33.90002250671387,29.100738566784962,3,3,1,34.81006622314453,29.769667328797784,2,3,0
433,1748170234.643828,32.96089172363281,30.726076201592598,3,3,0,34.1181755065918,29.080434321392467,3,3,0,32.15193748474121,29.802094048137008,2,3,0
434,1748170234.745249,32.79304504394531,30.752186187056616,3,3,0,34.22999382019043,29.048049313927507,3,3,0,76.3089656829834,28.560282068520642,2,3,0
435,1748170234.890621,34.52324867248535,30.6757687767589,3,3,0,34.24429893493652,29.064628886927572,4,3,1,33.77103805541992,28.565475510773478,2,3,0
436,1748170234.995295,31.126976013183594,30.70757752540049,3,3,0,33.744096755981445,29.093633228985812,4,3,1,31.553983688354492,28.594063491854282,2,3,0
437,1748170235.0938141,32.17673301696777,30.714338543554593,3,3,0,35.50982475280762,29.006967207351586,3,3,0,33.132076263427734,28.54251158165364,2,3,0
438,1748170235.196814,31.870126724243164,30.688345151790454,3,3,0,32.58323669433594,29.07310378290329,3,3,0,31.538963317871094,28.65584191101619,2,3,0
439,1748170235.294894,32.45902061462402,30.74010565015546,3,2,0,32.55605697631836,29.112238261610333,3,2,0,33.181190490722656,28.607956173114015,2,2,0
440,1748170235.395104,33.73575210571289,30.679164354477393,2,2,0,32.96089172363281,29.149269954289323,2,2,0,32.87911415100098,28.60880174141355,2,2,0
441,1748170235.496649,32.250165939331055,30.704280547776197,3,3,0,32.607078552246094,29.17376211775682,3,3,0,31.897783279418945,28.59497971998858,2,3,0
442,1748170235.5954921,32.03010559082031,30.677346804187053,3,3,0,35.55607795715332,29.13212156627864,3,3,0,33.43319892883301,28.548469323510215,2,3,0
443,1748170235.6986308,31.325817108154297,30.70117903794817,3,2,0,31.77189826965332,29.201365045143724,3,2,0,32.10902214050293,28.57547869314472,2,2,0
444,1748170235.795809,32.5770378112793,30.74576158539088,2,2,0,32.961130142211914,29.241328280882314,2,2,0,34.166812896728516,28.519649185236226,2,2,0
445,1748170235.899057,33.32090377807617,30.72573106897869,2,2,0,32.21297264099121,29.270945283908986,2,2,0,31.770944595336914,28.576205526649094,2,2,0
446,1748170235.998634,32.708168029785156,30.891449050602382,2,2,0,31.619787216186523,29.36609812774937,2,2,0,31.802892684936523,28.577789113382828,2,2,0
447,1748170236.096769,32.228946685791016,30.907459476507537,2,2,0,33.56742858886719,29.405675430864047,2,2,0,33.29205513000488,28.542712291168094,2,2,0
448,1748170236.1979752,32.63378143310547,30.880516866357816,2,2,0,36.53979301452637,29.35697897472198,2,2,0,32.16695785522461,28.594349400714332,2,2,0
449,1748170236.3014631,32.034873962402344,30.917240825196092,2,1,0,34.50608253479004,29.390056874583955,2,1,0,34.23881530761719,29.029512813863757,1,1,0
450,1748170236.4043589,31.789064407348633,30.921913451458177,2,2,1,31.625986099243164,29.539730546379676,2,2,1,31.807899475097656,29.111477169668138,1,2,0
451,1748170236.501622,38.896799087524414,30.770445200077763,2,2,0,33.19811820983887,29.54904687629893,2,2,0,32.167911529541016,29.125439095163056,1,2,0
452,1748170236.607799,34.152984619140625,30.69906677404787,2,2,0,34.73997116088867,29.55914677935069,2,2,0,33.7522029876709,29.110379381480506,1,2,0
453,1748170236.712376,32.45902061462402,30.698662331138486,2,1,0,30.70688247680664,29.669024077278173,2,1,0,33.074140548706055,29.120269196010657,1,1,0
454,1748170236.810648,31.33988380432129,30.717427715403716,1,1,0,32.7601432800293,29.696191884573214,1,1,0,33.6298942565918,29.086605319998814,1,1,0
455,1748170236.910597,32.405853271484375,30.66620686125534,2,2,0,32.215118408203125,29.781511570800514,2,2,0,31.775951385498047,29.179309653936485,1,2,0
456,1748170237.009106,34.516096115112305,30.61290714198304,2,1,0,33.9200496673584,29.781039311814848,2,1,0,32.86099433898926,29.188718225179908,1,1,0
457,1748170237.114204,32.89389610290527,30.57642665676524,1,1,0,33.60104560852051,29.888996862381624,1,1,0,33.41794013977051,29.214443361474554,1,1,0
458,1748170237.2161438,32.38034248352051,30.58120493171859,1,1,0,31.26382827758789,29.978329111607934,1,1,0,32.109975814819336,29.201839429373084,1,1,0
459,1748170237.3139799,31.361103057861328,30.638235704471295,2,2,1,33.4630012512207,30.00098708539433,2,2,1,33.180952072143555,29.180338209511792,1,2,0
460,1748170237.413942,32.81092643737793,30.597393792889964,2,1,0,31.119108200073242,30.140718352024397,2,1,0,32.27972984313965,29.25436080878655,1,1,0
461,1748170237.512094,30.89618682861328,30.632030134163045,2,2,1,32.930612564086914,30.12241280705841,2,2,1,33.286333084106445,29.221295676156206,1,2,0
462,1748170237.611115,32.78207778930664,30.600407392203515,2,1,0,33.06984901428223,30.147477613849873,2,1,0,33.18285942077637,29.267622800202826,1,1,0
463,1748170237.712131,31.33702278137207,30.651401027047132,1,1,0,33.731698989868164,30.159458194954706,1,1,0,32.43613243103027,29.259632864962,1,1,0
464,1748170237.811674,30.805349349975586,30.71369379480434,1,1,0,33.15091133117676,30.19227645309895,1,1,0,40.14301300048828,30.32942717403592,1,1,0
465,1748170237.9177651,34.87730026245117,30.702564900888802,2,2,1,32.14311599731445,30.256061413766016,2,2,1,32.17887878417969,30.378134736166118,1,2,0
466,1748170238.018875,31.641244888305664,30.686257104004778,2,1,0,32.026052474975586,30.30866494732499,2,1,0,35.4461669921875,30.25887716969426,1,1,0
467,1748170238.119925,32.4559211730957,30.677384200171147,2,2,0,33.164024353027344,30.38062850168588,2,2,0,31.88180923461914,30.297295039159458,1,2,0
468,1748170238.2193978,30.020952224731445,30.73540522141591,2,1,0,33.0049991607666,30.36765806110934,2,1,0,32.852888107299805,30.256934460323656,1,1,0
469,1748170238.318778,30.359983444213867,30.80147803087513,1,1,0,32.701969146728516,30.363129448749586,1,1,0,33.28204154968262,30.253864469529415,1,1,0
470,1748170238.417514,32.89604187011719,30.828154438300384,1,1,0,32.84287452697754,30.366595401321874,1,1,0,32.13977813720703,30.276467491369115,1,1,0
471,1748170238.5173519,30.694007873535156,30.8774023832427,1,1,0,31.135082244873047,30.411754298956186,1,1,0,32.43684768676758,30.260063290941375,1,1,0
472,1748170238.613516,34.15203094482422,30.810392697521024,1,1,0,34.55090522766113,30.44286292172237,1,1,0,32.41920471191406,30.291161168496398,1,1,0
473,1748170238.7166002,30.398845672607422,30.83979029874341,1,1,0,31.334877014160156,30.456317884564836,1,1,0,33.21504592895508,30.25743648490917,1,1,0
474,1748170238.813515,33.38170051574707,30.814361458930506,1,1,0,32.044172286987305,30.484799648803346,1,1,0,33.27798843383789,30.284599729282718,1,1,0
475,1748170238.9142458,31.9671630859375,30.85735894179339,2,2,1,33.27298164367676,30.45193229425441,2,2,1,32.79995918273926,30.252962505346538,1,2,0
476,1748170239.0143309,30.903100967407227,30.914650595423826,3,2,0,32.3328971862793,30.429846657457603,3,2,0,32.41276741027832,30.2343315241785,1,2,0
477,1748170239.11221,32.70697593688965,30.899619123862102,2,1,0,33.84661674499512,30.421202297453892,2,1,0,32.55867958068848,30.256657990129188,1,1,0
478,1748170239.21331,31.264066696166992,30.943159406461643,1,1,0,30.874967575073242,30.596820904123778,1,1,0,31.893014907836914,30.265056207097846,1,1,0
479,1748170239.309272,32.681941986083984,30.922551773457485,2,2,1,33.36071968078613,30.632775863063742,2,2,1,33.837080001831055,30.277086728591197,1,2,0
480,1748170239.411214,32.106876373291016,30.912455696463752,2,2,0,33.24294090270996,30.58233469552828,2,2,0,32.4862003326416,30.25635242368712,1,2,0
481,1748170239.5126872,36.70382499694824,30.982404933975722,3,2,0,33.52689743041992,30.57202126620513,3,2,0,34.30509567260742,30.19127674026947,1,2,0
482,1748170239.619416,35.16268730163574,30.94993321969613,2,2,0,34.18302536010742,30.58932324751343,2,2,0,33.743858337402344,30.191552016907195,1,2,0
483,1748170239.724548,30.67493438720703,31.006774816990248,2,2,0,32.08589553833008,30.546386747198536,2,2,0,32.3030948638916,30.214961637319956,1,2,0
484,1748170239.821471,32.42206573486328,30.972201128968383,2,2,0,34.11579132080078,30.50424354498492,2,2,0,32.82928466796875,30.239257814846873,1,2,0
485,1748170239.922714,31.999826431274414,30.98515913033114,2,2,0,32.46283531188965,30.49651770618437,2,2,0,32.37795829772949,30.221500191062315,1,2,0
486,1748170240.021711,33.571720123291016,31.01537296598071,2,2,0,32.49716758728027,30.54054447645039,2,2,0,32.45687484741211,30.234077260705686,1,2,0
487,1748170240.1222641,32.97901153564453,31.012789198808083,2,2,0,33.13803672790527,30.554916916173116,2,2,0,34.1489315032959,30.2116390174894,1,2,0
488,1748170240.224438,32.028913497924805,31.02405237660006,2,2,0,31.78691864013672,30.53858025552789,2,2,0,32.31525421142578,30.205677545235616,1,2,0
489,1748170240.322568,30.971288681030273,31.036571513985056,2,2,0,34.616947174072266,30.502712852633266,2,2,0,34.626007080078125,30.16182219621693,1,2,0
490,1748170240.424928,31.987905502319336,31.063181417357978,2,2,0,31.798124313354492,30.481616789400665,2,2,0,31.846284866333008,30.17504429884798,1,2,0
491,1748170240.522528,33.05697441101074,30.99371475681107,3,3,0,34.65414047241211,30.42827927276315,3,3,0,32.052040100097656,30.21261831637488,1,3,0
492,1748170240.624448,32.258033752441406,31.01044277740961,3,2,0,33.99491310119629,30.399792807401727,3,2,0,33.45990180969238,30.204096916870583,1,2,0
493,1748170240.727832,32.129764556884766,30.9848463022185,2,2,0,33.32090377807617,30.412180619114444,2,2,0,31.564950942993164,30.23051075817777,1,2,0
494,1748170240.827038,32.43684768676758,30.933027057430667,3,3,0,35.0041389465332,30.355247902522855,3,3,0,33.735036849975586,30.426991636206413,1,3,0
495,1748170240.930263,31.841039657592773,31.030004594238484,4,3,1,32.058000564575195,30.357979610817775,4,3,1,32.15289115905762,30.4278819332855,1,3,0
496,1748170241.02865,30.863046646118164,31.055231212909867,3,2,0,34.43193435668945,30.284191555891002,3,2,0,32.71603584289551,30.512372837954235,1,2,0
497,1748170241.1288462,32.843828201293945,31.042758287892205,3,3,0,33.09512138366699,30.286196084453422,3,3,0,31.22091293334961,30.532933601385068,1,3,0
498,1748170241.22802,32.41610527038574,30.965920514752042,3,2,0,32.52577781677246,30.300745977170376,3,2,0,31.25476837158203,30.582736079082554,1,2,0
499,1748170241.326317,31.255006790161133,30.93731652122773,2,2,0,33.18595886230469,30.28594823745524,2,2,0,33.689022064208984,30.56992673661624,1,2,0
500,1748170241.426564,31.662702560424805,30.976768369059155,2,2,0,31.96406364440918,30.312819499785594,2,2,0,31.394243240356445,30.593175750915393,1,2,0
501,1748170241.5234802,31.077861785888672,30.964495535795585,3,3,1,32.88102149963379,30.259342874924613,3,3,1,33.34808349609375,30.564713941134034,1,3,0
502,1748170241.623307,33.96892547607422,30.970150502742364,3,3,0,34.14201736450195,30.271740267951163,3,3,0,31.206130981445312,30.602468887191307,1,3,0
503,1748170241.724643,30.560970306396484,30.964945113924873,3,3,0,34.594058990478516,30.172540757673453,3,3,0,32.293081283569336,30.631180047503854,1,3,0
504,1748170241.824039,31.74591064453125,31.017253729959926,3,2,0,34.04593467712402,30.111845120222075,3,2,0,32.73916244506836,30.648041451504124,1,2,0
505,1748170241.926389,33.40005874633789,30.971377796593693,2,2,0,33.64706039428711,30.100571969887255,2,2,0,31.226158142089844,30.697464044340496,1,2,0
506,1748170242.027019,30.894994735717773,30.971522638931003,3,3,1,32.32216835021973,30.100968007779468,3,3,1,32.4249267578125,30.697216909325114,1,3,0
507,1748170242.1246169,33.58793258666992,30.94316701582384,3,3,0,34.2557430267334,30.088544584705595,3,3,0,31.792879104614258,30.721162543992754,1,3,0
508,1748170242.226272,30.90190887451172,30.95456242887387,3,3,0,32.73582458496094,30.032450453151153,3,3,0,33.70308876037598,30.66426380760556,1,3,0
509,1748170242.325753,31.538963317871094,30.99105826719292,3,3,0,33.70785713195801,30.021866990007037,3,3,0,34.22713279724121,30.652073030542425,1,3,0
510,1748170242.427663,32.0281982421875,30.99351626770723,4,4,1,34.67583656311035,29.978943355768656,4,4,1,31.14175796508789,30.69425908692295,1,4,0
511,1748170242.5279071,34.69491004943848,31.05794471138716,4,3,0,33.84900093078613,29.96923267462327,4,3,0,33.39028358459473,30.723052803342522,1,3,0
512,1748170242.6319518,33.98895263671875,31.09582984780656,3,3,0,34.16776657104492,29.969675230579714,3,3,0,31.172990798950195,30.80415490561372,1,3,0
513,1748170242.733241,30.99989891052246,31.08545137339711,3,3,0,32.39178657531738,29.96033436376524,3,3,0,32.22823143005371,30.806590888892536,1,3,0
514,1748170242.831715,33.104896545410156,31.063342456798495,3,3,0,39.95490074157715,29.786707408356058,3,3,0,34.6071720123291,30.750577906204096,1,3,0
515,1748170242.941503,31.668901443481445,31.074089860880548,3,3,0,33.754825592041016,29.748545838448877,3,3,0,32.201290130615234,30.75556111754216,1,3,0
516,1748170243.041248,39.035797119140625,30.899277669387942,4,4,1,89.04385566711426,28.169094550810282,4,4,1,35.407066345214844,30.662702069911354,1,4,0
517,1748170243.208322,32.34386444091797,30.919330036362346,4,3,0,33.650875091552734,28.15564364278354,4,3,0,32.11808204650879,30.72651888303451,1,3,0
518,1748170243.308746,31.729698181152344,30.928982057476247,4,4,0,36.43512725830078,28.033493385804878,4,4,0,33.956050872802734,30.67480409114013,1,4,0
519,1748170243.4131782,31.93521499633789,30.898397510430705,5,4,1,33.580780029296875,28.060681788126654,5,4,1,31.94284439086914,30.75922251445141,1,4,0
520,1748170243.513103,32.16719627380371,30.892571515833442,4,3,0,33.75983238220215,28.009325080285574,4,3,0,30.43818473815918,30.80381555771257,1,3,0
521,1748170243.611809,32.60493278503418,30.906988791317783,4,4,1,35.157203674316406,27.996287901660985,4,4,1,33.40911865234375,30.76098209944254,1,4,0
522,1748170243.715141,32.784223556518555,30.890273583242784,6,6,2,35.03727912902832,27.969062439707056,6,6,2,32.67979621887207,30.78553952750974,1,6,0
523,1748170243.817906,32.737016677856445,30.87106926571337,6,5,0,37.02378273010254,27.87285212177839,6,5,0,34.475088119506836,30.693922155980758,1,5,0
524,1748170243.924602,32.74202346801758,30.861059756043126,5,5,0,34.259796142578125,27.891955875295505,5,5,0,32.32097625732422,30.738265854269848,1,5,0
525,1748170244.026228,32.685041427612305,30.8345379626714,5,4,0,34.90805625915527,27.818243439077886,5,4,0,32.06586837768555,30.741074447521637,1,4,0
526,1748170244.128296,32.89508819580078,30.770272134062782,5,5,1,35.86888313293457,27.781177375546832,5,5,1,32.68790245056152,30.74208085983634,1,5,0
527,1748170244.2318761,31.56590461730957,30.810724645985164,5,5,0,34.046173095703125,27.7567439565295,5,5,0,32.05084800720215,30.715920541803044,1,5,0
528,1748170244.331718,31.18300437927246,30.849982666224047,5,4,0,36.68713569641113,27.65039443234989,5,4,0,33.83898735046387,30.634834263243274,1,4,0
529,1748170244.437162,31.246185302734375,30.850360850978696,4,4,0,33.34617614746094,27.646318002332475,4,4,0,31.529903411865234,30.702422563254192,1,4,0
530,1748170244.535709,32.13214874267578,30.835573173672415,4,4,0,35.472869873046875,27.557229339160624,4,4,0,32.321929931640625,30.67319641660065,1,4,0
531,1748170244.637853,32.124996185302734,30.802480861839022,5,5,1,35.64906120300293,27.487410708434368,5,5,1,31.097888946533203,30.743936135824494,1,5,0
532,1748170244.7388391,32.5779914855957,30.84647355392201,5,5,0,35.713911056518555,27.447825208723163,5,5,0,31.024932861328125,30.749616024222547,1,5,0
533,1748170244.840277,31.4791202545166,30.817561356961846,5,3,0,34.79623794555664,27.442706978190717,5,3,0,32.9899787902832,30.72768942423336,1,3,0
534,1748170244.941597,31.785011291503906,30.816293393345074,3,3,0,33.902883529663086,27.44629253245351,3,3,0,32.54294395446777,30.734016392241386,1,3,0
535,1748170245.042135,31.60405158996582,30.873281016295753,3,2,0,33.869028091430664,27.440618330888675,3,2,0,35.7203483581543,30.593376583685735,1,2,0
536,1748170245.145536,32.81092643737793,30.812588216741126,3,3,1,32.84502029418945,27.427543087025025,3,3,1,31.45909309387207,30.623665544302163,1,3,0
537,1748170245.2447,33.265113830566406,30.82283056143114,4,4,0,33.95891189575195,27.43501227421773,4,4,0,30.912160873413086,30.65132636181095,1,4,0
538,1748170245.344875,31.416893005371094,30.806719109211233,5,3,1,34.72399711608887,27.385304328749566,5,3,1,32.93108940124512,30.675738863114987,1,3,0
539,1748170245.4461482,32.88984298706055,30.764103226109306,3,2,0,32.4249267578125,27.417383391961287,3,2,0,31.480073928833008,30.762275597983656,1,2,0
540,1748170245.545084,31.649112701416016,30.776006922754448,2,2,0,31.646013259887695,27.493392624910854,2,2,0,33.89310836791992,30.67579869046116,1,2,0
541,1748170245.646125,34.356117248535156,30.78683509219722,5,5,3,35.21418571472168,27.459074062112105,5,5,3,32.05299377441406,30.717795158257683,1,5,0
542,1748170245.750328,31.10671043395996,30.878190416921065,5,3,0,35.03990173339844,27.43715391232391,5,3,0,32.87482261657715,30.664204025244107,1,3,0
543,1748170245.851414,33.348798751831055,30.803694902482846,4,4,1,34.512996673583984,27.384082561529745,4,4,1,32.19413757324219,30.66523530365083,1,4,0
544,1748170245.953697,33.235788345336914,30.79971381008318,5,5,1,35.90512275695801,27.485639455700582,5,5,1,31.358003616333008,30.767292694043384,1,5,0
545,1748170246.056412,31.234025955200195,30.81328994350327,5,3,0,34.77811813354492,27.459847085357886,5,3,0,34.642934799194336,30.690493368436304,1,3,0
546,1748170246.159411,34.232139587402344,30.965920514752042,3,3,0,32.807111740112305,28.9499801216262,3,3,0,30.75098991394043,30.83711478456756,1,3,0
547,1748170246.259576,31.671762466430664,30.98739489072576,3,3,0,35.51602363586426,28.89800080381237,3,3,0,32.82475471496582,30.815033080535482,1,3,0
548,1748170246.361724,33.69712829589844,30.92444409709601,3,3,0,34.12890434265137,28.96219420940805,3,3,0,32.377004623413086,30.864935588650415,1,3,0
549,1748170246.464106,30.703067779541016,30.96361165753804,3,3,0,34.35492515563965,28.94063161535992,3,3,0,31.474828720092773,30.879675666655213,1,3,0
550,1748170246.5627909,31.707286834716797,30.978285997337668,3,3,0,33.032894134521484,28.960941008155288,3,3,0,33.31875801086426,30.788221165845023,1,3,0
551,1748170246.6629272,33.45513343811035,30.951212204844687,3,3,0,32.666921615600586,29.030611209036632,3,3,0,31.55207633972168,30.846881900944116,1,3,0
552,1748170246.762641,31.61907196044922,30.98839460128791,3,3,0,33.16473960876465,29.08331782813148,3,3,0,33.16187858581543,30.831644274384193,1,3,0
553,1748170246.864158,34.64913368225098,30.92721840377765,4,3,1,35.195112228393555,29.134981602669054,4,3,1,33.483028411865234,30.86304297064323,1,3,0
554,1748170246.96979,31.094074249267578,30.980017342825107,3,3,0,34.33799743652344,29.132910718337445,3,3,0,31.7840576171875,30.880221304483122,1,3,0
555,1748170247.069084,30.80916404724121,31.0400321281257,3,3,0,35.700082778930664,29.1104332587233,3,3,0,32.90915489196777,30.853447185139633,1,3,0
556,1748170247.170631,32.499074935913086,31.05262547428818,3,3,0,34.38591957092285,29.152403520461736,3,3,0,31.79168701171875,30.881691591276006,1,3,0
557,1748170247.271251,31.12506866455078,31.066670979111883,3,3,0,33.6301326751709,29.164261789960687,3,3,0,33.376216888427734,30.839812974576276,1,3,0
558,1748170247.371425,33.8287353515625,30.981687855157443,3,3,0,34.3019962310791,29.23190614129868,3,3,0,32.34601020812988,30.88734667907766,1,3,0
559,1748170247.4739242,31.052827835083008,30.98789092225514,4,4,0,33.45680236816406,29.22879619862712,4,4,0,34.01303291320801,30.80871797571376,1,4,0
560,1748170247.574479,31.386137008666992,31.01153569173485,4,4,0,35.18104553222656,29.23714972624979,4,4,0,33.09512138366699,30.784492610128787,1,4,0
561,1748170247.67624,32.12904930114746,31.011474547640397,4,4,0,35.2330207824707,29.249029461461237,4,4,0,31.907081604003906,30.759042055577865,1,4,0
562,1748170247.7776551,32.17887878417969,31.024243607723395,4,3,0,33.170223236083984,29.321836613566344,4,3,0,31.755685806274414,30.736013342889095,1,3,0
563,1748170247.877049,37.35184669494629,30.837061883600608,3,3,0,35.63523292541504,29.297920701571712,3,3,0,31.83603286743164,30.77252214411854,1,3,0
564,1748170247.983936,31.535863876342773,30.845051985662575,3,3,0,33.78891944885254,29.30112725016906,3,3,0,32.91487693786621,30.760816659801275,1,3,0
565,1748170248.085897,32.25207328796387,30.824416204795295,3,3,0,34.7750186920166,29.27542638468873,3,3,0,32.75609016418457,30.854370179507335,1,3,0
566,1748170248.1879969,32.35602378845215,30.838762362673044,3,3,0,34.00826454162598,29.242130156392925,3,3,0,33.13875198364258,30.801048266165218,1,3,0
567,1748170248.2894652,31.30483627319336,30.900969839971,3,3,0,33.60724449157715,29.252102909166737,3,3,0,32.87792205810547,30.738949181319054,1,3,0
568,1748170248.389243,33.16211700439453,30.84539224273285,3,3,0,33.57505798339844,29.284774370907073,3,3,0,31.961917877197266,30.769406833188935,1,3,0
569,1748170248.4898372,31.537771224975586,30.8882262085597,4,4,1,33.4172248840332,29.256394576961622,4,4,1,31.75497055053711,30.76068882129731,1,4,0
570,1748170248.588647,34.24215316772461,30.80610818667707,4,3,0,35.93587875366211,29.134475659124945,4,3,0,33.396005630493164,30.776375768405845,1,3,0
571,1748170248.694697,34.050941467285156,30.815666997446176,3,3,0,34.75499153137207,29.14762915283652,3,3,0,33.657073974609375,30.725746074583284,1,3,0
572,1748170248.7993128,31.9979190826416,30.787490448421966,3,3,0,33.83612632751465,29.181833804548763,3,3,0,34.631967544555664,30.6707665307764,1,3,0
573,1748170248.9020312,32.53006935119629,30.8133729455567,3,3,0,35.067081451416016,29.166168120967548,3,3,0,32.77921676635742,30.652498647996843,1,3,0
574,1748170249.004401,31.070947647094727,30.88188107140727,3,2,0,32.705068588256836,29.25718367352633,3,2,0,32.45091438293457,30.618300298933836,1,2,0
575,1748170249.1026611,32.36031532287598,30.846148396432778,3,3,1,35.782814025878906,29.22862646097697,3,3,1,31.723976135253906,30.7097659105303,1,3,0
576,1748170249.204579,35.531044006347656,30.80510511951475,3,2,0,32.58514404296875,29.23492165204601,3,2,0,33.673763275146484,30.618352451991655,1,2,0
577,1748170249.310016,33.66708755493164,30.74238129419416,2,2,0,33.75411033630371,29.2852310216621,2,2,0,33.50710868835449,30.596798584216437,1,2,0
578,1748170249.413159,32.05299377441406,30.794158588945642,3,3,0,33.941030502319336,29.290602848724838,3,3,0,32.553911209106445,30.591271689735287,1,3,0
579,1748170249.5137,31.016826629638672,30.78447001557461,3,2,0,32.23609924316406,29.351240444393436,3,2,0,32.2878360748291,30.566332539148885,1,2,0
580,1748170249.6113641,33.03980827331543,30.742576579675703,2,2,0,34.26027297973633,29.3159615495282,2,2,0,32.55581855773926,30.59011895538255,1,2,0
581,1748170249.7133,30.709028244018555,30.828947513490665,2,2,0,31.403064727783203,29.352219533650313,2,2,0,31.872034072875977,30.58029820799123,1,2,0
582,1748170249.8092952,32.38320350646973,30.80482608236891,2,2,0,33.98609161376953,29.328759913647023,2,2,0,33.21504592895508,30.57851464610037,1,2,0
583,1748170249.9109619,32.00793266296387,30.888597748992733,2,2,0,32.173871994018555,29.41572568258847,2,2,0,32.81092643737793,30.599596266351373,1,2,0
584,1748170250.0100532,32.456159591674805,30.84523345516587,2,2,0,31.43596649169922,29.499701906275956,2,2,0,31.491994857788086,30.608751833849972,1,2,0
585,1748170250.107399,32.3948860168457,30.794949915945324,2,2,0,34.38830375671387,29.537782005278007,2,2,0,32.94086456298828,30.607761577418742,1,2,0
586,1748170250.209013,30.299901962280273,30.864647895753638,3,3,0,32.5319766998291,29.591777365177503,3,3,0,32.1500301361084,30.5967093049127,1,3,0
587,1748170250.305998,31.090974807739258,30.86579869952108,3,2,0,33.98895263671875,29.581321344308016,3,2,0,33.476829528808594,30.593287324351166,1,2,0
588,1748170250.406563,32.5009822845459,30.908188307667213,3,3,1,32.578229904174805,29.631805230804954,3,3,1,31.302928924560547,30.62574508239534,1,3,0
589,1748170250.506469,33.03694725036621,30.845044424479607,3,2,0,32.898902893066406,29.648149893498708,3,2,0,31.247854232788086,30.712344408290807,1,2,0
590,1748170250.605932,32.38725662231445,30.813380491220098,2,2,0,33.503055572509766,29.697362337495903,2,2,0,34.30509567260742,30.674161001101627,1,2,0
591,1748170250.708058,32.91726112365723,30.788484835286692,2,2,0,32.21559524536133,29.786270239560647,2,2,0,32.26184844970703,30.662903816550582,1,2,0
592,1748170250.8072152,31.714677810668945,30.80315950630388,2,2,0,33.40482711791992,29.779390047181604,2,2,0,33.85186195373535,30.597594681044043,1,2,0
593,1748170250.908003,32.51314163208008,30.956709999311137,3,3,1,33.02001953125,29.856827172061998,3,3,1,30.872106552124023,30.62751924851912,1,3,0
594,1748170251.006381,32.42993354797363,30.92815341926486,3,3,0,34.85894203186035,29.825065982760933,3,3,0,32.765865325927734,30.63208233400426,1,3,0
595,1748170251.108306,32.733917236328125,30.91276706454163,4,4,0,35.89987754821777,29.791658182665365,4,4,0,31.943082809448242,30.65775637158542,1,4,0
596,1748170251.211187,31.972169876098633,30.925287737692347,4,3,0,33.52093696594238,29.806160298712737,4,3,0,31.426191329956055,30.711429891512203,1,3,0
597,1748170251.3102238,30.61199188232422,30.947367955046683,3,3,0,36.324262619018555,29.72597950185307,3,3,0,34.26790237426758,30.667851175917903,1,3,0
598,1748170251.413599,32.24015235900879,30.976837002303522,3,2,0,32.74130821228027,29.750712208611567,3,2,0,31.171083450317383,30.692604452666274,1,2,0
599,1748170251.511876,30.34687042236328,31.015044237971818,2,2,0,33.88810157775879,29.736889432967462,2,2,0,32.0439338684082,30.683473482251113,1,2,0
600,1748170251.6101692,32.56583213806152,31.068949203900452,3,3,1,34.57903861999512,29.777008098513054,3,3,1,31.857967376708984,30.731817043907263,1,3,0
601,1748170251.712974,33.24079513549805,31.095161299091433,4,3,0,35.96377372741699,29.741296420430427,4,3,0,31.39472007751465,30.803174587631645,1,3,0
602,1748170251.815968,31.45289421081543,31.112706772494622,3,3,0,34.32869911193848,29.72675901879038,3,3,0,33.807992935180664,30.829204327536186,1,3,0
603,1748170251.917632,34.18898582458496,31.059370637915013,3,1,0,32.466888427734375,29.803541110841618,3,1,0,30.787229537963867,30.892480502100224,1,1,0
604,1748170252.017099,31.44979476928711,31.047162506865558,2,2,1,32.13191032409668,29.820457455604938,2,2,1,33.58006477355957,30.85657197101134,1,2,0
605,1748170252.1162162,32.7906608581543,31.03321116937055,3,3,0,34.371137619018555,29.862403675690555,3,3,0,32.257080078125,30.839873443626946,1,3,0
606,1748170252.217736,33.167123794555664,31.109122258246828,3,3,0,35.83121299743652,29.766202503378086,3,3,0,32.74083137512207,30.869418233863424,1,3,0
607,1748170252.32153,31.077861785888672,31.192626163317335,3,3,0,34.74998474121094,29.736608329758912,3,3,0,32.64594078063965,30.896773900477957,1,3,0
608,1748170252.422157,32.30595588684082,31.18448591335148,3,2,0,33.97178649902344,29.7357299164851,3,2,0,31.93211555480957,30.916617915055976,1,2,0
609,1748170252.5223548,31.257152557373047,31.176465778615565,2,2,0,32.488107681274414,29.72824091596604,2,2,0,33.01501274108887,30.893254135926846,1,2,0
610,1748170252.621257,32.972097396850586,31.178512916017887,4,4,0,33.905029296875,29.738688619359376,4,4,0,31.85582160949707,30.915493701750254,1,4,0
611,1748170252.7222989,31.176328659057617,31.163609723768072,4,3,0,33.18905830383301,29.68613820111078,4,3,0,34.15393829345703,30.842934999218073,1,3,0
612,1748170252.823031,32.39583969116211,31.163038589636653,3,2,0,32.73200988769531,29.7229250321786,3,2,0,37.111759185791016,30.720240001875016,1,2,0
613,1748170252.929162,32.1500301361084,31.15843940764131,2,2,0,33.833980560302734,29.673998787373687,2,2,0,32.36699104309082,30.734159022967855,1,2,0
614,1748170253.0296462,31.68010711669922,31.183651256140184,2,1,0,31.661033630371094,29.667275278779556,2,1,0,32.79995918273926,30.693023709630207,1,1,0
615,1748170253.128247,34.00611877441406,31.131519777052915,2,2,1,33.39791297912598,29.696416155831873,2,2,1,31.802892684936523,30.728702464565163,1,2,0
616,1748170253.229429,30.38477897644043,31.128770304781067,2,2,0,32.438039779663086,29.69914272422561,2,2,0,33.27679634094238,30.69327077713329,1,2,0
617,1748170253.327723,31.522035598754883,31.115368770267914,2,2,0,34.3937873840332,29.68721680690906,2,2,0,33.23698043823242,30.700984278048484,1,2,0
618,1748170253.428981,31.869888305664062,31.13567956576521,2,2,0,34.501075744628906,29.63077251305701,2,2,0,33.27584266662598,30.639272697521573,1,2,0
619,1748170253.530731,30.548095703125,31.21648384771965,3,3,1,31.163930892944336,29.681516492428365,3,3,1,32.12404251098633,30.61187938012883,1,3,0
620,1748170253.626869,32.9742431640625,31.197475225689267,3,3,0,35.302162170410156,29.628784036371393,3,3,0,31.81600570678711,30.68983464982905,1,3,0
621,1748170253.7291389,31.454801559448242,31.244791980935652,4,3,1,32.47499465942383,29.621230258358352,4,3,1,32.29379653930664,30.688831655350036,1,3,0
622,1748170253.827476,33.19597244262695,31.19676362614894,4,4,1,35.574913024902344,29.557869159414174,4,4,1,33.51187705993652,30.69950867755751,1,4,0
623,1748170253.9321432,31.575679779052734,31.227260002819236,4,3,0,32.54222869873047,29.5717692093286,4,3,0,33.59484672546387,30.614396774407812,1,3,0
624,1748170254.031968,31.30483627319336,31.263803949260005,3,2,0,32.034873962402344,29.65452927023612,3,2,0,31.757116317749023,30.645861854220342,1,2,0
625,1748170254.130732,32.76395797729492,31.26292620352424,3,3,1,33.75387191772461,29.71764614191025,3,3,1,33.02717208862305,30.61176767104199,1,3,0
626,1748170254.232588,31.148195266723633,31.28960681945624,3,3,0,32.733917236328125,29.74079731799145,3,3,0,32.527923583984375,30.577422317178762,1,3,0
627,1748170254.331234,32.199859619140625,31.237966049855476,3,3,0,37.355899810791016,29.71039774385458,3,3,0,35.19487380981445,30.5485522171951,1,3,0
628,1748170254.438009,31.78095817565918,31.25297927448271,3,3,0,32.655954360961914,29.712986552672024,3,3,0,32.32908248901367,30.51244682775515,1,3,0
629,1748170254.536875,33.806800842285156,31.14095793454042,4,4,1,34.047842025756836,29.70836349521825,4,4,1,32.14740753173828,30.50922120564518,1,4,0
630,1748170254.638891,34.09910202026367,31.09153473118965,4,3,0,33.87331962585449,29.72911186285624,4,3,0,33.197879791259766,30.467637805704555,1,3,0
631,1748170254.742214,35.03990173339844,31.03354028259636,3,3,0,34.02423858642578,29.78625613755509,3,3,0,31.455039978027344,30.465970631112214,1,3,0
632,1748170254.845384,34.207820892333984,30.9453510574565,3,3,0,34.993886947631836,29.766568666321596,3,3,0,32.97829627990723,30.491721523312407,1,3,0
633,1748170254.949614,30.89284896850586,31.050763405495253,3,3,0,33.04910659790039,29.749425009078802,3,3,0,31.6469669342041,30.465033847584184,1,3,0
634,1748170255.0473201,32.71675109863281,31.010152365578808,3,2,0,33.77985954284668,29.700951367095985,3,2,0,32.91177749633789,30.48572287622681,1,2,0
635,1748170255.1487072,32.971858978271484,31.004505700995516,3,3,1,32.772064208984375,29.747983196515612,3,3,1,31.718015670776367,30.502210050018835,1,3,0
636,1748170255.248692,34.14797782897949,30.97316936285852,4,3,1,32.896995544433594,29.834860297046607,4,3,1,31.27884864807129,30.547521355860113,1,3,0
637,1748170255.350733,34.03496742248535,30.878940601734957,4,4,1,35.65692901611328,29.808094981009432,4,4,1,32.877206802368164,30.540418462240467,1,4,0
638,1748170255.455572,30.823945999145508,30.92605541462906,5,3,1,33.17999839782715,29.831585380974744,5,3,1,32.38201141357422,30.52658546242169,1,3,0
639,1748170255.554145,32.7298641204834,30.879296762841513,4,3,1,35.032033920288086,29.75643913461436,4,3,1,34.52706336975098,30.479534628534886,1,3,0
640,1748170255.6586292,32.70125389099121,30.887968410246543,3,3,0,33.58626365661621,29.76596309401644,3,3,0,30.438899993896484,30.523512341332054,1,3,0
641,1748170255.7574358,32.723188400268555,30.8387850369943,4,3,0,33.36811065673828,29.76066890663604,4,3,0,31.162023544311523,30.61658679728018,1,3,0
642,1748170255.856809,32.88698196411133,30.823381742769083,3,3,0,34.471988677978516,29.70947879014544,3,3,0,33.43510627746582,30.73177200934635,1,3,0
643,1748170255.959767,31.73685073852539,30.836442200075336,3,2,0,31.428813934326172,29.78046839184583,3,2,0,31.116962432861328,30.77097945962231,1,2,0
644,1748170256.056075,31.49104118347168,30.842398238125178,2,2,0,32.784223556518555,29.747364314970124,2,2,0,33.1120491027832,30.76101217956851,1,2,0
645,1748170256.155741,32.89794921875,30.877508462356563,3,3,1,33.139944076538086,29.75506700434872,3,3,1,31.172990798950195,30.78085531404618,1,3,0
646,1748170256.25499,77.22997665405273,29.457347064428305,4,3,1,38.15197944641113,29.5875885041433,4,3,1,37.77027130126953,30.63972780296542,1,3,0
647,1748170256.410465,37.55593299865723,29.28339087421412,3,2,0,35.082101821899414,29.567495688679795,3,2,0,32.20772743225098,30.67181320362175,1,2,0
648,1748170256.5174289,30.703067779541016,29.31678118456654,2,2,0,32.42611885070801,29.6281212701165,2,2,0,32.08303451538086,30.709083880339413,1,2,0
649,1748170256.616221,33.326148986816406,29.237258421483716,2,2,0,34.13987159729004,29.541381113245723,2,2,0,31.76593780517578,30.720502508219738,1,2,0
650,1748170256.717555,30.931949615478516,29.295676535100228,2,2,0,32.00817108154297,29.637507407662135,2,2,0,32.536983489990234,30.69780105304709,1,2,0
651,1748170256.814934,32.518863677978516,29.265390079235498,2,2,0,33.73098373413086,29.600785344932838,2,2,0,33.55121612548828,30.658428653782707,1,2,0
652,1748170256.9167948,32.978057861328125,29.271612594953698,2,2,0,31.74591064453125,29.71292340562592,2,2,0,32.76181221008301,30.681730234431708,1,2,0
653,1748170257.016292,31.655073165893555,29.269352031609166,2,2,0,32.22298622131348,29.72237037974887,2,2,0,32.13787078857422,30.727381773355706,1,2,0
654,1748170257.114304,32.79685974121094,29.226895249545265,2,2,0,35.028934478759766,29.634373381585203,2,2,0,32.73272514343262,30.696760094469493,1,2,0
655,1748170257.216976,30.997037887573242,29.277258719195316,2,2,0,32.45711326599121,29.672319373827854,2,2,0,31.31890296936035,30.750577906204096,1,2,0
656,1748170257.313843,31.668901443481445,29.262293423577393,2,2,0,34.59000587463379,29.61807178719468,2,2,0,33.03670883178711,30.73443678133967,1,2,0
657,1748170257.415215,32.49478340148926,29.2538167047134,2,2,0,32.34505653381348,29.765237847984036,2,2,0,32.209157943725586,30.82868315056008,1,2,0
658,1748170257.514267,31.770944595336914,29.254177171399103,2,2,0,32.267093658447266,29.776521889552775,2,2,0,31.608104705810547,30.85188881179064,1,2,0
659,1748170257.612046,33.05864334106445,29.275365083781924,3,3,1,33.857107162475586,29.782103677853986,3,3,1,35.29000282287598,30.75258452559597,1,3,0
660,1748170257.716362,32.18507766723633,29.33006566036698,3,3,0,32.25994110107422,29.82993051329507,3,3,0,32.688140869140625,30.768722151336316,1,3,0
661,1748170257.817159,33.80107879638672,29.36566636467638,3,3,0,36.33522987365723,29.76163326590028,3,3,0,37.98198699951172,30.56414227546202,1,3,0
662,1748170257.927754,31.948089599609375,29.431144370327452,3,1,0,31.753063201904297,29.857613566741477,3,1,0,31.285762786865234,30.61689968326872,1,1,0
663,1748170258.0248342,33.33783149719238,29.360945212975096,2,2,1,32.861948013305664,29.863112402190087,2,2,1,31.98099136352539,30.60649592940244,1,2,0
664,1748170258.125035,33.55288505554199,29.336917608685265,2,1,0,32.56511688232422,29.899358952120295,2,1,0,32.72604942321777,30.612400699981045,1,1,0
665,1748170258.225821,31.703948974609375,29.373275478104,4,4,3,32.8519344329834,29.897121155348977,4,4,3,31.961917877197266,30.604813524099725,1,4,0
666,1748170258.3246899,33.00309181213379,29.406183965326495,4,2,0,36.54289245605469,29.78888639258869,4,2,0,34.59596633911133,30.501692476406653,1,2,0
667,1748170258.43127,31.857967376708984,29.46906136764756,4,4,2,33.969879150390625,29.83878690005727,4,4,2,31.609058380126953,30.54107078233309,1,4,0
668,1748170258.530891,31.6159725189209,29.446241570389837,4,4,0,34.79599952697754,29.790945790422082,4,4,0,32.7908992767334,30.528237057797835,1,4,0
669,1748170258.632115,33.79487991333008,29.41543686542349,4,2,0,34.13200378417969,29.817503658197026,4,2,0,31.415939331054688,30.625186039023227,1,2,0
670,1748170258.733551,32.766103744506836,29.41351843821844,2,2,0,33.39076042175293,29.823143233858165,2,2,0,31.414031982421875,30.594670902569767,1,2,0
671,1748170258.833336,32.212018966674805,29.428212130645054,2,2,0,34.651994705200195,29.785149171783374,2,2,0,33.61701965332031,30.51845599738058,1,2,0
672,1748170258.9357271,31.99911117553711,29.453782191233465,3,3,1,32.160043716430664,29.853639509858795,3,3,1,31.94880485534668,30.564580303087716,1,3,0
673,1748170259.0354419,32.2871208190918,29.43785079493047,3,3,0,33.90383720397949,29.780263993721555,3,3,0,34.516096115112305,30.459591316232462,1,3,0
674,1748170259.138447,33.530235290527344,29.379091224082103,4,4,1,33.74290466308594,29.75188696331907,4,4,1,31.174898147583008,30.519706971896596,1,4,0
675,1748170259.239158,32.69696235656738,29.384854375461803,4,3,0,34.349918365478516,29.716102140221402,4,3,0,30.9908390045166,30.525296897765863,1,3,0
676,1748170259.339387,31.625986099243164,30.758493172852553,4,4,1,34.78074073791504,29.815433522231288,4,4,1,33.754825592041016,30.650198960960005,1,4,0
677,1748170259.4416199,33.06174278259277,30.900962251348414,5,4,1,35.34102439880371,29.80769955106917,5,4,1,31.92305564880371,30.659227960982616,1,4,0
678,1748170259.5442271,31.57210350036621,30.873523419189958,4,3,0,33.62321853637695,29.772386232156673,4,3,0,34.75809097290039,30.575668809465085,2,3,1
679,1748170259.64658,33.18905830383301,30.877940363416492,3,3,0,33.2179069519043,29.7996802367508,3,3,0,32.032012939453125,30.56720130694344,2,3,0
680,1748170259.747047,31.0671329498291,30.87349311862001,3,3,0,34.98506546020508,29.711793820479816,3,3,0,34.84797477722168,30.495460790531823,2,3,0
681,1748170259.849961,33.390045166015625,30.845740068830388,4,4,1,35.40182113647461,29.66270139684177,4,4,1,33.056020736694336,30.510848727885364,2,4,0
682,1748170259.954029,33.16688537597656,30.83965424444647,4,4,0,35.198211669921875,29.561792637011163,4,4,0,31.71396255493164,30.543554301299476,2,4,0
683,1748170260.056427,31.46195411682129,30.845830807363342,4,3,0,33.49876403808594,29.524613558750946,4,3,0,34.31415557861328,30.47620523904721,2,3,0
684,1748170260.1577759,33.30039978027344,30.829876596326457,3,3,0,33.16998481750488,29.578783239340176,3,3,0,31.00275993347168,30.52992586924036,2,3,0
685,1748170260.258868,31.132936477661133,30.82551114900122,4,4,1,34.839630126953125,29.509352862847035,4,4,1,33.14375877380371,30.473238192294428,2,4,0
686,1748170260.360307,33.16807746887207,30.7781975439399,4,3,0,34.31296348571777,29.51734129538473,4,3,0,32.224178314208984,30.4984543431334,2,3,0
687,1748170260.4621718,30.93719482421875,30.827663507439922,3,3,0,34.399986267089844,29.457836698545407,3,3,0,31.46982192993164,30.521387436345616,2,3,0
688,1748170260.561019,31.0671329498291,30.849952411844228,3,3,0,33.846139907836914,29.412377127141227,3,3,0,32.99689292907715,30.478050708777683,2,3,0
689,1748170260.661264,32.76324272155762,30.859303839843435,3,3,0,32.56416320800781,29.4498252962264,3,3,0,30.910015106201172,30.61428504694726,2,3,0
690,1748170260.759752,32.23109245300293,30.857722172616604,3,3,0,33.10799598693848,29.42532864320762,3,3,0,33.71071815490723,30.58233469552828,2,3,0
691,1748170260.861275,35.841941833496094,30.79304326375749,3,3,0,34.989118576049805,29.46416892689777,3,3,0,32.39607810974121,30.75726765609795,2,3,0
692,1748170260.967514,32.820940017700195,30.764990794643538,3,3,0,35.11810302734375,29.36711247825108,3,3,0,31.90302848815918,30.73765764366102,2,3,0
693,1748170261.069458,31.05616569519043,30.836895624600384,3,2,0,33.721923828125,29.34234947045585,3,2,0,33.30421447753906,30.695973805658948,1,2,0
694,1748170261.169718,32.97114372253418,30.855951503119336,3,3,1,34.417152404785156,29.289266524878595,3,3,1,31.9669246673584,30.719730002373023,1,3,0
695,1748170261.271136,31.885147094726562,30.8501793211393,3,3,0,32.935142517089844,29.28671693909656,3,3,0,33.36501121520996,30.675664079260446,1,3,0
696,1748170261.3713999,35.637855529785156,30.766811222543677,3,2,0,35.36581993103027,29.320586257373307,3,2,0,31.80098533630371,30.763524077644032,1,2,0
697,1748170261.478078,32.1807861328125,30.75659855013021,3,3,1,33.010005950927734,29.348262497472273,3,3,1,33.41197967529297,30.706723240512954,1,3,0
698,1748170261.579227,31.45599365234375,30.761576192823114,3,3,0,34.1639518737793,29.366303733675192,3,3,0,33.7071418762207,30.678117179865765,1,3,0
699,1748170261.680672,32.151222229003906,30.813493676614495,3,3,0,33.54310989379883,29.38326242194688,3,3,0,32.97305107116699,30.629629133769143,1,3,0
700,1748170261.781814,66.60199165344238,29.7788121429677,4,4,1,35.76087951660156,29.315346853325092,4,4,1,35.68220138549805,30.497042495719164,1,4,0
701,1748170261.922035,36.370038986206055,29.656493245399474,4,4,0,43.991804122924805,29.05030264887605,4,4,0,33.33091735839844,30.505914911103595,1,4,0
702,1748170262.037814,32.3491096496582,29.646270841535415,4,3,0,34.111976623535156,28.995523786151043,4,3,0,32.43279457092285,30.490997423404252,1,3,0
703,1748170262.138936,33.15377235412598,29.62104198623152,3,3,0,33.94293785095215,28.994541623576648,3,3,0,31.5091609954834,30.584133570690362,1,3,0
704,1748170262.239666,32.58705139160156,29.6486249332,4,3,1,33.4019660949707,29.004152304328365,4,3,1,31.22568130493164,30.58245362289041,1,3,0
705,1748170262.339086,31.961917877197266,29.670402275744966,3,3,0,34.10482406616211,29.01108022128164,3,3,0,32.62805938720703,30.53169635902789,1,3,0
706,1748170262.439772,31.19206428527832,29.683322989036935,3,2,0,31.621932983398438,29.10022035193405,3,2,0,32.473087310791016,30.571642447041057,1,2,0
707,1748170262.5370529,31.110286712646484,29.74067078764048,2,2,0,34.04593467712402,29.13687736074499,2,2,0,33.577919006347656,30.520165935007093,1,2,0
708,1748170262.637849,32.44304656982422,29.71477583052234,3,3,1,32.86290168762207,29.158368612278576,3,3,1,31.118154525756836,30.63388706648352,1,3,0
709,1748170262.737819,32.258033752441406,29.74214704206216,3,2,0,33.4019660949707,29.153078946246563,3,2,0,31.592845916748047,30.647615957818374,1,2,0
710,1748170262.8372219,31.450271606445312,29.730917133024516,3,3,1,36.19027137756348,29.11889446010489,3,3,1,35.604000091552734,30.6240829199755,1,3,0
711,1748170262.942604,33.69498252868652,29.72237740053634,3,3,0,33.53404998779297,29.171814215302152,3,3,0,31.347036361694336,30.67772824750271,1,3,0
712,1748170263.0432498,31.56304359436035,29.769744803625485,3,3,0,33.236026763916016,29.227614865469107,3,3,0,33.73527526855469,30.61433718632737,1,3,0
713,1748170263.1440508,33.19597244262695,29.718586657931077,4,4,1,34.31820869445801,29.204340366747623,4,4,1,31.044960021972656,30.716737846444527,1,4,0
714,1748170263.2447731,31.80408477783203,29.762661046026597,4,3,0,34.42788124084473,29.168480388736526,4,3,0,32.196998596191406,30.67910451400233,1,3,0
715,1748170263.345245,32.98521041870117,29.708279325414534,4,4,1,35.42494773864746,29.151903725529532,4,4,1,32.63115882873535,30.695202532914692,1,4,0
716,1748170263.448374,32.94110298156738,29.71478284772242,4,4,0,34.54899787902832,29.14515817085811,4,4,0,31.46505355834961,30.71922751942517,1,4,0
717,1748170263.549639,30.720949172973633,29.72105053062709,4,4,0,34.26098823547363,29.14910113903058,4,4,0,34.96909141540527,30.60954855282939,1,4,0
718,1748170263.651995,33.30206871032715,29.6552700986387,4,4,0,33.776044845581055,29.15095146099808,4,4,0,31.2650203704834,30.663815445576404,1,4,0
719,1748170263.7525609,31.673192977905273,29.687167777672396,4,4,0,35.72988510131836,29.061634978415526,4,4,0,32.77921676635742,30.605245274189212,1,4,0
720,1748170263.855009,33.941030502319336,29.637130451863996,4,3,0,34.88636016845703,29.01168891265237,4,3,0,32.49692916870117,30.643115405999158,1,3,0
721,1748170263.960112,32.72223472595215,29.72911186285624,3,3,0,35.90512275695801,28.986072397731412,3,3,0,33.91528129577637,30.59569006978969,1,3,0
722,1748170264.064992,31.45599365234375,29.769568725054828,3,2,0,33.69021415710449,29.026204735482068,3,2,0,34.60288047790527,30.511699547255876,1,2,0
723,1748170264.1668322,33.837080001831055,29.687707108182874,3,3,1,32.75489807128906,29.05338813870914,3,3,1,31.753063201904297,30.560037304733036,1,3,0
724,1748170264.267182,30.792951583862305,29.75124681601741,3,3,0,32.77897834777832,29.099439699470963,3,3,0,34.1341495513916,30.492918580211864,1,3,0
725,1748170264.366793,33.550262451171875,29.702290465552373,3,3,0,34.35802459716797,29.059373174105733,3,3,0,32.025814056396484,30.534385822122793,1,3,0
726,1748170264.468812,33.78009796142578,29.757058393817076,4,4,1,36.46993637084961,29.028193510032132,4,4,1,33.428192138671875,30.48396509933462,1,4,0
727,1748170264.57483,31.152009963989258,29.78749011357581,4,4,0,36.65518760681152,28.926028343246287,4,4,0,34.14106369018555,30.461420025806323,1,4,0
728,1748170264.679034,32.36508369445801,29.760570362493517,4,2,0,34.304141998291016,28.922251855434162,4,2,0,30.7619571685791,30.55269119543127,1,2,0
729,1748170264.7787461,31.821727752685547,29.77039279070224,3,3,0,32.92512893676758,28.939493427678475,3,3,0,33.106088638305664,30.54821106113715,1,3,0
730,1748170264.8788328,34.5759391784668,30.747264175655758,4,4,1,34.42716598510742,28.976760627438882,4,4,1,32.06920623779297,30.660737047069908,1,4,0
731,1748170264.9821088,31.629085540771484,30.897524988545026,5,4,1,35.4161262512207,29.21870363068675,5,4,1,33.405303955078125,30.658406243901105,1,4,0
732,1748170265.0848398,32.29475021362305,30.899232142694895,4,3,0,34.765005111694336,29.200050403681974,4,3,0,33.514976501464844,30.62437359904011,1,3,0
733,1748170265.189195,32.26280212402344,30.927522467651595,3,3,0,34.28077697753906,29.19028239586086,3,3,0,32.972097396850586,30.578633543753778,1,3,0
734,1748170265.290993,30.587196350097656,30.99132542227608,3,3,0,33.55216979980469,29.18596271323959,3,3,0,33.54811668395996,30.506454816286,1,3,0
735,1748170265.3908281,33.499956130981445,30.94198000056558,3,3,0,34.060001373291016,29.18718130300115,3,3,0,31.084060668945312,30.554212069520243,1,3,0
736,1748170265.491512,31.44097328186035,30.93400805327285,3,3,0,33.355712890625,29.137889432248315,3,3,0,33.51879119873047,30.52189087140935,1,3,0
737,1748170265.592017,32.61613845825195,30.88608054786787,3,3,0,34.513235092163086,29.12487955205284,3,3,0,32.662153244018555,30.550176521188735,1,3,0
738,1748170265.6942642,30.769824981689453,30.939499737025937,3,2,0,33.31804275512695,29.11198905013229,3,2,0,32.52720832824707,30.506218143168574,1,2,0
739,1748170265.793061,30.679941177368164,30.989966795704177,2,2,0,32.30690956115723,29.143011592204356,2,2,0,33.10084342956543,30.459510209199696,1,2,0
740,1748170265.89121,33.570051193237305,30.922149019603992,2,2,0,33.50090980529785,29.219449984070028,2,2,0,30.637264251708984,30.61367428457705,1,2,0
741,1748170265.9909708,31.740188598632812,30.9840985923227,3,3,1,33.0052375793457,29.23445977672179,3,3,1,32.06777572631836,30.59093701597338,1,3,0
742,1748170266.0898612,34.072160720825195,30.904043538583167,3,2,0,34.912109375,29.187012048338097,3,2,0,34.182071685791016,30.576976491066326,1,2,0
743,1748170266.1950452,31.31413459777832,30.964129786948174,3,3,1,32.233238220214844,29.246398505013506,3,3,1,33.54692459106445,30.499104871795243,1,3,0
744,1748170266.294235,31.646251678466797,30.96941112420758,3,3,0,32.78779983520508,29.293371336062247,3,3,0,33.9961051940918,30.443636296771764,1,3,0
745,1748170266.396447,31.995058059692383,31.001030089909282,3,3,0,34.783124923706055,29.311802608100113,3,3,0,33.03694725036621,30.431222851316452,1,3,0
746,1748170266.4984388,30.976057052612305,31.06423970710584,3,3,0,32.71794319152832,29.364364298956193,3,3,0,31.054258346557617,30.44379097649693,1,3,0
747,1748170266.595207,33.21218490600586,30.984281701613593,3,2,0,34.34610366821289,29.36200716845878,3,2,0,32.68909454345703,30.514429888102462,1,2,0
748,1748170266.697312,31.59809112548828,31.038837669665817,2,2,0,31.19802474975586,29.436273752944114,2,2,0,32.4859619140625,30.47649311761228,1,2,0
749,1748170266.794726,33.267974853515625,30.987738295477776,2,2,0,31.506776809692383,29.558639884311045,2,2,0,32.59086608886719,30.48245121029477,1,2,0
750,1748170266.894172,33.05315971374512,31.016083959694342,2,2,0,33.70022773742676,29.593197115401573,2,2,0,33.093929290771484,30.463993864063735,1,2,0
751,1748170266.995938,34.30509567260742,30.96512799689928,3,3,1,34.13510322570801,29.6448320259721,3,3,1,32.61590003967285,30.50424354498492,1,3,0
752,1748170267.099453,33.16497802734375,30.910443346752597,3,2,0,35.57300567626953,29.589773243819508,3,2,0,33.77890586853027,30.529896239359164,1,2,0
753,1748170267.204115,31.538009643554688,30.983839191198687,2,1,0,31.8148136138916,29.617297959915746,2,1,0,32.733917236328125,30.49942275384833,1,1,0
754,1748170267.302152,32.28330612182617,30.93625925568064,2,2,1,33.421993255615234,29.59852935468733,2,2,1,33.96415710449219,30.5045023728853,1,2,0
755,1748170267.403871,33.01191329956055,30.953404996760238,2,2,0,32.21297264099121,29.661260986034616,2,2,0,31.92424774169922,30.507660426974457,1,2,0
756,1748170267.502924,34.58881378173828,30.927560476056225,2,2,0,32.8369140625,29.768089747290027,2,2,0,31.685829162597656,30.561640561698855,1,2,0
757,1748170267.605608,34.83915328979492,30.810415330143638,2,2,0,34.35707092285156,29.836105378171663,2,2,0,32.65500068664551,30.607977492531603,1,2,0
758,1748170267.709842,30.539989471435547,30.868403467058915,2,2,0,31.773805618286133,29.91128530759181,2,2,0,32.52577781677246,30.552891497019598,1,2,0
759,1748170267.806605,32.074928283691406,30.86053750146848,2,2,0,35.652875900268555,29.830163880949716,2,2,0,35.61806678771973,30.475024255702333,1,2,0
760,1748170267.912056,35.05277633666992,30.845694699764106,2,2,0,31.649112701416016,29.912856770306497,2,2,0,31.30197525024414,30.49903833918086,1,2,0
761,1748170268.012235,32.75895118713379,30.809743909811512,2,2,0,32.42802619934082,30.00231045395771,2,2,0,30.717849731445312,30.582461055881254,1,2,0
762,1748170268.110202,33.498287200927734,30.771882475677984,2,2,0,34.44027900695801,30.012056902857143,2,2,0,33.61701965332031,30.57935438057236,1,2,0
763,1748170268.213737,31.419038772583008,30.798605620888864,2,2,0,31.41498565673828,30.098383148423405,2,2,0,33.63394737243652,30.55877560040898,1,2,0
764,1748170268.312222,31.632184982299805,30.765818235164673,2,2,0,33.62894058227539,30.096115461972502,2,2,0,34.00015830993652,30.544770260842462,1,2,0
765,1748170268.413559,32.614946365356445,30.79373656450798,2,2,0,31.92901611328125,30.160658222677963,2,2,0,31.707286834716797,30.525615326037833,1,2,0
766,1748170268.511873,31.43000602722168,30.794135980200377,2,2,0,33.54215621948242,30.155049274600994,2,2,0,31.286001205444336,30.59499821894676,1,2,0
767,1748170268.610052,32.44900703430176,30.799615803742682,3,3,1,34.55305099487305,30.153683493624502,3,3,1,31.712055206298828,30.624723911911744,1,3,0
768,1748170268.711037,32.52005577087402,30.74434177255087,4,3,1,32.76181221008301,30.170413797683935,4,3,1,31.448841094970703,30.658466003658187,1,3,0
769,1748170268.811473,31.032085418701172,30.733468402290555,5,4,2,34.047842025756836,30.117654267591117,5,4,2,34.3930721282959,30.618195993351208,1,4,0
770,1748170268.913502,32.996177673339844,30.75161500263088,5,4,1,33.72502326965332,30.110951604137888,5,4,1,31.19516372680664,30.600861343786775,1,4,0
771,1748170269.013681,31.810998916625977,30.749510822031592,4,3,0,34.924983978271484,30.053065539213044,4,3,0,33.13469886779785,30.5676914028708,1,3,0
772,1748170269.11567,33.29586982727051,30.773997245655405,3,2,0,33.7679386138916,30.08735028850152,3,2,0,31.647920608520508,30.64681725596178,1,2,0
773,1748170269.216492,32.071828842163086,30.749999266862883,3,3,1,33.89787673950195,30.03711040165457,3,3,1,32.00888633728027,30.69507523919786,1,3,0
774,1748170269.316664,31.66508674621582,30.749217762581047,4,4,1,34.61003303527832,29.982243563410872,4,4,1,34.57474708557129,30.676748480840608,1,4,0
775,1748170269.419771,31.780004501342773,30.75586933295985,4,4,0,34.149885177612305,30.001251749767352,4,4,0,31.754016876220703,30.71689531380373,1,4,0
776,1748170269.519626,31.804800033569336,30.729783114546233,4,4,0,34.11507606506348,29.959364217987986,4,4,0,34.208059310913086,30.61822579487373,1,4,0
777,1748170269.621921,33.4470272064209,30.722482700628394,4,4,0,35.00533103942871,29.939561303720808,4,4,0,31.503915786743164,30.655328931324323,1,4,0
778,1748170269.723935,30.43985366821289,30.75921499528941,4,3,0,35.04824638366699,29.825016497144286,4,3,0,32.67216682434082,30.64944491793671,1,3,0
779,1748170269.824251,30.656099319458008,30.841929532450923,4,4,1,34.80672836303711,29.72734192753972,4,4,1,34.09004211425781,30.602506100844266,1,4,0
780,1748170269.926003,32.56392478942871,30.857510286930502,4,3,0,35.08400917053223,29.686656482426287,4,3,0,30.686140060424805,30.677922712451526,1,3,0
781,1748170270.0279958,33.76507759094238,30.874432463945634,4,3,1,34.12008285522461,29.687097736186658,4,3,1,34.12818908691406,30.63058352363474,1,3,0
782,1748170270.132511,33.61678123474121,30.860136361406777,3,3,0,33.55693817138672,29.746316494699624,3,3,0,31.748056411743164,30.694453761505624,1,3,0
783,1748170270.2335382,31.03780746459961,30.876084032219513,4,3,1,33.80417823791504,29.687756139200996,4,3,1,32.91487693786621,30.688704414467963,1,3,0
784,1748170270.333418,32.09805488586426,30.881972022696186,4,3,1,34.57307815551758,29.654075006975816,4,3,1,33.6611270904541,30.698280367064513,1,3,0
785,1748170270.435881,32.460927963256836,30.89952806859778,3,3,0,33.66804122924805,29.611492059696886,3,3,0,31.431198120117188,30.713896213008454,1,3,0
786,1748170270.5355399,33.37717056274414,30.938305396132574,4,4,1,33.42294692993164,29.594387305111493,4,4,1,34.54899787902832,30.624388505807552,1,4,0
787,1748170270.6389818,34.10196304321289,30.96180595967875,5,5,1,36.1020565032959,29.543552097552865,5,5,1,31.840085983276367,30.649765941619133,1,5,0
788,1748170270.743249,30.941247940063477,30.949217643169725,5,5,0,36.19098663330078,29.415711929261533,5,5,0,33.23078155517578,30.627839813062504,1,5,0
789,1748170270.845839,32.058000564575195,30.949598264862335,5,4,0,36.22031211853027,29.399327102803742,5,4,0,31.94117546081543,30.74318498496547,1,4,0
790,1748170270.948257,31.696796417236328,31.056833192811883,4,2,0,34.249067306518555,29.324460658501064,4,2,0,32.55486488342285,30.703598761208614,1,2,0
791,1748170271.049005,31.1892032623291,31.10725340784161,2,1,0,32.78183937072754,29.314226806525447,2,1,0,33.51306915283203,30.61605043617775,1,1,0
792,1748170271.148763,34.174203872680664,31.08526706638306,3,3,1,33.81180763244629,29.3322330463729,3,3,1,30.964136123657227,30.69910422300446,1,3,0
793,1748170271.251209,31.785011291503906,31.0735757186324,3,2,0,32.90581703186035,29.289505145193907,3,2,0,33.30111503601074,30.709660980836773,1,2,0
794,1748170271.351263,34.178972244262695,30.991623114794436,4,4,2,34.684181213378906,29.259347104832116,4,4,2,32.675981521606445,30.75121668920745,1,4,0
795,1748170271.455016,31.159162521362305,31.038362974523597,4,2,0,33.515214920043945,29.214151700587564,4,2,0,32.59587287902832,30.723127818432683,1,2,0
796,1748170271.5543208,30.972003936767578,31.052886028472706,3,3,1,33.178091049194336,29.224478685583705,3,3,1,33.15114974975586,30.664532831116762,1,3,0
797,1748170271.653727,31.73995018005371,31.075432849997444,4,3,1,34.7750186920166,29.218079437136456,4,3,1,32.93323516845703,30.62630414617779,1,3,0
798,1748170271.755342,30.916690826416016,31.127091594142236,4,4,1,34.18684005737305,29.177672234803183,4,4,1,33.06007385253906,30.575913991245354,1,4,0
799,1748170271.8555572,34.14559364318848,31.026660972364553,4,3,0,35.43686866760254,29.138274037854778,4,3,0,32.18722343444824,30.64477963514362,1,3,0
800,1748170271.959695,30.933380126953125,31.09303289291769,3,2,0,34.04116630554199,29.129417189971985,3,2,0,45.85075378417969,30.19295020995801,1,2,0
801,1748170272.072874,35.063982009887695,30.98862355171563,2,1,0,33.921003341674805,29.158010502796714,2,1,0,35.3703498840332,30.125189316220695,1,1,0
802,1748170272.180087,33.45489501953125,30.98352638973772,1,1,0,33.617258071899414,29.16239626047535,1,1,0,31.82506561279297,30.119824263491775,1,1,0
803,1748170272.280958,31.383037567138672,31.00574335945624,1,1,0,31.946897506713867,29.21783519474591,1,1,0,33.10728073120117,30.086659654446926,1,1,0
804,1748170272.3792598,33.203840255737305,30.956656687218477,3,3,0,33.19096565246582,29.25827215243148,3,3,0,31.181812286376953,30.189393403200725,1,3,0
805,1748170272.480402,32.21607208251953,30.942702851578257,3,1,0,34.442901611328125,29.249994944036878,3,1,0,32.96399116516113,30.152852523410978,1,1,0
806,1748170272.5821528,34.7139835357666,30.85045161669952,1,1,0,37.53185272216797,29.152923595544667,1,1,0,33.141136169433594,30.18496124481031,1,1,0
807,1748170272.6895711,32.23776817321777,30.888885888543438,1,1,0,32.78994560241699,29.2160170741799,1,1,0,33.57291221618652,30.12229021975086,1,1,0
808,1748170272.7900212,31.5701961517334,30.85282684290718,1,1,0,33.11800956726074,29.271061039766163,1,1,0,33.41531753540039,30.099895129251284,1,1,0
809,1748170272.8900428,36.643028259277344,30.664151715869046,1,1,0,35.288095474243164,29.257489800032506,1,1,0,32.78303146362305,30.13941162225805,1,1,0
810,1748170272.996659,32.14907646179199,30.67716730473248,1,1,0,31.75497055053711,29.352753609868078,1,1,0,32.572031021118164,30.082775428586316,1,1,0
811,1748170273.095119,35.94684600830078,30.60931027738559,1,1,0,34.10792350769043,29.35321923063375,1,1,0,33.26225280761719,30.108919773034156,1,1,0
812,1748170273.200298,31.752824783325195,30.66757461975402,2,2,0,32.70602226257324,29.37768508386229,2,2,0,32.608985900878906,30.082703507936007,1,2,0
813,1748170273.299385,31.024932861328125,30.66791097250105,2,2,0,32.7448844909668,29.408238898563418,2,2,0,33.79011154174805,30.056396446235627,1,2,0
814,1748170273.3988469,33.179283142089844,30.63427488799653,2,1,0,33.818721771240234,29.429987924335187,2,1,0,32.44304656982422,30.09309241152753,1,1,0
815,1748170273.500324,30.52973747253418,30.694738290337714,1,1,0,32.30905532836914,29.469296024814053,1,1,0,31.736135482788086,30.08380393150705,1,1,0
816,1748170273.59692,33.49781036376953,30.69091256772756,1,1,0,34.03425216674805,29.45166574056606,1,1,0,33.14518928527832,30.126148592886175,1,1,0
817,1748170273.701084,30.918121337890625,30.791242334865114,1,1,0,31.174898147583008,29.594965034043977,1,1,0,31.97169303894043,30.122254164850293,1,1,0
818,1748170273.797285,32.97114372253418,30.72687153670108,1,1,0,31.56304359436035,29.730495649554324,1,1,0,33.37907791137695,30.117812861351055,1,1,0
819,1748170273.897044,32.8371524810791,30.7021903309994,1,1,0,32.51791000366211,29.84012430349632,1,1,0,32.698869705200195,30.09510051302902,1,1,0
820,1748170273.9969332,31.53085708618164,30.70742764742072,1,1,0,31.7990779876709,29.913077214933487,1,1,0,31.843900680541992,30.116645073705275,1,1,0
821,1748170274.094115,32.495737075805664,30.666759929234185,1,1,0,35.69602966308594,29.826444576659693,1,1,0,33.7061882019043,30.11087234317493,1,1,0
822,1748170274.197854,31.481027603149414,30.751449663730803,1,1,0,32.41705894470215,29.867897186112504,1,1,0,31.138896942138672,30.105670854166757,1,1,0
823,1748170274.294826,32.6998233795166,30.722505204281795,1,1,0,32.28878974914551,29.886285013549035,1,1,0,34.57999229431152,30.067047380005167,1,1,0
824,1748170274.3961651,33.38432312011719,30.74756471133301,2,2,0,31.86202049255371,29.970503273603097,2,2,0,32.14836120605469,30.083170998310187,1,2,0
825,1748170274.495563,32.28497505187988,30.712029568498217,2,2,0,32.29022026062012,30.007204354950296,2,2,0,31.84819221496582,30.105786103150425,1,2,0
826,1748170274.594003,31.440019607543945,30.6974490663475,2,2,0,35.65382957458496,29.933108561861438,2,2,0,34.34610366821289,30.069813691551285,1,2,0
827,1748170274.6973708,31.064987182617188,30.7187550504545,4,4,1,33.45990180969238,29.972430792332453,4,4,1,31.64505958557129,30.108595570035817,1,4,0
828,1748170274.795585,31.9979190826416,30.684663194265784,4,3,0,35.71510314941406,29.926687071404768,4,3,0,33.75101089477539,30.087710006295918,1,3,0
829,1748170274.9006069,33.087968826293945,30.71781015611192,3,3,0,32.67669677734375,30.009372777542733,3,3,0,31.43787384033203,30.110461633959225,1,3,0
830,1748170274.9999669,32.85813331604004,30.657323138680834,3,2,0,34.20090675354004,30.00435653999635,3,2,0,31.92591667175293,30.5371721016968,1,2,0
831,1748170275.100991,32.610177993774414,30.734264120139745,2,2,0,34.52420234680176,29.986087578194816,2,2,0,34.10506248474121,30.576887327403895,1,2,0
832,1748170275.204406,32.23395347595215,30.77288338039908,2,1,0,32.27686882019043,30.026237048812845,2,1,0,31.914949417114258,30.5740863671132,1,1,0
833,1748170275.3027682,31.749725341796875,30.761215221957546,2,2,1,34.03592109680176,29.96364474580017,2,2,1,34.19613838195801,30.54050000072814,1,2,0
834,1748170275.404904,33.26535224914551,30.759094689197255,2,2,0,32.49692916870117,29.98448697644737,2,2,0,31.2192440032959,30.539402973917422,1,2,0
835,1748170275.5039098,31.196117401123047,30.791264939361607,2,1,0,34.15393829345703,29.993035026522676,2,1,0,32.96208381652832,30.539373325637964,1,1,0
836,1748170275.6041868,32.19199180603027,30.87085719669164,1,1,0,32.68074989318848,30.13918060999752,1,1,0,31.963109970092773,30.57615917695781,1,1,0
837,1748170275.702992,32.26017951965332,30.87019071301979,1,1,0,32.012939453125,30.162545206379843,1,1,0,31.048297882080078,30.654985386218243,1,1,0
838,1748170275.8003101,31.92901611328125,30.858705965706694,1,1,0,32.23609924316406,30.189357187482905,1,1,0,34.646034240722656,30.616445255719544,1,1,0
839,1748170275.9009569,34.2257022857666,30.935399805284845,3,3,1,32.692909240722656,30.268288652235064,3,3,1,31.735897064208984,30.6492582793523,1,3,0
840,1748170276.0016482,32.06014633178711,30.938138043627927,3,3,0,34.857988357543945,30.173857597484208,3,3,0,32.945871353149414,30.6371764027569,1,3,0
841,1748170276.105099,34.45315361022949,30.985555897023712,4,4,0,37.63270378112793,30.06733476530325,4,4,0,33.63800048828125,30.62540220004031,1,4,0
842,1748170276.2132459,31.197786331176758,31.003237585559482,4,3,0,35.218238830566406,29.991855448876315,4,3,0,32.25898742675781,30.636288734493053,1,3,0
843,1748170276.314184,31.262874603271484,30.995806681178934,3,2,0,32.99903869628906,29.98416544760074,3,2,0,33.20503234863281,30.654507423227376,1,2,0
844,1748170276.4137971,34.04879570007324,30.96777242133594,2,2,0,33.072710037231445,30.00647446140947,2,2,0,31.685829162597656,30.678364007442045,1,2,0
845,1748170276.5146549,31.1129093170166,30.949149132259283,3,3,0,32.61399269104004,29.997339484622888,3,3,0,33.11491012573242,30.635296695537846,1,3,0
846,1748170276.613603,35.820960998535156,30.875152162343138,3,2,0,34.08503532409668,29.99583778915565,3,2,0,32.33504295349121,30.66075946035906,1,2,0
847,1748170276.717994,31.83913230895996,30.84588373842076,3,2,1,34.542083740234375,29.895068360233463,3,2,1,32.6838493347168,30.638534112544015,1,2,0
848,1748170276.8193438,30.793190002441406,30.915341787304005,3,3,1,34.64198112487793,29.803745828618858,3,3,1,33.28299522399902,30.641436434220658,1,3,0
849,1748170276.92017,33.62607955932617,30.890417667979328,3,2,0,34.21807289123535,29.753350260600783,3,2,0,32.04989433288574,30.66147670291421,1,2,0
850,1748170277.0222049,32.082319259643555,30.872864395214684,3,2,1,36.39793395996094,29.618350653783235,3,2,1,102.02383995056152,28.609426193166705,1,2,0
851,1748170277.19519,33.95676612854004,30.826356952258134,3,2,1,32.54985809326172,29.71068536700143,3,2,1,32.84597396850586,28.63283025093439,1,2,0
852,1748170277.2966568,34.24882888793945,30.739054311253973,3,2,0,32.782793045043945,29.69989279356554,3,2,0,33.11324119567871,28.57915217692988,1,2,0
853,1748170277.4007108,33.56790542602539,30.711714735160562,3,3,1,34.24215316772461,29.64269501404169,3,3,1,33.116817474365234,28.619121700919784,1,3,0
854,1748170277.5040379,31.194210052490234,30.78085531404618,4,4,1,33.655643463134766,29.590309041345357,4,4,1,32.408952713012695,28.61195029676323,1,4,0
855,1748170277.603492,31.595706939697266,30.802639209539457,4,3,0,35.513877868652344,29.496451751057865,4,3,0,32.81092643737793,28.585638245911362,1,3,0
856,1748170277.705544,30.717849731445312,30.82561687187007,5,5,2,34.5308780670166,29.528937058781842,5,5,2,32.22227096557617,28.64363701840941,1,5,0
857,1748170277.805302,32.96208381652832,30.765554953807335,5,3,0,34.91783142089844,29.486677941500062,5,3,0,35.533905029296875,28.537915458867623,1,3,0
858,1748170277.9115908,34.94000434875488,30.673233802466697,4,4,1,32.60302543640137,29.5771493474318,4,4,1,33.32185745239258,28.54966764805181,1,4,0
859,1748170278.0147688,32.78088569641113,30.682927293170433,5,4,1,33.45608711242676,29.554481223976996,5,4,1,32.15312957763672,28.530196010143335,1,4,0
860,1748170278.1153731,33.82086753845215,30.652707727566828,5,4,1,36.44704818725586,29.489400685786283,5,4,1,32.875776290893555,28.5043891810781,1,4,0
861,1748170278.220793,30.44295310974121,30.720765019050766,5,4,1,34.53207015991211,29.48917261938242,5,4,1,32.26876258850098,28.553852856880273,1,4,0
862,1748170278.320252,31.94713592529297,30.729858162506233,5,3,1,36.151885986328125,29.377225545267347,5,3,1,33.59842300415039,28.508192962598116,1,3,0
863,1748170278.424244,32.148122787475586,30.717397720456788,3,2,0,32.35578536987305,29.425555723150424,3,2,0,32.70983695983887,28.54826205595662,1,2,0
864,1748170278.5235698,32.523155212402344,30.74084914035935,2,2,0,32.06682205200195,29.437912778197592,2,2,0,32.78017044067383,28.50600356537091,1,2,0
865,1748170278.624567,33.12802314758301,30.680211600580495,3,3,1,34.23810005187988,29.43548185235931,3,3,1,34.62386131286621,28.461198133667008,1,3,0
866,1748170278.728867,32.03105926513672,30.685269309443708,4,4,1,33.13422203063965,29.42234940377412,4,4,1,33.03217887878418,28.432258309426842,1,4,0
867,1748170278.829352,32.195091247558594,30.687304834400067,4,3,0,38.1319522857666,29.24686755559977,4,3,0,33.46896171569824,28.367224095648915,1,3,0
868,1748170278.935358,31.750202178955078,30.692948841475168,3,3,0,32.45401382446289,29.24062157960416,3,3,0,32.40203857421875,28.427736157676424,2,3,1
869,1748170279.0340638,33.75697135925293,30.707779862993977,3,2,0,33.78605842590332,29.209587627286492,3,2,0,32.752275466918945,28.40028727758445,2,2,0
870,1748170279.136466,34.37209129333496,30.635445870223908,2,2,0,32.939910888671875,29.264233010322908,2,2,0,33.19096565246582,28.39378252372239,2,2,0
871,1748170279.239063,34.974098205566406,30.619194375937614,2,2,0,33.669233322143555,29.37768508386229,2,2,0,32.073020935058594,28.435862929278205,2,2,0
872,1748170279.341871,33.371925354003906,30.55162296464747,3,3,1,37.07075119018555,29.324501662929706,3,3,1,32.55200386047363,28.428057285771413,2,3,0
873,1748170279.446979,31.471967697143555,30.54494079949508,3,1,0,31.768798828125,29.35982167919381,3,1,0,32.09090232849121,28.458069795244306,1,1,0
874,1748170279.5444212,33.06174278259277,30.575639090728615,1,1,0,32.18889236450195,29.38519062908755,1,1,0,34.30914878845215,28.387274344632452,1,1,0
875,1748170279.645935,32.61590003967285,30.529081440163626,1,1,0,33.24294090270996,29.367146748072788,1,1,0,31.60881996154785,28.427781115172966,1,1,0
876,1748170279.745502,34.71207618713379,30.563540935950925,1,1,0,33.75697135925293,29.37647111009425,1,1,0,31.890869140625,28.439564880428907,1,1,0
877,1748170279.849376,35.52508354187012,30.449345756759737,2,2,1,34.72495079040527,29.371211716261325,2,2,1,32.99307823181152,28.431140484663615,1,2,0
878,1748170279.954793,31.76093101501465,30.41949607672062,4,3,1,32.859086990356445,29.42283099513373,4,3,1,34.40690040588379,28.400966763662034,1,3,0
879,1748170280.0560188,31.65578842163086,30.48019911705394,4,3,1,35.318851470947266,29.391203319269465,4,3,1,34.27886962890625,28.341245122514856,1,3,0
880,1748170280.1594071,32.27591514587402,30.474389514973556,3,3,0,32.998085021972656,29.489338485508103,3,3,0,31.980037689208984,30.349441909343707,1,3,0
881,1748170280.258694,33.63513946533203,30.48440821725653,3,2,0,32.6991081237793,29.484992027069303,3,2,0,31.512022018432617,30.390350760669783,1,2,0
882,1748170280.358588,33.9970588684082,30.492342207750195,4,4,1,36.003828048706055,29.392027167084436,4,4,1,33.04600715637207,30.392163824642534,1,4,0
883,1748170280.463754,32.327890396118164,30.530822200330956,5,4,1,34.03592109680176,29.397850341630033,5,4,1,32.29188919067383,30.41750327673957,1,4,0
884,1748170280.564553,32.37795829772949,30.49392358944321,4,3,0,34.627676010131836,29.3699023034866,4,3,0,34.11507606506348,30.36488064513093,1,3,0
885,1748170280.667727,32.015085220336914,30.48096700653881,4,4,1,34.0123176574707,29.41324341540098,4,4,1,31.941890716552734,30.3915839142547,1,4,0
886,1748170280.767817,33.52713584899902,30.394101913588166,4,4,0,36.002159118652344,29.370971762774815,4,4,0,32.0889949798584,30.395709834045945,1,4,0
887,1748170280.8716109,33.40315818786621,30.38051847398576,4,3,0,35.444021224975586,29.355855744460655,4,3,0,32.63998031616211,30.48485134806104,1,3,0
888,1748170280.975241,33.25700759887695,30.432164916738436,3,3,0,32.507896423339844,29.35854753152455,3,3,0,32.240867614746094,30.518411585969243,1,3,0
889,1748170281.076791,31.649112701416016,30.467283700264527,3,2,0,35.0341796875,29.31331170986817,3,2,0,34.558773040771484,30.443709953587714,1,2,0
890,1748170281.180286,31.309127807617188,30.545237392992,2,2,0,32.105207443237305,29.438181375371375,2,2,0,31.48484230041504,30.48674218424995,1,2,0
891,1748170281.2774038,31.115055084228516,30.524156534733205,2,2,0,33.52499008178711,29.467425772972074,2,2,0,33.95199775695801,30.434785342922826,1,2,0
892,1748170281.378242,32.80282020568848,30.49737511815604,2,2,0,33.357858657836914,29.548463999842195,2,2,0,31.56590461730957,30.497582086889757,1,2,0
893,1748170281.4779048,32.07707405090332,30.49942275384833,2,2,0,33.07318687438965,29.527627403463132,2,2,0,30.92217445373535,30.55311405742025,1,2,0
894,1748170281.575955,31.205177307128906,30.54024797408223,2,2,0,33.651113510131836,29.481807280461737,2,2,0,34.258365631103516,30.507120479117642,1,2,0
895,1748170281.676938,32.449960708618164,30.561306535958664,2,2,0,32.64594078063965,29.528063942328004,2,2,0,31.911134719848633,30.59147249750742,1,2,0
896,1748170281.775827,31.35204315185547,30.582394159093727,2,2,0,32.649993896484375,29.542192593997793,2,2,0,34.2710018157959,30.552995358136396,1,2,0
897,1748170281.8764522,33.586978912353516,30.538854490065763,2,2,0,34.323930740356445,29.65332026186919,2,2,0,31.522035598754883,30.613599803028343,1,2,0
898,1748170281.9779258,31.113862991333008,30.558820129376212,3,3,1,34.11698341369629,29.604685398315556,3,3,1,32.01007843017578,30.62562581809668,1,3,0
899,1748170282.0772638,30.75408935546875,30.652550917621944,3,2,0,34.49392318725586,29.58395726225046,3,2,0,33.80608558654785,30.592707151371865,1,2,0
900,1748170282.178376,32.850027084350586,30.700130359964778,2,2,0,33.07390213012695,29.580027899406044,2,2,0,31.343936920166016,30.65043787342009,1,2,0
