frame_number,timestamp,YOLO_Simple_processing_time_ms,YOLO_Simple_fps,YOLO_Simple_track_count,YOLO_Simple_detection_count,YOLO_Simple_id_switches,YOLO_Advanced_processing_time_ms,YOLO_Advanced_fps,YOLO_Advanced_track_count,YOLO_Advanced_detection_count,YOLO_Advanced_id_switches,ByteTrack_processing_time_ms,ByteTrack_fps,ByteTrack_track_count,ByteTrack_detection_count,ByteTrack_id_switches
0,1748167399.710434,77.72517204284668,12.87650928828212,1,1,0,45.61305046081543,21.939490312591538,1,1,0,41.89705848693848,23.889775529848663,1,1,0
1,1748167399.8779478,29.83713150024414,18.612646274412352,1,1,0,30.280113220214844,26.374874627813604,1,1,0,29.310941696166992,28.114029854748004,1,1,0
2,1748167399.969298,26.48305892944336,22.404472735366124,1,1,0,26.95488929748535,29.194826890147983,1,1,0,27.675867080688477,30.369666324745065,1,1,0
3,1748167400.052338,26.504039764404297,24.94215522303741,1,1,0,26.298999786376953,30.999857724365903,1,1,0,26.411056518554688,31.957819345498876,1,1,0
4,1748167400.1336498,26.705026626586914,26.731793870360836,1,1,0,26.447772979736328,32.16328007938249,1,1,0,27.61673927307129,32.73240351118159,1,1,0
5,1748167400.216324,26.139020919799805,28.14915600038925,1,1,0,26.59916877746582,32.96160651954383,1,1,0,26.948928833007812,33.393475448339004,1,1,0
6,1748167400.298003,26.020050048828125,29.271990037995597,1,1,0,26.83281898498535,33.518653231864505,1,1,0,26.903629302978516,33.88984463374656,1,1,0
7,1748167400.379651,27.80294418334961,29.973043009878634,1,1,0,27.432918548583984,33.8627181863687,1,1,0,26.535987854003906,34.326433489171464,1,1,0
8,1748167400.4632802,27.422189712524414,30.581378354950303,1,1,0,27.32396125793457,34.14976098890163,1,1,0,26.741981506347656,34.645821574010085,1,1,0
9,1748167400.5466309,27.54974365234375,31.073959405266486,1,1,0,26.740074157714844,34.451889952506825,1,1,0,26.45707130432129,34.94030422685393,1,1,0
10,1748167400.629215,26.994943618774414,31.5389659217373,1,1,0,27.33325958251953,34.638373779629,1,1,0,26.648998260498047,35.16362161947936,1,1,0
11,1748167400.712045,26.669740676879883,31.964821430272547,1,1,0,27.86111831665039,34.74195846287226,1,1,0,26.195049285888672,35.39957589419158,1,1,0
12,1748167400.794774,26.834964752197266,32.32111781397469,1,1,0,27.448177337646484,34.86864741426555,1,1,0,26.74412727355957,35.54784581533698,1,1,0
13,1748167400.877933,26.37195587158203,32.66853597528952,1,1,0,27.30703353881836,34.99039794253544,1,1,0,25.966882705688477,35.74672774590226,1,1,0
14,1748167400.959462,27.02617645263672,32.92809571536611,1,1,0,27.63199806213379,35.06993969812272,1,1,0,26.41892433166504,35.88267199592093,1,1,0
15,1748167401.04258,26.829957962036133,33.171959309165324,1,1,0,26.989221572875977,35.18960496889199,1,1,0,26.373863220214844,36.00595119611423,1,1,0
16,1748167401.124674,26.664018630981445,33.401320347526934,1,1,0,26.426076889038086,35.33703141486062,1,1,0,27.096033096313477,36.05989013601004,1,1,0
17,1748167401.206777,27.580976486206055,33.5501674009437,1,1,0,26.79610252380371,35.44349132426951,1,1,0,26.27873420715332,36.167094698205425,1,1,0
18,1748167401.289471,27.395009994506836,33.695470599253554,1,1,0,26.383161544799805,35.567031805652746,1,1,0,27.298927307128906,36.19337888023297,1,1,0
19,1748167401.372559,27.069091796875,33.84615881203267,1,1,0,25.750160217285156,35.7189884100539,1,1,0,26.43108367919922,36.27386948580285,1,1,0
20,1748167401.453842,26.893138885498047,33.993288593194194,1,1,0,26.701927185058594,35.79912583532962,1,1,0,26.85093879699707,36.32080433241638,1,1,0
21,1748167401.5362618,26.30901336669922,34.159375915069006,1,0,0,25.355815887451172,35.95213897930256,1,0,0,26.638031005859375,36.376565646371674,0,0,0
22,1748167401.6166131,27.15015411376953,34.270050249292616,1,1,1,26.206016540527344,36.04425639776357,1,1,1,26.929855346679688,36.41078528395576,0,1,0
23,1748167401.698997,26.84807777404785,34.386270263955346,1,1,0,26.849985122680664,36.09438160186253,1,1,0,26.044368743896484,36.49103595478247,1,1,0
24,1748167401.780799,27.10890769958496,34.481300388457875,1,1,0,26.46803855895996,36.16033679610566,1,1,0,26.134014129638672,36.56025851476739,1,1,0
25,1748167401.862468,27.029752731323242,34.573290926706534,1,1,0,26.630878448486328,36.21344606183575,1,1,0,26.34906768798828,36.61324929947537,1,1,0
26,1748167401.944566,26.987075805664062,34.660720024436245,1,1,0,27.055025100708008,36.2418366729744,1,1,0,26.619911193847656,36.649009181490996,1,1,0
27,1748167402.02724,27.67324447631836,34.712931456447045,1,1,0,27.534961700439453,36.24569561093823,1,1,0,26.17192268371582,36.70386479635288,1,1,0
28,1748167402.110677,26.63874626159668,34.804832824382046,1,1,0,26.94988250732422,36.27591628626628,1,1,0,25.210142135620117,36.79990996284152,1,1,0
29,1748167402.191401,26.5500545501709,34.89501471740747,1,0,0,26.911020278930664,36.30645132901931,1,0,0,25.290250778198242,36.88660024706544,0,0,0
30,1748167402.272115,26.3211727142334,37.11342103602119,1,1,1,27.415990829467773,37.123680872776966,1,1,1,26.897192001342773,37.57954162972051,1,1,0
31,1748167402.354732,27.98295021057129,37.198275913038856,1,1,0,27.98175811767578,37.229356690679666,1,1,0,26.529788970947266,37.710727357895976,1,1,0
32,1748167402.4391592,27.36377716064453,37.15796156901424,1,1,0,27.4507999420166,37.206415290722425,1,1,0,27.988910675048828,37.69574708831795,1,1,0
33,1748167402.523935,26.894092559814453,37.14021584746873,1,1,0,26.627063751220703,37.19166803861718,1,1,0,27.130842208862305,37.66159460240895,1,1,0
34,1748167402.6066911,26.297807693481445,37.159453947411166,1,0,0,25.48503875732422,37.23687053031617,1,0,0,26.538848876953125,37.712818311839804,0,0,0
35,1748167402.686978,26.80492401123047,37.12956340072944,0,0,0,25.879621505737305,37.27133860520748,0,0,0,26.841163635253906,37.71822195843563,0,0,0
36,1748167402.768474,26.441335678100586,37.11091442487118,0,0,0,25.014162063598633,37.35710650961708,0,0,0,26.942968368530273,37.71660522400966,0,0,0
37,1748167402.8487701,26.742935180664062,37.1602879757882,1,1,0,26.7641544342041,37.38847560446561,1,1,0,26.73482894897461,37.70713371936742,1,1,0
38,1748167402.931075,26.80492401123047,37.18876615364154,1,1,0,26.200056076049805,37.440830101412004,1,1,0,27.667999267578125,37.66344336615301,1,1,0
39,1748167403.013867,26.72886848449707,37.226801354292284,1,1,0,26.426315307617188,37.455496914655164,1,1,0,26.934146881103516,37.64116883182928,1,1,0
40,1748167403.095953,28.062105178833008,37.177855162832635,1,1,0,26.67379379272461,37.48643963324224,1,1,0,28.086185455322266,37.573414689716316,1,1,0
41,1748167403.1808681,27.258872985839844,37.15100603372223,1,1,0,27.055978775024414,37.52422481053608,1,1,0,26.300907135009766,37.56823191611265,1,1,0
42,1748167403.263337,27.118921279907227,37.1379029142375,1,1,0,26.659011840820312,37.56144711240811,1,1,0,26.272058486938477,37.590611094431274,1,1,0
43,1748167403.3455172,27.03690528869629,37.10709495684423,1,1,0,26.014089584350586,37.62230623988088,1,1,0,26.485919952392578,37.56642613397184,1,1,0
44,1748167403.42721,26.981115341186523,37.109261779169,1,1,0,27.48394012451172,37.62929309784881,1,1,0,26.84307098388672,37.54633870656837,1,1,0
45,1748167403.510656,26.293039321899414,37.13388063128333,1,1,0,27.70400047302246,37.595575385437265,1,1,0,26.105165481567383,37.55892446343912,1,1,0
46,1748167403.592742,26.84307098388672,37.125411478892836,1,1,0,27.009010314941406,37.56826556587465,1,1,0,26.536941528320312,37.585176587046156,1,1,0
47,1748167403.675127,28.084993362426758,37.102368222718376,1,1,0,30.304908752441406,37.40381299805712,1,1,0,28.41019630432129,37.48514421439877,1,1,0
48,1748167403.763956,26.626110076904297,37.13773849867215,1,1,0,27.718782424926758,37.34123114451985,1,1,0,27.484893798828125,37.47629086070088,1,1,0
49,1748167403.8476238,26.838064193725586,37.14868078895221,1,1,0,26.92413330078125,37.28669051711901,1,1,0,26.97920799255371,37.4508370616766,1,1,0
50,1748167403.930608,26.873111724853516,37.14964594955903,1,1,0,27.627944946289062,37.24406770931842,1,1,0,26.765108108520508,37.45476107130355,1,1,0
51,1748167404.0138218,26.929140090942383,37.12091004835222,1,1,0,27.385711669921875,37.14989821571183,1,1,0,26.802778244018555,37.446858152999596,1,1,0
52,1748167404.096812,26.597976684570312,37.14558822574331,1,1,0,26.785850524902344,37.12322086538453,1,1,0,28.45311164855957,37.37561523312769,1,1,0
53,1748167404.180599,27.54688262939453,37.11365091687552,1,1,0,26.975154876708984,37.11734034682817,1,1,0,27.59385108947754,37.30353693840856,1,1,0
54,1748167404.264611,27.570724487304688,37.09276528307493,1,1,0,27.528047561645508,37.068626783809414,1,1,0,28.078794479370117,37.21369975316879,1,1,0
55,1748167404.349736,27.40001678466797,37.07607587816521,1,1,0,26.57794952392578,37.07083280180326,1,1,0,27.99677848815918,37.137870031007964,1,1,0
56,1748167404.4337249,26.707172393798828,37.08899327865987,1,1,0,27.753829956054688,37.03879489877768,1,1,0,28.11598777770996,37.069358453746496,1,1,0
57,1748167404.518243,27.638912200927734,37.09055665406233,1,1,0,26.8399715423584,37.07061437246874,1,1,0,28.337955474853516,36.97045251880047,1,1,0
58,1748167404.603025,27.47511863708496,37.052482795784414,1,1,0,26.52287483215332,37.090184930485265,1,1,0,27.523040771484375,36.86540765374928,1,1,0
59,1748167404.686638,27.432918548583984,37.011525627932585,1,1,0,26.051044464111328,37.12902655645419,1,1,0,27.081966400146484,36.784460788010925,1,1,0
60,1748167404.7692559,27.889013290405273,36.93937942113124,1,1,0,26.951074600219727,37.15028210556151,1,1,0,27.347326278686523,36.763954652310424,1,1,0
61,1748167404.853369,28.98383140563965,36.894052078944384,1,1,0,27.08292007446289,37.1918219391017,1,1,0,27.179718017578125,36.734954124047825,1,1,0
62,1748167404.9385269,28.360843658447266,36.848825049293666,1,1,0,27.28581428527832,37.19943060792803,1,1,0,27.141094207763672,36.77304417355198,1,1,0
63,1748167405.023254,27.667999267578125,36.81365804164481,1,1,0,27.263879776000977,37.16977219434642,1,1,0,26.773929595947266,36.78918215640555,1,1,0
64,1748167405.106876,27.219057083129883,36.77167938424906,1,1,0,26.42202377319336,37.12588249456518,1,1,0,26.88002586364746,36.773581519969746,1,1,0
65,1748167405.189305,27.914047241210938,36.72122115038062,2,1,1,28.32818031311035,37.01247278756786,1,1,0,26.073932647705078,36.80800438551586,1,1,0
66,1748167405.27347,27.077198028564453,36.69217027992155,1,1,0,27.096986770629883,36.916328174164846,1,1,0,27.009248733520508,36.804914454227244,1,1,0
67,1748167405.356559,27.827024459838867,36.64312497597489,1,1,0,27.131080627441406,36.89949414231463,1,1,0,27.390003204345703,36.7753118821358,1,1,0
68,1748167405.440795,27.862071990966797,36.59592413425444,1,1,0,26.762962341308594,36.87405033930634,1,1,0,27.2367000579834,36.79471167721955,1,1,0
69,1748167405.5247061,27.703046798706055,36.55240148604286,1,1,0,27.806997299194336,36.811471755342865,1,1,0,26.98493003845215,36.79237702698672,1,1,0
70,1748167405.609132,27.501821517944336,36.5771905335255,1,1,0,27.130842208862305,36.79074187238497,1,1,0,26.5500545501709,36.86185452487336,1,1,0
71,1748167405.692241,27.697086334228516,36.557435203286964,1,1,0,27.882814407348633,36.753559859679456,1,1,0,27.070999145507812,36.827190791235516,1,1,0
72,1748167405.777152,26.74698829650879,36.57413923151043,1,1,0,27.781963348388672,36.70296930644233,1,1,0,27.256011962890625,36.78256827901511,1,1,0
73,1748167405.8610072,27.29630470275879,36.56257654789098,1,1,0,27.65178680419922,36.629652497648586,1,1,0,26.437997817993164,36.78463284394004,1,1,0
74,1748167405.9444401,26.457786560058594,36.585804968935435,1,1,0,27.622222900390625,36.62352222777819,1,1,0,26.671171188354492,36.79231247865487,1,1,0
75,1748167406.0272691,27.347326278686523,36.53892135234737,1,1,0,27.37569808959961,36.63819565160422,1,1,0,27.588844299316406,36.72574407146379,1,1,0
76,1748167406.111583,27.634859085083008,36.50380300167043,1,1,0,28.035879135131836,36.59230570361799,1,1,0,27.21571922302246,36.69525201004366,1,1,0
77,1748167406.196358,74.73206520080566,34.54346198023846,1,1,0,39.19839859008789,36.20029724555901,1,1,0,26.575803756713867,36.777848607953224,1,1,0
78,1748167406.338806,27.547836303710938,34.50714198349854,1,1,0,27.35614776611328,36.21634285773494,1,1,0,27.51469612121582,36.776590950142136,1,1,0
79,1748167406.423151,28.38873863220215,34.44546734939413,1,1,0,26.494979858398438,36.235042465532125,1,1,0,26.82781219482422,36.783546767874995,1,1,0
80,1748167406.5067992,28.41973304748535,34.384510766720105,1,1,0,28.27000617980957,36.20688047761304,1,1,0,26.737213134765625,36.784804901478715,1,1,0
81,1748167406.592352,28.065919876098633,34.3399655806505,1,1,0,27.514934539794922,36.20128666078412,1,1,0,26.616811752319336,36.79315162463529,1,1,0
82,1748167406.676671,28.153181076049805,34.27923208316647,1,1,0,27.62293815612793,36.164735069835245,1,1,0,26.383161544799805,36.88675163313622,1,1,0
83,1748167406.7609742,27.018070220947266,34.299854736387026,1,1,0,26.700973510742188,36.176598697426336,1,1,0,26.20697021484375,36.94980365048877,1,1,0
84,1748167406.842901,27.306079864501953,34.3101706931341,1,1,0,26.70121192932129,36.21289289306574,1,1,0,26.806116104125977,37.00773747410352,1,1,0
85,1748167406.925626,27.881145477294922,34.29122702024785,1,1,0,26.937007904052734,36.197110654676635,1,1,0,26.564836502075195,37.0732247714396,1,1,0
86,1748167407.0089412,26.953935623168945,34.28144547037943,1,1,0,27.543067932128906,36.206369983175705,1,1,0,25.983810424804688,37.17102394583385,1,1,0
87,1748167407.091321,26.21603012084961,34.337519740186806,1,1,0,27.667760848999023,36.17026560883063,1,1,0,26.92127227783203,37.23639669424423,1,1,0
88,1748167407.174158,27.374982833862305,34.34120269011153,1,1,0,27.779102325439453,36.115564875437315,1,1,0,27.38022804260254,37.24300945037245,1,1,0
89,1748167407.258635,26.551008224487305,34.37602824192282,1,1,0,27.441740036010742,36.055098237434066,1,1,0,27.00066566467285,37.24660336604139,1,1,0
90,1748167407.3416069,26.69501304626465,34.42313421505103,1,1,0,26.926040649414062,36.056203713388,1,1,0,26.675939559936523,37.277665595403995,1,1,0
91,1748167407.423869,28.23615074157715,34.45265403384724,1,1,0,28.458118438720703,35.996501881082835,1,1,0,27.798891067504883,37.248742405812536,1,1,0
92,1748167407.510682,27.498960494995117,34.486524590217854,1,1,0,28.326749801635742,35.95186536427983,1,1,0,27.617216110229492,37.22669121836833,1,1,0
93,1748167407.596043,26.71194076538086,34.52441145111097,1,1,0,27.8167724609375,35.9279369002451,1,1,0,26.834964752197266,37.223827913066685,1,1,0
94,1748167407.679334,27.56500244140625,34.51055852752458,1,1,0,27.843952178955078,35.866981964622475,1,1,0,27.540922164916992,37.193404989443124,1,1,0
95,1748167407.7642791,28.065919876098633,34.50460603926692,1,1,0,28.345823287963867,35.86621520278677,1,1,0,27.600765228271484,37.123089436794864,1,1,0
96,1748167407.8501801,27.92978286743164,34.47059609920413,1,1,0,28.26690673828125,35.816191035443275,1,1,0,28.839111328125,37.039089272983205,1,1,0
97,1748167407.937185,29.560089111328125,34.40198687012182,1,1,0,28.110980987548828,35.774247933790306,1,1,0,28.097867965698242,37.00677967298048,1,1,0
98,1748167408.0248802,27.32110023498535,34.42325663848516,1,1,0,26.803255081176758,35.7723664141669,1,1,0,27.339935302734375,37.00193700598922,1,1,0
99,1748167408.1082828,26.984214782714844,34.45151264088859,1,1,0,27.1148681640625,35.802137957132736,1,1,0,27.961015701293945,36.95744386514771,1,1,0
100,1748167408.1923058,27.519941329956055,34.45098441850723,1,1,0,27.287006378173828,35.79535484957482,1,1,0,27.444124221801758,36.91669642105337,1,1,0
101,1748167408.276648,27.651071548461914,34.452644600537646,1,1,0,27.50420570373535,35.811369556110094,1,1,0,28.086185455322266,36.87118700090369,1,1,0
102,1748167408.362029,27.719736099243164,34.414293778635475,1,1,0,29.405832290649414,35.74215700867044,1,1,0,28.76901626586914,36.80301984007553,1,1,0
103,1748167408.449856,28.16486358642578,34.3801421664204,1,1,0,28.655052185058594,35.69940454236465,1,1,0,28.38134765625,36.71531730682817,1,1,0
104,1748167408.5369961,28.85293960571289,34.28610665906625,1,1,0,27.21381187438965,35.71691499978995,1,1,0,27.230262756347656,36.690073287352085,1,1,0
105,1748167408.622253,27.446985244750977,34.2822767318079,1,1,0,27.62603759765625,35.70621212413578,1,1,0,28.017759323120117,36.670441662902356,1,1,0
106,1748167408.707354,31.05306625366211,34.14909060414433,1,1,0,28.141021728515625,35.70162279948872,1,1,0,27.280092239379883,36.667834248457126,1,1,0
107,1748167408.79583,27.243852615356445,36.10027126317405,1,1,0,27.353763580322266,36.21145473335054,1,1,0,27.15587615966797,36.64198321789509,1,1,0
108,1748167408.879682,27.299880981445312,36.1108800894011,1,1,0,26.591062545776367,36.24497894216231,1,1,0,26.495933532714844,36.68827605591422,1,1,0
109,1748167408.962092,26.665925979614258,36.1859203777649,1,1,0,26.873111724853516,36.22844898945155,1,1,0,25.896072387695312,36.72982851898621,1,1,0
110,1748167409.043707,27.152061462402344,36.24139826012422,1,1,0,26.996135711669922,36.284308563248985,1,1,0,26.79610252380371,36.72708401317199,1,1,0
111,1748167409.12689,27.42624282836914,36.26943626473213,1,1,0,26.978015899658203,36.30780275517642,1,1,0,26.125192642211914,36.7492125426585,1,1,0
112,1748167409.209405,27.821063995361328,36.28370171895347,1,1,0,27.045249938964844,36.33320522441823,1,1,0,26.807069778442383,36.73036460315866,1,1,0
113,1748167409.293341,28.225183486938477,36.23093169400874,1,1,0,26.72100067138672,36.332271529251976,1,1,0,26.690959930419922,36.708644285410465,1,1,0
114,1748167409.377014,28.206825256347656,36.19149903689039,1,1,0,27.522802352905273,36.296219374580296,1,1,0,26.73172950744629,36.71221078318958,1,1,0
115,1748167409.461725,26.95012092590332,36.23197494870964,1,1,0,27.479171752929688,36.272531040717304,1,1,0,26.710033416748047,36.70591365196495,1,1,0
116,1748167409.54494,26.854991912841797,36.23634683924001,1,1,0,27.70709991455078,36.26533859030228,1,1,0,26.54099464416504,36.6809498808728,1,1,0
117,1748167409.62817,27.070999145507812,36.19873512110249,1,1,0,27.94027328491211,36.25342714401784,1,1,0,26.766061782836914,36.68804071721641,1,1,0
118,1748167409.7118962,26.718854904174805,36.22733292642199,1,1,0,28.104066848754883,36.23912285906013,1,1,0,27.37116813659668,36.688404423749226,1,1,0
119,1748167409.7960372,27.02617645263672,36.20643249192521,1,1,0,27.657032012939453,36.22961727862219,1,1,0,27.039051055908203,36.68669292647157,1,1,0
120,1748167409.879675,26.859045028686523,36.19943285336552,1,1,0,28.013944625854492,36.182122461655254,1,1,0,26.46780014038086,36.69579778703807,1,1,0
121,1748167409.963139,28.0148983001709,36.20905805432001,1,1,0,28.519868850708008,36.179667247094216,1,1,0,28.004169464111328,36.686682230115714,1,1,0
122,1748167410.0496051,27.16517448425293,36.224172859288416,1,1,0,27.2979736328125,36.22435014218653,1,1,0,27.18806266784668,36.70612780461224,1,1,0
123,1748167410.133269,27.089834213256836,36.20791192866678,1,1,0,26.836872100830078,36.26733504559317,1,1,0,27.960777282714844,36.65561426476474,1,1,0
124,1748167410.217195,27.338027954101562,36.2178856528044,1,1,0,26.91197395324707,36.30815896176926,1,1,0,27.952194213867188,36.637171542825,1,1,0
125,1748167410.301481,26.912927627563477,36.26824449861965,1,1,0,26.81112289428711,36.3756918599172,1,1,0,27.010202407836914,36.66362469798845,1,1,0
126,1748167410.3842912,27.32706069946289,36.29470130575882,1,1,0,26.709794998168945,36.44451086739296,1,1,0,27.624845504760742,36.718413641381474,1,1,0
127,1748167410.467962,28.7320613861084,36.331138570351186,1,1,0,27.106046676635742,36.48924758778664,1,1,0,28.970956802368164,36.67927115507718,1,1,0
128,1748167410.554836,27.261972427368164,36.33404454192882,1,1,0,26.799917221069336,36.489480383033474,1,1,0,27.5571346282959,36.669725655611074,1,1,0
129,1748167410.638447,27.888774871826172,36.294418644898904,1,1,0,26.751041412353516,36.506598970044244,1,1,0,28.01799774169922,36.66711834298318,1,1,0
130,1748167410.723207,27.693986892700195,36.28647453512586,1,1,0,26.37195587158203,36.54742223125854,1,1,0,27.004003524780273,36.687045909714186,1,1,0
131,1748167410.806259,27.67205238342285,36.28577344346122,1,1,0,26.88002586364746,36.57527676542419,1,1,0,26.852130889892578,36.741904927648626,1,1,0
132,1748167410.88972,26.936054229736328,36.32002253744888,1,1,0,26.43108367919922,36.7090191099452,1,1,0,26.92103385925293,36.82503522883746,1,1,0
133,1748167410.971912,27.703046798706055,36.34025669691528,1,1,0,27.57096290588379,36.75777935070637,1,1,0,26.551008224487305,36.90808786433169,1,1,0
134,1748167411.055719,27.785062789916992,36.38752595770597,1,1,0,26.951074600219727,36.769326166629945,1,1,0,26.125192642211914,36.95850766829045,1,1,0
135,1748167411.138676,28.445959091186523,36.343563016938305,1,1,0,27.241230010986328,36.786665376410355,1,1,0,27.53901481628418,36.980274795663675,1,1,0
136,1748167411.223835,27.606964111328125,36.49556585780117,1,1,0,26.98993682861328,36.83865184171126,1,1,0,27.009010314941406,36.99229897442154,1,1,0
137,1748167411.307374,27.193784713745117,36.49792650995528,1,1,0,27.508974075317383,36.8315026731785,1,1,0,26.669740676879883,37.01421481690882,1,1,0
138,1748167411.39065,26.568174362182617,36.530403216254065,1,1,0,27.325868606567383,36.798101212886536,1,1,0,26.568889617919922,37.010143079631334,1,1,0
139,1748167411.473015,27.41098403930664,36.49751363844149,1,1,0,27.48703956604004,36.77048661986772,1,1,0,26.871919631958008,36.96581482826331,1,1,0
140,1748167411.556792,26.76701545715332,36.51452320689309,1,1,0,27.684926986694336,36.73941606606659,1,1,0,26.9620418548584,36.95817115251087,1,1,0
141,1748167411.640173,27.373790740966797,36.516790934323296,1,1,0,27.558088302612305,36.71333549827695,1,1,0,27.31919288635254,36.903887913224956,1,1,0
142,1748167411.7243881,26.93319320678711,36.55655367165983,1,1,0,28.123855590820312,36.66498147797944,1,1,0,25.85911750793457,36.94665732154094,1,1,0
143,1748167411.807186,27.595996856689453,36.5843689479311,1,1,0,27.454137802124023,36.632126509379056,1,1,0,26.165008544921875,36.97052855620894,1,1,0
144,1748167411.890305,26.43299102783203,36.663549917759205,1,1,0,26.954174041748047,36.65750441142925,1,1,0,27.299165725708008,36.94439012703228,1,1,0
145,1748167411.9729369,27.395248413085938,36.643626518371015,1,1,0,27.973175048828125,36.6353368244339,1,1,0,26.88908576965332,36.93612644378613,1,1,0
146,1748167412.057106,26.397228240966797,36.66413748492106,1,1,0,26.96394920349121,36.66874252697574,1,1,0,27.402877807617188,36.8969297891937,1,1,0
147,1748167412.1398668,26.690959930419922,36.68100334600255,1,1,0,26.02529525756836,36.75470858187408,1,1,0,28.268098831176758,36.82876451114105,1,1,0
148,1748167412.2227561,26.76987648010254,36.6787686364748,1,1,0,26.535749435424805,36.82544476627547,1,1,0,27.701139450073242,36.813884224015354,1,1,0
149,1748167412.305878,26.579856872558594,36.69909419713936,1,1,0,27.18210220336914,36.84747620988713,1,1,0,27.759790420532227,36.7814070630851,1,1,0
150,1748167412.389326,27.243852615356445,36.68163424630419,1,1,0,26.333093643188477,36.92459383543072,1,1,0,27.98604965209961,36.71316410867033,1,1,0
151,1748167412.472835,28.348922729492188,36.6666588959887,1,1,0,28.170108795166016,36.94038796045534,1,1,0,28.127431869506836,36.70763765168663,1,1,0
152,1748167412.559409,27.914047241210938,36.632627750741506,1,1,0,27.667999267578125,36.92342363491244,1,1,0,26.762962341308594,36.7267409787834,1,1,0
153,1748167412.643954,28.17511558532715,36.58397539148587,1,1,0,26.654958724975586,36.93172499335207,1,1,0,27.2979736328125,36.75685591871896,1,1,0
154,1748167412.728162,28.460025787353516,36.53398819917507,1,1,0,27.096986770629883,36.923358625947294,1,1,0,27.516841888427734,36.776429718181795,1,1,0
155,1748167412.8132741,27.16803550720215,36.522906724726,1,1,0,26.41892433166504,36.94146162734985,1,1,0,27.16803550720215,36.76935840045305,1,1,0
156,1748167412.896069,26.76081657409668,36.54831393835744,1,1,0,27.333736419677734,36.91300345399938,1,1,0,27.231931686401367,36.78656858405657,1,1,0
157,1748167412.9793391,28.088092803955078,36.577243696609365,1,1,0,27.27198600769043,36.90545737071634,1,1,0,26.24201774597168,36.90988504263601,1,1,0
158,1748167413.06286,28.037071228027344,36.542508007433426,1,1,0,27.65798568725586,36.86654177524349,1,1,0,27.338027954101562,36.91959933020225,1,1,0
159,1748167413.147891,27.654170989990234,36.55285807410437,1,1,0,27.164936065673828,36.84663458413056,1,1,0,27.00519561767578,36.96555419635271,1,1,0
160,1748167413.231661,27.570009231567383,36.55860356372611,1,1,0,26.76701545715332,36.82871061439956,1,1,0,26.154041290283203,37.00434185745862,1,1,0
161,1748167413.3141398,27.120113372802734,36.58313512363139,1,1,0,26.391029357910156,36.85097260538755,1,1,0,26.631832122802734,37.014432582106394,1,1,0
162,1748167413.396339,27.359962463378906,36.5642764840048,1,1,0,27.682065963745117,36.79374335314609,1,1,0,26.95012092590332,37.01309336671781,1,1,0
163,1748167413.480337,27.137041091918945,36.5897519480697,1,1,0,28.044939041137695,36.772367139424155,1,1,0,26.645898818969727,37.00860824542146,1,1,0
164,1748167413.564053,26.698827743530273,36.638227655926116,1,1,0,27.2829532623291,36.75757533266963,1,1,0,27.093172073364258,36.96443569280086,1,1,0
165,1748167413.6471019,26.885032653808594,36.70813025278113,1,1,0,27.484893798828125,36.746561720812956,1,1,0,28.989315032958984,36.89874752171405,1,1,0
166,1748167413.7325408,28.20301055908203,36.681644939716676,1,1,0,27.532100677490234,36.72219637800984,1,1,0,27.530908584594727,36.87527144527575,1,1,0
167,1748167413.817798,26.91197395324707,36.69402139600396,1,1,0,27.47797966003418,36.72364323969999,1,1,0,26.903867721557617,36.864716413922494,1,1,0
168,1748167413.9011788,26.954174041748047,36.67657696101407,1,1,0,26.79300308227539,36.74776366551504,1,1,0,26.749849319458008,36.85639117080712,1,1,0
169,1748167413.983584,27.14085578918457,36.68837233170626,1,1,0,26.353836059570312,36.798811480443824,1,1,0,27.53305435180664,36.8262638684793,1,1,0
170,1748167414.066551,27.003765106201172,36.677785022894994,1,1,0,26.5500545501709,36.85030349071429,1,1,0,27.86993980407715,36.785396361544244,1,1,0
171,1748167414.1500301,27.734041213989258,36.661862102301384,1,1,0,26.882648468017578,36.880891736547305,1,1,0,27.467727661132812,36.77867634421551,1,1,0
172,1748167414.234025,26.525020599365234,36.68006238248626,1,1,0,26.66783332824707,36.94699362767811,1,1,0,27.794837951660156,36.69173160348625,1,1,0
173,1748167414.317109,28.029918670654297,36.66066577027124,1,1,0,26.717185974121094,36.98055737199033,1,1,0,27.931928634643555,36.61287642813185,1,1,0
174,1748167414.4017432,27.82416343688965,36.59848939645664,1,1,0,26.523113250732422,37.0002178920226,1,1,0,27.5728702545166,36.60063981030247,1,1,0
175,1748167414.485759,27.290821075439453,36.60321638141382,1,1,0,27.23979949951172,37.03375855398099,1,1,0,27.85205841064453,36.55767949065845,1,1,0
176,1748167414.570223,26.94988250732422,36.57863662447434,1,1,0,26.8862247467041,37.03737760699132,1,1,0,27.351856231689453,36.56017565742966,1,1,0
177,1748167414.653409,27.47201919555664,36.543972583842184,1,1,0,26.880979537963867,36.99829223886074,1,1,0,27.185916900634766,36.60849842136929,1,1,0
178,1748167414.736916,28.53083610534668,36.465782262140465,1,1,0,27.940988540649414,36.934337550446415,1,1,0,29.592037200927734,36.52430611895983,1,1,0
179,1748167414.824985,31.634807586669922,36.24301626497019,1,1,0,29.63113784790039,36.822858366935925,1,1,0,29.104232788085938,36.4647572017892,1,1,0
180,1748167414.9175491,30.293941497802734,36.11023758079518,1,1,0,29.039859771728516,36.700496421217196,1,1,0,29.27994728088379,36.40771954372993,1,1,0
181,1748167415.0081012,30.39073944091797,36.02203763689429,1,1,0,30.336856842041016,36.603546464255366,1,1,0,30.72834014892578,36.29320430018206,1,1,0
182,1748167415.1015308,28.990983963012695,35.97555829264862,1,1,0,26.92103385925293,36.63720354535774,1,1,0,26.91507339477539,36.286704750237696,1,1,0
183,1748167415.186424,27.76503562927246,35.99348491340965,1,1,0,26.567935943603516,36.6411722927552,1,1,0,27.637004852294922,36.271788664547174,1,1,0
184,1748167415.270464,27.280807495117188,36.044687360352,1,1,0,26.973962783813477,36.64657202311869,1,1,0,28.599977493286133,36.22448571263243,1,1,0
185,1748167415.3554938,27.833938598632812,36.015655456311215,1,1,0,27.495861053466797,36.59819133923035,1,1,0,27.49180793762207,36.210308455970484,1,1,0
186,1748167415.440198,27.940034866333008,35.96465875208078,1,1,0,28.01203727722168,36.56802752720171,1,1,0,29.574155807495117,36.10863140930538,1,1,0
187,1748167415.527927,30.179977416992188,35.87476389575917,1,1,0,29.79898452758789,36.455692681837185,1,1,0,31.733989715576172,35.871685487816144,1,1,0
188,1748167415.621592,30.167102813720703,35.783984144936525,1,1,0,29.506683349609375,36.37391478043536,1,1,0,28.163909912109375,35.83668405682189,1,1,0
189,1748167415.711624,28.91707420349121,35.73062729369912,1,1,0,27.196884155273438,36.37257945627195,1,1,0,28.82218360900879,35.75923180345954,1,1,0
190,1748167415.798594,29.64472770690918,35.64238173107673,1,1,0,30.47776222229004,36.20971450441869,1,1,0,31.15701675415039,35.54733905838867,1,1,0
191,1748167415.891805,30.89618682861328,35.48345452161297,1,1,0,29.508113861083984,36.07395226267227,1,1,0,29.055118560791016,35.445621309775994,1,1,0
192,1748167415.9831748,27.534961700439453,35.47615147461209,1,1,0,27.48894691467285,36.08233126237713,1,1,0,28.09596061706543,35.397828179096315,1,1,0
193,1748167416.068396,27.00018882751465,35.48160346500034,1,1,0,26.95608139038086,36.12979251424973,1,1,0,27.901887893676758,35.345655569163696,1,1,0
194,1748167416.152308,27.553081512451172,35.44551147613855,1,1,0,26.86595916748047,36.14790436639172,1,1,0,27.606964111328125,35.324182987453554,1,1,0
195,1748167416.236282,27.42910385131836,35.42295011080482,1,1,0,26.775121688842773,36.17902228836576,1,1,0,28.486251831054688,35.3450300742439,1,1,0
196,1748167416.3209229,27.48417854309082,35.45291179114108,1,1,0,27.143001556396484,36.1960798189119,1,1,0,27.996301651000977,35.32563087138663,1,1,0
197,1748167416.4054668,26.810169219970703,35.45717761372061,1,1,0,27.73904800415039,36.184806933452045,1,1,0,26.973962783813477,35.32272530641268,1,1,0
198,1748167416.488821,29.036998748779297,35.3704648509345,1,1,0,27.06313133239746,36.17292752369957,1,1,0,26.634931564331055,35.32763430378552,1,1,0
199,1748167416.573534,28.411149978637695,35.31761941357129,1,1,0,27.261972427368164,36.13357945193049,1,1,0,26.626110076904297,35.365613523064255,1,1,0
200,1748167416.65776,27.728796005249023,35.287757224814285,1,1,0,27.537107467651367,36.09072450707263,1,1,0,26.839017868041992,35.40868572721417,1,1,0
201,1748167416.741764,27.775049209594727,35.28567915241989,1,1,0,27.29511260986328,36.072938771040306,1,1,0,26.87215805053711,35.4336534483919,1,1,0
202,1748167416.8256671,28.118133544921875,35.21974357115526,1,1,0,28.384923934936523,35.99854093743339,1,1,0,28.874874114990234,35.38862937920828,1,1,0
203,1748167416.913464,29.195785522460938,35.171603574150886,1,1,0,28.28192710876465,35.93115835463099,1,1,0,28.89418601989746,35.34842588422951,1,1,0
204,1748167417.0017889,28.628826141357422,35.13873936970999,1,1,0,28.585195541381836,35.84297232981804,1,1,0,29.050827026367188,35.28727231936284,1,1,0
205,1748167417.090061,28.79810333251953,35.07698843702949,1,1,0,27.277231216430664,35.841389845561636,1,1,0,26.17025375366211,35.3572759280542,1,1,0
206,1748167417.174206,27.88710594177246,35.03884568988274,1,1,0,26.87215805053711,35.841818633945174,1,1,0,26.46803855895996,35.394064455734046,1,1,0
207,1748167417.257525,28.69892120361328,34.988863436534935,1,1,0,29.074907302856445,35.74811762102185,1,1,0,27.2829532623291,35.38987352595069,1,1,0
208,1748167417.344696,30.170917510986328,34.92226736828082,1,1,0,30.85613250732422,35.624369356769385,1,1,0,29.29997444152832,35.40217039921199,1,1,0
209,1748167417.437259,30.477046966552734,34.969357479765264,1,1,0,29.428958892822266,35.63316640405795,1,1,0,27.69184112548828,35.461264575067766,1,1,0
210,1748167417.527005,27.521133422851562,35.08254339205372,1,1,0,26.960134506225586,35.72113304604064,1,1,0,26.962995529174805,35.55861008749124,1,1,0
211,1748167417.6106088,29.44207191467285,35.12131074329417,1,1,0,28.839111328125,35.78482881007431,1,1,0,28.08403968811035,35.67049114383079,1,1,0
212,1748167417.698984,28.537273406982422,35.140486127886795,1,1,0,28.799057006835938,35.70465182400602,1,1,0,29.17623519897461,35.57471534091519,1,1,0
213,1748167417.787568,28.96428108215332,35.09105527402756,1,1,0,27.688264846801758,35.657208924707874,1,1,0,28.172969818115234,35.551908890638764,1,1,0
214,1748167417.8745348,29.875755310058594,34.98485545256534,1,1,0,28.132915496826172,35.608219123810386,1,1,0,27.791261672973633,35.58613457439302,1,1,0
215,1748167417.96241,28.30219268798828,34.9659855249867,1,1,0,28.50794792175293,35.565615387246204,1,1,0,81.62713050842285,33.43904500204627,1,1,0
216,1748167418.1029031,30.765771865844727,34.85144478155306,1,1,0,28.764009475708008,35.53409820334525,1,1,0,27.93288230895996,33.50029552243574,1,1,0
217,1748167418.192396,27.617931365966797,34.95524236461659,1,1,0,27.153730392456055,35.64585511698511,1,1,0,27.76026725769043,33.649620045183816,1,1,0
218,1748167418.2769978,27.506113052368164,35.06367544458281,1,1,0,27.170181274414062,35.74520306985349,1,1,0,28.209924697875977,33.64802735288478,1,1,0
219,1748167418.361807,27.155160903930664,35.13578597708493,1,1,0,29.10470962524414,35.66404085506999,1,1,0,29.546022415161133,33.62068716751144,1,1,0
220,1748167418.4496288,28.909921646118164,35.16650196081938,1,1,0,29.165983200073242,35.71971340002498,1,1,0,28.580904006958008,33.7179505730993,1,1,0
221,1748167418.538188,28.845787048339844,35.251337377801,1,1,0,29.47688102722168,35.7210620610598,1,1,0,28.15103530883789,33.75208420510509,1,1,0
222,1748167418.627033,28.670072555541992,35.20461795601952,1,1,0,29.230117797851562,35.64724870043722,1,1,0,28.551101684570312,33.734891177874175,1,1,0
223,1748167418.715598,30.647754669189453,35.05478619718239,1,1,0,28.001070022583008,35.60311095781612,1,1,0,27.53901481628418,33.74870756002621,1,1,0
224,1748167418.8037739,27.46105194091797,35.05855625052764,1,1,0,27.48274803161621,35.57713942869778,1,1,0,27.62889862060547,33.74782956194297,1,1,0
225,1748167418.888265,27.814865112304688,35.04271966602938,1,1,0,26.870012283325195,35.573377707778334,1,1,0,28.55992317199707,33.74513249274299,1,1,0
226,1748167418.973495,28.74898910522461,34.99114995521446,1,1,0,27.83799171447754,35.544246300214404,1,1,0,26.955127716064453,33.78464507616835,1,1,0
227,1748167419.0590332,27.307748794555664,34.97084445605546,1,1,0,27.435779571533203,35.5568416103013,1,1,0,26.710033416748047,33.79476232578776,1,1,0
228,1748167419.142504,27.694225311279297,35.02535688786268,1,1,0,28.836965560913086,35.48232385326689,1,1,0,27.27198600769043,33.77086270490318,1,1,0
229,1748167419.22846,27.537107467651367,35.06163344941677,1,1,0,28.22589874267578,35.44165774492813,1,1,0,28.76114845275879,33.689964481109875,1,1,0
230,1748167419.315001,27.554988861083984,35.06855179217913,1,1,0,28.14507484436035,35.41600089392041,1,1,0,28.950929641723633,33.61028781698011,1,1,0
231,1748167419.401688,28.10502052307129,35.05544052652342,1,1,0,27.128219604492188,35.422930166539324,1,1,0,27.18377113342285,33.59851324938319,1,1,0
232,1748167419.4860759,27.8472900390625,35.06648968411513,1,1,0,26.47089958190918,35.50321782785827,1,1,0,27.48703956604004,33.650627928371236,1,1,0
233,1748167419.569921,27.983903884887695,35.1163511112674,1,1,0,27.72974967956543,35.526553623505116,1,1,0,27.724027633666992,33.69477297576225,1,1,0
234,1748167419.655363,27.11796760559082,35.17835885364101,1,1,0,26.73482894897461,35.604098220801276,1,1,0,27.198076248168945,33.76492705726527,1,1,0
235,1748167419.7383292,27.519941329956055,35.230827511652464,1,1,0,26.87811851501465,35.620869904924476,1,1,0,28.18894386291504,33.68816954132311,1,1,0
236,1748167419.822777,27.592897415161133,35.242619248211945,1,1,0,26.966094970703125,35.61684688922894,1,1,0,28.043031692504883,33.628549322707244,1,1,0
237,1748167419.9073,26.58677101135254,35.32990579655414,1,1,0,27.296066284179688,35.692305946726385,1,1,0,26.397228240966797,33.66195276539303,1,1,0
238,1748167419.9895139,28.174161911010742,35.412990745501716,1,1,0,27.079105377197266,35.85334871992136,1,1,0,26.457786560058594,33.769639156416005,1,1,0
239,1748167420.0732002,27.936935424804688,35.519313038188535,1,1,0,27.56476402282715,35.93324132211722,1,1,0,27.16803550720215,33.78934453369009,1,1,0
240,1748167420.157769,27.859926223754883,35.50507114043662,1,1,0,28.167009353637695,35.881229249380425,1,1,0,26.884078979492188,33.7922029512189,1,1,0
241,1748167420.242721,29.66594696044922,35.495836551573554,1,1,0,28.931856155395508,35.87723927802503,1,1,0,27.652740478515625,33.808645970783516,1,1,0
242,1748167420.330925,27.988910675048828,35.51837057523904,1,1,0,28.948068618774414,35.87088784703039,1,1,0,27.40621566772461,33.876302037761455,1,1,0
243,1748167420.4173372,29.477834701538086,35.49675779154064,1,1,0,27.18520164489746,35.89234446280483,1,1,0,27.498960494995117,33.90237889507594,1,1,0
244,1748167420.5034811,28.654813766479492,35.547941606383816,1,1,0,27.009963989257812,35.94063113480701,1,1,0,26.632308959960938,33.94657376774532,1,1,0
245,1748167420.587799,28.451919555664062,35.54156567580996,1,1,0,26.604175567626953,36.0232854679968,1,1,0,26.849985122680664,36.189677457207985,1,1,0
246,1748167420.671633,27.901172637939453,35.662302304957755,1,1,0,26.91197395324707,36.103534056575896,1,1,0,27.12702751159668,36.224840286288504,1,1,0
247,1748167420.755502,29.347896575927734,35.588942715628136,1,1,0,27.152061462402344,36.103399389942105,1,1,0,26.898860931396484,36.262422697213424,1,1,0
248,1748167420.840841,28.117895126342773,35.563212972085665,1,1,0,27.3439884185791,36.09574576116572,1,1,0,27.29487419128418,36.3021253466368,1,1,0
249,1748167420.925527,27.530908584594727,35.547208509015405,1,1,0,27.16803550720215,36.18011457068484,1,1,0,27.497053146362305,36.39240910872247,1,1,0
250,1748167421.0098612,27.486085891723633,35.6067379070517,1,1,0,27.34994888305664,36.25956996535102,1,1,0,26.17192268371582,36.49883697758626,1,1,0
251,1748167421.0931158,28.17821502685547,35.63477092116654,1,1,0,28.172969818115234,36.316772907607614,1,1,0,27.199983596801758,36.541701479247926,1,1,0
252,1748167421.1786182,27.048110961914062,35.703314532426035,1,1,0,27.673721313476562,36.38544259818688,1,1,0,27.16374397277832,36.60349322468471,1,1,0
253,1748167421.2626739,26.41606330871582,35.884104625012334,1,1,0,27.322053909301758,36.41534797694151,1,1,0,27.30083465576172,36.613995064947154,1,1,0
254,1748167421.345685,27.012109756469727,35.903425586826664,1,1,0,27.803897857666016,36.400999899038084,1,1,0,27.03714370727539,36.64050010570289,1,1,0
255,1748167421.429537,26.688098907470703,35.9515982901514,1,1,0,27.942180633544922,36.35331754150123,1,1,0,27.840137481689453,36.67239746710084,1,1,0
256,1748167421.513921,27.781009674072266,35.99330988302593,1,1,0,28.28693389892578,36.33337308481822,1,1,0,27.614831924438477,36.64298625390625,1,1,0
257,1748167421.599587,29.265880584716797,35.90909168739951,1,1,0,28.60713005065918,36.282048694350365,1,1,0,27.945995330810547,36.58774111644131,1,1,0
258,1748167421.687335,27.781009674072266,35.905577059990954,1,1,0,27.135848999023438,36.35684683989671,1,1,0,28.624773025512695,36.52725367880467,1,1,0
259,1748167421.7727842,27.46105194091797,35.90836411330148,1,1,0,27.79221534729004,36.37620714028629,1,1,0,27.646780014038086,36.576648278897224,1,1,0
260,1748167421.8576262,27.128934860229492,35.926511026857845,1,1,0,27.11343765258789,36.421967494693554,1,1,0,26.476144790649414,36.68736680946548,1,1,0
261,1748167421.9403782,26.73506736755371,35.9851162482101,1,1,0,27.663230895996094,36.39828325485022,1,1,0,27.460098266601562,36.675112426342494,1,1,0
262,1748167422.0243971,27.100801467895508,36.01713996204477,1,1,0,27.21428871154785,36.36545237632827,1,1,0,27.183055877685547,36.68874674236756,1,1,0
263,1748167422.1077719,28.055191040039062,36.01398553362779,1,1,0,27.52828598022461,36.37416713617412,1,1,0,27.158021926879883,36.714149620761745,1,1,0
264,1748167422.192568,26.8399715423584,36.02584327632184,1,1,0,27.077913284301758,36.35913704887034,1,1,0,27.094125747680664,36.718627939910945,1,1,0
265,1748167422.275519,27.535676956176758,36.02519347608186,1,1,0,26.86476707458496,36.359672873350256,1,1,0,27.888059616088867,36.732391142711435,1,1,0
266,1748167422.359871,27.594804763793945,36.02545133051457,1,1,0,27.650117874145508,36.32959660093725,1,1,0,26.92413330078125,36.783041388007526,1,1,0
267,1748167422.4441118,27.415037155151367,35.98983022051397,1,1,0,28.171062469482422,36.29114219403307,1,1,0,27.141809463500977,36.75004972375206,1,1,0
268,1748167422.529,27.538061141967773,36.01725336681953,1,1,0,27.367830276489258,36.278544361880364,1,1,0,27.52995491027832,36.70193086816439,1,1,0
269,1748167422.6134531,27.377843856811523,36.04162101639629,1,1,0,26.65996551513672,36.31828234075752,1,1,0,27.621030807495117,36.681741180709636,1,1,0
270,1748167422.697122,26.90577507019043,36.082972778285026,1,1,0,26.66187286376953,36.38463246724406,1,1,0,27.19902992248535,36.667609857166376,1,1,0
271,1748167422.779767,28.1832218170166,36.14710477850084,1,1,0,28.35392951965332,36.41012152321129,1,1,0,27.12392807006836,36.69125014142399,1,1,0
272,1748167422.8653738,28.131961822509766,36.14113494814459,1,1,0,27.710914611816406,36.46490514508544,1,1,0,26.6571044921875,36.724661469977384,1,1,0
273,1748167422.9498382,29.094934463500977,36.15767881193479,1,1,0,26.85999870300293,36.47927192859371,1,1,0,26.849031448364258,36.75367794930393,1,1,0
274,1748167423.034667,27.859926223754883,36.19249838135016,1,1,0,26.618003845214844,36.49661382263444,1,1,0,27.4660587310791,36.71634578910203,1,1,0
275,1748167423.118594,27.604103088378906,36.2292626114447,1,1,0,27.189016342163086,36.470083916850065,1,1,0,26.803970336914062,36.718413641381474,1,1,0
276,1748167423.202323,27.87303924560547,36.23061872931366,1,1,0,28.39803695678711,36.404148765351735,1,1,0,26.405811309814453,36.75072593632789,1,1,0
277,1748167423.287134,28.367996215820312,36.273764916223534,1,1,0,26.498794555664062,36.43329371381582,1,1,0,26.94392204284668,36.74883689687299,1,1,0
278,1748167423.370899,28.018951416015625,36.27805276341343,1,1,0,26.850223541259766,36.45527020343881,1,1,0,32.4399471282959,36.51917553096548,1,1,0
279,1748167423.462092,35.09712219238281,35.94952346477776,1,1,0,27.958154678344727,36.42039672257554,1,1,0,27.492284774780273,36.51944050537245,1,1,0
280,1748167423.554612,28.304338455200195,35.91462631459069,1,1,0,27.675867080688477,36.40603413331883,1,1,0,27.50992774963379,36.460192684324035,1,1,0
281,1748167423.6401448,28.391122817993164,35.90564878020385,1,1,0,27.04000473022461,36.456072920768115,1,1,0,28.10215950012207,36.41978531771369,1,1,0
282,1748167423.725823,29.08492088317871,35.81828108623262,1,1,0,28.34177017211914,36.42631154310786,1,1,0,26.483774185180664,36.450275138786054,1,1,0
283,1748167423.811729,27.08721160888672,35.78960242630342,1,1,0,27.489185333251953,36.41883662667117,1,1,0,27.323246002197266,36.44934597545192,1,1,0
284,1748167423.895575,26.283979415893555,35.82093223325702,1,1,0,28.3048152923584,36.396735580769615,1,1,0,27.168989181518555,36.443856431691984,1,1,0
285,1748167423.979233,26.313066482543945,35.83693921975007,1,1,0,27.858257293701172,36.40048391604022,1,1,0,27.411937713623047,36.46295027697315,1,1,0
286,1748167424.0627148,26.660919189453125,35.88511776749259,1,1,0,28.105974197387695,36.4085201683432,1,1,0,27.7099609375,36.458555230910626,1,1,0
287,1748167424.147149,26.427030563354492,36.00751346964565,1,1,0,27.39715576171875,36.462031033076855,1,1,0,27.48894691467285,36.47873257333268,1,1,0
288,1748167424.2303412,26.540040969848633,36.06117402683156,1,1,0,28.386831283569336,36.40671881247819,1,1,0,27.324914932250977,36.53625834506404,1,1,0
289,1748167424.3145118,27.3590087890625,36.06562883986411,1,1,0,26.934146881103516,36.44439475611801,1,1,0,26.94082260131836,36.56762369521866,1,1,0
290,1748167424.39766,27.058124542236328,36.06875096564774,1,1,0,27.621984481811523,36.421872611995944,1,1,0,26.951313018798828,36.54627581463651,1,1,0
291,1748167424.4812071,27.01592445373535,36.05666865343176,1,1,0,27.279138565063477,36.43882228485727,1,1,0,27.729272842407227,36.53439128859322,1,1,0
292,1748167424.5651321,26.790857315063477,36.07032257121308,1,1,0,26.989221572875977,36.44882862094546,1,1,0,27.606964111328125,36.515529873557234,1,1,0
293,1748167424.648501,27.531147003173828,36.0931883705861,1,1,0,27.834177017211914,36.435329805310104,1,1,0,27.2367000579834,36.51189553862894,1,1,0
294,1748167424.733143,27.420997619628906,36.06801690734156,1,1,0,27.059316635131836,36.43616329700502,1,1,0,27.417898178100586,36.49764067483545,1,1,0
295,1748167424.817135,27.85491943359375,36.05414778894236,1,1,0,26.604175567626953,36.447804513499655,1,1,0,26.97014808654785,36.5385818238522,1,1,0
296,1748167424.9005492,27.59695053100586,36.05366225307309,1,1,0,27.013778686523438,36.475951445452665,1,1,0,26.70121192932129,36.54833517000918,1,1,0
297,1748167424.983893,27.751922607421875,36.03915386589434,1,1,0,28.687000274658203,36.45299954980245,1,1,0,29.72102165222168,36.43359964049691,1,1,0
298,1748167425.072041,29.108047485351562,35.971362215826254,1,1,0,28.617143630981445,36.39760942138591,1,1,0,28.264999389648438,36.40072611031959,1,1,0
299,1748167425.160137,28.04708480834961,35.942437995790165,1,1,0,27.101993560791016,36.37806858078572,1,1,0,27.305126190185547,36.41445220797622,1,1,0
300,1748167425.244778,28.40590476989746,35.87804743132141,1,1,0,27.846097946166992,36.32585236294351,1,1,0,28.24091911315918,36.368553048658704,1,1,0
301,1748167425.331348,30.756235122680664,35.76811592555018,1,1,0,28.33104133605957,36.326859140990656,1,1,0,28.312206268310547,36.31620690252308,1,1,0
302,1748167425.4206688,28.94902229309082,35.73317415209438,1,1,0,27.131080627441406,36.352298794122575,1,1,0,39.215087890625,35.77262066200991,1,1,0
303,1748167425.517967,31.505107879638672,35.631128169317996,1,1,0,28.743982315063477,36.26945717360863,1,1,0,28.931140899658203,35.68406661110164,1,1,0
304,1748167425.6092858,28.90491485595703,35.586949795549664,2,1,1,28.40900421142578,36.191322075393984,1,1,0,28.282880783081055,35.649591781979254,1,1,0
305,1748167425.696828,27.167081832885742,35.60543816528985,2,1,1,27.803897857666016,36.16452718782118,1,1,0,26.96514129638672,35.64260384596101,1,1,0
306,1748167425.780876,28.900146484375,35.56227822879793,2,1,1,29.247045516967773,36.12764520641396,1,1,0,31.961917877197266,35.4091540465154,1,1,0
307,1748167425.8729548,30.601978302001953,35.46839153116113,1,1,0,27.703046798706055,36.07507958046766,1,1,0,27.5571346282959,35.38334521878607,1,1,0
308,1748167425.960845,27.332782745361328,35.497368640057324,1,1,0,26.857852935791016,36.074758959980045,1,1,0,27.389049530029297,35.595315518483645,1,1,0
309,1748167426.044458,27.495861053466797,35.81957602055761,1,1,0,27.50110626220703,36.09451361277255,1,1,0,27.83513069152832,35.58057998758644,1,1,0
310,1748167426.1291788,27.546167373657227,35.852020697043606,1,1,0,27.135848999023438,36.117969927984575,1,1,0,27.387142181396484,35.5858125220062,1,1,0
311,1748167426.213237,26.5200138092041,35.93214337319603,1,1,0,26.598691940307617,36.137242642761485,1,1,0,27.097702026367188,35.628696719039304,1,1,0
312,1748167426.295552,26.89194679260254,36.02687475341045,1,1,0,27.22001075744629,36.18611809933983,1,1,0,26.472806930541992,35.628696719039304,1,1,0
313,1748167426.378287,27.007102966308594,36.03034094911391,1,1,0,27.44603157043457,36.18801217338387,1,1,0,26.620864868164062,35.65842150232307,1,1,0
314,1748167426.461626,27.669906616210938,35.97040589412226,1,1,0,27.196884155273438,36.236440757771106,1,1,0,26.623964309692383,35.681415447384786,1,1,0
315,1748167426.545312,27.245044708251953,35.930306767526176,1,1,0,27.49490737915039,36.25243487668237,1,1,0,27.55284309387207,35.67554786009009,1,1,0
316,1748167426.629642,28.60116958618164,35.846760650049355,1,1,0,26.922941207885742,36.30426202264308,1,1,0,27.592897415161133,35.68088930907103,1,1,0
317,1748167426.714839,27.180910110473633,35.81412161573681,2,2,1,27.565956115722656,36.296795227008715,2,2,1,27.425050735473633,35.68361123053311,1,2,0
318,1748167426.7991328,27.415037155151367,35.77676032530552,2,1,0,27.22620964050293,36.34767838882438,2,1,0,26.62968635559082,35.71309325573257,1,1,0
319,1748167426.882314,28.352022171020508,35.73457457156124,1,1,1,27.571916580200195,36.31978141590698,1,1,1,26.257991790771484,35.742187466712494,1,1,0
320,1748167426.966443,27.022123336791992,35.73633032494358,2,2,1,27.91595458984375,36.30658751469384,2,2,1,26.7789363861084,35.749905176712254,1,2,0
321,1748167427.050154,27.35114097595215,35.722329692467284,2,2,0,27.866840362548828,36.280761950346076,2,2,0,27.092933654785156,35.776851876599,1,2,0
322,1748167427.134699,28.131723403930664,35.66521346132424,2,2,1,27.23407745361328,36.27001126762025,2,2,1,27.148008346557617,35.796587024891075,1,2,0
323,1748167427.2192252,28.36298942565918,35.629846824283284,2,1,0,27.13489532470703,36.30065914587988,2,1,0,27.201175689697266,35.798308139015504,1,1,0
324,1748167427.303956,27.022123336791992,35.64682455480819,2,2,1,27.051925659179688,36.30079528810478,2,2,1,26.218891143798828,35.84948751085492,1,2,0
325,1748167427.386231,27.310848236083984,35.670005774482235,2,1,0,27.67801284790039,36.253730057499865,2,1,0,29.027223587036133,35.7613761930963,1,1,0
326,1748167427.47239,27.29511260986328,35.682963598188245,1,1,0,28.356075286865234,36.19516356974313,1,1,0,26.89814567565918,35.75306430595722,1,1,0
327,1748167427.556978,26.510000228881836,35.73576196970377,1,1,0,27.931928634643555,36.22811520638481,1,1,0,27.81391143798828,35.83433672835885,1,1,0
328,1748167427.6412532,28.069019317626953,35.780046292873514,1,1,0,29.720067977905273,36.180020943901745,1,1,0,28.305768966674805,35.832918274574396,1,1,0
329,1748167427.7294981,27.471303939819336,35.8049395397939,1,1,0,29.565095901489258,36.0730732105317,1,1,0,29.56986427307129,35.736462267138386,1,1,0
330,1748167427.8181891,29.776811599731445,35.746452105015706,1,1,0,28.542757034301758,36.04325220513317,1,1,0,28.39493751525879,35.729988099385885,1,1,0
331,1748167427.9068868,30.102968215942383,35.77435981416422,1,1,0,29.14285659790039,36.008131719199284,1,1,0,27.863025665283203,35.749062159425506,1,1,0
332,1748167427.996067,26.668787002563477,35.87199228217939,1,1,0,28.347015380859375,35.95581030584227,1,1,0,27.602195739746094,36.25049227896278,1,1,0
333,1748167428.080671,26.799917221069336,36.07464519278984,1,1,0,28.627872467041016,35.960989355667046,1,1,0,27.763843536376953,36.30159121693259,1,1,0
334,1748167428.165813,26.79920196533203,36.16651255863123,1,1,0,28.348922729492188,35.963456094295054,1,1,0,28.779983520507812,36.279590360396696,1,1,0
335,1748167428.252018,28.48505973815918,36.10927386075492,1,1,0,28.256893157958984,35.9439883451881,1,1,0,29.321908950805664,36.17656749451008,1,1,0
336,1748167428.340085,27.859926223754883,36.1542192380983,1,1,0,27.08292007446289,36.03746112119876,1,1,0,26.995182037353516,36.3942932608624,1,1,0
337,1748167428.4239218,27.652978897094727,36.283084432651485,1,1,0,28.507709503173828,36.002650646810466,1,1,0,29.983043670654297,36.287782614388206,1,1,0
338,1748167428.512436,38.22207450866699,35.81146128461673,1,1,0,28.92899513244629,35.913785761338765,1,1,0,29.613018035888672,36.19026034275577,1,1,0
339,1748167428.611201,30.31301498413086,35.69131378594082,1,1,0,31.337976455688477,35.7496918794247,1,1,0,30.38311004638672,36.07954817526473,1,1,0
340,1748167428.705226,33.93292427062988,35.42223213139564,1,1,0,32.71794319152832,35.513468569386795,1,1,0,30.976057052612305,35.92457243093115,1,1,0
341,1748167428.804778,31.200885772705078,35.22798683371731,1,1,0,28.789043426513672,35.42172358025682,1,1,0,28.9459228515625,35.844953184448826,1,1,0
342,1748167428.8957598,29.991865158081055,35.10056998725458,1,1,0,31.753063201904297,35.23318522766347,1,1,0,30.157089233398438,35.688074461335475,1,1,0
343,1748167428.989645,30.55262565612793,34.955757030926186,1,1,0,30.246973037719727,35.11765459425471,1,1,0,29.01601791381836,35.58712089609014,1,1,0
344,1748167429.0815208,30.930280685424805,34.82392663759809,1,1,0,28.460979461669922,35.0658056260069,1,1,0,27.789831161499023,35.53780143654723,1,1,0
345,1748167429.170665,28.918981552124023,34.7567850508594,1,1,0,29.445171356201172,34.98622701362674,1,1,0,29.425859451293945,35.459006137666336,1,1,0
346,1748167429.2606342,72.45326042175293,33.076481256047614,1,1,0,27.547836303710938,34.960739395774844,1,1,0,26.806116104125977,35.491651519920936,1,1,0
347,1748167429.389354,28.234004974365234,33.03822514987166,1,1,0,28.43332290649414,34.92565997829448,1,1,0,30.0600528717041,35.38228061665647,1,1,0
348,1748167429.478285,30.29608726501465,32.933835584599954,1,1,0,31.04686737060547,34.77101895576785,1,1,0,31.453847885131836,35.18240146244393,1,1,0
349,1748167429.5730581,33.99777412414551,32.73108376984188,1,1,0,29.256820678710938,34.70384174738913,1,1,0,28.1069278717041,35.10630871726738,1,1,0
350,1748167429.66643,27.053117752075195,32.730291976119176,1,1,0,29.632091522216797,34.63525515431142,1,1,0,28.241872787475586,35.04614548193174,1,1,0
351,1748167429.7533,28.680086135864258,32.682718531332306,1,1,0,28.11908721923828,34.625171572323445,1,1,0,28.588056564331055,34.98483599857202,1,1,0
352,1748167429.8406641,28.11288833618164,32.68367781351601,1,1,0,28.66196632385254,34.568439560439565,1,1,0,26.9620418548584,34.99239550387817,1,1,0
353,1748167429.926841,28.322696685791016,32.68521448019937,1,1,0,29.606103897094727,34.47039779440509,1,1,0,27.44603157043457,34.98242387106316,1,1,0
354,1748167430.014132,27.304887771606445,32.67513963571756,1,1,0,29.15501594543457,34.3873861932982,1,1,0,27.828216552734375,34.91705372707399,1,1,0
355,1748167430.10062,28.27286720275879,32.64103995500833,1,1,0,27.89902687072754,34.37866742730308,1,1,0,29.441118240356445,34.90027017874067,1,1,0
356,1748167430.18825,29.33335304260254,32.56902362131354,1,1,0,28.17702293395996,34.385647724322624,1,1,0,28.50508689880371,34.8351871348931,1,1,0
357,1748167430.276306,31.430721282958984,32.39609452218194,1,1,0,30.118942260742188,34.29986408621285,1,1,0,29.615163803100586,34.762690418437096,1,1,0
358,1748167430.369807,31.054973602294922,32.29228585455564,1,1,0,29.94513511657715,34.291273745912505,1,1,0,29.243946075439453,34.725141531537645,1,1,0
359,1748167430.462199,30.17878532409668,32.19833267612417,1,1,0,29.369831085205078,34.29876084195147,1,1,0,27.279138565063477,34.81730678238021,1,1,0
360,1748167430.550986,27.642011642456055,32.272516027367324,1,1,0,27.37593650817871,34.34430522783319,1,1,0,27.50682830810547,34.853105169419464,1,1,0
361,1748167430.635654,29.340028762817383,32.29889223496652,1,1,0,27.211904525756836,34.42034696324413,1,1,0,27.350902557373047,34.87400869043204,1,1,0
362,1748167430.721504,27.470111846923828,32.27102619657278,1,1,0,27.286052703857422,34.46275063589328,1,1,0,26.715993881225586,34.90993351723855,1,1,0
363,1748167430.8049622,27.33588218688965,32.25264638620706,1,1,0,28.2747745513916,34.4764896260194,1,1,0,27.15778350830078,34.934668132213496,1,1,0
364,1748167430.889659,27.552127838134766,32.22626308985,1,1,0,27.851104736328125,34.49613982123731,1,1,0,27.37593650817871,34.99201599137694,1,1,0
365,1748167430.974373,26.49521827697754,32.29526129238413,1,1,0,27.84276008605957,34.5124516409506,1,1,0,26.765823364257812,35.09665384271022,1,1,0
366,1748167431.0575318,27.366161346435547,32.31237033424778,1,1,0,28.302907943725586,34.46388333415958,1,1,0,26.880979537963867,35.101343529150526,1,1,0
367,1748167431.142113,27.83679962158203,32.305974092394244,1,1,0,27.065277099609375,34.52105845932341,1,1,0,27.127981185913086,35.218718363318764,1,1,0
368,1748167431.226219,26.80492401123047,32.70813729455569,1,1,0,28.400182723999023,34.54160339165066,1,1,0,27.4050235748291,35.31019619563158,1,1,0
369,1748167431.3109329,27.15277671813965,32.82106927581603,1,1,0,27.368783950805664,34.700071038709474,1,1,0,26.094913482666016,35.489269095887416,1,1,0
370,1748167431.393636,28.679847717285156,33.010749359482574,1,1,0,31.04114532470703,34.7675218289784,1,1,0,28.455018997192383,35.59541621298672,1,1,0
371,1748167431.484137,29.070138931274414,33.08821464390542,1,1,0,29.19912338256836,34.75092007867688,1,1,0,29.976844787597656,35.55167785993394,1,1,0
372,1748167431.5743449,30.595064163208008,33.066224624326644,1,1,0,29.397964477539062,34.846030313461384,1,1,0,28.435945510864258,35.62428867002103,1,1,0
373,1748167431.664682,27.486801147460938,33.17826129718074,1,1,0,29.99114990234375,34.85643607554174,1,1,0,27.90689468383789,35.67092596508913,1,1,0
374,1748167431.752308,27.746915817260742,33.29491809043591,1,1,0,28.217077255249023,34.86628769668362,1,1,0,27.933835983276367,35.66499106455769,1,1,0
375,1748167431.8381681,27.696847915649414,33.339953854192395,1,1,0,26.964187622070312,34.96720013116612,1,1,0,27.446985244750977,35.74931607611081,1,1,0
376,1748167431.922199,28.855085372924805,35.03750902536123,1,1,0,27.951955795288086,34.950999372805306,1,1,0,26.391983032226562,35.76717038003915,1,1,0
377,1748167432.007387,27.334213256835938,35.0743289405795,1,1,0,27.3129940032959,34.99665828665643,1,1,0,27.31800079345703,35.883582725454595,1,1,0
378,1748167432.091219,27.40311622619629,35.19349143804582,1,1,0,26.87525749206543,35.16790745993589,1,1,0,27.181148529052734,36.06770675083957,1,1,0
379,1748167432.174617,26.667118072509766,35.49848023801611,1,1,0,26.825904846191406,35.26763989926664,1,1,0,27.428150177001953,36.09721616597434,1,1,0
380,1748167432.2574852,27.499914169311523,35.47904232138265,1,1,0,27.170181274414062,35.36992795817982,1,1,0,27.23217010498047,36.140989620343184,1,1,0
381,1748167432.341322,27.836084365844727,35.514661366478705,1,1,0,27.52089500427246,35.394841031523654,1,1,0,27.91619300842285,36.17032799297688,1,1,0
382,1748167432.4266748,26.777029037475586,35.57062229942798,1,1,0,27.33898162841797,35.44988537799624,1,1,0,27.78005599975586,36.13467936888645,1,1,0
383,1748167432.510745,27.777910232543945,35.5937044839103,1,1,0,26.99756622314453,35.55940394979768,1,1,0,27.623891830444336,36.12693986629809,1,1,0
384,1748167432.595396,27.4350643157959,35.58833877688165,1,1,0,27.603864669799805,35.62498460524449,1,1,0,26.72410011291504,36.175007417322725,1,1,0
385,1748167432.679202,27.00185775756836,35.64204856394086,1,1,0,26.932239532470703,35.66580990270986,1,1,0,27.215957641601562,36.27251012829656,1,1,0
386,1748167432.762377,27.69017219543457,35.7115526247451,1,1,0,28.235912322998047,35.663302961353104,1,1,0,27.9541015625,36.29673240585586,1,1,0
387,1748167432.848369,28.00893783569336,35.857823859711516,1,1,0,30.430078506469727,35.64995539120455,1,1,0,29.951095581054688,36.28194407760809,1,1,0
388,1748167432.938776,29.738187789916992,35.914011271763904,1,1,0,28.34296226501465,35.71778691805261,1,1,0,27.67801284790039,36.35039798518645,1,1,0
389,1748167433.026925,30.70998191833496,35.891105686539504,1,1,0,29.440879821777344,35.71472525326609,1,1,0,29.27684783935547,36.26278846453121,1,1,0
390,1748167433.118523,28.75208854675293,35.84316632137385,1,1,0,26.543140411376953,35.750148948157516,1,1,0,28.589963912963867,36.215467275759266,1,1,0
391,1748167433.204463,29.363155364990234,35.842359738690476,1,1,0,26.9927978515625,35.75969927880455,1,1,0,28.26976776123047,36.17532982224429,1,1,0
392,1748167433.291009,27.404069900512695,35.84514719744709,2,1,1,28.69391441345215,35.69919184726098,1,1,0,27.042627334594727,36.16129492999753,1,1,0
393,1748167433.3763368,27.200937271118164,35.850794917089296,2,2,1,26.749134063720703,35.7643848698796,2,2,1,27.02498435974121,36.167032325211814,1,2,0
394,1748167433.459371,27.6029109954834,35.848680643656834,2,1,0,27.662038803100586,35.772478282772575,2,1,0,27.25505828857422,36.17208523482698,1,1,0
395,1748167433.5441139,31.713008880615234,35.626669082754795,1,1,0,29.923200607299805,35.68414756886396,1,1,0,27.137041091918945,36.15595413681545,1,1,0
396,1748167433.634934,28.22279930114746,35.59091572505507,1,1,0,28.230905532836914,35.68733557277681,1,1,0,28.71870994567871,36.0759897600011,1,1,0
397,1748167433.7222059,32.43279457092285,35.39810700526207,1,1,0,27.2829532623291,35.67821838466112,1,1,0,26.914119720458984,36.085414886233934,1,1,0
398,1748167433.811303,28.341054916381836,35.33382456014233,1,1,0,27.01425552368164,35.73717274185811,1,1,0,26.588916778564453,36.12130850592003,1,1,0
399,1748167433.895436,27.023792266845703,35.33920311407315,1,1,0,26.932954788208008,35.75576676949517,1,1,0,27.248859405517578,36.07149102463474,1,1,0
400,1748167433.978785,27.36210823059082,35.3940843675081,1,1,0,27.448177337646484,35.90958358518448,1,1,0,27.069091796875,36.13163919565119,1,1,0
401,1748167434.062585,27.786970138549805,35.44752852964268,1,1,0,26.652812957763672,36.019284464166816,1,1,0,28.156042098999023,36.21105873841435,1,1,0
402,1748167434.147191,27.529001235961914,35.57609330880339,1,1,0,26.124238967895508,36.1613884598871,1,1,0,27.685165405273438,36.24378878275264,1,1,0
403,1748167434.2304971,27.89592742919922,35.558600038828466,1,1,0,27.12392807006836,36.2867466078446,1,1,0,27.261972427368164,36.27209188494549,1,1,0
404,1748167434.314847,27.43816375732422,35.571668097590816,1,1,0,28.62405776977539,36.26902854645872,1,1,0,26.623964309692383,36.32946024259461,1,1,0
405,1748167434.399491,27.14085578918457,35.59538600457598,1,1,0,27.521133422851562,36.244185493871164,1,1,0,26.650190353393555,36.364327856345014,1,1,0
406,1748167434.4827352,28.70774269104004,35.60151936339523,1,1,0,28.252363204956055,36.23069175392557,1,1,0,27.765989303588867,36.303780201188346,1,1,0
407,1748167434.569524,27.83679962158203,35.58040894993655,1,1,0,27.097702026367188,36.23995783543724,1,1,0,27.745962142944336,36.284800331274496,1,1,0
408,1748167434.65414,27.42910385131836,35.57910106933152,1,1,0,27.825117111206055,36.198891327481284,1,1,0,27.35114097595215,36.27721603070337,1,1,0
409,1748167434.7385988,27.87494659423828,35.52820874232142,1,1,0,27.486324310302734,36.17028640352214,1,1,0,26.716947555541992,36.30834754455977,1,1,0
410,1748167434.822655,26.83401107788086,35.55632918671428,1,1,0,27.308940887451172,36.16417379388203,1,1,0,27.40788459777832,36.30075339808066,1,1,0
411,1748167434.906122,26.81708335876465,35.59898116548083,1,1,0,27.526140213012695,36.16410103716366,1,1,0,27.321815490722656,36.326995479808105,1,1,0
412,1748167434.989769,27.11009979248047,35.58470551138348,1,1,0,27.003765106201172,36.17866861108364,1,1,0,27.709007263183594,36.33003715027078,1,1,0
413,1748167435.073597,27.25815773010254,35.606576693616326,1,1,0,27.853012084960938,36.141695509184125,1,1,0,26.338815689086914,36.38644216010262,1,1,0
414,1748167435.156988,27.027130126953125,35.623915498564195,1,1,0,26.91483497619629,36.171669304172724,1,1,0,27.889251708984375,36.33495734373809,1,1,0
415,1748167435.240747,27.12082862854004,35.61867175365509,1,1,0,27.328014373779297,36.15451010770286,1,1,0,27.356863021850586,36.328568694041905,1,1,0
416,1748167435.324543,27.290821075439453,35.635426897444695,2,2,0,27.426958084106445,36.18995848896735,2,2,0,28.15699577331543,36.319603197694555,1,2,0
417,1748167435.409389,27.698040008544922,35.64796573147825,2,2,0,27.710914611816406,36.30904950883032,2,2,0,27.12392807006836,36.44410975885259,1,2,0
418,1748167435.4940522,27.74190902709961,35.732626191746654,2,1,0,26.666879653930664,36.38271775568847,2,1,0,27.215957641601562,36.46470436518861,1,1,0
419,1748167435.5780532,26.536226272583008,35.91133608057118,1,1,0,27.06289291381836,36.48793552467397,1,1,0,28.20301055908203,36.512541825187185,1,1,0
420,1748167435.661828,28.09286117553711,35.93973803766458,1,1,0,27.554988861083984,36.443022587996914,1,1,0,28.63311767578125,36.51076194369881,1,1,0
421,1748167435.7481542,27.338027954101562,36.02690569863567,1,1,0,27.29487419128418,36.42955971255681,1,1,0,28.605937957763672,36.49585166042349,1,1,0
422,1748167435.833343,29.248952865600586,35.947366721984615,1,1,0,27.424097061157227,36.48577717452606,1,1,0,28.14316749572754,36.4471499595061,1,1,0
423,1748167435.9200819,28.40900421142578,35.895508337355665,1,1,0,26.5960693359375,36.49269749421632,1,1,0,28.72610092163086,36.371959142178845,1,1,0
424,1748167436.005752,27.428865432739258,35.90309776593459,1,1,0,27.418136596679688,36.50353825413637,1,1,0,26.34596824645996,36.412123414898254,1,1,0
425,1748167436.088938,28.62691879272461,36.03593365882269,1,1,0,26.554107666015625,36.653649573162454,1,1,0,27.235031127929688,36.40751939307839,1,1,0
426,1748167436.173355,28.20611000061035,36.03627423043272,1,1,0,27.4198055267334,36.68991281310058,1,1,0,26.885032653808594,36.488908981820956,1,1,0
427,1748167436.257882,28.475284576416016,36.20810989064113,1,1,0,27.205944061279297,36.693368669015506,1,1,0,26.94392204284668,36.48756520135431,1,1,0
428,1748167436.3424761,28.20897102355957,36.21365370491033,1,1,0,26.78227424621582,36.70377226292021,1,1,0,26.57485008239746,36.48746997657281,1,1,0
429,1748167436.4259598,28.046131134033203,36.168934798305685,1,1,0,26.93796157836914,36.70374014398654,1,1,0,79.44297790527344,34.310058428123156,1,1,0
430,1748167436.562752,32.51004219055176,35.94690459648225,1,1,0,46.31972312927246,35.8755821661499,1,1,0,28.17082405090332,34.266900252203754,1,1,0
431,1748167436.671763,28.32627296447754,35.923628851475044,1,1,0,27.814865112304688,35.82578688874653,1,1,0,28.55992317199707,34.25128582725069,1,1,0
432,1748167436.7584078,27.682065963745117,35.91699442616184,1,1,0,28.417110443115234,35.72797935184909,1,1,0,28.129100799560547,34.234046286887285,1,1,0
433,1748167436.844845,30.56788444519043,35.802596367930235,1,1,0,32.42206573486328,35.504169504743984,1,1,0,31.34012222290039,34.07546863236799,1,1,0
434,1748167436.941262,30.487775802612305,35.6728878486232,1,1,0,30.164003372192383,35.43945171126178,1,1,0,30.609846115112305,33.922074925094854,1,1,0
435,1748167437.0345862,31.983137130737305,35.46862148066675,1,1,0,30.527830123901367,35.314378185592204,1,1,0,29.746055603027344,33.80408644643575,1,1,0
436,1748167437.1290061,29.371976852416992,35.4409290246987,1,1,0,31.014204025268555,35.20014681050814,1,1,0,28.9459228515625,33.75920181452619,1,1,0
437,1748167437.2202828,28.15413475036621,35.42774735894897,1,1,0,28.363943099975586,35.14810323776547,1,1,0,27.60601043701172,33.7647458489439,1,1,0
438,1748167437.3063302,28.768062591552734,35.37180715413366,1,1,0,27.867794036865234,35.14591396215622,1,1,0,26.99589729309082,33.778350940273135,1,1,0
439,1748167437.391945,79.13994789123535,33.35579158992368,1,1,0,29.903650283813477,35.0466042602686,1,1,0,29.661178588867188,33.667086560576564,1,1,0
440,1748167437.5326579,29.458999633789062,33.258950613694445,1,1,0,29.654979705810547,34.95093141564345,1,1,0,32.5009822845459,33.47579512553045,1,1,0
441,1748167437.6264288,31.76116943359375,33.07790725765854,1,1,0,31.07595443725586,34.807011021421275,1,1,0,30.302047729492188,33.36495464689062,1,1,0
442,1748167437.721899,28.310060501098633,33.034599541613176,1,1,0,27.441978454589844,34.78965012421013,1,1,0,27.666807174682617,33.36658258890216,1,1,0
443,1748167437.8073652,28.07331085205078,33.005121167386946,1,1,0,27.10700035095215,34.81970582774101,1,1,0,27.345895767211914,33.32922421006432,1,1,0
444,1748167437.8919559,28.05805206298828,32.967539466741144,1,1,0,28.03802490234375,34.77463211122433,1,1,0,27.180194854736328,33.35552632541628,1,1,0
445,1748167437.9773319,27.033090591430664,32.970796154786434,1,1,0,28.13100814819336,34.74232297802573,1,1,0,28.467893600463867,33.31433778851403,1,1,0
446,1748167438.063046,28.123140335083008,32.94106066611411,1,1,0,27.894020080566406,34.7235508066252,1,1,0,27.657032012939453,33.33276467057207,1,1,0
447,1748167438.1486561,27.099132537841797,32.962884470346424,1,1,0,28.125762939453125,34.70692400115185,1,1,0,27.61101722717285,33.314805268663555,1,1,0
448,1748167438.2334368,27.502059936523438,32.971582348301624,1,1,0,28.120994567871094,34.64863592243035,1,1,0,27.578115463256836,33.30138586924159,1,1,0
449,1748167438.318657,27.228832244873047,32.9462011976236,1,1,0,27.984142303466797,34.61178987638638,1,1,0,27.829885482788086,33.31502578272192,1,1,0
450,1748167438.403681,27.96006202697754,32.9508601117137,1,1,0,27.605056762695312,34.609847771165775,1,1,0,27.548789978027344,33.355031176290645,1,1,0
451,1748167438.488789,28.522968292236328,32.907961674496846,1,1,0,28.420209884643555,34.56490710290048,1,1,0,27.16994285583496,33.40810450228001,1,1,0
452,1748167438.574839,27.39572525024414,32.974917607990136,1,1,0,29.327869415283203,34.489606174896934,1,1,0,27.080774307250977,33.44751590050683,1,1,0
453,1748167438.660697,27.71282196044922,33.00027380216797,1,1,0,28.55706214904785,34.41187498307836,1,1,0,31.502962112426758,33.3444597142156,1,1,0
454,1748167438.7505448,29.674053192138672,32.9193346391628,1,1,0,28.650999069213867,34.36346714323791,1,1,0,29.9530029296875,33.21146823799563,1,1,0
455,1748167438.8408651,29.55794334411621,32.88596125790792,1,1,0,30.776262283325195,34.19804839018281,1,1,0,28.56922149658203,33.16278394333376,1,1,0
456,1748167438.931795,27.34088897705078,32.91725058592488,1,1,0,30.120849609375,34.09323235257141,1,1,0,75.46305656433105,31.472748856062754,1,1,0
457,1748167439.066889,28.151988983154297,32.929181483113695,2,2,1,27.436017990112305,34.084320479908854,2,2,1,27.626991271972656,31.45024300812693,1,2,0
458,1748167439.152082,26.504993438720703,32.990963931235264,2,1,0,26.974916458129883,34.07697284520475,2,1,0,27.404069900512695,31.42310737073433,1,1,0
459,1748167439.235142,28.577089309692383,32.97177242269149,1,1,0,27.53305435180664,34.05376001281727,1,1,0,26.78990364074707,33.256462960266134,1,1,0
460,1748167439.320042,28.783798217773438,33.10628763390078,1,1,0,27.76312828063965,34.78656277714991,1,1,0,28.924942016601562,33.22865823466732,1,1,0
461,1748167439.4074602,30.16495704650879,33.03934421838941,2,2,1,30.173301696777344,34.69178601500169,2,2,1,30.911922454833984,33.14231831914093,1,2,0
462,1748167439.501153,30.322790145874023,32.94417411862656,2,2,0,29.146194458007812,34.662619039092476,2,2,0,29.266834259033203,33.10059198993217,1,2,0
463,1748167439.591833,28.046846389770508,33.035588264946064,2,2,0,27.86993980407715,34.845808365821796,2,2,0,27.54998207092285,33.2395515125515,1,2,0
464,1748167439.6773472,27.48703956604004,33.14499846298642,2,2,0,27.972936630249023,34.93471662785313,2,2,0,27.68683433532715,33.34754383802887,1,2,0
465,1748167439.762648,27.094125747680664,33.3248636790875,2,1,0,27.47797966003418,35.05898604902831,2,1,0,27.097702026367188,33.44580893147295,0,1,0
466,1748167439.846344,26.89194679260254,33.41742945056719,1,0,0,26.163101196289062,35.25948675413181,1,0,0,26.294708251953125,33.544878418626375,0,0,0
467,1748167439.9277508,27.29320526123047,33.449694317154126,0,0,0,26.28302574157715,35.346479667696386,0,0,0,26.152849197387695,33.599509101410455,0,0,0
468,1748167440.0096068,27.9541015625,33.48038232240479,0,0,0,26.56102180480957,35.40208075545975,0,0,0,27.62317657470703,33.57615353292557,0,0,0
469,1748167440.093819,29.755353927612305,35.433743252109906,0,0,0,28.631925582885742,35.45620847257993,0,0,0,30.744075775146484,33.535553718959804,0,0,0
470,1748167440.18497,28.8848876953125,35.45841659295296,0,0,0,27.438879013061523,35.55034195865305,0,0,0,26.942968368530273,33.74532254054737,0,0,0
471,1748167440.2702131,28.579235076904297,35.592607050117955,0,0,0,26.60393714904785,35.74075599484861,0,0,0,27.370929718017578,33.85702350473633,0,0,0
472,1748167440.354708,28.20897102355957,35.59764170693343,0,0,0,25.769948959350586,35.812898425906376,0,0,0,27.659177780151367,33.85747900878126,0,0,0
473,1748167440.438346,28.79476547241211,35.56776677919648,0,0,0,26.503801345825195,35.839674794617544,0,0,0,29.50000762939453,33.7756580568513,0,0,0
474,1748167440.525088,29.967069625854492,35.488037968489515,0,0,0,28.04708480834961,35.84039958778837,0,0,0,27.8317928314209,33.75127845629805,0,0,0
475,1748167440.6129122,27.17733383178711,35.48290418731089,0,0,0,27.71925926208496,35.85937713738544,0,0,0,26.691913604736328,33.818995749145856,0,0,0
476,1748167440.6965241,25.928974151611328,35.575318817363296,0,0,0,27.066946029663086,35.895979382560874,0,0,0,26.38530731201172,33.867758438266335,0,0,0
477,1748167440.77808,27.2519588470459,35.56933524764012,0,0,0,27.10700035095215,35.94104176907826,0,0,0,26.417016983032227,33.913553927051524,0,0,0
478,1748167440.860959,27.076244354248047,35.58810727246347,0,0,0,28.12814712524414,35.94256119747295,0,0,0,28.23925018310547,33.888418175716836,0,0,0
479,1748167440.946465,28.80096435546875,35.522581967456084,0,0,0,30.231952667236328,35.84739381670153,0,0,0,29.735803604125977,33.81573293150835,0,0,0
480,1748167441.03723,29.227733612060547,35.470471182965255,0,0,0,27.714014053344727,35.844136310651734,0,0,0,29.04820442199707,33.758921037699025,0,0,0
481,1748167441.1250749,29.31809425354004,35.437924618053216,0,0,0,27.729272842407227,35.87513211281572,0,0,0,26.624202728271484,33.77997413127973,0,0,0
482,1748167441.21088,27.35114097595215,35.440439900530606,0,0,0,27.30107307434082,35.96311689766717,0,0,0,26.795148849487305,33.791005079293804,0,0,0
483,1748167441.29439,26.868820190429688,35.47615147461209,0,0,0,26.842832565307617,36.038059756636144,0,0,0,26.112079620361328,33.997523996751255,0,0,0
484,1748167441.376317,26.6721248626709,35.6023352895939,0,0,0,27.024030685424805,36.10937748409747,0,0,0,26.852846145629883,34.11752584251871,0,0,0
485,1748167441.4588091,27.05693244934082,35.708735235598986,0,0,0,27.153730392456055,36.26846402859761,0,0,0,26.149749755859375,34.21161430301811,0,0,0
486,1748167441.54124,27.029991149902344,35.72229926825979,0,0,0,25.52008628845215,36.47227212569065,0,0,0,27.673721313476562,36.18363112739988,0,0,0
487,1748167441.623384,27.629613876342773,35.74472581930365,0,0,0,26.754140853881836,36.50351707449955,0,0,0,27.086973190307617,36.20726596254365,0,0,0
488,1748167441.706857,26.535987854003906,35.74387289261509,0,0,0,26.273012161254883,36.53708585157297,0,0,0,26.452064514160156,36.248998917967164,0,0,0
489,1748167441.788128,27.470111846923828,35.79152648244459,0,0,0,26.043176651000977,36.60439831844915,0,0,0,27.413129806518555,36.22191004767059,0,0,0
490,1748167441.871048,26.64804458618164,35.88373622374863,0,0,0,25.838851928710938,36.69110035580381,0,0,0,27.914047241210938,36.26626884840317,0,0,0
491,1748167441.953374,27.1151065826416,36.015686382265834,0,0,0,26.010990142822266,36.87983239679847,0,0,0,26.223182678222656,36.47309673626836,0,0,0
492,1748167442.034855,27.456045150756836,36.139712862042295,0,0,0,26.154041290283203,37.01684994788539,0,0,0,26.638269424438477,36.590092428214376,0,0,0
493,1748167442.117065,27.12106704711914,36.180208197952524,0,0,0,26.15499496459961,37.0962099572313,0,0,0,27.003049850463867,36.61443188454632,0,0,0
494,1748167442.19925,27.633190155029297,36.174456222219604,0,0,0,25.87580680847168,37.193745802631454,0,0,0,26.7179012298584,36.65775003801852,0,0,0
495,1748167442.281437,27.499914169311523,36.156982688319054,0,0,0,26.726961135864258,37.22970917840206,0,0,0,26.628971099853516,36.678618952744216,0,0,0
496,1748167442.3642051,27.13179588317871,36.14680364417944,0,0,0,27.580976486206055,37.16476603134941,0,0,0,26.961088180541992,36.64890955406444,0,0,0
497,1748167442.447807,27.215003967285156,36.15037604353589,0,0,0,27.29320526123047,37.11851192163612,0,0,0,26.276826858520508,36.643615847113246,0,0,0
498,1748167442.5307488,27.245044708251953,36.18138378155182,0,0,0,27.032136917114258,37.096538054804675,0,0,0,26.140213012695312,36.710165049566214,0,0,0
499,1748167442.613217,26.945114135742188,36.304429615712195,0,0,0,27.47201919555664,37.15010661207436,0,0,0,27.30393409729004,36.86566687536751,0,0,0
500,1748167442.697012,28.229951858520508,36.333100312455876,0,0,0,28.966188430786133,37.07998730495888,0,0,0,27.870893478393555,36.82376356537763,0,0,0
501,1748167442.783989,28.392791748046875,36.34170510592541,0,0,0,28.612852096557617,36.9880037273398,0,0,0,28.71084213256836,36.763836496638696,0,0,0
502,1748167442.8716512,28.714895248413086,36.3189217912457,0,0,0,27.781009674072266,36.89711371826864,0,0,0,29.361963272094727,36.68742029330315,0,0,0
503,1748167442.9596329,29.218196868896484,36.299936561933755,0,0,0,28.05614471435547,36.82681354959933,0,0,0,27.8170108795166,36.76371834172646,0,0,0
504,1748167443.0469382,28.54609489440918,36.36273052696129,0,0,0,29.02698516845703,36.78251451739969,0,0,0,28.985977172851562,36.7117073616197,0,0,0
505,1748167443.1354308,29.015064239501953,36.28182899988841,0,0,0,27.72212028503418,36.78233172908277,0,0,0,28.670072555541992,36.62328771907766,0,0,0
506,1748167443.222995,26.41892433166504,36.26055217400576,0,0,0,26.825904846191406,36.793560453210475,0,0,0,25.572776794433594,36.65971516923954,0,0,0
507,1748167443.303811,27.059078216552734,36.268965821384114,0,0,0,26.468992233276367,36.8219855391563,0,0,0,26.38697624206543,36.66146687683374,0,0,0
508,1748167443.385802,27.27818489074707,36.2599461240806,0,0,0,26.09109878540039,36.913447437353334,0,0,0,27.228355407714844,36.706770277547484,0,0,0
509,1748167443.468354,27.36186981201172,36.32290576040917,0,0,0,25.613069534301758,37.124020409355445,0,0,0,27.81200408935547,36.79378638868932,0,0,0
510,1748167443.551293,27.320146560668945,36.406434404161985,0,0,0,26.813983917236328,37.16495264041956,0,0,0,27.158021926879883,36.879313558715985,0,0,0
511,1748167443.6345952,29.79588508605957,36.38624224332599,0,0,0,27.890920639038086,37.157544602358634,0,0,0,30.506134033203125,36.70415769450889,0,0,0
512,1748167443.7246678,32.2260856628418,36.172272406742124,0,0,0,30.55262565612793,37.00871709471745,0,0,0,29.092073440551758,36.60183222787251,0,0,0
513,1748167443.818614,28.19085121154785,36.11495329677899,0,0,0,28.18894386291504,36.94774220202802,0,0,0,30.32207489013672,36.41508451090637,0,0,0
514,1748167443.9073222,28.618335723876953,36.03137268377331,0,0,0,26.571035385131836,36.968910113181536,0,0,0,26.646852493286133,36.42420265233039,0,0,0
515,1748167443.991145,27.222871780395508,36.02427554426153,0,0,0,26.732921600341797,36.988416897619295,0,0,0,26.717185974121094,36.39974682284658,0,0,0
516,1748167444.073791,26.268959045410156,36.057474577912835,0,0,0,25.82693099975586,36.97477628531809,0,0,0,27.167081832885742,36.42234703042762,0,0,0
517,1748167444.154995,27.462244033813477,36.06480187722863,0,0,0,25.977134704589844,37.010393454735414,0,0,0,27.331113815307617,36.41217609923118,0,0,0
518,1748167444.237684,26.790142059326172,36.05396183748985,0,0,0,26.37004852294922,37.00449421151909,0,0,0,28.40590476989746,36.32610405222358,0,0,0
519,1748167444.3213701,26.668071746826172,36.088995862485135,0,0,0,26.092052459716797,37.002535469220604,0,0,0,28.14006805419922,36.294617553933925,0,0,0
520,1748167444.404213,26.886940002441406,36.07862747144484,0,0,0,26.645898818969727,36.966118903470836,0,0,0,26.56102180480957,36.354168291824635,0,0,0
521,1748167444.4862888,27.336835861206055,36.0686165583712,0,0,0,26.103973388671875,36.961916592911706,0,0,0,26.671886444091797,36.33431732846909,0,0,0
522,1748167444.5683641,27.365922927856445,36.0725354585785,0,0,0,26.2908935546875,36.95600023026073,0,0,0,26.68595314025879,36.33238692717909,0,0,0
523,1748167444.650621,27.450084686279297,36.0585285335198,0,0,0,26.120901107788086,36.95801917965136,0,0,0,26.282072067260742,36.3645905884325,0,0,0
524,1748167444.732616,30.3192138671875,35.942499596525984,0,0,0,29.591798782348633,36.789881323076656,0,0,0,30.147075653076172,36.21423736306243,0,0,0
525,1748167444.824516,29.750823974609375,35.84645428711835,0,0,0,26.13997459411621,36.81614620059278,0,0,0,25.951147079467773,36.2441646141221,0,0,0
526,1748167444.908252,28.13410758972168,35.80301404132157,0,0,0,27.102947235107422,36.837681203546374,0,0,0,26.230812072753906,36.27641071192269,0,0,0
527,1748167444.991755,28.118133544921875,35.76456784628319,0,0,0,25.609970092773438,36.9139780656154,0,0,0,25.572776794433594,36.30720560098036,0,0,0
528,1748167445.073071,27.612924575805664,35.74880824634718,0,0,0,26.341915130615234,36.945702679411646,0,0,0,26.432037353515625,36.29468036776636,0,0,0
529,1748167445.155361,26.797771453857422,35.75495395554909,0,0,0,26.691198348999023,36.98091603277785,0,0,0,26.200056076049805,36.34278624007376,0,0,0
530,1748167445.2369971,26.584148406982422,35.82496068850003,0,0,0,26.394128799438477,37.098255193438256,0,0,0,25.777101516723633,36.43499219927239,0,0,0
531,1748167445.3176892,26.80683135986328,35.89229327200918,0,0,0,27.148008346557617,37.165775938100516,0,0,0,26.367902755737305,36.538295351592446,0,0,0
532,1748167445.3999202,26.082992553710938,36.005494002380736,0,0,0,26.993274688720703,37.201586230202054,0,0,0,26.005983352661133,36.68851139763125,0,0,0
533,1748167445.480941,27.734041213989258,36.06987795837846,0,0,0,26.111841201782227,37.291199090992876,0,0,0,26.684045791625977,36.73878317659703,0,0,0
534,1748167445.563373,26.282072067260742,36.16807190319318,0,0,0,26.031970977783203,37.429993405159685,0,0,0,26.646137237548828,36.844228609745066,0,0,0
535,1748167445.644376,26.477813720703125,36.27855482156696,0,0,0,26.25298500061035,37.49821418087897,0,0,0,26.25417709350586,36.953981501441106,0,0,0
536,1748167445.725514,25.777816772460938,36.30644085324051,0,0,0,26.007890701293945,37.53574317890562,0,0,0,27.495861053466797,36.86675780629684,0,0,0
537,1748167445.806669,27.158021926879883,36.30223007979449,0,0,0,26.426076889038086,37.53770278869225,0,0,0,26.84497833251953,36.84570668234638,0,0,0
538,1748167445.8890939,27.4350643157959,36.295329456766204,0,0,0,26.301860809326172,37.528309720028446,0,0,0,26.721954345703125,36.868529356438515,0,0,0
539,1748167445.971596,27.438879013061523,36.29197956928679,0,0,0,27.4658203125,37.44222273204863,0,0,0,29.903173446655273,36.773581519969746,0,0,0
540,1748167446.0584671,29.85095977783203,36.18146701160501,0,0,0,29.29997444152832,37.326410065949815,0,0,0,29.085874557495117,36.687110089215345,0,0,0
541,1748167446.148701,29.591083526611328,36.190062575911796,0,0,0,28.290748596191406,37.3073748327783,0,0,0,29.713869094848633,36.72294658835808,0,0,0
542,1748167446.2383602,29.720783233642578,36.29953862943546,0,0,0,27.96316146850586,37.42815635518656,0,0,0,27.556180953979492,36.79163473484429,0,0,0
543,1748167446.325611,27.70400047302246,36.32089269833243,0,0,0,26.690006256103516,37.497845415891355,0,0,0,43.900251388549805,36.18906336596018,0,0,0
544,1748167446.4258702,45.037031173706055,35.61265343435401,0,0,0,27.550935745239258,37.45155045681508,0,0,0,27.458906173706055,36.153824493977964,0,0,0
545,1748167446.5280588,26.810169219970703,35.63015958504151,0,0,0,26.20077133178711,37.47619040527762,0,0,0,26.884078979492188,36.146242924674645,0,0,0
546,1748167446.609993,26.564836502075195,35.61781474983568,0,0,0,26.793956756591797,37.43139636475921,0,0,0,27.811050415039062,36.11811507071398,0,0,0
547,1748167446.693552,27.168989181518555,35.63050261928359,0,0,0,29.200077056884766,37.28259175528369,0,0,0,26.93486213684082,36.13534350211162,0,0,0
548,1748167446.779103,29.150009155273438,35.53137897616504,0,0,0,29.502153396606445,37.13827559490869,0,0,0,29.875993728637695,36.07187363202991,0,0,0
549,1748167446.869602,29.796838760375977,35.40044732659061,0,0,0,27.42600440979004,37.07809704316094,0,0,0,29.051780700683594,36.03228065915223,0,0,0
550,1748167446.957986,27.80604362487793,35.36222434808611,0,0,0,26.038169860839844,37.10597881379174,0,0,0,27.076244354248047,36.010254537587095,0,0,0
551,1748167447.040886,27.73594856262207,35.345933574012086,0,0,0,26.868104934692383,37.0710949204025,0,0,0,27.041196823120117,35.994360090863296,0,0,0
552,1748167447.124449,27.49490737915039,35.34100956401871,0,0,0,26.715993881225586,37.05121719532426,0,0,0,27.477025985717773,35.96035216985362,0,0,0
553,1748167447.208184,26.797056198120117,35.36821796396481,0,0,0,26.443958282470703,37.03589501782345,0,0,0,26.379108428955078,35.95591305026176,0,0,0
554,1748167447.289763,27.879953384399414,35.47029120345848,0,0,0,26.564836502075195,37.17449415390578,0,0,0,25.59208869934082,36.15328433178161,0,0,0
555,1748167447.3717692,27.428865432739258,35.567324415670534,0,0,0,25.866985321044922,37.187172507957335,0,0,0,26.699066162109375,36.120603413209906,0,0,0
556,1748167447.45368,27.746915817260742,35.58408159029125,0,0,0,26.10492706298828,37.2329810235635,0,0,0,26.22199058532715,36.120873004231015,0,0,0
557,1748167447.535837,27.505874633789062,35.60979116209912,0,0,0,26.510000228881836,37.191657045774164,0,0,0,26.421070098876953,36.08389370390009,0,0,0
558,1748167447.618405,27.492046356201172,35.615062534124384,0,0,0,26.07583999633789,37.20359910306264,0,0,0,29.667139053344727,35.94377272567565,0,0,0
559,1748167447.703549,29.761075973510742,35.49043023739239,0,0,0,27.71592140197754,37.15691916992108,0,0,0,28.713226318359375,35.83589817783308,0,0,0
560,1748167447.791685,29.99424934387207,35.34792938005709,0,0,0,29.12616729736328,37.032025583266574,0,0,0,27.868032455444336,35.74695986784072,0,0,0
561,1748167447.880557,27.70686149597168,35.31081054914686,0,0,0,26.012897491455078,37.083986991189434,0,0,0,26.842117309570312,35.726873622576434,0,0,0
562,1748167447.963163,26.499032974243164,35.29347813586976,0,0,0,27.119874954223633,37.07784575119333,0,0,0,26.354074478149414,35.71199858320318,0,0,0
563,1748167448.045158,25.967121124267578,35.36677652751646,0,0,0,26.517868041992188,37.05911770232453,0,0,0,26.337623596191406,35.72681275873231,0,0,0
564,1748167448.1259038,27.06623077392578,35.334142067664104,0,0,0,27.369022369384766,36.998052906144906,0,0,0,25.890827178955078,35.75935375237121,0,0,0
565,1748167448.208272,26.92699432373047,35.31570632327611,0,0,0,27.35590934753418,36.94782899521933,0,0,0,26.11994743347168,35.76493380470726,0,0,0
566,1748167448.290582,27.92191505432129,35.22700059435306,0,0,0,28.49411964416504,36.83558911300639,0,0,0,28.08094024658203,35.73991340899466,0,0,0
567,1748167448.378117,29.478073120117188,35.13119497712255,0,0,0,29.97565269470215,36.676181418223614,0,0,0,29.757976531982422,35.61643354812413,0,0,0
568,1748167448.469205,30.138731002807617,35.020999387135184,0,0,0,27.99510955810547,36.60025654972614,0,0,0,27.60601043701172,35.57959402842259,0,0,0
569,1748167448.556946,27.069807052612305,35.03622124068017,0,0,0,27.038097381591797,36.61898182046766,0,0,0,28.388261795043945,35.64389620565338,0,0,0
570,1748167448.641533,27.178049087524414,35.14601213010959,0,0,0,26.49688720703125,36.74527401016598,0,0,0,27.26292610168457,35.7212141720785,0,0,0
571,1748167448.724463,31.698942184448242,35.05915211036229,0,0,0,28.64694595336914,36.729528318684814,0,0,0,27.49490737915039,35.81576286002095,0,0,0
572,1748167448.8142028,27.352094650268555,35.156362108312415,0,0,0,27.584075927734375,36.746400752046355,0,0,0,26.57485008239746,35.858109979698405,0,0,0
573,1748167448.8976068,26.898860931396484,35.189278982487735,0,0,0,26.215314865112305,36.76807983547609,0,0,0,27.553796768188477,36.57235333971022,0,0,0
574,1748167448.980258,27.49490737915039,35.92806000253551,0,0,0,26.70907974243164,36.80596949438605,0,0,0,26.827096939086914,36.60028848780093,0,0,0
575,1748167449.0631769,28.31101417541504,35.86326092037234,0,0,0,28.78284454345703,36.68979513287496,0,0,0,29.449939727783203,36.48647543633728,0,0,0
576,1748167449.151763,29.000043869018555,35.759252128220396,0,0,0,27.730226516723633,36.64722308625191,0,0,0,30.15279769897461,36.38302283359313,0,0,0
577,1748167449.240778,30.395030975341797,35.62224136608273,0,0,0,28.895854949951172,36.659672446755266,0,0,0,27.966976165771484,36.337947877797596,0,0,0
578,1748167449.330241,27.31180191040039,35.69981981153836,0,0,0,27.5270938873291,36.748375399706724,0,0,0,27.439117431640625,36.4452919988368,0,0,0
579,1748167449.414475,27.630090713500977,35.79163847091863,0,0,0,26.794910430908203,36.77566657275162,0,0,0,26.982784271240234,36.537000977385404,0,0,0
580,1748167449.49782,26.682138442993164,35.83956250534051,0,0,0,26.564836502075195,36.75177787202125,0,0,0,28.597116470336914,36.46957654360598,0,0,0
581,1748167449.5818481,29.513120651245117,35.76392743706167,0,0,0,29.687881469726562,36.62519585433532,0,0,0,30.395984649658203,36.32179435479797,0,0,0
582,1748167449.6733692,30.192852020263672,35.64978368592386,0,0,0,28.523921966552734,36.54510824200623,0,0,0,80.3382396697998,34.137287495052185,0,0,0
583,1748167449.8144052,28.444290161132812,35.580771149258744,0,0,0,28.64527702331543,36.44781507101479,0,0,0,30.178070068359375,33.990544279321405,0,0,0
584,1748167449.903672,29.608964920043945,35.50795668241674,1,1,0,28.552770614624023,36.359021480954944,1,1,0,28.12814712524414,33.893265232076075,0,1,0
585,1748167449.9921,29.296159744262695,35.429562872779584,2,1,1,28.969764709472656,36.22171193476765,1,1,0,27.43816375732422,33.86533382603437,0,1,0
586,1748167450.079757,28.381824493408203,35.40218035965693,1,1,0,29.015779495239258,36.094296183552956,1,1,0,28.319120407104492,33.78512584866155,1,1,0
587,1748167450.167423,28.54299545288086,35.358497999391346,1,1,0,27.988910675048828,36.028927568550074,1,1,0,27.740955352783203,33.73501779928073,1,1,0
588,1748167450.253622,29.591083526611328,35.270694593396094,1,1,0,27.449846267700195,35.96871960124552,1,1,0,27.57883071899414,33.81411538909078,1,1,0
589,1748167450.3402581,28.69391441345215,35.314288985894954,1,1,0,27.894020080566406,35.95959168731197,1,1,0,27.064085006713867,33.87693135262867,1,1,0
590,1748167450.4258811,28.537750244140625,35.37434289372189,1,1,0,26.62515640258789,36.06641448949601,1,1,0,25.97188949584961,33.94937641226266,1,1,0
591,1748167450.509045,27.4050235748291,35.386579216236484,1,0,0,26.474952697753906,36.045823175709934,1,0,0,25.838136672973633,33.987982707415796,0,0,0
592,1748167450.5907829,27.901887893676758,35.32828893986316,0,0,0,26.06797218322754,36.0916665328123,0,0,0,27.01401710510254,33.962159039994816,0,0,0
593,1748167450.673614,27.60601043701172,35.26040564742094,0,0,0,27.05216407775879,36.068668253359014,0,0,0,27.862071990966797,33.90342938159691,0,0,0
594,1748167450.75804,26.882648468017578,35.26805506933839,0,0,0,27.205228805541992,36.07586564190576,0,0,0,26.820898056030273,33.86763081844072,0,0,0
595,1748167450.841026,27.174949645996094,35.25753056019601,1,1,0,28.291940689086914,36.034530158904715,1,1,0,26.314973831176758,33.85994805396102,0,1,0
596,1748167450.924841,27.03118324279785,35.29416120593949,1,1,0,28.003215789794922,36.05440605803072,1,1,0,27.118206024169922,33.89678957470451,0,1,0
597,1748167451.009042,26.987075805664062,35.39732032843812,1,1,0,28.73706817626953,36.10702538069318,1,1,0,26.856184005737305,34.008228735383966,0,1,0
598,1748167451.093847,26.042938232421875,35.568038234989835,1,0,0,26.539087295532227,36.169745749313705,1,0,0,26.022911071777344,34.068954985777204,0,0,0
599,1748167451.174546,26.85403823852539,35.576847716002995,1,1,0,27.328014373779297,36.15619308800703,1,1,0,27.65488624572754,34.09698319662469,1,1,0
600,1748167451.2582731,27.727842330932617,35.552943543237404,2,1,1,28.204917907714844,36.0803240857561,1,1,0,27.173757553100586,34.100014037932766,1,1,0
601,1748167451.343452,27.77385711669922,35.71819247593554,1,1,0,28.893232345581055,36.068389102185215,1,1,0,27.592897415161133,34.095800575429934,1,1,0
602,1748167451.429682,27.43816375732422,35.71431977411521,2,1,1,28.349876403808594,36.033725259752195,1,1,0,29.428958892822266,33.98500846322568,1,1,0
603,1748167451.516892,28.838157653808594,35.63197572375922,1,1,0,27.58312225341797,35.973490985408375,1,1,0,28.96285057067871,33.93054530863718,1,1,0
604,1748167451.604352,29.91795539855957,35.52951288395042,1,1,0,30.782222747802734,35.79783965368911,1,1,0,29.510021209716797,33.82781486864242,1,1,0
605,1748167451.6966689,28.9919376373291,35.500613499355744,1,1,0,29.407024383544922,35.77012918897636,1,1,0,29.207706451416016,33.83632922604805,1,1,0
606,1748167451.786239,29.690027236938477,35.47069116039839,1,1,0,27.928829193115234,35.76062410299405,1,1,0,28.864145278930664,33.88527882638648,1,1,0
607,1748167451.8747032,56.37407302856445,34.4134561027767,1,1,0,38.78378868103027,35.343153722306425,1,1,0,27.28891372680664,33.910437335321134,1,1,0
608,1748167451.999918,28.070926666259766,34.382847749291734,1,1,0,26.900053024291992,35.36813843337418,1,1,0,27.265071868896484,33.91695449872477,1,1,0
609,1748167452.084142,28.29289436340332,34.356205047609734,1,1,0,27.508258819580078,35.337565558059694,1,1,0,27.198076248168945,33.908326421192704,1,1,0
610,1748167452.169267,27.595996856689453,34.319547414110524,1,1,0,27.103900909423828,35.31414032073423,1,1,0,27.34518051147461,33.95599102236502,1,1,0
611,1748167452.253269,28.38897705078125,34.36286654344777,1,1,0,27.351856231689453,35.41047935762583,1,1,0,27.34994888305664,34.07292192445252,1,1,0
612,1748167452.3383381,28.282880783081055,34.43686047924579,1,1,0,29.668092727661133,35.3614790155147,1,1,0,27.317047119140625,36.255693895268344,1,1,0
613,1748167452.4259682,28.575897216796875,34.43072611497037,1,1,0,27.089834213256836,35.42512417039089,1,1,0,29.19793128967285,36.29827158670394,1,1,0
614,1748167452.512838,27.567148208618164,34.510927668341715,1,1,0,27.97412872314453,35.44940599362002,1,1,0,27.61387825012207,36.32051527403375,1,1,0
615,1748167452.5980108,27.328968048095703,34.58888881558548,2,1,1,27.717113494873047,35.50196569915633,1,1,0,27.797937393188477,36.304125854413755,1,1,0
616,1748167452.6827881,28.42879295349121,34.58724399886641,1,1,0,31.871795654296875,35.38221097202078,1,1,0,30.518054962158203,36.20799528081319,1,1,0
617,1748167452.775724,31.741857528686523,34.46042883719682,2,1,1,29.835939407348633,35.30559913176182,1,1,0,30.82895278930664,36.07349721856856,1,1,0
618,1748167452.870317,30.650854110717773,34.41855808674916,2,1,1,27.079105377197266,35.320890980828956,1,1,0,27.1909236907959,36.09024833694869,1,1,0
619,1748167452.957176,28.339147567749023,34.432902574700464,1,1,0,27.678966522216797,35.3299157163771,1,1,0,27.05097198486328,36.09072450707263,1,1,0
620,1748167453.042155,27.863025665283203,34.45955116552038,1,1,0,27.081966400146484,35.31112764319656,1,1,0,26.810169219970703,36.054209773186116,1,1,0
621,1748167453.125825,27.824878692626953,34.44280847031309,1,1,0,27.720928192138672,35.25892358514279,1,1,0,27.193784713745117,35.995307389716935,1,1,0
622,1748167453.2106519,26.978015899658203,34.47901199115152,1,1,0,27.305126190185547,35.20673574506149,1,1,0,26.936769485473633,35.99845854683995,1,1,0
623,1748167453.294115,27.076005935668945,34.499440679081395,1,1,0,27.28867530822754,35.19600167491959,1,1,0,26.791095733642578,36.04469768562375,1,1,0
624,1748167453.377295,27.670860290527344,34.467593442263706,1,1,0,27.739763259887695,35.17298981728813,1,1,0,27.232885360717773,36.02656530408203,1,1,0
625,1748167453.4618938,27.111053466796875,34.469727352219905,1,1,0,27.647018432617188,35.19939844778043,1,1,0,27.173995971679688,35.98935670898871,1,1,0
626,1748167453.545724,27.744054794311523,34.44114923607885,1,1,0,27.968883514404297,35.200806577726404,1,1,0,27.05693244934082,35.99151849344279,1,1,0
627,1748167453.6304052,26.9010066986084,34.44474130266252,1,1,0,27.756690979003906,35.24130647211694,1,1,0,27.551889419555664,35.96118462680757,1,1,0
628,1748167453.714518,27.966976165771484,34.36881716142122,1,1,0,29.64186668395996,35.11266660006664,1,1,0,27.44317054748535,35.8998506135799,1,1,0
629,1748167453.801526,27.835845947265625,34.329959517483765,1,1,0,27.398109436035156,35.10954125127898,1,1,0,26.931047439575195,35.930891588063425,1,1,0
630,1748167453.885659,27.41217613220215,34.34228992049608,1,1,0,27.334928512573242,35.145531112377945,1,1,0,28.23805809020996,35.88514846967295,1,1,0
631,1748167453.970711,28.902053833007812,34.29805031542543,1,1,0,27.793169021606445,35.19088313988887,1,1,0,27.428150177001953,35.89261065729605,1,1,0
632,1748167454.057002,27.742862701416016,34.28582639146987,2,1,1,27.66895294189453,35.21914224009082,1,1,0,27.853965759277344,35.96042410905661,1,1,0
633,1748167454.142285,26.263713836669922,34.3867941543954,1,1,0,27.943134307861328,35.20422397686571,1,1,0,27.652978897094727,36.016985320320984,1,1,0
634,1748167454.226045,27.33612060546875,34.488783734928695,1,1,0,26.772022247314453,35.37067364696318,1,1,0,27.26602554321289,36.11411370557851,1,1,0
635,1748167454.309483,27.58502960205078,34.5445525717519,1,1,0,26.810169219970703,35.47936244411461,1,1,0,27.37116813659668,36.19407037858635,1,1,0
636,1748167454.393467,27.413129806518555,34.63559836628275,1,1,0,27.587890625,35.493493613213836,1,1,0,26.829004287719727,36.28297980993618,1,1,0
637,1748167454.477351,27.554035186767578,35.82727618544326,1,1,0,27.616024017333984,35.96875044664679,1,1,0,27.7860164642334,36.260865656054506,1,1,0
638,1748167454.562287,27.29010581970215,35.861012311901504,1,1,0,27.019977569580078,35.963579440109775,1,1,0,27.272939682006836,36.26039543501396,1,1,0
639,1748167454.645857,28.206825256347656,35.86477377928374,1,1,0,27.409076690673828,35.96785595148836,1,1,0,27.805089950561523,36.233978166161435,1,1,0
640,1748167454.731457,26.973962783813477,35.89176089639037,1,1,0,27.662038803100586,35.94377272567565,1,1,0,28.21826934814453,36.195746632028815,1,1,0
641,1748167454.816232,27.749061584472656,35.919003977865536,1,1,0,27.405977249145508,35.94130868638639,1,1,0,27.94194221496582,36.16998488283551,1,1,0
642,1748167454.901282,27.614116668701172,35.94763373324629,1,1,0,26.985883712768555,36.05690629408463,1,1,0,27.134418487548828,36.17778444813039,1,1,0
643,1748167454.9850261,29.102802276611328,35.924921157622514,1,1,0,26.865005493164062,36.06665225863149,1,1,0,26.5500545501709,36.29346600553621,1,1,0
644,1748167455.069487,27.809858322143555,35.91468782003199,1,1,0,27.99201011657715,36.065783899580325,1,1,0,28.075218200683594,36.27314796797747,1,1,0
645,1748167455.155309,28.270721435546875,35.87419112869497,1,1,0,25.89583396911621,36.144955412388015,1,1,0,27.20189094543457,36.29947579878589,1,1,0
646,1748167455.2386858,28.172016143798828,35.88506659730873,1,1,0,27.599096298217773,36.331684060260834,1,1,0,27.651071548461914,36.42579484228212,1,1,0
647,1748167455.324063,28.648853302001953,36.01798536027397,1,1,0,27.470111846923828,36.435688518580506,1,1,0,27.08721160888672,36.59205031202189,1,1,0
648,1748167455.4092731,28.98883819580078,36.09013447204149,1,1,0,27.29177474975586,36.42631154310786,1,1,0,27.286052703857422,36.58826242193718,1,1,0
649,1748167455.494874,28.033971786499023,36.103016113482994,1,1,0,27.189016342163086,36.44798399208874,1,1,0,27.983903884887695,36.54650933811523,1,1,0
650,1748167455.580079,27.9538631439209,36.09915272690655,1,1,0,27.34208106994629,36.4363426609633,1,1,0,27.452945709228516,36.517776529843765,1,1,0
651,1748167455.664799,26.97920799255371,36.135800107865386,1,1,0,28.185129165649414,36.415727374729805,1,1,0,27.008056640625,36.526119130031915,1,1,0
652,1748167455.748893,26.31402015686035,36.16452718782118,1,1,0,27.86087989807129,36.39108295102136,1,1,0,27.225017547607422,36.513410639890175,1,1,0
653,1748167455.832213,26.952743530273438,36.17005766323064,1,1,0,28.157949447631836,36.35270838672064,1,1,0,27.14991569519043,36.497598329272535,1,1,0
654,1748167455.91647,27.851104736328125,36.16217828713712,1,1,0,27.078866958618164,36.38174995619587,1,1,0,27.06170082092285,36.504978527100995,1,1,0
655,1748167456.0004532,27.470111846923828,36.14679326032682,1,1,0,27.96626091003418,36.36785929300248,1,1,0,26.866912841796875,36.5185290095495,1,1,0
656,1748167456.084766,26.62205696105957,36.1957674560293,1,1,0,27.670860290527344,36.38108725363517,1,1,0,27.10580825805664,36.51665316714459,1,1,0
657,1748167456.168312,27.482032775878906,36.17020322489958,1,1,0,27.24289894104004,36.403716948778396,1,1,0,27.379989624023438,36.52452875974802,1,1,0
658,1748167456.25239,27.26912498474121,36.200505539006656,1,1,0,27.7860164642334,36.48592528843452,1,1,0,27.128934860229492,36.538539383233974,1,1,0
659,1748167456.336538,27.264118194580078,36.225507737883596,1,1,0,26.881933212280273,36.5088339345645,1,1,0,27.659893035888672,36.506228267791585,1,1,0
660,1748167456.4204202,27.68087387084961,36.21353905998401,1,1,0,26.49688720703125,36.545925535013964,1,1,0,27.292966842651367,36.54821839622984,1,1,0
661,1748167456.5038831,28.596878051757812,36.226696696964716,1,1,0,28.58424186706543,36.510889072336056,1,1,0,28.141260147094727,36.51628226067636,1,1,0
662,1748167456.591289,27.920961380004883,36.219167940616614,1,1,0,28.17511558532715,36.488422246754865,1,1,0,26.623010635375977,36.57121598763028,1,1,0
663,1748167456.675924,27.798891067504883,36.151996317831795,1,1,0,27.343273162841797,36.51515898990755,1,1,0,27.62913703918457,36.57227893133676,1,1,0
664,1748167456.760853,27.168989181518555,36.159227003829464,1,1,0,27.195215225219727,36.496232737549846,1,1,0,27.312040328979492,36.570174362742165,1,1,0
665,1748167456.844556,27.27985382080078,36.172605161596344,1,1,0,26.89194679260254,36.49262340961755,1,1,0,27.980804443359375,36.54308108856916,1,1,0
666,1748167456.9288058,26.942014694213867,36.192935611905924,1,1,0,26.96704864501953,36.520171854687995,1,1,0,27.194738388061523,36.52707341868278,1,1,0
667,1748167457.012022,28.64384651184082,36.14528766484239,1,1,0,27.595043182373047,36.52089263339739,1,1,0,27.572154998779297,36.536788793641634,1,1,0
668,1748167457.0977879,29.083251953125,36.067282878913346,1,1,0,26.90410614013672,36.52597068961213,1,1,0,27.776002883911133,36.51441724520982,1,1,0
669,1748167457.1837819,28.58710289001465,36.05078029871101,1,1,0,26.942014694213867,36.546700404999406,1,1,0,26.9320011138916,36.5532191052983,1,1,0
670,1748167457.269164,27.785062789916992,36.01545959316529,1,1,0,26.92699432373047,36.57937034669392,1,1,0,27.843952178955078,36.56991927997763,1,1,0
671,1748167457.353725,27.517080307006836,36.025595730609226,1,1,0,27.14991569519043,36.590805329040386,1,1,0,26.792287826538086,36.62129451637173,1,1,0
672,1748167457.43717,27.7402400970459,36.02035681099529,1,1,0,27.740001678466797,36.557987509823775,1,1,0,27.657032012939453,36.59797844418384,1,1,0
673,1748167457.522223,28.332948684692383,36.05360027071191,1,1,0,26.72290802001953,36.56436148495992,1,1,0,27.019977569580078,36.577094840363976,1,1,0
674,1748167457.606236,27.68993377685547,36.05862153256088,1,1,0,27.38666534423828,36.59133736268338,1,1,0,27.096033096313477,36.62076161123165,1,1,0
675,1748167457.690368,27.66585350036621,36.085114778883565,1,1,0,27.87923812866211,36.502913465181436,1,1,0,27.4350643157959,36.61012806797084,1,1,0
676,1748167457.7752829,27.532100677490234,36.11286993851614,1,1,0,27.984142303466797,36.48586181089793,1,1,0,26.343822479248047,36.6683898958544,1,1,0
677,1748167457.859091,28.31888198852539,36.12717843413728,1,1,0,27.463912963867188,36.48634847765641,1,1,0,26.90601348876953,36.676234869453495,1,1,0
678,1748167457.943786,27.88090705871582,36.175454625692254,1,1,0,27.057886123657227,36.496730266886566,1,1,0,27.050018310546875,36.686468304308264,1,1,0
679,1748167458.027811,27.907848358154297,36.18114449728187,1,1,0,27.689218521118164,36.47489409365211,1,1,0,26.75461769104004,36.74169035733391,1,1,0
680,1748167458.112104,27.035236358642578,36.22133656889457,1,1,0,28.317928314208984,36.431563742363956,1,1,0,27.102947235107422,36.75771492371326,1,1,0
681,1748167458.196644,27.39691734313965,36.20311982559774,1,1,0,27.36210823059082,36.468139062742274,1,1,0,27.868032455444336,36.71899225315183,1,1,0
682,1748167458.2811468,27.599096298217773,36.14710477850084,1,1,0,28.336048126220703,36.44736110338691,1,1,0,27.22311019897461,36.71903511400839,1,1,0
683,1748167458.366354,28.425931930541992,36.08275548808412,1,1,0,28.47576141357422,36.43337810686987,1,1,0,27.031898498535156,36.724114834071976,1,1,0
684,1748167458.452242,28.06711196899414,36.07329038413464,1,1,0,27.96316146850586,36.39448273947118,1,1,0,26.912927627563477,36.73090070298,1,1,0
685,1748167458.537209,28.860807418823242,36.01284141674587,1,1,0,27.53901481628418,36.41329304296642,1,1,0,27.48703956604004,36.70317271876067,1,1,0
686,1748167458.623038,28.14197540283203,35.94742833961601,1,1,0,27.714014053344727,36.411227804563836,1,1,0,27.133941650390625,36.701823816013,1,1,0
687,1748167458.707894,27.619123458862305,35.94179120081213,1,1,0,30.51590919494629,36.26713643548307,1,1,0,28.56898307800293,36.648365170907,1,1,0
688,1748167458.796458,27.13799476623535,35.94760292405212,1,1,0,28.36298942565918,36.24186798858386,1,1,0,27.862071990966797,36.615678475836624,1,1,0
689,1748167458.881803,27.508974075317383,35.93778774993545,1,1,0,28.281688690185547,36.18071795491109,1,1,0,26.90911293029785,36.649133716535914,1,1,0
690,1748167458.966453,27.792930603027344,35.933128445769235,1,1,0,28.230905532836914,36.105025815718754,1,1,0,27.526140213012695,36.63892109663041,1,1,0
691,1748167459.0520551,30.071020126342773,35.87000843804876,1,1,0,27.946949005126953,36.132510728843464,1,1,0,28.136014938354492,36.63909179375276,1,1,0
692,1748167459.140192,28.187990188598633,35.85843697956029,1,1,0,28.493165969848633,36.118674917883475,1,1,0,28.198957443237305,36.56887772895306,1,1,0
693,1748167459.2272089,27.31609344482422,35.87927507560563,1,1,0,27.956008911132812,36.09198745390947,1,1,0,26.78990364074707,36.6068050207793,1,1,0
694,1748167459.311502,27.563810348510742,35.86237166422462,1,1,0,27.75883674621582,36.067686073929096,1,1,0,27.68397331237793,36.59018818939677,1,1,0
695,1748167459.396416,27.25982666015625,35.863281363560965,1,1,0,28.3048152923584,36.00653461793689,1,1,0,27.801036834716797,36.598138115236516,1,1,0
696,1748167459.4818208,27.482032775878906,35.8403281280041,1,1,0,27.687788009643555,35.97540400778467,1,1,0,28.988122940063477,36.51790370733465,1,1,0
697,1748167459.567946,27.546167373657227,35.88721587068533,1,1,0,27.08888053894043,35.997366907079915,1,1,0,28.812885284423828,36.46285518062758,1,1,0
698,1748167459.6533818,27.45223045349121,35.957423460989794,1,1,0,27.619123458862305,35.96655027406,1,1,0,27.910709381103516,36.45679117150168,1,1,0
699,1748167459.738396,27.287006378173828,36.01352169369775,1,1,0,27.96006202697754,35.922921199410865,1,1,0,27.724266052246094,36.421556339907575,1,1,0
700,1748167459.823275,26.79300308227539,36.05672031417678,1,1,0,27.369022369384766,35.904040267135,1,1,0,27.549028396606445,36.4344752521519,1,1,0
701,1748167459.907084,27.45985984802246,36.059355208482586,1,1,0,27.228116989135742,35.90089537453544,1,1,0,27.341127395629883,36.41011098752158,1,1,0
702,1748167459.991056,27.36210823059082,36.07570015244047,1,1,0,28.057098388671875,35.88679623041977,1,1,0,28.524160385131836,36.37173835752255,1,1,0
703,1748167460.077037,27.79388427734375,36.09892488542391,1,1,0,26.3669490814209,35.902042633082154,1,1,0,27.189970016479492,36.364233273722895,1,1,0
704,1748167460.160446,27.15921401977539,36.1221795408033,1,1,0,26.379108428955078,35.9455080227347,1,1,0,27.393102645874023,36.35132211055814,1,1,0
705,1748167460.243497,26.483774185180664,36.17340587805427,1,1,0,27.425050735473633,35.96505965588432,1,1,0,26.28612518310547,36.40221093699825,1,1,0
706,1748167460.325645,27.666807174682617,36.16752091941971,1,1,0,28.172969818115234,35.956971351955,1,1,0,27.135133743286133,36.367302205348516,1,1,0
707,1748167460.410774,27.711868286132812,36.193997501523796,1,1,0,27.56214141845703,35.95266661047386,1,1,0,26.704072952270508,36.376606755521074,1,1,0
708,1748167460.494981,28.13100814819336,36.18290279029844,1,1,0,26.446104049682617,35.979055771214725,1,1,0,26.14283561706543,36.416728601296114,1,1,0
709,1748167460.577874,27.462244033813477,36.20218238857818,1,1,0,27.085065841674805,36.00480372623568,1,1,0,27.852773666381836,36.36829025931122,1,1,0
710,1748167460.662328,27.83679962158203,36.167094698205425,1,1,0,28.506994247436523,35.99682111202719,1,1,0,32.6998233795166,36.12328913417184,1,1,0
711,1748167460.753546,31.24213218688965,36.00029182670644,1,1,0,31.714200973510742,35.809861199176275,1,1,0,32.33790397644043,35.92997845556836,1,1,0
712,1748167460.850888,32.25207328796387,35.800691493357064,1,1,0,28.60093116760254,35.79840998527427,1,1,0,28.208255767822266,35.88775834703531,1,1,0
713,1748167460.94206,28.513193130493164,35.79735081250853,1,1,0,27.289867401123047,35.84909939298557,1,1,0,27.711868286132812,35.85875376636389,1,1,0
714,1748167461.0278358,28.172016143798828,35.79320638314274,1,1,0,27.296066284179688,35.877648465017266,1,1,0,27.183055877685547,35.84743466693104,1,1,0
715,1748167461.1126919,27.585983276367188,35.847659344857576,1,1,0,26.459693908691406,35.92397755984754,1,1,0,27.276039123535156,35.85661811850463,1,1,0
716,1748167461.195929,27.965068817138672,35.85498334468383,1,1,0,27.40001678466797,35.93756194081899,1,1,0,27.3590087890625,35.847026168825494,1,1,0
717,1748167461.28066,27.344226837158203,35.86659346786179,1,1,0,27.76813507080078,36.05623470901788,1,1,0,26.925086975097656,35.91764032897283,1,1,0
718,1748167461.3646212,27.46295928955078,35.85274598965297,1,1,0,27.770280838012695,36.081948433106845,1,1,0,27.500152587890625,35.93315923015745,1,1,0
719,1748167461.449346,28.01799774169922,35.830306164319396,1,1,0,27.80008316040039,36.102871092080036,1,1,0,26.566028594970703,35.94797263786771,1,1,0
720,1748167461.53367,28.14316749572754,35.81549780417556,1,1,0,27.239084243774414,36.14625330821109,1,1,0,27.44579315185547,35.951464754575184,1,1,0
721,1748167461.6185348,29.42204475402832,35.84309485055635,1,1,0,27.046918869018555,36.18564981490061,1,1,0,26.955127716064453,36.00246522617649,1,1,0
722,1748167461.704093,28.657913208007812,35.82314522183431,1,1,0,27.568817138671875,36.22590404890575,1,1,0,27.315855026245117,36.04026868705153,1,1,0
723,1748167461.789572,27.806997299194336,35.80201571623596,1,1,0,27.65488624572754,36.239070674314085,1,1,0,26.76701545715332,36.04082612349461,1,1,0
724,1748167461.873706,28.358936309814453,35.768390448127086,1,1,0,27.99701690673828,36.228511574461294,1,1,0,27.307987213134766,36.05716460269501,1,1,0
725,1748167461.959552,27.343034744262695,35.76471016255818,1,1,0,28.40590476989746,36.224079004338975,1,1,0,27.66108512878418,36.06370621014887,1,1,0
726,1748167462.044896,27.49490737915039,35.76390710698579,1,1,0,28.13410758972168,36.20461982581494,1,1,0,26.932954788208008,36.15328433178161,1,1,0
727,1748167462.129437,28.14507484436035,35.738471968691485,1,1,0,28.374195098876953,36.14857937071786,1,1,0,26.755094528198242,36.243089339566396,1,1,0
728,1748167462.2147121,28.129100799560547,35.7097993051539,1,1,0,28.012752532958984,36.13142131892239,1,1,0,27.72688865661621,36.251150232293625,1,1,0
729,1748167462.3005729,28.46693992614746,35.65967458583562,1,1,0,28.228759765625,36.11959766683507,1,1,0,27.15015411376953,36.27627475253947,1,1,0
730,1748167462.3864162,26.973247528076172,35.65166243365736,1,1,0,26.969194412231445,36.13718037268971,1,1,0,26.968717575073242,36.30168547397356,1,1,0
731,1748167462.469321,28.280973434448242,35.61699811398142,1,1,0,27.406930923461914,36.12934643412945,1,1,0,27.82893180847168,36.28019706717405,1,1,0
732,1748167462.5548868,27.570009231567383,35.60820904708959,1,1,0,27.554035186767578,36.15104075388218,1,1,0,27.27198600769043,36.33521965159181,1,1,0
733,1748167462.639202,27.319908142089844,35.628636189241114,1,1,0,27.508020401000977,36.10163845719288,1,1,0,28.146743774414062,36.29329851367476,1,1,0
734,1748167462.724279,27.237892150878906,35.625388058404184,1,1,0,27.505159378051758,36.05263957136513,1,1,0,27.306795120239258,36.29703604344252,1,1,0
735,1748167462.8082821,28.044700622558594,35.55966522868927,1,1,0,28.317928314208984,36.01418138074122,1,1,0,27.89306640625,36.22665497778104,1,1,0
736,1748167462.894649,28.218984603881836,35.536446505595976,1,1,0,28.82099151611328,35.98635123073152,1,1,0,26.627063751220703,36.24888404914073,1,1,0
737,1748167462.980368,27.965307235717773,35.52575119716379,1,1,0,27.65202522277832,35.98242016425119,1,1,0,27.950048446655273,36.19403914552361,1,1,0
738,1748167463.0658529,27.40311622619629,35.5564497556413,1,1,0,27.17113494873047,35.951125784106026,1,1,0,29.232263565063477,36.05953088179538,1,1,0
739,1748167463.151669,28.775930404663086,35.501164383136505,1,1,0,27.802228927612305,35.92047027227011,1,1,0,27.529001235961914,36.07384884254972,1,1,0
740,1748167463.2377138,27.78315544128418,35.50350833433969,1,1,0,26.61895751953125,36.001981081303015,1,1,0,28.855085372924805,36.24139826012422,1,1,0
741,1748167463.322874,27.373075485229492,35.66664899809264,1,1,0,26.31211280822754,36.23673295187015,1,1,0,28.149843215942383,36.42568939493505,1,1,0
742,1748167463.4067929,27.016878128051758,35.88984652227151,1,1,0,29.10900115966797,36.21445623971991,1,1,0,27.383804321289062,36.46217895425288,1,1,0
743,1748167463.4923022,28.256893157958984,35.90063930004819,1,1,0,26.749134063720703,36.238131374584746,1,1,0,27.782201766967773,36.4590728615748,1,1,0
744,1748167463.5771258,27.73118019104004,35.91925006087446,1,1,0,26.839017868041992,36.258107200035035,1,1,0,28.10072898864746,36.418277976179624,1,1,0
745,1748167463.661688,27.609825134277344,35.91826574906935,1,1,0,27.64606475830078,36.20606786059574,1,1,0,27.459144592285156,36.41031116666883,1,1,0
746,1748167463.746631,29.95610237121582,35.8331529750012,1,1,0,27.344942092895508,36.20869337010534,1,1,0,27.785778045654297,36.39136711953504,1,1,0
747,1748167463.833699,27.371644973754883,35.8321733761929,1,1,0,27.87470817565918,36.20410939512273,1,1,0,26.788949966430664,36.397451495276655,1,1,0
748,1748167463.917678,27.730941772460938,35.82045295838928,1,1,0,26.962995529174805,36.23940465928587,1,1,0,28.07307243347168,36.37212736085895,1,1,0
749,1748167464.0024278,27.920246124267578,35.824522103853404,1,1,0,27.108192443847656,36.26963490003225,1,1,0,27.97222137451172,36.31023348021435,1,1,0
750,1748167464.087391,28.071880340576172,35.82748020833215,1,1,0,27.97102928161621,36.23747389374567,1,1,0,27.57406234741211,36.304440090330395,1,1,0
751,1748167464.172991,29.4950008392334,35.82445070736916,1,1,0,28.353214263916016,36.18028101949574,1,1,0,26.82805061340332,36.30991914399986,1,1,0
752,1748167464.2597818,27.374982833862305,35.87921369139611,1,1,0,27.399301528930664,36.187772801432914,1,1,0,26.257991790771484,36.35642664939221,1,1,0
753,1748167464.3427799,27.94337272644043,35.87330133042612,1,1,0,27.673721313476562,36.18717958894206,1,1,0,27.15587615966797,36.33937511317327,1,1,0
754,1748167464.4275782,28.678178787231445,35.85952020920242,1,1,0,26.983022689819336,36.23145331384927,1,1,0,26.803016662597656,36.36148008412643,1,1,0
755,1748167464.511932,27.31609344482422,35.860603504292015,1,1,0,26.998043060302734,36.29307868295266,1,1,0,26.91483497619629,36.39376694174527,1,1,0
756,1748167464.5952199,27.285099029541016,35.869763029284385,1,1,0,27.453184127807617,36.323052554914355,1,1,0,27.04000473022461,36.389083372157685,1,1,0
757,1748167464.678965,27.725934982299805,35.88784023168254,1,1,0,27.39882469177246,36.36593583620272,1,1,0,27.666091918945312,36.348875381098225,1,1,0
758,1748167464.763856,27.363061904907227,35.92036773030675,1,1,0,27.444839477539062,36.391072426346824,1,1,0,27.258872985839844,36.36953065837317,1,1,0
759,1748167464.8478851,25.99501609802246,36.027091371103396,1,1,0,27.21095085144043,36.43611054323572,1,1,0,27.03690528869629,36.37451413103242,1,1,0
760,1748167464.930194,27.69017219543457,35.99649158340471,1,1,0,28.362035751342773,36.374219710727104,1,1,0,27.732133865356445,36.34099138270887,1,1,0
761,1748167465.015959,27.708053588867188,36.021532341453195,1,1,0,27.685165405273438,36.36191089925776,1,1,0,27.174949645996094,36.369888077195,1,1,0
762,1748167465.100505,27.782917022705078,36.01235699276542,1,1,0,27.51302719116211,36.36380240355925,1,1,0,27.910709381103516,36.34191502985384,1,1,0
763,1748167465.185689,27.386903762817383,36.00912096264618,1,1,0,28.789043426513672,36.30719512476628,1,1,0,27.37903594970703,36.37571289148323,1,1,0
764,1748167465.271334,27.427196502685547,36.00076562602373,1,1,0,28.04398536682129,36.283440154396736,1,1,0,27.823209762573242,36.35283441706928,1,1,0
765,1748167465.35663,27.1298885345459,36.04030997804857,1,1,0,27.45795249938965,36.321028992368,1,1,0,27.13489532470703,36.386000241746075,1,1,0
766,1748167465.4402418,28.01203727722168,36.04914842852919,1,1,0,27.95696258544922,36.35896895032717,1,1,0,26.692867279052734,36.38313855413674,1,1,0
767,1748167465.524918,27.209043502807617,36.08202085964302,1,1,0,29.48617935180664,36.27846068460468,1,1,0,28.278112411499023,36.36875277110273,1,1,0
768,1748167465.611847,28.096914291381836,36.051875180504176,1,1,0,27.745962142944336,36.25341669881564,1,1,0,27.37283706665039,36.45092980503556,1,1,0
769,1748167465.6971982,27.334928512573242,36.11442466073069,1,1,0,27.868986129760742,36.25065937595882,1,1,0,27.19879150390625,36.46538068523981,1,1,0
770,1748167465.781541,27.683019638061523,36.11880969849783,1,1,0,26.63588523864746,36.249729918465626,1,1,0,28.861284255981445,36.464714932496484,1,1,0
771,1748167465.86659,27.453899383544922,36.11550268005138,1,1,0,26.930809020996094,36.222681665949864,1,1,0,28.078079223632812,36.467737433932015,1,1,0
772,1748167465.95103,28.435945510864258,36.05400315986909,1,1,0,26.769161224365234,36.32528607481508,1,1,0,28.467893600463867,36.419658822718986,1,1,0
773,1748167466.036669,28.283119201660156,36.05278418949863,1,1,0,26.96514129638672,36.31570380170327,1,1,0,27.883052825927734,36.415337438226906,1,1,0
774,1748167466.1218162,27.04000473022461,36.08289000075705,1,1,0,27.77695655822754,36.27451783065162,1,1,0,28.253793716430664,36.4085307031123,1,1,0
775,1748167466.20684,30.07793426513672,35.97661775112401,1,1,0,38.201093673706055,35.81757757848938,1,1,0,30.473947525024414,36.27549039138192,1,1,0
776,1748167466.307671,27.80294418334961,36.07017781234261,1,1,0,27.785301208496094,35.7986951578818,1,1,0,27.3129940032959,36.296596294104006,1,1,0
777,1748167466.39251,27.643203735351562,36.05824953927477,1,1,0,28.2440185546875,35.7827731885822,1,1,0,27.052879333496094,36.28496774470753,1,1,0
778,1748167466.4774778,27.44603157043457,36.070560391879866,1,1,0,28.192758560180664,35.730475102502574,1,1,0,27.530908584594727,36.308819010106696,1,1,0
779,1748167466.562559,27.23407745361328,36.10025054890954,1,1,0,27.409791946411133,35.717594281284484,1,1,0,28.214693069458008,36.29832394208959,1,1,0
780,1748167466.647379,27.04000473022461,36.14518383529424,1,1,0,27.845144271850586,35.72290776225633,1,1,0,28.67603302001953,36.25007454321216,1,1,0
781,1748167466.732882,28.512954711914062,36.18839725664549,1,1,0,27.212142944335938,35.77154267597914,1,1,0,28.312206268310547,36.185139918961745,1,1,0
782,1748167466.818898,27.956008911132812,36.163040901050294,1,1,0,27.572154998779297,35.76421206055088,1,1,0,28.05614471435547,36.106921770849866,1,1,0
783,1748167466.9045398,27.934789657592773,36.163394272848585,1,1,0,70.7089900970459,34.0186734976648,1,1,0,27.989864349365234,36.07077753522752,1,1,0
784,1748167467.033077,27.83203125,36.20031807479591,1,1,0,27.626991271972656,33.993859287726,1,1,0,27.396202087402344,36.04517265451937,1,1,0
785,1748167467.117822,27.67014503479004,36.18490058500721,1,1,0,27.31609344482422,33.981612586382575,1,1,0,27.091026306152344,36.03777075773502,1,1,0
786,1748167467.201895,27.22907066345215,36.18721081016723,1,1,0,27.711868286132812,33.97161246010677,1,1,0,26.72100067138672,36.051451680603044,1,1,0
787,1748167467.285734,28.074026107788086,36.171846073532016,1,1,0,27.703046798706055,33.9601516679671,1,1,0,27.768850326538086,36.04704167540419,1,1,0
788,1748167467.371477,27.40788459777832,36.16984972002162,1,1,0,27.547836303710938,33.95623843312843,1,1,0,27.380943298339844,36.04163133991136,1,1,0
789,1748167467.45572,27.54807472229004,36.10259141123586,1,1,0,29.11210060119629,33.88337177317397,1,1,0,27.215957641601562,36.03410706640568,1,1,0
790,1748167467.5415628,27.64415740966797,36.10427992073817,1,1,0,27.643918991088867,33.91093997266192,1,1,0,27.246952056884766,36.05496393188965,1,1,0
791,1748167467.625956,28.078079223632812,36.08792977503035,1,1,0,28.15413475036621,33.892900057130525,1,1,0,29.797077178955078,35.94169880342984,1,1,0
792,1748167467.714078,27.459144592285156,36.10205277885609,1,1,0,27.779102325439453,33.88272397140723,1,1,0,28.570175170898438,35.913170747300576,1,1,0
793,1748167467.799849,28.332948684692383,36.06116369211811,1,1,0,28.069019317626953,33.910291116347096,1,1,0,27.17280387878418,35.92193668639442,1,1,0
794,1748167467.8853838,27.005910873413086,36.079268855657254,1,1,0,26.73792839050293,33.960490796353845,1,1,0,28.42116355895996,35.89615346761322,1,1,0
795,1748167467.969536,28.046846389770508,36.03933966463102,1,1,0,26.932954788208008,33.980649015221324,1,1,0,27.99677848815918,35.85937713738544,1,1,0
796,1748167468.0544808,26.81589126586914,36.091273153446494,1,1,0,27.608633041381836,33.99395112541757,1,1,0,28.02109718322754,35.802545432817475,1,1,0
797,1748167468.138783,27.961254119873047,36.05930354018693,1,1,0,27.606964111328125,34.066566042844094,1,1,0,26.6110897064209,35.87392520734635,1,1,0
798,1748167468.2228758,27.378082275390625,36.09071415541459,1,1,0,27.21095085144043,34.08720132177888,1,1,0,27.529001235961914,35.86728867853643,1,1,0
799,1748167468.306901,27.383089065551758,36.08871639657541,1,1,0,28.098106384277344,34.07794188699358,1,1,0,27.936220169067383,35.83586755986879,1,1,0
800,1748167468.3922648,27.94027328491211,36.077696470422275,1,1,0,26.713848114013672,34.07481346461467,1,1,0,27.536869049072266,35.89268232571831,1,1,0
801,1748167468.476555,28.599977493286133,36.02792692089205,1,1,0,27.968883514404297,34.034693288007524,1,1,0,28.239011764526367,35.885895572254704,1,1,0
802,1748167468.5633879,26.9010066986084,36.094368659668426,1,1,0,28.64384651184082,33.96244320772027,1,1,0,28.222322463989258,35.89655284558412,1,1,0
803,1748167468.6492732,28.997182846069336,36.063685537825,1,1,0,26.929140090942383,33.96386411768104,1,1,0,27.805805206298828,35.89976867411581,1,1,0
804,1748167468.7349749,29.29401397705078,35.96640634691604,1,1,0,29.17623519897461,33.910080928781056,1,1,0,28.098106384277344,35.90650944510743,1,1,0
805,1748167468.823481,29.85692024230957,35.97580515118349,1,1,0,29.007911682128906,34.26615371920947,1,1,0,28.08380126953125,36.00946102763473,1,1,0
806,1748167468.912406,26.862144470214844,36.01615027795858,1,1,0,27.92501449584961,34.26063971430298,1,1,0,27.029037475585938,36.02148078149096,1,1,0
807,1748167468.996211,26.731014251708984,36.055666464270594,1,1,0,27.469158172607422,34.29106815394053,1,1,0,27.88710594177246,35.98517799532301,1,1,0
808,1748167469.08026,27.631759643554688,36.047867823751254,1,1,0,28.379201889038086,34.283631120480166,1,1,0,27.289867401123047,35.99550303373583,1,1,0
809,1748167469.165457,26.974201202392578,36.05942754434527,1,1,0,27.23097801208496,34.29068501184363,1,1,0,27.5881290435791,36.02246044601403,1,1,0
810,1748167469.249152,26.735782623291016,36.072618188604665,1,1,0,27.40192413330078,34.3080658464265,1,1,0,27.50396728515625,36.07318696780711,1,1,0
811,1748167469.332808,28.57494354248047,36.069609128028375,1,1,0,28.232097625732422,34.26817876550903,1,1,0,27.34375,36.115627071037466,1,1,0
812,1748167469.418912,29.03294563293457,36.0230998347558,1,1,0,28.06711196899414,34.24900175560364,1,1,0,27.357816696166992,36.146045638615725,1,1,0
813,1748167469.50527,27.350187301635742,36.04838418569846,1,1,0,27.3129940032959,36.034220578052164,1,1,0,26.492834091186523,36.21136094429345,1,1,0
814,1748167469.588402,27.714967727661133,36.053104419494545,1,1,0,26.732921600341797,36.07312491829522,1,1,0,27.196884155273438,36.22013753558568,1,1,0
815,1748167469.672162,28.501033782958984,36.017181200062055,1,1,0,27.52518653869629,36.0641093252012,1,1,0,27.679920196533203,36.19430983385824,1,1,0
816,1748167469.757735,27.761220932006836,35.99424683020712,1,1,0,28.914928436279297,36.012233312135486,1,1,0,27.831077575683594,36.14576528844712,1,1,0
817,1748167469.8444622,28.856992721557617,35.96071186874691,1,1,0,27.50706672668457,36.020428990479125,1,1,0,27.631759643554688,36.15172626202959,1,1,0
818,1748167469.93057,27.23097801208496,35.96842143176072,1,1,0,27.13322639465332,36.03829715205816,1,1,0,27.56977081298828,36.143584935577046,1,1,0
819,1748167470.0144372,27.860164642333984,35.954721251094746,1,1,0,27.357101440429688,36.11417589618056,1,1,0,26.890993118286133,36.157647641647415,1,1,0
820,1748167470.098572,27.931928634643555,35.942756268531376,1,1,0,27.730226516723633,36.11043447616402,1,1,0,27.2369384765625,36.15827105760593,1,1,0
821,1748167470.183352,28.357744216918945,35.93059404541113,1,1,0,27.48703956604004,36.13949488793318,1,1,0,26.7636775970459,36.29103752484337,1,1,0
822,1748167470.267927,27.791738510131836,35.91618451737022,1,1,0,27.81510353088379,36.13787573400637,1,1,0,27.753829956054688,36.32698499217043,1,1,0
823,1748167470.3532522,27.89306640625,35.934903765009274,1,1,0,27.705907821655273,36.153824493977964,1,1,0,27.632951736450195,36.30684941309335,1,1,0
824,1748167470.438379,27.276992797851562,35.92326989404517,1,1,0,27.033090591430664,36.14130103849163,1,1,0,27.881860733032227,36.33067701475989,1,1,0
825,1748167470.522678,27.5728702545166,35.94389593650886,1,1,0,28.131961822509766,36.08930638523905,1,1,0,27.280330657958984,36.36224715230724,1,1,0
826,1748167470.607629,27.769804000854492,35.903036300183786,1,1,0,28.17511558532715,36.064822550832325,1,1,0,26.71527862548828,36.41990127223075,1,1,0
827,1748167470.692231,27.662038803100586,35.91540539907966,1,1,0,28.32794189453125,36.03345696802527,1,1,0,27.621984481811523,36.37534484258874,1,1,0
828,1748167470.7778492,26.859760284423828,35.93739771778935,1,1,0,27.122020721435547,36.03714116903436,1,1,0,26.20220184326172,36.43391612178041,1,1,0
829,1748167470.860178,26.275157928466797,35.9849412992076,1,1,0,27.7559757232666,36.051916498100404,1,1,0,26.981115341186523,36.47590915020365,1,1,0
830,1748167470.943418,26.50904655456543,36.0465150255977,1,1,0,27.259111404418945,36.02840144790348,1,1,0,26.472091674804688,36.52351099544462,1,1,0
831,1748167471.025748,27.337074279785156,36.10129664897979,1,1,0,26.908159255981445,36.07431423777104,1,1,0,27.8470516204834,36.54085254067133,1,1,0
832,1748167471.1098702,27.342796325683594,36.08224848779251,1,1,0,27.96316146850586,36.103834470379184,1,1,0,28.741836547851562,36.517765931759506,1,1,0
833,1748167471.195949,27.209997177124023,36.15975695231724,1,1,0,26.78704261779785,36.10999923664254,1,1,0,28.023719787597656,36.50795474525492,1,1,0
834,1748167471.279895,26.5500545501709,36.27943345677403,1,1,0,27.103900909423828,36.200411806658586,1,1,0,27.37903594970703,36.54006730760575,1,1,0
835,1748167471.3628402,27.508020401000977,36.38243372223843,1,1,0,26.708126068115234,36.301109466367365,1,1,0,26.83711051940918,36.59583898648914,1,1,0
836,1748167471.445971,27.348995208740234,36.36069203408329,1,1,0,27.350902557373047,36.326229898171526,1,1,0,28.133153915405273,36.546615486137576,1,1,0
837,1748167471.530772,27.193069458007812,36.3403511548532,1,1,0,28.172016143798828,36.29546555901696,1,1,0,27.003049850463867,36.58619856474564,1,1,0
838,1748167471.6151521,27.35590934753418,36.35227778962276,1,1,0,27.710914611816406,36.32499245088456,1,1,0,27.31800079345703,36.58489015733677,1,1,0
839,1748167471.6997461,28.227806091308594,36.29704651379473,1,1,0,28.10382843017578,36.28657917799639,1,1,0,26.950836181640625,36.613334528277406,1,1,0
840,1748167471.784995,28.382062911987305,36.22463171270899,1,1,0,27.279138565063477,36.2921051789078,1,1,0,27.03690528869629,36.634216883184564,1,1,0
841,1748167471.869835,29.157161712646484,36.19920374428333,1,1,0,29.718875885009766,36.22689486439939,1,1,0,27.33469009399414,36.63435553886332,1,1,0
842,1748167471.957972,28.596878051757812,36.2182505222079,1,1,0,27.770280838012695,36.239717775787966,1,1,0,27.361154556274414,36.634227548968745,1,1,0
843,1748167472.043942,27.863025665283203,36.1960798189119,1,1,0,27.19879150390625,36.244749256189635,1,1,0,26.64494514465332,36.627242790280135,1,1,0
844,1748167472.127664,27.894973754882812,36.188137064354535,1,1,0,27.764081954956055,36.19966196534785,1,1,0,27.810096740722656,36.59976683955909,1,1,0
845,1748167472.2130592,27.65178680419922,36.22537215978774,1,1,0,27.797222137451172,36.18783524598438,1,1,0,26.852846145629883,36.63669151154269,1,1,0
846,1748167472.297256,28.414011001586914,36.196787861405866,1,1,0,27.93288230895996,36.2306708897207,1,1,0,27.369976043701172,36.65723742973956,1,1,0
847,1748167472.382889,28.507232666015625,36.21191326462336,1,1,0,26.59893035888672,36.2704190079886,1,1,0,27.128219604492188,36.67990199579357,1,1,0
848,1748167472.467232,27.34208106994629,36.207151358058226,1,1,0,27.051925659179688,36.27389039979106,1,1,0,28.383970260620117,36.64347712132795,1,1,0
849,1748167472.551979,29.705047607421875,36.12661832332616,1,1,0,28.142929077148438,36.239613403019405,1,1,0,26.885032653808594,36.64378658798327,1,1,0
850,1748167472.638748,27.991056442260742,36.123693582351144,1,1,0,28.09906005859375,36.22352631283493,1,1,0,27.45819091796875,36.633747594829025,1,1,0
851,1748167472.7243268,27.950048446655273,36.14152941521143,1,1,0,27.697086334228516,36.21438328054011,1,1,0,27.478933334350586,36.601651230918385,1,1,0
852,1748167472.8094668,27.701139450073242,36.14548494262729,1,1,0,28.868913650512695,36.16834220325756,1,1,0,27.475357055664062,36.61406964316527,1,1,0
853,1748167472.8954308,27.15587615966797,36.1776076207256,1,1,0,27.94480323791504,36.15795934693953,1,1,0,27.315139770507812,36.62815972120137,1,1,0
854,1748167472.979744,28.44405174255371,36.12673241856427,1,1,0,28.37991714477539,36.099080231577375,1,1,0,27.52089500427246,36.64413874605286,1,1,0
855,1748167473.066096,28.444766998291016,36.08862324223399,1,1,0,27.816057205200195,36.112849209790916,1,1,0,26.707887649536133,36.66958673206214,1,1,0
856,1748167473.151082,27.363061904907227,36.10612399497271,1,1,0,28.584957122802734,36.09494847907049,1,1,0,27.316808700561523,36.64262344730784,1,1,0
857,1748167473.236331,28.025150299072266,36.0904036084346,1,1,0,27.617216110229492,36.12594413890283,1,1,0,27.25505828857422,36.65870053713835,1,1,0
858,1748167473.321152,27.871131896972656,36.04670090024278,1,1,0,27.82416343688965,36.09545583632864,1,1,0,27.411937713623047,36.604707125386035,1,1,0
859,1748167473.406207,27.101755142211914,36.01104808251204,1,1,0,27.95696258544922,36.08667746148538,1,1,0,27.610063552856445,36.5768715582676,1,1,0
860,1748167473.490954,27.188777923583984,35.98177192950349,1,1,0,27.534961700439453,36.07474861747856,1,1,0,27.977943420410156,36.50970257281608,1,1,0
861,1748167473.5756092,27.65059471130371,35.968195237518096,1,1,0,27.774810791015625,36.03723405778714,1,1,0,26.755094528198242,36.55850796779412,1,1,0
862,1748167473.660013,27.39572525024414,35.96570728860174,1,1,0,27.643918991088867,36.05105917738374,1,1,0,27.399063110351562,36.61839569970203,1,1,0
863,1748167473.744608,29.942035675048828,35.84850701875543,1,1,0,28.68509292602539,35.96906918555773,1,1,0,27.347803115844727,36.64858932671908,1,1,0
864,1748167473.832544,26.90887451171875,35.83357136164821,1,1,0,27.62603759765625,35.94648355914671,1,1,0,27.64296531677246,36.636670177110986,1,1,0
865,1748167473.9166842,27.82893180847168,35.819749365328704,1,1,0,27.514219284057617,35.911787042726566,1,1,0,27.89306640625,36.589485952365585,1,1,0
866,1748167474.001904,27.08911895751953,35.830826515281814,1,1,0,28.26714515686035,35.87247293723286,1,1,0,28.09596061706543,36.59145441216114,1,1,0
867,1748167474.08741,27.425050735473633,35.82093223325702,1,1,0,27.589082717895508,35.89723897720539,1,1,0,28.455018997192383,36.52672350705444,1,1,0
868,1748167474.172846,27.4660587310791,35.81627259382731,1,1,0,27.344942092895508,35.912811998838954,1,1,0,27.743101119995117,36.50788059869513,1,1,0
869,1748167474.257322,27.44293212890625,35.84982456740159,1,1,0,28.00607681274414,35.917035435173474,1,1,0,27.97222137451172,36.46244310219524,1,1,0
870,1748167474.342858,27.065038681030273,35.90637624426894,1,1,0,27.71782875061035,35.89817092932493,1,1,0,26.767969131469727,36.4744500241754,1,1,0
871,1748167474.426419,28.634071350097656,35.92872682126911,1,1,0,28.029918670654297,35.97099202074743,1,1,0,28.03826332092285,36.44312813572242,1,1,0
872,1748167474.512987,27.552127838134766,35.9738406624745,1,1,0,28.056859970092773,35.95846129973186,1,1,0,28.20897102355957,36.405444276539804,1,1,0
873,1748167474.5987232,28.11884880065918,35.96290104859899,1,1,0,27.348995208740234,35.95210162547037,1,1,0,28.46693992614746,36.325223155001794,1,1,0
874,1748167474.684725,27.481794357299805,35.98084592037892,1,1,0,26.929855346679688,35.987812736222615,1,1,0,27.75096893310547,36.327907927467244,1,1,0
875,1748167474.769013,27.780771255493164,35.975188011198334,1,1,0,27.36806869506836,36.00634915729445,1,1,0,28.432130813598633,36.25882811961952,1,1,0
876,1748167474.854487,27.679920196533203,36.00683341965724,1,1,0,27.410030364990234,36.028927568550074,1,1,0,27.677297592163086,36.24548008529831,1,1,0
877,1748167474.939175,28.646230697631836,36.000961329381205,1,1,0,27.07386016845703,36.00847176550346,1,1,0,27.918100357055664,36.21097537216297,1,1,0
878,1748167475.0247989,29.317140579223633,35.91583596027223,1,1,0,27.360916137695312,35.995080857194104,1,1,0,26.974916458129883,36.27262514690905,1,1,0
879,1748167475.110571,28.289079666137695,35.97700863505711,1,1,0,27.324914932250977,36.030351266168026,1,1,0,27.46105194091797,36.24728640367252,1,1,0
880,1748167475.195766,28.337955474853516,35.962130180220605,1,1,0,27.678966522216797,36.04847713241999,1,1,0,27.960777282714844,36.22546602143832,1,1,0
881,1748167475.281929,27.005910873413086,36.00281546675517,1,1,0,27.2979736328125,36.065649514415895,1,1,0,55.35006523132324,35.04636022774305,1,1,0
882,1748167475.395007,32.17482566833496,35.810666319837054,1,1,0,27.98628807067871,36.104041655225366,1,1,0,28.612852096557617,34.999831717028705,1,1,0
883,1748167475.4857001,27.68993377685547,35.78802465104797,1,1,0,28.172969818115234,36.094058049794256,1,1,0,28.519868850708008,34.950853750639205,1,1,0
884,1748167475.572042,27.265071868896484,35.83847027362805,1,1,0,28.031110763549805,36.10939820883735,1,1,0,27.718305587768555,34.942953140347356,1,1,0
885,1748167475.656978,27.64606475830078,35.87273883705144,1,1,0,26.753902435302734,36.155632077163204,1,1,0,27.889013290405273,34.89506310301728,1,1,0
886,1748167475.7411819,28.255939483642578,35.83447960043265,1,1,0,27.698278427124023,36.194372300971985,1,1,0,27.882099151611328,34.87202738344893,1,1,0
887,1748167475.827195,27.76503562927246,35.84539226949953,1,1,0,28.273820877075195,36.16547307028705,1,1,0,28.01680564880371,34.84124459123483,1,1,0
888,1748167475.913165,27.098894119262695,35.87831341378708,1,1,0,27.161121368408203,36.19458052624176,1,1,0,27.832984924316406,34.82417722012947,1,1,0
889,1748167475.997213,27.413129806518555,35.86488622659595,1,1,0,27.51302719116211,36.21407060167064,1,1,0,27.686119079589844,34.82113192300721,1,1,0
890,1748167476.081772,27.637004852294922,35.846362379260185,1,1,0,27.550935745239258,36.21328892811887,1,1,0,30.43079376220703,34.722190181689136,1,1,0
891,1748167476.1693969,27.94480323791504,35.8339285287112,1,1,0,27.25505828857422,36.23598160513591,1,1,0,27.586936950683594,34.68866819724628,1,1,0
892,1748167476.254109,27.48417854309082,35.8303571784514,1,1,0,28.08976173400879,36.21664515181998,1,1,0,27.805805206298828,34.67234228286304,1,1,0
893,1748167476.3394308,28.54299545288086,35.89006149528232,1,1,0,27.771949768066406,36.25651918845684,1,1,0,27.692079544067383,34.65862816648157,1,1,0
894,1748167476.42561,27.3129940032959,35.872370669121466,1,1,0,28.120756149291992,36.23488594699758,1,1,0,27.718782424926758,34.65548767136794,1,1,0
895,1748167476.5108092,27.637958526611328,35.88072789654142,1,1,0,27.48394012451172,36.23621117999901,1,1,0,27.431249618530273,34.67390920955169,1,1,0
896,1748167476.595326,26.232242584228516,35.91753780316606,1,1,0,27.82297134399414,36.2556521092708,1,1,0,27.249813079833984,34.70748882128594,1,1,0
897,1748167476.678568,28.316020965576172,35.87905000119759,1,1,0,27.84585952758789,36.24456133346814,1,1,0,27.436017990112305,34.748405754197286,1,1,0
898,1748167476.7640882,27.406692504882812,35.88185340208432,1,1,0,27.39882469177246,36.242264657654665,1,1,0,27.440309524536133,34.76056809602304,1,1,0
899,1748167476.8483882,27.037858963012695,35.899246318825085,1,1,0,27.184724807739258,36.278293331211344,1,1,0,27.02188491821289,34.79890583045461,1,1,0
900,1748167476.931535,27.318954467773438,35.88851579428033,1,1,0,27.39691734313965,36.2922517245646,1,1,0,27.323007583618164,34.776362079100956,1,1,0
901,1748167477.015552,28.79786491394043,35.88273339196436,1,1,0,28.11598777770996,36.2884000605628,1,1,0,27.376174926757812,34.803468145739124,1,1,0
902,1748167477.101892,28.682708740234375,35.83409180745427,1,1,0,27.447223663330078,36.31523215734421,1,1,0,27.749061584472656,34.82212447716635,1,1,0
903,1748167477.18771,29.230117797851562,35.78655897158784,1,1,0,27.505874633789062,36.30827420657513,1,1,0,27.49180793762207,34.86149640896093,1,1,0
904,1748167477.273949,27.933120727539062,35.76748555632147,1,1,0,28.076887130737305,36.25807585635558,1,1,0,27.21381187438965,34.883144944181865,1,1,0
905,1748167477.359176,28.14006805419922,35.752302406982416,1,1,0,27.38189697265625,36.25736541415606,1,1,0,27.904033660888672,34.904665462947065,1,1,0
906,1748167477.444609,26.52907371520996,35.801455456139564,1,1,0,28.612136840820312,36.20457815746383,1,1,0,27.708053588867188,34.90339710651783,1,1,0
907,1748167477.529506,28.276920318603516,35.81719015124279,1,1,0,28.399944305419922,36.14664788701644,1,1,0,27.482986450195312,34.92082328574414,1,1,0
908,1748167477.615641,28.34486961364746,35.859223847419834,1,1,0,29.0830135345459,36.07179090541889,1,1,0,27.388811111450195,34.903871519123754,1,1,0
909,1748167477.702434,27.508020401000977,35.892416130164044,1,1,0,28.543949127197266,36.01883079819066,1,1,0,27.460098266601562,34.90395865753493,1,1,0
910,1748167477.787893,27.662992477416992,35.92124961032465,1,1,0,27.708053588867188,36.01784102118149,1,1,0,26.826143264770508,34.949931505099066,1,1,0
911,1748167477.8720279,27.233123779296875,35.91144882004822,1,1,0,27.94027328491211,35.99030374449938,1,1,0,27.40311622619629,36.125601870287426,1,1,0
912,1748167477.956547,28.014659881591797,36.09113857826365,1,1,0,27.2369384765625,36.022584196902315,1,1,0,27.25386619567871,36.18503586033163,1,1,0
913,1748167478.0409658,27.172088623046875,36.1134710818992,1,1,0,27.451038360595703,36.0537965489201,1,1,0,27.720928192138672,36.21986646079661,1,1,0
914,1748167478.1253572,26.953935623168945,36.12695023874733,1,1,0,27.93288230895996,36.057908552171575,1,1,0,26.95322036743164,36.253301801988684,1,1,0
915,1748167478.209137,27.943134307861328,36.11398932501698,1,1,0,27.927160263061523,36.007039492698674,1,1,0,29.840946197509766,36.167988734755404,1,1,0
916,1748167478.2967548,26.866912841796875,36.17434182534079,1,1,0,27.575969696044922,36.012532208445414,1,1,0,27.389049530029297,36.189500513524635,1,1,0
917,1748167478.380547,27.258872985839844,36.196496311141885,1,1,0,27.022123336791992,36.06696239699791,1,1,0,27.690887451171875,36.203817726903395,1,1,0
918,1748167478.46441,27.024269104003906,36.19989108023037,1,1,0,27.911901473999023,36.034292813108635,1,1,0,27.86087989807129,36.20265110101942,1,1,0
919,1748167478.5491369,27.280330657958984,36.20609911442192,1,1,0,27.16803550720215,36.04914842852919,1,1,0,27.79102325439453,36.19794369616874,1,1,0
920,1748167478.633419,27.600765228271484,36.20697424346231,1,1,0,27.35590934753418,36.057639900208216,1,1,0,28.155088424682617,36.29763286315988,1,1,0
921,1748167478.718503,27.62603759765625,36.22075268188872,1,1,0,30.40170669555664,35.92171107642845,1,1,0,28.853893280029297,36.24216027021523,1,1,0
922,1748167478.807251,27.65488624572754,36.212934580558155,1,1,0,27.339935302734375,35.95395073334228,1,1,0,28.18465232849121,36.225622458603524,1,1,0
923,1748167478.89237,27.856111526489258,36.24295362983655,1,1,0,27.463912963867188,35.96731105095714,1,1,0,27.387142181396484,36.238934994677734,1,1,0
924,1748167478.977152,27.595996856689453,36.23075434668436,1,1,0,27.360916137695312,36.00037422569186,1,1,0,28.500795364379883,36.204807334581886,1,1,0
925,1748167479.062531,27.67777442932129,36.2289705378066,1,1,0,27.807950973510742,35.986382106380645,1,1,0,28.588056564331055,36.15431273138936,1,1,0
926,1748167479.148845,27.71592140197754,36.16425694477576,1,1,0,26.632070541381836,36.03783268568077,1,1,0,28.118133544921875,36.11635270220118,1,1,0
927,1748167479.233242,27.52089500427246,36.19887049988622,1,1,0,27.544021606445312,36.050924901928646,1,1,0,27.872085571289062,36.097713231311566,1,1,0
928,1748167479.318163,27.787208557128906,36.18191437970141,1,1,0,26.612043380737305,36.085011294747744,1,1,0,28.115034103393555,36.06854418563721,1,1,0
929,1748167479.402824,27.41408348083496,36.16537951926697,1,1,0,27.860164642333984,36.05567679583341,1,1,0,27.817964553833008,36.03415866251998,1,1,0
930,1748167479.487832,28.911828994750977,36.09584930687911,1,1,0,27.677059173583984,36.043530967347195,1,1,0,28.08976173400879,36.00112613385886,1,1,0
931,1748167479.574683,29.264211654663086,36.07439697595645,1,1,0,27.61697769165039,36.06510164680201,1,1,0,27.547121047973633,35.9934437296368,1,1,0
932,1748167479.661251,26.958703994750977,36.14945172134131,1,1,0,28.023242950439453,36.04014481462811,1,1,0,27.78315544128418,35.992239145974246,1,1,0
933,1748167479.746038,26.702880859375,36.25955951660883,1,1,0,27.40478515625,36.04438793004424,1,1,0,27.61983871459961,35.9866599896069,1,1,0
934,1748167479.829879,27.737855911254883,36.267972703281345,1,1,0,27.47201919555664,36.07051903153863,1,1,0,27.009963989257812,35.99547214243356,1,1,0
935,1748167479.9139981,27.544736862182617,36.29413598844164,1,1,0,27.566909790039062,36.062620945183745,1,1,0,27.996063232421875,35.991281713909785,1,1,0
936,1748167479.99899,28.69105339050293,36.19963072263403,1,1,0,27.013063430786133,36.132168335789444,1,1,0,27.7099609375,35.99107582119607,1,1,0
937,1748167480.0844631,30.531883239746094,36.10144165773425,1,1,0,27.08601951599121,36.18960459783471,1,1,0,27.617216110229492,35.98558964815783,1,1,0
938,1748167480.171618,28.421878814697266,36.09767180867727,2,1,1,28.181076049804688,36.228991400053154,1,1,0,26.109933853149414,36.040929354357885,1,1,0
939,1748167480.256366,27.977943420410156,36.0772723636642,1,1,0,28.27596664428711,36.240907667843985,1,1,0,27.559995651245117,36.036604487838744,1,1,0
940,1748167480.342251,27.6339054107666,36.07902057519244,1,1,0,29.157161712646484,36.17732678075317,1,1,0,27.655839920043945,36.00080682655375,1,1,0
941,1748167480.428674,27.38785743713379,36.07243204657943,1,1,0,27.433156967163086,36.199464095737795,1,1,0,27.840137481689453,35.98209089923829,1,1,0
942,1748167480.5132952,27.36806869506836,36.100385192053785,1,1,0,27.05216407775879,36.20755768632577,1,1,0,27.49800682067871,35.971516466024646,1,1,0
943,1748167480.5971122,27.540922164916992,36.08449388297163,1,1,0,28.19514274597168,36.17503861754785,1,1,0,28.419017791748047,35.94143188032731,1,1,0
944,1748167480.6832252,27.637720108032227,36.055356520139476,1,1,0,27.10890769958496,36.21106915922277,1,1,0,27.132272720336914,35.93381597633829,1,1,0
945,1748167480.7669692,27.96173095703125,36.05458168312434,1,1,0,27.479171752929688,36.230702186037014,1,1,0,27.509689331054688,36.03424121661018,1,1,0
946,1748167480.851872,27.62293815612793,36.021975763221484,1,1,0,28.197050094604492,36.20341148257215,1,1,0,27.67324447631836,36.02198607548553,1,1,0
947,1748167480.937429,27.07695960998535,36.029660036605456,1,1,0,27.086973190307617,36.20053678323055,1,1,0,27.598142623901367,36.026317748446765,1,1,0
948,1748167481.02124,27.605056762695312,36.00450495820095,1,1,0,27.695178985595703,36.210037528284346,1,1,0,26.96704864501953,36.06491558234226,1,1,0
949,1748167481.1054668,27.250289916992188,36.005401277180574,1,1,0,27.25982666015625,36.206140786274084,1,1,0,26.7789363861084,36.10871430498202,1,1,0
950,1748167481.188695,27.89902687072754,35.99245534736123,1,1,0,27.6029109954834,36.19534056880845,1,1,0,27.307987213134766,36.145682222565654,1,1,0
951,1748167481.273587,27.772188186645508,35.98626889592623,1,1,0,27.97389030456543,36.301832097010205,1,1,0,26.694059371948242,36.240041335191194,1,1,0
952,1748167481.357954,27.889013290405273,35.976340022964635,1,1,0,27.711868286132812,36.28531303979214,1,1,0,27.250051498413086,36.28101301518001,1,1,0
953,1748167481.442996,27.512073516845703,35.991189061897096,1,1,0,29.150009155273438,36.21143389129587,1,1,0,27.970075607299805,36.25549541263785,1,1,0
954,1748167481.5296261,27.74977684020996,35.9843135550251,1,1,0,26.762962341308594,36.23728604645939,1,1,0,27.598142623901367,36.294921156138194,1,1,0
955,1748167481.6136599,27.767181396484375,35.980598992661996,1,1,0,26.812314987182617,36.28097117079971,1,1,0,27.62889862060547,36.33722380859971,1,1,0
956,1748167481.698016,27.573823928833008,35.986896708332786,1,1,0,27.554988861083984,36.24055277958026,1,1,0,28.128862380981445,36.33692999164848,1,1,0
957,1748167481.7833228,27.83203125,35.97360411547999,1,1,0,28.089046478271484,36.216561759844204,1,1,0,28.033971786499023,36.32949170981359,1,1,0
958,1748167481.869372,28.26714515686035,35.952964518807505,1,1,0,26.92389488220215,36.2029115020645,1,1,0,27.31609344482422,36.3645905884325,1,1,0
959,1748167481.953898,27.55904197692871,35.94658625027032,1,1,0,28.03492546081543,36.19562168852907,1,1,0,27.8928279876709,36.3612804415515,1,1,0
960,1748167482.039295,27.352094650268555,36.01403707213534,1,1,0,27.755022048950195,36.19227977003374,1,1,0,28.38897705078125,36.34797237962304,1,1,0
961,1748167482.124774,28.88798713684082,36.030351266168026,1,1,0,28.877973556518555,36.13722188604705,1,1,0,28.132915496826172,36.32226616962672,1,1,0
962,1748167482.212766,27.970075607299805,35.98657765338875,1,1,0,27.67014503479004,36.152598764545324,1,1,0,28.101205825805664,36.30806467110862,1,1,0
963,1748167482.298593,27.518033981323242,35.95208108089575,1,1,0,27.464866638183594,36.150033311814965,1,1,0,27.881860733032227,36.296868518628564,1,1,0
964,1748167482.383423,27.973175048828125,35.94183226646786,1,1,0,26.641845703125,36.18634704281022,1,1,0,27.5571346282959,36.27293883774153,1,1,0
965,1748167482.4675531,27.081966400146484,35.96161628632769,1,1,0,30.070066452026367,36.07738614742545,1,1,0,26.84783935546875,36.32349294554902,1,1,0
966,1748167482.553623,26.8857479095459,36.03943256471777,1,1,0,27.81534194946289,36.04253983239801,1,1,0,27.66108512878418,36.32577895422712,1,1,0
967,1748167482.637871,28.659820556640625,36.12048935668163,1,1,0,28.1217098236084,35.99756257348755,1,1,0,27.150869369506836,36.346156012553564,1,1,0
968,1748167482.723823,28.224945068359375,36.12896260656367,1,1,0,27.393102645874023,36.03188857326125,1,1,0,28.27286720275879,36.25128600341398,1,1,0
969,1748167482.8098261,27.0841121673584,36.16812388366102,1,1,0,27.060985565185547,36.084400750427726,1,1,0,27.193069458007812,36.26728277956382,1,1,0
970,1748167482.893475,27.263879776000977,36.183922470450646,1,1,0,27.4350643157959,36.15929974093748,1,1,0,26.237964630126953,36.32964904672621,1,1,0
971,1748167482.976683,27.512788772583008,36.17837735263167,1,1,0,27.535676956176758,36.15476981666188,1,1,0,27.117013931274414,36.36146957656783,1,1,0
972,1748167483.061051,27.16517448425293,36.18728365990215,1,1,0,27.339935302734375,36.14230799390261,1,1,0,27.0998477935791,36.379288611234145,1,1,0
973,1748167483.144772,27.534961700439453,36.1874605819081,1,1,0,27.44317054748535,36.17516341898653,1,1,0,27.966022491455078,36.39928352240381,1,1,0
974,1748167483.229724,27.653217315673828,36.18627419684631,1,1,0,27.595043182373047,36.15379333033558,1,1,0,27.236223220825195,36.39490381011,1,1,0
975,1748167483.314271,26.473045349121094,36.251348667351,1,1,0,27.721166610717773,36.14330462357762,1,1,0,27.384042739868164,36.40083141318545,1,1,0
976,1748167483.39794,26.426315307617188,36.3037278300617,1,1,0,27.53591537475586,36.17198125126666,1,1,0,27.755022048950195,36.397198816352386,1,1,0
977,1748167483.4817019,27.62317657470703,36.28080379424376,1,1,0,28.407812118530273,36.114321008418315,1,1,0,27.261972427368164,36.41209180437168,1,1,0
978,1748167483.567019,28.20301055908203,36.25449258626025,1,1,0,27.456998825073242,36.12483438242408,1,1,0,27.302980422973633,36.3972409292628,1,1,0
979,1748167483.652004,27.650833129882812,36.23707732953652,1,1,0,27.30083465576172,36.1228950651698,1,1,0,27.456998825073242,36.36754395827197,1,1,0
980,1748167483.736526,30.52806854248047,36.122583964136105,1,1,0,29.716014862060547,36.03123855492619,1,1,0,27.300119400024414,36.36777520320633,1,1,0
981,1748167483.826081,27.683734893798828,36.12656646209253,1,1,0,28.103113174438477,36.02569887424272,1,1,0,27.1151065826416,36.349179891711444,1,1,0
982,1748167483.911092,27.35590934753418,36.14968020108131,1,1,0,27.89306640625,36.01797505030043,1,1,0,27.334928512573242,36.34531613540552,1,1,0
983,1748167483.9957829,27.950048446655273,36.13057058733334,1,1,0,28.148889541625977,36.06142206173158,1,1,0,28.064966201782227,36.34094939986328,1,1,0
984,1748167484.081872,26.920080184936523,36.16677244005408,1,1,0,28.16486358642578,36.00082742685412,1,1,0,27.772903442382812,36.33359340394703,1,1,0
985,1748167484.166662,27.749061584472656,36.1675936898993,1,1,0,28.719186782836914,35.918593847010214,1,1,0,26.868820190429688,36.36689228382386,1,1,0
986,1748167484.2519412,27.60601043701172,36.16610715106921,1,1,0,27.411937713623047,35.9249314143924,1,1,0,27.587175369262695,36.3909250815425,1,1,0
987,1748167484.336593,27.527332305908203,36.17935516741874,1,1,0,27.49800682067871,35.950478676414285,1,1,0,27.929067611694336,36.395472270927904,1,1,0
988,1748167484.421473,27.553081512451172,36.21056896718436,1,1,0,26.57008171081543,35.965717568674194,1,1,0,27.840852737426758,36.37217992951558,1,1,0
989,1748167484.505345,26.749849319458008,36.24601256506497,1,1,0,26.5960693359375,36.02771029315131,1,1,0,27.755022048950195,36.37821582149773,1,1,0
990,1748167484.588553,27.570009231567383,36.23640945153998,1,1,0,28.78594398498535,35.98324335314813,1,1,0,27.71306037902832,36.408098782578506,1,1,0
991,1748167484.6746151,28.373003005981445,36.2590161903129,1,1,0,28.373003005981445,36.005215828213025,1,1,0,27.932167053222656,36.41724504494231,1,1,0
992,1748167484.761239,26.872634887695312,36.30716369616032,1,1,0,28.31578254699707,35.977265800171665,1,1,0,28.63907814025879,36.393388001406805,1,1,0
993,1748167484.847203,26.903629302978516,36.33376126793384,1,1,0,27.065753936767578,35.994524834908326,1,1,0,27.53901481628418,36.40822519728373,1,1,0
994,1748167484.930686,26.668071746826172,36.39127239620404,1,1,0,27.723073959350586,35.94780831967747,1,1,0,29.16717529296875,36.33709788646736,1,1,0
995,1748167485.016204,28.28383445739746,36.33819973471745,1,1,0,27.16207504272461,36.073476535018436,1,1,0,28.326988220214844,36.27190367858423,1,1,0
996,1748167485.10197,27.579307556152344,36.30792847435228,1,1,0,26.83091163635254,36.116290504101755,1,1,0,28.42402458190918,36.238601018362786,1,1,0
997,1748167485.186806,27.67467498779297,36.35147963661556,1,1,0,27.102947235107422,36.160650626127065,1,1,0,27.883052825927734,36.20646374638091,1,1,0
998,1748167485.271329,28.414011001586914,36.343521028150754,1,1,0,27.749061584472656,36.14500732643137,1,1,0,27.50992774963379,36.239978710339656,1,1,0
999,1748167485.3569129,27.746200561523438,36.31438322836922,1,1,0,27.70519256591797,36.11694359483067,1,1,0,27.829885482788086,36.212069584756925,1,1,0
1000,1748167485.442118,28.42426300048828,36.263269198513605,1,1,0,27.804851531982422,36.10082019984553,1,1,0,27.947187423706055,36.137522860740184,1,1,0
1001,1748167485.5282402,27.926921844482422,36.24538611990471,1,1,0,26.94106101989746,36.12673241856427,1,1,0,26.628732681274414,36.159175048931466,1,1,0
1002,1748167485.6117508,27.933120727539062,36.2116944187037,1,1,0,26.726961135864258,36.153388207873526,1,1,0,27.626991271972656,36.1359972820991,1,1,0
1003,1748167485.696116,28.0759334564209,36.188105841531055,1,1,0,27.33612060546875,36.158052859575136,1,1,0,27.157068252563477,36.17115980215677,1,1,0
1004,1748167485.780652,28.554916381835938,36.149555575410545,1,1,0,28.003692626953125,36.14059516505939,1,1,0,27.309894561767578,36.16785358685979,1,1,0
1005,1748167485.866452,28.240203857421875,36.072825015330274,1,1,0,27.65059471130371,36.14374066634438,1,1,0,27.37593650817871,36.16797833872757,1,1,0
1006,1748167485.95166,29.03294563293457,35.960578265460825,1,1,0,27.89616584777832,36.12807049832279,1,1,0,27.395963668823242,36.18404733319434,1,1,0
1007,1748167486.0378911,28.183698654174805,35.93550926081943,1,1,0,26.86166763305664,36.19568416017112,1,1,0,25.758981704711914,36.24970903232795,1,1,0
1008,1748167486.120926,29.28018569946289,35.889293746354504,1,1,0,28.257131576538086,36.16069219342585,1,1,0,26.65424346923828,36.2781050604894,1,1,0
1009,1748167486.2070138,28.483152389526367,35.85363476849554,1,1,0,27.75716781616211,36.141114186958546,1,1,0,27.037858963012695,36.296407833363624,1,1,0
1010,1748167486.292431,27.891159057617188,35.967012904824664,1,1,0,27.098894119262695,36.25532827105564,1,1,0,26.34882926940918,36.33831517030582,1,1,0
1011,1748167486.375825,28.422117233276367,35.93549899800858,1,1,0,27.652740478515625,36.27500933331988,1,1,0,26.725053787231445,36.35531319152649,1,1,0
1012,1748167486.460643,27.832984924316406,35.91501585261012,1,1,0,28.41782569885254,36.251943985557894,1,1,0,27.21571922302246,36.36072355542918,1,1,0
1013,1748167486.546313,28.151988983154297,35.90641722903706,1,1,0,27.376890182495117,36.28566880523777,1,1,0,27.895689010620117,36.36835332840827,1,1,0
1014,1748167486.631605,29.051780700683594,35.815283723472085,1,1,0,27.35614776611328,36.32108141342328,1,1,0,26.900053024291992,36.406887352836506,1,1,0
1015,1748167486.716943,28.02109718322754,35.80375772782409,1,1,0,30.685901641845703,36.23488594699758,1,1,0,31.003713607788086,36.22559117106239,1,1,0
1016,1748167486.808789,31.393051147460938,35.642876445284415,1,1,0,32.30714797973633,36.02185201651354,1,1,0,29.046058654785156,36.1618353315931,1,1,0
1017,1748167486.903671,27.970075607299805,35.624258412584624,1,1,0,27.431011199951172,36.02466746448469,1,1,0,27.285099029541016,36.190187481035466,1,1,0
1018,1748167486.988281,28.154850006103516,35.59919266815028,1,1,0,28.010129928588867,35.962479636457175,1,1,0,27.078866958618164,36.22368273324754,1,1,0
1019,1748167487.07362,27.061939239501953,35.586144638624035,1,1,0,27.712106704711914,35.91430853983325,1,1,0,26.872873306274414,36.26222414090233,1,1,0
1020,1748167487.157297,27.4660587310791,35.590704320724186,1,1,0,27.47797966003418,35.97041617688089,1,1,0,27.009010314941406,36.293026342697054,1,1,0
1021,1748167487.241167,29.152393341064453,35.55773587507598,1,1,0,28.667926788330078,35.957618693405934,1,1,0,28.25784683227539,36.27846068460468,1,1,0
1022,1748167487.329113,27.025938034057617,35.55120576304813,1,1,0,28.254032135009766,35.96033161584849,1,1,0,27.077913284301758,36.34707992225027,1,1,0
1023,1748167487.413368,26.932954788208008,35.54994020346925,1,1,0,28.560876846313477,35.89599986306763,1,1,0,28.628110885620117,36.299486270545714,1,1,0
1024,1748167487.4994822,27.21881866455078,35.52695485026934,1,1,0,27.332067489624023,35.91285299830038,1,1,0,27.133941650390625,36.389314891093015,1,1,0
1025,1748167487.583078,27.480125427246094,35.56076063198722,1,1,0,28.347253799438477,35.861973046473544,1,1,0,27.213096618652344,36.4386428964855,1,1,0
1026,1748167487.6679978,26.985883712768555,35.585611242224516,1,1,0,27.78911590576172,35.821207567172706,1,1,0,26.944875717163086,36.50431132770094,1,1,0
1027,1748167487.751728,27.451038360595703,35.59494295377576,1,1,0,27.76813507080078,35.7929314795103,1,1,0,27.49323844909668,36.52177244596871,1,1,0
1028,1748167487.836494,27.142763137817383,35.64836970533157,1,1,0,26.947975158691406,35.8271333708036,1,1,0,27.968883514404297,36.50106040339712,1,1,0
1029,1748167487.920456,27.12702751159668,35.67473868914619,1,1,0,27.834177017211914,35.82178884156142,1,1,0,27.508974075317383,36.5154980832349,1,1,0
1030,1748167488.004887,28.10978889465332,35.68811494926398,1,1,0,27.743816375732422,35.824613899751306,1,1,0,27.437925338745117,36.538051323210546,1,1,0
1031,1748167488.090119,27.44603157043457,35.70821842469552,1,1,0,27.684926986694336,35.79272784991242,1,1,0,27.152061462402344,36.514480822145984,1,1,0
1032,1748167488.1743731,27.391910552978516,35.73121577852454,1,1,0,27.79078483581543,35.74730515480143,1,1,0,28.651952743530273,36.46895291666715,1,1,0
1033,1748167488.260271,27.070045471191406,35.77399366281574,1,1,0,27.859926223754883,35.72487536806135,1,1,0,26.938199996948242,36.47891235664757,1,1,0
1034,1748167488.3443751,27.009010314941406,35.83942980073844,1,1,0,27.367830276489258,35.751753859827026,1,1,0,27.850866317749023,36.454879419638196,1,1,0
1035,1748167488.42861,27.01401710510254,35.892221605140584,1,1,0,27.228116989135742,35.76964110430407,1,1,0,28.310060501098633,36.41351433240507,1,1,0
1036,1748167488.513164,27.75716781616211,35.946760826527026,1,1,0,27.549028396606445,35.78458456545442,1,1,0,27.49323844909668,36.40899423898796,1,1,0
1037,1748167488.597923,27.469873428344727,35.977594976883026,1,1,0,27.405738830566406,35.76119324934903,1,1,0,27.897119522094727,36.31450899312031,1,1,0
1038,1748167488.682585,27.606725692749023,36.05010894182464,1,1,0,27.14371681213379,35.808658681305545,1,1,0,29.890060424804688,36.17303151270047,1,1,0
1039,1748167488.7695282,29.480934143066406,36.006895241322,1,1,0,26.85379981994629,35.847301904025535,1,1,0,27.647972106933594,36.146346760307516,1,1,0
1040,1748167488.855593,29.501914978027344,35.93745930124958,1,1,0,28.1369686126709,35.80298347952347,1,1,0,27.13489532470703,36.112040808068166,1,1,0
1041,1748167488.942385,27.75716781616211,35.96576896912462,1,1,0,27.009010314941406,35.83043880136477,1,1,0,26.807069778442383,36.10855887590053,1,1,0
1042,1748167489.026346,27.97222137451172,35.96000275496186,1,1,0,28.104066848754883,35.84402399341626,1,1,0,27.41217613220215,36.10020912045183,1,1,0
1043,1748167489.111845,28.58591079711914,35.94138054941596,1,1,0,27.8167724609375,35.82532788390497,1,1,0,28.293848037719727,36.08289000075705,1,1,0
1044,1748167489.198453,28.1219482421875,35.98163816968479,1,1,0,28.1980037689209,35.78954134854388,1,1,0,27.86993980407715,36.040753862242184,1,1,0
1045,1748167489.284601,27.489662170410156,36.00430921631494,1,1,0,26.623010635375977,35.963815855286285,1,1,0,26.777982711791992,36.22431885684313,1,1,0
1046,1748167489.367454,27.710914611816406,36.16408024958362,1,1,0,27.834177017211914,36.15761647141379,1,1,0,26.977062225341797,36.315001580116224,1,1,0
1047,1748167489.451873,27.513980865478516,36.18396409126946,1,1,0,26.517152786254883,36.197464692625765,1,1,0,27.89592742919922,36.288253546009805,1,1,0
1048,1748167489.5357618,28.40399742126465,36.17262595897801,1,1,0,27.32086181640625,36.22778142946848,1,1,0,27.59099006652832,36.265683511896164,1,1,0
1049,1748167489.621197,28.187990188598633,36.12363135896484,1,1,0,27.181148529052734,36.25102490600827,1,1,0,27.347803115844727,36.244905859946144,1,1,0
1050,1748167489.705875,27.965068817138672,36.10199063000035,1,1,0,27.99391746520996,36.22856372880126,1,1,0,27.076244354248047,36.24208719936542,1,1,0
1051,1748167489.790962,28.573036193847656,36.12735476891309,1,1,0,29.397964477539062,36.19655878580307,1,1,0,27.20785140991211,36.28873495541239,1,1,0
1052,1748167489.8783581,29.0219783782959,36.04081580044081,1,1,0,27.556180953979492,36.22704088389646,1,1,0,27.981042861938477,36.24935397166982,1,1,0
1053,1748167489.964986,27.100324630737305,36.033653026971166,1,1,0,28.2900333404541,36.23887237364978,1,1,0,27.653932571411133,36.291864427898005,1,1,0
1054,1748167490.050092,28.702974319458008,35.96955244564938,1,1,0,28.352975845336914,36.19414325594239,1,1,0,27.35304832458496,36.28202777095365,1,1,0
1055,1748167490.136389,27.929067611694336,35.95040677699763,1,1,0,27.12702751159668,36.247495238215954,1,1,0,27.966976165771484,36.24910334480476,1,1,0
1056,1748167490.2214222,28.5797119140625,35.88190456310488,1,1,0,27.562856674194336,36.25704154533358,1,1,0,27.22787857055664,36.23654511226554,1,1,0
1057,1748167490.3066921,29.088735580444336,35.81169570404641,1,1,0,27.959823608398438,36.24852900464352,1,1,0,27.634859085083008,36.23021188329316,1,1,0
1058,1748167490.393437,26.894092559814453,35.82220696287452,1,1,0,27.974843978881836,36.20355731282158,1,1,0,26.82971954345703,36.280165685291365,1,1,0
1059,1748167490.47735,27.89926528930664,35.78896112022535,1,1,0,28.133869171142578,36.19036443143657,1,1,0,27.34684944152832,36.28711286602426,1,1,0
1060,1748167490.562835,26.47089958190918,35.8590603395677,1,1,0,27.90975570678711,36.18285076734175,1,1,0,27.559280395507812,36.281839461469126,1,1,0
1061,1748167490.646684,27.352094650268555,35.86322003406502,1,1,0,27.100801467895508,36.20848498242367,1,1,0,27.50372886657715,36.26626884840317,1,1,0
1062,1748167490.730588,27.603864669799805,35.85422731220494,1,1,0,26.919841766357422,36.246628590588834,1,1,0,27.731895446777344,36.30637799869466,1,1,0
1063,1748167490.814736,27.834177017211914,35.82206418864578,1,1,0,28.247833251953125,36.22977375164335,1,1,0,27.199983596801758,36.29465942979805,1,1,0
1064,1748167490.899955,26.971817016601562,35.8233491976772,1,1,0,28.375864028930664,36.185805908366994,1,1,0,28.7168025970459,36.2565923175135,1,1,0
1065,1748167490.986051,27.112960815429688,35.81882148051215,1,1,0,27.138948440551758,36.18983358542434,1,1,0,28.033971786499023,36.268568567616434,1,1,0
1066,1748167491.0703318,28.189897537231445,35.80022294564804,1,1,0,27.617931365966797,36.18715877482187,1,1,0,28.033733367919922,36.24484321828115,1,1,0
1067,1748167491.1561642,28.034210205078125,35.776088963469924,1,1,0,27.859210968017578,36.16735458799453,1,1,0,26.674985885620117,36.298386768751726,1,1,0
1068,1748167491.2408419,27.876853942871094,35.764608507960475,1,1,0,27.996063232421875,36.13024897972896,1,1,0,26.273727416992188,36.457815784029606,1,1,0
1069,1748167491.324918,27.22907066345215,35.861012311901504,1,1,0,27.35114097595215,36.10850706650405,1,1,0,27.70209312438965,36.45552368930278,1,1,0
1070,1748167491.409371,27.675151824951172,35.939142664227866,1,1,0,27.324914932250977,36.143865251924474,1,1,0,27.362823486328125,36.44560868328565,1,1,0
1071,1748167491.494089,27.94790267944336,35.93075820626507,1,1,0,27.296066284179688,36.13137981889102,1,1,0,26.72600746154785,36.4501695496578,1,1,0
1072,1748167491.578296,27.432918548583984,35.95375554075449,1,1,0,27.383089065551758,36.162593999548214,1,1,0,27.717113494873047,36.43650092474592,1,1,0
1073,1748167491.662851,27.942895889282227,35.98145296542376,1,1,0,26.4890193939209,36.22039818824779,1,1,0,27.329206466674805,36.47938826221161,1,1,0
1074,1748167491.746607,27.32396125793457,36.01540805058622,1,1,0,27.156829833984375,36.26594482050206,1,1,0,28.343915939331055,36.458819326351744,1,1,0
1075,1748167491.831449,27.399778366088867,36.01924322133311,1,1,0,27.102947235107422,36.24486409881209,1,1,0,28.074026107788086,36.40137899790928,1,1,0
1076,1748167491.915942,27.357101440429688,36.03433409041379,1,1,0,28.082847595214844,36.23392599623116,1,1,0,28.213024139404297,36.34677544682033,1,1,0
1077,1748167492.001757,26.770353317260742,36.06665225863149,1,1,0,27.174949645996094,36.20526569752236,1,1,0,26.77297592163086,36.39593547435375,1,1,0
1078,1748167492.084425,28.11408042907715,36.079310236066945,1,1,0,26.53980255126953,36.23919591795709,1,1,0,27.5118350982666,36.399515171150945,1,1,0
1079,1748167492.1685529,27.576923370361328,36.10578210181713,1,1,0,27.052879333496094,36.24505202467319,1,1,0,27.130842208862305,36.40923654652953,1,1,0
1080,1748167492.25229,27.72998809814453,36.11578256097505,1,1,0,27.857303619384766,36.25100401837829,1,1,0,27.57716178894043,36.38703140127632,1,1,0
1081,1748167492.3374012,29.17194366455078,36.08980323276035,1,1,0,28.3811092376709,36.295622601343894,1,1,0,27.52995491027832,36.371938114953245,1,1,0
1082,1748167492.424395,28.456926345825195,36.11454904429093,1,1,0,27.61101722717285,36.29338225941225,1,1,0,27.556896209716797,36.39074616445563,1,1,0
1083,1748167492.5101829,28.069019317626953,36.072266588614184,1,1,0,27.658939361572266,36.3210185081751,1,1,0,27.615070343017578,36.392556465544544,1,1,0
1084,1748167492.595459,27.456998825073242,36.12634864653725,1,1,0,26.986122131347656,36.38119244290588,1,1,0,27.4350643157959,36.388936043459964,1,1,0
1085,1748167492.679304,28.42092514038086,36.10488077816992,2,1,0,27.544736862182617,36.36288815190968,1,1,0,27.742862701416016,36.398599122875275,0,1,0
1086,1748167492.76493,27.56524085998535,36.14995022631584,1,1,0,27.369976043701172,36.37141244221449,1,1,0,27.724027633666992,36.37669088616297,0,1,0
1087,1748167492.8495958,28.72490882873535,36.16599280698986,1,1,0,28.302669525146484,36.35633210786722,1,1,0,26.55506134033203,36.42445570633051,1,1,0
1088,1748167492.935215,28.595924377441406,36.09207027318357,1,1,0,27.67324447631836,36.36974090388818,1,1,0,27.408838272094727,36.399041347320676,1,1,0
1089,1748167493.020811,28.11908721923828,36.082569241423414,1,1,0,27.01592445373535,36.419237179082714,1,1,0,29.571056365966797,36.30124561197006,1,1,0
1090,1748167493.107455,28.51104736328125,35.994360090863296,1,1,0,29.227018356323242,36.36125942667114,1,1,0,28.532028198242188,36.25855646539564,1,1,0
1091,1748167493.195951,27.4808406829834,35.98873910398482,1,1,0,28.207063674926758,36.31244446535085,1,1,0,28.528213500976562,36.21383088486063,1,1,0
1092,1748167493.28209,26.639938354492188,36.03044411992097,1,1,0,28.218746185302734,36.255390948968376,1,1,0,26.610136032104492,36.263028829929155,1,1,0
1093,1748167493.365422,27.77695655822754,36.03296167071777,1,1,0,27.54998207092285,36.28603504166017,1,1,0,27.688026428222656,36.24196193573696,1,1,0
1094,1748167493.450318,26.733875274658203,36.043427721579974,1,1,0,27.740955352783203,36.31392209840123,1,1,0,27.647972106933594,36.28878728329101,1,1,0
1095,1748167493.534585,27.88686752319336,36.01015148237056,1,1,0,27.657270431518555,36.291027057957606,1,1,0,27.28104591369629,36.32194114032006,1,1,0
1096,1748167493.619484,28.202056884765625,36.00975987792712,1,1,0,27.62603759765625,36.29040952238395,1,1,0,27.448654174804688,36.34745789884631,1,1,0
1097,1748167493.704721,27.91905403137207,36.014645237664546,1,1,0,28.85293960571289,36.24691050755824,1,1,0,30.46870231628418,36.18140458902922,1,1,0
1098,1748167493.7940469,27.866125106811523,36.01485140013258,1,1,0,28.022050857543945,36.245908156034496,1,1,0,27.276039123535156,36.137699296511855,1,1,0
1099,1748167493.879301,27.778148651123047,35.99082875304907,1,1,0,27.819156646728516,36.22537215978774,1,1,0,27.326107025146484,36.154032252966786,1,1,0
1100,1748167493.964131,27.587890625,35.99460720749636,1,1,0,28.088808059692383,36.19196747273431,1,1,0,27.665138244628906,36.14074048968849,1,1,0
1101,1748167494.0493708,27.57120132446289,36.011017164522535,1,1,0,28.493165969848633,36.13981666016128,1,1,0,27.096986770629883,36.12365210006979,1,1,0
1102,1748167494.1344728,27.88710594177246,35.99173468617207,2,2,1,27.70209312438965,36.12596488266372,2,2,1,28.030872344970703,36.109864521774114,1,2,0
1103,1748167494.220129,27.74214744567871,36.000539024794286,2,2,0,28.481006622314453,36.03968030062396,2,2,0,28.455018997192383,36.06085365346891,1,2,0
1104,1748167494.30701,26.87382698059082,36.02008871830221,2,2,0,28.448820114135742,35.98378873653494,2,2,0,27.407169342041016,36.100985919857145,1,2,0
1105,1748167494.391637,26.166915893554688,36.07354892754765,2,1,0,28.51104736328125,35.923239126599256,2,1,0,26.832103729248047,36.15490486679512,1,1,0
1106,1748167494.475092,28.86819839477539,36.008038980412785,1,1,0,27.70090103149414,35.93970724200305,1,1,0,27.863025665283203,36.170244814163034,1,1,0
1107,1748167494.5614588,27.58193016052246,35.97278136755274,1,1,0,27.580976486206055,35.9221828095894,1,1,0,27.50396728515625,36.13844657299842,1,1,0
1108,1748167494.6460428,26.556015014648438,36.04028933253822,1,1,0,27.322769165039062,35.88850555829363,1,1,0,27.501821517944336,36.13862301778999,1,1,0
1109,1748167494.729334,27.429819107055664,36.04653567824138,1,1,0,27.034997940063477,35.888955947232056,1,1,0,28.14197540283203,36.09465856704092,1,1,0
1110,1748167494.8139331,27.26292610168457,36.067158820722064,2,2,1,28.134822845458984,35.877167671261,2,2,1,27.40788459777832,36.10200098812812,1,2,0
1111,1748167494.8988612,28.59973907470703,36.09193569205616,2,2,0,28.240203857421875,35.88356225911461,2,2,0,28.749942779541016,36.04912777289148,1,2,0
1112,1748167494.986408,27.964115142822266,36.1129217604333,2,2,0,27.452945709228516,35.89017410122052,2,2,0,28.234004974365234,36.01973814157118,2,2,1
1113,1748167495.072178,27.990102767944336,36.116259405132375,2,2,0,28.202056884765625,35.86695129351959,2,2,0,28.49292755126953,35.98171019407897,2,2,0
1114,1748167495.1588328,27.81987190246582,36.10050947892453,2,2,0,28.130054473876953,35.81799560149774,2,2,0,28.396129608154297,35.940744058296225,2,2,0
1115,1748167495.245345,28.094053268432617,36.11483927593015,2,2,0,27.933835983276367,35.801323033587984,2,2,0,27.592897415161133,35.94724348735553,2,2,0
1116,1748167495.330954,27.415990829467773,36.12027161440056,2,2,0,28.882980346679688,35.73691899764384,2,2,0,28.827190399169922,35.89993255341803,2,2,0
1117,1748167495.4180532,27.952194213867188,36.15378294246673,2,2,0,27.267932891845703,35.78100269404427,2,2,0,28.163909912109375,35.831081594803244,2,2,0
1118,1748167495.503584,27.946949005126953,36.182174482517674,2,2,0,28.010129928588867,35.76661120998186,2,2,0,27.42290496826172,35.83034697561338,2,2,0
1119,1748167495.589136,27.889251708984375,36.19225895004611,2,2,0,28.14197540283203,35.718537207377324,2,2,0,28.123855590820312,35.89229327200918,2,2,0
1120,1748167495.675217,28.118133544921875,36.20941232601994,2,2,0,28.197288513183594,35.76224011941483,2,2,0,27.289867401123047,35.94557990255803,2,2,0
1121,1748167495.7609851,27.15301513671875,36.22384958317668,2,2,0,27.93288230895996,35.77389195543798,2,2,0,27.32110023498535,35.99794361417533,2,2,0
1122,1748167495.84545,27.688980102539062,36.17781565314596,2,2,0,27.7559757232666,35.79369511113816,2,2,0,27.68421173095703,35.951526386256326,2,2,0
1123,1748167495.930478,28.514862060546875,36.145080006342596,2,2,0,27.84585952758789,35.78083989874489,2,2,0,27.209043502807617,35.972133480047376,2,2,0
1124,1748167496.016108,28.82695198059082,36.05434407311206,2,2,0,28.001070022583008,35.769651272598885,2,2,0,28.084993362426758,35.953324069923035,2,2,0
1125,1748167496.103072,29.223918914794922,35.99641949982278,2,2,0,28.33414077758789,35.740877817777346,2,2,0,27.964115142822266,35.92401858480703,2,2,0
1126,1748167496.190562,29.066085815429688,35.95913952375169,2,1,0,27.39715576171875,35.75063650102155,2,1,0,28.181076049804688,35.89259018065655,1,1,0
1127,1748167496.277248,28.568744659423828,35.93124043744871,1,1,0,26.67713165283203,35.84350325906691,1,1,0,27.69613265991211,36.01171798532161,1,1,0
1128,1748167496.3621278,27.98295021057129,35.926418708021785,1,1,0,27.891874313354492,35.84905853896187,1,1,0,27.172088623046875,36.01615027795858,1,1,0
1129,1748167496.4471061,28.245925903320312,35.90629427501337,1,1,0,64.35775756835938,34.34955551096788,1,1,0,41.4891242980957,35.41445588627667,1,1,0
1130,1748167496.584085,33.174991607666016,35.66815542501046,1,1,0,28.341054916381836,34.33960945960107,1,1,0,29.17313575744629,35.35161377326261,1,1,0
1131,1748167496.6768472,27.467727661132812,35.67264512968457,1,1,0,28.578758239746094,34.33626415667903,1,1,0,27.81534194946289,35.32184282329692,1,1,0
1132,1748167496.762586,27.64415740966797,35.682953479119384,1,1,0,28.40399742126465,34.308748723944476,1,1,0,27.593135833740234,35.340146018202425,1,1,0
1133,1748167496.8482711,28.188228607177734,35.6639498802218,1,1,0,29.330015182495117,34.27555307613187,1,1,0,27.917861938476562,35.36264174805031,1,1,0
1134,1748167496.935691,27.725934982299805,35.628071254375676,1,1,0,28.067827224731445,34.2905168058227,1,1,0,28.09596061706543,35.33387417031648,1,1,0
1135,1748167497.021479,27.492284774780273,35.57221113243002,1,1,0,27.0998477935791,34.3460770189482,1,1,0,27.99201011657715,35.28569894243116,1,1,0
1136,1748167497.10599,26.248931884765625,35.68298383634319,1,1,0,27.631759643554688,34.34895539736612,1,1,0,27.161121368408203,35.31481427948771,1,1,0
1137,1748167497.189122,27.926921844482422,35.668387972046766,1,1,0,28.05304527282715,34.33040910303778,1,1,0,27.849912643432617,35.30051799517017,1,1,0
1138,1748167497.274963,27.956008911132812,35.608864045804246,1,1,0,28.5799503326416,34.281221316895234,1,1,0,28.629064559936523,35.25396452277095,1,1,0
1139,1748167497.362197,27.151107788085938,35.620869904924476,1,1,0,27.603864669799805,34.25916588162903,1,1,0,28.120994567871094,35.25472508518854,1,1,0
1140,1748167497.446988,28.090715408325195,35.58572194582267,1,1,0,27.850866317749023,34.270185383853,1,1,0,27.8778076171875,35.23530645522161,1,1,0
1141,1748167497.53274,28.948068618774414,35.57085357641808,1,1,0,27.411937713623047,34.30242613054586,1,1,0,28.851985931396484,35.231330596117274,1,1,0
1142,1748167497.620029,28.115034103393555,35.56470062187079,1,1,0,27.979135513305664,34.28204322733515,1,1,0,28.84697914123535,35.20602650361114,1,1,0
1143,1748167497.7070348,27.86707878112793,35.57006925795053,1,1,0,27.492046356201172,34.309796479288,1,1,0,27.9538631439209,35.22840107071795,1,1,0
1144,1748167497.7922702,27.70376205444336,35.57484609240817,1,1,0,27.313947677612305,34.341896260165086,1,1,0,27.592897415161133,35.26120601285812,1,1,0
1145,1748167497.877096,28.074026107788086,35.57544957329236,1,1,0,27.505159378051758,34.35881304393415,1,1,0,27.72998809814453,35.25557458330719,1,1,0
1146,1748167497.962278,27.152299880981445,35.58658747042443,1,1,0,27.792930603027344,34.40171411026943,1,1,0,26.443004608154297,35.35488170797051,1,1,0
1147,1748167498.045682,27.41217613220215,35.60931752056896,1,1,0,27.06122398376465,34.40999288714794,1,1,0,27.403831481933594,35.38645979658901,1,1,0
1148,1748167498.12972,27.470827102661133,35.62935247170274,1,1,0,27.22930908203125,34.44092298925106,1,1,0,27.167081832885742,35.39708134493534,1,1,0
1149,1748167498.2135732,27.116060256958008,35.66191822953761,1,1,0,27.265071868896484,34.475752824960146,1,1,0,27.30584144592285,35.431228920059404,1,1,0
1150,1748167498.297173,27.584075927734375,35.684663683234355,1,1,0,27.814149856567383,34.49096754103969,1,1,0,27.42600440979004,35.42554305656753,1,1,0
1151,1748167498.3819761,27.21381187438965,35.682629671946074,1,1,0,26.60393714904785,34.5437749255408,1,1,0,27.56500244140625,35.414944293476346,1,1,0
1152,1748167498.465368,29.087066650390625,35.62356250573299,1,1,0,27.549028396606445,34.55200837184295,1,1,0,27.8928279876709,35.40692216782036,1,1,0
1153,1748167498.551915,28.72490882873535,35.61477019920409,1,1,0,26.767253875732422,34.59525087987146,1,1,0,28.150081634521484,35.367392851481206,1,1,0
1154,1748167498.637569,27.486801147460938,35.67152259755591,1,1,0,27.93288230895996,34.59804750493898,1,1,0,27.104854583740234,35.40817756496516,1,1,0
1155,1748167498.722024,28.420209884643555,35.705604198779135,1,1,0,28.922080993652344,34.57440459507849,1,1,0,29.04987335205078,35.362681500941754,1,1,0
1156,1748167498.8104599,27.72808074951172,35.76276865962434,1,1,0,28.58901023864746,34.526978729662815,1,1,0,26.875972747802734,35.41728684177935,1,1,0
1157,1748167498.895584,27.8017520904541,35.79553814301133,2,2,1,27.772188186645508,34.48360420997245,2,2,1,27.973175048828125,35.40591592168718,1,2,0
1158,1748167498.98119,29.5259952545166,35.72955183703372,2,2,0,28.112173080444336,34.474732690867185,2,2,0,27.559995651245117,35.38980385142085,1,2,0
1159,1748167499.068576,28.367042541503906,35.72458122764181,2,1,0,27.6029109954834,35.994802843903955,2,1,0,28.110980987548828,35.95687887650756,1,1,0
1160,1748167499.1546218,28.571128845214844,35.92121884633929,1,1,0,26.980161666870117,36.053558949256185,1,1,0,27.383089065551758,36.03393164072232,1,1,0
1161,1748167499.239615,27.907133102416992,35.9020528767923,1,1,0,27.365922927856445,36.10624832136192,1,1,0,27.29177474975586,36.056462011931984,1,1,0
1162,1748167499.3243241,27.59408950805664,35.90382512663299,1,1,0,27.88400650024414,36.12885887078366,1,1,0,26.777029037475586,36.091563011095154,1,1,0
1163,1748167499.408492,27.899980545043945,35.91590772147465,1,1,0,29.727935791015625,36.11154334807403,1,1,0,26.78084373474121,36.14101038138611,1,1,0
1164,1748167499.495088,27.741193771362305,35.915036354845206,1,1,0,28.98097038269043,36.07187363202991,1,1,0,27.99701690673828,36.14561992340511,1,1,0
1165,1748167499.581721,27.695894241333008,35.906786096160545,1,1,0,28.258085250854492,36.02150140545814,1,1,0,26.871919631958008,36.1944764133074,1,1,0
1166,1748167499.666542,29.03890609741211,35.78762768433971,1,1,0,27.443885803222656,36.02940212192128,1,1,0,27.87184715270996,36.1636021418383,1,1,0
1167,1748167499.752857,27.666807174682617,35.798776636604174,1,1,0,26.99112892150879,36.075451921089304,1,1,0,27.081966400146484,36.197079416366556,1,1,0
1168,1748167499.836488,27.320146560668945,35.82617450199476,1,1,0,27.747154235839844,36.11170916654924,1,1,0,27.97102928161621,36.225872760878204,1,1,0
1169,1748167499.921484,27.409076690673828,35.81504925706664,1,1,0,27.63819694519043,36.10997851121274,1,1,0,28.001070022583008,36.23119250205157,1,1,0
1170,1748167500.0064902,27.64725685119629,35.83398975806548,1,1,0,27.799129486083984,36.11223772310218,1,1,0,28.276920318603516,36.2137370834945,1,1,0
1171,1748167500.092161,29.092788696289062,35.82772503886608,1,1,0,29.358863830566406,36.02776187094853,1,1,0,27.699947357177734,36.263844005875804,1,1,0
1172,1748167500.180266,27.794837951660156,35.84155319230753,1,1,0,28.138399124145508,36.020707399769385,1,1,0,27.50706672668457,36.322454898990365,1,1,0
1173,1748167500.26575,27.99201011657715,35.83607168061899,1,1,0,28.30791473388672,35.985620522500106,1,1,0,26.942968368530273,36.36700790177978,1,1,0
1174,1748167500.351038,28.01513671875,35.8226658877467,1,1,0,28.00893783569336,35.95556372163119,1,1,0,27.575969696044922,36.367754180818054,1,1,0
1175,1748167500.436598,27.647018432617188,35.84123670933958,1,1,0,26.95918083190918,35.97898375744683,1,1,0,29.0529727935791,36.309374307453645,1,1,0
1176,1748167500.522182,27.578115463256836,35.82305343346283,1,1,0,28.23019027709961,35.96009524647827,1,1,0,27.35280990600586,36.26912263447744,1,1,0
1177,1748167500.60737,28.424978256225586,35.77994455107699,1,1,0,34.281253814697266,35.65176344720935,1,1,0,65.05489349365234,34.69025572766787,1,1,0
1178,1748167500.7371469,29.10017967224121,35.710640471680044,1,1,0,27.746915817260742,35.62973584597925,1,1,0,27.480125427246094,34.67784626001374,1,1,0
1179,1748167500.823613,28.219223022460938,35.66403074673061,1,1,0,27.601957321166992,35.61548592424148,1,1,0,26.09395980834961,34.72650238779146,1,1,0
1180,1748167500.9076009,27.517318725585938,35.66691185536985,1,1,0,27.751922607421875,35.618197875857696,1,1,0,26.941299438476562,34.74608368609843,1,1,0
1181,1748167500.9917812,29.040813446044922,35.58917423091576,1,1,0,28.64694595336914,35.532021117740214,1,1,0,26.921987533569336,34.772191227110724,1,1,0
1182,1748167501.078382,27.307748794555664,35.664455301918466,2,2,0,26.73625946044922,35.56621855499461,2,2,0,27.44007110595703,34.78989059480263,1,2,0
1183,1748167501.162011,27.502059936523438,35.71641822818872,2,2,0,28.631925582885742,35.487627611671314,2,2,0,28.209209442138672,34.787707243761986,1,2,0
1184,1748167501.248371,28.50198745727539,35.67339352368727,2,2,0,28.73706817626953,35.45383080433395,2,2,0,27.28891372680664,34.780370499361496,1,2,0
1185,1748167501.334846,28.76591682434082,35.658845923972414,2,1,0,28.011083602905273,35.49208199199328,2,1,0,28.06401252746582,34.82024541761757,1,1,0
1186,1748167501.421781,29.06489372253418,35.602133822857844,1,1,0,27.0688533782959,35.55593734334848,1,1,0,28.018951416015625,34.77407471379518,1,1,0
1187,1748167501.5079832,27.78482437133789,35.6028893348752,1,1,0,29.28900718688965,35.49221213676853,1,1,0,26.931047439575195,34.81604476672423,1,1,0
1188,1748167501.5941498,27.430057525634766,35.69162762675538,1,1,0,28.60116958618164,35.47165109385549,1,1,0,27.87613868713379,34.803237113681504,1,1,0
1189,1748167501.680168,27.518033981323242,35.72766487142153,1,1,0,28.11288833618164,35.45015503740563,1,1,0,27.421951293945312,34.8309057455203,1,1,0
1190,1748167501.765135,27.709007263183594,35.764882976700505,1,1,0,28.172016143798828,35.40037761041982,1,1,0,27.372121810913086,34.83158066945864,1,1,0
1191,1748167501.850305,27.497053146362305,35.78263072851705,1,1,0,28.25784683227539,35.36306909631733,1,1,0,26.964902877807617,34.84476621471261,1,1,0
1192,1748167501.934957,27.506113052368164,35.786548793677994,1,1,0,27.431249618530273,35.38213137848713,1,1,0,27.228116989135742,34.82668324380039,1,1,0
1193,1748167502.0190332,27.328014373779297,35.811063797815066,1,1,0,27.541160583496094,35.47339110568201,1,1,0,27.393102645874023,34.80194724106277,1,1,0
1194,1748167502.103202,28.434038162231445,35.781389338817405,1,1,0,27.407169342041016,35.53952786863021,1,1,0,27.75406837463379,34.81156583147466,1,1,0
1195,1748167502.1887228,27.495861053466797,35.789164706966524,1,1,0,27.2519588470459,35.58193828612795,1,1,0,27.299165725708008,34.79446978918546,1,1,0
1196,1748167502.272758,27.237892150878906,35.86591873033247,2,2,1,28.027057647705078,35.557203329961176,2,2,1,27.62889862060547,34.804064992751755,1,2,0
1197,1748167502.357578,27.699947357177734,35.864497775234085,2,1,0,28.57685089111328,35.49040020691361,2,1,0,27.518033981323242,34.786418521996765,1,1,0
1198,1748167502.443478,28.30791473388672,35.82189082146949,1,1,0,28.36298942565918,35.46444286360116,1,1,0,28.03492546081543,34.78381251827939,1,1,0
1199,1748167502.5301518,27.462005615234375,35.819749365328704,2,2,0,27.399063110351562,35.47458121207029,2,2,0,28.285980224609375,34.77245067489369,1,2,0
1200,1748167502.6153002,27.522802352905273,35.825144285261594,2,2,0,28.634071350097656,35.439631377939,2,2,0,28.087139129638672,34.78003402568649,1,2,0
1201,1748167502.701675,29.404878616333008,35.811879164871264,2,2,0,28.835058212280273,35.461704304302614,2,2,0,27.932167053222656,34.77100934731294,1,2,0
1202,1748167502.78983,27.756929397583008,35.8135813632595,2,0,0,27.60791778564453,35.48472535876964,2,0,0,27.203083038330078,34.78378367171486,0,0,0
1203,1748167502.874398,27.95696258544922,35.81558955383192,0,0,0,26.306867599487305,35.569807826147425,0,0,0,27.437925338745117,34.7637852924096,0,0,0
1204,1748167502.9580019,28.1829833984375,35.80909687761729,1,1,0,27.95696258544922,35.57216085072988,1,1,0,28.31101417541504,34.73476564980111,0,1,0
1205,1748167503.0445912,27.940750122070312,35.796281518970055,2,2,0,27.144908905029297,35.56431864586136,2,2,0,28.09286117553711,34.77343084590423,1,2,0
1206,1748167503.129774,27.50086784362793,35.79954051766447,2,2,0,28.172969818115234,35.56676142346055,2,2,0,28.489112854003906,34.72789210460005,1,2,0
1207,1748167503.215863,28.044939041137695,35.815660915000755,2,2,0,27.97698974609375,35.83424488262729,2,2,0,28.656005859375,36.25531782475792,1,2,0
1208,1748167503.302687,27.786970138549805,35.87173661984559,2,1,0,27.56500244140625,35.841971775139974,2,1,0,27.652740478515625,36.24770407516576,1,1,0
1209,1748167503.3876631,28.40423583984375,35.86357779241504,1,1,0,27.271270751953125,35.85609701816412,1,1,0,28.25784683227539,36.15322200641298,1,1,0
1210,1748167503.473685,28.121232986450195,35.837745558486596,1,1,0,27.325868606567383,35.874324090847665,1,1,0,28.100967407226562,36.102798581815456,1,1,0
1211,1748167503.5592709,28.255939483642578,35.871092366927094,2,1,1,27.253150939941406,35.93418540661487,1,1,0,27.332067489624023,36.08485606965691,1,1,0
1212,1748167503.644196,26.67999267578125,35.89803779034521,1,1,0,28.344154357910156,35.865192904667694,1,1,0,28.065204620361328,36.05796021646963,1,1,0
1213,1748167503.729438,26.699066162109375,35.9324819858011,1,1,0,28.807878494262695,35.857762548879805,1,1,0,29.82783317565918,35.98780244351537,1,1,0
1214,1748167503.8168068,27.46105194091797,35.977245226827215,1,1,0,27.966022491455078,35.890880463678165,1,1,0,28.59210968017578,35.931640596555646,1,1,0
1215,1748167503.9027982,27.334928512573242,36.03910225547414,1,1,0,27.58193016052246,35.90935813036019,1,1,0,28.071880340576172,35.931271218602035,1,1,0
1216,1748167503.987682,29.67691421508789,36.01237760628634,1,1,0,27.86087989807129,35.87534690958939,1,1,0,27.32396125793457,35.96116407185081,1,1,0
1217,1748167504.074476,27.910947799682617,36.00690554495343,1,1,0,27.811050415039062,35.9387320733506,1,1,0,27.482032775878906,35.93730534299475,1,1,0
1218,1748167504.159935,27.10413932800293,36.020903319998,1,1,0,26.994943618774414,36.00827598048333,1,1,0,26.786088943481445,35.9841591950565,1,1,0
1219,1748167504.242953,27.369976043701172,36.027215153811774,1,1,0,27.060270309448242,36.05382754041148,1,1,0,26.202678680419922,36.03699667637073,1,1,0
1220,1748167504.3257642,29.13379669189453,35.965193292471696,1,1,0,27.774333953857422,36.07103604262163,1,1,0,27.771949768066406,36.01965565392034,1,1,0
1221,1748167504.4123871,27.851104736328125,35.94971861141634,1,1,0,27.431964874267578,36.106807800709,1,1,0,28.027057647705078,35.973778954262976,1,1,0
1222,1748167504.497633,28.115034103393555,35.92385448553129,1,1,0,27.740955352783203,36.09325048913968,1,1,0,27.57120132446289,35.9589442748205,1,1,0
1223,1748167504.583175,29.352903366088867,35.836959632941294,1,1,0,27.49180793762207,36.09550760827939,1,1,0,27.302026748657227,35.96261325387187,1,1,0
1224,1748167504.669319,28.14626693725586,35.84927302362513,2,1,1,27.13918685913086,36.10732585260142,1,1,0,28.193235397338867,35.94364951568714,1,1,0
1225,1748167504.754682,27.892351150512695,35.83253051538776,1,1,0,27.119159698486328,36.11297358249919,1,1,0,27.385950088500977,35.93974830289682,1,1,0
1226,1748167504.839029,28.05781364440918,35.7976461524587,1,1,0,27.63986587524414,36.12996887454489,1,1,0,27.394771575927734,35.94995484439244,1,1,0
1227,1748167504.9240582,28.077125549316406,35.7815317889981,1,1,0,27.804136276245117,36.16367489654927,1,1,0,26.966094970703125,35.9738818013998,1,1,0
1228,1748167505.008822,28.00893783569336,35.794346769226834,1,1,0,28.928041458129883,36.139007050645226,1,1,0,27.085065841674805,36.01502664008621,1,1,0
1229,1748167505.0948238,27.625083923339844,35.78717983503596,2,2,1,27.874231338500977,36.118260214609926,2,2,1,27.858972549438477,36.03341569272958,1,2,0
1230,1748167505.18013,27.51016616821289,35.78768875556778,2,2,0,28.512954711914062,36.12352765379736,2,2,0,27.30703353881836,36.06725186428552,2,2,1
1231,1748167505.26565,28.92899513244629,35.80835296929959,2,1,0,27.951955795288086,36.16179376166616,2,1,0,27.396202087402344,36.09024833694869,1,1,1
1232,1748167505.351986,28.23019027709961,35.78802465104797,1,1,0,28.140783309936523,36.137751189713754,1,1,0,27.80318260192871,36.063664865524835,1,1,0
1233,1748167505.438126,27.798891067504883,35.794397681014296,1,1,0,28.41496467590332,36.04526558468047,1,1,0,27.863025665283203,36.04513135237936,1,1,0
1234,1748167505.524242,27.607202529907227,35.818678733268676,1,1,0,28.89108657836914,36.00485523846695,1,1,0,27.293920516967773,36.08870604606928,1,1,0
1235,1748167505.6100018,27.962207794189453,35.817771295255724,2,2,1,28.881311416625977,35.93012209131164,2,2,1,27.117013931274414,36.13107894651454,1,2,0
1236,1748167505.695893,26.809215545654297,35.84750615505672,2,2,0,28.19204330444336,35.92932184965203,2,2,0,28.015851974487305,36.15150814298089,1,2,0
1237,1748167505.781037,29.005765914916992,35.8063761576755,2,2,0,27.81820297241211,35.93619688249955,2,2,0,27.917861938476562,36.18372477286883,1,2,0
1238,1748167505.86789,27.60028839111328,35.814264326659796,2,2,0,28.451204299926758,35.89819141233254,2,2,0,27.560949325561523,36.187824838544174,1,2,0
1239,1748167505.9534779,28.382301330566406,35.815467221061226,2,1,0,28.428077697753906,35.84834360861985,2,1,0,27.57096290588379,36.21776055641554,1,1,0
1240,1748167506.039781,27.549266815185547,35.839715627256375,1,1,0,27.642011642456055,35.83479596407894,1,1,0,27.238845825195312,36.255662555761155,1,1,0
1241,1748167506.1244009,27.106046676635742,35.88917090957423,1,1,0,28.031349182128906,35.8015165745707,1,1,0,27.664899826049805,36.24113730513016,1,1,0
1242,1748167506.209331,27.163028717041016,35.86857693425996,1,1,0,28.02896499633789,35.814906539888085,1,1,0,27.665138244628906,36.25848332841546,1,1,0
1243,1748167506.294233,26.580095291137695,35.873945662694744,1,0,0,26.473045349121094,35.915712941735244,1,0,0,26.41892433166504,36.408583377049204,0,0,0
1244,1748167506.375935,27.715206146240234,35.86344490990896,0,0,0,26.063203811645508,35.99862332840398,0,0,0,26.324987411499023,36.50916231733685,0,0,0
1245,1748167506.457917,26.89504623413086,35.882569669648774,0,0,0,26.80492401123047,36.03320931766948,0,0,0,27.93407440185547,36.51572061665364,0,0,0
1246,1748167506.541474,28.209924697875977,35.94611387595976,0,0,0,27.415990829467773,36.05343498545732,0,0,0,27.22620964050293,36.52042624392495,0,0,0
1247,1748167506.626401,27.37879753112793,35.96959357476742,0,0,0,26.74078941345215,36.10090305966116,0,0,0,27.344942092895508,36.52678712685186,0,0,0
1248,1748167506.709836,26.972055435180664,35.97582572288099,0,0,0,26.861190795898438,36.10763669087251,0,0,0,26.702880859375,36.53065774804905,0,0,0
1249,1748167506.792395,27.9080867767334,35.95320079444472,0,0,0,26.456117630004883,36.135218975272345,0,0,0,26.572704315185547,36.51437486070871,0,0,0
1250,1748167506.875246,27.37116813659668,36.029732253378725,0,0,0,26.526927947998047,36.19080161043434,0,0,0,26.0772705078125,36.58981578761416,0,0,0
1251,1748167506.957161,27.31490135192871,36.053806879411304,0,0,0,27.225971221923828,36.20088047325294,0,0,0,26.465892791748047,36.65985401800113,0,0,0
1252,1748167507.0400698,27.724027633666992,36.07101536189374,0,0,0,26.29399299621582,36.26503548280274,0,0,0,26.751041412353516,36.696760962515846,0,0,0
1253,1748167507.1227489,27.922868728637695,36.133973754082795,0,0,0,26.73196792602539,36.29913023410117,0,0,0,26.398897171020508,36.73756036718547,0,0,0
1254,1748167507.205879,27.61387825012207,36.15842691495454,0,0,0,27.244091033935547,36.29517241697598,0,0,0,27.62317657470703,36.76357870508205,0,0,0
1255,1748167507.290474,27.45509147644043,36.17782605482979,0,0,0,26.66497230529785,36.31620690252308,0,0,0,26.705026626586914,36.79455028633455,0,0,0
1256,1748167507.373277,27.13799476623535,36.21862582412126,0,0,0,27.53305435180664,36.321878232093894,0,0,0,27.0388126373291,36.81063177350494,0,0,0
1257,1748167507.456929,26.636838912963867,36.28220562059499,0,0,0,26.988983154296875,36.35854871076938,0,0,0,26.587963104248047,36.82789140335062,0,0,0
1258,1748167507.539021,26.94416046142578,36.33029938708973,0,0,0,27.341127395629883,36.42993940653786,0,0,0,26.247262954711914,36.86614212446914,0,0,0
1259,1748167507.6215858,27.02188491821289,36.357550680751714,0,0,0,27.7099609375,36.438379093265006,0,0,0,26.958703994750977,36.90710273844229,0,0,0
1260,1748167507.70516,26.850223541259766,36.38706296830634,0,0,0,26.437044143676758,36.531347122806054,0,0,0,27.148008346557617,36.914270459136006,0,0,0
1261,1748167507.787681,27.835845947265625,36.435583013944246,0,0,0,28.14793586730957,36.52365941587279,0,0,0,28.280019760131836,36.874525804582696,0,0,0
1262,1748167507.8738182,27.09817886352539,36.48631673812425,0,0,0,28.681039810180664,36.50131452645283,0,0,0,26.608705520629883,36.928950233760744,0,0,0
1263,1748167507.958144,27.476787567138672,36.50131452645283,0,0,0,26.463985443115234,36.58925187934506,0,0,0,27.151107788085938,36.96156915780318,0,0,0
1264,1748167508.04114,26.440858840942383,36.55335714852189,0,0,0,27.589797973632812,36.64857865257061,0,0,0,26.992082595825195,36.97546079333679,0,0,0
1265,1748167508.1241732,27.15611457824707,36.590092428214376,0,0,0,26.67093276977539,36.748407596807304,0,0,0,26.875972747802734,36.98659031986878,0,0,0
1266,1748167508.206769,27.415990829467773,36.56373461220609,0,0,0,26.765108108520508,36.81356110719395,0,0,0,27.26006507873535,37.02108654397811,0,0,0
1267,1748167508.290119,27.63223648071289,36.625739549380626,0,0,0,27.166128158569336,36.843948113004515,0,0,0,27.477025985717773,37.041204543768565,0,0,0
1268,1748167508.374327,27.171850204467773,36.64584627508953,0,0,0,26.937007904052734,36.91369650586228,0,0,0,27.99391746520996,37.021326174787305,0,0,0
1269,1748167508.458343,26.609182357788086,36.725604723139014,0,0,0,26.90911293029785,36.98368773710154,0,0,0,26.547908782958984,37.068441140807444,0,0,0
1270,1748167508.540402,27.70709991455078,36.71939943532914,0,0,0,27.13489532470703,37.00797693213108,0,0,0,26.596784591674805,37.09773019150735,0,0,0
1271,1748167508.623743,27.3740291595459,36.70801245566447,0,0,0,26.720762252807617,37.068790588002386,0,0,0,27.44603157043457,37.10781720283605,0,0,0
1272,1748167508.7071922,26.76081657409668,36.72684817634147,0,0,0,26.803970336914062,37.12609062157648,0,0,0,29.427051544189453,37.027219890491885,0,0,0
1273,1748167508.792284,29.273033142089844,36.606592025508135,0,0,0,25.787830352783203,37.157742111713205,0,0,0,25.641918182373047,37.06280721432308,0,0,0
1274,1748167508.874893,27.287006378173828,36.62581417545061,0,0,0,26.17812156677246,37.15222361289374,0,0,0,26.365041732788086,37.06124617728671,0,0,0
1275,1748167508.956898,27.708768844604492,36.589464672876325,0,0,0,26.37481689453125,37.172165968101964,0,0,0,27.102947235107422,37.09946931731841,0,0,0
1276,1748167509.0400052,27.354001998901367,36.62791449099272,0,0,0,26.938915252685547,37.1940096622927,0,0,0,27.0841121673584,37.106044467406726,0,0,0
1277,1748167509.123384,27.255773544311523,36.63319299681878,0,0,0,26.877164840698242,37.188007781075385,0,0,0,26.888132095336914,37.12715320110707,0,0,0
1278,1748167509.206492,26.885032653808594,36.63716087532651,0,0,0,26.85999870300293,37.18782094040952,0,0,0,27.306079864501953,37.09955682481238,0,0,0
1279,1748167509.28946,26.4132022857666,36.70398639058122,0,0,0,27.0841121673584,37.159223498803236,0,0,0,26.675939559936523,37.094788268142096,0,0,0
1280,1748167509.371582,27.26292610168457,36.70887988851018,0,0,0,26.823997497558594,37.14555532890268,0,0,0,27.32110023498535,37.037900902096865,0,0,0
1281,1748167509.45489,27.116060256958008,36.71727790093473,0,0,0,26.812076568603516,37.164612354698725,0,0,0,27.070999145507812,37.010295481465164,0,0,0
1282,1748167509.53793,27.49800682067871,36.72712689292113,0,0,0,26.407957077026367,37.15923447248166,0,0,0,27.10413932800293,36.99455029976879,0,0,0
1283,1748167509.620809,27.48394012451172,36.746647571398455,0,0,0,26.601076126098633,37.165391727976846,0,0,0,26.4739990234375,36.991450720005126,0,0,0
1284,1748167509.703507,26.84330940246582,36.780697467220726,0,0,0,26.304006576538086,37.20890181074929,0,0,0,27.470111846923828,36.99839014859149,0,0,0
1285,1748167509.786052,27.510643005371094,36.778138848894365,0,0,0,26.435136795043945,37.21947873434548,0,0,0,27.025938034057617,36.98412255194876,0,0,0
1286,1748167509.868963,28.003692626953125,36.73918007083357,0,0,0,26.633024215698242,37.261272850191936,0,0,0,27.168989181518555,36.978514225057694,0,0,0
1287,1748167509.952775,27.6029109954834,36.695894102310604,0,0,0,26.343107223510742,37.29143117944645,0,0,0,28.800010681152344,36.878146226404034,0,0,0
1288,1748167510.037477,26.62491798400879,36.70959742567152,0,0,0,26.402950286865234,37.33504872609537,0,0,0,28.172016143798828,36.791043074153926,0,0,0
1289,1748167510.1205912,26.752948760986328,36.721949887014205,0,0,0,26.671171188354492,37.38347699962744,0,0,0,27.052879333496094,36.78692349184399,0,0,0
1290,1748167510.203124,25.840044021606445,36.767209602611565,0,0,0,26.57914161682129,37.37679206678501,0,0,0,26.196956634521484,36.830058080263335,0,0,0
1291,1748167510.2836852,28.48196029663086,36.738300478947224,0,0,0,27.411937713623047,37.411430798775164,0,0,0,27.124881744384766,36.88236194152128,0,0,0
1292,1748167510.368669,27.19902992248535,36.73421414710662,0,0,0,25.975942611694336,37.537579607193614,0,0,0,26.707887649536133,36.87795167820326,0,0,0
1293,1748167510.45063,27.2979736328125,36.741851284835,0,0,0,27.551889419555664,37.486350291137185,0,0,0,26.660919189453125,36.90013258099508,0,0,0
1294,1748167510.5340009,26.778221130371094,36.72658018361959,0,0,0,26.474952697753906,37.5387890605422,0,0,0,28.615236282348633,36.82674888038056,0,0,0
1295,1748167510.6180532,27.495145797729492,36.711386035921564,0,0,0,26.31378173828125,37.555808058423075,0,0,0,27.006149291992188,36.8210373287106,0,0,0
1296,1748167510.700816,27.642250061035156,36.70091389793965,0,0,0,26.45087242126465,37.57066607108947,0,0,0,26.147127151489258,36.871781242115645,0,0,0
1297,1748167510.783087,27.884721755981445,36.68964535913416,0,0,0,26.21293067932129,37.61570430017201,0,0,0,25.810956954956055,36.94811107590727,0,0,0
1298,1748167510.865021,26.60202980041504,36.714953066506375,0,0,0,27.82893180847168,37.573403470047374,0,0,0,26.655912399291992,37.00922869498541,0,0,0
1299,1748167510.9479969,27.493000030517578,36.67519794339977,0,0,0,26.548147201538086,37.59084692474668,0,0,0,26.623010635375977,37.00565867327478,0,0,0
1300,1748167511.030632,27.323007583618164,36.69184929613443,0,0,0,26.551008224487305,37.61840327999612,0,0,0,27.436017990112305,36.967454721675686,0,0,0
1301,1748167511.11384,26.714086532592773,36.7215640816641,0,0,0,25.485754013061523,37.676897459613755,0,0,0,26.269912719726562,37.02128260531853,0,0,0
1302,1748167511.1944041,26.38077735900879,36.7381074034388,0,0,0,26.304960250854492,37.70032124745402,0,0,0,25.761127471923828,37.189568523507944,0,0,0
1303,1748167511.2749498,26.922941207885742,36.84378628990462,1,1,0,26.40509605407715,37.67016357281981,1,1,0,27.280807495117188,37.11420921080653,0,1,0
1304,1748167511.3575559,26.814937591552734,36.86519163851879,1,0,0,26.73196792602539,37.643972823631835,1,0,0,27.30393409729004,37.071051233711884,0,0,0
1305,1748167511.4403489,27.736902236938477,36.86437080372976,1,1,1,27.161121368408203,37.60566524656943,1,1,1,28.2289981842041,37.01926762943521,0,1,0
1306,1748167511.5255308,27.472972869873047,36.85826969088399,1,1,0,27.797937393188477,37.564228024787845,1,1,0,28.222084045410156,36.96717234555308,1,1,0
1307,1748167511.6111,27.60910987854004,36.841833736557525,1,1,0,27.410030364990234,37.53791555863957,1,1,0,27.171850204467773,36.95420941139224,1,1,0
1308,1748167511.6952949,26.962995529174805,36.837940035389025,2,2,1,27.515888214111328,37.50613879305874,2,2,1,27.419090270996094,36.94910924215769,1,2,0
1309,1748167511.7792041,28.122901916503906,36.76056066455192,2,1,0,27.498960494995117,37.48499904372814,2,1,0,27.297019958496094,36.92076928832468,1,1,0
1310,1748167511.864409,26.91793441772461,36.77565582445062,1,1,0,27.158021926879883,37.46805530410588,1,1,0,27.5118350982666,36.91223463003755,1,1,0
1311,1748167511.9479911,26.855945587158203,36.78707406085302,1,1,0,27.400970458984375,37.43932617667808,1,1,0,27.637720108032227,36.88623260035248,1,1,0
1312,1748167512.031903,28.273820877075195,36.751820809451154,1,1,0,27.645111083984375,37.38072278418965,1,1,0,26.936054229736328,36.89340303341364,1,1,0
1313,1748167512.116724,29.84905242919922,36.645376688741024,1,1,0,28.699874877929688,37.28233768380932,1,1,0,27.9998779296875,36.82389288307374,1,1,0
1314,1748167512.2052631,28.376102447509766,36.57652069190948,1,1,0,27.400970458984375,37.23041417387136,1,1,0,27.205944061279297,36.83561067973784,1,1,0
1315,1748167512.2903712,29.223918914794922,36.4999274811596,1,1,0,27.380943298339844,37.185820763858786,1,1,0,27.00209617614746,36.83605280329797,1,1,0
1316,1748167512.376161,27.643918991088867,36.51503183153345,1,1,0,27.91619300842285,37.12549910881066,1,1,0,27.27985382080078,36.83048929016441,1,1,0
1317,1748167512.46116,27.944087982177734,36.49949338940617,1,1,0,28.40876579284668,37.029987642851026,1,1,0,27.489900588989258,36.88936864589887,1,1,0
1318,1748167512.546912,28.077125549316406,36.43454910084243,1,1,0,28.1221866607666,36.95022681836441,1,1,0,27.74190902709961,36.90852090333966,1,1,0
1319,1748167512.632936,28.91993522644043,36.33798985370846,1,1,0,27.02498435974121,36.932863198931365,1,1,0,28.189897537231445,36.856607082915204,1,1,0
1320,1748167512.719023,28.04279327392578,36.240991171974976,1,1,0,26.60083770751953,36.93100958575228,1,1,0,27.549028396606445,36.795303455911125,1,1,0
1321,1748167512.803297,30.048131942749023,36.171877268304186,1,1,0,28.380870819091797,36.885594642566616,1,1,0,27.44293212890625,36.78072972098422,1,1,0
1322,1748167512.8912692,27.772188186645508,36.14576528844712,2,1,1,27.310848236083984,36.823882106564376,1,1,0,26.89671516418457,36.7718943049777,1,1,0
1323,1748167512.975174,28.684139251708984,36.08533209750077,2,1,1,27.961254119873047,36.804505373296465,1,1,0,27.523040771484375,36.73321683404924,1,1,0
1324,1748167513.0613408,28.22089195251465,36.02247075855557,1,1,0,28.681278228759766,36.70377226292021,1,1,0,27.68683433532715,36.77461326911443,1,1,0
1325,1748167513.147848,27.26602554321289,36.03155840228716,2,1,1,27.235031127929688,36.66138142379898,1,1,0,27.298927307128906,36.76134466302352,1,1,0
1326,1748167513.23179,27.289867401123047,36.04693840952336,2,1,1,27.982234954833984,36.592082235776445,1,1,0,28.013944625854492,36.676801462068845,1,1,0
1327,1748167513.317235,27.973175048828125,36.04243659230887,2,1,1,27.72998809814453,36.52348979262478,1,1,0,27.257204055786133,36.61132110386975,1,1,0
1328,1748167513.4021041,28.064966201782227,35.978695705258,2,1,1,27.585983276367188,36.53341540319724,1,1,0,27.530908584594727,36.572055708033034,1,1,0
1329,1748167513.487278,27.22477912902832,35.98997433519048,2,1,1,27.765989303588867,36.47817208378413,1,1,0,27.1453857421875,36.54866426376568,1,1,0
1330,1748167513.5713642,27.97079086303711,35.96168823058854,2,1,1,27.777910232543945,36.4225578870311,1,1,0,27.32396125793457,36.55334652977537,1,1,0
1331,1748167513.656301,27.933120727539062,35.90845633937224,2,1,1,28.269052505493164,36.29899410436517,1,1,0,27.38499641418457,36.50380300167043,1,1,0
1332,1748167513.741884,28.783082962036133,35.80512293140239,2,1,1,31.77499771118164,36.05963421983778,1,1,0,26.98802947998047,36.44943044288844,1,1,0
1333,1748167513.83142,27.363061904907227,35.78607043844571,2,1,1,27.966976165771484,35.991971471665174,1,1,0,27.047395706176758,36.459643328719466,1,1,0
1334,1748167513.9158778,26.402950286865234,35.8030751650743,2,1,1,27.392148971557617,35.96267492378277,1,1,0,27.820110321044922,36.436522026687484,1,1,0
1335,1748167513.999498,26.679039001464844,35.847873812778374,1,0,0,27.036190032958984,35.96900749371474,1,0,0,27.165889739990234,36.48367197113528,0,0,0
1336,1748167514.082338,26.699066162109375,35.882088743986934,0,0,0,27.78315544128418,35.97054985327812,0,0,0,27.16994285583496,36.53057290372328,0,0,0
1337,1748167514.166008,27.283906936645508,35.89648116170418,0,0,0,26.262998580932617,36.020810515413515,0,0,0,27.587175369262695,36.51193791737444,0,0,0
1338,1748167514.2490711,30.118942260742188,35.761945363391426,1,1,0,27.24289894104004,36.03283784851841,1,1,0,27.76026725769043,36.496698509289565,0,1,0
1339,1748167514.33617,28.042078018188477,35.76540142914802,1,1,0,27.137041091918945,36.04850811476701,1,1,0,28.488874435424805,36.44381421084095,0,1,0
1340,1748167514.421793,27.486085891723633,35.741273748031205,1,0,0,26.23581886291504,36.08935813955089,1,0,0,27.138233184814453,36.46025607257447,0,0,0
1341,1748167514.504595,27.621030807495117,35.709191257643205,1,1,1,26.38697624206543,36.13362095701496,1,1,1,27.737140655517578,36.45585111376113,1,1,0
1342,1748167514.588449,27.390003204345703,35.746766916267944,1,1,0,27.724027633666992,36.13018673375717,1,1,0,28.712987899780273,36.37742704587959,1,1,0
1343,1748167514.674389,26.797056198120117,35.87736203314267,1,0,0,25.89106559753418,36.25338536324516,1,0,0,27.363061904907227,36.405760268865784,0,0,0
1344,1748167514.756609,27.77385711669922,35.90352803208314,0,0,0,26.75771713256836,36.28239393388041,0,0,0,27.27794647216797,36.40270590614384,0,0,0
1345,1748167514.840342,27.676820755004883,35.97056013611906,0,0,0,27.09507942199707,36.29600997822743,0,0,0,26.391029357910156,36.42981284099809,0,0,0
1346,1748167514.923425,28.212785720825195,35.9467300188291,1,1,0,27.37283706665039,36.319949152292864,1,1,0,27.241945266723633,36.43166922372467,1,1,0
1347,1748167515.008241,28.805255889892578,35.909368378245325,1,1,0,27.281999588012695,36.369278366963755,1,1,0,27.576923370361328,36.42994995370587,1,1,0
1348,1748167515.093966,28.481006622314453,35.89196565437476,1,1,0,27.173757553100586,36.411048687783854,1,1,0,27.153730392456055,36.45597786029177,1,1,0
1349,1748167515.178768,27.801036834716797,35.940549009078744,1,0,0,26.639699935913086,36.42887417402603,1,0,0,26.521921157836914,36.53055169270342,0,0,0
1350,1748167515.261804,27.76193618774414,35.953334342917714,0,0,0,27.2676944732666,36.40041020537751,0,0,0,27.144193649291992,36.54857933577728,0,0,0
1351,1748167515.345888,28.410911560058594,36.02465715068536,0,0,0,26.715993881225586,36.475391041363316,0,0,0,27.54831314086914,36.54412117061661,0,0,0
1352,1748167515.430492,26.827096939086914,36.06607334795133,0,0,0,27.045249938964844,36.488041332717415,0,0,0,27.37712860107422,36.52293852794954,0,0,0
1353,1748167515.513876,27.236223220825195,36.12909746396827,1,1,0,27.91595458984375,36.489977728285076,1,1,0,27.589797973632812,36.51979027747747,1,1,0
1354,1748167515.598573,28.5489559173584,36.11492220011245,1,1,0,28.462886810302734,36.49983219184142,1,1,0,27.825117111206055,36.51360136084704,1,1,0
1355,1748167515.685586,28.292179107666016,36.07041563110052,1,1,0,27.248144149780273,36.49926046638044,1,1,0,28.218746185302734,36.472663282469895,1,1,0
1356,1748167515.771266,28.143882751464844,36.03277593773786,1,1,0,27.82917022705078,36.50617531094149,1,1,0,27.334928512573242,36.50297700206435,1,1,0
1357,1748167515.856488,28.698205947875977,36.00147634838388,1,1,0,28.197050094604492,36.485332840015786,1,1,0,28.067827224731445,36.46738865819474,1,1,0
1358,1748167515.943459,27.45199203491211,36.028370500108664,1,1,0,27.47797966003418,36.49016820452501,1,1,0,27.677297592163086,36.4613442719097,1,1,0
1359,1748167516.028119,27.24313735961914,36.027534929745386,1,1,0,28.155803680419922,36.47291701027237,1,1,0,27.78172492980957,36.433177674004895,1,1,0
1360,1748167516.113272,27.760744094848633,36.036914109654596,1,1,0,28.57494354248047,36.43765101619565,1,1,0,27.915239334106445,36.40721390422142,1,1,0
1361,1748167516.1996212,28.171062469482422,36.026689083175484,1,1,0,28.279781341552734,36.43715509630011,1,1,0,27.41384506225586,36.405591738942626,1,1,0
1362,1748167516.2854788,27.879953384399414,36.065752887530415,1,1,0,27.93288230895996,36.60785938387346,1,1,0,27.71306037902832,36.37345213734189,1,1,0
1363,1748167516.370807,28.651952743530273,36.010048427743875,1,1,0,28.10502052307129,36.60170446513084,1,1,0,27.476072311401367,36.35455691941875,1,1,0
1364,1748167516.456905,26.41892433166504,36.00918279216636,1,1,0,28.589725494384766,36.548451944534726,1,1,0,27.37712860107422,36.37409353205528,1,1,0
1365,1748167516.541172,26.865005493164062,36.000961329381205,1,1,0,27.765989303588867,36.515095410609796,1,1,0,27.148008346557617,36.37454567634782,1,1,0
1366,1748167516.624928,27.557849884033203,35.96298327650992,1,1,0,28.589725494384766,36.478341286361186,1,1,0,27.47321128845215,36.36075507682972,1,1,0
1367,1748167516.710516,27.204275131225586,35.966077374912466,1,1,0,27.71615982055664,36.41308229362062,1,1,0,27.698040008544922,36.35581739041243,1,1,0
1368,1748167516.795027,27.18806266784668,36.0921737978107,1,1,0,27.650117874145508,36.39496697154618,1,1,0,27.76312828063965,36.35551276857993,1,1,0
