timestamp,frame_number,right_elbow_angle,right_elbow_state,left_elbow_angle,left_elbow_state,right_shoulder_angle,right_shoulder_state,left_shoulder_angle,left_shoulder_state,right_hip_angle,right_hip_state,left_hip_angle,left_hip_state,right_knee_angle,right_knee_state,left_knee_angle,left_knee_state,body_tilt_angle,neck_trunk_angle_angle,neck_trunk_angle_state,body_tilt_state,lateral_tilt_angle,lateral_tilt_state,is_forward_leaning,forward_lean_score,forward_lean_ratio,avg_forward_lean_score,hip_center_x,hip_center_y,stay_duration,hip_confidence,is_long_stay,long_stay_alert
0.8333333333333333,20,130.29719355014325,STATIC,139.0379217393675,STATIC,73.28981978430399,STATIC,67.72865244557347,STATIC,122.43417418793875,STATIC,137.2031493847719,STATIC,103.46027528488327,STATIC,107.70533566798458,STATIC,127.7860150983556,93.32405239253873,HUNCH,FORWARD_TILT,143.78783216064198,LEFT_TILT,False,0.17531096113134592,0.0,0.17531096113134592,492.7309226989746,457.87118911743164,0.0,0.9998389482498169,False,
0.875,21,115.19848064430336,FLEXION,144.93647480171174,EXTENSION,82.25406929027999,EXTENSION,70.47812499497074,STATIC,114.09185099940011,FLEXION,125.91696661960265,FLEXION,93.70567303975984,FLEXION,101.34143635998723,FLEXION,136.54776586793753,97.16448839413253,HUNCH,FORWARD_TILT,168.41934542134948,LEFT_TILT,False,0.14730610163984428,0.0,0.1613085313855951,498.2858657836914,470.41712522506714,0.0,0.9998375475406647,False,
1.125,27,111.93907874438085,STATIC,145.1021281910352,STATIC,81.7484537608258,STATIC,79.3110366556886,EXTENSION,94.19195057399818,FLEXION,92.11672827414387,FLEXION,90.22220578686299,STATIC,100.91097816678787,STATIC,144.32616119533628,115.75858084787627,HUNCH,FORWARD_TILT,116.40018452452067,LEFT_TILT,False,0.08870057323730544,0.0,0.13710587866949855,463.27903747558594,502.5969386100769,0.0,0.9998302757740021,False,
1.7916666666666665,43,95.70522859790293,FLEXION,133.01021335627104,FLEXION,80.25066551958305,STATIC,77.30379161968018,STATIC,95.06498524976747,STATIC,83.83941720327404,FLEXION,82.70294929202944,FLEXION,82.78246122332067,FLEXION,169.37656868365877,109.3696153888941,HUNCH,UPRIGHT,2.3334115395598904,UPRIGHT,False,0.09028974358023534,0.0,0.12540184489718276,527.9286193847656,607.3239398002625,0.0,0.9995628595352173,False,
1.8333333333333333,44,93.35516119762627,STATIC,129.50815430795595,STATIC,81.52385823091505,STATIC,80.56835915420395,STATIC,83.9953720418483,FLEXION,76.77660999082343,FLEXION,93.49109099293426,EXTENSION,96.96723828016069,EXTENSION,168.93106828270007,121.93309100707509,HUNCH,UPRIGHT,3.7244304554025778,UPRIGHT,False,0.062370908873166465,0.0,0.1127956576923795,532.1585845947266,585.8393812179565,0.0,0.9992169439792633,False,
1.875,45,91.10168486299035,STATIC,124.75377994295582,STATIC,83.756127009104,STATIC,79.97361776800523,STATIC,76.66522725201145,FLEXION,66.33926387652397,FLEXION,98.8986519700026,EXTENSION,97.72283714792607,STATIC,165.64905832595133,118.39750373833041,HUNCH,UPRIGHT,1.4223026443162012,UPRIGHT,False,0.07022776947037686,0.0,0.10570100965537906,534.9101448059082,577.9614973068237,0.04166666666666674,0.998943567276001,False,
1.9166666666666665,46,85.55745904991072,FLEXION,107.42217084178694,FLEXION,81.12228584418044,STATIC,69.26921674367433,FLEXION,87.7018606226851,EXTENSION,82.36546548548877,EXTENSION,102.80493583596213,STATIC,98.0037062973805,STATIC,173.45580748722293,109.0533694026673,HUNCH,UPRIGHT,3.3254873701899896,UPRIGHT,False,0.25765917910518377,0.0,0.12740931957677973,542.354736328125,563.3947205543518,0.0,0.9986820220947266,False,
1.9583333333333333,47,83.59051043839636,STATIC,109.22562429181185,STATIC,81.93358458751065,STATIC,71.23997718146882,STATIC,90.70823683018277,STATIC,74.93491546676036,FLEXION,109.32825941666809,EXTENSION,94.25041817685197,STATIC,174.66650330099534,111.30474814666816,HUNCH,UPRIGHT,2.0226769805050586,UPRIGHT,False,0.08598944856295965,0.0,0.12223183570005222,545.9501075744629,546.2712621688843,0.0,0.998271107673645,False,
2.0,48,77.78026523121613,FLEXION,107.9537954741152,STATIC,82.35159199590663,STATIC,70.18601741769587,STATIC,90.14990634789437,STATIC,77.83279889613748,STATIC,108.23821379871666,STATIC,91.12842037499362,STATIC,174.2767194067347,117.06496848033571,HUNCH,UPRIGHT,0.523670639018842,UPRIGHT,False,0.07318895893258733,0.0,0.1167826271703339,552.005443572998,530.7334613800049,0.0,0.9975732564926147,False,
2.0416666666666665,49,85.59395650227515,EXTENSION,128.4239388613928,EXTENSION,89.90266497288447,EXTENSION,99.3507647330898,EXTENSION,64.55632394647218,FLEXION,43.097690762768245,FLEXION,99.58303504605013,FLEXION,70.66458281695402,FLEXION,136.35109872943855,143.07959258120195,HUNCH,FORWARD_TILT,4.8577182310105185,UPRIGHT,False,0.04570957486524333,0.0,0.10967532193982485,548.7068939208984,522.545428276062,0.04166666666666652,0.9976005256175995,False,
2.083333333333333,50,78.95971474743808,FLEXION,129.745364609423,STATIC,87.1797740069491,STATIC,95.66898140782627,STATIC,69.06071972232832,STATIC,53.17232647145169,EXTENSION,100.5561691652821,STATIC,79.04951452261827,EXTENSION,139.54818761704783,139.45175666093579,HUNCH,FORWARD_TILT,6.828686837010014,UPRIGHT,False,0.04666679049336971,0.0,0.10394727362651075,549.7397232055664,507.68109798431396,0.0,0.9976573884487152,False,
2.125,51,83.80885145885915,STATIC,130.53936689137893,STATIC,89.61614489365505,STATIC,98.98538534061241,STATIC,63.7781249808966,FLEXION,48.263952181438505,STATIC,100.0058127688678,STATIC,79.88788344466823,STATIC,132.85423820060092,143.60091383520913,HUNCH,FORWARD_TILT,5.307542776994892,UPRIGHT,False,0.05232188436486659,0.0,0.09964515785470707,549.9462890625,493.4733724594116,0.0,0.9975151121616364,False,
2.1666666666666665,52,82.25049298439616,STATIC,130.14753236473274,STATIC,89.46639336064723,STATIC,101.44420275684178,STATIC,60.21985620439151,STATIC,47.595165279828315,STATIC,91.405240197986,FLEXION,72.44918506844084,FLEXION,127.01822231321106,148.5403086980958,HUNCH,FORWARD_TILT,3.926543505789176,UPRIGHT,False,0.054314375530429206,0.0,0.09615817459899338,551.1088371276855,487.22822427749634,0.04166666666666652,0.9974234998226166,False,
2.208333333333333,53,84.03935990231976,STATIC,127.02976057926621,STATIC,88.32857132576949,STATIC,95.10746751171274,FLEXION,64.51242171557153,STATIC,52.28960150096011,STATIC,92.82459906323002,STATIC,70.90398603125418,STATIC,135.17368490368904,141.32428623676358,HUNCH,FORWARD_TILT,0.07186497711378816,UPRIGHT,False,0.21889339746566083,0.0,0.10492497623232677,553.0755233764648,485.08546113967896,0.08333333333333304,0.9973759353160858,False,
2.25,54,82.3662754291882,STATIC,119.98554641073217,FLEXION,88.1236916340487,STATIC,97.8376085582029,STATIC,66.05697226663187,STATIC,52.98156803510271,STATIC,92.93231125582743,STATIC,69.35967238249276,STATIC,133.73192394419064,145.1528737451037,HUNCH,FORWARD_TILT,5.003718916135852,UPRIGHT,False,0.04692267180156814,0.0,0.10105815593694285,554.2470932006836,484.6884298324585,0.125,0.9974708557128906,False,
2.2916666666666665,55,81.75568329934212,STATIC,132.43490846114375,EXTENSION,89.33806645046387,STATIC,106.18000937480674,EXTENSION,62.398060096868576,STATIC,51.38428588033244,STATIC,91.27183945576617,STATIC,69.28145301587078,STATIC,131.45418780368806,147.0343112095634,HUNCH,FORWARD_TILT,7.471048363631407,UPRIGHT,False,0.04780333552610786,0.0,0.09772972966126567,552.9024124145508,481.44930839538574,0.16666666666666652,0.9975225031375885,False,
2.333333333333333,56,81.3950387557211,STATIC,130.60289199634096,STATIC,90.47077799101595,STATIC,110.9501442166921,STATIC,58.168063010632764,STATIC,49.29768811175847,STATIC,84.79640624618133,FLEXION,65.37497070757831,STATIC,126.70089795154844,152.22006662780214,STRAIGHT,FORWARD_TILT,11.1778217620099,RIGHT_TILT,False,0.05177578232989236,0.0,0.09502655628883194,552.3335838317871,476.57140016555786,0.20833333333333304,0.9976999461650848,False,
2.375,57,81.98798898647358,STATIC,123.64202708814004,FLEXION,89.01732999288608,STATIC,103.61014637279384,FLEXION,61.02164614264159,STATIC,50.65364845532452,STATIC,86.27575102529526,STATIC,66.39508127519322,STATIC,131.4607876943407,146.20960872023062,HUNCH,FORWARD_TILT,166.90202297745336,LEFT_TILT,False,0.2162880079676193,0.0,0.10176330360432012,555.5061340332031,473.6657953262329,0.25,0.9976518750190735,False,
2.4166666666666665,58,82.42935778906156,STATIC,118.2837873221359,FLEXION,88.92831430783153,STATIC,99.5192053944277,STATIC,56.84020818488825,STATIC,47.45569613710161,STATIC,87.07781075489868,STATIC,63.756770154476285,STATIC,124.46215820681255,150.92234786741324,STRAIGHT,FORWARD_TILT,163.34626542000902,LEFT_TILT,False,0.056750759540416564,0.0,0.09939422233779889,551.7374229431152,460.82627534866333,0.0,0.9975863397121429,False,
2.458333333333333,59,83.81230026917328,STATIC,114.0473738168995,STATIC,83.84267512273713,FLEXION,69.28268635671499,FLEXION,88.03973087324476,EXTENSION,72.34089317656915,EXTENSION,116.7947548432579,EXTENSION,95.27435873810482,EXTENSION,174.49364951663654,116.84761217906843,HUNCH,UPRIGHT,171.40075119777276,LEFT_TILT,False,0.4070053062687368,0.0,0.11477477653434578,553.561840057373,462.5944519042969,0.04166666666666652,0.9969711899757385,False,
2.5,60,83.76631554463002,STATIC,113.13059955936558,STATIC,90.36592020513433,EXTENSION,98.78294105124067,EXTENSION,57.02767047825693,FLEXION,50.576074377572134,FLEXION,87.71470689946653,FLEXION,60.62045295102953,FLEXION,124.50490522233952,153.5060071009601,STRAIGHT,FORWARD_TILT,161.95820354000043,LEFT_TILT,False,0.056655766172578836,0.0,0.11200720461235687,543.0755805969238,457.6381587982178,0.0,0.9969447255134583,False,
2.5416666666666665,61,83.81164238180145,STATIC,120.77450722987042,EXTENSION,87.83099295807912,STATIC,99.1404310618135,STATIC,58.97672009829688,STATIC,52.17375570006036,STATIC,93.34660584900018,EXTENSION,65.16422400258269,STATIC,128.59853986878716,149.9442571272851,HUNCH,FORWARD_TILT,163.16819457967907,LEFT_TILT,False,0.04768267334206163,0.0,0.10908336228188892,542.581672668457,455.27764320373535,0.04166666666666652,0.9966205954551697,False,
2.583333333333333,62,87.44488092493538,STATIC,120.50000657224373,STATIC,88.70194855336324,STATIC,100.76290181916383,STATIC,59.962521790683546,STATIC,50.23041645637881,STATIC,93.98250915373468,STATIC,61.01380227985648,STATIC,127.92504753352257,149.91567420044478,HUNCH,FORWARD_TILT,163.96305529602822,LEFT_TILT,False,0.04924284059118367,0.0,0.10648160046924957,539.8978614807129,448.59100341796875,0.08333333333333304,0.9959790408611298,False,
2.625,63,85.89563554794069,STATIC,125.64181534244788,EXTENSION,88.98029634773292,STATIC,110.81700426305476,EXTENSION,66.14394414889546,EXTENSION,56.82723781195939,EXTENSION,95.81824543441735,STATIC,63.49927369936662,STATIC,126.74937608268885,152.25970384656455,STRAIGHT,FORWARD_TILT,162.54954046984764,LEFT_TILT,False,0.05166805314958034,0.0,0.10419770266426336,541.2746238708496,441.80222511291504,0.125,0.9959388077259064,False,
2.6666666666666665,64,76.05369623646219,FLEXION,124.08567809324765,STATIC,86.53157837132409,STATIC,105.80711387907341,FLEXION,68.71801145491843,STATIC,62.62063299970049,EXTENSION,99.82389134155378,STATIC,66.12834829093616,STATIC,128.76861092162406,148.7923341760303,HUNCH,FORWARD_TILT,161.69478965480482,LEFT_TILT,False,0.21653123311632363,0.0,0.10869104388234577,546.3487243652344,436.7771816253662,0.16666666666666652,0.9960455894470215,False,
2.708333333333333,65,75.0887877455625,STATIC,121.94428456726826,STATIC,86.52781363961861,STATIC,106.75225102175631,STATIC,65.92533010277113,STATIC,59.57915518798591,STATIC,98.56121438332573,STATIC,65.21794978671088,STATIC,124.28881514526879,151.28126528912838,STRAIGHT,FORWARD_TILT,162.85048633212043,LEFT_TILT,False,0.057135966343847135,0.0,0.10670815628471121,546.2768745422363,423.8417458534241,0.0,0.9960915744304657,False,
2.75,66,76.15919347717339,STATIC,119.72551671490525,STATIC,87.10463721335971,STATIC,106.21622275048239,STATIC,67.20490987934373,STATIC,61.614949641971975,STATIC,99.7511535180628,STATIC,64.36280056681103,STATIC,126.64075560113895,150.40222037132392,STRAIGHT,FORWARD_TILT,164.3400923402925,LEFT_TILT,False,0.051909431997469,0.0,0.10467857390370225,547.8862953186035,417.2641968727112,0.04166666666666696,0.9961415231227875,False,
2.7916666666666665,67,76.62849742294033,STATIC,121.63864155293037,STATIC,86.51022783649685,STATIC,105.58458373768595,STATIC,65.85739540597655,STATIC,64.06750285890725,STATIC,99.69972613586746,STATIC,65.01498530008602,STATIC,127.48007929219361,149.51871568370214,HUNCH,FORWARD_TILT,167.37669840574716,LEFT_TILT,False,0.051113788942453886,0.0,0.10276554586937195,552.588062286377,411.6707181930542,0.08333333333333348,0.996300607919693,False,
2.833333333333333,68,77.22778816096503,STATIC,111.88130769103236,FLEXION,86.30622368796534,STATIC,104.6172926454772,STATIC,66.51024104008918,STATIC,61.837283157166524,STATIC,100.29525274548048,STATIC,61.720106100131865,STATIC,125.71414740986401,152.35573186506983,STRAIGHT,FORWARD_TILT,162.3117377510495,LEFT_TILT,False,0.05396856131141329,0.0,0.10108289122944233,555.5172348022461,400.6800127029419,0.0,0.9962546527385712,False,
2.875,69,83.85908529135612,EXTENSION,129.5399159148792,EXTENSION,89.68487480051053,STATIC,116.27158455370885,EXTENSION,60.77885194426762,FLEXION,62.65674178902512,STATIC,93.96576366975687,FLEXION,62.04375380453285,STATIC,121.95316980129786,153.02707683609668,STRAIGHT,FORWARD_TILT,166.51353077581138,LEFT_TILT,False,0.06232628933044918,0.0,0.0997910044994759,555.0522994995117,392.498996257782,0.04166666666666696,0.9965397715568542,False,
2.9166666666666665,70,67.69034747076327,FLEXION,117.18637958001172,FLEXION,83.85760613642354,FLEXION,108.15298860668742,FLEXION,61.40342723779301,STATIC,65.8003420790871,STATIC,97.57177217361445,STATIC,64.33921786823754,STATIC,124.89988493343944,150.1653193889233,STRAIGHT,FORWARD_TILT,168.19446718981348,LEFT_TILT,False,0.3891113668145791,0.0,0.10912391941286631,557.6057624816895,390.5871391296387,0.08333333333333348,0.9968094825744629,False,
2.958333333333333,71,86.78671482101751,EXTENSION,123.34963306904693,EXTENSION,90.15346655461718,EXTENSION,110.12004310694688,STATIC,60.19781143760196,STATIC,65.44048008088313,STATIC,95.24370963943052,STATIC,63.848276844990224,STATIC,124.6239562698648,150.67751763176236,STRAIGHT,FORWARD_TILT,167.27013400042674,LEFT_TILT,False,0.05639120828918931,0.0,0.1074760221902514,556.5895652770996,383.9277935028076,0.125,0.9970392286777496,False,
3.0,72,87.80536288471062,STATIC,129.83144505549527,EXTENSION,90.32443660443433,STATIC,118.37281763447162,EXTENSION,56.78593287452899,STATIC,65.46391647843876,STATIC,91.47033512742671,STATIC,65.3228128383676,STATIC,119.32604157206474,153.9847405856262,STRAIGHT,FORWARD_TILT,163.04147990173036,LEFT_TILT,False,0.06816435206207834,0.0,0.10628475945909464,555.0927543640137,371.0331058502197,0.0,0.9972867369651794,False,
3.0416666666666665,73,91.61950073349855,STATIC,114.88289022569792,FLEXION,88.99634027879632,STATIC,101.57383928943466,FLEXION,59.07579821484366,STATIC,74.06971337214055,EXTENSION,95.14455826671934,STATIC,70.27177102958943,STATIC,122.18942777570969,153.60243984952064,STRAIGHT,FORWARD_TILT,162.73185789512695,LEFT_TILT,False,0.22846793827620068,0.0,0.10987838236548012,550.590705871582,369.8862147331238,0.04166666666666652,0.9974331259727478,False,
3.083333333333333,74,95.88046340541045,STATIC,118.24687466542522,STATIC,88.25882456054794,STATIC,102.98443686804038,STATIC,58.6933836200246,STATIC,70.57980464580835,STATIC,97.0992855292865,STATIC,66.6818900560086,STATIC,124.86597055521257,151.0862067969714,STRAIGHT,FORWARD_TILT,164.16172450853526,LEFT_TILT,False,0.055853398766194294,0.0,0.10833481140550051,548.0932426452637,365.6175971031189,0.08333333333333304,0.997559666633606,False,
3.125,75,97.98180309764064,STATIC,116.11785491250902,STATIC,88.87971064128841,STATIC,101.32742156889066,STATIC,58.42378969845913,STATIC,74.23336528007863,STATIC,96.81818541586557,STATIC,69.28980897270056,STATIC,126.61467240128108,149.26680909184105,HUNCH,FORWARD_TILT,167.3382685839991,LEFT_TILT,False,0.05359670779306195,0.0,0.10681430852737722,548.3009910583496,362.28339672088623,0.125,0.9977033138275146,False,
3.1666666666666665,76,99.30640631967724,STATIC,110.66993311615424,FLEXION,87.42679459518223,STATIC,95.19255909664818,FLEXION,63.134211930271405,STATIC,77.23272816444094,STATIC,104.67470825929234,EXTENSION,73.60775764980093,STATIC,130.73195048763515,145.16213747515263,HUNCH,FORWARD_TILT,165.95800439654627,LEFT_TILT,False,0.22023536008269384,0.0,0.10987974235319659,548.5125732421875,358.3244240283966,0.16666666666666652,0.9978188872337341,False,
3.208333333333333,77,94.98674131594703,STATIC,96.9540491734054,FLEXION,86.3651881099808,STATIC,87.17908883723626,FLEXION,68.03886127580171,STATIC,77.543348280599,STATIC,111.1562609460242,EXTENSION,75.67723203694996,STATIC,134.48380854049256,144.04214782968086,HUNCH,FORWARD_TILT,163.12540057617375,LEFT_TILT,False,0.21438676362183687,0.0,0.11262992712342397,550.4390907287598,354.6972727775574,0.20833333333333304,0.9979345202445984,False,
3.25,78,91.82436858620702,STATIC,96.9353146390396,STATIC,86.50399261277269,STATIC,89.3319545214947,STATIC,69.87810276718274,STATIC,76.68853961120685,STATIC,112.53975183721138,STATIC,76.00640307078051,STATIC,134.64206838112472,147.83566225006558,HUNCH,FORWARD_TILT,163.61778167792073,LEFT_TILT,False,0.03893837637513268,0.0,0.11074040018116009,550.5903625488281,351.0845947265625,0.25,0.9979067146778107,False,
3.2916666666666665,79,92.10134546202907,STATIC,120.6531481572711,EXTENSION,88.72569016921881,STATIC,107.46239727753384,EXTENSION,62.783617707406314,FLEXION,72.08400892234184,STATIC,103.71057726456013,FLEXION,70.98652249143562,FLEXION,126.2148746892062,152.91283751672054,STRAIGHT,FORWARD_TILT,165.534827012071,LEFT_TILT,False,0.05285583402398623,0.0,0.10929328602723073,549.5597457885742,345.7374608516693,0.2916666666666665,0.9979174435138702,False,
3.333333333333333,80,89.14151117823624,STATIC,114.85817370429022,FLEXION,88.12006036777686,STATIC,106.57165977038198,STATIC,66.50051547870959,STATIC,73.59766527549966,STATIC,104.26073136395257,STATIC,69.8541083421716,STATIC,125.23185724094895,155.2942772927871,STRAIGHT,FORWARD_TILT,162.57324517466478,LEFT_TILT,False,0.055040317242335636,0.0,0.10797004288613574,550.2787780761719,344.6586012840271,0.33333333333333304,0.9978382885456085,False,
3.375,81,90.22827525397273,STATIC,118.56408891124839,STATIC,88.72945409330282,STATIC,108.72905958173544,STATIC,62.897155433684844,STATIC,76.66006551078176,STATIC,99.07514133429716,FLEXION,71.21725761688674,STATIC,122.23861961172982,155.79267621474602,STRAIGHT,FORWARD_TILT,161.9748026107354,LEFT_TILT,False,0.06169195641837818,0.0,0.10686818368452246,549.7965812683105,338.87391328811646,0.375,0.9979701638221741,False,
3.4166666666666665,82,87.0168185065449,STATIC,101.46126521913324,FLEXION,86.70510158676719,STATIC,85.80710647546844,FLEXION,73.94555526183872,EXTENSION,79.14529602937557,STATIC,116.21896675617559,EXTENSION,73.37861726941804,STATIC,137.6847353903226,145.72172735434006,HUNCH,FORWARD_TILT,165.50800824170943,LEFT_TILT,False,0.20354119390074965,0.0,0.10911639322443473,548.9558982849121,340.979608297348,0.4166666666666665,0.9978795051574707,False,
3.458333333333333,83,81.3181601782516,FLEXION,90.69425949528086,FLEXION,85.31780617643315,STATIC,76.97412108667127,FLEXION,76.66940328382185,STATIC,80.46730316035428,STATIC,118.87354595210117,STATIC,74.72302565897171,STATIC,143.11087177731474,141.0476634771998,HUNCH,FORWARD_TILT,165.42435108931915,LEFT_TILT,False,0.20186992165663434,0.0,0.11122442796153016,549.3729782104492,340.48736929893494,0.45833333333333304,0.9977512657642365,False,
3.5,84,78.8790141973015,STATIC,103.25443450122636,EXTENSION,87.00178365555547,STATIC,88.91206874919186,EXTENSION,72.01491605747039,STATIC,81.2320835285949,STATIC,115.41950149720516,STATIC,75.75306397545874,STATIC,135.669878271098,146.1269849753888,HUNCH,FORWARD_TILT,12.608624464234953,RIGHT_TILT,False,0.04045141500780706,0.0,0.10965169434033631,549.4371604919434,339.86729621887207,0.5,0.9977574646472931,False,
3.5416666666666665,85,80.56440433649284,STATIC,107.25758592872002,STATIC,87.9972124151444,STATIC,94.2105185589229,EXTENSION,71.05641331053374,STATIC,79.20380669392276,STATIC,116.70280924106534,STATIC,74.58840581282035,STATIC,131.12679320150784,148.8972451759702,HUNCH,FORWARD_TILT,13.709954577417218,RIGHT_TILT,False,0.04439102582782661,0.0,0.10823298415528174,549.9485015869141,335.72076201438904,0.5416666666666665,0.9976438879966736,False,
3.583333333333333,86,74.25992092584976,FLEXION,82.63625688417739,FLEXION,84.93694603624456,STATIC,67.66153388016293,FLEXION,81.51951265314688,EXTENSION,83.68014148031013,STATIC,123.06644979393407,EXTENSION,77.97542273834173,STATIC,149.65998134762586,138.02930405945142,HUNCH,FORWARD_TILT,165.04716789393603,LEFT_TILT,False,0.19402381020649495,0.0,0.11005832087977564,552.1199417114258,336.3462424278259,0.583333333333333,0.9977136254310608,False,
3.625,87,74.44230792148062,STATIC,97.8338627772958,EXTENSION,86.72144341038654,STATIC,89.09547854276009,EXTENSION,79.407324691905,STATIC,82.58366222140543,STATIC,116.7204215829944,FLEXION,76.16541950545874,STATIC,138.5610292291729,148.15359496588388,HUNCH,FORWARD_TILT,12.893007272439617,RIGHT_TILT,False,0.02952305734431826,0.0,0.10838050288945361,555.5688095092773,336.9598138332367,0.625,0.9978509247303009,False,
3.6666666666666665,88,70.76518589075651,STATIC,98.36018346211233,STATIC,85.22512664652794,STATIC,86.27497132898175,STATIC,80.15529000908867,STATIC,82.9583315566636,STATIC,121.97513121976486,EXTENSION,76.95493974313136,STATIC,139.4929683230179,146.78414446961858,HUNCH,FORWARD_TILT,16.05340845470713,RIGHT_TILT,False,0.03049530490525228,0.0,0.10679100905304134,556.4579582214355,336.3578510284424,0.6666666666666665,0.9979070723056793,False,
3.708333333333333,89,72.09318819037327,STATIC,86.29221331927968,FLEXION,84.06064819524782,STATIC,61.139479499353946,FLEXION,88.10117734067579,EXTENSION,85.10674588319834,STATIC,128.06357950326796,EXTENSION,78.78410075859954,STATIC,166.94207900646907,128.68607937491208,HUNCH,UPRIGHT,12.43930694046444,RIGHT_TILT,False,0.2140309347224176,0.0,0.10893580756642887,558.7433815002441,335.4377031326294,0.708333333333333,0.9978635311126709,False,
3.75,90,62.541038851872955,FLEXION,77.1093079357403,FLEXION,84.0645317051303,STATIC,50.86875035101907,FLEXION,89.69547095987228,STATIC,84.72017910178818,STATIC,129.41811463739688,STATIC,76.57408027104756,STATIC,175.2233845963955,133.06306941263134,HUNCH,UPRIGHT,15.398019506994881,RIGHT_TILT,False,0.2043042901941526,0.0,0.1108057778140313,563.0602836608887,335.98623633384705,0.75,0.9975662231445312,False,
3.7916666666666665,91,71.22040240260985,EXTENSION,95.80173707183454,EXTENSION,85.05654616840171,STATIC,66.76998795305619,EXTENSION,83.69096508178633,FLEXION,85.90967476742931,STATIC,124.54177320959789,STATIC,78.49955833877152,STATIC,159.90499908601532,128.30878288834745,HUNCH,UPRIGHT,12.280782199911386,RIGHT_TILT,False,0.048202704692561237,0.0,0.10960187256169533,563.1027412414551,335.6504559516907,0.7916666666666665,0.9976380467414856,False,
3.833333333333333,92,73.27947623142178,STATIC,89.57459409848508,FLEXION,84.63522851968666,STATIC,59.82432719513038,FLEXION,88.3790682093902,STATIC,85.72446160997228,STATIC,125.48724904506459,STATIC,78.60272242549358,STATIC,169.50898068095057,125.82340400254814,HUNCH,UPRIGHT,8.998564197534922,UPRIGHT,False,0.220392435549893,0.0,0.11169226054260473,562.5411987304688,336.4762222766876,0.833333333333333,0.997710108757019,False,
3.875,93,74.95151608886223,STATIC,92.1969113884087,STATIC,84.90071426424923,STATIC,59.71753797841435,STATIC,86.69047103796665,STATIC,85.21518935459879,STATIC,126.99117386885108,STATIC,79.22425457990305,STATIC,169.44603114593323,122.44109554238031,HUNCH,UPRIGHT,8.856479243705872,UPRIGHT,False,0.061242009905821515,0.0,0.11075799664192357,561.912784576416,336.6737401485443,0.875,0.9977628290653229,False,
3.9166666666666665,94,69.52433316012632,FLEXION,77.80123911580257,FLEXION,84.90372701287065,STATIC,41.924605175835666,FLEXION,91.75327159887958,EXTENSION,85.49025591338052,STATIC,131.52210152563183,STATIC,80.25918991081761,STATIC,167.83876620297355,113.33276617746016,HUNCH,UPRIGHT,6.28145307884941,UPRIGHT,False,0.24814940849453296,0.0,0.11325602231197102,562.0693778991699,336.40286922454834,0.9166666666666665,0.9975869953632355,False,
3.958333333333333,95,56.83076628109956,FLEXION,86.20617487391208,EXTENSION,85.20006999642402,STATIC,46.469712160260165,STATIC,92.01229879987571,STATIC,84.77445083145516,STATIC,135.93746188771945,STATIC,79.34467740201664,STATIC,170.96383881105257,118.4088691636715,HUNCH,UPRIGHT,1.1565838065163458,UPRIGHT,False,0.07020251296961888,0.0,0.11248720964514329,563.7273025512695,337.50816464424133,0.958333333333333,0.9972831606864929,False,
4.0,96,71.70057569528927,EXTENSION,74.88438804152926,FLEXION,84.44845096632181,STATIC,57.36634409413806,EXTENSION,88.56034347595647,STATIC,84.28515677459454,STATIC,134.85084072173342,STATIC,78.36489593658094,STATIC,173.3873923635865,114.10799594176113,HUNCH,UPRIGHT,3.007784954308824,UPRIGHT,False,0.0797600090183086,0.0,0.11191304823063743,563.309440612793,337.65793919563293,1.0,0.9973727166652679,False,
4.041666666666666,97,54.92001075121223,FLEXION,91.69710844652111,EXTENSION,84.3033684198947,STATIC,57.81163274827171,STATIC,87.09303109450603,STATIC,84.06758094999726,STATIC,131.49427578076774,STATIC,77.58426130958085,STATIC,170.06921675386806,119.71023553498411,HUNCH,UPRIGHT,2.1465928990293808,UPRIGHT,False,0.06731058770003533,0.0,0.11114404029045463,563.7384033203125,338.14828991889954,1.041666666666666,0.9974214732646942,False,
4.083333333333333,98,42.920932113476766,FLEXION,98.15278206547825,EXTENSION,84.41211284868983,STATIC,59.9631090945641,STATIC,89.4932182258555,STATIC,85.16874369774814,STATIC,132.02411935283425,STATIC,78.39987839900927,STATIC,173.40991199998888,124.46518941643336,HUNCH,UPRIGHT,2.2042920337417815,UPRIGHT,False,0.05674402351903696,0.0,0.11022200610788822,565.2117919921875,338.4609818458557,1.083333333333333,0.99732705950737,False,
4.125,99,38.8624014358153,STATIC,95.24017722659897,STATIC,84.46036187436962,STATIC,61.75540138202528,STATIC,91.6621801214171,STATIC,85.15789605505738,STATIC,134.94765183105073,STATIC,76.40751599868247,STATIC,172.78371619286145,129.73874073386466,HUNCH,UPRIGHT,0.5177434102768724,UPRIGHT,False,0.045025020591411856,0.0,0.10913538968261363,569.4724464416504,338.5666286945343,1.125,0.9971840977668762,False,
4.166666666666666,100,64.87880292969419,EXTENSION,99.64476169168157,STATIC,84.4586189532091,STATIC,62.22086414375866,STATIC,90.77828500271124,STATIC,85.01134684964002,STATIC,132.75380386800424,STATIC,77.0739806824467,STATIC,173.3818343015736,127.03339610539994,HUNCH,UPRIGHT,0.3161613130482483,UPRIGHT,False,0.05103689754355567,0.0,0.10818295538525202,570.4306411743164,338.78286838531494,1.166666666666666,0.9971932470798492,False,
4.208333333333333,101,69.62605014582444,STATIC,103.31269425062591,STATIC,84.29073949148238,STATIC,71.71111383702781,EXTENSION,88.5079477400973,STATIC,84.90336478076976,STATIC,128.94072784986952,STATIC,75.96392071887179,STATIC,168.1082070557428,134.64804752093218,HUNCH,UPRIGHT,1.3616097871805208,UPRIGHT,False,0.034115449953484034,0.0,0.10698831820086867,569.2509269714355,338.91974687576294,1.208333333333333,0.9972547292709351,False,
4.25,102,68.44602876942979,STATIC,98.3687936163919,STATIC,84.4935848557347,STATIC,69.31868076760063,STATIC,88.7304371598451,STATIC,84.41538191843406,STATIC,129.94134802690849,STATIC,74.6333559801045,STATIC,171.21020021430482,134.65532689654822,HUNCH,UPRIGHT,1.5141506330901653,UPRIGHT,False,0.03409927356322617,0.0,0.1058313492383664,569.4437789916992,339.37562584877014,1.25,0.9971952736377716,False,
4.291666666666666,103,71.09724865957911,STATIC,94.63577504363936,STATIC,84.5405157837594,STATIC,67.35374186163232,STATIC,87.76251969844489,STATIC,83.91252120770658,STATIC,127.64670111940801,STATIC,74.92917890709353,STATIC,171.89998245156855,133.07637005040283,HUNCH,UPRIGHT,2.884010796160471,UPRIGHT,False,0.03760806655466039,0.0,0.10476536044643349,569.429817199707,339.39772725105286,1.291666666666666,0.9972717761993408,False,
4.333333333333333,104,75.62551695722158,STATIC,90.79685950853457,STATIC,84.56344511427305,STATIC,66.88875938895634,STATIC,87.69587366627962,STATIC,83.91458156377921,STATIC,125.87516220597037,STATIC,75.97490071631613,STATIC,170.48281749559075,131.81811466168358,HUNCH,UPRIGHT,8.13124812371125,UPRIGHT,False,0.040404189640703136,0.0,0.10377518858788379,569.2882347106934,338.57712149620056,1.333333333333333,0.997382640838623,False,
4.375,105,75.19964371154306,STATIC,92.1076293182276,STATIC,84.59610326396538,STATIC,68.6771637479768,STATIC,87.65847479676775,STATIC,83.48050516550312,STATIC,125.3818524630962,STATIC,75.77849640445444,STATIC,170.05129771381698,133.1889361317334,HUNCH,UPRIGHT,8.510119607985551,UPRIGHT,False,0.03735791970725907,0.0,0.10276886633211674,570.2345657348633,338.8873028755188,1.375,0.9974348545074463,False,
4.416666666666666,106,79.0248916592953,STATIC,97.78451227546721,EXTENSION,84.5402468670663,STATIC,71.81629812352685,STATIC,86.56324306864998,STATIC,81.82461311523137,STATIC,121.20174072358576,STATIC,75.51602885854572,STATIC,169.09856172469546,130.21195781385757,HUNCH,UPRIGHT,7.746597411589518,UPRIGHT,False,0.04397342708031652,0.0,0.10189132246268688,569.7761535644531,339.1736876964569,1.416666666666666,0.9975950717926025,False,
4.458333333333333,107,77.08973250989895,STATIC,96.97445118927523,STATIC,84.6600483031526,STATIC,71.19397622067845,STATIC,87.05972094455133,STATIC,82.49177343319322,STATIC,120.36310396922855,STATIC,77.25352940599169,STATIC,169.51084963478854,129.0440483957395,HUNCH,UPRIGHT,8.230915768625161,UPRIGHT,False,0.046568781342801104,0.0,0.10107775568151209,569.6530151367188,339.19968366622925,1.458333333333333,0.9977391362190247,False,
4.5,108,78.19879244428333,STATIC,97.3229810328082,STATIC,84.70552498386354,STATIC,71.95935175622947,STATIC,87.03067670106704,STATIC,82.23056627132875,STATIC,118.18155550256104,STATIC,77.65683875514918,STATIC,168.85504527344398,127.90523662040816,HUNCH,UPRIGHT,8.499209685296288,UPRIGHT,False,0.04909947417687077,0.0,0.1003244472539086,569.6077537536621,339.1887080669403,1.5,0.9979085028171539,False,
4.541666666666666,109,78.17336764006536,STATIC,91.43801510447433,FLEXION,84.67396017472397,STATIC,67.1002708341231,STATIC,87.85846384161408,STATIC,82.67465775435323,STATIC,115.77953877279737,STATIC,77.68251351474044,STATIC,172.54359224401864,126.1442821090371,HUNCH,UPRIGHT,7.331002604812441,UPRIGHT,False,0.05301270642436199,0.0,0.09964856524205794,569.4967079162598,339.116792678833,1.541666666666666,0.9980549514293671,False,
4.583333333333333,110,75.9301148428262,STATIC,92.4978833043931,STATIC,84.89499005866512,STATIC,66.74910899249886,STATIC,87.88044138149017,STATIC,82.24390762355382,STATIC,115.36492644215846,STATIC,77.01182229279735,STATIC,172.4964675609156,125.60975523108175,HUNCH,UPRIGHT,6.844523490453164,UPRIGHT,False,0.054200543930929435,0.0,0.09900845226584486,569.3992233276367,339.00853872299194,1.583333333333333,0.9981957376003265,False,
4.625,111,71.43839667337356,STATIC,89.96385343518752,STATIC,85.22989742161276,STATIC,62.34259425620226,STATIC,88.37833325160217,STATIC,82.26743634172367,STATIC,115.50835734675431,STATIC,77.09391042826621,STATIC,174.65664266228217,125.3445819561313,HUNCH,UPRIGHT,6.040389721910284,UPRIGHT,False,0.05478981787526379,0.0,0.09839430456597568,569.7575569152832,338.998464345932,1.625,0.9982996582984924,False,
4.666666666666666,112,74.30326895704013,STATIC,93.71120100885835,STATIC,85.02430775871942,STATIC,64.74281572223126,STATIC,88.1799805524537,STATIC,81.93811559060481,STATIC,115.08504536007956,STATIC,77.14735636369053,STATIC,173.53287969119043,129.60510409606545,HUNCH,UPRIGHT,6.137431766572449,UPRIGHT,False,0.045321990897632336,0.0,0.09766728657051893,569.6809959411621,338.55111479759216,1.666666666666666,0.9983997344970703,False,
4.708333333333333,113,73.41443109207138,STATIC,96.94669932235207,STATIC,85.11119234092318,STATIC,65.6786181014532,STATIC,88.05755532521889,STATIC,81.9407640827369,STATIC,114.83317057429062,STATIC,77.48678144568488,STATIC,173.6966787117994,127.39425485371254,HUNCH,UPRIGHT,5.856299290295651,UPRIGHT,False,0.050234989213972146,0.0,0.09702630957921424,569.6629905700684,338.5079312324524,1.708333333333333,0.9984656870365143,False,
4.75,114,74.13382902170433,STATIC,98.34355741717602,STATIC,85.04785025369866,STATIC,66.76267921477378,STATIC,88.4456644958656,STATIC,82.06933093912919,STATIC,114.33500668143988,STATIC,77.7129993184726,STATIC,173.78905639312623,128.83877042618826,HUNCH,UPRIGHT,5.265695994676077,UPRIGHT,False,0.047024954608470525,0.0,0.09635962484627099,569.9044609069824,338.7520444393158,1.75,0.9985309541225433,False,
4.791666666666666,115,74.8493650698241,STATIC,97.16745112536236,STATIC,85.04866284129919,STATIC,66.89160118801522,STATIC,88.23556899212363,STATIC,81.82157179462442,STATIC,113.36363507952952,STATIC,77.34388625083446,STATIC,173.49475873335143,128.8499446859394,HUNCH,UPRIGHT,4.606514692884066,UPRIGHT,False,0.04700012292013467,0.0,0.09571015771566393,569.8498153686523,338.88272166252136,1.791666666666666,0.9985876679420471,False,
4.833333333333333,116,76.09543247341668,STATIC,97.9589917458068,STATIC,84.97977421870797,STATIC,68.90220004297495,STATIC,88.50202043527803,STATIC,81.26138529383823,STATIC,112.72773335324476,STATIC,76.3425082803531,STATIC,172.51738193264922,130.47120565097734,HUNCH,UPRIGHT,4.145850617036958,UPRIGHT,False,0.04339732077560591,0.0,0.0950307702229359,569.7708320617676,339.5843553543091,1.833333333333333,0.9986641108989716,False,
4.875,117,75.31771509113041,STATIC,94.5651808674992,STATIC,85.02046468701215,STATIC,67.95764610216267,STATIC,88.25107486768614,STATIC,81.39650420282238,STATIC,111.68215979139674,STATIC,76.22441696845814,STATIC,172.47285151268025,130.9406836673719,HUNCH,UPRIGHT,3.483501074277263,UPRIGHT,False,0.042354036294729114,0.0,0.09435542748026658,569.6674728393555,339.7737729549408,1.875,0.998731255531311,False,
4.916666666666666,118,75.43294864711974,STATIC,96.518997071564,STATIC,85.04042501054401,STATIC,67.80450425294843,STATIC,88.21867350980581,STATIC,82.00912052884475,STATIC,110.30061323210406,STATIC,76.8226684288723,STATIC,172.251970318503,130.5523126430758,HUNCH,UPRIGHT,3.1337298953132,UPRIGHT,False,0.043217083015387105,0.0,0.09370810666425546,569.4046592712402,340.0481414794922,1.916666666666666,0.9988060593605042,False,
4.958333333333333,119,77.45341394750416,STATIC,99.10987911173366,STATIC,84.95796441761134,STATIC,65.21629637814137,STATIC,88.13016869993636,STATIC,82.74101144629002,STATIC,109.53572448526378,STATIC,78.05148479330065,STATIC,173.08479461804373,127.55173640752439,HUNCH,UPRIGHT,1.5797716552209824,UPRIGHT,False,0.049885030205501356,0.0,0.09316031820852103,567.6947021484375,340.0444185733795,1.958333333333333,0.9988694190979004,False,
5.0,120,81.1131190359512,STATIC,101.61576595720578,STATIC,84.95174883245717,STATIC,66.15963558094832,STATIC,88.11658592001706,STATIC,84.19929222644727,STATIC,106.98957719017456,STATIC,79.1864599826573,STATIC,172.7619364758694,127.84626853167953,HUNCH,UPRIGHT,1.4844552841998166,UPRIGHT,False,0.0492305143740455,0.0,0.09261797495130528,567.1127128601074,339.8680794239044,2.0,0.9989258348941803,False,
5.041666666666666,121,80.79661964695815,STATIC,99.02818071010982,STATIC,85.37122596629985,STATIC,67.85530503164182,STATIC,86.44631743588403,STATIC,85.05524544642248,STATIC,107.07648720863375,STATIC,76.89082410613563,STATIC,168.54144908646512,125.12526164465227,HUNCH,UPRIGHT,4.393311409880939,UPRIGHT,False,0.05527719634521718,0.0,0.09216259960245053,563.7628173828125,337.9684317111969,2.041666666666666,0.998997300863266,False,
5.083333333333333,122,76.41361586413579,STATIC,87.00020344183164,FLEXION,84.61786594049016,STATIC,58.77987317976605,FLEXION,89.74020300704514,STATIC,88.16871622009577,STATIC,113.0193869407068,EXTENSION,82.96034652779682,EXTENSION,174.32907711174786,123.11197927576296,HUNCH,UPRIGHT,3.8970274130551754,UPRIGHT,False,0.22641782383163786,0.0,0.09378013242448893,566.2898826599121,338.0772650241852,2.083333333333333,0.9990629553794861,False,
5.125,123,72.31307924477943,STATIC,92.22629849085168,EXTENSION,84.98996512549321,STATIC,59.925399529820844,STATIC,88.50746907102075,STATIC,87.9530090312988,STATIC,113.63608967180892,STATIC,86.41683640414459,STATIC,173.16452772819207,123.703993563242,HUNCH,UPRIGHT,4.628764586180518,UPRIGHT,False,0.05843556985946222,0.0,0.09335936382252433,567.3116874694824,337.9543447494507,2.125,0.999116986989975,False,
5.166666666666666,124,70.03866006449933,STATIC,82.5101191960629,FLEXION,85.08917963304835,STATIC,61.68196119934895,STATIC,88.6246431877269,STATIC,88.28024115866378,STATIC,114.60990519386542,STATIC,89.2010108824435,STATIC,173.018852498046,123.82183199802004,HUNCH,UPRIGHT,5.9296450065035815,UPRIGHT,False,0.05817370667106658,0.0,0.09294541491486012,567.6489067077637,337.09192872047424,2.166666666666666,0.9991505742073059,False,
5.208333333333333,125,67.62455075974131,STATIC,80.51853669516821,STATIC,84.8930140763198,STATIC,60.21202520744043,STATIC,89.9512086795657,STATIC,89.24125892950525,STATIC,115.56471845259732,STATIC,92.07079311956915,STATIC,174.0189838681666,123.51036802214206,HUNCH,UPRIGHT,5.50139645883809,UPRIGHT,False,0.0588658488396843,0.0,0.09254914089073017,567.9229545593262,336.9718408584595,2.208333333333333,0.9991871118545532,False,
5.25,126,64.37172525241627,STATIC,81.14311490275499,STATIC,84.76176043839942,STATIC,57.697553472154546,STATIC,90.5057007156787,STATIC,90.36837491601295,STATIC,115.92238142954294,STATIC,93.24337691527876,STATIC,174.49754937091888,119.51603390282048,HUNCH,UPRIGHT,4.060029400441098,UPRIGHT,False,0.06774214688262115,0.0,0.092264003028568,568.1004333496094,336.82546734809875,2.25,0.9992272555828094,False,
5.291666666666666,127,62.65792848366818,STATIC,83.24336423599861,STATIC,84.90611427599829,STATIC,58.97295213929551,STATIC,90.51376046307718,STATIC,89.74053580998914,STATIC,115.92039882603895,STATIC,96.01385865430301,STATIC,174.58661508740354,120.70923662227604,HUNCH,UPRIGHT,3.944455067597643,UPRIGHT,False,0.065090585283831,0.0,0.09195521419055964,568.1567192077637,336.81179881095886,2.291666666666666,0.9992237389087677,False,
5.333333333333333,128,61.653377710942394,STATIC,88.58247754436437,EXTENSION,85.00564545691317,STATIC,59.90276275472266,STATIC,90.25844465485996,STATIC,88.84106165867894,STATIC,116.40658060128638,STATIC,97.16287830471538,STATIC,174.6703144325329,120.30660214696195,HUNCH,UPRIGHT,4.014909456952901,UPRIGHT,False,0.06598532856230677,0.0,0.09166341772282648,567.5165176391602,337.6227056980133,2.333333333333333,0.9992084503173828,False,
5.375,129,61.54935107081438,STATIC,85.69906465885175,STATIC,85.39776086754314,STATIC,70.42372722815564,EXTENSION,87.40172421526354,STATIC,84.19784814825532,STATIC,116.71126774242545,STATIC,93.70384564544163,STATIC,168.06466442437986,126.62399087500668,HUNCH,UPRIGHT,5.232573403979935,UPRIGHT,False,0.05194668694442961,0.0,0.09122212071417761,567.4826049804688,338.032751083374,2.375,0.9992146193981171,False,
5.416666666666666,130,58.73347540650492,STATIC,85.77801571524395,STATIC,86.74141149738985,STATIC,88.61119590436806,EXTENSION,79.78846775416581,FLEXION,75.22054780069182,FLEXION,111.93425920560938,STATIC,85.0422071587423,FLEXION,146.99810531395283,141.9519446824896,HUNCH,FORWARD_TILT,8.772776541417299,UPRIGHT,False,0.024555444452350177,0.0,0.09048951987613556,567.7303504943848,337.5250840187073,2.416666666666666,0.9992574155330658,False,
5.458333333333333,131,59.25179131800004,STATIC,78.22373647920928,FLEXION,86.00977980158174,STATIC,79.55571283497153,FLEXION,81.88533478107519,STATIC,77.89048878068496,STATIC,112.07583195677452,STATIC,87.37777806520488,STATIC,155.25541910258258,135.697400915642,HUNCH,UPRIGHT,168.63309258541463,LEFT_TILT,False,0.19845022018746225,0.0,0.09166300574908476,567.8482818603516,336.97038173675537,2.458333333333333,0.9992938935756683,False,
5.5,132,58.87088706507837,STATIC,57.05027186719946,FLEXION,85.59542638650738,STATIC,81.09433636430244,STATIC,83.78312030749639,STATIC,80.25234228015101,STATIC,111.68727115159437,STATIC,88.8737283230973,STATIC,159.6570261982002,132.0642223839279,HUNCH,UPRIGHT,167.7632236438464,LEFT_TILT,False,0.03985728359127135,0.0,0.09110595497319428,568.032169342041,335.31049132347107,2.5,0.9993334114551544,False,
5.541666666666666,133,57.263868964275325,STATIC,64.23123983213277,EXTENSION,85.89914207836343,STATIC,75.36551405092472,FLEXION,81.79200770557063,STATIC,78.58490428383422,STATIC,110.10710997496005,STATIC,90.54613499933699,STATIC,155.8887617280377,133.58462039224136,HUNCH,UPRIGHT,168.09147638825524,LEFT_TILT,False,0.2031452880172414,0.0,0.0922978627715352,567.1243286132812,332.8144383430481,2.541666666666666,0.999307781457901,False,
5.583333333333333,134,54.615308188474536,STATIC,67.49606059468333,STATIC,85.7615586588868,STATIC,77.18976143453966,STATIC,82.99623234328128,STATIC,80.10451987177281,STATIC,108.98782104979763,STATIC,88.40623894149725,STATIC,153.96398381541852,133.16211774933763,HUNCH,UPRIGHT,168.27049236590773,LEFT_TILT,False,0.03741751611258304,0.0,0.0917201749119673,567.6667213439941,333.12833189964294,2.583333333333333,0.9993533194065094,False,
5.625,135,52.38286945384778,STATIC,70.58198399247878,STATIC,86.04523500072509,STATIC,75.97420478169354,STATIC,84.5045404186979,STATIC,83.27855521266686,STATIC,107.16558725393625,STATIC,93.04687279107422,STATIC,156.82452867362912,130.9519987640234,HUNCH,UPRIGHT,167.20210734091864,LEFT_TILT,False,0.042328891635503574,0.0,0.09120568237783748,568.3484840393066,333.89129161834717,2.625,0.9993727803230286,False,
5.666666666666666,136,53.32712027171096,STATIC,69.25379096349319,STATIC,85.83094094709398,STATIC,72.57151889994533,STATIC,85.74549310051464,STATIC,84.85850875618661,STATIC,106.7473500723281,STATIC,97.65347258648436,STATIC,160.07730435826375,130.1436549202551,HUNCH,UPRIGHT,167.27100240417195,LEFT_TILT,False,0.044125211288321996,0.0,0.09072031669650225,568.6171340942383,334.02114272117615,2.666666666666666,0.9993658363819122,False,
5.708333333333333,137,53.78094023803301,STATIC,70.65516427394101,STATIC,85.86970502178546,STATIC,70.23026746052673,STATIC,86.16683736018463,STATIC,86.60897589486824,STATIC,106.7887283657218,STATIC,100.68043740019252,STATIC,162.3767533630538,127.94255412560051,HUNCH,UPRIGHT,11.287769030285718,RIGHT_TILT,False,0.049016546387554406,0.0,0.09029476801988033,568.5871887207031,334.2185962200165,2.708333333333333,0.9993528425693512,False,
5.75,138,51.242766411861425,STATIC,71.79717978298657,STATIC,85.72586972782202,STATIC,70.1307804824802,STATIC,86.37975102834817,STATIC,86.87163147445149,STATIC,106.63423222893663,STATIC,100.66558493235422,STATIC,162.92779282890774,126.79498838606585,HUNCH,UPRIGHT,10.20648954162677,RIGHT_TILT,False,0.0515666924754092,0.0,0.08990357533761295,568.6449432373047,334.340615272522,2.75,0.9993649423122406,False,
5.791666666666666,139,52.83116325404599,STATIC,74.96296620008692,STATIC,85.5765703605986,STATIC,71.07175326045095,STATIC,86.23801063153158,STATIC,86.68761401099144,STATIC,107.50567912806001,STATIC,103.12165890459514,STATIC,162.811722681703,127.12397831183536,HUNCH,UPRIGHT,9.473290399393347,UPRIGHT,False,0.050835603751477,0.0,0.08951289562175159,568.6869239807129,334.4514012336731,2.791666666666666,0.9993662238121033,False,
5.833333333333333,140,52.849122156747384,STATIC,73.94747140124144,STATIC,85.35598132246076,STATIC,71.86157635988668,STATIC,83.85595507657558,STATIC,83.9736840302523,STATIC,107.78087541722132,STATIC,103.04373580149117,STATIC,159.49139291326287,128.8051986008012,HUNCH,UPRIGHT,8.3693718987834,UPRIGHT,False,0.04709955866488624,0.0,0.08909296159247569,568.6149787902832,334.52558040618896,2.833333333333333,0.9993679821491241,False,
5.875,141,54.39874508866739,STATIC,64.65172596175964,FLEXION,85.05430995605126,STATIC,60.93745734943871,FLEXION,86.36957220291397,STATIC,83.68621608357876,STATIC,111.24873336084087,STATIC,107.29136238876468,STATIC,167.75154097263,123.33435432813707,HUNCH,UPRIGHT,7.8329211834828225,UPRIGHT,False,0.2259236570485843,0.0,0.09043443899890813,568.2219505310059,334.48363065719604,2.875,0.9993356466293335,False,
5.916666666666666,142,57.354427834388034,STATIC,65.92339885356283,STATIC,84.91087417707817,STATIC,50.641239693687275,FLEXION,89.65442051356925,STATIC,86.35830166700867,STATIC,115.91953558516985,STATIC,112.42528752730367,EXTENSION,174.58708897990243,115.69029391810855,HUNCH,UPRIGHT,6.444991086137775,UPRIGHT,False,0.24291045795975877,0.0,0.09191478869755718,567.4545097351074,334.8958647251129,2.916666666666666,0.9993042647838593,False,
5.958333333333333,143,57.48086022871597,STATIC,64.82226220944283,STATIC,85.06783927905784,STATIC,52.819398973809456,STATIC,88.68730271376529,STATIC,83.20773155592128,STATIC,116.89071631682489,STATIC,112.29250576585572,STATIC,175.0646641356929,117.74647377395165,HUNCH,UPRIGHT,6.486900443375032,UPRIGHT,False,0.07167450272455189,0.0,0.09172017056320135,567.296142578125,335.0081741809845,2.958333333333333,0.9992454648017883,False,
6.0,144,56.982867771184985,STATIC,64.1969426276215,STATIC,85.24240872212657,STATIC,51.52136593872554,STATIC,87.8075814561914,STATIC,82.66455113397441,STATIC,116.30827159974659,STATIC,112.79694948908285,STATIC,174.5006911584504,117.73574055022624,HUNCH,UPRIGHT,6.205796772224976,UPRIGHT,False,0.07169835433283056,0.0,0.09152948659910258,566.4191627502441,334.7161567211151,3.0,0.9992011785507202,False,
6.041666666666666,145,60.640131408343464,STATIC,64.17460313269852,STATIC,85.00523261449378,STATIC,48.38312925032637,STATIC,89.71009164073907,STATIC,85.31875604509152,STATIC,117.56722945707025,STATIC,114.20364072080748,STATIC,174.94555585493066,114.48683558538994,HUNCH,UPRIGHT,5.495638563789899,UPRIGHT,False,0.07891814314357792,0.0,0.09141051166084292,566.5938949584961,335.1034140586853,3.041666666666666,0.9992123544216156,False,
6.083333333333333,146,62.111866318864045,STATIC,70.66243398274528,EXTENSION,84.94226333410575,STATIC,45.42051199568268,STATIC,89.78546149157137,STATIC,85.53077847077114,STATIC,119.81927035591686,STATIC,115.88078229669762,STATIC,172.39859526205575,107.58975203309915,HUNCH,UPRIGHT,4.468115670061923,UPRIGHT,False,0.0942449954820019,0.0,0.09143700216384441,565.3921127319336,334.93502497673035,3.083333333333333,0.9991847276687622,False,
6.125,147,66.28978061244898,STATIC,75.90901743419948,EXTENSION,84.68052832494985,STATIC,48.60820259648325,STATIC,90.3928448233145,STATIC,86.29733938363083,STATIC,120.89512254477359,STATIC,111.86069823290754,STATIC,171.5508075663172,106.90199044007315,HUNCH,UPRIGHT,2.3209256522067077,UPRIGHT,False,0.09577335457761522,0.0,0.09147715357508303,565.4888534545898,336.05157494544983,3.125,0.9991861283779144,False,
6.166666666666666,148,66.42211970867488,STATIC,79.5531747581686,STATIC,84.66409492652583,STATIC,47.46543243269052,STATIC,91.75740197614095,STATIC,87.90593838057251,STATIC,123.25172551966497,STATIC,112.88661339932153,STATIC,168.18841019599768,101.70601689816455,HUNCH,UPRIGHT,1.3821828913420198,UPRIGHT,False,0.10731996244852322,0.0,0.09162250044548156,565.5357933044434,336.6030156612396,3.166666666666666,0.9991611838340759,False,
6.208333333333333,149,65.42139190464242,STATIC,78.43399472361634,STATIC,84.76464807471342,STATIC,44.43177740901941,STATIC,92.43404230987208,STATIC,87.73497593988313,STATIC,125.59795841313502,STATIC,113.95736554962028,STATIC,165.13799330523725,99.1898362232415,HUNCH,UPRIGHT,1.2987491112770213,UPRIGHT,False,0.11291147505946335,0.0,0.09181603657833595,565.6122589111328,336.6130578517914,3.208333333333333,0.9990878105163574,False,
6.25,150,63.92019096222693,STATIC,85.07972384606931,EXTENSION,84.99713983806159,STATIC,51.480944416252,EXTENSION,90.79231163423097,STATIC,85.21212622365957,STATIC,124.83460953868835,STATIC,105.17151074458742,FLEXION,169.22211586082057,101.86784730423597,HUNCH,UPRIGHT,1.998375696170434,UPRIGHT,False,0.10696033932392009,0.0,0.09195247173820609,565.7955932617188,336.63747668266296,3.25,0.9990517199039459,False,
6.291666666666666,151,60.5319149401118,STATIC,84.47569763003767,STATIC,85.39492076179496,STATIC,52.053947390268824,STATIC,90.43930699515336,STATIC,85.156447962235,STATIC,123.94866455219788,STATIC,108.86713611306837,STATIC,170.99969451291014,106.5426276086917,HUNCH,UPRIGHT,2.1541147016469666,UPRIGHT,False,0.09657193864735177,0.0,0.0919937169784663,566.9144630432129,336.6223919391632,3.291666666666666,0.9990237951278687,False,
6.333333333333333,152,59.59401485527571,STATIC,84.6875238530875,STATIC,85.37772277872625,STATIC,56.20231059839009,STATIC,89.88787132430186,STATIC,83.42224844754863,STATIC,122.60354251308834,STATIC,105.37050396159489,STATIC,173.46474615937484,109.72905285496432,HUNCH,UPRIGHT,3.026196393151353,UPRIGHT,False,0.08949099365563484,0.0,0.09197156898445895,567.4854850769043,336.5744984149933,3.333333333333333,0.9990339875221252,False,
6.375,153,53.18494326528527,FLEXION,83.8266303157802,STATIC,86.04038464984318,STATIC,55.700718280528164,STATIC,89.59610915922082,STATIC,83.73872072566641,STATIC,124.01868807923154,STATIC,107.17435154082101,STATIC,173.26116791633268,112.59534347356451,HUNCH,UPRIGHT,4.038084037601176,UPRIGHT,False,0.08312145894763441,0.0,0.09189393644027627,569.1453552246094,336.65640234947205,3.375,0.9990283250808716,False,
6.416666666666666,154,54.951379314902866,STATIC,75.51030136002795,FLEXION,85.64884469656717,STATIC,47.41391443120852,FLEXION,91.30705345797774,STATIC,87.57103986801505,STATIC,127.63864210294214,STATIC,112.22117768587974,EXTENSION,167.83621767498173,108.19997541197331,HUNCH,UPRIGHT,4.754062128629853,UPRIGHT,False,0.25955561019561485,0.0,0.0933518640381488,569.1835975646973,336.62286400794983,3.416666666666666,0.9990135729312897,False,
6.458333333333333,155,54.54571980925985,STATIC,76.1685297702203,STATIC,85.63846235307888,STATIC,44.91995607707353,STATIC,91.88186507952013,STATIC,87.81027837933334,STATIC,128.75902984170892,STATIC,112.44716934605493,STATIC,165.24964387066453,106.94384589657089,HUNCH,UPRIGHT,2.5782117074388617,UPRIGHT,False,0.09568034245206469,0.0,0.09337193712792392,569.0384292602539,335.53536772727966,3.458333333333333,0.9988422691822052,False,
6.5,156,58.95113295757213,STATIC,74.8656425327529,STATIC,85.1738843135251,STATIC,47.50264072990953,STATIC,91.91540417283014,STATIC,88.73616158794795,STATIC,127.71626990432078,STATIC,109.47051973748391,STATIC,167.3336155409902,111.63844367973073,HUNCH,UPRIGHT,3.9401263221920453,UPRIGHT,False,0.08524790293393174,0.0,0.09330250093823168,569.1540336608887,336.54698967933655,3.5,0.998845100402832,False,
6.541666666666666,157,55.86829608600313,STATIC,67.18125797894366,FLEXION,84.89274374673666,STATIC,46.645937066652806,STATIC,92.18957183272258,STATIC,88.60197239903174,STATIC,128.39714943417707,STATIC,110.27985096762048,STATIC,167.0271273683819,111.96270526511537,HUNCH,UPRIGHT,3.101226813479325,UPRIGHT,False,0.08452732163307693,0.0,0.09322813501191682,569.5727920532227,336.7171597480774,3.541666666666666,0.9988441169261932,False,
6.583333333333333,158,56.20978529489644,STATIC,62.622653659214734,STATIC,84.8661494324801,STATIC,44.959964509393465,STATIC,92.32056071426318,STATIC,91.84264989947364,STATIC,126.18734506638118,STATIC,107.23595144340959,STATIC,166.8848868010985,112.33526129767586,HUNCH,UPRIGHT,3.7232275670864845,UPRIGHT,False,0.08369941933849807,0.0,0.09314806177096371,569.5454978942871,336.1107659339905,3.583333333333333,0.9988502264022827,False,
6.625,159,59.01703364243883,STATIC,83.28970707780466,EXTENSION,84.52602540897274,STATIC,45.62425792987959,STATIC,92.88896061495971,STATIC,91.56939576697837,STATIC,130.00481547181016,STATIC,107.93390994108688,STATIC,166.02018344645967,107.54658473645453,HUNCH,UPRIGHT,3.779988308489171,UPRIGHT,False,0.09434092280787883,0.0,0.09315800227960466,566.8284606933594,336.0476052761078,3.625,0.9988333880901337,False,
6.666666666666666,160,43.83437635510009,FLEXION,80.55413795740432,STATIC,87.20824631402178,STATIC,70.01763014697364,EXTENSION,85.09060786248384,FLEXION,82.63392657086773,FLEXION,122.89429397827467,FLEXION,97.07297385661299,FLEXION,165.31118804107342,129.05456577062262,HUNCH,UPRIGHT,2.564032808714621,UPRIGHT,False,0.0465454093986164,0.0,0.09277277423926593,567.106819152832,333.861722946167,3.666666666666666,0.9988877177238464,False,
6.708333333333333,161,25.60317241079659,FLEXION,85.01439071872367,STATIC,88.76990944205788,STATIC,65.31539140266597,STATIC,90.19395442388772,EXTENSION,95.31780006466853,EXTENSION,130.73607725586768,EXTENSION,115.27383643654332,EXTENSION,170.04900423685325,119.2947756048827,HUNCH,UPRIGHT,1.8060191148398919,UPRIGHT,False,0.06823383198914956,0.0,0.09257163536836333,567.8006172180176,333.6314928531647,3.708333333333333,0.9989100992679596,False,
6.75,162,24.291889609739833,STATIC,116.4433902213688,EXTENSION,87.50986794796853,STATIC,84.44548753453428,EXTENSION,85.01498056460431,FLEXION,89.44493636047982,FLEXION,128.76556902678638,STATIC,110.91980871387923,STATIC,157.021312051944,131.31465117178476,HUNCH,UPRIGHT,7.7714383289531295,UPRIGHT,False,0.04152299739603386,0.0,0.09215660579135253,568.3219909667969,327.8478240966797,3.75,0.9989796876907349,False,
6.791666666666666,163,12.042029531416606,FLEXION,131.00667406454255,EXTENSION,86.02050784476263,STATIC,91.57440870319212,EXTENSION,84.20506440236417,STATIC,81.08544460597844,FLEXION,126.34517751321968,STATIC,100.88711399504086,FLEXION,148.5171066901325,136.56962015992914,HUNCH,FORWARD_TILT,4.095571697030637,UPRIGHT,False,0.03314060699986302,0.0,0.09168067031722761,567.2869110107422,321.57406210899353,3.791666666666666,0.9989874362945557,False,
6.833333333333333,164,47.25716629832421,EXTENSION,132.38994569556024,STATIC,86.7519948543947,STATIC,61.279595454457414,FLEXION,90.44058600792465,EXTENSION,89.48317933073965,EXTENSION,133.6872427950696,EXTENSION,101.8204391823808,STATIC,175.0678214831687,115.34996235770411,HUNCH,UPRIGHT,6.832712815060577,UPRIGHT,False,0.24366675031621307,0.0,0.0928965589572195,565.9113883972168,322.7630639076233,3.833333333333333,0.9990212023258209,False,
6.875,165,28.164471110897228,FLEXION,130.7501206207571,STATIC,86.83953666891357,STATIC,66.08346883471347,STATIC,91.76795989068458,STATIC,89.5895200620882,STATIC,131.50585096547545,STATIC,99.31534779435854,STATIC,174.92734679229633,117.91889405960288,HUNCH,UPRIGHT,12.879930652238883,LEFT_TILT,False,0.07129134653421583,0.0,0.09272508901735438,566.5206146240234,324.8201251029968,3.875,0.999010294675827,False,
6.916666666666666,166,25.35777738469919,STATIC,134.69290145050792,STATIC,87.55144376649147,STATIC,53.98761836602758,FLEXION,93.08901535340084,STATIC,91.03299240394777,STATIC,135.08971903676255,STATIC,98.42361402228664,STATIC,160.35751276848058,107.94945284226196,HUNCH,UPRIGHT,11.741636513672558,LEFT_TILT,False,0.2601123270171956,0.0,0.09404309876538462,567.2711753845215,325.2687084674835,3.916666666666666,0.9990532100200653,False,
6.958333333333333,167,32.24262301310457,EXTENSION,136.59240902548632,STATIC,86.85897658695865,STATIC,59.078093737541856,EXTENSION,92.47472279249362,STATIC,89.0966619564981,STATIC,131.80963682857865,STATIC,90.03262936876408,FLEXION,170.3720075538349,112.57008157639324,HUNCH,UPRIGHT,10.547399317068988,LEFT_TILT,False,0.08317759649690393,0.0,0.09395821202891212,567.5730323791504,325.9465563297272,3.958333333333333,0.999052107334137,False,
7.0,168,31.916571634598668,STATIC,136.9518926521852,STATIC,86.42788739807702,STATIC,57.752500346898415,STATIC,92.74347949544638,STATIC,86.16395017170206,STATIC,136.14494654972245,STATIC,85.34334687533097,STATIC,166.8032705446164,118.98684272333551,HUNCH,UPRIGHT,13.302507779509808,LEFT_TILT,False,0.06891812728147666,0.0,0.09376410284482348,567.9554557800293,327.28841185569763,4.0,0.9990580976009369,False,
7.041666666666666,169,33.300943926267365,STATIC,137.09942324346352,STATIC,86.34496254510577,STATIC,58.230091344476854,STATIC,93.27168145975908,STATIC,85.73121551140362,STATIC,135.93218664659508,STATIC,81.15057221924053,STATIC,169.9424683895952,126.2462920478749,HUNCH,UPRIGHT,12.13368098596772,LEFT_TILT,False,0.052786017671389095,0.0,0.09344888680502782,567.9651260375977,327.46333479881287,4.041666666666666,0.9990523159503937,False,
7.083333333333333,170,29.92054506822501,STATIC,135.95246164485744,STATIC,86.40137901487199,STATIC,60.92644075900165,STATIC,93.04445355630959,STATIC,84.74439128154825,STATIC,132.34574947925796,STATIC,75.51023693407475,FLEXION,173.80779969699034,116.02906245205774,HUNCH,UPRIGHT,10.036711356090446,LEFT_TILT,False,0.07549097232876056,0.0,0.09331180348841508,567.9290199279785,328.2698857784271,4.083333333333333,0.999023973941803,False,
7.125,171,32.39767626925158,STATIC,137.42610943009896,STATIC,86.39891129045925,STATIC,60.23727225198292,STATIC,93.07221715946913,STATIC,85.60496910022238,STATIC,132.8950712780866,STATIC,74.75499441526343,STATIC,172.84184049495084,114.5761737937859,HUNCH,UPRIGHT,9.768500799797865,UPRIGHT,False,0.07871961379158691,0.0,0.09320125659677246,567.40966796875,327.5515043735504,4.125,0.9990158379077911,False,
7.166666666666666,172,32.04762250113044,STATIC,137.681351067268,STATIC,86.57394566626,STATIC,59.84744421946634,STATIC,93.12165487433491,STATIC,85.96069642443787,STATIC,134.50114325760407,STATIC,73.78367436805392,STATIC,172.87490270480444,114.9495843767631,HUNCH,UPRIGHT,7.886292185344903,UPRIGHT,False,0.077889812496082,0.0,0.09308613295691764,567.2401809692383,326.7947995662689,4.166666666666666,0.9990145266056061,False,
7.208333333333333,173,35.57610533117617,STATIC,137.97119137158106,STATIC,86.51619458220729,STATIC,59.698382180681484,STATIC,93.18194651277281,STATIC,86.07152274528745,STATIC,134.1202854396464,STATIC,71.66599758416257,STATIC,172.4995286951833,115.25099790285356,HUNCH,UPRIGHT,7.241858101312601,UPRIGHT,False,0.07722000466032541,0.0,0.09296772901440577,566.8568229675293,326.9090723991394,4.208333333333333,0.9989835619926453,False,
7.25,174,35.94437810969857,STATIC,134.75550067686873,STATIC,87.00795227252577,STATIC,55.37388450113319,STATIC,92.65866139340689,STATIC,86.43041300218046,STATIC,132.51767719965136,STATIC,72.78394771796813,STATIC,169.3587273548855,112.74758832100102,HUNCH,UPRIGHT,4.671059410500609,UPRIGHT,False,0.08278313706444218,0.0,0.09289228759255419,566.3124656677246,326.4746940135956,4.25,0.9989703297615051,False,
7.291666666666666,175,33.45456258751367,STATIC,133.42872596332424,STATIC,87.09273470248772,STATIC,55.8862668939805,STATIC,92.38961957182958,STATIC,86.09505187662802,STATIC,133.1631346097124,STATIC,70.70615725071784,STATIC,170.39836446452537,112.97118495080521,HUNCH,UPRIGHT,3.857472715522204,UPRIGHT,False,0.08228625566487731,0.0,0.0928143020636742,566.1381721496582,326.54608368873596,4.291666666666666,0.9989145696163177,False,
7.333333333333333,176,33.30060277348147,STATIC,133.54106992686835,STATIC,87.06905396962314,STATIC,56.592542671063285,STATIC,93.02690726851753,STATIC,85.59394410217264,STATIC,135.3938859351644,STATIC,68.41021485741834,STATIC,172.22179094404223,113.66918079153575,HUNCH,UPRIGHT,2.77515043599508,UPRIGHT,False,0.0807351537965872,0.0,0.09272613309822102,565.2458000183105,325.47518491744995,4.333333333333333,0.9988518059253693,False,
7.375,177,31.065121416647347,STATIC,133.41257324595477,STATIC,87.18219354650768,STATIC,56.27294487962048,STATIC,93.65562662023663,STATIC,86.37374323274351,STATIC,137.73990845180012,STATIC,67.2157657860592,STATIC,172.0993605030673,113.70994978874309,HUNCH,UPRIGHT,2.4387405324341724,UPRIGHT,False,0.08064455602501537,0.0,0.09263858543827025,565.2228355407715,324.75629925727844,4.375,0.9988028109073639,False,
7.416666666666666,178,31.47708759943863,STATIC,134.00852771546081,STATIC,87.21282973427356,STATIC,54.67572633519597,STATIC,94.20990928375188,STATIC,87.13072250485641,STATIC,139.39849466927885,STATIC,67.39350901683731,STATIC,170.34851491620495,113.10891250220588,HUNCH,UPRIGHT,3.358374236830542,UPRIGHT,False,0.08198019443954248,0.0,0.09256190636633696,565.0905799865723,324.09258127212524,4.416666666666666,0.9987747967243195,False,
7.458333333333333,179,31.74382193251764,STATIC,134.5476216537832,STATIC,86.99666813638174,STATIC,55.032704566765204,STATIC,95.21030731270761,STATIC,86.35118330836562,STATIC,141.033820705581,STATIC,67.11416231120103,STATIC,169.06925768454968,116.20544310210363,HUNCH,UPRIGHT,4.372598819065233,UPRIGHT,False,0.07509901532865859,0.0,0.09243717143035356,564.1495323181152,323.90838861465454,4.458333333333333,0.9987758696079254,False,
7.5,180,28.30082497311704,STATIC,133.24176313005054,STATIC,86.85865450516879,STATIC,55.4355770310081,STATIC,94.97082906468822,STATIC,84.64471033644423,STATIC,142.07845260584304,STATIC,69.08144940577354,STATIC,169.67202493898435,115.7389581956109,HUNCH,UPRIGHT,5.639144189366744,UPRIGHT,False,0.076135648454198,0.0,0.09232155779222478,564.0315818786621,324.25174355506897,4.5,0.998748242855072,False,
7.541666666666666,181,29.67615370249264,STATIC,132.74108625655498,STATIC,86.75705945531546,STATIC,54.60582142161436,STATIC,95.09283753491073,STATIC,84.1178623972901,STATIC,143.20126258523297,STATIC,71.83138742497803,STATIC,168.99274687594283,115.4977152954667,HUNCH,UPRIGHT,5.994530880837872,UPRIGHT,False,0.07667174378785176,0.0,0.09221134783444751,563.4181213378906,324.26252603530884,4.541666666666666,0.9987083077430725,False,
7.583333333333333,182,28.578522132224464,STATIC,130.5060441199825,STATIC,86.74025587261025,STATIC,53.96238543241697,STATIC,95.05393707858649,STATIC,84.00170618331072,STATIC,144.0293173081865,STATIC,75.20255470308224,STATIC,169.03116085805175,115.41492343581803,HUNCH,UPRIGHT,5.807095530586566,UPRIGHT,False,0.07685572569818218,0.0,0.09210396586146664,563.0455017089844,324.31203961372375,4.583333333333333,0.9986441135406494,False,
7.625,183,29.77842305581363,STATIC,130.02848841352233,STATIC,86.58654520832862,STATIC,53.59372416583309,STATIC,95.05156656668817,STATIC,83.85650825330602,STATIC,144.94007071256087,STATIC,77.93421821411405,STATIC,168.8156638721114,116.58654385209451,HUNCH,UPRIGHT,5.647846984035832,UPRIGHT,False,0.0742521247731233,0.0,0.09197999474279758,563.044490814209,324.3756937980652,4.625,0.9985908567905426,False,
7.666666666666666,184,30.528863952704455,STATIC,129.27160616178543,STATIC,86.4451327039852,STATIC,55.554071543694434,STATIC,94.58373186947148,STATIC,83.91185265905578,STATIC,143.67158441492552,STATIC,79.69955365269838,STATIC,171.90382083703025,119.7271392743304,HUNCH,UPRIGHT,5.4794809859110325,UPRIGHT,False,0.06727302383482132,0.0,0.09180960183998395,562.8755187988281,324.42384481430054,4.666666666666666,0.9985686838626862,False,
7.708333333333333,185,26.875055933745138,STATIC,126.99217318497628,STATIC,86.45158152831294,STATIC,59.03727544310926,STATIC,95.04512473500203,STATIC,84.00134313501799,STATIC,144.54034547928745,STATIC,80.93067084943291,STATIC,173.97530837929665,123.84618761410572,HUNCH,UPRIGHT,5.815993935814734,UPRIGHT,False,0.05811958307976506,0.0,0.09157884828683177,562.6971435546875,324.4214415550232,4.708333333333333,0.9985921680927277,False,
7.75,186,26.11587812137322,STATIC,126.40779431725707,STATIC,86.37146101487552,STATIC,61.24795495414807,STATIC,94.8176536975313,STATIC,84.7631014525755,STATIC,143.6578073686628,STATIC,81.83208383276978,STATIC,175.6877148911283,127.05095668951914,HUNCH,UPRIGHT,6.58005533542711,UPRIGHT,False,0.05099787402329081,0.0,0.09130278723741993,562.9608345031738,324.96646642684937,4.75,0.998609870672226,False,
7.791666666666666,187,34.24056658454158,EXTENSION,127.51612687503581,STATIC,85.92475967778083,STATIC,61.67604272281194,STATIC,94.53312663562438,STATIC,85.62107137932568,STATIC,143.09434555351874,STATIC,82.9832958271655,STATIC,176.25496360798905,129.0949587500138,HUNCH,UPRIGHT,7.2940856776809,UPRIGHT,False,0.046455647222191566,0.0,0.09099976602110083,563.1257629394531,325.38626432418823,4.791666666666666,0.9986398816108704,False,
7.833333333333333,188,37.47987227988743,STATIC,129.64569225605922,STATIC,85.7939995058697,STATIC,63.089573178970305,STATIC,94.32493916625319,STATIC,86.95156550828044,STATIC,143.26329895079544,STATIC,84.37152927946222,STATIC,176.81829105190718,131.7247448731979,HUNCH,UPRIGHT,7.431751323707529,UPRIGHT,False,0.04061167805956023,0.0,0.09066159093411062,563.8667297363281,325.3449261188507,4.833333333333333,0.9986469149589539,False,
7.875,189,35.312442174998566,STATIC,129.41479638454612,STATIC,85.85574075634173,STATIC,62.936344243732485,STATIC,93.916297433511,STATIC,87.32830004431997,STATIC,140.6655089600745,STATIC,84.09492711208222,STATIC,177.47801111952555,132.91126354817553,HUNCH,UPRIGHT,7.338594600215974,UPRIGHT,False,0.03797496989294328,0.0,0.09031034679383618,564.1347885131836,325.2693200111389,4.875,0.9986689984798431,False,
7.916666666666666,190,39.229012263836395,STATIC,129.33164941003454,STATIC,85.78130396470686,STATIC,62.23402749673718,STATIC,93.82961981871625,STATIC,87.39988158789039,STATIC,138.30061206385076,STATIC,83.75208089761173,STATIC,177.4935215157602,131.72397971710208,HUNCH,UPRIGHT,7.524485408706075,UPRIGHT,False,0.040613378406439825,0.0,0.08998122779789315,563.7600326538086,324.6918296813965,4.916666666666666,0.9986870586872101,False,
7.958333333333333,191,38.534276016111185,STATIC,128.51374033540017,STATIC,85.61090881232992,STATIC,58.23270135043484,STATIC,93.60121841475848,STATIC,87.56395321207168,STATIC,136.45199928183425,STATIC,83.4256141063824,STATIC,172.5549125999073,130.09036336032207,HUNCH,UPRIGHT,8.698416575090915,UPRIGHT,False,0.04424363697706205,0.0,0.08968032259512453,563.7639808654785,324.4889795780182,4.958333333333333,0.9987009763717651,False,
8.0,192,35.85291552842166,STATIC,128.08406185347565,STATIC,85.80018160511216,STATIC,58.047501787780575,STATIC,93.01065833822864,STATIC,87.40734590049422,STATIC,135.1250729630639,STATIC,83.69507854068466,STATIC,172.85915104679808,128.33024573994746,HUNCH,UPRIGHT,9.486256534482786,UPRIGHT,False,0.048155009466783416,0.0,0.08940891531977589,563.7699317932129,324.2704653739929,5.0,0.9987215101718903,False,
8.041666666666666,193,33.439780402992156,STATIC,127.42649451464656,STATIC,85.92335797603981,STATIC,58.663384377348656,STATIC,92.96172868854963,STATIC,87.13450298418594,STATIC,133.49212578925054,STATIC,83.33038480850756,STATIC,173.9128788788311,129.4875636799694,HUNCH,UPRIGHT,9.624474171413201,UPRIGHT,False,0.0455831918222902,0.0,0.08912433269966236,564.0626525878906,324.29765224456787,5.041666666666666,0.9987241923809052,False,
8.083333333333332,194,34.41418167576779,STATIC,126.82827993674142,STATIC,85.95241674070905,STATIC,59.109551516473104,STATIC,92.94151953660638,STATIC,86.9681251231306,STATIC,131.9729048574518,STATIC,82.59106561115472,STATIC,174.60775650931177,129.46214123995853,HUNCH,UPRIGHT,9.80714363011671,UPRIGHT,False,0.045639686133425506,0.0,0.0888437865927834,564.3350410461426,324.33189868927,5.083333333333332,0.9987217783927917,False,
8.125,195,37.55124451612897,STATIC,127.03102426072019,STATIC,85.78283826623786,STATIC,59.051267486631176,STATIC,92.6507805776026,STATIC,86.86153367511777,STATIC,130.1740515280025,STATIC,81.13525759933388,STATIC,174.93655074683596,131.47113862612974,HUNCH,UPRIGHT,10.253235543296464,LEFT_TILT,False,0.041175247497489464,0.0,0.08853821903448024,564.2753028869629,324.42798614501953,5.125,0.9987371861934662,False,
8.166666666666666,196,37.344532859313,STATIC,128.21387681192982,STATIC,85.7956068979235,STATIC,59.649582262563165,STATIC,92.82870860831973,STATIC,86.47221454597627,STATIC,129.307707592413,STATIC,78.40863011132684,STATIC,175.40158463972824,131.5847594629311,HUNCH,UPRIGHT,10.233224772838568,LEFT_TILT,False,0.040922756749042034,0.0,0.08823493583520993,564.075984954834,324.4414508342743,5.166666666666666,0.9987460970878601,False,
8.208333333333332,197,37.27296480696327,STATIC,127.41231563666332,STATIC,85.75977680871706,STATIC,59.70511618021552,STATIC,92.75972022082345,STATIC,86.20597866021109,STATIC,129.09800383744616,STATIC,75.64873652484086,STATIC,175.90849785710756,133.65199079488494,HUNCH,UPRIGHT,10.347470518764526,LEFT_TILT,False,0.03632890934470012,0.0,0.08790641668020671,563.848876953125,324.45898175239563,5.208333333333332,0.9987445771694183,False,
8.25,198,37.61641914812293,STATIC,124.17585347732185,STATIC,85.75609108403334,STATIC,59.68633778934609,STATIC,92.95144893043735,STATIC,85.95840151100782,STATIC,128.17402556779754,STATIC,74.24312073219004,STATIC,176.42120628929965,135.1100003418953,HUNCH,UPRIGHT,10.520864133780721,LEFT_TILT,False,0.03308888812912155,0.0,0.08756165234969673,563.9524459838867,324.428426027298,5.25,0.9987768232822418,False,
8.291666666666666,199,38.40990775195881,STATIC,124.11401932421992,STATIC,85.81149962903791,STATIC,60.12082636746667,STATIC,92.86370884826448,STATIC,85.27968070562723,STATIC,127.7620060454124,STATIC,71.48338345247754,STATIC,177.9478932851249,136.40734722389624,HUNCH,UPRIGHT,9.953301192803995,UPRIGHT,False,0.030205895058008376,0.0,0.08720317886662368,563.8156127929688,324.01562333106995,5.291666666666666,0.99870365858078,False,
8.333333333333332,200,41.79739816013797,STATIC,124.79375945827472,STATIC,85.88067952294362,STATIC,60.600365421461284,STATIC,92.92026738499827,STATIC,84.92886609110023,STATIC,128.54899803937218,STATIC,68.48804727662132,STATIC,178.39573022913206,135.67488175052236,HUNCH,UPRIGHT,9.552653356377041,UPRIGHT,False,0.031833596109950325,0.0,0.08685926841471887,563.2880210876465,323.640478849411,5.333333333333332,0.998595267534256,False,
8.375,201,43.59689504552904,STATIC,125.57330652231713,STATIC,86.02225949065128,STATIC,60.63464614588672,STATIC,93.04970920077578,STATIC,85.19062269862916,STATIC,127.70255681907858,STATIC,66.41602469691188,STATIC,178.0125098010236,134.42361809352963,HUNCH,UPRIGHT,9.048497733075918,UPRIGHT,False,0.0346141820143786,0.0,0.08653676788138344,562.9133033752441,323.5855793952942,5.375,0.9985600709915161,False,
8.416666666666666,202,46.721397509222484,STATIC,124.54580261996703,STATIC,85.97259613963877,STATIC,59.73639738776,STATIC,93.03070266644114,STATIC,85.34725121670832,STATIC,129.5331936061115,STATIC,64.48596626115305,STATIC,177.57587520965004,134.73820675315707,HUNCH,UPRIGHT,8.738432081696146,UPRIGHT,False,0.03391509610409538,0.0,0.08621393553919149,562.3435974121094,323.58309030532837,5.416666666666666,0.9984551966190338,False,
8.458333333333332,203,42.72955142333515,STATIC,125.47564785683171,STATIC,86.10254735758774,STATIC,56.39008125543701,STATIC,91.31460482375847,STATIC,84.94152473154797,STATIC,126.79948005133349,STATIC,64.30982087263632,STATIC,176.02134227477958,128.8169627376161,HUNCH,UPRIGHT,6.540616860696817,UPRIGHT,False,0.047073416138630884,0.0,0.08597527383552954,561.2637519836426,324.3585276603699,5.458333333333332,0.998416930437088,False,
8.5,204,44.9117187435223,STATIC,125.1054003835985,STATIC,86.10269655908854,STATIC,56.782305721322366,STATIC,90.06892252730611,STATIC,84.81187111749468,STATIC,124.80614267053083,STATIC,65.42405864727557,STATIC,176.03503128412336,128.8190122489647,HUNCH,UPRIGHT,5.499963266989571,UPRIGHT,False,0.04706886166896732,0.0,0.08573947739815643,560.5559730529785,324.6853172779083,5.5,0.9984128177165985,False,
8.541666666666666,205,33.99634238193052,FLEXION,123.65852885627707,STATIC,86.62870017615032,STATIC,57.65762812153716,STATIC,89.19661719209999,STATIC,86.32166773893712,STATIC,125.63283997921114,STATIC,67.39217849849588,STATIC,178.76765664474502,127.05188944818372,HUNCH,UPRIGHT,4.573506167795128,UPRIGHT,False,0.05099580122625843,0.0,0.08553017814410885,560.4877853393555,325.40310859680176,5.541666666666666,0.9984236061573029,False,
8.75,210,35.10596851664161,STATIC,114.85404840360387,FLEXION,91.93537959639998,EXTENSION,56.52705493664027,STATIC,92.15410629541277,STATIC,86.62723413549963,STATIC,122.50119091387441,STATIC,68.71113335759863,STATIC,169.73253057167082,103.63643847675314,HUNCH,UPRIGHT,154.0232669683515,LEFT_TILT,False,0.10303013671832635,0.0,0.08563496831521195,562.6111793518066,327.8508388996124,5.75,0.998544454574585,False,
8.791666666666666,211,20.666196705094045,FLEXION,132.06422039494964,EXTENSION,89.439827809881,STATIC,48.608419958039114,FLEXION,93.22148554822083,STATIC,89.94840339155657,STATIC,126.72162881265147,STATIC,79.27654753409527,EXTENSION,159.51258250166796,116.11836781965215,HUNCH,UPRIGHT,3.0691263958408737,UPRIGHT,False,0.2419591826229952,0.0,0.08656546959085351,562.805061340332,329.41189527511597,5.791666666666666,0.9986199140548706,False,
8.833333333333332,212,24.670537221878543,STATIC,132.84750526521034,STATIC,88.06251386582301,STATIC,40.738176279910135,FLEXION,88.64069443133218,STATIC,87.53411299764406,STATIC,129.08000924657662,STATIC,85.55430532303846,EXTENSION,148.01197846486593,124.02168988483851,HUNCH,FORWARD_TILT,154.32704926704898,RIGHT_TILT,False,0.22881407033399012,0.0,0.08740717728755848,567.5065040588379,332.1847200393677,5.833333333333332,0.9987373650074005,False,
9.041666666666666,217,42.91276341864003,EXTENSION,92.43328764466574,FLEXION,85.0421839550841,STATIC,43.675608026237015,STATIC,81.875501241326,FLEXION,90.45046074376118,STATIC,110.5075644197633,FLEXION,86.87240202184215,STATIC,150.43144415548676,128.79366273636043,HUNCH,UPRIGHT,156.4687678517142,LEFT_TILT,False,0.04712519391919904,0.0,0.08717022444421518,556.0217475891113,336.79057717323303,0.0,0.998802661895752,False,
9.083333333333332,218,55.372916003817515,EXTENSION,141.7444231167991,EXTENSION,87.26233000306263,STATIC,31.555153134029233,FLEXION,92.22249087619282,EXTENSION,89.11370246258774,STATIC,124.6909151951592,EXTENSION,83.28508168723555,STATIC,133.38238871938577,142.39279608834406,HUNCH,FORWARD_TILT,173.555283835262,LEFT_TILT,False,0.22049958931615596,0.0,0.08794992833235518,568.1937026977539,336.5093529224396,0.0,0.9988833963871002,False,
9.125,219,49.267751808363236,FLEXION,133.73833696212597,FLEXION,88.24428453128236,STATIC,62.22441180950447,EXTENSION,89.40001778652396,STATIC,83.26743674013457,FLEXION,119.07110110075588,FLEXION,76.37540656678165,FLEXION,168.22531623629968,101.54462080534952,HUNCH,UPRIGHT,165.62883147221416,LEFT_TILT,False,0.1076786204325566,0.0,0.08806463003061217,566.414852142334,338.080290555954,0.04166666666666785,0.9988469779491425,False,
9.166666666666666,220,58.43833801167814,EXTENSION,136.27198033196734,STATIC,87.40394423796891,STATIC,62.086544850195246,STATIC,91.61551224597363,STATIC,85.0129624884268,STATIC,116.01949545029127,STATIC,80.76854843658239,STATIC,165.56456059343702,114.01909410979329,HUNCH,UPRIGHT,2.3420946837366174,UPRIGHT,False,0.07995756864490382,0.0,0.08801776840410518,565.8536338806152,336.3458776473999,0.08333333333333393,0.9987869560718536,False,
9.208333333333332,221,65.8237838133296,EXTENSION,136.60289454131774,STATIC,86.62426249901814,STATIC,64.12597214056088,STATIC,91.8709215293915,STATIC,86.72121436561656,STATIC,113.16798489582193,STATIC,84.20834400447758,STATIC,170.07373166708854,114.45661498924468,HUNCH,UPRIGHT,178.8721863621921,LEFT_TILT,False,0.0789853000239007,0.0,0.08796585766628791,564.2582702636719,336.44935727119446,0.125,0.9987911283969879,False,
9.25,222,57.697585457335144,FLEXION,137.00884880189912,STATIC,87.19353670093365,STATIC,62.56478840902165,STATIC,94.08747191670125,STATIC,90.59615577353243,STATIC,118.9303822046781,EXTENSION,86.79225595452907,STATIC,166.21384312639552,121.80656537972952,HUNCH,UPRIGHT,176.7945507017216,LEFT_TILT,False,0.06265207693393442,0.0,0.08782120749067446,569.0320777893066,336.72449827194214,0.16666666666666785,0.9988181293010712,False,
9.291666666666666,223,45.43277893965584,FLEXION,141.29535655461723,STATIC,87.53050844005257,STATIC,71.78992128739246,EXTENSION,91.52978855049652,STATIC,89.09477289980168,STATIC,118.73260434307468,STATIC,90.2099317419153,STATIC,175.38783246766107,133.17888025953982,HUNCH,UPRIGHT,176.11811197964064,LEFT_TILT,False,0.03738026608991152,0.0,0.08753461123271558,568.8704299926758,337.21128702163696,0.20833333333333393,0.99882772564888,False,
9.333333333333332,224,17.659106487140313,FLEXION,137.66319054657515,STATIC,88.92104330162755,STATIC,63.94478343632412,FLEXION,93.20386598406624,STATIC,90.74247669400636,STATIC,122.98735265792573,STATIC,91.41935780811478,STATIC,169.75207995427616,123.78647321329136,HUNCH,UPRIGHT,176.99256549056082,LEFT_TILT,False,0.2249189484149081,0.0,0.08831079392866018,568.3587646484375,337.3085331916809,0.25,0.9989033341407776,False,
9.375,225,25.723226435274135,EXTENSION,136.1478954825504,STATIC,88.6417557816136,STATIC,62.828162474698125,STATIC,93.08507979544362,STATIC,90.37297149423696,STATIC,122.35296724482635,STATIC,89.15299710899284,STATIC,171.8862021723233,123.94317952107663,HUNCH,UPRIGHT,177.10829646448903,LEFT_TILT,False,0.0579040455087186,0.0,0.08813996949933467,567.307300567627,336.9175851345062,0.29166666666666785,0.9989743828773499,False,
9.416666666666666,226,45.24973590131946,EXTENSION,136.77675871090432,STATIC,87.94731618794725,STATIC,61.487029006788106,STATIC,92.37756662071983,STATIC,89.66916184425163,STATIC,123.09255200685826,STATIC,90.19729506910984,STATIC,167.75562877008676,126.92940112840847,HUNCH,UPRIGHT,175.74347125682038,RIGHT_TILT,False,0.05126799749242561,0.0,0.08793398082890501,567.041072845459,340.12115120887756,0.3333333333333339,0.9990424513816833,False,
9.458333333333332,227,36.27860063367926,FLEXION,133.34418986297004,STATIC,87.46814315710031,STATIC,57.801386734397624,STATIC,90.68383727954966,STATIC,90.44701082839971,STATIC,125.65505364766325,STATIC,93.0252561076065,STATIC,166.37219376618856,136.33286484607802,HUNCH,UPRIGHT,173.6421608824091,RIGHT_TILT,False,0.03037141145315995,0.0,0.08761418877681754,570.9120559692383,342.01067090034485,0.375,0.9991069138050079,False,
9.5,228,35.82676637517803,STATIC,133.77992045562237,STATIC,87.37146529920767,STATIC,46.21938483956124,FLEXION,86.64331554729019,STATIC,91.03182690658218,STATIC,127.76423643763101,STATIC,97.96142930930084,STATIC,156.25670411453913,137.16494333808254,HUNCH,UPRIGHT,108.58001225210504,RIGHT_TILT,False,0.195189014804261,0.0,0.08820852483221778,575.920238494873,344.28229808807373,0.41666666666666785,0.9991834759712219,False,
9.541666666666666,229,25.09975734758676,FLEXION,130.01768979963563,STATIC,87.35889825139512,STATIC,63.976751676808234,EXTENSION,90.40826698014811,STATIC,90.865335384977,STATIC,122.75871023427644,FLEXION,95.19796459359488,STATIC,176.77066845726844,136.55178028115236,HUNCH,UPRIGHT,152.5154296631139,RIGHT_TILT,False,0.029884932708550305,0.0,0.08788806553483498,569.8387336730957,344.2661941051483,0.4583333333333339,0.9990922212600708,False,
9.625,231,40.712218464126764,EXTENSION,131.70359912969667,STATIC,87.42169439813395,STATIC,76.6444642490492,EXTENSION,88.30610583265802,STATIC,84.37425315386893,FLEXION,110.01678326443815,FLEXION,82.26439261205866,FLEXION,170.82318257956857,122.80819030010285,HUNCH,UPRIGHT,164.3360301647118,LEFT_TILT,False,0.06042624377754924,0.0,0.0877380009350684,564.9813079833984,351.67226672172546,0.5416666666666679,0.99903604388237,False,
9.666666666666666,232,43.19391113419131,STATIC,133.0548629609324,STATIC,87.01983659820009,STATIC,69.4544376227188,FLEXION,89.40321869894656,STATIC,89.18875670468466,STATIC,113.45600767391134,STATIC,89.30505566108545,EXTENSION,175.93752641084802,120.17021732689527,HUNCH,UPRIGHT,170.13055413501675,LEFT_TILT,False,0.2329550726068994,0.0,0.08852722415067617,561.9101333618164,351.3545322418213,0.5833333333333339,0.9990904927253723,False,
9.708333333333332,233,42.50769063443257,STATIC,129.64270329594342,STATIC,86.89452945599733,STATIC,62.66010492037829,FLEXION,90.32124620291667,STATIC,91.48558371261645,STATIC,117.25649326520329,STATIC,100.98880635554669,EXTENSION,176.83826773840264,116.12274227891042,HUNCH,UPRIGHT,6.7954986926032435,UPRIGHT,False,0.24194946160242128,0.0,0.08935653354230721,561.6332626342773,350.9215271472931,0.625,0.9991461038589478,False,
9.75,234,35.52143804316616,FLEXION,130.42713823473287,STATIC,86.76896369254395,STATIC,61.307840758308394,STATIC,91.36150602294576,STATIC,93.15665215630774,STATIC,116.32607787733087,STATIC,101.46626639720927,STATIC,176.33830091448763,115.38878449775976,HUNCH,UPRIGHT,2.738957124261529,UPRIGHT,False,0.07691381222720055,0.0,0.08928963719115073,562.6969528198242,351.8916928768158,0.6666666666666679,0.9991985559463501,False,
9.791666666666666,235,18.476619484190348,FLEXION,133.5952864374244,STATIC,86.39529366011769,STATIC,67.32076915514487,EXTENSION,91.11247820162316,STATIC,94.63413845720316,STATIC,116.1160821815033,STATIC,103.59780022032108,STATIC,176.83140103243267,117.56574742502087,HUNCH,UPRIGHT,0.3185270692244245,UPRIGHT,False,0.07207611683328696,0.0,0.08919758628014611,563.980598449707,353.96740078926086,0.7083333333333339,0.9992246925830841,False,
9.833333333333332,236,16.989498339185165,STATIC,131.68427784388908,STATIC,87.63341484735942,STATIC,66.91083880607805,STATIC,91.29240926766767,STATIC,92.58871629489921,STATIC,119.01992645329554,STATIC,99.55755682597724,STATIC,177.3553606481344,124.32480206493722,HUNCH,UPRIGHT,0.6890561338383038,UPRIGHT,False,0.057055995411250615,0.0,0.089026620371269,567.1542739868164,355.40372371673584,0.75,0.9992495775222778,False,
9.875,237,16.617253980505307,STATIC,133.86413041727465,STATIC,87.55209052497389,STATIC,68.6495346164258,STATIC,91.72264940069195,STATIC,90.54727684599087,STATIC,117.9559154267025,STATIC,97.50716375828179,STATIC,177.4163444914816,126.59214731068083,HUNCH,UPRIGHT,0.5452488422905515,UPRIGHT,False,0.052017450420709266,0.0,0.08883080465724488,567.0655250549316,356.6229057312012,0.7916666666666679,0.9992696940898895,False,
9.916666666666666,238,36.702023778097924,EXTENSION,131.60270888015728,STATIC,87.60917454802151,STATIC,72.41499685354589,STATIC,91.76048950244189,STATIC,92.04637867651785,STATIC,116.31876242971272,STATIC,97.16307796882941,STATIC,175.61300192232997,140.25085868398634,HUNCH,UPRIGHT,5.510014079330659,UPRIGHT,False,0.021664758480030355,0.0,0.08847729915104903,570.7803344726562,357.4885618686676,0.8333333333333339,0.9992693662643433,False,
9.958333333333332,239,17.334263480266504,FLEXION,129.5407276892743,STATIC,86.66560268200966,STATIC,73.2100562053871,STATIC,91.81998956347383,STATIC,90.45349437499115,STATIC,116.32503805026046,STATIC,91.91370613206132,FLEXION,170.6028339424605,135.6067705971402,HUNCH,UPRIGHT,7.571208556270394,UPRIGHT,False,0.03198495422857731,0.0,0.08818152771166435,565.9168434143066,357.62431383132935,0.875,0.9992438852787018,False,
10.0,240,30.84773148148932,EXTENSION,131.06266886465252,STATIC,87.26528684455492,STATIC,67.25884323356777,FLEXION,92.15343028729336,STATIC,90.61189431282581,STATIC,117.33498032299197,STATIC,90.91690704397784,STATIC,177.44817188628727,132.85439436108268,HUNCH,UPRIGHT,3.6759070543184786,UPRIGHT,False,0.20476801253092736,0.0,0.08878874898676468,564.4136428833008,359.4601035118103,0.9166666666666679,0.9992585182189941,False,
10.041666666666666,241,41.91340289244527,EXTENSION,131.43109618504562,STATIC,87.43536266047631,STATIC,61.520964492619214,FLEXION,92.19339058171333,STATIC,90.07118425681051,STATIC,116.07406490591059,STATIC,88.98064212855685,STATIC,174.03255761100542,126.7964939939157,HUNCH,UPRIGHT,4.582849284587586,UPRIGHT,False,0.218230013346854,0.0,0.08945942911298276,560.4048538208008,360.4907155036926,0.9583333333333339,0.9992675185203552,False,
10.083333333333332,242,24.91449789770797,FLEXION,131.8004572716807,STATIC,87.02764765612682,STATIC,70.31654628212428,EXTENSION,91.17061488092335,STATIC,92.23006373752773,STATIC,116.43475842538723,STATIC,91.88734841835026,STATIC,174.98874602210856,140.31148577738463,HUNCH,UPRIGHT,3.274225766545078,UPRIGHT,False,0.021530031605811944,0.0,0.08910927757944065,561.0336685180664,362.15956449508667,1.0,0.9992933571338654,False,
10.125,243,43.105649962089636,EXTENSION,130.11554213447883,STATIC,87.39146702199584,STATIC,65.0097512372412,FLEXION,91.8187771171859,STATIC,94.1458665202595,STATIC,117.52935819652355,STATIC,98.2697258578028,EXTENSION,177.30046376206704,130.3721359558093,HUNCH,UPRIGHT,1.8771589356070477,UPRIGHT,False,0.21028414232042372,0.0,0.08973068714221494,562.1025085449219,366.94496870040894,1.0416666666666679,0.9993315637111664,False,
10.166666666666666,244,34.5516595345625,FLEXION,130.85247784963977,STATIC,86.92446467812383,STATIC,67.82051014898734,STATIC,91.32324323129366,STATIC,93.92095621145462,STATIC,119.32407916773917,STATIC,103.94499441366447,EXTENSION,176.37314412800697,130.76396732815454,HUNCH,UPRIGHT,5.117406075955701,UPRIGHT,False,0.0427467392707677,0.0,0.08949097312246265,562.859001159668,367.5552034378052,1.083333333333334,0.9993590414524078,False,
10.208333333333332,245,20.075669084514267,FLEXION,130.7279085995523,STATIC,88.38085237064244,STATIC,66.45759838870036,STATIC,92.36724600864356,STATIC,93.38363876876396,STATIC,121.9889169830506,STATIC,107.66384887685156,STATIC,175.392808568796,134.24750876766424,HUNCH,UPRIGHT,1.582614328431833,UPRIGHT,False,0.035005536071857225,0.0,0.08921439729987074,563.8954162597656,369.28640842437744,1.125,0.9993522465229034,False,
10.25,246,22.948649062270004,STATIC,126.7546371916957,STATIC,87.60396052491633,STATIC,65.81178296385842,STATIC,91.172454066294,STATIC,92.59267019230535,STATIC,123.46617325454375,STATIC,109.92275099661997,STATIC,174.15546289981302,133.1627561823307,HUNCH,UPRIGHT,11.02011498698924,RIGHT_TILT,False,0.03741609737259847,0.0,0.08895278972448048,563.9877128601074,371.7752408981323,1.1666666666666679,0.9993615448474884,False,
10.291666666666666,247,29.36275007434983,EXTENSION,126.26056447925532,STATIC,87.91382298450523,STATIC,65.20362875376587,STATIC,90.99871715261226,STATIC,90.71405127465215,STATIC,123.37839322643872,STATIC,109.8070099082204,STATIC,175.6448215622355,139.93082207810932,HUNCH,UPRIGHT,6.797439418052728,UPRIGHT,False,0.02237595093753486,0.0,0.0886182327456516,563.7788963317871,375.3197479248047,1.208333333333334,0.99931800365448,False,
10.333333333333332,248,35.60911111096409,EXTENSION,127.72136172109211,STATIC,86.82976978875064,STATIC,72.5978641038763,EXTENSION,89.75099548611932,STATIC,94.62295789595805,STATIC,122.39591572591026,STATIC,113.66415136420427,STATIC,165.69232990924863,137.54550702818628,HUNCH,UPRIGHT,5.621103038316337,UPRIGHT,False,0.027676651048474943,0.0,0.08831352483716572,564.2324066162109,378.48599910736084,1.25,0.9993480741977692,False,
10.375,249,44.70229795681138,EXTENSION,129.05392762032693,STATIC,86.99114021610549,STATIC,72.67264735483194,STATIC,90.6187817302001,STATIC,95.43462832466673,STATIC,119.52150484455771,STATIC,117.02975796233649,STATIC,169.39031616278282,133.8944372482533,HUNCH,UPRIGHT,6.469751908421326,UPRIGHT,False,0.03579013944832602,0.0,0.08805221446209686,562.7515029907227,379.5888376235962,1.2916666666666679,0.9993878304958344,False,
10.416666666666666,250,22.81279506114096,FLEXION,135.23076112888083,EXTENSION,88.01556817954209,STATIC,70.84053938706721,STATIC,92.16098141703213,STATIC,98.0372167303287,STATIC,113.24410432373244,FLEXION,115.68164967304419,STATIC,175.0850093754709,139.86944895632513,HUNCH,UPRIGHT,8.46678615376353,UPRIGHT,False,0.02251233565261083,0.0,0.08772775961650535,563.817138671875,384.60551261901855,1.333333333333334,0.9994279444217682,False,
10.458333333333332,251,38.22832787935001,EXTENSION,134.28850115841146,STATIC,87.8109119800513,STATIC,70.39285311205049,STATIC,90.87754698173698,STATIC,96.00039712502952,STATIC,111.11188317814388,STATIC,114.67984972451043,STATIC,174.43337473343166,132.0780677917413,HUNCH,UPRIGHT,8.776795703413839,UPRIGHT,False,0.03982651601835271,0.0,0.08749179289927306,563.6763572692871,387.5580024719238,1.375,0.9994552135467529,False,
10.5,252,48.460934526581845,EXTENSION,132.51560184506178,STATIC,87.3537793481843,STATIC,73.09801939307516,STATIC,88.94106282149164,STATIC,91.25338293850997,STATIC,106.40398029242866,STATIC,109.02969562633807,FLEXION,171.50206830903167,126.74298788897342,HUNCH,UPRIGHT,163.1017788996157,LEFT_TILT,False,0.05168224913561462,0.0,0.08731625592003944,559.5496559143066,392.375807762146,1.4166666666666679,0.9994750916957855,False,
10.541666666666666,253,44.798006306396125,STATIC,127.8012237562962,STATIC,86.78342035119351,STATIC,72.30277201676381,STATIC,87.64463227660326,STATIC,88.94924282910787,STATIC,107.32451873358318,STATIC,107.86887209322727,STATIC,167.6185603209384,126.74602123765689,HUNCH,UPRIGHT,160.3229730406019,LEFT_TILT,False,0.05167550836076248,0.0,0.08714239861487223,557.9501342773438,393.80141258239746,1.458333333333334,0.9994677901268005,False,
10.583333333333332,254,30.708657737682014,FLEXION,124.43756815978882,STATIC,86.92702533237316,STATIC,68.78683047788613,STATIC,89.40374572550996,STATIC,91.94517229513272,STATIC,107.06410370435222,STATIC,108.82967705991317,STATIC,172.3695657326282,121.43525029804704,HUNCH,UPRIGHT,162.36177079863123,LEFT_TILT,False,0.06347722155989548,0.0,0.08702751911460536,558.170166015625,398.5907006263733,1.5,0.999495655298233,False,
10.625,255,17.731512211336742,FLEXION,126.07911533131546,STATIC,86.54696760424328,STATIC,70.09826223900917,STATIC,87.83127936015059,STATIC,88.9439798234529,STATIC,106.18377143016788,STATIC,107.78763479425731,STATIC,169.255974801357,120.28527436065026,HUNCH,UPRIGHT,161.16394674239967,LEFT_TILT,False,0.06603272364299943,0.0,0.08692609498189229,557.7785110473633,401.77555561065674,1.5416666666666679,0.9994687139987946,False,
10.666666666666666,256,37.14574061952354,EXTENSION,120.49571692419745,FLEXION,85.42292649035417,STATIC,76.38417322071487,EXTENSION,88.84777800926616,STATIC,96.96889372695743,EXTENSION,106.4986315670477,STATIC,110.53090520325162,STATIC,159.5101967168142,130.37493762179224,HUNCH,UPRIGHT,158.16309841801473,LEFT_TILT,False,0.043611249729350564,0.0,0.08671785053356276,557.9042053222656,402.3374891281128,1.583333333333334,0.9994863867759705,False,
10.708333333333332,257,40.174442393194546,STATIC,109.56609028734893,FLEXION,83.97340316035016,STATIC,73.99945548379293,STATIC,88.76326766981076,STATIC,99.18181159412433,STATIC,105.92502240578385,STATIC,110.19884400795071,STATIC,148.929671694756,136.98119286748755,HUNCH,FORWARD_TILT,155.51410017930016,LEFT_TILT,False,0.031309189861681,0.0,0.08645273732460639,557.7260589599609,401.05663776397705,1.625,0.9995001256465912,False,
10.75,258,30.90962108031832,FLEXION,115.55597095952614,EXTENSION,84.55001197833444,STATIC,77.93114030690677,STATIC,90.1656363862684,STATIC,96.41248876544806,STATIC,104.77467965254417,STATIC,105.64747734131366,STATIC,150.35794870068455,137.13548226638804,HUNCH,UPRIGHT,157.53808157372,LEFT_TILT,False,0.02858781718580435,0.0,0.08617719008585019,558.1062126159668,403.8448691368103,1.6666666666666679,0.9994829893112183,False,
10.791666666666666,259,26.083713396947168,STATIC,121.39062582188124,EXTENSION,85.40769456751136,STATIC,80.95822336735466,STATIC,89.2654177823739,STATIC,95.24638383038469,STATIC,102.43836071502864,STATIC,101.66243979254253,STATIC,154.06437025730898,135.83928669659784,HUNCH,UPRIGHT,158.48492696362166,LEFT_TILT,False,0.03146825178533815,0.0,0.08591790601807525,560.2097511291504,406.44341468811035,1.708333333333334,0.9994795024394989,False,
10.833333333333332,260,25.872854781525838,STATIC,125.74435972293385,STATIC,85.34928837476835,STATIC,85.16537843498213,STATIC,88.35063170635979,STATIC,90.21889836898191,FLEXION,100.23332249523416,STATIC,93.1761867407435,FLEXION,152.90515558390922,136.36233115136235,HUNCH,UPRIGHT,157.00748558686848,LEFT_TILT,False,0.03030593077475034,0.0,0.08565558538013504,560.030403137207,407.22792863845825,1.75,0.9994315207004547,False,
10.875,261,19.604238837011604,FLEXION,126.22598985917308,STATIC,85.33644022818777,STATIC,83.56695132339382,STATIC,87.66761110045788,STATIC,89.43881824925874,STATIC,104.04060516834731,STATIC,93.51637936851903,STATIC,153.03587165281849,136.4324383721134,HUNCH,UPRIGHT,157.51861394480912,LEFT_TILT,False,0.030150136950859108,0.0,0.08539499642037318,555.0948524475098,405.45567512512207,1.7916666666666679,0.9993569552898407,False,
10.916666666666666,262,14.016391012869773,FLEXION,125.57517661124605,STATIC,84.89247288305455,STATIC,81.35335846273506,STATIC,85.90956158166605,STATIC,87.89519856675774,STATIC,104.8421723985065,STATIC,90.66182257784466,STATIC,154.2277653467942,136.52196448906278,HUNCH,UPRIGHT,155.24802522460786,LEFT_TILT,False,0.029951190024304946,0.0,0.08513591321291493,554.2978858947754,412.14903116226196,1.833333333333334,0.9992403090000153,False,
10.958333333333332,263,32.746454234263396,EXTENSION,130.59535326085052,EXTENSION,86.26600702525727,STATIC,80.79730019972152,STATIC,89.07387770457376,STATIC,89.27831435356784,STATIC,109.90657284971019,EXTENSION,93.5330860994089,STATIC,163.50129244990094,131.08636490600014,HUNCH,UPRIGHT,157.9197888521788,LEFT_TILT,False,0.04203030020888857,0.0,0.08493542198964038,554.510555267334,412.3380947113037,1.875,0.9992168843746185,False,
11.0,264,40.65352479479268,EXTENSION,127.28150172709394,STATIC,86.77874038233018,STATIC,69.22270321623401,FLEXION,91.30701428989092,STATIC,92.64261882710814,STATIC,116.36195123195486,EXTENSION,105.10995256557287,EXTENSION,174.28540879212187,116.76171001437471,HUNCH,UPRIGHT,160.13840307348835,LEFT_TILT,False,0.24052953330138951,0.0,0.08565576509756516,554.5441246032715,414.4774889945984,1.9166666666666679,0.9992493689060211,False,
11.041666666666666,265,24.335532129452996,FLEXION,122.39132815143482,STATIC,87.29172928261417,STATIC,64.63860176100121,STATIC,91.69665508016536,STATIC,93.10090526276092,STATIC,117.85139381725322,STATIC,111.24973597365813,EXTENSION,175.33376162221035,114.07531475058805,HUNCH,UPRIGHT,160.40822881382687,LEFT_TILT,False,0.0798326338875821,0.0,0.08562893039152839,554.5077705383301,416.56182289123535,1.958333333333334,0.9992824196815491,False,
11.083333333333332,266,24.819544521144714,STATIC,121.70874255701504,STATIC,87.04698318901035,STATIC,66.50065536686381,STATIC,90.32366867069808,STATIC,91.80518452432693,STATIC,119.77804518631407,STATIC,117.30889258896372,EXTENSION,172.83308393710684,118.79721737260219,HUNCH,UPRIGHT,157.97122867150807,LEFT_TILT,False,0.06933951694977292,0.0,0.08555420831152032,554.0601539611816,417.86672830581665,2.0,0.9992881119251251,False,
11.125,267,45.371370915222464,EXTENSION,125.0644819034327,STATIC,86.83460646094488,STATIC,69.81980712489177,STATIC,89.63567309886746,STATIC,91.18622080260806,STATIC,119.73382894843034,STATIC,119.36269356943635,STATIC,171.5981649838715,120.9684871454688,HUNCH,UPRIGHT,158.02989838493107,LEFT_TILT,False,0.06451447301006934,0.0,0.08545813646082877,554.2258071899414,418.95023345947266,2.041666666666668,0.9992970526218414,False,
11.166666666666666,268,42.99477764394413,STATIC,125.23379951232897,STATIC,86.94959781181966,STATIC,67.23151271577642,STATIC,91.43641495465566,STATIC,92.39892660630078,STATIC,121.91294854080844,STATIC,123.87040474240709,STATIC,175.4095009086889,120.70563545426101,HUNCH,UPRIGHT,160.32923366334387,LEFT_TILT,False,0.06509858787941998,0.0,0.085365593058186,554.4124412536621,421.2658381462097,2.083333333333334,0.9993163645267487,False,
11.208333333333332,269,32.883415738119965,FLEXION,126.16047013498077,STATIC,87.15494052831963,STATIC,68.70964926205995,STATIC,91.63780817127373,STATIC,93.8952147481039,STATIC,120.14885995184004,STATIC,126.32983271187615,STATIC,174.78304538343235,115.69497186378544,HUNCH,UPRIGHT,160.0798549727149,LEFT_TILT,False,0.07623339585825457,0.0,0.08532427089891029,555.1501083374023,421.6760230064392,2.125,0.9993477463722229,False,
11.25,270,30.103631800290657,STATIC,125.73646559768508,STATIC,87.02546034942354,STATIC,71.0156195962253,STATIC,91.025877262183,STATIC,95.14090529961646,STATIC,120.6370050666638,STATIC,130.92457367253868,STATIC,172.43351964718124,118.28410225242186,HUNCH,UPRIGHT,160.21343955278365,LEFT_TILT,False,0.07047977277239588,0.0,0.08525740379023228,555.8494567871094,422.55038022994995,2.166666666666668,0.9993830025196075,False,
11.291666666666666,271,39.141438951829905,EXTENSION,122.88812844166257,STATIC,86.97766168337627,STATIC,67.66782798917872,STATIC,91.8857145492595,STATIC,96.60783035043346,STATIC,121.98252314398864,STATIC,135.61080312181068,STATIC,174.49619644873806,116.62466631797061,HUNCH,UPRIGHT,161.61178951103204,LEFT_TILT,False,0.07416740818228755,0.0,0.08520767286822356,557.0316314697266,424.157452583313,2.208333333333334,0.9994203448295593,False,
11.333333333333332,272,41.79681258935494,STATIC,128.33655341406123,EXTENSION,86.73464138635703,STATIC,73.7983481860983,EXTENSION,89.71478958000137,STATIC,92.00032793245877,STATIC,120.10619333509655,STATIC,134.09800479605198,STATIC,168.85202659004977,120.81616918564634,HUNCH,UPRIGHT,160.28578271145625,LEFT_TILT,False,0.06485295736523033,0.0,0.0851168036025852,556.7024612426758,422.99689292907715,2.25,0.9993946254253387,False,
11.375,273,24.08861865233639,FLEXION,122.88160524236649,FLEXION,87.02197193608842,STATIC,69.95893927655112,STATIC,90.66932214222106,STATIC,93.15102204142336,STATIC,122.18699085830279,STATIC,134.66473479693792,STATIC,171.68247286215285,120.30622180978865,HUNCH,UPRIGHT,159.92640279137632,LEFT_TILT,False,0.06598617375602522,0.0,0.08503177858104494,556.7041778564453,425.2287268638611,2.291666666666668,0.99941685795784,False,
11.416666666666666,274,17.030350531142176,FLEXION,122.76817713799043,STATIC,87.41972826415974,STATIC,67.16533239531934,STATIC,90.88478835872804,STATIC,93.74526683975789,STATIC,127.49724690624944,EXTENSION,140.4446105417874,EXTENSION,173.57141821796384,123.56501643371719,HUNCH,UPRIGHT,161.62761583515058,LEFT_TILT,False,0.058744407925072926,0.0,0.08491546278168222,556.4596557617188,425.5657625198364,2.333333333333334,0.9994186460971832,False,
11.458333333333332,275,28.93384247738915,EXTENSION,123.02553816062243,STATIC,87.35630990973127,STATIC,68.709939500462,STATIC,90.19320661815227,STATIC,91.8293289248713,STATIC,125.45520464793859,STATIC,141.18709640655695,STATIC,172.4410112989333,123.80313985887989,HUNCH,UPRIGHT,159.93982438513203,LEFT_TILT,False,0.0582152447580447,0.0,0.08479784067585122,554.8543167114258,425.28932332992554,2.375,0.9994056224822998,False,
11.5,276,35.531112615614056,EXTENSION,124.10662233840424,STATIC,87.44100001207697,STATIC,69.55752377906208,STATIC,89.69155109288064,STATIC,93.51365969647154,STATIC,124.50201847919585,STATIC,141.90353015663024,STATIC,172.1586275849411,123.29922382397143,HUNCH,UPRIGHT,160.07195622342746,LEFT_TILT,False,0.05933505816895238,0.0,0.08468616180520692,555.0453186035156,426.4780569076538,2.416666666666668,0.9994134902954102,False,
11.541666666666666,277,20.1948707544861,FLEXION,124.01941919567076,STATIC,87.69134385834535,STATIC,68.47619849379892,STATIC,90.18147710029753,STATIC,91.45589026333376,STATIC,123.78498949857492,STATIC,141.39297489988337,STATIC,173.16204998217162,122.39263916138992,HUNCH,UPRIGHT,159.1525091693244,LEFT_TILT,False,0.061349690752466844,0.0,0.08458425581807706,554.4534301757812,426.6487741470337,2.458333333333334,0.9994009733200073,False,
11.583333333333332,278,45.51238646784648,EXTENSION,126.08132209727162,STATIC,87.63656013353318,STATIC,68.83162906769046,STATIC,88.55170499342537,STATIC,90.87549579142585,STATIC,121.27409049311747,STATIC,138.54054638537795,STATIC,171.69552734381355,122.48986527539864,HUNCH,UPRIGHT,159.49521731976193,LEFT_TILT,False,0.06113363272133635,0.0,0.08448229658722167,552.9416656494141,426.1432099342346,2.5,0.9993695616722107,False,
11.625,279,43.627900982767265,STATIC,124.6175954811758,STATIC,87.42004406830318,STATIC,68.65663335835826,STATIC,87.82797339681262,STATIC,91.2262436190258,STATIC,126.20995011423373,STATIC,145.09863574909969,EXTENSION,168.74767120598528,123.57791336137502,HUNCH,UPRIGHT,159.7868902802563,LEFT_TILT,False,0.058715748085833276,0.0,0.08437075308721566,549.8854446411133,423.9405584335327,2.541666666666668,0.9992994666099548,False,
11.708333333333332,281,48.49248262734103,STATIC,125.73481929038377,STATIC,90.36748023753934,STATIC,67.20080264563532,STATIC,91.0683981199582,STATIC,98.33754210220141,EXTENSION,135.7979111520059,EXTENSION,148.30451035967397,STATIC,161.99135678849356,125.91941422782668,HUNCH,UPRIGHT,139.12916306832886,LEFT_TILT,False,0.053512412827051846,0.0,0.08423774299988737,548.220329284668,418.30864906311035,2.625,0.9993053078651428,False,
11.75,282,43.45860556222968,FLEXION,132.1332418661064,EXTENSION,90.41034008529428,STATIC,70.64401799361511,STATIC,91.24063641623333,STATIC,95.39702124333763,STATIC,128.13600001498506,FLEXION,147.71474875898141,STATIC,167.02647325170656,119.12340652602767,HUNCH,UPRIGHT,148.06144498683648,LEFT_TILT,False,0.06861465216438296,0.0,0.08417069110788948,537.8200149536133,421.11138582229614,0.0,0.9992790520191193,False,
11.791666666666666,283,28.70581666281793,FLEXION,122.90133977835256,FLEXION,91.15927957046615,STATIC,65.54827902186729,FLEXION,89.74939519729891,STATIC,94.319105509301,STATIC,125.53429326861162,STATIC,144.9003834391277,STATIC,167.95358368275984,126.12000326476742,HUNCH,UPRIGHT,162.99582848755657,LEFT_TILT,False,0.21973332607829463,0.0,0.08475001860776302,540.1290702819824,425.0301790237427,0.041666666666666075,0.99909508228302,False,
11.833333333333332,284,39.6275875814043,EXTENSION,114.79364084992129,FLEXION,91.27588517327291,STATIC,63.01800324067003,STATIC,89.52139355135357,STATIC,93.89430823375487,STATIC,128.4300728802098,STATIC,145.08281885149748,STATIC,166.88950074422266,127.72160527792053,HUNCH,UPRIGHT,158.81908224724,LEFT_TILT,False,0.04950754382684327,0.0,0.08460005062997186,545.0373649597168,425.2796673774719,0.08333333333333215,0.9988279640674591,False,
11.875,285,22.967307219432048,FLEXION,132.65686210335662,EXTENSION,91.60145665918192,STATIC,67.1545679173373,STATIC,90.627504101074,STATIC,94.80667216001989,STATIC,126.83424720087824,STATIC,139.29890084640815,FLEXION,166.40450688301283,123.7251303495511,HUNCH,UPRIGHT,158.1130617602128,LEFT_TILT,False,0.05838859922321978,0.0,0.08448898515790935,545.3489112854004,423.47134351730347,0.125,0.9988365769386292,False,
11.916666666666666,286,39.022214110207095,EXTENSION,132.71985111833743,STATIC,91.06761721803524,STATIC,66.15124880978361,STATIC,89.76053427978809,STATIC,94.21099011964007,STATIC,127.2171321632636,STATIC,137.18382590082064,STATIC,166.10470995340282,122.80324339166769,HUNCH,UPRIGHT,162.90301121032394,LEFT_TILT,False,0.060437236907405135,0.0,0.084387500988076,544.6194076538086,421.36372804641724,0.16666666666666607,0.9987974762916565,False,
11.958333333333332,287,33.97185825134808,FLEXION,131.80798911397852,STATIC,91.3064595813897,STATIC,66.09935791861791,STATIC,89.47971573079361,STATIC,95.35616030284648,STATIC,128.73624906767228,STATIC,136.8982829609632,STATIC,166.28257331160458,124.20510893232849,HUNCH,UPRIGHT,162.2913959310572,LEFT_TILT,False,0.05732198015038115,0.0,0.08427378031228736,544.5836448669434,419.1046643257141,0.20833333333333215,0.9987342655658722,False,
12.0,288,39.93456931094647,EXTENSION,131.24213080892568,STATIC,91.7204712296215,STATIC,63.42855302508417,STATIC,88.61242509989823,STATIC,95.50300631950513,STATIC,128.81726287969371,STATIC,135.39087366838194,STATIC,166.34435248547072,115.61268719152959,HUNCH,UPRIGHT,165.58743925877704,LEFT_TILT,False,0.07641625068548981,0.0,0.08424090361928821,544.049243927002,419.21324014663696,0.25,0.9986725151538849,False,
12.041666666666666,289,43.34606751490902,STATIC,130.78591982745027,STATIC,91.79050175219885,STATIC,61.19945737069818,STATIC,88.29118510495918,STATIC,96.00976326789302,STATIC,131.45806681382993,STATIC,136.25264832979644,STATIC,166.25240623387054,126.01539089327714,HUNCH,UPRIGHT,11.422233880106454,RIGHT_TILT,False,0.05329913134827302,0.0,0.08411197956815898,545.8189964294434,418.5145139694214,0.2916666666666661,0.9984433054924011,False,
12.083333333333332,290,54.429212316322484,EXTENSION,133.31012420751495,STATIC,91.19720501682451,STATIC,71.59240882572114,EXTENSION,86.89103831941235,STATIC,93.83829543979132,STATIC,128.04296357557934,STATIC,130.74341707741672,FLEXION,165.285930085638,119.57489014398952,HUNCH,UPRIGHT,163.36847171071958,LEFT_TILT,False,0.06761135523557886,0.0,0.0840435122472769,533.8690185546875,417.2975420951843,0.0,0.9984672665596008,False,
12.125,291,21.08655803086852,FLEXION,108.39848442719256,FLEXION,92.117252702592,STATIC,66.46619638421119,FLEXION,87.49633151551812,STATIC,94.75507960713179,STATIC,126.19530238538403,STATIC,126.88883368995499,STATIC,164.3690903975564,125.04480025345627,HUNCH,UPRIGHT,153.48774313287382,LEFT_TILT,False,0.22212266610343048,0.0,0.08461408726321142,534.5586585998535,413.8664174079895,0.04166666666666785,0.9985352754592896,False,
12.166666666666666,292,36.6140308817233,EXTENSION,97.713154249017,FLEXION,91.86675254060668,STATIC,64.92716381668035,STATIC,88.29092761583952,STATIC,96.11004713165127,STATIC,127.9222137350365,STATIC,126.71803017639104,STATIC,163.17861843669147,125.40132994814678,HUNCH,UPRIGHT,145.17917596089188,LEFT_TILT,False,0.05466371122634047,0.0,0.08449083468692799,533.1699562072754,412.9598093032837,0.08333333333333393,0.9985674023628235,False,
12.208333333333332,293,39.318307921291286,STATIC,108.16515679846181,EXTENSION,91.63430970614925,STATIC,64.25739220996222,STATIC,88.79122453465784,STATIC,95.13356779539971,STATIC,126.82076954780817,STATIC,122.02447516099284,STATIC,164.227107807678,125.8510557959084,HUNCH,UPRIGHT,142.32092838351588,LEFT_TILT,False,0.0536643204535369,0.0,0.08436449651384031,531.5676498413086,413.1535077095032,0.125,0.9985957443714142,False,
12.25,294,35.14782968531944,STATIC,109.09358953988222,STATIC,91.417944415969,STATIC,64.68836092336777,STATIC,89.38866323593747,STATIC,96.62803633512942,STATIC,125.2759719383326,STATIC,120.74637810762664,STATIC,162.3079818085842,126.50177567617978,HUNCH,UPRIGHT,141.17142959741844,LEFT_TILT,False,0.05221827627515607,0.0,0.0842332874516416,531.3545417785645,412.2632074356079,0.16666666666666785,0.998563140630722,False,
12.291666666666666,295,45.359966387584606,EXTENSION,124.35743687376973,EXTENSION,91.93134929297597,STATIC,71.39513175847625,EXTENSION,89.92732361699649,STATIC,98.48390855553556,STATIC,125.92553161610402,STATIC,119.77876880237737,STATIC,162.3626056109334,123.34213613682529,HUNCH,UPRIGHT,138.6821694234929,LEFT_TILT,False,0.0592396974737216,0.0,0.08413168749238176,530.4879951477051,408.599009513855,0.20833333333333393,0.9986416101455688,False,
12.333333333333332,296,43.172017614130965,STATIC,127.42394644681154,STATIC,91.91810756493537,STATIC,71.2222019742453,STATIC,89.38983808277803,STATIC,97.43387485225405,STATIC,123.95581850559321,STATIC,114.34232022836939,FLEXION,163.4284591236973,120.30097627321908,HUNCH,UPRIGHT,139.400112866187,LEFT_TILT,False,0.06599783050395762,0.0,0.08405827106732741,528.3736801147461,408.126425743103,0.25,0.9987210929393768,False,
12.375,297,33.426533810394,FLEXION,126.29289179354352,STATIC,91.69036971819551,STATIC,69.11798157423905,STATIC,89.589581722149,STATIC,92.39554556661423,FLEXION,123.51359286128556,STATIC,103.04103726044637,FLEXION,163.9639794740518,118.67516613365665,HUNCH,UPRIGHT,140.92052807718574,LEFT_TILT,False,0.06961074192520744,0.0,0.08400001490143176,525.776309967041,408.56632947921753,0.29166666666666785,0.9987542927265167,False,
12.416666666666666,298,34.511457716967854,STATIC,127.09380509284651,STATIC,92.08676601859405,STATIC,69.31305348028357,STATIC,90.43790273781931,STATIC,94.97677320493983,STATIC,121.20260519265459,STATIC,101.9789286422607,STATIC,163.42473880690065,117.13421897010817,HUNCH,UPRIGHT,137.26088158827744,LEFT_TILT,False,0.0730350689553152,0.0,0.08395597897393732,525.7030868530273,403.7179470062256,0.3333333333333339,0.9988331198692322,False,
12.458333333333332,299,38.58433530274463,STATIC,126.72861437582823,STATIC,91.95554885783957,STATIC,68.89955904242524,STATIC,90.37877601492418,STATIC,94.07265236003119,STATIC,124.23450455768558,STATIC,99.09536716209779,STATIC,163.68442641241143,119.96083083765336,HUNCH,UPRIGHT,141.20058762090235,LEFT_TILT,False,0.06675370924965922,0.0,0.08388716989504022,526.3568115234375,403.6465787887573,0.375,0.9988645017147064,False,
12.5,300,43.80235735887367,EXTENSION,124.98906753150614,STATIC,90.85941027762337,STATIC,73.86499275691831,STATIC,88.98719549327305,STATIC,96.9041399573227,STATIC,127.06607097529405,STATIC,103.13012508016612,STATIC,161.47913906182043,127.14734900496096,HUNCH,UPRIGHT,142.66311790882463,LEFT_TILT,False,0.05078366887786453,0.0,0.08375528343680447,525.6946754455566,403.04649353027344,0.41666666666666785,0.9988522529602051,False,
12.541666666666666,301,23.608167629721,FLEXION,128.61518143961717,STATIC,90.9733714017928,STATIC,70.09593740986364,STATIC,90.35377037468874,STATIC,95.87037461285054,STATIC,129.53531489020804,STATIC,100.29165669544572,STATIC,161.68053703503537,128.6848530827735,HUNCH,UPRIGHT,145.55182544135022,LEFT_TILT,False,0.047366993149392266,0.0,0.08361088545947346,526.228084564209,396.4179825782776,0.4583333333333339,0.9988852739334106,False,
12.583333333333332,302,27.965082219746865,STATIC,128.12918796353125,STATIC,90.78312259461654,STATIC,67.41926239481653,STATIC,90.55810006433042,STATIC,95.32356593049926,STATIC,129.6700581603646,STATIC,97.56015882747883,STATIC,162.08263397478854,124.72828475736348,HUNCH,UPRIGHT,145.70783633819963,LEFT_TILT,False,0.056159367205858936,0.0,0.08350238143475561,526.3630104064941,393.9401149749756,0.5,0.9989345371723175,False,
12.625,303,29.715124146523635,STATIC,127.4101960031718,STATIC,90.30915624110217,STATIC,69.28198000637865,STATIC,90.80277502685146,STATIC,97.45445557665715,STATIC,133.29065806099092,STATIC,100.20237629267405,STATIC,161.6004420759959,134.1297660962184,HUNCH,UPRIGHT,150.75837055679912,LEFT_TILT,False,0.03526718645284802,0.0,0.08331247909230716,530.7334899902344,393.515682220459,0.5416666666666679,0.9989112019538879,False,
12.666666666666666,304,31.16744184095073,STATIC,131.08589062378883,STATIC,91.16269269146025,STATIC,71.3039281456862,STATIC,91.81579600697813,STATIC,95.48558095440696,STATIC,128.26283055834202,FLEXION,93.9617222336328,FLEXION,160.3977519157689,122.52914203956188,HUNCH,UPRIGHT,132.6334439765485,LEFT_TILT,False,0.06104635102319581,0.0,0.08322516094301653,530.0658988952637,387.0772647857666,0.5833333333333339,0.9989718198776245,False,
12.75,306,11.522727801135767,FLEXION,116.78649737397176,FLEXION,86.54570128864863,STATIC,69.96561289726036,STATIC,85.32075335251163,FLEXION,84.56286198959035,FLEXION,115.02808542448933,FLEXION,85.50478668300255,FLEXION,154.5694908009724,124.162356706396,HUNCH,UPRIGHT,156.9728322260438,LEFT_TILT,False,0.05741698509689778,0.0,0.08312434775611763,553.4423446655273,401.6490411758423,0.0,0.9989975988864899,False,
12.791666666666666,307,34.42299855123563,EXTENSION,120.56007527829698,STATIC,87.36391272735102,STATIC,61.509362536318015,FLEXION,90.52111999922971,EXTENSION,92.79447930224946,EXTENSION,124.21195683830089,EXTENSION,98.38783963026822,EXTENSION,169.57051307909862,117.44758986919253,HUNCH,UPRIGHT,157.14950086048742,LEFT_TILT,False,0.23900535584623883,0.0,0.08373088864362782,559.3671226501465,401.5954613685608,0.041666666666666075,0.9989755153656006,False,
12.833333333333332,308,30.196740908719054,STATIC,122.24147262042536,STATIC,87.31127889919156,STATIC,67.58690789884395,EXTENSION,89.98919072900351,STATIC,93.90272307931093,STATIC,123.02075205417673,STATIC,102.76859084820468,STATIC,166.42850300750715,122.7949658880402,HUNCH,UPRIGHT,160.20035506491712,LEFT_TILT,False,0.06045563135991069,0.0,0.08364067446810955,557.5919342041016,399.8914432525635,0.08333333333333215,0.9989875555038452,False,
12.875,309,43.80499537276726,EXTENSION,126.07029472072288,STATIC,87.2987114573116,STATIC,68.65182042236881,STATIC,89.4314800204623,STATIC,92.87758003165392,STATIC,124.7643091941451,STATIC,103.4441804894561,STATIC,167.2804897334041,122.38954351039014,HUNCH,UPRIGHT,160.18360860441268,LEFT_TILT,False,0.06135656997691078,0.0,0.08355463545463002,554.9821472167969,395.0502061843872,0.125,0.9989955723285675,False,
12.916666666666666,310,42.10814062600532,STATIC,127.03073243316504,STATIC,87.61454774016369,STATIC,67.59302237708076,STATIC,89.77888130741087,STATIC,92.90533896758902,STATIC,123.68705392673948,STATIC,106.29314381495482,STATIC,170.30879386517495,117.70544816714114,HUNCH,UPRIGHT,160.61227373506313,LEFT_TILT,False,0.07176567073968636,0.0,0.08350929328264947,554.5924377441406,392.00669288635254,0.16666666666666607,0.9989757835865021,False,
12.958333333333332,311,35.64652773286987,FLEXION,117.24550731095611,FLEXION,87.59087944265366,STATIC,64.15369765390389,STATIC,89.96014142564995,STATIC,93.5314819144883,STATIC,124.12005190417743,STATIC,109.02090063843606,STATIC,171.0864925195918,121.94536438370844,HUNCH,UPRIGHT,162.51388185910463,LEFT_TILT,False,0.06234363470287015,0.0,0.08342819880533231,554.6148109436035,392.07216024398804,0.20833333333333215,0.999009519815445,False,
13.0,312,47.03516886937991,EXTENSION,127.6880383302821,EXTENSION,87.82105685090157,STATIC,65.29708312759266,STATIC,90.13443289434973,STATIC,93.35081236737547,STATIC,121.90053433664438,STATIC,106.240396379168,STATIC,173.03381949760353,114.58247721318237,HUNCH,UPRIGHT,161.65141038333908,LEFT_TILT,False,0.07870560619292806,0.0,0.08341017364268953,552.9592895507812,388.86842250823975,0.25,0.9990173578262329,False,
13.041666666666666,313,45.58301743932356,STATIC,125.76387910386413,STATIC,87.95752001885405,STATIC,65.21472962319916,STATIC,89.97100462075026,STATIC,92.45422057006418,STATIC,124.57665837221721,STATIC,106.9075648062322,STATIC,172.58013124008198,117.71893822168609,HUNCH,UPRIGHT,166.49863999642298,LEFT_TILT,False,0.07173569284069758,0.0,0.08336578398184545,554.598503112793,389.373836517334,0.2916666666666661,0.9990128576755524,False,
13.083333333333332,314,41.25280627146668,STATIC,119.35126638978939,FLEXION,87.63750945045409,STATIC,65.59932570610809,STATIC,89.78328097665208,STATIC,92.73283557061553,STATIC,123.58684826261629,STATIC,109.84697730946276,STATIC,170.65770581593094,124.69097568963821,HUNCH,UPRIGHT,164.891586189044,LEFT_TILT,False,0.05624227624524843,0.0,0.08326304342223714,555.2523040771484,386.39506101608276,0.33333333333333215,0.9989769458770752,False,
13.125,315,39.58958620753437,STATIC,122.77127440264152,STATIC,87.70377671516782,STATIC,66.60549500196252,STATIC,90.17739141408074,STATIC,93.62662431716097,STATIC,122.59709379796854,STATIC,111.6043122002806,STATIC,169.02263345863844,122.71401505723752,HUNCH,UPRIGHT,159.50245601060666,LEFT_TILT,False,0.060635522095027726,0.0,0.08317765654930427,555.1441192626953,382.9645800590515,0.375,0.9989303350448608,False,
13.166666666666666,316,27.58205941289283,FLEXION,121.05426971924967,STATIC,87.85407503025498,STATIC,66.0972163536579,STATIC,90.3433763206665,STATIC,93.70589002068529,STATIC,123.06818771803957,STATIC,110.56361846571488,STATIC,169.50877068537557,123.39396164974939,HUNCH,UPRIGHT,159.2097917196214,LEFT_TILT,False,0.05912452966722359,0.0,0.08308723126027388,555.1860046386719,380.6102228164673,0.4166666666666661,0.9989334046840668,False,
13.208333333333332,317,29.886423581845982,STATIC,118.29628585150294,STATIC,87.89671912855206,STATIC,65.51748766494346,STATIC,90.3398972399278,STATIC,94.28959993790058,STATIC,123.33966515698565,STATIC,113.93654807769667,STATIC,170.33979354836592,124.1829226370583,HUNCH,UPRIGHT,160.07057207103205,LEFT_TILT,False,0.057371283028759344,0.0,0.08299091684742177,556.4126586914062,380.28846502304077,0.45833333333333215,0.9989501237869263,False,
13.25,318,36.57981844385585,EXTENSION,122.8736992446912,STATIC,88.14971102603126,STATIC,65.76140961792231,STATIC,90.06750429549295,STATIC,94.204813559885,STATIC,120.73101043707493,STATIC,113.45085418075274,STATIC,168.73450525249297,126.79541192462042,HUNCH,UPRIGHT,163.29260486547807,LEFT_TILT,False,0.051565751278621286,0.0,0.08287365876694117,556.5004539489746,376.6280221939087,0.5,0.9989831745624542,False,
13.291666666666666,319,36.7494674851762,STATIC,120.00156645270599,STATIC,88.23172733641084,STATIC,66.08645025997592,STATIC,90.66406195249508,STATIC,93.7163664970207,STATIC,125.64044158001866,STATIC,118.6632628866223,EXTENSION,174.2993779176219,123.37867114185788,HUNCH,UPRIGHT,160.05080096770627,LEFT_TILT,False,0.05915850857364916,0.0,0.08278549835730067,564.02099609375,377.3813796043396,0.5416666666666661,0.9989984333515167,False,
13.333333333333332,320,24.38464769552596,FLEXION,130.2419176397953,EXTENSION,88.31847018423291,STATIC,74.83440839314422,EXTENSION,90.68747505829351,STATIC,94.15501433335254,STATIC,128.70946866328458,STATIC,124.47814686029291,EXTENSION,167.11202646691856,125.44722757483642,HUNCH,UPRIGHT,158.92612203266916,LEFT_TILT,False,0.05456171650036353,0.0,0.08268096583190461,560.8595275878906,372.1709418296814,0.5833333333333321,0.9989857375621796,False,
13.375,321,13.615190653113837,FLEXION,112.43221976146842,FLEXION,88.58621190887189,STATIC,68.75985920500244,FLEXION,89.27588831239636,STATIC,92.69787473125666,STATIC,124.43139358554208,STATIC,122.3902228681778,STATIC,168.93954033646082,122.77674361491752,HUNCH,UPRIGHT,159.31768420688297,LEFT_TILT,False,0.22716279196684996,0.0,0.08321410910177525,558.3904075622559,370.66888332366943,0.625,0.9989128112792969,False,
13.416666666666666,322,9.843580619439285,STATIC,115.32905162555049,STATIC,88.69336605855767,STATIC,65.86061577781292,STATIC,90.18321578182939,STATIC,94.21208129523102,STATIC,128.90937107121468,STATIC,125.53265563366065,STATIC,170.02570043286588,123.37445762710959,HUNCH,UPRIGHT,160.91636142511686,LEFT_TILT,False,0.05916787193975648,0.0,0.08312570381809137,557.1398735046387,369.4124722480774,0.6666666666666661,0.998905748128891,False,
13.458333333333332,323,20.630533735325397,EXTENSION,122.57548638084033,EXTENSION,88.55828519998911,STATIC,69.50259057207866,STATIC,90.64601271751287,STATIC,93.76734887424057,STATIC,131.2656614019814,STATIC,128.68929388942522,STATIC,169.76433718572642,125.36947140354985,HUNCH,UPRIGHT,160.89062559989182,LEFT_TILT,False,0.054734507992111436,0.0,0.08302170676378375,555.1515197753906,366.9809103012085,0.7083333333333321,0.9988203644752502,False,
13.5,324,35.14676055703411,EXTENSION,123.92758178154725,STATIC,89.74289719856576,STATIC,65.76162761906053,STATIC,90.3330740291665,STATIC,93.84240938665288,STATIC,132.82839570531615,STATIC,128.59598461219068,STATIC,172.69911143130844,120.81230171808842,HUNCH,UPRIGHT,158.70285938801413,LEFT_TILT,False,0.06486155173758128,0.0,0.08295542882573191,557.0341110229492,367.6469135284424,0.75,0.9988723695278168,False,
13.541666666666666,325,41.43051283600481,EXTENSION,129.49994933507892,EXTENSION,89.55373499720551,STATIC,67.14449426856326,STATIC,90.35729253919905,STATIC,92.18140963963796,STATIC,131.2587983256573,STATIC,126.05006061144668,STATIC,171.70940608386852,118.17163331039468,HUNCH,UPRIGHT,15.58423428115065,RIGHT_TILT,False,0.0707297037546785,0.0,0.08291097164365537,550.2233505249023,364.36723709106445,0.7916666666666661,0.9987765252590179,False,
13.583333333333332,326,42.61147347838042,STATIC,130.56753220468124,STATIC,88.91818204128755,STATIC,67.84634007354882,STATIC,90.92427007956313,STATIC,92.88611680317565,STATIC,130.68886942551848,STATIC,126.92038332244051,STATIC,171.12978577000578,120.08253232663543,HUNCH,UPRIGHT,165.0854412946078,LEFT_TILT,False,0.0664832614963657,0.0,0.08285145095471591,552.6618957519531,362.20426082611084,0.8333333333333321,0.9988174140453339,False,
13.625,327,44.07442384080195,STATIC,129.7447397507679,STATIC,88.55693210048916,STATIC,67.01870243180599,STATIC,90.40287850128557,STATIC,92.62530865976302,STATIC,129.32092228502438,STATIC,126.5839358807101,STATIC,172.36788923002013,116.877650456458,HUNCH,UPRIGHT,163.14821794035151,LEFT_TILT,False,0.07360522120787112,0.0,0.08281807106393307,557.1881675720215,362.08664059638977,0.875,0.9988827705383301,False,
13.666666666666666,328,13.637358177452363,FLEXION,131.05024138276224,STATIC,88.4259634935332,STATIC,71.01732130516751,STATIC,89.01869979045038,STATIC,92.71777606563272,STATIC,128.65465745048513,STATIC,126.79691160976762,STATIC,166.256088331888,122.26714114011982,HUNCH,UPRIGHT,159.72431700905597,LEFT_TILT,False,0.061628575244178196,0.0,0.08274184985594835,559.1840934753418,360.46223044395447,0.9166666666666661,0.998927116394043,False,
13.708333333333332,329,34.58006312645586,EXTENSION,131.78591497901974,STATIC,88.05182786356134,STATIC,72.34841264298815,STATIC,88.74089021587935,STATIC,91.51619699918022,STATIC,126.95868597966408,STATIC,124.27433230813917,STATIC,164.9212320726037,120.68565636382199,HUNCH,UPRIGHT,157.8638499812504,LEFT_TILT,False,0.06514298585817335,0.0,0.08267877149036491,558.2288551330566,355.79026222229004,0.9583333333333321,0.9989224970340729,False,
13.75,330,18.107053960816742,FLEXION,130.79196633919233,STATIC,88.51058827544583,STATIC,75.17616272389276,STATIC,88.8003330622269,STATIC,92.76535628248635,STATIC,125.82896579675825,STATIC,122.36018074323901,STATIC,164.43073421513884,123.95872225565313,HUNCH,UPRIGHT,157.71757690297073,LEFT_TILT,False,0.05786950609854861,0.0,0.08259016697110844,558.0781173706055,357.4240279197693,1.0,0.9989857077598572,False,
13.791666666666666,331,12.528552788741536,FLEXION,128.2907301594857,STATIC,88.65572917596643,STATIC,72.85004238152645,STATIC,88.79083794890423,STATIC,93.4106092071542,STATIC,124.68490155962287,STATIC,119.42987214382626,STATIC,164.93478799166778,122.84796702882267,HUNCH,UPRIGHT,156.07208863302603,LEFT_TILT,False,0.06033785104706076,0.0,0.0825109772347239,556.999340057373,355.11197447776794,1.041666666666666,0.9990370869636536,False,
13.833333333333332,332,34.14413896309174,EXTENSION,112.92602543295982,FLEXION,88.85549664735557,STATIC,67.09106173114068,FLEXION,89.95102355023927,STATIC,92.92308435757295,STATIC,130.56726444060084,EXTENSION,122.3693077046465,STATIC,169.21270829002933,123.54943382660328,HUNCH,UPRIGHT,157.94043118892554,LEFT_TILT,False,0.22544570260754826,0.0,0.08301783796299633,556.8874549865723,356.2600243091583,1.0833333333333321,0.999046266078949,False,
13.875,333,12.507228646667796,FLEXION,118.73839052781636,EXTENSION,88.48107332369878,STATIC,66.00630968870452,STATIC,90.26579422158596,STATIC,93.69717646936597,STATIC,128.90003496173446,STATIC,121.45225528770823,STATIC,167.79890922012788,123.99818619318562,HUNCH,UPRIGHT,156.63048259419895,LEFT_TILT,False,0.057781808459587504,0.0,0.08292866471386769,557.1329116821289,353.0451822280884,1.125,0.9990741610527039,False,
13.916666666666666,334,40.508410046463624,EXTENSION,116.5161633955061,STATIC,88.5958330461304,STATIC,69.81891285584312,STATIC,90.30580914699122,STATIC,94.64926757948949,STATIC,128.29610183959582,STATIC,122.9198309311004,STATIC,166.07252550243686,127.15408141570657,HUNCH,UPRIGHT,155.5421805918553,LEFT_TILT,False,0.050768707965096506,0.0,0.08281542542954103,557.2346878051758,352.99673080444336,1.166666666666666,0.9991157352924347,False,
13.958333333333332,335,40.22134063692016,STATIC,126.82014290074925,EXTENSION,88.68618512684519,STATIC,77.72222326387023,EXTENSION,90.22545447907343,STATIC,92.10266174884234,STATIC,127.44260231281854,STATIC,117.7305543306935,FLEXION,164.150280638928,127.85981541039897,HUNCH,UPRIGHT,150.49309098326634,LEFT_TILT,False,0.0492004101991134,0.0,0.08269747800767988,555.3328704833984,351.89300179481506,1.2083333333333321,0.9991197288036346,False,
14.0,336,16.367530520954805,FLEXION,124.71261362950396,STATIC,88.15715184229562,STATIC,75.72011717035718,STATIC,90.3424164566978,STATIC,92.18820754439129,STATIC,127.59198300419915,STATIC,118.0453365003977,STATIC,165.29049131594405,131.117145741962,HUNCH,UPRIGHT,154.53513530447876,LEFT_TILT,False,0.04196189835119557,0.0,0.08255504591097888,556.0830497741699,351.4798665046692,1.25,0.9991076588630676,False,
14.041666666666666,337,17.094269667496658,STATIC,120.07920939903653,STATIC,88.04798840889696,STATIC,68.48015593597825,FLEXION,90.36058120120991,STATIC,93.93870123225312,STATIC,129.1688629675344,STATIC,122.12585113323966,STATIC,168.0322366261366,128.77161261988113,HUNCH,UPRIGHT,157.07099411129246,LEFT_TILT,False,0.21384086084470863,0.0,0.08301248777485948,556.2689590454102,350.33562541007996,1.291666666666666,0.999112069606781,False,
14.083333333333332,338,16.877193305247555,STATIC,122.7933120788366,STATIC,87.77134271657603,STATIC,68.29181793635662,STATIC,90.51712512173759,STATIC,93.70549038405352,STATIC,127.24691118822308,STATIC,121.28269183118218,STATIC,168.4301425570145,127.37536630140593,HUNCH,UPRIGHT,157.30080971130252,LEFT_TILT,False,0.05027696377465348,0.0,0.08289882276096988,556.029224395752,348.24085235595703,1.3333333333333321,0.9991230368614197,False,
14.125,339,14.893468459642628,STATIC,122.27846968568107,STATIC,87.4761127670581,STATIC,69.17025736678252,STATIC,90.3042443138428,STATIC,94.03617787068752,STATIC,125.4288264797122,STATIC,122.79853083440202,STATIC,165.86697983879696,127.35586576918128,HUNCH,UPRIGHT,159.39259527427572,LEFT_TILT,False,0.050320298290708276,0.0,0.08278609430259526,555.2204895019531,347.4632477760315,1.375,0.9991196393966675,False,
14.166666666666666,340,24.005030867136455,EXTENSION,120.33740469956378,STATIC,87.53856947760833,STATIC,65.4815557046546,STATIC,90.66902258802084,STATIC,94.29628167971318,STATIC,125.72482297018075,STATIC,125.53747562047197,STATIC,168.4159388896339,124.56477455391892,HUNCH,UPRIGHT,160.3082398139695,LEFT_TILT,False,0.056522723213513516,0.0,0.08269553095401223,555.2881240844727,346.60216212272644,1.416666666666666,0.9991535842418671,False,
14.208333333333332,341,30.449399966312214,EXTENSION,122.95347756867412,STATIC,87.46731444422889,STATIC,66.3592941096888,STATIC,90.6339522704179,STATIC,94.51171480696124,STATIC,129.44895071739685,STATIC,129.9443503711456,STATIC,168.63242039696954,122.84626025254096,HUNCH,UPRIGHT,160.93314192189925,LEFT_TILT,False,0.060341643883242334,0.0,0.08261871347266937,555.2277565002441,345.17393946647644,1.4583333333333321,0.9991998374462128,False,
14.25,342,23.17315855946668,FLEXION,122.3137072908045,STATIC,87.45085670095904,STATIC,67.10963964898878,STATIC,90.9089124068256,STATIC,93.2179079058597,STATIC,128.41278590691527,STATIC,130.42937163223763,STATIC,168.73993280969432,123.30774342358853,HUNCH,UPRIGHT,162.40448543329833,LEFT_TILT,False,0.059316125725358826,0.0,0.0825389100899731,554.6646499633789,344.4654607772827,1.5,0.999213844537735,False,
14.291666666666666,343,13.663621944517425,FLEXION,113.73177443103265,FLEXION,87.28993009917363,STATIC,65.25492515342502,STATIC,90.97605104777988,STATIC,93.73129547883526,STATIC,127.38617141119991,STATIC,132.85022541421085,STATIC,166.3819590180658,127.97806065855079,HUNCH,UPRIGHT,160.7846578222516,LEFT_TILT,False,0.04893764298099823,0.0,0.08242422999745101,555.5882263183594,342.9538321495056,1.541666666666666,0.9991826117038727,False,
14.333333333333332,344,28.805112726574638,EXTENSION,117.90134387361272,STATIC,87.28287072676339,STATIC,65.04788382629143,STATIC,90.886517171386,STATIC,92.73321160867357,STATIC,123.83449187757091,STATIC,129.50140101886387,STATIC,167.58950501441916,125.84185336111723,HUNCH,UPRIGHT,158.28970399247035,LEFT_TILT,False,0.05368477030862839,0.0,0.08232647673320331,555.8779335021973,341.90102219581604,1.5833333333333321,0.9991988837718964,False,
14.375,345,21.7272410075097,FLEXION,122.26228503557161,STATIC,87.3990407852156,STATIC,65.6881564822536,STATIC,91.46130321390153,STATIC,92.96330509522697,STATIC,123.58669124725313,STATIC,128.3241030228655,STATIC,169.7824106997599,122.75060436549481,HUNCH,UPRIGHT,159.48441212359515,LEFT_TILT,False,0.06055421252112266,0.0,0.08225267244773864,557.257251739502,341.8532145023346,1.625,0.9992197751998901,False,
14.416666666666666,346,29.272107433603413,EXTENSION,121.42734380051043,STATIC,87.14877165732473,STATIC,66.71866459877405,STATIC,91.36356015184444,STATIC,92.34327169512625,STATIC,120.62683087231275,STATIC,123.73914935142349,STATIC,169.10985454772333,122.92336879806975,HUNCH,UPRIGHT,159.26367629934455,LEFT_TILT,False,0.060170291559845025,0.0,0.08217806980960386,557.5202751159668,340.8570206165314,1.666666666666666,0.9992422759532928,False,
14.458333333333332,347,32.25407969704771,STATIC,124.95177467194709,STATIC,87.0865663952151,STATIC,67.85233733554863,STATIC,91.09270353170669,STATIC,92.04341230048858,STATIC,119.04961494192223,STATIC,120.57389949918534,STATIC,168.84253697131254,122.47106818474012,HUNCH,UPRIGHT,159.6285423769236,LEFT_TILT,False,0.06117540403391086,0.0,0.08210735376322105,557.8738403320312,340.6506085395813,1.7083333333333321,0.9992659986019135,False,
14.5,348,12.087054523839468,FLEXION,118.45842633923658,FLEXION,87.62796959412707,STATIC,65.79832066128382,STATIC,91.41993690623308,STATIC,91.10691557522348,STATIC,120.85883265443027,STATIC,118.58727541069884,STATIC,171.57847477943776,125.26572559338513,HUNCH,UPRIGHT,159.72300132699468,LEFT_TILT,False,0.05496505423692192,0.0,0.0820162722211865,558.7309074401855,341.1177635192871,1.75,0.9992546439170837,False,
14.541666666666666,349,25.085128072127286,EXTENSION,121.90774339315132,STATIC,87.5756044824768,STATIC,67.1800237094965,STATIC,91.60733531331249,STATIC,93.30164966100459,STATIC,121.54585271060958,STATIC,121.05415207988999,STATIC,171.8851087691959,124.03075989670563,HUNCH,UPRIGHT,160.13019069776158,LEFT_TILT,False,0.05770942245176525,0.0,0.08193497840924863,558.359203338623,341.4926612377167,1.791666666666666,0.9992553293704987,False,
14.583333333333332,350,22.69459501098762,STATIC,122.65453257396848,STATIC,87.33635118231216,STATIC,68.15668642384719,STATIC,91.2084220468178,STATIC,94.8246825799196,STATIC,121.97976612247139,STATIC,121.82934147775234,STATIC,169.93285971733928,122.09552258490619,HUNCH,UPRIGHT,161.3839969113803,LEFT_TILT,False,0.062009949811319576,0.0,0.08186856164725553,556.0223197937012,341.3303339481354,1.8333333333333321,0.9992464482784271,False,
14.625,351,18.617077590847117,STATIC,120.32963914975569,STATIC,87.50395951152744,STATIC,67.55492134702638,STATIC,91.3920903015058,STATIC,93.70796384739118,STATIC,122.22497361047424,STATIC,123.11290482801384,STATIC,171.3097991986901,122.46042504910498,HUNCH,UPRIGHT,161.9000863927016,LEFT_TILT,False,0.06119905544643337,0.0,0.08179989219143885,555.4231262207031,341.1200702190399,1.875,0.9992036819458008,False,
14.666666666666666,352,27.541866451927675,EXTENSION,120.79584007209284,STATIC,88.13956042273682,STATIC,67.9182699891778,STATIC,91.37496184622802,STATIC,93.47861712549766,STATIC,124.57510149608814,STATIC,120.45196759892028,STATIC,171.2529244562556,122.37784861035843,HUNCH,UPRIGHT,160.91724103015773,LEFT_TILT,False,0.061382558643647944,0.0,0.08173228512671106,554.3281364440918,340.9115767478943,1.916666666666666,0.9991628229618073,False,
14.708333333333332,353,26.949261207274017,STATIC,119.73407394047067,STATIC,88.01655451022485,STATIC,66.94005201451172,STATIC,91.21210993294277,STATIC,92.73983497593915,STATIC,126.15575921867874,STATIC,120.15240700027618,STATIC,171.9612758158516,120.58915092699236,HUNCH,UPRIGHT,161.68129829905445,LEFT_TILT,False,0.06535744238446144,0.0,0.0816782427414231,554.4474411010742,340.960693359375,1.9583333333333321,0.9991579055786133,False,
14.75,354,29.143482176439957,STATIC,122.14143917526485,STATIC,88.59143282599268,STATIC,65.7853098133955,STATIC,91.74484461161603,STATIC,92.50636047369466,STATIC,127.17907281043372,STATIC,118.50960921344262,STATIC,173.46358881379157,117.20879249512964,HUNCH,UPRIGHT,163.07050083963074,LEFT_TILT,False,0.07286935001082302,0.0,0.08164926612059877,554.4216918945312,339.7134232521057,2.0,0.9991706609725952,False,
14.791666666666666,355,24.26411961660817,STATIC,124.65325324191647,STATIC,87.96986287079768,STATIC,66.28701208764726,STATIC,89.38811027579209,STATIC,93.95702371571902,STATIC,124.24841505786993,STATIC,115.24014587413039,STATIC,168.54767260586672,118.5046186127151,HUNCH,UPRIGHT,163.1073360767521,LEFT_TILT,False,0.06998973641618866,0.0,0.0816110381543548,554.2142677307129,339.5673930644989,2.041666666666666,0.9992186725139618,False,
14.833333333333332,356,16.176112944219604,FLEXION,120.72069543898621,STATIC,86.84474572638929,STATIC,68.33846375263447,STATIC,87.65915529114072,STATIC,94.94647378888682,STATIC,121.941236283494,STATIC,117.17198710379611,STATIC,157.29810947586958,127.20829504860005,HUNCH,UPRIGHT,163.91013546558702,LEFT_TILT,False,0.05064823322533322,0.0,0.08150985251733185,556.6290283203125,335.1958429813385,2.083333333333332,0.9992190301418304,False,
14.875,357,55.11662224243086,EXTENSION,129.97942393286178,EXTENSION,87.47623560117577,STATIC,73.00483976914583,STATIC,89.56044540302902,STATIC,96.03753918923883,STATIC,125.53706665634347,STATIC,121.50991230935043,STATIC,166.01045667811601,117.152073158173,HUNCH,UPRIGHT,166.22785554044938,LEFT_TILT,False,0.07299539298183777,0.0,0.08148211812145077,557.9764366149902,335.4016864299774,2.125,0.9992646872997284,False,
14.916666666666666,358,37.57959595742134,FLEXION,108.07687689610583,FLEXION,85.90872308359371,STATIC,81.30403878708191,EXTENSION,82.82120518007264,FLEXION,90.70320491551595,FLEXION,115.61514448269061,FLEXION,110.2109547136743,FLEXION,142.1897052851024,142.23188720386787,HUNCH,FORWARD_TILT,165.78096183082425,LEFT_TILT,False,0.03461868335784383,0.0,0.08132996411247803,557.3430824279785,336.333829164505,2.166666666666666,0.9991981685161591,False,
14.958333333333332,359,54.858950720926735,EXTENSION,117.3854376839208,EXTENSION,86.94524220446056,STATIC,89.24361326936939,EXTENSION,81.9912395438372,STATIC,92.24748783800075,STATIC,117.46075922598787,STATIC,113.49796394681807,STATIC,140.23200052972038,147.4863653595118,HUNCH,FORWARD_TILT,169.02700858780034,LEFT_TILT,False,0.027292520246150698,0.0,0.0811550856533637,559.8231887817383,336.2784790992737,2.208333333333332,0.9992125034332275,False,
15.0,360,46.99529208026109,FLEXION,125.86715805945374,EXTENSION,86.53000920055894,STATIC,95.42686754582495,EXTENSION,84.07431345303034,STATIC,93.04284509644688,STATIC,115.05454360465397,STATIC,113.47865203408955,STATIC,143.74719971823765,144.6382241701229,HUNCH,FORWARD_TILT,167.9226628271496,LEFT_TILT,False,0.025810169136976573,0.0,0.08097655366460116,559.2123031616211,336.70483231544495,2.25,0.9992493689060211,False,
15.041666666666666,361,57.046008367296665,EXTENSION,129.2358304501264,STATIC,87.60321932630966,STATIC,89.9779686072078,FLEXION,83.38989285566804,STATIC,89.74263373930143,STATIC,108.32878083888778,FLEXION,112.12666849760227,STATIC,150.89547530613504,138.73628279343347,HUNCH,UPRIGHT,169.93249267820116,LEFT_TILT,False,0.19169714934792562,0.0,0.08133256844171796,558.350772857666,335.76207876205444,2.291666666666666,0.999233603477478,False,
15.083333333333332,362,54.62508741048015,STATIC,96.5977632793584,FLEXION,87.82550682839955,STATIC,66.6403144100937,FLEXION,86.7254636630489,STATIC,91.15331396414973,STATIC,107.32603627149415,STATIC,109.13013326244102,STATIC,160.5296027381554,129.93386296092336,HUNCH,UPRIGHT,168.4173739783086,LEFT_TILT,False,0.21125808230905918,0.0,0.08174899637077995,556.0704040527344,336.0486352443695,2.333333333333332,0.9992678463459015,False,
15.125,363,54.23459841660749,STATIC,77.16242683636281,FLEXION,87.63618258898232,STATIC,57.83023388222199,FLEXION,86.94448743688109,STATIC,92.37305402907045,STATIC,105.8559866888574,STATIC,110.46848793582966,STATIC,161.49073566961587,134.24024563648888,HUNCH,UPRIGHT,168.51649094633748,LEFT_TILT,False,0.2016883430300247,0.0,0.08213218917160821,556.1610984802246,336.23382568359375,2.375,0.9992932379245758,False,
15.166666666666666,364,48.13418888509276,FLEXION,82.29410285800414,EXTENSION,87.16327708547657,STATIC,57.562499286527256,STATIC,88.93774996355921,STATIC,91.60883592606747,STATIC,104.2895831135917,STATIC,108.36547306513721,STATIC,169.42945408745473,131.49355918379047,HUNCH,UPRIGHT,166.9953851265995,LEFT_TILT,False,0.04112542403602119,0.0,0.08200159437818277,555.3900146484375,336.227205991745,2.416666666666666,0.9993147552013397,False,
15.208333333333332,365,52.15283665634554,STATIC,80.8565471961538,STATIC,86.84597591783745,STATIC,59.52632498870778,STATIC,87.36753659618263,STATIC,90.6852190394611,STATIC,103.73546203227293,STATIC,104.68351982214797,STATIC,165.075467360756,132.93146281586402,HUNCH,UPRIGHT,167.4195235996599,LEFT_TILT,False,0.03793008263141329,0.0,0.08186168481708192,555.4709625244141,339.1298818588257,2.458333333333332,0.9993210136890411,False,
15.25,366,53.43636857121224,STATIC,101.44266778030918,EXTENSION,87.84495475114218,STATIC,82.78849522432638,EXTENSION,84.99833100062874,STATIC,85.62791792015024,FLEXION,102.20581759002513,STATIC,100.27715618082026,STATIC,152.63556527861263,143.74532107912847,HUNCH,UPRIGHT,168.2968152541156,LEFT_TILT,False,0.013899286490825613,0.0,0.08164661393630263,555.5894470214844,340.7413637638092,2.5,0.9992882907390594,False,
15.291666666666666,367,56.4394404986605,STATIC,90.86559568030908,FLEXION,87.84383177441804,STATIC,74.95043733123103,FLEXION,84.02295551037201,STATIC,84.82513790696798,STATIC,99.37983228209787,STATIC,97.95372798967675,STATIC,155.29730710690842,141.39666921060524,HUNCH,UPRIGHT,11.228536803906062,RIGHT_TILT,False,0.18578517953198836,0.0,0.0819751267615256,555.7234954833984,341.0715866088867,2.541666666666666,0.999299556016922,False,
15.333333333333332,368,55.57440939096639,STATIC,86.54291380968635,STATIC,88.28304369785941,STATIC,79.44691747415179,STATIC,83.06448249062078,STATIC,84.22863508794687,STATIC,95.3101315012184,STATIC,93.81205139396222,STATIC,150.94691824808447,146.9774049389494,HUNCH,UPRIGHT,11.702695503604147,RIGHT_TILT,False,0.0067168779134457735,0.0,0.08173846560162597,555.3151512145996,341.0594093799591,2.583333333333332,0.9992719292640686,False,
15.375,369,39.630525863481424,FLEXION,89.54364379685485,STATIC,87.21923128905728,STATIC,75.59497599063565,STATIC,85.32811918051036,STATIC,83.21795181424511,STATIC,96.35933644246185,STATIC,90.57036822537906,STATIC,158.7151447018052,143.11325647659672,HUNCH,UPRIGHT,167.30484510184903,LEFT_TILT,False,0.015303874496451727,0.0,0.08153020669534017,554.8726463317871,340.87809205055237,2.625,0.9992826879024506,False,
15.416666666666666,370,30.274522099572334,FLEXION,111.92104115535756,EXTENSION,87.52596142782971,STATIC,69.57127401661815,FLEXION,88.7787578579247,STATIC,85.10587800051312,STATIC,101.72698302321317,EXTENSION,89.80327140633976,STATIC,174.51684195672146,133.09703258049592,HUNCH,UPRIGHT,167.43677093670965,LEFT_TILT,False,0.20422881648778682,0.0,0.08191363985094156,553.7888717651367,340.98074555397034,2.666666666666666,0.9991815090179443,False,
15.458333333333332,371,40.53266568400125,EXTENSION,111.50177538071829,STATIC,86.93937887875194,STATIC,76.35637904528755,EXTENSION,86.74872936663918,STATIC,83.33062163515372,STATIC,102.184517687475,STATIC,85.69484175239698,STATIC,168.5210316160477,137.97209176310147,HUNCH,UPRIGHT,168.41901981613896,LEFT_TILT,False,0.026728684970885614,0.0,0.08174172410365167,553.9896774291992,340.48856019973755,2.708333333333332,0.9991600215435028,False,
15.5,372,29.14785344314573,FLEXION,112.7954529488152,STATIC,87.4515199151984,STATIC,72.1213228103644,STATIC,88.54536745615307,STATIC,84.12265766379109,STATIC,103.92877475119084,STATIC,85.76354874746559,STATIC,175.9890056183402,130.5337892200654,HUNCH,UPRIGHT,169.06623609430503,LEFT_TILT,False,0.043258246177632485,0.0,0.08162221019704913,553.1267356872559,342.7128732204437,2.75,0.9991243779659271,False,
15.541666666666666,373,36.42762674034029,EXTENSION,110.90411009486317,STATIC,86.9688567143053,STATIC,84.97050171688771,EXTENSION,86.4379489518843,STATIC,83.44011784053805,STATIC,98.40831615607304,FLEXION,83.0488640772295,STATIC,159.33967653804226,145.0062190886583,HUNCH,UPRIGHT,166.52169528859721,LEFT_TILT,False,0.011097290914092653,0.0,0.08140386679369632,554.5390319824219,342.9417407512665,2.791666666666666,0.9991596341133118,False,
15.583333333333332,374,39.750434459953986,STATIC,92.5540231360967,FLEXION,87.93806932275776,STATIC,46.058668485223876,FLEXION,93.7684545651476,EXTENSION,88.95816572015548,EXTENSION,113.37003930094468,EXTENSION,89.44831673398537,EXTENSION,161.52088015512405,117.61815905497978,HUNCH,UPRIGHT,2.455117957048246,UPRIGHT,False,0.23862631321115602,0.0,0.08188912125794774,553.1512641906738,338.8252258300781,2.833333333333332,0.9988650977611542,False,
15.625,375,18.971112294196697,FLEXION,104.14905020156355,EXTENSION,87.98287301424416,STATIC,64.15720161089338,EXTENSION,89.52098686498633,STATIC,86.22162433924484,STATIC,109.83479559129286,STATIC,88.19589351598472,STATIC,178.9111196939046,129.36542674217392,HUNCH,UPRIGHT,5.74334748731884,UPRIGHT,False,0.04585460723961351,0.0,0.08177824583019902,555.3841018676758,339.1454601287842,2.875,0.9987325370311737,False,
15.666666666666666,376,20.719081547207505,STATIC,108.68483617574282,STATIC,87.59341879844057,STATIC,72.2464363293633,EXTENSION,90.01618483262897,STATIC,86.08141860797647,STATIC,110.07447359782657,STATIC,88.8579581857604,STATIC,172.10408666349025,133.659406050884,HUNCH,UPRIGHT,6.483315517824576,UPRIGHT,False,0.03631243099803557,0.0,0.0816387801405298,557.5974655151367,339.1647934913635,2.916666666666666,0.9986984431743622,False,
15.708333333333332,377,40.507431808356834,EXTENSION,87.36173133181767,FLEXION,88.03878345927522,STATIC,48.167821224913986,FLEXION,93.79114478034836,STATIC,87.89378684093722,STATIC,118.18284506725263,EXTENSION,91.25687287573078,STATIC,163.3297148546399,123.19485848098907,HUNCH,UPRIGHT,163.42353607783608,RIGHT_TILT,False,0.2262336478200243,0.0,0.08208096628022245,552.7357482910156,335.80156087875366,2.958333333333332,0.9983366131782532,False,
15.75,378,21.215887714962108,FLEXION,91.52805247578178,STATIC,87.80033822549676,STATIC,72.15050955502839,EXTENSION,90.982723177263,STATIC,84.02931527119006,STATIC,113.8703884362939,STATIC,86.85503377350828,STATIC,169.5431092500079,133.1511401276431,HUNCH,UPRIGHT,9.205056269705292,UPRIGHT,False,0.03744191082745981,0.0,0.08194487159896402,555.3990173339844,338.34660172462463,3.0,0.9982447624206543,False,
15.791666666666666,379,23.281909473537816,STATIC,108.37277177539322,EXTENSION,87.24134041625648,STATIC,79.0125247056527,EXTENSION,90.41133344499305,STATIC,84.8328124908504,STATIC,114.27330206851822,STATIC,88.59302522132015,STATIC,165.7055370347911,143.07416796312467,HUNCH,UPRIGHT,0.029467957136370772,UPRIGHT,False,0.015390737859722966,0.0,0.0817425793991487,557.0532989501953,340.8414423465729,3.041666666666666,0.9982211589813232,False,
15.833333333333332,380,28.3625929028561,EXTENSION,109.82416689554076,STATIC,87.62382845888571,STATIC,75.94143494672812,STATIC,89.41832015213826,STATIC,85.22630937789474,STATIC,114.85505495397877,STATIC,90.18150652263327,STATIC,169.54256460094066,145.86110597081083,HUNCH,UPRIGHT,1.6211717812399646,UPRIGHT,False,0.00919754228708706,0.0,0.08152274595335457,557.0892715454102,343.29238057136536,3.083333333333332,0.9981990158557892,False,
15.875,381,20.362032328329413,FLEXION,106.88785775220808,STATIC,87.19462198027493,STATIC,76.03197382032654,STATIC,89.23588146416212,STATIC,84.31945539102995,STATIC,116.37533199217594,STATIC,88.51853764099934,STATIC,167.31684853410178,143.8959720340325,HUNCH,UPRIGHT,6.917712040080982,UPRIGHT,False,0.01356450659103888,0.0,0.08131743405195785,553.1667900085449,341.71245217323303,3.125,0.9980362057685852,False,
15.916666666666666,382,29.11177205505198,EXTENSION,112.93516701599522,EXTENSION,87.08867962945918,STATIC,77.60283535879735,STATIC,89.03020523210148,STATIC,83.70718239453271,STATIC,118.459175438878,STATIC,87.69814629765447,STATIC,168.7595468700158,149.07766916215832,HUNCH,UPRIGHT,8.84771523952889,UPRIGHT,False,0.0020496240840926308,0.0,0.08107867558819921,555.421199798584,344.259295463562,3.166666666666666,0.9980272948741913,False,
15.958333333333332,383,33.19288237217655,STATIC,110.33202131403254,STATIC,87.81184866435093,STATIC,74.30099890967,STATIC,88.56281371610017,STATIC,83.06108305284457,STATIC,113.53614930946102,STATIC,84.7879558718443,STATIC,172.20969207745287,139.75934694323948,HUNCH,UPRIGHT,5.894228986765592,UPRIGHT,False,0.022757006792801165,0.0,0.0809035354416665,554.4893455505371,344.23606753349304,3.208333333333332,0.9980176389217377,False,
16.0,384,41.782898548258835,EXTENSION,96.55491670636904,FLEXION,87.39739707936614,STATIC,66.50682077371071,FLEXION,89.18388271223033,STATIC,83.85346038288614,STATIC,111.80686378933966,STATIC,83.8913542155695,STATIC,173.04441556816855,135.37939521037256,HUNCH,UPRIGHT,9.750784888488434,UPRIGHT,False,0.1991568995325054,0.0,0.0812575874299624,553.7819480895996,340.88749051094055,3.25,0.9979441165924072,False,
16.041666666666664,385,30.29928324425288,FLEXION,94.0308125228208,STATIC,88.231738594189,STATIC,57.75842442090364,FLEXION,90.2718519247534,STATIC,85.90398826288099,STATIC,114.35104968531462,STATIC,83.40387791717099,STATIC,178.05338323033033,134.20202272622075,HUNCH,UPRIGHT,5.650750981186546,UPRIGHT,False,0.20177328283062057,0.0,0.081617335774442,553.7164115905762,339.41348791122437,3.2916666666666643,0.9977645576000214,False,
16.083333333333332,386,46.73642649325156,EXTENSION,96.87514794119022,STATIC,87.76002562494084,STATIC,50.40133593265731,FLEXION,91.9451275531376,STATIC,86.77262128710012,STATIC,119.22076799973668,STATIC,84.08932477542048,STATIC,168.00367761058703,123.55044388602981,HUNCH,UPRIGHT,1.7263201225811322,UPRIGHT,False,0.22544345803104485,0.0,0.0820453897097295,549.748420715332,338.0858051776886,3.333333333333332,0.9976827800273895,False,
16.125,387,31.776108600496535,FLEXION,99.78988321659997,STATIC,88.41997645914664,STATIC,52.48857258407167,STATIC,92.28313915024849,STATIC,86.63300301163952,STATIC,120.8160815496033,STATIC,80.82444790020905,STATIC,167.82353822591853,121.83411471003598,HUNCH,UPRIGHT,173.9849687079295,LEFT_TILT,False,0.06259085619992004,0.0,0.08198766112364698,550.1821327209473,337.97119975090027,3.375,0.9975436329841614,False,
16.166666666666664,388,28.276406345714182,STATIC,93.49195327359486,FLEXION,87.41654622344825,STATIC,63.693101931033674,EXTENSION,89.60312511161516,STATIC,83.18985884569909,STATIC,119.8919798880593,STATIC,79.26981264856933,STATIC,176.2713742048198,141.09796635678083,HUNCH,UPRIGHT,5.443897248846949,UPRIGHT,False,0.019782296984931502,0.0,0.08180362158477504,552.3674964904785,342.31730103492737,3.4166666666666643,0.9974913597106934,False,
16.208333333333332,389,27.480654615991813,STATIC,94.7559328345296,STATIC,86.82195859722647,STATIC,64.37892166255305,STATIC,89.2133486308389,STATIC,82.96271164893456,STATIC,120.31882838420763,STATIC,77.61501859849744,STATIC,172.3558623003626,141.2348147232514,HUNCH,UPRIGHT,4.670960663107542,UPRIGHT,False,0.0194781895038858,0.0,0.08161977075267803,552.3533821105957,342.2901463508606,3.458333333333332,0.997446209192276,False,
16.25,390,30.63053892120141,STATIC,98.67709997381151,STATIC,86.66170454993485,STATIC,66.11017652385624,STATIC,88.80887670979125,STATIC,83.42144845503448,STATIC,121.80838277635279,STATIC,76.72644695232059,STATIC,171.31253009195945,139.2889893852878,HUNCH,UPRIGHT,6.00685163314204,UPRIGHT,False,0.02380224581047156,0.0,0.08144971920873037,552.3802185058594,342.4685776233673,3.5,0.9974040687084198,False,
16.291666666666664,391,38.65907956964747,EXTENSION,73.46691531337392,FLEXION,87.05051785881446,STATIC,56.69326745028034,FLEXION,89.25751815300632,STATIC,84.08861893687933,STATIC,121.75296067365741,STATIC,77.34131267443313,STATIC,173.2138663452625,141.93911025219154,HUNCH,UPRIGHT,10.209091011885256,RIGHT_TILT,False,0.1845797549951299,0.0,0.08175215333127113,554.1966438293457,342.36852049827576,3.5416666666666643,0.9974343776702881,False,
16.333333333333332,392,34.91918328674738,STATIC,91.25730150499339,EXTENSION,86.85709153058943,STATIC,57.061186424522774,STATIC,88.52687711248616,STATIC,83.30622595972002,STATIC,121.11990423650124,STATIC,75.49514556084794,STATIC,174.34169518588385,137.60894230801622,HUNCH,UPRIGHT,8.685831500914727,UPRIGHT,False,0.027535683759963958,0.0,0.08159362564246614,552.0411682128906,343.0187737941742,3.583333333333332,0.9974150061607361,False,
16.375,393,33.27001337058631,STATIC,84.59133764146253,FLEXION,87.11605466668807,STATIC,54.81885635187199,STATIC,88.86206324812028,STATIC,83.9701437351278,STATIC,121.17601761026086,STATIC,74.80413362887437,STATIC,178.70301183970625,135.85265285269907,HUNCH,UPRIGHT,8.946472123370011,UPRIGHT,False,0.03143854921622428,0.0,0.0814474009298532,550.6840133666992,342.2996520996094,3.625,0.9974004626274109,False,
16.416666666666664,394,51.17940482048073,EXTENSION,87.15481499801862,STATIC,86.56357308984741,STATIC,51.867774741727445,STATIC,89.73082998903038,STATIC,84.34850463601674,STATIC,121.40512268058133,STATIC,75.06120301502321,STATIC,175.37103525110027,125.68761270662169,HUNCH,UPRIGHT,169.61340105247965,LEFT_TILT,False,0.05402752731861845,0.0,0.0813676919949368,548.2101631164551,339.1770029067993,3.6666666666666643,0.9974260330200195,False,
16.458333333333332,395,47.171322072336686,STATIC,85.50785378730035,STATIC,86.84127682623162,STATIC,46.197248632529565,FLEXION,92.13000103198542,STATIC,86.73699518581904,STATIC,125.49847345458483,STATIC,77.53278609287003,STATIC,166.7848368822359,119.4865599369609,HUNCH,UPRIGHT,8.996388582171978,UPRIGHT,False,0.234474311251198,0.0,0.08181147929712887,546.6474533081055,339.1087996959686,3.708333333333332,0.9973881542682648,False,
16.5,396,40.067257757153605,FLEXION,78.52460065594825,FLEXION,87.09035361384244,STATIC,45.7681385403847,STATIC,92.08537051033407,STATIC,86.33299941545881,STATIC,126.6469169896116,STATIC,78.11685039586959,STATIC,167.6034962993556,129.6135348367596,HUNCH,UPRIGHT,169.39879799983953,LEFT_TILT,False,0.04530325591831197,0.0,0.0817059642006583,543.989200592041,336.65910601615906,3.75,0.9973571002483368,False,
16.541666666666664,397,43.68405997052083,STATIC,95.83069003675757,EXTENSION,86.96117990921388,STATIC,60.432344791577506,EXTENSION,87.9579140072599,STATIC,81.93706468721685,STATIC,125.16655255714191,STATIC,75.84445542599262,STATIC,174.59873208320974,134.80097069814119,HUNCH,UPRIGHT,8.974922990305073,UPRIGHT,False,0.03377562067079735,0.0,0.08156783640950598,542.1394729614258,336.6681504249573,3.7916666666666643,0.9973834156990051,False,
16.583333333333332,398,49.945196339378256,EXTENSION,86.96005135886756,FLEXION,87.51490035495095,STATIC,56.27871906374723,STATIC,89.1444104552835,STATIC,85.12370848385889,STATIC,121.32090428811598,STATIC,78.2107421638452,STATIC,176.18798109646818,132.11565983566115,HUNCH,UPRIGHT,169.22419692036686,LEFT_TILT,False,0.03974297814297523,0.0,0.08144765003517686,542.8154945373535,336.6083264350891,3.833333333333332,0.9974331855773926,False,
16.625,399,28.08611222612064,FLEXION,78.15199800086273,FLEXION,87.10602767651478,STATIC,57.85526860732864,STATIC,87.47059026867703,STATIC,81.72650592341988,STATIC,114.37031430455397,FLEXION,74.15184622550142,STATIC,169.69047811963526,136.72611903406943,HUNCH,UPRIGHT,164.88973635812027,LEFT_TILT,False,0.02949751325762351,0.0,0.08129879577506925,543.2210350036621,337.0574355125427,3.875,0.9974596500396729,False,
16.666666666666664,400,28.40961311089958,STATIC,78.54390125587791,STATIC,86.68421859158344,STATIC,62.1956620410245,STATIC,85.65717801362673,STATIC,82.0431687839954,STATIC,110.80138836074195,STATIC,74.4115490939051,STATIC,161.89457911222334,137.75278555083767,HUNCH,UPRIGHT,161.72048295320022,LEFT_TILT,False,0.02721603210924961,0.0,0.08114427359316691,544.5477867126465,337.0663619041443,3.9166666666666643,0.9975447654724121,False,
16.708333333333332,401,28.262088766167235,STATIC,79.64172659615517,STATIC,86.63477973995795,STATIC,63.582849648013976,STATIC,88.00583816104773,STATIC,82.53682973195673,STATIC,116.28560390990964,EXTENSION,74.77095760352275,STATIC,161.10372016509947,139.1605222628197,HUNCH,UPRIGHT,159.2388688260559,LEFT_TILT,False,0.02408772830484507,0.0,0.08098171933308622,545.8522415161133,337.39479303359985,3.958333333333332,0.9976359009742737,False,
16.75,402,29.02823451265777,STATIC,82.16787436327232,STATIC,86.80202664876965,STATIC,63.82121588389436,STATIC,88.71568592318384,STATIC,81.97435960843734,STATIC,115.95077883238494,STATIC,73.14766184529608,STATIC,163.42120083517835,139.30234192210267,HUNCH,UPRIGHT,155.60782334246574,LEFT_TILT,False,0.023772573506438504,0.0,0.08081919335062415,547.0378875732422,339.56839084625244,4.0,0.9977310001850128,False,
16.791666666666664,403,27.95072521019041,STATIC,82.31518693573764,STATIC,86.4637338598584,STATIC,67.57266021610782,STATIC,88.97414317112597,STATIC,83.00196078415563,STATIC,116.53920658601363,STATIC,75.13064082937098,STATIC,159.8362902122179,143.4364899297215,HUNCH,UPRIGHT,151.30297454417484,LEFT_TILT,False,0.014585577933952246,0.0,0.08063156271205002,548.663444519043,339.92589712142944,4.041666666666664,0.9978227913379669,False,
16.833333333333332,404,27.635483030234443,STATIC,83.40882379814306,STATIC,86.54248530327251,STATIC,64.50982266152786,STATIC,89.40138842300348,STATIC,83.18911225350355,STATIC,116.28712348518977,STATIC,75.72455626015233,STATIC,161.74128640158858,140.62895745678244,HUNCH,UPRIGHT,150.6440423288639,LEFT_TILT,False,0.020824538984927903,0.0,0.08046261631734063,548.4439659118652,339.3237626552582,4.083333333333332,0.9978727996349335,False,
16.875,405,37.951148949623544,EXTENSION,82.20616358962009,STATIC,87.08068305834252,STATIC,64.46532917147663,STATIC,91.65291523326546,STATIC,85.31160213990627,STATIC,120.17730186402866,STATIC,79.18701105855007,STATIC,164.5413807378251,142.4953501504798,HUNCH,UPRIGHT,141.46084748994497,LEFT_TILT,False,0.016676999665600472,0.0,0.08028293852395546,551.5522766113281,339.1069757938385,4.125,0.9979449510574341,False,
16.916666666666664,406,24.453559896226825,FLEXION,77.07431037393266,FLEXION,86.52947482548076,STATIC,66.28198161214941,STATIC,89.6499961577694,STATIC,84.54143160735127,STATIC,116.53202588616112,STATIC,78.9772466148165,STATIC,159.08136516574498,144.99543694856146,HUNCH,UPRIGHT,138.38961839002977,LEFT_TILT,False,0.01112125122541896,0.0,0.08008866412143148,551.0918235778809,341.25954508781433,4.166666666666664,0.9979493021965027,False,
16.958333333333332,407,25.81073382350358,STATIC,69.12733848006798,FLEXION,86.70437315950295,STATIC,64.23451627814873,STATIC,88.4871592865855,STATIC,85.0362107136458,STATIC,115.62277785555624,STATIC,80.64567151105734,STATIC,160.43546078234746,142.60846008525132,HUNCH,UPRIGHT,142.8952107467412,LEFT_TILT,False,0.01642564425499708,0.0,0.07991033633469076,551.1955261230469,341.0353124141693,4.208333333333332,0.9978730082511902,False,
17.0,408,41.701595143931925,EXTENSION,71.18879217679623,STATIC,87.31365168152713,STATIC,62.688535943467926,STATIC,86.8768223284554,STATIC,84.3753913264376,STATIC,112.7816004917031,STATIC,81.36434241316496,STATIC,161.04513832979296,140.5863637301308,HUNCH,UPRIGHT,149.7886681308943,LEFT_TILT,False,0.020919191710820424,0.0,0.07974555660110454,550.8419418334961,339.9141490459442,4.25,0.997780978679657,False,
17.041666666666664,409,43.49802483703643,STATIC,79.62317952762467,EXTENSION,87.25626481309034,STATIC,57.4982104715837,FLEXION,88.82245963022164,STATIC,84.37790645685683,STATIC,112.87021653954527,STATIC,79.4977190194545,STATIC,173.27468114696703,130.21151424170168,HUNCH,UPRIGHT,158.15830882424777,LEFT_TILT,False,0.21064107946288516,0.0,0.08011016808539918,546.3452529907227,339.6710014343262,4.291666666666664,0.9977544546127319,False,
17.083333333333332,410,28.787121395133283,FLEXION,88.58715255650094,EXTENSION,86.983757772506,STATIC,65.30884457872838,EXTENSION,88.51154051338071,STATIC,82.11848310904362,STATIC,113.56249394103797,STATIC,79.69269184749288,STATIC,167.95921082488493,132.1619642867162,HUNCH,UPRIGHT,158.60151499786443,LEFT_TILT,False,0.03964007936285289,0.0,0.079997751172281,546.4242553710938,339.4105911254883,4.333333333333332,0.9977481067180634,False,
17.125,411,25.399483465028883,STATIC,85.6528950135461,STATIC,86.86136167248131,STATIC,64.55392914945833,STATIC,88.14637069060065,STATIC,81.65938741874565,STATIC,113.01981821385405,STATIC,79.05620932245833,STATIC,165.547886151446,137.423715873401,HUNCH,UPRIGHT,159.92504827904304,LEFT_TILT,False,0.027947298059108894,0.0,0.0798535670916351,546.8249130249023,338.8894057273865,4.375,0.9976804554462433,False,
17.166666666666664,412,20.235514598336493,FLEXION,82.22921398842324,STATIC,87.02925310257405,STATIC,56.42698226336196,FLEXION,89.16665904381257,STATIC,81.62987823600297,STATIC,114.33451686192674,STATIC,79.0014311725894,STATIC,170.18380942890516,136.08031957170093,HUNCH,UPRIGHT,163.76213803754618,LEFT_TILT,False,0.19759928984066463,0.0,0.0801788315191186,547.1692276000977,338.55507373809814,4.416666666666664,0.9975765347480774,False,
17.208333333333332,413,20.330557984462033,STATIC,85.01391496653682,STATIC,87.21528689188177,STATIC,57.7194150766411,STATIC,89.49613238771822,STATIC,81.32473114605243,STATIC,114.41973899562002,STATIC,79.04926999970799,STATIC,170.62421420811427,135.49969197344842,HUNCH,UPRIGHT,165.81587400417752,LEFT_TILT,False,0.032222906725670186,0.0,0.08004672153346172,547.275390625,338.22332739830017,4.458333333333332,0.9974718689918518,False,
17.25,414,21.43311218518496,STATIC,83.62910251854754,STATIC,87.03734779396278,STATIC,58.619020708444154,STATIC,89.48333588058141,STATIC,80.917571310385,STATIC,114.22062624618259,STATIC,79.80532070792513,STATIC,169.60531766084912,136.04984820730752,HUNCH,UPRIGHT,164.21578533675336,LEFT_TILT,False,0.031000337317094395,0.0,0.07991197871968049,547.263298034668,337.19950675964355,4.5,0.9973663985729218,False,
17.291666666666664,415,22.340024925203814,STATIC,81.70566783131409,STATIC,86.92909694575043,STATIC,56.51656204599403,STATIC,89.48708517478336,STATIC,81.13949796880972,STATIC,114.76477077668712,STATIC,80.1782365185663,STATIC,169.92025650716914,134.05603585263873,HUNCH,UPRIGHT,164.37113313916893,LEFT_TILT,False,0.03543103143858062,0.0,0.07979011311069119,547.2634696960449,336.9267153739929,4.541666666666664,0.9974162578582764,False,
17.333333333333332,416,31.12852128736398,EXTENSION,78.62470936001101,STATIC,86.83756071488658,STATIC,54.892081182799494,STATIC,88.44173303984526,STATIC,81.4782669939132,STATIC,113.7588346323902,STATIC,80.57351577734492,STATIC,170.70299048858,131.4143697049546,HUNCH,UPRIGHT,164.14081899463676,LEFT_TILT,False,0.04130140065565646,0.0,0.07968495269414737,547.2609329223633,336.66895508766174,4.583333333333332,0.9974778890609741,False,
17.375,417,24.24612605167902,FLEXION,81.75389777073492,STATIC,87.2812348023036,STATIC,51.19164911495412,STATIC,89.15362639266748,STATIC,82.95697969989135,STATIC,113.97045010800366,STATIC,79.94659185891635,STATIC,175.58180532342044,127.2045948583831,HUNCH,UPRIGHT,164.76347223242945,LEFT_TILT,False,0.05065645587025976,0.0,0.0796058559725564,547.3197555541992,336.5689730644226,4.625,0.9975141882896423,False,
17.416666666666664,418,27.688847903526895,STATIC,68.33836415868059,FLEXION,87.7690783048825,STATIC,45.314281993149066,FLEXION,89.86153272539016,STATIC,83.55835570316718,STATIC,115.07439109489809,STATIC,80.35448293433362,STATIC,177.76743728740664,134.11082428228278,HUNCH,UPRIGHT,164.8183855535941,LEFT_TILT,False,0.2019759460393716,0.0,0.07993838339121621,547.4590492248535,337.01406955718994,4.666666666666664,0.9973810613155365,False,
17.458333333333332,419,31.041158748683085,STATIC,67.03179999285919,STATIC,88.0246159415501,STATIC,38.997440705326504,FLEXION,90.22430602895564,STATIC,85.94846518488586,STATIC,117.24457775766238,STATIC,82.01015699932341,STATIC,170.40388348945348,131.99125191844234,HUNCH,UPRIGHT,165.94510659873887,LEFT_TILT,False,0.2066861068479059,0.0,0.0802818731566815,547.2831153869629,336.72821044921875,4.708333333333332,0.9972462952136993,False,
17.5,420,30.611603934199486,STATIC,62.89864360691966,STATIC,88.20420868125949,STATIC,37.12504353697922,STATIC,89.99467879296891,STATIC,85.87849550165998,STATIC,117.17853893487624,STATIC,84.76243233600506,STATIC,170.41350596947325,134.18156069461077,HUNCH,UPRIGHT,10.567224358208426,RIGHT_TILT,False,0.03515208734530939,0.0,0.08015990076259671,547.3579978942871,336.82539224624634,4.75,0.997197687625885,False,
17.541666666666664,421,29.924829701871044,STATIC,65.08206967095836,STATIC,88.17705347967869,STATIC,37.88218629560247,STATIC,89.90964691214963,STATIC,86.42694822392583,STATIC,117.17697913099391,STATIC,86.90515332078131,STATIC,169.9245512714633,134.48742709281174,HUNCH,UPRIGHT,5.808756985744987,UPRIGHT,False,0.03447238423819613,0.0,0.080036753817787,546.6266059875488,336.2454557418823,4.791666666666664,0.9971874058246613,False,
17.583333333333332,422,28.62409392954684,STATIC,65.69031890121315,STATIC,88.04859427589183,STATIC,40.42344213028649,STATIC,89.45032962124144,STATIC,85.89769727051566,STATIC,116.75974398409801,STATIC,88.28718158376769,STATIC,173.11333621531656,135.06096816590636,HUNCH,UPRIGHT,3.225417707140748,UPRIGHT,False,0.033197848520208094,0.0,0.07991084278204082,546.2607765197754,335.5774784088135,4.833333333333332,0.9970701336860657,False,
17.625,423,29.221005160086246,STATIC,62.44645350915789,STATIC,88.07929702849609,STATIC,38.08352940719407,STATIC,89.82346020509381,STATIC,86.87162979789211,STATIC,118.14383173458464,STATIC,89.85633584314506,STATIC,170.01614411049255,131.96760285022134,HUNCH,UPRIGHT,2.874257723024733,UPRIGHT,False,0.04007199366617479,0.0,0.07980403621604654,546.3552284240723,335.0461971759796,4.875,0.9968848824501038,False,
17.666666666666664,424,42.72464839490269,EXTENSION,62.92318076368059,STATIC,86.97642006621139,STATIC,44.425182826476394,EXTENSION,88.54484086700343,STATIC,84.82568932481865,STATIC,116.62976297722115,STATIC,88.90702706423612,STATIC,177.1370385010802,132.75596222479493,HUNCH,UPRIGHT,7.333696831963576,UPRIGHT,False,0.03832008394490016,0.0,0.07969311655756754,545.7993698120117,334.2883229255676,4.916666666666664,0.996857762336731,False,
17.708333333333332,425,40.04750118263598,STATIC,61.78248188642381,STATIC,87.21298236420743,STATIC,43.88270377310783,STATIC,89.21876351203967,STATIC,86.34305683478952,STATIC,117.77834926648424,STATIC,89.43497521675724,STATIC,176.70568242455127,133.00031827994403,HUNCH,UPRIGHT,7.661610699459646,UPRIGHT,False,0.03777707048901328,0.0,0.07958134043471807,545.2088165283203,334.35150504112244,4.958333333333332,0.9969642162322998,False,
17.75,426,36.32846402730828,STATIC,61.870758671719244,STATIC,87.4003149512311,STATIC,44.795427879621755,STATIC,89.14132214269165,STATIC,85.9426658851491,STATIC,117.68025965703407,STATIC,89.80746217703702,STATIC,176.12321421481042,132.05209082468136,HUNCH,UPRIGHT,8.066571346244492,UPRIGHT,False,0.03988424261181922,0.0,0.0794757630468912,541.7818069458008,334.23184633255005,5.0,0.9969589412212372,False,
17.791666666666664,427,35.28009101814177,STATIC,62.98202864960726,STATIC,87.77174620378626,STATIC,42.921849672624106,STATIC,90.24138051404704,STATIC,86.70912264462721,STATIC,117.17224831291747,STATIC,90.3073568715103,STATIC,168.48262787216802,122.12218022066303,HUNCH,UPRIGHT,2.572974960220396,UPRIGHT,False,0.061950710620748826,0.0,0.07942927749668924,538.9541816711426,335.1735270023346,5.041666666666664,0.9969798624515533,False,
17.833333333333332,428,30.563897362859187,STATIC,69.80962079709043,EXTENSION,88.72230413662885,STATIC,46.928573008910426,STATIC,90.63078643636258,STATIC,86.63626642638124,STATIC,115.16149073894809,STATIC,90.22397049397308,STATIC,167.77255021402982,122.73517685827808,HUNCH,UPRIGHT,1.6786518527393874,UPRIGHT,False,0.06058849587049316,0.0,0.0793794341590538,539.2036247253418,333.612642288208,5.083333333333332,0.9971719980239868,False,
17.875,429,28.559785180324766,STATIC,69.55127973306034,STATIC,89.11194062285449,STATIC,46.965815224588475,STATIC,91.05340430732582,STATIC,87.02838187897059,STATIC,114.65891632343674,STATIC,88.593997910177,STATIC,167.05734126912407,120.78321834824717,HUNCH,UPRIGHT,4.902575057286107,UPRIGHT,False,0.06492618144833961,0.0,0.0793412989276271,539.7369003295898,333.69260430336,5.125,0.9972870647907257,False,
17.916666666666664,430,30.871207293918285,STATIC,68.30846984134465,STATIC,89.79708883181023,STATIC,44.116531815037135,STATIC,91.66848490851766,STATIC,88.8033877838664,STATIC,117.65736318003906,STATIC,90.97500296966435,STATIC,162.84884159303743,119.48627039174106,HUNCH,UPRIGHT,173.44855249704642,LEFT_TILT,False,0.06780828801835322,0.0,0.07931094889891849,539.9732971191406,333.57529520988464,5.166666666666664,0.9972629249095917,False,
17.958333333333332,431,29.393212285829186,STATIC,71.78266056581792,STATIC,88.97410587322737,STATIC,51.57847646347553,EXTENSION,89.96314186723818,STATIC,85.11870472643349,STATIC,116.0959342281343,STATIC,89.86869293106064,STATIC,175.9140332150916,122.40755363109277,HUNCH,UPRIGHT,167.99418798806687,LEFT_TILT,False,0.0613165474864605,0.0,0.07926371949888579,540.5538368225098,333.1414532661438,5.208333333333332,0.9973761737346649,False,
18.0,432,28.26280339900722,STATIC,74.0798374497934,STATIC,88.39599594007592,STATIC,50.96732785033978,STATIC,90.10889099176008,STATIC,84.82628409790902,STATIC,116.24447910281428,STATIC,89.69900847205261,STATIC,176.61971835689772,121.25096220140865,HUNCH,UPRIGHT,164.62577482728372,LEFT_TILT,False,0.06388675066353633,0.0,0.07922346565376708,540.3036499023438,332.69372820854187,5.25,0.9974676966667175,False,
18.041666666666664,433,34.02449981193735,EXTENSION,74.89967780728682,STATIC,88.30573993709878,STATIC,53.911192740362424,STATIC,90.58073755058996,STATIC,84.5825321631596,STATIC,122.00985679527285,EXTENSION,93.23247075420753,STATIC,177.45368982786093,127.77015065557471,HUNCH,UPRIGHT,159.57682065211935,LEFT_TILT,False,0.049399665209833965,0.0,0.07914559672310406,541.7959403991699,333.39560866355896,5.291666666666664,0.9975347518920898,False,
18.083333333333332,434,31.02736458130678,STATIC,69.16975401546956,FLEXION,88.36121764011743,STATIC,48.69503345255868,FLEXION,90.9245375458776,STATIC,84.63424298817833,STATIC,123.41847043531543,STATIC,94.6343790926469,STATIC,175.6363560826012,126.78551583368468,HUNCH,UPRIGHT,161.38979661262542,LEFT_TILT,False,0.21825440925847847,0.0,0.07950785925574826,541.788272857666,333.9010548591614,5.333333333333332,0.997572660446167,False,
18.125,435,25.302618545441945,FLEXION,70.1233202854609,STATIC,87.11211391171794,STATIC,48.21178163957686,STATIC,90.54469753819428,STATIC,86.42424712374415,STATIC,121.54127141540845,STATIC,98.45813529268996,STATIC,177.68426965052248,126.16519272295699,HUNCH,UPRIGHT,13.492041783481573,RIGHT_TILT,False,0.05296623839342892,0.0,0.07943891998078119,541.800479888916,334.5534861087799,5.375,0.997702419757843,False,
18.166666666666664,436,25.419567678595612,STATIC,78.7854310653308,EXTENSION,87.21736586262604,STATIC,49.211673369561716,STATIC,90.86623175585034,STATIC,87.34084871067083,STATIC,122.45529879935103,STATIC,100.37839697104839,STATIC,176.05914969557816,125.20913797259843,HUNCH,UPRIGHT,9.149173930467178,UPRIGHT,False,0.05509080450533684,0.0,0.07937584196141476,542.6133155822754,335.2556562423706,5.416666666666664,0.9978438913822174,False,
18.208333333333332,437,40.028831658330326,EXTENSION,82.08938067776363,STATIC,87.33880926183333,STATIC,47.85899139356708,STATIC,91.7240694474655,STATIC,87.78613954377909,STATIC,122.82431000697213,STATIC,100.20045143216016,STATIC,170.04055851971683,118.12449424260188,HUNCH,UPRIGHT,1.2648838433470686,UPRIGHT,False,0.07083445723866248,0.0,0.07935377119985726,544.2277145385742,335.75907468795776,5.458333333333332,0.9979501664638519,False,
18.25,438,49.374643880254006,EXTENSION,84.451172330834,STATIC,87.0767393631873,STATIC,49.358783228203954,STATIC,93.04893541708176,STATIC,89.22404949580975,STATIC,119.63808331025366,STATIC,98.87765516345331,STATIC,171.14862049270474,112.28818951547547,HUNCH,UPRIGHT,0.6330850584859443,UPRIGHT,False,0.08380402329894339,0.0,0.07936524092176211,543.8266944885254,336.4950942993164,5.5,0.9980773627758026,False,
18.291666666666664,439,43.38907432668357,FLEXION,85.00091030668118,STATIC,87.32289097025674,STATIC,48.65953419084432,STATIC,92.81623552270611,STATIC,88.69134093771603,STATIC,119.94627809490764,STATIC,98.82718402215548,STATIC,171.17962941214842,113.65294514197566,HUNCH,UPRIGHT,0.2755949668584622,UPRIGHT,False,0.08077123301783184,0.0,0.07936885529733041,543.1913185119629,336.48094296455383,5.541666666666664,0.9981702268123627,False,
18.333333333333332,440,43.237380127274434,STATIC,80.70736071286807,STATIC,87.17918953145656,STATIC,46.95457569131512,STATIC,91.896273056059,STATIC,88.82289689675771,STATIC,120.13132427864812,STATIC,101.0230205626004,STATIC,170.3468301379574,112.19133675922745,HUNCH,UPRIGHT,0.16665591479831993,UPRIGHT,False,0.0840192516461612,0.0,0.07938077939053255,542.0291709899902,336.30026936531067,5.583333333333332,0.9982317686080933,False,
18.375,441,47.325636232245465,STATIC,81.76798492620408,STATIC,86.84776616390332,STATIC,41.35259212042854,FLEXION,93.91366685695448,STATIC,91.92300571517816,STATIC,123.3015648470204,STATIC,103.69351658010912,STATIC,158.11426558798112,104.0959501597989,HUNCH,UPRIGHT,3.021299103941519,UPRIGHT,False,0.268675666311558,0.0,0.07986490953611061,542.6634979248047,336.1970257759094,5.625,0.998302161693573,False,
18.416666666666664,442,50.618134815279205,STATIC,82.11415052913169,STATIC,86.8183912284205,STATIC,44.7134402232201,STATIC,92.98169423128468,STATIC,90.17317718468765,STATIC,122.27907489740302,STATIC,103.19583742760847,STATIC,162.9205052122055,112.12583876839857,HUNCH,UPRIGHT,3.6970550706966394,UPRIGHT,False,0.08416480273689209,0.0,0.07987587865141874,542.7811431884766,336.39082074165344,5.666666666666664,0.9983947277069092,False,
18.458333333333332,443,54.37233696868737,STATIC,87.05950391174578,STATIC,86.55618391098514,STATIC,46.82694923583368,STATIC,93.00574802688965,STATIC,89.37182873107398,STATIC,120.63727816133837,STATIC,101.13114977688389,STATIC,167.24663096784022,105.72031270678033,HUNCH,UPRIGHT,2.1880596002773958,UPRIGHT,False,0.09839930509604371,0.0,0.07992301205204119,542.4421691894531,336.9037985801697,5.708333333333332,0.9984932243824005,False,
18.5,444,53.31525919598808,STATIC,82.5509421193696,STATIC,86.4382258755779,STATIC,45.394534139594846,STATIC,93.52753773377012,STATIC,88.76252721131627,STATIC,125.43091596086859,STATIC,102.94951816472575,STATIC,163.11237618550754,107.4115830585918,HUNCH,UPRIGHT,1.8718411710704213,UPRIGHT,False,0.09464092653646265,0.0,0.07996036716494581,541.6863822937012,336.98591709136963,5.75,0.998506635427475,False,
18.541666666666664,445,46.35718565141828,FLEXION,96.29659570582503,EXTENSION,86.82492484401793,STATIC,49.41842134671986,STATIC,92.43884566251131,STATIC,88.69954877605005,STATIC,126.80329335846449,STATIC,103.14973078088634,STATIC,165.46003070574093,111.98297132187824,HUNCH,UPRIGHT,4.332247450392689,UPRIGHT,False,0.0844822859513817,0.0,0.07997181506060767,532.0619583129883,334.7826862335205,5.791666666666664,0.9982035160064697,False,
18.583333333333332,446,47.34433907438092,STATIC,81.40922197249395,FLEXION,86.68169581454022,STATIC,43.16855089274877,FLEXION,94.72582063309491,STATIC,90.98748330205744,STATIC,127.00285406218768,STATIC,100.48529642952442,STATIC,155.55789932954485,111.98210481386194,HUNCH,UPRIGHT,5.600372156583647,UPRIGHT,False,0.2511508781914179,0.0,0.08040408542204912,534.1946792602539,335.806485414505,5.833333333333332,0.9981420040130615,False,
18.625,447,47.62273266432455,STATIC,76.45873970034606,STATIC,86.78826589370401,STATIC,43.208410225263805,STATIC,94.90504205746753,STATIC,89.97223740158482,STATIC,127.55509814540477,STATIC,101.50462628757765,STATIC,157.2097434135456,113.8283116292131,HUNCH,UPRIGHT,4.892124156728094,UPRIGHT,False,0.08038152971285976,0.0,0.08040402860666074,536.0720443725586,336.21415972709656,5.875,0.9979678094387054,False,
18.666666666666664,448,39.78122648487963,FLEXION,71.50559357690047,STATIC,87.24731045972878,STATIC,42.43123253685758,STATIC,95.9373259331308,STATIC,91.65489894005637,STATIC,129.64878047882235,STATIC,103.3420934690456,STATIC,152.2237301915426,114.78987144540143,HUNCH,UPRIGHT,174.98441908853945,RIGHT_TILT,False,0.07824473012133015,0.0,0.08039860323358201,538.0537414550781,336.0158908367157,5.916666666666664,0.9978667795658112,False,
18.708333333333332,449,49.969423316483486,EXTENSION,76.32069016423871,STATIC,86.28589530675032,STATIC,45.0702943433246,STATIC,96.58199208402877,STATIC,89.98618413434599,STATIC,128.88034265204007,STATIC,99.80051989797603,STATIC,156.10287942425404,114.88405417456602,HUNCH,UPRIGHT,174.91895604832885,RIGHT_TILT,False,0.07803543516763108,0.0,0.08039268050659967,536.9891357421875,338.23980689048767,5.958333333333332,0.9978079795837402,False,
18.75,450,46.833664746828156,STATIC,74.97989030043898,STATIC,85.9079232692175,STATIC,43.76572818102846,STATIC,96.9352311963469,STATIC,91.6488940857409,STATIC,130.49201070359314,STATIC,99.69191910808269,STATIC,152.63163094374514,113.37913107693014,HUNCH,UPRIGHT,175.66497685185283,RIGHT_TILT,False,0.08137970871793303,0.0,0.080395148077128,536.8943405151367,337.2124457359314,6.0,0.9977395236492157,False,
18.791666666666664,451,44.332151543358634,STATIC,82.08198120833359,EXTENSION,86.36487840615449,STATIC,45.85466847978188,STATIC,96.50768586346348,STATIC,90.8330236297962,STATIC,131.46410410222506,STATIC,98.15489042527301,STATIC,154.14129811210083,115.34909503418693,HUNCH,UPRIGHT,174.5080557965455,RIGHT_TILT,False,0.07700201103514015,0.0,0.080386686388744,537.1001243591309,335.633043050766,6.041666666666664,0.9976589381694794,False,
18.833333333333332,452,45.19770537255861,STATIC,81.44973107128305,STATIC,86.3230018927449,STATIC,46.73684994192212,STATIC,96.27226560917275,STATIC,89.96873910452645,STATIC,131.00379411036175,STATIC,95.99205488271222,STATIC,155.03109820421372,112.77000418502121,HUNCH,UPRIGHT,173.4902057218247,RIGHT_TILT,False,0.08273332403328622,0.0,0.08039252379581997,536.5837097167969,335.34268856048584,6.083333333333332,0.9975857734680176,False,
18.875,453,44.716308803615306,STATIC,86.86742209299507,EXTENSION,86.31528281894455,STATIC,46.18284682282461,STATIC,97.56551127181726,STATIC,91.62170143337593,STATIC,132.57895971806084,STATIC,98.4372689307844,STATIC,152.50998958050783,112.9547099791306,HUNCH,UPRIGHT,171.28655564886958,RIGHT_TILT,False,0.08232286671304312,0.0,0.08039731372861704,536.0262680053711,333.93620252609253,6.125,0.9975302517414093,False,
18.916666666666664,454,49.183546071411975,STATIC,93.16412078795733,EXTENSION,85.75064627525586,STATIC,43.39709556421723,STATIC,98.88350796308013,STATIC,94.37088244026869,STATIC,134.72309074650852,STATIC,99.35078898024045,STATIC,149.8218611109377,107.33336605477855,HUNCH,FORWARD_TILT,173.52399316107503,RIGHT_TILT,False,0.09521060629840834,0.0,0.08043398029438385,534.4765281677246,331.6339123249054,6.166666666666664,0.9974740743637085,False,
18.958333333333332,455,40.945082071706224,FLEXION,96.67390671474105,STATIC,86.7448755799498,STATIC,56.41959853487694,EXTENSION,91.58601931418933,FLEXION,82.35241702716553,FLEXION,128.0295120280172,FLEXION,89.4485272675397,FLEXION,174.67078816536764,115.65471446819019,HUNCH,UPRIGHT,1.1249083448316026,UPRIGHT,False,0.07632285673735513,0.0,0.08042382937202082,535.8250617980957,331.740642786026,6.208333333333332,0.9974786639213562,False,
19.0,456,41.32686701951991,STATIC,93.01044915573435,STATIC,86.69317969211252,STATIC,51.451735358623345,STATIC,93.80230635888488,STATIC,86.07243676259141,STATIC,128.60937115780968,STATIC,94.99482264560606,EXTENSION,169.00488803739083,111.52108560911057,HUNCH,UPRIGHT,1.8661527480701368,UPRIGHT,False,0.08550869864642097,0.0,0.08043635368057846,536.5522766113281,330.709547996521,6.25,0.9975043535232544,False,
19.041666666666664,457,42.20829252103877,STATIC,86.96408639099583,FLEXION,86.68588216686102,STATIC,48.52329429396429,STATIC,95.31667319219791,STATIC,88.06230796383184,STATIC,130.21686467955158,STATIC,101.48158705619866,EXTENSION,165.4155656275992,108.40603247265848,HUNCH,UPRIGHT,1.5235145561513426,UPRIGHT,False,0.09243103894964781,0.0,0.08046582465175554,536.7921447753906,331.0131633281708,6.291666666666664,0.9973593354225159,False,
19.083333333333332,458,44.05205263963993,STATIC,78.29782762325748,FLEXION,86.37916835049961,STATIC,40.93250262903919,FLEXION,96.55843613642575,STATIC,89.80108531719893,STATIC,132.67848844785294,STATIC,105.11872818459592,STATIC,160.0556218736732,106.41404305386818,HUNCH,UPRIGHT,1.9605257502270956,UPRIGHT,False,0.2635243487691818,0.0,0.08091449750498451,536.971435546875,331.07311606407166,6.333333333333332,0.9972101449966431,False,
19.125,459,43.26053862441913,STATIC,75.61648275040989,STATIC,86.43231850344667,STATIC,37.3506706197329,STATIC,97.90818000661659,STATIC,91.6951586254358,STATIC,132.2465561670816,STATIC,99.28826210594873,FLEXION,157.77291065736674,101.99827808537158,HUNCH,UPRIGHT,2.1018525591446977,UPRIGHT,False,0.10667049314361872,0.0,0.08097747059945551,536.4229202270508,331.2123656272888,6.375,0.9970918893814087,False,
19.166666666666664,460,44.387759553683026,STATIC,76.69087137141034,STATIC,86.2961176286227,STATIC,38.038639716492234,STATIC,96.47175602898972,STATIC,87.4745202474671,STATIC,131.14106762043295,STATIC,98.1656057338577,STATIC,159.27259547735895,105.3270974285003,HUNCH,UPRIGHT,3.660134603854982,UPRIGHT,False,0.09927311682555491,0.0,0.08102209412683624,536.7655563354492,331.95695757865906,6.416666666666664,0.9969876408576965,False,
19.208333333333332,461,37.857422040978356,FLEXION,81.07532647840408,STATIC,86.73700063818409,STATIC,39.873367203301214,STATIC,95.20472960462139,STATIC,86.56423307385442,STATIC,131.55244612359078,STATIC,97.43954991368005,STATIC,164.91555460346353,112.13606251173555,HUNCH,UPRIGHT,3.723676207997771,UPRIGHT,False,0.08414208330725433,0.0,0.08102968534138714,536.4511680603027,331.9811511039734,6.458333333333332,0.9967336654663086,False,
19.25,462,40.0474111803806,STATIC,80.55811805731875,STATIC,86.73043142397258,STATIC,40.92805367355874,STATIC,94.80657648008332,STATIC,85.94490623226326,STATIC,130.40361902152844,STATIC,102.63766324728608,EXTENSION,167.36300987003287,113.05782395048583,HUNCH,UPRIGHT,6.4897922727645305,UPRIGHT,False,0.08209372455447594,0.0,0.08103226796083639,536.8856048583984,332.75317668914795,6.5,0.996764600276947,False,
19.291666666666664,463,41.11080443175286,STATIC,80.76009070551846,STATIC,86.59683015159827,STATIC,44.583876671755405,STATIC,92.81311001663013,STATIC,80.68122013415007,FLEXION,127.73003057734404,STATIC,98.65544947341084,STATIC,175.41441782206704,114.40650085332796,HUNCH,UPRIGHT,168.29963879580257,LEFT_TILT,False,0.07909666477038231,0.0,0.0810275812703026,536.9362640380859,333.6658036708832,6.541666666666664,0.9968444108963013,False,
19.333333333333332,464,42.34652542263118,STATIC,80.81543236628674,STATIC,86.36583882881474,STATIC,39.3031546847306,FLEXION,95.73247218699822,STATIC,85.12417136823693,STATIC,129.61680725672622,STATIC,97.43856791854026,STATIC,166.57857745150952,103.7476977643173,HUNCH,UPRIGHT,169.7133602751273,LEFT_TILT,False,0.26944956052373936,0.0,0.08148270682405487,536.5188217163086,333.88599157333374,6.583333333333332,0.9967567324638367,False,
19.375,465,43.12737575141212,STATIC,80.90332059940732,STATIC,86.23455188192008,STATIC,38.54188490313372,STATIC,96.20231768657214,STATIC,85.06757260534273,STATIC,128.0720406215351,STATIC,93.66323371235273,STATIC,164.21030814107147,101.86934282700766,HUNCH,UPRIGHT,170.46935235011813,LEFT_TILT,False,0.10695701593998297,0.0,0.08154409070144264,536.0829734802246,333.9778733253479,6.625,0.9966824054718018,False,
19.416666666666664,466,44.03921548886273,STATIC,80.20931253009024,STATIC,86.21131480827938,STATIC,38.278560258967715,STATIC,96.48927198170739,STATIC,84.68481802325223,STATIC,127.4790690269887,STATIC,90.28448021107761,STATIC,164.5703634096989,106.89714800296935,HUNCH,UPRIGHT,171.26605151066255,LEFT_TILT,False,0.09578411554895701,0.0,0.08157832153040302,534.9935913085938,333.7767291069031,6.666666666666664,0.9966567754745483,False,
19.458333333333332,467,41.99429510101455,STATIC,83.37095988311711,STATIC,86.56271683428979,STATIC,42.34821704560151,STATIC,94.42422645015928,STATIC,80.10476645263456,STATIC,127.00722329739082,STATIC,89.6912787223882,STATIC,169.64446212879798,118.0286006934801,HUNCH,UPRIGHT,171.2937614709701,LEFT_TILT,False,0.07104755401448866,0.0,0.08155306789127613,535.0762557983398,333.7291467189789,6.708333333333332,0.9965794384479523,False,
19.5,468,43.284126992481504,STATIC,85.86120279137724,STATIC,86.5733312028374,STATIC,44.473879206986396,STATIC,92.5129240633487,STATIC,77.94549780637075,STATIC,124.50782550462743,STATIC,85.80626041181591,STATIC,173.69481972387533,121.87013098357136,HUNCH,UPRIGHT,171.1305984310287,LEFT_TILT,False,0.0625108200365081,0.0,0.08150751227439869,534.6419143676758,332.6394510269165,6.75,0.9965195655822754,False,
19.541666666666664,469,45.088106940967975,STATIC,84.10733110170112,STATIC,86.6096048191384,STATIC,45.43924081303271,STATIC,94.38617896235795,STATIC,82.27504378466767,STATIC,124.1742176704791,STATIC,87.00159510044867,STATIC,169.50135026060437,120.21281144592804,HUNCH,UPRIGHT,173.30107930701962,LEFT_TILT,False,0.06619375234238212,0.0,0.08147096392133898,535.0046157836914,332.2217559814453,6.791666666666664,0.9964323937892914,False,
19.583333333333332,470,45.87385893657551,STATIC,87.57164476390028,STATIC,86.50247194227632,STATIC,44.68406630627373,STATIC,95.01260190428899,STATIC,84.00455746766252,STATIC,124.08127202335866,STATIC,88.85657780204009,STATIC,168.3619911911046,121.88602474926398,HUNCH,UPRIGHT,4.737650017225024,UPRIGHT,False,0.062475500557191165,0.0,0.08142573662761482,535.6916236877441,332.14627861976624,6.833333333333332,0.9963773190975189,False,
19.625,471,46.075436491667574,STATIC,85.9579881810686,STATIC,86.23698676027368,STATIC,39.12563365909181,FLEXION,96.03570001633808,STATIC,88.92718118240852,STATIC,124.32243596380083,STATIC,90.4639188546111,STATIC,164.7115564395178,113.64239231246542,HUNCH,UPRIGHT,3.9922716678908134,UPRIGHT,False,0.24746135041674353,0.0,0.0818201205083491,534.5044708251953,332.119220495224,6.875,0.9964145720005035,False,
19.666666666666664,472,46.78549113864646,STATIC,85.32699973185285,STATIC,85.83523914770717,STATIC,39.53394693882561,STATIC,96.98713171255646,STATIC,93.95995062832492,EXTENSION,124.28688914922427,STATIC,97.89794645995678,EXTENSION,162.30128373017814,112.17610497239401,HUNCH,UPRIGHT,3.268286408757449,UPRIGHT,False,0.08405310006134663,0.0,0.08182541192909079,535.9454536437988,333.2434630393982,6.916666666666664,0.996435672044754,False,
19.708333333333332,473,45.265279297667085,STATIC,82.32373910099955,STATIC,85.55646047357068,STATIC,37.96057803738179,STATIC,97.83447125713849,STATIC,93.7618071383127,STATIC,123.62851713873741,STATIC,97.02484037723623,STATIC,161.03902304456395,111.01746887511892,HUNCH,UPRIGHT,2.7748547845440146,UPRIGHT,False,0.08662784694418017,0.0,0.08183676520335814,536.6606521606445,333.31690192222595,6.958333333333332,0.9965103268623352,False,
19.75,474,44.13855011552823,STATIC,84.36671069904934,STATIC,85.59853765695264,STATIC,37.08204247498096,STATIC,98.2536146861891,STATIC,94.30093993638734,STATIC,123.26466369690075,STATIC,95.71665713332958,STATIC,160.95480332539512,106.91352339471503,HUNCH,UPRIGHT,2.278657068163491,UPRIGHT,False,0.09574772578952218,0.0,0.08186957407266514,536.2053489685059,332.34529852867126,7.0,0.9965789616107941,False,
19.791666666666664,475,42.46608987127955,STATIC,86.21881701085624,STATIC,85.94350082127926,STATIC,37.795063928717205,STATIC,96.8542209139479,STATIC,91.4148828070105,STATIC,123.61154533373293,STATIC,98.82654873354082,STATIC,165.5331357992901,108.58957728112938,HUNCH,UPRIGHT,4.43862496169046,UPRIGHT,False,0.09202316159749029,0.0,0.0818934648668412,536.9594383239746,331.1677658557892,7.041666666666664,0.996576726436615,False,
19.833333333333332,476,43.04213868380888,STATIC,95.52419662166145,EXTENSION,86.11984322741758,STATIC,45.69753283112129,EXTENSION,92.51311402970286,STATIC,84.2074898317322,FLEXION,120.17068894254488,STATIC,91.34958978464809,FLEXION,174.36735168544837,109.82175271103529,HUNCH,UPRIGHT,5.0578921529636265,UPRIGHT,False,0.08928499397547714,0.0,0.08191081587413845,535.1544952392578,329.49506521224976,7.083333333333332,0.9964175522327423,False,
19.875,477,36.34699287590227,FLEXION,94.67984492150896,STATIC,86.39706980914627,STATIC,42.45977392114101,STATIC,92.38395761478886,STATIC,84.08098301171701,STATIC,120.99640527267218,STATIC,90.21365527814723,STATIC,172.44339362170015,112.39069147688159,HUNCH,UPRIGHT,4.377650801611955,UPRIGHT,False,0.08357624116248537,0.0,0.08191471616755377,535.1461791992188,329.3141448497772,7.125,0.9962257444858551,False,
19.916666666666664,478,29.616691704103904,FLEXION,86.13664825357439,FLEXION,87.17666161022912,STATIC,40.54171143355031,STATIC,96.2393175506116,STATIC,84.0421608331657,STATIC,123.5263287386546,STATIC,96.22238849486135,EXTENSION,168.21732697879332,109.90606538665007,HUNCH,UPRIGHT,6.57561057116086,UPRIGHT,False,0.08909763247411095,0.0,0.08193149868228872,539.1017150878906,329.4032049179077,7.166666666666664,0.9962090849876404,False,
19.958333333333332,479,28.818169478726983,STATIC,95.87167242008981,EXTENSION,86.78147600594505,STATIC,45.365000297120204,STATIC,94.15724782736208,STATIC,84.63669885202793,STATIC,124.25986459757155,STATIC,99.39646781835394,STATIC,166.6208549058849,108.29985107862278,HUNCH,UPRIGHT,2.4717867629948778,UPRIGHT,False,0.09266699760306048,0.0,0.08195652315529751,537.1242141723633,330.9463334083557,7.208333333333332,0.9964264035224915,False,
20.0,480,36.40881973762793,EXTENSION,96.28177170191631,STATIC,86.46159897355622,STATIC,42.71205642246919,STATIC,96.69725955215277,STATIC,90.17005762560636,EXTENSION,125.39094912985442,STATIC,102.64690720548768,STATIC,161.5074064246918,106.36134882184463,HUNCH,UPRIGHT,0.010410955009828728,UPRIGHT,False,0.09697478039590084,0.0,0.08199144933492683,537.0564651489258,330.4755628108978,7.25,0.9964190423488617,False,
20.041666666666664,481,40.81059922785666,STATIC,109.7480131806682,EXTENSION,86.29665339052849,STATIC,43.3982420072256,STATIC,97.06379526117055,STATIC,94.186965772989,STATIC,126.78201427102731,STATIC,98.82487269594965,STATIC,159.27669249759282,100.03178999130489,HUNCH,UPRIGHT,2.7190359571625224,UPRIGHT,False,0.11104046668598914,0.0,0.08205884844711027,530.7857322692871,330.7702302932739,7.291666666666664,0.9965274930000305,False,
20.083333333333332,482,32.53088097054823,FLEXION,109.15042698843527,STATIC,86.9075925952843,STATIC,55.00379792362005,EXTENSION,90.81196981588523,FLEXION,80.54722389512384,FLEXION,122.4462704297591,STATIC,97.1005861910138,STATIC,175.5750939410122,115.18881961611122,HUNCH,UPRIGHT,1.1744009450306654,UPRIGHT,False,0.07735817863086396,0.0,0.08204796726698008,538.9592742919922,331.9577944278717,7.333333333333332,0.9966890513896942,False,
20.125,483,32.0414823968952,STATIC,101.36007751493757,FLEXION,87.02763807848237,STATIC,48.040802917445724,FLEXION,93.99709705189383,STATIC,87.14359538203313,EXTENSION,124.63410543696456,STATIC,108.78478543423324,EXTENSION,172.17706750398077,109.03063605336324,HUNCH,UPRIGHT,0.735100788841789,UPRIGHT,False,0.25770969765919277,0.0,0.08245365255656949,538.5809516906738,331.89451575279236,7.375,0.9968864917755127,False,
20.166666666666664,484,41.6021176819304,EXTENSION,105.50871775336526,STATIC,86.34858561250496,STATIC,45.60435848202362,STATIC,97.48768779253203,STATIC,91.93980856737959,STATIC,126.3565755423853,STATIC,105.79442695929731,STATIC,162.1468839883394,93.70948114005314,HUNCH,UPRIGHT,0.07514925966688273,UPRIGHT,False,0.12509004191099302,0.0,0.08255189308503591,540.6089782714844,333.89991760253906,7.416666666666664,0.9968300759792328,False,
20.208333333333332,485,37.22217174752199,STATIC,104.15808599600864,STATIC,86.10152639210388,STATIC,47.2228014724239,STATIC,95.39658003182508,STATIC,89.41512801247399,STATIC,124.26848311075594,STATIC,101.73192176941738,STATIC,167.47563867879524,99.85193099981744,HUNCH,UPRIGHT,2.130270110494728,UPRIGHT,False,0.11144015333373902,0.0,0.08261830287871108,539.9967193603516,333.14000487327576,7.458333333333332,0.9969628155231476,False,
20.25,486,32.48872442486372,STATIC,101.41065713718504,STATIC,86.2970432623468,STATIC,50.82146903732784,STATIC,92.91497958602717,STATIC,86.90062122330792,STATIC,117.91698744145985,FLEXION,103.79108779476638,STATIC,175.08950582320807,108.06707932610568,HUNCH,UPRIGHT,4.762784098314494,UPRIGHT,False,0.09318426816420959,0.0,0.0826425367440448,539.9530029296875,332.11286902427673,7.5,0.9971376657485962,False,
20.291666666666664,487,33.91485444318364,STATIC,101.45340119551986,STATIC,86.00406078147479,STATIC,49.93115077795763,STATIC,94.34940218338114,STATIC,88.64518555594634,STATIC,119.83805620034164,STATIC,102.40096504602722,STATIC,172.80237816676723,107.56764198050303,HUNCH,UPRIGHT,4.451759087361758,UPRIGHT,False,0.09429412893221549,0.0,0.08266919942639758,539.9900245666504,332.18194127082825,7.541666666666664,0.9972244799137115,False,
20.333333333333332,488,32.068276028774584,STATIC,100.2937982503953,STATIC,85.97672862582088,STATIC,47.42760355113816,STATIC,97.66664038204667,STATIC,89.2638542047066,STATIC,122.91544246609085,STATIC,108.66793742155173,EXTENSION,166.75384931872446,105.74980600071031,HUNCH,UPRIGHT,1.3274723510615956,UPRIGHT,False,0.09833376444286597,0.0,0.08270496327346713,540.470085144043,333.29230070114136,7.583333333333332,0.9972509443759918,False,
20.375,489,30.870776993011532,STATIC,91.26475487887635,FLEXION,86.21866222801806,STATIC,44.00423941019356,STATIC,96.15394189892666,STATIC,88.20942378408354,STATIC,125.73805825702996,STATIC,108.05497345313334,STATIC,165.84207697898256,109.29023812081266,HUNCH,UPRIGHT,0.8467723620495824,UPRIGHT,False,0.09046613750930521,0.0,0.08272264248584944,540.8239936828613,334.31474804878235,7.625,0.997338056564331,False,
20.416666666666664,490,30.69668700169725,STATIC,82.68133493637043,FLEXION,86.25142260897321,STATIC,40.83959606640586,STATIC,95.3305436022688,STATIC,88.34219904782366,STATIC,126.39294130412098,STATIC,107.65601256668685,STATIC,165.86779477523942,111.79877358520727,HUNCH,UPRIGHT,3.1403491006291766,UPRIGHT,False,0.08489161425509495,0.0,0.08272757196714318,541.5007591247559,334.34772849082947,7.666666666666664,0.9973332583904266,False,
20.458333333333332,491,32.8367769750333,STATIC,83.91559499257092,STATIC,86.08978617035015,STATIC,44.780057052292214,STATIC,92.81038572373141,STATIC,88.15927888565754,STATIC,123.11004314975834,STATIC,106.96513602028837,STATIC,172.2845924329488,118.16166089240446,HUNCH,UPRIGHT,3.2616903525827086,UPRIGHT,False,0.07075186468354566,0.0,0.08270041616831415,542.327880859375,334.32429671287537,7.708333333333332,0.9974260926246643,False,
20.5,492,33.82224229598259,STATIC,79.64323498910248,STATIC,85.87584947136722,STATIC,37.03505473666887,FLEXION,96.5755081609414,STATIC,89.94781133408343,STATIC,128.44300060574545,EXTENSION,107.26429293098595,STATIC,161.99960509466806,107.14053792600255,HUNCH,UPRIGHT,3.3656013631545547,UPRIGHT,False,0.26190991571999434,0.0,0.08310586752476593,542.1992492675781,334.56982612609863,7.75,0.997441828250885,False,
20.541666666666664,493,32.521846551611176,STATIC,84.77504112580125,EXTENSION,86.09363233855841,STATIC,36.955469692410276,STATIC,95.00579209582624,STATIC,88.03471505974515,STATIC,126.45817808447252,STATIC,107.25225403462541,STATIC,165.65436911136572,114.18136955983809,HUNCH,UPRIGHT,2.9824420503273084,UPRIGHT,False,0.07959695653369314,0.0,0.08309794673246103,541.9979667663574,334.3912661075592,7.791666666666664,0.9975487887859344,False,
20.583333333333332,494,32.09459020122477,STATIC,81.22512802310217,STATIC,85.94121258513961,STATIC,36.468825338635355,STATIC,94.89705435061138,STATIC,91.25720729339422,STATIC,125.85392852481517,STATIC,110.8307106179538,STATIC,165.4918445423583,111.44093063860127,HUNCH,UPRIGHT,1.6638718308573042,UPRIGHT,False,0.0856868208031083,0.0,0.08310377752991745,541.5119934082031,333.4980905056,7.833333333333332,0.9976598918437958,False,
20.625,495,33.12777960593142,STATIC,78.15751753352629,STATIC,85.62020627192074,STATIC,32.719994964549564,STATIC,95.53248435397936,STATIC,92.98613747724463,STATIC,127.06106362593424,STATIC,113.05461615226126,STATIC,161.95000852849913,109.72956530281361,HUNCH,UPRIGHT,1.2497492252893732,UPRIGHT,False,0.08948985488263643,0.0,0.08311812826554153,539.659252166748,332.0487856864929,7.875,0.9977270662784576,False,
20.666666666666664,496,32.75964690350466,STATIC,79.19251428304241,STATIC,85.37320570235786,STATIC,31.1621178003859,STATIC,95.97002760135062,STATIC,96.37728448937297,STATIC,128.26074413574028,STATIC,118.35039141436467,EXTENSION,157.18702520155261,111.44708140638531,HUNCH,UPRIGHT,4.366549418251313,UPRIGHT,False,0.08567315243025486,0.0,0.08312385701927406,538.7162780761719,329.8468315601349,7.916666666666664,0.9977580904960632,False,
20.708333333333332,497,27.463029384632684,FLEXION,82.04262573589307,STATIC,86.34234379994517,STATIC,35.72328298225624,STATIC,94.42357052286066,STATIC,91.13039809520964,FLEXION,123.6071160060103,STATIC,112.8581940648248,FLEXION,168.17341886320094,112.91533713128214,HUNCH,UPRIGHT,1.1683129557261696,UPRIGHT,False,0.08241036193048412,0.0,0.08312226083339311,539.083366394043,330.02089619636536,7.958333333333332,0.9978345930576324,False,
20.75,498,25.450018001436028,STATIC,79.59996105249806,STATIC,86.6190548170311,STATIC,38.43647259245882,STATIC,93.75943268193849,STATIC,90.02341299894853,STATIC,121.5807848651077,STATIC,109.23027534469551,STATIC,171.35277225217962,114.64255015519252,HUNCH,UPRIGHT,1.7134535468223318,UPRIGHT,False,0.07857211076623882,0.0,0.08311210424842178,539.4774627685547,330.0115191936493,8.0,0.9979070127010345,False,
20.791666666666664,499,29.04030324316995,STATIC,84.53705161099386,STATIC,86.45658109988115,STATIC,42.01452034536808,STATIC,93.6795280238581,STATIC,90.87786724267673,STATIC,121.43197385835911,STATIC,108.29493767121083,STATIC,170.55058224484944,112.41344695619313,HUNCH,UPRIGHT,2.661943734278246,UPRIGHT,False,0.08352567343068196,0.0,0.08311302533791456,539.4609832763672,330.1029074192047,8.041666666666664,0.9979932308197021,False,
20.833333333333332,500,23.55022169265173,FLEXION,83.60600889498978,STATIC,86.79086092192011,STATIC,38.56772070226011,STATIC,95.1458818214489,STATIC,93.86519300841545,STATIC,124.50089857653646,STATIC,112.7287474973379,STATIC,162.4515895847166,114.33766535170473,HUNCH,UPRIGHT,177.28638743331555,LEFT_TILT,False,0.07924963255176727,0.0,0.08310444002061201,539.1022682189941,330.7547163963318,8.083333333333332,0.9980484247207642,False,
20.875,501,27.615115043935194,STATIC,78.86671819387995,STATIC,86.23477728549304,STATIC,35.15500765361156,STATIC,94.63961672700513,STATIC,93.45683856669132,STATIC,123.3386936392931,STATIC,111.88867704118019,STATIC,161.45782658824652,116.76053875463886,HUNCH,UPRIGHT,177.49005668608194,LEFT_TILT,False,0.07386546943413586,0.0,0.08308395449824733,539.0157127380371,331.0943591594696,8.125,0.9981057941913605,False,
20.916666666666664,502,29.3894072367718,STATIC,81.45966267595301,STATIC,86.09680254933585,STATIC,34.77848140998669,STATIC,95.7283068909564,STATIC,95.86530504263074,STATIC,124.81011599244667,STATIC,113.29985574824263,STATIC,155.9237056856337,112.59415477507918,HUNCH,UPRIGHT,177.66792658650428,LEFT_TILT,False,0.08312410049982406,0.0,0.08308404331683489,538.797550201416,331.22034788131714,8.166666666666664,0.9980919361114502,False,
20.958333333333332,503,28.730821673441987,STATIC,83.97867948092292,STATIC,86.1110758627863,STATIC,35.826690801109244,STATIC,95.69205703964845,STATIC,96.03005883597633,STATIC,123.72522407645451,STATIC,112.81887139638957,STATIC,155.04721842349372,112.08965523203959,HUNCH,UPRIGHT,1.3027188213807832,UPRIGHT,False,0.08424521059546757,0.0,0.08308660660001069,538.4195899963379,331.3099229335785,8.208333333333332,0.9980766177177429,False,
21.0,504,20.947833299628726,FLEXION,95.03194025243104,EXTENSION,87.02521720294183,STATIC,39.1373181175907,STATIC,95.68979717231605,STATIC,97.62721717819753,STATIC,124.78759459773953,STATIC,116.72505136909977,STATIC,148.51133914826647,110.82828932913269,HUNCH,FORWARD_TILT,173.5102522088722,RIGHT_TILT,False,0.0903563811613352,0.0,0.08310261931930875,538.2999801635742,330.4051387310028,8.25,0.9980623424053192,False,
21.041666666666664,505,22.579362363495257,STATIC,96.07638443312368,STATIC,86.93958212597848,STATIC,39.355908404165696,STATIC,95.06203218163174,STATIC,96.4380160062539,STATIC,123.70299655444445,STATIC,113.75355427600277,STATIC,151.702875919095,101.78203757427252,HUNCH,UPRIGHT,173.77456910849773,RIGHT_TILT,False,0.10715102761272773,0.0,0.08315547296390968,538.4357261657715,330.4054069519043,8.291666666666664,0.9979488551616669,False,
21.083333333333332,506,30.365012752592364,EXTENSION,98.58884377838923,STATIC,86.318234972388,STATIC,40.87197885697356,STATIC,95.70062840864547,STATIC,96.41203407668456,STATIC,125.11678072622294,STATIC,114.52595439041696,STATIC,150.36731492721046,105.80789804054662,HUNCH,UPRIGHT,173.53591657324264,RIGHT_TILT,False,0.09820467102100754,0.0,0.08318847559122788,538.2148933410645,330.162216424942,8.333333333333332,0.9978839457035065,False,
21.125,507,37.88253901094603,EXTENSION,108.95170606712466,EXTENSION,85.44489231907852,STATIC,41.06586344572669,STATIC,97.62926646505818,STATIC,101.72221686579668,EXTENSION,128.01873982628646,STATIC,118.17850886180756,STATIC,140.28576064212461,96.13008258879636,HUNCH,FORWARD_TILT,171.533830933524,RIGHT_TILT,False,0.14129812615350898,0.0,0.08331563018764425,536.8844032287598,329.4196093082428,8.375,0.9978842437267303,False,
21.166666666666664,508,44.222243682268676,EXTENSION,115.39946503293967,EXTENSION,84.75058840419469,STATIC,43.58452383309661,STATIC,97.82736860237198,STATIC,101.99709088955443,STATIC,129.5356026086445,STATIC,114.79681131631226,STATIC,143.22563237610444,91.21979355612409,HUNCH,FORWARD_TILT,172.44724077159404,RIGHT_TILT,False,0.14567683126171438,0.0,0.0834517900153169,535.2607154846191,329.41471695899963,8.416666666666664,0.9978802800178528,False,
21.208333333333332,509,37.942736126068525,FLEXION,99.43365204854636,FLEXION,85.64809468926767,STATIC,42.75534239070198,STATIC,96.92205839108082,STATIC,100.27847026804338,STATIC,129.38911931477276,STATIC,110.6772929126084,STATIC,147.46412179716629,87.07405162893954,HUNCH,FORWARD_TILT,174.84071901268044,RIGHT_TILT,False,0.14547072571976483,0.0,0.08358690752229828,535.5146789550781,329.0844404697418,8.458333333333332,0.9978874921798706,False,
21.25,510,38.997432699811576,STATIC,100.450965272575,STATIC,85.76072405997549,STATIC,45.52002048245752,STATIC,96.2517485124623,STATIC,95.4641064092541,STATIC,129.49905851037974,STATIC,110.45508058330529,STATIC,154.16674811716214,96.21168368792954,HUNCH,UPRIGHT,179.10981245267348,RIGHT_TILT,False,0.11952959180460103,0.0,0.08366504379247719,536.232795715332,329.9867355823517,8.5,0.9978316724300385,False,
21.291666666666664,511,39.69059072915011,STATIC,96.32450390054191,STATIC,85.75071624542521,STATIC,45.02789723292229,STATIC,96.19468018516065,STATIC,94.41702469483532,STATIC,130.47148756919617,STATIC,110.89863650047606,STATIC,155.16737084174477,99.92264887587042,HUNCH,UPRIGHT,179.346750610538,LEFT_TILT,False,0.11128300249806573,0.0,0.08372495259661078,536.5015602111816,330.1832342147827,8.541666666666664,0.9977650344371796,False,
21.333333333333332,512,38.73431282636714,STATIC,96.08552505908222,STATIC,85.72585453260062,STATIC,45.26782833793615,STATIC,96.05782180974751,STATIC,93.94176440320936,STATIC,130.57348326159422,STATIC,111.11452331462019,STATIC,154.78178799853478,98.4970191463148,HUNCH,UPRIGHT,178.8145279890689,LEFT_TILT,False,0.11445106856374491,0.0,0.08379145934112839,536.4560890197754,330.1510262489319,8.583333333333332,0.9977052509784698,False,
21.375,513,37.74714288166207,STATIC,96.53017489286059,STATIC,85.9033340593933,STATIC,45.66610331385853,STATIC,95.41343267905386,STATIC,91.35228274490635,STATIC,130.51236630814807,STATIC,110.72078305259599,STATIC,156.87402443106768,99.60225720078094,HUNCH,UPRIGHT,178.26795843061217,LEFT_TILT,False,0.11199498399826457,0.0,0.08385237408120859,536.595458984375,330.0518810749054,8.625,0.9977288842201233,False,
21.416666666666664,514,38.29078556491741,STATIC,102.15605321722335,EXTENSION,85.85597862724936,STATIC,48.86470988075229,STATIC,96.1382890620833,STATIC,91.20366825407724,STATIC,131.67517727405655,STATIC,109.11852423704472,STATIC,154.8584550622811,96.6243578173998,HUNCH,UPRIGHT,178.14886600071208,LEFT_TILT,False,0.118612538183556,0.0,0.08392728822798089,536.0896873474121,330.27403235435486,8.666666666666664,0.997745007276535,False,
21.458333333333332,515,36.511984592159266,STATIC,102.18122560867958,STATIC,86.13855799314405,STATIC,49.36023676642511,STATIC,96.1177975993434,STATIC,90.4071797470893,STATIC,130.83070634615194,STATIC,107.01021215866024,STATIC,156.24403619270342,98.39891916539452,HUNCH,UPRIGHT,175.6697022225936,LEFT_TILT,False,0.11466906852134551,0.0,0.08399339958345049,536.0954856872559,330.18707513809204,8.708333333333332,0.9978311061859131,False,
21.5,516,39.287356713562986,STATIC,103.8701406940153,STATIC,85.67956826761746,STATIC,47.52735585658015,STATIC,97.88976993421518,STATIC,93.95065262360944,STATIC,134.3978648980704,STATIC,113.57307233221874,EXTENSION,150.1451363046413,103.11144400599353,HUNCH,UPRIGHT,0.846680913692434,UPRIGHT,False,0.10419679109779216,0.0,0.08403675450086324,536.0722351074219,331.0079061985016,8.75,0.9978117346763611,False,
21.541666666666664,517,38.60739196739019,STATIC,99.48858869149747,STATIC,86.07603058575613,STATIC,46.96751391828589,STATIC,98.08301761960217,STATIC,94.5183785213269,STATIC,135.07305835878984,STATIC,113.57015581882226,STATIC,150.5895603157916,99.74785111184306,HUNCH,UPRIGHT,0.2607746578285942,UPRIGHT,False,0.1116714419736821,0.0,0.08409592942050526,536.085090637207,330.9880042076111,8.791666666666664,0.9977223873138428,False,
21.583333333333332,518,37.507038897570645,STATIC,102.15167415183484,STATIC,86.25040791465739,STATIC,47.21497927641545,STATIC,98.05601403422808,STATIC,94.27247992934316,STATIC,135.40727648226087,STATIC,114.83999643412832,STATIC,150.27029032955198,105.70056808255626,HUNCH,UPRIGHT,1.252668710585241,UPRIGHT,False,0.09844318203876386,0.0,0.08412658594319385,535.6761932373047,330.952330827713,8.833333333333332,0.9977115988731384,False,
21.625,519,39.17044347174519,STATIC,103.29661480498518,STATIC,86.26883769086642,STATIC,47.267885558443886,STATIC,97.67915034587458,STATIC,95.9867545111885,STATIC,135.69850852225167,STATIC,115.18121756374839,STATIC,148.3786802070977,102.74802785625356,HUNCH,FORWARD_TILT,177.20933780056666,RIGHT_TILT,False,0.10860731541477502,0.0,0.08417878366061725,535.9362983703613,331.275794506073,8.875,0.9976446628570557,False,
21.666666666666664,520,45.66160924903777,EXTENSION,109.42942216326519,EXTENSION,85.55916446295083,STATIC,48.78206929094863,STATIC,99.10172448144726,STATIC,98.2460636821603,STATIC,135.68052985928122,STATIC,111.54205590452237,STATIC,147.85874713761572,102.05923074454431,HUNCH,FORWARD_TILT,1.9005173987123678,UPRIGHT,False,0.11129338248408882,0.0,0.08423647429641187,534.9504661560059,332.47127652168274,8.916666666666664,0.9975557029247284,False,
21.708333333333332,521,37.01875561275684,FLEXION,102.76243063080345,FLEXION,86.7106246166636,STATIC,49.46210589047509,STATIC,98.86202244988141,STATIC,98.06278814549192,STATIC,136.33715147941396,STATIC,114.43881791923481,STATIC,148.32688339967828,101.72175669455147,HUNCH,FORWARD_TILT,0.8232506405115909,UPRIGHT,False,0.11100302201282275,0.0,0.08429330348476945,538.9095878601074,332.42607593536377,8.958333333333332,0.9975314736366272,False,
21.75,522,45.76497917763993,EXTENSION,107.99152995766138,EXTENSION,86.1366267990972,STATIC,48.79876384178886,STATIC,100.1279620494641,STATIC,105.1132601020104,EXTENSION,134.61906489417623,STATIC,112.87611633079152,STATIC,146.6250442249548,97.23247604320639,HUNCH,FORWARD_TILT,176.98437199168387,RIGHT_TILT,False,0.12476106607075295,0.0,0.08437904026990924,537.4081039428711,329.805611371994,9.0,0.9976403117179871,False,
21.791666666666664,523,46.0764458093499,STATIC,105.43549431454677,STATIC,85.72512359517044,STATIC,49.775333992984514,STATIC,99.52110330536007,STATIC,104.54701402493023,STATIC,136.57014836771296,STATIC,120.41109399997531,EXTENSION,143.8127860550627,102.68244084965856,HUNCH,FORWARD_TILT,172.78015285584922,RIGHT_TILT,False,0.11889949576728609,0.0,0.08445202220542167,537.4380874633789,328.9076292514801,9.041666666666664,0.997723251581192,False,
21.833333333333332,524,42.23115974134498,STATIC,103.81914438770353,STATIC,86.25175041192998,STATIC,50.36799704633247,STATIC,100.18082672739558,STATIC,102.75684344632825,STATIC,137.29506896845376,STATIC,121.03863215024033,STATIC,144.98512626013337,98.80959770192085,HUNCH,FORWARD_TILT,173.58581392932885,RIGHT_TILT,False,0.1249006134176573,0.0,0.0845373567860382,539.7794914245605,328.9569282531738,9.083333333333332,0.9977783858776093,False,
21.875,525,38.00742888501744,STATIC,105.72646216381067,STATIC,86.8248857724905,STATIC,50.291147109783026,STATIC,99.97353455114633,STATIC,102.76544044656494,STATIC,137.51848898467603,STATIC,122.02375950697599,STATIC,142.7077439737712,98.25685246740565,HUNCH,FORWARD_TILT,172.63163485014078,RIGHT_TILT,False,0.13118978568627368,0.0,0.08463557242582817,539.8477172851562,328.53152990341187,9.125,0.9978601336479187,False,
21.916666666666664,526,37.34071868050316,STATIC,120.93873769331762,EXTENSION,86.68873603288328,STATIC,51.73469257724843,STATIC,102.251050901405,STATIC,104.56435518248034,STATIC,139.35089246442428,STATIC,120.145839551933,STATIC,142.33847218875664,95.0551646126115,HUNCH,FORWARD_TILT,171.0113936261935,RIGHT_TILT,False,0.13912525155251523,0.0,0.08475004654164053,539.6644973754883,328.8279354572296,9.166666666666664,0.9978460371494293,False,
21.958333333333332,527,45.879759773805574,EXTENSION,128.29068797268408,EXTENSION,85.7620524267494,STATIC,50.42071772603188,STATIC,102.57418241463296,STATIC,107.72879733651568,STATIC,140.3173146083358,STATIC,122.61199651118899,STATIC,138.17908400548322,93.53061026882729,HUNCH,FORWARD_TILT,170.0674339059967,RIGHT_TILT,False,0.15175623494597665,0.0,0.08489052073116744,538.6186790466309,328.93593192100525,9.208333333333332,0.997898280620575,False,
22.0,528,44.295205939750296,STATIC,126.76560600091629,STATIC,85.7375788934531,STATIC,50.74917733506434,STATIC,102.52939008125934,STATIC,108.25557155275526,STATIC,139.2048568639968,STATIC,123.42148371999747,STATIC,137.88241454395663,91.23848458206955,HUNCH,FORWARD_TILT,167.6318933542467,RIGHT_TILT,False,0.15750911305327517,0.0,0.08504244247242708,538.6106300354004,329.3914783000946,9.25,0.9979603290557861,False,
22.041666666666664,529,42.415319072434386,STATIC,125.26656558513861,STATIC,85.8271557525501,STATIC,51.72591412786626,STATIC,101.25691405014216,STATIC,106.84607341920753,STATIC,138.63647251421534,STATIC,122.53901738465802,STATIC,139.85208591334384,92.14891162152266,HUNCH,FORWARD_TILT,167.97707252387013,RIGHT_TILT,False,0.15110889436696337,0.0,0.08518036825926327,538.5596084594727,329.50061202049255,9.291666666666664,0.9980168640613556,False,
22.083333333333332,530,39.712956873914244,STATIC,124.95722525411205,STATIC,86.08916382696026,STATIC,51.300220464176874,STATIC,100.3980990103935,STATIC,105.15249781222296,STATIC,140.73164125974668,STATIC,126.07514800302108,STATIC,139.8082685668005,92.90212638867999,HUNCH,FORWARD_TILT,167.58391902664985,RIGHT_TILT,False,0.14953245565448778,0.0,0.08531443510800332,538.6222839355469,329.6322977542877,9.333333333333332,0.9980668127536774,False,
22.125,531,40.752138637409786,STATIC,126.99769493226401,STATIC,85.65529947659755,STATIC,51.33120773596927,STATIC,100.22734926623428,STATIC,105.76909345995342,STATIC,140.95081799860452,STATIC,127.83554305058615,STATIC,140.38467971210915,92.39563255668914,HUNCH,FORWARD_TILT,167.96811320200777,RIGHT_TILT,False,0.1493770838471149,0.0,0.08544762148791832,538.5366439819336,330.00508189201355,9.375,0.9981461465358734,False,
22.166666666666664,532,38.38988103616401,STATIC,126.04483610482295,STATIC,85.8686908256079,STATIC,51.809358326820906,STATIC,98.81112118157246,STATIC,103.20159305754005,STATIC,139.13752985627409,STATIC,128.05464401197455,STATIC,145.09020841033544,97.70166470381687,HUNCH,FORWARD_TILT,169.04982634353277,RIGHT_TILT,False,0.12712917085743933,0.0,0.08553409773142354,538.4141540527344,331.0599088668823,9.416666666666664,0.9982563257217407,False,
22.208333333333332,533,34.495107759808384,STATIC,121.05111614794667,STATIC,86.49598571787841,STATIC,55.26253251842182,STATIC,97.00412004822074,STATIC,98.50471517011947,STATIC,136.4481351204098,STATIC,125.48151666799778,STATIC,153.55768489161355,104.77649091895805,HUNCH,UPRIGHT,6.59423353773781,UPRIGHT,False,0.1004966868467599,0.0,0.08556507617679691,538.5169982910156,332.2610557079315,9.458333333333332,0.9983377158641815,False,
22.25,534,31.21867982270483,STATIC,113.9238874200669,FLEXION,86.68268038463538,STATIC,54.05660595342898,STATIC,97.80360219894686,STATIC,98.90317100029196,STATIC,138.47412729466595,STATIC,128.1881985189698,STATIC,149.73129711552372,104.35927509473832,HUNCH,FORWARD_TILT,6.202797958464402,UPRIGHT,False,0.10202095064386212,0.0,0.08559907591743134,538.5036659240723,332.6239264011383,9.5,0.9983511567115784,False,
22.291666666666664,535,30.626396498145894,STATIC,111.67501954427068,STATIC,86.90126650565841,STATIC,54.21005376808955,STATIC,97.30248945766742,STATIC,97.9477098416994,STATIC,138.63930281581256,STATIC,129.37213142975602,STATIC,150.28609415084154,103.707466540092,HUNCH,UPRIGHT,5.338671952335878,UPRIGHT,False,0.10287229657757335,0.0,0.08563469080539039,538.1960678100586,332.0549547672272,9.541666666666664,0.9983394145965576,False,
22.333333333333332,536,32.368195266438114,STATIC,112.38391822148881,STATIC,86.82190682736461,STATIC,54.2689495164824,STATIC,96.73903855084482,STATIC,97.53939076370595,STATIC,138.1033380542717,STATIC,129.49032897437,STATIC,150.50061172591649,105.21529938678634,HUNCH,UPRIGHT,5.787063488394678,UPRIGHT,False,0.09952155691825255,0.0,0.08566326460397654,538.3567047119141,332.0346128940582,9.583333333333332,0.9983394742012024,False,
22.375,537,30.611196272838807,STATIC,111.14354948567616,STATIC,86.97388400033525,STATIC,55.762124177043354,STATIC,95.78745672580263,STATIC,95.55028055365928,STATIC,136.68120325123263,STATIC,127.91786644747523,STATIC,155.71311888363797,112.46630371672222,HUNCH,UPRIGHT,5.357686892112569,UPRIGHT,False,0.08340821396283953,0.0,0.08565863410984689,538.5633277893066,331.9649076461792,9.625,0.9983286559581757,False,
22.416666666666664,538,32.23813156709508,STATIC,111.49349712891986,STATIC,86.83877484165802,STATIC,54.903938136837276,STATIC,95.95326053417234,STATIC,95.69316944140495,STATIC,136.53454395892646,STATIC,126.49088288055617,STATIC,154.26178370766598,109.09701386454729,HUNCH,UPRIGHT,3.553968314966372,UPRIGHT,False,0.09089552474545044,0.0,0.08566936544311657,538.1340217590332,330.67636370658875,9.666666666666664,0.9983531832695007,False,
22.458333333333332,539,39.14815294015028,EXTENSION,116.01043623976967,STATIC,85.62883897268387,STATIC,50.60809088138579,STATIC,98.19644936070678,STATIC,100.79941778003804,EXTENSION,139.49619967685948,STATIC,128.1799675076606,STATIC,138.86900016462374,94.06885178693285,HUNCH,FORWARD_TILT,172.67073359252123,RIGHT_TILT,False,0.14902699566320757,0.0,0.08579893114908813,537.2701644897461,329.8548996448517,9.708333333333332,0.9983929693698883,False,
22.5,540,39.52770982548186,STATIC,116.55650813039186,STATIC,86.04635840583931,STATIC,52.84713228650055,STATIC,97.97418421436664,STATIC,99.60240863803607,STATIC,139.92495198349658,STATIC,127.69195630568404,STATIC,142.19499526692653,97.46022048848516,HUNCH,FORWARD_TILT,171.7792635134137,RIGHT_TILT,False,0.13409952054352958,0.0,0.08589750378050535,537.3088836669922,330.0481367111206,9.75,0.9983961284160614,False,
22.541666666666664,541,37.815672772815155,STATIC,116.78017102326831,STATIC,85.9292091704734,STATIC,53.332179915313326,STATIC,98.12158836378995,STATIC,99.32639860397552,STATIC,140.26556494540205,STATIC,126.95941564553048,STATIC,142.56275486234122,96.07974274596998,HUNCH,FORWARD_TILT,170.2083298300038,RIGHT_TILT,False,0.136350005314864,0.0,0.08600025836611505,537.2895812988281,330.4383444786072,9.791666666666664,0.9984152913093567,False,
22.583333333333332,542,37.99841468072403,STATIC,118.2729268871775,STATIC,85.81518657169039,STATIC,54.185559904889146,STATIC,98.21455348452541,STATIC,98.94315272198708,STATIC,141.20998842942046,STATIC,126.95491169553911,STATIC,142.25906477597087,97.31716570238756,HUNCH,FORWARD_TILT,167.91115424024326,RIGHT_TILT,False,0.13427504338142573,0.0,0.08609837784785349,537.2976684570312,331.38625860214233,9.833333333333332,0.9984084069728851,False,
22.625,543,38.44914758624237,STATIC,120.31501730755468,STATIC,85.51760421123805,STATIC,54.219186284499536,STATIC,98.59323654030963,STATIC,99.8875545569659,STATIC,142.05576566426927,STATIC,127.40310709862412,STATIC,139.93737842230166,97.21126648571243,HUNCH,FORWARD_TILT,167.09218811377508,RIGHT_TILT,False,0.1396696779821909,0.0,0.0862070417426493,537.3107147216797,331.460942029953,9.875,0.9984148740768433,False,
22.666666666666664,544,38.15579392143231,STATIC,126.00880986484106,EXTENSION,85.65775352996127,STATIC,54.94141575172085,STATIC,98.18799513403752,STATIC,98.78329250184426,STATIC,142.4695877519679,STATIC,127.67096068931248,STATIC,140.96704181671973,99.2023521306118,HUNCH,FORWARD_TILT,166.71633010658482,RIGHT_TILT,False,0.13295690233926327,0.0,0.08630167708798658,537.3239898681641,331.43811106681824,9.916666666666664,0.998423844575882,False,
22.708333333333332,545,33.8171471505778,STATIC,130.5751906273961,STATIC,86.24089043184928,STATIC,55.76467190177219,STATIC,97.62365491491886,STATIC,99.3630475107961,STATIC,143.39575897238402,STATIC,127.65594676943874,STATIC,138.37946464632398,102.28649338233211,HUNCH,FORWARD_TILT,162.71793874162907,RIGHT_TILT,False,0.1318534266029865,0.0,0.08639370082438053,536.6311264038086,330.6671905517578,9.958333333333332,0.9984106123447418,False,
22.75,546,38.93407496535381,EXTENSION,140.6067297015934,EXTENSION,85.48350495126616,STATIC,54.51782406431196,STATIC,99.67884845089823,STATIC,101.50790349204414,STATIC,144.4914542931199,STATIC,129.18248812735743,STATIC,135.7464902142247,92.5759327417537,HUNCH,FORWARD_TILT,162.74623896597222,RIGHT_TILT,False,0.15928350454227022,0.0,0.08654065607381176,535.907154083252,330.0722336769104,10.0,0.998390257358551,True,[!] Long Stay Detected: 10.0s
22.791666666666664,547,37.34066455131283,STATIC,139.98030421806214,STATIC,84.9693893814312,STATIC,51.923434483679415,STATIC,103.81951868102182,STATIC,111.02212539921626,EXTENSION,143.35725185014337,STATIC,129.0577352458165,STATIC,131.22469390862787,85.99127965262763,HUNCH,FORWARD_TILT,163.82267379669895,RIGHT_TILT,False,0.18396450319721,0.0,0.08673667991108218,535.2955055236816,330.142582654953,10.041666666666664,0.998422235250473,True,
22.833333333333332,548,36.853592045196585,STATIC,134.96559414818446,FLEXION,84.86043786026431,STATIC,54.86079889933009,STATIC,102.74677914372394,STATIC,110.44962470090762,STATIC,143.64555379104084,STATIC,135.66041858423895,EXTENSION,134.97362982217612,90.43389961722771,HUNCH,FORWARD_TILT,167.52938425727447,RIGHT_TILT,False,0.1657610456902137,0.0,0.08689536337650211,536.0097122192383,331.0106635093689,10.083333333333332,0.9985053241252899,True,
22.875,549,36.22577223344242,STATIC,129.3543324986155,FLEXION,85.03747001617577,STATIC,54.85250940857899,STATIC,102.21809512106874,STATIC,107.09453785224704,STATIC,144.10141717695734,STATIC,129.041339002004,FLEXION,138.35923126701846,87.42652307791624,HUNCH,FORWARD_TILT,170.937199026785,RIGHT_TILT,False,0.16492054590014507,0.0,0.08705172646773186,536.5274047851562,332.7415144443512,10.125,0.9985272586345673,True,
22.916666666666664,550,32.14742056863203,STATIC,126.82176070679478,STATIC,86.69448551433729,STATIC,64.55474784748984,EXTENSION,97.45907237792399,STATIC,93.43869316617311,FLEXION,139.8258908852552,STATIC,124.36446732798379,STATIC,159.40344646702158,100.35601694191212,HUNCH,UPRIGHT,5.765413685819891,UPRIGHT,False,0.11031996235130641,0.0,0.087098262939499,537.0417213439941,333.077917098999,10.166666666666664,0.9985165297985077,True,
22.958333333333332,551,32.79338565223443,STATIC,114.40963700890711,FLEXION,86.43986779592977,STATIC,58.04675806571238,FLEXION,98.6938009032192,STATIC,95.7406842933142,STATIC,141.33274019382856,STATIC,120.77990866246914,STATIC,153.34294138486314,99.8534610118607,HUNCH,UPRIGHT,3.323837633652333,UPRIGHT,False,0.2781034199736429,0.0,0.08747951075793042,539.419059753418,333.4941852092743,10.208333333333332,0.9984230101108551,True,
23.0,552,23.846410993396606,FLEXION,99.24398023562168,FLEXION,87.25786003583585,STATIC,53.32322405445362,STATIC,97.65483568794961,STATIC,90.3666548899102,FLEXION,140.1538602071415,STATIC,115.52378574796198,FLEXION,160.17346728439125,107.35687075607575,HUNCH,UPRIGHT,5.093956686471707,UPRIGHT,False,0.09476250943094278,0.0,0.08749401872341452,539.5689392089844,331.09068989753723,10.25,0.9982850551605225,True,
23.041666666666664,553,36.22564992156135,EXTENSION,97.05076856892467,STATIC,86.26631766326713,STATIC,50.928575412423676,STATIC,98.92750223263106,STATIC,96.22803435760179,EXTENSION,140.50822879875525,STATIC,117.915711234,STATIC,152.35083691722502,102.64666879269018,HUNCH,UPRIGHT,5.169381422477523,UPRIGHT,False,0.10522962490513295,0.0,0.08752927837785134,539.8805236816406,331.1772394180298,10.291666666666664,0.9982332289218903,True,
23.083333333333332,554,37.87427576794258,STATIC,94.71071138078422,STATIC,85.27501852597592,STATIC,50.06559664300934,STATIC,99.7164894018093,STATIC,99.10894261786117,STATIC,141.5672739965663,STATIC,123.69924734237146,EXTENSION,148.30841794524986,112.66384033800927,HUNCH,FORWARD_TILT,4.566854873386243,UPRIGHT,False,0.08672831492609083,0.0,0.0875276891646534,540.8645439147949,331.70945405960083,10.333333333333332,0.9981816411018372,True,
23.125,555,40.790559321966356,STATIC,91.8917810868423,STATIC,85.58416637217138,STATIC,48.88798011034399,STATIC,98.74328789833837,STATIC,98.58414783523929,STATIC,139.57853561161582,STATIC,119.92072000822964,STATIC,151.8878601198969,106.64548888502097,HUNCH,UPRIGHT,5.4768400808932745,UPRIGHT,False,0.09634335803328675,0.0,0.0875451459346903,540.738582611084,331.47369861602783,10.375,0.9981492459774017,True,
23.166666666666664,556,38.33310152544809,STATIC,91.43625714179333,STATIC,85.56992030092603,STATIC,47.820576295152605,STATIC,100.39742406071444,STATIC,100.87871211861662,STATIC,140.46383003364284,STATIC,120.92789687802576,STATIC,150.445234333707,101.13235604777952,HUNCH,UPRIGHT,173.70151521208416,LEFT_TILT,False,0.10859476433826772,0.0,0.08758674597106102,539.0176582336426,331.46586656570435,10.416666666666664,0.9980954527854919,True,
23.208333333333332,557,40.48853842961118,STATIC,90.33701680507285,STATIC,85.05190928194052,STATIC,45.50926573460752,STATIC,101.02605393491238,STATIC,104.2070921713834,STATIC,140.73408643082053,STATIC,118.51993550576843,STATIC,146.49718058670922,97.57450725528744,HUNCH,FORWARD_TILT,5.0385720486378,UPRIGHT,False,0.1242851381288963,0.0,0.0876591293875459,537.1953201293945,331.66295528411865,10.458333333333332,0.9980566501617432,True,
23.25,558,40.08394807445586,STATIC,93.83951498593494,STATIC,85.13730620533305,STATIC,45.22261218394764,STATIC,100.6790042504838,STATIC,105.85196864020176,STATIC,138.6637864293612,STATIC,117.10015149616196,STATIC,146.98995158543167,99.13536313324958,HUNCH,FORWARD_TILT,174.5969770440791,LEFT_TILT,False,0.11972152284737503,0.0,0.08772224433530147,536.3898468017578,332.18597531318665,10.5,0.9981181621551514,True,
23.291666666666664,559,39.13210488529162,STATIC,87.33608469527003,FLEXION,85.35282901248856,STATIC,46.51084889480762,STATIC,97.92223158101736,STATIC,99.69503937947836,FLEXION,139.031857286725,STATIC,120.273454116606,STATIC,152.72802857702064,110.62729967950185,HUNCH,UPRIGHT,176.10137179195368,LEFT_TILT,False,0.087494889601107,0.0,0.08772179766588263,535.5452156066895,332.82557487487793,10.541666666666664,0.9981397390365601,True,
23.333333333333332,560,32.47436814155097,FLEXION,87.08592022465704,STATIC,85.94134050550812,STATIC,48.92101305252331,STATIC,95.51704296168369,STATIC,92.89562592465421,FLEXION,138.95239074718782,STATIC,117.5462417886546,STATIC,158.80099969106686,116.65709258007081,HUNCH,UPRIGHT,1.2356502651834789,UPRIGHT,False,0.07409534982206485,0.0,0.08769507914069867,536.1351776123047,334.7372496128082,10.583333333333332,0.9980104863643646,True,
23.375,561,34.09796044473244,STATIC,88.39701301686738,STATIC,86.38881387228405,STATIC,49.3206910681946,STATIC,94.50916968539032,STATIC,91.5873508331402,STATIC,137.40718709496488,STATIC,115.05692626955934,STATIC,159.69738851371207,117.12198081993543,HUNCH,UPRIGHT,3.3984106215603846,UPRIGHT,False,0.07306226484458793,0.0,0.08766644349628358,532.9094123840332,335.8225357532501,10.625,0.9978771507740021,True,
23.416666666666664,562,36.05491260467076,STATIC,88.48511447034598,STATIC,86.05241070258865,STATIC,47.75365381726915,STATIC,95.1167319532395,STATIC,91.28738551432768,STATIC,138.2968422105294,STATIC,113.91104923342029,STATIC,157.61642463420569,111.91682167333023,HUNCH,UPRIGHT,5.305996737801165,UPRIGHT,False,0.08462928517037727,0.0,0.0876605115464283,532.7773475646973,333.6395823955536,10.666666666666664,0.9978157877922058,True,
23.458333333333332,563,38.66287750384856,STATIC,89.69407164471201,STATIC,86.04855304982055,STATIC,47.619024902940765,STATIC,95.75557181218535,STATIC,93.08997447390378,STATIC,138.9147463396835,STATIC,118.08304080161066,STATIC,156.63692905025414,119.87204418376623,HUNCH,UPRIGHT,4.577598863587261,UPRIGHT,False,0.06695101292496393,0.0,0.08762014215340401,533.2158851623535,331.8456244468689,10.708333333333332,0.997734934091568,True,
23.5,564,39.13615433872837,STATIC,88.6461350074189,STATIC,86.27516990486691,STATIC,47.723073016454606,STATIC,94.67161972424366,STATIC,93.99295302551184,STATIC,138.50043639545848,STATIC,120.85457234267773,STATIC,159.94991811727292,113.76602108855269,HUNCH,UPRIGHT,2.319480167782504,UPRIGHT,False,0.08051995313654958,0.0,0.08760632855609496,534.2666435241699,331.7193031311035,10.75,0.9977040588855743,True,
23.541666666666664,565,37.35615121382506,STATIC,86.74519217042425,STATIC,86.52961161751591,STATIC,47.97606946709356,STATIC,94.83757156609262,STATIC,94.90324886029534,STATIC,138.19071376393342,STATIC,123.25916534957852,STATIC,159.77556831736842,108.78104039570611,HUNCH,UPRIGHT,0.7654695960981084,UPRIGHT,False,0.09159768800954197,0.0,0.08761407876862592,535.0730895996094,331.77435278892517,10.791666666666664,0.9977014064788818,True,
23.583333333333332,566,34.06379510147425,STATIC,88.68581828012718,STATIC,86.97638777087862,STATIC,48.62900480488044,STATIC,94.33060723168148,STATIC,94.6977788315331,STATIC,137.3037789734533,STATIC,124.18683380624405,STATIC,161.28101332553408,109.42214340501576,HUNCH,UPRIGHT,0.2639383880190154,UPRIGHT,False,0.09017301465552052,0.0,0.0876190379467013,535.8742141723633,332.0037245750427,10.833333333333332,0.9976840615272522,True,
23.625,567,46.18837262931071,EXTENSION,88.87939717065429,STATIC,86.53131291910826,STATIC,48.0381033507156,STATIC,94.88008604719262,STATIC,94.35290950286235,STATIC,136.62749262230196,STATIC,117.6327843497387,FLEXION,159.5983670074976,106.11447318141643,HUNCH,UPRIGHT,0.42533997246999133,UPRIGHT,False,0.0975233929301857,0.0,0.08763819530643725,534.8621559143066,331.9948732852936,10.875,0.9976830184459686,True,
23.666666666666664,568,46.307576595337,STATIC,88.29842838680106,STATIC,86.68454784616529,STATIC,48.92779742414322,STATIC,93.65746443966232,STATIC,90.42657700831214,STATIC,135.95385529062617,STATIC,113.01191112942458,STATIC,161.2599446067761,112.25003587745087,HUNCH,UPRIGHT,0.13760614678370883,UPRIGHT,False,0.08388880916122028,0.0,0.08763095710924572,534.2134666442871,331.9773852825165,10.916666666666664,0.9976254105567932,True,
23.708333333333332,569,47.59426097894531,STATIC,90.49944089908324,STATIC,86.69796314698007,STATIC,50.1800036317891,STATIC,92.436989667016,STATIC,89.06197648473538,STATIC,135.2333625049361,STATIC,112.02149244349603,STATIC,165.68258439193608,112.59412683020902,HUNCH,UPRIGHT,1.2608728284216975,UPRIGHT,False,0.08312416259953552,0.0,0.08762227349747365,534.2225646972656,332.508248090744,10.958333333333332,0.99745312333107,True,
23.75,570,51.19643550892341,STATIC,92.58079277545365,STATIC,86.78526725836983,STATIC,51.124189888593904,STATIC,91.75300671259697,STATIC,89.85527972860059,STATIC,133.63450163289053,STATIC,113.42087397545025,STATIC,168.19257439304633,114.85958710202257,HUNCH,UPRIGHT,1.4581640508468439,UPRIGHT,False,0.07808980643994982,0.0,0.08760394183005532,534.234790802002,332.8814399242401,11.0,0.9972007274627686,True,
23.791666666666664,571,50.97085727560796,STATIC,94.21034639566027,STATIC,86.77410717646492,STATIC,50.48234689549693,STATIC,92.4774792696485,STATIC,92.04448509805263,STATIC,133.74391172140534,STATIC,116.0831847411176,STATIC,165.93097707590917,112.52964189163107,HUNCH,UPRIGHT,3.240420620235397,UPRIGHT,False,0.08326746246304206,0.0,0.08759561845315127,534.3136596679688,333.19554805755615,11.041666666666664,0.9970466196537018,True,
23.833333333333332,572,51.22342424373152,STATIC,93.08470573076914,STATIC,86.86431699741703,STATIC,50.61704286970819,STATIC,92.10018192083635,STATIC,91.6626567294388,STATIC,132.73208098920617,STATIC,115.77796850566752,STATIC,165.8871847131978,112.84613597474404,HUNCH,UPRIGHT,2.348514600357401,UPRIGHT,False,0.08256414227834656,0.0,0.08758597960990451,534.5858001708984,333.4347903728485,11.083333333333332,0.9968994557857513,True,
23.875,573,55.48778005614018,STATIC,92.31543427291568,STATIC,86.68300341651242,STATIC,50.063000168036204,STATIC,92.57944901800568,STATIC,95.080697803802,STATIC,133.0780339532928,STATIC,120.90543549301455,EXTENSION,164.85388278465922,114.18676143271377,HUNCH,UPRIGHT,1.1570069039413724,UPRIGHT,False,0.0795849745939694,0.0,0.08757068132115511,534.5450019836426,333.5524642467499,11.125,0.9967997074127197,True,
23.916666666666664,574,56.129980460249314,STATIC,87.74564428814197,STATIC,86.44639260086711,STATIC,50.02144867485647,STATIC,93.53893842898256,STATIC,96.28570057424513,STATIC,133.60173226420264,STATIC,123.1523831401851,STATIC,163.34600198609698,112.87115065742285,HUNCH,UPRIGHT,2.557932905648643,UPRIGHT,False,0.08250855409461588,0.0,0.08756102077301287,534.8391723632812,333.53124260902405,11.166666666666664,0.996801108121872,True,
23.958333333333332,575,54.635620429579156,STATIC,86.3748268624489,STATIC,86.14207289932453,STATIC,49.083871335145695,STATIC,94.36059871519204,STATIC,96.95360296806196,STATIC,134.09370778100703,STATIC,123.90632414144936,STATIC,160.10768738519266,111.51722896506308,HUNCH,UPRIGHT,3.5299762874497573,UPRIGHT,False,0.08551726896652649,0.0,0.08755712791242908,534.9474906921387,333.4724164009094,11.208333333333332,0.996859222650528,True,
24.0,576,53.95136894097022,STATIC,84.30252801469729,STATIC,85.7957097282934,STATIC,48.12524110095463,STATIC,95.20105927257387,STATIC,98.60504066105321,STATIC,134.45605320979223,STATIC,121.46134214932874,STATIC,157.0593733992137,108.83329335595116,HUNCH,UPRIGHT,4.04871005272042,UPRIGHT,False,0.09148157032010855,0.0,0.08756458882955394,534.9014282226562,333.46840381622314,11.25,0.9969388842582703,True,
24.041666666666664,577,53.270625931242314,STATIC,83.49924068912084,STATIC,85.79917263075971,STATIC,48.1747177114027,STATIC,95.42780138710084,STATIC,98.86622810307772,STATIC,133.59960515352196,STATIC,119.8987984172888,STATIC,157.58317841381495,109.09621274559613,HUNCH,UPRIGHT,5.166951249211664,UPRIGHT,False,0.09089730500978636,0.0,0.08757091276917488,534.929313659668,333.42764496803284,11.291666666666664,0.9970404207706451,True,
24.083333333333332,578,53.08916611658652,STATIC,81.97400601820416,STATIC,85.75694041726098,STATIC,47.81843173960644,STATIC,95.45823503001317,STATIC,98.48503708583843,STATIC,133.41514924039387,STATIC,121.50732940972864,STATIC,158.4618908176753,107.16915779514953,HUNCH,UPRIGHT,5.136937825164695,UPRIGHT,False,0.09517964934411216,0.0,0.08758532325511226,535.3801536560059,333.4396719932556,11.333333333333332,0.9970515072345734,True,
24.125,579,51.304963332978524,STATIC,79.300665186383,STATIC,85.71614522339314,STATIC,47.83192705613092,STATIC,95.44422163845775,STATIC,97.26284333928422,STATIC,133.47601164780366,STATIC,119.42749086771809,STATIC,160.06320770844442,108.2063474304402,HUNCH,UPRIGHT,5.633983015897562,UPRIGHT,False,0.09287478348791067,0.0,0.08759532223475837,536.3359832763672,333.426958322525,11.375,0.9970906376838684,True,
24.166666666666664,580,50.53084240016962,STATIC,76.74292751052488,STATIC,85.73494716805547,STATIC,47.20870815786674,STATIC,95.98352906024968,STATIC,97.64632442714935,STATIC,132.42303795227255,STATIC,114.1020797518072,FLEXION,160.3337569731314,107.85672797362865,HUNCH,UPRIGHT,6.510222392174608,UPRIGHT,False,0.09365171561415857,0.0,0.08760674939207799,536.9240951538086,333.4670627117157,11.416666666666664,0.9971817135810852,True,
24.208333333333332,581,49.16853183425634,STATIC,74.73414597498328,STATIC,85.54039483530701,STATIC,45.47992587034659,STATIC,98.01773444050878,STATIC,103.34283054403305,EXTENSION,133.71801691883428,STATIC,117.08625690006112,STATIC,151.7672877757189,102.95073711146142,HUNCH,UPRIGHT,6.1296692236254,UPRIGHT,False,0.10455391753008574,0.0,0.08763866496295936,536.6953468322754,332.72441267967224,11.458333333333332,0.9973109662532806,True,
24.25,582,46.83161212491191,STATIC,70.63474274262765,STATIC,85.64047003672806,STATIC,44.86894336110212,STATIC,97.23138293142931,STATIC,102.54901481557626,STATIC,134.4786273111795,STATIC,117.32722180795176,STATIC,152.90230356520036,104.02920514267221,HUNCH,UPRIGHT,173.64515806377577,LEFT_TILT,False,0.10215732190517286,0.0,0.08766595567149736,536.7864418029785,332.2301137447357,11.5,0.9974344968795776,True,
24.291666666666664,583,44.63109382240732,STATIC,70.18048942530102,STATIC,85.59879972918776,STATIC,47.09157822863096,STATIC,96.45001309642117,STATIC,96.72796148280456,FLEXION,131.78824542219294,STATIC,117.66573772601224,STATIC,158.96011464515703,111.67920197685545,HUNCH,UPRIGHT,172.29023288379278,LEFT_TILT,False,0.0851573289403212,0.0,0.08766124905474093,537.7451515197754,332.280775308609,11.541666666666664,0.9975198209285736,True,
24.333333333333332,584,46.894597469403585,STATIC,68.92148424951156,STATIC,85.70999896475853,STATIC,46.09929680315601,STATIC,96.4129275999817,STATIC,97.52389759809006,STATIC,131.434372663811,STATIC,117.39847298362139,STATIC,158.44186238760173,111.74733050049478,HUNCH,UPRIGHT,172.9744308664069,LEFT_TILT,False,0.0850059322211227,0.0,0.08765627655130719,537.6363182067871,332.07326889038086,11.583333333333332,0.9976249933242798,True,
24.375,585,47.167009118518216,STATIC,67.91117151433009,STATIC,85.7506958132965,STATIC,45.77182314652938,STATIC,96.29005750207335,STATIC,97.20903288442491,STATIC,130.7560703849093,STATIC,117.43075686333077,STATIC,158.98114349662941,106.51046994530058,HUNCH,UPRIGHT,172.69539354291211,LEFT_TILT,False,0.09664340012155426,0.0,0.08767307491312074,537.6177024841309,332.13929414749146,11.625,0.997704267501831,True,
24.416666666666664,586,46.75881635473084,STATIC,66.54795800156076,STATIC,85.99671613956097,STATIC,44.2222714414377,STATIC,96.62748924109869,STATIC,98.15529578759178,STATIC,130.23552617889123,STATIC,117.0187224839309,STATIC,158.07523660562475,105.58566760521576,HUNCH,UPRIGHT,172.88257484502435,LEFT_TILT,False,0.09869851643285388,0.0,0.08769364476670233,537.3718070983887,331.941282749176,11.666666666666664,0.9978061318397522,True,
24.458333333333332,587,47.10686565017826,STATIC,65.09441971976128,STATIC,85.97692984850653,STATIC,42.96010840228655,STATIC,96.70288419651371,STATIC,98.5859993429202,STATIC,130.0585457230852,STATIC,116.89876845261468,STATIC,156.8302615656895,108.64599900937006,HUNCH,UPRIGHT,4.87106974430583,UPRIGHT,False,0.09189777997917765,0.0,0.08770147369633449,537.3131561279297,331.5507960319519,11.708333333333332,0.9978845119476318,True,
24.5,588,46.08016269306034,STATIC,65.16021412352345,STATIC,86.00830787816552,STATIC,42.76744195131845,STATIC,96.70385413694932,STATIC,99.25461087059834,STATIC,129.5726801276798,STATIC,117.45254078073071,STATIC,156.78682803134865,106.47605422047431,HUNCH,UPRIGHT,3.3569490217038425,UPRIGHT,False,0.09671987951005707,0.0,0.08771823653241947,537.3039817810059,331.67606592178345,11.75,0.9979519844055176,True,
24.541666666666664,589,51.8783749538785,EXTENSION,66.59520648015307,STATIC,85.64225494503697,STATIC,42.01610038515102,STATIC,96.35392344927018,STATIC,99.70755722108407,STATIC,129.0700538097959,STATIC,116.46230787865855,STATIC,156.73335067185045,105.97354082900722,HUNCH,UPRIGHT,1.8705975443542289,UPRIGHT,False,0.09783657593553952,0.0,0.0877370089617388,536.4269828796387,332.33134031295776,11.791666666666664,0.9979957342147827,True,
24.583333333333332,590,50.071922439903545,STATIC,72.20611215545603,EXTENSION,85.8944431989931,STATIC,40.973232781107335,STATIC,96.49975930844602,STATIC,100.56066864002523,STATIC,128.83429670963517,STATIC,109.71317450776256,FLEXION,155.46869489301585,102.016761597235,HUNCH,UPRIGHT,1.106963431791489,UPRIGHT,False,0.1066294186728111,0.0,0.0877719949056482,534.6596717834473,332.9333031177521,11.833333333333332,0.998039722442627,True,
24.625,591,46.58527265977278,STATIC,70.45032605619527,STATIC,85.91140480266878,STATIC,41.72291892662881,STATIC,94.7181321141559,STATIC,101.9093149410835,STATIC,128.9519737016599,STATIC,113.60495899823299,STATIC,161.8617916616668,105.07730072156146,HUNCH,UPRIGHT,4.73168073715296,UPRIGHT,False,0.09982822061875234,0.0,0.08779427998090349,534.4070816040039,331.7746317386627,11.875,0.9980647563934326,True,
24.666666666666664,592,43.425284198117616,STATIC,68.78240779178394,STATIC,86.35237476622065,STATIC,50.01735025058911,EXTENSION,88.41489117830024,FLEXION,90.58731670279869,FLEXION,121.79688745999229,FLEXION,108.45252615906404,FLEXION,172.4469422646788,119.75595695674667,HUNCH,UPRIGHT,10.887094226160434,RIGHT_TILT,False,0.06720898454056294,0.0,0.08775629973101355,534.1257286071777,330.4121124744415,11.916666666666664,0.9981705248355865,True,
24.708333333333332,593,44.76681526624148,STATIC,66.73977226968442,STATIC,86.02369276934657,STATIC,50.22806424172258,STATIC,91.21445798076246,STATIC,91.03793703302493,STATIC,122.30436900263297,STATIC,112.09804562623836,STATIC,175.90553829367622,118.87954132465416,HUNCH,UPRIGHT,11.278171555966358,RIGHT_TILT,False,0.06915657483410187,0.0,0.08772204609400266,534.1825866699219,330.61482310295105,11.958333333333332,0.9981875419616699,True,
24.75,594,40.59292805507583,STATIC,67.09894421517903,STATIC,86.129381884684,STATIC,51.5554031218341,STATIC,88.10993819956042,STATIC,87.96954438979924,STATIC,120.52115484113442,STATIC,111.2887696162111,STATIC,169.83401440692506,120.99279942585206,HUNCH,UPRIGHT,12.818424729122295,RIGHT_TILT,False,0.06446044572032876,0.0,0.08767928579919812,534.8373985290527,331.40440106391907,12.0,0.9982417821884155,True,
24.791666666666664,595,40.87852698635078,STATIC,68.90439436338946,STATIC,86.2790936324529,STATIC,59.89403670785493,EXTENSION,85.18149445511317,STATIC,88.9680238260339,STATIC,118.68681260380102,STATIC,113.8463815625643,STATIC,160.57547470010218,129.39736716557334,HUNCH,UPRIGHT,164.08418083983958,LEFT_TILT,False,0.04578362852094812,0.0,0.08760241303354996,535.7798957824707,331.6714096069336,12.041666666666664,0.9983472526073456,True,
24.833333333333332,596,38.18916152696246,STATIC,69.87042247462611,STATIC,86.28539727013442,STATIC,59.392073054827875,STATIC,83.78481573478635,STATIC,89.77108336018335,STATIC,118.07718713883096,STATIC,113.50797086736242,STATIC,157.07847782638643,130.80142531808482,HUNCH,UPRIGHT,160.7895999326596,LEFT_TILT,False,0.042663499293144835,0.0,0.08752010733072871,536.1985397338867,331.6380751132965,12.083333333333332,0.9984534680843353,True,
24.875,597,39.886662237409645,STATIC,67.73362503496287,STATIC,86.09659565732908,STATIC,54.44103573837029,STATIC,84.99545778118987,STATIC,91.17924225674032,STATIC,120.01674451942938,STATIC,117.96257515097429,STATIC,160.7390861890613,128.20071199683076,HUNCH,UPRIGHT,159.33989307709524,LEFT_TILT,False,0.04844286222926497,0.0,0.08744866812579002,535.8519172668457,330.85679054260254,12.125,0.9985244870185852,True,
24.916666666666664,598,38.38498150285989,STATIC,64.72118048049639,STATIC,85.2770788871806,STATIC,42.23257249657593,FLEXION,90.44696246596868,EXTENSION,94.46389280351498,STATIC,121.49977215974698,STATIC,121.66463426323911,STATIC,174.12236676236668,119.2879677379675,HUNCH,UPRIGHT,159.82657565304362,LEFT_TILT,False,0.2349156272489611,0.0,0.08771776841616077,535.8530044555664,330.94462752342224,12.166666666666664,0.9985812902450562,True,
24.958333333333332,599,37.25623321485769,STATIC,63.60832815764501,STATIC,85.25839403956533,STATIC,41.13479725735433,STATIC,90.6666946885076,STATIC,94.33397302470772,STATIC,121.35184563779794,STATIC,123.15587099641915,STATIC,174.97367464895103,117.2424636659689,HUNCH,UPRIGHT,160.11587322199543,LEFT_TILT,False,0.07279452518673579,0.0,0.08769058582375745,535.8576011657715,331.01630687713623,12.208333333333332,0.9986316561698914,True,
25.0,600,36.87760305327803,STATIC,63.824038808983026,STATIC,85.28396633480928,STATIC,40.55187026225975,STATIC,89.53445618164058,STATIC,92.16264464337287,STATIC,119.8711620907274,STATIC,119.63684829541691,STATIC,172.81439037008053,117.40452508798745,HUNCH,UPRIGHT,159.91617956167468,LEFT_TILT,False,0.07243438869336123,0.0,0.08766284728352036,536.3999366760254,331.30159735679626,12.25,0.9986825883388519,True,
25.041666666666664,601,35.53032690993823,STATIC,62.15399155869342,STATIC,84.94924304357565,STATIC,39.6175903364636,STATIC,90.64329873716089,STATIC,93.05764982741702,STATIC,119.90742324611868,STATIC,118.74191104833154,STATIC,175.98628741122465,113.89487033025924,HUNCH,UPRIGHT,161.489354984317,LEFT_TILT,False,0.08023362148831281,0.0,0.087649364115108,536.6181755065918,331.9242238998413,12.291666666666664,0.9987178444862366,True,
25.083333333333332,602,36.05067328351309,STATIC,59.985653664662735,STATIC,84.76310430230633,STATIC,40.236657807654474,STATIC,93.53072070676252,STATIC,93.7480507047662,STATIC,120.54448440971326,STATIC,122.94091163474317,STATIC,173.37396155034773,109.88946257630292,HUNCH,UPRIGHT,163.0104283556612,LEFT_TILT,False,0.08913452760821572,0.0,0.08765205462868247,536.5225601196289,332.4204432964325,12.333333333333332,0.9987477660179138,True,
25.125,603,34.53194635046836,STATIC,63.069203391916595,STATIC,84.9118928635535,STATIC,38.45191874553585,STATIC,95.11742120810186,STATIC,95.57278291856528,STATIC,121.25035389395961,STATIC,129.69233362872663,EXTENSION,167.7419276951056,105.10380021970691,HUNCH,UPRIGHT,165.4311210908201,LEFT_TILT,False,0.09976933284509575,0.0,0.08767396652419136,536.6165161132812,332.1252179145813,12.375,0.9987688362598419,True,
25.166666666666664,604,40.77194800325169,EXTENSION,75.8872532928606,EXTENSION,84.91702623039836,STATIC,46.53589132740214,EXTENSION,90.14974634985572,STATIC,91.79289750863171,STATIC,118.32706193695282,STATIC,115.9629749826016,FLEXION,175.90656378313534,104.38131394097535,HUNCH,UPRIGHT,167.23458663670633,LEFT_TILT,False,0.10137485790894367,0.0,0.08769869737506637,535.222053527832,332.134530544281,12.416666666666664,0.998760312795639,True,
25.208333333333332,605,43.59734641265314,STATIC,95.89300094352122,EXTENSION,88.8486442999476,STATIC,87.62196683738502,EXTENSION,72.64149455183912,FLEXION,67.11566670336057,FLEXION,111.56694015346412,FLEXION,104.07849567959445,FLEXION,139.24502434660377,140.11478991844186,HUNCH,FORWARD_TILT,169.2453053115701,LEFT_TILT,False,0.045867079411009724,0.0,0.08762332509044644,534.6547889709473,333.2771837711334,12.458333333333332,0.9988062977790833,True,
25.25,606,38.94186228560611,STATIC,93.00973223390092,STATIC,86.00020628286664,STATIC,70.15661057634746,FLEXION,81.716809612534,EXTENSION,79.58247861707991,EXTENSION,112.06548737422108,STATIC,112.19443316727906,EXTENSION,157.1584527316165,123.80725251263038,HUNCH,UPRIGHT,169.96840188960041,LEFT_TILT,False,0.2248727721941547,0.0,0.08787017661401426,534.6243476867676,334.15789246559143,12.5,0.99881511926651,True,
25.291666666666664,607,42.68595772427278,STATIC,116.87213877302459,EXTENSION,86.69267690180882,STATIC,81.46332225784087,EXTENSION,79.690088548654,STATIC,76.97497129333722,STATIC,108.90208661519594,STATIC,109.88880902330276,STATIC,154.8092310045813,123.55615309444553,HUNCH,UPRIGHT,168.8583603220411,LEFT_TILT,False,0.05876410423456546,0.0,0.08781792154690574,534.0110397338867,331.9755291938782,12.541666666666664,0.9988285899162292,True,
25.333333333333332,608,42.21236589782761,STATIC,116.54150336677158,STATIC,85.72297919050338,STATIC,63.2942627627617,FLEXION,84.4214836702648,STATIC,83.2847123841997,EXTENSION,111.92974223566698,STATIC,116.24758504043437,EXTENSION,165.4735943281161,112.61073872586363,HUNCH,UPRIGHT,10.49872585236445,RIGHT_TILT,False,0.2497539139425253,0.0,0.08810812941858248,533.8806915283203,330.2869498729706,12.583333333333332,0.99879190325737,True,
25.375,609,39.98493484065285,STATIC,116.68704678168085,STATIC,84.7976283510478,STATIC,51.00894922367675,FLEXION,95.20204590864333,EXTENSION,89.5012416240866,EXTENSION,121.52754514325672,EXTENSION,121.88260557776645,EXTENSION,170.71456854135457,93.10744725081271,HUNCH,UPRIGHT,6.421146747407842,UPRIGHT,False,0.29309456166486064,0.0,0.08847483144406777,535.0265884399414,330.78195691108704,12.625,0.9987620413303375,True,
25.416666666666664,610,21.53089903747492,FLEXION,128.85017855806518,EXTENSION,86.01163851989273,STATIC,58.059044703659175,EXTENSION,91.2920589706426,STATIC,90.94381955042124,STATIC,120.68361283662604,STATIC,128.73180741603576,EXTENSION,177.62059427182345,100.68782555348217,HUNCH,UPRIGHT,5.0197044280517265,UPRIGHT,False,0.10958260988115072,0.0,0.08851252390556257,541.1816024780273,330.0472569465637,12.666666666666664,0.9987946450710297,True,
25.458333333333332,611,31.087943045354077,EXTENSION,129.34424496041387,STATIC,85.46540177906724,STATIC,56.054534819947534,STATIC,93.72618673881294,STATIC,92.50543083816548,STATIC,121.76661224475424,STATIC,136.0078843739117,EXTENSION,173.75168897327202,97.13432185909213,HUNCH,UPRIGHT,3.2278326816990277,UPRIGHT,False,0.11747928475757304,0.0,0.08856415806037897,540.9107398986816,329.2587411403656,12.708333333333332,0.9988502860069275,True,
25.5,612,25.244292372850477,FLEXION,126.07390270800114,STATIC,86.01380416939466,STATIC,51.46082176519883,STATIC,96.61967324063738,STATIC,96.0422762004459,STATIC,125.07443670715897,STATIC,133.69055893058336,STATIC,168.90467154110965,96.1198974446002,HUNCH,UPRIGHT,3.1508595621739754,UPRIGHT,False,0.11973356123422178,0.0,0.08861961963186267,542.2586059570312,328.9538383483887,12.75,0.9988873302936554,True,
25.541666666666664,613,28.563623616849785,STATIC,118.19260376337138,FLEXION,85.35697800408379,STATIC,52.73361134485163,STATIC,96.4797428071322,STATIC,96.65248931259592,STATIC,127.40018786449006,STATIC,131.2595246171369,STATIC,170.81958674955658,109.28638172125434,HUNCH,UPRIGHT,5.923536881510412,UPRIGHT,False,0.09047470728610145,0.0,0.08862291463657712,543.5298347473145,329.340398311615,12.791666666666664,0.9989089071750641,True,
25.583333333333332,614,23.75714671021817,STATIC,101.4651431195192,FLEXION,85.91677717002743,STATIC,64.80749617381659,EXTENSION,87.39797577934888,FLEXION,87.33746560947257,FLEXION,121.14372047672846,FLEXION,122.417667949275,FLEXION,159.20881072687843,128.4942707107469,HUNCH,UPRIGHT,166.8075417526334,LEFT_TILT,False,0.047790509531673596,0.0,0.08855051675518545,543.1825256347656,330.66322088241577,12.833333333333332,0.9989378750324249,True,
25.625,615,15.554588162305429,FLEXION,105.2350373126659,STATIC,85.70390788022407,STATIC,64.86165900680771,STATIC,88.75160796170151,STATIC,89.30791471308717,STATIC,119.73293367758043,STATIC,119.68463710198039,STATIC,167.04566319797806,123.70632890215235,HUNCH,UPRIGHT,166.85238590281503,LEFT_TILT,False,0.058430380217439216,0.0,0.08849720677901245,545.0637054443359,334.3673086166382,12.875,0.9989390671253204,True,
25.666666666666664,616,22.242892106040152,EXTENSION,105.66525146217856,STATIC,86.51657778759183,STATIC,44.418892170710194,FLEXION,98.5243861278657,EXTENSION,100.53439283999421,EXTENSION,127.05554218384545,EXTENSION,130.83462651456202,EXTENSION,161.08097752552573,106.55730476077409,HUNCH,UPRIGHT,7.153612756055323,UPRIGHT,False,0.26320598942050205,0.0,0.08880587953986313,547.6079559326172,326.8279731273651,12.916666666666664,0.9989660680294037,True,
25.708333333333332,617,31.678539560672373,EXTENSION,124.7214729317603,EXTENSION,86.41909317373397,STATIC,72.55227115353874,EXTENSION,86.39787256329365,FLEXION,85.16327309352121,FLEXION,119.76312957187659,FLEXION,113.66270234162755,FLEXION,157.59396208421106,129.73673390040844,HUNCH,UPRIGHT,6.910820283889963,UPRIGHT,False,0.04502948022131459,0.0,0.08872867248639127,548.3711051940918,327.37767577171326,12.958333333333332,0.9989952147006989,True,
25.75,618,27.963143999727446,STATIC,122.10798287907565,STATIC,86.0177726382132,STATIC,62.39703685887188,FLEXION,90.230789211874,STATIC,90.0501431655434,STATIC,118.45768765886125,STATIC,115.45808984949575,STATIC,167.18890200727304,127.72666502058608,HUNCH,UPRIGHT,6.445133772924796,UPRIGHT,False,0.21616296662091983,0.0,0.08895302863803657,548.3049392700195,327.4644720554352,13.0,0.998958170413971,True,
25.791666666666664,619,24.561163765371557,STATIC,122.05575720953317,STATIC,86.006305495047,STATIC,58.93514301406098,STATIC,98.58725093213815,EXTENSION,101.77137292183453,EXTENSION,122.06939945222977,STATIC,128.1426756415416,EXTENSION,164.85947397220355,117.77959484198679,HUNCH,UPRIGHT,4.499131099086414,UPRIGHT,False,0.07160090035114046,0.0,0.08892253280624941,548.4807395935059,327.02913880348206,13.041666666666664,0.9989961087703705,True,
25.833333333333332,620,7.906524891290181,FLEXION,134.11329000346146,EXTENSION,84.7697634507978,STATIC,73.5397538908006,EXTENSION,84.68200091898609,FLEXION,86.41916613832375,FLEXION,115.50677523811247,FLEXION,116.2550449304849,FLEXION,145.4363155213399,141.07695417293596,HUNCH,FORWARD_TILT,165.62775056197182,LEFT_TILT,False,0.02997051179049807,0.0,0.08881910820797616,547.9623222351074,325.6892144680023,13.083333333333332,0.9989818036556244,True,
25.916666666666664,622,42.549051450846164,EXTENSION,99.72300626678162,FLEXION,84.96902810549993,STATIC,62.51288110328912,FLEXION,84.1868225904288,STATIC,80.27729431655399,FLEXION,100.85280994689441,FLEXION,91.92774757582136,FLEXION,168.93186140663127,125.37364131454888,HUNCH,UPRIGHT,157.346556134174,LEFT_TILT,False,0.22139190818989138,0.0,0.08905128474034378,541.3201332092285,361.73266410827637,0.0,0.9990566968917847,False,
25.958333333333332,623,26.360425100697903,FLEXION,120.88620415462329,EXTENSION,86.15602118489224,STATIC,56.622317095400334,FLEXION,88.4046390627067,STATIC,78.81591071837484,STATIC,110.84028149544989,EXTENSION,97.6330952792249,EXTENSION,176.90833548448083,123.00337950894016,HUNCH,UPRIGHT,162.263828725438,LEFT_TILT,False,0.22665915664679967,0.0,0.08929185794297745,547.9067039489746,358.7301456928253,0.04166666666666785,0.998932957649231,False,
26.0,624,25.881164147818097,STATIC,116.94932330400701,STATIC,86.59971418753773,STATIC,53.701354907776675,STATIC,94.96258345934665,EXTENSION,82.6297819516182,STATIC,113.4957474869406,STATIC,99.73900831281024,STATIC,159.3172202275487,123.79263348132335,HUNCH,UPRIGHT,179.21715231260842,RIGHT_TILT,False,0.05823859226372589,0.0,0.08923766376203635,550.758228302002,352.8847539424896,0.0833333333333357,0.9989235401153564,False,
26.041666666666664,625,38.8460582813888,EXTENSION,117.56876522611526,STATIC,83.41156753781655,STATIC,49.43627162798351,STATIC,98.42369026248372,STATIC,94.04028553642931,EXTENSION,119.10188994970524,EXTENSION,106.0685963043836,EXTENSION,140.5090338413905,99.56307875694232,HUNCH,FORWARD_TILT,168.22606188342067,RIGHT_TILT,False,0.13317308311481593,0.0,0.0893142063044628,550.084171295166,351.4931809902191,0.125,0.9990111291408539,False,
26.083333333333332,626,23.66457557294976,FLEXION,115.94381043800334,STATIC,85.96980345638899,STATIC,54.55361120563556,EXTENSION,96.66286807662532,STATIC,88.50538496950222,FLEXION,118.51549022447229,STATIC,101.81760288258869,STATIC,158.96088246134698,113.24938388943218,HUNCH,UPRIGHT,176.99847820905484,RIGHT_TILT,False,0.0816680358012618,0.0,0.08930090861663115,551.3713073730469,343.35525155067444,0.16666666666666785,0.9990635812282562,False,
26.125,627,30.819809493501268,EXTENSION,123.67406086963463,EXTENSION,85.73356262895321,STATIC,55.47182789739895,STATIC,94.43277134159548,STATIC,82.04529280406881,FLEXION,110.65586455743895,FLEXION,92.59092238182342,FLEXION,164.5576718036144,113.31740496165628,HUNCH,UPRIGHT,178.32239798715042,LEFT_TILT,False,0.08151687786298605,0.0,0.08928739467435051,550.2880668640137,345.56970477104187,0.2083333333333357,0.9990575313568115,False,
26.166666666666664,628,32.40126909043194,STATIC,107.16262616066298,FLEXION,84.55945752874136,STATIC,51.52416702395744,STATIC,95.09148912799884,STATIC,85.39299138719278,STATIC,111.41694122558114,STATIC,93.4614621984662,STATIC,159.01325003197312,109.70734060456297,HUNCH,UPRIGHT,2.895040478886415,UPRIGHT,False,0.08953924310097117,0.0,0.08928783115342612,551.8929100036621,347.31903076171875,0.25,0.9990737438201904,False,
26.208333333333332,629,33.4472719313725,STATIC,106.62478135966794,STATIC,84.73506023007349,STATIC,54.92540999109377,STATIC,94.79261484062565,STATIC,91.85203328675976,EXTENSION,111.1876255345477,STATIC,100.83217379573783,EXTENSION,157.65961626424857,103.61309633749481,HUNCH,UPRIGHT,2.5438479281084154,UPRIGHT,False,0.10308200813890041,0.0,0.08931169651153247,552.2869300842285,348.0924940109253,0.29166666666666785,0.9991194903850555,False,
26.25,630,40.740773676007635,EXTENSION,109.85880647678287,STATIC,84.25364228957312,STATIC,56.24409724580425,STATIC,94.2592761230481,STATIC,88.55054290061116,STATIC,112.49934883921907,STATIC,94.86887756562847,FLEXION,160.87255108084923,106.4950264694781,HUNCH,UPRIGHT,7.668611633404613,UPRIGHT,False,0.09667771895671533,0.0,0.08932441848466749,553.085823059082,356.50675535202026,0.3333333333333357,0.9991607964038849,False,
26.291666666666664,631,31.26731524943961,FLEXION,105.17395914852543,STATIC,85.4452623039529,STATIC,62.99212799112281,EXTENSION,88.79545796006563,FLEXION,80.68749378716704,FLEXION,112.50430554311659,STATIC,92.67433231965585,STATIC,170.90736287021923,129.93284664954527,HUNCH,UPRIGHT,163.436470782738,LEFT_TILT,False,0.04459367411212164,0.0,0.08924729651161138,552.4468612670898,349.22072768211365,0.375,0.998982846736908,False,
26.333333333333332,632,28.987235854137342,STATIC,102.45732814666405,STATIC,85.00819279862093,STATIC,59.482025921047395,STATIC,91.48045457695297,STATIC,82.67457643483701,STATIC,115.47338754047797,STATIC,92.33129068320262,STATIC,177.3192067783483,120.94293188230436,HUNCH,UPRIGHT,13.807685737448065,RIGHT_TILT,False,0.06457126248376806,0.0,0.08920482485235519,552.0314598083496,345.1014018058777,0.41666666666666785,0.9989848732948303,False,
26.375,633,30.34735700718544,STATIC,96.62489876270513,FLEXION,84.99978720041173,STATIC,55.52938521045745,STATIC,90.5361763569789,STATIC,86.86696279760508,STATIC,113.37299143511515,STATIC,97.11176168143398,STATIC,177.6785406941799,136.28581504514497,HUNCH,UPRIGHT,171.2551061376606,LEFT_TILT,False,0.03047596656634451,0.0,0.08910391616114212,553.578987121582,338.9199936389923,0.4583333333333357,0.9989677369594574,False,
26.416666666666664,634,32.943683215562345,STATIC,118.41615863380589,EXTENSION,85.88797326347442,STATIC,79.32103618973903,EXTENSION,83.20964140993526,FLEXION,78.4527635202997,FLEXION,104.30823827909295,FLEXION,87.4150612557806,FLEXION,156.57416734980958,130.75477663306248,HUNCH,UPRIGHT,10.553653262110615,RIGHT_TILT,False,0.042767163037638944,0.0,0.0890244363101584,550.5007934570312,336.0088527202606,0.5,0.9989472925662994,False,
26.458333333333332,635,34.46026399065512,STATIC,120.79340398019933,STATIC,84.84290956569329,STATIC,55.344357110523504,FLEXION,93.78625375829748,EXTENSION,91.79303210327116,EXTENSION,117.80961533472524,EXTENSION,95.37210353076249,EXTENSION,168.47368677282307,110.64929144450332,HUNCH,UPRIGHT,2.535869957045553,UPRIGHT,False,0.2541126856788815,0.0,0.0893071216686665,550.0615692138672,335.73131918907166,0.5416666666666679,0.9989263713359833,False,
26.5,636,39.40447786419587,STATIC,110.04268394095728,FLEXION,85.23151543030248,STATIC,55.816643707092865,STATIC,91.72827120664806,STATIC,87.68098426618424,STATIC,116.33058660482503,STATIC,94.2690056486763,STATIC,173.59463857845552,106.00557176720199,HUNCH,UPRIGHT,3.842156196530498,UPRIGHT,False,0.09776539607288448,0.0,0.08932158025739166,549.6751022338867,331.47326946258545,0.5833333333333357,0.9988623559474945,False,
26.541666666666664,637,35.855241533122744,STATIC,113.13678503858686,STATIC,84.67573321088398,STATIC,43.40996739676421,FLEXION,106.65708352723814,EXTENSION,110.78325800150238,EXTENSION,131.37900489474853,EXTENSION,110.87614489741755,EXTENSION,130.7959668251669,83.0118684506139,HUNCH,FORWARD_TILT,170.67622956282352,RIGHT_TILT,False,0.3582048104982649,0.0,0.08978042536019178,549.7866821289062,331.25086069107056,0.625,0.9987505376338959,False,
26.583333333333332,638,43.32909979527252,EXTENSION,99.57884894316255,FLEXION,84.19731387878794,STATIC,50.113632607280614,EXTENSION,101.17509652433841,FLEXION,95.96410585177493,FLEXION,121.70231354225936,FLEXION,92.72412737260679,FLEXION,153.2515584192244,89.99875720479682,HUNCH,UPRIGHT,0.4498823160018492,UPRIGHT,False,0.13333609510045152,0.0,0.08985462581971523,545.8114051818848,329.65904474258423,0.6666666666666679,0.9986456334590912,False,
26.625,639,40.17826978537155,STATIC,98.12731125817594,STATIC,84.5973499267161,STATIC,50.63308598060726,STATIC,99.5694238673483,STATIC,94.26996079755405,STATIC,121.94921512824108,STATIC,93.74176180689007,STATIC,157.60137407127604,100.76916483191083,HUNCH,UPRIGHT,0.3452429557514342,UPRIGHT,False,0.10940185592908706,0.0,0.08988786940833661,543.7246131896973,331.64228081703186,0.7083333333333357,0.9985368549823761,False,
26.666666666666664,640,36.635898623112595,STATIC,99.94217163989958,STATIC,86.14934191770757,STATIC,60.7334166924778,EXTENSION,88.66394690031021,FLEXION,81.61189738611311,FLEXION,118.80277356492904,STATIC,93.30433173352057,STATIC,167.1383775856776,124.4139814928174,HUNCH,UPRIGHT,2.8653830026672136,UPRIGHT,False,0.056857818904850234,0.0,0.08983179122412016,544.3042373657227,330.03090620040894,0.75,0.998576432466507,False,
26.708333333333332,641,39.34045240756689,STATIC,99.54222152428888,STATIC,85.69812744146556,STATIC,56.88814657163973,STATIC,91.64252671589651,STATIC,86.36448287480486,STATIC,121.5743124768227,STATIC,101.08826084903086,EXTENSION,176.88567521412767,116.8573838393358,HUNCH,UPRIGHT,3.1246734952072255,UPRIGHT,False,0.07365025813480934,0.0,0.08980436489685015,544.646167755127,329.4692838191986,0.7916666666666679,0.9985021352767944,False,
26.75,642,35.391110019498576,STATIC,99.42288863208675,STATIC,85.89319458290805,STATIC,58.957775687087775,STATIC,90.36551097831331,STATIC,84.84215787014237,STATIC,120.25508778165059,STATIC,102.15239844703116,STATIC,171.87207076474482,122.53447109843155,HUNCH,UPRIGHT,4.7110691119747505,UPRIGHT,False,0.06103450867015211,0.0,0.08975568493707571,545.6838417053223,329.36240315437317,0.8333333333333357,0.9984468221664429,False,
26.791666666666664,643,44.98991442649554,EXTENSION,97.98186246325096,STATIC,85.82590850652733,STATIC,57.085554640713795,STATIC,91.34084711517032,STATIC,88.92722606876013,STATIC,115.03351473925261,FLEXION,98.59214084985832,STATIC,176.84249523720746,115.4680130675348,HUNCH,UPRIGHT,4.70908235994669,UPRIGHT,False,0.07673774873881156,0.0,0.08973369517998404,546.8329238891602,329.95601892471313,0.875,0.9984903335571289,False,
26.833333333333332,644,41.22525593486914,STATIC,97.43760030643045,STATIC,85.90462823839756,STATIC,56.04384061772583,STATIC,90.67894249209156,STATIC,85.95596746008506,STATIC,115.25443449257666,STATIC,101.1381969863884,STATIC,174.02795582135028,116.91490592208375,HUNCH,UPRIGHT,5.413226690582085,UPRIGHT,False,0.07352243128425835,0.0,0.0897063574668378,547.5543594360352,329.81719851493835,0.9166666666666679,0.9984931647777557,False,
26.875,645,47.52548520866598,EXTENSION,100.10516743241521,STATIC,85.90978858213977,STATIC,53.39241060871109,STATIC,91.66047037246989,STATIC,86.3207122987686,STATIC,118.26632157094146,STATIC,104.23212768331668,STATIC,176.11580996042923,119.27872626984326,HUNCH,UPRIGHT,5.059878335173561,UPRIGHT,False,0.0682694971781261,0.0,0.08967026847645278,547.5368118286133,330.1958727836609,0.9583333333333357,0.9983703792095184,False,
26.916666666666664,646,51.15197973013342,STATIC,103.18147210932324,STATIC,85.84730387470877,STATIC,47.7522604118853,FLEXION,95.20104246350888,STATIC,93.14416027630689,EXTENSION,122.00105900136839,STATIC,105.24847187466956,STATIC,169.74270390527502,99.68609029376414,HUNCH,UPRIGHT,3.8966062660088854,UPRIGHT,False,0.2784753549027464,0.0,0.08998758794943813,545.6629753112793,330.5526387691498,1.0,0.9981769323348999,False,
26.958333333333332,647,50.342774964537774,STATIC,106.24393284061759,STATIC,86.01612179731181,STATIC,51.96604042909133,STATIC,91.47121086611457,STATIC,89.5329847946621,STATIC,116.6147560822994,FLEXION,101.56440821651333,STATIC,178.65299640417854,114.10628066474037,HUNCH,UPRIGHT,3.1133374858711247,UPRIGHT,False,0.07976382074502142,0.0,0.08997043397761864,547.6534271240234,330.21783471107483,1.0416666666666679,0.9981747269630432,False,
27.0,648,55.5240385300764,EXTENSION,110.77644650767063,STATIC,87.88061895076355,STATIC,76.15003219751237,EXTENSION,79.09962897158739,FLEXION,77.69345417722096,FLEXION,112.05897035260327,STATIC,92.54510675619576,FLEXION,141.65657234922298,142.40103164618466,HUNCH,FORWARD_TILT,4.610451700444965,UPRIGHT,False,0.0354275466768719,0.0,0.08987907235734939,546.7088317871094,329.59089517593384,1.0833333333333357,0.9981690347194672,False,
27.041666666666664,649,54.709133951025294,STATIC,105.08268176061749,FLEXION,86.40088419160101,STATIC,68.94172878385365,FLEXION,84.90503921089955,EXTENSION,79.35686312435072,STATIC,118.62970364139915,EXTENSION,94.43207019692976,STATIC,153.71629663517749,134.11447483539303,HUNCH,UPRIGHT,5.360186832060617,UPRIGHT,False,0.2019678336991266,0.0,0.09006651175758648,546.6757583618164,329.9844825267792,1.125,0.9981792271137238,False,
27.083333333333332,650,53.80043628230609,STATIC,105.79052396660566,STATIC,86.61072543307513,STATIC,77.65187352757444,EXTENSION,83.04845539308013,STATIC,76.62326059709912,STATIC,120.12498913599168,STATIC,92.09680352985792,STATIC,147.1897638658204,140.13759773748828,HUNCH,FORWARD_TILT,6.175211167556256,UPRIGHT,False,0.02816141865931406,0.0,0.08996316435675464,546.6832542419434,330.3053605556488,1.1666666666666679,0.9981858432292938,False,
27.125,651,55.882607431478064,STATIC,99.9255464254186,FLEXION,86.37790285135304,STATIC,69.91017647621204,FLEXION,83.41317943518186,STATIC,77.34590115859639,STATIC,115.0160428892971,FLEXION,91.28598490496476,STATIC,152.5464300135322,136.01564740997972,HUNCH,UPRIGHT,6.695254773974473,UPRIGHT,False,0.19774300575560064,0.0,0.09014279742575271,546.7722129821777,330.52595615386963,1.2083333333333357,0.9982247948646545,False,
27.166666666666664,652,57.33185465473367,STATIC,97.7869880552208,STATIC,86.32402929746455,STATIC,69.23103819747324,STATIC,83.96593706444936,STATIC,77.42718515841864,STATIC,118.59606344425892,STATIC,93.1329077698818,STATIC,155.1025940114762,134.0011125579287,HUNCH,UPRIGHT,6.944360041776193,UPRIGHT,False,0.035553083204602855,0.0,0.09005196595450288,546.5478324890137,330.86703658103943,1.25,0.9982340633869171,False,
27.208333333333332,653,58.37549486493532,STATIC,93.7343102585665,STATIC,86.27308438333762,STATIC,69.8537261476188,STATIC,84.95951968948448,STATIC,78.97184050584282,STATIC,120.2317847843692,STATIC,94.63184851379019,STATIC,158.27388391141398,132.42318683099586,HUNCH,UPRIGHT,7.046226287702374,UPRIGHT,False,0.03905958482000919,0.0,0.08996726100245223,546.5517807006836,330.93910217285156,1.2916666666666679,0.9982187151908875,False,
27.25,654,60.22216485957378,STATIC,96.71828344624384,STATIC,85.59211512012158,STATIC,56.65959254986644,FLEXION,89.10463298207529,STATIC,83.24102925098505,STATIC,123.3678194246547,STATIC,95.76631549964534,STATIC,171.91091759156006,121.57633376374342,HUNCH,UPRIGHT,6.062111976181765,UPRIGHT,False,0.22983036941390353,0.0,0.09019920645587089,546.3980484008789,330.7979643344879,1.3333333333333357,0.9981851875782013,False,
27.291666666666664,655,60.93457732754587,STATIC,94.57968657050137,STATIC,85.04865061536417,STATIC,49.958510502747686,FLEXION,92.88762638481319,STATIC,87.9071273346991,STATIC,125.18946909288198,STATIC,99.82682864872099,STATIC,174.05767644663376,114.20269821949955,HUNCH,UPRIGHT,4.041924950783315,UPRIGHT,False,0.24621622617888986,0.0,0.09045751277991562,546.7346954345703,331.53045415878296,1.375,0.9981498420238495,False,
27.333333333333332,656,62.72259358520307,STATIC,97.97019994788089,STATIC,86.01603891352995,STATIC,62.74349607581353,EXTENSION,87.12705319236385,FLEXION,82.93089645905083,STATIC,121.42359636105448,STATIC,94.52899250629332,FLEXION,164.9851787989296,129.61288371637815,HUNCH,UPRIGHT,3.281852605038896,UPRIGHT,False,0.045304702852492995,0.0,0.09038288003623392,547.7433395385742,333.14659237861633,1.4166666666666679,0.9981768429279327,False,
27.375,657,54.315643809154544,FLEXION,93.1833016670541,STATIC,85.71530192854343,STATIC,61.895693859117166,STATIC,87.74665835039656,STATIC,82.51148080727766,STATIC,123.59413848698462,STATIC,96.48783130797852,STATIC,162.05077097643394,130.70525881033063,HUNCH,UPRIGHT,5.347944489495035,UPRIGHT,False,0.04287720264370972,0.0,0.09030448782931556,547.2890281677246,332.87586092948914,1.4583333333333357,0.9981374442577362,False,
27.416666666666664,658,44.62892713461917,FLEXION,90.55748585187231,STATIC,85.35453599634764,STATIC,58.99562721936211,STATIC,88.20015961952312,STATIC,83.78869472640456,STATIC,124.11839120966867,STATIC,99.3830621130539,STATIC,162.09151644740453,130.14061557928378,HUNCH,UPRIGHT,7.956942790088365,UPRIGHT,False,0.0441319653793694,0.0,0.09022842107074894,549.2826843261719,333.08349609375,1.5,0.9981100559234619,False,
27.458333333333332,659,33.22002059386078,FLEXION,93.87144634710778,STATIC,84.41748940094283,STATIC,68.36341426260965,EXTENSION,87.96681801104437,STATIC,83.79420909927755,STATIC,123.31358732801384,STATIC,98.36753505159706,STATIC,146.7361986484897,141.07544496257654,HUNCH,FORWARD_TILT,162.30558987348994,LEFT_TILT,False,0.027085236419852794,0.0,0.09012456714862575,552.1615982055664,334.3970596790314,1.5416666666666679,0.9980445802211761,False,
27.5,660,23.775601410374033,FLEXION,92.01161272419296,STATIC,83.61412201008031,STATIC,66.51800254279064,STATIC,87.08442839059839,STATIC,83.94187263558732,STATIC,121.42170203230094,STATIC,96.1979568199781,STATIC,143.92659889950474,141.15522337845792,HUNCH,FORWARD_TILT,156.85093107387513,LEFT_TILT,False,0.03315150604897188,0.0,0.09003101532415998,553.6999130249023,334.4196116924286,1.5833333333333357,0.9979694187641144,False,
27.541666666666664,661,64.33456077370975,EXTENSION,86.43742388293452,FLEXION,85.03971022444394,STATIC,57.597699526774285,FLEXION,90.24620527225603,STATIC,84.21056438019437,STATIC,118.02683099855112,STATIC,95.33099366586347,STATIC,165.4556751970168,126.58205844070764,HUNCH,UPRIGHT,162.11756038550675,LEFT_TILT,False,0.21870653679842747,0.0,0.09024195880198665,553.1317329406738,333.8243329524994,1.625,0.9979983866214752,False,
27.583333333333332,662,62.157632553835676,STATIC,83.32441884994034,STATIC,85.2099846883892,STATIC,59.36126664031953,STATIC,89.19544356754099,STATIC,83.39263812906381,STATIC,116.79555526143812,STATIC,94.36023916781262,STATIC,163.73264741316524,126.52309489277934,HUNCH,UPRIGHT,163.94737158120535,LEFT_TILT,False,0.05217090023826813,0.0,0.09017964937716878,553.2303810119629,334.0832197666168,1.6666666666666679,0.9980330169200897,False,
27.625,663,61.09048984521086,STATIC,87.09850744886407,STATIC,85.41364657586995,STATIC,65.58145288994294,EXTENSION,88.46344676826254,STATIC,81.8197181129647,STATIC,114.20066124833997,STATIC,92.86560419989452,STATIC,160.76911569635527,129.475142707221,HUNCH,UPRIGHT,165.17550366346637,LEFT_TILT,False,0.045610793983953325,0.0,0.09010682445005568,553.3116340637207,334.14982438087463,1.7083333333333357,0.9980502426624298,False,
27.666666666666664,664,60.15601664208958,STATIC,84.05947443837641,STATIC,85.32950664386834,STATIC,62.74108024628086,STATIC,89.86109523480562,STATIC,82.38924040541097,STATIC,114.74726716222986,STATIC,94.42252480237813,STATIC,165.03452072840682,128.41668957648503,HUNCH,UPRIGHT,166.4711977460339,LEFT_TILT,False,0.04796291205225548,0.0,0.09003807418513268,552.888298034668,334.20748114585876,1.75,0.9979993402957916,False,
27.708333333333332,665,43.959221939259834,FLEXION,82.84406483215469,STATIC,85.18111876582043,STATIC,62.38886390643289,STATIC,89.7124467628058,STATIC,82.96067074595715,STATIC,114.42007943027865,STATIC,95.9166582716584,STATIC,163.4608996871274,128.73288885373248,HUNCH,UPRIGHT,166.31775210626773,LEFT_TILT,False,0.04726024699170561,0.0,0.08996840345680462,552.7218437194824,334.9167537689209,1.7916666666666679,0.9979941844940186,False,
27.75,666,33.42872613249448,FLEXION,82.48535966826626,STATIC,84.83874985944206,STATIC,61.50849627057009,STATIC,89.10045823003061,STATIC,84.38394028704884,STATIC,113.29978280167052,STATIC,97.04649944548207,STATIC,159.21830544165982,131.0495776553637,HUNCH,UPRIGHT,167.40143531508153,LEFT_TILT,False,0.04211204965474735,0.0,0.08989058824737038,552.8091430664062,335.8630049228668,1.8333333333333357,0.9980455040931702,False,
27.791666666666664,667,59.010065279725495,EXTENSION,77.0944488409892,FLEXION,85.22783891305097,STATIC,55.45959130922902,FLEXION,91.02454222470156,STATIC,85.35721731352098,STATIC,113.14442653621035,STATIC,96.6339646574969,STATIC,170.6635745727136,127.60656263309248,HUNCH,UPRIGHT,168.38619503793868,LEFT_TILT,False,0.21642986081535007,0.0,0.09009600914439633,553.0666923522949,335.4892122745514,1.875,0.9980703294277191,False,
27.833333333333332,668,51.11686012159454,FLEXION,75.37864738910194,STATIC,85.28614592657287,STATIC,55.54628310153927,STATIC,90.92901586114158,STATIC,84.88971179770088,STATIC,114.35980390120667,STATIC,97.29633233092919,STATIC,169.6657334250637,128.803581196285,HUNCH,UPRIGHT,166.81208298595863,LEFT_TILT,False,0.04710315289714447,0.0,0.09002632866425492,554.1885757446289,335.296972990036,1.9166666666666679,0.9980136156082153,False,
27.875,669,39.82464333258363,FLEXION,75.439732478936,STATIC,85.31604572710373,STATIC,57.56820432986454,STATIC,89.94605278058197,STATIC,82.62112201247399,STATIC,114.51899689628034,STATIC,94.46761128140643,STATIC,167.0400439125636,129.38445299488185,HUNCH,UPRIGHT,169.78948011262173,LEFT_TILT,False,0.045812326678040326,0.0,0.08995478497172059,554.0812873840332,335.84424018859863,1.9583333333333357,0.9980248212814331,False,
27.916666666666664,670,53.38754993389235,EXTENSION,79.58745270802427,STATIC,85.3245951638543,STATIC,63.352338375533776,EXTENSION,87.79978727001948,STATIC,81.80180433982015,STATIC,112.56168989817625,STATIC,95.05165562026761,STATIC,161.8807612984617,130.14096391444033,HUNCH,UPRIGHT,8.54706955218123,UPRIGHT,False,0.04413119130124369,0.0,0.08988075654898961,554.3794059753418,336.1230182647705,2.0,0.998022049665451,False,
27.958333333333332,671,50.26799974140195,STATIC,76.77989645591992,STATIC,85.28283527139362,STATIC,62.05190003787457,STATIC,86.85637916677673,STATIC,81.36218014204476,STATIC,110.63177944972354,STATIC,93.20321533359412,STATIC,158.37251907897414,132.48210454147477,HUNCH,UPRIGHT,170.82524648559715,LEFT_TILT,False,0.03892865657450051,0.0,0.08979857574257914,554.5588684082031,336.15495800971985,2.041666666666668,0.9980823993682861,False,
28.0,672,43.9158441780249,FLEXION,76.20097221254545,STATIC,85.19449631025257,STATIC,59.973391378450685,STATIC,86.6190056667318,STATIC,82.18890732176072,STATIC,108.99532184925764,STATIC,91.21258662157616,STATIC,158.23151464445073,132.08518098248933,HUNCH,UPRIGHT,170.51760743684966,LEFT_TILT,False,0.039810708927801475,0.0,0.08971807998281299,554.7019577026367,336.0786759853363,2.0833333333333357,0.9981703758239746,False,
28.041666666666664,673,31.420392508000113,FLEXION,77.42554655701781,STATIC,85.32770410857705,STATIC,57.93920683994769,STATIC,87.74803043803122,STATIC,83.91530009842731,STATIC,113.1288200768267,STATIC,93.24799571297132,STATIC,165.62784869060383,125.84915978985197,HUNCH,UPRIGHT,169.94504803995582,LEFT_TILT,False,0.05366853380032895,0.0,0.08966012251306624,554.5244598388672,335.70435762405396,2.125,0.9982048869132996,False,
28.083333333333332,674,41.6318487937986,EXTENSION,75.77487123140627,STATIC,85.50925900919488,STATIC,57.75193727938265,STATIC,87.43211785728285,STATIC,83.89395135929378,STATIC,112.00064170656093,STATIC,92.81675334577939,STATIC,166.831378007874,125.2833683305872,HUNCH,UPRIGHT,169.50195135446904,LEFT_TILT,False,0.05492584815425069,0.0,0.08960436926369413,554.0940284729004,335.5167746543884,2.166666666666668,0.9982655346393585,False,
28.125,675,33.70411983062773,FLEXION,75.13831922698846,STATIC,85.54593567485924,STATIC,57.8148250834284,STATIC,87.74768222994304,STATIC,84.03519039978767,STATIC,113.26903215779356,STATIC,92.54507092470506,STATIC,167.41787796730372,125.63992589248757,HUNCH,UPRIGHT,168.9931298647179,LEFT_TILT,False,0.05413349801669428,0.0,0.08954752491874703,553.8957977294922,335.34101486206055,2.2083333333333357,0.9982932806015015,False,
28.166666666666664,676,30.70812214146774,STATIC,74.05916536101346,STATIC,85.51385588277684,STATIC,58.969646238414384,STATIC,87.71142505246891,STATIC,83.41470704948004,STATIC,114.17514003347344,STATIC,92.0553764591056,STATIC,166.29283195769733,127.11368154214341,HUNCH,UPRIGHT,168.24671146307747,LEFT_TILT,False,0.050858485461903524,0.0,0.08948562245561607,553.6508560180664,334.9592614173889,2.25,0.998288094997406,False,
28.208333333333332,677,28.96304635877987,STATIC,73.82911534268102,STATIC,84.83392324803407,STATIC,61.24431170874011,STATIC,86.33135167018558,STATIC,83.07799104685266,STATIC,113.40697096948001,STATIC,91.91665378579886,STATIC,157.23808394184755,134.87357562359827,HUNCH,UPRIGHT,165.24192977779285,LEFT_TILT,False,0.03361427639200384,0.0,0.08939637110407675,553.8314819335938,334.54445242881775,2.291666666666668,0.9982929527759552,False,
28.25,678,20.822388754633483,FLEXION,75.1419989663704,STATIC,83.99946236708381,STATIC,65.52636972659337,STATIC,85.73987762619275,STATIC,82.46396909751564,STATIC,113.76874172599987,STATIC,91.09853698979981,STATIC,148.02544750766373,140.6175737608081,HUNCH,FORWARD_TILT,160.406280219722,LEFT_TILT,False,0.025237730514507024,0.0,0.08929404472355111,554.3265914916992,333.91778111457825,2.3333333333333357,0.9982850253582001,False,
28.291666666666664,679,14.775876184333404,FLEXION,77.82045453675329,STATIC,83.70006685225185,STATIC,68.65656495010408,STATIC,85.41981425793078,STATIC,82.61938385441071,STATIC,114.39628363171455,STATIC,91.14542075941901,STATIC,144.939051869082,141.8235292456739,HUNCH,FORWARD_TILT,157.94037385115743,LEFT_TILT,False,0.029416486411653547,0.0,0.08919869829311816,554.5969772338867,333.4024965763092,2.375,0.9982947409152985,False,
28.333333333333332,680,44.03560269413856,EXTENSION,76.18139538680805,STATIC,84.85855828973669,STATIC,67.91560461935337,STATIC,85.15253579238096,STATIC,80.82553941386887,STATIC,113.36975162410648,STATIC,86.24480209717947,STATIC,145.98145123460424,140.27724837404577,HUNCH,FORWARD_TILT,157.8564251808365,LEFT_TILT,False,0.030536223091888897,0.0,0.08910543521648663,553.7229537963867,332.5938320159912,2.416666666666668,0.9983251392841339,False,
28.375,681,44.487939119592056,STATIC,74.69259105330657,STATIC,85.06733650991856,STATIC,67.83290052818438,STATIC,85.38017943185395,STATIC,80.1930045909759,STATIC,113.42293694398718,STATIC,85.02988016556195,STATIC,148.35082475069464,138.9871584352587,HUNCH,FORWARD_TILT,158.79314957334537,LEFT_TILT,False,0.02813781514232594,0.0,0.08900866121636891,553.4916114807129,332.64529824256897,2.4583333333333357,0.9983095228672028,False,
28.416666666666664,682,24.24201909457529,FLEXION,73.66656056499316,STATIC,84.78856447341448,STATIC,64.2915270049159,STATIC,86.69172453474708,STATIC,80.47323277482403,STATIC,115.47728049735665,STATIC,83.12352517055089,STATIC,154.92036859825822,135.10898104355417,HUNCH,UPRIGHT,159.19201526744627,LEFT_TILT,False,0.03309115323654629,0.0,0.0889200439295546,553.4624290466309,332.6967966556549,2.5,0.9981571435928345,False,
28.458333333333332,683,17.809630305689645,FLEXION,75.13355307157819,STATIC,84.68554587551,STATIC,65.42373183500513,STATIC,86.14275140647221,STATIC,80.17500419664991,STATIC,115.00412836284863,STATIC,80.82692155563015,STATIC,153.94335581541117,135.32926406185763,HUNCH,UPRIGHT,160.12274651101333,LEFT_TILT,False,0.03260163541809417,0.0,0.08883093252368204,553.4700012207031,332.66213178634644,2.541666666666668,0.9981403946876526,False,
28.5,684,28.54633930811927,EXTENSION,71.49125181657888,STATIC,85.39852417795298,STATIC,62.0679446551121,STATIC,87.34360970215943,STATIC,81.48212640645826,STATIC,117.0418309684442,STATIC,81.35121076672434,STATIC,162.05956026401597,131.34923445112574,HUNCH,UPRIGHT,161.8155673288584,LEFT_TILT,False,0.04144614566416501,0.0,0.08875607504049167,553.0408668518066,332.4810290336609,2.5833333333333357,0.9981516897678375,False,
28.541666666666664,685,30.222327634482262,STATIC,74.15750218004143,STATIC,85.31690967350177,STATIC,65.58351849535384,STATIC,86.67087518219722,STATIC,79.63291073367353,STATIC,116.03035691056122,STATIC,78.86632166885671,STATIC,159.20113480765335,133.52596842355226,HUNCH,UPRIGHT,163.83995888429703,LEFT_TILT,False,0.03660895905877278,0.0,0.08867382406891167,552.6953125,333.03051710128784,2.625,0.9980885684490204,False,
28.583333333333332,686,55.713861904762325,EXTENSION,79.32507190945796,EXTENSION,86.05667502254903,STATIC,84.57805980696554,EXTENSION,79.96163925533158,FLEXION,75.19516742245361,STATIC,112.28657720866632,STATIC,75.81537149731795,STATIC,136.72436122688123,149.24418891384332,HUNCH,FORWARD_TILT,159.12783872602134,LEFT_TILT,False,0.031180999687278794,0.0,0.08858328418799571,550.4930114746094,333.34850907325745,2.666666666666668,0.9980985522270203,False,
28.625,687,56.27255703997779,STATIC,87.86192319864685,EXTENSION,86.23844561237986,STATIC,92.73169100926793,EXTENSION,78.85957275868283,STATIC,76.50335382520423,STATIC,109.33069037716515,STATIC,75.39284182794593,STATIC,130.74997719928757,154.28556257257713,STRAIGHT,FORWARD_TILT,157.34311804512328,LEFT_TILT,False,0.04277782844602762,0.0,0.08851126303116871,549.0200805664062,333.57534885406494,2.7083333333333357,0.998156875371933,False,
28.666666666666664,688,55.26465125351276,STATIC,79.29503439679839,FLEXION,85.77872499073456,STATIC,84.93347049196595,FLEXION,80.35914057510615,STATIC,79.93276863500667,STATIC,110.85598614417614,STATIC,77.68081605625882,STATIC,131.6642042181151,153.8372088896804,STRAIGHT,FORWARD_TILT,152.72399840886976,LEFT_TILT,False,0.20741287951529983,0.0,0.08869792176976234,548.4731101989746,332.3772168159485,2.75,0.9981541633605957,False,
28.708333333333332,689,45.56051579154976,FLEXION,73.31371732435812,FLEXION,84.54872050918246,STATIC,73.18369387942187,FLEXION,84.85810827218944,STATIC,80.48017124589575,STATIC,116.42545988598347,EXTENSION,77.62903367656999,STATIC,146.83715832552255,143.3851569893194,HUNCH,FORWARD_TILT,150.24808690205995,LEFT_TILT,False,0.1883948548559068,0.0,0.08885418655516382,547.568302154541,331.2611389160156,2.791666666666668,0.9981082081794739,False,
28.75,690,15.507580311651136,FLEXION,72.08801171291354,STATIC,83.01232601991205,STATIC,71.86664752763434,STATIC,86.7485838785271,STATIC,80.46536197949335,STATIC,120.87263512391411,STATIC,76.59342666771477,STATIC,145.68801525442564,146.27875308435551,HUNCH,FORWARD_TILT,143.75150831722055,LEFT_TILT,False,0.01785162591381965,0.0,0.08874307143678926,550.1452827453613,332.11339473724365,2.8333333333333357,0.9979506731033325,False,
28.791666666666664,691,18.239791011441113,STATIC,76.47546268592968,STATIC,83.25370867213914,STATIC,67.96536410693007,STATIC,90.25474931546451,STATIC,84.88579401791277,STATIC,121.60417989193758,STATIC,79.3586789662002,STATIC,146.0778813152398,148.494851325361,HUNCH,FORWARD_TILT,136.41194480043697,LEFT_TILT,False,0.012060594131998226,0.0,0.08862325506600052,552.2627639770508,333.42952251434326,2.875,0.9980112016201019,False,
28.833333333333332,692,57.777702898437965,EXTENSION,78.12209323126679,STATIC,84.52046126457506,STATIC,65.84040109409322,STATIC,85.20627885758326,FLEXION,80.92057078819815,STATIC,115.94056561817878,FLEXION,76.17207415982982,STATIC,153.58413166831687,141.0167341902885,HUNCH,UPRIGHT,138.50952320367492,LEFT_TILT,False,0.019962812910470012,0.0,0.08851614049165492,552.0760726928711,333.33244800567627,2.916666666666668,0.9981016218662262,False,
28.875,693,32.873808314331086,FLEXION,82.98354367680979,STATIC,84.32008009123912,STATIC,64.37129258906872,STATIC,83.32657047304548,STATIC,78.30797736970658,STATIC,116.62834389295064,STATIC,74.39444920876075,STATIC,147.3361613256414,147.3431928991175,HUNCH,FORWARD_TILT,134.343161965929,LEFT_TILT,False,0.011823657278313582,0.0,0.08839668179506092,551.97021484375,332.2863006591797,2.9583333333333357,0.9981298744678497,False,
28.916666666666664,694,25.150450735331127,FLEXION,80.14412571559356,STATIC,83.61501587982309,STATIC,71.3336932275943,EXTENSION,82.40244562982306,STATIC,78.06355767731388,STATIC,114.90731753157735,STATIC,74.28823112330264,STATIC,143.54075796219897,150.57871920440166,STRAIGHT,FORWARD_TILT,133.19438817133934,LEFT_TILT,False,0.014353871195113407,0.0,0.08828152967904235,553.1861877441406,332.13207364082336,3.0,0.9980689883232117,False,
28.958333333333332,695,26.531767914642547,STATIC,79.9643254762835,STATIC,83.63360453986952,STATIC,71.14494945500199,STATIC,82.33467206722128,STATIC,77.57576636142912,STATIC,117.04810498385206,STATIC,74.34827460892521,STATIC,142.41665652635467,152.01910988762214,STRAIGHT,FORWARD_TILT,131.5894827583393,LEFT_TILT,False,0.016851874385878502,0.0,0.08817061406523308,553.0389976501465,331.2058746814728,3.041666666666668,0.9980449378490448,False,
29.0,696,31.058482255496152,STATIC,79.49232094511808,STATIC,85.24458333861175,STATIC,63.28625936079047,FLEXION,87.34695597131251,EXTENSION,82.66983444725547,EXTENSION,122.97529322370448,EXTENSION,77.51019921466032,STATIC,163.04402755416967,138.71109713539838,HUNCH,UPRIGHT,130.05902504688498,LEFT_TILT,False,0.1917531174768925,0.0,0.08833120709377829,554.2987060546875,332.8691875934601,3.0833333333333357,0.9981207549571991,False,
29.041666666666664,697,33.42760850255467,STATIC,77.11187897264234,STATIC,84.97034390721711,STATIC,68.17861976500615,STATIC,86.6104666424472,STATIC,80.85244934424226,STATIC,123.16736809132125,STATIC,75.83092385948346,STATIC,158.61959488683888,142.10336184464865,HUNCH,UPRIGHT,131.4305423941686,LEFT_TILT,False,0.017548084789669665,0.0,0.0882216356970227,554.0241050720215,333.0664050579071,3.125,0.998117208480835,False,
29.083333333333332,698,29.545064038140968,STATIC,78.922163750296,STATIC,85.08855318580426,STATIC,62.71679777204866,FLEXION,86.93700117781563,STATIC,81.2978220793188,STATIC,123.68689757110954,STATIC,75.42609496245858,STATIC,162.98899675685183,137.18845902268555,HUNCH,UPRIGHT,132.74001013620867,LEFT_TILT,False,0.19513675772736547,0.0,0.08838688318084086,553.3484840393066,332.94219732284546,3.166666666666668,0.9981198310852051,False,
29.125,699,30.139974163815552,STATIC,78.98379014848386,STATIC,85.0250029699456,STATIC,62.321548943263814,STATIC,85.90493397454678,STATIC,80.70553978072098,STATIC,119.97323128140857,STATIC,74.11781656129546,STATIC,162.73219127672905,136.46961200265508,HUNCH,UPRIGHT,135.37259818314948,LEFT_TILT,False,0.030067528882988692,0.0,0.08829688417729478,552.2654151916504,332.3723030090332,3.2083333333333357,0.9981113076210022,False,
29.166666666666664,700,38.83924872778261,EXTENSION,79.43048775327007,STATIC,84.91802571358083,STATIC,64.87104299071608,STATIC,84.62511109738584,STATIC,79.45668773087988,STATIC,117.96108022116823,STATIC,71.59654809075447,STATIC,158.28392232859005,139.7052307402926,HUNCH,UPRIGHT,136.90923300714937,LEFT_TILT,False,0.02287726502157202,0.0,0.08819608353144621,550.9967994689941,331.00921511650085,3.25,0.9980639815330505,False,
29.208333333333332,701,30.62044660761899,FLEXION,78.18544047506938,STATIC,85.46747886620086,STATIC,63.2135360594711,STATIC,86.23445629011853,STATIC,80.01828404455208,STATIC,125.04493304415432,EXTENSION,73.04854411471209,STATIC,163.6438286086683,137.4067992813067,HUNCH,UPRIGHT,135.8080327064717,LEFT_TILT,False,0.027984890485985143,0.0,0.08810345092676088,551.3648986816406,330.3784453868866,3.291666666666668,0.9980660676956177,False,
29.25,702,30.906511315464424,STATIC,77.36700691395228,STATIC,85.35720510213967,STATIC,64.32876159964549,STATIC,85.74076041915265,STATIC,79.099986712509,STATIC,124.26891903648128,STATIC,70.61642655327893,STATIC,161.12765265176816,139.5544815492587,HUNCH,UPRIGHT,135.85619489972808,LEFT_TILT,False,0.023212263223869562,0.0,0.08800377168297764,551.2928199768066,330.6413984298706,3.3333333333333357,0.9979767203330994,False,
29.291666666666664,703,36.78139304453285,EXTENSION,78.94118544540093,STATIC,85.52135552351508,STATIC,64.29659042760326,STATIC,84.83671763475162,STATIC,77.27490876814184,STATIC,125.77610140788427,STATIC,68.75363423025533,STATIC,158.91324379016544,140.22589897911033,HUNCH,UPRIGHT,135.9855157813297,LEFT_TILT,False,0.02172022449086593,0.0,0.08790210980078114,550.8201599121094,329.61740612983704,3.375,0.9979356527328491,False,
29.333333333333332,704,24.84873715147187,FLEXION,77.69363164864683,STATIC,85.40007044836923,STATIC,65.45640877770683,STATIC,86.22050901859964,STATIC,79.06081921228535,STATIC,126.23233881094392,STATIC,67.12871509132468,STATIC,158.55639608633138,140.50937569878522,HUNCH,UPRIGHT,134.63516309446757,LEFT_TILT,False,0.02109027622492173,0.0,0.08779979458856697,550.476016998291,330.46799898147583,3.416666666666668,0.9979413449764252,False,
29.375,705,26.949376674740705,STATIC,72.9940510619662,STATIC,86.14793972943642,STATIC,63.2324468266768,STATIC,88.82518045686508,STATIC,80.59549853071131,STATIC,130.05537502288774,STATIC,66.4868535149371,STATIC,169.77159053293136,137.34948032558015,HUNCH,UPRIGHT,138.91108351120647,LEFT_TILT,False,0.02811226594315523,0.0,0.08770852925424677,551.2080383300781,332.5681793689728,3.4583333333333357,0.998029500246048,False,
29.416666666666664,706,19.710836899804164,FLEXION,74.94906037730719,STATIC,85.6843411926805,STATIC,65.97536158910768,STATIC,88.71704816524449,STATIC,80.23980995101425,STATIC,129.7392295578749,STATIC,64.35823789815397,STATIC,165.40083555204643,137.0977304992268,HUNCH,UPRIGHT,141.68393988980063,LEFT_TILT,False,0.028671710001718236,0.0,0.08761839670576962,551.7941284179688,334.1499853134155,3.5,0.9980575740337372,False,
29.458333333333332,707,18.397377635578827,STATIC,72.70248485859031,STATIC,85.56910681862186,STATIC,65.04469807198157,STATIC,88.37125588439315,STATIC,80.19573114488391,STATIC,131.29473905631284,STATIC,63.722886011005805,STATIC,165.8247595414207,135.3875888991987,HUNCH,UPRIGHT,145.0780118229081,LEFT_TILT,False,0.03247202466844734,0.0,0.08753433211424932,551.3813591003418,333.6048209667206,3.541666666666668,0.9981140792369843,False,
29.5,708,18.849581628234173,STATIC,70.04891467428186,STATIC,85.88406788743046,STATIC,64.56518527680376,STATIC,89.21070885146418,STATIC,80.07306052477702,STATIC,130.99279653543064,STATIC,62.04168144711901,STATIC,168.06548014236466,133.25057315931554,HUNCH,UPRIGHT,144.41528140892913,LEFT_TILT,False,0.03722094853485436,0.0,0.08745775162173883,551.1899185180664,333.53527665138245,3.5833333333333357,0.998176783323288,False,
29.541666666666664,709,19.12425832452832,STATIC,68.78312742770319,STATIC,85.68726661408371,STATIC,65.01633418811123,STATIC,88.91221725608948,STATIC,79.70912216550064,STATIC,128.63046334773168,STATIC,60.56056738231292,STATIC,165.96439596019616,134.99118853923073,HUNCH,UPRIGHT,143.26408024834066,LEFT_TILT,False,0.03335291435726503,0.0,0.08737552542528826,551.4266395568848,333.56517791748047,3.625,0.9981179535388947,False,
29.583333333333332,710,20.61155701146464,STATIC,67.49561391003367,STATIC,85.22030802138823,STATIC,69.04532399535987,STATIC,87.78831047246464,STATIC,78.42471412437935,STATIC,126.70753849570659,STATIC,59.4567334626115,STATIC,159.94485989146784,138.85574845283486,HUNCH,UPRIGHT,140.3733852747445,LEFT_TILT,False,0.024765003438144768,0.0,0.0872805170459451,552.0114707946777,333.73013377189636,3.666666666666668,0.9980953633785248,False,
29.625,711,20.0384502196385,STATIC,64.87473489590104,STATIC,85.21544142959863,STATIC,67.70848765873586,STATIC,87.53513308018418,STATIC,79.00248904102598,STATIC,124.73190717639899,STATIC,58.98384721678016,STATIC,160.5232088364885,138.99959805586053,HUNCH,UPRIGHT,139.95251046060758,LEFT_TILT,False,0.02444533765364328,0.0,0.08718531222868404,552.0407676696777,333.8577425479889,3.7083333333333357,0.998028576374054,False,
29.666666666666664,712,23.38507475191247,STATIC,66.68913180385798,STATIC,85.13526956299313,STATIC,69.91983567757643,STATIC,86.55258160857328,STATIC,79.01778523079248,STATIC,122.7084254875755,STATIC,58.56707694121349,STATIC,158.30226919941884,142.71292213843566,HUNCH,UPRIGHT,137.87272330142258,LEFT_TILT,False,0.016193506359031867,0.0,0.08707791161466036,552.1578025817871,334.2998135089874,3.75,0.9979676306247711,False,
29.708333333333332,713,24.949316159493474,STATIC,68.94982572320278,STATIC,85.32586113202278,STATIC,70.791823664511,STATIC,86.13428354940548,STATIC,79.09897207591445,STATIC,122.4931328370877,STATIC,58.460176918662164,STATIC,158.29545446907585,142.95240944921736,HUNCH,UPRIGHT,137.62681032846027,LEFT_TILT,False,0.015661312335072546,0.0,0.08697003155532564,552.370491027832,334.28722858428955,3.791666666666668,0.9978858530521393,False,
29.75,714,23.22440230708633,STATIC,67.89673167219557,STATIC,85.30107523809342,STATIC,69.66542655427932,STATIC,86.06818189204773,STATIC,79.44141254924018,STATIC,122.1778077095458,STATIC,58.50856914665442,STATIC,159.5105383305976,143.21331948432007,HUNCH,UPRIGHT,137.20456590166927,LEFT_TILT,False,0.015081512257066517,0.0,0.08686160241611257,552.5083351135254,334.3790137767792,3.8333333333333357,0.9978349208831787,False,
29.791666666666664,715,27.235357668713924,STATIC,68.32105038210481,STATIC,85.40821104451261,STATIC,70.78324358563457,STATIC,86.03730007855546,STATIC,78.81823315718216,STATIC,122.35627658439415,STATIC,57.73973394302633,STATIC,160.14080299626102,143.34567142316945,HUNCH,UPRIGHT,136.55648432529514,LEFT_TILT,False,0.014787396837401231,0.0,0.08675305692578318,552.4203872680664,334.6399390697479,3.875,0.9978241920471191,False,
29.833333333333332,716,25.93300477666396,STATIC,67.56330147555269,STATIC,85.4434668870137,STATIC,71.41777817064596,STATIC,86.03978948209664,STATIC,77.83151826695082,STATIC,126.42250837789824,STATIC,58.71719801501097,STATIC,160.22903455638328,145.17838134853494,HUNCH,UPRIGHT,136.50550543446954,LEFT_TILT,False,0.010714708114366811,0.0,0.08663871354411187,552.4392127990723,334.6613538265228,3.916666666666668,0.9978283941745758,False,
29.875,717,29.57888235807778,STATIC,67.87332727908839,STATIC,85.21661961533647,STATIC,71.01882624127555,STATIC,84.0661840050082,STATIC,76.27103545010857,STATIC,123.72488893397978,STATIC,58.260872879195595,STATIC,158.8840771266726,142.72290511888454,HUNCH,UPRIGHT,138.65469598708006,LEFT_TILT,False,0.016171321958034352,0.0,0.08653290664983848,552.0170783996582,334.6364414691925,3.9583333333333357,0.9979234635829926,False,
29.916666666666664,718,24.24285880227963,FLEXION,68.2542945578965,STATIC,84.95950564156735,STATIC,70.74595329819498,STATIC,83.90056861676885,STATIC,76.6526609980845,STATIC,122.99303989839868,STATIC,59.986187517793226,STATIC,158.13335523642192,141.69208012646624,HUNCH,UPRIGHT,138.89730393997021,LEFT_TILT,False,0.018462044163408353,0.0,0.08643085138374189,551.7354011535645,334.5731520652771,4.0,0.9980091452598572,False,
29.958333333333332,719,22.5897672777544,STATIC,67.89394844677238,STATIC,84.95942559731837,STATIC,70.00642780125331,STATIC,84.07098818218114,STATIC,76.91933102760282,STATIC,123.1337150742036,STATIC,61.37072234471788,STATIC,158.51425154453722,142.1225777994599,HUNCH,UPRIGHT,138.9943050387913,LEFT_TILT,False,0.017505382667866904,0.0,0.08632766954434686,551.6086196899414,334.55164074897766,4.041666666666668,0.9980786740779877,False,
30.0,720,21.949174670143712,STATIC,67.98792403573043,STATIC,84.73142038448616,STATIC,69.63519359556565,STATIC,83.81616221084492,STATIC,77.5013606499669,STATIC,123.40174111652954,STATIC,63.61274918091616,STATIC,157.5122722660088,143.11977987809547,HUNCH,UPRIGHT,138.57343756708647,LEFT_TILT,False,0.01528937804867673,0.0,0.08622148375735782,551.6193771362305,334.5920240879059,4.083333333333336,0.9981386065483093,False,
30.041666666666664,721,27.930778721080674,EXTENSION,68.8438508144803,STATIC,84.78970115758754,STATIC,69.47018099040578,STATIC,83.41787790102639,STATIC,77.13766515761844,STATIC,123.22825806773207,STATIC,64.90497460096249,STATIC,157.60656689490864,142.84489259567954,HUNCH,UPRIGHT,138.6445976784706,LEFT_TILT,False,0.015900238676267702,0.0,0.08611652667514723,551.4573669433594,334.53561186790466,4.125,0.9982185065746307,False,
30.083333333333332,722,44.705643137373436,EXTENSION,68.07583625274788,STATIC,85.17267397777688,STATIC,66.90722830674233,STATIC,84.57245340089213,STATIC,76.90039651117782,STATIC,124.10337932821523,STATIC,66.08318019243688,STATIC,161.87020650129782,138.20780801009585,HUNCH,UPRIGHT,139.8063166052615,LEFT_TILT,False,0.0262048710886759,0.0,0.0860272395580288,550.9263610839844,334.4347286224365,4.166666666666668,0.9983268976211548,False,
30.125,723,43.63801234351542,STATIC,67.84111502148096,STATIC,85.28126157837912,STATIC,65.84755555137599,STATIC,84.48232535218276,STATIC,76.2612992421914,STATIC,123.16173293117915,STATIC,66.91966036289003,STATIC,163.41070436652456,136.89108913063504,HUNCH,UPRIGHT,140.64486190053518,LEFT_TILT,False,0.02913091304303324,0.0,0.08594257240547672,550.4260063171387,333.87176513671875,4.208333333333336,0.9984240829944611,False,
30.166666666666664,724,37.41584418324447,FLEXION,67.26960266004143,STATIC,85.30364553425765,STATIC,64.92375388496815,STATIC,84.8145056886247,STATIC,76.20805554573319,STATIC,123.74113885236464,STATIC,68.34941449891753,STATIC,164.61765798059986,135.51388689864817,HUNCH,UPRIGHT,140.76093346205306,LEFT_TILT,False,0.0321913624474485,0.0,0.08586270433718841,550.4587745666504,333.1376338005066,4.25,0.9984564781188965,False,
30.208333333333332,725,36.0600142153688,STATIC,66.80932862089591,STATIC,85.37628605637894,STATIC,61.25324280037035,STATIC,85.42876153767202,STATIC,78.93214345747278,STATIC,125.53516525722975,STATIC,72.98184844845515,STATIC,167.40548440472955,136.28267103571824,HUNCH,UPRIGHT,141.2702075266549,LEFT_TILT,False,0.030482953253959482,0.0,0.08578053853439431,549.7320175170898,332.71121621131897,4.291666666666668,0.9984358847141266,False,
30.25,726,47.80456520839737,EXTENSION,65.86441898090125,STATIC,85.4824917631182,STATIC,59.71860087473485,STATIC,87.01038764705187,STATIC,79.03015344024877,STATIC,126.92810834124526,STATIC,72.9278572246309,STATIC,171.8305453086009,133.34589180889776,HUNCH,UPRIGHT,142.6467435953263,LEFT_TILT,False,0.03700912931356052,0.0,0.08570828459480788,548.6004638671875,332.1541965007782,4.333333333333336,0.9984456598758698,False,
30.291666666666664,727,40.81534488781262,FLEXION,68.51201355524391,STATIC,84.87598259272825,STATIC,65.55059373790387,EXTENSION,85.66855285485876,STATIC,75.89877054608154,STATIC,123.44665999205488,STATIC,70.32744783396602,STATIC,160.0570276127127,140.27321025992177,HUNCH,UPRIGHT,142.55167842681087,LEFT_TILT,False,0.021615088311284964,0.0,0.08561347217427012,548.7062644958496,332.3230791091919,4.375,0.9984538853168488,False,
30.333333333333332,728,41.9751644059027,STATIC,68.98386668436999,STATIC,84.98337780085662,STATIC,65.29475764641202,STATIC,85.938655082638,STATIC,75.27118979343099,STATIC,122.80410377934066,STATIC,69.85237515258066,STATIC,158.86948143395256,142.68448286502945,HUNCH,UPRIGHT,142.7603209897563,LEFT_TILT,False,0.016256704744379014,0.0,0.0855110249550236,548.7324523925781,332.34461188316345,4.416666666666668,0.9984274208545685,False,
30.375,729,45.79524490469586,STATIC,71.46075731153283,STATIC,85.00595589133657,STATIC,67.74885666279367,STATIC,85.71534367968115,STATIC,73.84268639779437,STATIC,121.12503301658418,STATIC,68.36327159624881,STATIC,157.81882584395973,142.7698477862643,HUNCH,UPRIGHT,143.56091796654735,LEFT_TILT,False,0.016067004919412636,0.0,0.0854086001467115,548.3428573608398,332.30488300323486,4.458333333333336,0.9984157085418701,False,
30.416666666666664,730,57.169675368170275,EXTENSION,68.42641106510045,STATIC,85.23751075673776,STATIC,60.206326344924484,FLEXION,89.90494083268459,STATIC,74.55571530621431,STATIC,121.77944071213925,STATIC,66.23232877862537,STATIC,170.45162314693854,134.41297102364115,HUNCH,UPRIGHT,144.8316586681053,LEFT_TILT,False,0.201304508836353,0.0,0.08557928631562113,547.8515243530273,332.5335681438446,4.5,0.9984811246395111,False,
30.458333333333332,731,57.33250866747976,STATIC,69.0497793061691,STATIC,85.12030779438204,STATIC,55.290905218292146,STATIC,91.80581094966321,STATIC,77.88767197515571,STATIC,123.81274829225563,STATIC,69.82110756575783,STATIC,177.74651121561934,128.73242555751523,HUNCH,UPRIGHT,146.4836668843636,LEFT_TILT,False,0.047261276538855035,0.0,0.08552293630124354,546.648063659668,332.53687262535095,4.541666666666668,0.9984907805919647,False,
30.5,732,52.81042717963191,STATIC,69.70651699985184,STATIC,85.24543369250455,STATIC,56.717962888783156,STATIC,90.9436620193926,STATIC,76.12473953833035,STATIC,125.24325549121669,STATIC,70.721726264273,STATIC,176.87304649652972,126.40507726188402,HUNCH,UPRIGHT,147.1703637105959,LEFT_TILT,False,0.05243316164025772,0.0,0.08547434632376778,546.6100692749023,332.3976230621338,4.583333333333336,0.9985420107841492,False,
30.541666666666664,733,52.63486789882705,STATIC,70.88221466144826,STATIC,85.26360450389477,STATIC,59.08008410988477,STATIC,90.15092442415457,STATIC,74.99135630707254,STATIC,123.79215528001355,STATIC,70.61308599470198,STATIC,173.1450286960536,130.15527478393125,HUNCH,UPRIGHT,148.1716927589252,LEFT_TILT,False,0.044099389369041675,0.0,0.08541367923145882,546.6498374938965,332.03994512557983,4.625,0.9985088407993317,False,
30.583333333333332,734,47.87496119669721,STATIC,71.44101791364851,STATIC,85.30458210626581,STATIC,59.95137911995475,STATIC,90.08728310294731,STATIC,75.72775688614487,STATIC,120.93302580746885,STATIC,70.29192512438328,STATIC,172.36561310234023,128.92414860767718,HUNCH,UPRIGHT,148.55018932712272,LEFT_TILT,False,0.04683522531627293,0.0,0.08535719540435019,546.7339515686035,332.04306721687317,4.666666666666668,0.9984351098537445,False,
30.625,735,42.628499087637685,FLEXION,72.29110191578148,STATIC,85.35686917891636,STATIC,61.150090734147206,STATIC,90.92910339427,STATIC,75.42322078358275,STATIC,120.07809896511277,STATIC,70.52408990763084,STATIC,170.48460579176268,129.73934564867187,HUNCH,UPRIGHT,148.87100610566551,LEFT_TILT,False,0.045023676336284714,0.0,0.08529822827120975,546.7666625976562,332.10496187210083,4.708333333333336,0.9983414113521576,False,
30.666666666666664,736,26.631014852002806,FLEXION,73.19995927725688,STATIC,85.06807850404964,STATIC,62.594827693446135,STATIC,89.46114215215295,STATIC,75.18777759783197,STATIC,120.04508760834078,STATIC,71.14310357353781,STATIC,162.55612214970725,138.16372426028283,HUNCH,UPRIGHT,147.67371140506418,LEFT_TILT,False,0.026302834977149248,0.0,0.0852121036094666,547.3859977722168,332.09070324897766,4.75,0.9982117116451263,False,
30.708333333333332,737,26.06173367482905,STATIC,73.93837380534576,STATIC,84.91627406700098,STATIC,62.4011089481528,STATIC,89.2300560356704,STATIC,76.22374336195074,STATIC,119.26137169226715,STATIC,71.39037294222082,STATIC,160.83005028248982,140.42279799164666,HUNCH,UPRIGHT,146.856654818466,LEFT_TILT,False,0.02128267112967408,0.0,0.08511891201693046,547.6742172241211,332.0597183704376,4.791666666666668,0.9981077909469604,False,
30.75,738,22.96253448899902,STATIC,74.89367652219734,STATIC,84.68775428237302,STATIC,61.88872185153988,STATIC,88.91998208813672,STATIC,77.66830736417717,STATIC,118.35751073856504,STATIC,71.92896783623506,STATIC,158.38840750889455,143.62125419182442,HUNCH,UPRIGHT,145.614276164518,LEFT_TILT,False,0.014174990684834632,0.0,0.08501564575589393,548.0958366394043,332.0636022090912,4.833333333333336,0.99798583984375,False,
30.791666666666664,739,19.76499990566422,STATIC,75.10198803483019,STATIC,84.7313040072977,STATIC,61.31769926256456,STATIC,89.24400894869329,STATIC,78.1203880268517,STATIC,118.40709242750394,STATIC,71.21183804054303,STATIC,160.52912436721317,141.47779038330108,HUNCH,UPRIGHT,145.24888989663646,LEFT_TILT,False,0.018938243592664272,0.0,0.08491960302019157,548.1318283081055,332.0700931549072,4.875,0.9978870749473572,False,
30.833333333333332,740,15.164872782944059,STATIC,74.76331512122701,STATIC,84.69624881303079,STATIC,60.321639031306866,STATIC,89.34286871682328,STATIC,78.7604759392862,STATIC,118.81867522440817,STATIC,70.66716592379895,STATIC,161.61853295347362,140.0078803228202,HUNCH,UPRIGHT,144.80641717767418,LEFT_TILT,False,0.02220471039373288,0.0,0.08482857995397028,548.0152702331543,332.1218490600586,4.916666666666668,0.9978545904159546,False,
30.875,741,23.70943479466333,EXTENSION,74.08128521366324,STATIC,84.85229179669717,STATIC,59.07952001199044,STATIC,89.55080650104566,STATIC,79.09783311263837,STATIC,119.22436411627751,STATIC,69.89095176843313,STATIC,164.08672206402926,138.97286902485396,HUNCH,UPRIGHT,144.50910896163592,LEFT_TILT,False,0.024504735500324542,0.0,0.08474115409244326,547.5432395935059,332.2475266456604,4.958333333333336,0.9978839159011841,False,
30.916666666666664,742,13.94776381526684,FLEXION,73.86942382785543,STATIC,84.80638304902956,STATIC,58.20158219882304,STATIC,89.83594901018074,STATIC,80.07124360789585,STATIC,120.34834349482307,STATIC,70.20299303399239,STATIC,164.2500361507808,139.99986108448076,HUNCH,UPRIGHT,143.5409229712764,LEFT_TILT,False,0.022222530923376116,0.0,0.08465067851622174,547.3932456970215,332.44601011276245,5.0,0.9978423416614532,False,
30.958333333333332,743,14.575803255639485,STATIC,72.38776043745253,STATIC,84.85411744719141,STATIC,58.253938954939585,STATIC,89.6437857649884,STATIC,80.34692602430302,STATIC,120.44070733053654,STATIC,70.05136432485648,STATIC,164.64084532440896,139.8136417531481,HUNCH,UPRIGHT,142.2990417886826,LEFT_TILT,False,0.022636351659670928,0.0,0.08456106243694927,547.5914573669434,332.50611305236816,5.041666666666668,0.9978427588939667,False,
31.0,744,15.076353657515018,STATIC,70.8235426221621,STATIC,84.88755800153103,STATIC,58.73701497800224,STATIC,89.4843166032868,STATIC,80.57537227318971,STATIC,121.48304250271674,STATIC,70.04653501500447,STATIC,164.7491760150159,138.9156413235951,HUNCH,UPRIGHT,141.30113117236112,LEFT_TILT,False,0.024631908169788625,0.0,0.0844745845808639,547.790641784668,332.49319553375244,5.083333333333336,0.9978474378585815,False,
31.041666666666664,745,15.261244607572323,STATIC,69.21561723722463,STATIC,84.9785683570713,STATIC,59.49649560122054,STATIC,89.53921631310638,STATIC,80.8247402351427,STATIC,122.93724604241821,STATIC,70.16563097980547,STATIC,164.75264866786054,138.8385183397509,HUNCH,UPRIGHT,139.8692228958665,LEFT_TILT,False,0.02480329257833136,0.0,0.08438860289209944,548.29345703125,332.46695280075073,5.125,0.9978864789009094,False,
31.083333333333332,746,15.275001028469154,STATIC,68.77116228676174,STATIC,85.02598868160581,STATIC,60.388294568793754,STATIC,89.42031528182099,STATIC,80.70345687215516,STATIC,123.77600405672165,STATIC,70.52518403551181,STATIC,163.97145075286667,138.92767726596136,HUNCH,UPRIGHT,138.43778305403217,LEFT_TILT,False,0.02460516163119697,0.0,0.08430258355215571,549.0017318725586,332.45011925697327,5.166666666666668,0.9979221820831299,False,
31.125,747,17.61229767951138,STATIC,67.73660878953969,STATIC,85.46945935337119,STATIC,59.50701650750685,STATIC,90.32467559714628,STATIC,81.62801853238206,STATIC,125.44232308979272,STATIC,70.93944648990431,STATIC,168.53666885465339,135.6202745517149,HUNCH,UPRIGHT,138.4676763348074,LEFT_TILT,False,0.03195494544063352,0.0,0.08422737142843226,549.2298316955566,332.4601078033447,5.208333333333336,0.9979596436023712,False,
31.166666666666664,748,20.01023662337087,STATIC,67.4922398413591,STATIC,85.77718645332007,STATIC,59.018377379201,STATIC,90.6850738094512,STATIC,82.1596577395622,STATIC,126.38209271748357,STATIC,70.9282286984423,STATIC,170.76137857212794,136.0859059739838,HUNCH,UPRIGHT,137.99315081875437,LEFT_TILT,False,0.030920208946702627,0.0,0.08415089056403953,549.5687866210938,332.6983845233917,5.25,0.9979983866214752,False,
31.208333333333332,749,27.915372642713507,EXTENSION,68.54944762610171,STATIC,85.77558574741023,STATIC,59.00950794658265,STATIC,90.68708707297324,STATIC,82.91758184670054,STATIC,126.64132593015896,STATIC,71.97584588500528,STATIC,170.94616716479246,136.53600128823797,HUNCH,UPRIGHT,138.46864517552763,LEFT_TILT,False,0.02991999713724895,0.0,0.08407319587431633,549.5128059387207,333.366619348526,5.291666666666668,0.9980374872684479,False,
31.25,750,42.77604932644787,EXTENSION,70.63486381802748,STATIC,85.0978469444665,STATIC,64.81283370428089,EXTENSION,89.29460399934669,STATIC,81.56127694013202,STATIC,121.85528609211909,STATIC,71.57320470801392,STATIC,159.3402906341487,139.87471245262245,HUNCH,UPRIGHT,138.5566858837258,LEFT_TILT,False,0.022500638994172355,0.0,0.08398510924072529,549.3137550354004,332.62564301490784,5.333333333333336,0.9981077313423157,False,
31.291666666666664,751,36.2919623466938,FLEXION,72.73465291765375,STATIC,85.19193449585296,STATIC,64.73392647696691,STATIC,89.40403533909499,STATIC,81.53509993317581,STATIC,120.56905726064393,STATIC,71.40383207179926,STATIC,159.68338032720237,141.06895294760588,HUNCH,UPRIGHT,137.859431805731,LEFT_TILT,False,0.019846771227542487,0.0,0.0838934830435636,549.3701362609863,332.5549829006195,5.375,0.9981675148010254,False,
31.333333333333332,752,34.94916486814207,STATIC,74.5292838822005,STATIC,85.2623940609055,STATIC,64.76885075339628,STATIC,89.5042412919481,STATIC,81.59729582094691,STATIC,119.16656854975975,STATIC,71.35881496157674,STATIC,160.0025038532821,141.1663459091337,HUNCH,UPRIGHT,137.50948411136417,LEFT_TILT,False,0.019630342424147334,0.0,0.08380180951914218,549.3487548828125,332.53060698509216,5.416666666666668,0.9982245564460754,False,
31.375,753,39.67319901586894,STATIC,76.02379518535585,STATIC,85.39099297387732,STATIC,64.79674398069092,STATIC,89.0979388841467,STATIC,81.51041856773674,STATIC,117.44273074307169,STATIC,71.3928441016654,STATIC,160.86340118213397,140.49769428171416,HUNCH,UPRIGHT,138.0324596435631,LEFT_TILT,False,0.02111623492952408,0.0,0.08371251382884358,549.1629981994629,332.4778640270233,5.458333333333336,0.9982788264751434,False,
31.416666666666664,754,27.51744783596974,FLEXION,75.168027101034,STATIC,85.56087414374399,STATIC,63.58095325363025,STATIC,88.80110071305454,STATIC,80.4252740664584,STATIC,117.52714816442123,STATIC,70.65419815265071,STATIC,165.43523866091263,134.6299118680803,HUNCH,UPRIGHT,138.1070915194348,LEFT_TILT,False,0.034155751404265966,0.0,0.08364202056792668,549.3880271911621,332.167671918869,5.5,0.998355507850647,False,
31.458333333333332,755,26.56408353668414,STATIC,74.41358252197608,STATIC,85.68192699826915,STATIC,62.39999984636468,STATIC,88.90412250368747,STATIC,80.43058591917932,STATIC,117.06437419177746,STATIC,70.55886854601935,STATIC,167.90309352405893,132.84190848909256,HUNCH,UPRIGHT,138.1881656468608,LEFT_TILT,False,0.038129092246460994,0.0,0.08357737152201551,549.3869972229004,332.1360969543457,5.541666666666668,0.9984219968318939,False,
31.5,756,25.921940339567804,STATIC,73.85552899375385,STATIC,85.63054517079095,STATIC,62.30465949971619,STATIC,88.74752968879267,STATIC,80.19807391574166,STATIC,116.7611353010983,STATIC,70.48054600455268,STATIC,167.7781396427716,133.19343567997973,HUNCH,UPRIGHT,138.11114266781246,LEFT_TILT,False,0.03734792071115615,0.0,0.08351179783292209,549.3569946289062,332.05819487571716,5.583333333333336,0.9984829723834991,False,
31.541666666666664,757,32.40436163745974,EXTENSION,72.94662672407418,STATIC,85.56594346089773,STATIC,62.47509923570455,STATIC,88.8264038057037,STATIC,80.16403145694544,STATIC,116.87919180032894,STATIC,70.48713307845796,STATIC,168.05911119201974,132.77933226419083,HUNCH,UPRIGHT,138.66204474910518,LEFT_TILT,False,0.03826815052402036,0.0,0.08344771334664886,548.8786315917969,332.0939862728119,5.625,0.9985276162624359,False,
31.583333333333332,758,30.667201675645913,STATIC,73.28121298719486,STATIC,85.52235536533374,STATIC,62.638785412820376,STATIC,88.79856133330351,STATIC,79.86089648199473,STATIC,116.44843498919403,STATIC,69.8958260282657,STATIC,167.29690506909836,133.30433876356813,HUNCH,UPRIGHT,138.458506965312,LEFT_TILT,False,0.03710146941429304,0.0,0.08338215996060593,548.8414573669434,332.1148109436035,5.666666666666668,0.9985641837120056,False,
31.625,759,28.79041254742404,STATIC,74.04196481513307,STATIC,85.39657413681097,STATIC,62.79373808188428,STATIC,88.50412616897346,STATIC,79.31705374207272,STATIC,115.75952036116317,STATIC,68.93122929719144,STATIC,165.07995040648515,135.49521263917214,HUNCH,UPRIGHT,138.39905597095307,LEFT_TILT,False,0.0322328608018397,0.0,0.08330991518778282,548.7199401855469,332.12400555610657,5.708333333333336,0.9985957443714142,False,
31.666666666666664,760,27.304892537693185,STATIC,75.22005256419018,STATIC,85.20872555780936,STATIC,63.18403257289693,STATIC,88.1569482808991,STATIC,78.70180822150915,STATIC,114.30589033789246,STATIC,67.82764707979138,STATIC,162.1300871447108,138.74028877495437,HUNCH,UPRIGHT,137.05141343946747,LEFT_TILT,False,0.025021580500101392,0.0,0.08322770315014151,548.8518524169922,332.1762013435364,5.75,0.9986225664615631,False,
31.708333333333332,761,26.842480916066556,STATIC,75.76186302730063,STATIC,85.33597827600742,STATIC,63.56064385070236,STATIC,88.43271400126068,STATIC,78.81046816136669,STATIC,115.47482157279286,STATIC,67.40824506865629,STATIC,163.34867401134287,138.3553513876592,HUNCH,UPRIGHT,136.51040586672826,LEFT_TILT,False,0.025876996916312883,0.0,0.08314692750755864,549.1689109802246,332.2551119327545,5.791666666666668,0.9986361265182495,False,
31.75,762,27.74204907349671,STATIC,75.70977085657715,STATIC,85.34831004909337,STATIC,64.62367038187695,STATIC,88.3705477791106,STATIC,78.7962581632071,STATIC,115.83969939643728,STATIC,66.92581922114117,STATIC,163.34894460747842,138.26352721694423,HUNCH,UPRIGHT,136.32229287300137,LEFT_TILT,False,0.02608105062901282,0.0,0.08306666607734972,549.4300651550293,332.30796217918396,5.833333333333336,0.9986369013786316,False,
31.791666666666664,763,25.931809560145567,STATIC,75.8562533385283,STATIC,85.24353958720177,STATIC,65.30225890124757,STATIC,88.05765958505573,STATIC,78.79976753943384,STATIC,115.61804044150757,STATIC,66.20274450380133,STATIC,162.18844459128866,139.05867644432422,HUNCH,UPRIGHT,136.40273236476258,LEFT_TILT,False,0.02431405234594619,0.0,0.08298414836143482,549.4572448730469,332.3568534851074,5.875,0.9986045360565186,False,
31.833333333333332,764,23.74871590654889,STATIC,75.76513778138472,STATIC,85.24240676097372,STATIC,65.57342357322914,STATIC,88.15683572457276,STATIC,79.2345559896519,STATIC,115.7149044441924,STATIC,66.15084616411467,STATIC,162.34147454347504,139.43156805547258,HUNCH,UPRIGHT,136.90615591426103,LEFT_TILT,False,0.02348540432117204,0.0,0.0829006999125705,549.4675254821777,332.35745429992676,5.916666666666668,0.9985322952270508,False,
31.875,765,22.435774806508135,STATIC,76.0621589041887,STATIC,85.31867582031474,STATIC,63.386049100582945,STATIC,88.5019757168649,STATIC,80.1654237712986,STATIC,116.63763531477193,STATIC,66.59984043844436,STATIC,165.0803536628265,137.7255528559852,HUNCH,UPRIGHT,137.66695900727223,LEFT_TILT,False,0.02727654920892179,0.0,0.0828227949395962,549.4385719299316,332.2675037384033,5.958333333333336,0.9984745383262634,False,
31.916666666666664,766,23.457282213084895,STATIC,75.96312774039339,STATIC,85.55226737852722,STATIC,61.92441183176094,STATIC,89.25908298753335,STATIC,80.85705470675644,STATIC,117.9857208954847,STATIC,67.3618872655601,STATIC,169.32058215753926,135.090281560593,HUNCH,UPRIGHT,138.96094482388108,LEFT_TILT,False,0.033132707643126626,0.0,0.08275329831400673,549.165153503418,332.1453559398651,6.0,0.9984409809112549,False,
31.958333333333332,767,22.96212738719805,STATIC,76.23871726035068,STATIC,85.52463157748689,STATIC,61.62594711071564,STATIC,89.23019464897025,STATIC,81.00136834017115,STATIC,118.78953005072462,STATIC,68.22791630547114,STATIC,168.77228549595495,135.52119584215782,HUNCH,UPRIGHT,139.46436889564984,LEFT_TILT,False,0.03217512035076039,0.0,0.08268265840065024,549.1703414916992,332.02022552490234,6.041666666666668,0.9984064996242523,False,
32.0,768,25.853583310407714,STATIC,76.3827329884595,STATIC,85.49838240627844,STATIC,61.9453859652278,STATIC,89.25884070960474,STATIC,80.91032968890612,STATIC,119.04014584746301,STATIC,68.7666898359407,STATIC,168.40431811908627,135.72851677943206,HUNCH,UPRIGHT,140.1534707562688,LEFT_TILT,False,0.03171440715681765,0.0,0.08261157297353192,549.0682029724121,331.8791091442108,6.083333333333336,0.9983809292316437,False,
32.041666666666664,769,27.78196252106811,STATIC,75.97487424501549,STATIC,85.50815312508139,STATIC,62.12787137821212,STATIC,89.36549350668157,STATIC,80.99378403425348,STATIC,119.70092853380785,STATIC,69.30194078767065,STATIC,168.85347144213074,136.10478383092536,HUNCH,UPRIGHT,140.67231812995732,LEFT_TILT,False,0.030878258153499205,0.0,0.08253952100303048,549.0013885498047,331.82328701019287,6.125,0.9983587265014648,False,
32.08333333333333,770,27.132672187772435,STATIC,75.16178751264046,STATIC,85.60002357108776,STATIC,62.15728972676522,STATIC,89.75267641566043,STATIC,81.239990834675,STATIC,120.4546028242459,STATIC,69.94613725786196,STATIC,170.88873042507328,135.02655095140167,HUNCH,UPRIGHT,141.2759833471095,LEFT_TILT,False,0.03327433121910739,0.0,0.08247100196299721,548.8102149963379,331.74458026885986,6.166666666666664,0.9983481466770172,False,
32.125,771,26.29914734597057,STATIC,74.38275142940613,STATIC,85.63461772751323,STATIC,62.26122413778121,STATIC,89.94292310853486,STATIC,81.05125564468887,STATIC,121.22961107791912,STATIC,69.91037189236204,STATIC,171.15675840407218,135.04509692458254,HUNCH,UPRIGHT,141.71502937369476,LEFT_TILT,False,0.03323311794537213,0.0,0.08240261601297273,548.6576843261719,331.68134450912476,6.208333333333336,0.9983279407024384,False,
32.166666666666664,772,29.728482672522638,STATIC,73.3962667135589,STATIC,85.6924310073666,STATIC,62.420798513315866,STATIC,90.37589587744554,STATIC,81.30932089423477,STATIC,122.14826802581668,STATIC,70.1162879902793,STATIC,172.82222343118391,133.8320930678354,HUNCH,UPRIGHT,142.39710046590017,LEFT_TILT,False,0.035928682071476925,0.0,0.08233815840695125,548.3584022521973,331.6691994667053,6.25,0.9983211159706116,False,
32.20833333333333,773,38.77737157285995,EXTENSION,73.65016319481481,STATIC,85.68845306991604,STATIC,61.82258918604112,STATIC,90.71304235189933,STATIC,81.01732083340546,STATIC,123.55714667922184,STATIC,70.17796560152397,STATIC,175.13152039151854,130.53606711781256,HUNCH,UPRIGHT,144.243878304975,LEFT_TILT,False,0.04325318418263876,0.0,0.08228402409362116,547.5961303710938,331.4673149585724,6.291666666666664,0.998346745967865,False,
32.25,774,32.906939824258316,FLEXION,75.80739963950835,STATIC,85.57109449125052,STATIC,64.60282879734326,STATIC,89.85160669889675,STATIC,79.80294925740654,STATIC,123.51190035184251,STATIC,69.29797971869361,STATIC,171.56388512691308,131.07282329089404,HUNCH,UPRIGHT,144.27579592518765,LEFT_TILT,False,0.04206039268690213,0.0,0.08222838974866027,547.4165153503418,331.1938798427582,6.333333333333336,0.9983438551425934,False,
32.291666666666664,775,26.32807373066142,FLEXION,76.6790231322327,STATIC,85.43128552577701,STATIC,66.44167112668801,STATIC,89.0867962032655,STATIC,77.8389636438841,STATIC,123.81073436140173,STATIC,67.74646082706137,STATIC,166.73947682711017,134.72120164579516,HUNCH,UPRIGHT,143.50247627815563,LEFT_TILT,False,0.03395288523156629,0.0,0.08216171087501788,547.569465637207,330.85403323173523,6.375,0.9983308911323547,False,
32.33333333333333,776,22.379824494193716,STATIC,78.1269327746325,STATIC,85.34381507549043,STATIC,68.76031294256576,STATIC,89.22296125872455,STATIC,77.28496273995684,STATIC,123.27098881902477,STATIC,66.70486482563156,STATIC,163.8974660860253,137.40655162179647,HUNCH,UPRIGHT,141.7314991932056,LEFT_TILT,False,0.02798544084045229,0.0,0.08208698498531503,548.2717514038086,330.88398814201355,6.416666666666664,0.9983172416687012,False,
32.375,777,23.405739288797125,STATIC,77.54875369333861,STATIC,85.40740713102359,STATIC,68.10693015087212,STATIC,89.56376148948536,STATIC,77.49860213089136,STATIC,123.64865494991457,STATIC,66.23334794255148,STATIC,164.797651187527,137.0969010818162,HUNCH,UPRIGHT,140.9852149552148,LEFT_TILT,False,0.028673553151519537,0.0,0.08201341276515829,548.6015701293945,330.8787739276886,6.458333333333336,0.9983010590076447,False,
32.416666666666664,778,23.223939365292104,STATIC,78.09600065392443,STATIC,85.37397532363697,STATIC,68.85895115745747,STATIC,89.54058511516794,STATIC,77.29949489047748,STATIC,123.39645002371151,STATIC,65.71470724185832,STATIC,163.93881630759154,137.66848518519527,HUNCH,UPRIGHT,140.2528677874295,LEFT_TILT,False,0.02740336625512163,0.0,0.08193829578233844,548.9895629882812,330.86740136146545,6.5,0.9982729554176331,False,
32.45833333333333,779,27.048385771200522,STATIC,77.53821942538288,STATIC,85.51743107120875,STATIC,67.80374923783994,STATIC,89.79861689615302,STATIC,77.37765061472707,STATIC,122.88921565535193,STATIC,65.43497954366165,STATIC,165.96769221223892,134.6316321853508,HUNCH,UPRIGHT,140.1814820461628,LEFT_TILT,False,0.03415192847699822,0.0,0.08187265516790802,549.0874481201172,330.83966732025146,6.541666666666664,0.9982366263866425,False,
32.5,780,26.758474771877655,STATIC,78.36152034698213,STATIC,85.53707889505358,STATIC,67.84191500318829,STATIC,89.6967052308635,STATIC,77.2183556666773,STATIC,121.93156011657143,STATIC,65.0970052391805,STATIC,166.21084993300948,134.7464746577789,HUNCH,UPRIGHT,140.10695879845855,LEFT_TILT,False,0.03389672298271359,0.0,0.08180684456134396,549.1596412658691,330.87368845939636,6.583333333333336,0.9982136189937592,False,
32.541666666666664,781,28.13726745932978,STATIC,79.9046806284061,STATIC,85.53592565275859,STATIC,69.00612894164615,STATIC,89.55835863888426,STATIC,77.02976890583206,STATIC,121.39588648199194,STATIC,64.67312847942907,STATIC,166.28024146626777,135.33252021798387,HUNCH,UPRIGHT,140.07487053004272,LEFT_TILT,False,0.0325943995155914,0.0,0.08173943025306211,549.2120361328125,330.91235518455505,6.625,0.9981793761253357,False,
32.58333333333333,782,29.137438414188487,STATIC,79.4460952666683,STATIC,85.52639622277516,STATIC,69.0111561566453,STATIC,89.46733244535044,STATIC,76.99820814870631,STATIC,121.24439213545678,STATIC,64.45725270647702,STATIC,166.27248921933855,135.68505667025508,HUNCH,UPRIGHT,140.051888292245,LEFT_TILT,False,0.031810985177210926,0.0,0.08167112868661087,549.2217826843262,330.9401535987854,6.666666666666664,0.9981399178504944,False,
32.625,783,34.76301863454502,EXTENSION,84.60186395142537,EXTENSION,85.26101700616331,STATIC,74.73856110229748,EXTENSION,87.13999797229353,STATIC,74.8007248766221,STATIC,118.66326161508151,STATIC,62.277132612141244,STATIC,158.38417061748584,141.22823634494728,HUNCH,UPRIGHT,140.19447510654473,LEFT_TILT,False,0.01949280812233937,0.0,0.08158618562573072,549.0109062194824,330.85005283355713,6.708333333333336,0.9980950653553009,False,
32.666666666666664,784,32.5104387168876,STATIC,83.42471808508333,STATIC,85.21270369372647,STATIC,74.03036474125227,STATIC,87.02592258791749,STATIC,75.02060953549196,STATIC,118.89045656850851,STATIC,61.708461143100585,STATIC,158.3220755454256,141.9302847537339,HUNCH,UPRIGHT,140.23957089010855,LEFT_TILT,False,0.017932700547258002,0.0,0.08149934594622393,548.9218330383301,330.89484572410583,6.75,0.998030811548233,False,
32.70833333333333,785,31.084207272931426,STATIC,82.50395631880049,STATIC,85.19553645535026,STATIC,73.35475306783228,STATIC,87.0473015952067,STATIC,75.20806540461182,STATIC,119.03607253680782,STATIC,61.20820540081494,STATIC,158.669083814598,141.6222046455281,HUNCH,UPRIGHT,140.20681968261863,LEFT_TILT,False,0.01861732300993757,0.0,0.08141367561524807,548.922176361084,330.90140104293823,6.791666666666664,0.9979871809482574,False,
32.75,786,31.609811406591326,STATIC,81.59130707354521,STATIC,85.22636997095213,STATIC,72.29484424565577,STATIC,87.19005684830061,STATIC,75.57548610002556,STATIC,119.4035116065617,STATIC,60.89809466859517,STATIC,159.52635315111272,140.97184083003592,HUNCH,UPRIGHT,140.34328155699072,LEFT_TILT,False,0.02006257593325352,0.0,0.08133020473132697,548.8477516174316,330.89948058128357,6.833333333333336,0.9979488849639893,False,
32.791666666666664,787,32.254883740352604,STATIC,81.17101739614442,STATIC,85.23282201334798,STATIC,71.88705038587706,STATIC,87.14873001204123,STATIC,75.78477284963749,STATIC,119.71053811778538,STATIC,60.53594808468075,STATIC,159.557655741174,140.76874573376296,HUNCH,UPRIGHT,140.61532089037578,LEFT_TILT,False,0.02051389836941564,0.0,0.08124757388029177,548.6212158203125,330.9033966064453,6.875,0.9979111552238464,False,
32.83333333333333,788,28.29066445200939,STATIC,80.08810549053852,STATIC,85.09172279648219,STATIC,70.98956236693168,STATIC,87.23376102426548,STATIC,75.87803623604105,STATIC,119.89786057788598,STATIC,59.927423095786054,STATIC,160.05015152393602,140.4060852858369,HUNCH,UPRIGHT,140.77606943722435,LEFT_TILT,False,0.021319810475918022,0.0,0.08116626076848123,548.4894752502441,330.92825531959534,6.916666666666664,0.9978782832622528,False,
32.875,789,22.597925812112486,FLEXION,77.28894400651058,STATIC,85.12007211323441,STATIC,68.33939476818381,STATIC,88.13569060982827,STATIC,76.59755981090287,STATIC,120.9663551407968,STATIC,59.94467351923289,STATIC,162.7595361329134,137.9515272023825,HUNCH,UPRIGHT,140.99208867709922,LEFT_TILT,False,0.026774383994705553,0.0,0.08109255903843546,548.4091186523438,331.025447845459,6.958333333333336,0.997851550579071,False,
32.916666666666664,790,23.242623351893673,STATIC,75.91917660932138,STATIC,85.35116036896518,STATIC,66.28826438979175,STATIC,89.27594110819774,STATIC,77.75295283627074,STATIC,121.9508064920679,STATIC,60.42214271647465,STATIC,166.81596193097172,135.07360521940794,HUNCH,UPRIGHT,141.35391436660063,LEFT_TILT,False,0.03316976617909347,0.0,0.08102771087489101,548.3491325378418,331.15193009376526,7.0,0.9978270828723907,False,
32.95833333333333,791,19.63911476980532,STATIC,73.96927251773658,STATIC,85.42147782569624,STATIC,65.15936695959189,STATIC,89.60293159715435,STATIC,78.26006557027391,STATIC,122.69647982780047,STATIC,60.8906794714346,STATIC,168.11424218551912,134.1797079568445,HUNCH,UPRIGHT,141.7610915602686,LEFT_TILT,False,0.03515620454034555,0.0,0.0809657223528173,548.3695411682129,331.3675796985626,7.041666666666664,0.997805267572403,False,
33.0,792,17.901452876954558,STATIC,72.55688080643232,STATIC,85.31523377953492,STATIC,64.94485792761964,STATIC,89.26033296887897,STATIC,78.15200811585872,STATIC,121.65969470295464,STATIC,60.928494274650156,STATIC,167.14624004734486,134.72465010662833,HUNCH,UPRIGHT,142.14077439985402,LEFT_TILT,False,0.03394522198527039,0.0,0.08090226688673424,548.2942199707031,331.48216366767883,7.083333333333336,0.9977908730506897,False,
33.041666666666664,793,19.32660283203281,STATIC,71.31839637821345,STATIC,85.46748807218209,STATIC,63.4602454223822,STATIC,89.81315063775645,STATIC,78.84665223765847,STATIC,122.28047313467391,STATIC,61.2034661450431,STATIC,169.1924842625688,133.50255164283124,HUNCH,UPRIGHT,142.66409231945192,LEFT_TILT,False,0.03666099634926393,0.0,0.08084264253291015,548.2532119750977,331.62408471107483,7.125,0.9977915585041046,False,
33.08333333333333,794,22.4289255848591,STATIC,71.24589903815775,STATIC,85.4618542393372,STATIC,63.690857929599645,STATIC,89.76788330751619,STATIC,78.86730058718635,STATIC,122.44651175362792,STATIC,61.03701203450913,STATIC,169.0726569955035,133.61656467038287,HUNCH,UPRIGHT,143.2222070817932,LEFT_TILT,False,0.036407634065815854,0.0,0.08078283767629227,548.10302734375,331.7472302913666,7.166666666666664,0.9977739453315735,False,
33.125,795,22.51694765855892,STATIC,70.28515625815798,STATIC,85.51123216022432,STATIC,63.06932138044488,STATIC,89.70568810963653,STATIC,79.19042142765369,STATIC,122.82094631738576,STATIC,61.09820701207109,STATIC,169.07136869702944,134.9107337984279,HUNCH,UPRIGHT,143.74760287352612,LEFT_TILT,False,0.03353170267016018,0.0,0.08071932808623025,548.049144744873,331.9288158416748,7.208333333333336,0.9977717995643616,False,
33.166666666666664,796,20.86282757633779,STATIC,69.93398922876055,STATIC,85.53984276042368,STATIC,63.5144134848295,STATIC,89.55410530073803,STATIC,79.17102467475517,STATIC,122.7449958706293,STATIC,60.89061198042607,STATIC,168.70807900481506,134.87653590364891,HUNCH,UPRIGHT,144.08636690271783,LEFT_TILT,False,0.033607697991891304,0.0,0.0806560909988553,547.9679679870605,332.27988481521606,7.25,0.9977701306343079,False,
33.20833333333333,797,21.592851380203236,STATIC,69.10044885648284,STATIC,85.64259956105283,STATIC,63.32231945805135,STATIC,89.71719098854607,STATIC,79.29331960077828,STATIC,123.01170853090886,STATIC,60.79722059621209,STATIC,169.3428086326883,134.88095168759648,HUNCH,UPRIGHT,144.1832390077464,LEFT_TILT,False,0.03359788513867449,0.0,0.0805930102939489,548.0240249633789,332.50445008277893,7.291666666666664,0.9978015720844269,False,
33.25,798,24.04603416496392,STATIC,68.67413775210255,STATIC,85.32642235092784,STATIC,64.82910087483873,STATIC,88.59537012801886,STATIC,78.14120541493433,STATIC,121.0615151484236,STATIC,59.965129935942386,STATIC,164.93520232843383,138.13518234428832,HUNCH,UPRIGHT,143.50809780117203,LEFT_TILT,False,0.026366261457137052,0.0,0.0805204175913561,548.0655288696289,332.64055609703064,7.333333333333336,0.9978151917457581,False,
33.291666666666664,799,23.28958397241019,STATIC,68.95686831451773,STATIC,85.1361222593656,STATIC,65.78742260776124,STATIC,88.09711711089874,STATIC,77.79630280762373,STATIC,120.30864611690089,STATIC,59.50342458414635,STATIC,162.92441645802313,139.23324173184233,HUNCH,UPRIGHT,141.9145236835313,LEFT_TILT,False,0.023926129484794816,0.0,0.08044475677837942,548.2962417602539,332.7354097366333,7.375,0.9978261590003967,False,
33.33333333333333,800,19.47568779287395,STATIC,68.64270995575666,STATIC,85.33127085881343,STATIC,64.7001679372141,STATIC,88.49133565160129,STATIC,77.45783985387577,STATIC,120.90368722579606,STATIC,59.32686512751925,STATIC,164.05120601722678,138.7625085671033,HUNCH,UPRIGHT,141.75216835631352,LEFT_TILT,False,0.024972203184214854,0.0,0.08037069462404808,548.4375190734863,333.1496286392212,7.416666666666664,0.9978574514389038,False,
33.375,801,18.547314219951716,STATIC,69.26734580163067,STATIC,85.25799009929494,STATIC,64.95884132165693,STATIC,89.84020875412986,STATIC,77.62555229755841,STATIC,123.17358538456843,STATIC,59.522152730333254,STATIC,164.18057206813432,138.076901149468,HUNCH,UPRIGHT,141.53940379821145,LEFT_TILT,False,0.026495775223404443,0.0,0.08029886139818056,548.488826751709,333.86407256126404,7.458333333333336,0.9978952705860138,False,
33.416666666666664,802,19.539156032032167,STATIC,70.68776536330466,STATIC,85.22056119833768,STATIC,64.58088265263615,STATIC,90.09366790528702,STATIC,77.91651097370499,STATIC,124.54246697126541,STATIC,60.286168850358926,STATIC,163.9698327729578,138.12700047927763,HUNCH,UPRIGHT,141.16155530758883,LEFT_TILT,False,0.02638444337938306,0.0,0.08022707122771612,548.262996673584,333.873074054718,7.5,0.9979506134986877,False,
33.45833333333333,803,18.882749412789508,STATIC,71.51012951245579,STATIC,85.09211838107018,STATIC,65.33499802508936,STATIC,89.73072616402148,STATIC,78.25418066716522,STATIC,123.85371826316498,STATIC,60.57268963528685,STATIC,163.36975051521443,138.07858718073462,HUNCH,UPRIGHT,140.79651699681105,LEFT_TILT,False,0.026492028487256403,0.0,0.08015561505385912,548.1739616394043,333.84902000427246,7.541666666666664,0.9979936182498932,False,
33.5,804,19.128979707621873,STATIC,72.01166586058885,STATIC,85.147901279477,STATIC,65.32620508028988,STATIC,89.70962297037713,STATIC,78.47816896977783,STATIC,123.09515577489549,STATIC,60.964615591723515,STATIC,164.12714537043854,137.22502441404953,HUNCH,UPRIGHT,140.92951389019072,LEFT_TILT,False,0.028388834635445503,0.0,0.08008686766950532,548.0072021484375,333.8406193256378,7.583333333333336,0.9980425834655762,False,
33.541666666666664,805,17.38801839410918,STATIC,73.21093779559415,STATIC,84.95464046382426,STATIC,66.19819161826581,STATIC,89.18896988546955,STATIC,78.44030619349338,STATIC,121.28804318563904,STATIC,61.02485699211987,STATIC,162.2738962606507,139.25820181321575,HUNCH,UPRIGHT,140.49786915604702,LEFT_TILT,False,0.02387066263729835,0.0,0.08001231036840159,547.9136085510254,333.95716667175293,7.625,0.9980696737766266,False,
33.58333333333333,806,19.257780777488797,STATIC,73.29510496589644,STATIC,85.05250453298426,STATIC,65.54550004273081,STATIC,89.35293899952578,STATIC,79.04268228002903,STATIC,120.75651068301838,STATIC,62.137496493127166,STATIC,162.82813920467038,138.79281797369424,HUNCH,UPRIGHT,140.6194466560455,LEFT_TILT,False,0.024904848947346125,0.0,0.07993932035327436,547.8315925598145,333.9626383781433,7.666666666666664,0.9981113970279694,False,
33.625,807,19.358923985055764,STATIC,73.84894729844969,STATIC,85.09292451236118,STATIC,65.25275234462056,STATIC,89.39192808940919,STATIC,79.27338763852043,STATIC,120.29745152812795,STATIC,62.369653740861466,STATIC,162.99079918148985,138.8179009646019,HUNCH,UPRIGHT,140.687882744287,LEFT_TILT,False,0.024849108967551325,0.0,0.07986644970329325,547.761344909668,333.9587116241455,7.708333333333336,0.9981314837932587,False,
33.666666666666664,808,18.949161938001772,STATIC,75.05141907183923,STATIC,84.88469257215584,STATIC,66.25685853320259,STATIC,88.87277350174146,STATIC,79.03620405699795,STATIC,118.95567139960109,STATIC,61.864359542574036,STATIC,161.02249002663504,139.41350680370599,HUNCH,UPRIGHT,140.1118821560246,LEFT_TILT,False,0.023525540436208914,0.0,0.07979202313887174,547.7930068969727,333.7699592113495,7.75,0.9981197118759155,False,
33.70833333333333,809,19.50541083560172,STATIC,76.32672289893347,STATIC,84.71300342875354,STATIC,66.97432585651494,STATIC,88.40550327001637,STATIC,79.24353940445233,STATIC,118.07273477472572,STATIC,61.793146185102756,STATIC,159.393304110564,140.4966161602894,HUNCH,UPRIGHT,139.66726492591155,LEFT_TILT,False,0.021118630754912455,0.0,0.07971461760802219,547.8787040710449,333.64051580429077,7.791666666666664,0.9980917870998383,False,
33.75,810,19.144082186399157,STATIC,77.41496516799508,STATIC,84.58195864152937,STATIC,67.62974305244157,STATIC,88.13124643358067,STATIC,79.46783370689093,STATIC,117.5110252927818,STATIC,61.40813991311545,STATIC,158.27938947851825,141.55230847613797,HUNCH,UPRIGHT,139.2202012443019,LEFT_TILT,False,0.01877264783080453,0.0,0.07963432515772283,548.0131530761719,333.51483821868896,7.833333333333336,0.9980800151824951,False,
33.791666666666664,811,18.784412684354287,STATIC,78.05598825209574,STATIC,84.47032725726628,STATIC,68.09697628599913,STATIC,87.3726456790098,STATIC,79.63101162627842,STATIC,116.33101425678105,STATIC,61.71066311911606,STATIC,157.1276415785976,142.68728234481165,HUNCH,UPRIGHT,138.5949681877056,LEFT_TILT,False,0.016250483678196332,0.0,0.0795509253663024,548.1853675842285,333.36480617523193,7.875,0.9980808794498444,False,
33.83333333333333,812,18.53857073296908,STATIC,76.84685231637972,STATIC,84.49216994197589,STATIC,67.8099277463544,STATIC,87.01576689754951,STATIC,79.34096654563109,STATIC,115.64534739077247,STATIC,61.15855524973148,STATIC,156.80058844745687,142.6420444356265,HUNCH,UPRIGHT,137.37162169566332,LEFT_TILT,False,0.016351012365274437,0.0,0.07946787686038778,549.046802520752,333.40003967285156,7.916666666666664,0.9980625510215759,False,
33.875,813,26.172470343449625,EXTENSION,76.57757730891265,STATIC,84.63236511689752,STATIC,68.36868909738537,STATIC,86.37648141156795,STATIC,77.5052043339003,STATIC,114.41110264987992,STATIC,60.01657969371753,STATIC,156.72816147393846,142.2929439888922,HUNCH,UPRIGHT,136.69834373373052,LEFT_TILT,False,0.01712679113579511,0.0,0.07938606441193032,549.0846824645996,332.7769947052002,7.958333333333336,0.9981230199337006,False,
33.916666666666664,814,24.928775288666394,STATIC,75.03248242884175,STATIC,85.01309202444864,STATIC,66.61662413269133,STATIC,87.11418514282278,STATIC,77.82956725133397,STATIC,115.08341787498644,STATIC,60.29523282808189,STATIC,160.95045123719288,138.85551654707152,HUNCH,UPRIGHT,137.2012459899114,LEFT_TILT,False,0.02476551878428553,0.0,0.07931447785147468,548.9616203308105,332.5869119167328,8.0,0.9981795251369476,False,
33.95833333333333,815,23.978635244390365,STATIC,72.97452233857881,STATIC,85.29228546922262,STATIC,64.56070458546338,STATIC,87.84596920245578,STATIC,78.75092368822803,STATIC,115.64843256142485,STATIC,60.57544284399024,STATIC,164.71376313270173,136.46938998102303,HUNCH,UPRIGHT,137.69884139598386,LEFT_TILT,False,0.030068022264393274,0.0,0.07925001913997327,548.8927268981934,332.5720417499542,8.041666666666664,0.998227596282959,False,
34.0,816,21.743911580728515,STATIC,72.30412733466329,STATIC,85.19593039458454,STATIC,64.97427755215197,STATIC,87.61612063624985,STATIC,78.25466434905283,STATIC,115.47970220173033,STATIC,60.278865427138044,STATIC,163.57625789984525,137.17511701021274,HUNCH,UPRIGHT,137.83642545666854,LEFT_TILT,False,0.028499739977305,0.0,0.0791836789057737,548.9090538024902,332.56449937820435,8.083333333333336,0.998269110918045,False,
34.041666666666664,817,31.326184053088895,EXTENSION,74.35783923674195,STATIC,85.14033570307585,STATIC,66.95550212393611,STATIC,87.2996306604916,STATIC,78.16434365549343,STATIC,115.38358879267744,STATIC,60.12520554458859,STATIC,162.3275959439378,137.18548590310465,HUNCH,UPRIGHT,138.2681713191143,LEFT_TILT,False,0.02847669799310078,0.0,0.07911748180275455,548.830451965332,332.35082387924194,8.125,0.998288482427597,False,
34.08333333333333,818,26.717494161873333,STATIC,74.8394613915667,STATIC,85.05632920537367,STATIC,67.39639753599876,STATIC,87.19670933284475,STATIC,78.06395908455234,STATIC,115.6832720533495,STATIC,59.66845114946669,STATIC,161.44481410494976,137.07229769579587,HUNCH,UPRIGHT,138.56718133644915,LEFT_TILT,False,0.028728227342675845,0.0,0.07905178525195913,548.9092636108398,332.1230185031891,8.166666666666664,0.9982872307300568,False,
34.125,819,23.974061213974696,STATIC,75.89351672782104,STATIC,85.13447207249475,STATIC,67.11673394095571,STATIC,87.55321926939472,STATIC,78.49462757451285,STATIC,116.68948945700546,STATIC,59.50477498198563,STATIC,162.30084371136834,135.94309404807612,HUNCH,UPRIGHT,139.0992457948965,LEFT_TILT,False,0.031237568782053082,0.0,0.07898952715759729,548.9938926696777,332.01334834098816,8.208333333333336,0.9982764720916748,False,
34.166666666666664,820,26.445638864140346,STATIC,75.95921830111291,STATIC,85.11094751211584,STATIC,67.07847366776902,STATIC,87.6384163542814,STATIC,78.73312319554475,STATIC,116.64569726721507,STATIC,59.24291845368251,STATIC,162.13560822913772,136.26230010706922,HUNCH,UPRIGHT,139.39326782808863,LEFT_TILT,False,0.030528221984290616,0.0,0.07892650855529129,549.0025329589844,331.8255293369293,8.25,0.9982694387435913,False,
34.20833333333333,821,25.11861134878425,STATIC,76.09781143928521,STATIC,85.06420052985328,STATIC,67.3343600192448,STATIC,87.63326472456056,STATIC,78.97468466197502,STATIC,116.36391379124996,STATIC,58.92079540861975,STATIC,161.35015816936456,137.02007864504534,HUNCH,UPRIGHT,139.40753800212627,LEFT_TILT,False,0.02884426967767702,0.0,0.07886146668661906,549.0513229370117,331.82247161865234,8.291666666666664,0.9982376098632812,False,
34.25,822,24.864353229620665,STATIC,76.46113027179919,STATIC,85.15549425109653,STATIC,67.07060852999261,STATIC,87.92990907779831,STATIC,79.38749656841091,STATIC,117.2280561899877,STATIC,58.665628495491696,STATIC,162.2366639514488,136.74053126851143,HUNCH,UPRIGHT,139.47226561354316,LEFT_TILT,False,0.029465486069974605,0.0,0.07879739926688283,549.1104698181152,331.786390542984,8.333333333333336,0.9982124269008636,False,
34.291666666666664,823,25.450521815737076,STATIC,77.25523537661974,STATIC,85.25349162099901,STATIC,66.69679539218573,STATIC,88.19368850956366,STATIC,79.88094986163007,STATIC,118.01156401732037,STATIC,58.498470828395206,STATIC,163.07838478327722,136.52932013830969,HUNCH,UPRIGHT,139.68696682528002,LEFT_TILT,False,0.029934844137089578,0.0,0.07873410580168878,549.2311668395996,331.4905536174774,8.375,0.9981678426265717,False,
34.33333333333333,824,22.72071427668234,STATIC,78.15140590733448,STATIC,85.46672970535683,STATIC,65.34409832352976,STATIC,89.01509514462612,STATIC,81.09925991757345,STATIC,119.58761478442428,STATIC,58.70490801725986,STATIC,166.44112379924505,133.40131249008837,HUNCH,UPRIGHT,140.19495311442796,LEFT_TILT,False,0.036885972244248055,0.0,0.07867996850083828,549.2311477661133,330.9131169319153,8.416666666666664,0.9981378316879272,False,
34.375,825,18.01195810754425,STATIC,80.5834319711146,STATIC,85.43518388668349,STATIC,65.84058258342814,STATIC,89.00773155371014,STATIC,81.58250810277526,STATIC,119.65206682568167,STATIC,59.23988026645546,STATIC,165.854274279058,133.2397212648697,HUNCH,UPRIGHT,141.51447199092033,LEFT_TILT,False,0.037245063855845105,0.0,0.0786264350323047,549.3236351013184,329.75196719169617,8.458333333333336,0.9981064796447754,False,
34.416666666666664,826,19.490303814083205,STATIC,82.70649296878835,STATIC,85.27033943530783,STATIC,65.96846848532397,STATIC,88.42581576957939,STATIC,82.44727339470016,STATIC,119.15023004746531,STATIC,59.17872359128828,STATIC,162.97838491786948,137.18623220137098,HUNCH,UPRIGHT,141.80860173271662,LEFT_TILT,False,0.028475039552508925,0.0,0.07856172355426624,549.9503326416016,329.5978581905365,8.5,0.9979554116725922,False,
34.45833333333333,827,29.61234619077996,EXTENSION,84.16375292056274,STATIC,85.16040205747407,STATIC,65.99715262591738,STATIC,88.29716855707065,STATIC,81.91976534322261,STATIC,120.36913674610183,STATIC,59.47378259391294,STATIC,162.73168014536643,136.98747335902934,HUNCH,UPRIGHT,143.49495200131238,LEFT_TILT,False,0.028916725868823694,0.0,0.07849774804178501,549.8974990844727,329.5295262336731,8.541666666666664,0.9978297650814056,False,
34.5,828,32.956278672385196,STATIC,83.9801377223238,STATIC,85.49360329776681,STATIC,63.81233736932983,STATIC,89.54776103212863,STATIC,82.65412545666096,STATIC,122.25459201914408,STATIC,60.55802178944825,STATIC,167.9442340339498,133.83315321310872,HUNCH,UPRIGHT,145.1298545034146,LEFT_TILT,False,0.03592632619309174,0.0,0.07844295856707627,549.6242141723633,329.4094705581665,8.583333333333336,0.9977410137653351,False,
34.541666666666664,829,27.79915074918202,FLEXION,86.57689303793404,STATIC,84.88611818829116,STATIC,64.31761624008641,STATIC,89.13874308743188,STATIC,82.90028436555062,STATIC,123.09489854525094,STATIC,62.116379371694656,STATIC,161.75082453387856,138.2783534253674,HUNCH,UPRIGHT,145.4776733086091,LEFT_TILT,False,0.026048103499183517,0.0,0.07837561299500957,550.0614356994629,329.39820528030396,8.625,0.9975097179412842,False,
34.58333333333333,830,26.029098277611716,STATIC,87.93202097244128,STATIC,84.74918555738934,STATIC,65.26918853584588,STATIC,89.6664739657728,STATIC,83.7898108232605,STATIC,124.53626501678656,STATIC,63.58227750541043,STATIC,160.93385084316455,139.50073441195647,HUNCH,UPRIGHT,145.87103715383472,LEFT_TILT,False,0.023331701306763392,0.0,0.0783049532880927,549.8190498352051,330.2640116214752,8.666666666666664,0.9973330497741699,False,
34.625,831,24.48307624974919,STATIC,88.19870565777951,STATIC,85.05584914619473,STATIC,63.88568305395169,STATIC,90.10051797018656,STATIC,83.82363962610907,STATIC,125.85821552261905,STATIC,63.78674917172841,STATIC,165.27329681845785,135.57378824348046,HUNCH,UPRIGHT,146.49833449614584,LEFT_TILT,False,0.03205824834782119,0.0,0.07824566264073338,549.5787048339844,330.3573203086853,8.708333333333336,0.9972517490386963,False,
34.666666666666664,832,22.78793201730913,STATIC,89.69701145794356,STATIC,85.27233937720074,STATIC,63.18625314850589,STATIC,90.35317884988953,STATIC,83.91871154165021,STATIC,127.02640129175796,STATIC,64.50642043400529,STATIC,167.41316620719942,133.42774445541974,HUNCH,UPRIGHT,146.30043788748756,LEFT_TILT,False,0.0368272345435117,0.0,0.07819263008235025,549.4570159912109,330.63942432403564,8.75,0.997240424156189,False,
34.70833333333333,833,22.603327279612728,STATIC,88.11924484132747,STATIC,85.88705653756202,STATIC,61.54713430026273,STATIC,91.54890853207323,STATIC,85.75424124765624,STATIC,128.38657774728696,STATIC,65.96178861790168,STATIC,176.10414854341707,130.76739464939126,HUNCH,UPRIGHT,146.6538391966506,LEFT_TILT,False,0.04273912300135274,0.0,0.07814729311677353,548.7384986877441,330.99363684654236,8.791666666666664,0.9972813725471497,False,
34.75,834,20.179712281816773,STATIC,85.51268699026325,STATIC,85.97037055843086,STATIC,62.227038660750694,STATIC,91.30237034365331,STATIC,85.31963437323249,STATIC,128.46984176529728,STATIC,66.52707941605081,STATIC,175.3904794200128,128.617714174469,HUNCH,UPRIGHT,145.18778569722252,LEFT_TILT,False,0.04751619072340222,0.0,0.07810817293491737,548.9032936096191,331.4456534385681,8.833333333333336,0.9973669946193695,False,
34.791666666666664,835,21.089318439403108,STATIC,82.9527315869787,STATIC,85.86888105848199,STATIC,62.82864813711846,STATIC,91.1050939676588,STATIC,85.12974243823436,STATIC,128.13933167795213,STATIC,67.4577302467008,STATIC,173.97717322006707,129.3135266945173,HUNCH,UPRIGHT,142.66059686962527,LEFT_TILT,False,0.04596994067885044,0.0,0.07806718029173361,549.2674446105957,331.72141671180725,8.875,0.997435063123703,False,
34.83333333333333,836,22.286960564693597,STATIC,80.19557310608172,STATIC,85.73932286447214,STATIC,63.74803870792559,STATIC,91.04842496260748,STATIC,85.06769497001339,STATIC,127.77126694177345,STATIC,68.46363846546615,STATIC,172.92915721980555,129.8933990901618,HUNCH,UPRIGHT,141.18472094504813,LEFT_TILT,False,0.04468133535519599,0.0,0.07802465055296094,549.3954658508301,331.93501710891724,8.916666666666664,0.9974682629108429,False,
34.875,837,20.21542274772811,STATIC,76.61779519230971,STATIC,85.75953693131495,STATIC,64.4517990731839,STATIC,90.85730020222337,STATIC,84.81038813740331,STATIC,127.8480675460701,STATIC,69.1449656852947,STATIC,172.02286616550896,130.33691349281239,HUNCH,UPRIGHT,137.130404027193,LEFT_TILT,False,0.04369574779375026,0.0,0.07798097510415787,550.143985748291,332.32152342796326,8.958333333333336,0.9975264966487885,False,
34.916666666666664,838,23.144395477519414,STATIC,73.15365661380905,STATIC,85.76862568190633,STATIC,64.99576225392062,STATIC,90.94163621973411,STATIC,84.62646196133032,STATIC,127.79988947869316,STATIC,69.799144392434,STATIC,171.50972057267325,131.21593982476523,HUNCH,UPRIGHT,135.0212713898335,LEFT_TILT,False,0.04174235594496615,0.0,0.07793492857409537,550.3834533691406,332.5695312023163,9.0,0.9975540041923523,False,
34.95833333333333,839,25.445599830557708,STATIC,72.62359387651907,STATIC,85.71332529451199,STATIC,65.30433568138714,STATIC,90.97295754755945,STATIC,84.51849188735848,STATIC,127.59309592897033,STATIC,70.77862703210735,STATIC,171.38862558883298,130.5759765130304,HUNCH,UPRIGHT,135.60263926087526,LEFT_TILT,False,0.043164496637710194,0.0,0.07789080366047052,550.2650451660156,332.6954233646393,9.041666666666664,0.9976086616516113,False,
35.0,840,25.468610749039343,STATIC,73.22920948734439,STATIC,85.58371183875036,STATIC,65.36992911629156,STATIC,90.77333337584126,STATIC,84.13183069852575,STATIC,127.77086640441493,STATIC,71.3237963521354,STATIC,169.37316643149566,132.55199497765582,HUNCH,UPRIGHT,135.74061563613486,LEFT_TILT,False,0.03877334449409816,0.0,0.07784122513174255,550.2339172363281,332.78921484947205,9.083333333333336,0.9976288974285126,False,
35.041666666666664,841,26.69998213115503,STATIC,78.249845575225,EXTENSION,85.54491521501987,STATIC,65.70142297523063,STATIC,90.63369071080214,STATIC,83.32536789411742,STATIC,126.57901857974925,STATIC,71.60929324125196,STATIC,168.23609253804884,133.0169291194115,HUNCH,UPRIGHT,137.82103979794823,LEFT_TILT,False,0.037740157512418916,0.0,0.07779046428665479,549.4882774353027,332.75163173675537,9.125,0.9975970983505249,False,
35.08333333333333,842,26.105859581127795,STATIC,83.14321085675876,STATIC,85.43872844617505,STATIC,65.87737046817081,STATIC,90.25582808166881,STATIC,83.02582985078888,STATIC,126.16455102204895,STATIC,72.59775408940386,STATIC,166.904331851138,133.54459547781545,HUNCH,UPRIGHT,141.85442002737182,LEFT_TILT,False,0.03656756560485456,0.0,0.07773834937049574,548.6898612976074,332.570196390152,9.166666666666664,0.9975650608539581,False,
35.125,843,24.658519550660877,STATIC,86.63744827455645,STATIC,85.4282218743177,STATIC,66.03345589973915,STATIC,89.4992356587927,STATIC,82.670935654359,STATIC,123.77770878810176,STATIC,72.95952214868704,STATIC,165.3995177692802,133.89311016415985,HUNCH,UPRIGHT,143.46108664088828,LEFT_TILT,False,0.03579308852408921,0.0,0.07768538818255837,548.2948303222656,332.3127043247223,9.208333333333336,0.9974727630615234,False,
35.166666666666664,844,24.73006189871266,STATIC,90.04753266285553,STATIC,85.17090898945409,STATIC,66.95570886299767,STATIC,89.02870200451422,STATIC,82.49212178453277,STATIC,124.10245792869584,STATIC,73.00429615406738,STATIC,162.3605995673137,136.18677090259783,HUNCH,UPRIGHT,143.56537660248486,LEFT_TILT,False,0.030696064660893696,0.0,0.07762613304570885,548.1681632995605,332.1688735485077,9.25,0.9973853826522827,False,
35.20833333333333,845,24.862633227086473,STATIC,93.64070978085638,STATIC,85.08317371506863,STATIC,67.43138367830706,STATIC,88.81801725317405,STATIC,82.61274109914066,STATIC,123.41399124148597,STATIC,72.8352712761063,STATIC,161.56196935481842,136.56376277102046,HUNCH,UPRIGHT,145.18891896704162,LEFT_TILT,False,0.029858304953287857,0.0,0.07756597205314912,547.8321266174316,332.03415155410767,9.291666666666664,0.9972952604293823,False,
35.25,846,24.484042078600616,STATIC,97.30378317601225,STATIC,84.82000842484322,STATIC,69.07498585592715,STATIC,88.40488089807212,STATIC,82.24665265193705,STATIC,123.03003455422935,STATIC,71.8270275585622,STATIC,158.45695563881318,138.2823391323777,HUNCH,UPRIGHT,145.26319085825193,LEFT_TILT,False,0.026039246372493996,0.0,0.07750115856172692,547.7434539794922,331.7068147659302,9.333333333333336,0.9972976744174957,False,
35.291666666666664,847,30.610263192381588,EXTENSION,99.51476963455885,STATIC,84.99093256042072,STATIC,70.14284688223013,STATIC,88.06130718411451,STATIC,81.95552810418442,STATIC,122.2526082496962,STATIC,71.1576864023786,STATIC,160.75551875652178,136.31089549066868,HUNCH,UPRIGHT,147.6468746751371,LEFT_TILT,False,0.030420232242958496,0.0,0.07744201166936665,547.2962379455566,331.496057510376,9.375,0.9973322451114655,False,
35.33333333333333,848,49.51431126561338,EXTENSION,101.45964072112514,STATIC,85.07358734483866,STATIC,70.74512066323844,STATIC,87.70763960441371,STATIC,82.0302500635109,STATIC,120.542608078245,STATIC,70.70271131912718,STATIC,160.4999176142959,134.7971174372577,HUNCH,UPRIGHT,152.71744916828953,LEFT_TILT,False,0.03378418347276069,0.0,0.07738723396773979,546.4620971679688,330.21594643592834,9.416666666666664,0.9973563253879547,False,
35.375,849,51.763893995222375,STATIC,103.8586069961536,STATIC,85.05473472098015,STATIC,69.51357528684812,STATIC,87.45039685966387,STATIC,81.86465592355164,STATIC,121.89439615203311,STATIC,70.96911042923668,STATIC,160.57707533850675,135.7990530121443,HUNCH,UPRIGHT,155.0244929265666,LEFT_TILT,False,0.031557659973012665,0.0,0.07732980342388675,545.6237411499023,330.0438988208771,9.458333333333336,0.997394472360611,False,
35.416666666666664,850,67.31605215555216,EXTENSION,105.25020191082751,STATIC,85.34318716937987,STATIC,64.75328830863431,STATIC,90.02642620139645,STATIC,83.89377626408066,STATIC,122.97335883760545,STATIC,73.498350528554,STATIC,171.85404522027588,127.2227950319303,HUNCH,UPRIGHT,159.16686550849377,LEFT_TILT,False,0.050616011040154896,0.0,0.07729636939086582,544.2718696594238,330.3869104385376,9.5,0.9975139796733856,False,
35.45833333333333,851,62.79716358396759,STATIC,105.66737048294951,STATIC,85.17801228032303,STATIC,70.74482243349888,EXTENSION,86.79825068883933,STATIC,80.96278857609302,STATIC,117.26437727348342,FLEXION,72.4041115090114,STATIC,157.9733168691519,139.55467389382684,HUNCH,UPRIGHT,158.14163139417582,LEFT_TILT,False,0.023211835791495883,0.0,0.0772287637238666,544.4837760925293,330.9396493434906,9.541666666666664,0.9975995719432831,False,
35.5,852,69.00308054818676,EXTENSION,109.95751892829342,STATIC,85.8022523328557,STATIC,76.3765629814968,EXTENSION,82.97995298177044,STATIC,77.84394911442169,STATIC,119.0577703354497,STATIC,71.46916938993773,STATIC,148.24435766476546,146.15965109709094,HUNCH,FORWARD_TILT,158.53879202809722,LEFT_TILT,False,0.012435536084763554,0.0,0.07714787330234463,543.749885559082,330.84051489830017,9.583333333333336,0.9977258145809174,False,
35.541666666666664,853,19.839222322312544,FLEXION,108.91874456612567,STATIC,83.93430914802336,STATIC,73.59101445146891,STATIC,84.05516574788132,STATIC,77.94681509230651,STATIC,119.79595421762353,STATIC,70.57607257238524,STATIC,149.2547953634147,143.52843823157932,HUNCH,FORWARD_TILT,155.5301296577625,LEFT_TILT,False,0.016037258677791082,0.0,0.07707167552849854,545.2068901062012,331.2115180492401,9.625,0.9976274371147156,False,
35.58333333333333,854,21.361789643946025,STATIC,108.21127718679041,STATIC,83.58361799439238,STATIC,73.87654085939594,STATIC,83.84525153168957,STATIC,77.29285376728922,STATIC,118.64685351790193,STATIC,68.60009968893208,STATIC,149.19911213034516,143.6731001646417,HUNCH,FORWARD_TILT,152.70901566286273,LEFT_TILT,False,0.015839528233362505,0.0,0.07699542129774495,547.1813011169434,332.3231112957001,9.666666666666664,0.9975679814815521,False,
35.625,855,56.022641290525776,EXTENSION,109.0194032573932,STATIC,84.42938276933667,STATIC,65.74649192969864,FLEXION,86.06701070819598,STATIC,77.60070856511004,STATIC,118.69965470948264,STATIC,68.98619692648963,STATIC,153.57590278115745,142.41633761787517,HUNCH,UPRIGHT,152.9714988947939,LEFT_TILT,False,0.1835192497380552,0.0,0.07712791362167569,547.3006248474121,332.4534559249878,9.708333333333336,0.9976521730422974,False,
35.666666666666664,856,27.502482139559046,FLEXION,111.17917047324462,STATIC,84.00530228130316,STATIC,67.55930891767618,STATIC,85.72315218189816,STATIC,78.93617134472429,STATIC,116.25127446035063,STATIC,67.99621456843933,STATIC,153.34898927480197,141.74515686816798,HUNCH,UPRIGHT,153.69084665180125,LEFT_TILT,False,0.018344095848515596,0.0,0.07705489024555996,547.5168609619141,332.43152618408203,9.75,0.9975966513156891,False,
35.70833333333333,857,16.601539202926993,FLEXION,111.00844425949664,STATIC,83.9558717968903,STATIC,67.5652976728217,STATIC,88.24197854372447,STATIC,81.02866911833335,STATIC,120.3120649059244,STATIC,68.01041720017972,STATIC,157.77130458819312,138.62619466941246,HUNCH,UPRIGHT,154.8651971834243,LEFT_TILT,False,0.025275122956861223,0.0,0.076990647358105,548.458080291748,331.97080850601196,9.791666666666664,0.9974578619003296,False,
35.75,858,26.572406190217595,EXTENSION,111.43296593015651,STATIC,83.2365681419374,STATIC,67.9048510555635,STATIC,86.8316917932248,STATIC,80.7059544471705,STATIC,118.88927577635312,STATIC,66.72902893000655,STATIC,151.30222544499475,140.56651764484857,HUNCH,UPRIGHT,152.10778144155432,LEFT_TILT,False,0.020963294122558707,0.0,0.07692122065025427,549.2375183105469,331.1174154281616,9.833333333333336,0.9971183836460114,False,
35.791666666666664,859,34.48273047951526,EXTENSION,110.47568356885236,STATIC,83.59120018851291,STATIC,68.8461932533799,STATIC,86.95562981744098,STATIC,80.12742811241174,STATIC,117.5290690815191,STATIC,65.16902955014888,STATIC,152.43692400683912,138.01181696514286,HUNCH,UPRIGHT,152.46097128422747,LEFT_TILT,False,0.02664040674412697,0.0,0.07685899192017243,548.5651588439941,329.997056722641,9.875,0.9971559047698975,False,
35.83333333333333,860,68.74846594967916,EXTENSION,108.86652966605588,STATIC,85.09402434920634,STATIC,74.2070487964543,EXTENSION,84.88618770345909,STATIC,77.82877253073521,STATIC,114.67736001485353,STATIC,63.829508212347,STATIC,149.4723777665712,142.0211684618564,HUNCH,FORWARD_TILT,153.52479450767103,LEFT_TILT,False,0.018903230603494192,0.0,0.07678735315463882,546.4110565185547,329.54227209091187,9.916666666666664,0.9972670674324036,False,
35.875,861,49.788441502540685,FLEXION,105.81453029487587,STATIC,84.74611068014315,STATIC,61.6052597350274,FLEXION,92.18039605145428,EXTENSION,84.79860051969432,EXTENSION,117.95938934542518,STATIC,68.46440653894891,STATIC,173.66073025907082,127.32386955819442,HUNCH,UPRIGHT,160.60133326723843,LEFT_TILT,False,0.21705806764845684,0.0,0.07696052687623613,544.7104454040527,327.36032724380493,9.958333333333336,0.997326523065567,False,
35.916666666666664,862,46.96746684667657,STATIC,105.77078091439652,STATIC,85.42607691903888,STATIC,58.70033221501129,STATIC,94.5804936799304,STATIC,89.51644049248397,STATIC,118.79311486435786,STATIC,73.96636942324747,EXTENSION,174.46756789986722,124.64012731706919,HUNCH,UPRIGHT,162.65013728912362,LEFT_TILT,False,0.05635527262873515,0.0,0.07693511965768188,545.8896827697754,327.1482503414154,10.0,0.997371256351471,True,[!] Long Stay Detected: 10.0s
35.95833333333333,863,63.363022416079076,EXTENSION,105.3477787090574,STATIC,85.20596895850433,STATIC,58.8576439481121,STATIC,94.45133443989828,STATIC,90.58928925055051,STATIC,119.98093050916266,STATIC,77.78765458606775,STATIC,173.4584022641884,118.23367619517319,HUNCH,UPRIGHT,166.32686808590532,LEFT_TILT,False,0.0705918306773929,0.0,0.07692730772544014,545.9578895568848,326.6166687011719,10.041666666666664,0.9974607825279236,True,
36.0,864,58.426277634373584,STATIC,106.29962192455018,STATIC,85.20609566380833,STATIC,62.293710671461106,STATIC,92.44807536441962,STATIC,87.98521972284226,STATIC,117.45720644604418,STATIC,78.25770030938746,STATIC,174.52401803978347,120.49214376374262,HUNCH,UPRIGHT,167.0937425847631,LEFT_TILT,False,0.06557301385834972,0.0,0.07691334180432441,546.9393920898438,328.09237718582153,10.083333333333336,0.9975104629993439,True,
36.041666666666664,865,30.8883069819115,FLEXION,105.58151446454934,STATIC,85.49685230492459,STATIC,62.3116498704352,STATIC,92.05557435798342,STATIC,88.73577922980043,STATIC,116.29888909517054,STATIC,80.71478163461079,STATIC,176.2959720231702,128.52667839597464,HUNCH,UPRIGHT,167.34159832825475,LEFT_TILT,False,0.047718492453389695,0.0,0.07687747589603088,548.2383728027344,328.99224758148193,10.125,0.9973506927490234,True,
36.08333333333333,866,40.989017026762056,EXTENSION,105.19440475486132,STATIC,85.65193524176831,STATIC,63.0658179893866,STATIC,91.7807891944247,STATIC,88.45068307278673,STATIC,115.60004136973737,STATIC,81.70002543246645,STATIC,175.22428639084538,127.67509866523446,HUNCH,UPRIGHT,166.7928248646535,LEFT_TILT,False,0.049610891855034533,0.0,0.07684401996469223,549.1478157043457,329.19806957244873,10.166666666666664,0.9972533583641052,True,
36.125,867,26.38398995441362,FLEXION,106.74572100473071,STATIC,85.54022636315601,STATIC,63.84400346399252,STATIC,90.90281641959986,STATIC,87.06218558481538,STATIC,113.53118944692973,STATIC,78.7529081011363,STATIC,171.07947043105358,130.17574890415565,HUNCH,UPRIGHT,164.5310839837549,LEFT_TILT,False,0.04405389132409854,0.0,0.07680383598351503,549.2510986328125,330.72619915008545,10.208333333333336,0.9972032904624939,True,
36.166666666666664,868,52.08293910985046,EXTENSION,108.82679511406317,STATIC,85.12152391685338,STATIC,72.92780375409771,EXTENSION,86.11473962983784,STATIC,82.27360282347533,STATIC,109.04661271048859,STATIC,73.89155532751515,STATIC,151.02744616386963,138.486879738833,HUNCH,UPRIGHT,162.72157467882352,LEFT_TILT,False,0.025584711691482204,0.0,0.07674114427691522,548.2697486877441,330.67766189575195,10.25,0.9972432851791382,True,
36.20833333333333,869,16.643880510303674,FLEXION,111.31873786761172,STATIC,84.98283164394269,STATIC,70.37172292793278,STATIC,87.75929280147463,STATIC,83.80679711417953,STATIC,110.1286207634343,STATIC,72.49243772713146,STATIC,157.48091259243662,134.83983772122193,HUNCH,UPRIGHT,163.09219234400868,LEFT_TILT,False,0.033689249508395726,0.0,0.0766885135987141,548.1425857543945,330.7171440124512,10.291666666666664,0.997210681438446,True,
36.25,870,33.92191164064559,EXTENSION,113.31533771866809,STATIC,83.94963238911083,STATIC,78.319206579541,EXTENSION,84.26944438690911,STATIC,80.27779830437056,STATIC,106.37817178199566,STATIC,68.25641500271345,STATIC,144.324913849523,143.89486178228051,HUNCH,FORWARD_TILT,160.5612038984246,LEFT_TILT,False,0.026178276373769942,0.0,0.0766268405373894,548.4434509277344,331.13951683044434,10.333333333333336,0.9972623586654663,True,
36.291666666666664,871,37.67690228295742,STATIC,113.43678663802204,STATIC,84.04348302128123,STATIC,80.6211808622208,STATIC,84.37358256201819,STATIC,81.02728733855098,STATIC,104.20789614279484,STATIC,65.97155431394121,STATIC,143.71410812406765,144.4037811098258,HUNCH,FORWARD_TILT,159.8459906863492,LEFT_TILT,False,0.026404690591347906,0.0,0.07656559401306495,548.6797523498535,331.6675901412964,10.375,0.9973434805870056,True,
36.33333333333333,872,30.493815436207274,FLEXION,109.42025240945844,STATIC,84.78778227257277,STATIC,75.11595839116384,FLEXION,87.00994438498704,STATIC,84.38612897649645,STATIC,103.26558159750199,STATIC,67.00034745523631,STATIC,150.57469887393864,138.4346259833085,HUNCH,UPRIGHT,157.5054183742832,LEFT_TILT,False,0.19236749781486998,0.0,0.07670664383499164,550.515193939209,332.180814743042,10.416666666666664,0.9973927140235901,True,
36.375,873,33.069439354170264,STATIC,105.4571819459627,STATIC,84.96267447278086,STATIC,73.92827508625332,STATIC,85.74830130817858,STATIC,81.68802079281474,STATIC,106.78593351110625,STATIC,64.58148718837438,STATIC,152.73047296256897,136.85735677686293,HUNCH,UPRIGHT,157.35585623868081,LEFT_TILT,False,0.029205873829193485,0.0,0.07664885701016706,551.0406684875488,333.129597902298,10.458333333333336,0.9974383115768433,True,
36.416666666666664,874,36.318615084966375,STATIC,105.99366332646679,STATIC,84.67316823298802,STATIC,81.11875033520305,EXTENSION,84.56316435940704,STATIC,81.20119120016427,STATIC,106.27760487368509,STATIC,62.173757383291665,STATIC,147.6832175616652,139.82884925020943,HUNCH,FORWARD_TILT,157.6657835725008,LEFT_TILT,False,0.02775096264027858,0.0,0.07658944280072612,551.0852432250977,333.2229173183441,10.5,0.9974662959575653,True,
36.45833333333333,875,40.29781358140522,STATIC,109.11571177024754,STATIC,83.92932960451088,STATIC,89.61882599545396,EXTENSION,81.47778853285551,STATIC,78.77079783226634,STATIC,105.04243397096009,STATIC,59.44668528204617,STATIC,136.5075829459778,147.94512864733542,HUNCH,FORWARD_TILT,157.0811003980853,LEFT_TILT,False,0.03454952979263729,0.0,0.0765384234888231,552.1176719665527,332.1537780761719,10.541666666666664,0.9975205063819885,True,
36.5,876,43.50813911844004,STATIC,101.99442701497716,FLEXION,84.20016629653112,STATIC,84.35777927986975,FLEXION,82.30372182509443,STATIC,79.69223878399455,STATIC,104.23145855032732,STATIC,58.68795397076035,STATIC,140.01474821477396,145.97595743964587,HUNCH,FORWARD_TILT,157.85487028457865,LEFT_TILT,False,0.19779843187906707,0.0,0.07668540531717491,552.3184967041016,332.1329963207245,10.583333333333336,0.9975864589214325,True,
36.541666666666664,877,47.02904443621545,STATIC,99.70732928755413,STATIC,84.26594401379168,STATIC,82.2398376706312,STATIC,88.7297233006293,EXTENSION,82.2219750963806,STATIC,107.79109873683787,STATIC,59.0225132645923,STATIC,143.17045490334291,143.0320368047601,HUNCH,FORWARD_TILT,152.22737592595536,LEFT_TILT,False,0.030661129537548848,0.0,0.07662968585497197,553.7153053283691,332.184419631958,10.625,0.9974811673164368,True,
36.58333333333333,878,38.70604226595047,FLEXION,93.24205082392395,FLEXION,84.9856017678359,STATIC,71.73649423855267,FLEXION,90.1635285296205,STATIC,85.64286753545245,STATIC,109.14807257751166,STATIC,59.27125546867396,STATIC,157.50150165968827,135.21941107240033,HUNCH,UPRIGHT,148.52297776156698,LEFT_TILT,False,0.19951241983911036,0.0,0.07677827440876174,553.5915756225586,332.4073112010956,10.666666666666664,0.9972830414772034,True,
36.625,879,42.1497482871863,STATIC,92.53074806798548,STATIC,84.57662731184925,STATIC,73.71359028567304,STATIC,89.20760222248995,STATIC,85.66250289246405,STATIC,109.04006641007493,STATIC,59.10770951465703,STATIC,154.70022329398597,135.71179067491326,HUNCH,UPRIGHT,147.80139569126274,LEFT_TILT,False,0.03175157627797054,0.0,0.07672389433855546,553.0477905273438,332.4369764328003,10.708333333333336,0.9970938861370087,True,
36.666666666666664,880,42.14773103827641,STATIC,91.2474810207724,STATIC,84.64867452219838,STATIC,71.82505491210969,STATIC,90.22426269634285,STATIC,86.23515263619825,STATIC,110.57515134427494,STATIC,59.08031212190887,STATIC,157.75472615749138,134.23820476194345,HUNCH,UPRIGHT,147.29172855566512,LEFT_TILT,False,0.03502621164012565,0.0,0.07667359556569849,553.1056785583496,332.65536189079285,10.75,0.9969605803489685,True,
36.70833333333333,881,52.649869542730364,EXTENSION,90.9928619536342,STATIC,84.7254742067994,STATIC,73.28628706993702,STATIC,90.56359045568948,STATIC,85.68384627217597,STATIC,109.95323967332243,STATIC,58.68491095950589,STATIC,156.58330610789628,134.28774598592577,HUNCH,UPRIGHT,147.82901550482626,LEFT_TILT,False,0.03491612003127609,0.0,0.07662328535421123,552.9373741149902,332.6691806316376,10.791666666666664,0.9969446957111359,True,
36.75,882,50.43182283662186,STATIC,89.61028259102062,STATIC,85.14142109837371,STATIC,70.01593139764621,STATIC,91.88150596130889,STATIC,86.67335357462999,STATIC,110.8157049094467,STATIC,59.451132742114694,STATIC,162.2705766020573,131.17435854224445,HUNCH,UPRIGHT,150.5723027113734,LEFT_TILT,False,0.04183475879501234,0.0,0.07658142190468152,554.1090393066406,333.43117475509644,10.833333333333336,0.9968946874141693,True,
36.791666666666664,883,47.08426143179683,STATIC,89.21580449401047,STATIC,85.06254539479636,STATIC,71.26145005693387,STATIC,90.81603852928644,STATIC,85.90522130760425,STATIC,107.76780178600244,STATIC,58.986611560424365,STATIC,158.94789947817068,133.14693668808417,HUNCH,UPRIGHT,151.88472772994072,LEFT_TILT,False,0.03745125180425742,0.0,0.07653439045023389,554.9721145629883,333.5575604438782,10.875,0.9969099462032318,True,
36.83333333333333,884,33.86880235311953,FLEXION,85.39593334402055,STATIC,85.0452885997739,STATIC,71.27223853276465,STATIC,89.16535535287882,STATIC,85.66910023059468,STATIC,105.36388288365904,STATIC,58.63881210714746,STATIC,160.4363487465703,132.33866240299167,HUNCH,UPRIGHT,155.6197901691594,LEFT_TILT,False,0.039247416882240725,0.0,0.07648962817704302,554.8514747619629,334.06245946884155,10.916666666666664,0.9968867003917694,True,
36.875,885,29.552480882644524,STATIC,83.15620002938677,STATIC,84.72649124379596,STATIC,71.43356163843227,STATIC,88.70436252508976,STATIC,85.80737752736322,STATIC,105.75953857762272,STATIC,58.6185022086217,STATIC,159.1947132295155,133.2634289920001,HUNCH,UPRIGHT,156.3581181478566,LEFT_TILT,False,0.03719238001777758,0.0,0.07644250917445397,554.5723915100098,334.05901551246643,10.958333333333336,0.9967703819274902,True,
36.916666666666664,886,32.61307126847032,STATIC,82.02025842664531,STATIC,84.86744747238002,STATIC,66.53047551574059,STATIC,88.89716889529875,STATIC,86.11367960811313,STATIC,107.92962684021168,STATIC,58.67266398093502,STATIC,161.483846059072,132.28844812017707,HUNCH,UPRIGHT,158.6004566554918,LEFT_TILT,False,0.039359004177384284,0.0,0.07639809779122395,554.1236686706543,333.95992398262024,11.0,0.9966714084148407,True,
36.95833333333333,887,31.13461736631464,STATIC,80.94177932586656,STATIC,85.02547150853025,STATIC,66.51878843884917,STATIC,89.16818706064805,STATIC,86.36522508732989,STATIC,110.267642259497,STATIC,58.37616018988943,STATIC,162.7563294077481,130.92557837966768,HUNCH,UPRIGHT,160.92733160778937,LEFT_TILT,False,0.04238760360073849,0.0,0.07635741538190519,553.7022972106934,333.82760524749756,11.041666666666664,0.9966720044612885,True,
37.0,888,37.53999086041179,EXTENSION,80.20700384132851,STATIC,85.1188801180063,STATIC,64.54867173576164,STATIC,89.29482600845624,STATIC,86.40114380020934,STATIC,112.17474470546932,STATIC,59.028556256065535,STATIC,165.0765489000157,129.22747218918707,HUNCH,UPRIGHT,164.29982206712998,LEFT_TILT,False,0.046161172912917624,0.0,0.0763213386286567,552.8786659240723,333.4043526649475,11.083333333333336,0.9966972768306732,True,
37.041666666666664,889,64.58492743746218,EXTENSION,78.14033451751186,STATIC,85.66619113352174,STATIC,60.14282287608415,STATIC,91.56513251585947,STATIC,88.02065008736979,STATIC,114.48747772225009,STATIC,62.3190562364569,STATIC,175.26118246978515,124.94768384863511,HUNCH,UPRIGHT,166.91993038036495,LEFT_TILT,False,0.055671813669699755,0.0,0.07629669719075817,552.6050186157227,333.66605043411255,11.125,0.9967558979988098,True,
37.08333333333333,890,77.69177454835427,EXTENSION,76.42126292256711,STATIC,85.41381659903237,STATIC,59.740256378726606,STATIC,91.80620739969804,STATIC,88.30260195672365,STATIC,115.33684595885084,STATIC,66.75017171228842,STATIC,176.24500093463254,124.75312334205721,HUNCH,UPRIGHT,168.56513690762267,LEFT_TILT,False,0.056104170350983994,0.0,0.07627262981669408,552.6724815368652,333.179669380188,11.166666666666664,0.9968794882297516,True,
37.125,891,71.79034968132608,FLEXION,75.47510334061553,STATIC,85.40611604317094,STATIC,63.795679396588795,STATIC,89.57544576289854,STATIC,86.59430390205806,STATIC,115.24967941556301,STATIC,68.24801636487277,STATIC,167.46903454321674,125.96301330916815,HUNCH,UPRIGHT,167.83046109362053,LEFT_TILT,False,0.05341552597962632,0.0,0.0762454189787928,553.1312942504883,332.29923963546753,11.208333333333336,0.9970380067825317,True,
37.166666666666664,892,74.58774886484332,STATIC,74.68210809727266,STATIC,85.48764785657356,STATIC,57.89396775548299,FLEXION,92.82694988699005,STATIC,89.05910928117189,STATIC,118.79486283228142,STATIC,71.62472706581819,STATIC,177.13393969261634,120.18821947894796,HUNCH,UPRIGHT,169.64197233953067,LEFT_TILT,False,0.2329150678245601,0.0,0.07643170869204581,553.4183120727539,332.0388185977936,11.25,0.9971053004264832,True,
37.20833333333333,893,77.897766572915,STATIC,74.6870188888842,STATIC,85.49249324868066,STATIC,59.79713372114036,STATIC,92.0548979740054,STATIC,88.5709096863586,STATIC,116.82161914058143,STATIC,74.05360620758034,STATIC,178.02364123311224,123.04392395375417,HUNCH,UPRIGHT,171.86231412593708,LEFT_TILT,False,0.0599023912138796,0.0,0.07641207767366319,553.8873481750488,332.89010882377625,11.291666666666664,0.997126579284668,True,
37.25,894,76.5871087962389,STATIC,75.28362396547267,STATIC,85.48264505433548,STATIC,55.553508071552905,STATIC,93.12445473632287,STATIC,89.46587360438866,STATIC,119.32790491294557,STATIC,74.91340414627892,STATIC,174.2084725282684,116.09873884152984,HUNCH,UPRIGHT,174.35578746270465,LEFT_TILT,False,0.07533613590771149,0.0,0.07641080134891116,552.9361915588379,332.8885316848755,11.333333333333336,0.997226357460022,True,
37.291666666666664,895,74.60201206135021,STATIC,73.2124238570581,STATIC,85.13574402470421,STATIC,50.02167654318579,FLEXION,95.20936180499014,STATIC,92.69779680184675,STATIC,123.25513789854871,STATIC,79.85147366654341,STATIC,158.09449958334264,109.73799416305032,HUNCH,UPRIGHT,176.23208853248963,LEFT_TILT,False,0.25613779074877707,0.0,0.07662374801881622,550.9565162658691,332.47140526771545,11.375,0.9971916675567627,True,
37.33333333333333,896,71.43878700433793,STATIC,71.80482669499375,STATIC,85.59839317071716,STATIC,51.417019152895975,STATIC,93.43010489430527,STATIC,91.40248311563964,STATIC,126.6007375369141,STATIC,82.01938242489994,STATIC,163.76994569341932,117.93569615750803,HUNCH,UPRIGHT,175.10338360608583,LEFT_TILT,False,0.07125400853887102,0.0,0.07661739329753818,550.5853843688965,332.1391010284424,11.416666666666664,0.9972557723522186,True,
37.375,897,68.60094611365274,STATIC,72.67836461966996,STATIC,85.79583703884731,STATIC,52.93931811226524,STATIC,92.69392468622559,STATIC,90.21649363397255,STATIC,127.4945960682739,STATIC,84.0329384004532,STATIC,169.99386498483494,120.43805262406357,HUNCH,UPRIGHT,174.42664183032545,LEFT_TILT,False,0.06569321639096985,0.0,0.07660448055887793,550.4131126403809,332.1637451648712,11.458333333333336,0.9972514808177948,True,
37.416666666666664,898,68.47951733690756,STATIC,72.91242919996762,STATIC,85.43471896347171,STATIC,50.21897116830707,STATIC,95.15723644857972,STATIC,92.40577737327442,STATIC,130.780436591468,STATIC,92.67660392198783,EXTENSION,158.34447726750193,111.02865907839583,HUNCH,UPRIGHT,176.0522491081694,LEFT_TILT,False,0.08660297982578706,0.0,0.07661628516249884,550.3836822509766,332.19377517700195,11.5,0.9971944987773895,True,
37.45833333333333,899,67.91031246838865,STATIC,74.59757285271087,STATIC,85.13173681444579,STATIC,50.1712367138706,STATIC,95.33772214041387,STATIC,93.30956573639496,STATIC,131.0497650519213,STATIC,101.54672455540288,EXTENSION,154.12420289011837,110.75302652120492,HUNCH,UPRIGHT,0.27531048258039664,UPRIGHT,False,0.08721549661954464,0.0,0.07662878423261328,550.4365921020508,332.01736092567444,11.541666666666664,0.9971884787082672,True,
37.5,900,69.40555234961536,STATIC,73.98074417627393,STATIC,85.22775481032869,STATIC,52.195989910963064,STATIC,94.39187747567318,STATIC,92.45829298268858,STATIC,131.65740495255105,STATIC,104.72529180073961,STATIC,159.88395024482165,116.70266069720019,HUNCH,UPRIGHT,173.71842413344208,RIGHT_TILT,False,0.07399408733955515,0.0,0.07662568093827517,552.7175140380859,333.06504249572754,11.583333333333336,0.996987521648407,True,
37.541666666666664,901,66.36995994407513,STATIC,76.19988318468478,STATIC,85.50440596955661,STATIC,61.69026180723118,EXTENSION,91.33171450362453,STATIC,88.54260363500268,STATIC,127.71405066204348,STATIC,99.76217920814199,STATIC,177.87818530770247,128.75297601938695,HUNCH,UPRIGHT,2.589278779349404,UPRIGHT,False,0.04721560884580678,0.0,0.0765910808534605,553.6635780334473,334.0334165096283,11.625,0.9970068335533142,True,
37.58333333333333,902,64.36697686823508,STATIC,72.96508465220103,STATIC,85.5384799166986,STATIC,58.943565370091754,STATIC,91.74570840221976,STATIC,88.86912184262329,STATIC,131.3763712145942,STATIC,99.63424444585313,STATIC,176.41158829315793,125.37099356779237,HUNCH,UPRIGHT,0.9548555926419299,UPRIGHT,False,0.054731125404905843,0.0,0.07656539347925538,553.9339256286621,335.58212399482727,11.666666666666664,0.9968516528606415,True,
37.625,903,62.367277444935894,STATIC,63.1030105110193,FLEXION,85.42108391342236,STATIC,57.29055870983034,STATIC,93.52510756440071,STATIC,89.02224899456861,STATIC,133.5795403575501,STATIC,98.75296686441516,STATIC,168.24577033814847,117.72302289013362,HUNCH,UPRIGHT,2.7572885555970728,UPRIGHT,False,0.07172661579970308,0.0,0.07655971416273008,553.0851173400879,337.2550928592682,11.708333333333336,0.9964931011199951,True,
37.666666666666664,904,66.32576623359978,STATIC,76.79011410498815,EXTENSION,85.0886462900488,STATIC,53.4204217677919,STATIC,95.5537472690778,STATIC,91.93607370384184,STATIC,137.56163200665762,STATIC,100.60999552842353,STATIC,161.90990168543533,106.79246504960541,HUNCH,UPRIGHT,2.5991471764368588,UPRIGHT,False,0.09601674433421019,0.0,0.0765825242801644,552.5597190856934,337.0733678340912,11.75,0.9962138235569,True,
37.70833333333333,905,63.873165357868615,STATIC,78.48631159520708,STATIC,85.39021910548216,STATIC,59.20980026929285,EXTENSION,92.46379527856749,STATIC,87.3008619299105,STATIC,133.04286015572845,STATIC,94.5221667207547,FLEXION,175.68209437247833,121.90724530348257,HUNCH,UPRIGHT,0.5465020083715908,UPRIGHT,False,0.06242834377003873,0.0,0.07656595029830243,552.6668548583984,338.11513781547546,11.791666666666664,0.99603471159935,True,
37.75,906,63.46445432189608,STATIC,79.52510512111867,STATIC,85.61204161804655,STATIC,63.95526663138809,STATIC,91.09127004017483,STATIC,84.64773802385777,STATIC,132.47397518327307,STATIC,92.2704124757948,STATIC,176.36285318149265,126.12700251456397,HUNCH,UPRIGHT,1.3566936104341982,UPRIGHT,False,0.05305110552319118,0.0,0.0765384475558754,552.6864624023438,338.855277299881,11.833333333333336,0.99577596783638,True,
37.791666666666664,907,61.72198709973816,STATIC,78.57768954218047,STATIC,85.78642746637223,STATIC,62.31173186971976,STATIC,90.82225124126317,STATIC,85.03310998063402,STATIC,132.0578479223629,STATIC,91.80901900522542,STATIC,177.7316895449236,123.98647637823638,HUNCH,UPRIGHT,1.1142162874779575,UPRIGHT,False,0.057807830270585815,0.0,0.07651656599362623,552.6116561889648,338.56013774871826,11.875,0.9957555532455444,True,
37.83333333333333,908,62.83681369071708,STATIC,81.0771349419429,STATIC,86.23654243036057,STATIC,68.1437717640741,EXTENSION,88.1989045821851,STATIC,82.28758404944332,STATIC,131.48685197677028,STATIC,90.67663637774818,STATIC,169.82410655284278,127.48968968448624,HUNCH,UPRIGHT,1.386769507621222,UPRIGHT,False,0.050022911812252824,0.0,0.07648565157801203,552.3008728027344,338.55046033859253,11.916666666666664,0.9958796799182892,True,
37.875,909,59.74640858603883,STATIC,78.4830124174828,STATIC,87.17556782081085,STATIC,70.84104131532905,STATIC,85.57856072174178,STATIC,82.36823203740767,STATIC,129.30233591488852,STATIC,91.5982579113226,STATIC,160.08936521724556,137.25056375000537,HUNCH,UPRIGHT,4.676936187232382,UPRIGHT,False,0.02833208055554363,0.0,0.0764295285348623,551.5207672119141,337.2804665565491,11.958333333333336,0.9959332942962646,True,
37.916666666666664,910,56.43429232631625,STATIC,80.78770299884306,STATIC,86.82947014723375,STATIC,68.3780021250392,STATIC,86.72332093315572,STATIC,82.99503771951478,STATIC,131.1825006710946,STATIC,93.33163416568043,STATIC,164.99188298814605,132.59541388039824,HUNCH,UPRIGHT,5.3033197737135715,UPRIGHT,False,0.03867685804355947,0.0,0.0763855789766652,551.1048316955566,336.83056354522705,12.0,0.9960513114929199,True,
37.95833333333333,911,55.4986754844781,STATIC,82.37869560649268,STATIC,86.83754770369916,STATIC,66.33135199368381,STATIC,87.15131787105115,STATIC,83.02234256856825,STATIC,131.55301990704237,STATIC,92.90401960185915,STATIC,167.16479049557887,132.54043093631833,HUNCH,UPRIGHT,5.564493137677831,UPRIGHT,False,0.038799042363737025,0.0,0.07634187370153389,550.8309364318848,336.60743594169617,12.041666666666664,0.9961806237697601,True,
38.0,912,54.1035702152876,STATIC,84.32827122918852,STATIC,86.4025847833283,STATIC,54.880807396305215,FLEXION,90.46718866679223,STATIC,86.41319470668756,STATIC,136.5861529361022,EXTENSION,96.4739990978475,STATIC,177.16861607022238,119.8656260408782,HUNCH,UPRIGHT,3.376424315848139,UPRIGHT,False,0.2336319421313818,0.0,0.07652455670784034,550.5471611022949,336.14832758903503,12.083333333333336,0.9961803257465363,True,
38.041666666666664,913,52.0791209865017,STATIC,83.60152356235471,STATIC,86.12574920098277,STATIC,48.596765745771094,FLEXION,93.55994202701403,STATIC,89.08918556250677,STATIC,137.72727278825462,STATIC,98.32727187544415,STATIC,167.16611711775735,114.41668839830812,HUNCH,UPRIGHT,1.1044571679250665,UPRIGHT,False,0.24574069244820418,0.0,0.07672086312981291,550.5545806884766,335.84795236587524,12.125,0.9962320625782013,True,
38.08333333333333,914,50.66125433014147,STATIC,85.88960710545798,STATIC,86.21058103458543,STATIC,51.393727686368024,STATIC,92.72022795392215,STATIC,87.5435702133821,STATIC,137.6494398576943,STATIC,96.72845417366419,STATIC,170.89703498806887,116.71164775851351,HUNCH,UPRIGHT,0.5102173602717968,UPRIGHT,False,0.07397411609219222,0.0,0.07671768034066155,550.2384948730469,335.57082653045654,12.166666666666664,0.9962133169174194,True,
38.125,915,44.48117973438004,FLEXION,84.42993870576798,STATIC,86.40121142741096,STATIC,50.50692638620288,STATIC,93.60441102081221,STATIC,87.76699570413695,STATIC,138.81979354962593,STATIC,96.08854717294155,STATIC,168.64007934589876,119.83013483098443,HUNCH,UPRIGHT,1.136235735573513,UPRIGHT,False,0.06704414482003458,0.0,0.07670648411899415,550.6588363647461,335.61580181121826,12.208333333333336,0.9962164461612701,True,
38.166666666666664,916,44.93026056925286,STATIC,84.22973477061204,STATIC,86.28347210324598,STATIC,50.572310012265824,STATIC,93.53003399464009,STATIC,88.02248563623873,STATIC,138.48106788891073,STATIC,96.12626812296769,STATIC,168.1318008598648,121.56458024725671,HUNCH,UPRIGHT,2.023370597096274,UPRIGHT,False,0.06318982167276284,0.0,0.07669085791963436,551.136302947998,335.4579269886017,12.25,0.9962449073791504,True,
38.20833333333333,917,33.96472795457891,FLEXION,81.9903481116909,STATIC,86.94220073358227,STATIC,51.345445384765085,STATIC,93.64526538955432,STATIC,87.803093727409,STATIC,139.9386936239625,STATIC,95.04899891508704,STATIC,168.78490776621612,124.72866693464962,HUNCH,UPRIGHT,3.5987793657277325,UPRIGHT,False,0.05615851792300083,0.0,0.07666714852010013,552.0871543884277,334.6833050251007,12.291666666666664,0.9962038695812225,True,
38.25,918,36.93328055872498,STATIC,82.61316163235003,STATIC,86.84944146384814,STATIC,52.04832345737895,STATIC,93.95236641545586,STATIC,87.93145955125172,STATIC,138.93937636930028,STATIC,93.88153159307936,STATIC,168.31402245302607,124.51411161788265,HUNCH,UPRIGHT,4.990339365354412,UPRIGHT,False,0.05663530751581632,0.0,0.07664404374385529,552.6568031311035,334.73586559295654,12.333333333333336,0.9962159395217896,True,
38.291666666666664,919,29.48238124499363,FLEXION,82.32405931279872,STATIC,87.3237661354422,STATIC,52.52534184921726,STATIC,93.71866018004151,STATIC,88.05785941297458,STATIC,139.33365566799134,STATIC,92.90155038596302,STATIC,167.86373482964095,125.77672505849608,HUNCH,UPRIGHT,7.485963838529434,UPRIGHT,False,0.0538294998700087,0.0,0.07661775970713426,553.1310653686523,335.124968290329,12.375,0.9961268305778503,True,
38.33333333333333,920,30.51827802801578,STATIC,77.9034875193093,STATIC,87.25792839547752,STATIC,52.12666201576091,STATIC,93.62962673190009,STATIC,87.92596364244287,STATIC,138.95354638835659,STATIC,91.35330963868095,STATIC,168.09702116562667,126.82127637707268,HUNCH,UPRIGHT,170.8945471494772,RIGHT_TILT,False,0.051508274717616286,0.0,0.07658886501784828,553.2789421081543,335.28802514076233,12.416666666666664,0.9959618449211121,True,
38.375,921,31.36332771640975,STATIC,78.78405564784265,STATIC,87.28487657697555,STATIC,52.13451213620283,STATIC,93.6184074591494,STATIC,88.40102975561216,STATIC,137.96094486606373,STATIC,90.17184364132406,STATIC,166.86798260522207,127.34086869518126,HUNCH,UPRIGHT,169.3608695453488,RIGHT_TILT,False,0.050353625121819436,0.0,0.07655870956969192,553.2220649719238,334.9059069156647,12.458333333333336,0.9957793653011322,True,
38.416666666666664,922,47.09689542069618,EXTENSION,78.43109134485064,STATIC,86.98355323565862,STATIC,51.33182635803228,STATIC,93.07497606241152,STATIC,88.65180887304687,STATIC,135.85971538222157,STATIC,89.70653147309011,STATIC,165.8958997524019,122.89684032710439,HUNCH,UPRIGHT,168.31468977600755,RIGHT_TILT,False,0.06022924371754582,0.0,0.0765399616180821,553.0401802062988,334.9755585193634,12.5,0.9957998991012573,True,
38.45833333333333,923,45.618796560459906,STATIC,84.05317756997884,EXTENSION,86.87413708437732,STATIC,52.612996944494434,STATIC,92.4921122909191,STATIC,88.96062068366875,STATIC,135.5023249448292,STATIC,89.20176256800279,STATIC,165.9675201496587,122.34465042593466,HUNCH,UPRIGHT,167.83324782424728,RIGHT_TILT,False,0.061456332386811884,0.0,0.07652266387813798,552.5767707824707,334.65357542037964,12.541666666666664,0.9958651661872864,True,
38.5,924,48.77931487035867,STATIC,86.05168121795771,STATIC,86.93564790261681,STATIC,52.65912079228767,STATIC,92.38635446987233,STATIC,88.9934607357439,STATIC,134.09361431899285,STATIC,89.59447814449867,STATIC,166.50320355186642,122.73704361839285,HUNCH,UPRIGHT,169.57588042807012,RIGHT_TILT,False,0.06058434751468256,0.0,0.07650440692926805,551.5987586975098,333.66077184677124,12.583333333333336,0.9959300756454468,True,
38.541666666666664,925,47.45425365110453,STATIC,95.50306668567791,EXTENSION,87.40606449337088,STATIC,57.79113211875797,EXTENSION,91.93585209232651,STATIC,88.82541690122264,STATIC,133.745953336318,STATIC,87.61563072278456,STATIC,172.78984421857334,114.44038885545147,HUNCH,UPRIGHT,8.128413083638144,UPRIGHT,False,0.07902135809899673,0.0,0.0765072867360984,551.1703109741211,333.01974534988403,12.625,0.9961563348770142,True,
38.58333333333333,926,51.323641830128636,STATIC,91.12533477062011,STATIC,87.06679795959,STATIC,62.57305676196786,STATIC,90.49906468007627,STATIC,88.97997204166411,STATIC,129.44296887219738,STATIC,86.61530697949345,STATIC,177.97285792074086,119.90358812019193,HUNCH,UPRIGHT,3.3193543349243284,UPRIGHT,False,0.06688091528846236,0.0,0.07649628516872968,551.8795394897461,334.5877540111542,12.666666666666664,0.9964717328548431,True,
38.625,927,48.40303515408567,STATIC,93.95729407632811,STATIC,87.19020534843054,STATIC,64.79340369302177,STATIC,90.11228611928865,STATIC,87.85103925248464,STATIC,128.3819914657602,STATIC,87.0311668439752,STATIC,177.4066120340291,120.1949408874196,HUNCH,UPRIGHT,1.7878249189784516,UPRIGHT,False,0.0662334646946231,0.0,0.07648456962024325,552.0881080627441,335.0520122051239,12.708333333333336,0.996758222579956,True,
38.666666666666664,928,47.92234686012571,STATIC,92.69508466711625,STATIC,87.25977398745674,STATIC,65.55874273778093,STATIC,89.85896130690293,STATIC,86.94035163730817,STATIC,126.599150922441,STATIC,85.39077131467167,STATIC,176.38672341970303,121.5829068230158,HUNCH,UPRIGHT,1.34730379260302,UPRIGHT,False,0.06314909594885376,0.0,0.07646936383498511,552.7338790893555,336.04084610939026,12.75,0.9970081150531769,True,
38.70833333333333,929,38.021638394023746,FLEXION,89.94727518774128,STATIC,87.93625124135805,STATIC,48.06899661606918,FLEXION,94.47098687755353,STATIC,92.27911334394331,EXTENSION,135.59307460224255,EXTENSION,95.55509001083585,EXTENSION,155.51189427476916,107.62656643638717,HUNCH,UPRIGHT,6.559675957908097,UPRIGHT,False,0.2608298523635841,0.0,0.07667934161235254,553.0035781860352,334.90564942359924,12.791666666666664,0.996988832950592,True,
38.75,930,36.70976474134048,STATIC,93.67312253777571,STATIC,88.39869643612586,STATIC,51.309199153543936,STATIC,94.43426918602971,STATIC,90.88581281961248,STATIC,136.71808634039988,STATIC,95.03930395483246,STATIC,159.8882114939272,104.31593512897439,HUNCH,UPRIGHT,6.41000889265743,UPRIGHT,False,0.10152014415783468,0.0,0.07670760191103909,553.2795715332031,335.1592254638672,12.833333333333336,0.9969977736473083,True,
38.791666666666664,931,29.20761801892356,FLEXION,91.17947199417196,STATIC,88.80264407912854,STATIC,49.526214493398406,STATIC,94.2408261152195,STATIC,90.56394754032596,STATIC,139.01106667961346,STATIC,97.36917499283565,STATIC,153.09895728709077,108.07557849377365,HUNCH,UPRIGHT,9.87672151268924,UPRIGHT,False,0.09316538112494743,0.0,0.07672630393287308,553.7102317810059,335.52982091903687,12.875,0.9969583749771118,True,
38.83333333333333,932,34.274736119658094,EXTENSION,96.301258329292,EXTENSION,88.19114243047567,STATIC,54.63187756152985,EXTENSION,91.98795174857752,STATIC,88.25560034988708,STATIC,136.41183970285564,STATIC,93.25279720100816,STATIC,159.76424602994373,110.98408383318701,HUNCH,UPRIGHT,10.67199450370005,LEFT_TILT,False,0.08670203592625107,0.0,0.07673762712469304,554.2731094360352,335.38307189941406,12.916666666666664,0.9969933032989502,True,
38.875,933,30.79104202433679,STATIC,97.9690748497537,STATIC,88.16827193827116,STATIC,56.4514312206633,STATIC,91.60161643121967,STATIC,86.98736078472145,STATIC,137.61875323664395,STATIC,89.20910495499884,STATIC,163.15899313349198,113.96585345289003,HUNCH,UPRIGHT,169.77376812695033,RIGHT_TILT,False,0.08007588121579994,0.0,0.07674141199327705,554.0343284606934,335.2163350582123,12.958333333333336,0.9969368577003479,True,
38.916666666666664,934,19.15129897964243,FLEXION,106.18427656630249,EXTENSION,88.51150964871373,STATIC,64.82634984692719,EXTENSION,90.91499789791935,STATIC,84.97422706267483,STATIC,137.86299244380723,STATIC,84.55275563614725,STATIC,172.83600094752094,125.18202362550015,HUNCH,UPRIGHT,172.38443226110812,RIGHT_TILT,False,0.05515105860999966,0.0,0.07671696085694264,554.2182922363281,336.3344943523407,13.0,0.9970168769359589,True,
38.95833333333333,935,15.393616471810827,STATIC,77.36339658113322,FLEXION,88.72461641957732,STATIC,58.55475878180495,FLEXION,91.87172258010045,STATIC,84.68171002846604,STATIC,145.2721166551276,EXTENSION,82.11588151526625,STATIC,171.09284296878022,130.89653738764832,HUNCH,UPRIGHT,170.18191444448703,RIGHT_TILT,False,0.20911880580522593,0.0,0.07686673669964433,553.9870834350586,337.8694474697113,13.041666666666664,0.9969797134399414,True,
39.0,936,18.11631859231599,STATIC,77.06199337501377,STATIC,87.94890046763028,STATIC,66.08477784780487,EXTENSION,91.36455775731254,STATIC,81.8383811732653,STATIC,143.7838174716559,STATIC,77.59015438645514,STATIC,177.29280536470657,135.44861587369743,HUNCH,UPRIGHT,177.0223138479282,LEFT_TILT,False,0.032336409169561264,0.0,0.07681641994537305,553.9548683166504,339.9156725406647,13.083333333333336,0.9970636069774628,True,
39.041666666666664,937,19.821322815635703,STATIC,87.56466100601342,EXTENSION,87.83073565476424,STATIC,66.33999318314453,STATIC,91.92578468267457,STATIC,82.24262891898137,STATIC,144.10785401499962,STATIC,74.69594421327092,STATIC,178.77629506083582,135.1546435830597,HUNCH,UPRIGHT,174.83542296635886,LEFT_TILT,False,0.03298968092653398,0.0,0.07676695409997933,554.4707489013672,340.4144024848938,13.125,0.9970401525497437,True,
39.08333333333333,938,20.953900433039117,STATIC,92.32948117964884,STATIC,87.92596484817494,STATIC,64.7200289835321,STATIC,93.1123745198119,STATIC,83.42660461357853,STATIC,144.22162436745796,STATIC,74.17570654877056,STATIC,177.2302097870898,130.55543062065823,HUNCH,UPRIGHT,173.94013437603726,LEFT_TILT,False,0.04321015417631505,0.0,0.07672912230750621,554.1373062133789,338.17939281463623,13.166666666666664,0.9970721006393433,True,
39.125,939,25.819146190882513,STATIC,92.80325877024075,STATIC,87.48912467404286,STATIC,67.45792040830197,STATIC,93.09333608631546,STATIC,82.96148631977034,STATIC,143.91552867486803,STATIC,72.27545115607238,STATIC,179.05470351711608,131.9833646665249,HUNCH,UPRIGHT,172.55706788952133,LEFT_TILT,False,0.040036967407722446,0.0,0.07668780231324969,554.1318130493164,338.23665261268616,13.208333333333336,0.9970468282699585,True,
39.166666666666664,940,19.692168992997775,FLEXION,96.0270540027897,STATIC,87.32455792266353,STATIC,67.54410760479034,STATIC,93.28661292675731,STATIC,83.10682212666704,STATIC,143.800434045896,STATIC,70.78896031795625,STATIC,175.17460571530708,134.0315134528643,HUNCH,UPRIGHT,173.76863342960542,LEFT_TILT,False,0.035485525660301574,0.0,0.07664145554536111,554.3103408813477,338.25793862342834,13.25,0.9969573020935059,True,
39.20833333333333,941,21.354785796392697,STATIC,94.42710442255104,STATIC,87.10213497733528,STATIC,65.95951376053794,STATIC,93.49479048130462,STATIC,83.94625763949578,STATIC,143.6568431120143,STATIC,70.61914339963457,STATIC,177.02429505381633,133.51708136506156,HUNCH,UPRIGHT,172.99561378553557,LEFT_TILT,False,0.036628708077640994,0.0,0.07659649740213896,554.1935729980469,338.0878758430481,13.291666666666664,0.9968093037605286,True,
39.25,942,20.92766333967834,STATIC,94.02036262160347,STATIC,87.03366049983303,STATIC,65.84734437402125,STATIC,93.38857010040981,STATIC,84.73213384451562,STATIC,141.6052911071274,STATIC,70.20082107790944,STATIC,175.30750979380034,135.47234823036192,HUNCH,UPRIGHT,4.629497598038718,UPRIGHT,False,0.032283670599195756,0.0,0.07654676358978997,554.2526245117188,338.17519783973694,13.333333333333336,0.9966706335544586,True,
39.291666666666664,943,19.30975917081274,STATIC,98.95500332163958,STATIC,86.7829237715386,STATIC,69.77498679121905,STATIC,93.56134750518734,STATIC,84.24240706203828,STATIC,141.59858055349224,STATIC,69.58405903843851,STATIC,172.89053675718606,136.07596454204727,HUNCH,UPRIGHT,172.2404347328047,LEFT_TILT,False,0.03094230101767274,0.0,0.07649563751067326,554.4662094116211,338.5565114021301,13.375,0.9967248439788818,True,
39.33333333333333,944,15.900903016639472,STATIC,100.2406617808269,STATIC,86.65458141663292,STATIC,70.66279160440169,STATIC,93.66280362507278,STATIC,83.69913417948042,STATIC,141.1419392331314,STATIC,68.36959820232381,STATIC,174.0153698556533,135.44154771342383,HUNCH,UPRIGHT,172.43774229000618,LEFT_TILT,False,0.0323521161923915,0.0,0.07644620467605032,555.1066780090332,339.85108494758606,13.416666666666664,0.9968165457248688,True,
39.375,945,10.377151778163064,FLEXION,95.06681062513339,FLEXION,87.4984559540558,STATIC,65.65531436333521,FLEXION,92.35528293957546,STATIC,83.64754988611311,STATIC,133.56228581580783,FLEXION,67.34949854756371,STATIC,175.50068666132435,130.52585066896245,HUNCH,UPRIGHT,1.046108797096903,UPRIGHT,False,0.20994255406897233,0.0,0.07659552945165761,555.145320892334,341.64878726005554,13.458333333333336,0.996900886297226,True,
39.416666666666664,946,15.27688494158408,STATIC,93.71752940884281,STATIC,87.2938990559908,STATIC,65.78129671856637,STATIC,92.40983779362415,STATIC,84.70567033786445,STATIC,137.6963038869487,STATIC,66.53597367824803,STATIC,176.12854544279378,128.93537190329224,HUNCH,UPRIGHT,175.7360978240878,LEFT_TILT,False,0.04681028465935059,0.0,0.07656224984853771,554.8929786682129,339.2210876941681,13.5,0.9969195127487183,True,
39.45833333333333,947,15.975103357613362,STATIC,101.18604412983134,EXTENSION,87.18367587092214,STATIC,68.15081493204768,STATIC,91.06227180546696,STATIC,84.72487533944094,STATIC,134.72996603464333,STATIC,65.22817510658494,STATIC,177.45401236630127,133.54976068158652,HUNCH,UPRIGHT,171.3382101964292,LEFT_TILT,False,0.036556087374252165,0.0,0.07651760011363337,554.695930480957,338.3095121383667,13.541666666666664,0.9969149529933929,True,
39.5,948,10.764415769137832,FLEXION,102.39820007477138,STATIC,87.43016739697659,STATIC,67.50020242535743,STATIC,90.70523072310048,STATIC,84.86815287529508,STATIC,134.61210929989772,STATIC,63.37618868841716,STATIC,178.87474913499233,132.84234512690483,HUNCH,UPRIGHT,169.87037219750232,LEFT_TILT,False,0.0381281219402115,0.0,0.07647480247910336,554.2903518676758,338.16073536872864,13.583333333333336,0.9968233108520508,True,
39.541666666666664,949,17.641495226669953,EXTENSION,106.20545806712671,STATIC,87.47021911580777,STATIC,67.79379064063414,STATIC,90.97944715760487,STATIC,86.15587688819329,STATIC,133.9850426268393,STATIC,63.23726088253412,STATIC,179.1537282441642,131.284734200406,HUNCH,UPRIGHT,169.28622505488391,LEFT_TILT,False,0.04158947955465331,0.0,0.07643595468074652,554.2642402648926,338.16826701164246,13.625,0.996841549873352,True,
39.58333333333333,950,10.069004033126483,FLEXION,118.97913125710154,EXTENSION,87.75486363158807,STATIC,68.74066800587796,STATIC,91.13772251089053,STATIC,86.39127663194327,STATIC,135.14122190720346,STATIC,61.727723284992365,STATIC,177.44950803149462,129.83207619243538,HUNCH,UPRIGHT,169.19125965482561,LEFT_TILT,False,0.04481760846125471,0.0,0.0764007841065313,554.3917274475098,338.157742023468,13.666666666666664,0.9968754947185516,True,
39.625,951,10.019963377482705,STATIC,124.11113483115201,EXTENSION,87.66888702140754,STATIC,68.22762321448599,STATIC,91.19850784521974,STATIC,86.55297551379692,STATIC,135.67523040243734,STATIC,59.80000104630076,STATIC,177.77427474691441,130.52734009291368,HUNCH,UPRIGHT,168.0646977436463,LEFT_TILT,False,0.04327257757130295,0.0,0.07636397498815882,554.4445419311523,338.9431357383728,13.708333333333336,0.9967099726200104,True,
39.666666666666664,952,16.292899528753175,EXTENSION,121.17955904831857,STATIC,87.41565979665555,STATIC,68.11568366569402,STATIC,92.07107058686442,STATIC,87.25020006733016,STATIC,138.0808645329359,STATIC,59.65937615806906,STATIC,175.76977496874107,129.50005927552402,HUNCH,UPRIGHT,169.6182291832909,LEFT_TILT,False,0.04555542383216885,0.0,0.07632978125768602,554.2859840393066,338.3933687210083,13.75,0.9967073202133179,True,
39.70833333333333,953,14.858779549612656,STATIC,127.04693293230983,EXTENSION,87.47909136401886,STATIC,70.67131021054178,STATIC,92.3302153346905,STATIC,87.40313544354896,STATIC,138.4408679571846,STATIC,59.079752307972285,STATIC,176.0644991815422,128.57445129091784,HUNCH,UPRIGHT,170.70831967889148,LEFT_TILT,False,0.04761233046462702,0.0,0.07629794372909061,554.6430778503418,337.88007974624634,13.791666666666664,0.996800035238266,True,
39.75,954,12.332946892982228,STATIC,131.0105846020935,STATIC,87.47457787150616,STATIC,71.90950223826479,STATIC,92.04344902624487,STATIC,87.33396101027647,STATIC,136.8762190172961,STATIC,57.91812706527423,STATIC,176.91909148722303,126.3636689144884,HUNCH,UPRIGHT,171.11681384106103,LEFT_TILT,False,0.05252518019002576,0.0,0.07627161730213707,554.6380233764648,337.8830623626709,13.833333333333336,0.9968576431274414,True,
39.791666666666664,955,10.746073398068555,STATIC,123.68732486095108,FLEXION,87.93416964389873,STATIC,71.96148145192903,STATIC,92.33796055604306,STATIC,87.65979303867377,STATIC,136.24877897055413,STATIC,56.646781543109235,STATIC,174.88378335973414,127.86736083426041,HUNCH,UPRIGHT,172.70666261725327,LEFT_TILT,False,0.04918364259053243,0.0,0.07624165272834105,554.2455291748047,337.79955983161926,13.875,0.9968979060649872,True,
39.83333333333333,956,11.441379186475432,STATIC,122.8924756009851,STATIC,88.15483603763441,STATIC,70.36648213225864,STATIC,92.79526236933262,STATIC,88.0592816431368,STATIC,138.7250705084835,STATIC,55.262211419965475,STATIC,167.34558086228745,126.60970395849935,HUNCH,UPRIGHT,0.7064953941582818,UPRIGHT,False,0.05197843564777923,0.0,0.07621484254372164,553.8661575317383,338.2381010055542,13.916666666666664,0.9968514442443848,True,
39.875,957,11.728867228699029,STATIC,126.66019898426649,STATIC,88.0546195308845,STATIC,72.27950496332117,STATIC,92.71094271879814,STATIC,87.78912176629065,STATIC,140.7967854995418,STATIC,54.18521982176656,STATIC,170.34734191272878,126.0688754310694,HUNCH,UPRIGHT,1.7398738353884502,UPRIGHT,False,0.053180276819845794,0.0,0.07618941807824274,553.5238265991211,338.35164427757263,13.958333333333336,0.996907502412796,True,
39.916666666666664,958,12.43713812723155,STATIC,126.19432778131295,STATIC,89.03567608924371,STATIC,71.52596457527265,STATIC,93.6219967538961,STATIC,88.05077041611545,STATIC,143.44485076850307,STATIC,53.09799848218938,STATIC,166.66030266044567,124.35509284834363,HUNCH,UPRIGHT,1.5155708255459404,UPRIGHT,False,0.05698868255923639,0.0,0.07616824857932433,553.9229202270508,338.2007324695587,14.0,0.9970115423202515,True,
39.95833333333333,959,12.117538580435118,STATIC,124.0830579160103,STATIC,88.45170265293396,STATIC,71.89650629269406,STATIC,93.42602430002646,STATIC,87.8539805389407,STATIC,142.49757678126554,STATIC,52.76225433797991,STATIC,169.14953204628856,126.5702327046685,HUNCH,UPRIGHT,1.4075144145312901,UPRIGHT,False,0.05206614954518111,0.0,0.07614170441739246,553.9285850524902,338.2093155384064,14.041666666666664,0.9971302151679993,True,
40.0,960,12.111601509240385,STATIC,120.25432510290318,STATIC,88.4273451815904,STATIC,71.98060337343257,STATIC,93.3449001092579,STATIC,87.57363221400352,STATIC,143.53984208775543,STATIC,52.57175708484541,STATIC,169.88635110106085,125.53041855066384,HUNCH,UPRIGHT,1.5857443769677437,UPRIGHT,False,0.05437684766519146,0.0,0.07611776068059135,553.9630317687988,338.31982254981995,14.083333333333336,0.9972299635410309,True,
40.041666666666664,961,16.864639089585395,STATIC,120.84635799990427,STATIC,87.69549985969213,STATIC,73.23834825938066,STATIC,92.46661874481123,STATIC,87.3175525599412,STATIC,140.3847390348249,STATIC,52.63937268587482,STATIC,170.8260958706401,122.60963392934552,HUNCH,UPRIGHT,0.3602856792975359,UPRIGHT,False,0.06086748015700997,0.0,0.07610100213056545,553.5359382629395,338.3888840675354,14.125,0.9972920715808868,True,
40.08333333333333,962,20.306832243052625,STATIC,121.93649282254441,STATIC,87.22806524409607,STATIC,76.46292292530448,STATIC,92.0353570905259,STATIC,86.55524879178962,STATIC,141.1650869582278,STATIC,52.53933285074535,STATIC,176.453897575181,129.10728073971435,HUNCH,UPRIGHT,177.21258443713518,LEFT_TILT,False,0.046428265022856983,0.0,0.07606843052012888,553.6807250976562,338.6659348011017,14.166666666666664,0.9973995089530945,True,
40.125,963,16.334840161763935,STATIC,121.52746437028101,STATIC,87.37077842948524,STATIC,77.23550817011233,STATIC,91.66673367014278,STATIC,86.37003545400539,STATIC,142.24424278360587,STATIC,51.94283852792146,STATIC,177.49514793596316,131.7842223353603,HUNCH,UPRIGHT,175.46176661866434,LEFT_TILT,False,0.04047950592142154,0.0,0.07602940757648996,553.6483764648438,338.9198434352875,14.208333333333336,0.9974876344203949,True,
40.166666666666664,964,34.88595658337941,EXTENSION,118.89805063272671,STATIC,86.59942288375379,STATIC,77.4747610247193,STATIC,90.90971790078653,STATIC,85.53677715246236,STATIC,140.07133299273767,STATIC,52.300843131388085,STATIC,178.90639956934191,130.84691159933328,HUNCH,UPRIGHT,172.46904117598382,LEFT_TILT,False,0.04256241866814825,0.0,0.07599275150977765,554.2362403869629,339.6533203125,14.25,0.99760901927948,True,
40.20833333333333,965,26.27693969666837,FLEXION,117.96351128398008,STATIC,87.25336213809985,STATIC,77.51352266633172,STATIC,90.79926097159532,STATIC,85.11013093393701,STATIC,141.3452594718806,STATIC,52.93746011936115,STATIC,178.65146888098346,133.28673725022054,HUNCH,UPRIGHT,173.03422191152458,LEFT_TILT,False,0.037140583888398804,0.0,0.07595024366774113,554.4728660583496,339.69066739082336,14.291666666666664,0.9976994395256042,True,
40.25,966,24.363776321553775,STATIC,108.9866330285248,FLEXION,87.3997648491741,STATIC,76.20773671130844,STATIC,91.01317301074221,STATIC,84.82016145351542,STATIC,142.20263816653497,STATIC,53.68936693667989,STATIC,178.00407658676116,133.26949523463514,HUNCH,UPRIGHT,170.68635682058851,LEFT_TILT,False,0.03717889947858858,0.0,0.07590787061398249,554.8445892333984,339.4186592102051,14.333333333333336,0.997769683599472,True,
40.291666666666664,967,20.970984384539996,STATIC,118.6837339392483,EXTENSION,87.12132231477547,STATIC,73.9965686271243,STATIC,91.19674518240119,STATIC,85.78738357846079,STATIC,141.7609502169312,STATIC,53.53072282193807,STATIC,171.23425910278664,129.91385791590355,HUNCH,UPRIGHT,177.37897484015582,LEFT_TILT,False,0.044635871297992104,0.0,0.07587373087673797,554.2201805114746,338.21558117866516,14.375,0.9978216290473938,True,
40.33333333333333,968,22.462153576024793,STATIC,110.12940036961166,FLEXION,87.09821579093851,STATIC,72.75344367505885,STATIC,91.39100466917516,STATIC,85.5402035875406,STATIC,140.71569604776025,STATIC,54.117071467340764,STATIC,171.67348127412745,128.8433259230626,HUNCH,UPRIGHT,178.5880211923681,RIGHT_TILT,False,0.047014831282083135,0.0,0.07584225988481359,554.2139625549316,337.69808650016785,14.416666666666664,0.9978570640087128,True,
40.375,969,26.461751555847357,STATIC,114.08823154892448,STATIC,86.93699082432252,STATIC,72.99726304454762,STATIC,91.20208823316811,STATIC,85.25803869609187,STATIC,139.31900098106428,STATIC,55.089521479666054,STATIC,171.52619166897307,127.13215447572304,HUNCH,UPRIGHT,177.92100585060496,RIGHT_TILT,False,0.05081743449839323,0.0,0.0758149997264406,554.302921295166,337.7617943286896,14.458333333333336,0.9978977143764496,True,
40.416666666666664,970,34.574716481006824,EXTENSION,115.37402250400429,STATIC,86.61340652181593,STATIC,73.15659956799972,STATIC,91.49845175019364,STATIC,85.15740746532873,STATIC,139.52327191528596,STATIC,55.78158757147862,STATIC,173.39308192040266,127.7344579512261,HUNCH,UPRIGHT,0.7061461849249773,UPRIGHT,False,0.049478982330608656,0.0,0.07578634247138528,555.2151870727539,337.4804735183716,14.5,0.9979852735996246,True,
40.45833333333333,971,32.24982522405399,STATIC,122.39331618721239,EXTENSION,86.94049141480275,STATIC,78.29076787194754,EXTENSION,91.11178661789381,STATIC,85.33295260876163,STATIC,137.36334018581204,STATIC,56.72450334287512,STATIC,178.22978669261548,133.50810322177733,HUNCH,UPRIGHT,0.0045998867447181015,UPRIGHT,False,0.036648659507161487,0.0,0.07574380151164156,556.4101219177246,337.39888072013855,14.541666666666664,0.9980880916118622,True,
40.5,972,32.27377288488098,STATIC,129.74943281867257,EXTENSION,87.08502399629705,STATIC,86.32205061352089,EXTENSION,90.93255387123548,STATIC,84.61080678595003,STATIC,135.6743386492751,STATIC,57.78070154100077,STATIC,166.05959674980835,137.88904465642113,HUNCH,UPRIGHT,6.082060378667356,UPRIGHT,False,0.026913234096841914,0.0,0.0756907824373584,557.2048377990723,336.1836040019989,14.583333333333336,0.998168557882309,True,
40.541666666666664,973,35.94366365841825,STATIC,130.5885797204071,STATIC,86.90284749578379,STATIC,87.67145766049073,STATIC,91.1161361664948,STATIC,85.56071453800956,STATIC,129.75195564318008,FLEXION,58.48358604389752,STATIC,163.9497834239928,139.06867034282888,HUNCH,UPRIGHT,9.453750510731172,UPRIGHT,False,0.02429184368260247,0.0,0.07563503521528166,557.6208877563477,338.3856010437012,14.625,0.9982934892177582,True,
40.58333333333333,974,31.43221124303797,STATIC,130.66104618671957,STATIC,86.91233544482475,STATIC,87.15753861472295,STATIC,92.13142680415396,STATIC,84.59788202192615,STATIC,131.95466969008456,STATIC,56.54580787009638,STATIC,167.49302454927968,140.262213970682,HUNCH,UPRIGHT,9.747427660810255,UPRIGHT,False,0.021639524509595536,0.0,0.07557653520368286,558.9699172973633,340.17868995666504,14.666666666666664,0.9983556270599365,True,
40.625,975,33.72843794470156,STATIC,129.4015857133237,STATIC,86.85572053459103,STATIC,87.00188592645856,STATIC,92.19804876663373,STATIC,83.51565174475084,STATIC,131.66726652306266,STATIC,55.61315070215751,STATIC,165.5510927373333,139.27395895768848,HUNCH,UPRIGHT,12.448903567881095,RIGHT_TILT,False,0.023835646760692275,0.0,0.07552053857116879,559.006404876709,340.97601413726807,14.708333333333336,0.99836665391922,True,
40.666666666666664,976,33.18968882829335,STATIC,125.74960783826022,STATIC,86.78940916129932,STATIC,84.86378083364842,STATIC,91.93093491103139,STATIC,83.27450280888522,STATIC,129.98466475790156,STATIC,55.924668624895034,STATIC,164.8593874823119,141.42529034761077,HUNCH,UPRIGHT,12.975065236578407,RIGHT_TILT,False,0.019054910338642744,0.0,0.07545949464875525,558.8744354248047,340.8476972579956,14.75,0.9984345138072968,True,
40.70833333333333,977,24.303746649918192,FLEXION,105.90824958224445,FLEXION,86.69959996766221,STATIC,73.39226357476458,FLEXION,92.12194031986851,STATIC,84.90912942139504,STATIC,128.4625066303153,STATIC,57.15433237385462,STATIC,167.5610006189173,141.0827483179404,HUNCH,UPRIGHT,161.7311777087422,LEFT_TILT,False,0.186482781515688,0.0,0.07557939020692689,560.6208038330078,340.8153820037842,14.791666666666664,0.9984714388847351,True,
40.75,978,23.86394657743192,STATIC,107.8631262532785,STATIC,86.63472285830429,STATIC,67.50430095175957,FLEXION,91.94897742745812,STATIC,84.84014999090746,STATIC,125.9224887675813,STATIC,57.46278607793218,STATIC,174.162185587201,142.88936125683864,HUNCH,UPRIGHT,161.58231931340302,LEFT_TILT,False,0.18246808609591414,0.0,0.07569469624348459,561.4819145202637,341.3628315925598,14.833333333333336,0.9985416233539581,True,
40.791666666666664,979,30.35864467060782,EXTENSION,111.95545479062896,STATIC,86.57728823257283,STATIC,70.43537732321195,STATIC,91.98245428444594,STATIC,82.13429938096395,STATIC,122.68677640588038,STATIC,58.04441992566531,STATIC,173.739672258835,142.3077515999976,HUNCH,UPRIGHT,160.16546641422204,LEFT_TILT,False,0.017093885333338665,0.0,0.07563154881793485,558.1324577331543,341.14129185676575,14.875,0.9985673725605011,True,
40.83333333333333,980,27.163055060914147,STATIC,131.05572155956378,EXTENSION,86.64616924951899,STATIC,70.33448629296605,STATIC,92.3816642686826,STATIC,80.87598773447219,STATIC,121.52252476227103,STATIC,56.981386852120735,STATIC,170.9088895035188,142.1592086486924,HUNCH,UPRIGHT,159.43293985972886,LEFT_TILT,False,0.017423980780683523,0.0,0.07556889266288937,557.7240943908691,341.0447430610657,14.916666666666664,0.9985461235046387,True,
40.875,981,30.99427451738003,STATIC,126.38890517961528,STATIC,86.75096544518803,STATIC,74.27418837998816,STATIC,92.50198591615205,STATIC,79.6100933674051,STATIC,122.18543044486727,STATIC,56.841472178062524,STATIC,168.30150388304975,141.4364409304098,HUNCH,UPRIGHT,160.0091422029837,LEFT_TILT,False,0.019030131265756034,0.0,0.07550809829579568,557.3373413085938,340.8999788761139,14.958333333333336,0.998539388179779,True,
40.916666666666664,982,19.791017922945482,FLEXION,117.56828959547734,FLEXION,86.73322981987818,STATIC,73.12170467624657,STATIC,92.60592310676472,STATIC,80.13333597726637,STATIC,121.68818456766952,STATIC,55.05851814313296,STATIC,169.62057266599066,140.54501771994578,HUNCH,UPRIGHT,156.92129406956613,LEFT_TILT,False,0.021011071733453845,0.0,0.07544956228445052,556.8429183959961,340.8598852157593,15.0,0.9985426962375641,True,
40.95833333333333,983,23.48669461161951,STATIC,113.14864764028677,STATIC,86.64055772409736,STATIC,72.39675051133057,STATIC,92.63972878496028,STATIC,80.10715729365876,STATIC,122.02180942452527,STATIC,55.50994200721619,STATIC,170.52195533117265,139.5899817731739,HUNCH,UPRIGHT,156.00347071974,LEFT_TILT,False,0.023133373837391374,0.0,0.0753934290350438,556.2716293334961,340.83918929100037,15.041666666666664,0.9985111355781555,True,
41.0,984,22.334656109257775,STATIC,120.12713314656166,EXTENSION,86.50325182042002,STATIC,70.63107079009923,STATIC,92.72412470513908,STATIC,79.82420244505882,STATIC,122.5517830348059,STATIC,55.889394193255676,STATIC,169.9376237407264,139.46704868096074,HUNCH,UPRIGHT,155.30708219237866,LEFT_TILT,False,0.02340655848675392,0.0,0.07533770891655689,555.916690826416,340.8226990699768,15.083333333333336,0.998405933380127,True,
41.041666666666664,985,23.993281902414008,STATIC,123.06319760335664,STATIC,86.25603267503035,STATIC,68.86663538367495,STATIC,92.68400817820779,STATIC,79.74318021013579,STATIC,121.41705428738274,STATIC,55.49529256981194,STATIC,169.42286238950186,139.36633834337096,HUNCH,UPRIGHT,154.67346707152498,LEFT_TILT,False,0.023630359236953447,0.0,0.0752823477284631,555.8745193481445,340.92592120170593,15.125,0.9982893764972687,True,
41.08333333333333,986,23.07798673198788,STATIC,134.14072794111564,EXTENSION,85.9385217634087,STATIC,75.5031639051479,EXTENSION,92.16656909814694,STATIC,80.2507098421601,STATIC,118.43509042115662,STATIC,55.427591525865495,STATIC,162.1456703809966,140.45507803388963,HUNCH,UPRIGHT,153.17814418392928,LEFT_TILT,False,0.021210937702467476,0.0,0.07522451734340854,556.020565032959,341.2810778617859,15.166666666666664,0.9982381165027618,True,
41.125,987,24.86671107078252,STATIC,135.99515730501452,STATIC,86.35273106308006,STATIC,79.22223470280277,STATIC,91.66447086047359,STATIC,80.00674334949528,STATIC,118.33643658886835,STATIC,55.34309861079813,STATIC,161.26136623388084,142.00394285610162,HUNCH,UPRIGHT,157.93393356470943,LEFT_TILT,False,0.017769015875329752,0.0,0.0751631332606435,555.6598854064941,341.48271560668945,15.208333333333336,0.9982624351978302,True,
41.166666666666664,988,17.265251399759112,FLEXION,137.76071714362504,STATIC,86.39842211340606,STATIC,80.70618753274235,STATIC,91.8667647955879,STATIC,81.29815873611314,STATIC,120.27963972673003,STATIC,56.24377536296834,STATIC,161.05769857706795,142.95537068121868,HUNCH,UPRIGHT,159.17828086150163,LEFT_TILT,False,0.015654731819514045,0.0,0.07509962376070634,555.6491661071777,341.4666759967804,15.25,0.9982999563217163,True,
41.20833333333333,989,18.46652339026208,STATIC,132.81959183108845,STATIC,86.38105587317425,STATIC,78.53073229148714,STATIC,91.75570352681397,STATIC,80.95332289188437,STATIC,120.7594895305569,STATIC,56.10351381456483,STATIC,159.14016118634535,143.70615496248746,HUNCH,UPRIGHT,158.08917155250128,LEFT_TILT,False,0.013986322305583424,0.0,0.07503447098730001,555.3580093383789,341.80737018585205,15.291666666666664,0.9982735812664032,True,
41.25,990,23.474950642642938,EXTENSION,134.5009411622132,STATIC,86.180375138779,STATIC,77.04984142117944,STATIC,91.87302743098952,STATIC,80.54998076672732,STATIC,121.22625356922477,STATIC,56.22952667314976,STATIC,158.2946860499678,143.68199411181388,HUNCH,UPRIGHT,153.09254787504673,LEFT_TILT,False,0.014040013084858064,0.0,0.07496951416312275,555.3005599975586,342.31468319892883,15.333333333333336,0.9982194900512695,True,
41.291666666666664,991,25.547641470075042,STATIC,124.99923997775225,FLEXION,86.40443623193624,STATIC,71.0577100486522,FLEXION,92.57823984592777,STATIC,79.29500494910802,STATIC,125.348609248153,STATIC,54.94562577406414,STATIC,169.69155602526752,139.29367316116802,HUNCH,UPRIGHT,152.7695017256872,LEFT_TILT,False,0.1904585040862933,0.0,0.07509237479070059,555.277156829834,343.2064640522003,15.375,0.9982245564460754,True,
41.33333333333333,992,27.46081231180057,STATIC,106.09681888909067,FLEXION,86.52140015947263,STATIC,66.56474165335956,STATIC,92.6829482340544,STATIC,79.78535986604307,STATIC,126.87089871707776,STATIC,57.180831146907316,STATIC,174.40635488401324,138.31278285014145,HUNCH,UPRIGHT,156.09092233758494,LEFT_TILT,False,0.02597159366635234,0.0,0.07504017417314018,555.5095863342285,344.35176730155945,15.416666666666664,0.998257964849472,True,
41.375,993,37.03345753963797,EXTENSION,112.38184608429789,EXTENSION,85.98567082614541,STATIC,68.2742569574351,STATIC,93.31900239459453,STATIC,79.24984511761969,STATIC,126.78575953317,STATIC,57.24640489984842,STATIC,171.9211086099888,138.52733011895353,HUNCH,UPRIGHT,158.81651960100294,LEFT_TILT,False,0.025494821957881036,0.0,0.07498757825783736,555.7119941711426,344.11784648895264,15.458333333333336,0.998071163892746,True,
41.416666666666664,994,33.59062463951364,STATIC,117.23175458371361,STATIC,86.03695445345967,STATIC,70.95556247528552,STATIC,93.49530046515731,STATIC,80.05857554523938,STATIC,128.41404803793296,STATIC,58.37136677557148,STATIC,174.37144495386673,139.80410361783197,HUNCH,UPRIGHT,166.17219237054954,LEFT_TILT,False,0.022657547515928966,0.0,0.07493208511813226,555.787410736084,343.4955310821533,15.5,0.9979660212993622,True,
41.45833333333333,995,30.719880207447094,STATIC,121.23427044502536,STATIC,86.12466767380586,STATIC,72.67272828247486,STATIC,94.04576703170999,STATIC,81.62336294569738,STATIC,129.77237642564052,STATIC,59.31920841909787,STATIC,175.60344467876303,141.05493235987396,HUNCH,UPRIGHT,168.47687384480935,LEFT_TILT,False,0.019877928089168995,0.0,0.0748737650365338,556.1078071594238,343.0521297454834,15.541666666666664,0.9978512525558472,True,
41.5,996,30.220626122821148,STATIC,123.2999789660097,STATIC,86.21427757907736,STATIC,72.3080676512962,STATIC,93.97475425089725,STATIC,81.42555028017611,STATIC,130.37133513377137,STATIC,59.972669402063744,STATIC,176.55787866213134,138.71257242921698,HUNCH,UPRIGHT,171.82934347809768,LEFT_TILT,False,0.02508317237951785,0.0,0.07482107657869569,556.0177230834961,342.58111238479614,15.583333333333336,0.9977173507213593,True,
41.541666666666664,997,20.510126536430203,FLEXION,128.18725942959182,STATIC,86.55354740512036,STATIC,73.66026596670255,STATIC,94.15670682656025,STATIC,81.49694907928175,STATIC,131.07451136185355,STATIC,59.35174546866558,STATIC,176.2816959829147,138.3714209873163,HUNCH,UPRIGHT,7.167547608466453,UPRIGHT,False,0.025841286694852677,0.0,0.07476930090228572,556.3520240783691,342.4133241176605,15.625,0.9976591765880585,True,
41.58333333333333,998,22.633117035937012,STATIC,126.90788973970717,STATIC,86.18590360694299,STATIC,74.48131250287133,STATIC,94.5248139522539,STATIC,80.37401341988294,STATIC,130.74295517497245,STATIC,58.48844251870246,STATIC,170.12559248653537,139.91925363021977,HUNCH,UPRIGHT,168.9902403874439,LEFT_TILT,False,0.022401658599511636,0.0,0.07471400244156472,556.5747451782227,342.6614499092102,15.666666666666664,0.9976012408733368,True,
41.625,999,22.766184771626424,STATIC,125.26336401117622,STATIC,86.2707231194344,STATIC,74.4584152132712,STATIC,94.38171175227366,STATIC,80.07107593989537,STATIC,129.31933874522642,STATIC,57.67585467163934,STATIC,171.07600925813725,140.48432734817385,HUNCH,UPRIGHT,170.02152954163358,LEFT_TILT,False,0.021145939226280348,0.0,0.074657496045768,556.3334083557129,342.6310443878174,15.708333333333336,0.9976484179496765,True,
41.666666666666664,1000,13.781646381939998,FLEXION,126.67337058143845,STATIC,85.72379823124515,STATIC,77.44410462477109,STATIC,96.14288224729357,STATIC,80.91566884587839,STATIC,129.82354328933926,STATIC,57.99343187020721,STATIC,163.0830418986432,143.90072714630884,HUNCH,UPRIGHT,157.5910001760571,LEFT_TILT,False,0.01355393967486925,0.0,0.07459310873663112,559.3732261657715,341.06163024902344,15.75,0.9977980256080627,True,
41.70833333333333,1001,10.798501837910564,STATIC,130.55172768439976,STATIC,85.96278517250794,STATIC,81.60322698884093,STATIC,95.21006015995216,STATIC,81.68692109320315,STATIC,130.60139819996968,STATIC,58.73926410687011,STATIC,164.60719104151931,141.13789556711365,HUNCH,UPRIGHT,157.3888917844838,LEFT_TILT,False,0.01969356540641413,0.0,0.07453531974365195,559.3522644042969,341.0744619369507,15.791666666666664,0.9979388117790222,True,
41.75,1002,15.824797470714957,EXTENSION,129.94840751942527,STATIC,86.02190728306007,STATIC,81.18191514231273,STATIC,94.69572686801938,STATIC,82.56682155819944,STATIC,127.23704753988066,STATIC,59.13601353099842,STATIC,165.99966172010264,141.5232701255869,HUNCH,UPRIGHT,159.50337047337663,LEFT_TILT,False,0.018837177498695807,0.0,0.07447675177073401,559.0325355529785,341.08367800712585,15.833333333333336,0.9980567991733551,True,
41.791666666666664,1003,16.13748744527187,STATIC,132.763914751399,STATIC,85.88913916319424,STATIC,84.57996868886725,STATIC,94.51245511893089,STATIC,83.54625990970813,STATIC,124.61844460330015,STATIC,60.46231933586911,STATIC,163.09549172309954,140.5791269279357,HUNCH,UPRIGHT,159.51398410315534,LEFT_TILT,False,0.020935273493476198,0.0,0.07442051072212345,558.6268615722656,340.79729318618774,15.875,0.9981751441955566,True,
41.83333333333333,1004,14.430643630964283,STATIC,127.60149432391592,FLEXION,85.96051120672685,STATIC,82.64708405336329,STATIC,94.35735098277614,STATIC,83.7498776360514,STATIC,124.95376692280209,STATIC,60.74495434412769,STATIC,165.60235818194852,143.20710928455253,HUNCH,UPRIGHT,160.239391083431,LEFT_TILT,False,0.015095312700994365,0.0,0.07435825972734787,558.4543991088867,340.68586349487305,15.916666666666664,0.9982779026031494,True,
41.875,1005,15.706254343306057,STATIC,126.62799163313295,STATIC,85.89088191099422,STATIC,79.68915148322128,STATIC,93.71331232231198,STATIC,85.2682191706317,STATIC,123.78226621484824,STATIC,63.452073710624056,STATIC,166.4224208954329,141.10042767196543,HUNCH,UPRIGHT,163.391101394285,LEFT_TILT,False,0.019776827395632357,0.0,0.07430104648591002,558.3672523498535,340.5269479751587,15.958333333333336,0.9983778893947601,True,
41.916666666666664,1006,21.78426498667463,EXTENSION,124.99876528691568,STATIC,85.8342852459956,STATIC,78.30884484039446,STATIC,92.85863027296226,STATIC,86.24415232144341,STATIC,124.29450117611306,STATIC,65.18254039785202,STATIC,166.8499382293064,140.9967563363077,HUNCH,UPRIGHT,164.8784371672513,LEFT_TILT,False,0.020007208141538446,0.0,0.07424419429916197,557.5812911987305,340.5200707912445,16.0,0.9984700977802277,True,
41.95833333333333,1007,10.203126416262217,FLEXION,126.29972890866593,STATIC,85.64080357007418,STATIC,80.32287125997566,STATIC,92.85220605739538,STATIC,86.7393464475052,STATIC,124.56526485488149,STATIC,66.26350877400873,STATIC,164.75829635810126,142.56505628419058,HUNCH,UPRIGHT,163.3109313475073,LEFT_TILT,False,0.01652209714624316,0.0,0.0741838155364497,557.7421569824219,340.9066843986511,16.041666666666664,0.998574823141098,True,
42.0,1008,12.124247362095002,STATIC,124.82363204704687,STATIC,84.8488020674197,STATIC,82.30561710452413,STATIC,92.89103214687512,STATIC,85.50855215094131,STATIC,121.07132358212037,STATIC,66.14244950386254,STATIC,158.66471239520382,143.2312048768301,HUNCH,UPRIGHT,161.81456571052374,LEFT_TILT,False,0.015041766940377546,0.0,0.07412201611262935,558.356761932373,341.0043489933014,16.083333333333336,0.9986649751663208,True,
42.041666666666664,1009,23.175828115455964,EXTENSION,125.37483080918764,STATIC,82.56938806050866,STATIC,88.1511646465792,EXTENSION,93.46282296388405,STATIC,84.20134397263838,STATIC,120.28623155940036,STATIC,65.73497345576187,STATIC,148.5057295538754,146.5098813437143,HUNCH,FORWARD_TILT,154.4619839798102,LEFT_TILT,False,0.011076420227578451,0.0,0.07405620651358442,558.3538436889648,340.00887393951416,16.125,0.9987467229366302,True,
42.08333333333333,1010,19.32592766726697,STATIC,121.56184863809408,STATIC,82.45073082629462,STATIC,89.86006292154855,STATIC,93.59643628374708,STATIC,81.82556118655324,STATIC,118.76981699722852,STATIC,62.94396428559828,STATIC,146.55412521107954,149.88398903538803,HUNCH,FORWARD_TILT,150.58786730293815,LEFT_TILT,False,0.00791530167451652,0.0,0.07398723789539978,558.4643363952637,340.57101130485535,16.166666666666664,0.9988136887550354,True,
42.125,1011,18.095647975729957,STATIC,127.607637793168,EXTENSION,81.81594862762792,STATIC,95.11842185426241,EXTENSION,91.72154018781096,STATIC,81.49087753977477,STATIC,115.29613571183444,STATIC,63.11307269903377,STATIC,145.48546793949077,148.49028090552397,HUNCH,FORWARD_TILT,152.7410758724879,LEFT_TILT,False,0.013387224788856122,0.0,0.07392411288174713,557.8827476501465,340.45109510421753,16.208333333333336,0.9988555014133453,True,
42.166666666666664,1012,21.070841593820028,STATIC,121.55737544473388,FLEXION,80.72859970057772,STATIC,96.44998298559265,STATIC,92.31526793131971,STATIC,79.16947482846513,STATIC,114.47629987464761,STATIC,62.34297155141159,STATIC,139.8832569783678,152.23020770643365,STRAIGHT,FORWARD_TILT,149.75514318406064,LEFT_TILT,False,0.02248165115918266,0.0,0.0738705827446789,557.6375770568848,340.97485542297363,16.25,0.9988890290260315,True,
42.20833333333333,1013,23.90146381499303,STATIC,118.31160624306884,STATIC,79.77494811474436,STATIC,98.70418961006499,STATIC,90.07924231204046,STATIC,79.70983861114047,STATIC,110.99479716636067,STATIC,63.472566577650845,STATIC,135.62230761660675,154.19653546153808,STRAIGHT,FORWARD_TILT,147.29059180878153,LEFT_TILT,False,0.03195042751865166,0.0,0.0738270066997454,558.0610847473145,340.7789146900177,16.291666666666664,0.9989096522331238,True,
42.25,1014,18.739735730865366,FLEXION,118.23610555178695,STATIC,80.23213383902652,STATIC,100.66316385355083,STATIC,87.49284041453026,STATIC,79.40722749248361,STATIC,108.30836207268104,STATIC,61.903282213815196,STATIC,134.28878437005295,155.22569652257008,STRAIGHT,FORWARD_TILT,147.45946413737235,LEFT_TILT,False,0.03491381251099346,0.0,0.07378659839840714,557.7847862243652,339.716534614563,16.333333333333336,0.9988695383071899,True,
42.291666666666664,1015,12.207057334627976,FLEXION,122.85039427064301,STATIC,81.2183930281526,STATIC,104.36715477505575,STATIC,88.30790251960408,STATIC,78.96017289613245,STATIC,108.50527333430281,STATIC,59.59954791736764,STATIC,133.2433260254837,155.72974070431107,STRAIGHT,FORWARD_TILT,144.8876243858077,LEFT_TILT,False,0.0372370532767029,0.0,0.07374868393251324,556.9462203979492,338.13204646110535,16.375,0.9987747967243195,True,
42.33333333333333,1016,9.108010737978262,STATIC,116.57660641176743,FLEXION,82.98095075268787,STATIC,96.36265169871638,FLEXION,95.06572710708544,EXTENSION,79.08340727076244,STATIC,116.14895276630335,EXTENSION,56.72137664934442,STATIC,139.14044422016656,148.26622710001112,HUNCH,FORWARD_TILT,143.4513311691171,LEFT_TILT,False,0.19465184151071624,0.0,0.07387397217870828,558.3612632751465,340.1730465888977,16.416666666666664,0.9987689852714539,True,
42.375,1017,13.457846922123887,STATIC,116.7075854502317,STATIC,83.58513677467684,STATIC,100.77989475823307,STATIC,94.26725698749381,STATIC,78.77421484401397,STATIC,112.51568483188848,STATIC,54.93183358707619,STATIC,136.35024817977884,155.2131365217865,STRAIGHT,FORWARD_TILT,144.66855188170493,LEFT_TILT,False,0.030332781822713668,0.0,0.07382889848268757,558.2666969299316,340.3182828426361,16.458333333333336,0.9987524151802063,True,
42.416666666666664,1018,13.54752876962988,STATIC,118.11093641645346,STATIC,83.53025644580225,STATIC,100.94358665084351,STATIC,94.97282519373755,STATIC,78.64186726674906,STATIC,112.49558261989884,STATIC,53.141848091685404,STATIC,137.73697569755484,155.31880301259926,STRAIGHT,FORWARD_TILT,146.00934708135102,LEFT_TILT,False,0.027251165116544795,0.0,0.07378073122998215,558.4352684020996,340.32070755958557,16.5,0.9987339675426483,True,
42.45833333333333,1019,14.838344097887772,STATIC,123.99622754349002,EXTENSION,83.47411636893355,STATIC,101.97337923907747,STATIC,94.05326591763884,STATIC,79.42233370547576,STATIC,111.2372813549138,STATIC,52.700274260143885,STATIC,140.04192972415186,154.01855178635262,STRAIGHT,FORWARD_TILT,147.5064868690895,LEFT_TILT,False,0.022129045057440327,0.0,0.07372737205005184,558.679256439209,340.2662265300751,16.541666666666664,0.998674601316452,True,
42.5,1020,14.541251343470774,STATIC,122.37274092046951,STATIC,83.56283019913727,STATIC,97.49725919665403,STATIC,94.3411670027671,STATIC,80.10082294533679,STATIC,111.77635783397538,STATIC,53.36897261994027,STATIC,145.9224253925447,151.29785231834666,STRAIGHT,FORWARD_TILT,150.48513783604548,LEFT_TILT,False,0.009061276905456217,0.0,0.07366063717374162,559.3147277832031,341.44741773605347,16.583333333333336,0.9986618161201477,True,
42.541666666666664,1021,16.76470574114316,STATIC,125.43539222585198,STATIC,83.48434406401425,STATIC,105.17977002708767,EXTENSION,92.49769810373301,STATIC,78.23425626365155,STATIC,106.19127203672697,FLEXION,53.89282187209517,STATIC,137.5956502686639,155.23606917857788,STRAIGHT,FORWARD_TILT,152.25669226016169,LEFT_TILT,False,0.027565221625191372,0.0,0.07361311612678435,558.4581756591797,343.51154923439026,16.625,0.9986407160758972,True,
42.58333333333333,1022,21.325638088724393,STATIC,119.05694490562537,FLEXION,83.91154526964536,STATIC,103.2807828541246,STATIC,88.93027967519369,STATIC,84.37703511153858,EXTENSION,102.00315609545333,STATIC,60.62950526174896,EXTENSION,136.84346294307375,156.4959859374305,STRAIGHT,FORWARD_TILT,150.85722233611463,LEFT_TILT,False,0.029236749015391677,0.0,0.07356741440988283,558.3756446838379,343.94453287124634,16.666666666666664,0.9987019300460815,True,
42.625,1023,14.193749508901737,FLEXION,122.42626834391983,STATIC,83.44407491292631,STATIC,95.95237367051874,FLEXION,91.40300363378729,STATIC,85.41611247923443,STATIC,105.84020615027727,STATIC,58.27563147182214,STATIC,145.77318735562443,153.19038010837133,STRAIGHT,FORWARD_TILT,153.653840217381,LEFT_TILT,False,0.17605958365416793,0.0,0.0736728590284469,559.4234275817871,343.08743834495544,16.708333333333336,0.9987263083457947,True,
42.666666666666664,1024,15.027205834748386,STATIC,123.21177562964621,STATIC,83.27648990504142,STATIC,99.02713851046326,STATIC,91.36395789221494,STATIC,86.73705246208382,STATIC,105.45377588080032,STATIC,60.506047980736966,STATIC,144.95155394270895,151.4307671949986,STRAIGHT,FORWARD_TILT,153.02551655622898,LEFT_TILT,False,0.011218769016202335,0.0,0.07360867188557717,560.0062561035156,343.0390512943268,16.75,0.9987494051456451,True,
42.70833333333333,1025,16.715663060366722,STATIC,124.21392288393703,STATIC,83.79793240105737,STATIC,93.21871723145276,FLEXION,93.39086801737187,STATIC,86.53155511241303,STATIC,110.63232949713338,EXTENSION,57.418375290543395,STATIC,152.07607884105147,149.38039957508576,HUNCH,UPRIGHT,154.52689539641784,LEFT_TILT,False,0.16804355649980943,0.0,0.07370562761926736,560.0026893615723,342.0414626598358,16.791666666666664,0.9987845122814178,True,
42.75,1026,18.159016101618096,STATIC,127.57899608340054,STATIC,85.1700627113909,STATIC,94.52163583115407,STATIC,94.41744012763618,STATIC,86.86302722647645,STATIC,111.32153117412795,STATIC,57.58259126978487,STATIC,155.53007101011016,149.38223379886307,HUNCH,UPRIGHT,154.81239464803582,LEFT_TILT,False,0.001372813780304294,0.0,0.07363144011789406,560.7961082458496,342.4263596534729,16.833333333333336,0.9988363981246948,True,
42.791666666666664,1027,18.560782317331512,STATIC,125.94770516339753,STATIC,84.80934446634193,STATIC,91.72081413634278,STATIC,93.39381726289928,STATIC,87.42029349672737,STATIC,108.96955474400436,STATIC,57.71079158572134,STATIC,156.04171836545828,145.92388657719525,HUNCH,UPRIGHT,158.41778832414388,LEFT_TILT,False,0.009058029828455013,0.0,0.07356527883685979,560.5138206481934,341.29648447036743,16.875,0.9989053606987,True,
42.83333333333333,1028,24.61928344411881,EXTENSION,126.99928673356409,STATIC,85.01454656731137,STATIC,91.912419496638,STATIC,91.70926145081211,STATIC,86.64269334282696,STATIC,106.49808412153084,STATIC,57.89384760757021,STATIC,156.55918339587947,143.03956741531422,HUNCH,UPRIGHT,160.71556016830058,LEFT_TILT,False,0.015467627965968381,0.0,0.0735058134828466,560.3150939941406,341.2422502040863,16.916666666666664,0.9989382922649384,True,
42.875,1029,38.951683445363315,EXTENSION,122.96631116894736,STATIC,85.25609080377654,STATIC,90.51516469953279,STATIC,88.92656296164883,STATIC,85.07109455203033,STATIC,105.06756800771252,STATIC,56.74040935346338,STATIC,155.70966893630398,140.8617295250007,HUNCH,UPRIGHT,165.66131462540562,LEFT_TILT,False,0.02030726772222069,0.0,0.07345141824178257,558.5141563415527,341.0434663295746,16.958333333333336,0.9989906847476959,True,
42.916666666666664,1030,44.35082614142134,EXTENSION,120.68197617677183,STATIC,85.41088180833236,STATIC,87.80582036985307,STATIC,89.59918435266181,STATIC,86.42349169804744,STATIC,105.83490768413718,STATIC,58.329897184869864,STATIC,156.85736693123755,139.69005545365087,HUNCH,UPRIGHT,166.55347151768743,LEFT_TILT,False,0.022910987880775835,0.0,0.07339979369595927,557.4538040161133,340.06736755371094,17.0,0.9990270733833313,True,
42.95833333333333,1031,33.62322136797314,FLEXION,132.13986518763437,EXTENSION,85.27763233353394,STATIC,96.12995060502517,EXTENSION,93.24125392539052,STATIC,86.32862839358872,STATIC,109.82116631590696,STATIC,59.422906038634586,STATIC,151.6525739570246,143.89990280138505,HUNCH,UPRIGHT,166.0622288359833,LEFT_TILT,False,0.013555771552477669,0.0,0.07333872836724142,557.3917198181152,339.1154623031616,17.041666666666664,0.9990486204624176,True,
43.0,1032,34.16280318443946,STATIC,120.32065472959847,FLEXION,85.26450369068769,STATIC,89.02546044078554,FLEXION,93.9598976157356,STATIC,85.59734971194665,STATIC,113.72546691663092,STATIC,57.56662537500805,STATIC,155.5018885100272,145.3905438531391,HUNCH,UPRIGHT,165.19940226568784,LEFT_TILT,False,0.17690990254857977,0.0,0.07344430550707969,558.2383155822754,339.33326840400696,17.083333333333336,0.9990528225898743,True,
43.041666666666664,1033,42.86262784106324,EXTENSION,114.61854344702259,FLEXION,85.84509140349154,STATIC,85.79359028722165,STATIC,93.93343871046527,STATIC,84.26379069861659,STATIC,115.41868703188457,STATIC,55.95800318037183,STATIC,156.3033989856717,144.0941878152248,HUNCH,UPRIGHT,164.79481385638675,LEFT_TILT,False,0.013124027077278186,0.0,0.07338287956163184,558.226375579834,339.41296219825745,17.125,0.9990449547767639,True,
43.08333333333333,1034,38.9873096349642,STATIC,122.26456124559594,EXTENSION,85.8883379296011,STATIC,88.74124288785853,STATIC,93.74593248411932,STATIC,84.29603729884384,STATIC,115.54690715935925,STATIC,55.37627528026821,STATIC,157.0828446598598,144.42144600312224,HUNCH,UPRIGHT,165.78125627322567,LEFT_TILT,False,0.012396786659728357,0.0,0.07332083877536337,558.266429901123,339.1491723060608,17.166666666666664,0.9990363121032715,True,
43.125,1035,33.37991959461287,FLEXION,121.28898710956952,STATIC,86.34772515869474,STATIC,84.01172093373778,STATIC,93.5982586669725,STATIC,84.72359430639202,STATIC,117.32121195600477,STATIC,54.523286969379896,STATIC,163.6932260438404,142.12521392937543,HUNCH,UPRIGHT,13.160599925702321,RIGHT_TILT,False,0.017499524601387928,0.0,0.07326410979754429,558.3228492736816,339.07281517982483,17.208333333333336,0.999035120010376,True,
43.166666666666664,1036,34.0702836959574,STATIC,121.72486063425572,STATIC,85.56852889134605,STATIC,81.3996779662104,STATIC,93.32312996107652,STATIC,85.46874303933895,STATIC,118.07287794563584,STATIC,54.83820651670645,STATIC,166.81149470993665,137.6709809659876,HUNCH,UPRIGHT,11.907569105863162,RIGHT_TILT,False,0.027397820075583074,0.0,0.07321754503640523,557.9014587402344,339.23619389533997,17.25,0.9989728331565857,True,
43.20833333333333,1037,33.97380870387083,STATIC,123.05832957330298,STATIC,85.33499005994001,STATIC,83.94302782489466,STATIC,92.83244795261167,STATIC,85.87588313106271,STATIC,117.44333834435267,STATIC,56.5879648188612,STATIC,163.637624116247,137.4061057554831,HUNCH,UPRIGHT,10.399336795661462,RIGHT_TILT,False,0.027986431654481964,0.0,0.0731716716962613,557.3768424987793,338.68130922317505,17.291666666666664,0.9989328980445862,True,
43.25,1038,28.189647042632398,FLEXION,125.34109310288632,STATIC,85.03063216976874,STATIC,87.04591785013055,STATIC,92.23365178476841,STATIC,86.0086885945643,STATIC,117.8827511987342,STATIC,58.37714538351141,STATIC,160.2957383274161,137.6050413439978,HUNCH,UPRIGHT,167.3876581926736,LEFT_TILT,False,0.02754435256889376,0.0,0.0731254434094048,557.2455787658691,338.35145115852356,17.333333333333336,0.9989024698734283,True,
43.291666666666664,1039,26.232540629842934,STATIC,120.24622829103284,FLEXION,84.78486582200053,STATIC,85.05137271499436,STATIC,92.56021414714691,STATIC,85.30729250315595,STATIC,121.4747931087361,STATIC,59.13113302765724,STATIC,161.672820877918,138.0090329277844,HUNCH,UPRIGHT,166.0068193091321,LEFT_TILT,False,0.02664659349381245,0.0,0.07307840003904488,556.9240951538086,338.16243052482605,17.375,0.998867928981781,True,
43.33333333333333,1040,26.425788239119836,STATIC,102.27675897273785,FLEXION,84.25469960686806,STATIC,74.59234129810038,FLEXION,93.14829507789864,STATIC,86.42073277309251,STATIC,121.34698900645255,STATIC,61.20975605943803,STATIC,168.17068962686753,137.35727804911974,HUNCH,UPRIGHT,168.36622915616195,LEFT_TILT,False,0.19476160433528947,0.0,0.07320143664601783,556.5279006958008,339.0161347389221,17.416666666666664,0.9988226890563965,True,
43.375,1041,25.409227533749636,STATIC,104.85771448264694,STATIC,84.15756596587354,STATIC,74.77720313006422,STATIC,92.97887117278982,STATIC,86.63774124872188,STATIC,124.31268815941792,STATIC,63.232315244004134,STATIC,166.93866505776165,135.8892775522887,HUNCH,UPRIGHT,168.0496358508488,LEFT_TILT,False,0.031357160994914035,0.0,0.07315916970091571,555.9787750244141,339.0758192539215,17.458333333333336,0.9987878799438477,True,
43.416666666666664,1042,28.17207115181379,STATIC,94.36395653111312,FLEXION,84.10993569014911,STATIC,68.141393107092,FLEXION,93.25524537870263,STATIC,86.52323861041168,STATIC,124.08615549867345,STATIC,64.02456322058238,STATIC,171.64652746818064,133.8849729970366,HUNCH,UPRIGHT,169.64606559644704,LEFT_TILT,False,0.2024778377843631,0.0,0.07328966280695348,555.9070777893066,339.69783425331116,17.5,0.9987497329711914,True,
43.45833333333333,1043,20.880560544397547,FLEXION,106.40166613663868,EXTENSION,84.41541282840173,STATIC,73.15486580431761,EXTENSION,93.01587021126628,STATIC,85.16116636480507,STATIC,126.04113979810676,STATIC,63.94202842532783,STATIC,167.8737586590407,137.21656075963753,HUNCH,UPRIGHT,169.29482390829622,LEFT_TILT,False,0.028407642756361057,0.0,0.07324441883512829,555.653133392334,339.6611952781677,17.541666666666664,0.9987436532974243,True,
43.5,1044,25.864024527596623,STATIC,102.62879398427407,STATIC,84.89967164344439,STATIC,62.77819398043708,FLEXION,92.2892931802707,STATIC,86.44722106760939,STATIC,124.05648786799482,STATIC,64.07200328239993,STATIC,177.75721848319088,125.99448949479743,HUNCH,UPRIGHT,170.55837162152767,LEFT_TILT,False,0.22001224556711682,0.0,0.07339222127896716,555.3181838989258,338.8598370552063,17.583333333333336,0.9987565279006958,True,
43.541666666666664,1045,33.204860532584405,EXTENSION,105.07676988290406,STATIC,84.69370170952571,STATIC,65.89090631916027,STATIC,90.65351463202087,STATIC,84.71146631408358,STATIC,120.80250865309539,STATIC,64.42072150521442,STATIC,170.92851844819165,125.16115744649063,HUNCH,UPRIGHT,166.60892500293932,LEFT_TILT,False,0.05519742789668747,0.0,0.07337391665785822,554.5902442932129,337.8789961338043,17.625,0.9987630844116211,True,
43.58333333333333,1046,36.680080641212605,STATIC,100.07988619654436,STATIC,84.79380423145874,STATIC,87.49554903432845,EXTENSION,83.53744841774785,FLEXION,78.93127246899326,FLEXION,116.93070806311694,STATIC,61.1541836012301,STATIC,152.3318002590736,139.23820459089598,HUNCH,UPRIGHT,166.12759929506697,LEFT_TILT,False,0.02391510090912004,0.0,0.07332420930534693,554.4182777404785,337.6145839691162,17.666666666666664,0.9987438321113586,True,
43.625,1047,30.283947089593664,FLEXION,103.10644128928875,STATIC,84.25839399211506,STATIC,91.62732385212522,STATIC,81.48957596212773,STATIC,77.81653803528687,STATIC,118.90913268027144,STATIC,59.78715265873156,STATIC,146.97351541211233,142.0661223651098,HUNCH,FORWARD_TILT,163.39077314970936,LEFT_TILT,False,0.02435636049506192,0.0,0.0732750447985093,554.4792556762695,335.57525753974915,17.708333333333336,0.998714029788971,True,
43.666666666666664,1048,52.42818746205443,EXTENSION,100.72735633859872,STATIC,86.74876391205048,STATIC,93.73442358596459,STATIC,82.78111081023278,STATIC,78.94277932179612,STATIC,120.12720697616106,STATIC,60.80817746348377,STATIC,146.69200997846173,144.30271517732658,HUNCH,FORWARD_TILT,160.85799484674175,LEFT_TILT,False,0.02001172187602603,0.0,0.0732216212048057,555.3354454040527,334.9675118923187,17.75,0.9987159073352814,True,
43.70833333333333,1049,40.49839147377889,FLEXION,92.09515630946157,FLEXION,85.15635325573548,STATIC,78.79256099977336,FLEXION,88.79975618571004,EXTENSION,81.9415884035122,STATIC,123.95749192540842,STATIC,62.04747839528437,STATIC,164.44312323006307,132.58420283721958,HUNCH,UPRIGHT,160.64499431884843,LEFT_TILT,False,0.20536843813951203,0.0,0.07335403284502084,555.3277587890625,335.09674072265625,17.791666666666664,0.9987119734287262,True,
43.75,1050,42.72532554449433,STATIC,88.68713970356455,STATIC,85.03970132706385,STATIC,76.64010912707285,STATIC,89.89824658640566,STATIC,83.04678584391397,STATIC,125.27657934086521,STATIC,63.11438069519082,STATIC,167.42122896815016,132.02841678854304,HUNCH,UPRIGHT,159.55903319171912,LEFT_TILT,False,0.03993685158101545,0.0,0.07332058221312494,555.8669853210449,335.24750232696533,17.833333333333336,0.9986953735351562,True,
43.791666666666664,1051,35.97346816432542,FLEXION,82.01865578917545,FLEXION,84.86104877446034,STATIC,73.35111414346443,STATIC,89.89280087093861,STATIC,82.94995015209253,STATIC,126.63804851749572,STATIC,62.7190130491664,STATIC,167.53533923242674,131.0507086254576,HUNCH,UPRIGHT,158.66794096152555,LEFT_TILT,False,0.042109536387872036,0.0,0.0732893711672997,556.6036033630371,335.2513647079468,17.875,0.9986752569675446,True,
43.83333333333333,1052,45.22234637808146,EXTENSION,85.04441608984756,STATIC,85.16743049197007,STATIC,82.78851862842444,EXTENSION,87.17349140725555,STATIC,81.55333394759191,STATIC,124.27174321144341,STATIC,61.95912786847731,STATIC,159.62271626939614,136.60440198097854,HUNCH,UPRIGHT,158.23045063395006,LEFT_TILT,False,0.029767995597825465,0.0,0.07324589326962788,556.955509185791,335.3195250034332,17.916666666666664,0.998633474111557,True,
43.875,1053,25.19164182922886,FLEXION,96.53791740892544,EXTENSION,85.26974962052196,STATIC,85.40292655850622,STATIC,87.05326706931851,STATIC,81.3057225263988,STATIC,125.87558132896048,STATIC,60.79238074984245,STATIC,156.7896266941369,139.12670122143408,HUNCH,UPRIGHT,156.42895102402682,LEFT_TILT,False,0.024162886174590947,0.0,0.0731969082326069,557.7388191223145,333.62515211105347,17.958333333333336,0.9985814988613129,True,
43.916666666666664,1054,24.649702591578084,STATIC,91.0168543774932,FLEXION,86.46627671395954,STATIC,71.95444048537799,FLEXION,93.01583664371887,EXTENSION,84.41435403717824,STATIC,134.67822226598503,EXTENSION,61.881662396030364,STATIC,173.93779661316165,133.06988177239813,HUNCH,UPRIGHT,156.22557198788596,LEFT_TILT,False,0.204289151616893,0.0,0.0733276083755623,559.3557739257812,332.2268521785736,18.0,0.9986057579517365,True,
43.95833333333333,1055,19.618306091358885,FLEXION,101.22656049786076,EXTENSION,86.18460966406204,STATIC,72.83906423494015,STATIC,94.13447763057121,STATIC,82.25557136249066,STATIC,136.42182094706783,STATIC,60.568055637120665,STATIC,169.6670509927715,129.40634603877996,HUNCH,UPRIGHT,155.45621926332004,LEFT_TILT,False,0.045763675469377874,0.0,0.07330015425912188,560.1935768127441,332.3070502281189,18.041666666666664,0.9986108541488647,True,
44.0,1056,26.25215195012659,EXTENSION,98.70311654008306,STATIC,85.41482259329293,STATIC,80.25102244901794,EXTENSION,92.78780756869048,STATIC,81.07016598471024,STATIC,131.50158919402054,STATIC,58.96800285011783,STATIC,157.88387593814113,138.7349426702232,HUNCH,UPRIGHT,158.86041880798285,LEFT_TILT,False,0.025033460732837336,0.0,0.07325212769839921,559.8610305786133,336.12725615501404,18.083333333333336,0.9985807538032532,True,
44.041666666666664,1057,30.830983092866482,STATIC,106.40765898032062,EXTENSION,85.57834482558687,STATIC,82.15709373619181,STATIC,93.63896039180541,STATIC,80.8829092713277,STATIC,132.09912441273207,STATIC,58.3158386026441,STATIC,158.40267543955335,141.65680307453113,HUNCH,UPRIGHT,162.41684941601574,LEFT_TILT,False,0.01854043761215307,0.0,0.07319774232057989,559.7970199584961,335.92143416404724,18.125,0.9985598027706146,True,
44.08333333333333,1058,26.34703442571885,STATIC,110.10906638028176,STATIC,85.86344853823654,STATIC,75.90205709098664,FLEXION,93.8710965280673,STATIC,82.97677119339079,STATIC,126.28876258914714,FLEXION,57.04681515102875,STATIC,170.54661748392115,139.86637622826728,HUNCH,UPRIGHT,10.252162328969272,RIGHT_TILT,False,0.1891858306038505,0.0,0.07331292413615415,559.5050621032715,336.0958421230316,18.166666666666664,0.998538613319397,True,
44.125,1059,17.148879051189613,FLEXION,109.25220286951418,STATIC,86.1325985522942,STATIC,73.51274407947119,STATIC,93.38306067967216,STATIC,83.60509041122731,STATIC,130.2972292150638,STATIC,57.40889771392726,STATIC,173.15995244534142,138.93693040051704,HUNCH,UPRIGHT,10.244934222129803,RIGHT_TILT,False,0.024584599109962135,0.0,0.07326458254386625,559.9706649780273,335.85533380508423,18.208333333333336,0.9985414147377014,True,
44.166666666666664,1060,15.886268874041457,STATIC,112.88137403808507,STATIC,85.91565860973579,STATIC,81.71264050595903,EXTENSION,93.14895246464657,STATIC,82.33850162278831,STATIC,128.62567913506248,STATIC,56.38727738839986,STATIC,166.6321414961071,142.2382051336238,HUNCH,UPRIGHT,161.8454072568409,LEFT_TILT,False,0.017248433036391526,0.0,0.07320906604286775,559.9433517456055,335.24858593940735,18.25,0.9985734522342682,True,
44.20833333333333,1061,25.36065467407435,EXTENSION,112.15614488725228,STATIC,86.00810438684638,STATIC,86.86530509071368,EXTENSION,93.78322093095521,STATIC,83.04108820795844,STATIC,124.33985769114679,STATIC,57.240092162535866,STATIC,160.94001683850243,143.1186519586021,HUNCH,UPRIGHT,159.14659110438,LEFT_TILT,False,0.015291884536439778,0.0,0.07315172229880199,559.9283599853516,335.3905177116394,18.291666666666664,0.9986479878425598,True,
44.25,1062,39.80330023681495,EXTENSION,105.00119706451258,FLEXION,86.05284688512033,STATIC,83.33932635785669,STATIC,93.21694869954837,STATIC,82.61674169119533,STATIC,120.82418602910829,STATIC,57.86225617101354,STATIC,162.5405548646857,140.59874208544136,HUNCH,UPRIGHT,158.4224389736539,LEFT_TILT,False,0.02089168425457477,0.0,0.07310003086651294,559.9636650085449,336.09349250793457,18.333333333333336,0.9987083673477173,True,
44.291666666666664,1063,41.854112629972846,STATIC,105.3325718078191,STATIC,86.04327746352023,STATIC,86.04817256519542,STATIC,92.09384526625016,STATIC,80.3267968354864,STATIC,115.67886494740092,FLEXION,56.97966556222191,STATIC,159.19877681142526,141.02098743338098,HUNCH,UPRIGHT,157.7994742567757,LEFT_TILT,False,0.019953361259153368,0.0,0.07304751439456891,560.1397323608398,336.40573382377625,18.375,0.9987615048885345,True,
44.33333333333333,1064,50.8923917596746,EXTENSION,99.9174559207101,FLEXION,86.38793431580348,STATIC,86.62705095228469,STATIC,91.11914175215966,STATIC,78.41531934433709,STATIC,111.19854148291141,STATIC,57.01751364504327,STATIC,156.1679759645135,143.47230552733672,HUNCH,UPRIGHT,156.6604797857263,LEFT_TILT,False,0.014505987717029526,0.0,0.07298972414118536,559.7921180725098,336.86761021614075,18.416666666666664,0.9987843930721283,True,
44.375,1065,53.15701244578298,STATIC,86.65537935207497,FLEXION,86.93877646752658,STATIC,86.41157557349082,STATIC,91.10478633290195,STATIC,77.836493341169,STATIC,110.11029952812383,STATIC,58.038756748211554,STATIC,156.30795169503475,144.74146101144888,HUNCH,UPRIGHT,153.970812369696,LEFT_TILT,False,0.011685642196780291,0.0,0.07292926646668398,559.1512489318848,337.127366065979,18.458333333333336,0.9987410008907318,True,
44.416666666666664,1066,54.026607632521916,STATIC,85.55824212532127,STATIC,86.90268004240801,STATIC,79.67995840719198,FLEXION,91.04459323086925,STATIC,78.14095584162709,STATIC,107.92937280607191,STATIC,59.600724248096796,STATIC,159.3302787267072,142.13493542699436,HUNCH,UPRIGHT,154.00820484850988,LEFT_TILT,False,0.18414458794001254,0.0,0.07303883821197789,558.6354827880859,337.0330595970154,18.5,0.9987490177154541,True,
44.45833333333333,1067,54.91507168463678,STATIC,87.53124240972103,STATIC,86.95741105774087,STATIC,80.74800168232092,STATIC,90.02472201939375,STATIC,77.58943497608152,STATIC,104.85686800746562,STATIC,60.569455037386525,STATIC,158.90714349211427,143.51112792303994,HUNCH,UPRIGHT,155.24077490953536,LEFT_TILT,False,0.014419715726577928,0.0,0.07298114222527965,558.1003570556641,336.89024806022644,18.541666666666664,0.9987821877002716,True,
44.5,1068,55.762801222036416,STATIC,92.29143080812584,STATIC,86.45344234596485,STATIC,73.4035369499628,FLEXION,91.7467473297907,STATIC,80.60958279545036,STATIC,106.94204516801156,STATIC,63.1727536228416,STATIC,171.6342874478093,136.4546606295746,HUNCH,UPRIGHT,159.42487219704287,LEFT_TILT,False,0.19676742082316756,0.0,0.07310285931337984,557.7639770507812,337.2556400299072,18.583333333333336,0.9987989366054535,True,
44.541666666666664,1069,51.945108053058284,STATIC,89.87115907041783,STATIC,86.38113269438861,STATIC,74.85323074593073,STATIC,91.15348923713636,STATIC,80.67944317608156,STATIC,105.33554138048946,STATIC,63.9268474732503,STATIC,170.98563909178978,134.04433147666242,HUNCH,UPRIGHT,164.1895297065279,LEFT_TILT,False,0.0354570411629724,0.0,0.07306587913837943,557.7055549621582,341.84675574302673,18.625,0.9988455772399902,True,
44.58333333333333,1070,50.55323539263287,STATIC,84.05458688066614,FLEXION,87.07245444052488,STATIC,75.39861631136806,STATIC,93.92802444447997,STATIC,82.10371774459045,STATIC,110.83653356779897,EXTENSION,69.43498739184128,EXTENSION,168.3150767646108,136.58158924770947,HUNCH,UPRIGHT,162.95591270244938,LEFT_TILT,False,0.029818690560645605,0.0,0.07302343832525114,557.7127838134766,341.30685925483704,18.666666666666664,0.9988356530666351,True,
44.625,1071,46.928290218120395,STATIC,85.7157700602742,STATIC,87.18544209808013,STATIC,74.69847519975126,STATIC,94.18822614875111,STATIC,82.32040957131652,STATIC,109.86992546495729,STATIC,71.48647989342385,STATIC,168.48769270642902,139.05477217927103,HUNCH,UPRIGHT,165.05389706777578,LEFT_TILT,False,0.024322728490508833,0.0,0.0729756925312955,558.8879013061523,342.336688041687,18.708333333333336,0.9987117052078247,True,
44.666666666666664,1072,48.68255746833549,STATIC,79.3659108780691,FLEXION,86.89274703052884,STATIC,70.28379920488626,STATIC,94.02620702053909,STATIC,80.5906058520654,STATIC,111.77286457499444,STATIC,73.12442614292739,STATIC,170.3744114565549,134.4856348702098,HUNCH,UPRIGHT,164.29447560774938,LEFT_TILT,False,0.03447636695508934,0.0,0.07293798506256269,558.9897537231445,341.919207572937,18.75,0.9986699223518372,True,
44.70833333333333,1073,57.26075762011777,EXTENSION,75.98987481894426,STATIC,89.12062147925384,STATIC,83.26326848589105,EXTENSION,84.77946632940558,FLEXION,65.62502998888993,FLEXION,103.61902291475656,FLEXION,67.53784709167897,FLEXION,148.2547967982734,142.30166121471262,HUNCH,FORWARD_TILT,159.23172257464884,LEFT_TILT,False,0.02098564886003107,0.0,0.0728871510741062,557.0437622070312,337.4764287471771,18.791666666666664,0.9985079765319824,True,
44.75,1074,46.76785305046366,FLEXION,88.3451311924057,EXTENSION,86.42144101557142,STATIC,62.42584910748399,FLEXION,93.9776855325801,EXTENSION,79.49262970311793,EXTENSION,112.93977754057654,EXTENSION,70.71334535120842,STATIC,175.857306274359,125.07525205262844,HUNCH,UPRIGHT,164.23332867143807,LEFT_TILT,False,0.22205499543860344,0.0,0.07303296519371959,557.2626495361328,338.3486294746399,18.833333333333336,0.99838986992836,True,
44.791666666666664,1075,53.15112804433275,EXTENSION,86.09135479899975,STATIC,86.6318042646485,STATIC,67.02452510196748,STATIC,92.75422529950544,STATIC,76.22516157011115,STATIC,115.15422077689537,STATIC,74.81710397825154,STATIC,175.6920440476148,124.95997306220478,HUNCH,UPRIGHT,164.6597564142747,LEFT_TILT,False,0.055644504306211595,0.0,0.07301598427488414,557.4382019042969,338.5002815723419,18.875,0.9982889890670776,True,
44.83333333333333,1076,55.837151897502686,STATIC,88.0346881641306,STATIC,85.87751639436094,STATIC,64.90167916122093,STATIC,93.31061054285114,STATIC,76.84255893656206,STATIC,118.82546361831065,STATIC,77.32584764152126,STATIC,176.78172313569527,119.5216334795266,HUNCH,UPRIGHT,165.95767553509683,LEFT_TILT,False,0.06772970337882978,0.0,0.07301082692766847,557.4831771850586,339.51075553894043,18.916666666666664,0.9982114732265472,True,
44.875,1077,54.20065576210719,STATIC,83.79560186201455,STATIC,87.31181494991692,STATIC,72.0162930981473,EXTENSION,87.349866829463,FLEXION,71.050377368995,FLEXION,117.30714024570716,STATIC,71.18737060208363,FLEXION,165.16423831157067,128.97878357037197,HUNCH,UPRIGHT,166.13380741930948,LEFT_TILT,False,0.04671381428806228,0.0,0.07298519631106068,555.9504318237305,339.2722749710083,18.958333333333336,0.9977484047412872,True,
44.916666666666664,1078,53.23727592321749,STATIC,78.73236683499319,FLEXION,86.51851795698592,STATIC,67.27295873681628,STATIC,90.1935413933504,STATIC,72.07491830573802,STATIC,122.33336415484573,EXTENSION,74.12225391369654,STATIC,172.19621360234999,124.62691157447082,HUNCH,UPRIGHT,166.0946247409714,LEFT_TILT,False,0.05638464094562038,0.0,0.0729690321870437,555.4308128356934,339.48999524116516,19.0,0.9971678256988525,True,
44.95833333333333,1079,55.445092709183825,STATIC,86.15587363137865,EXTENSION,87.47805632360884,STATIC,75.77750704049748,EXTENSION,86.56738120633865,STATIC,66.86792713025753,FLEXION,125.23869387813494,STATIC,71.60486091650334,STATIC,165.86240069575402,127.47318658327632,HUNCH,UPRIGHT,165.1620244668954,LEFT_TILT,False,0.050059585370497074,0.0,0.07294674673294199,555.0529098510742,339.8724675178528,19.041666666666664,0.9970457255840302,True,
45.0,1080,56.39986679609409,STATIC,80.35674335570953,FLEXION,88.96743463137422,STATIC,79.30202458200297,STATIC,80.59253622361533,FLEXION,62.7709947965452,STATIC,122.61726861897911,STATIC,67.28514663915828,STATIC,156.2382324417537,136.32490607606192,HUNCH,UPRIGHT,164.75877279125586,LEFT_TILT,False,0.030389097608751303,0.0,0.07290538847334607,553.942985534668,340.05571603775024,19.083333333333336,0.997092604637146,True,
45.041666666666664,1081,55.498248867502774,STATIC,93.59154529730712,EXTENSION,92.8292694689814,STATIC,103.51833810669595,EXTENSION,69.26237078583097,FLEXION,52.79341860450051,FLEXION,113.39216465087873,FLEXION,55.38860868213748,FLEXION,129.0698248063534,155.7487202574071,STRAIGHT,FORWARD_TILT,158.94303891846099,LEFT_TILT,False,0.04651150043032574,0.0,0.07287976333932374,550.5138969421387,337.4190402030945,19.125,0.9969195425510406,True,
45.08333333333333,1082,51.55754730840025,STATIC,88.79573239979615,STATIC,90.75385328507106,STATIC,99.20014625787503,STATIC,77.81986716554945,EXTENSION,69.66069433539505,EXTENSION,116.17717823175303,STATIC,65.09668525471798,EXTENSION,128.6835765466466,156.7462395230611,STRAIGHT,FORWARD_TILT,155.7841319034259,LEFT_TILT,False,0.047369829896340865,0.0,0.07285502043588728,551.1016464233398,336.7904806137085,19.166666666666664,0.9966528415679932,True,
45.125,1083,55.66923054661122,STATIC,80.6259932285879,FLEXION,90.63712974289156,STATIC,93.19237545353877,FLEXION,77.46185472742536,STATIC,68.70643781626084,STATIC,121.21654983524601,EXTENSION,64.14253325920987,STATIC,135.42645399733925,153.75241701896297,STRAIGHT,FORWARD_TILT,154.14890344148642,LEFT_TILT,False,0.19905232445035723,0.0,0.07297730464520363,550.3938293457031,336.2062740325928,19.208333333333336,0.9964174926280975,True,
45.166666666666664,1084,61.66678472417069,EXTENSION,85.07483665500708,STATIC,92.38730262323033,STATIC,98.82649595125731,EXTENSION,77.26489815370591,STATIC,70.80151017362688,STATIC,118.6759455823079,STATIC,65.36849686591462,STATIC,130.27513196350358,156.78391597040675,STRAIGHT,FORWARD_TILT,153.94760676426571,LEFT_TILT,False,0.04383304008110315,0.0,0.07294909141716481,549.4871711730957,336.96832180023193,19.25,0.9960518181324005,True,
45.20833333333333,1085,54.38814770945954,FLEXION,79.8013266738073,FLEXION,92.431447299341,STATIC,95.11966847745772,STATIC,79.05045772307136,STATIC,70.69035631249285,STATIC,123.38858137330342,STATIC,64.37956691629654,STATIC,138.18184758883785,149.1844819460932,HUNCH,FORWARD_TILT,152.80525860254804,LEFT_TILT,False,0.02807482325570876,0.0,0.07290569270520982,549.4791030883789,336.957346200943,19.291666666666664,0.996122270822525,True,
45.25,1086,60.291418126129884,EXTENSION,89.31446923258025,EXTENSION,92.67860110987942,STATIC,100.34765420248301,EXTENSION,74.85104045358135,STATIC,72.07445062699178,STATIC,119.41088252987197,STATIC,67.12459112824165,STATIC,130.701869348655,154.81893079859861,STRAIGHT,FORWARD_TILT,153.72600391745505,LEFT_TILT,False,0.04288473478076663,0.0,0.07287668694876108,548.8497924804688,337.2171127796173,19.333333333333336,0.9963236153125763,True,
45.291666666666664,1087,58.11381790568137,STATIC,77.12641649942854,FLEXION,92.06141512201762,STATIC,94.7841640390962,FLEXION,76.47513257823809,STATIC,75.53345624401275,STATIC,119.66575142491641,STATIC,70.99649211550108,STATIC,128.1300862438096,155.368633622585,STRAIGHT,FORWARD_TILT,151.87855336510052,LEFT_TILT,False,0.21526647501375648,0.0,0.0730141288291327,547.0385551452637,333.9781630039215,19.375,0.9963399171829224,True,
45.375,1089,59.09554885926817,STATIC,82.89405286179193,EXTENSION,82.60498582055313,FLEXION,52.71007389702082,FLEXION,89.26941887738073,EXTENSION,91.23614181322804,EXTENSION,119.31352236858,STATIC,83.24850780503631,EXTENSION,174.78646047963446,122.05166965028941,HUNCH,UPRIGHT,168.1603086146846,LEFT_TILT,False,0.395440734110468,0.0,0.07332505130288519,527.0023918151855,344.406613111496,0.0,0.9966485798358917,False,
45.416666666666664,1090,63.45705570159924,STATIC,80.84746973534608,STATIC,86.34585400116563,STATIC,80.37977750932234,EXTENSION,83.01022680471976,FLEXION,80.0580947958419,FLEXION,119.08766657234968,STATIC,76.83997421572933,FLEXION,151.72039053282322,145.1161896224335,HUNCH,UPRIGHT,161.64264852711426,LEFT_TILT,False,0.010852911950147778,0.0,0.07326486619753575,530.5436706542969,342.30244159698486,0.0416666666666643,0.9967538714408875,False,
45.45833333333333,1091,63.567419295850144,STATIC,79.8861649125735,STATIC,87.96695928116918,STATIC,87.74215262735817,EXTENSION,81.69024522708172,STATIC,80.42647978425613,STATIC,117.30624002191705,STATIC,81.09892396720615,STATIC,141.11033946847616,150.7659793350772,STRAIGHT,FORWARD_TILT,155.7654134103335,LEFT_TILT,False,0.01975480118116409,0.0,0.07321336469126397,531.2025451660156,340.97460865974426,0.0833333333333286,0.9968334436416626,False,
45.5,1092,59.395054192131106,STATIC,82.39499510753127,STATIC,90.02794146477147,STATIC,91.49135439100802,STATIC,88.88783971917408,EXTENSION,86.07706726691084,EXTENSION,125.16540962305426,EXTENSION,89.85472980632909,EXTENSION,137.6240000066177,153.17432634467656,STRAIGHT,FORWARD_TILT,148.0113357265154,LEFT_TILT,False,0.02750222220751619,0.0,0.07316941166964498,533.6637496948242,339.01588797569275,0.125,0.9966122210025787,False,
45.541666666666664,1093,65.63240187219803,EXTENSION,82.05191840453938,STATIC,89.58209445405868,STATIC,89.90117280714435,STATIC,87.25243032083934,STATIC,85.48738602220759,STATIC,121.91408450317634,STATIC,91.18529384331165,STATIC,140.79291112479558,150.99017020306866,STRAIGHT,FORWARD_TILT,148.75344378276858,LEFT_TILT,False,0.020460197500454285,0.0,0.07311877841876199,532.9722785949707,339.16402101516724,0.1666666666666643,0.9965862929821014,False,
45.58333333333333,1094,64.63806361808449,STATIC,83.21711615456158,STATIC,87.98152916728435,STATIC,82.80364264096698,FLEXION,87.42243834092594,STATIC,81.76186681267093,STATIC,122.21576035806821,STATIC,89.77713356925297,STATIC,148.74585981904642,147.61769755576086,HUNCH,FORWARD_TILT,150.08299079776427,LEFT_TILT,False,0.17474765027820605,0.0,0.07321631092534496,532.0395851135254,339.24686908721924,0.2083333333333286,0.9964852035045624,False,
45.625,1095,57.31013048354834,FLEXION,79.40670651737518,STATIC,86.31272993666315,STATIC,73.85690938030748,FLEXION,89.9000521903354,STATIC,84.12098340680635,STATIC,122.7994488068072,STATIC,92.26423194310979,STATIC,159.6005655393345,142.6248229481521,HUNCH,UPRIGHT,150.31636530983158,LEFT_TILT,False,0.1830559490041065,0.0,0.07332162217949525,532.8112602233887,339.07777190208435,0.25,0.9964419603347778,False,
45.666666666666664,1096,63.04205725127017,EXTENSION,84.34992754715141,STATIC,87.66530437701498,STATIC,82.44479112992947,EXTENSION,88.54077399100599,STATIC,85.1735824875071,STATIC,121.51482473815332,STATIC,95.22957757576276,STATIC,148.22903999463776,145.45202683575272,HUNCH,FORWARD_TILT,150.51627517541533,LEFT_TILT,False,0.014042073710243389,0.0,0.07326484100280056,532.2673988342285,338.8784945011139,0.2916666666666643,0.9964526295661926,False,
45.70833333333333,1097,66.1706793511133,STATIC,85.79292799942782,STATIC,89.62366643324454,STATIC,83.87691570431703,STATIC,88.65740473652096,STATIC,88.08268561187397,STATIC,121.25499918100067,STATIC,100.48882195651676,EXTENSION,144.43659405650507,145.93581693986374,HUNCH,FORWARD_TILT,149.48042227993386,LEFT_TILT,False,0.021394642230291527,0.0,0.07321520444895127,530.9147071838379,336.83061718940735,0.3333333333333286,0.9964296519756317,False,
45.75,1098,68.37047516845502,STATIC,89.90082555311807,STATIC,89.0162731033303,STATIC,83.22643583249176,STATIC,86.97876295398736,STATIC,84.22227930022302,STATIC,118.25891557494748,STATIC,97.46870154717034,STATIC,148.80405689625954,140.5644161090738,HUNCH,FORWARD_TILT,151.2464906973465,LEFT_TILT,False,0.023625615543703682,0.0,0.07316779566414702,529.4522094726562,337.1930801868439,0.375,0.9964919686317444,False,
45.791666666666664,1099,67.70769841157474,STATIC,91.1095366085708,STATIC,88.48661067319718,STATIC,82.6543077286598,STATIC,87.18846885521182,STATIC,82.10438360315638,STATIC,117.49510884589714,STATIC,96.26666702095146,STATIC,149.39604987728177,141.94695535206333,HUNCH,FORWARD_TILT,151.64977618418314,LEFT_TILT,False,0.019237766157010932,0.0,0.073116286562421,527.5599670410156,336.38864278793335,0.4166666666666643,0.9963899850845337,False,
45.83333333333333,1100,62.798650065589406,STATIC,85.43673580691745,FLEXION,88.04705056997288,STATIC,76.49520202531075,FLEXION,90.03618963452888,STATIC,83.65713606977907,STATIC,119.63884866028161,STATIC,99.79977465854869,STATIC,152.1290932913979,141.66023208866346,HUNCH,UPRIGHT,150.90410334796363,LEFT_TILT,False,0.18519948424741453,0.0,0.07322323617853264,524.9084663391113,335.6162738800049,0.4583333333333286,0.9962636530399323,False,
45.875,1101,48.516618221616994,FLEXION,89.04346327405914,STATIC,87.68470433751502,STATIC,71.35725796003442,FLEXION,89.97150783254835,STATIC,82.41869061620841,STATIC,117.61841801576432,STATIC,95.81792207358444,STATIC,160.94547495805202,139.17785410295033,HUNCH,UPRIGHT,152.7748189533682,LEFT_TILT,False,0.19071587977122148,0.0,0.07333524060521776,525.3110694885254,336.0749101638794,0.5,0.9961883127689362,False,
45.916666666666664,1102,62.72546274584116,EXTENSION,82.15629184471454,FLEXION,87.85047670950722,STATIC,66.90854452380847,STATIC,89.44064818789019,STATIC,82.66348682551548,STATIC,114.3534484104327,STATIC,95.53969502756546,STATIC,161.7482612737586,137.64869249030022,HUNCH,UPRIGHT,153.65598527290913,LEFT_TILT,False,0.027447350021555073,0.0,0.07329153785228094,524.4894409179688,336.0308790206909,0.5416666666666643,0.9962301254272461,False,
45.95833333333333,1103,68.20028275917979,EXTENSION,75.73214583436305,FLEXION,87.73522805988998,STATIC,67.90475472606462,STATIC,91.68409176518647,STATIC,82.99189412308857,STATIC,117.86454359196603,STATIC,96.21595045682221,STATIC,160.82703291376498,137.36562900851698,HUNCH,UPRIGHT,151.5142069585183,LEFT_TILT,False,0.028076379981073374,0.0,0.07324851676962518,524.4289207458496,336.39535903930664,0.5833333333333286,0.9962963759899139,False,
46.0,1104,74.86870973233572,EXTENSION,73.16104183373548,STATIC,87.45805329060725,STATIC,59.91957751292151,FLEXION,91.25007621840042,STATIC,82.43825529008065,STATIC,114.25743474920326,STATIC,95.99759002504318,STATIC,162.75339288662278,135.52516101227403,HUNCH,UPRIGHT,153.9615869601747,LEFT_TILT,False,0.19883297552827994,0.0,0.07336789363156306,524.7796058654785,335.5500555038452,0.625,0.9963561296463013,False,
46.041666666666664,1105,75.79197403299762,STATIC,79.71998398133553,EXTENSION,86.92344863671363,STATIC,62.25974929587968,STATIC,90.65772337520394,STATIC,80.81692059104378,STATIC,112.23581792526254,STATIC,94.23437683920488,STATIC,164.36910968342988,133.4936062428262,HUNCH,UPRIGHT,155.32596849800825,LEFT_TILT,False,0.036680875015941784,0.0,0.07333305315804396,524.742317199707,334.75828886032104,0.6666666666666643,0.9964197278022766,False,
46.08333333333333,1106,66.40659080304229,FLEXION,80.25091254797945,STATIC,85.52356375537967,STATIC,59.168201595769894,STATIC,90.83073795453832,STATIC,82.40026901478653,STATIC,111.21966929894565,STATIC,93.18357158627668,STATIC,168.5065562036365,129.77826479739426,HUNCH,UPRIGHT,154.593450089176,LEFT_TILT,False,0.04493718933912386,0.0,0.07330611211077742,525.1504516601562,334.80958342552185,0.7083333333333286,0.9963283538818359,False,
46.125,1107,70.33710087744198,STATIC,81.30582662673093,STATIC,85.67973765583265,STATIC,62.2470596696685,STATIC,90.06725257953404,STATIC,81.73766814395444,STATIC,110.41944428409332,STATIC,92.4361531398007,STATIC,165.1393485664763,130.95775989420667,HUNCH,UPRIGHT,154.16398288385813,LEFT_TILT,False,0.04231608912398518,0.0,0.07327673768140607,525.2599143981934,334.4561541080475,0.75,0.9963096678256989,False,
46.166666666666664,1108,65.9089783484724,STATIC,81.81285437932954,STATIC,85.3079795482519,STATIC,62.765487526605526,STATIC,89.82626489863061,STATIC,81.74454817648446,STATIC,110.26621971286363,STATIC,91.62373281870259,STATIC,163.57340876889376,131.11385787362266,HUNCH,UPRIGHT,153.479922691872,LEFT_TILT,False,0.04196920472528298,0.0,0.07324709039640973,525.3689575195312,333.6598062515259,0.7916666666666643,0.9963271021842957,False,
46.20833333333333,1109,54.51864241754442,FLEXION,89.85062808418222,EXTENSION,85.11714949361611,STATIC,62.69224905796685,STATIC,89.08371424217847,STATIC,80.44832752747088,STATIC,109.49693130026948,STATIC,87.03938574550868,STATIC,163.58734811666778,130.81130025591574,HUNCH,UPRIGHT,153.6235346696659,LEFT_TILT,False,0.04264155498685392,0.0,0.07321813530141488,525.4285621643066,333.46158027648926,0.8333333333333286,0.9963425397872925,False,
46.25,1110,53.67829194861579,STATIC,94.34552002354661,STATIC,85.1940307407102,STATIC,67.10405790983303,STATIC,89.14427339812808,STATIC,78.4911907951879,STATIC,110.0772190902131,STATIC,83.96695189635312,STATIC,162.95487942116506,131.1269693055597,HUNCH,UPRIGHT,153.72458098782965,LEFT_TILT,False,0.04194006820986732,0.0,0.07318857191096918,524.657039642334,333.10648798942566,0.875,0.9963263273239136,False,
46.291666666666664,1111,55.97218782403578,STATIC,96.01717259780476,STATIC,85.57397847370169,STATIC,64.87967596740408,STATIC,90.51777535811735,STATIC,80.84580351630059,STATIC,110.68870698011645,STATIC,86.36720881591611,STATIC,166.8157991507154,131.29009185184506,HUNCH,UPRIGHT,155.3386505729517,LEFT_TILT,False,0.041577573662566536,0.0,0.07315872205426625,522.850227355957,333.78803730010986,0.9166666666666643,0.9961936771869659,False,
46.33333333333333,1112,54.37089916927026,STATIC,89.01196047807909,FLEXION,85.702269147926,STATIC,65.08912976256907,STATIC,90.84219827987991,STATIC,84.96868017158708,STATIC,110.24599900955359,STATIC,93.85597825031162,EXTENSION,161.4919005640455,135.2429143407938,HUNCH,UPRIGHT,156.17413335870486,LEFT_TILT,False,0.032793523687124924,0.0,0.07312064167844819,522.6670074462891,334.106125831604,0.9583333333333286,0.9961234927177429,False,
46.375,1113,56.707681803181366,STATIC,87.07150905437854,STATIC,85.66976590791205,STATIC,64.58782220855385,STATIC,90.39309409111254,STATIC,82.58451407619414,STATIC,107.89142213657699,STATIC,90.29427809121775,STATIC,161.91710173376387,134.32535917570723,HUNCH,UPRIGHT,156.89176167771078,LEFT_TILT,False,0.034832535165095026,0.0,0.07308455486740827,522.8604316711426,333.83432149887085,1.0,0.9961502850055695,False,
46.416666666666664,1114,43.70389888038984,FLEXION,83.97438297075078,STATIC,85.33572633613701,STATIC,60.93862671219152,STATIC,90.35627616472969,STATIC,86.17526862448481,STATIC,107.87220166130636,STATIC,95.33462444464946,EXTENSION,163.24585482733033,133.3393955240627,HUNCH,UPRIGHT,157.31588948715654,LEFT_TILT,False,0.03702356550208289,0.0,0.07305059913354262,523.5245323181152,333.6015057563782,1.0416666666666643,0.99616938829422,False,
46.45833333333333,1115,56.00298739048125,EXTENSION,92.88942752801835,EXTENSION,85.45798128251482,STATIC,63.669933763619476,STATIC,89.87353349642997,STATIC,83.08449890832576,STATIC,106.86529584768321,STATIC,91.64912256869381,STATIC,164.92381263965348,132.8826604472805,HUNCH,UPRIGHT,158.80591682255002,LEFT_TILT,False,0.03803853233937667,0.0,0.07301766209986983,521.8926048278809,332.5512170791626,1.0833333333333286,0.9962692260742188,False,
46.5,1116,45.00669243563659,FLEXION,86.26610558573367,FLEXION,84.7038125714925,STATIC,57.11324306061627,FLEXION,89.59105048744128,STATIC,83.0095374699691,STATIC,106.73162745723381,STATIC,91.33719764889759,STATIC,166.77409879670157,132.6979975298644,HUNCH,UPRIGHT,161.9855467940213,LEFT_TILT,False,0.20511556104474574,0.0,0.0731418142605323,523.4123992919922,333.686842918396,1.125,0.9963208734989166,False,
46.541666666666664,1117,47.29335666186042,STATIC,85.54223909778996,STATIC,84.09030112941679,STATIC,48.989309049724866,FLEXION,90.90284956795675,STATIC,85.85024934834775,STATIC,107.79426419164689,STATIC,93.39653036135473,STATIC,173.18109189220914,125.1115844374311,HUNCH,UPRIGHT,14.856180295559673,RIGHT_TILT,False,0.22197425680570868,0.0,0.0732815630328752,523.4336280822754,333.70401978492737,1.1666666666666643,0.996481865644455,False,
46.58333333333333,1118,46.99667601171758,STATIC,83.35949166234509,STATIC,84.99748831998662,STATIC,56.02704123406521,EXTENSION,90.93926398318656,STATIC,84.61394089891967,STATIC,108.61468420847748,STATIC,92.72522426904294,STATIC,172.86562404685156,127.10480110426388,HUNCH,UPRIGHT,13.64649606322345,RIGHT_TILT,False,0.05087821976830246,0.0,0.07326054676339624,523.5388565063477,334.14993166923523,1.2083333333333286,0.9965876936912537,False,
46.625,1119,45.74771167137136,STATIC,85.2015129622191,STATIC,85.67073336283832,STATIC,57.327020671593196,STATIC,90.82560642377689,STATIC,84.45428507252828,STATIC,109.17802283191519,STATIC,92.19417004550692,STATIC,172.68549993259063,126.56845685391256,HUNCH,UPRIGHT,13.483596399741955,RIGHT_TILT,False,0.05207009588019429,0.0,0.07324068692189371,523.4504318237305,334.20398354530334,1.25,0.9967138469219208,False,
46.666666666666664,1120,51.573053477824665,EXTENSION,90.8242023155079,EXTENSION,86.59996121882388,STATIC,66.60243958996463,EXTENSION,89.68999140512003,STATIC,81.7171957917344,STATIC,107.70844140353616,STATIC,91.27877113207252,STATIC,166.1780778711417,130.91866486628348,HUNCH,UPRIGHT,13.976881203328793,RIGHT_TILT,False,0.04240296696381448,0.0,0.07321181265227004,524.3511962890625,334.2100238800049,1.2916666666666643,0.9967508018016815,False,
46.70833333333333,1121,52.222235986786494,STATIC,97.5473656884435,EXTENSION,87.00680764980689,STATIC,69.57736682403564,STATIC,89.25879424283202,STATIC,80.99633471379462,STATIC,108.57402761922111,STATIC,90.24996075980852,STATIC,164.09503234955878,132.35399277520884,HUNCH,UPRIGHT,14.407196894024953,RIGHT_TILT,False,0.0392133493884248,0.0,0.07318000866418413,524.4987678527832,333.88285875320435,1.3333333333333286,0.9967233538627625,False,
46.75,1122,49.73924281398964,STATIC,94.72629814357244,STATIC,86.83956707938667,STATIC,67.69963980667532,STATIC,90.1502335656902,STATIC,82.6395606284938,STATIC,109.67447209957275,STATIC,90.71920367970031,STATIC,168.38423435077178,128.94151266049377,HUNCH,UPRIGHT,14.63911820511414,RIGHT_TILT,False,0.04679663853223607,0.0,0.07315535130892063,524.9658966064453,333.8355767726898,1.375,0.9968371093273163,False,
46.791666666666664,1123,51.24455296140916,STATIC,97.27386904034718,STATIC,86.79302981953272,STATIC,64.38903271010858,STATIC,90.74991801627993,STATIC,83.71170095051458,STATIC,111.13613165273513,STATIC,90.44600291810528,STATIC,171.18099509585832,126.53760642922073,HUNCH,UPRIGHT,14.193559199011782,RIGHT_TILT,False,0.05213865237950951,0.0,0.07313572787387916,525.3140258789062,333.92772674560547,1.4166666666666643,0.9969466328620911,False,
46.83333333333333,1124,54.52164053149163,STATIC,99.23994624003706,STATIC,87.31703889037246,STATIC,64.42150787270486,STATIC,90.5099213756748,STATIC,84.15378874569788,STATIC,112.77866070993296,STATIC,91.35522774493369,STATIC,171.16452887250836,126.6896549885991,HUNCH,UPRIGHT,14.26299121463136,RIGHT_TILT,False,0.05180076669200199,0.0,0.07311582585785129,525.4287528991699,333.910174369812,1.4583333333333286,0.9969934523105621,False,
46.875,1125,57.42796964539644,STATIC,101.82659212746476,STATIC,87.26624190715778,STATIC,64.85651055876876,STATIC,90.4424335998102,STATIC,84.5693333435513,STATIC,113.80730836233478,STATIC,92.07503930160011,STATIC,171.1540083865197,126.43243536714594,HUNCH,UPRIGHT,167.3049560625386,LEFT_TILT,False,0.052372365850786785,0.0,0.07309649364908422,524.3903160095215,334.01909351348877,1.5,0.9970684945583344,False,
46.916666666666664,1126,55.90445721268154,STATIC,103.32431869477695,STATIC,87.50372347530465,STATIC,68.16407640197424,STATIC,89.52999437154543,STATIC,84.02870007881555,STATIC,114.00003929321132,STATIC,91.84641085073733,STATIC,167.99216926075783,128.6769828625549,HUNCH,UPRIGHT,166.22066619016672,LEFT_TILT,False,0.04738448252765578,0.0,0.07307255322904566,524.4369697570801,333.7916314601898,1.5416666666666643,0.9971344769001007,False,
46.95833333333333,1127,55.74795579403398,STATIC,97.7185218821825,FLEXION,87.10826547472716,STATIC,59.74812507523569,FLEXION,90.80776895425946,STATIC,86.40598837782925,STATIC,115.86717697419357,STATIC,94.64713498521462,STATIC,172.91977996522837,126.33248875843049,HUNCH,UPRIGHT,165.38778034776539,LEFT_TILT,False,0.2192611360923767,0.0,0.0732085426084534,524.8838043212891,333.4192228317261,1.5833333333333286,0.9971760511398315,False,
47.0,1128,56.266937534364274,STATIC,98.84836461913669,STATIC,85.43551423475813,STATIC,52.87441722379937,FLEXION,92.02798303027683,STATIC,89.06412991039046,STATIC,116.6195815072551,STATIC,96.2153715234804,STATIC,173.91141539793088,120.39705172300563,HUNCH,UPRIGHT,12.304557672336692,RIGHT_TILT,False,0.23245099617109857,0.0,0.07335653745377184,524.405460357666,332.7117955684662,1.625,0.9972647726535797,False,
47.041666666666664,1129,52.09490903521262,STATIC,102.46202604395572,STATIC,85.77425499439714,STATIC,56.84470841775824,STATIC,90.33619420744253,STATIC,88.12817778965116,STATIC,116.34439326815667,STATIC,97.04686185457345,STATIC,173.41018345702068,124.0808273076368,HUNCH,UPRIGHT,13.036592105043786,RIGHT_TILT,False,0.057598161538584915,0.0,0.07334190572126005,523.4519195556641,332.5548756122589,1.6666666666666643,0.9973686635494232,False,
47.08333333333333,1130,61.08700452960647,EXTENSION,103.88443934257663,STATIC,87.62628864402919,STATIC,74.17482769496806,EXTENSION,88.96937300058231,STATIC,82.56087666354207,FLEXION,113.03897177909631,STATIC,94.85642543513306,STATIC,161.03679118414837,134.1406848176979,HUNCH,UPRIGHT,165.9502886540289,LEFT_TILT,False,0.035242922627338046,0.0,0.07330656343638628,523.7232780456543,332.9832673072815,1.7083333333333286,0.9974120557308197,False,
47.125,1131,64.79727729146065,STATIC,99.26233779121772,STATIC,87.00526674711448,STATIC,69.86257202936005,STATIC,89.19645750217168,STATIC,80.75497316924717,STATIC,109.7335113570038,STATIC,90.62574472375731,STATIC,164.60777495687572,131.4769894053342,HUNCH,UPRIGHT,12.475315900292884,RIGHT_TILT,False,0.04116224576592401,0.0,0.07327677259517175,523.8166427612305,334.7985541820526,1.75,0.9974295496940613,False,
47.166666666666664,1132,70.81931534214375,EXTENSION,92.83304900602377,FLEXION,85.76983748439638,STATIC,52.04280853527377,FLEXION,91.08348704285403,STATIC,84.01239221702775,STATIC,107.62594166201656,STATIC,87.76172469778695,STATIC,175.01250801258718,119.91650935184467,HUNCH,UPRIGHT,9.171140181171818,UPRIGHT,False,0.23351886810701183,0.0,0.07342514490583087,521.4554023742676,333.53331327438354,1.7916666666666643,0.9972842633724213,False,
47.20833333333333,1133,74.42629238610178,STATIC,79.90242998300955,FLEXION,84.8889634911439,STATIC,44.20282625823958,FLEXION,91.33543387745115,STATIC,85.17334329966273,STATIC,107.62609718592265,STATIC,90.30858629513834,STATIC,174.7326397040791,119.65625416385166,HUNCH,UPRIGHT,170.48673332454237,LEFT_TILT,False,0.23409721296921857,0.0,0.07357377771625027,522.2307777404785,332.39399671554565,1.8333333333333286,0.9973053932189941,False,
47.25,1134,79.50769432272256,EXTENSION,82.04195183493435,STATIC,84.4693122443517,STATIC,47.805968494656554,STATIC,91.47108122285188,STATIC,84.09088583069536,STATIC,104.29058280415532,STATIC,87.28056758125157,STATIC,174.9439849155766,118.52772644652745,HUNCH,UPRIGHT,169.37231592551495,LEFT_TILT,False,0.06993838567438344,0.0,0.07357041783451103,521.8775939941406,331.0609710216522,1.875,0.9973238110542297,False,
47.291666666666664,1135,82.28409878871842,STATIC,92.16412262532008,EXTENSION,84.8657293017908,STATIC,51.83149112531634,STATIC,90.71949547358098,STATIC,84.45170705933387,STATIC,101.76013813091947,STATIC,89.15175325172382,STATIC,174.93079310260444,119.19274086012004,HUNCH,UPRIGHT,169.27904463984953,LEFT_TILT,False,0.0684605758663999,0.0,0.07356569960554693,523.985538482666,331.1817991733551,1.9166666666666643,0.9973136186599731,False,
47.33333333333333,1136,76.40984854764758,FLEXION,91.70743124622196,STATIC,83.8953099583817,STATIC,51.7666795053823,STATIC,92.28680079266746,STATIC,84.49357696842864,STATIC,101.22198751686535,STATIC,89.41907326625733,STATIC,174.49541378627683,121.97815623566832,HUNCH,UPRIGHT,9.451873685213572,UPRIGHT,False,0.06227076392073705,0.0,0.07355527992318087,524.0114212036133,330.9342312812805,1.9583333333333286,0.9973887205123901,False,
47.375,1137,80.28570573432151,STATIC,95.1768379094024,STATIC,83.88890324120054,STATIC,55.198784155567424,STATIC,92.08255144449929,STATIC,84.115842632431,STATIC,98.63792940266144,STATIC,88.54536698255347,STATIC,174.70138833233128,121.93864230830613,HUNCH,UPRIGHT,8.46008083011236,UPRIGHT,False,0.06235857264820862,0.0,0.07354496037730532,523.9328193664551,330.8685600757599,2.0,0.9973666667938232,False,
47.416666666666664,1138,72.17533074533603,FLEXION,92.08540982096254,STATIC,84.1663961618548,STATIC,53.217141186173144,STATIC,91.74722552465002,STATIC,84.94611741172163,STATIC,98.74864376947487,STATIC,91.39213202958538,STATIC,174.92058917707539,124.33263600879565,HUNCH,UPRIGHT,8.189471853550085,UPRIGHT,False,0.057038586647120804,0.0,0.0735297611381431,524.496898651123,330.91671109199524,2.0416666666666643,0.9973989129066467,False,
47.45833333333333,1139,67.25919242980088,STATIC,82.86602893775878,FLEXION,83.73768855692198,STATIC,45.36029861968104,FLEXION,91.67677201511606,STATIC,86.58900902641204,STATIC,99.41569392027762,STATIC,93.67985323910798,STATIC,174.75710204636027,123.56879096527112,HUNCH,UPRIGHT,6.654006604045342,UPRIGHT,False,0.22540268674384198,0.0,0.07366947864100022,526.0795402526855,332.297340631485,2.0833333333333286,0.9974132478237152,False,
47.5,1140,65.68621723230355,STATIC,82.30857602648503,STATIC,83.62942274030245,STATIC,40.077770850337856,FLEXION,92.79748433976053,STATIC,88.98411608650699,STATIC,101.70258583833824,STATIC,96.72906322320765,STATIC,170.8063694128804,120.16417100381594,HUNCH,UPRIGHT,4.206285741530406,UPRIGHT,False,0.23296850888040901,0.0,0.07381589319085262,527.7141761779785,332.87739515304565,2.125,0.9973605275154114,False,
47.541666666666664,1141,63.51768209948493,STATIC,74.27248964194486,FLEXION,83.85757442207603,STATIC,36.55089150274899,STATIC,92.73786271337046,STATIC,89.54680033892265,STATIC,102.51863832255295,STATIC,100.44811944539752,STATIC,170.2862189297429,121.85934373153854,HUNCH,UPRIGHT,3.4653473168108015,UPRIGHT,False,0.06253479170769212,0.0,0.07380553405266789,528.8616561889648,332.73460507392883,2.1666666666666643,0.9973529279232025,False,
47.58333333333333,1142,61.338177147186144,STATIC,72.34578463578272,STATIC,84.58242368064242,STATIC,38.36392100376876,STATIC,91.68411688720566,STATIC,88.0980140404716,STATIC,101.07475021139824,STATIC,100.25231269079869,STATIC,172.10469840734362,121.60709276525006,HUNCH,UPRIGHT,3.350007317933968,UPRIGHT,False,0.06309534941055543,0.0,0.07379570819519807,531.1603736877441,332.9848873615265,2.2083333333333286,0.9971974790096283,False,
47.625,1143,59.20190523308948,STATIC,70.7095033289523,STATIC,84.05079526361985,STATIC,37.31897606500786,STATIC,91.71763052369124,STATIC,87.16896460047222,STATIC,100.1776769106397,STATIC,97.94409306542339,STATIC,170.81600633771762,120.52531292231447,HUNCH,UPRIGHT,2.7965258743618513,UPRIGHT,False,0.06549930461707894,0.0,0.07378810379228504,531.4683151245117,334.8478853702545,2.25,0.9970860183238983,False,
47.666666666666664,1144,63.302315656047185,STATIC,74.33670762479221,STATIC,84.08754805005061,STATIC,40.647955925488,STATIC,92.63503112395794,STATIC,86.52290426660736,STATIC,101.9255150407638,STATIC,98.71145700187103,STATIC,170.39477718940546,118.47177697034726,HUNCH,UPRIGHT,4.37731014062168,UPRIGHT,False,0.07006271784367275,0.0,0.07378469226669107,534.6213722229004,335.437273979187,2.2916666666666643,0.9970689713954926,False,
47.70833333333333,1145,60.55813043574918,STATIC,71.30702086154297,STATIC,84.26144893813209,STATIC,39.17015572986509,STATIC,92.21217898113154,STATIC,86.10947578274306,STATIC,101.51585284770682,STATIC,99.65436207041333,STATIC,172.07346720590374,119.55768336733627,HUNCH,UPRIGHT,1.3421957374954887,UPRIGHT,False,0.06764959251703051,0.0,0.07377907918366301,534.4568824768066,335.3077554702759,2.3333333333333286,0.9970239698886871,False,
47.75,1146,59.40923307177291,STATIC,71.70569480298504,STATIC,84.35255029471858,STATIC,37.130373680376934,STATIC,92.70558947800669,STATIC,87.21641283676496,STATIC,101.66505736583831,STATIC,101.016291667821,STATIC,170.86869602722024,117.01514930244826,HUNCH,UPRIGHT,1.3802600294634761,UPRIGHT,False,0.07329966821678165,0.0,0.07377864096522893,534.7358131408691,334.7282373905182,2.375,0.9970303177833557,False,
47.791666666666664,1147,59.79809149236217,STATIC,72.89042905086333,STATIC,84.38533612878621,STATIC,36.36615698657866,STATIC,93.46949094721546,STATIC,87.89493599415273,STATIC,104.96398322490967,STATIC,102.23160832680122,STATIC,166.7896424817933,113.9111570326985,HUNCH,UPRIGHT,2.13955305051602,UPRIGHT,False,0.08019742881622556,0.0,0.07378450287194216,534.389476776123,334.25426959991455,2.4166666666666643,0.997037410736084,False,
47.83333333333333,1148,63.46445688675888,STATIC,92.37208240018919,EXTENSION,83.56166386762592,STATIC,29.73500403516526,FLEXION,99.13545670237924,EXTENSION,102.22960264532274,EXTENSION,114.39464888717127,EXTENSION,108.17699668349697,EXTENSION,148.8155627981059,98.26419165302397,HUNCH,FORWARD_TILT,173.3268860129816,RIGHT_TILT,False,0.2842672123308225,0.0,0.07397654913969662,534.4160079956055,333.3653426170349,2.4583333333333286,0.9970923960208893,False,
47.875,1149,61.8525713047038,STATIC,82.47074088334564,FLEXION,84.02471294825853,STATIC,30.905261362538784,STATIC,98.71987328587403,STATIC,101.28915669731896,STATIC,116.17502203305368,STATIC,106.42348761625712,STATIC,150.10459793517938,105.63673368245038,HUNCH,UPRIGHT,168.95321370460826,RIGHT_TILT,False,0.09858503626122135,0.0,0.0739989816712568,534.6916580200195,333.24655294418335,2.5,0.9969898164272308,False,
47.916666666666664,1150,59.59356344386871,STATIC,84.17070769544192,STATIC,84.40285767498344,STATIC,36.58329356872675,EXTENSION,96.51815508707305,STATIC,94.6570680345778,FLEXION,113.941740425167,STATIC,98.89752775265637,FLEXION,157.4690723716522,111.23202333745552,HUNCH,UPRIGHT,166.76033075060613,RIGHT_TILT,False,0.08615105925009885,0.0,0.0740100491371756,535.4660034179688,333.4993243217468,2.5416666666666643,0.9968723654747009,False,
47.95833333333333,1151,59.9806124248166,STATIC,82.65902326706508,STATIC,84.98821212558401,STATIC,38.83390700003308,STATIC,93.64511390815855,STATIC,88.00271506313011,FLEXION,112.93605019487624,STATIC,98.80876732880353,STATIC,162.09208172449027,113.45034289448883,HUNCH,UPRIGHT,167.22949709852423,RIGHT_TILT,False,0.08122146023446926,0.0,0.07401661093071273,536.4089584350586,333.9263105392456,2.5833333333333286,0.9967252016067505,False,
48.0,1152,59.31085882716647,STATIC,81.99115826075193,STATIC,84.92441069347755,STATIC,41.02798008190493,STATIC,93.81819559482956,STATIC,87.28788792967241,STATIC,114.40642819200829,STATIC,99.21699194041985,STATIC,162.71358361853655,115.00065937765451,HUNCH,UPRIGHT,167.13820134002543,RIGHT_TILT,False,0.07777631249410107,0.0,0.0740200288412249,538.8492965698242,335.0036144256592,2.625,0.9965309202671051,False,
48.041666666666664,1153,58.32014862957158,STATIC,74.42445927688611,FLEXION,85.0235512283132,STATIC,40.49231535095856,STATIC,94.45153481882154,STATIC,87.70037526199674,STATIC,114.75731791403304,STATIC,99.2228991543177,STATIC,162.7956843774243,116.72151420795552,HUNCH,UPRIGHT,169.99271008266874,RIGHT_TILT,False,0.07395219064898773,0.0,0.07401996722615474,538.6001777648926,334.03153896331787,2.6666666666666643,0.9966132640838623,False,
48.08333333333333,1154,56.18634280430973,STATIC,74.04185574202367,STATIC,85.19568921071175,STATIC,41.058841002475134,STATIC,94.3528926633691,STATIC,85.33681273502621,STATIC,115.62903275222234,STATIC,96.29929569375449,STATIC,163.03878857469974,117.40891803386873,HUNCH,UPRIGHT,170.80625069305484,RIGHT_TILT,False,0.07242462659140281,0.0,0.07401851954862773,538.8936805725098,333.9119875431061,2.7083333333333286,0.9967081546783447,False,
48.125,1155,57.655039603289104,STATIC,74.61594162939873,STATIC,85.38405894392305,STATIC,41.2387609398019,STATIC,95.0549655939839,STATIC,85.18787445182927,STATIC,118.731389179883,STATIC,96.18696060237967,STATIC,162.3608035342796,116.60778398134624,HUNCH,UPRIGHT,170.5004980711012,RIGHT_TILT,False,0.07420492448589722,0.0,0.07401868854675762,538.5663223266602,333.183456659317,2.75,0.9966136813163757,False,
48.166666666666664,1156,58.801434876666356,STATIC,74.6980711901626,STATIC,85.38779354952635,STATIC,40.45436598460207,STATIC,95.96581294235548,STATIC,88.78573525678384,STATIC,121.53443957609515,STATIC,98.42570098763879,STATIC,158.66272643161935,113.95812391834474,HUNCH,UPRIGHT,171.22061139052096,RIGHT_TILT,False,0.0800930579592339,0.0,0.07402419069296458,538.228816986084,332.1394443511963,2.7916666666666643,0.9967412650585175,False,
48.20833333333333,1157,59.25333794959756,STATIC,77.98925878071067,STATIC,85.55575620239622,STATIC,41.48384034601506,STATIC,95.86612829887162,STATIC,89.53150344116254,STATIC,124.08926524643014,STATIC,100.75924476125664,STATIC,158.88822239635297,114.81093147086507,HUNCH,UPRIGHT,8.28287119244255,UPRIGHT,False,0.07819793006474429,0.0,0.07402796783266755,537.1396827697754,331.78346157073975,2.8333333333333286,0.9968039989471436,False,
48.25,1158,58.244260455687986,STATIC,76.60218344553253,STATIC,85.64766027653725,STATIC,42.28830161499147,STATIC,95.46655872465911,STATIC,91.35484215032363,STATIC,124.01857941725363,STATIC,102.90877969757368,STATIC,159.37344311610397,114.4008443310627,HUNCH,UPRIGHT,9.018912973849556,UPRIGHT,False,0.07910923481986065,0.0,0.07403256210661618,537.0001983642578,331.95515513420105,2.875,0.9969047605991364,False,
48.291666666666664,1159,54.80592756392974,STATIC,79.60931903600975,STATIC,85.90313414185152,STATIC,43.328043818258095,STATIC,95.01595781685377,STATIC,91.87743434149563,STATIC,124.70415336512139,STATIC,105.9859444593675,STATIC,160.18072445179106,115.043816139367,HUNCH,UPRIGHT,8.258871532187746,UPRIGHT,False,0.07768040857918446,0.0,0.07403585736088228,537.0383262634277,331.99132204055786,2.9166666666666643,0.9969432651996613,False,
48.33333333333333,1160,55.52199787549849,STATIC,77.21241923409472,STATIC,85.72102669193698,STATIC,44.88419219883718,STATIC,94.49973101756038,STATIC,90.64413256658713,STATIC,125.37370576639763,STATIC,108.86983948323295,STATIC,164.41946634296727,118.41841746363403,HUNCH,UPRIGHT,4.481810267903498,UPRIGHT,False,0.07018129452525772,0.0,0.0740323785135577,537.0721817016602,331.6087746620178,2.9583333333333286,0.9971064925193787,False,
48.375,1161,58.56753259799698,STATIC,77.31386336644078,STATIC,85.57499182566076,STATIC,44.32831632151963,STATIC,94.41602588717129,STATIC,90.32468437813588,STATIC,125.79559191285371,STATIC,107.62767519484636,STATIC,165.1722559749373,115.6364509368427,HUNCH,UPRIGHT,1.7206761083668756,UPRIGHT,False,0.07636344236257175,0.0,0.07403448046472906,537.2067832946777,331.3357365131378,3.0,0.9971921145915985,False,
48.416666666666664,1162,67.17656169931881,EXTENSION,80.7827460817195,STATIC,85.4200348343686,STATIC,42.851783511934045,STATIC,96.3819344390222,STATIC,89.72182863381873,STATIC,128.91680607082637,STATIC,102.98149932250578,STATIC,162.0177952526506,109.2113900830405,HUNCH,UPRIGHT,176.34257372073094,LEFT_TILT,False,0.0906413553710211,0.0,0.07404944161329328,536.5433502197266,330.6432008743286,3.0416666666666643,0.9971802234649658,False,
48.45833333333333,1163,70.31694631258745,STATIC,87.84303633990311,EXTENSION,85.29497560958389,STATIC,43.526320556279934,STATIC,96.84221193826228,STATIC,90.64302439648289,STATIC,130.44693441831166,STATIC,101.41637374202227,STATIC,159.87062472118424,105.34982134834854,HUNCH,UPRIGHT,173.92091848175812,LEFT_TILT,False,0.09922261922589211,0.0,0.07407209973895719,536.3618469238281,330.4786419868469,3.0833333333333286,0.9972729980945587,False,
48.5,1164,63.25617569723281,FLEXION,90.67895172764196,STATIC,85.06963625372543,STATIC,44.97248269212506,STATIC,96.4432936223299,STATIC,86.84194530620384,STATIC,128.39046821629887,STATIC,97.1545095503229,STATIC,162.44079976386874,105.39782299233453,HUNCH,UPRIGHT,171.95677729218093,LEFT_TILT,False,0.09911594890592328,0.0,0.07409462118604979,536.2898254394531,331.0588467121124,3.125,0.9973331093788147,False,
48.541666666666664,1165,61.72790718503008,STATIC,91.62342333228233,STATIC,84.90754465428776,STATIC,45.4636667425052,STATIC,96.13298337120857,STATIC,86.97158315858185,STATIC,129.30604762380545,STATIC,96.50474923009176,STATIC,162.28694920993186,106.56667736170579,HUNCH,UPRIGHT,172.42658354625974,LEFT_TILT,False,0.09651849475176492,0.0,0.07411476842195788,536.9054222106934,331.27214670181274,3.1666666666666643,0.9972323775291443,False,
48.58333333333333,1166,59.021094689599614,STATIC,88.39101230593856,STATIC,84.92432710691715,STATIC,44.243052389748605,STATIC,96.54941967039476,STATIC,89.70043912218699,STATIC,129.2083902926816,STATIC,96.98875318264407,STATIC,160.70511530715163,104.51765421329866,HUNCH,UPRIGHT,172.48105526971486,LEFT_TILT,False,0.10107187952600298,0.0,0.07413896690589329,536.7779541015625,331.4185416698456,3.2083333333333286,0.997212827205658,False,
48.625,1167,54.23960409396319,STATIC,82.97000688612654,FLEXION,84.47334490744451,STATIC,42.129746251131685,STATIC,97.95637750816834,STATIC,95.01098850843901,EXTENSION,130.9087438006522,STATIC,103.4096486145634,EXTENSION,153.65249038530462,103.42280847095113,HUNCH,UPRIGHT,4.156328290772637,UPRIGHT,False,0.10350487006455304,0.0,0.07416530403877102,537.17529296875,331.5007245540619,3.25,0.9972968101501465,False,
48.666666666666664,1168,53.530189685136946,STATIC,79.2354083072964,STATIC,84.42939246594116,STATIC,41.679836352401665,STATIC,96.2691497133301,STATIC,92.55393263501882,STATIC,129.7666554576042,STATIC,104.25179520482301,STATIC,156.55714661421487,104.99363260998395,HUNCH,UPRIGHT,1.4920908350325874,UPRIGHT,False,0.10001414975559124,0.0,0.07418846608690437,539.5262718200684,332.6313829421997,3.2916666666666643,0.9973060190677643,False,
48.70833333333333,1169,48.7250407540662,STATIC,83.95161931196058,STATIC,84.87338007688003,STATIC,41.90849715259223,STATIC,95.77350250978864,STATIC,96.05683095395761,STATIC,129.47387372253888,STATIC,116.85367738727746,EXTENSION,157.88131549479357,106.98848722797783,HUNCH,UPRIGHT,0.6153500804075109,UPRIGHT,False,0.09558113949338261,0.0,0.07420761798789494,539.5150184631348,332.35098481178284,3.3333333333333286,0.9973688721656799,False,
48.75,1170,46.18631589338133,STATIC,94.13009106997515,EXTENSION,85.73461854474965,STATIC,48.99333456041568,EXTENSION,93.2158289795216,STATIC,89.82294993098046,FLEXION,126.92202746494178,STATIC,113.5080355748183,STATIC,170.62718892830134,109.21264224498832,HUNCH,UPRIGHT,3.0044483074332264,UPRIGHT,False,0.09063857278891485,0.0,0.07422231472743074,540.0359153747559,331.61420345306396,3.375,0.9974993467330933,False,
48.791666666666664,1171,44.91247985155752,STATIC,116.7881593895792,EXTENSION,85.87313236800522,STATIC,64.75102841373976,EXTENSION,89.63681447476299,STATIC,89.49399335284822,STATIC,122.9118008783267,STATIC,115.21377053532632,STATIC,173.86077276773352,116.3826826941228,HUNCH,UPRIGHT,5.431579304892363,UPRIGHT,False,0.074705149568616,0.0,0.07422274621522447,540.1305198669434,330.7952392101288,3.4166666666666643,0.9976706206798553,False,
48.83333333333333,1172,47.49390491852657,STATIC,121.52678106560403,STATIC,85.98989092057124,STATIC,58.66463573420939,FLEXION,92.95805268171492,STATIC,95.41658212743019,EXTENSION,120.90289195724685,STATIC,121.78401360076296,EXTENSION,176.48720325171897,110.30975773295765,HUNCH,UPRIGHT,7.47921969072972,UPRIGHT,False,0.2548672050378719,0.0,0.07438403591060183,537.9207420349121,328.944354057312,3.4583333333333286,0.997801810503006,False,
48.875,1173,40.18575325190649,FLEXION,126.78577431573413,EXTENSION,85.54608824135292,STATIC,72.60977174785855,EXTENSION,83.95912645779751,FLEXION,93.31996490469,STATIC,116.98957872240076,STATIC,120.03887391759093,STATIC,160.34789142171968,127.66322840647261,HUNCH,UPRIGHT,8.72764620734327,UPRIGHT,False,0.049637270207838625,0.0,0.07436196029445306,538.3696556091309,329.99847292900085,3.5,0.9979409873485565,False,
48.916666666666664,1174,43.36954683341954,STATIC,130.29307989359322,STATIC,86.07243449580892,STATIC,68.3511930887893,STATIC,87.15131078213275,STATIC,94.01196043461971,STATIC,119.91839523897997,STATIC,121.11772476452772,STATIC,167.51884909367362,122.11649242970134,HUNCH,UPRIGHT,9.03034532139369,UPRIGHT,False,0.06196335015621923,0.0,0.07435090983978442,538.5029602050781,329.7647988796234,3.5416666666666643,0.9980644583702087,False,
48.95833333333333,1175,50.98177992770299,EXTENSION,143.74894122171247,EXTENSION,86.3494706157428,STATIC,46.6209226127044,FLEXION,97.60563937428,EXTENSION,95.74835577387667,STATIC,133.84656471726728,EXTENSION,129.08843912488638,EXTENSION,155.74541828274656,108.45217496594307,HUNCH,UPRIGHT,7.584453709749033,UPRIGHT,False,0.25899516674234874,0.0,0.0745153303713094,542.8421974182129,333.5446536540985,3.5833333333333286,0.9980185329914093,False,
49.0,1176,51.6904892920336,STATIC,148.10597710540918,STATIC,86.5295725182838,STATIC,48.93385704435236,STATIC,95.70571416675143,STATIC,90.7467160042132,FLEXION,131.77035614081825,STATIC,120.64654461791656,FLEXION,162.95768491725036,106.21511348651244,HUNCH,UPRIGHT,6.063455169880628,UPRIGHT,False,0.09729974780775015,0.0,0.0745356012053276,544.1481590270996,334.0447998046875,3.625,0.9980851411819458,False,
49.041666666666664,1177,45.228278355034384,FLEXION,145.32802984620898,STATIC,86.453483264124,STATIC,49.507727416681696,STATIC,89.87164792120102,FLEXION,85.32278476357104,FLEXION,130.95795381123563,STATIC,114.90070161149482,FLEXION,175.59231356700658,120.42585926606004,HUNCH,UPRIGHT,5.835027467488332,UPRIGHT,False,0.06572031274208878,0.0,0.07452776539336027,545.7712364196777,336.2878346443176,3.6666666666666643,0.9981876015663147,False,
49.08333333333333,1178,34.805377556569276,FLEXION,145.960362426392,STATIC,84.91457574762147,STATIC,55.45039391125556,EXTENSION,81.86152235352237,FLEXION,88.21516361421793,STATIC,123.52847155993969,FLEXION,114.32317602405023,STATIC,150.67503724966693,139.36410092079177,HUNCH,UPRIGHT,11.055141937004192,RIGHT_TILT,False,0.023635331287129396,0.0,0.07448256784974905,549.814510345459,336.3950049877167,3.7083333333333286,0.99826779961586,False,
49.125,1179,39.22719155045808,STATIC,151.0090699773596,EXTENSION,85.34421211837277,STATIC,50.4522895384118,STATIC,83.35030389734354,STATIC,82.67069546907507,FLEXION,125.06373067707001,STATIC,102.25912816192334,FLEXION,155.01418870836244,135.68174062105425,HUNCH,UPRIGHT,14.863455459423518,RIGHT_TILT,False,0.03181835417543499,0.0,0.07444471140460768,548.9503479003906,336.96090817451477,3.75,0.9982897043228149,False,
49.166666666666664,1180,39.38740014204815,STATIC,155.05644085373902,STATIC,85.1542495213361,STATIC,50.022812667697956,STATIC,83.63075042573685,STATIC,83.43481135293911,STATIC,124.23713037839553,STATIC,99.55539052393067,STATIC,148.27100529451087,143.38661350716126,HUNCH,FORWARD_TILT,150.56669002501155,LEFT_TILT,False,0.018538624885173032,0.0,0.07439514927116846,546.5914916992188,335.04953384399414,3.7916666666666643,0.9983231127262115,False,
49.20833333333333,1181,35.587656351042845,STATIC,156.41077351790966,STATIC,84.21793415520673,STATIC,54.901120840121926,STATIC,88.68218595637767,EXTENSION,92.94947657098767,EXTENSION,129.770792078828,EXTENSION,111.20624085058056,EXTENSION,139.43808367800355,149.2242747128121,HUNCH,FORWARD_TILT,145.5285852115553,LEFT_TILT,False,0.025194759131520767,0.0,0.07435157053765239,545.2471160888672,334.0826189517975,3.8333333333333286,0.9982096254825592,False,
49.25,1182,44.74638047621964,EXTENSION,155.75994144717197,STATIC,85.13707632046086,STATIC,52.56953534895177,STATIC,87.27595382199267,STATIC,91.41824263787794,STATIC,134.6270756505094,STATIC,104.77879595894252,FLEXION,144.69120639316304,147.88418100970767,HUNCH,FORWARD_TILT,145.97106602432748,LEFT_TILT,False,0.016499139104731737,0.0,0.07430037369567635,545.1421165466309,334.06748056411743,3.875,0.9982903599739075,False,
49.291666666666664,1183,49.06798414051232,STATIC,152.96655173881285,STATIC,85.1919821395744,STATIC,55.551770440325946,STATIC,86.77805615701823,STATIC,88.11068749837669,STATIC,134.30272601738415,STATIC,99.42163103684595,FLEXION,151.29884704556915,145.16731735564116,HUNCH,UPRIGHT,147.19589402901013,LEFT_TILT,False,0.010739294765241861,0.0,0.07424417468689613,543.3599853515625,337.4534046649933,3.9166666666666643,0.9983524084091187,False,
49.33333333333333,1184,47.78815777918438,STATIC,152.78338597483514,STATIC,85.0329797659386,STATIC,56.36365447564974,STATIC,83.32866679938638,STATIC,86.79895062114669,STATIC,123.7078167082374,FLEXION,93.52726309466831,FLEXION,146.2005866242079,148.25625804399172,HUNCH,FORWARD_TILT,149.46607283704293,LEFT_TILT,False,0.01231812295955644,0.0,0.07418946969420413,541.492805480957,334.6619439125061,3.9583333333333286,0.9984048902988434,False,
49.375,1185,49.28304241375996,STATIC,151.2351644464832,STATIC,85.13623992480531,STATIC,55.393605098186036,STATIC,83.76194950849175,STATIC,88.31113212779974,STATIC,122.73824676047906,STATIC,92.91810558655948,STATIC,146.82757099744794,148.26506220227202,HUNCH,FORWARD_TILT,152.7956747247133,LEFT_TILT,False,0.010905259556177863,0.0,0.07413361425718912,539.9394416809082,333.87144327163696,4.0,0.9984431564807892,False,
49.416666666666664,1186,49.80232809335224,STATIC,148.28210213938533,STATIC,84.927881073755,STATIC,61.3772075473094,EXTENSION,83.2672247569673,STATIC,87.71008622076343,STATIC,122.93174482649114,STATIC,90.66798888037053,STATIC,142.57679119658945,151.15021501382594,STRAIGHT,FORWARD_TILT,151.89060872556817,LEFT_TILT,False,0.01649601956313455,0.0,0.07408278745410793,540.5842018127441,333.39832305908203,4.041666666666664,0.998466968536377,False,
49.45833333333333,1187,39.015391312067216,FLEXION,144.01591129703976,STATIC,84.84597275503737,STATIC,60.76803768812421,STATIC,84.3739844074577,STATIC,89.61088998217272,STATIC,125.29487094208028,STATIC,91.21298700356293,STATIC,139.6560648848496,152.35996016123661,STRAIGHT,FORWARD_TILT,148.1432973961243,LEFT_TILT,False,0.022986522478111986,0.0,0.07403776871844626,540.8012199401855,332.2948408126831,4.083333333333329,0.9984564185142517,False,
49.5,1188,34.27621307651772,STATIC,144.37647451927,STATIC,84.89041250486699,STATIC,62.35645138236574,STATIC,84.28085413610769,STATIC,89.43496321930314,STATIC,125.69046656727595,STATIC,88.40298009848668,STATIC,138.53015361964853,152.59977016366065,STRAIGHT,FORWARD_TILT,144.82926362332782,LEFT_TILT,False,0.02548854751189215,0.0,0.07399503172794754,540.6468772888184,330.1404905319214,4.125,0.9984831213951111,False,
49.541666666666664,1189,35.33187168257761,STATIC,145.93130585114943,STATIC,85.29223407737169,STATIC,61.719502066168836,STATIC,85.5334801706072,STATIC,90.44316066430787,STATIC,127.50319981949852,STATIC,85.84711329814644,STATIC,141.8162255163982,151.3211553569698,STRAIGHT,FORWARD_TILT,150.57236933946737,LEFT_TILT,False,0.018186165519115116,0.0,0.07394594741290018,540.660572052002,329.11988854408264,4.166666666666664,0.9984853565692902,False,
49.58333333333333,1190,29.198935811109326,FLEXION,144.28101247697478,STATIC,85.38479785210963,STATIC,61.78631118870514,STATIC,85.50490191860564,STATIC,89.97741889363957,STATIC,127.02216433855413,STATIC,82.10250221643918,STATIC,141.22908238981933,151.5964477484976,STRAIGHT,FORWARD_TILT,149.21440374157064,LEFT_TILT,False,0.019490928022623717,0.0,0.07389809590201242,541.0615348815918,328.0672073364258,4.208333333333329,0.9984818696975708,False,
49.625,1191,31.738188875739965,STATIC,142.74554653443988,STATIC,85.2283109817216,STATIC,59.796928130543044,STATIC,84.76544450036282,STATIC,89.23446679118581,STATIC,125.40353650155897,STATIC,77.90339075459497,STATIC,141.01236126608606,151.42686718925577,STRAIGHT,FORWARD_TILT,145.93619625652786,LEFT_TILT,False,0.01997253051980874,0.0,0.07385075124408248,540.8810234069824,327.0200192928314,4.25,0.9985426664352417,False,
49.666666666666664,1192,42.980863609061224,EXTENSION,141.74853928035708,STATIC,85.29095554345608,STATIC,59.65673137627489,STATIC,83.66735214820922,STATIC,90.24726342430776,STATIC,122.91751781287554,STATIC,76.31944385025102,STATIC,141.2184220559085,150.56086535214303,STRAIGHT,FORWARD_TILT,148.43610598353385,LEFT_TILT,False,0.01951461765353668,0.0,0.07380308796900306,541.5993309020996,327.25170850753784,4.291666666666664,0.9986288547515869,False,
49.70833333333333,1193,46.971807987037636,STATIC,139.40693421315478,STATIC,86.0321548946585,STATIC,50.48991561025896,FLEXION,84.80743872473974,STATIC,89.37375697585352,STATIC,124.03279601836114,STATIC,74.33870134430556,STATIC,146.2007540778634,146.56489424660433,HUNCH,FORWARD_TILT,149.235030563628,LEFT_TILT,False,0.1827430037234051,0.0,0.07389856554635135,541.5923309326172,327.456876039505,4.333333333333329,0.9986874461174011,False,
49.75,1194,41.83720374509796,FLEXION,138.74072459647718,STATIC,86.21568663750939,STATIC,53.27788304844802,STATIC,86.66490987474347,STATIC,91.05562820048155,STATIC,126.20633929771599,STATIC,77.30636601960703,STATIC,146.9096351699939,148.02314236139168,HUNCH,FORWARD_TILT,151.03919720833085,LEFT_TILT,False,0.011260494374698745,0.0,0.07384371609698913,541.7570114135742,327.9419803619385,4.375,0.9987077116966248,False,
49.791666666666664,1195,38.4138214319832,STATIC,135.87103605883257,STATIC,87.71817436833209,STATIC,51.41711628820416,STATIC,88.08203324892123,STATIC,90.91668106951434,STATIC,124.59038175675293,STATIC,76.11743181083,STATIC,157.27586982546407,141.34366880735152,HUNCH,UPRIGHT,155.9754360230938,LEFT_TILT,False,0.019236291539218835,0.0,0.07379594057244164,542.0047760009766,328.838814496994,4.416666666666664,0.9987510144710541,False,
49.83333333333333,1196,40.31241143930043,STATIC,137.0185440968991,STATIC,87.86548780705903,STATIC,51.07199691107952,STATIC,87.61750030384897,STATIC,89.88380824690013,STATIC,127.08005758807701,STATIC,74.03919110608669,STATIC,154.42930877489152,142.7548022660558,HUNCH,UPRIGHT,156.62726322267721,LEFT_TILT,False,0.016100439408764895,0.0,0.07374550744205381,543.1820678710938,328.8758397102356,4.458333333333329,0.9987590312957764,False,
49.875,1197,28.107123717523578,FLEXION,136.28208407920044,STATIC,88.23886938430852,STATIC,53.19483181721985,STATIC,87.71442265226467,STATIC,88.84722606508984,STATIC,127.03035764670473,STATIC,70.96214514057984,STATIC,157.29454403803706,141.00654534323505,HUNCH,UPRIGHT,156.9954239791231,LEFT_TILT,False,0.019985454792810997,0.0,0.07369855543100644,543.2068824768066,329.0810179710388,4.5,0.9987276196479797,False,
49.916666666666664,1198,35.406143707239835,EXTENSION,133.73772370397697,STATIC,87.50377197346037,STATIC,53.52447220802943,STATIC,87.01355248019605,STATIC,89.3649158554842,STATIC,126.59082569790976,STATIC,72.12151703194571,STATIC,154.9563178261207,142.53294658117954,HUNCH,UPRIGHT,156.2901778307169,LEFT_TILT,False,0.016593452041823237,0.0,0.07364872549785706,543.2007789611816,329.2874085903168,4.541666666666664,0.9987587630748749,False,
49.95833333333333,1199,36.335365630522034,STATIC,133.741295780438,STATIC,86.9967273930356,STATIC,54.45979558302991,STATIC,86.87867677158684,STATIC,91.94551474760615,STATIC,126.3919417486405,STATIC,72.15662725567573,STATIC,153.80265962500155,142.63973906480857,HUNCH,UPRIGHT,156.51660040627328,LEFT_TILT,False,0.016356135411536504,0.0,0.07359877555009219,544.2233657836914,329.2876446247101,4.583333333333329,0.9988036453723907,False,
50.0,1200,37.9492375731921,STATIC,132.95085565917475,STATIC,86.75886704220824,STATIC,55.75905701006463,STATIC,85.26424098438952,STATIC,89.76079978635323,STATIC,125.98226481011135,STATIC,66.49739388390424,FLEXION,150.90511183901305,143.5278308173964,HUNCH,UPRIGHT,156.0849947993589,LEFT_TILT,False,0.014382598183563577,0.0,0.07354719351405861,544.3663787841797,328.5470116138458,4.625,0.9987699687480927,False,
50.041666666666664,1201,32.610920355555386,FLEXION,132.82095699507872,STATIC,87.06356801438024,STATIC,62.84997314596012,EXTENSION,86.99396510559305,STATIC,90.0653809896384,STATIC,129.50566428559605,STATIC,67.09739562508973,STATIC,151.5487493259321,143.52344663711858,HUNCH,UPRIGHT,153.22427910536868,LEFT_TILT,False,0.01439234080640317,0.0,0.07349570974320775,545.1584815979004,328.817195892334,4.666666666666664,0.9987576603889465,False,
50.08333333333333,1202,46.453409449618555,EXTENSION,131.79612055658663,STATIC,86.4172843666293,STATIC,61.90445095062269,STATIC,90.12374373216947,STATIC,90.52252694389036,STATIC,132.74807756486862,STATIC,70.2602685832303,STATIC,148.5477817336569,145.77917321481894,HUNCH,FORWARD_TILT,150.1468279270056,LEFT_TILT,False,0.012606766781164791,0.0,0.07344276283628423,546.4603424072266,329.92558121681213,4.708333333333329,0.9986649453639984,False,
50.125,1203,50.895312264391734,STATIC,129.20285630260796,STATIC,86.25064786420056,STATIC,62.374485283002095,STATIC,89.3972190625708,STATIC,91.1899737339355,STATIC,131.7463466341573,STATIC,73.304049540607,STATIC,149.22871801340725,145.87871379971278,HUNCH,FORWARD_TILT,148.91637559586462,LEFT_TILT,False,0.010872373748622155,0.0,0.07338840107339313,546.6401481628418,331.4383041858673,4.75,0.9985786378383636,False,
50.166666666666664,1204,55.797959850756875,STATIC,127.24162511502239,STATIC,87.83929832834662,STATIC,63.89725893364973,STATIC,88.80107981595485,STATIC,92.60845717461447,STATIC,129.6585879396249,STATIC,73.78641092672474,STATIC,155.94962202219688,140.14044543206458,HUNCH,UPRIGHT,152.36137265299803,LEFT_TILT,False,0.021910121262078697,0.0,0.07334371506661247,548.7171745300293,333.44834089279175,4.791666666666664,0.9986708760261536,False,
50.20833333333333,1205,61.00779776986998,EXTENSION,127.83805866657126,STATIC,88.30647338651426,STATIC,63.29205653790507,STATIC,90.85530739408435,STATIC,93.49975205475043,STATIC,136.11259289408142,EXTENSION,75.63227548873547,STATIC,155.41284992758685,140.20682984848514,HUNCH,UPRIGHT,147.76039554138822,LEFT_TILT,False,0.02176260033669967,0.0,0.07329897862712426,551.1144065856934,336.8496823310852,4.833333333333329,0.9987087249755859,False,
50.25,1206,45.28258009920419,FLEXION,129.2714129220484,STATIC,87.504568652738,STATIC,68.50877046744274,EXTENSION,89.38474221133569,STATIC,93.88103659669088,STATIC,133.20119577217812,STATIC,76.56588286962482,STATIC,149.82518115899805,141.96261614928463,HUNCH,FORWARD_TILT,148.6707996591729,LEFT_TILT,False,0.018249339314927376,0.0,0.07325127530016395,550.4856872558594,336.28228783607483,4.875,0.9987509846687317,False,
50.291666666666664,1207,46.7991660614894,STATIC,132.873240502412,STATIC,86.93245928216577,STATIC,68.76449978304271,STATIC,88.74745489514079,STATIC,91.93897644977523,STATIC,133.18628654521518,STATIC,76.2354147789429,STATIC,148.77052726580914,141.96067261864738,HUNCH,FORWARD_TILT,142.63246311453545,LEFT_TILT,False,0.020597333590096634,0.0,0.07320568747184356,552.8288650512695,334.76855635643005,4.916666666666664,0.9987191259860992,False,
50.33333333333333,1208,55.126508821796975,EXTENSION,134.86377906356347,STATIC,85.67417393577897,STATIC,58.0605982537569,FLEXION,87.71567895872906,STATIC,91.76372054056182,STATIC,131.07656973510265,STATIC,78.855792530457,STATIC,152.23859857075382,139.56434243586844,HUNCH,UPRIGHT,145.02938183465332,LEFT_TILT,False,0.18985701680918124,0.0,0.07330659692628763,554.2320823669434,334.5520055294037,4.958333333333329,0.9987249970436096,False,
50.375,1209,46.11522004146699,FLEXION,137.98617049341107,STATIC,85.6427378459801,STATIC,56.6163495325635,STATIC,87.43359725747699,STATIC,90.67562252815404,STATIC,132.65106407848342,STATIC,80.23351006701486,STATIC,152.88276794772466,139.06411498283632,HUNCH,UPRIGHT,146.91944128842206,LEFT_TILT,False,0.024301966704808182,0.0,0.07326424201684814,554.639778137207,334.0370213985443,5.0,0.9987404942512512,False,
50.416666666666664,1210,60.3612651007972,EXTENSION,138.73156657875157,STATIC,85.30045024835826,STATIC,58.17292867373161,STATIC,86.43292235642458,STATIC,86.08428300080172,STATIC,131.90099093696463,STATIC,77.60593844262753,STATIC,154.1993549406356,138.7171290498187,HUNCH,UPRIGHT,147.76794080907897,LEFT_TILT,False,0.025073046555958434,0.0,0.07322262613130334,557.108268737793,333.9585614204407,5.041666666666664,0.9987454116344452,False,
50.45833333333333,1211,61.62388583082296,STATIC,140.44741037792747,STATIC,85.23276121735057,STATIC,55.02748038848953,STATIC,86.5780547094078,STATIC,84.00847767623925,STATIC,134.66280822643105,STATIC,77.25613694750216,STATIC,156.5968218168306,136.11376601185356,HUNCH,UPRIGHT,148.62109768989546,LEFT_TILT,False,0.03085829775143656,0.0,0.07318607364780043,558.9870071411133,333.84705662727356,5.083333333333329,0.9987405240535736,False,
50.5,1212,61.693720939257915,STATIC,141.69530334939688,STATIC,85.23656184750446,STATIC,61.551955472811635,EXTENSION,87.46407386098822,STATIC,83.44209071669063,STATIC,135.0853329635351,STATIC,77.58440824998218,STATIC,155.40464060151749,137.79508214113818,HUNCH,UPRIGHT,148.44277006603838,LEFT_TILT,False,0.027122039686359584,0.0,0.07314636327369574,562.3708152770996,333.42912554740906,5.125,0.9987640082836151,False,
50.541666666666664,1213,64.76883370949577,STATIC,144.36818599668956,STATIC,85.18427349051983,STATIC,56.80601234424921,STATIC,85.99486324045154,STATIC,82.47344686596216,STATIC,130.87491536653033,STATIC,77.7539271614,STATIC,155.21677737887467,137.63491524867655,HUNCH,UPRIGHT,149.94883136241538,LEFT_TILT,False,0.027477966114052104,0.0,0.07310702787562542,561.7083549499512,333.2556939125061,5.166666666666664,0.9987448155879974,False,
50.58333333333333,1214,66.33434325947418,STATIC,145.16816025062366,STATIC,85.61889440554728,STATIC,45.70955932598463,FLEXION,88.58847037237638,STATIC,82.33278710154887,STATIC,137.12585783002427,EXTENSION,79.16475246173178,STATIC,164.82907763980705,128.72466712792476,HUNCH,UPRIGHT,151.27454159592952,LEFT_TILT,False,0.2139451841601672,0.0,0.07322823110822829,562.4257850646973,332.29819893836975,5.208333333333329,0.9987678229808807,False,
50.625,1215,65.75623978581966,STATIC,143.90559028885724,STATIC,85.62439226152762,STATIC,48.17964003450051,STATIC,89.42780799302037,STATIC,82.37177157104287,STATIC,131.37993110681177,FLEXION,79.72248888128514,STATIC,163.63371827672225,134.34072514105796,HUNCH,UPRIGHT,152.3230198750137,LEFT_TILT,False,0.034798388575426754,0.0,0.07319518739151909,563.2468414306641,332.65504002571106,5.25,0.9988254606723785,False,
50.666666666666664,1216,65.76479152343816,STATIC,145.7247688424928,STATIC,85.43966420601632,STATIC,49.487146717097964,STATIC,88.81364924633509,STATIC,81.30596884199569,STATIC,134.04328304552723,STATIC,80.19273453730393,STATIC,160.05112703731695,134.75186743221784,HUNCH,UPRIGHT,155.30465174802887,LEFT_TILT,False,0.03388473903951591,0.0,0.07316141552867374,563.6537170410156,332.51243233680725,5.291666666666664,0.998832494020462,False,
50.70833333333333,1217,61.0180634503571,STATIC,145.85541571740868,STATIC,85.02581331194926,STATIC,48.43693027177254,STATIC,86.97631187040881,STATIC,81.26026619800398,STATIC,134.08264257587518,STATIC,80.93354127450836,STATIC,153.33281221417113,141.4112703439929,HUNCH,UPRIGHT,156.0971543529608,LEFT_TILT,False,0.01908606590223801,0.0,0.07311499891955234,563.9243507385254,332.2940790653229,5.333333333333329,0.9988420307636261,False,
50.75,1218,59.591635462356955,STATIC,143.12372666588774,STATIC,84.94793263231512,STATIC,49.179481748616524,STATIC,87.67885862342754,STATIC,80.46048104923312,STATIC,135.4068317918032,STATIC,79.96661353078004,STATIC,152.7961155076965,142.19000526129716,HUNCH,UPRIGHT,156.17051691710898,LEFT_TILT,False,0.01735554386378409,0.0,0.07306717777456453,564.0219116210938,332.3092818260193,5.375,0.9988349974155426,False,
50.791666666666664,1219,58.558103121841775,STATIC,141.2479740920074,STATIC,85.08229318101593,STATIC,48.99408954409451,STATIC,86.54255866279387,STATIC,80.37931069690076,STATIC,133.02501725589585,STATIC,79.66909064367806,STATIC,153.34277139328552,142.19500709669504,HUNCH,UPRIGHT,160.50777910867123,LEFT_TILT,False,0.01734442867401102,0.0,0.07301942906068232,565.7685852050781,333.0062699317932,5.416666666666664,0.9988556206226349,False,
50.83333333333333,1220,58.74706873414423,STATIC,131.55871686162905,FLEXION,84.98242636207105,STATIC,53.806964599631435,STATIC,86.58501275563593,STATIC,77.36881790876592,STATIC,131.31152909525716,STATIC,78.24931602381058,STATIC,150.934999810353,144.45271330216568,HUNCH,UPRIGHT,158.63901712343133,LEFT_TILT,False,0.012327303772965167,0.0,0.07296746662464831,565.8975219726562,333.53549122810364,5.458333333333329,0.9987304508686066,False,
50.875,1221,56.187328216847845,STATIC,126.96195029616545,STATIC,85.06842571926198,STATIC,57.411065637772715,STATIC,87.98106463527265,STATIC,79.96478860019731,STATIC,134.47957105832916,STATIC,79.41258007455376,STATIC,148.1881384759098,143.77023742056485,HUNCH,FORWARD_TILT,151.48092401220285,LEFT_TILT,False,0.017870275785611883,0.0,0.07292033472487154,566.7406272888184,333.05607318878174,5.5,0.9985978007316589,False,
50.916666666666664,1222,55.13763581731824,STATIC,128.3670432104053,STATIC,85.28681833426351,STATIC,57.42042379037188,STATIC,88.97458828239769,STATIC,77.85273492058074,STATIC,132.91475083679433,STATIC,76.88726191410336,STATIC,150.92963449765415,140.06428392978836,HUNCH,UPRIGHT,152.2397875707861,LEFT_TILT,False,0.02207936904491477,0.0,0.07287688090805107,567.3431968688965,334.0309166908264,5.541666666666664,0.9985793828964233,False,
50.95833333333333,1223,57.05803714884657,STATIC,127.49579427665981,STATIC,85.63882041883538,STATIC,52.45527298737675,STATIC,88.00897657779251,STATIC,77.32088700683799,STATIC,137.50812187051812,STATIC,76.49941476604654,STATIC,155.45657721891726,141.16902239295038,HUNCH,UPRIGHT,156.73399844073288,LEFT_TILT,False,0.019624394682332496,0.0,0.07283140483100094,566.3816070556641,334.09711360931396,5.583333333333329,0.9986107647418976,False,
51.0,1224,53.11514806638752,STATIC,129.99471254940403,STATIC,85.51176742638681,STATIC,51.67071167966127,STATIC,87.71622656237638,STATIC,77.40739122960827,STATIC,134.4823034089669,STATIC,71.95023244395595,STATIC,155.53984369193063,140.41367188632532,HUNCH,UPRIGHT,152.69702412540735,LEFT_TILT,False,0.021302951363721512,0.0,0.0727874385737763,564.8113632202148,335.73925852775574,5.625,0.9986349046230316,False,
51.041666666666664,1225,49.27858858620448,STATIC,131.37869829833562,STATIC,84.91052128758234,STATIC,49.881761772628224,STATIC,83.51616538690342,STATIC,75.04192286212181,STATIC,131.80498367303196,STATIC,73.7736568553845,STATIC,149.3442657673228,143.50968307656493,HUNCH,FORWARD_TILT,151.86228423916273,LEFT_TILT,False,0.01588011368024948,0.0,0.07273892423030355,564.9561500549316,333.08323860168457,5.666666666666664,0.9984933733940125,False,
51.08333333333333,1226,50.280168994779494,STATIC,132.0163817324424,STATIC,84.87045249546863,STATIC,50.4580872838167,STATIC,84.28563336352323,STATIC,77.00841634073508,STATIC,132.96331674452784,STATIC,70.93635495803294,STATIC,148.10057788581653,141.74500625634502,HUNCH,FORWARD_TILT,153.31031540013572,LEFT_TILT,False,0.02256536857297431,0.0,0.07269618695972661,564.4357299804688,333.1392538547516,5.708333333333329,0.9984981119632721,False,
51.125,1227,49.87488331050007,STATIC,131.9264069069033,STATIC,86.43862871781016,STATIC,46.582469828097096,STATIC,86.91714774904763,STATIC,79.850049602339,STATIC,137.41891790309657,STATIC,76.27910320670436,EXTENSION,164.79470127717875,129.7995982941656,HUNCH,UPRIGHT,158.05749339031485,LEFT_TILT,False,0.04488978156852086,0.0,0.07267252193386174,564.7894859313965,333.43878149986267,5.75,0.9984890818595886,False,
51.166666666666664,1228,52.73185965147035,STATIC,133.05630868232052,STATIC,86.41995995036804,STATIC,47.038139609181606,STATIC,86.8176863211746,STATIC,78.0640353104623,STATIC,135.94731469819027,STATIC,70.26200541410178,FLEXION,165.4261448158155,134.02456708665642,HUNCH,UPRIGHT,162.22316131160184,LEFT_TILT,False,0.035500962029652396,0.0,0.07264091346455545,564.5381546020508,334.5393669605255,5.791666666666664,0.9984299838542938,False,
51.20833333333333,1229,52.24607438604395,STATIC,133.82973662170622,STATIC,86.96686270760341,STATIC,47.20682777580217,STATIC,87.92109313858235,STATIC,80.05836016726323,STATIC,136.31927084555102,STATIC,72.34795538441301,STATIC,170.5685206190058,132.13315291069895,HUNCH,UPRIGHT,167.71195818097036,LEFT_TILT,False,0.0397041046428912,0.0,0.07261292976971971,563.6359214782715,335.4696750640869,5.833333333333329,0.9983934164047241,False,
51.25,1230,58.97438215897684,EXTENSION,136.16965744482079,STATIC,86.91712602321451,STATIC,43.43928308037593,STATIC,89.0806425959637,STATIC,82.88188473964946,STATIC,138.84770747860907,STATIC,75.29494900961353,STATIC,177.88504966388348,127.97744628948173,HUNCH,UPRIGHT,3.037751169675864,UPRIGHT,False,0.04893900824559616,0.0,0.07259283306214406,563.4689331054688,337.68128514289856,5.875,0.9984043836593628,False,
51.291666666666664,1231,62.54890368432412,STATIC,135.37226281922415,STATIC,87.13219065389784,STATIC,44.26444622179435,STATIC,89.19306479441859,STATIC,80.69769256148138,STATIC,138.6472919508272,STATIC,74.00435928003256,STATIC,178.24285578853159,125.62661028916389,HUNCH,UPRIGHT,2.0097286435706683,UPRIGHT,False,0.05416308824630245,0.0,0.07257720138715182,562.3448753356934,338.1415843963623,5.916666666666664,0.9985030293464661,False,
51.33333333333333,1232,67.77752146881275,EXTENSION,135.13567843374207,STATIC,87.09466283292662,STATIC,46.901388135548785,STATIC,88.68183512262009,STATIC,82.96155702587173,STATIC,138.257227082377,STATIC,76.31315982771784,STATIC,178.6339542593288,125.25067443391522,HUNCH,UPRIGHT,4.196536973477166,UPRIGHT,False,0.05499850125796616,0.0,0.07256230418365252,561.3954162597656,336.9915819168091,5.958333333333329,0.9986207187175751,False,
51.375,1233,69.88205051714519,STATIC,136.12447387991867,STATIC,87.758172217335,STATIC,40.951815853234464,FLEXION,91.43489917742653,STATIC,89.27266788125273,EXTENSION,140.02773234073473,STATIC,82.77600928527818,EXTENSION,163.48991953635056,116.30004182204,HUNCH,UPRIGHT,10.229045408270874,LEFT_TILT,False,0.2415554626176889,0.0,0.07270539745921055,568.2054710388184,340.28630018234253,6.0,0.9987364709377289,False,
51.416666666666664,1234,69.93642543626815,STATIC,135.25040645371166,STATIC,87.5389094719321,STATIC,39.105966078601085,STATIC,91.63826206375877,STATIC,89.46386853788694,STATIC,140.87094883037454,STATIC,88.58282527518489,EXTENSION,162.73534602741918,112.03337486553691,HUNCH,UPRIGHT,11.472864492232935,LEFT_TILT,False,0.08437027807658463,0.0,0.07271526622453828,570.2248001098633,341.8478500843048,6.041666666666664,0.9988311529159546,False,
51.45833333333333,1235,73.51370326928733,STATIC,134.7647546715001,STATIC,87.56968013820803,STATIC,42.21305559275148,STATIC,91.22251566808747,STATIC,87.54992930253992,STATIC,138.5542802447756,STATIC,87.74707794034309,STATIC,167.8416210647364,111.06557361139161,HUNCH,UPRIGHT,165.5049872700103,RIGHT_TILT,False,0.08652094753024087,0.0,0.0727269362848136,566.7934226989746,338.66191148757935,6.083333333333329,0.998928040266037,False,
51.5,1236,55.930411048537835,FLEXION,137.58123286357434,STATIC,88.46710709028375,STATIC,35.42115931442444,FLEXION,95.0528656166416,STATIC,101.26432560960674,EXTENSION,139.13807743473708,STATIC,93.67225248086994,EXTENSION,156.3020247507748,98.45293548875638,HUNCH,UPRIGHT,167.37117599711806,RIGHT_TILT,False,0.2812156989138747,0.0,0.07290302476676382,568.1072425842285,339.7356855869293,6.125,0.9990219175815582,False,
51.541666666666664,1237,65.44525913725431,EXTENSION,139.3414157211454,STATIC,87.30379125835422,STATIC,32.20177633212736,STATIC,100.13563307364353,EXTENSION,107.7164532722845,EXTENSION,137.53216357852253,STATIC,96.2514341928844,STATIC,144.9478031260793,83.72827872574327,HUNCH,FORWARD_TILT,164.02932326460945,RIGHT_TILT,False,0.15849759588483878,0.0,0.07297525647234869,567.4576950073242,337.6623809337616,6.166666666666664,0.9991139769554138,False,
51.58333333333333,1238,66.15317928019992,STATIC,136.4666572987285,STATIC,87.05988991665969,STATIC,34.15174890474149,STATIC,97.25591583515347,STATIC,100.9938609099274,FLEXION,134.35206095252445,STATIC,92.55041090667385,STATIC,149.88439713759894,88.92929309429331,HUNCH,FORWARD_TILT,166.6845625343093,RIGHT_TILT,False,0.13596957726246164,0.0,0.07302837141399296,566.2603378295898,337.55655169487,6.208333333333329,0.9991953074932098,False,
51.625,1239,64.70420154919051,STATIC,139.73209320475388,STATIC,86.5366609550624,STATIC,30.866236364317135,STATIC,102.22632978706132,STATIC,109.2673486653962,EXTENSION,134.38019192664086,STATIC,91.71886294011618,STATIC,143.61707349031056,81.31590691305,HUNCH,FORWARD_TILT,167.49111096580017,RIGHT_TILT,False,0.16681559910364321,0.0,0.07310738340025215,567.5959205627441,337.507381439209,6.25,0.9992688894271851,False,
51.666666666666664,1240,62.30387447951421,STATIC,141.13177088918994,STATIC,86.71498799941187,STATIC,31.260229104929543,STATIC,102.99122434824478,STATIC,108.45210616453035,STATIC,133.00727752901872,STATIC,93.3162261030929,STATIC,145.33869666531058,82.52391302835596,HUNCH,FORWARD_TILT,167.77768444373902,RIGHT_TILT,False,0.16030531179185215,0.0,0.07318078232987471,567.6134872436523,337.5623881816864,6.291666666666664,0.9993337690830231,False,
51.70833333333333,1241,66.14060322013103,STATIC,138.9847828676555,STATIC,86.09632246531451,STATIC,32.57376379528989,STATIC,102.72920026134081,STATIC,106.50473105217867,STATIC,131.54548720749548,STATIC,100.93979841669558,EXTENSION,148.28971889615906,86.28296533647514,HUNCH,FORWARD_TILT,168.0137720466394,RIGHT_TILT,False,0.1453940350385907,0.0,0.07324151677285934,567.3076248168945,337.87211894989014,6.333333333333329,0.9993861317634583,False,
51.75,1242,65.88152435194154,STATIC,138.15498727385452,STATIC,85.9720944174075,STATIC,33.00563790819671,STATIC,102.92474901995503,STATIC,106.35062409667982,STATIC,127.60487809166592,STATIC,92.72188607761693,FLEXION,148.880789062877,88.38557272399758,HUNCH,FORWARD_TILT,167.5656955658,RIGHT_TILT,False,0.13940808491805648,0.0,0.07329711893096455,565.6671142578125,337.5160825252533,6.375,0.9994425475597382,False,
