frame,timestamp,track_id,position_x,position_y,stay_duration,confidence,is_long_stay,notification
47,1.9166666666666667,1,1305.5831909179688,540.9208989143372,0.0,0.7260841727256775,False,
48,1.9583333333333335,1,1286.1832809448242,553.7805247306824,0.04166666666666674,0.7417343854904175,False,
49,2.001666666666667,1,1274.2694473266602,553.4891724586487,0.08500000000000019,0.7552384734153748,False,
50,2.0433333333333334,1,1274.2694473266602,553.4891724586487,0.08500000000000019,0.7552384734153748,False,
51,2.085,1,1274.2694473266602,553.4891724586487,0.08500000000000019,0.7552384734153748,False,
52,2.126666666666667,1,1274.2694473266602,553.4891724586487,0.08500000000000019,0.7552384734153748,False,
53,2.1683333333333334,1,1274.2694473266602,553.4891724586487,0.08500000000000019,0.7552384734153748,False,
54,2.21,1,1274.2694473266602,553.4891724586487,0.08500000000000019,0.7552384734153748,False,
55,2.251666666666667,1,1274.2694473266602,553.4891724586487,0.08500000000000019,0.7552384734153748,False,
56,2.2933333333333334,1,1274.2694473266602,553.4891724586487,0.08500000000000019,0.7552384734153748,False,
57,2.335,1,1274.2694473266602,553.4891724586487,0.08500000000000019,0.7552384734153748,False,
58,2.376666666666667,1,1274.2694473266602,553.4891724586487,0.08500000000000019,0.7552384734153748,False,
59,2.4183333333333334,1,1274.2694473266602,553.4891724586487,0.08500000000000019,0.7552384734153748,False,
60,2.46,1,1274.2694473266602,553.4891724586487,0.08500000000000019,0.7552384734153748,False,
61,2.501666666666667,1,1274.2694473266602,553.4891724586487,0.08500000000000019,0.7552384734153748,False,
62,2.5433333333333334,1,1274.2694473266602,553.4891724586487,0.08500000000000019,0.7552384734153748,False,
63,2.585,1,1274.2694473266602,553.4891724586487,0.08500000000000019,0.7552384734153748,False,
64,2.626666666666667,1,1274.2694473266602,553.4891724586487,0.08500000000000019,0.7552384734153748,False,
65,2.6683333333333334,1,1274.2694473266602,553.4891724586487,0.08500000000000019,0.7552384734153748,False,
66,2.71,1,1274.2694473266602,553.4891724586487,0.08500000000000019,0.7552384734153748,False,
67,2.751666666666667,1,1274.2694473266602,553.4891724586487,0.08500000000000019,0.7552384734153748,False,
68,2.7933333333333334,1,1274.2694473266602,553.4891724586487,0.08500000000000019,0.7552384734153748,False,
69,2.835,1,1274.2694473266602,553.4891724586487,0.08500000000000019,0.7552384734153748,False,
70,2.876666666666667,1,1274.2694473266602,553.4891724586487,0.08500000000000019,0.7552384734153748,False,
71,2.9183333333333334,1,1274.2694473266602,553.4891724586487,0.08500000000000019,0.7552384734153748,False,
72,2.9600000000000004,1,1274.2694473266602,553.4891724586487,0.08500000000000019,0.7552384734153748,False,
73,3.001666666666667,1,1274.2694473266602,553.4891724586487,0.08500000000000019,0.7552384734153748,False,
74,3.0433333333333334,1,1274.2694473266602,553.4891724586487,0.08500000000000019,0.7552384734153748,False,
75,3.0850000000000004,1,1274.2694473266602,553.4891724586487,0.08500000000000019,0.7552384734153748,False,
76,3.126666666666667,1,1274.2694473266602,553.4891724586487,0.08500000000000019,0.7552384734153748,False,
77,3.1683333333333334,1,1274.2694473266602,553.4891724586487,0.08500000000000019,0.7552384734153748,False,
78,3.2100000000000004,1,1274.2694473266602,553.4891724586487,0.08500000000000019,0.7552384734153748,False,
79,3.251666666666667,1,1274.2694473266602,553.4891724586487,0.08500000000000019,0.7552384734153748,False,
80,3.2933333333333334,1,1274.2694473266602,553.4891724586487,0.08500000000000019,0.7552384734153748,False,
80,3.2933333333333334,2,757.7481079101562,696.5498971939087,0.0,0.7126696109771729,False,
81,3.3350000000000004,1,1274.2694473266602,553.4891724586487,0.08500000000000019,0.7552384734153748,False,
81,3.3350000000000004,2,760.9272384643555,695.2292847633362,0.04166666666666696,0.7278379797935486,False,
82,3.376666666666667,1,1274.2694473266602,553.4891724586487,0.08500000000000019,0.7552384734153748,False,
82,3.376666666666667,2,762.9591751098633,702.6637673377991,0.08333333333333348,0.7455285787582397,False,
83,3.4183333333333334,1,1274.2694473266602,553.4891724586487,0.08500000000000019,0.7552384734153748,False,
83,3.4183333333333334,2,762.8817367553711,709.4534039497375,0.125,0.7635877728462219,False,
84,3.4600000000000004,1,1274.2694473266602,553.4891724586487,0.08500000000000019,0.7552384734153748,False,
84,3.4600000000000004,2,750.5283355712891,724.2020130157471,0.16666666666666696,0.7799280881881714,False,
85,3.501666666666667,1,1274.2694473266602,553.4891724586487,0.08500000000000019,0.7552384734153748,False,
85,3.501666666666667,2,752.6406860351562,750.7761812210083,0.0,0.7799280881881714,False,
86,3.5433333333333334,1,1274.2694473266602,553.4891724586487,0.08500000000000019,0.7552384734153748,False,
86,3.5433333333333334,2,746.2012100219727,764.4966459274292,0.0,0.7799280881881714,False,
87,3.5850000000000004,1,1274.2694473266602,553.4891724586487,0.08500000000000019,0.7552384734153748,False,
87,3.5850000000000004,2,744.9377822875977,792.6202726364136,0.0,0.7799280881881714,False,
88,3.626666666666667,1,1274.2694473266602,553.4891724586487,0.08500000000000019,0.7552384734153748,False,
88,3.626666666666667,2,740.4665756225586,790.1007556915283,0.0,0.7799280881881714,False,
89,3.6683333333333334,1,1274.2694473266602,553.4891724586487,0.08500000000000019,0.7552384734153748,False,
89,3.6683333333333334,2,740.4665756225586,790.1007556915283,0.0,0.7799280881881714,False,
90,3.7100000000000004,1,1274.2694473266602,553.4891724586487,0.08500000000000019,0.7552384734153748,False,
90,3.7100000000000004,2,740.4665756225586,790.1007556915283,0.0,0.7799280881881714,False,
91,3.751666666666667,1,1274.2694473266602,553.4891724586487,0.08500000000000019,0.7552384734153748,False,
91,3.751666666666667,2,740.4665756225586,790.1007556915283,0.0,0.7799280881881714,False,
92,3.7933333333333334,1,1274.2694473266602,553.4891724586487,0.08500000000000019,0.7552384734153748,False,
92,3.7933333333333334,2,740.4665756225586,790.1007556915283,0.0,0.7799280881881714,False,
93,3.8350000000000004,1,1274.2694473266602,553.4891724586487,0.08500000000000019,0.7552384734153748,False,
93,3.8350000000000004,2,740.4665756225586,790.1007556915283,0.0,0.7799280881881714,False,
94,3.876666666666667,1,1274.2694473266602,553.4891724586487,0.08500000000000019,0.7552384734153748,False,
94,3.876666666666667,2,740.4665756225586,790.1007556915283,0.0,0.7799280881881714,False,
95,3.9183333333333334,1,1274.2694473266602,553.4891724586487,0.08500000000000019,0.7552384734153748,False,
95,3.9183333333333334,2,740.4665756225586,790.1007556915283,0.0,0.7799280881881714,False,
96,3.9600000000000004,1,1274.2694473266602,553.4891724586487,0.08500000000000019,0.7552384734153748,False,
96,3.9600000000000004,2,740.4665756225586,790.1007556915283,0.0,0.7799280881881714,False,
97,4.001666666666667,1,1274.2694473266602,553.4891724586487,0.08500000000000019,0.7552384734153748,False,
97,4.001666666666667,2,740.4665756225586,790.1007556915283,0.0,0.7799280881881714,False,
98,4.043333333333334,1,1274.2694473266602,553.4891724586487,0.08500000000000019,0.7552384734153748,False,
98,4.043333333333334,2,740.4665756225586,790.1007556915283,0.0,0.7799280881881714,False,
99,4.085,1,1274.2694473266602,553.4891724586487,0.08500000000000019,0.7552384734153748,False,
99,4.085,2,740.4665756225586,790.1007556915283,0.0,0.7799280881881714,False,
100,4.126666666666667,1,1274.2694473266602,553.4891724586487,0.08500000000000019,0.7552384734153748,False,
100,4.126666666666667,2,740.4665756225586,790.1007556915283,0.0,0.7799280881881714,False,
101,4.168333333333334,1,1274.2694473266602,553.4891724586487,0.08500000000000019,0.7552384734153748,False,
101,4.168333333333334,2,740.4665756225586,790.1007556915283,0.0,0.7799280881881714,False,
102,4.21,1,1274.2694473266602,553.4891724586487,0.08500000000000019,0.7552384734153748,False,
102,4.21,2,740.4665756225586,790.1007556915283,0.0,0.7799280881881714,False,
103,4.251666666666667,1,1274.2694473266602,553.4891724586487,0.08500000000000019,0.7552384734153748,False,
103,4.251666666666667,2,740.4665756225586,790.1007556915283,0.0,0.7799280881881714,False,
104,4.293333333333334,1,1274.2694473266602,553.4891724586487,0.08500000000000019,0.7552384734153748,False,
104,4.293333333333334,2,740.4665756225586,790.1007556915283,0.0,0.7799280881881714,False,
105,4.335,1,1274.2694473266602,553.4891724586487,0.08500000000000019,0.7552384734153748,False,
105,4.335,2,740.4665756225586,790.1007556915283,0.0,0.7799280881881714,False,
106,4.376666666666667,1,1274.2694473266602,553.4891724586487,0.08500000000000019,0.7552384734153748,False,
106,4.376666666666667,2,740.4665756225586,790.1007556915283,0.0,0.7799280881881714,False,
107,4.418333333333334,1,1274.2694473266602,553.4891724586487,0.08500000000000019,0.7552384734153748,False,
107,4.418333333333334,2,740.4665756225586,790.1007556915283,0.0,0.7799280881881714,False,
108,4.46,1,1274.2694473266602,553.4891724586487,0.08500000000000019,0.7552384734153748,False,
108,4.46,2,740.4665756225586,790.1007556915283,0.0,0.7799280881881714,False,
109,4.501666666666667,1,1274.2694473266602,553.4891724586487,0.08500000000000019,0.7552384734153748,False,
109,4.501666666666667,2,740.4665756225586,790.1007556915283,0.0,0.7799280881881714,False,
110,4.543333333333334,1,1274.2694473266602,553.4891724586487,0.08500000000000019,0.7552384734153748,False,
110,4.543333333333334,2,740.4665756225586,790.1007556915283,0.0,0.7799280881881714,False,
111,4.585,1,1274.2694473266602,553.4891724586487,0.08500000000000019,0.7552384734153748,False,
111,4.585,2,740.4665756225586,790.1007556915283,0.0,0.7799280881881714,False,
112,4.626666666666667,1,1274.2694473266602,553.4891724586487,0.08500000000000019,0.7552384734153748,False,
112,4.626666666666667,2,740.4665756225586,790.1007556915283,0.0,0.7799280881881714,False,
113,4.668333333333334,1,1274.2694473266602,553.4891724586487,0.08500000000000019,0.7552384734153748,False,
113,4.668333333333334,2,740.4665756225586,790.1007556915283,0.0,0.7799280881881714,False,
114,4.71,1,1274.2694473266602,553.4891724586487,0.08500000000000019,0.7552384734153748,False,
114,4.71,2,740.4665756225586,790.1007556915283,0.0,0.7799280881881714,False,
115,4.751666666666667,1,1274.2694473266602,553.4891724586487,0.08500000000000019,0.7552384734153748,False,
115,4.751666666666667,2,740.4665756225586,790.1007556915283,0.0,0.7799280881881714,False,
116,4.793333333333334,1,1274.2694473266602,553.4891724586487,0.08500000000000019,0.7552384734153748,False,
116,4.793333333333334,2,740.4665756225586,790.1007556915283,0.0,0.7799280881881714,False,
117,4.835,1,1274.2694473266602,553.4891724586487,0.08500000000000019,0.7552384734153748,False,
117,4.835,2,740.4665756225586,790.1007556915283,0.0,0.7799280881881714,False,
118,4.876666666666667,1,1274.2694473266602,553.4891724586487,0.08500000000000019,0.7552384734153748,False,
118,4.876666666666667,2,740.4665756225586,790.1007556915283,0.0,0.7799280881881714,False,
119,4.918333333333334,1,1274.2694473266602,553.4891724586487,0.08500000000000019,0.7552384734153748,False,
119,4.918333333333334,2,740.4665756225586,790.1007556915283,0.0,0.7799280881881714,False,
120,4.96,1,1274.2694473266602,553.4891724586487,0.08500000000000019,0.7552384734153748,False,
120,4.96,2,740.4665756225586,790.1007556915283,0.0,0.7799280881881714,False,
121,5.001666666666667,1,1274.2694473266602,553.4891724586487,0.08500000000000019,0.7552384734153748,False,
121,5.001666666666667,2,740.4665756225586,790.1007556915283,0.0,0.7799280881881714,False,
122,5.043333333333334,1,1274.2694473266602,553.4891724586487,0.08500000000000019,0.7552384734153748,False,
122,5.043333333333334,2,740.4665756225586,790.1007556915283,0.0,0.7799280881881714,False,
123,5.085,1,1274.2694473266602,553.4891724586487,0.08500000000000019,0.7552384734153748,False,
123,5.085,2,740.4665756225586,790.1007556915283,0.0,0.7799280881881714,False,
124,5.126666666666667,1,1274.2694473266602,553.4891724586487,0.08500000000000019,0.7552384734153748,False,
124,5.126666666666667,2,740.4665756225586,790.1007556915283,0.0,0.7799280881881714,False,
125,5.168333333333334,1,1274.2694473266602,553.4891724586487,0.08500000000000019,0.7552384734153748,False,
125,5.168333333333334,2,740.4665756225586,790.1007556915283,0.0,0.7799280881881714,False,
126,5.21,1,1274.2694473266602,553.4891724586487,0.08500000000000019,0.7552384734153748,False,
126,5.21,2,740.4665756225586,790.1007556915283,0.0,0.7799280881881714,False,
127,5.251666666666667,1,1274.2694473266602,553.4891724586487,0.08500000000000019,0.7552384734153748,False,
127,5.251666666666667,2,740.4665756225586,790.1007556915283,0.0,0.7799280881881714,False,
128,5.293333333333334,1,1274.2694473266602,553.4891724586487,0.08500000000000019,0.7552384734153748,False,
128,5.293333333333334,2,740.4665756225586,790.1007556915283,0.0,0.7799280881881714,False,
129,5.335,1,1274.2694473266602,553.4891724586487,0.08500000000000019,0.7552384734153748,False,
129,5.335,2,740.4665756225586,790.1007556915283,0.0,0.7799280881881714,False,
130,5.376666666666667,1,1274.2694473266602,553.4891724586487,0.08500000000000019,0.7552384734153748,False,
130,5.376666666666667,2,740.4665756225586,790.1007556915283,0.0,0.7799280881881714,False,
131,5.418333333333334,1,1274.2694473266602,553.4891724586487,0.08500000000000019,0.7552384734153748,False,
131,5.418333333333334,2,740.4665756225586,790.1007556915283,0.0,0.7799280881881714,False,
132,5.46,1,1274.2694473266602,553.4891724586487,0.08500000000000019,0.7552384734153748,False,
132,5.46,2,740.4665756225586,790.1007556915283,0.0,0.7799280881881714,False,
133,5.501666666666667,1,1274.2694473266602,553.4891724586487,0.08500000000000019,0.7552384734153748,False,
133,5.501666666666667,2,740.4665756225586,790.1007556915283,0.0,0.7799280881881714,False,
134,5.543333333333334,1,1274.2694473266602,553.4891724586487,0.08500000000000019,0.7552384734153748,False,
134,5.543333333333334,2,740.4665756225586,790.1007556915283,0.0,0.7799280881881714,False,
135,5.585,1,1274.2694473266602,553.4891724586487,0.08500000000000019,0.7552384734153748,False,
135,5.585,2,740.4665756225586,790.1007556915283,0.0,0.7799280881881714,False,
136,5.626666666666667,1,1274.2694473266602,553.4891724586487,0.08500000000000019,0.7552384734153748,False,
136,5.626666666666667,2,740.4665756225586,790.1007556915283,0.0,0.7799280881881714,False,
137,5.668333333333334,1,1274.2694473266602,553.4891724586487,0.08500000000000019,0.7552384734153748,False,
137,5.668333333333334,2,740.4665756225586,790.1007556915283,0.0,0.7799280881881714,False,
138,5.71,1,1274.2694473266602,553.4891724586487,0.08500000000000019,0.7552384734153748,False,
138,5.71,2,740.4665756225586,790.1007556915283,0.0,0.7799280881881714,False,
139,5.751666666666667,1,1274.2694473266602,553.4891724586487,0.08500000000000019,0.7552384734153748,False,
139,5.751666666666667,2,740.4665756225586,790.1007556915283,0.0,0.7799280881881714,False,
140,5.793333333333334,1,1274.2694473266602,553.4891724586487,0.08500000000000019,0.7552384734153748,False,
140,5.793333333333334,2,740.4665756225586,790.1007556915283,0.0,0.7799280881881714,False,
141,5.835,1,1274.2694473266602,553.4891724586487,0.08500000000000019,0.7552384734153748,False,
141,5.835,2,740.4665756225586,790.1007556915283,0.0,0.7799280881881714,False,
142,5.876666666666667,1,1274.2694473266602,553.4891724586487,0.08500000000000019,0.7552384734153748,False,
142,5.876666666666667,2,740.4665756225586,790.1007556915283,0.0,0.7799280881881714,False,
143,5.918333333333334,1,1274.2694473266602,553.4891724586487,0.08500000000000019,0.7552384734153748,False,
143,5.918333333333334,2,740.4665756225586,790.1007556915283,0.0,0.7799280881881714,False,
144,5.96,1,1274.2694473266602,553.4891724586487,0.08500000000000019,0.7552384734153748,False,
144,5.96,2,740.4665756225586,790.1007556915283,0.0,0.7799280881881714,False,
145,6.001666666666667,1,1274.2694473266602,553.4891724586487,0.08500000000000019,0.7552384734153748,False,
145,6.001666666666667,2,740.4665756225586,790.1007556915283,0.0,0.7799280881881714,False,
146,6.045000000000001,1,1274.2694473266602,553.4891724586487,0.08500000000000019,0.7552384734153748,False,
146,6.045000000000001,2,740.4665756225586,790.1007556915283,0.0,0.7799280881881714,False,
147,6.086666666666667,1,1274.2694473266602,553.4891724586487,0.08500000000000019,0.7552384734153748,False,
147,6.086666666666667,2,740.4665756225586,790.1007556915283,0.0,0.7799280881881714,False,
148,6.128333333333334,1,1274.2694473266602,553.4891724586487,0.08500000000000019,0.7552384734153748,False,
148,6.128333333333334,2,740.4665756225586,790.1007556915283,0.0,0.7799280881881714,False,
149,6.170000000000001,1,1274.2694473266602,553.4891724586487,0.08500000000000019,0.7552384734153748,False,
149,6.170000000000001,2,740.4665756225586,790.1007556915283,0.0,0.7799280881881714,False,
150,6.211666666666667,1,1274.2694473266602,553.4891724586487,0.08500000000000019,0.7552384734153748,False,
150,6.211666666666667,2,740.4665756225586,790.1007556915283,0.0,0.7799280881881714,False,
151,6.253333333333334,1,1274.2694473266602,553.4891724586487,0.08500000000000019,0.7552384734153748,False,
151,6.253333333333334,2,740.4665756225586,790.1007556915283,0.0,0.7799280881881714,False,
152,6.295000000000001,1,1274.2694473266602,553.4891724586487,0.08500000000000019,0.7552384734153748,False,
152,6.295000000000001,2,740.4665756225586,790.1007556915283,0.0,0.7799280881881714,False,
153,6.336666666666667,1,1274.2694473266602,553.4891724586487,0.08500000000000019,0.7552384734153748,False,
153,6.336666666666667,2,740.4665756225586,790.1007556915283,0.0,0.7799280881881714,False,
154,6.378333333333334,1,1274.2694473266602,553.4891724586487,0.08500000000000019,0.7552384734153748,False,
154,6.378333333333334,2,740.4665756225586,790.1007556915283,0.0,0.7799280881881714,False,
155,6.420000000000001,1,1274.2694473266602,553.4891724586487,0.08500000000000019,0.7552384734153748,False,
155,6.420000000000001,2,740.4665756225586,790.1007556915283,0.0,0.7799280881881714,False,
156,6.461666666666667,1,1274.2694473266602,553.4891724586487,0.08500000000000019,0.7552384734153748,False,
156,6.461666666666667,2,740.4665756225586,790.1007556915283,0.0,0.7799280881881714,False,
157,6.503333333333334,1,1274.2694473266602,553.4891724586487,0.08500000000000019,0.7552384734153748,False,
157,6.503333333333334,2,740.4665756225586,790.1007556915283,0.0,0.7799280881881714,False,
158,6.545000000000001,1,1274.2694473266602,553.4891724586487,0.08500000000000019,0.7552384734153748,False,
158,6.545000000000001,2,740.4665756225586,790.1007556915283,0.0,0.7799280881881714,False,
159,6.586666666666667,1,1274.2694473266602,553.4891724586487,0.08500000000000019,0.7552384734153748,False,
159,6.586666666666667,2,740.4665756225586,790.1007556915283,0.0,0.7799280881881714,False,
160,6.628333333333334,1,1274.2694473266602,553.4891724586487,0.08500000000000019,0.7552384734153748,False,
160,6.628333333333334,2,740.4665756225586,790.1007556915283,0.0,0.7799280881881714,False,
161,6.670000000000001,1,1274.2694473266602,553.4891724586487,0.08500000000000019,0.7552384734153748,False,
161,6.670000000000001,2,740.4665756225586,790.1007556915283,0.0,0.7799280881881714,False,
162,6.711666666666667,1,1274.2694473266602,553.4891724586487,0.08500000000000019,0.7552384734153748,False,
162,6.711666666666667,2,740.4665756225586,790.1007556915283,0.0,0.7799280881881714,False,
163,6.753333333333334,1,1274.2694473266602,553.4891724586487,0.08500000000000019,0.7552384734153748,False,
163,6.753333333333334,2,740.4665756225586,790.1007556915283,0.0,0.7799280881881714,False,
164,6.795000000000001,1,1274.2694473266602,553.4891724586487,0.08500000000000019,0.7552384734153748,False,
164,6.795000000000001,2,740.4665756225586,790.1007556915283,0.0,0.7799280881881714,False,
165,6.836666666666667,1,1274.2694473266602,553.4891724586487,0.08500000000000019,0.7552384734153748,False,
165,6.836666666666667,2,740.4665756225586,790.1007556915283,0.0,0.7799280881881714,False,
166,6.878333333333334,1,1274.2694473266602,553.4891724586487,0.08500000000000019,0.7552384734153748,False,
166,6.878333333333334,2,740.4665756225586,790.1007556915283,0.0,0.7799280881881714,False,
167,6.920000000000001,1,1274.2694473266602,553.4891724586487,0.08500000000000019,0.7552384734153748,False,
167,6.920000000000001,2,740.4665756225586,790.1007556915283,0.0,0.7799280881881714,False,
168,6.961666666666667,1,1274.2694473266602,553.4891724586487,0.08500000000000019,0.7552384734153748,False,
168,6.961666666666667,2,740.4665756225586,790.1007556915283,0.0,0.7799280881881714,False,
169,7.003333333333334,2,740.4665756225586,790.1007556915283,0.0,0.7799280881881714,False,
170,7.045000000000001,2,740.4665756225586,790.1007556915283,0.0,0.7799280881881714,False,
171,7.086666666666667,2,740.4665756225586,790.1007556915283,0.0,0.7799280881881714,False,
172,7.128333333333334,2,740.4665756225586,790.1007556915283,0.0,0.7799280881881714,False,
173,7.170000000000001,2,740.4665756225586,790.1007556915283,0.0,0.7799280881881714,False,
174,7.211666666666667,2,740.4665756225586,790.1007556915283,0.0,0.7799280881881714,False,
175,7.253333333333334,2,740.4665756225586,790.1007556915283,0.0,0.7799280881881714,False,
176,7.295000000000001,2,740.4665756225586,790.1007556915283,0.0,0.7799280881881714,False,
177,7.336666666666667,2,740.4665756225586,790.1007556915283,0.0,0.7799280881881714,False,
178,7.378333333333334,2,740.4665756225586,790.1007556915283,0.0,0.7799280881881714,False,
179,7.420000000000001,2,740.4665756225586,790.1007556915283,0.0,0.7799280881881714,False,
180,7.461666666666667,2,740.4665756225586,790.1007556915283,0.0,0.7799280881881714,False,
181,7.503333333333334,2,740.4665756225586,790.1007556915283,0.0,0.7799280881881714,False,
182,7.545000000000001,2,740.4665756225586,790.1007556915283,0.0,0.7799280881881714,False,
183,7.586666666666667,2,740.4665756225586,790.1007556915283,0.0,0.7799280881881714,False,
184,7.628333333333334,2,740.4665756225586,790.1007556915283,0.0,0.7799280881881714,False,
185,7.670000000000001,2,740.4665756225586,790.1007556915283,0.0,0.7799280881881714,False,
186,7.711666666666667,2,740.4665756225586,790.1007556915283,0.0,0.7799280881881714,False,
187,7.753333333333334,2,740.4665756225586,790.1007556915283,0.0,0.7799280881881714,False,
188,7.795000000000001,2,740.4665756225586,790.1007556915283,0.0,0.7799280881881714,False,
189,7.836666666666667,2,740.4665756225586,790.1007556915283,0.0,0.7799280881881714,False,
190,7.878333333333334,2,740.4665756225586,790.1007556915283,0.0,0.7799280881881714,False,
191,7.920000000000001,2,740.4665756225586,790.1007556915283,0.0,0.7799280881881714,False,
192,7.961666666666667,2,740.4665756225586,790.1007556915283,0.0,0.7799280881881714,False,
193,8.003333333333334,2,740.4665756225586,790.1007556915283,0.0,0.7799280881881714,False,
194,8.045,2,740.4665756225586,790.1007556915283,0.0,0.7799280881881714,False,
195,8.086666666666668,2,740.4665756225586,790.1007556915283,0.0,0.7799280881881714,False,
196,8.128333333333334,2,740.4665756225586,790.1007556915283,0.0,0.7799280881881714,False,
197,8.17,2,740.4665756225586,790.1007556915283,0.0,0.7799280881881714,False,
198,8.211666666666668,2,740.4665756225586,790.1007556915283,0.0,0.7799280881881714,False,
199,8.253333333333334,2,740.4665756225586,790.1007556915283,0.0,0.7799280881881714,False,
200,8.295,2,740.4665756225586,790.1007556915283,0.0,0.7799280881881714,False,
201,8.336666666666668,2,740.4665756225586,790.1007556915283,0.0,0.7799280881881714,False,
202,8.378333333333334,2,740.4665756225586,790.1007556915283,0.0,0.7799280881881714,False,
203,8.42,2,740.4665756225586,790.1007556915283,0.0,0.7799280881881714,False,
204,8.461666666666668,2,740.4665756225586,790.1007556915283,0.0,0.7799280881881714,False,
205,8.503333333333334,2,740.4665756225586,790.1007556915283,0.0,0.7799280881881714,False,
206,8.545,2,740.4665756225586,790.1007556915283,0.0,0.7799280881881714,False,
207,8.586666666666668,2,740.4665756225586,790.1007556915283,0.0,0.7799280881881714,False,
225,9.336666666666668,3,737.5616455078125,779.0155935287476,0.0,0.7060316801071167,False,
226,9.378333333333334,3,737.5826644897461,779.162106513977,0.041666666666666075,0.7198396325111389,False,
227,9.42,3,737.3656845092773,776.8557500839233,0.08333333333333215,0.7298204302787781,False,
228,9.461666666666668,3,737.5801467895508,774.4118070602417,0.125,0.7369113564491272,False,
229,9.503333333333334,3,739.3599700927734,771.8867111206055,0.16666666666666607,0.7473659515380859,False,
230,9.545,3,741.0373306274414,771.8291187286377,0.20833333333333215,0.7565694451332092,False,
231,9.586666666666668,3,741.5858459472656,771.2871837615967,0.25,0.7654300332069397,False,
232,9.628333333333334,3,743.9573287963867,770.7426309585571,0.2916666666666661,0.7656337022781372,False,
233,9.67,3,745.8964157104492,765.0811529159546,0.33333333333333215,0.7659075856208801,False,
234,9.711666666666668,3,745.7192993164062,761.0659503936768,0.375,0.7711744904518127,False,
235,9.753333333333334,3,745.3737258911133,757.5450897216797,0.4166666666666661,0.7751766443252563,False,
236,9.795,3,745.7632064819336,752.9922437667847,0.45833333333333215,0.7751766443252563,False,
237,9.836666666666668,3,746.462287902832,753.3398580551147,0.5,0.7751766443252563,False,
238,9.878333333333334,3,748.1843566894531,751.6847848892212,0.5416666666666661,0.7751766443252563,False,
239,9.92,3,750.7791900634766,749.8430728912354,0.5833333333333321,0.7751766443252563,False,
240,9.961666666666668,3,751.7495346069336,745.4412031173706,0.625,0.7751766443252563,False,
241,10.005,3,753.7539672851562,734.2287969589233,0.0,0.7751766443252563,False,
242,10.046666666666667,3,756.8169021606445,731.2693977355957,0.0,0.7751766443252563,False,
243,10.088333333333335,3,760.6699371337891,720.1861882209778,0.0,0.7751766443252563,False,
244,10.13,3,760.0973510742188,718.6462783813477,0.0,0.7751766443252563,False,
245,10.171666666666667,3,759.5598983764648,707.5756859779358,0.0,0.7751766443252563,False,
246,10.213333333333335,3,755.659294128418,706.3219356536865,0.0,0.7751766443252563,False,
247,10.255,3,755.3039169311523,703.6619138717651,0.0,0.7751766443252563,False,
248,10.296666666666667,3,754.8384857177734,699.7151827812195,0.0,0.7751766443252563,False,
249,10.338333333333335,3,754.9939346313477,699.9561524391174,0.0,0.7751766443252563,False,
250,10.38,3,755.1413726806641,700.0953698158264,0.0,0.7797849178314209,False,
251,10.421666666666667,3,755.349235534668,697.467770576477,0.0,0.7840057015419006,False,
252,10.463333333333335,3,755.3499603271484,691.6604018211365,0.0,0.7944422364234924,False,
253,10.505,3,755.2761077880859,693.0634546279907,0.0,0.8093083500862122,False,
254,10.546666666666667,3,755.2365493774414,695.114893913269,0.0,0.8264942169189453,False,
255,10.588333333333335,3,756.3019180297852,694.5264601707458,0.0,0.8428056240081787,False,
256,10.63,3,758.4008026123047,694.1744685173035,0.0,0.8576290607452393,False,
257,10.671666666666667,3,758.3802032470703,692.6650929450989,0.0,0.8710514307022095,False,
258,10.713333333333335,3,758.303337097168,692.836389541626,0.04166666666666785,0.8830445408821106,False,
259,10.755,3,757.3724365234375,692.2689199447632,0.08333333333333393,0.8935762643814087,False,
260,10.796666666666667,3,757.6716613769531,691.7693424224854,0.125,0.9024650454521179,False,
261,10.838333333333335,3,755.8576202392578,691.1081671714783,0.16666666666666785,0.9103964567184448,False,
262,10.88,3,755.6120681762695,691.5027523040771,0.20833333333333393,0.9185023903846741,False,
263,10.921666666666667,3,755.6732940673828,690.7011795043945,0.25,0.9245818257331848,False,
264,10.963333333333335,3,755.8819580078125,690.9457325935364,0.29166666666666785,0.93125319480896,False,
265,11.005,3,755.7013320922852,690.6949782371521,0.3333333333333339,0.936263382434845,False,
266,11.046666666666667,3,755.75439453125,689.0254211425781,0.375,0.9373196363449097,False,
267,11.088333333333335,3,756.6019439697266,686.2124276161194,0.41666666666666785,0.9401092529296875,False,
268,11.13,3,756.7764282226562,683.846869468689,0.4583333333333339,0.940626323223114,False,
269,11.171666666666667,3,756.9050598144531,684.0543222427368,0.5,0.9409921765327454,False,
270,11.213333333333335,3,757.0666885375977,683.3192467689514,0.5416666666666679,0.9422392845153809,False,
271,11.255,3,757.0846176147461,681.8155574798584,0.5833333333333339,0.9432624578475952,False,
272,11.296666666666667,3,757.2339630126953,677.3314619064331,0.625,0.9452717304229736,False,
273,11.338333333333335,3,757.0885848999023,674.995322227478,0.6666666666666679,0.9486292004585266,False,
274,11.38,3,756.6598892211914,671.2349939346313,0.7083333333333339,0.9524911046028137,False,
275,11.421666666666667,3,756.3192749023438,672.7466225624084,0.75,0.953828752040863,False,
276,11.463333333333335,3,756.0776138305664,670.6887459754944,0.7916666666666679,0.9544339776039124,False,
277,11.505,3,754.9944305419922,670.4762506484985,0.8333333333333339,0.9554740786552429,False,
278,11.546666666666667,3,754.60693359375,670.6679964065552,0.875,0.9575724601745605,False,
279,11.588333333333335,3,751.4641189575195,673.0710411071777,0.9166666666666679,0.9596416354179382,False,
280,11.63,3,751.5614318847656,673.5812616348267,0.9583333333333339,0.9612268209457397,False,
281,11.671666666666667,3,751.1433792114258,674.9491238594055,1.0,0.9628785848617554,False,
282,11.713333333333335,3,750.54931640625,675.0769901275635,1.0416666666666679,0.9641759395599365,False,
283,11.755,3,750.5304336547852,673.9732503890991,1.083333333333334,0.9649470448493958,False,
284,11.796666666666667,3,749.8521423339844,676.1263346672058,1.125,0.9649470448493958,False,
285,11.838333333333335,3,749.035758972168,679.9882006645203,1.1666666666666679,0.9654598832130432,False,
286,11.88,3,748.9018249511719,681.7196416854858,1.208333333333334,0.9654598832130432,False,
287,11.921666666666667,3,748.4292602539062,683.638858795166,1.25,0.9654598832130432,False,
288,11.963333333333335,3,748.3847808837891,684.033637046814,1.2916666666666679,0.9654598832130432,False,
289,12.005,3,747.8751373291016,683.8103270530701,1.333333333333334,0.9654598832130432,False,
290,12.046666666666667,3,748.1600952148438,683.6083030700684,1.375,0.9654598832130432,False,
291,12.088333333333335,3,748.0742645263672,683.1561470031738,1.4166666666666679,0.9654598832130432,False,
292,12.13,3,747.9218292236328,683.171489238739,1.458333333333334,0.9654598832130432,False,
293,12.171666666666667,3,747.9062271118164,683.0941772460938,1.5,0.9654598832130432,False,
294,12.213333333333335,3,747.9396057128906,682.8747296333313,1.5416666666666679,0.9660891890525818,False,
295,12.255,3,748.0974960327148,682.8061079978943,1.583333333333334,0.9665443301200867,False,
296,12.296666666666667,3,748.1810760498047,682.9905152320862,1.625,0.96707683801651,False,
297,12.338333333333335,3,748.4768295288086,683.0709171295166,1.6666666666666679,0.96707683801651,False,
298,12.38,3,748.9105987548828,683.1930112838745,1.708333333333334,0.96707683801651,False,
299,12.421666666666667,3,749.1031646728516,684.1516757011414,1.75,0.9674610495567322,False,
300,12.463333333333335,3,749.4533920288086,684.4153475761414,1.7916666666666679,0.9680767059326172,False,
301,12.505,3,749.6440887451172,684.4055414199829,1.833333333333334,0.9687155485153198,False,
302,12.546666666666667,3,749.7894668579102,684.3914866447449,1.875,0.9691627025604248,False,
303,12.588333333333335,3,749.8387145996094,684.3958425521851,1.9166666666666679,0.9692969918251038,False,
304,12.63,3,749.9359512329102,684.7622108459473,1.958333333333334,0.9692969918251038,False,
305,12.671666666666667,3,750.0400543212891,685.3487992286682,2.0,0.9692969918251038,False,
306,12.713333333333335,3,750.0483322143555,685.5604791641235,2.041666666666668,0.9692969918251038,False,
307,12.755,3,750.0094223022461,685.5427551269531,2.083333333333334,0.9692969918251038,False,
308,12.796666666666667,3,748.8559722900391,685.5631399154663,2.125,0.9692969918251038,False,
309,12.838333333333335,3,747.69287109375,685.4592204093933,2.166666666666668,0.9692969918251038,False,
310,12.88,3,746.2871170043945,685.4116702079773,2.208333333333334,0.9697153568267822,False,
311,12.921666666666667,3,746.209716796875,685.4472470283508,2.25,0.9701820611953735,False,
312,12.963333333333335,3,745.2590560913086,685.4061126708984,2.291666666666668,0.9711186289787292,False,
313,13.005,3,743.6792755126953,684.6647071838379,2.333333333333334,0.9723345041275024,False,
314,13.046666666666667,3,742.9179000854492,684.0730333328247,2.375,0.973412036895752,False,
315,13.088333333333335,3,742.8369140625,682.9062724113464,2.416666666666668,0.9742043018341064,False,
316,13.13,3,742.9618072509766,681.7691016197205,2.458333333333334,0.9750913977622986,False,
317,13.171666666666667,3,743.0301284790039,680.0005602836609,2.5,0.9762404561042786,False,
318,13.213333333333335,3,742.6871490478516,678.6212825775146,2.541666666666668,0.9770593643188477,False,
319,13.255,3,742.3675918579102,677.4123787879944,2.583333333333334,0.9772166013717651,False,
320,13.296666666666667,3,742.4074935913086,676.1720609664917,2.625,0.9772166013717651,False,
321,13.338333333333335,3,741.4369583129883,673.2735371589661,2.666666666666668,0.9772166013717651,False,
322,13.38,3,740.9248352050781,669.6942901611328,2.708333333333334,0.9772166013717651,False,
323,13.421666666666667,3,740.6088638305664,660.9098625183105,2.75,0.9782193899154663,False,
324,13.463333333333335,3,741.9790649414062,663.9799618721008,2.791666666666668,0.9782193899154663,False,
325,13.505,3,742.7510070800781,665.6230187416077,2.833333333333334,0.9785338044166565,False,
326,13.546666666666667,3,743.2141494750977,666.5429949760437,2.875,0.9796413779258728,False,
327,13.588333333333335,3,743.6274337768555,667.1602249145508,2.916666666666668,0.9803633093833923,False,
328,13.63,3,743.7782669067383,667.5768899917603,2.958333333333334,0.9812116622924805,False,
329,13.671666666666667,3,743.9390563964844,667.8161001205444,3.0,0.9820278882980347,False,
330,13.713333333333335,3,743.9912796020508,668.0509757995605,3.041666666666668,0.9826914668083191,False,
331,13.755,3,744.3923187255859,667.7228450775146,3.083333333333334,0.9833226799964905,False,
332,13.796666666666667,3,744.7761154174805,664.8914194107056,3.125,0.9839475750923157,False,
333,13.838333333333335,3,745.1545715332031,659.097375869751,3.166666666666668,0.9847421050071716,False,
334,13.88,3,743.5554504394531,648.4524822235107,3.208333333333334,0.985504686832428,False,
335,13.921666666666667,3,744.2642211914062,652.5163507461548,3.25,0.9861090779304504,False,
336,13.963333333333335,3,744.334602355957,651.5168523788452,3.291666666666668,0.9863607883453369,False,
337,14.006666666666668,3,744.4991302490234,653.3078384399414,3.335000000000001,0.9863607883453369,False,
338,14.048333333333334,3,744.2899703979492,654.1445159912109,3.376666666666667,0.9863607883453369,False,
339,14.090000000000002,3,744.0715026855469,654.5319557189941,3.418333333333335,0.9863607883453369,False,
340,14.131666666666668,3,744.0006256103516,654.8902130126953,3.460000000000001,0.9863607883453369,False,
341,14.173333333333334,3,743.997917175293,655.3376483917236,3.501666666666667,0.9863607883453369,False,
342,14.215000000000002,3,744.2295074462891,655.6310606002808,3.543333333333335,0.9863607883453369,False,
343,14.256666666666668,3,744.3214416503906,656.2728381156921,3.585000000000001,0.9863607883453369,False,
344,14.298333333333334,3,744.6089553833008,656.3972496986389,3.626666666666667,0.9863607883453369,False,
345,14.340000000000002,3,744.6890640258789,656.5029287338257,3.668333333333335,0.9863607883453369,False,
346,14.381666666666668,3,744.6443176269531,656.5976858139038,3.710000000000001,0.9863607883453369,False,
347,14.423333333333334,3,744.4682312011719,656.6524028778076,3.751666666666667,0.9863607883453369,False,
348,14.465000000000002,3,744.4220352172852,658.4667992591858,3.793333333333335,0.9863607883453369,False,
349,14.506666666666668,3,743.9440155029297,658.8682723045349,3.835000000000001,0.9863607883453369,False,
350,14.548333333333334,3,743.8987350463867,658.851728439331,3.876666666666667,0.9863607883453369,False,
351,14.590000000000002,3,743.6819458007812,657.956964969635,3.918333333333335,0.9863607883453369,False,
352,14.631666666666668,3,743.4514999389648,657.9890012741089,3.960000000000001,0.9863607883453369,False,
353,14.673333333333334,3,742.8899002075195,657.2261810302734,4.001666666666667,0.9863607883453369,False,
354,14.715000000000002,3,742.5070190429688,656.9658780097961,4.043333333333335,0.9863607883453369,False,
355,14.756666666666668,3,742.1005249023438,656.9523811340332,4.085000000000001,0.9863607883453369,False,
356,14.798333333333334,3,742.1507263183594,657.8807258605957,4.126666666666667,0.9863607883453369,False,
357,14.840000000000002,3,742.9362487792969,658.5186839103699,4.168333333333335,0.9863607883453369,False,
358,14.881666666666668,3,743.0618667602539,658.6558413505554,4.210000000000001,0.9866109490394592,False,
359,14.923333333333334,3,743.1888961791992,657.7475810050964,4.251666666666667,0.9874863028526306,False,
360,14.965000000000002,3,743.2209014892578,657.4358868598938,4.293333333333335,0.9882415533065796,False,
361,15.006666666666668,3,743.6726379394531,654.9440503120422,4.335000000000001,0.9889524579048157,False,
362,15.048333333333334,3,744.04541015625,650.723090171814,4.376666666666667,0.9896979928016663,False,
363,15.090000000000002,3,744.5446014404297,648.5056328773499,4.418333333333335,0.9905579686164856,False,
364,15.131666666666668,3,744.68017578125,645.6680274009705,4.460000000000001,0.9912815093994141,False,
365,15.173333333333334,3,744.6781921386719,642.3072195053101,4.501666666666667,0.9918925166130066,False,
366,15.215000000000002,3,743.0423355102539,639.0938687324524,4.543333333333335,0.9923989176750183,False,
367,15.256666666666668,3,741.7776489257812,623.74356508255,0.0,0.9930557012557983,False,
368,15.298333333333334,3,741.0135650634766,620.7602834701538,0.0,0.993671715259552,False,
369,15.340000000000002,3,741.5854644775391,615.1307129859924,0.0,0.9942600727081299,False,
370,15.381666666666668,3,741.4477157592773,608.6055850982666,0.0,0.9947391748428345,False,
371,15.423333333333334,3,742.2874450683594,609.4466400146484,0.0,0.9952205419540405,False,
372,15.465000000000002,3,743.3443450927734,611.3003468513489,0.0,0.9956830143928528,False,
373,15.506666666666668,3,744.4526672363281,608.0747652053833,0.0,0.9960899353027344,False,
374,15.548333333333334,3,745.6058502197266,609.735631942749,0.0,0.9964691400527954,False,
375,15.590000000000002,3,746.6191864013672,609.978940486908,0.0,0.9968075752258301,False,
376,15.631666666666668,3,746.8046951293945,608.2834196090698,0.0,0.9971157908439636,False,
377,15.673333333333334,3,747.5568389892578,606.009271144867,0.0,0.9973904490470886,False,
378,15.715000000000002,3,748.6624145507812,604.560878276825,0.0,0.9976243376731873,False,
379,15.756666666666668,3,749.8744964599609,606.1178255081177,0.0,0.9978314638137817,False,
380,15.798333333333334,3,749.910888671875,605.0913119316101,0.041666666666666075,0.9980266094207764,False,
381,15.840000000000002,3,749.7468948364258,604.6666646003723,0.08333333333333393,0.9981974959373474,False,
382,15.881666666666668,3,749.6215057373047,603.959333896637,0.125,0.998350977897644,False,
383,15.923333333333334,3,749.5067596435547,604.331624507904,0.16666666666666607,0.9984869956970215,False,
384,15.965000000000002,3,749.4384384155273,603.4604644775391,0.20833333333333393,0.998609721660614,False,
385,16.006666666666668,3,749.4009017944336,602.8777170181274,0.25,0.9986988306045532,False,
386,16.048333333333336,3,749.4414520263672,599.6444964408875,0.29166666666666785,0.9987825155258179,False,
387,16.09,3,749.5443344116211,600.2519202232361,0.33333333333333215,0.998869001865387,False,
388,16.131666666666668,3,749.6359634399414,600.124568939209,0.375,0.9989413619041443,False,
389,16.173333333333336,3,749.6317291259766,600.3717827796936,0.41666666666666785,0.9990004301071167,False,
390,16.215,3,749.7517395019531,600.1585578918457,0.45833333333333215,0.9990595579147339,False,
391,16.256666666666668,3,748.5689926147461,599.8668622970581,0.5,0.9991136789321899,False,
392,16.298333333333336,3,747.7904510498047,598.857901096344,0.5416666666666679,0.9991340637207031,False,
393,16.34,3,747.8658676147461,598.2113599777222,0.5833333333333321,0.9991680979728699,False,
394,16.381666666666668,3,748.0108261108398,598.4042859077454,0.625,0.9992173910140991,False,
395,16.423333333333336,3,748.0934524536133,598.5394906997681,0.6666666666666679,0.9992678165435791,False,
396,16.465,3,748.1973266601562,599.1805386543274,0.7083333333333321,0.9993125200271606,False,
397,16.506666666666668,3,748.2891464233398,600.0719547271729,0.75,0.9993583559989929,False,
398,16.548333333333336,3,748.4159469604492,600.0599598884583,0.7916666666666679,0.9994010329246521,False,
399,16.59,3,748.399772644043,599.7723412513733,0.8333333333333321,0.9994364976882935,False,
400,16.631666666666668,3,748.2815933227539,598.4973478317261,0.875,0.999467134475708,False,
401,16.673333333333336,3,748.1222152709961,598.5770416259766,0.9166666666666679,0.9995090961456299,False,
402,16.715,3,747.8882217407227,598.650062084198,0.9583333333333321,0.999547004699707,False,
403,16.756666666666668,3,747.703857421875,598.6743950843811,1.0,0.9995751976966858,False,
404,16.798333333333336,3,747.6271438598633,598.3558130264282,1.0416666666666679,0.9995986223220825,False,
405,16.84,3,747.2320175170898,598.1662344932556,1.0833333333333321,0.9996098279953003,False,
406,16.881666666666668,3,747.1044540405273,596.8023204803467,1.125,0.9996220469474792,False,
407,16.923333333333336,3,749.841423034668,596.5133929252625,1.1666666666666679,0.9996289014816284,False,
408,16.965,3,750.7984161376953,595.7910203933716,1.2083333333333321,0.9996289014816284,False,
409,17.006666666666668,3,753.4022521972656,594.9966144561768,1.25,0.9996289014816284,False,
410,17.048333333333336,3,754.1754150390625,594.3945980072021,1.2916666666666679,0.9996336102485657,False,
411,17.09,3,753.5890960693359,593.8760948181152,1.3333333333333321,0.9996539354324341,False,
412,17.131666666666668,3,752.6934814453125,593.8692927360535,1.375,0.9996733665466309,False,
413,17.173333333333336,3,752.6019287109375,593.8495516777039,1.4166666666666679,0.9996910691261292,False,
414,17.215,3,752.5712585449219,593.926112651825,1.4583333333333321,0.9996994733810425,False,
415,17.256666666666668,3,752.5786972045898,593.9835119247437,1.5,0.999706506729126,False,
416,17.298333333333336,3,752.717170715332,594.065351486206,1.5416666666666679,0.9997208714485168,False,
417,17.34,3,753.0316543579102,593.8799357414246,1.5833333333333321,0.99973064661026,False,
418,17.381666666666668,3,753.1537628173828,593.9014577865601,1.625,0.99973064661026,False,
419,17.423333333333336,3,753.201789855957,594.7598934173584,1.6666666666666679,0.99973064661026,False,
420,17.465,3,753.1933212280273,595.3433918952942,1.7083333333333321,0.99973064661026,False,
421,17.506666666666668,3,753.3576202392578,595.5758428573608,1.75,0.99973064661026,False,
422,17.548333333333336,3,753.4407043457031,595.8357810974121,1.7916666666666679,0.99973064661026,False,
423,17.59,3,753.3477020263672,595.9722948074341,1.8333333333333321,0.99973064661026,False,
424,17.631666666666668,3,752.9906845092773,597.0676016807556,1.875,0.99973064661026,False,
425,17.673333333333336,3,752.4860382080078,597.0413374900818,1.9166666666666679,0.99973064661026,False,
426,17.715,3,752.1740341186523,597.0225405693054,1.9583333333333321,0.99973064661026,False,
427,17.756666666666668,3,751.9475936889648,596.3307666778564,2.0,0.99973064661026,False,
428,17.798333333333336,3,751.8880844116211,596.3361525535583,2.041666666666668,0.99973064661026,False,
429,17.84,3,751.8294525146484,596.3007259368896,2.083333333333332,0.99973064661026,False,
430,17.881666666666668,3,751.4294052124023,596.0395860671997,2.125,0.99973064661026,False,
431,17.923333333333336,3,751.1509704589844,595.7815146446228,2.166666666666668,0.99973064661026,False,
432,17.965,3,750.9657669067383,595.4420971870422,2.208333333333332,0.99973064661026,False,
433,18.006666666666668,3,750.9579086303711,594.856538772583,2.25,0.99973064661026,False,
434,18.05,3,750.9356689453125,594.4205403327942,2.293333333333333,0.99973064661026,False,
435,18.09166666666667,3,751.0393524169922,593.1886553764343,2.335000000000001,0.99973064661026,False,
436,18.133333333333333,3,751.0226821899414,593.0489444732666,2.376666666666665,0.9997327923774719,False,
437,18.175,3,751.0673141479492,592.7506613731384,2.418333333333333,0.9997401833534241,False,
438,18.21666666666667,3,751.1182403564453,592.4116516113281,2.460000000000001,0.9997459053993225,False,
439,18.258333333333333,3,751.2092971801758,591.9170951843262,2.501666666666665,0.9997460842132568,False,
440,18.3,3,751.1867904663086,591.2237763404846,2.543333333333333,0.9997515678405762,False,
441,18.34166666666667,3,751.1267852783203,589.178409576416,2.585000000000001,0.9997515678405762,False,
442,18.383333333333333,3,750.872802734375,587.8673887252808,2.626666666666665,0.9997611045837402,False,
443,18.425,3,750.8249282836914,587.2510600090027,2.668333333333333,0.9997636079788208,False,
444,18.46666666666667,3,750.7946395874023,586.7512249946594,2.710000000000001,0.9997695684432983,False,
445,18.508333333333333,3,751.0692977905273,586.3732266426086,2.751666666666665,0.9997788667678833,False,
446,18.55,3,751.2105560302734,585.2973389625549,2.793333333333333,0.9997788667678833,False,
447,18.59166666666667,3,751.1748886108398,584.4318008422852,2.835000000000001,0.9997788667678833,False,
448,18.633333333333333,3,751.143798828125,583.6606121063232,2.876666666666665,0.9997788667678833,False,
449,18.675,3,750.8583068847656,583.9390683174133,2.918333333333333,0.9997788667678833,False,
450,18.71666666666667,3,749.9564743041992,582.9139494895935,2.960000000000001,0.9997848868370056,False,
451,18.758333333333333,3,749.375,583.0611491203308,3.001666666666665,0.9997947812080383,False,
452,18.8,3,749.1056823730469,583.0981850624084,3.043333333333333,0.9997991323471069,False,
453,18.84166666666667,3,749.1144180297852,583.8025760650635,3.085000000000001,0.9998007416725159,False,
454,18.883333333333333,3,748.9502334594727,583.8359642028809,3.126666666666665,0.999811053276062,False,
455,18.925,3,748.3826065063477,583.7380957603455,3.168333333333333,0.9998219609260559,False,
456,18.96666666666667,3,748.6600494384766,583.6976051330566,3.210000000000001,0.9998334050178528,False,
457,19.008333333333333,3,748.2744598388672,583.4609699249268,3.251666666666665,0.9998462796211243,False,
458,19.05,3,748.0301666259766,582.8036141395569,3.293333333333333,0.9998554587364197,False,
459,19.09166666666667,3,747.7062606811523,582.1348857879639,3.335000000000001,0.9998627305030823,False,
460,19.133333333333333,3,747.8421401977539,581.8848395347595,3.376666666666665,0.9998701214790344,False,
461,19.175,3,747.8926467895508,581.9055032730103,3.418333333333333,0.9998776316642761,False,
462,19.21666666666667,3,748.1668090820312,581.3853693008423,3.460000000000001,0.9998850226402283,False,
463,19.258333333333333,3,748.4428787231445,580.4211044311523,3.501666666666665,0.999891459941864,False,
464,19.3,3,748.6673355102539,579.4109201431274,3.543333333333333,0.9998964071273804,False,
465,19.34166666666667,3,749.2822647094727,576.246964931488,3.585000000000001,0.9998973608016968,False,
466,19.383333333333333,3,749.4474411010742,576.480724811554,3.626666666666665,0.9998973608016968,False,
467,19.425,3,749.5340347290039,576.401674747467,3.668333333333333,0.9998973608016968,False,
468,19.46666666666667,3,749.6629333496094,576.3989925384521,3.710000000000001,0.9998973608016968,False,
469,19.508333333333333,3,750.1987838745117,575.848753452301,3.751666666666665,0.9998973608016968,False,
470,19.55,3,750.3718948364258,574.9639463424683,3.793333333333333,0.9998973608016968,False,
471,19.59166666666667,3,750.5731582641602,574.9836659431458,3.835000000000001,0.9998973608016968,False,
472,19.633333333333333,3,750.7204818725586,574.957230091095,3.876666666666665,0.9998973608016968,False,
473,19.675,3,751.0397720336914,574.4459795951843,3.918333333333333,0.9998973608016968,False,
474,19.71666666666667,3,751.0329437255859,573.7111616134644,3.960000000000001,0.9998973608016968,False,
475,19.758333333333333,3,751.2547302246094,573.3897042274475,4.001666666666665,0.9998973608016968,False,
476,19.8,3,751.4494323730469,572.9398441314697,4.043333333333333,0.9998973608016968,False,
477,19.84166666666667,3,751.5667724609375,572.9172706604004,4.085000000000001,0.9998973608016968,False,
478,19.883333333333333,3,751.5896606445312,572.8355813026428,4.126666666666665,0.9998973608016968,False,
479,19.925,3,751.5048599243164,572.4821734428406,4.168333333333333,0.9998973608016968,False,
480,19.96666666666667,3,751.1280822753906,572.2859215736389,4.210000000000001,0.9998973608016968,False,
481,20.008333333333333,3,751.1321640014648,571.8762946128845,4.251666666666665,0.9999034404754639,False,
482,20.05,3,751.2448883056641,571.3467407226562,4.293333333333333,0.9999061822891235,False,
483,20.09166666666667,3,751.2117004394531,570.5156207084656,4.335000000000001,0.9999074339866638,False,
484,20.133333333333333,3,751.7000961303711,570.4138469696045,4.376666666666665,0.9999119639396667,False,
485,20.175,3,751.776008605957,570.3719186782837,4.418333333333333,0.9999154210090637,False,
486,20.21666666666667,3,751.8737030029297,569.9966883659363,4.460000000000001,0.9999176263809204,False,
487,20.258333333333333,3,752.0406341552734,569.821400642395,4.501666666666665,0.9999210238456726,False,
488,20.3,3,752.1738433837891,569.880645275116,4.543333333333333,0.9999242424964905,False,
489,20.34166666666667,3,752.274055480957,569.9187541007996,4.585000000000001,0.9999276399612427,False,
490,20.383333333333336,3,752.3880386352539,569.9446105957031,4.626666666666669,0.9999316334724426,False,
491,20.425,3,752.3837661743164,569.9552536010742,4.668333333333333,0.9999352693557739,False,
492,20.46666666666667,3,752.3179244995117,570.0680565834045,4.710000000000001,0.9999390840530396,False,
493,20.508333333333336,3,751.9962692260742,570.1788210868835,4.751666666666669,0.9999431371688843,False,
494,20.55,3,751.607551574707,570.2046775817871,4.793333333333333,0.9999431371688843,False,
495,20.59166666666667,3,751.3275527954102,570.2634930610657,4.835000000000001,0.9999431371688843,False,
496,20.633333333333336,3,750.9582901000977,570.33775806427,4.876666666666669,0.9999431371688843,False,
497,20.675,3,750.59326171875,570.5660033226013,4.918333333333333,0.9999431371688843,False,
498,20.71666666666667,3,750.5076599121094,570.5752301216125,4.960000000000001,0.9999431371688843,False,
499,20.758333333333336,3,750.0156784057617,570.8398461341858,5.001666666666669,0.9999431371688843,True,Long stay detected: 5.0s
500,20.8,3,749.5353317260742,571.1569261550903,5.043333333333333,0.9999431371688843,True,
501,20.84166666666667,3,748.9745712280273,571.3780689239502,5.085000000000001,0.9999431371688843,True,
502,20.883333333333336,3,748.5011672973633,571.3649153709412,5.126666666666669,0.9999431371688843,True,
503,20.925,3,747.8711700439453,571.3432431221008,5.168333333333333,0.9999431371688843,True,
504,20.96666666666667,3,747.9248809814453,571.3980031013489,5.210000000000001,0.9999431371688843,True,
505,21.008333333333336,3,747.9570770263672,571.3983035087585,5.251666666666669,0.9999431371688843,True,
506,21.05,3,748.0006790161133,571.3808584213257,5.293333333333333,0.9999431371688843,True,
507,21.09166666666667,3,747.5322341918945,571.2228441238403,5.335000000000001,0.9999431371688843,True,
508,21.133333333333336,3,747.3878479003906,571.4070153236389,5.376666666666669,0.9999431371688843,True,
509,21.175,3,746.7778396606445,571.658627986908,5.418333333333333,0.9999431371688843,True,
510,21.21666666666667,3,747.3224639892578,571.7314767837524,5.460000000000001,0.9999431371688843,True,
511,21.258333333333336,3,747.9301071166992,571.6981101036072,5.501666666666669,0.9999431371688843,True,
512,21.3,3,748.7864685058594,571.9061636924744,5.543333333333333,0.9999431371688843,True,
513,21.34166666666667,3,750.8255386352539,574.30255651474,5.585000000000001,0.9999431371688843,True,
514,21.383333333333336,3,751.2747192382812,576.2491965293884,5.626666666666669,0.9999431371688843,True,
515,21.425,3,754.1705322265625,577.5610542297363,5.668333333333333,0.9999431371688843,True,
516,21.46666666666667,3,754.5600509643555,577.8544878959656,5.710000000000001,0.9999431371688843,True,
517,21.508333333333336,3,753.5714340209961,577.9147624969482,5.751666666666669,0.9999431371688843,True,
518,21.55,3,752.1281814575195,573.3196449279785,5.793333333333333,0.9999431371688843,True,
519,21.59166666666667,3,750.9498977661133,570.0390672683716,5.835000000000001,0.9999431371688843,True,
520,21.633333333333336,3,750.3774642944336,567.9765558242798,5.876666666666669,0.9999431371688843,True,
521,21.675,3,749.0943145751953,566.5324115753174,5.918333333333333,0.9999431371688843,True,
522,21.71666666666667,3,749.5957565307617,562.235426902771,5.960000000000001,0.9999431371688843,True,
523,21.758333333333336,3,751.7257690429688,562.0729064941406,6.001666666666669,0.9999431371688843,True,
524,21.8,3,754.0380859375,561.3751673698425,6.043333333333333,0.9999431371688843,True,
525,21.84166666666667,3,756.1668395996094,556.4170718193054,6.085000000000001,0.9999431371688843,True,
526,21.883333333333336,3,755.8094024658203,557.3162770271301,6.126666666666669,0.9999431371688843,True,
527,21.925,3,755.3006744384766,556.7540860176086,6.168333333333333,0.9999431371688843,True,
528,21.96666666666667,3,754.1092681884766,557.3034024238586,6.210000000000001,0.9999431371688843,True,
529,22.01,3,753.4593200683594,557.8113484382629,6.253333333333334,0.9999431371688843,True,
530,22.05166666666667,3,753.193473815918,560.2948808670044,6.295000000000002,0.9999431371688843,True,
531,22.093333333333334,3,750.0568771362305,560.9223031997681,6.336666666666666,0.9999431371688843,True,
532,22.135,3,750.4032897949219,562.0385313034058,6.378333333333334,0.9999431371688843,True,
533,22.17666666666667,3,751.2152481079102,564.892680644989,6.420000000000002,0.9999431371688843,True,
534,22.218333333333334,3,752.3089218139648,567.450520992279,6.461666666666666,0.9999431371688843,True,
535,22.26,3,752.7224731445312,567.658360004425,6.503333333333334,0.9999431371688843,True,
536,22.30166666666667,3,752.8710174560547,567.5680017471313,6.545000000000002,0.9999431371688843,True,
537,22.343333333333334,3,753.5456085205078,567.3136854171753,6.586666666666666,0.9999431371688843,True,
538,22.385,3,753.5721969604492,567.2162246704102,6.628333333333334,0.9999431371688843,True,
539,22.42666666666667,3,753.7439727783203,567.6326966285706,6.670000000000002,0.9999431371688843,True,
540,22.468333333333334,3,752.9067993164062,566.8827295303345,6.711666666666666,0.9999431371688843,True,
541,22.51,3,753.0841445922852,566.0428333282471,6.753333333333334,0.9999431371688843,True,
542,22.55166666666667,3,753.3749008178711,564.5401310920715,6.795000000000002,0.9999431371688843,True,
543,22.593333333333334,3,754.1862869262695,562.8998637199402,6.836666666666666,0.9999431371688843,True,
544,22.635,3,757.2406005859375,562.108097076416,6.878333333333334,0.9999431371688843,True,
545,22.67666666666667,3,756.8438720703125,562.9721975326538,6.920000000000002,0.9999431371688843,True,
546,22.718333333333334,3,758.2027435302734,562.3228454589844,6.961666666666666,0.9999431371688843,True,
547,22.76,3,759.6320724487305,562.0917677879333,7.003333333333334,0.9999431371688843,True,
548,22.80166666666667,3,762.4993515014648,562.0443248748779,7.045000000000002,0.9999431371688843,True,
549,22.843333333333334,3,762.8405380249023,563.9805364608765,7.086666666666666,0.9999431371688843,True,
550,22.885,3,763.6991119384766,563.3227515220642,7.128333333333334,0.9999431371688843,True,
551,22.92666666666667,3,764.7706985473633,563.7465190887451,7.170000000000002,0.9999431371688843,True,
552,22.968333333333334,3,768.1854629516602,564.4967222213745,7.211666666666666,0.9999431371688843,True,
553,23.01,3,766.3644790649414,563.9275145530701,7.253333333333334,0.9999431371688843,True,
554,23.05166666666667,3,767.2158050537109,563.7793707847595,7.295000000000002,0.9999431371688843,True,
555,23.093333333333334,3,767.6906585693359,563.5344958305359,7.336666666666666,0.9999431371688843,True,
556,23.135,3,767.6291656494141,563.9400029182434,7.378333333333334,0.9999431371688843,True,
557,23.17666666666667,3,766.4020919799805,565.4422974586487,7.420000000000002,0.9999431371688843,True,
558,23.218333333333334,3,766.1639404296875,558.896484375,7.461666666666666,0.9999431371688843,True,
559,23.26,3,768.4346389770508,553.2436752319336,7.503333333333334,0.9999431371688843,True,
560,23.30166666666667,3,765.4669952392578,553.4925198554993,7.545000000000002,0.9999431371688843,True,
561,23.343333333333334,3,763.7042236328125,551.1579036712646,7.586666666666666,0.9999431371688843,True,
562,23.385,3,764.8379516601562,552.8640675544739,7.628333333333334,0.9999431371688843,True,
563,23.42666666666667,3,764.3013381958008,554.1737365722656,7.670000000000002,0.9999431371688843,True,
564,23.468333333333334,3,761.8404769897461,559.6043944358826,7.711666666666666,0.9999431371688843,True,
565,23.51,3,760.0862503051758,560.2524161338806,7.753333333333334,0.9999431371688843,True,
566,23.55166666666667,3,763.2371520996094,563.0213141441345,7.795000000000002,0.9999431371688843,True,
567,23.593333333333334,3,764.7864151000977,560.8840012550354,7.836666666666666,0.9999431371688843,True,
568,23.635,3,764.4011688232422,560.8256363868713,7.878333333333334,0.9999431371688843,True,
569,23.67666666666667,3,764.8376846313477,562.7388668060303,7.920000000000002,0.9999431371688843,True,
570,23.718333333333334,3,766.0797882080078,563.556318283081,7.961666666666666,0.9999431371688843,True,
571,23.76,3,767.1225738525391,564.8331141471863,8.003333333333334,0.9999431371688843,True,
572,23.80166666666667,3,767.0781326293945,564.6703791618347,8.045000000000002,0.9999431371688843,True,
573,23.843333333333334,3,766.6456985473633,564.3793272972107,8.086666666666666,0.9999431371688843,True,
574,23.885,3,765.7110977172852,564.1352248191833,8.128333333333334,0.9999431371688843,True,
575,23.92666666666667,3,765.1653671264648,563.4577202796936,8.170000000000002,0.9999431371688843,True,
576,23.968333333333334,3,764.0073776245117,563.857798576355,8.211666666666666,0.9999431371688843,True,
577,24.01,3,763.2665252685547,564.3835973739624,8.253333333333334,0.9999431371688843,True,
578,24.05166666666667,3,763.1129837036133,567.7088499069214,8.295000000000002,0.9999431371688843,True,
579,24.093333333333334,3,762.7080535888672,567.8391408920288,8.336666666666666,0.9999431371688843,True,
580,24.135,3,762.8194427490234,567.2891807556152,8.378333333333334,0.9999431371688843,True,
581,24.17666666666667,3,762.9489898681641,565.3703927993774,8.420000000000002,0.9999431371688843,True,
582,24.218333333333334,3,762.6877975463867,564.291672706604,8.461666666666666,0.9999431371688843,True,
583,24.26,3,763.2056427001953,564.2566537857056,8.503333333333334,0.9999431371688843,True,
584,24.30166666666667,3,763.4661102294922,564.098596572876,8.545000000000002,0.9999431371688843,True,
585,24.343333333333334,3,763.6930084228516,564.3210053443909,8.586666666666666,0.9999431371688843,True,
586,24.385,3,763.9252471923828,564.035747051239,8.628333333333334,0.9999431371688843,True,
587,24.42666666666667,3,764.1178512573242,564.0314984321594,8.670000000000002,0.9999431371688843,True,
588,24.468333333333334,3,763.9401245117188,564.0984463691711,8.711666666666666,0.9999431371688843,True,
589,24.51,3,763.9101409912109,564.940938949585,8.753333333333334,0.9999431371688843,True,
590,24.55166666666667,3,763.7135696411133,565.4402804374695,8.795000000000002,0.9999431371688843,True,
591,24.593333333333334,3,763.2369232177734,565.334837436676,8.836666666666666,0.9999431371688843,True,
592,24.635,3,763.1294631958008,565.4974865913391,8.878333333333334,0.9999431371688843,True,
593,24.67666666666667,3,762.7071762084961,565.3219413757324,8.920000000000002,0.9999431371688843,True,
594,24.718333333333334,3,762.2806549072266,565.8749485015869,8.961666666666666,0.9999431371688843,True,
595,24.76,3,762.3045349121094,566.3056468963623,9.003333333333334,0.9999431371688843,True,
596,24.80166666666667,3,761.3836288452148,567.0505714416504,9.045000000000002,0.9999431371688843,True,
597,24.843333333333334,3,761.8633270263672,567.2216963768005,9.086666666666666,0.9999431371688843,True,
598,24.885,3,761.4095306396484,567.6000165939331,9.128333333333334,0.9999431371688843,True,
599,24.92666666666667,3,761.5986251831055,567.8119540214539,9.170000000000002,0.9999431371688843,True,
600,24.968333333333334,3,762.1836853027344,567.7917194366455,9.211666666666666,0.9999431371688843,True,
601,25.01,3,763.1033706665039,567.7654767036438,9.253333333333334,0.9999431371688843,True,
602,25.05166666666667,3,763.911247253418,566.9172978401184,9.295000000000002,0.9999431371688843,True,
603,25.093333333333334,3,763.6919784545898,566.205267906189,9.336666666666666,0.9999431371688843,True,
604,25.135,3,763.5355377197266,564.3355536460876,9.378333333333334,0.9999431371688843,True,
605,25.17666666666667,3,763.4918975830078,564.0712380409241,9.420000000000002,0.9999431371688843,True,
606,25.218333333333334,3,763.8637542724609,564.4611883163452,9.461666666666666,0.9999431371688843,True,
607,25.26,3,763.4579467773438,564.8840761184692,9.503333333333334,0.9999431371688843,True,
608,25.30166666666667,3,762.9104614257812,565.6029081344604,9.545000000000002,0.9999431371688843,True,
609,25.343333333333334,3,762.3059463500977,565.9878587722778,9.586666666666666,0.9999431371688843,True,
610,25.385,3,761.8573760986328,565.8251237869263,9.628333333333334,0.9999431371688843,True,
611,25.42666666666667,3,761.4115524291992,566.5547919273376,9.670000000000002,0.9999431371688843,True,
612,25.468333333333334,3,761.7468643188477,566.6184997558594,9.711666666666666,0.9999431371688843,True,
613,25.51,3,761.5126419067383,566.7199516296387,9.753333333333334,0.9999431371688843,True,
614,25.55166666666667,3,761.4186096191406,566.6529393196106,9.795000000000002,0.9999431371688843,True,
615,25.593333333333334,3,761.4126968383789,566.8898320198059,9.836666666666666,0.9999431371688843,True,
616,25.635,3,761.3943099975586,567.0274829864502,9.878333333333334,0.9999431371688843,True,
617,25.67666666666667,3,761.3413238525391,567.0593047142029,9.920000000000002,0.9999431371688843,True,
618,25.718333333333334,3,761.4034652709961,567.5965404510498,9.961666666666666,0.9999431371688843,True,
619,25.76,3,761.4209747314453,567.7387619018555,10.003333333333334,0.9999431371688843,True,
620,25.80166666666667,3,761.5338516235352,567.9143714904785,10.045000000000002,0.9999431371688843,True,
621,25.843333333333334,3,761.7496490478516,567.6586174964905,10.086666666666666,0.9999431371688843,True,
622,25.885,3,761.7369079589844,566.9864988327026,10.128333333333334,0.9999431371688843,True,
623,25.92666666666667,3,761.7391204833984,566.9201731681824,10.170000000000002,0.9999431371688843,True,
624,25.968333333333334,3,761.6648864746094,566.1945605278015,10.211666666666666,0.9999431371688843,True,
625,26.011666666666667,3,761.6535568237305,565.7291865348816,10.254999999999999,0.9999431371688843,True,
626,26.053333333333335,3,762.0700073242188,565.670006275177,10.296666666666667,0.9999431371688843,True,
627,26.095000000000002,3,761.9881439208984,565.5856347084045,10.338333333333335,0.9999431371688843,True,
628,26.136666666666667,3,762.0845031738281,564.8924446105957,10.379999999999999,0.9999431371688843,True,
629,26.178333333333335,3,762.1615982055664,564.5589280128479,10.421666666666667,0.9999431371688843,True,
630,26.220000000000002,3,762.4648284912109,564.5527696609497,10.463333333333335,0.9999431371688843,True,
631,26.261666666666667,3,762.7886962890625,564.4141530990601,10.504999999999999,0.9999431371688843,True,
632,26.303333333333335,3,763.4524536132812,564.4303750991821,10.546666666666667,0.9999431371688843,True,
633,26.345000000000002,3,763.8447189331055,564.1777539253235,10.588333333333335,0.9999431371688843,True,
634,26.386666666666667,3,764.5624160766602,564.1124367713928,10.629999999999999,0.9999431371688843,True,
635,26.428333333333335,3,765.1789093017578,564.0926098823547,10.671666666666667,0.9999431371688843,True,
636,26.470000000000002,3,765.2557373046875,564.0763020515442,10.713333333333335,0.9999431371688843,True,
637,26.511666666666667,3,765.5890274047852,564.3108987808228,10.754999999999999,0.9999431371688843,True,
638,26.553333333333335,3,765.8937454223633,564.7267270088196,10.796666666666667,0.9999431371688843,True,
639,26.595000000000002,3,765.847053527832,565.2932739257812,10.838333333333335,0.9999431371688843,True,
640,26.636666666666667,3,765.9283828735352,569.2119383811951,10.879999999999999,0.9999431371688843,True,
641,26.678333333333335,3,765.4941177368164,569.8864817619324,10.921666666666667,0.9999431371688843,True,
642,26.720000000000002,3,764.7153091430664,570.2254271507263,10.963333333333335,0.9999431371688843,True,
643,26.761666666666667,3,763.6970901489258,570.6410193443298,11.004999999999999,0.9999431371688843,True,
644,26.803333333333335,3,762.7988052368164,571.0272789001465,11.046666666666667,0.9999431371688843,True,
645,26.845000000000002,3,761.0039138793945,571.7513251304626,11.088333333333335,0.9999431371688843,True,
646,26.886666666666667,3,759.377555847168,572.558434009552,11.129999999999999,0.9999431371688843,True,
647,26.928333333333335,3,757.5542831420898,572.5081157684326,11.171666666666667,0.9999431371688843,True,
648,26.970000000000002,3,756.961784362793,572.46009349823,11.213333333333335,0.9999431371688843,True,
649,27.011666666666667,3,755.3373336791992,572.8143382072449,11.254999999999999,0.9999431371688843,True,
650,27.053333333333335,3,753.5626220703125,573.1310749053955,11.296666666666667,0.9999431371688843,True,
651,27.095000000000002,3,751.8230438232422,574.342896938324,11.338333333333335,0.9999431371688843,True,
652,27.136666666666667,3,750.0003433227539,574.4746255874634,11.379999999999999,0.9999431371688843,True,
653,27.178333333333335,3,748.6709213256836,574.9752116203308,11.421666666666667,0.9999431371688843,True,
654,27.220000000000002,3,747.8060531616211,574.9238204956055,11.463333333333335,0.9999431371688843,True,
655,27.261666666666667,3,747.1110534667969,574.7849678993225,11.504999999999999,0.9999431371688843,True,
656,27.303333333333335,3,745.6608200073242,574.4956111907959,11.546666666666667,0.9999431371688843,True,
657,27.345000000000002,3,744.638786315918,574.5947027206421,11.588333333333335,0.9999431371688843,True,
658,27.386666666666667,3,744.3988037109375,574.7090721130371,11.629999999999999,0.9999431371688843,True,
659,27.428333333333335,3,744.2361068725586,574.9574017524719,11.671666666666667,0.9999431371688843,True,
660,27.470000000000002,3,744.4707870483398,574.9913907051086,11.713333333333335,0.9999431371688843,True,
661,27.511666666666667,3,744.5563125610352,575.1823425292969,11.754999999999999,0.9999431371688843,True,
662,27.553333333333335,3,744.6199798583984,575.9361720085144,11.796666666666667,0.9999431371688843,True,
663,27.595000000000002,3,744.7048568725586,575.957715511322,11.838333333333335,0.9999431371688843,True,
664,27.636666666666667,3,744.7862243652344,576.0778999328613,11.879999999999999,0.9999431371688843,True,
665,27.678333333333335,3,745.2340316772461,576.2139201164246,11.921666666666667,0.9999431371688843,True,
666,27.720000000000002,3,746.2705230712891,576.2383389472961,11.963333333333335,0.9999431371688843,True,
667,27.761666666666667,3,746.6272735595703,576.258852481842,12.004999999999999,0.9999431371688843,True,
668,27.803333333333335,3,746.8595123291016,576.44686460495,12.046666666666667,0.9999431371688843,True,
669,27.845000000000002,3,746.9688415527344,576.4147639274597,12.088333333333335,0.9999431371688843,True,
670,27.886666666666667,3,747.0475769042969,576.3389110565186,12.129999999999999,0.9999431371688843,True,
671,27.928333333333335,3,747.0922470092773,576.1663269996643,12.171666666666667,0.9999431371688843,True,
672,27.970000000000002,3,747.1308898925781,576.0763549804688,12.213333333333335,0.9999431371688843,True,
673,28.011666666666667,3,747.1590805053711,576.0693383216858,12.254999999999999,0.9999431371688843,True,
674,28.053333333333335,3,747.1638488769531,576.0635232925415,12.296666666666667,0.9999431371688843,True,
675,28.095000000000002,3,747.0758438110352,576.0482454299927,12.338333333333335,0.9999431371688843,True,
676,28.136666666666667,3,746.5635681152344,576.007068157196,12.379999999999999,0.9999431371688843,True,
677,28.178333333333335,3,745.900764465332,575.8214592933655,12.421666666666667,0.9999431371688843,True,
678,28.220000000000002,3,745.2743530273438,575.6318593025208,12.463333333333335,0.9999431371688843,True,
679,28.261666666666667,3,745.0477600097656,575.4085063934326,12.504999999999999,0.9999431371688843,True,
680,28.303333333333335,3,744.5014190673828,575.1753902435303,12.546666666666667,0.9999431371688843,True,
681,28.345000000000002,3,743.7191772460938,574.6585178375244,12.588333333333335,0.9999431371688843,True,
682,28.386666666666667,3,743.2753372192383,574.070770740509,12.629999999999999,0.9999431371688843,True,
683,28.428333333333335,3,743.1162643432617,573.8054037094116,12.671666666666667,0.9999431371688843,True,
684,28.470000000000002,3,742.7172470092773,573.4404516220093,12.713333333333335,0.9999431371688843,True,
685,28.51166666666667,3,742.5119400024414,573.1288003921509,12.755000000000003,0.9999431371688843,True,
686,28.553333333333335,3,742.145881652832,572.59770154953,12.796666666666667,0.9999431371688843,True,
687,28.595000000000002,3,741.937255859375,572.5077080726624,12.838333333333335,0.9999431371688843,True,
688,28.63666666666667,3,741.8101501464844,571.5067291259766,12.880000000000003,0.9999431371688843,True,
689,28.678333333333335,3,741.5763473510742,570.6953072547913,12.921666666666667,0.9999431371688843,True,
690,28.720000000000002,3,741.4460754394531,569.5600247383118,12.963333333333335,0.9999431371688843,True,
691,28.76166666666667,3,741.4627456665039,568.8639378547668,13.005000000000003,0.9999431371688843,True,
692,28.803333333333335,3,741.3628387451172,568.3500480651855,13.046666666666667,0.9999431371688843,True,
693,28.845000000000002,3,741.4483642578125,566.9717144966125,13.088333333333335,0.9999431371688843,True,
694,28.88666666666667,3,741.6374206542969,565.7561588287354,13.130000000000003,0.9999431371688843,True,
695,28.928333333333335,3,741.8873977661133,564.7265768051147,13.171666666666667,0.9999431371688843,True,
696,28.970000000000002,3,742.3109817504883,564.1718101501465,13.213333333333335,0.9999431371688843,True,
697,29.01166666666667,3,742.5885772705078,562.8832983970642,13.255000000000003,0.9999431371688843,True,
698,29.053333333333335,3,742.9337692260742,560.7907676696777,13.296666666666667,0.9999431371688843,True,
699,29.095000000000002,3,743.3099365234375,559.9878644943237,13.338333333333335,0.9999431371688843,True,
700,29.13666666666667,3,743.4235000610352,559.8336052894592,13.380000000000003,0.9999431371688843,True,
701,29.178333333333335,3,743.6439895629883,559.7208666801453,13.421666666666667,0.9999431371688843,True,
702,29.220000000000002,3,743.8656616210938,558.7053394317627,13.463333333333335,0.9999431371688843,True,
703,29.26166666666667,3,744.0908432006836,557.9017925262451,13.505000000000003,0.9999431371688843,True,
704,29.303333333333335,3,744.5156097412109,557.5400376319885,13.546666666666667,0.9999431371688843,True,
705,29.345000000000002,3,744.9843978881836,557.081036567688,13.588333333333335,0.9999431371688843,True,
706,29.38666666666667,3,745.1762771606445,556.3479351997375,13.630000000000003,0.9999431371688843,True,
707,29.428333333333335,3,745.3469848632812,555.5897927284241,13.671666666666667,0.9999431371688843,True,
708,29.470000000000002,3,745.3371810913086,554.7247695922852,13.713333333333335,0.9999431371688843,True,
709,29.51166666666667,3,745.3445816040039,554.3420720100403,13.755000000000003,0.9999431371688843,True,
710,29.553333333333335,3,745.5429458618164,553.9801025390625,13.796666666666667,0.9999431371688843,True,
711,29.595000000000002,3,745.6712341308594,553.1496477127075,13.838333333333335,0.9999431371688843,True,
712,29.63666666666667,3,746.0718536376953,552.4258804321289,13.880000000000003,0.9999431371688843,True,
713,29.678333333333335,3,746.5345764160156,551.8072557449341,13.921666666666667,0.9999431371688843,True,
714,29.720000000000002,3,747.2715377807617,551.6891312599182,13.963333333333335,0.9999431371688843,True,
715,29.76166666666667,3,747.6747512817383,551.5914559364319,14.005000000000003,0.9999431371688843,True,
716,29.803333333333335,3,747.7437210083008,551.5132212638855,14.046666666666667,0.9999431371688843,True,
717,29.845000000000002,3,747.8624725341797,551.5059471130371,14.088333333333335,0.9999431371688843,True,
718,29.88666666666667,3,747.9933929443359,551.5102815628052,14.130000000000003,0.9999431371688843,True,
719,29.928333333333335,3,748.0842208862305,551.5642690658569,14.171666666666667,0.9999431371688843,True,
720,29.970000000000002,3,748.1605911254883,551.5977430343628,14.213333333333335,0.9999431371688843,True,
721,30.013333333333335,3,748.1440353393555,551.6862773895264,14.256666666666668,0.9999431371688843,True,
722,30.055000000000003,3,748.1536102294922,551.795003414154,14.298333333333336,0.9999431371688843,True,
723,30.096666666666668,3,748.212890625,552.3453712463379,14.34,0.9999431371688843,True,
724,30.138333333333335,3,748.4710311889648,553.4539818763733,14.381666666666668,0.9999431371688843,True,
725,30.180000000000003,3,748.6257553100586,554.0259575843811,14.423333333333336,0.9999431371688843,True,
726,30.221666666666668,3,748.8454055786133,554.4270014762878,14.465,0.9999431371688843,True,
727,30.263333333333335,3,748.873291015625,554.6618342399597,14.506666666666668,0.9999431371688843,True,
728,30.305000000000003,3,748.8387680053711,554.9051856994629,14.548333333333336,0.9999431371688843,True,
729,30.346666666666668,3,748.8635635375977,554.920506477356,14.59,0.9999431371688843,True,
730,30.388333333333335,3,748.826789855957,554.9139404296875,14.631666666666668,0.9999431371688843,True,
731,30.430000000000003,3,748.7042617797852,554.8492670059204,14.673333333333336,0.9999431371688843,True,
732,30.471666666666668,3,748.8512420654297,554.7978973388672,14.715,0.9999431371688843,True,
733,30.513333333333335,3,748.7908172607422,554.5753169059753,14.756666666666668,0.9999431371688843,True,
734,30.555000000000003,3,748.6946868896484,554.430992603302,14.798333333333336,0.9999431371688843,True,
735,30.596666666666668,3,748.6895751953125,554.3609976768494,14.84,0.9999431371688843,True,
736,30.638333333333335,3,748.5516357421875,554.0717053413391,14.881666666666668,0.9999431371688843,True,
737,30.680000000000003,3,747.7285003662109,554.07151222229,14.923333333333336,0.9999431371688843,True,
738,30.721666666666668,3,747.1949768066406,553.995509147644,14.965,0.9999431371688843,True,
739,30.763333333333335,3,746.8264770507812,553.9527010917664,15.006666666666668,0.9999431371688843,True,
740,30.805000000000003,3,746.4917373657227,554.022696018219,15.048333333333336,0.9999431371688843,True,
741,30.846666666666668,3,746.2708282470703,554.0307641029358,15.09,0.9999431371688843,True,
742,30.888333333333335,3,746.1737060546875,554.1064023971558,15.131666666666668,0.9999431371688843,True,
743,30.930000000000003,3,746.0707473754883,554.210364818573,15.173333333333336,0.9999431371688843,True,
744,30.971666666666668,3,745.9861755371094,554.261884689331,15.215,0.9999431371688843,True,
745,31.013333333333335,3,745.9964752197266,554.2990064620972,15.256666666666668,0.9999431371688843,True,
746,31.055000000000003,3,745.9994125366211,554.306366443634,15.298333333333336,0.9999431371688843,True,
747,31.096666666666668,3,746.0485076904297,554.3274593353271,15.34,0.9999431371688843,True,
748,31.138333333333335,3,746.1113357543945,554.3501615524292,15.381666666666668,0.9999431371688843,True,
749,31.180000000000003,3,746.14501953125,554.3735933303833,15.423333333333336,0.9999431371688843,True,
750,31.221666666666668,3,746.1640167236328,554.4568061828613,15.465,0.9999431371688843,True,
751,31.263333333333335,3,746.2232971191406,554.614691734314,15.506666666666668,0.9999431371688843,True,
752,31.305000000000003,3,746.3676452636719,554.7221732139587,15.548333333333336,0.9999431371688843,True,
753,31.346666666666668,3,746.3847351074219,554.8838353157043,15.59,0.9999431371688843,True,
754,31.388333333333335,3,746.4056777954102,554.9528431892395,15.631666666666668,0.9999431371688843,True,
755,31.430000000000003,3,746.2606811523438,555.5291962623596,15.673333333333336,0.9999431371688843,True,
756,31.471666666666668,3,746.1539077758789,555.7900357246399,15.715,0.9999431371688843,True,
757,31.513333333333335,3,746.1252593994141,555.9396815299988,15.756666666666668,0.9999431371688843,True,
758,31.555000000000003,3,746.0895919799805,556.0260915756226,15.798333333333336,0.9999431371688843,True,
759,31.596666666666668,3,746.0930252075195,556.0403180122375,15.84,0.9999431371688843,True,
760,31.638333333333335,3,745.9553909301758,555.985107421875,15.881666666666668,0.9999431371688843,True,
761,31.680000000000003,3,745.9106826782227,555.9465479850769,15.923333333333336,0.9999431371688843,True,
762,31.721666666666668,3,745.905876159668,555.8644080162048,15.965,0.9999431371688843,True,
763,31.763333333333335,3,745.9028625488281,555.8454394340515,16.006666666666668,0.9999431371688843,True,
764,31.805000000000003,3,745.9328842163086,555.6432223320007,16.048333333333336,0.9999431371688843,True,
765,31.846666666666668,3,746.0682678222656,555.5079102516174,16.09,0.9999431371688843,True,
766,31.888333333333335,3,746.0853576660156,555.4072093963623,16.131666666666668,0.9999431371688843,True,
767,31.930000000000003,3,746.1396789550781,555.2671766281128,16.173333333333336,0.9999431371688843,True,
768,31.971666666666668,3,746.157112121582,555.2625203132629,16.215,0.9999431371688843,True,
769,32.013333333333335,3,746.1606979370117,555.0654101371765,16.256666666666668,0.9999431371688843,True,
770,32.055,3,746.1296844482422,554.8760676383972,16.298333333333332,0.9999431371688843,True,
771,32.09666666666667,3,746.1286926269531,554.5679354667664,16.340000000000003,0.9999431371688843,True,
772,32.138333333333335,3,746.1169815063477,554.5009446144104,16.381666666666668,0.9999431371688843,True,
773,32.18,3,746.140022277832,554.3864250183105,16.423333333333332,0.9999431371688843,True,
774,32.22166666666667,3,746.1090087890625,554.3379521369934,16.465000000000003,0.9999431371688843,True,
775,32.263333333333335,3,746.0601043701172,554.2463064193726,16.506666666666668,0.9999431371688843,True,
776,32.305,3,746.0713195800781,554.2740082740784,16.548333333333332,0.9999431371688843,True,
777,32.34666666666667,3,746.1951065063477,554.4926834106445,16.590000000000003,0.9999431371688843,True,
778,32.388333333333335,3,746.1577987670898,555.1573133468628,16.631666666666668,0.9999431371688843,True,
779,32.43,3,745.6914138793945,555.8806085586548,16.673333333333332,0.9999431371688843,True,
780,32.47166666666667,3,745.2007293701172,556.2319350242615,16.715000000000003,0.9999431371688843,True,
781,32.513333333333335,3,744.6398544311523,556.6283011436462,16.756666666666668,0.9999431371688843,True,
782,32.555,3,744.5218276977539,557.6466608047485,16.798333333333332,0.9999431371688843,True,
783,32.59666666666667,3,744.4134521484375,558.14040184021,16.840000000000003,0.9999431371688843,True,
784,32.638333333333335,3,744.4926452636719,559.0909552574158,16.881666666666668,0.9999431371688843,True,
785,32.68,3,744.3791961669922,560.3782868385315,16.923333333333332,0.9999431371688843,True,
786,32.72166666666667,3,744.385986328125,561.5046858787537,16.965000000000003,0.9999431371688843,True,
787,32.763333333333335,3,744.8500823974609,562.0821762084961,17.006666666666668,0.9999431371688843,True,
788,32.805,3,744.9741363525391,562.9074811935425,17.048333333333332,0.9999431371688843,True,
789,32.84666666666667,3,745.1018905639648,564.2159056663513,17.090000000000003,0.9999431371688843,True,
790,32.888333333333335,3,745.4774475097656,564.3545651435852,17.131666666666668,0.9999431371688843,True,
791,32.93,3,745.8552551269531,564.9176573753357,17.173333333333332,0.9999431371688843,True,
792,32.97166666666667,3,745.9252166748047,565.3471755981445,17.215000000000003,0.9999431371688843,True,
793,33.013333333333335,3,745.9111022949219,565.9961199760437,17.256666666666668,0.9999431371688843,True,
794,33.055,3,745.9742736816406,566.4659357070923,17.298333333333332,0.9999431371688843,True,
795,33.09666666666667,3,745.9610366821289,566.6200876235962,17.340000000000003,0.9999431371688843,True,
796,33.138333333333335,3,745.8551025390625,566.9949960708618,17.381666666666668,0.9999431371688843,True,
797,33.18,3,745.656623840332,568.0563139915466,17.423333333333332,0.9999431371688843,True,
798,33.22166666666667,3,745.1064300537109,568.3366799354553,17.465000000000003,0.9999431371688843,True,
799,33.263333333333335,3,744.7451782226562,568.7442255020142,17.506666666666668,0.9999431371688843,True,
800,33.305,3,744.072151184082,569.235692024231,17.548333333333332,0.9999431371688843,True,
801,33.34666666666667,3,743.6676788330078,569.2222380638123,17.590000000000003,0.9999431371688843,True,
802,33.388333333333335,3,743.5343933105469,569.1028475761414,17.631666666666668,0.9999431371688843,True,
803,33.43,3,743.2817840576172,569.0664339065552,17.673333333333332,0.9999431371688843,True,
804,33.47166666666667,3,742.7535247802734,569.079737663269,17.715000000000003,0.9999431371688843,True,
805,33.513333333333335,3,742.0111083984375,569.5142769813538,17.756666666666668,0.9999431371688843,True,
806,33.555,3,741.0404968261719,569.9488377571106,17.798333333333332,0.9999431371688843,True,
807,33.59666666666667,3,740.1911163330078,570.5141401290894,17.840000000000003,0.9999431371688843,True,
808,33.638333333333335,3,739.5672607421875,570.8705949783325,17.881666666666668,0.9999431371688843,True,
809,33.68,3,739.4218444824219,570.8759808540344,17.923333333333332,0.9999431371688843,True,
810,33.72166666666667,3,739.2826080322266,571.0793137550354,17.965000000000003,0.9999431371688843,True,
811,33.763333333333335,3,739.1863632202148,571.3685631752014,18.006666666666668,0.9999431371688843,True,
812,33.805,3,739.0646362304688,571.5786123275757,18.048333333333332,0.9999431371688843,True,
813,33.84666666666667,3,738.8447570800781,572.2077941894531,18.090000000000003,0.9999431371688843,True,
814,33.888333333333335,3,738.674430847168,572.6337933540344,18.131666666666668,0.9999431371688843,True,
815,33.93,3,738.4566879272461,572.6539850234985,18.173333333333332,0.9999431371688843,True,
816,33.97166666666667,3,738.3789825439453,572.6734900474548,18.215000000000003,0.9999431371688843,True,
817,34.015,3,738.1614685058594,572.7706933021545,18.258333333333333,0.9999431371688843,True,
818,34.05666666666667,3,737.4623489379883,573.0669593811035,18.300000000000004,0.9999431371688843,True,
819,34.098333333333336,3,737.0742416381836,573.1219983100891,18.34166666666667,0.9999431371688843,True,
820,34.14,3,736.8045806884766,573.2413029670715,18.383333333333333,0.9999431371688843,True,
821,34.18166666666667,3,736.5280532836914,573.4584760665894,18.425000000000004,0.9999431371688843,True,
822,34.223333333333336,3,736.0434722900391,574.3919062614441,18.46666666666667,0.9999431371688843,True,
823,34.265,3,735.6230545043945,574.7457647323608,18.508333333333333,0.9999431371688843,True,
824,34.30666666666667,3,735.3290176391602,574.9194645881653,18.550000000000004,0.9999431371688843,True,
825,34.348333333333336,3,735.2239227294922,575.0675868988037,18.59166666666667,0.9999431371688843,True,
826,34.39,3,734.8180389404297,575.4324316978455,18.633333333333333,0.9999431371688843,True,
827,34.43166666666667,3,734.7127532958984,575.4219174385071,18.675000000000004,0.9999431371688843,True,
828,34.473333333333336,3,734.4837951660156,575.5051732063293,18.71666666666667,0.9999431371688843,True,
829,34.515,3,734.3230819702148,575.609929561615,18.758333333333333,0.9999431371688843,True,
830,34.55666666666667,3,734.0542221069336,575.9352278709412,18.800000000000004,0.9999431371688843,True,
831,34.598333333333336,3,733.7224578857422,576.2849020957947,18.84166666666667,0.9999431371688843,True,
832,34.64,3,733.6478805541992,576.2949872016907,18.883333333333333,0.9999431371688843,True,
833,34.68166666666667,3,733.6624526977539,576.2780141830444,18.925000000000004,0.9999431371688843,True,
834,34.723333333333336,3,733.8918685913086,576.2432312965393,18.96666666666667,0.9999431371688843,True,
835,34.765,3,734.2934036254883,576.1996507644653,19.008333333333333,0.9999431371688843,True,
836,34.80666666666667,3,734.2267227172852,576.1196565628052,19.050000000000004,0.9999431371688843,True,
837,34.848333333333336,3,734.0650177001953,576.2128686904907,19.09166666666667,0.9999431371688843,True,
838,34.89,3,734.0689086914062,576.2753534317017,19.133333333333333,0.9999431371688843,True,
839,34.93166666666667,3,734.276237487793,576.1967968940735,19.175000000000004,0.9999431371688843,True,
840,34.973333333333336,3,734.7802352905273,575.7414865493774,19.21666666666667,0.9999431371688843,True,
841,35.015,3,735.0510787963867,575.5656623840332,19.258333333333333,0.9999431371688843,True,
842,35.05666666666667,3,735.4546737670898,574.9795889854431,19.300000000000004,0.9999431371688843,True,
843,35.098333333333336,3,735.5493545532227,574.8915696144104,19.34166666666667,0.9999431371688843,True,
844,35.14,3,735.5957412719727,574.7723078727722,19.383333333333333,0.9999431371688843,True,
845,35.18166666666667,3,735.6201171875,574.6416306495667,19.425000000000004,0.9999431371688843,True,
846,35.223333333333336,3,735.7854461669922,574.4875431060791,19.46666666666667,0.9999431371688843,True,
847,35.265,3,735.8771133422852,574.461772441864,19.508333333333333,0.9999431371688843,True,
848,35.30666666666667,3,735.9468841552734,574.442310333252,19.550000000000004,0.9999431371688843,True,
849,35.348333333333336,3,735.9584808349609,574.4221186637878,19.59166666666667,0.9999431371688843,True,
850,35.39,3,735.9414672851562,574.413492679596,19.633333333333333,0.9999431371688843,True,
851,35.43166666666667,3,735.9310531616211,574.4382762908936,19.675000000000004,0.9999431371688843,True,
852,35.473333333333336,3,735.9523773193359,574.679160118103,19.71666666666667,0.9999431371688843,True,
853,35.515,3,735.9664916992188,575.0371384620667,19.758333333333333,0.9999431371688843,True,
854,35.55666666666667,3,735.9839248657227,575.0270962715149,19.800000000000004,0.9999431371688843,True,
855,35.598333333333336,3,735.9453964233398,575.176420211792,19.84166666666667,0.9999431371688843,True,
856,35.64,3,735.8180618286133,575.2062249183655,19.883333333333333,0.9999431371688843,True,
857,35.68166666666667,3,735.6493377685547,575.3373956680298,19.925000000000004,0.9999431371688843,True,
858,35.723333333333336,3,735.5436706542969,575.9617710113525,19.96666666666667,0.9999431371688843,True,
859,35.765,3,735.2511978149414,576.5363216400146,20.008333333333333,0.9999431371688843,True,
860,35.80666666666667,3,734.939079284668,577.1239829063416,20.050000000000004,0.9999431371688843,True,
861,35.848333333333336,3,734.7855758666992,577.1315360069275,20.09166666666667,0.9999431371688843,True,
862,35.89,3,734.5687484741211,577.3236465454102,20.133333333333333,0.9999431371688843,True,
863,35.93166666666667,3,734.286994934082,577.9173374176025,20.175000000000004,0.9999431371688843,True,
864,35.973333333333336,3,734.250602722168,577.9708099365234,20.21666666666667,0.9999431371688843,True,
865,36.015,3,734.2473983764648,577.9163074493408,20.258333333333333,0.9999431371688843,True,
866,36.05666666666667,3,734.2301559448242,577.9007291793823,20.300000000000004,0.9999431371688843,True,
867,36.098333333333336,3,734.1892623901367,577.9288816452026,20.34166666666667,0.9999431371688843,True,
868,36.14,3,734.0999603271484,578.0744290351868,20.383333333333333,0.9999431371688843,True,
869,36.18166666666667,3,734.0269088745117,578.5441374778748,20.425000000000004,0.9999431371688843,True,
870,36.223333333333336,3,733.8233947753906,578.9897274971008,20.46666666666667,0.9999431371688843,True,
871,36.265,3,733.5159683227539,579.7750353813171,20.508333333333333,0.9999431371688843,True,
872,36.30666666666667,3,733.4636688232422,580.1037669181824,20.550000000000004,0.9999431371688843,True,
873,36.348333333333336,3,733.5121154785156,580.3334498405457,20.59166666666667,0.9999431371688843,True,
874,36.39,3,733.7162399291992,580.4364895820618,20.633333333333333,0.9999431371688843,True,
875,36.43166666666667,3,733.8271713256836,580.4603290557861,20.675000000000004,0.9999431371688843,True,
876,36.473333333333336,3,733.9774322509766,580.5918002128601,20.71666666666667,0.9999431371688843,True,
877,36.515,3,733.9891815185547,580.5696129798889,20.758333333333333,0.9999431371688843,True,
878,36.55666666666667,3,733.9464950561523,580.6532335281372,20.800000000000004,0.9999431371688843,True,
879,36.598333333333336,3,733.9060592651367,580.8668875694275,20.84166666666667,0.9999431371688843,True,
880,36.64,3,733.8844299316406,580.8668875694275,20.883333333333333,0.9999431371688843,True,
881,36.68166666666667,3,733.7506866455078,580.6703567504883,20.925000000000004,0.9999431371688843,True,
882,36.723333333333336,3,733.1950759887695,580.9216690063477,20.96666666666667,0.9999431371688843,True,
883,36.765,3,732.6670837402344,581.6135501861572,21.008333333333333,0.9999431371688843,True,
884,36.80666666666667,3,732.4009323120117,582.3781514167786,21.050000000000004,0.9999431371688843,True,
885,36.848333333333336,3,732.2623062133789,582.5474309921265,21.09166666666667,0.9999431371688843,True,
886,36.89,3,731.9422912597656,582.8967618942261,21.133333333333333,0.9999431371688843,True,
887,36.93166666666667,3,731.2781143188477,583.3154439926147,21.175000000000004,0.9999431371688843,True,
888,36.973333333333336,3,730.8749771118164,583.8262224197388,21.21666666666667,0.9999431371688843,True,
889,37.015,3,730.6051254272461,584.4028329849243,21.258333333333333,0.9999431371688843,True,
890,37.05666666666667,3,730.4145812988281,584.6872973442078,21.300000000000004,0.9999431371688843,True,
891,37.098333333333336,3,730.3815460205078,584.8955655097961,21.34166666666667,0.9999431371688843,True,
892,37.14,3,730.3863525390625,584.8363208770752,21.383333333333333,0.9999431371688843,True,
893,37.18166666666667,3,730.3123474121094,584.8967242240906,21.425000000000004,0.9999431371688843,True,
894,37.223333333333336,3,730.2426910400391,585.2508187294006,21.46666666666667,0.9999431371688843,True,
895,37.265,3,730.0494384765625,585.7133173942566,21.508333333333333,0.9999431371688843,True,
896,37.30666666666667,3,730.0143051147461,586.0350751876831,21.550000000000004,0.9999431371688843,True,
897,37.348333333333336,3,729.9959564208984,586.1532425880432,21.59166666666667,0.9999431371688843,True,
898,37.39,3,729.9983596801758,586.1862230300903,21.633333333333333,0.9999431371688843,True,
899,37.43166666666667,3,729.9898147583008,586.3744711875916,21.675000000000004,0.9999431371688843,True,
900,37.473333333333336,3,729.7586059570312,586.2830829620361,21.71666666666667,0.9999431371688843,True,
901,37.515,3,729.53125,586.2658953666687,21.758333333333333,0.9999431371688843,True,
902,37.55666666666667,3,729.3996810913086,586.2833189964294,21.800000000000004,0.9999431371688843,True,
903,37.598333333333336,3,729.3854141235352,586.3055491447449,21.84166666666667,0.9999431371688843,True,
904,37.64,3,729.3742370605469,586.4014863967896,21.883333333333333,0.9999431371688843,True,
905,37.68166666666667,3,729.3772125244141,586.6815519332886,21.925000000000004,0.9999431371688843,True,
906,37.723333333333336,3,729.3074798583984,587.2308039665222,21.96666666666667,0.9999431371688843,True,
907,37.765,3,729.06494140625,587.5309109687805,22.008333333333333,0.9999431371688843,True,
908,37.80666666666667,3,728.7957382202148,587.5388717651367,22.050000000000004,0.9999431371688843,True,
909,37.848333333333336,3,728.5237884521484,587.7451014518738,22.09166666666667,0.9999431371688843,True,
910,37.89,3,728.2772827148438,587.8379487991333,22.133333333333333,0.9999431371688843,True,
911,37.93166666666667,3,727.9646301269531,587.9574251174927,22.175000000000004,0.9999431371688843,True,
912,37.973333333333336,3,727.8301239013672,588.0382990837097,22.21666666666667,0.9999431371688843,True,
913,38.016666666666666,3,727.8062057495117,588.0885314941406,22.259999999999998,0.9999431371688843,True,
914,38.05833333333334,3,727.7944564819336,588.0921792984009,22.30166666666667,0.9999431371688843,True,
915,38.1,3,727.7505111694336,588.17054271698,22.343333333333334,0.9999431371688843,True,
916,38.141666666666666,3,727.7527618408203,588.5968637466431,22.384999999999998,0.9999431371688843,True,
917,38.18333333333334,3,727.7521514892578,589.1434979438782,22.42666666666667,0.9999431371688843,True,
918,38.225,3,727.6217269897461,589.3400931358337,22.468333333333334,0.9999431371688843,True,
919,38.266666666666666,3,727.3221969604492,589.6750473976135,22.509999999999998,0.9999431371688843,True,
920,38.30833333333334,3,726.8650054931641,590.0619506835938,22.55166666666667,0.9999431371688843,True,
921,38.35,3,726.6649627685547,590.1606345176697,22.593333333333334,0.9999431371688843,True,
922,38.391666666666666,3,726.2399673461914,590.6879568099976,22.634999999999998,0.9999431371688843,True,
923,38.43333333333334,3,726.1242294311523,591.2653398513794,22.67666666666667,0.9999431371688843,True,
924,38.475,3,726.0598754882812,591.639518737793,22.718333333333334,0.9999431371688843,True,
925,38.516666666666666,3,726.0582733154297,591.6662549972534,22.759999999999998,0.9999431371688843,True,
926,38.55833333333334,3,726.0794830322266,591.6335964202881,22.80166666666667,0.9999431371688843,True,
927,38.6,3,726.0757827758789,591.7324304580688,22.843333333333334,0.9999431371688843,True,
928,38.641666666666666,3,725.9380340576172,591.9479727745056,22.884999999999998,0.9999431371688843,True,
929,38.68333333333334,3,725.8611297607422,592.8958225250244,22.92666666666667,0.9999431371688843,True,
930,38.725,3,725.7346725463867,593.7206125259399,22.968333333333334,0.9999431371688843,True,
931,38.766666666666666,3,725.5084228515625,594.0400958061218,23.009999999999998,0.9999431371688843,True,
932,38.80833333333334,3,725.1898193359375,594.1467618942261,23.05166666666667,0.9999431371688843,True,
933,38.85,3,724.7269439697266,594.4074296951294,23.093333333333334,0.9999431371688843,True,
934,38.891666666666666,3,724.339714050293,595.0252389907837,23.134999999999998,0.9999431371688843,True,
935,38.93333333333334,3,723.7297439575195,595.4088592529297,23.17666666666667,0.9999431371688843,True,
936,38.975,3,723.389778137207,595.5674743652344,23.218333333333334,0.9999431371688843,True,
937,39.016666666666666,3,722.6938247680664,595.8233785629272,23.259999999999998,0.9999431371688843,True,
938,39.05833333333334,3,722.2035980224609,596.5501284599304,23.30166666666667,0.9999431371688843,True,
939,39.1,3,721.7877197265625,597.0642328262329,23.343333333333334,0.9999431371688843,True,
940,39.141666666666666,3,721.5482711791992,597.6452207565308,23.384999999999998,0.9999431371688843,True,
941,39.18333333333334,3,721.4715194702148,598.2188701629639,23.42666666666667,0.9999431371688843,True,
942,39.225,3,721.3567733764648,598.3843302726746,23.468333333333334,0.9999431371688843,True,
943,39.266666666666666,3,721.3158798217773,598.7968111038208,23.509999999999998,0.9999431371688843,True,
944,39.30833333333334,3,720.7349395751953,600.1305341720581,23.55166666666667,0.9999431371688843,True,
945,39.35,3,720.3222274780273,600.6465697288513,23.593333333333334,0.9999431371688843,True,
946,39.391666666666666,3,720.1772308349609,600.5252051353455,23.634999999999998,0.9999431371688843,True,
947,39.43333333333334,3,720.0411224365234,600.5423069000244,23.67666666666667,0.9999431371688843,True,
948,39.475,3,720.0492095947266,600.5158710479736,23.718333333333334,0.9999431371688843,True,
949,39.516666666666666,3,720.0486755371094,600.7357478141785,23.759999999999998,0.9999431371688843,True,
950,39.55833333333334,3,720.0925445556641,600.7052135467529,23.80166666666667,0.9999431371688843,True,
951,39.6,3,720.1538467407227,600.4838562011719,23.843333333333334,0.9999431371688843,True,
952,39.641666666666666,3,720.1820373535156,600.5225658416748,23.884999999999998,0.9999431371688843,True,
953,39.68333333333334,3,720.4748916625977,600.4399967193604,23.92666666666667,0.9999431371688843,True,
954,39.725,3,720.8078384399414,600.3056287765503,23.968333333333334,0.9999431371688843,True,
955,39.766666666666666,3,721.0908889770508,600.2787852287292,24.009999999999998,0.9999431371688843,True,
956,39.80833333333334,3,721.4559173583984,600.339081287384,24.05166666666667,0.9999431371688843,True,
957,39.85,3,721.4712142944336,600.5295395851135,24.093333333333334,0.9999431371688843,True,
958,39.891666666666666,3,721.538200378418,600.7435154914856,24.134999999999998,0.9999431371688843,True,
959,39.93333333333334,3,721.563720703125,600.7018876075745,24.17666666666667,0.9999431371688843,True,
960,39.975,3,721.5102005004883,600.8576059341431,24.218333333333334,0.9999431371688843,True,
961,40.016666666666666,3,721.5099716186523,601.0451674461365,24.259999999999998,0.9999431371688843,True,
962,40.05833333333334,3,721.4339828491211,600.8644723892212,24.30166666666667,0.9999431371688843,True,
963,40.1,3,721.4584350585938,600.7184743881226,24.343333333333334,0.9999431371688843,True,
964,40.141666666666666,3,721.4870834350586,600.6034398078918,24.384999999999998,0.9999431371688843,True,
965,40.18333333333334,3,721.4912033081055,600.6012511253357,24.42666666666667,0.9999431371688843,True,
966,40.225,3,721.4916229248047,600.5215787887573,24.468333333333334,0.9999431371688843,True,
967,40.266666666666666,3,721.5741348266602,600.5082964897156,24.509999999999998,0.9999431371688843,True,
968,40.30833333333334,3,721.8921279907227,600.4403829574585,24.55166666666667,0.9999431371688843,True,
969,40.35,3,722.1821975708008,600.3705811500549,24.593333333333334,0.9999431371688843,True,
970,40.391666666666666,3,722.4756622314453,600.299985408783,24.634999999999998,0.9999431371688843,True,
971,40.43333333333334,3,722.6071166992188,600.0595092773438,24.67666666666667,0.9999431371688843,True,
972,40.475,3,722.6689910888672,599.917631149292,24.718333333333334,0.9999431371688843,True,
973,40.516666666666666,3,722.6613998413086,599.9204421043396,24.759999999999998,0.9999431371688843,True,
974,40.55833333333334,3,722.613410949707,599.9121165275574,24.80166666666667,0.9999431371688843,True,
975,40.6,3,722.5491714477539,599.8803162574768,24.843333333333334,0.9999431371688843,True,
976,40.64166666666667,3,722.2927856445312,599.763822555542,24.885000000000005,0.9999431371688843,True,
977,40.68333333333334,3,722.231559753418,599.6802449226379,24.92666666666667,0.9999431371688843,True,
978,40.725,3,722.2349548339844,599.6739149093628,24.968333333333334,0.9999431371688843,True,
979,40.76666666666667,3,722.2865295410156,599.4289112091064,25.010000000000005,0.9999431371688843,True,
980,40.80833333333334,3,722.3625564575195,599.5295691490173,25.05166666666667,0.9999431371688843,True,
981,40.85,3,722.4132919311523,600.033073425293,25.093333333333334,0.9999431371688843,True,
982,40.89166666666667,3,722.4325942993164,600.6944632530212,25.135000000000005,0.9999431371688843,True,
983,40.93333333333334,3,722.5283432006836,600.8658242225647,25.17666666666667,0.9999431371688843,True,
984,40.975,3,722.5568008422852,601.4014720916748,25.218333333333334,0.9999431371688843,True,
985,41.01666666666667,3,722.6859664916992,602.3008275032043,25.260000000000005,0.9999431371688843,True,
986,41.05833333333334,3,722.8039169311523,602.6389789581299,25.30166666666667,0.9999431371688843,True,
987,41.1,3,722.9427719116211,603.0530047416687,25.343333333333334,0.9999431371688843,True,
988,41.14166666666667,3,723.0583190917969,603.540415763855,25.385000000000005,0.9999431371688843,True,
989,41.18333333333334,3,723.1096649169922,603.853611946106,25.42666666666667,0.9999431371688843,True,
990,41.225,3,722.9970550537109,604.3056178092957,25.468333333333334,0.9999431371688843,True,
991,41.26666666666667,3,722.9290771484375,604.6425032615662,25.510000000000005,0.9999431371688843,True,
992,41.30833333333334,3,722.8429794311523,605.3004384040833,25.55166666666667,0.9999431371688843,True,
993,41.35,3,722.7210998535156,606.1788296699524,25.593333333333334,0.9999431371688843,True,
994,41.39166666666667,3,722.6322555541992,606.7096710205078,25.635000000000005,0.9999431371688843,True,
995,41.43333333333334,3,722.59521484375,606.8070673942566,25.67666666666667,0.9999431371688843,True,
996,41.475,3,722.5788116455078,607.0500540733337,25.718333333333334,0.9999431371688843,True,
997,41.51666666666667,3,722.6045608520508,607.3122239112854,25.760000000000005,0.9999431371688843,True,
998,41.55833333333334,3,722.6662063598633,607.4244046211243,25.80166666666667,0.9999431371688843,True,
999,41.6,3,722.7401351928711,607.5927186012268,25.843333333333334,0.9999431371688843,True,
1000,41.64166666666667,3,722.8031539916992,607.7728772163391,25.885000000000005,0.9999431371688843,True,
1001,41.68333333333334,3,722.7735137939453,608.2305693626404,25.92666666666667,0.9999431371688843,True,
1002,41.725,3,722.7529907226562,608.5596227645874,25.968333333333334,0.9999431371688843,True,
1003,41.76666666666667,3,722.6938629150391,608.7192893028259,26.010000000000005,0.9999431371688843,True,
1004,41.80833333333334,3,722.6419448852539,608.9326000213623,26.05166666666667,0.9999431371688843,True,
1005,41.85,3,722.6657485961914,608.9548945426941,26.093333333333334,0.9999431371688843,True,
1006,41.89166666666667,3,722.7002334594727,608.9651083946228,26.135000000000005,0.9999431371688843,True,
1007,41.93333333333334,3,722.6769256591797,608.9667177200317,26.17666666666667,0.9999431371688843,True,
1008,41.97666666666667,3,722.6219177246094,609.0786409378052,26.22,0.9999431371688843,True,
1009,42.01833333333334,3,722.6107788085938,609.2216348648071,26.26166666666667,0.9999431371688843,True,
1010,42.06,3,722.6156997680664,609.3216276168823,26.303333333333335,0.9999431371688843,True,
1011,42.10166666666667,3,722.6180648803711,609.4309115409851,26.345,0.9999431371688843,True,
1012,42.14333333333334,3,722.6174926757812,609.5862650871277,26.38666666666667,0.9999431371688843,True,
1013,42.185,3,722.6226806640625,609.8820376396179,26.428333333333335,0.9999431371688843,True,
1014,42.22666666666667,3,722.6347351074219,610.0582480430603,26.47,0.9999431371688843,True,
1015,42.26833333333334,3,722.6929092407227,610.1153254508972,26.51166666666667,0.9999431371688843,True,
1016,42.31,3,722.569465637207,610.0512957572937,26.553333333333335,0.9999431371688843,True,
1017,42.35166666666667,3,722.4608612060547,610.0647926330566,26.595,0.9999431371688843,True,
1018,42.39333333333334,3,722.4382781982422,610.0640845298767,26.63666666666667,0.9999431371688843,True,
1019,42.435,3,722.4702835083008,610.1672530174255,26.678333333333335,0.9999431371688843,True,
1020,42.47666666666667,3,722.5298690795898,610.3517460823059,26.72,0.9999431371688843,True,
1021,42.51833333333334,3,722.5611114501953,610.5592632293701,26.76166666666667,0.9999431371688843,True,
1022,42.56,3,722.7069091796875,610.7082653045654,26.803333333333335,0.9999431371688843,True,
1023,42.60166666666667,3,722.7812194824219,611.008050441742,26.845,0.9999431371688843,True,
1024,42.64333333333334,3,722.9418563842773,611.588180065155,26.88666666666667,0.9999431371688843,True,
1025,42.685,3,723.1314086914062,612.422046661377,26.928333333333335,0.9999431371688843,True,
1026,42.72666666666667,3,723.1881713867188,613.0919981002808,26.97,0.9999431371688843,True,
1027,42.76833333333334,3,723.2547378540039,613.4266948699951,27.01166666666667,0.9999431371688843,True,
1028,42.81,3,723.2937622070312,613.9295983314514,27.053333333333335,0.9999431371688843,True,
1029,42.85166666666667,3,723.2865524291992,614.4708681106567,27.095,0.9999431371688843,True,
1030,42.89333333333334,3,723.2881927490234,614.92351770401,27.13666666666667,0.9999431371688843,True,
1031,42.935,3,723.2540512084961,615.6548166275024,27.178333333333335,0.9999431371688843,True,
1032,42.97666666666667,3,723.1731414794922,616.2487864494324,27.22,0.9999431371688843,True,
1033,43.01833333333334,3,723.0857086181641,617.0356178283691,27.26166666666667,0.9999431371688843,True,
1034,43.06,3,723.0168914794922,618.1593346595764,27.303333333333335,0.9999431371688843,True,
1035,43.10166666666667,3,722.9549407958984,619.0297222137451,27.345,0.9999431371688843,True,
1036,43.14333333333334,3,722.8545761108398,619.7137069702148,27.38666666666667,0.9999431371688843,True,
1037,43.185,3,722.7758407592773,620.6267094612122,27.428333333333335,0.9999431371688843,True,
1038,43.22666666666667,3,722.8427505493164,621.6289973258972,27.47,0.9999431371688843,True,
1039,43.26833333333334,3,722.8425979614258,621.9183540344238,27.51166666666667,0.9999431371688843,True,
1040,43.31,3,722.8546524047852,622.4114298820496,27.553333333333335,0.9999431371688843,True,
1041,43.35166666666667,3,722.6299285888672,622.3539018630981,27.595,0.9999431371688843,True,
1042,43.39333333333334,3,722.5712203979492,622.3910665512085,27.63666666666667,0.9999431371688843,True,
1043,43.435,3,722.5951385498047,622.5913524627686,27.678333333333335,0.9999431371688843,True,
1044,43.47666666666667,3,722.5785827636719,622.5521063804626,27.72,0.9999431371688843,True,
1045,43.51833333333334,3,722.4504470825195,622.7741503715515,27.76166666666667,0.9999431371688843,True,
1046,43.56,3,722.5075149536133,622.7943205833435,27.803333333333335,0.9999431371688843,True,
1047,43.60166666666667,3,722.5088882446289,622.8580927848816,27.845,0.9999431371688843,True,
1048,43.64333333333334,3,722.5122833251953,622.8670620918274,27.88666666666667,0.9999431371688843,True,
1049,43.685,3,722.4943542480469,622.7707171440125,27.928333333333335,0.9999431371688843,True,
1050,43.72666666666667,3,722.4677276611328,622.414026260376,27.97,0.9999431371688843,True,
1051,43.76833333333334,3,722.4374771118164,622.0261359214783,28.01166666666667,0.9999431371688843,True,
1052,43.81,3,722.4231338500977,622.0119524002075,28.053333333333335,0.9999431371688843,True,
1053,43.85166666666667,3,722.4549865722656,622.0248699188232,28.095,0.9999431371688843,True,
1054,43.89333333333334,3,722.4480056762695,622.1092200279236,28.13666666666667,0.9999431371688843,True,
1055,43.935,3,722.3611068725586,622.1129107475281,28.178333333333335,0.9999431371688843,True,
1056,43.97666666666667,3,722.3099517822266,622.0087337493896,28.22,0.9999431371688843,True,
1057,44.01833333333334,3,722.3113250732422,621.5005731582642,28.26166666666667,0.9999431371688843,True,
1058,44.06,3,722.3297119140625,621.3997435569763,28.303333333333335,0.9999431371688843,True,
1059,44.10166666666667,3,722.6334762573242,621.359875202179,28.345,0.9999431371688843,True,
1060,44.14333333333334,3,722.7766799926758,621.4418649673462,28.38666666666667,0.9999431371688843,True,
1061,44.185,3,722.8337478637695,621.500895023346,28.428333333333335,0.9999431371688843,True,
1062,44.22666666666667,3,722.7040863037109,621.4442896842957,28.47,0.9999431371688843,True,
1063,44.26833333333334,3,722.4909973144531,621.4590740203857,28.51166666666667,0.9999431371688843,True,
1064,44.31,3,722.4563217163086,621.61940574646,28.553333333333335,0.9999431371688843,True,
1065,44.35166666666667,3,722.3962783813477,621.8913173675537,28.595,0.9999431371688843,True,
1066,44.39333333333334,3,722.3910140991211,622.2932410240173,28.63666666666667,0.9999431371688843,True,
1067,44.435,3,722.3816680908203,622.3842215538025,28.678333333333335,0.9999431371688843,True,
1068,44.47666666666667,3,722.359619140625,622.3593735694885,28.72,0.9999431371688843,True,
1069,44.51833333333334,3,722.3677062988281,622.2795510292053,28.76166666666667,0.9999431371688843,True,
1070,44.56,3,722.3677825927734,622.2330522537231,28.803333333333335,0.9999431371688843,True,
1071,44.60166666666667,3,722.4811553955078,622.1590232849121,28.845,0.9999431371688843,True,
1072,44.64333333333334,3,722.7897262573242,621.9244480133057,28.88666666666667,0.9999431371688843,True,
1073,44.685,3,722.8560256958008,621.4034128189087,28.928333333333335,0.9999431371688843,True,
1074,44.72666666666667,3,722.9450988769531,619.959225654602,28.97,0.9999431371688843,True,
1075,44.76833333333334,3,723.0941390991211,618.8797545433044,29.01166666666667,0.9999431371688843,True,
1076,44.81,3,723.0477523803711,617.7389144897461,29.053333333333335,0.9999431371688843,True,
1077,44.85166666666667,3,723.2568359375,617.1183156967163,29.095,0.9999431371688843,True,
1078,44.89333333333334,3,723.6602020263672,615.580894947052,29.13666666666667,0.9999431371688843,True,
1079,44.935,3,724.1389465332031,614.0596103668213,29.178333333333335,0.9999431371688843,True,
1080,44.97666666666667,3,724.298210144043,612.1188497543335,29.22,0.9999431371688843,True,
1081,45.01833333333334,3,724.7216796875,611.3659644126892,29.26166666666667,0.9999431371688843,True,
1082,45.06,3,725.052490234375,610.67378282547,29.303333333333335,0.9999431371688843,True,
1083,45.10166666666667,3,725.389289855957,608.5879254341125,29.345,0.9999431371688843,True,
1084,45.14333333333334,3,725.6795883178711,606.7020320892334,29.38666666666667,0.9999431371688843,True,
1085,45.185,3,726.2331390380859,604.4111680984497,29.428333333333335,0.9999431371688843,True,
1086,45.22666666666667,3,726.2246704101562,601.9450163841248,29.47,0.9999431371688843,True,
1087,45.26833333333334,3,726.160888671875,601.1748361587524,29.51166666666667,0.9999431371688843,True,
1088,45.31,3,726.0479354858398,599.8084545135498,29.553333333333335,0.9999431371688843,True,
1089,45.35166666666667,3,726.0102081298828,598.0469512939453,29.595,0.9999431371688843,True,
1090,45.39333333333334,3,726.0848617553711,598.0392050743103,29.63666666666667,0.9999431371688843,True,
1091,45.435,3,726.2458419799805,596.2340569496155,29.678333333333335,0.9999431371688843,True,
1092,45.47666666666667,3,726.3606643676758,594.463541507721,29.72,0.9999431371688843,True,
1093,45.51833333333334,3,726.6706085205078,593.7983536720276,29.76166666666667,0.9999431371688843,True,
1094,45.56,3,727.0029830932617,593.1194758415222,29.803333333333335,0.9999431371688843,True,
1095,45.60166666666667,3,727.0407485961914,592.5296688079834,29.845,0.9999431371688843,True,
1096,45.64333333333334,3,727.1780014038086,592.2727990150452,29.88666666666667,0.9999431371688843,True,
1097,45.685,3,727.3578643798828,591.3950300216675,29.928333333333335,0.9999431371688843,True,
1098,45.72666666666667,3,727.5603866577148,590.2632236480713,29.97,0.9999431371688843,True,
1099,45.76833333333334,3,727.6694488525391,589.7868847846985,30.01166666666667,0.9999431371688843,True,
1100,45.81,3,727.6722717285156,589.682149887085,30.053333333333335,0.9999431371688843,True,
1101,45.85166666666667,3,727.6058197021484,589.5042014122009,30.095,0.9999431371688843,True,
1102,45.89333333333334,3,727.0163345336914,588.5550427436829,30.13666666666667,0.9999431371688843,True,
1103,45.935,3,726.9039916992188,588.6408090591431,30.178333333333335,0.9999431371688843,True,
1104,45.97833333333334,3,727.0204544067383,588.4879016876221,30.22166666666667,0.9999431371688843,True,
1105,46.02,3,727.0579147338867,588.1082510948181,30.263333333333335,0.9999431371688843,True,
1106,46.06166666666667,3,727.2297668457031,588.0404019355774,30.305,0.9999431371688843,True,
1107,46.10333333333334,3,727.2266387939453,588.1262755393982,30.34666666666667,0.9999431371688843,True,
1108,46.145,3,727.3519515991211,588.1866145133972,30.388333333333335,0.9999431371688843,True,
1109,46.18666666666667,3,727.4515914916992,588.1031441688538,30.43,0.9999431371688843,True,
1110,46.22833333333334,3,727.3146820068359,587.8619170188904,30.47166666666667,0.9999431371688843,True,
1111,46.27,3,727.2201156616211,587.233464717865,30.513333333333335,0.9999431371688843,True,
1112,46.31166666666667,3,726.9512176513672,586.4684128761292,30.555,0.9999431371688843,True,
1113,46.35333333333334,3,726.8040084838867,585.066282749176,30.59666666666667,0.9999431371688843,True,
1114,46.395,3,726.6140747070312,584.0377306938171,30.638333333333335,0.9999431371688843,True,
1115,46.43666666666667,3,726.3383102416992,583.4039568901062,30.68,0.9999431371688843,True,
1116,46.47833333333334,3,726.3443756103516,582.3687958717346,30.72166666666667,0.9999431371688843,True,
1117,46.52,3,726.3980102539062,581.7389488220215,30.763333333333335,0.9999431371688843,True,
1118,46.56166666666667,3,726.4349746704102,580.9292006492615,30.805,0.9999431371688843,True,
1119,46.60333333333334,3,726.273307800293,579.681544303894,30.84666666666667,0.9999431371688843,True,
1120,46.645,3,726.1528396606445,578.4978318214417,30.888333333333335,0.9999431371688843,True,
1121,46.68666666666667,3,725.7006072998047,577.0461344718933,30.93,0.9999431371688843,True,
1122,46.72833333333334,3,725.4489517211914,575.9516859054565,30.97166666666667,0.9999431371688843,True,
1123,46.77,3,725.1534271240234,574.9786233901978,31.013333333333335,0.9999431371688843,True,
1124,46.81166666666667,3,724.8788070678711,574.2046666145325,31.055,0.9999431371688843,True,
1125,46.85333333333334,3,724.8742294311523,573.5633182525635,31.09666666666667,0.9999431371688843,True,
1126,46.895,3,724.831657409668,572.6061344146729,31.138333333333335,0.9999431371688843,True,
1127,46.93666666666667,3,724.9400329589844,571.9831967353821,31.18,0.9999431371688843,True,
1128,46.97833333333334,3,725.0696182250977,571.6127943992615,31.22166666666667,0.9999431371688843,True,
1129,47.02,3,725.1166534423828,571.3850855827332,31.263333333333335,0.9999431371688843,True,
1130,47.06166666666667,3,725.1670455932617,570.7454538345337,31.305,0.9999431371688843,True,
1131,47.10333333333334,3,725.2044296264648,570.7539296150208,31.34666666666667,0.9999431371688843,True,
1132,47.145,3,724.9497604370117,570.9433150291443,31.388333333333335,0.9999431371688843,True,
1133,47.18666666666667,3,724.6123886108398,571.0203695297241,31.43,0.9999431371688843,True,
1134,47.22833333333334,3,724.388427734375,571.0532855987549,31.47166666666667,0.9999431371688843,True,
1135,47.27,3,724.1370391845703,570.9850072860718,31.513333333333335,0.9999431371688843,True,
1136,47.31166666666667,3,724.097900390625,570.990993976593,31.555,0.9999431371688843,True,
1137,47.35333333333334,3,724.040641784668,570.9827971458435,31.59666666666667,0.9999431371688843,True,
1138,47.395,3,724.0110015869141,571.0458183288574,31.638333333333335,0.9999431371688843,True,
1139,47.43666666666667,3,724.0333938598633,571.0581564903259,31.68,0.9999431371688843,True,
1140,47.47833333333334,3,724.0301132202148,571.3217425346375,31.72166666666667,0.9999431371688843,True,
1141,47.52,3,724.0578079223633,571.6544008255005,31.763333333333335,0.9999431371688843,True,
1142,47.56166666666667,3,724.1241455078125,571.8358039855957,31.805,0.9999431371688843,True,
1143,47.60333333333334,3,724.1680908203125,571.7998838424683,31.84666666666667,0.9999431371688843,True,
1144,47.645,3,724.2021942138672,571.7796921730042,31.888333333333335,0.9999431371688843,True,
1145,47.68666666666667,3,724.1987991333008,571.6011428833008,31.93,0.9999431371688843,True,
1146,47.72833333333334,3,724.1981887817383,571.3262057304382,31.97166666666667,0.9999431371688843,True,
1147,47.77,3,724.3120574951172,570.7857942581177,32.013333333333335,0.9999431371688843,True,
1148,47.81166666666667,3,724.3475723266602,569.7489380836487,32.055,0.9999431371688843,True,
1149,47.85333333333334,3,724.4911956787109,568.8147139549255,32.09666666666667,0.9999431371688843,True,
1150,47.895,3,724.7542572021484,568.1044864654541,32.138333333333335,0.9999431371688843,True,
1151,47.93666666666667,3,724.9353408813477,566.9480895996094,32.18,0.9999431371688843,True,
1152,47.97833333333334,3,725.5888748168945,566.2086582183838,32.22166666666667,0.9999431371688843,True,
1153,48.02,3,726.5388488769531,564.4687628746033,32.263333333333335,0.9999431371688843,True,
1154,48.06166666666667,3,727.5028991699219,563.7600803375244,32.305,0.9999431371688843,True,
1155,48.10333333333334,3,728.8568878173828,562.4884986877441,32.34666666666667,0.9999431371688843,True,
1156,48.145,3,729.5058059692383,561.536078453064,32.388333333333335,0.9999431371688843,True,
1157,48.18666666666667,3,730.1502990722656,560.9549188613892,32.43,0.9999431371688843,True,
1158,48.22833333333334,3,731.1382293701172,559.9849247932434,32.47166666666667,0.9999431371688843,True,
1159,48.27,3,733.2476806640625,559.5970988273621,32.513333333333335,0.9999431371688843,True,
1160,48.31166666666667,3,734.94384765625,558.9724659919739,32.555,0.9999431371688843,True,
1161,48.35333333333334,3,735.8318710327148,556.6661739349365,32.59666666666667,0.9999431371688843,True,
1162,48.395,3,736.3811492919922,554.8199343681335,32.638333333333335,0.9999431371688843,True,
1163,48.43666666666667,3,736.6221618652344,554.1520857810974,32.68,0.9999431371688843,True,
1164,48.47833333333334,3,737.094612121582,553.7285757064819,32.72166666666667,0.9999431371688843,True,
1165,48.52,3,737.7484130859375,552.8741312026978,32.763333333333335,0.9999431371688843,True,
1166,48.56166666666667,3,738.6028289794922,552.478301525116,32.805,0.9999431371688843,True,
1167,48.60333333333334,3,739.3081283569336,551.3618159294128,32.84666666666667,0.9999431371688843,True,
1168,48.645,3,739.6121597290039,551.3078713417053,32.888333333333335,0.9999431371688843,True,
1169,48.68666666666667,3,740.0885009765625,550.9556221961975,32.93,0.9999431371688843,True,
1170,48.72833333333334,3,740.3778839111328,551.07421875,32.97166666666667,0.9999431371688843,True,
1171,48.77,3,741.1151885986328,550.8190655708313,33.013333333333335,0.9999431371688843,True,
1172,48.81166666666667,3,741.4547729492188,550.3150463104248,33.055,0.9999431371688843,True,
1173,48.85333333333334,3,741.7075729370117,550.1645421981812,33.09666666666667,0.9999431371688843,True,
1174,48.895,3,742.4313735961914,549.7822523117065,33.138333333333335,0.9999431371688843,True,
1175,48.93666666666667,3,742.6224517822266,549.663462638855,33.18,0.9999431371688843,True,
1176,48.97833333333334,3,742.4917984008789,549.422664642334,33.22166666666667,0.9999431371688843,True,
1177,49.02,3,742.5999069213867,549.2356395721436,33.263333333333335,0.9999431371688843,True,
1178,49.06166666666667,3,742.6236343383789,549.3192172050476,33.305,0.9999431371688843,True,
1179,49.10333333333334,3,742.5688171386719,549.3843626976013,33.34666666666667,0.9999431371688843,True,
1180,49.145,3,742.5610733032227,549.7185444831848,33.388333333333335,0.9999431371688843,True,
1181,49.18666666666667,3,742.5535202026367,550.2433133125305,33.43,0.9999431371688843,True,
1182,49.22833333333334,3,742.478141784668,550.413408279419,33.47166666666667,0.9999431371688843,True,
1183,49.27,3,742.3128128051758,550.3941822052002,33.513333333333335,0.9999431371688843,True,
1184,49.31166666666667,3,741.5137481689453,550.4265189170837,33.555,0.9999431371688843,True,
1185,49.35333333333334,3,740.8956146240234,550.4335355758667,33.59666666666667,0.9999431371688843,True,
1186,49.395,3,740.2578735351562,549.7249603271484,33.638333333333335,0.9999431371688843,True,
1187,49.43666666666667,3,739.6109771728516,549.4816303253174,33.68,0.9999431371688843,True,
1188,49.47833333333334,3,739.5083618164062,549.3575191497803,33.72166666666667,0.9999431371688843,True,
1189,49.52,3,739.5365142822266,549.2080235481262,33.763333333333335,0.9999431371688843,True,
1190,49.56166666666667,3,739.5804977416992,549.0041971206665,33.805,0.9999431371688843,True,
1191,49.60333333333334,3,739.6070098876953,548.6876535415649,33.84666666666667,0.9999431371688843,True,
1192,49.645,3,739.6237182617188,548.13960313797,33.888333333333335,0.9999431371688843,True,
1193,49.68666666666667,3,740.0283813476562,547.5091552734375,33.93,0.9999431371688843,True,
1194,49.72833333333334,3,740.400276184082,546.8981695175171,33.97166666666667,0.9999431371688843,True,
1195,49.77,3,740.7481002807617,545.8322167396545,34.013333333333335,0.9999431371688843,True,
1196,49.81166666666667,3,741.220703125,544.4751048088074,34.055,0.9999431371688843,True,
1197,49.85333333333334,3,741.510009765625,543.5136079788208,34.09666666666667,0.9999431371688843,True,
1198,49.895,3,741.7165374755859,543.1851553916931,34.138333333333335,0.9999431371688843,True,
1199,49.93666666666667,3,742.1329879760742,542.493360042572,34.18,0.9999431371688843,True,
1200,49.97833333333334,3,742.5739669799805,541.6791486740112,34.22166666666667,0.9999431371688843,True,
1201,50.02166666666667,3,742.9466247558594,540.4084253311157,34.265,0.9999431371688843,True,
1202,50.06333333333334,3,743.0368804931641,539.0471935272217,34.30666666666667,0.9999431371688843,True,
1203,50.105000000000004,3,743.3304977416992,538.4391260147095,34.348333333333336,0.9999431371688843,True,
1204,50.14666666666667,3,743.8457870483398,537.0824003219604,34.39,0.9999431371688843,True,
1205,50.18833333333334,3,744.2873001098633,535.1616811752319,34.43166666666667,0.9999431371688843,True,
1206,50.230000000000004,3,744.5684814453125,534.0786051750183,34.473333333333336,0.9999431371688843,True,
1207,50.27166666666667,3,744.8637008666992,532.7871108055115,34.515,0.9999431371688843,True,
1208,50.31333333333334,3,745.3462219238281,531.4736008644104,34.55666666666667,0.9999431371688843,True,
1209,50.355000000000004,3,745.5823516845703,529.9970769882202,34.598333333333336,0.9999431371688843,True,
1210,50.39666666666667,3,745.9589385986328,530.3997302055359,34.64,0.9999431371688843,True,
1211,50.43833333333334,3,746.3343811035156,530.0526094436646,34.68166666666667,0.9999431371688843,True,
1212,50.480000000000004,3,746.5628433227539,529.388108253479,34.723333333333336,0.9999431371688843,True,
1213,50.52166666666667,3,747.1147537231445,528.3115339279175,34.765,0.9999431371688843,True,
1214,50.56333333333334,3,747.3631286621094,527.9597568511963,34.80666666666667,0.9999431371688843,True,
1215,50.605000000000004,3,747.608757019043,527.2968435287476,34.848333333333336,0.9999431371688843,True,
1216,50.64666666666667,3,747.768669128418,526.9246602058411,34.89,0.9999431371688843,True,
1217,50.68833333333334,3,748.0734252929688,526.4411330223083,34.93166666666667,0.9999431371688843,True,
1218,50.730000000000004,3,748.6185836791992,525.9748578071594,34.973333333333336,0.9999431371688843,True,
1219,50.77166666666667,3,749.4164276123047,525.7572340965271,35.015,0.9999431371688843,True,
1220,50.81333333333334,3,750.6624603271484,525.6089186668396,35.05666666666667,0.9999431371688843,True,
1221,50.855000000000004,3,751.2743377685547,525.201587677002,35.098333333333336,0.9999431371688843,True,
1222,50.89666666666667,3,751.5731048583984,524.6698665618896,35.14,0.9999431371688843,True,
1223,50.93833333333334,3,751.5853881835938,523.9022827148438,35.18166666666667,0.9999431371688843,True,
1224,50.980000000000004,3,751.6003036499023,523.0761194229126,35.223333333333336,0.9999431371688843,True,
1225,51.02166666666667,3,751.877555847168,522.6677370071411,35.265,0.9999431371688843,True,
1226,51.06333333333334,3,751.9059753417969,522.4907970428467,35.30666666666667,0.9999431371688843,True,
1227,51.105000000000004,3,752.2116088867188,522.4443197250366,35.348333333333336,0.9999431371688843,True,
1228,51.14666666666667,3,752.3985290527344,521.9396996498108,35.39,0.9999431371688843,True,
1229,51.18833333333334,3,752.4794769287109,521.7256164550781,35.43166666666667,0.9999431371688843,True,
1230,51.230000000000004,3,752.4348831176758,521.3231563568115,35.473333333333336,0.9999431371688843,True,
1231,51.27166666666667,3,752.4128723144531,521.2466812133789,35.515,0.9999431371688843,True,
1232,51.31333333333334,3,752.3358917236328,521.2227129936218,35.55666666666667,0.9999431371688843,True,
1233,51.355000000000004,3,752.1376800537109,521.2048387527466,35.598333333333336,0.9999431371688843,True,
1234,51.39666666666667,3,752.1049880981445,521.09450340271,35.64,0.9999431371688843,True,
1235,51.43833333333334,3,752.0830154418945,521.0430908203125,35.68166666666667,0.9999431371688843,True,
1236,51.480000000000004,3,752.0590972900391,521.004273891449,35.723333333333336,0.9999431371688843,True,
1237,51.52166666666667,3,751.8417358398438,520.8357238769531,35.765,0.9999431371688843,True,
1238,51.56333333333334,3,751.7217254638672,520.4892468452454,35.80666666666667,0.9999431371688843,True,
1239,51.605000000000004,3,751.5341186523438,519.9882745742798,35.848333333333336,0.9999431371688843,True,
1240,51.64666666666667,3,751.2112426757812,519.6809363365173,35.89,0.9999431371688843,True,
1241,51.68833333333334,3,751.0832977294922,519.1930317878723,35.93166666666667,0.9999431371688843,True,
1242,51.730000000000004,3,750.9902191162109,518.9566969871521,35.973333333333336,0.9999431371688843,True,
1243,51.77166666666667,3,750.9496688842773,518.5309767723083,36.015,0.9999431371688843,True,
1244,51.81333333333334,3,750.8633804321289,518.3396601676941,36.05666666666667,0.9999431371688843,True,
1245,51.855000000000004,3,750.7895278930664,517.5620985031128,36.098333333333336,0.9999431371688843,True,
1246,51.89666666666667,3,750.8111953735352,516.9259428977966,36.14,0.9999431371688843,True,
1247,51.93833333333334,3,750.8023834228516,516.2750244140625,36.18166666666667,0.9999431371688843,True,
1248,51.980000000000004,3,750.7736968994141,516.0842227935791,36.223333333333336,0.9999431371688843,True,
1249,52.02166666666667,3,750.5913162231445,515.9885859489441,36.265,0.9999431371688843,True,
1250,52.06333333333334,3,750.5546951293945,515.7535171508789,36.30666666666667,0.9999431371688843,True,
1251,52.105000000000004,3,750.5855941772461,515.448796749115,36.348333333333336,0.9999431371688843,True,
1252,52.14666666666667,3,750.6723403930664,514.7796607017517,36.39,0.9999431371688843,True,
1253,52.18833333333334,3,750.6795501708984,514.092800617218,36.43166666666667,0.9999431371688843,True,
1254,52.230000000000004,3,750.9201049804688,513.7483835220337,36.473333333333336,0.9999431371688843,True,
1255,52.27166666666667,3,751.0087966918945,513.1494998931885,36.515,0.9999431371688843,True,
1256,52.31333333333334,3,751.251220703125,512.9199457168579,36.55666666666667,0.9999431371688843,True,
1257,52.355000000000004,3,751.5109252929688,512.5435996055603,36.598333333333336,0.9999431371688843,True,
1258,52.39666666666667,3,751.6057968139648,512.1774244308472,36.64,0.9999431371688843,True,
1259,52.43833333333334,3,751.8535614013672,512.0574760437012,36.68166666666667,0.9999431371688843,True,
1260,52.480000000000004,3,752.1469879150391,511.9126582145691,36.723333333333336,0.9999431371688843,True,
1261,52.52166666666667,3,752.4785995483398,511.7070508003235,36.765,0.9999431371688843,True,
1262,52.56333333333334,3,752.8164672851562,510.93596935272217,36.80666666666667,0.9999431371688843,True,
1263,52.605000000000004,3,752.8979110717773,510.01489877700806,36.848333333333336,0.9999431371688843,True,
1264,52.64666666666667,3,752.9309844970703,509.17710542678833,36.89,0.9999431371688843,True,
1265,52.68833333333334,3,753.4658432006836,508.72095823287964,36.93166666666667,0.9999431371688843,True,
1266,52.730000000000004,3,753.6468887329102,507.9341697692871,36.973333333333336,0.9999431371688843,True,
1267,52.77166666666667,3,753.8642501831055,507.5924348831177,37.015,0.9999431371688843,True,
1268,52.81333333333334,3,753.9703750610352,506.5394854545593,37.05666666666667,0.9999431371688843,True,
1269,52.855000000000004,3,754.1761016845703,505.89266538619995,37.098333333333336,0.9999431371688843,True,
1270,52.89666666666667,3,754.3581771850586,505.7234716415405,37.14,0.9999431371688843,True,
1271,52.93833333333334,3,754.4010925292969,505.3853416442871,37.18166666666667,0.9999431371688843,True,
1272,52.980000000000004,3,754.4348526000977,504.7632622718811,37.223333333333336,0.9999431371688843,True,
1273,53.02166666666667,3,754.4078063964844,504.0742778778076,37.265,0.9999431371688843,True,
1274,53.06333333333334,3,754.3556976318359,503.3324861526489,37.30666666666667,0.9999431371688843,True,
1275,53.105000000000004,3,754.3410873413086,502.8016662597656,37.348333333333336,0.9999431371688843,True,
1276,53.14666666666667,3,754.3610382080078,502.5308060646057,37.39,0.9999431371688843,True,
1277,53.18833333333334,3,754.3353652954102,502.6201128959656,37.43166666666667,0.9999431371688843,True,
1278,53.230000000000004,3,754.3121337890625,502.70909786224365,37.473333333333336,0.9999431371688843,True,
1279,53.27166666666667,3,754.3002700805664,502.82310247421265,37.515,0.9999431371688843,True,
1280,53.31333333333334,3,754.2471313476562,502.80349016189575,37.55666666666667,0.9999431371688843,True,
1281,53.355000000000004,3,754.2560195922852,502.84595489501953,37.598333333333336,0.9999431371688843,True,
1282,53.39666666666667,3,754.2415618896484,502.86736965179443,37.64,0.9999431371688843,True,
1283,53.43833333333334,3,754.2446136474609,502.87758350372314,37.68166666666667,0.9999431371688843,True,
1284,53.480000000000004,3,754.2780685424805,502.9097056388855,37.723333333333336,0.9999431371688843,True,
1285,53.52166666666667,3,754.5472717285156,502.9665470123291,37.765,0.9999431371688843,True,
1286,53.56333333333334,3,754.5536422729492,502.9709458351135,37.80666666666667,0.9999431371688843,True,
1287,53.605000000000004,3,754.5512390136719,502.9863739013672,37.848333333333336,0.9999431371688843,True,
1288,53.64666666666667,3,754.5827484130859,503.0671191215515,37.89,0.9999431371688843,True,
1289,53.68833333333334,3,754.5804595947266,503.06628227233887,37.93166666666667,0.9999431371688843,True,
1290,53.730000000000004,3,754.4342803955078,503.06199073791504,37.973333333333336,0.9999431371688843,True,
1291,53.77166666666667,3,754.1158294677734,503.11370372772217,38.015,0.9999431371688843,True,
1292,53.81333333333334,3,753.9461898803711,503.19550037384033,38.05666666666667,0.9999431371688843,True,
1293,53.855000000000004,3,753.8320159912109,503.22019815444946,38.098333333333336,0.9999431371688843,True,
1294,53.89666666666667,3,753.8345336914062,503.20794582366943,38.14,0.9999431371688843,True,
1295,53.93833333333334,3,753.8734436035156,503.213267326355,38.18166666666667,0.9999431371688843,True,
1296,53.980000000000004,3,753.8800430297852,503.2239103317261,38.223333333333336,0.9999431371688843,True,
1297,54.02333333333333,3,753.8823318481445,503.23219299316406,38.266666666666666,0.9999431371688843,True,
1298,54.065000000000005,3,753.9042663574219,503.30929040908813,38.30833333333334,0.9999431371688843,True,
1299,54.10666666666667,3,753.9057540893555,503.3147621154785,38.35,0.9999431371688843,True,
1300,54.14833333333333,3,753.9200210571289,503.31289529800415,38.391666666666666,0.9999431371688843,True,
1301,54.190000000000005,3,753.9453506469727,503.3237099647522,38.43333333333334,0.9999431371688843,True,
1302,54.23166666666667,3,753.9492034912109,503.3122730255127,38.475,0.9999431371688843,True,
1303,54.27333333333333,3,753.9111709594727,503.29911947250366,38.516666666666666,0.9999431371688843,True,
1304,54.315000000000005,3,753.9018249511719,503.2990550994873,38.55833333333334,0.9999431371688843,True,
1305,54.35666666666667,3,753.9067077636719,503.28004360198975,38.6,0.9999431371688843,True,
1306,54.39833333333333,3,754.0283966064453,503.10818910598755,38.641666666666666,0.9999431371688843,True,
1307,54.440000000000005,3,754.1258239746094,502.95392990112305,38.68333333333334,0.9999431371688843,True,
1308,54.48166666666667,3,754.5590972900391,502.12246656417847,38.725,0.9999431371688843,True,
1309,54.52333333333333,3,755.0113677978516,501.69893503189087,38.766666666666666,0.9999431371688843,True,
1310,54.565000000000005,3,755.191764831543,501.2528944015503,38.80833333333334,0.9999431371688843,True,
1311,54.60666666666667,3,755.9787368774414,500.56564807891846,38.85,0.9999431371688843,True,
1312,54.64833333333333,3,757.0476150512695,500.382764339447,38.891666666666666,0.9999431371688843,True,
1313,54.690000000000005,3,757.9690933227539,500.33572912216187,38.93333333333334,0.9999431371688843,True,
1314,54.73166666666667,3,758.299674987793,500.35980463027954,38.975,0.9999431371688843,True,
1315,54.77333333333333,3,758.9458847045898,500.0430679321289,39.016666666666666,0.9999431371688843,True,
1316,54.815000000000005,3,759.8052597045898,499.36601400375366,39.05833333333334,0.9999431371688843,True,
1317,54.85666666666667,3,760.4714202880859,498.505003452301,39.1,0.9999431371688843,True,
1318,54.89833333333333,3,761.17919921875,498.08093547821045,39.141666666666666,0.9999431371688843,True,
1319,54.940000000000005,3,761.7776107788086,497.5516176223755,39.18333333333334,0.9999431371688843,True,
1320,54.98166666666667,3,762.4452590942383,497.0332646369934,39.225,0.9999431371688843,True,
1321,55.02333333333333,3,762.9935836791992,496.36369943618774,39.266666666666666,0.9999431371688843,True,
1322,55.065000000000005,3,763.5797119140625,495.53287982940674,39.30833333333334,0.9999431371688843,True,
1323,55.10666666666667,3,763.8535308837891,495.3546953201294,39.35,0.9999431371688843,True,
1324,55.14833333333333,3,764.2693328857422,494.99006509780884,39.391666666666666,0.9999431371688843,True,
1325,55.190000000000005,3,764.5302581787109,494.59120988845825,39.43333333333334,0.9999431371688843,True,
1326,55.23166666666667,3,764.7523880004883,494.3258213996887,39.475,0.9999431371688843,True,
1327,55.27333333333333,3,765.0622177124023,494.2882704734802,39.516666666666666,0.9999431371688843,True,
1328,55.315000000000005,3,765.5303955078125,493.8707900047302,39.55833333333334,0.9999431371688843,True,
1329,55.35666666666667,3,765.6414413452148,493.4540605545044,39.6,0.9999431371688843,True,
1330,55.39833333333333,3,765.77880859375,493.1683301925659,39.641666666666666,0.9999431371688843,True,
1331,55.440000000000005,3,766.0375213623047,493.04200887680054,39.68333333333334,0.9999431371688843,True,
1332,55.48166666666667,3,766.2615966796875,492.4788737297058,39.725,0.9999431371688843,True,
1333,55.52333333333333,3,766.5190124511719,492.0611572265625,39.766666666666666,0.9999431371688843,True,
1334,55.565000000000005,3,766.7390823364258,492.0186710357666,39.80833333333334,0.9999431371688843,True,
1335,55.60666666666667,3,766.9839859008789,491.7049813270569,39.85,0.9999431371688843,True,
1336,55.64833333333333,3,767.2270584106445,491.30284309387207,39.891666666666666,0.9999431371688843,True,
1337,55.690000000000005,3,767.2409439086914,491.1623811721802,39.93333333333334,0.9999431371688843,True,
1338,55.73166666666667,3,767.2325897216797,491.13442182540894,39.975,0.9999431371688843,True,
1339,55.77333333333333,3,767.22900390625,491.11236333847046,40.016666666666666,0.9999431371688843,True,
1340,55.815000000000005,3,767.2541427612305,490.9833598136902,40.05833333333334,0.9999431371688843,True,
1341,55.85666666666667,3,767.3416137695312,490.89877367019653,40.1,0.9999431371688843,True,
1342,55.89833333333333,3,767.3817443847656,490.8252167701721,40.141666666666666,0.9999431371688843,True,
1343,55.940000000000005,3,767.3884963989258,490.6587266921997,40.18333333333334,0.9999431371688843,True,
1344,55.98166666666667,3,767.3828125,490.5469751358032,40.225,0.9999431371688843,True,
1345,56.02333333333333,3,767.3766326904297,490.38323163986206,40.266666666666666,0.9999431371688843,True,
1346,56.065000000000005,3,767.3602676391602,490.26549339294434,40.30833333333334,0.9999431371688843,True,
1347,56.10666666666667,3,767.3528289794922,490.0731897354126,40.35,0.9999431371688843,True,
1348,56.14833333333333,3,767.3518753051758,489.9972939491272,40.391666666666666,0.9999431371688843,True,
1349,56.190000000000005,3,767.359619140625,489.87114429473877,40.43333333333334,0.9999431371688843,True,
1350,56.23166666666667,3,767.360954284668,489.8168992996216,40.475,0.9999431371688843,True,
1351,56.27333333333333,3,767.3464584350586,489.7661519050598,40.516666666666666,0.9999431371688843,True,
1352,56.315000000000005,3,767.3374176025391,489.71025466918945,40.55833333333334,0.9999431371688843,True,
1353,56.35666666666667,3,767.3376083374023,489.6342945098877,40.6,0.9999431371688843,True,
1354,56.39833333333333,3,767.3275756835938,489.52290773391724,40.641666666666666,0.9999431371688843,True,
1355,56.440000000000005,3,767.3012161254883,489.51117038726807,40.68333333333334,0.9999431371688843,True,
1356,56.48166666666667,3,767.2870254516602,489.5126509666443,40.725,0.9999431371688843,True,
1357,56.52333333333333,3,767.2728729248047,489.5140242576599,40.766666666666666,0.9999431371688843,True,
1358,56.565000000000005,3,767.2594833374023,489.5142388343811,40.80833333333334,0.9999431371688843,True,
1359,56.60666666666667,3,767.239990234375,489.48065757751465,40.85,0.9999431371688843,True,
1360,56.64833333333333,3,767.2336196899414,489.4168424606323,40.891666666666666,0.9999431371688843,True,
1361,56.690000000000005,3,767.2265243530273,489.3571901321411,40.93333333333334,0.9999431371688843,True,
1362,56.73166666666667,3,767.2149276733398,489.3264842033386,40.975,0.9999431371688843,True,
1363,56.77333333333333,3,767.2125244140625,489.2568325996399,41.016666666666666,0.9999431371688843,True,
1364,56.815000000000005,3,767.264404296875,489.3017649650574,41.05833333333334,0.9999431371688843,True,
1365,56.85666666666667,3,767.279167175293,489.41879510879517,41.1,0.9999431371688843,True,
1366,56.89833333333334,3,767.2793197631836,489.4850778579712,41.14166666666667,0.9999431371688843,True,
1367,56.940000000000005,3,767.2768402099609,489.50108528137207,41.18333333333334,0.9999431371688843,True,
1368,56.98166666666667,3,767.2872543334961,489.4986820220947,41.225,0.9999431371688843,True,
1369,57.02333333333334,3,767.285041809082,489.5129084587097,41.26666666666667,0.9999431371688843,True,
1370,57.065000000000005,3,767.2758483886719,489.5530343055725,41.30833333333334,0.9999431371688843,True,
1371,57.10666666666667,3,767.2642135620117,489.59903955459595,41.35,0.9999431371688843,True,
1372,57.14833333333334,3,767.2698974609375,489.6001124382019,41.39166666666667,0.9999431371688843,True,
1373,57.190000000000005,3,767.2981262207031,489.6540141105652,41.43333333333334,0.9999431371688843,True,
1374,57.23166666666667,3,767.3704528808594,489.662446975708,41.475,0.9999431371688843,True,
1375,57.27333333333334,3,767.392578125,489.6791195869446,41.51666666666667,0.9999431371688843,True,
1376,57.315000000000005,3,767.4100112915039,489.6325993537903,41.55833333333334,0.9999431371688843,True,
1377,57.35666666666667,3,767.417106628418,489.8616600036621,41.6,0.9999431371688843,True,
1378,57.39833333333334,3,767.50732421875,489.89019870758057,41.64166666666667,0.9999431371688843,True,
1379,57.440000000000005,3,767.8506469726562,489.91036891937256,41.68333333333334,0.9999431371688843,True,
1380,57.48166666666667,3,768.0442047119141,489.9271488189697,41.725,0.9999431371688843,True,
1381,57.52333333333334,3,768.1451416015625,490.0985527038574,41.76666666666667,0.9999431371688843,True,
1382,57.565000000000005,3,768.1958770751953,490.27759552001953,41.80833333333334,0.9999431371688843,True,
1383,57.60666666666667,3,768.2196426391602,490.4680109024048,41.85,0.9999431371688843,True,
1384,57.64833333333334,3,768.22509765625,490.7018566131592,41.89166666666667,0.9999431371688843,True,
1385,57.690000000000005,3,768.2268142700195,490.7462739944458,41.93333333333334,0.9999431371688843,True,
1386,57.73166666666667,3,768.2267761230469,490.7825803756714,41.975,0.9999431371688843,True,
1387,57.77333333333334,3,768.2259750366211,490.8811140060425,42.01666666666667,0.9999431371688843,True,
1388,57.815000000000005,3,768.2588195800781,490.94306230545044,42.05833333333334,0.9999431371688843,True,
1389,57.85666666666667,3,768.2585144042969,490.7989740371704,42.1,0.9999431371688843,True,
1390,57.89833333333334,3,768.2588958740234,490.5373191833496,42.14166666666667,0.9999431371688843,True,
1391,57.940000000000005,3,768.2451629638672,490.4210829734802,42.18333333333334,0.9999431371688843,True,
1392,57.983333333333334,3,768.1951522827148,490.37848949432373,42.22666666666667,0.9999431371688843,True,
1393,58.025000000000006,3,767.9950714111328,490.27403354644775,42.26833333333334,0.9999431371688843,True,
1394,58.06666666666667,3,767.9513549804688,490.2460527420044,42.31,0.9999431371688843,True,
1395,58.108333333333334,3,768.1121826171875,490.3984022140503,42.35166666666667,0.9999431371688843,True,
1396,58.150000000000006,3,768.6251831054688,490.55079460144043,42.39333333333334,0.9999431371688843,True,
1397,58.19166666666667,3,769.428825378418,490.7409954071045,42.435,0.9999431371688843,True,
1398,58.233333333333334,3,769.7247314453125,490.98052740097046,42.47666666666667,0.9999431371688843,True,
1399,58.275000000000006,3,770.4288482666016,491.0937809944153,42.51833333333334,0.9999431371688843,True,
1400,58.31666666666667,3,771.2973022460938,491.0550284385681,42.56,0.9999431371688843,True,
1401,58.358333333333334,3,771.8564605712891,491.1724877357483,42.60166666666667,0.9999431371688843,True,
1402,58.400000000000006,3,772.2969436645508,491.0591697692871,42.64333333333334,0.9999431371688843,True,
1403,58.44166666666667,3,772.6893615722656,490.9893465042114,42.685,0.9999431371688843,True,
1404,58.483333333333334,3,773.30810546875,490.95351219177246,42.72666666666667,0.9999431371688843,True,
1405,58.525000000000006,3,774.1647338867188,490.9416460990906,42.76833333333334,0.9999431371688843,True,
1406,58.56666666666667,3,774.7676086425781,490.98097801208496,42.81,0.9999431371688843,True,
1407,58.608333333333334,3,775.5381774902344,491.22681856155396,42.85166666666667,0.9999431371688843,True,
1408,58.650000000000006,3,776.0905838012695,491.04981422424316,42.89333333333334,0.9999431371688843,True,
1409,58.69166666666667,3,776.3137435913086,490.7840824127197,42.935,0.9999431371688843,True,
1410,58.733333333333334,3,776.5229034423828,490.7407808303833,42.97666666666667,0.9999431371688843,True,
1411,58.775000000000006,3,776.5469360351562,490.71112632751465,43.01833333333334,0.9999431371688843,True,
1412,58.81666666666667,3,776.5554809570312,490.6119704246521,43.06,0.9999431371688843,True,
1413,58.858333333333334,3,776.5135192871094,490.5378770828247,43.10166666666667,0.9999431371688843,True,
1414,58.900000000000006,3,776.5309143066406,490.4652428627014,43.14333333333334,0.9999431371688843,True,
1415,58.94166666666667,3,776.6543960571289,490.3199529647827,43.185,0.9999431371688843,True,
1416,58.983333333333334,3,776.8169403076172,489.99677896499634,43.22666666666667,0.9999431371688843,True,
1417,59.025000000000006,3,776.9479370117188,489.7436213493347,43.26833333333334,0.9999431371688843,True,
1418,59.06666666666667,3,777.3081207275391,489.61654901504517,43.31,0.9999431371688843,True,
1419,59.108333333333334,3,777.3129272460938,489.50778007507324,43.35166666666667,0.9999431371688843,True,
1420,59.150000000000006,3,777.3181533813477,489.2888045310974,43.39333333333334,0.9999431371688843,True,
1421,59.19166666666667,3,777.3529052734375,488.82317304611206,43.435,0.9999431371688843,True,
1422,59.233333333333334,3,777.364501953125,488.77753257751465,43.47666666666667,0.9999431371688843,True,
1423,59.275000000000006,3,777.35107421875,488.7058424949646,43.51833333333334,0.9999431371688843,True,
1424,59.31666666666667,3,777.3466110229492,488.6357831954956,43.56,0.9999431371688843,True,
1425,59.358333333333334,3,777.4629592895508,488.61544132232666,43.60166666666667,0.9999431371688843,True,
1426,59.400000000000006,3,777.5656890869141,488.55804204940796,43.64333333333334,0.9999431371688843,True,
1427,59.44166666666667,3,777.66357421875,488.53572607040405,43.685,0.9999431371688843,True,
1428,59.483333333333334,3,777.5873565673828,488.19175958633423,43.72666666666667,0.9999431371688843,True,
1429,59.525000000000006,3,777.5574111938477,488.2001280784607,43.76833333333334,0.9999431371688843,True,
1430,59.56666666666667,3,777.64404296875,488.20647954940796,43.81,0.9999431371688843,True,
1431,59.608333333333334,3,777.7075576782227,488.20276737213135,43.85166666666667,0.9999431371688843,True,
1432,59.650000000000006,3,777.8153610229492,488.165602684021,43.89333333333334,0.9999431371688843,True,
1433,59.69166666666667,3,777.9539489746094,488.1511187553406,43.935,0.9999431371688843,True,
1434,59.733333333333334,3,778.2990646362305,487.9012441635132,43.97666666666667,0.9999431371688843,True,
1435,59.775000000000006,3,778.4325790405273,487.8269147872925,44.01833333333334,0.9999431371688843,True,
1436,59.81666666666667,3,778.5620880126953,487.78329133987427,44.06,0.9999431371688843,True,
1437,59.858333333333334,3,778.3578109741211,487.83854484558105,44.10166666666667,0.9999431371688843,True,
1438,59.900000000000006,3,778.6008834838867,487.69874811172485,44.14333333333334,0.9999431371688843,True,
1439,59.94166666666667,3,778.8700866699219,487.66074657440186,44.185,0.9999431371688843,True,
1440,59.983333333333334,3,779.0010833740234,487.704176902771,44.22666666666667,0.9999431371688843,True,
1441,60.025000000000006,3,779.1496658325195,488.0992555618286,44.26833333333334,0.9999431371688843,True,
1442,60.06666666666667,3,779.3691253662109,488.23832273483276,44.31,0.9999431371688843,True,
1443,60.108333333333334,3,779.7182464599609,488.22049140930176,44.35166666666667,0.9999431371688843,True,
1444,60.150000000000006,3,779.9235153198242,488.1910514831543,44.39333333333334,0.9999431371688843,True,
1445,60.19166666666667,3,780.1124954223633,488.17609548568726,44.435,0.9999431371688843,True,
1446,60.233333333333334,3,780.1852035522461,488.04863691329956,44.47666666666667,0.9999431371688843,True,
1447,60.275000000000006,3,780.0456619262695,488.0485725402832,44.51833333333334,0.9999431371688843,True,
1448,60.31666666666667,3,780.5660629272461,488.1037402153015,44.56,0.9999431371688843,True,
1449,60.358333333333334,3,781.0053253173828,488.41152906417847,44.60166666666667,0.9999431371688843,True,
1450,60.400000000000006,3,781.0409927368164,488.48538637161255,44.64333333333334,0.9999431371688843,True,
1451,60.44166666666667,3,781.1331558227539,488.4091901779175,44.685,0.9999431371688843,True,
1452,60.483333333333334,3,781.1684799194336,488.63256454467773,44.72666666666667,0.9999431371688843,True,
1453,60.525000000000006,3,781.1920547485352,488.6271572113037,44.76833333333334,0.9999431371688843,True,
1454,60.56666666666667,3,781.3150787353516,488.5561537742615,44.81,0.9999431371688843,True,
1455,60.608333333333334,3,782.554817199707,488.50916147232056,44.85166666666667,0.9999431371688843,True,
1456,60.650000000000006,3,783.769416809082,488.3965301513672,44.89333333333334,0.9999431371688843,True,
1457,60.69166666666667,3,784.8291397094727,488.39861154556274,44.935,0.9999431371688843,True,
1458,60.733333333333334,3,785.6162643432617,488.35432291030884,44.97666666666667,0.9999431371688843,True,
1459,60.775000000000006,3,786.0267639160156,488.27014446258545,45.01833333333334,0.9999431371688843,True,
1460,60.81666666666667,3,786.2663269042969,488.28853368759155,45.06,0.9999431371688843,True,
1461,60.858333333333334,3,786.490478515625,488.45401525497437,45.10166666666667,0.9999431371688843,True,
1462,60.900000000000006,3,786.3003158569336,489.26294803619385,45.14333333333334,0.9999431371688843,True,
1463,60.94166666666667,3,786.0260391235352,489.42797899246216,45.185,0.9999431371688843,True,
1464,60.983333333333334,3,786.0017395019531,489.4163918495178,45.22666666666667,0.9999431371688843,True,
1465,61.025000000000006,3,785.7606887817383,489.3148970603943,45.26833333333334,0.9999431371688843,True,
1466,61.06666666666667,3,785.7866668701172,489.43302154541016,45.31,0.9999431371688843,True,
1467,61.108333333333334,3,786.3656997680664,489.40467596054077,45.35166666666667,0.9999431371688843,True,
1468,61.150000000000006,3,787.3100662231445,489.400577545166,45.39333333333334,0.9999431371688843,True,
1469,61.19166666666667,3,787.8990936279297,489.2242383956909,45.435,0.9999431371688843,True,
1470,61.233333333333334,3,788.1847763061523,489.2746424674988,45.47666666666667,0.9999431371688843,True,
1471,61.275000000000006,3,788.1696319580078,489.12604808807373,45.51833333333334,0.9999431371688843,True,
1472,61.31666666666667,3,788.098258972168,489.0805149078369,45.56,0.9999431371688843,True,
1473,61.358333333333334,3,787.9501724243164,488.8792634010315,45.60166666666667,0.9999431371688843,True,
1474,61.400000000000006,3,787.8549194335938,488.7770390510559,45.64333333333334,0.9999431371688843,True,
1475,61.44166666666667,3,787.8523635864258,488.52259397506714,45.685,0.9999431371688843,True,
1476,61.483333333333334,3,787.816276550293,488.6479926109314,45.72666666666667,0.9999431371688843,True,
1477,61.525000000000006,3,788.1900405883789,488.5626983642578,45.76833333333334,0.9999431371688843,True,
1478,61.56666666666667,3,789.0473937988281,488.56653928756714,45.81,0.9999431371688843,True,
1479,61.608333333333334,3,790.0168609619141,488.8418412208557,45.85166666666667,0.9999431371688843,True,
1480,61.650000000000006,3,790.5016708374023,489.2863368988037,45.89333333333334,0.9999431371688843,True,
1481,61.69166666666667,3,790.8477783203125,489.4233012199402,45.935,0.9999431371688843,True,
1482,61.733333333333334,3,790.6798934936523,489.3381357192993,45.97666666666667,0.9999431371688843,True,
1483,61.775000000000006,3,790.9194946289062,489.6928310394287,46.01833333333334,0.9999431371688843,True,
1484,61.81666666666667,3,791.4024353027344,490.314781665802,46.06,0.9999431371688843,True,
1485,61.858333333333334,3,793.6304473876953,492.0092725753784,46.10166666666667,0.9999431371688843,True,
1486,61.900000000000006,3,795.7663726806641,493.01711797714233,46.14333333333334,0.9999431371688843,True,
1487,61.94166666666667,3,796.2443542480469,493.33863973617554,46.185,0.9999431371688843,True,
1488,61.98500000000001,3,798.256721496582,493.8566064834595,46.22833333333334,0.9999431371688843,True,
1489,62.02666666666667,3,799.7937774658203,494.59839820861816,46.27,0.9999431371688843,True,
1490,62.068333333333335,3,800.3753662109375,494.55880880355835,46.31166666666667,0.9999431371688843,True,
1491,62.11000000000001,3,800.2083206176758,494.00346279144287,46.35333333333334,0.9999431371688843,True,
1492,62.15166666666667,3,800.2760696411133,492.8252863883972,46.395,0.9999431371688843,True,
1493,62.193333333333335,3,799.9216461181641,492.67690658569336,46.43666666666667,0.9999431371688843,True,
1494,62.23500000000001,3,798.5696029663086,492.83891201019287,46.47833333333334,0.9999431371688843,True,
1495,62.27666666666667,3,798.4709167480469,492.63562202453613,46.52,0.9999431371688843,True,
1496,62.318333333333335,3,797.9611587524414,492.41400718688965,46.56166666666667,0.9999431371688843,True,
1497,62.36000000000001,3,796.973762512207,492.41196870803833,46.60333333333334,0.9999431371688843,True,
1498,62.40166666666667,3,796.5237808227539,492.50953674316406,46.645,0.9999431371688843,True,
1499,62.443333333333335,3,795.8872604370117,492.50056743621826,46.68666666666667,0.9999431371688843,True,
1500,62.48500000000001,3,794.9126434326172,492.409029006958,46.72833333333334,0.9999431371688843,True,
1501,62.52666666666667,3,794.366455078125,492.3832368850708,46.77,0.9999431371688843,True,
1502,62.568333333333335,3,794.1048812866211,492.24337577819824,46.81166666666667,0.9999431371688843,True,
1503,62.61000000000001,3,793.9871978759766,491.7138648033142,46.85333333333334,0.9999431371688843,True,
1504,62.65166666666667,3,794.0011978149414,491.6009759902954,46.895,0.9999431371688843,True,
1505,62.693333333333335,3,793.8083648681641,491.16255283355713,46.93666666666667,0.9999431371688843,True,
1506,62.73500000000001,3,793.6745834350586,490.1862931251526,46.97833333333334,0.9999431371688843,True,
1507,62.77666666666667,3,793.3548355102539,489.2407822608948,47.02,0.9999431371688843,True,
1508,62.818333333333335,3,793.2727813720703,489.1119718551636,47.06166666666667,0.9999431371688843,True,
1509,62.86000000000001,3,793.1832885742188,489.20245885849,47.10333333333334,0.9999431371688843,True,
1510,62.90166666666667,3,793.4910202026367,489.6265482902527,47.145,0.9999431371688843,True,
1511,62.943333333333335,3,794.7728729248047,489.7214341163635,47.18666666666667,0.9999431371688843,True,
1512,62.98500000000001,3,795.4961013793945,490.019953250885,47.22833333333334,0.9999431371688843,True,
1513,63.02666666666667,3,796.0435104370117,490.1283574104309,47.27,0.9999431371688843,True,
1514,63.068333333333335,3,796.3822555541992,490.4231643676758,47.31166666666667,0.9999431371688843,True,
1515,63.11000000000001,3,796.4851379394531,490.43936491012573,47.35333333333334,0.9999431371688843,True,
1516,63.15166666666667,3,796.5108871459961,490.47749519348145,47.395,0.9999431371688843,True,
1517,63.193333333333335,3,796.3028335571289,490.5780029296875,47.43666666666667,0.9999431371688843,True,
1518,63.23500000000001,3,795.9885025024414,490.68376779556274,47.47833333333334,0.9999431371688843,True,
1519,63.27666666666667,3,795.8498001098633,490.8108401298523,47.52,0.9999431371688843,True,
1520,63.318333333333335,3,795.86181640625,490.8674454689026,47.56166666666667,0.9999431371688843,True,
1521,63.36000000000001,3,795.8306503295898,490.9675455093384,47.60333333333334,0.9999431371688843,True,
1522,63.40166666666667,3,795.9180450439453,491.0011696815491,47.645,0.9999431371688843,True,
1523,63.443333333333335,3,796.1873245239258,491.0041308403015,47.68666666666667,0.9999431371688843,True,
1524,63.48500000000001,3,796.1632919311523,490.9809136390686,47.72833333333334,0.9999431371688843,True,
1525,63.52666666666667,3,796.1460113525391,490.96827507019043,47.77,0.9999431371688843,True,
1526,63.568333333333335,3,796.0300827026367,490.95864057540894,47.81166666666667,0.9999431371688843,True,
1527,63.61000000000001,3,795.693473815918,490.8137369155884,47.85333333333334,0.9999431371688843,True,
1528,63.65166666666667,3,795.5888748168945,490.6988310813904,47.895,0.9999431371688843,True,
1529,63.693333333333335,3,795.0523376464844,490.71492433547974,47.93666666666667,0.9999431371688843,True,
1530,63.73500000000001,3,794.391975402832,490.3849482536316,47.97833333333334,0.9999431371688843,True,
1531,63.77666666666667,3,794.0632629394531,489.92931604385376,48.02,0.9999431371688843,True,
1532,63.818333333333335,3,793.9891815185547,489.8158264160156,48.06166666666667,0.9999431371688843,True,
1533,63.86000000000001,3,793.8577651977539,489.8488712310791,48.10333333333334,0.9999431371688843,True,
1534,63.90166666666667,3,793.4704971313477,489.59255933761597,48.145,0.9999431371688843,True,
1535,63.943333333333335,3,792.9132843017578,489.31912422180176,48.18666666666667,0.9999431371688843,True,
1536,63.98500000000001,3,792.5123977661133,489.5131015777588,48.22833333333334,0.9999431371688843,True,
1537,64.02666666666667,3,792.0758819580078,489.6124291419983,48.27,0.9999431371688843,True,
1538,64.06833333333334,3,791.1251831054688,492.00324296951294,48.311666666666675,0.9999431371688843,True,
1539,64.11,3,790.1691818237305,493.9677357673645,48.35333333333333,0.9999431371688843,True,
1540,64.15166666666667,3,790.0219345092773,494.44167137145996,48.395,0.9999431371688843,True,
1541,64.19333333333334,3,789.3809127807617,494.3196201324463,48.436666666666675,0.9999431371688843,True,
1542,64.235,3,788.8946533203125,493.6177182197571,48.47833333333333,0.9999431371688843,True,
1543,64.27666666666667,3,788.796272277832,493.4631371498108,48.52,0.9999431371688843,True,
1544,64.31833333333334,3,788.8987350463867,493.5932779312134,48.561666666666675,0.9999431371688843,True,
1545,64.36,3,789.0159606933594,493.661105632782,48.60333333333333,0.9999431371688843,True,
1546,64.40166666666667,3,789.0785598754883,493.5917115211487,48.645,0.9999431371688843,True,
1547,64.44333333333334,3,789.1497802734375,493.5637092590332,48.686666666666675,0.9999431371688843,True,
1548,64.485,3,789.0690994262695,493.2754898071289,48.72833333333333,0.9999431371688843,True,
1549,64.52666666666667,3,788.9845657348633,493.0342411994934,48.77,0.9999431371688843,True,
1550,64.56833333333334,3,788.9346694946289,492.96579122543335,48.811666666666675,0.9999431371688843,True,
1551,64.61,3,788.5783386230469,493.2797169685364,48.85333333333333,0.9999431371688843,True,
1552,64.65166666666667,3,787.9784393310547,494.4576573371887,48.895,0.9999431371688843,True,
1553,64.69333333333334,3,787.9535675048828,494.504177570343,48.936666666666675,0.9999431371688843,True,
1554,64.735,3,787.5632476806641,494.7722911834717,48.97833333333333,0.9999431371688843,True,
1555,64.77666666666667,3,787.2027206420898,494.1942000389099,49.02,0.9999431371688843,True,
1556,64.81833333333334,3,786.9535827636719,493.4568929672241,49.061666666666675,0.9999431371688843,True,
1557,64.86,3,786.8051528930664,493.50712537765503,49.10333333333333,0.9999431371688843,True,
1558,64.90166666666667,3,786.8978118896484,493.1967616081238,49.145,0.9999431371688843,True,
1559,64.94333333333334,3,786.9826126098633,493.2116103172302,49.186666666666675,0.9999431371688843,True,
1560,64.985,3,787.0942306518555,493.2218885421753,49.22833333333333,0.9999431371688843,True,
1561,65.02666666666667,3,786.8412399291992,492.9792881011963,49.27,0.9999431371688843,True,
1562,65.06833333333334,3,786.5217971801758,493.3895802497864,49.311666666666675,0.9999431371688843,True,
1563,65.11,3,786.1008834838867,493.376362323761,49.35333333333333,0.9999431371688843,True,
1564,65.15166666666667,3,785.8846282958984,493.467857837677,49.395,0.9999431371688843,True,
1565,65.19333333333334,3,785.7053756713867,493.3130621910095,49.436666666666675,0.9999431371688843,True,
1566,65.235,3,785.2655792236328,493.36509704589844,49.47833333333333,0.9999431371688843,True,
1567,65.27666666666667,3,784.8862838745117,492.8332042694092,49.52,0.9999431371688843,True,
1568,65.31833333333334,3,784.5463943481445,493.0861258506775,49.561666666666675,0.9999431371688843,True,
1569,65.36,3,784.2210006713867,492.33128786087036,49.60333333333333,0.9999431371688843,True,
1570,65.40166666666667,3,784.0538787841797,492.5705409049988,49.645,0.9999431371688843,True,
1571,65.44333333333334,3,783.6012649536133,492.737352848053,49.686666666666675,0.9999431371688843,True,
1572,65.485,3,783.7250137329102,492.5726866722107,49.72833333333333,0.9999431371688843,True,
1573,65.52666666666667,3,783.5032653808594,492.50571727752686,49.77,0.9999431371688843,True,
1574,65.56833333333334,3,783.533935546875,492.42263317108154,49.811666666666675,0.9999431371688843,True,
1575,65.61,3,785.0250244140625,492.2280979156494,49.85333333333333,0.9999431371688843,True,
1576,65.65166666666667,3,786.1990737915039,491.94226026535034,49.895,0.9999431371688843,True,
1577,65.69333333333334,3,787.6163101196289,491.97105646133423,49.936666666666675,0.9999431371688843,True,
1578,65.735,3,790.0262832641602,492.7278470993042,49.97833333333333,0.9999431371688843,True,
1579,65.77666666666667,3,791.0756683349609,493.29113245010376,50.02,0.9999431371688843,True,
1580,65.81833333333334,3,791.1150360107422,493.733868598938,50.061666666666675,0.9999431371688843,True,
1581,65.86,3,791.1797714233398,493.72878313064575,50.10333333333333,0.9999431371688843,True,
1582,65.90166666666667,3,790.9460067749023,493.3992576599121,50.145,0.9999431371688843,True,
1583,65.94333333333334,3,790.078239440918,493.3121395111084,50.186666666666675,0.9999431371688843,True,
1584,65.98666666666666,3,789.8775100708008,491.25889778137207,50.23,0.9999431371688843,True,
1585,66.02833333333334,3,789.0760803222656,489.89363193511963,50.27166666666667,0.9999431371688843,True,
1586,66.07000000000002,3,788.3329772949219,489.12280797958374,50.313333333333354,0.9999431371688843,True,
1587,66.11166666666666,3,785.6550598144531,488.76867055892944,50.355,0.9999431371688843,True,
1588,66.15333333333334,3,785.914192199707,485.0318384170532,50.39666666666667,0.9999431371688843,True,
1589,66.19500000000002,3,786.2489700317383,485.51929235458374,50.438333333333354,0.9999431371688843,True,
1590,66.23666666666666,3,786.4538192749023,488.6653518676758,50.48,0.9999431371688843,True,
1591,66.27833333333334,3,787.4665832519531,490.702543258667,50.52166666666667,0.9999431371688843,True,
1592,66.32000000000002,3,788.8266754150391,490.74769020080566,50.563333333333354,0.9999431371688843,True,
1593,66.36166666666666,3,789.4796371459961,492.4839162826538,50.605,0.9999431371688843,True,
1594,66.40333333333334,3,788.9435577392578,495.5584788322449,50.64666666666667,0.9999431371688843,True,
1595,66.44500000000002,3,788.4167861938477,497.79170751571655,50.688333333333354,0.9999431371688843,True,
1596,66.48666666666666,3,788.0729675292969,497.89212942123413,50.73,0.9999431371688843,True,
1597,66.52833333333334,3,785.9457397460938,497.5425410270691,50.77166666666667,0.9999431371688843,True,
1598,66.57000000000002,3,783.9662170410156,497.8753924369812,50.813333333333354,0.9999431371688843,True,
1599,66.61166666666666,3,782.7248001098633,497.7363681793213,50.855,0.9999431371688843,True,
1600,66.65333333333334,3,782.1688842773438,497.34753370285034,50.89666666666667,0.9999431371688843,True,
1601,66.69500000000002,3,782.5725936889648,497.1393942832947,50.938333333333354,0.9999431371688843,True,
1602,66.73666666666666,3,782.8674697875977,496.20967626571655,50.98,0.9999431371688843,True,
1603,66.77833333333334,3,782.9630279541016,496.6389799118042,51.02166666666667,0.9999431371688843,True,
1604,66.82000000000002,3,782.1325302124023,495.63647747039795,51.063333333333354,0.9999431371688843,True,
1605,66.86166666666666,3,781.3990783691406,495.7210421562195,51.105,0.9999431371688843,True,
1606,66.90333333333334,3,780.5775833129883,495.7980966567993,51.14666666666667,0.9999431371688843,True,
1607,66.94500000000002,3,779.819450378418,495.81773042678833,51.188333333333354,0.9999431371688843,True,
1608,66.98666666666666,3,779.5956420898438,495.23524045944214,51.23,0.9999431371688843,True,
1609,67.02833333333334,3,779.9004745483398,495.21047830581665,51.27166666666667,0.9999431371688843,True,
1610,67.07000000000002,3,780.101318359375,495.0378084182739,51.313333333333354,0.9999431371688843,True,
1611,67.11166666666666,3,780.5957412719727,494.8741292953491,51.355,0.9999431371688843,True,
1612,67.15333333333334,3,781.064338684082,494.8308062553406,51.39666666666667,0.9999431371688843,True,
1613,67.19500000000002,3,781.0693359375,495.5408191680908,51.438333333333354,0.9999431371688843,True,
1614,67.23666666666666,3,782.1611785888672,495.48492193222046,51.48,0.9999431371688843,True,
1615,67.27833333333334,3,782.0608520507812,495.82075595855713,51.52166666666667,0.9999431371688843,True,
1616,67.32000000000002,3,782.0688247680664,495.8398103713989,51.563333333333354,0.9999431371688843,True,
1617,67.36166666666666,3,782.1236801147461,496.9673252105713,51.605,0.9999431371688843,True,
1618,67.40333333333334,3,781.7486572265625,496.9512748718262,51.64666666666667,0.9999431371688843,True,
1619,67.44500000000002,3,781.8347930908203,497.20250129699707,51.688333333333354,0.9999431371688843,True,
1620,67.48666666666666,3,782.6467132568359,497.1744990348816,51.73,0.9999431371688843,True,
1621,67.52833333333334,3,783.5183334350586,497.39295959472656,51.77166666666667,0.9999431371688843,True,
1622,67.57000000000002,3,784.4772720336914,497.3412251472473,51.813333333333354,0.9999431371688843,True,
1623,67.61166666666666,3,785.8221817016602,497.31045484542847,51.855,0.9999431371688843,True,
1624,67.65333333333334,3,786.9876098632812,497.6552152633667,51.89666666666667,0.9999431371688843,True,
1625,67.69500000000002,3,787.5785446166992,497.9294443130493,51.938333333333354,0.9999457001686096,True,
1626,67.73666666666666,3,788.1570053100586,498.6959981918335,51.98,0.9999500513076782,True,
1627,67.77833333333334,3,788.9772033691406,498.88832330703735,52.02166666666667,0.9999511241912842,True,
1628,67.82000000000002,3,791.9620132446289,499.09762144088745,52.063333333333354,0.9999555945396423,True,
1629,67.86166666666666,3,792.5058746337891,499.7816276550293,52.105,0.9999599456787109,True,
1630,67.90333333333334,3,791.8584060668945,500.1834011077881,52.14666666666667,0.9999633431434631,True,
1631,67.94500000000002,3,791.220703125,501.38466596603394,52.188333333333354,0.9999662637710571,True,
1632,67.98666666666666,3,790.8041381835938,501.41605854034424,52.23,0.9999685287475586,True,
1633,68.02833333333334,3,790.4511642456055,501.971275806427,52.27166666666667,0.9999704957008362,True,
1634,68.07000000000002,3,790.5087280273438,502.51267433166504,52.313333333333354,0.9999707937240601,True,
1635,68.11166666666666,3,789.9933242797852,502.5584864616394,52.355,0.9999725222587585,True,
1636,68.15333333333334,3,790.4803848266602,502.6136326789856,52.39666666666667,0.9999725222587585,True,
1637,68.19500000000002,3,790.166015625,502.104914188385,52.438333333333354,0.9999725222587585,True,
1638,68.23666666666666,3,789.5144653320312,502.00721740722656,52.48,0.9999725222587585,True,
1639,68.27833333333334,3,789.2121505737305,501.93679332733154,52.52166666666667,0.9999725222587585,True,
1640,68.32000000000002,3,789.2041778564453,501.8743300437927,52.563333333333354,0.9999725222587585,True,
1641,68.36166666666666,3,789.4419097900391,501.85879468917847,52.605,0.9999725222587585,True,
1642,68.40333333333334,3,789.8518371582031,501.79476499557495,52.64666666666667,0.9999725222587585,True,
1643,68.44500000000002,3,790.9346389770508,501.7125391960144,52.688333333333354,0.9999725222587585,True,
1644,68.48666666666666,3,791.2796020507812,501.9000577926636,52.73,0.9999725222587585,True,
1645,68.52833333333334,3,791.4348220825195,501.8963670730591,52.77166666666667,0.9999725222587585,True,
1646,68.57000000000002,3,791.6546249389648,502.1578288078308,52.813333333333354,0.9999725222587585,True,
1647,68.61166666666666,3,791.7586135864258,502.16649770736694,52.855,0.9999725222587585,True,
1648,68.65333333333334,3,791.7626953125,502.6304769515991,52.89666666666667,0.9999725222587585,True,
1649,68.69500000000002,3,792.0022201538086,502.92088508605957,52.938333333333354,0.9999725222587585,True,
1650,68.73666666666666,3,792.0524597167969,503.1239175796509,52.98,0.9999725222587585,True,
1651,68.77833333333334,3,792.0119094848633,502.8870677947998,53.02166666666667,0.9999725222587585,True,
1652,68.82000000000002,3,791.9992446899414,502.4545669555664,53.063333333333354,0.9999725222587585,True,
1653,68.86166666666666,3,791.9685363769531,502.2716188430786,53.105,0.9999725222587585,True,
1654,68.90333333333334,3,791.7768478393555,502.20887660980225,53.14666666666667,0.9999725222587585,True,
1655,68.94500000000002,3,791.5943908691406,502.00483560562134,53.188333333333354,0.9999725222587585,True,
1656,68.98666666666666,3,791.3590240478516,501.9405269622803,53.23,0.9999725222587585,True,
1657,69.02833333333334,3,791.2092590332031,501.779465675354,53.27166666666667,0.9999725222587585,True,
1658,69.07000000000002,3,791.1242294311523,501.82971954345703,53.313333333333354,0.9999725222587585,True,
1659,69.11166666666666,3,791.0255813598633,501.88647508621216,53.355,0.9999725222587585,True,
1660,69.15333333333334,3,790.9809112548828,502.3727488517761,53.39666666666667,0.9999725222587585,True,
1661,69.19500000000002,3,791.1420822143555,502.9333305358887,53.438333333333354,0.9999725222587585,True,
1662,69.23666666666666,3,791.1153793334961,503.6325931549072,53.48,0.9999725222587585,True,
1663,69.27833333333334,3,790.9702301025391,503.61624240875244,53.52166666666667,0.9999725222587585,True,
1664,69.32000000000002,3,790.8931350708008,503.7009358406067,53.563333333333354,0.9999725222587585,True,
1665,69.36166666666666,3,790.8099746704102,504.2111134529114,53.605,0.9999725222587585,True,
1666,69.40333333333334,3,790.7769393920898,504.18184518814087,53.64666666666667,0.9999725222587585,True,
1667,69.44500000000002,3,790.6304168701172,503.48376274108887,53.688333333333354,0.9999725222587585,True,
1668,69.48666666666666,3,791.0220718383789,503.32398891448975,53.73,0.9999725222587585,True,
1669,69.52833333333334,3,791.812858581543,502.71804571151733,53.77166666666667,0.9999725222587585,True,
1670,69.57000000000002,3,792.5265121459961,502.355432510376,53.813333333333354,0.9999725222587585,True,
1671,69.61166666666666,3,793.0373001098633,500.7578659057617,53.855,0.9999725222587585,True,
1672,69.65333333333334,3,793.5452270507812,500.57807207107544,53.89666666666667,0.9999725222587585,True,
1673,69.69500000000002,3,794.5252990722656,500.03517150878906,53.938333333333354,0.9999725222587585,True,
1674,69.73666666666666,3,796.2284469604492,500.0039076805115,53.98,0.9999725222587585,True,
1675,69.77833333333334,3,797.3827362060547,499.9757981300354,54.02166666666667,0.9999725222587585,True,
1676,69.82000000000002,3,798.4035110473633,499.85758781433105,54.063333333333354,0.9999725222587585,True,
1677,69.86166666666666,3,799.7061157226562,500.19522428512573,54.105,0.9999725222587585,True,
1678,69.90333333333334,3,800.7761764526367,499.98693466186523,54.14666666666667,0.9999725222587585,True,
1679,69.94500000000002,3,802.0272827148438,499.9302005767822,54.188333333333354,0.9999725222587585,True,
1680,69.98833333333334,3,802.6220321655273,499.92912769317627,54.231666666666676,0.9999725222587585,True,
1681,70.03,3,804.1426849365234,499.7062039375305,54.27333333333333,0.9999725222587585,True,
1682,70.07166666666667,3,804.3809127807617,499.62597370147705,54.315000000000005,0.9999725222587585,True,
1683,70.11333333333334,3,804.8855972290039,501.21169567108154,54.356666666666676,0.9999725222587585,True,
1684,70.155,3,805.1398849487305,501.39161825180054,54.39833333333333,0.9999725222587585,True,
1685,70.19666666666667,3,805.4541397094727,501.3718342781067,54.440000000000005,0.9999725222587585,True,
1686,70.23833333333334,3,805.2167892456055,501.4679431915283,54.481666666666676,0.9999725222587585,True,
1687,70.28,3,805.1203155517578,500.7456350326538,54.52333333333333,0.9999725222587585,True,
1688,70.32166666666667,3,804.9569320678711,499.7757053375244,54.565000000000005,0.9999725222587585,True,
1689,70.36333333333334,3,805.1561737060547,499.4403004646301,54.606666666666676,0.9999725222587585,True,
1690,70.405,3,805.2083587646484,499.61947202682495,54.64833333333333,0.9999725222587585,True,
1691,70.44666666666667,3,805.4245758056641,499.1909623146057,54.690000000000005,0.9999725222587585,True,
1692,70.48833333333334,3,805.1859283447266,498.2698917388916,54.731666666666676,0.9999725222587585,True,
1693,70.53,3,805.2962112426758,498.0649924278259,54.77333333333333,0.9999725222587585,True,
1694,70.57166666666667,3,805.3004455566406,498.11400175094604,54.815000000000005,0.9999725222587585,True,
1695,70.61333333333334,3,805.2447509765625,498.18901777267456,54.856666666666676,0.9999725222587585,True,
1696,70.655,3,805.2217864990234,498.35389852523804,54.89833333333333,0.9999725222587585,True,
1697,70.69666666666667,3,805.2138900756836,498.42936515808105,54.940000000000005,0.9999725222587585,True,
1698,70.73833333333334,3,805.1884078979492,498.72050285339355,54.981666666666676,0.9999725222587585,True,
1699,70.78,3,805.1332092285156,498.9468812942505,55.02333333333333,0.9999725222587585,True,
1700,70.82166666666667,3,804.9415588378906,498.63823413848877,55.065000000000005,0.9999725222587585,True,
1701,70.86333333333334,3,804.8202896118164,498.19077730178833,55.106666666666676,0.9999725222587585,True,
1702,70.905,3,804.2798233032227,497.91950941085815,55.14833333333333,0.9999725222587585,True,
1703,70.94666666666667,3,803.922119140625,497.27221727371216,55.190000000000005,0.9999725222587585,True,
1704,70.98833333333334,3,803.5787582397461,496.95584535598755,55.231666666666676,0.9999725222587585,True,
1705,71.03,3,803.5929489135742,496.86188220977783,55.27333333333333,0.9999725222587585,True,
1706,71.07166666666667,3,803.0526351928711,495.32853841781616,55.315000000000005,0.9999725222587585,True,
1707,71.11333333333334,3,804.0010833740234,495.78017950057983,55.356666666666676,0.9999725222587585,True,
1708,71.155,3,804.0724563598633,495.803439617157,55.39833333333333,0.9999725222587585,True,
1709,71.19666666666667,3,804.1786956787109,495.0133466720581,55.440000000000005,0.9999725222587585,True,
1710,71.23833333333334,3,803.5736083984375,493.3838725090027,55.481666666666676,0.9999725222587585,True,
1711,71.28,3,803.1156158447266,492.67375230789185,55.52333333333333,0.9999725222587585,True,
1712,71.32166666666667,3,802.4130249023438,493.2215666770935,55.565000000000005,0.9999725222587585,True,
1713,71.36333333333334,3,801.1027526855469,493.3115601539612,55.606666666666676,0.9999725222587585,True,
1714,71.405,3,799.4210433959961,493.3957815170288,55.64833333333333,0.9999725222587585,True,
1715,71.44666666666667,3,798.2441711425781,492.86345958709717,55.690000000000005,0.9999725222587585,True,
1716,71.48833333333334,3,797.9458999633789,492.8299641609192,55.731666666666676,0.9999725222587585,True,
1717,71.53,3,796.6106033325195,492.7689599990845,55.77333333333333,0.9999725222587585,True,
1718,71.57166666666667,3,795.6053161621094,492.6234769821167,55.815000000000005,0.9999725222587585,True,
1719,71.61333333333334,3,795.3206253051758,492.0525097846985,55.856666666666676,0.9999725222587585,True,
1720,71.655,3,793.3416748046875,492.13632345199585,55.89833333333333,0.9999725222587585,True,
1721,71.69666666666667,3,791.4225387573242,492.4427604675293,55.940000000000005,0.9999725222587585,True,
1722,71.73833333333334,3,788.6996459960938,492.16827392578125,55.981666666666676,0.9999725222587585,True,
1723,71.78,3,787.6092147827148,489.64131116867065,56.02333333333333,0.9999725222587585,True,
1724,71.82166666666667,3,784.3932342529297,488.8558101654053,56.065000000000005,0.9999725222587585,True,
1725,71.86333333333334,3,783.79638671875,484.95326042175293,56.106666666666676,0.9999725222587585,True,
1726,71.905,3,783.0299377441406,484.6134567260742,56.14833333333333,0.9999725222587585,True,
1727,71.94666666666667,3,781.9626998901367,483.82267713546753,56.190000000000005,0.9999725222587585,True,
1728,71.98833333333334,3,781.698112487793,483.2008981704712,56.231666666666676,0.9999725222587585,True,
1729,72.03,3,779.2024230957031,483.2888102531433,56.27333333333333,0.9999725222587585,True,
1730,72.07166666666667,3,777.0127868652344,483.76976251602173,56.315000000000005,0.9999725222587585,True,
1731,72.11333333333334,3,774.9648666381836,484.4461727142334,56.356666666666676,0.9999725222587585,True,
1732,72.155,3,772.1165466308594,484.66753005981445,56.39833333333333,0.9999725222587585,True,
1733,72.19666666666667,3,772.0046997070312,484.60686922073364,56.440000000000005,0.9999725222587585,True,
1734,72.23833333333334,3,772.5968551635742,484.66450452804565,56.481666666666676,0.9999725222587585,True,
1735,72.28,3,772.967414855957,484.5470881462097,56.52333333333333,0.9999725222587585,True,
1736,72.32166666666667,3,773.1289291381836,484.4023132324219,56.565000000000005,0.9999725222587585,True,
1737,72.36333333333334,3,773.3333587646484,483.6990809440613,56.606666666666676,0.9999725222587585,True,
1738,72.405,3,772.3653793334961,482.8219985961914,56.64833333333333,0.9999725222587585,True,
1739,72.44666666666667,3,770.7888031005859,482.6704430580139,56.690000000000005,0.9999725222587585,True,
1740,72.48833333333334,3,771.0134887695312,481.9877243041992,56.731666666666676,0.9999725222587585,True,
1741,72.53,3,770.8395767211914,480.5731701850891,56.77333333333333,0.9999725222587585,True,
1742,72.57166666666667,3,771.2025451660156,480.1534581184387,56.815000000000005,0.9999725222587585,True,
1743,72.61333333333334,3,772.0726013183594,479.6417784690857,56.856666666666676,0.9999725222587585,True,
1744,72.655,3,773.1760025024414,479.998619556427,56.89833333333333,0.9999725222587585,True,
1745,72.69666666666667,3,773.7714385986328,480.063271522522,56.940000000000005,0.9999725222587585,True,
1746,72.73833333333334,3,774.1260147094727,480.15172004699707,56.981666666666676,0.9999725222587585,True,
1747,72.78,3,774.2947387695312,480.3326082229614,57.02333333333333,0.9999725222587585,True,
1748,72.82166666666667,3,774.407958984375,480.41783809661865,57.065000000000005,0.9999725222587585,True,
1749,72.86333333333334,3,774.5702362060547,480.45729875564575,57.106666666666676,0.9999725222587585,True,
1750,72.905,3,774.952392578125,480.2754878997803,57.14833333333333,0.9999725222587585,True,
1751,72.94666666666667,3,774.3631362915039,479.69709634780884,57.190000000000005,0.9999725222587585,True,
1752,72.98833333333334,3,772.9474639892578,479.4190263748169,57.231666666666676,0.9999725222587585,True,
1753,73.03,3,773.3160400390625,479.52738761901855,57.27333333333333,0.9999725222587585,True,
1754,73.07166666666667,3,772.542724609375,479.5943355560303,57.315000000000005,0.9999725222587585,True,
1755,73.11333333333334,3,772.5739288330078,478.99982929229736,57.356666666666676,0.9999725222587585,True,
1756,73.155,3,771.6570281982422,479.24242973327637,57.39833333333333,0.9999725222587585,True,
1757,73.19666666666667,3,770.4096221923828,479.2105007171631,57.440000000000005,0.9999725222587585,True,
1758,73.23833333333334,3,769.643440246582,479.4698166847229,57.481666666666676,0.9999725222587585,True,
1759,73.28,3,769.1329193115234,478.26226472854614,57.52333333333333,0.9999725222587585,True,
1760,73.32166666666667,3,768.3243942260742,477.9583168029785,57.565000000000005,0.9999725222587585,True,
1761,73.36333333333334,3,767.9123687744141,475.92052459716797,57.606666666666676,0.9999725222587585,True,
1762,73.405,3,765.1646423339844,476.39201402664185,57.64833333333333,0.9999725222587585,True,
1763,73.44666666666667,3,762.8598403930664,476.65907621383667,57.690000000000005,0.9999725222587585,True,
1764,73.48833333333334,3,761.1427688598633,476.8311023712158,57.731666666666676,0.9999725222587585,True,
1765,73.53,3,759.2181396484375,477.01812744140625,57.77333333333333,0.9999725222587585,True,
1766,73.57166666666667,3,757.8311538696289,476.8728804588318,57.815000000000005,0.9999725222587585,True,
1767,73.61333333333334,3,754.2264556884766,478.0543613433838,57.856666666666676,0.9999725222587585,True,
1768,73.655,3,751.699333190918,478.4976553916931,57.89833333333333,0.9999725222587585,True,
1769,73.69666666666667,3,749.4857406616211,477.6638102531433,57.940000000000005,0.9999725222587585,True,
1770,73.73833333333334,3,748.4905242919922,477.29750633239746,57.981666666666676,0.9999725222587585,True,
1771,73.78,3,746.6743850708008,477.20770597457886,58.02333333333333,0.9999725222587585,True,
1772,73.82166666666667,3,746.2028503417969,477.7518939971924,58.065000000000005,0.9999725222587585,True,
1773,73.86333333333334,3,745.2825927734375,477.848002910614,58.106666666666676,0.9999725222587585,True,
1774,73.905,3,742.7608871459961,478.1070613861084,58.14833333333333,0.9999725222587585,True,
1775,73.94666666666667,3,742.2682952880859,477.21779108047485,58.190000000000005,0.9999725222587585,True,
1776,73.99000000000001,3,740.6874084472656,475.7946753501892,58.23333333333334,0.9999725222587585,True,
1777,74.03166666666667,3,741.1338043212891,475.5868148803711,58.275,0.9999725222587585,True,
1778,74.07333333333334,3,741.3866806030273,474.4942331314087,58.31666666666667,0.9999725222587585,True,
1779,74.11500000000001,3,740.4351806640625,473.7018871307373,58.35833333333334,0.9999725222587585,True,
1780,74.15666666666667,3,739.6653747558594,473.86942863464355,58.4,0.9999725222587585,True,
1781,74.19833333333334,3,739.8816299438477,473.1032395362854,58.44166666666667,0.9999725222587585,True,
1782,74.24000000000001,3,739.9805450439453,473.12647819519043,58.48333333333334,0.9999725222587585,True,
1783,74.28166666666667,3,739.5965576171875,473.18488597869873,58.525,0.9999725222587585,True,
1784,74.32333333333334,3,739.168586730957,473.3768892288208,58.56666666666667,0.9999725222587585,True,
1785,74.36500000000001,3,739.2042541503906,473.26987981796265,58.60833333333334,0.9999725222587585,True,
1786,74.40666666666667,3,739.0552520751953,473.29007148742676,58.65,0.9999725222587585,True,
1787,74.44833333333334,3,738.6295318603516,472.5317573547363,58.69166666666667,0.9999725222587585,True,
1788,74.49000000000001,3,738.6782073974609,471.7483592033386,58.73333333333334,0.9999725222587585,True,
1789,74.53166666666667,3,738.3229827880859,471.0237765312195,58.775,0.9999725222587585,True,
1790,74.57333333333334,3,737.9083633422852,470.2552270889282,58.81666666666667,0.9999725222587585,True,
1791,74.61500000000001,3,737.2737503051758,470.3057599067688,58.85833333333334,0.9999725222587585,True,
1792,74.65666666666667,3,737.3105621337891,469.01975870132446,58.9,0.9999725222587585,True,
1793,74.69833333333334,3,739.0389633178711,469.19901609420776,58.94166666666667,0.9999725222587585,True,
1794,74.74000000000001,3,739.510498046875,469.1377329826355,58.98333333333334,0.9999725222587585,True,
1795,74.78166666666667,3,738.0884552001953,469.0312600135803,59.025,0.9999725222587585,True,
1796,74.82333333333334,3,737.6808166503906,468.9059901237488,59.06666666666667,0.9999725222587585,True,
1797,74.86500000000001,3,737.7312469482422,468.9963698387146,59.10833333333334,0.9999725222587585,True,
1798,74.90666666666667,3,738.3127975463867,470.2102518081665,59.15,0.9999725222587585,True,
1799,74.94833333333334,3,738.5050582885742,472.1795725822449,59.19166666666667,0.9999725222587585,True,
1800,74.99000000000001,3,738.8757705688477,472.86169052124023,59.23333333333334,0.9999725222587585,True,
1801,75.03166666666667,3,738.942756652832,473.21672916412354,59.275,0.9999725222587585,True,
1802,75.07333333333334,3,737.7204132080078,472.93099880218506,59.31666666666667,0.9999725222587585,True,
1803,75.11500000000001,3,737.2006607055664,472.57181882858276,59.35833333333334,0.9999725222587585,True,
1804,75.15666666666667,3,738.3340454101562,471.7467498779297,59.4,0.9999725222587585,True,
1805,75.19833333333334,3,737.8451538085938,471.61137342453003,59.44166666666667,0.9999725222587585,True,
1806,75.24000000000001,3,738.8588714599609,471.29770517349243,59.48333333333334,0.9999725222587585,True,
1807,75.28166666666667,3,737.9836654663086,471.10435009002686,59.525,0.9999725222587585,True,
1808,75.32333333333334,3,737.2268295288086,471.0876131057739,59.56666666666667,0.9999725222587585,True,
1809,75.36500000000001,3,736.5205764770508,470.7979130744934,59.60833333333334,0.9999725222587585,True,
1810,75.40666666666667,3,737.0895004272461,470.8264088630676,59.65,0.9999725222587585,True,
1811,75.44833333333334,3,736.1170959472656,470.7502770423889,59.69166666666667,0.9999725222587585,True,
1812,75.49000000000001,3,736.5317153930664,470.2146291732788,59.73333333333334,0.9999725222587585,True,
1813,75.53166666666667,3,736.8408966064453,470.2242851257324,59.775,0.9999725222587585,True,
1814,75.57333333333334,3,736.8103408813477,470.2426528930664,59.81666666666667,0.9999725222587585,True,
1815,75.61500000000001,3,733.452033996582,470.4452347755432,59.85833333333334,0.9999725222587585,True,
1816,75.65666666666667,3,732.7070236206055,471.2082266807556,59.9,0.9999725222587585,True,
1817,75.69833333333334,3,731.7823791503906,471.6804027557373,59.94166666666667,0.9999725222587585,True,
1818,75.74000000000001,3,729.7301864624023,471.2643599510193,59.98333333333334,0.9999725222587585,True,
1819,75.78166666666667,3,732.2107696533203,471.12173080444336,60.025,0.9999725222587585,True,
1820,75.82333333333334,3,730.056266784668,471.38044595718384,60.06666666666667,0.9999725222587585,True,
1821,75.86500000000001,3,726.5220642089844,470.0242781639099,60.10833333333334,0.9999725222587585,True,
1822,75.90666666666667,3,720.1244354248047,468.676221370697,60.15,0.9999725222587585,True,
1823,75.94833333333334,3,715.0223159790039,467.03646898269653,60.19166666666667,0.9999725222587585,True,
1824,75.99000000000001,3,716.7094421386719,462.54668712615967,60.23333333333334,0.9999725222587585,True,
1825,76.03166666666667,3,713.8433837890625,458.33139181137085,60.275,0.9999725222587585,True,
1826,76.07333333333334,3,712.0804595947266,460.0893974304199,60.31666666666667,0.9999725222587585,True,
1827,76.11500000000001,3,711.4353942871094,458.5187602043152,60.35833333333334,0.9999725222587585,True,
1828,76.15666666666667,3,709.3253707885742,457.69530057907104,60.4,0.9999725222587585,True,
1829,76.19833333333334,3,709.6195220947266,458.0571413040161,60.44166666666667,0.9999725222587585,True,
1830,76.24000000000001,3,709.6195220947266,458.0571413040161,60.44166666666667,0.9999725222587585,True,
1831,76.28166666666667,3,709.6195220947266,458.0571413040161,60.44166666666667,0.9999725222587585,True,
1832,76.32333333333334,3,709.6195220947266,458.0571413040161,60.44166666666667,0.9999725222587585,True,
1833,76.36500000000001,3,709.6195220947266,458.0571413040161,60.44166666666667,0.9999725222587585,True,
1834,76.40666666666667,3,709.6195220947266,458.0571413040161,60.44166666666667,0.9999725222587585,True,
1835,76.44833333333334,3,709.6195220947266,458.0571413040161,60.44166666666667,0.9999725222587585,True,
1836,76.49000000000001,3,709.6195220947266,458.0571413040161,60.44166666666667,0.9999725222587585,True,
1837,76.53166666666667,3,709.6195220947266,458.0571413040161,60.44166666666667,0.9999725222587585,True,
1838,76.57333333333334,3,709.6195220947266,458.0571413040161,60.44166666666667,0.9999725222587585,True,
1839,76.61500000000001,3,709.6195220947266,458.0571413040161,60.44166666666667,0.9999725222587585,True,
1840,76.65666666666667,3,709.6195220947266,458.0571413040161,60.44166666666667,0.9999725222587585,True,
1841,76.69833333333334,3,709.6195220947266,458.0571413040161,60.44166666666667,0.9999725222587585,True,
1842,76.74000000000001,3,709.6195220947266,458.0571413040161,60.44166666666667,0.9999725222587585,True,
1843,76.78166666666667,3,709.6195220947266,458.0571413040161,60.44166666666667,0.9999725222587585,True,
1844,76.82333333333334,3,709.6195220947266,458.0571413040161,60.44166666666667,0.9999725222587585,True,
1845,76.86500000000001,3,709.6195220947266,458.0571413040161,60.44166666666667,0.9999725222587585,True,
1846,76.90666666666667,3,709.6195220947266,458.0571413040161,60.44166666666667,0.9999725222587585,True,
1847,76.94833333333334,3,709.6195220947266,458.0571413040161,60.44166666666667,0.9999725222587585,True,
1848,76.99000000000001,3,709.6195220947266,458.0571413040161,60.44166666666667,0.9999725222587585,True,
1849,77.03166666666667,3,709.6195220947266,458.0571413040161,60.44166666666667,0.9999725222587585,True,
1850,77.07333333333334,3,709.6195220947266,458.0571413040161,60.44166666666667,0.9999725222587585,True,
1851,77.11500000000001,3,709.6195220947266,458.0571413040161,60.44166666666667,0.9999725222587585,True,
1852,77.15666666666667,3,709.6195220947266,458.0571413040161,60.44166666666667,0.9999725222587585,True,
1853,77.19833333333334,3,709.6195220947266,458.0571413040161,60.44166666666667,0.9999725222587585,True,
1854,77.24000000000001,3,709.6195220947266,458.0571413040161,60.44166666666667,0.9999725222587585,True,
1855,77.28166666666667,3,709.6195220947266,458.0571413040161,60.44166666666667,0.9999725222587585,True,
1856,77.32333333333334,3,709.6195220947266,458.0571413040161,60.44166666666667,0.9999725222587585,True,
1857,77.36500000000001,3,709.6195220947266,458.0571413040161,60.44166666666667,0.9999725222587585,True,
1858,77.40666666666667,3,709.6195220947266,458.0571413040161,60.44166666666667,0.9999725222587585,True,
1859,77.44833333333334,3,709.6195220947266,458.0571413040161,60.44166666666667,0.9999725222587585,True,
1860,77.49000000000001,3,709.6195220947266,458.0571413040161,60.44166666666667,0.9999725222587585,True,
1861,77.53166666666667,3,709.6195220947266,458.0571413040161,60.44166666666667,0.9999725222587585,True,
1862,77.57333333333334,3,709.6195220947266,458.0571413040161,60.44166666666667,0.9999725222587585,True,
1863,77.61500000000001,3,709.6195220947266,458.0571413040161,60.44166666666667,0.9999725222587585,True,
1864,77.65666666666667,3,709.6195220947266,458.0571413040161,60.44166666666667,0.9999725222587585,True,
1865,77.69833333333334,3,709.6195220947266,458.0571413040161,60.44166666666667,0.9999725222587585,True,
1866,77.74000000000001,3,709.6195220947266,458.0571413040161,60.44166666666667,0.9999725222587585,True,
1867,77.78166666666667,3,709.6195220947266,458.0571413040161,60.44166666666667,0.9999725222587585,True,
1868,77.82333333333334,3,709.6195220947266,458.0571413040161,60.44166666666667,0.9999725222587585,True,
1869,77.86500000000001,3,709.6195220947266,458.0571413040161,60.44166666666667,0.9999725222587585,True,
1870,77.90666666666667,3,709.6195220947266,458.0571413040161,60.44166666666667,0.9999725222587585,True,
1871,77.94833333333334,3,709.6195220947266,458.0571413040161,60.44166666666667,0.9999725222587585,True,
1872,77.99166666666667,3,709.6195220947266,458.0571413040161,60.44166666666667,0.9999725222587585,True,
1873,78.03333333333333,3,709.6195220947266,458.0571413040161,60.44166666666667,0.9999725222587585,True,
1874,78.075,3,709.6195220947266,458.0571413040161,60.44166666666667,0.9999725222587585,True,
1875,78.11666666666667,3,709.6195220947266,458.0571413040161,60.44166666666667,0.9999725222587585,True,
1876,78.15833333333333,3,709.6195220947266,458.0571413040161,60.44166666666667,0.9999725222587585,True,
1877,78.2,3,709.6195220947266,458.0571413040161,60.44166666666667,0.9999725222587585,True,
1878,78.24166666666667,3,709.6195220947266,458.0571413040161,60.44166666666667,0.9999725222587585,True,
1879,78.28333333333333,3,709.6195220947266,458.0571413040161,60.44166666666667,0.9999725222587585,True,
1880,78.325,3,709.6195220947266,458.0571413040161,60.44166666666667,0.9999725222587585,True,
1881,78.36666666666667,3,709.6195220947266,458.0571413040161,60.44166666666667,0.9999725222587585,True,
1882,78.40833333333333,3,709.6195220947266,458.0571413040161,60.44166666666667,0.9999725222587585,True,
1883,78.45,3,709.6195220947266,458.0571413040161,60.44166666666667,0.9999725222587585,True,
1884,78.49166666666667,3,709.6195220947266,458.0571413040161,60.44166666666667,0.9999725222587585,True,
1885,78.53333333333333,3,709.6195220947266,458.0571413040161,60.44166666666667,0.9999725222587585,True,
1886,78.575,3,709.6195220947266,458.0571413040161,60.44166666666667,0.9999725222587585,True,
1887,78.61666666666667,3,709.6195220947266,458.0571413040161,60.44166666666667,0.9999725222587585,True,
1888,78.65833333333333,3,709.6195220947266,458.0571413040161,60.44166666666667,0.9999725222587585,True,
1889,78.7,3,709.6195220947266,458.0571413040161,60.44166666666667,0.9999725222587585,True,
1890,78.74166666666667,3,709.6195220947266,458.0571413040161,60.44166666666667,0.9999725222587585,True,
1891,78.78333333333333,3,709.6195220947266,458.0571413040161,60.44166666666667,0.9999725222587585,True,
1892,78.825,3,709.6195220947266,458.0571413040161,60.44166666666667,0.9999725222587585,True,
1893,78.86666666666667,3,709.6195220947266,458.0571413040161,60.44166666666667,0.9999725222587585,True,
1894,78.90833333333333,3,709.6195220947266,458.0571413040161,60.44166666666667,0.9999725222587585,True,
1895,78.95,3,709.6195220947266,458.0571413040161,60.44166666666667,0.9999725222587585,True,
1896,78.99166666666667,3,709.6195220947266,458.0571413040161,60.44166666666667,0.9999725222587585,True,
1897,79.03333333333333,3,709.6195220947266,458.0571413040161,60.44166666666667,0.9999725222587585,True,
1898,79.075,3,709.6195220947266,458.0571413040161,60.44166666666667,0.9999725222587585,True,
1899,79.11666666666667,3,709.6195220947266,458.0571413040161,60.44166666666667,0.9999725222587585,True,
1900,79.15833333333333,3,709.6195220947266,458.0571413040161,60.44166666666667,0.9999725222587585,True,
1901,79.2,3,709.6195220947266,458.0571413040161,60.44166666666667,0.9999725222587585,True,
1902,79.24166666666667,3,709.6195220947266,458.0571413040161,60.44166666666667,0.9999725222587585,True,
1903,79.28333333333333,3,709.6195220947266,458.0571413040161,60.44166666666667,0.9999725222587585,True,
1904,79.325,3,709.6195220947266,458.0571413040161,60.44166666666667,0.9999725222587585,True,
1905,79.36666666666667,3,709.6195220947266,458.0571413040161,60.44166666666667,0.9999725222587585,True,
1906,79.40833333333333,3,709.6195220947266,458.0571413040161,60.44166666666667,0.9999725222587585,True,
1907,79.45,3,709.6195220947266,458.0571413040161,60.44166666666667,0.9999725222587585,True,
1908,79.49166666666667,3,709.6195220947266,458.0571413040161,60.44166666666667,0.9999725222587585,True,
1909,79.53333333333333,3,709.6195220947266,458.0571413040161,60.44166666666667,0.9999725222587585,True,
1910,79.575,3,709.6195220947266,458.0571413040161,60.44166666666667,0.9999725222587585,True,
1911,79.61666666666667,3,709.6195220947266,458.0571413040161,60.44166666666667,0.9999725222587585,True,
1912,79.65833333333333,3,709.6195220947266,458.0571413040161,60.44166666666667,0.9999725222587585,True,
1913,79.7,3,709.6195220947266,458.0571413040161,60.44166666666667,0.9999725222587585,True,
1914,79.74166666666667,3,709.6195220947266,458.0571413040161,60.44166666666667,0.9999725222587585,True,
1915,79.78333333333333,3,709.6195220947266,458.0571413040161,60.44166666666667,0.9999725222587585,True,
1916,79.825,3,709.6195220947266,458.0571413040161,60.44166666666667,0.9999725222587585,True,
1917,79.86666666666667,3,709.6195220947266,458.0571413040161,60.44166666666667,0.9999725222587585,True,
1918,79.90833333333333,3,709.6195220947266,458.0571413040161,60.44166666666667,0.9999725222587585,True,
1919,79.95,3,709.6195220947266,458.0571413040161,60.44166666666667,0.9999725222587585,True,
1920,79.99166666666667,3,709.6195220947266,458.0571413040161,60.44166666666667,0.9999725222587585,True,
1921,80.03333333333333,3,709.6195220947266,458.0571413040161,60.44166666666667,0.9999725222587585,True,
1922,80.075,3,709.6195220947266,458.0571413040161,60.44166666666667,0.9999725222587585,True,
1923,80.11666666666667,3,709.6195220947266,458.0571413040161,60.44166666666667,0.9999725222587585,True,
1924,80.15833333333333,3,709.6195220947266,458.0571413040161,60.44166666666667,0.9999725222587585,True,
1925,80.2,3,709.6195220947266,458.0571413040161,60.44166666666667,0.9999725222587585,True,
1926,80.24166666666667,3,709.6195220947266,458.0571413040161,60.44166666666667,0.9999725222587585,True,
1927,80.28333333333333,3,709.6195220947266,458.0571413040161,60.44166666666667,0.9999725222587585,True,
1928,80.325,3,709.6195220947266,458.0571413040161,60.44166666666667,0.9999725222587585,True,
1929,80.36666666666667,3,709.6195220947266,458.0571413040161,60.44166666666667,0.9999725222587585,True,
1930,80.40833333333333,3,709.6195220947266,458.0571413040161,60.44166666666667,0.9999725222587585,True,
1931,80.45,3,709.6195220947266,458.0571413040161,60.44166666666667,0.9999725222587585,True,
1932,80.49166666666667,3,709.6195220947266,458.0571413040161,60.44166666666667,0.9999725222587585,True,
1933,80.53333333333333,3,709.6195220947266,458.0571413040161,60.44166666666667,0.9999725222587585,True,
1934,80.575,3,709.6195220947266,458.0571413040161,60.44166666666667,0.9999725222587585,True,
1935,80.61666666666667,3,709.6195220947266,458.0571413040161,60.44166666666667,0.9999725222587585,True,
1936,80.65833333333333,3,709.6195220947266,458.0571413040161,60.44166666666667,0.9999725222587585,True,
1937,80.7,3,709.6195220947266,458.0571413040161,60.44166666666667,0.9999725222587585,True,
1938,80.74166666666667,3,709.6195220947266,458.0571413040161,60.44166666666667,0.9999725222587585,True,
1939,80.78333333333333,3,709.6195220947266,458.0571413040161,60.44166666666667,0.9999725222587585,True,
1940,80.825,3,709.6195220947266,458.0571413040161,60.44166666666667,0.9999725222587585,True,
1941,80.86666666666667,3,709.6195220947266,458.0571413040161,60.44166666666667,0.9999725222587585,True,
1942,80.90833333333333,3,709.6195220947266,458.0571413040161,60.44166666666667,0.9999725222587585,True,
1943,80.95,3,709.6195220947266,458.0571413040161,60.44166666666667,0.9999725222587585,True,
1944,80.99166666666667,3,709.6195220947266,458.0571413040161,60.44166666666667,0.9999725222587585,True,
1945,81.03333333333333,3,709.6195220947266,458.0571413040161,60.44166666666667,0.9999725222587585,True,
1946,81.075,3,709.6195220947266,458.0571413040161,60.44166666666667,0.9999725222587585,True,
1947,81.11666666666667,3,709.6195220947266,458.0571413040161,60.44166666666667,0.9999725222587585,True,
1948,81.15833333333333,3,709.6195220947266,458.0571413040161,60.44166666666667,0.9999725222587585,True,
2268,94.49833333333333,4,754.9189376831055,446.13924980163574,0.0,0.9970951080322266,False,
2269,94.54,4,752.0671844482422,446.49104833602905,0.041666666666671404,0.9972280859947205,False,
2270,94.58166666666668,4,752.0671844482422,446.49104833602905,0.041666666666671404,0.9972280859947205,False,
2271,94.62333333333333,4,752.0671844482422,446.49104833602905,0.041666666666671404,0.9972280859947205,False,
2272,94.665,4,789.8611450195312,425.5625653266907,0.0,0.9975051283836365,False,
2273,94.70666666666668,4,788.862190246582,443.17607402801514,0.041666666666671404,0.997751772403717,False,
2274,94.74833333333333,4,790.5398178100586,443.2355332374573,0.0833333333333286,0.9979680776596069,False,
2275,94.79,4,791.9735336303711,443.61992597579956,0.125,0.9981634020805359,False,
2276,94.83166666666668,4,792.6300048828125,445.01707792282104,0.1666666666666714,0.9983271360397339,False,
2277,94.87333333333333,4,792.2755432128906,445.6999897956848,0.2083333333333286,0.9984846115112305,False,
2278,94.915,4,790.2051162719727,445.68009853363037,0.25,0.9986295104026794,False,
2279,94.95666666666668,4,788.9851760864258,446.4371681213379,0.2916666666666714,0.9987616539001465,False,
2280,94.99833333333333,4,788.2121658325195,445.3071427345276,0.3333333333333286,0.9988797903060913,False,
2281,95.04,4,787.7664184570312,445.2201533317566,0.375,0.9989765286445618,False,
2282,95.08166666666668,4,784.2011260986328,444.5557379722595,0.4166666666666714,0.9990646839141846,False,
2283,95.12333333333333,4,784.5257949829102,444.20812368392944,0.4583333333333286,0.9991334080696106,False,
2284,95.165,4,784.3808364868164,444.1690707206726,0.5,0.9992083311080933,False,
2285,95.20666666666668,4,784.2449188232422,444.08023595809937,0.5416666666666714,0.9992769360542297,False,
2286,95.24833333333333,4,784.2507171630859,443.0762529373169,0.5833333333333286,0.9993402361869812,False,
2287,95.29,4,784.7128295898438,442.90379762649536,0.625,0.9993906617164612,False,
2288,95.33166666666668,4,784.9378204345703,443.0907154083252,0.6666666666666714,0.9994502663612366,False,
2289,95.37333333333333,4,785.2304458618164,445.6905269622803,0.7083333333333286,0.9994974732398987,False,
2290,95.415,4,785.2211761474609,445.3103828430176,0.75,0.9995409250259399,False,
2291,95.45666666666668,4,785.3005981445312,447.6948022842407,0.7916666666666714,0.9995699524879456,False,
2292,95.49833333333333,4,785.3924560546875,448.927845954895,0.8333333333333286,0.9995896816253662,False,
2293,95.54,4,785.8096694946289,453.5294222831726,0.875,0.9996013045310974,False,
2294,95.58166666666668,4,784.9566268920898,451.7924666404724,0.9166666666666714,0.9996398687362671,False,
2295,95.62333333333333,4,782.8084945678711,451.2426996231079,0.9583333333333286,0.9996718168258667,False,
2296,95.665,4,784.172477722168,453.08790922164917,1.0,0.9996998906135559,False,
2297,95.70666666666668,4,783.5001373291016,454.4165253639221,1.0416666666666714,0.9997270703315735,False,
2298,95.74833333333333,4,785.4270172119141,454.5008969306946,1.0833333333333286,0.9997270703315735,False,
2299,95.79,4,785.5561065673828,450.78264713287354,1.125,0.9997346997261047,False,
2300,95.83166666666668,4,785.5956268310547,451.04814291000366,1.1666666666666714,0.9997349977493286,False,
2301,95.87333333333333,4,784.5529174804688,453.83811235427856,1.2083333333333286,0.9997396469116211,False,
2302,95.915,4,784.6871185302734,453.502836227417,1.25,0.999750018119812,False,
2303,95.95666666666668,4,784.4603729248047,452.77580738067627,1.2916666666666714,0.9997581839561462,False,
2304,95.99833333333333,4,780.6967926025391,448.92754554748535,1.3333333333333286,0.9997766017913818,False,
2305,96.04,4,782.1505355834961,455.8212733268738,1.375,0.9997853636741638,False,
2306,96.08166666666668,4,781.5509796142578,454.98605489730835,1.4166666666666714,0.9997853636741638,False,
2307,96.12333333333333,4,782.2500228881836,454.84022855758667,1.4583333333333286,0.9997853636741638,False,
2308,96.165,4,781.8732452392578,453.05743932724,1.5,0.9997853636741638,False,
2309,96.20666666666668,4,780.8051300048828,452.2636556625366,1.5416666666666714,0.9997853636741638,False,
2310,96.24833333333333,4,780.6730270385742,449.8523497581482,1.5833333333333286,0.9997853636741638,False,
2311,96.29,4,778.7154388427734,449.53887462615967,1.625,0.9997966289520264,False,
2312,96.33166666666668,4,779.274787902832,449.3444037437439,1.6666666666666714,0.9998111724853516,False,
2313,96.37333333333333,4,779.5526123046875,449.5732069015503,1.7083333333333286,0.9998261332511902,False,
2314,96.415,4,780.1078414916992,451.05543851852417,1.75,0.9998401403427124,False,
2315,96.45666666666668,4,783.8754272460938,452.6703429222107,1.7916666666666714,0.9998401403427124,False,
2316,96.49833333333333,4,783.9875030517578,453.7029504776001,1.8333333333333286,0.9998401403427124,False,
2317,96.54,4,783.6204147338867,454.36288118362427,1.875,0.9998401403427124,False,
2318,96.58166666666668,4,782.6472091674805,455.41988611221313,1.9166666666666714,0.9998401403427124,False,
2319,96.62333333333333,4,788.9646530151367,454.93537187576294,1.9583333333333286,0.9998401403427124,False,
2320,96.665,4,785.8523559570312,456.1335253715515,2.0,0.9998401403427124,False,
2321,96.70666666666668,4,783.1615829467773,456.2719917297363,2.0416666666666714,0.9998401403427124,False,
2322,96.74833333333333,4,783.0529403686523,456.2718200683594,2.0833333333333286,0.9998401403427124,False,
2323,96.79,4,781.1298370361328,454.0576457977295,2.125,0.9998401403427124,False,
2324,96.83166666666668,4,781.8898010253906,454.11362886428833,2.1666666666666714,0.9998401403427124,False,
2325,96.87333333333333,4,781.8829345703125,455.72964906692505,2.2083333333333286,0.9998401403427124,False,
2326,96.915,4,779.0473556518555,458.0539870262146,2.25,0.9998401403427124,False,
2327,96.95666666666668,4,778.337287902832,458.1244111061096,2.2916666666666714,0.9998401403427124,False,
2328,96.99833333333333,4,780.3718948364258,457.9507112503052,2.3333333333333286,0.9998401403427124,False,
2329,97.04,4,779.4167327880859,458.14518213272095,2.375,0.9998401403427124,False,
2330,97.08166666666668,4,780.0128555297852,458.0656385421753,2.4166666666666714,0.9998401403427124,False,
2331,97.12333333333333,4,780.2042007446289,457.5108504295349,2.4583333333333286,0.9998401403427124,False,
2332,97.165,4,781.90185546875,458.5900640487671,2.5,0.9998401403427124,False,
2333,97.20666666666668,4,783.6724853515625,463.97143363952637,2.5416666666666714,0.9998401403427124,False,
2334,97.24833333333333,4,782.929573059082,464.4039559364319,2.5833333333333286,0.9998401403427124,False,
2335,97.29,4,781.1161804199219,463.99181842803955,2.625,0.9998401403427124,False,
2336,97.33166666666668,4,779.6663665771484,467.1664595603943,2.6666666666666714,0.9998401403427124,False,
2337,97.37333333333333,4,778.9714050292969,467.6250743865967,2.7083333333333286,0.9998401403427124,False,
2338,97.415,4,778.6029815673828,469.96084928512573,2.75,0.9998401403427124,False,
2339,97.45666666666668,4,778.6029815673828,469.96084928512573,2.75,0.9998401403427124,False,
2340,97.49833333333333,4,772.9106521606445,508.33499908447266,0.0,0.9998401403427124,False,
2341,97.54,4,772.7616119384766,508.20003032684326,0.0,0.9998401403427124,False,
2342,97.58166666666668,4,772.6723861694336,508.404757976532,0.0,0.9998401403427124,False,
2343,97.62333333333333,4,772.614631652832,508.6699962615967,0.0,0.9998401403427124,False,
2344,97.665,4,772.6683044433594,508.9011597633362,0.0,0.9998401403427124,False,
2345,97.70666666666668,4,772.8173828125,509.1305422782898,0.0,0.9998401403427124,False,
2346,97.74833333333333,4,772.9447174072266,509.34213638305664,0.0,0.9998401403427124,False,
2347,97.79,4,772.9296112060547,509.5187759399414,0.0,0.9998401403427124,False,
2348,97.83166666666668,4,772.6885604858398,509.83036279678345,0.0,0.9998401403427124,False,
2349,97.87333333333333,4,772.5340270996094,510.0770401954651,0.0,0.9998401403427124,False,
2350,97.915,4,772.1783828735352,510.0860524177551,0.0,0.9998401403427124,False,
2351,97.95666666666668,4,772.0732116699219,510.1155996322632,0.041666666666671404,0.9998401403427124,False,
2352,98.0,4,772.0231628417969,510.236599445343,0.08499999999999375,0.9998401403427124,False,
2353,98.04166666666667,4,771.9973754882812,510.6503462791443,0.12666666666666515,0.9998401403427124,False,
2354,98.08333333333334,4,771.9927215576172,511.01205825805664,0.16833333333333655,0.9998401403427124,False,
2355,98.125,4,771.9983673095703,511.25354290008545,0.20999999999999375,0.9998401403427124,False,
2356,98.16666666666667,4,771.9905853271484,511.5652585029602,0.25166666666666515,0.9998401403427124,False,
2357,98.20833333333334,4,771.9876098632812,512.0382285118103,0.29333333333333655,0.9998401403427124,False,
2358,98.25,4,771.984977722168,512.3044753074646,0.33499999999999375,0.9998401403427124,False,
2359,98.29166666666667,4,771.9846725463867,512.5201678276062,0.37666666666666515,0.9998401403427124,False,
2360,98.33333333333334,4,771.9894790649414,512.6784825325012,0.41833333333333655,0.9998401403427124,False,
2361,98.375,4,771.9770431518555,513.0292725563049,0.45999999999999375,0.9998401403427124,False,
2362,98.41666666666667,4,771.9673156738281,513.1357884407043,0.5016666666666652,0.9998401403427124,False,
2363,98.45833333333334,4,771.9225692749023,513.3671879768372,0.5433333333333366,0.9998401403427124,False,
2364,98.5,4,771.9235610961914,513.5037016868591,0.5849999999999937,0.9998401403427124,False,
2365,98.54166666666667,4,772.0870208740234,513.9431762695312,0.6266666666666652,0.9998401403427124,False,
2366,98.58333333333334,4,772.1538925170898,514.4379258155823,0.6683333333333366,0.9998401403427124,False,
2367,98.625,4,772.0375823974609,515.2242422103882,0.7099999999999937,0.9998401403427124,False,
2368,98.66666666666667,4,772.0068740844727,516.0012030601501,0.7516666666666652,0.9998401403427124,False,
2369,98.70833333333334,4,771.7414093017578,517.2412848472595,0.7933333333333366,0.9998401403427124,False,
2370,98.75,4,771.5907287597656,517.8700375556946,0.8349999999999937,0.9998401403427124,False,
2371,98.79166666666667,4,771.246223449707,519.0966439247131,0.8766666666666652,0.9998401403427124,False,
2372,98.83333333333334,4,771.0306167602539,519.7189378738403,0.9183333333333366,0.9998401403427124,False,
2373,98.875,4,770.6669235229492,520.8321619033813,0.9599999999999937,0.9998401403427124,False,
2374,98.91666666666667,4,770.5439376831055,522.1881794929504,1.0016666666666652,0.9998401403427124,False,
2375,98.95833333333334,4,770.3475570678711,523.0332040786743,1.0433333333333366,0.9998401403427124,False,
2376,99.0,4,770.030517578125,524.6873760223389,1.0849999999999937,0.9998401403427124,False,
2377,99.04166666666667,4,769.5584869384766,525.6596875190735,1.1266666666666652,0.9998401403427124,False,
2378,99.08333333333334,4,768.8353729248047,527.2188878059387,1.1683333333333366,0.9998401403427124,False,
2379,99.125,4,767.9034423828125,528.0322623252869,1.2099999999999937,0.9998401403427124,False,
2380,99.16666666666667,4,766.2348175048828,528.9256525039673,1.2516666666666652,0.9998401403427124,False,
2381,99.20833333333334,4,765.2698516845703,529.9113750457764,1.2933333333333366,0.9998401403427124,False,
2382,99.25,4,764.8450088500977,531.0743165016174,1.3349999999999937,0.9998401403427124,False,
2383,99.29166666666667,4,764.6640777587891,531.5760827064514,1.3766666666666652,0.9998401403427124,False,
2384,99.33333333333334,4,764.2116165161133,532.1524357795715,1.4183333333333366,0.9998401403427124,False,
2385,99.375,4,763.3645248413086,533.2906365394592,1.4599999999999937,0.9998401403427124,False,
2386,99.41666666666667,4,762.9257202148438,534.1595649719238,1.5016666666666652,0.9998401403427124,False,
2387,99.45833333333334,4,762.462158203125,535.4061698913574,1.5433333333333366,0.9998401403427124,False,
2388,99.5,4,762.0457458496094,536.1997175216675,1.5849999999999937,0.9998401403427124,False,
2389,99.54166666666667,4,761.4359664916992,536.6688251495361,1.6266666666666652,0.9998401403427124,False,
2390,99.58333333333334,4,760.9539031982422,537.1299719810486,1.6683333333333366,0.9998401403427124,False,
2391,99.625,4,760.5905532836914,537.5816774368286,1.7099999999999937,0.9998401403427124,False,
2392,99.66666666666667,4,759.8756790161133,538.4626007080078,1.7516666666666652,0.9998401403427124,False,
2393,99.70833333333334,4,759.4126129150391,539.4074892997742,1.7933333333333366,0.9998401403427124,False,
2394,99.75,4,758.6984252929688,539.893913269043,1.8349999999999937,0.9998401403427124,False,
2395,99.79166666666667,4,758.4718704223633,540.1021385192871,1.8766666666666652,0.9998401403427124,False,
2396,99.83333333333334,4,757.9368209838867,540.6530427932739,1.9183333333333366,0.9998401403427124,False,
2397,99.875,4,757.6337432861328,540.8522343635559,1.9599999999999937,0.9998401403427124,False,
2398,99.91666666666667,4,757.4820709228516,541.2405967712402,2.001666666666665,0.9998401403427124,False,
2399,99.95833333333334,4,757.40478515625,541.5142893791199,2.0433333333333366,0.9998401403427124,False,
2400,100.0,4,757.1933746337891,541.5607452392578,2.0849999999999937,0.9998401403427124,False,
2401,100.04166666666667,4,757.1096420288086,541.5191173553467,2.126666666666665,0.9998401403427124,False,
2402,100.08333333333334,4,757.0276641845703,541.4542722702026,2.1683333333333366,0.9998401403427124,False,
2403,100.125,4,757.0827102661133,541.4227509498596,2.2099999999999937,0.9998401403427124,False,
2404,100.16666666666667,4,757.1123123168945,541.4209699630737,2.251666666666665,0.9998401403427124,False,
2405,100.20833333333334,4,757.1568298339844,541.5296101570129,2.2933333333333366,0.9998401403427124,False,
2406,100.25,4,757.1804046630859,541.6771960258484,2.3349999999999937,0.9998401403427124,False,
2407,100.29166666666667,4,757.1970748901367,541.7297673225403,2.376666666666665,0.9998401403427124,False,
2408,100.33333333333334,4,757.2148513793945,541.829845905304,2.4183333333333366,0.9998401403427124,False,
2409,100.375,4,757.2100067138672,541.9605875015259,2.4599999999999937,0.9998401403427124,False,
2410,100.41666666666667,4,757.0113372802734,542.1929955482483,2.501666666666665,0.9998401403427124,False,
2411,100.45833333333334,4,756.8475341796875,542.4154901504517,2.5433333333333366,0.9998401403427124,False,
2412,100.5,4,756.8395614624023,542.5414037704468,2.5849999999999937,0.9998401403427124,False,
2413,100.54166666666667,4,756.8167877197266,543.0366683006287,2.626666666666665,0.9998401403427124,False,
2414,100.58333333333334,4,756.8270111083984,543.4651350975037,2.6683333333333366,0.9998401403427124,False,
2415,100.625,4,756.7801284790039,544.2267966270447,2.7099999999999937,0.9998401403427124,False,
2416,100.66666666666667,4,756.6436767578125,544.9721074104309,2.751666666666665,0.9998401403427124,False,
2417,100.70833333333334,4,756.5931701660156,545.5866122245789,2.7933333333333366,0.9998401403427124,False,
2418,100.75,4,756.2972259521484,546.5820550918579,2.8349999999999937,0.9998401403427124,False,
2419,100.79166666666667,4,756.104621887207,547.8895998001099,2.876666666666665,0.9998401403427124,False,
2420,100.83333333333334,4,755.8450317382812,548.6125087738037,2.9183333333333366,0.9998401403427124,False,
2421,100.875,4,755.3871917724609,549.1705584526062,2.9599999999999937,0.9998401403427124,False,
2422,100.91666666666667,4,754.9406433105469,550.1280641555786,3.001666666666665,0.9998401403427124,False,
2423,100.95833333333334,4,754.541015625,551.411383152008,3.0433333333333366,0.9998401403427124,False,
2424,101.0,4,754.1301345825195,553.0214595794678,3.0849999999999937,0.9998401403427124,False,
2425,101.04166666666667,4,754.0536880493164,554.1709041595459,3.126666666666665,0.9998401403427124,False,
2426,101.08333333333334,4,753.7501525878906,555.6752371788025,3.1683333333333366,0.9998401403427124,False,
2427,101.125,4,753.7465667724609,556.3737916946411,3.2099999999999937,0.9998401403427124,False,
2428,101.16666666666667,4,753.2012557983398,558.2068133354187,3.251666666666665,0.9998401403427124,False,
2429,101.20833333333334,4,752.8099060058594,558.9536905288696,3.2933333333333366,0.9998401403427124,False,
2430,101.25,4,752.6059722900391,560.628354549408,3.3349999999999937,0.9998401403427124,False,
2431,101.29166666666667,4,752.4838638305664,562.1223020553589,3.376666666666665,0.9998401403427124,False,
2432,101.33333333333334,4,752.3599243164062,563.826470375061,3.4183333333333366,0.9998401403427124,False,
2433,101.375,4,752.0816421508789,564.4771099090576,3.4599999999999937,0.9998401403427124,False,
2434,101.41666666666667,4,752.0336532592773,565.2603793144226,3.501666666666665,0.9998401403427124,False,
2435,101.45833333333334,4,751.7461395263672,566.0897183418274,3.5433333333333366,0.9998401403427124,False,
2436,101.5,4,751.2844467163086,566.8034434318542,3.5849999999999937,0.9998401403427124,False,
2437,101.54166666666667,4,751.020622253418,567.8884720802307,3.626666666666665,0.9998401403427124,False,
2438,101.58333333333334,4,750.4276657104492,568.7120819091797,3.6683333333333366,0.9998401403427124,False,
2439,101.625,4,750.1139450073242,569.4129538536072,3.7099999999999937,0.9998401403427124,False,
2440,101.66666666666667,4,749.7137832641602,570.092453956604,3.751666666666665,0.9998401403427124,False,
2441,101.70833333333334,4,749.3490219116211,570.6803297996521,3.7933333333333366,0.9998401403427124,False,
2442,101.75,4,748.619384765625,572.1864867210388,3.8349999999999937,0.9998401403427124,False,
2443,101.79166666666667,4,747.7863311767578,573.2824373245239,3.876666666666665,0.9998401403427124,False,
2444,101.83333333333334,4,747.3199081420898,574.403600692749,3.9183333333333366,0.9998401403427124,False,
2445,101.875,4,746.934700012207,574.7370743751526,3.9599999999999937,0.9998401403427124,False,
2446,101.91666666666667,4,746.4642333984375,575.7559704780579,4.001666666666665,0.9998401403427124,False,
2447,101.96000000000001,4,746.5507507324219,576.3531160354614,4.045000000000002,0.9998401403427124,False,
2448,102.00166666666668,4,746.4928817749023,577.357120513916,4.086666666666673,0.9998401403427124,False,
2449,102.04333333333334,4,746.4267349243164,578.1086325645447,4.12833333333333,0.9998401403427124,False,
2450,102.08500000000001,4,746.3313293457031,578.0247759819031,4.170000000000002,0.9998401403427124,False,
2451,102.12666666666668,4,746.2448120117188,577.8758811950684,4.211666666666673,0.9998401403427124,False,
2452,102.16833333333334,4,746.2386703491211,577.7938914299011,4.25333333333333,0.9998401403427124,False,
2453,102.21000000000001,4,746.2306976318359,577.8192758560181,4.295000000000002,0.9998401403427124,False,
2454,102.25166666666668,4,745.9281921386719,578.0880761146545,4.336666666666673,0.9998401403427124,False,
2455,102.29333333333334,4,745.8034133911133,578.1588649749756,4.37833333333333,0.9998401403427124,False,
2456,102.33500000000001,4,745.5254364013672,578.2914733886719,4.420000000000002,0.9998401403427124,False,
2457,102.37666666666668,4,745.199089050293,578.6706304550171,4.461666666666673,0.9998401403427124,False,
2458,102.41833333333334,4,745.067138671875,578.842248916626,4.50333333333333,0.9998401403427124,False,
2459,102.46000000000001,4,745.0170135498047,579.1623544692993,4.545000000000002,0.9998401403427124,False,
2460,102.50166666666668,4,744.9536895751953,579.5762729644775,4.586666666666673,0.9998401403427124,False,
2461,102.54333333333334,4,744.901237487793,579.9079442024231,4.62833333333333,0.9998401403427124,False,
2462,102.58500000000001,4,744.7690963745117,580.3429126739502,4.670000000000002,0.9998401403427124,False,
2463,102.62666666666668,4,744.793586730957,580.3182578086853,4.711666666666673,0.9998401403427124,False,
2464,102.66833333333334,4,744.422721862793,581.1943101882935,4.75333333333333,0.9998401403427124,False,
2465,102.71000000000001,4,743.5814666748047,582.190568447113,4.795000000000002,0.9998401403427124,False,
2466,102.75166666666668,4,743.2574462890625,582.7397561073303,4.836666666666673,0.9998401403427124,False,
2467,102.79333333333334,4,742.6414489746094,584.3588447570801,4.87833333333333,0.9998401403427124,False,
2468,102.83500000000001,4,742.5105667114258,585.0864744186401,4.920000000000002,0.9998401403427124,False,
2469,102.87666666666668,4,742.3228073120117,586.2415194511414,4.961666666666673,0.9998401403427124,False,
2470,102.91833333333334,4,741.6135406494141,587.5895762443542,5.00333333333333,0.9998401403427124,True,Long stay detected: 5.0s
2471,102.96000000000001,4,740.7942581176758,588.8295722007751,5.045000000000002,0.9998401403427124,True,
2472,103.00166666666668,4,740.0239562988281,590.3863906860352,5.086666666666673,0.9998401403427124,True,
2473,103.04333333333334,4,738.9933395385742,592.3288249969482,5.12833333333333,0.9998401403427124,True,
2474,103.08500000000001,4,737.9178619384766,593.7130379676819,5.170000000000002,0.9998401403427124,True,
2475,103.12666666666668,4,736.8501281738281,594.5996260643005,5.211666666666673,0.9998401403427124,True,
2476,103.16833333333334,4,736.0965347290039,596.6522026062012,5.25333333333333,0.9998401403427124,True,
2477,103.21000000000001,4,734.6339416503906,599.7157573699951,5.295000000000002,0.9998401403427124,True,
2478,103.25166666666668,4,733.2932662963867,601.8343377113342,5.336666666666673,0.9998401403427124,True,
2479,103.29333333333334,4,732.434196472168,602.6789546012878,5.37833333333333,0.9998401403427124,True,
2480,103.33500000000001,4,730.6843566894531,604.0264105796814,5.420000000000002,0.9998401403427124,True,
2481,103.37666666666668,4,728.4149169921875,606.5239334106445,5.461666666666673,0.9998401403427124,True,
2482,103.41833333333334,4,727.7069854736328,608.9647006988525,5.50333333333333,0.9998401403427124,True,
2483,103.46000000000001,4,726.7465209960938,609.674391746521,5.545000000000002,0.9998401403427124,True,
2484,103.50166666666668,4,725.8451080322266,610.1843976974487,5.586666666666673,0.9998401403427124,True,
2485,103.54333333333334,4,724.9251174926758,611.6386699676514,5.62833333333333,0.9998401403427124,True,
2486,103.58500000000001,4,724.2507171630859,612.6029992103577,5.670000000000002,0.9998401403427124,True,
2487,103.62666666666668,4,723.7930679321289,612.9790878295898,5.711666666666673,0.9998401403427124,True,
2488,103.66833333333334,4,722.7057266235352,615.5710673332214,5.75333333333333,0.9998401403427124,True,
2489,103.71000000000001,4,722.1210098266602,615.8801651000977,5.795000000000002,0.9998401403427124,True,
2490,103.75166666666668,4,720.7556915283203,617.5209474563599,5.836666666666673,0.9998401403427124,True,
2491,103.79333333333334,4,720.7101821899414,618.2843470573425,5.87833333333333,0.9998401403427124,True,
2492,103.83500000000001,4,720.4973602294922,619.1229772567749,5.920000000000002,0.9998401403427124,True,
2493,103.87666666666668,4,719.6298599243164,620.84064245224,5.961666666666673,0.9998401403427124,True,
2494,103.91833333333334,4,718.8542938232422,621.773042678833,6.00333333333333,0.9998401403427124,True,
2495,103.96000000000001,4,718.3901596069336,621.8332529067993,6.045000000000002,0.9998401403427124,True,
2496,104.00166666666668,4,717.7643966674805,622.1828198432922,6.086666666666673,0.9998401403427124,True,
2497,104.04333333333334,4,717.4345016479492,621.836793422699,6.12833333333333,0.9998401403427124,True,
2498,104.08500000000001,4,717.3174285888672,621.9058227539062,6.170000000000002,0.9998401403427124,True,
2499,104.12666666666668,4,717.1126556396484,622.2129034996033,6.211666666666673,0.9998401403427124,True,
2500,104.16833333333334,4,716.6395950317383,622.5206923484802,6.25333333333333,0.9998401403427124,True,
2501,104.21000000000001,4,716.5190887451172,622.3349976539612,6.295000000000002,0.9998401403427124,True,
2502,104.25166666666668,4,716.374397277832,622.2214865684509,6.336666666666673,0.9998401403427124,True,
2503,104.29333333333334,4,716.1231231689453,622.4226951599121,6.37833333333333,0.9998401403427124,True,
2504,104.33500000000001,4,716.0080718994141,623.0365562438965,6.420000000000002,0.9998401403427124,True,
2505,104.37666666666668,4,716.0383224487305,623.7392950057983,6.461666666666673,0.9998401403427124,True,
2506,104.41833333333334,4,716.1389541625977,624.2305684089661,6.50333333333333,0.9998401403427124,True,
2507,104.46000000000001,4,716.1705017089844,625.1256966590881,6.545000000000002,0.9998401403427124,True,
2508,104.50166666666668,4,716.302490234375,626.0799407958984,6.586666666666673,0.9998401403427124,True,
2509,104.54333333333334,4,716.3006591796875,627.5357580184937,6.62833333333333,0.9998401403427124,True,
2510,104.58500000000001,4,716.351203918457,629.1802525520325,6.670000000000002,0.9998401403427124,True,
2511,104.62666666666668,4,716.5786361694336,629.7153425216675,6.711666666666673,0.9998401403427124,True,
2512,104.66833333333334,4,716.590461730957,630.5611824989319,6.75333333333333,0.9998401403427124,True,
2513,104.71000000000001,4,716.5653228759766,631.5510678291321,6.795000000000002,0.9998401403427124,True,
2514,104.75166666666668,4,716.5493774414062,633.4330129623413,6.836666666666673,0.9998401403427124,True,
2515,104.79333333333334,4,716.5166473388672,635.7684230804443,6.87833333333333,0.9998401403427124,True,
2516,104.83500000000001,4,716.0533905029297,637.9411625862122,6.920000000000002,0.9998401403427124,True,
2517,104.87666666666668,4,715.4264068603516,640.5075645446777,6.961666666666673,0.9998401403427124,True,
2518,104.91833333333334,4,714.5556640625,643.4694957733154,7.00333333333333,0.9998401403427124,True,
2519,104.96000000000001,4,713.2915115356445,646.2044048309326,7.045000000000002,0.9998401403427124,True,
2520,105.00166666666668,4,711.4527130126953,649.3119478225708,7.086666666666673,0.9998401403427124,True,
2521,105.04333333333334,4,709.7262954711914,651.3454914093018,7.12833333333333,0.9998401403427124,True,
2522,105.08500000000001,4,709.1671752929688,654.2775750160217,7.170000000000002,0.9998401403427124,True,
2523,105.12666666666668,4,708.4050369262695,657.00115442276,7.211666666666673,0.9998401403427124,True,
2524,105.16833333333334,4,707.7280807495117,659.0319728851318,0.0,0.9998401403427124,False,
2525,105.21000000000001,4,707.1602249145508,660.9690856933594,0.0,0.9998401403427124,False,
2526,105.25166666666668,4,705.5880355834961,664.1173338890076,0.0,0.9998401403427124,False,
2527,105.29333333333334,4,704.1179275512695,667.1269655227661,0.0,0.9998401403427124,False,
2528,105.33500000000001,4,702.321662902832,669.3008637428284,0.0,0.9998401403427124,False,
2529,105.37666666666668,4,701.081428527832,673.3111953735352,0.0,0.9998401403427124,False,
2530,105.41833333333334,4,700.3873443603516,675.2724695205688,0.0,0.9998401403427124,False,
2531,105.46000000000001,4,698.7368774414062,677.3802995681763,0.0,0.9998401403427124,False,
2532,105.50166666666668,4,697.8575134277344,677.8373908996582,0.0,0.9998401403427124,False,
2533,105.54333333333334,4,696.3236618041992,680.1544547080994,0.0,0.9998401403427124,False,
2534,105.58500000000001,4,695.3591918945312,681.702926158905,0.0,0.9998401403427124,False,
2535,105.62666666666668,4,695.6792068481445,683.0143761634827,0.0,0.9998401403427124,False,
2536,105.66833333333334,4,694.1394805908203,684.5548009872437,0.0,0.9998401403427124,False,
2537,105.71000000000001,4,693.0356597900391,685.373067855835,0.0,0.9998401403427124,False,
2538,105.75166666666668,4,692.7143478393555,687.026424407959,0.0,0.9998401403427124,False,
2539,105.79333333333334,4,692.4782943725586,687.2799682617188,0.04166666666665719,0.9998401403427124,False,
2540,105.83500000000001,4,691.9578170776367,688.0920553207397,0.0833333333333286,0.9998401403427124,False,
2541,105.87666666666668,4,691.5166473388672,688.5600256919861,0.125,0.9998401403427124,False,
2542,105.91833333333334,4,690.6978607177734,688.7641954421997,0.1666666666666572,0.9998401403427124,False,
2543,105.96166666666667,4,690.0329208374023,689.1970825195312,0.20999999999999375,0.9998401403427124,False,
2544,106.00333333333334,4,689.2904281616211,689.5475506782532,0.25166666666666515,0.9998401403427124,False,
2545,106.045,4,688.5303497314453,690.3453683853149,0.29333333333332234,0.9998401403427124,False,
2546,106.08666666666667,4,688.3337020874023,691.4196467399597,0.33499999999999375,0.9998401403427124,False,
2547,106.12833333333334,4,688.2514190673828,691.9349956512451,0.37666666666666515,0.9998401403427124,False,
2548,106.17,4,688.2948303222656,692.2111344337463,0.41833333333332234,0.9998401403427124,False,
2549,106.21166666666667,4,688.363151550293,692.7714586257935,0.45999999999999375,0.9998401403427124,False,
2550,106.25333333333334,4,688.2542419433594,694.5536684989929,0.5016666666666652,0.9998401403427124,False,
2551,106.295,4,687.8286743164062,696.3501048088074,0.5433333333333223,0.9998401403427124,False,
2552,106.33666666666667,4,687.5844192504883,698.2340025901794,0.5849999999999937,0.9998401403427124,False,
2553,106.37833333333334,4,686.3253402709961,700.347797870636,0.6266666666666652,0.9998401403427124,False,
2554,106.42,4,684.4722366333008,703.1545257568359,0.6683333333333223,0.9998401403427124,False,
2555,106.46166666666667,4,683.3440017700195,705.2789855003357,0.7099999999999937,0.9998401403427124,False,
2556,106.50333333333334,4,682.0517730712891,708.013551235199,0.7516666666666652,0.9998401403427124,False,
2557,106.545,4,680.8206176757812,710.3706979751587,0.7933333333333223,0.9998401403427124,False,
2558,106.58666666666667,4,680.8206176757812,710.3706979751587,0.7933333333333223,0.9998401403427124,False,
2559,106.62833333333334,4,680.8206176757812,710.3706979751587,0.7933333333333223,0.9998401403427124,False,
2560,106.67,4,680.8206176757812,710.3706979751587,0.7933333333333223,0.9998401403427124,False,
2561,106.71166666666667,4,680.8206176757812,710.3706979751587,0.7933333333333223,0.9998401403427124,False,
2562,106.75333333333334,4,680.8206176757812,710.3706979751587,0.7933333333333223,0.9998401403427124,False,
2563,106.795,4,680.8206176757812,710.3706979751587,0.7933333333333223,0.9998401403427124,False,
2564,106.83666666666667,4,680.8206176757812,710.3706979751587,0.7933333333333223,0.9998401403427124,False,
2565,106.87833333333334,4,680.8206176757812,710.3706979751587,0.7933333333333223,0.9998401403427124,False,
2566,106.92,4,680.8206176757812,710.3706979751587,0.7933333333333223,0.9998401403427124,False,
2567,106.96166666666667,4,680.8206176757812,710.3706979751587,0.7933333333333223,0.9998401403427124,False,
2568,107.00333333333334,4,680.8206176757812,710.3706979751587,0.7933333333333223,0.9998401403427124,False,
2569,107.045,4,680.8206176757812,710.3706979751587,0.7933333333333223,0.9998401403427124,False,
2570,107.08666666666667,4,680.8206176757812,710.3706979751587,0.7933333333333223,0.9998401403427124,False,
2571,107.12833333333334,4,680.8206176757812,710.3706979751587,0.7933333333333223,0.9998401403427124,False,
2572,107.17,4,680.8206176757812,710.3706979751587,0.7933333333333223,0.9998401403427124,False,
2573,107.21166666666667,4,680.8206176757812,710.3706979751587,0.7933333333333223,0.9998401403427124,False,
2574,107.25333333333334,4,680.8206176757812,710.3706979751587,0.7933333333333223,0.9998401403427124,False,
2575,107.295,4,680.8206176757812,710.3706979751587,0.7933333333333223,0.9998401403427124,False,
2576,107.33666666666667,4,680.8206176757812,710.3706979751587,0.7933333333333223,0.9998401403427124,False,
2577,107.37833333333334,4,680.8206176757812,710.3706979751587,0.7933333333333223,0.9998401403427124,False,
2578,107.42,4,680.8206176757812,710.3706979751587,0.7933333333333223,0.9998401403427124,False,
2579,107.46166666666667,4,680.8206176757812,710.3706979751587,0.7933333333333223,0.9998401403427124,False,
2580,107.50333333333334,4,680.8206176757812,710.3706979751587,0.7933333333333223,0.9998401403427124,False,
2581,107.545,4,680.8206176757812,710.3706979751587,0.7933333333333223,0.9998401403427124,False,
2582,107.58666666666667,4,680.8206176757812,710.3706979751587,0.7933333333333223,0.9998401403427124,False,
2583,107.62833333333334,4,680.8206176757812,710.3706979751587,0.7933333333333223,0.9998401403427124,False,
2584,107.67,4,680.8206176757812,710.3706979751587,0.7933333333333223,0.9998401403427124,False,
2585,107.71166666666667,4,680.8206176757812,710.3706979751587,0.7933333333333223,0.9998401403427124,False,
2586,107.75333333333334,4,680.8206176757812,710.3706979751587,0.7933333333333223,0.9998401403427124,False,
2587,107.795,4,680.8206176757812,710.3706979751587,0.7933333333333223,0.9998401403427124,False,
2588,107.83666666666667,4,680.8206176757812,710.3706979751587,0.7933333333333223,0.9998401403427124,False,
2589,107.87833333333334,4,680.8206176757812,710.3706979751587,0.7933333333333223,0.9998401403427124,False,
2590,107.92,4,680.8206176757812,710.3706979751587,0.7933333333333223,0.9998401403427124,False,
2591,107.96166666666667,4,680.8206176757812,710.3706979751587,0.7933333333333223,0.9998401403427124,False,
2592,108.00333333333334,4,680.8206176757812,710.3706979751587,0.7933333333333223,0.9998401403427124,False,
2593,108.045,4,680.8206176757812,710.3706979751587,0.7933333333333223,0.9998401403427124,False,
2594,108.08666666666667,4,680.8206176757812,710.3706979751587,0.7933333333333223,0.9998401403427124,False,
2595,108.12833333333334,4,680.8206176757812,710.3706979751587,0.7933333333333223,0.9998401403427124,False,
2596,108.17,4,680.8206176757812,710.3706979751587,0.7933333333333223,0.9998401403427124,False,
2597,108.21166666666667,4,680.8206176757812,710.3706979751587,0.7933333333333223,0.9998401403427124,False,
2598,108.25333333333334,4,680.8206176757812,710.3706979751587,0.7933333333333223,0.9998401403427124,False,
2599,108.295,4,680.8206176757812,710.3706979751587,0.7933333333333223,0.9998401403427124,False,
2600,108.33666666666667,4,680.8206176757812,710.3706979751587,0.7933333333333223,0.9998401403427124,False,
2601,108.37833333333334,4,680.8206176757812,710.3706979751587,0.7933333333333223,0.9998401403427124,False,
2602,108.42,4,680.8206176757812,710.3706979751587,0.7933333333333223,0.9998401403427124,False,
2603,108.46166666666667,4,680.8206176757812,710.3706979751587,0.7933333333333223,0.9998401403427124,False,
2604,108.50333333333334,4,680.8206176757812,710.3706979751587,0.7933333333333223,0.9998401403427124,False,
2605,108.545,4,680.8206176757812,710.3706979751587,0.7933333333333223,0.9998401403427124,False,
2606,108.58666666666667,4,680.8206176757812,710.3706979751587,0.7933333333333223,0.9998401403427124,False,
2607,108.62833333333334,4,680.8206176757812,710.3706979751587,0.7933333333333223,0.9998401403427124,False,
2608,108.67,4,680.8206176757812,710.3706979751587,0.7933333333333223,0.9998401403427124,False,
2609,108.71166666666667,4,680.8206176757812,710.3706979751587,0.7933333333333223,0.9998401403427124,False,
2610,108.75333333333334,4,680.8206176757812,710.3706979751587,0.7933333333333223,0.9998401403427124,False,
2611,108.795,4,680.8206176757812,710.3706979751587,0.7933333333333223,0.9998401403427124,False,
2612,108.83666666666667,4,680.8206176757812,710.3706979751587,0.7933333333333223,0.9998401403427124,False,
2613,108.87833333333334,4,680.8206176757812,710.3706979751587,0.7933333333333223,0.9998401403427124,False,
2614,108.92,4,680.8206176757812,710.3706979751587,0.7933333333333223,0.9998401403427124,False,
2615,108.96166666666667,4,680.8206176757812,710.3706979751587,0.7933333333333223,0.9998401403427124,False,
2616,109.00333333333334,4,680.8206176757812,710.3706979751587,0.7933333333333223,0.9998401403427124,False,
2617,109.045,4,680.8206176757812,710.3706979751587,0.7933333333333223,0.9998401403427124,False,
2618,109.08666666666667,4,680.8206176757812,710.3706979751587,0.7933333333333223,0.9998401403427124,False,
2619,109.12833333333334,4,680.8206176757812,710.3706979751587,0.7933333333333223,0.9998401403427124,False,
2620,109.17,4,680.8206176757812,710.3706979751587,0.7933333333333223,0.9998401403427124,False,
2621,109.21166666666667,4,680.8206176757812,710.3706979751587,0.7933333333333223,0.9998401403427124,False,
2622,109.25333333333334,4,680.8206176757812,710.3706979751587,0.7933333333333223,0.9998401403427124,False,
2623,109.295,4,680.8206176757812,710.3706979751587,0.7933333333333223,0.9998401403427124,False,
2624,109.33666666666667,4,680.8206176757812,710.3706979751587,0.7933333333333223,0.9998401403427124,False,
2625,109.37833333333334,4,680.8206176757812,710.3706979751587,0.7933333333333223,0.9998401403427124,False,
2626,109.42,4,680.8206176757812,710.3706979751587,0.7933333333333223,0.9998401403427124,False,
2627,109.46166666666667,4,680.8206176757812,710.3706979751587,0.7933333333333223,0.9998401403427124,False,
2628,109.50333333333334,4,680.8206176757812,710.3706979751587,0.7933333333333223,0.9998401403427124,False,
2629,109.545,4,680.8206176757812,710.3706979751587,0.7933333333333223,0.9998401403427124,False,
2630,109.58666666666667,4,680.8206176757812,710.3706979751587,0.7933333333333223,0.9998401403427124,False,
2631,109.62833333333334,4,680.8206176757812,710.3706979751587,0.7933333333333223,0.9998401403427124,False,
2632,109.67,4,680.8206176757812,710.3706979751587,0.7933333333333223,0.9998401403427124,False,
2633,109.71166666666667,4,680.8206176757812,710.3706979751587,0.7933333333333223,0.9998401403427124,False,
2634,109.75333333333334,4,680.8206176757812,710.3706979751587,0.7933333333333223,0.9998401403427124,False,
2635,109.795,4,680.8206176757812,710.3706979751587,0.7933333333333223,0.9998401403427124,False,
2636,109.83666666666667,4,680.8206176757812,710.3706979751587,0.7933333333333223,0.9998401403427124,False,
2637,109.87833333333334,4,680.8206176757812,710.3706979751587,0.7933333333333223,0.9998401403427124,False,
2638,109.92,4,680.8206176757812,710.3706979751587,0.7933333333333223,0.9998401403427124,False,
2639,109.96333333333334,4,680.8206176757812,710.3706979751587,0.7933333333333223,0.9998401403427124,False,
2640,110.00500000000001,4,680.8206176757812,710.3706979751587,0.7933333333333223,0.9998401403427124,False,
2641,110.04666666666667,4,680.8206176757812,710.3706979751587,0.7933333333333223,0.9998401403427124,False,
2642,110.08833333333334,4,680.8206176757812,710.3706979751587,0.7933333333333223,0.9998401403427124,False,
2643,110.13000000000001,4,680.8206176757812,710.3706979751587,0.7933333333333223,0.9998401403427124,False,
2644,110.17166666666667,4,680.8206176757812,710.3706979751587,0.7933333333333223,0.9998401403427124,False,
2645,110.21333333333334,4,680.8206176757812,710.3706979751587,0.7933333333333223,0.9998401403427124,False,
2646,110.25500000000001,4,680.8206176757812,710.3706979751587,0.7933333333333223,0.9998401403427124,False,
2647,110.29666666666667,4,680.8206176757812,710.3706979751587,0.7933333333333223,0.9998401403427124,False,
2648,110.33833333333334,4,680.8206176757812,710.3706979751587,0.7933333333333223,0.9998401403427124,False,
2649,110.38000000000001,4,680.8206176757812,710.3706979751587,0.7933333333333223,0.9998401403427124,False,
2650,110.42166666666667,4,680.8206176757812,710.3706979751587,0.7933333333333223,0.9998401403427124,False,
2651,110.46333333333334,4,680.8206176757812,710.3706979751587,0.7933333333333223,0.9998401403427124,False,
2652,110.50500000000001,4,680.8206176757812,710.3706979751587,0.7933333333333223,0.9998401403427124,False,
2653,110.54666666666667,4,680.8206176757812,710.3706979751587,0.7933333333333223,0.9998401403427124,False,
2654,110.58833333333334,4,680.8206176757812,710.3706979751587,0.7933333333333223,0.9998401403427124,False,
2655,110.63000000000001,4,680.8206176757812,710.3706979751587,0.7933333333333223,0.9998401403427124,False,
2656,110.67166666666667,4,680.8206176757812,710.3706979751587,0.7933333333333223,0.9998401403427124,False,
2657,110.71333333333334,4,680.8206176757812,710.3706979751587,0.7933333333333223,0.9998401403427124,False,
2658,110.75500000000001,4,680.8206176757812,710.3706979751587,0.7933333333333223,0.9998401403427124,False,
2659,110.79666666666667,4,680.8206176757812,710.3706979751587,0.7933333333333223,0.9998401403427124,False,
2660,110.83833333333334,4,680.8206176757812,710.3706979751587,0.7933333333333223,0.9998401403427124,False,
2661,110.88000000000001,4,680.8206176757812,710.3706979751587,0.7933333333333223,0.9998401403427124,False,
2662,110.92166666666667,4,680.8206176757812,710.3706979751587,0.7933333333333223,0.9998401403427124,False,
2663,110.96333333333334,4,680.8206176757812,710.3706979751587,0.7933333333333223,0.9998401403427124,False,
2664,111.00500000000001,4,680.8206176757812,710.3706979751587,0.7933333333333223,0.9998401403427124,False,
2665,111.04666666666667,4,680.8206176757812,710.3706979751587,0.7933333333333223,0.9998401403427124,False,
2666,111.08833333333334,4,680.8206176757812,710.3706979751587,0.7933333333333223,0.9998401403427124,False,
2667,111.13000000000001,4,680.8206176757812,710.3706979751587,0.7933333333333223,0.9998401403427124,False,
2668,111.17166666666667,4,680.8206176757812,710.3706979751587,0.7933333333333223,0.9998401403427124,False,
2669,111.21333333333334,4,680.8206176757812,710.3706979751587,0.7933333333333223,0.9998401403427124,False,
2670,111.25500000000001,4,680.8206176757812,710.3706979751587,0.7933333333333223,0.9998401403427124,False,
2671,111.29666666666667,4,680.8206176757812,710.3706979751587,0.7933333333333223,0.9998401403427124,False,
2672,111.33833333333334,4,680.8206176757812,710.3706979751587,0.7933333333333223,0.9998401403427124,False,
2673,111.38000000000001,4,680.8206176757812,710.3706979751587,0.7933333333333223,0.9998401403427124,False,
2674,111.42166666666667,4,680.8206176757812,710.3706979751587,0.7933333333333223,0.9998401403427124,False,
2675,111.46333333333334,4,680.8206176757812,710.3706979751587,0.7933333333333223,0.9998401403427124,False,
2676,111.50500000000001,4,680.8206176757812,710.3706979751587,0.7933333333333223,0.9998401403427124,False,
