timestamp,frame_number,RIGHT_ELBOW_ANGLE,RIGHT_ELBOW_STATE,LEFT_ELBOW_ANGLE,LEFT_ELBOW_STATE,RIGHT_SHOULDER_ANGLE,RIGHT_SHOULDER_STATE,LEFT_SHOULDER_ANGLE,LEFT_SHOULDER_STATE,RIGHT_HIP_ANGLE,RIGHT_HIP_STATE,LEFT_HIP_ANGLE,LEFT_HIP_STATE,RIGHT_KNEE_ANGLE,RIGHT_KNEE_STATE,LEFT_KNEE_ANGLE,LEFT_KNEE_STATE,BODY_TILT_ANGLE,BODY_TILT_STATE,NECK_TRUNK_ANGLE_ANGLE,NECK_TRUNK_ANGLE_STATE,FORWARD_LEANING,FORWARD_SCORE,MONITORING_DURATION,FORWARD_RATIO
-0.0016666666666666668,0,28.21,STATIC,158.20,STATIC,89.79,STATIC,106.79,STATIC,94.49,STATIC,94.31,STATIC,60.52,STATIC,28.18,STATIC,False,0.002,0.0,0.000
0.04166666666666667,1,20.23,FLEXION,159.86,STATIC,88.47,STATIC,94.14,FLEXION,92.29,STATIC,91.89,STATIC,59.13,STATIC,22.21,FLEXION,False,0.167,0.0,0.000
0.08333333333333334,2,44.26,EXTENSION,160.44,STATIC,90.37,STATIC,82.38,FLEXION,95.20,STATIC,93.84,STATIC,87.20,EXTENSION,30.21,EXTENSION,False,0.177,0.1,0.000
0.125,3,48.49,STATIC,164.16,STATIC,90.30,STATIC,81.86,STATIC,95.19,STATIC,95.19,STATIC,89.83,STATIC,33.30,STATIC,False,0.009,0.1,0.000
0.16666666666666669,4,48.02,STATIC,163.94,STATIC,89.69,STATIC,82.36,STATIC,95.71,STATIC,97.51,STATIC,91.86,STATIC,42.87,EXTENSION,False,0.013,0.2,0.000
0.20833333333333334,5,45.96,STATIC,163.37,STATIC,90.19,STATIC,85.47,STATIC,93.73,STATIC,95.21,STATIC,96.74,STATIC,50.21,EXTENSION,False,0.008,0.2,0.000
0.25,6,51.18,EXTENSION,163.61,STATIC,89.95,STATIC,86.79,STATIC,92.51,STATIC,91.80,STATIC,116.01,EXTENSION,47.83,STATIC,False,0.030,0.3,0.000
0.2916666666666667,7,68.40,EXTENSION,163.04,STATIC,89.77,STATIC,82.93,STATIC,92.36,STATIC,92.62,STATIC,133.92,EXTENSION,64.93,EXTENSION,False,0.049,0.3,0.000
0.33333333333333337,8,45.69,FLEXION,165.75,STATIC,89.96,STATIC,81.04,STATIC,91.72,STATIC,91.16,STATIC,135.10,STATIC,89.89,EXTENSION,False,0.044,0.3,0.000
0.375,9,55.21,EXTENSION,165.00,STATIC,89.88,STATIC,80.35,STATIC,92.07,STATIC,91.22,STATIC,132.14,STATIC,111.68,EXTENSION,False,0.030,0.4,0.000
0.4166666666666667,10,46.57,FLEXION,166.25,STATIC,89.73,STATIC,82.82,STATIC,92.15,STATIC,93.41,STATIC,135.57,STATIC,126.47,EXTENSION,False,0.039,0.4,0.000
0.45833333333333337,11,43.29,STATIC,163.88,STATIC,89.63,STATIC,88.30,EXTENSION,92.69,STATIC,93.39,STATIC,144.20,EXTENSION,134.25,EXTENSION,False,0.039,0.5,0.000
0.5,12,40.17,STATIC,163.67,STATIC,89.59,STATIC,88.04,STATIC,92.83,STATIC,92.80,STATIC,141.13,STATIC,137.66,STATIC,False,0.042,0.5,0.000
0.5416666666666667,13,42.70,STATIC,159.89,STATIC,90.67,STATIC,86.92,STATIC,91.59,STATIC,89.56,STATIC,156.41,EXTENSION,131.37,FLEXION,False,0.057,0.5,0.000
0.5833333333333334,14,31.37,FLEXION,165.41,EXTENSION,90.43,STATIC,86.90,STATIC,91.67,STATIC,89.40,STATIC,158.24,STATIC,138.04,EXTENSION,False,0.056,0.6,0.000
0.625,15,28.05,STATIC,167.36,STATIC,90.22,STATIC,86.78,STATIC,91.56,STATIC,90.74,STATIC,155.19,STATIC,146.73,EXTENSION,False,0.054,0.6,0.000
0.6666666666666667,16,38.35,EXTENSION,167.11,STATIC,89.75,STATIC,87.36,STATIC,91.22,STATIC,89.22,STATIC,161.40,EXTENSION,143.64,STATIC,False,0.063,0.7,0.000
0.7083333333333334,17,9.06,FLEXION,162.98,STATIC,89.66,STATIC,78.98,FLEXION,91.08,STATIC,90.28,STATIC,161.38,STATIC,150.43,EXTENSION,False,0.222,0.7,0.000
0.75,18,25.20,EXTENSION,165.68,STATIC,89.49,STATIC,85.22,EXTENSION,91.40,STATIC,90.39,STATIC,160.59,STATIC,149.42,STATIC,False,0.058,0.8,0.000
0.7916666666666667,19,31.20,EXTENSION,164.10,STATIC,88.85,STATIC,90.03,STATIC,92.11,STATIC,91.80,STATIC,159.79,STATIC,154.37,STATIC,False,0.046,0.8,0.000
0.8333333333333334,20,27.87,STATIC,162.31,STATIC,88.96,STATIC,88.44,STATIC,92.35,STATIC,90.83,STATIC,161.42,STATIC,153.07,STATIC,False,0.043,0.8,0.000
0.8750000000000001,21,17.08,FLEXION,161.46,STATIC,89.16,STATIC,87.07,STATIC,92.50,STATIC,90.87,STATIC,160.80,STATIC,152.04,STATIC,False,0.037,0.9,0.000
0.9166666666666667,22,16.02,STATIC,161.52,STATIC,89.37,STATIC,81.02,FLEXION,92.26,STATIC,91.36,STATIC,161.71,STATIC,153.18,STATIC,False,0.203,0.9,0.000
0.9583333333333334,23,16.59,STATIC,162.98,STATIC,89.46,STATIC,80.08,STATIC,92.18,STATIC,91.40,STATIC,161.69,STATIC,154.30,STATIC,False,0.034,1.0,0.000
1.0,24,16.70,STATIC,164.14,STATIC,89.62,STATIC,82.49,STATIC,92.12,STATIC,91.78,STATIC,161.82,STATIC,153.95,STATIC,False,0.030,1.0,0.000
1.0416666666666667,25,16.54,STATIC,164.71,STATIC,89.58,STATIC,78.00,STATIC,92.45,STATIC,91.90,STATIC,158.64,STATIC,152.78,STATIC,False,0.028,1.0,0.000
1.0833333333333335,26,17.34,STATIC,163.22,STATIC,89.71,STATIC,76.90,STATIC,92.38,STATIC,91.87,STATIC,157.84,STATIC,150.38,STATIC,False,0.025,1.1,0.000
1.125,27,19.43,STATIC,164.76,STATIC,89.70,STATIC,76.16,STATIC,92.24,STATIC,92.55,STATIC,154.54,STATIC,148.94,STATIC,False,0.023,1.1,0.000
1.1666666666666667,28,19.98,STATIC,167.02,STATIC,89.85,STATIC,78.76,STATIC,91.98,STATIC,92.16,STATIC,153.91,STATIC,148.50,STATIC,False,0.017,1.2,0.000
1.2083333333333335,29,29.35,EXTENSION,165.64,STATIC,89.79,STATIC,73.51,FLEXION,91.49,STATIC,92.10,STATIC,153.50,STATIC,149.45,STATIC,False,0.176,1.2,0.000
1.25,30,24.07,FLEXION,166.87,STATIC,89.78,STATIC,72.35,STATIC,91.73,STATIC,92.59,STATIC,150.24,STATIC,150.15,STATIC,False,0.005,1.3,0.000
1.2916666666666667,31,28.74,STATIC,165.90,STATIC,89.78,STATIC,72.88,STATIC,91.79,STATIC,92.49,STATIC,149.25,STATIC,149.74,STATIC,False,0.006,1.3,0.000
1.3333333333333335,32,36.25,EXTENSION,165.95,STATIC,89.83,STATIC,71.45,STATIC,92.02,STATIC,93.40,STATIC,148.80,STATIC,151.30,STATIC,False,0.000,1.3,0.000
1.375,33,34.83,STATIC,165.70,STATIC,89.70,STATIC,70.70,STATIC,91.95,STATIC,93.38,STATIC,148.35,STATIC,150.78,STATIC,False,0.001,1.4,0.000
1.4166666666666667,34,42.36,EXTENSION,165.74,STATIC,89.78,STATIC,71.32,STATIC,91.76,STATIC,93.32,STATIC,148.19,STATIC,150.49,STATIC,False,0.001,1.4,0.000
1.4583333333333335,35,43.35,STATIC,166.71,STATIC,89.72,STATIC,71.07,STATIC,91.44,STATIC,93.10,STATIC,148.79,STATIC,150.21,STATIC,False,0.000,1.5,0.000
1.5,36,49.44,EXTENSION,167.33,STATIC,89.68,STATIC,72.13,STATIC,91.17,STATIC,92.63,STATIC,149.43,STATIC,150.46,STATIC,False,0.004,1.5,0.000
1.5416666666666667,37,73.05,EXTENSION,167.83,STATIC,89.94,STATIC,73.90,STATIC,91.11,STATIC,92.30,STATIC,150.44,STATIC,151.86,STATIC,False,0.005,1.5,0.000
1.5833333333333335,38,92.19,EXTENSION,167.25,STATIC,90.11,STATIC,74.35,STATIC,91.28,STATIC,92.68,STATIC,150.43,STATIC,153.56,STATIC,False,0.002,1.6,0.000
1.625,39,98.79,EXTENSION,166.80,STATIC,89.92,STATIC,73.70,STATIC,91.72,STATIC,92.67,STATIC,148.28,STATIC,151.65,STATIC,False,0.002,1.6,0.000
1.6666666666666667,40,112.02,EXTENSION,166.93,STATIC,90.07,STATIC,74.58,STATIC,91.51,STATIC,92.33,STATIC,149.34,STATIC,153.14,STATIC,False,0.001,1.7,0.000
1.7083333333333335,41,125.67,EXTENSION,166.86,STATIC,90.07,STATIC,74.41,STATIC,91.71,STATIC,92.37,STATIC,150.35,STATIC,153.57,STATIC,False,0.002,1.7,0.000
1.7500000000000002,42,126.57,STATIC,167.19,STATIC,90.00,STATIC,74.95,STATIC,91.68,STATIC,91.49,STATIC,151.19,STATIC,153.98,STATIC,False,0.002,1.8,0.000
1.7916666666666667,43,128.77,STATIC,167.70,STATIC,89.84,STATIC,75.79,STATIC,91.70,STATIC,90.96,STATIC,151.50,STATIC,153.58,STATIC,False,0.003,1.8,0.000
1.8333333333333335,44,129.79,STATIC,168.25,STATIC,89.82,STATIC,77.06,STATIC,91.75,STATIC,89.91,STATIC,152.37,STATIC,153.92,STATIC,False,0.004,1.8,0.000
1.8750000000000002,45,128.13,STATIC,168.80,STATIC,89.91,STATIC,77.47,STATIC,91.70,STATIC,90.05,STATIC,152.25,STATIC,154.18,STATIC,False,0.007,1.9,0.000
1.9166666666666667,46,129.91,STATIC,169.29,STATIC,89.89,STATIC,77.43,STATIC,91.14,STATIC,90.02,STATIC,153.46,STATIC,155.03,STATIC,False,0.005,1.9,0.000
1.9583333333333335,47,135.45,EXTENSION,168.85,STATIC,89.77,STATIC,77.36,STATIC,91.38,STATIC,90.42,STATIC,152.14,STATIC,154.10,STATIC,False,0.004,2.0,0.000
2.001666666666667,48,124.34,FLEXION,169.42,STATIC,89.58,STATIC,76.75,STATIC,91.57,STATIC,90.67,STATIC,150.50,STATIC,153.43,STATIC,False,0.004,2.0,0.000
2.0433333333333334,49,117.62,FLEXION,169.56,STATIC,89.63,STATIC,76.37,STATIC,91.70,STATIC,91.10,STATIC,151.19,STATIC,154.02,STATIC,False,0.003,2.0,0.000
2.085,50,109.87,FLEXION,169.38,STATIC,89.65,STATIC,75.55,STATIC,91.67,STATIC,92.20,STATIC,152.10,STATIC,155.60,STATIC,False,0.005,2.1,0.000
2.126666666666667,51,115.89,EXTENSION,169.68,STATIC,89.88,STATIC,76.56,STATIC,91.21,STATIC,92.27,STATIC,150.94,STATIC,155.19,STATIC,False,0.002,2.1,0.000
2.1683333333333334,52,122.05,EXTENSION,169.64,STATIC,89.83,STATIC,76.55,STATIC,90.71,STATIC,90.75,STATIC,150.96,STATIC,156.33,STATIC,False,0.007,2.2,0.000
2.21,53,134.02,EXTENSION,168.64,STATIC,89.87,STATIC,77.12,STATIC,90.40,STATIC,90.22,STATIC,150.62,STATIC,155.98,STATIC,False,0.011,2.2,0.000
2.251666666666667,54,125.17,FLEXION,166.21,STATIC,89.18,STATIC,77.70,STATIC,89.74,STATIC,90.55,STATIC,152.49,STATIC,156.52,STATIC,False,0.017,2.3,0.000
2.2933333333333334,55,137.42,EXTENSION,167.09,STATIC,89.23,STATIC,76.13,STATIC,89.82,STATIC,90.26,STATIC,150.54,STATIC,156.89,STATIC,False,0.023,2.3,0.000
2.335,56,123.16,FLEXION,168.11,STATIC,89.09,STATIC,76.03,STATIC,90.23,STATIC,90.23,STATIC,145.95,STATIC,156.54,STATIC,False,0.029,2.3,0.000
2.376666666666667,57,99.83,FLEXION,168.05,STATIC,89.43,STATIC,78.00,STATIC,90.30,STATIC,89.90,STATIC,145.27,STATIC,156.64,STATIC,False,0.033,2.4,0.000
2.4183333333333334,58,95.67,STATIC,167.33,STATIC,89.85,STATIC,78.31,STATIC,89.91,STATIC,89.91,STATIC,150.91,EXTENSION,155.74,STATIC,False,0.045,2.4,0.000
2.46,59,101.63,EXTENSION,166.02,STATIC,89.89,STATIC,80.80,STATIC,90.10,STATIC,90.70,STATIC,147.90,STATIC,159.34,STATIC,False,0.045,2.5,0.000
2.501666666666667,60,82.32,FLEXION,163.41,STATIC,89.74,STATIC,80.76,STATIC,90.08,STATIC,89.69,STATIC,146.22,STATIC,157.73,STATIC,False,0.051,2.5,0.000
2.5433333333333334,61,83.66,STATIC,161.67,STATIC,89.41,STATIC,77.37,STATIC,90.18,STATIC,89.81,STATIC,145.91,STATIC,158.31,STATIC,False,0.045,2.5,0.000
2.585,62,82.12,STATIC,162.21,STATIC,89.72,STATIC,77.33,STATIC,90.80,STATIC,89.83,STATIC,149.06,STATIC,158.66,STATIC,False,0.046,2.6,0.000
2.626666666666667,63,63.33,FLEXION,162.34,STATIC,89.96,STATIC,77.25,STATIC,91.06,STATIC,90.73,STATIC,151.96,STATIC,158.94,STATIC,False,0.046,2.6,0.000
2.6683333333333334,64,75.99,EXTENSION,160.02,STATIC,90.23,STATIC,84.41,EXTENSION,91.27,STATIC,91.10,STATIC,154.05,STATIC,159.09,STATIC,False,0.035,2.7,0.000
2.71,65,60.04,FLEXION,160.06,STATIC,90.29,STATIC,83.90,STATIC,91.33,STATIC,90.94,STATIC,156.73,STATIC,159.70,STATIC,False,0.036,2.7,0.000
2.751666666666667,66,41.99,FLEXION,159.89,STATIC,90.25,STATIC,84.80,STATIC,91.69,STATIC,91.08,STATIC,155.09,STATIC,161.05,STATIC,False,0.035,2.8,0.000
2.7933333333333334,67,31.90,FLEXION,157.08,STATIC,90.16,STATIC,86.38,STATIC,91.75,STATIC,92.29,STATIC,158.38,STATIC,159.32,STATIC,False,0.033,2.8,0.000
2.835,68,27.56,STATIC,156.67,STATIC,90.00,STATIC,84.87,STATIC,91.97,STATIC,93.09,STATIC,157.20,STATIC,158.40,STATIC,False,0.031,2.8,0.000
2.876666666666667,69,29.84,STATIC,156.47,STATIC,90.06,STATIC,82.76,STATIC,92.05,STATIC,93.30,STATIC,159.63,STATIC,157.99,STATIC,False,0.030,2.9,0.000
2.9183333333333334,70,35.98,EXTENSION,156.42,STATIC,89.97,STATIC,82.69,STATIC,92.36,STATIC,93.16,STATIC,158.10,STATIC,158.29,STATIC,False,0.029,2.9,0.000
2.9600000000000004,71,34.31,STATIC,155.54,STATIC,89.94,STATIC,82.53,STATIC,92.33,STATIC,93.34,STATIC,158.86,STATIC,156.58,STATIC,False,0.038,3.0,0.000
3.001666666666667,72,31.41,STATIC,154.70,STATIC,89.74,STATIC,82.14,STATIC,92.49,STATIC,93.70,STATIC,156.74,STATIC,157.15,STATIC,False,0.040,3.0,0.000
3.0433333333333334,73,20.53,FLEXION,153.35,STATIC,89.58,STATIC,84.75,STATIC,92.55,STATIC,93.68,STATIC,155.46,STATIC,158.28,STATIC,False,0.046,3.0,0.000
3.0850000000000004,74,18.91,STATIC,152.12,STATIC,89.62,STATIC,82.62,STATIC,92.46,STATIC,92.34,STATIC,156.22,STATIC,158.48,STATIC,False,0.045,3.1,0.000
3.126666666666667,75,17.43,STATIC,151.52,STATIC,89.60,STATIC,83.61,STATIC,92.52,STATIC,92.41,STATIC,155.06,STATIC,158.89,STATIC,False,0.042,3.1,0.000
3.1683333333333334,76,19.82,STATIC,151.35,STATIC,89.52,STATIC,84.26,STATIC,92.68,STATIC,92.57,STATIC,153.79,STATIC,158.59,STATIC,False,0.037,3.2,0.000
3.2100000000000004,77,21.79,STATIC,151.31,STATIC,89.29,STATIC,84.62,STATIC,92.93,STATIC,93.13,STATIC,152.91,STATIC,159.45,STATIC,False,0.032,3.2,0.000
3.251666666666667,78,26.55,STATIC,152.46,STATIC,89.23,STATIC,86.94,STATIC,93.31,STATIC,93.58,STATIC,151.05,STATIC,161.40,STATIC,False,0.025,3.3,0.000
3.2933333333333334,79,31.55,EXTENSION,151.36,STATIC,89.24,STATIC,85.45,STATIC,93.19,STATIC,93.71,STATIC,150.37,STATIC,160.35,STATIC,False,0.027,3.3,0.000
3.3350000000000004,80,38.70,EXTENSION,150.21,STATIC,89.26,STATIC,84.33,STATIC,93.03,STATIC,93.09,STATIC,149.13,STATIC,158.16,STATIC,False,0.028,3.3,0.000
3.376666666666667,81,45.55,EXTENSION,153.37,STATIC,89.25,STATIC,85.23,STATIC,92.93,STATIC,92.70,STATIC,148.99,STATIC,157.17,STATIC,False,0.025,3.4,0.000
3.4183333333333334,82,48.88,STATIC,154.19,STATIC,89.44,STATIC,83.85,STATIC,92.63,STATIC,92.75,STATIC,148.29,STATIC,156.71,STATIC,False,0.033,3.4,0.000
3.4600000000000004,83,38.26,FLEXION,154.24,STATIC,89.73,STATIC,83.65,STATIC,92.28,STATIC,92.43,STATIC,147.21,STATIC,155.92,STATIC,False,0.037,3.5,0.000
3.501666666666667,84,28.79,FLEXION,153.28,STATIC,89.67,STATIC,84.59,STATIC,92.33,STATIC,92.35,STATIC,146.43,STATIC,157.95,STATIC,False,0.039,3.5,0.000
3.5433333333333334,85,21.46,FLEXION,153.42,STATIC,89.69,STATIC,84.98,STATIC,92.24,STATIC,92.43,STATIC,145.30,STATIC,158.22,STATIC,False,0.043,3.5,0.000
3.5850000000000004,86,14.75,FLEXION,152.71,STATIC,89.84,STATIC,84.35,STATIC,92.07,STATIC,92.51,STATIC,145.32,STATIC,158.54,STATIC,False,0.048,3.6,0.000
3.626666666666667,87,14.79,STATIC,151.12,STATIC,89.93,STATIC,82.42,STATIC,91.75,STATIC,91.99,STATIC,144.57,STATIC,157.60,STATIC,False,0.054,3.6,0.000
3.6683333333333334,88,17.45,STATIC,150.48,STATIC,89.78,STATIC,82.89,STATIC,91.82,STATIC,91.64,STATIC,140.24,STATIC,157.10,STATIC,False,0.054,3.7,0.000
3.7100000000000004,89,14.09,STATIC,148.73,STATIC,89.77,STATIC,81.84,STATIC,92.10,STATIC,92.20,STATIC,137.11,STATIC,158.82,STATIC,False,0.053,3.7,0.000
3.751666666666667,90,13.28,STATIC,149.09,STATIC,89.93,STATIC,79.28,STATIC,91.96,STATIC,91.84,STATIC,136.67,STATIC,158.06,STATIC,False,0.058,3.8,0.000
3.7933333333333334,91,14.75,STATIC,148.62,STATIC,90.14,STATIC,78.55,STATIC,91.77,STATIC,91.47,STATIC,135.88,STATIC,155.66,STATIC,False,0.062,3.8,0.000
3.8350000000000004,92,15.84,STATIC,150.82,STATIC,90.24,STATIC,78.86,STATIC,91.94,STATIC,91.58,STATIC,134.96,STATIC,154.43,STATIC,False,0.055,3.8,0.000
3.876666666666667,93,14.12,STATIC,152.17,STATIC,90.16,STATIC,81.01,STATIC,92.17,STATIC,93.13,STATIC,135.34,STATIC,156.63,STATIC,False,0.054,3.9,0.000
3.9183333333333334,94,25.46,EXTENSION,149.63,STATIC,88.83,STATIC,77.92,STATIC,91.84,STATIC,93.86,STATIC,128.70,FLEXION,157.20,STATIC,False,0.057,3.9,0.000
3.9600000000000004,95,9.15,FLEXION,152.15,STATIC,89.82,STATIC,78.26,STATIC,91.54,STATIC,93.01,STATIC,121.22,FLEXION,157.08,STATIC,False,0.056,4.0,0.000
4.001666666666667,96,14.67,EXTENSION,163.11,EXTENSION,90.52,STATIC,80.70,STATIC,91.74,STATIC,93.79,STATIC,115.93,FLEXION,154.84,STATIC,False,0.055,4.0,0.000
4.043333333333334,97,23.76,EXTENSION,167.59,STATIC,90.57,STATIC,81.56,STATIC,92.82,STATIC,96.36,STATIC,111.89,STATIC,162.05,EXTENSION,False,0.054,4.0,0.000
4.085,98,16.62,FLEXION,170.67,STATIC,89.60,STATIC,80.50,STATIC,92.38,STATIC,95.41,STATIC,110.01,STATIC,156.71,FLEXION,False,0.051,4.1,0.000
4.126666666666667,99,14.48,STATIC,175.23,STATIC,88.59,STATIC,78.38,STATIC,93.61,STATIC,97.34,STATIC,105.23,STATIC,159.12,STATIC,False,0.026,4.1,0.000
4.21,101,36.85,EXTENSION,172.10,STATIC,84.87,STATIC,68.97,FLEXION,96.82,STATIC,99.54,STATIC,104.53,STATIC,148.08,FLEXION,False,0.167,4.2,0.000
4.251666666666667,102,38.57,STATIC,172.55,STATIC,84.54,STATIC,64.51,STATIC,96.83,STATIC,99.22,STATIC,101.57,STATIC,144.57,STATIC,False,0.008,4.3,0.000
4.293333333333334,103,37.60,STATIC,171.72,STATIC,83.86,STATIC,62.75,STATIC,96.98,STATIC,98.56,STATIC,100.21,STATIC,140.38,STATIC,False,0.009,4.3,0.000
4.335,104,36.42,STATIC,163.29,FLEXION,83.14,STATIC,60.63,STATIC,96.96,STATIC,97.76,STATIC,98.03,STATIC,134.48,FLEXION,False,0.016,4.3,0.000
4.376666666666667,105,35.79,STATIC,166.03,STATIC,82.94,STATIC,59.44,STATIC,97.02,STATIC,97.69,STATIC,96.13,STATIC,127.88,FLEXION,False,0.018,4.4,0.000
4.418333333333334,106,35.73,STATIC,164.57,STATIC,82.67,STATIC,55.77,STATIC,97.02,STATIC,97.55,STATIC,94.21,STATIC,121.93,FLEXION,False,0.018,4.4,0.000
4.46,107,36.49,STATIC,164.04,STATIC,82.76,STATIC,55.06,STATIC,96.66,STATIC,97.17,STATIC,91.85,STATIC,114.58,FLEXION,False,0.021,4.5,0.000
4.501666666666667,108,36.33,STATIC,161.49,STATIC,82.56,STATIC,53.10,STATIC,96.85,STATIC,97.46,STATIC,91.38,STATIC,110.17,STATIC,False,0.020,4.5,0.000
4.543333333333334,109,36.28,STATIC,159.52,STATIC,82.38,STATIC,51.59,STATIC,96.70,STATIC,97.45,STATIC,90.11,STATIC,105.00,FLEXION,False,0.022,4.5,0.000
4.585,110,36.12,STATIC,158.03,STATIC,82.25,STATIC,50.29,STATIC,96.43,STATIC,96.93,STATIC,88.40,STATIC,100.09,STATIC,False,0.020,4.6,0.000
4.626666666666667,111,37.49,STATIC,156.95,STATIC,81.96,STATIC,48.72,STATIC,96.50,STATIC,96.67,STATIC,87.78,STATIC,94.80,FLEXION,False,0.016,4.6,0.000
4.668333333333334,112,38.17,STATIC,156.83,STATIC,81.60,STATIC,47.26,STATIC,96.65,STATIC,96.77,STATIC,87.74,STATIC,91.92,STATIC,False,0.011,4.7,0.000
4.71,113,38.77,STATIC,157.11,STATIC,81.33,STATIC,47.80,STATIC,96.80,STATIC,97.14,STATIC,88.04,STATIC,89.44,STATIC,False,0.009,4.7,0.000
4.751666666666667,114,39.76,STATIC,156.56,STATIC,81.05,STATIC,46.53,STATIC,97.11,STATIC,97.17,STATIC,88.66,STATIC,87.29,STATIC,False,0.007,4.8,0.000
4.793333333333334,115,40.15,STATIC,156.48,STATIC,80.96,STATIC,45.18,STATIC,97.01,STATIC,97.04,STATIC,87.83,STATIC,84.93,STATIC,False,0.010,4.8,0.000
4.835,116,41.14,STATIC,156.79,STATIC,80.79,STATIC,41.99,STATIC,97.27,STATIC,97.42,STATIC,88.15,STATIC,84.52,STATIC,False,0.007,4.8,0.000
4.876666666666667,117,41.73,STATIC,156.34,STATIC,80.81,STATIC,41.07,STATIC,97.32,STATIC,97.26,STATIC,88.39,STATIC,83.69,STATIC,False,0.009,4.9,0.000
4.918333333333334,118,42.61,STATIC,155.73,STATIC,80.75,STATIC,40.61,STATIC,97.47,STATIC,97.34,STATIC,88.78,STATIC,82.90,STATIC,False,0.011,4.9,0.000
4.96,119,43.51,STATIC,155.41,STATIC,80.71,STATIC,39.83,STATIC,97.50,STATIC,97.44,STATIC,88.88,STATIC,81.80,STATIC,False,0.012,5.0,0.000
5.001666666666667,120,43.27,STATIC,155.15,STATIC,80.72,STATIC,39.70,STATIC,97.47,STATIC,97.30,STATIC,88.85,STATIC,80.66,STATIC,False,0.015,5.0,0.000
5.043333333333334,121,43.61,STATIC,154.80,STATIC,80.65,STATIC,38.83,STATIC,97.52,STATIC,97.32,STATIC,89.02,STATIC,80.38,STATIC,False,0.015,5.0,0.000
5.085,122,43.17,STATIC,153.81,STATIC,80.54,STATIC,37.73,STATIC,97.42,STATIC,97.27,STATIC,88.84,STATIC,83.15,STATIC,False,0.015,5.1,0.000
5.126666666666667,123,43.25,STATIC,153.13,STATIC,80.34,STATIC,37.44,STATIC,97.36,STATIC,97.30,STATIC,88.77,STATIC,82.43,STATIC,False,0.015,5.1,0.000
5.168333333333334,124,44.14,STATIC,152.58,STATIC,80.17,STATIC,36.95,STATIC,97.48,STATIC,97.39,STATIC,89.19,STATIC,80.81,STATIC,False,0.015,5.2,0.000
5.21,125,44.99,STATIC,150.94,STATIC,80.11,STATIC,35.73,STATIC,97.44,STATIC,97.26,STATIC,88.99,STATIC,79.82,STATIC,False,0.015,5.2,0.000
5.251666666666667,126,44.69,STATIC,149.55,STATIC,80.03,STATIC,35.55,STATIC,97.49,STATIC,97.24,STATIC,89.61,STATIC,79.45,STATIC,False,0.016,5.3,0.000
5.293333333333334,127,44.59,STATIC,149.37,STATIC,79.74,STATIC,35.93,STATIC,96.88,STATIC,96.68,STATIC,88.16,STATIC,78.00,STATIC,False,0.019,5.3,0.000
5.335,128,45.93,STATIC,147.43,STATIC,79.27,STATIC,36.94,STATIC,96.87,STATIC,96.33,STATIC,88.66,STATIC,78.19,STATIC,False,0.021,5.3,0.000
5.376666666666667,129,47.55,STATIC,145.29,STATIC,78.65,STATIC,35.70,STATIC,97.18,STATIC,96.52,STATIC,89.69,STATIC,79.39,STATIC,False,0.020,5.4,0.000
5.418333333333334,130,48.83,STATIC,143.02,STATIC,78.01,STATIC,34.54,STATIC,97.31,STATIC,96.64,STATIC,90.10,STATIC,79.52,STATIC,False,0.022,5.4,0.000
5.46,131,49.76,STATIC,143.03,STATIC,77.49,STATIC,33.47,STATIC,97.15,STATIC,96.51,STATIC,89.75,STATIC,78.70,STATIC,False,0.022,5.5,0.000
5.501666666666667,132,50.14,STATIC,143.83,STATIC,76.94,STATIC,34.12,STATIC,97.34,STATIC,96.51,STATIC,90.32,STATIC,78.51,STATIC,False,0.023,5.5,0.000
5.543333333333334,133,51.42,STATIC,143.05,STATIC,76.35,STATIC,35.81,STATIC,97.47,STATIC,96.79,STATIC,91.13,STATIC,80.26,STATIC,False,0.023,5.5,0.000
5.585,134,52.57,STATIC,141.25,STATIC,75.71,STATIC,34.12,STATIC,97.44,STATIC,96.66,STATIC,91.43,STATIC,81.14,STATIC,False,0.025,5.6,0.000
5.626666666666667,135,52.31,STATIC,140.54,STATIC,75.13,STATIC,32.77,STATIC,97.14,STATIC,96.15,STATIC,90.93,STATIC,81.03,STATIC,False,0.025,5.6,0.000
5.668333333333334,136,52.25,STATIC,140.43,STATIC,74.70,STATIC,31.99,STATIC,97.26,STATIC,95.98,STATIC,91.29,STATIC,81.05,STATIC,False,0.026,5.7,0.000
5.71,137,53.11,STATIC,142.44,STATIC,74.52,STATIC,32.56,STATIC,97.44,STATIC,95.98,STATIC,91.70,STATIC,81.57,STATIC,False,0.025,5.7,0.000
5.751666666666667,138,54.00,STATIC,143.72,STATIC,74.29,STATIC,32.53,STATIC,97.45,STATIC,96.09,STATIC,91.99,STATIC,82.30,STATIC,False,0.024,5.8,0.000
5.793333333333334,139,55.04,STATIC,141.95,STATIC,73.97,STATIC,30.57,STATIC,97.55,STATIC,96.25,STATIC,92.40,STATIC,83.49,STATIC,False,0.025,5.8,0.000
5.835,140,56.05,STATIC,143.20,STATIC,73.61,STATIC,30.87,STATIC,97.64,STATIC,96.21,STATIC,92.74,STATIC,84.21,STATIC,False,0.024,5.8,0.000
5.876666666666667,141,56.44,STATIC,143.52,STATIC,73.30,STATIC,30.80,STATIC,97.58,STATIC,96.07,STATIC,92.74,STATIC,84.46,STATIC,False,0.025,5.9,0.000
5.918333333333334,142,56.28,STATIC,142.43,STATIC,73.07,STATIC,30.54,STATIC,97.47,STATIC,96.07,STATIC,92.52,STATIC,84.44,STATIC,False,0.026,5.9,0.000
5.96,143,56.35,STATIC,142.77,STATIC,72.99,STATIC,31.48,STATIC,97.37,STATIC,96.02,STATIC,92.37,STATIC,84.73,STATIC,False,0.027,6.0,0.000
6.003333333333334,144,56.36,STATIC,144.23,STATIC,73.00,STATIC,33.63,STATIC,97.39,STATIC,95.99,STATIC,92.24,STATIC,84.61,STATIC,False,0.026,6.0,0.000
6.045000000000001,145,56.97,STATIC,146.48,STATIC,72.77,STATIC,37.45,STATIC,97.97,STATIC,96.32,STATIC,93.43,STATIC,84.51,STATIC,False,0.025,6.0,0.000
6.086666666666667,146,58.01,STATIC,146.82,STATIC,72.92,STATIC,38.14,STATIC,97.88,STATIC,96.44,STATIC,93.45,STATIC,83.91,STATIC,False,0.021,6.1,0.000
6.128333333333334,147,58.74,STATIC,147.11,STATIC,73.00,STATIC,38.80,STATIC,98.11,STATIC,96.71,STATIC,94.23,STATIC,84.41,STATIC,False,0.016,6.1,0.000
6.170000000000001,148,59.93,STATIC,144.10,STATIC,72.91,STATIC,37.48,STATIC,98.28,STATIC,96.77,STATIC,95.60,STATIC,85.93,STATIC,False,0.015,6.2,0.000
6.211666666666667,149,61.80,STATIC,141.84,STATIC,72.88,STATIC,37.15,STATIC,98.33,STATIC,96.58,STATIC,96.14,STATIC,87.46,STATIC,False,0.016,6.2,0.000
6.253333333333334,150,63.08,STATIC,141.46,STATIC,72.82,STATIC,36.99,STATIC,98.57,STATIC,96.75,STATIC,97.00,STATIC,88.78,STATIC,False,0.015,6.3,0.000
6.295000000000001,151,63.69,STATIC,142.37,STATIC,72.92,STATIC,37.43,STATIC,98.54,STATIC,96.68,STATIC,97.60,STATIC,89.38,STATIC,False,0.015,6.3,0.000
6.336666666666667,152,64.89,STATIC,143.04,STATIC,72.56,STATIC,38.78,STATIC,98.58,STATIC,96.99,STATIC,98.17,STATIC,90.61,STATIC,False,0.014,6.3,0.000
6.378333333333334,153,64.67,STATIC,142.45,STATIC,72.50,STATIC,40.27,STATIC,98.48,STATIC,96.65,STATIC,98.37,STATIC,91.48,STATIC,False,0.013,6.4,0.000
6.420000000000001,154,66.48,STATIC,140.36,STATIC,72.40,STATIC,40.29,STATIC,98.25,STATIC,96.30,STATIC,98.43,STATIC,91.74,STATIC,False,0.013,6.4,0.000
6.461666666666667,155,67.91,STATIC,139.37,STATIC,72.43,STATIC,41.21,STATIC,98.41,STATIC,96.25,STATIC,98.99,STATIC,92.72,STATIC,False,0.014,6.5,0.000
6.503333333333334,156,68.70,STATIC,137.71,STATIC,72.35,STATIC,41.12,STATIC,98.52,STATIC,96.54,STATIC,99.88,STATIC,94.07,STATIC,False,0.012,6.5,0.000
6.545000000000001,157,67.83,STATIC,136.87,STATIC,72.33,STATIC,41.06,STATIC,98.71,STATIC,96.67,STATIC,100.50,STATIC,94.90,STATIC,False,0.011,6.5,0.000
6.586666666666667,158,67.78,STATIC,135.68,STATIC,72.62,STATIC,41.30,STATIC,99.15,STATIC,96.94,STATIC,101.72,STATIC,95.77,STATIC,False,0.011,6.6,0.000
6.628333333333334,159,67.81,STATIC,134.64,STATIC,72.77,STATIC,41.91,STATIC,99.24,STATIC,96.84,STATIC,102.07,STATIC,96.15,STATIC,False,0.013,6.6,0.000
6.670000000000001,160,68.71,STATIC,134.35,STATIC,72.84,STATIC,42.35,STATIC,99.22,STATIC,96.67,STATIC,102.15,STATIC,95.90,STATIC,False,0.013,6.7,0.000
6.711666666666667,161,68.73,STATIC,133.75,STATIC,73.18,STATIC,42.33,STATIC,99.03,STATIC,96.72,STATIC,101.87,STATIC,96.29,STATIC,False,0.013,6.7,0.000
6.753333333333334,162,67.74,STATIC,132.83,STATIC,73.36,STATIC,42.61,STATIC,98.67,STATIC,96.77,STATIC,101.23,STATIC,96.62,STATIC,False,0.016,6.8,0.000
6.795000000000001,163,66.93,STATIC,131.02,STATIC,73.64,STATIC,40.91,STATIC,98.64,STATIC,97.03,STATIC,101.18,STATIC,97.18,STATIC,False,0.015,6.8,0.000
6.836666666666667,164,65.24,STATIC,131.59,STATIC,73.89,STATIC,40.02,STATIC,98.69,STATIC,96.76,STATIC,101.30,STATIC,97.13,STATIC,False,0.012,6.8,0.000
6.878333333333334,165,65.22,STATIC,132.18,STATIC,74.24,STATIC,40.85,STATIC,98.76,STATIC,96.59,STATIC,101.53,STATIC,97.40,STATIC,False,0.009,6.9,0.000
6.920000000000001,166,64.13,STATIC,132.80,STATIC,74.29,STATIC,41.18,STATIC,98.77,STATIC,96.32,STATIC,101.74,STATIC,97.43,STATIC,False,0.008,6.9,0.000
6.961666666666667,167,63.06,STATIC,133.44,STATIC,74.46,STATIC,41.47,STATIC,98.74,STATIC,96.19,STATIC,101.89,STATIC,97.44,STATIC,False,0.009,7.0,0.000
7.003333333333334,168,61.86,STATIC,134.05,STATIC,74.69,STATIC,41.41,STATIC,98.63,STATIC,96.13,STATIC,101.54,STATIC,97.33,STATIC,False,0.009,7.0,0.000
7.045000000000001,169,60.34,STATIC,134.55,STATIC,74.83,STATIC,42.15,STATIC,98.52,STATIC,96.02,STATIC,101.03,STATIC,97.14,STATIC,False,0.010,7.0,0.000
7.086666666666667,170,58.65,STATIC,135.07,STATIC,75.04,STATIC,43.32,STATIC,98.41,STATIC,95.96,STATIC,100.59,STATIC,96.96,STATIC,False,0.009,7.1,0.000
7.128333333333334,171,57.23,STATIC,135.04,STATIC,75.16,STATIC,43.34,STATIC,98.35,STATIC,95.99,STATIC,100.32,STATIC,96.98,STATIC,False,0.010,7.1,0.000
7.170000000000001,172,55.19,STATIC,135.43,STATIC,75.22,STATIC,43.38,STATIC,98.35,STATIC,96.01,STATIC,100.20,STATIC,96.97,STATIC,False,0.010,7.2,0.000
7.211666666666667,173,53.32,STATIC,135.90,STATIC,75.32,STATIC,43.13,STATIC,98.34,STATIC,95.96,STATIC,100.09,STATIC,96.91,STATIC,False,0.010,7.2,0.000
7.253333333333334,174,52.33,STATIC,136.55,STATIC,75.48,STATIC,43.17,STATIC,98.30,STATIC,95.63,STATIC,99.87,STATIC,96.66,STATIC,False,0.010,7.3,0.000
7.295000000000001,175,51.64,STATIC,137.53,STATIC,75.53,STATIC,43.33,STATIC,98.19,STATIC,95.90,STATIC,99.33,STATIC,96.88,STATIC,False,0.009,7.3,0.000
7.336666666666667,176,50.38,STATIC,138.59,STATIC,75.62,STATIC,43.57,STATIC,97.87,STATIC,95.90,STATIC,98.46,STATIC,96.52,STATIC,False,0.006,7.3,0.000
7.378333333333334,177,49.71,STATIC,139.93,STATIC,75.59,STATIC,43.41,STATIC,97.84,STATIC,95.90,STATIC,98.30,STATIC,96.36,STATIC,False,0.005,7.4,0.000
7.420000000000001,178,49.67,STATIC,141.46,STATIC,75.57,STATIC,42.76,STATIC,97.49,STATIC,95.49,STATIC,97.79,STATIC,96.21,STATIC,False,0.005,7.4,0.000
7.461666666666667,179,49.16,STATIC,142.04,STATIC,75.57,STATIC,41.52,STATIC,97.59,STATIC,95.94,STATIC,98.01,STATIC,96.86,STATIC,False,0.006,7.5,0.000
7.503333333333334,180,48.93,STATIC,143.28,STATIC,75.65,STATIC,42.23,STATIC,97.63,STATIC,96.03,STATIC,97.57,STATIC,96.86,STATIC,False,0.004,7.5,0.000
7.545000000000001,181,48.71,STATIC,143.81,STATIC,75.70,STATIC,42.64,STATIC,98.02,STATIC,96.13,STATIC,98.09,STATIC,96.92,STATIC,False,0.001,7.5,0.000
7.586666666666667,182,48.85,STATIC,144.51,STATIC,75.75,STATIC,43.51,STATIC,98.10,STATIC,96.15,STATIC,98.01,STATIC,97.01,STATIC,False,0.002,7.6,0.000
7.628333333333334,183,48.79,STATIC,145.17,STATIC,75.80,STATIC,43.90,STATIC,98.20,STATIC,96.25,STATIC,98.04,STATIC,97.45,STATIC,False,0.003,7.6,0.000
7.670000000000001,184,49.08,STATIC,145.32,STATIC,75.80,STATIC,44.43,STATIC,98.21,STATIC,96.29,STATIC,98.01,STATIC,97.66,STATIC,False,0.004,7.7,0.000
7.711666666666667,185,49.64,STATIC,146.42,STATIC,75.89,STATIC,46.20,STATIC,98.42,STATIC,96.54,STATIC,98.48,STATIC,98.34,STATIC,False,0.001,7.7,0.000
7.753333333333334,186,49.59,STATIC,146.69,STATIC,76.16,STATIC,46.17,STATIC,98.41,STATIC,96.62,STATIC,98.55,STATIC,98.60,STATIC,False,0.002,7.8,0.000
7.795000000000001,187,48.78,STATIC,146.58,STATIC,76.51,STATIC,46.19,STATIC,98.39,STATIC,96.99,STATIC,99.01,STATIC,99.44,STATIC,False,0.007,7.8,0.000
7.836666666666667,188,49.00,STATIC,146.36,STATIC,76.93,STATIC,46.10,STATIC,98.49,STATIC,96.99,STATIC,99.39,STATIC,100.35,STATIC,False,0.007,7.8,0.000
7.878333333333334,189,49.40,STATIC,146.23,STATIC,77.22,STATIC,46.23,STATIC,98.47,STATIC,96.95,STATIC,99.25,STATIC,100.74,STATIC,False,0.007,7.9,0.000
7.920000000000001,190,49.86,STATIC,146.52,STATIC,77.26,STATIC,46.91,STATIC,98.39,STATIC,96.89,STATIC,98.81,STATIC,100.68,STATIC,False,0.010,7.9,0.000
7.961666666666667,191,51.22,STATIC,146.33,STATIC,77.26,STATIC,46.86,STATIC,98.36,STATIC,96.70,STATIC,98.47,STATIC,100.56,STATIC,False,0.005,8.0,0.000
8.003333333333334,192,52.78,STATIC,145.78,STATIC,77.39,STATIC,46.40,STATIC,98.68,STATIC,96.87,STATIC,99.08,STATIC,101.21,STATIC,False,0.002,8.0,0.000
8.045,193,55.10,STATIC,145.16,STATIC,77.47,STATIC,46.42,STATIC,98.81,STATIC,96.95,STATIC,99.02,STATIC,101.25,STATIC,False,0.002,8.0,0.000
8.086666666666668,194,57.37,STATIC,144.96,STATIC,77.68,STATIC,46.91,STATIC,98.81,STATIC,96.89,STATIC,98.62,STATIC,100.70,STATIC,False,0.003,8.1,0.000
8.128333333333334,195,58.55,STATIC,144.83,STATIC,77.88,STATIC,47.47,STATIC,98.90,STATIC,96.88,STATIC,98.63,STATIC,100.58,STATIC,False,0.002,8.1,0.000
8.17,196,60.38,STATIC,145.20,STATIC,78.22,STATIC,48.27,STATIC,98.80,STATIC,96.91,STATIC,98.29,STATIC,100.47,STATIC,False,0.001,8.2,0.000
8.211666666666668,197,63.06,STATIC,146.40,STATIC,78.46,STATIC,49.48,STATIC,98.67,STATIC,96.90,STATIC,97.66,STATIC,100.26,STATIC,False,0.000,8.2,0.000
8.253333333333334,198,64.36,STATIC,146.52,STATIC,78.86,STATIC,49.91,STATIC,98.69,STATIC,96.97,STATIC,97.56,STATIC,99.95,STATIC,False,0.000,8.3,0.000
8.295,199,68.65,STATIC,146.60,STATIC,79.21,STATIC,50.89,STATIC,98.80,STATIC,97.19,STATIC,97.48,STATIC,99.67,STATIC,False,0.000,8.3,0.000
8.336666666666668,200,71.38,STATIC,145.58,STATIC,79.54,STATIC,50.24,STATIC,98.76,STATIC,97.30,STATIC,97.34,STATIC,99.36,STATIC,False,0.000,8.3,0.000
8.378333333333334,201,74.04,STATIC,145.04,STATIC,79.91,STATIC,49.33,STATIC,98.74,STATIC,97.50,STATIC,97.23,STATIC,99.20,STATIC,False,0.000,8.4,0.000
8.42,202,72.93,STATIC,145.00,STATIC,80.41,STATIC,45.67,STATIC,98.39,STATIC,97.47,STATIC,97.29,STATIC,99.20,STATIC,False,0.000,8.4,0.000
8.461666666666668,203,76.38,STATIC,144.73,STATIC,80.75,STATIC,43.32,STATIC,98.12,STATIC,97.59,STATIC,97.36,STATIC,99.28,STATIC,False,0.000,8.5,0.000
8.503333333333334,204,77.74,STATIC,144.47,STATIC,80.98,STATIC,41.04,STATIC,97.94,STATIC,97.58,STATIC,97.59,STATIC,99.23,STATIC,False,0.010,8.5,0.000
8.545,205,79.51,STATIC,144.21,STATIC,81.43,STATIC,40.05,STATIC,97.72,STATIC,97.46,STATIC,97.66,STATIC,99.27,STATIC,False,0.019,8.5,0.000
8.586666666666668,206,81.82,STATIC,144.00,STATIC,81.98,STATIC,40.30,STATIC,97.64,STATIC,97.52,STATIC,97.91,STATIC,98.71,STATIC,False,0.019,8.6,0.000
8.628333333333334,207,80.42,STATIC,143.64,STATIC,82.78,STATIC,41.01,STATIC,97.49,STATIC,97.52,STATIC,98.16,STATIC,98.40,STATIC,False,0.021,8.6,0.000
8.67,208,76.19,STATIC,142.67,STATIC,82.90,STATIC,38.36,STATIC,97.60,STATIC,97.19,STATIC,98.09,STATIC,97.01,STATIC,False,0.024,8.7,0.000
8.711666666666668,209,72.31,STATIC,142.34,STATIC,82.91,STATIC,38.49,STATIC,97.57,STATIC,97.04,STATIC,98.06,STATIC,96.08,STATIC,False,0.019,8.7,0.000
8.753333333333334,210,69.23,STATIC,141.83,STATIC,82.97,STATIC,37.81,STATIC,97.51,STATIC,97.18,STATIC,97.81,STATIC,95.63,STATIC,False,0.015,8.8,0.000
8.795,211,64.69,STATIC,141.30,STATIC,83.00,STATIC,38.86,STATIC,97.43,STATIC,96.97,STATIC,97.27,STATIC,93.79,STATIC,False,0.015,8.8,0.000
8.836666666666668,212,60.52,STATIC,140.92,STATIC,83.05,STATIC,40.17,STATIC,97.43,STATIC,96.92,STATIC,96.78,STATIC,92.56,STATIC,False,0.014,8.8,0.000
8.878333333333334,213,57.88,STATIC,140.18,STATIC,83.00,STATIC,37.05,STATIC,97.41,STATIC,96.93,STATIC,96.19,STATIC,91.44,STATIC,False,0.019,8.9,0.000
8.92,214,57.91,STATIC,139.60,STATIC,83.14,STATIC,36.15,STATIC,97.41,STATIC,97.09,STATIC,95.70,STATIC,90.76,STATIC,False,0.018,8.9,0.000
8.961666666666668,215,56.03,STATIC,139.37,STATIC,83.22,STATIC,35.94,STATIC,97.43,STATIC,97.08,STATIC,95.05,STATIC,90.07,STATIC,False,0.017,9.0,0.000
9.003333333333334,216,55.14,STATIC,139.15,STATIC,83.29,STATIC,34.97,STATIC,97.39,STATIC,97.24,STATIC,94.37,STATIC,89.72,STATIC,False,0.020,9.0,0.000
9.045,217,54.18,STATIC,138.91,STATIC,83.26,STATIC,36.35,STATIC,97.31,STATIC,97.37,STATIC,94.03,STATIC,88.92,STATIC,False,0.019,9.0,0.000
9.086666666666668,218,51.77,STATIC,138.88,STATIC,83.20,STATIC,36.40,STATIC,97.27,STATIC,97.23,STATIC,93.60,STATIC,88.04,STATIC,False,0.017,9.1,0.000
9.128333333333334,219,50.02,STATIC,138.58,STATIC,83.02,STATIC,33.73,STATIC,97.33,STATIC,97.35,STATIC,93.47,STATIC,87.16,STATIC,False,0.021,9.1,0.000
9.17,220,50.24,STATIC,138.02,STATIC,82.92,STATIC,32.71,STATIC,97.40,STATIC,97.31,STATIC,93.17,STATIC,86.13,STATIC,False,0.022,9.2,0.000
9.211666666666668,221,50.03,STATIC,136.97,STATIC,82.92,STATIC,29.52,STATIC,97.35,STATIC,97.30,STATIC,92.78,STATIC,85.54,STATIC,False,0.026,9.2,0.000
9.253333333333334,222,51.31,STATIC,136.19,STATIC,82.89,STATIC,29.32,STATIC,97.37,STATIC,97.02,STATIC,92.31,STATIC,85.55,STATIC,False,0.027,9.3,0.000
9.295,223,52.00,STATIC,136.21,STATIC,82.71,STATIC,31.19,STATIC,97.26,STATIC,96.98,STATIC,91.87,STATIC,85.46,STATIC,False,0.025,9.3,0.000
9.336666666666668,224,50.38,STATIC,136.24,STATIC,82.51,STATIC,30.60,STATIC,97.32,STATIC,97.06,STATIC,92.14,STATIC,85.03,STATIC,False,0.023,9.3,0.000
9.378333333333334,225,48.14,STATIC,136.58,STATIC,82.44,STATIC,30.87,STATIC,97.23,STATIC,97.25,STATIC,92.16,STATIC,85.39,STATIC,False,0.022,9.4,0.000
9.42,226,47.19,STATIC,136.36,STATIC,82.34,STATIC,26.96,STATIC,97.29,STATIC,97.22,STATIC,92.24,STATIC,86.34,STATIC,False,0.025,9.4,0.000
9.461666666666668,227,44.61,STATIC,136.19,STATIC,82.22,STATIC,25.53,STATIC,97.48,STATIC,97.45,STATIC,92.42,STATIC,87.27,STATIC,False,0.027,9.5,0.000
9.503333333333334,228,42.70,STATIC,136.08,STATIC,82.25,STATIC,23.75,STATIC,97.47,STATIC,97.37,STATIC,91.99,STATIC,88.05,STATIC,False,0.030,9.5,0.000
9.545,229,41.81,STATIC,135.64,STATIC,82.17,STATIC,23.72,STATIC,97.48,STATIC,97.42,STATIC,91.48,STATIC,89.14,STATIC,False,0.027,9.5,0.000
9.586666666666668,230,41.88,STATIC,135.80,STATIC,82.24,STATIC,27.65,STATIC,97.51,STATIC,97.66,STATIC,91.71,STATIC,89.70,STATIC,False,0.022,9.6,0.000
9.628333333333334,231,40.90,STATIC,137.32,STATIC,82.07,STATIC,34.19,EXTENSION,97.93,STATIC,97.75,STATIC,92.65,STATIC,90.02,STATIC,False,0.011,9.6,0.000
9.67,232,41.58,STATIC,138.39,STATIC,82.38,STATIC,38.24,STATIC,97.30,STATIC,96.80,STATIC,90.51,STATIC,87.13,STATIC,False,0.010,9.7,0.000
9.711666666666668,233,39.76,STATIC,139.77,STATIC,82.28,STATIC,39.88,STATIC,97.32,STATIC,96.54,STATIC,90.46,STATIC,86.37,STATIC,False,0.001,9.7,0.000
9.753333333333334,234,34.80,STATIC,139.58,STATIC,82.11,STATIC,37.20,STATIC,97.14,STATIC,96.52,STATIC,90.10,STATIC,86.59,STATIC,False,0.007,9.8,0.000
9.795,235,25.79,FLEXION,141.78,STATIC,82.09,STATIC,34.65,STATIC,97.01,STATIC,96.75,STATIC,90.09,STATIC,88.06,STATIC,False,0.018,9.8,0.000
9.836666666666668,236,39.89,EXTENSION,145.08,STATIC,82.81,STATIC,37.46,STATIC,95.81,STATIC,95.38,STATIC,87.97,STATIC,87.72,STATIC,False,0.021,9.8,0.000
9.878333333333334,237,55.26,EXTENSION,145.75,STATIC,84.17,STATIC,38.58,STATIC,96.32,STATIC,95.78,STATIC,89.56,STATIC,90.72,STATIC,False,0.016,9.9,0.000
9.92,238,55.77,STATIC,147.26,STATIC,83.48,STATIC,37.58,STATIC,95.91,STATIC,95.27,STATIC,89.00,STATIC,90.46,STATIC,False,0.021,9.9,0.000
9.961666666666668,239,57.86,STATIC,148.33,STATIC,83.32,STATIC,36.86,STATIC,96.16,STATIC,95.71,STATIC,89.79,STATIC,91.41,STATIC,False,0.021,10.0,0.000
10.005,240,60.64,STATIC,147.98,STATIC,83.58,STATIC,36.49,STATIC,96.15,STATIC,95.92,STATIC,90.12,STATIC,90.97,STATIC,False,0.021,10.0,0.000
10.046666666666667,241,62.04,STATIC,148.51,STATIC,83.13,STATIC,33.33,STATIC,96.05,STATIC,95.84,STATIC,89.49,STATIC,90.41,STATIC,False,0.029,10.0,0.000
10.088333333333335,242,56.46,FLEXION,149.66,STATIC,83.37,STATIC,28.55,STATIC,96.18,STATIC,95.92,STATIC,89.04,STATIC,89.44,STATIC,False,0.039,10.1,0.000
10.13,243,21.33,FLEXION,151.67,STATIC,82.73,STATIC,30.23,STATIC,96.36,STATIC,96.26,STATIC,88.92,STATIC,89.48,STATIC,False,0.042,10.1,0.000
10.171666666666667,244,29.98,EXTENSION,149.44,STATIC,83.13,STATIC,27.73,STATIC,96.32,STATIC,96.30,STATIC,88.92,STATIC,89.12,STATIC,False,0.041,10.2,0.000
10.213333333333335,245,31.45,STATIC,149.24,STATIC,83.25,STATIC,26.64,STATIC,96.23,STATIC,96.60,STATIC,88.96,STATIC,89.24,STATIC,False,0.039,10.2,0.000
10.255,246,33.78,STATIC,149.80,STATIC,83.23,STATIC,28.02,STATIC,96.27,STATIC,96.78,STATIC,89.75,STATIC,90.06,STATIC,False,0.037,10.3,0.000
10.296666666666667,247,27.06,FLEXION,149.07,STATIC,82.44,STATIC,28.31,STATIC,96.27,STATIC,96.88,STATIC,90.46,STATIC,90.01,STATIC,False,0.033,10.3,0.000
10.338333333333335,248,32.73,EXTENSION,150.15,STATIC,81.88,STATIC,29.46,STATIC,96.29,STATIC,96.71,STATIC,90.97,STATIC,88.98,STATIC,False,0.030,10.3,0.000
10.38,249,37.78,EXTENSION,150.23,STATIC,81.78,STATIC,28.36,STATIC,96.16,STATIC,96.48,STATIC,90.33,STATIC,87.50,STATIC,False,0.035,10.4,0.000
10.421666666666667,250,59.90,EXTENSION,150.73,STATIC,82.11,STATIC,27.11,STATIC,96.18,STATIC,96.25,STATIC,88.48,STATIC,86.56,STATIC,False,0.041,10.4,0.000
10.463333333333335,251,59.52,STATIC,149.53,STATIC,81.81,STATIC,27.11,STATIC,96.22,STATIC,96.37,STATIC,88.52,STATIC,86.26,STATIC,False,0.040,10.5,0.000
10.505,252,51.40,FLEXION,148.45,STATIC,81.01,STATIC,27.49,STATIC,96.13,STATIC,96.42,STATIC,88.64,STATIC,85.79,STATIC,False,0.034,10.5,0.000
10.546666666666667,253,48.98,STATIC,147.21,STATIC,80.49,STATIC,26.81,STATIC,96.12,STATIC,96.43,STATIC,89.68,STATIC,86.53,STATIC,False,0.033,10.5,0.000
10.588333333333335,254,62.79,EXTENSION,150.41,STATIC,80.40,STATIC,23.62,STATIC,96.12,STATIC,96.13,STATIC,89.62,STATIC,86.98,STATIC,False,0.035,10.6,0.000
10.63,255,66.68,STATIC,149.37,STATIC,79.62,STATIC,22.95,STATIC,96.04,STATIC,96.16,STATIC,89.45,STATIC,87.59,STATIC,False,0.033,10.6,0.000
10.671666666666667,256,67.73,STATIC,149.57,STATIC,77.70,STATIC,21.30,STATIC,96.08,STATIC,96.32,STATIC,89.56,STATIC,88.76,STATIC,False,0.031,10.7,0.000
10.713333333333335,257,66.96,STATIC,148.62,STATIC,75.85,STATIC,24.88,STATIC,96.13,STATIC,96.21,STATIC,89.84,STATIC,89.04,STATIC,False,0.028,10.7,0.000
10.755,258,65.24,STATIC,148.24,STATIC,74.40,STATIC,28.23,STATIC,96.17,STATIC,96.10,STATIC,90.32,STATIC,89.03,STATIC,False,0.021,10.8,0.000
10.796666666666667,259,63.80,STATIC,147.42,STATIC,73.33,STATIC,31.74,STATIC,96.18,STATIC,95.85,STATIC,90.34,STATIC,88.68,STATIC,False,0.010,10.8,0.000
10.838333333333335,260,57.93,FLEXION,147.47,STATIC,71.95,STATIC,32.54,STATIC,96.22,STATIC,95.89,STATIC,90.68,STATIC,88.56,STATIC,False,0.004,10.8,0.000
10.88,261,67.02,EXTENSION,145.95,STATIC,72.27,STATIC,32.21,STATIC,96.25,STATIC,95.92,STATIC,90.99,STATIC,88.88,STATIC,False,0.001,10.9,0.000
10.921666666666667,262,66.14,STATIC,145.65,STATIC,70.78,STATIC,34.30,STATIC,96.19,STATIC,95.86,STATIC,91.31,STATIC,89.07,STATIC,False,0.000,10.9,0.000
10.963333333333335,263,52.33,FLEXION,145.78,STATIC,68.62,STATIC,36.32,STATIC,96.20,STATIC,95.55,STATIC,91.64,STATIC,89.10,STATIC,False,0.000,11.0,0.000
11.005,264,49.78,STATIC,145.61,STATIC,67.68,STATIC,36.50,STATIC,96.34,STATIC,95.45,STATIC,92.43,STATIC,89.14,STATIC,False,0.000,11.0,0.000
11.046666666666667,265,53.36,STATIC,144.87,STATIC,67.61,STATIC,37.13,STATIC,96.23,STATIC,95.31,STATIC,92.68,STATIC,89.51,STATIC,False,0.000,11.0,0.000
11.088333333333335,266,53.79,STATIC,145.23,STATIC,67.41,STATIC,36.02,STATIC,96.29,STATIC,95.76,STATIC,93.39,STATIC,90.37,STATIC,False,0.000,11.1,0.000
11.13,267,44.34,FLEXION,144.65,STATIC,65.15,STATIC,39.39,STATIC,96.42,STATIC,95.37,STATIC,94.37,STATIC,90.71,STATIC,False,0.000,11.1,0.000
11.171666666666667,268,41.13,STATIC,145.21,STATIC,64.02,STATIC,39.11,STATIC,96.48,STATIC,95.55,STATIC,94.97,STATIC,91.20,STATIC,False,0.000,11.2,0.000
11.213333333333335,269,39.14,STATIC,146.17,STATIC,63.37,STATIC,41.26,STATIC,96.45,STATIC,95.41,STATIC,95.18,STATIC,91.44,STATIC,False,0.000,11.2,0.000
11.255,270,37.56,STATIC,146.85,STATIC,63.06,STATIC,41.04,STATIC,96.48,STATIC,95.40,STATIC,95.41,STATIC,91.72,STATIC,False,0.000,11.3,0.000
11.296666666666667,271,35.26,STATIC,147.49,STATIC,62.98,STATIC,41.21,STATIC,96.52,STATIC,95.48,STATIC,95.74,STATIC,92.05,STATIC,False,0.000,11.3,0.000
11.338333333333335,272,37.97,STATIC,148.04,STATIC,63.25,STATIC,40.97,STATIC,96.59,STATIC,95.68,STATIC,95.98,STATIC,92.53,STATIC,False,0.000,11.3,0.000
11.38,273,40.53,STATIC,149.20,STATIC,63.90,STATIC,41.11,STATIC,96.72,STATIC,96.06,STATIC,96.40,STATIC,93.15,STATIC,False,0.000,11.4,0.000
11.421666666666667,274,44.88,STATIC,151.67,STATIC,65.85,STATIC,42.62,STATIC,96.88,STATIC,96.66,STATIC,96.97,STATIC,94.25,STATIC,False,0.000,11.4,0.000
11.463333333333335,275,42.75,STATIC,154.46,STATIC,68.24,STATIC,43.74,STATIC,96.91,STATIC,97.26,STATIC,97.35,STATIC,95.12,STATIC,False,0.000,11.5,0.000
11.505,276,43.04,STATIC,155.95,STATIC,69.24,STATIC,43.39,STATIC,96.99,STATIC,97.35,STATIC,97.77,STATIC,95.66,STATIC,False,0.000,11.5,0.000
11.546666666666667,277,42.71,STATIC,157.75,STATIC,70.05,STATIC,44.60,STATIC,97.06,STATIC,97.07,STATIC,98.36,STATIC,95.65,STATIC,False,0.000,11.5,0.000
11.588333333333335,278,44.03,STATIC,158.94,STATIC,69.94,STATIC,44.70,STATIC,97.16,STATIC,97.07,STATIC,98.92,STATIC,96.04,STATIC,False,0.000,11.6,0.000
11.63,279,42.84,STATIC,160.07,STATIC,70.52,STATIC,45.45,STATIC,97.07,STATIC,97.06,STATIC,99.30,STATIC,96.38,STATIC,False,0.000,11.6,0.000
11.671666666666667,280,42.05,STATIC,160.49,STATIC,70.94,STATIC,45.55,STATIC,96.98,STATIC,97.02,STATIC,99.40,STATIC,96.69,STATIC,False,0.000,11.7,0.000
11.713333333333335,281,42.83,STATIC,160.72,STATIC,71.10,STATIC,45.88,STATIC,96.89,STATIC,96.71,STATIC,99.22,STATIC,96.30,STATIC,False,0.000,11.7,0.000
11.755,282,43.17,STATIC,161.04,STATIC,71.33,STATIC,44.92,STATIC,96.84,STATIC,96.71,STATIC,99.30,STATIC,96.60,STATIC,False,0.000,11.8,0.000
11.796666666666667,283,42.86,STATIC,161.45,STATIC,71.15,STATIC,44.12,STATIC,96.82,STATIC,96.63,STATIC,99.37,STATIC,96.87,STATIC,False,0.000,11.8,0.000
11.838333333333335,284,44.89,STATIC,160.64,STATIC,71.18,STATIC,44.52,STATIC,96.79,STATIC,96.49,STATIC,99.44,STATIC,96.79,STATIC,False,0.000,11.8,0.000
11.88,285,44.84,STATIC,160.43,STATIC,71.10,STATIC,44.18,STATIC,96.73,STATIC,96.31,STATIC,99.43,STATIC,96.58,STATIC,False,0.000,11.9,0.000
11.921666666666667,286,40.78,STATIC,160.85,STATIC,70.03,STATIC,43.71,STATIC,96.62,STATIC,96.10,STATIC,99.22,STATIC,96.35,STATIC,False,0.000,11.9,0.000
11.963333333333335,287,43.40,STATIC,161.07,STATIC,68.97,STATIC,43.60,STATIC,96.50,STATIC,95.74,STATIC,98.90,STATIC,96.11,STATIC,False,0.000,12.0,0.000
12.005,288,41.42,STATIC,161.22,STATIC,68.39,STATIC,43.72,STATIC,96.35,STATIC,95.46,STATIC,98.61,STATIC,95.97,STATIC,False,0.001,12.0,0.000
12.046666666666667,289,26.84,FLEXION,160.54,STATIC,69.34,STATIC,45.28,STATIC,95.93,STATIC,94.69,STATIC,97.84,STATIC,95.37,STATIC,False,0.000,12.0,0.000
12.088333333333335,290,31.23,STATIC,158.39,STATIC,71.31,STATIC,46.95,STATIC,95.45,STATIC,93.95,STATIC,97.07,STATIC,95.48,STATIC,False,0.000,12.1,0.000
12.13,291,29.72,STATIC,157.97,STATIC,71.57,STATIC,46.86,STATIC,95.75,STATIC,94.03,STATIC,97.18,STATIC,95.98,STATIC,False,0.000,12.1,0.000
12.171666666666667,292,27.62,STATIC,157.43,STATIC,71.53,STATIC,47.66,STATIC,96.04,STATIC,93.95,STATIC,97.55,STATIC,96.96,STATIC,False,0.000,12.2,0.000
12.213333333333335,293,24.04,STATIC,156.86,STATIC,71.38,STATIC,47.94,STATIC,96.01,STATIC,93.71,STATIC,97.50,STATIC,97.42,STATIC,False,0.000,12.2,0.000
12.255,294,20.38,STATIC,156.69,STATIC,70.74,STATIC,47.88,STATIC,96.30,STATIC,93.98,STATIC,97.81,STATIC,97.98,STATIC,False,0.001,12.3,0.000
12.296666666666667,295,19.80,STATIC,156.71,STATIC,70.67,STATIC,47.83,STATIC,96.42,STATIC,94.12,STATIC,97.90,STATIC,98.30,STATIC,False,0.001,12.3,0.000
12.338333333333335,296,19.88,STATIC,156.32,STATIC,70.83,STATIC,47.68,STATIC,96.49,STATIC,94.01,STATIC,98.01,STATIC,98.60,STATIC,False,0.000,12.3,0.000
12.38,297,20.01,STATIC,156.55,STATIC,71.42,STATIC,47.55,STATIC,96.52,STATIC,94.05,STATIC,98.17,STATIC,99.14,STATIC,False,0.000,12.4,0.000
12.421666666666667,298,19.62,STATIC,156.18,STATIC,71.61,STATIC,47.53,STATIC,96.51,STATIC,93.99,STATIC,98.35,STATIC,99.70,STATIC,False,0.000,12.4,0.000
12.463333333333335,299,19.05,STATIC,156.16,STATIC,71.46,STATIC,47.32,STATIC,96.61,STATIC,94.10,STATIC,98.67,STATIC,100.62,STATIC,False,0.000,12.5,0.000
12.505,300,19.05,STATIC,155.79,STATIC,71.40,STATIC,47.53,STATIC,96.57,STATIC,93.99,STATIC,98.78,STATIC,101.41,STATIC,False,0.000,12.5,0.000
12.546666666666667,301,18.39,STATIC,155.13,STATIC,71.13,STATIC,47.10,STATIC,96.52,STATIC,93.99,STATIC,99.01,STATIC,102.05,STATIC,False,0.000,12.5,0.000
12.588333333333335,302,18.19,STATIC,154.45,STATIC,71.03,STATIC,46.96,STATIC,96.58,STATIC,93.91,STATIC,99.10,STATIC,102.30,STATIC,False,0.001,12.6,0.000
12.63,303,17.86,STATIC,154.10,STATIC,70.89,STATIC,47.10,STATIC,96.68,STATIC,93.92,STATIC,99.18,STATIC,102.33,STATIC,False,0.002,12.6,0.000
12.671666666666667,304,17.92,STATIC,153.70,STATIC,70.80,STATIC,47.44,STATIC,96.79,STATIC,94.02,STATIC,99.23,STATIC,102.62,STATIC,False,0.003,12.7,0.000
12.713333333333335,305,19.80,STATIC,153.43,STATIC,71.39,STATIC,47.72,STATIC,96.99,STATIC,94.14,STATIC,99.41,STATIC,102.94,STATIC,False,0.003,12.7,0.000
12.755,306,21.05,STATIC,153.03,STATIC,71.71,STATIC,48.21,STATIC,97.02,STATIC,94.18,STATIC,99.48,STATIC,103.10,STATIC,False,0.001,12.8,0.000
12.796666666666667,307,20.20,STATIC,153.22,STATIC,72.20,STATIC,49.26,STATIC,97.14,STATIC,94.34,STATIC,99.44,STATIC,103.20,STATIC,False,0.000,12.8,0.000
12.838333333333335,308,19.43,STATIC,154.07,STATIC,72.18,STATIC,49.60,STATIC,97.32,STATIC,94.72,STATIC,99.53,STATIC,103.71,STATIC,False,0.000,12.8,0.000
12.88,309,17.02,STATIC,155.19,STATIC,71.78,STATIC,49.05,STATIC,97.47,STATIC,95.18,STATIC,99.69,STATIC,104.05,STATIC,False,0.000,12.9,0.000
12.921666666666667,310,17.29,STATIC,155.64,STATIC,71.53,STATIC,47.75,STATIC,97.49,STATIC,95.54,STATIC,100.09,STATIC,104.25,STATIC,False,0.000,12.9,0.000
12.963333333333335,311,18.07,STATIC,155.66,STATIC,70.73,STATIC,47.79,STATIC,97.46,STATIC,95.64,STATIC,100.11,STATIC,103.74,STATIC,False,0.000,13.0,0.000
13.005,312,18.36,STATIC,155.20,STATIC,70.18,STATIC,46.82,STATIC,97.37,STATIC,95.48,STATIC,99.90,STATIC,103.31,STATIC,False,0.000,13.0,0.000
13.046666666666667,313,20.73,STATIC,154.87,STATIC,69.65,STATIC,46.81,STATIC,97.35,STATIC,95.47,STATIC,99.88,STATIC,103.01,STATIC,False,0.000,13.0,0.000
13.088333333333335,314,20.67,STATIC,154.40,STATIC,70.02,STATIC,47.14,STATIC,97.37,STATIC,95.59,STATIC,99.91,STATIC,102.92,STATIC,False,0.000,13.1,0.000
13.13,315,19.95,STATIC,153.84,STATIC,70.09,STATIC,47.00,STATIC,97.44,STATIC,95.60,STATIC,99.96,STATIC,102.86,STATIC,False,0.000,13.1,0.000
13.171666666666667,316,19.96,STATIC,153.53,STATIC,70.33,STATIC,47.57,STATIC,97.43,STATIC,95.63,STATIC,99.65,STATIC,102.36,STATIC,False,0.000,13.2,0.000
13.213333333333335,317,20.34,STATIC,153.47,STATIC,70.07,STATIC,47.49,STATIC,97.41,STATIC,95.51,STATIC,99.62,STATIC,102.10,STATIC,False,0.000,13.2,0.000
13.255,318,22.32,STATIC,153.49,STATIC,69.62,STATIC,47.78,STATIC,97.39,STATIC,95.40,STATIC,99.53,STATIC,101.86,STATIC,False,0.000,13.3,0.000
13.296666666666667,319,21.11,STATIC,153.95,STATIC,70.03,STATIC,48.31,STATIC,97.43,STATIC,96.08,STATIC,99.98,STATIC,101.40,STATIC,False,0.000,13.3,0.000
13.338333333333335,320,21.60,STATIC,155.03,STATIC,70.25,STATIC,48.13,STATIC,98.11,STATIC,96.51,STATIC,101.29,STATIC,102.36,STATIC,False,0.000,13.3,0.000
13.38,321,21.14,STATIC,154.80,STATIC,69.52,STATIC,48.28,STATIC,97.87,STATIC,96.09,STATIC,101.04,STATIC,101.49,STATIC,False,0.000,13.4,0.000
13.421666666666667,322,21.32,STATIC,155.39,STATIC,69.70,STATIC,49.35,STATIC,97.79,STATIC,96.09,STATIC,100.80,STATIC,101.20,STATIC,False,0.000,13.4,0.000
13.463333333333335,323,20.90,STATIC,158.51,STATIC,69.87,STATIC,51.12,STATIC,97.98,STATIC,97.00,STATIC,101.27,STATIC,101.23,STATIC,False,0.000,13.5,0.000
13.505,324,28.76,EXTENSION,159.56,STATIC,69.90,STATIC,52.31,STATIC,97.87,STATIC,96.35,STATIC,101.58,STATIC,101.33,STATIC,False,0.000,13.5,0.000
13.546666666666667,325,31.92,STATIC,160.67,STATIC,69.70,STATIC,54.34,STATIC,97.79,STATIC,96.09,STATIC,101.71,STATIC,101.11,STATIC,False,0.000,13.5,0.000
13.588333333333335,326,30.47,STATIC,162.27,STATIC,68.85,STATIC,55.86,STATIC,97.63,STATIC,96.13,STATIC,101.44,STATIC,100.84,STATIC,False,0.000,13.6,0.000
13.63,327,30.42,STATIC,163.73,STATIC,68.51,STATIC,57.24,STATIC,97.41,STATIC,96.11,STATIC,101.26,STATIC,100.53,STATIC,False,0.000,13.6,0.000
13.671666666666667,328,32.99,STATIC,165.65,STATIC,68.37,STATIC,57.87,STATIC,97.42,STATIC,96.27,STATIC,101.18,STATIC,100.28,STATIC,False,0.001,13.7,0.000
13.713333333333335,329,22.66,FLEXION,169.42,STATIC,68.42,STATIC,58.79,STATIC,97.40,STATIC,96.71,STATIC,101.90,STATIC,100.35,STATIC,False,0.003,13.7,0.000
13.755,330,23.60,STATIC,168.89,STATIC,68.14,STATIC,58.26,STATIC,97.38,STATIC,96.83,STATIC,101.82,STATIC,100.12,STATIC,False,0.003,13.8,0.000
13.796666666666667,331,25.39,STATIC,169.56,STATIC,67.84,STATIC,60.76,STATIC,97.43,STATIC,96.89,STATIC,101.84,STATIC,99.98,STATIC,False,0.002,13.8,0.000
13.838333333333335,332,27.08,STATIC,168.87,STATIC,67.07,STATIC,60.73,STATIC,97.47,STATIC,96.84,STATIC,101.64,STATIC,100.04,STATIC,False,0.001,13.8,0.000
13.88,333,25.21,STATIC,169.89,STATIC,66.43,STATIC,61.18,STATIC,97.39,STATIC,96.71,STATIC,101.42,STATIC,99.66,STATIC,False,0.000,13.9,0.000
13.921666666666667,334,38.44,EXTENSION,170.01,STATIC,67.32,STATIC,61.98,STATIC,97.44,STATIC,96.65,STATIC,101.27,STATIC,99.39,STATIC,False,0.000,13.9,0.000
13.963333333333335,335,38.27,STATIC,169.48,STATIC,66.60,STATIC,61.96,STATIC,97.55,STATIC,96.62,STATIC,101.26,STATIC,99.16,STATIC,False,0.000,14.0,0.000
14.006666666666668,336,44.16,EXTENSION,168.67,STATIC,66.26,STATIC,60.34,STATIC,97.57,STATIC,96.66,STATIC,101.23,STATIC,99.21,STATIC,False,0.000,14.0,0.000
14.048333333333334,337,46.13,STATIC,168.31,STATIC,65.62,STATIC,59.98,STATIC,97.69,STATIC,96.78,STATIC,101.53,STATIC,99.24,STATIC,False,0.000,14.1,0.000
14.090000000000002,338,37.64,FLEXION,167.66,STATIC,64.66,STATIC,59.90,STATIC,97.70,STATIC,96.78,STATIC,101.38,STATIC,98.94,STATIC,False,0.000,14.1,0.000
14.131666666666668,339,42.07,STATIC,167.08,STATIC,64.75,STATIC,60.23,STATIC,97.70,STATIC,96.63,STATIC,101.38,STATIC,98.88,STATIC,False,0.000,14.1,0.000
14.173333333333334,340,38.44,STATIC,166.53,STATIC,65.23,STATIC,60.75,STATIC,97.75,STATIC,96.68,STATIC,101.24,STATIC,99.04,STATIC,False,0.000,14.2,0.000
14.215000000000002,341,36.54,STATIC,165.62,STATIC,65.42,STATIC,60.41,STATIC,97.79,STATIC,96.63,STATIC,101.07,STATIC,98.86,STATIC,False,0.000,14.2,0.000
14.256666666666668,342,37.57,STATIC,164.31,STATIC,65.91,STATIC,59.35,STATIC,97.79,STATIC,96.57,STATIC,100.77,STATIC,98.59,STATIC,False,0.000,14.3,0.000
14.298333333333334,343,45.21,EXTENSION,163.49,STATIC,67.51,STATIC,58.16,STATIC,97.67,STATIC,96.65,STATIC,100.38,STATIC,98.73,STATIC,False,0.000,14.3,0.000
14.340000000000002,344,52.30,EXTENSION,162.63,STATIC,68.87,STATIC,56.71,STATIC,97.75,STATIC,96.43,STATIC,100.06,STATIC,98.57,STATIC,False,0.000,14.3,0.000
14.381666666666668,345,54.15,STATIC,161.44,STATIC,69.67,STATIC,55.94,STATIC,97.82,STATIC,96.84,STATIC,99.88,STATIC,98.83,STATIC,False,0.000,14.4,0.000
14.423333333333334,346,52.80,STATIC,160.43,STATIC,69.65,STATIC,55.51,STATIC,98.04,STATIC,96.93,STATIC,100.22,STATIC,98.84,STATIC,False,0.000,14.4,0.000
14.465000000000002,347,55.53,STATIC,159.74,STATIC,70.00,STATIC,54.86,STATIC,98.04,STATIC,96.87,STATIC,100.24,STATIC,98.78,STATIC,False,0.000,14.5,0.000
14.506666666666668,348,57.21,STATIC,159.10,STATIC,70.16,STATIC,54.15,STATIC,97.98,STATIC,96.60,STATIC,99.71,STATIC,98.21,STATIC,False,0.000,14.5,0.000
14.548333333333334,349,56.08,STATIC,158.04,STATIC,70.28,STATIC,53.08,STATIC,98.04,STATIC,96.58,STATIC,99.79,STATIC,98.01,STATIC,False,0.000,14.6,0.000
14.590000000000002,350,53.29,STATIC,157.25,STATIC,69.15,STATIC,52.38,STATIC,98.27,STATIC,96.62,STATIC,100.03,STATIC,97.69,STATIC,False,0.000,14.6,0.000
14.631666666666668,351,54.11,STATIC,156.39,STATIC,68.65,STATIC,51.24,STATIC,98.34,STATIC,96.76,STATIC,100.05,STATIC,97.61,STATIC,False,0.000,14.6,0.000
14.673333333333334,352,51.72,STATIC,155.40,STATIC,67.97,STATIC,49.97,STATIC,98.36,STATIC,96.80,STATIC,99.83,STATIC,97.35,STATIC,False,0.000,14.7,0.000
14.715000000000002,353,51.82,STATIC,154.76,STATIC,67.30,STATIC,49.63,STATIC,98.35,STATIC,96.79,STATIC,99.81,STATIC,97.16,STATIC,False,0.000,14.7,0.000
14.756666666666668,354,48.13,STATIC,154.20,STATIC,66.06,STATIC,49.16,STATIC,98.33,STATIC,96.74,STATIC,99.66,STATIC,96.92,STATIC,False,0.000,14.8,0.000
14.798333333333334,355,40.68,FLEXION,153.56,STATIC,64.00,STATIC,48.44,STATIC,98.21,STATIC,96.62,STATIC,99.25,STATIC,96.36,STATIC,False,0.000,14.8,0.000
14.840000000000002,356,33.36,FLEXION,152.89,STATIC,62.48,STATIC,47.42,STATIC,98.16,STATIC,96.77,STATIC,99.30,STATIC,96.40,STATIC,False,0.000,14.8,0.000
14.881666666666668,357,33.24,STATIC,152.82,STATIC,62.57,STATIC,47.10,STATIC,98.14,STATIC,96.79,STATIC,99.30,STATIC,96.71,STATIC,False,0.000,14.9,0.000
14.923333333333334,358,29.25,STATIC,153.48,STATIC,62.63,STATIC,46.14,STATIC,97.76,STATIC,96.59,STATIC,99.00,STATIC,96.61,STATIC,False,0.000,14.9,0.000
14.965000000000002,359,38.28,EXTENSION,154.02,STATIC,63.24,STATIC,44.37,STATIC,97.51,STATIC,96.57,STATIC,98.95,STATIC,96.48,STATIC,False,0.002,15.0,0.000
15.006666666666668,360,51.33,EXTENSION,154.41,STATIC,63.00,STATIC,44.86,STATIC,97.42,STATIC,96.51,STATIC,98.99,STATIC,96.40,STATIC,False,0.007,15.0,0.000
15.048333333333334,361,61.26,EXTENSION,153.75,STATIC,64.28,STATIC,44.81,STATIC,97.44,STATIC,96.32,STATIC,98.59,STATIC,95.99,STATIC,False,0.006,15.1,0.000
15.090000000000002,362,63.21,STATIC,153.70,STATIC,63.68,STATIC,44.68,STATIC,97.49,STATIC,96.36,STATIC,98.60,STATIC,95.86,STATIC,False,0.008,15.1,0.000
15.131666666666668,363,63.65,STATIC,153.96,STATIC,62.69,STATIC,43.78,STATIC,97.47,STATIC,96.69,STATIC,98.89,STATIC,95.75,STATIC,False,0.011,15.1,0.000
15.173333333333334,364,63.95,STATIC,155.01,STATIC,62.02,STATIC,44.03,STATIC,97.37,STATIC,96.44,STATIC,99.16,STATIC,95.75,STATIC,False,0.016,15.2,0.000
15.215000000000002,365,61.98,STATIC,154.96,STATIC,62.41,STATIC,44.04,STATIC,97.19,STATIC,96.27,STATIC,99.44,STATIC,95.95,STATIC,False,0.011,15.2,0.000
15.256666666666668,366,65.02,STATIC,155.77,STATIC,62.74,STATIC,43.50,STATIC,97.18,STATIC,96.42,STATIC,100.20,STATIC,96.73,STATIC,False,0.016,15.3,0.000
15.298333333333334,367,53.68,FLEXION,155.44,STATIC,61.96,STATIC,44.07,STATIC,97.21,STATIC,96.41,STATIC,100.24,STATIC,97.05,STATIC,False,0.011,15.3,0.000
15.340000000000002,368,70.93,EXTENSION,154.87,STATIC,63.79,STATIC,44.52,STATIC,97.27,STATIC,96.36,STATIC,100.55,STATIC,97.17,STATIC,False,0.008,15.3,0.000
15.381666666666668,369,82.69,EXTENSION,154.37,STATIC,69.14,EXTENSION,46.46,STATIC,97.05,STATIC,96.22,STATIC,100.24,STATIC,96.68,STATIC,False,0.013,15.4,0.000
15.423333333333334,370,72.04,FLEXION,155.63,STATIC,67.94,STATIC,48.34,STATIC,97.09,STATIC,96.21,STATIC,99.86,STATIC,96.33,STATIC,False,0.012,15.4,0.000
15.465000000000002,371,85.97,EXTENSION,156.60,STATIC,73.59,EXTENSION,50.91,STATIC,96.40,STATIC,95.87,STATIC,99.34,STATIC,95.97,STATIC,False,0.008,15.5,0.000
15.506666666666668,372,74.27,FLEXION,156.47,STATIC,70.28,STATIC,50.58,STATIC,96.05,STATIC,96.34,STATIC,100.14,STATIC,96.47,STATIC,False,0.010,15.5,0.000
15.548333333333334,373,64.10,FLEXION,155.65,STATIC,71.23,STATIC,52.17,STATIC,96.90,STATIC,96.52,STATIC,101.83,STATIC,96.09,STATIC,False,0.001,15.6,0.000
15.590000000000002,374,61.30,STATIC,154.86,STATIC,72.42,STATIC,51.59,STATIC,96.98,STATIC,96.52,STATIC,102.47,STATIC,96.22,STATIC,False,0.003,15.6,0.000
15.631666666666668,375,77.19,EXTENSION,153.98,STATIC,75.06,STATIC,52.14,STATIC,96.84,STATIC,96.16,STATIC,101.57,STATIC,97.08,STATIC,False,0.004,15.6,0.000
15.673333333333334,376,78.43,STATIC,153.04,STATIC,76.85,STATIC,51.60,STATIC,96.50,STATIC,95.89,STATIC,101.43,STATIC,97.46,STATIC,False,0.009,15.7,0.000
15.715000000000002,377,82.47,STATIC,152.58,STATIC,79.94,STATIC,53.63,STATIC,96.60,STATIC,95.74,STATIC,101.43,STATIC,98.00,STATIC,False,0.013,15.7,0.000
15.756666666666668,378,80.91,STATIC,152.18,STATIC,80.53,STATIC,52.18,STATIC,96.57,STATIC,95.56,STATIC,101.88,STATIC,98.54,STATIC,False,0.012,15.8,0.000
15.798333333333334,379,78.21,STATIC,151.57,STATIC,79.82,STATIC,50.97,STATIC,96.76,STATIC,96.01,STATIC,102.35,STATIC,99.17,STATIC,False,0.014,15.8,0.000
15.840000000000002,380,78.60,STATIC,152.37,STATIC,78.66,STATIC,51.70,STATIC,96.24,STATIC,95.74,STATIC,102.07,STATIC,99.40,STATIC,False,0.014,15.8,0.000
15.881666666666668,381,81.77,STATIC,152.09,STATIC,79.35,STATIC,50.37,STATIC,96.23,STATIC,95.31,STATIC,101.91,STATIC,99.18,STATIC,False,0.016,15.9,0.000
15.923333333333334,382,84.36,STATIC,151.82,STATIC,79.94,STATIC,49.59,STATIC,96.16,STATIC,94.84,STATIC,101.62,STATIC,98.84,STATIC,False,0.017,15.9,0.000
15.965000000000002,383,85.31,STATIC,151.32,STATIC,80.46,STATIC,48.37,STATIC,96.26,STATIC,95.01,STATIC,101.65,STATIC,99.36,STATIC,False,0.017,16.0,0.000
16.006666666666668,384,86.40,STATIC,151.06,STATIC,80.40,STATIC,48.12,STATIC,96.66,STATIC,95.08,STATIC,102.01,STATIC,99.79,STATIC,False,0.017,16.0,0.000
16.048333333333336,385,85.16,STATIC,151.20,STATIC,78.86,STATIC,48.83,STATIC,96.70,STATIC,95.23,STATIC,102.16,STATIC,100.51,STATIC,False,0.016,16.1,0.000
16.09,386,84.38,STATIC,150.65,STATIC,78.91,STATIC,48.21,STATIC,96.62,STATIC,95.03,STATIC,102.39,STATIC,100.38,STATIC,False,0.018,16.1,0.000
16.131666666666668,387,84.24,STATIC,150.61,STATIC,79.72,STATIC,46.19,STATIC,97.01,STATIC,95.97,STATIC,102.73,STATIC,100.82,STATIC,False,0.018,16.1,0.000
16.173333333333336,388,83.53,STATIC,149.86,STATIC,79.42,STATIC,43.74,STATIC,96.84,STATIC,95.94,STATIC,102.74,STATIC,100.91,STATIC,False,0.017,16.2,0.000
16.215,389,84.30,STATIC,149.83,STATIC,79.49,STATIC,42.61,STATIC,96.99,STATIC,96.31,STATIC,102.76,STATIC,100.84,STATIC,False,0.017,16.2,0.000
16.256666666666668,390,82.27,STATIC,149.83,STATIC,80.24,STATIC,39.18,STATIC,96.80,STATIC,96.54,STATIC,102.40,STATIC,101.13,STATIC,False,0.016,16.3,0.000
16.298333333333336,391,79.09,STATIC,148.74,STATIC,80.15,STATIC,42.35,STATIC,94.76,STATIC,95.66,STATIC,100.12,STATIC,99.61,STATIC,False,0.018,16.3,0.000
16.34,392,78.69,STATIC,149.96,STATIC,80.13,STATIC,48.38,EXTENSION,95.19,STATIC,94.80,STATIC,100.71,STATIC,98.13,STATIC,False,0.019,16.3,0.000
16.381666666666668,393,78.69,STATIC,149.57,STATIC,80.40,STATIC,48.49,STATIC,95.33,STATIC,94.66,STATIC,100.86,STATIC,97.06,STATIC,False,0.019,16.4,0.000
16.423333333333336,394,77.68,STATIC,149.39,STATIC,81.44,STATIC,47.70,STATIC,96.76,STATIC,95.57,STATIC,102.15,STATIC,97.05,STATIC,False,0.019,16.4,0.000
16.465,395,75.76,STATIC,149.99,STATIC,81.73,STATIC,49.37,STATIC,96.59,STATIC,95.40,STATIC,102.11,STATIC,95.98,STATIC,False,0.019,16.5,0.000
16.506666666666668,396,75.11,STATIC,151.39,STATIC,81.86,STATIC,50.38,STATIC,96.54,STATIC,95.30,STATIC,102.41,STATIC,95.06,STATIC,False,0.018,16.5,0.000
16.548333333333336,397,76.11,STATIC,150.87,STATIC,82.26,STATIC,48.01,STATIC,96.42,STATIC,95.49,STATIC,102.32,STATIC,95.07,STATIC,False,0.018,16.6,0.000
16.59,398,76.01,STATIC,150.42,STATIC,81.57,STATIC,47.04,STATIC,96.26,STATIC,95.51,STATIC,101.64,STATIC,94.96,STATIC,False,0.018,16.6,0.000
16.631666666666668,399,75.57,STATIC,150.36,STATIC,80.75,STATIC,46.19,STATIC,96.30,STATIC,95.53,STATIC,101.30,STATIC,95.02,STATIC,False,0.017,16.6,0.000
16.673333333333336,400,77.38,STATIC,149.94,STATIC,80.50,STATIC,45.35,STATIC,96.24,STATIC,95.29,STATIC,101.01,STATIC,95.37,STATIC,False,0.016,16.7,0.000
16.715,401,77.22,STATIC,150.07,STATIC,79.73,STATIC,47.41,STATIC,96.43,STATIC,95.43,STATIC,100.94,STATIC,95.95,STATIC,False,0.016,16.7,0.000
16.756666666666668,402,77.77,STATIC,149.68,STATIC,78.58,STATIC,46.39,STATIC,96.19,STATIC,95.36,STATIC,100.54,STATIC,96.32,STATIC,False,0.017,16.8,0.000
16.798333333333336,403,78.60,STATIC,149.53,STATIC,76.58,STATIC,46.53,STATIC,95.53,STATIC,94.81,STATIC,99.48,STATIC,96.39,STATIC,False,0.017,16.8,0.000
16.84,404,78.57,STATIC,149.66,STATIC,75.12,STATIC,45.63,STATIC,95.56,STATIC,94.80,STATIC,99.34,STATIC,97.20,STATIC,False,0.016,16.8,0.000
16.881666666666668,405,78.65,STATIC,149.73,STATIC,74.30,STATIC,44.98,STATIC,95.38,STATIC,94.84,STATIC,98.98,STATIC,97.73,STATIC,False,0.016,16.9,0.000
16.923333333333336,406,79.80,STATIC,150.55,STATIC,73.62,STATIC,48.07,STATIC,95.02,STATIC,94.03,STATIC,98.05,STATIC,96.72,STATIC,False,0.018,16.9,0.000
16.965,407,79.63,STATIC,151.62,STATIC,71.20,STATIC,49.51,STATIC,95.12,STATIC,94.23,STATIC,97.82,STATIC,96.85,STATIC,False,0.028,17.0,0.000
17.006666666666668,408,79.32,STATIC,151.57,STATIC,70.62,STATIC,47.79,STATIC,95.32,STATIC,94.50,STATIC,98.02,STATIC,97.22,STATIC,False,0.029,17.0,0.000
17.048333333333336,409,78.81,STATIC,151.76,STATIC,68.99,STATIC,45.55,STATIC,95.04,STATIC,94.43,STATIC,97.64,STATIC,97.15,STATIC,False,0.034,17.1,0.000
17.09,410,79.72,STATIC,151.57,STATIC,68.65,STATIC,44.87,STATIC,95.16,STATIC,94.40,STATIC,97.55,STATIC,97.15,STATIC,False,0.034,17.1,0.000
17.131666666666668,411,80.09,STATIC,151.50,STATIC,69.95,STATIC,45.30,STATIC,95.21,STATIC,94.50,STATIC,97.35,STATIC,97.37,STATIC,False,0.031,17.1,0.000
17.173333333333336,412,81.53,STATIC,151.24,STATIC,70.56,STATIC,46.32,STATIC,95.35,STATIC,94.47,STATIC,97.31,STATIC,97.11,STATIC,False,0.030,17.2,0.000
17.215,413,82.44,STATIC,151.22,STATIC,70.78,STATIC,45.24,STATIC,95.55,STATIC,94.65,STATIC,97.60,STATIC,97.05,STATIC,False,0.029,17.2,0.000
17.256666666666668,414,82.07,STATIC,151.88,STATIC,69.51,STATIC,45.12,STATIC,95.55,STATIC,95.17,STATIC,97.29,STATIC,97.34,STATIC,False,0.030,17.3,0.000
17.298333333333336,415,82.22,STATIC,152.49,STATIC,68.90,STATIC,44.85,STATIC,95.32,STATIC,95.24,STATIC,96.67,STATIC,97.38,STATIC,False,0.033,17.3,0.000
17.34,416,82.16,STATIC,151.67,STATIC,68.71,STATIC,43.15,STATIC,95.42,STATIC,95.32,STATIC,96.78,STATIC,97.62,STATIC,False,0.032,17.3,0.000
17.381666666666668,417,81.18,STATIC,151.12,STATIC,68.70,STATIC,42.16,STATIC,95.54,STATIC,95.33,STATIC,96.91,STATIC,97.14,STATIC,False,0.029,17.4,0.000
17.423333333333336,418,79.56,STATIC,151.26,STATIC,68.30,STATIC,41.28,STATIC,95.78,STATIC,95.75,STATIC,97.35,STATIC,97.46,STATIC,False,0.026,17.4,0.000
17.465,419,79.85,STATIC,151.34,STATIC,68.31,STATIC,40.79,STATIC,95.76,STATIC,95.13,STATIC,97.36,STATIC,96.96,STATIC,False,0.024,17.5,0.000
17.506666666666668,420,80.06,STATIC,152.40,STATIC,68.46,STATIC,41.92,STATIC,95.69,STATIC,94.84,STATIC,97.23,STATIC,96.96,STATIC,False,0.023,17.5,0.000
17.548333333333336,421,79.44,STATIC,152.83,STATIC,68.34,STATIC,42.42,STATIC,95.74,STATIC,95.08,STATIC,97.27,STATIC,97.14,STATIC,False,0.023,17.6,0.000
17.59,422,79.85,STATIC,152.99,STATIC,68.69,STATIC,43.69,STATIC,95.60,STATIC,94.78,STATIC,96.87,STATIC,96.76,STATIC,False,0.024,17.6,0.000
17.631666666666668,423,81.75,STATIC,153.12,STATIC,71.29,STATIC,45.58,STATIC,95.56,STATIC,94.59,STATIC,96.61,STATIC,96.27,STATIC,False,0.020,17.6,0.000
17.673333333333336,424,83.52,STATIC,153.05,STATIC,71.91,STATIC,45.59,STATIC,95.67,STATIC,94.61,STATIC,96.46,STATIC,95.99,STATIC,False,0.019,17.7,0.000
17.715,425,83.35,STATIC,152.41,STATIC,72.07,STATIC,45.89,STATIC,95.90,STATIC,94.67,STATIC,96.68,STATIC,95.96,STATIC,False,0.016,17.7,0.000
17.756666666666668,426,82.49,STATIC,151.79,STATIC,71.71,STATIC,44.96,STATIC,96.07,STATIC,94.91,STATIC,96.84,STATIC,96.37,STATIC,False,0.015,17.8,0.000
17.798333333333336,427,81.11,STATIC,151.07,STATIC,70.66,STATIC,43.65,STATIC,96.23,STATIC,95.19,STATIC,97.09,STATIC,96.92,STATIC,False,0.014,17.8,0.000
17.84,428,80.47,STATIC,150.79,STATIC,68.83,STATIC,43.24,STATIC,96.29,STATIC,95.20,STATIC,97.06,STATIC,97.07,STATIC,False,0.016,17.8,0.000
17.881666666666668,429,80.98,STATIC,151.04,STATIC,67.63,STATIC,43.22,STATIC,96.31,STATIC,95.11,STATIC,97.03,STATIC,97.35,STATIC,False,0.020,17.9,0.000
17.923333333333336,430,82.47,STATIC,150.89,STATIC,68.04,STATIC,44.17,STATIC,96.27,STATIC,94.97,STATIC,96.93,STATIC,97.36,STATIC,False,0.021,17.9,0.000
17.96666666666667,431,82.10,STATIC,150.47,STATIC,68.35,STATIC,43.98,STATIC,96.02,STATIC,94.60,STATIC,96.33,STATIC,97.14,STATIC,False,0.021,18.0,0.000
18.008333333333333,432,82.09,STATIC,149.88,STATIC,68.80,STATIC,44.14,STATIC,95.87,STATIC,94.58,STATIC,96.05,STATIC,97.12,STATIC,False,0.020,18.0,0.000
18.05,433,81.91,STATIC,149.45,STATIC,68.54,STATIC,44.50,STATIC,95.85,STATIC,94.61,STATIC,96.00,STATIC,97.45,STATIC,False,0.021,18.1,0.000
18.09166666666667,434,82.62,STATIC,148.96,STATIC,68.78,STATIC,45.79,STATIC,95.78,STATIC,94.58,STATIC,95.90,STATIC,97.68,STATIC,False,0.022,18.1,0.000
18.133333333333333,435,81.92,STATIC,148.76,STATIC,68.59,STATIC,44.98,STATIC,96.08,STATIC,94.78,STATIC,96.40,STATIC,98.38,STATIC,False,0.021,18.1,0.000
18.175,436,81.39,STATIC,148.51,STATIC,68.29,STATIC,43.53,STATIC,96.03,STATIC,94.81,STATIC,96.36,STATIC,98.78,STATIC,False,0.023,18.2,0.000
18.21666666666667,437,80.77,STATIC,148.43,STATIC,67.43,STATIC,42.04,STATIC,96.02,STATIC,95.30,STATIC,96.38,STATIC,99.68,STATIC,False,0.025,18.2,0.000
18.258333333333333,438,80.21,STATIC,148.42,STATIC,66.63,STATIC,40.95,STATIC,95.98,STATIC,95.63,STATIC,96.33,STATIC,100.44,STATIC,False,0.030,18.3,0.000
18.3,439,81.95,STATIC,147.68,STATIC,68.26,STATIC,40.85,STATIC,95.90,STATIC,95.37,STATIC,96.09,STATIC,100.22,STATIC,False,0.028,18.3,0.000
18.34166666666667,440,81.11,STATIC,147.35,STATIC,68.40,STATIC,41.19,STATIC,95.99,STATIC,95.42,STATIC,96.37,STATIC,100.86,STATIC,False,0.024,18.3,0.000
18.383333333333333,441,81.67,STATIC,146.93,STATIC,68.27,STATIC,41.57,STATIC,96.08,STATIC,95.78,STATIC,96.66,STATIC,101.66,STATIC,False,0.025,18.4,0.000
18.425,442,82.66,STATIC,146.38,STATIC,68.68,STATIC,41.72,STATIC,96.12,STATIC,95.80,STATIC,96.85,STATIC,101.98,STATIC,False,0.025,18.4,0.000
18.46666666666667,443,82.97,STATIC,146.03,STATIC,68.52,STATIC,41.53,STATIC,96.08,STATIC,95.52,STATIC,96.88,STATIC,101.97,STATIC,False,0.025,18.5,0.000
18.508333333333333,444,82.90,STATIC,145.64,STATIC,68.16,STATIC,37.80,STATIC,96.16,STATIC,95.61,STATIC,97.32,STATIC,102.26,STATIC,False,0.025,18.5,0.000
18.55,445,82.07,STATIC,145.35,STATIC,73.18,EXTENSION,37.44,STATIC,95.90,STATIC,95.44,STATIC,97.39,STATIC,101.53,STATIC,False,0.015,18.6,0.000
18.59166666666667,446,81.44,STATIC,144.81,STATIC,74.97,STATIC,41.04,STATIC,95.55,STATIC,94.88,STATIC,97.78,STATIC,100.10,STATIC,False,0.013,18.6,0.000
18.633333333333333,447,80.34,STATIC,144.40,STATIC,74.99,STATIC,40.91,STATIC,95.68,STATIC,94.70,STATIC,98.04,STATIC,98.74,STATIC,False,0.013,18.6,0.000
18.675,448,82.55,STATIC,144.43,STATIC,76.00,STATIC,38.57,STATIC,95.05,STATIC,94.91,STATIC,97.55,STATIC,97.97,STATIC,False,0.014,18.7,0.000
18.71666666666667,449,80.82,STATIC,143.63,STATIC,76.85,STATIC,37.87,STATIC,94.49,STATIC,95.13,STATIC,96.99,STATIC,97.59,STATIC,False,0.014,18.7,0.000
18.758333333333333,450,74.92,FLEXION,144.39,STATIC,73.62,STATIC,38.34,STATIC,94.67,STATIC,95.19,STATIC,97.77,STATIC,97.62,STATIC,False,0.010,18.8,0.000
18.8,451,76.50,STATIC,144.63,STATIC,73.24,STATIC,39.72,STATIC,94.98,STATIC,95.13,STATIC,97.95,STATIC,97.29,STATIC,False,0.011,18.8,0.000
18.84166666666667,452,79.07,STATIC,144.98,STATIC,72.96,STATIC,39.43,STATIC,95.29,STATIC,95.13,STATIC,98.45,STATIC,97.74,STATIC,False,0.012,18.8,0.000
18.883333333333333,453,81.00,STATIC,145.53,STATIC,73.29,STATIC,37.47,STATIC,95.47,STATIC,95.24,STATIC,98.93,STATIC,99.18,STATIC,False,0.012,18.9,0.000
18.925,454,83.07,STATIC,145.75,STATIC,73.82,STATIC,35.83,STATIC,95.40,STATIC,95.17,STATIC,98.77,STATIC,100.57,STATIC,False,0.014,18.9,0.000
18.96666666666667,455,85.18,STATIC,145.41,STATIC,73.18,STATIC,32.89,STATIC,96.11,STATIC,95.51,STATIC,99.38,STATIC,102.14,STATIC,False,0.015,19.0,0.000
19.008333333333333,456,85.43,STATIC,145.83,STATIC,72.46,STATIC,31.77,STATIC,96.26,STATIC,95.65,STATIC,99.53,STATIC,103.48,STATIC,False,0.015,19.0,0.000
19.05,457,87.88,STATIC,147.06,STATIC,71.02,STATIC,33.33,STATIC,96.30,STATIC,95.51,STATIC,99.45,STATIC,105.00,STATIC,False,0.016,19.1,0.000
19.09166666666667,458,88.28,STATIC,147.03,STATIC,71.22,STATIC,30.35,STATIC,96.38,STATIC,95.68,STATIC,99.44,STATIC,105.25,STATIC,False,0.016,19.1,0.000
19.133333333333333,459,88.38,STATIC,147.28,STATIC,71.03,STATIC,29.65,STATIC,96.36,STATIC,95.67,STATIC,99.51,STATIC,105.93,STATIC,False,0.015,19.1,0.000
19.175,460,88.70,STATIC,147.69,STATIC,72.38,STATIC,28.18,STATIC,96.58,STATIC,95.95,STATIC,99.90,STATIC,107.04,STATIC,False,0.014,19.2,0.000
19.21666666666667,461,88.17,STATIC,146.76,STATIC,74.95,STATIC,29.21,STATIC,95.98,STATIC,95.92,STATIC,99.31,STATIC,106.66,STATIC,False,0.016,19.2,0.000
19.258333333333333,462,87.37,STATIC,147.18,STATIC,73.45,STATIC,30.00,STATIC,95.91,STATIC,95.59,STATIC,99.36,STATIC,107.63,STATIC,False,0.016,19.3,0.000
19.3,463,86.38,STATIC,147.67,STATIC,74.68,STATIC,30.94,STATIC,95.69,STATIC,95.70,STATIC,99.48,STATIC,108.24,STATIC,False,0.016,19.3,0.000
19.34166666666667,464,85.02,STATIC,148.90,STATIC,73.64,STATIC,34.51,STATIC,96.26,STATIC,95.90,STATIC,100.46,STATIC,109.35,STATIC,False,0.015,19.3,0.000
19.383333333333333,465,85.02,STATIC,148.76,STATIC,74.97,STATIC,35.37,STATIC,96.25,STATIC,95.74,STATIC,100.28,STATIC,108.74,STATIC,False,0.016,19.4,0.000
19.425,466,84.92,STATIC,148.28,STATIC,74.71,STATIC,35.84,STATIC,96.08,STATIC,95.48,STATIC,100.04,STATIC,108.71,STATIC,False,0.016,19.4,0.000
19.46666666666667,467,85.73,STATIC,147.39,STATIC,76.14,STATIC,35.27,STATIC,95.98,STATIC,95.49,STATIC,100.02,STATIC,107.80,STATIC,False,0.017,19.5,0.000
19.508333333333333,468,86.10,STATIC,147.22,STATIC,77.80,STATIC,36.96,STATIC,95.23,STATIC,95.37,STATIC,99.18,STATIC,105.70,STATIC,False,0.018,19.5,0.000
19.55,469,84.43,STATIC,146.63,STATIC,77.90,STATIC,37.38,STATIC,93.36,STATIC,94.80,STATIC,97.69,STATIC,103.36,STATIC,False,0.017,19.6,0.000
19.59166666666667,470,82.33,STATIC,146.15,STATIC,77.45,STATIC,39.67,STATIC,92.12,STATIC,94.11,STATIC,97.28,STATIC,101.75,STATIC,False,0.015,19.6,0.000
19.633333333333333,471,79.00,STATIC,145.73,STATIC,75.91,STATIC,41.41,STATIC,92.34,STATIC,94.29,STATIC,97.61,STATIC,101.22,STATIC,False,0.014,19.6,0.000
19.675,472,76.40,STATIC,145.38,STATIC,76.71,STATIC,43.59,STATIC,92.28,STATIC,94.29,STATIC,97.93,STATIC,101.75,STATIC,False,0.013,19.7,0.000
19.71666666666667,473,68.46,FLEXION,145.11,STATIC,72.59,STATIC,44.26,STATIC,92.34,STATIC,94.06,STATIC,98.30,STATIC,101.52,STATIC,False,0.011,19.7,0.000
19.758333333333333,474,67.75,STATIC,144.74,STATIC,75.12,STATIC,44.07,STATIC,91.48,STATIC,93.75,STATIC,98.51,STATIC,101.73,STATIC,False,0.010,19.8,0.000
19.8,475,72.13,STATIC,144.69,STATIC,77.94,STATIC,44.79,STATIC,91.14,STATIC,93.60,STATIC,99.11,STATIC,101.92,STATIC,False,0.012,19.8,0.000
19.84166666666667,476,72.01,STATIC,144.77,STATIC,80.73,STATIC,45.09,STATIC,91.74,STATIC,94.18,STATIC,100.02,STATIC,100.90,STATIC,False,0.011,19.8,0.000
19.883333333333333,477,71.99,STATIC,144.69,STATIC,80.87,STATIC,46.32,STATIC,92.16,STATIC,94.05,STATIC,100.65,STATIC,99.63,STATIC,False,0.011,19.9,0.000
19.925,478,73.17,STATIC,144.66,STATIC,81.29,STATIC,46.31,STATIC,92.30,STATIC,94.04,STATIC,100.80,STATIC,97.95,STATIC,False,0.011,19.9,0.000
19.96666666666667,479,73.83,STATIC,144.88,STATIC,81.03,STATIC,46.11,STATIC,92.82,STATIC,93.96,STATIC,101.50,STATIC,96.45,STATIC,False,0.015,20.0,0.000
20.008333333333333,480,74.90,STATIC,144.92,STATIC,81.07,STATIC,46.36,STATIC,93.31,STATIC,93.92,STATIC,101.52,STATIC,95.33,STATIC,False,0.017,20.0,0.000
20.05,481,73.83,STATIC,145.18,STATIC,78.87,STATIC,46.30,STATIC,93.64,STATIC,93.89,STATIC,102.48,STATIC,94.30,STATIC,False,0.014,20.1,0.000
20.09166666666667,482,75.42,STATIC,145.38,STATIC,78.50,STATIC,47.38,STATIC,94.13,STATIC,93.56,STATIC,103.23,STATIC,93.50,STATIC,False,0.015,20.1,0.000
20.133333333333333,483,73.10,STATIC,145.84,STATIC,75.98,STATIC,46.86,STATIC,95.50,STATIC,94.55,STATIC,104.47,STATIC,94.15,STATIC,False,0.018,20.1,0.000
20.175,484,73.51,STATIC,145.13,STATIC,75.77,STATIC,42.98,STATIC,95.32,STATIC,94.81,STATIC,103.55,STATIC,94.42,STATIC,False,0.020,20.2,0.000
20.21666666666667,485,72.68,STATIC,145.21,STATIC,76.53,STATIC,44.87,STATIC,95.43,STATIC,94.60,STATIC,102.45,STATIC,93.42,STATIC,False,0.014,20.2,0.000
20.258333333333333,486,75.60,STATIC,146.12,STATIC,76.76,STATIC,43.92,STATIC,95.57,STATIC,95.33,STATIC,102.25,STATIC,94.88,STATIC,False,0.016,20.3,0.000
20.3,487,75.36,STATIC,146.31,STATIC,77.28,STATIC,43.56,STATIC,95.59,STATIC,95.23,STATIC,102.04,STATIC,95.92,STATIC,False,0.019,20.3,0.000
20.34166666666667,488,74.55,STATIC,146.57,STATIC,78.40,STATIC,46.74,STATIC,95.18,STATIC,94.86,STATIC,100.91,STATIC,95.54,STATIC,False,0.022,20.3,0.000
20.383333333333336,489,71.50,STATIC,147.08,STATIC,76.90,STATIC,44.24,STATIC,95.54,STATIC,95.39,STATIC,101.47,STATIC,96.77,STATIC,False,0.030,20.4,0.000
20.425,490,72.80,STATIC,147.01,STATIC,76.97,STATIC,43.74,STATIC,95.61,STATIC,95.43,STATIC,102.25,STATIC,97.80,STATIC,False,0.028,20.4,0.000
20.46666666666667,491,73.81,STATIC,146.97,STATIC,76.74,STATIC,43.33,STATIC,95.76,STATIC,95.49,STATIC,102.32,STATIC,98.93,STATIC,False,0.026,20.5,0.000
20.508333333333336,492,70.94,STATIC,147.72,STATIC,75.83,STATIC,42.96,STATIC,95.84,STATIC,95.49,STATIC,102.40,STATIC,99.52,STATIC,False,0.029,20.5,0.000
20.55,493,69.84,STATIC,149.22,STATIC,76.03,STATIC,44.13,STATIC,95.64,STATIC,95.23,STATIC,101.59,STATIC,99.38,STATIC,False,0.032,20.6,0.000
20.59166666666667,494,67.27,STATIC,149.75,STATIC,76.83,STATIC,45.59,STATIC,95.62,STATIC,95.38,STATIC,101.42,STATIC,99.85,STATIC,False,0.030,20.6,0.000
20.633333333333336,495,67.02,STATIC,149.77,STATIC,77.64,STATIC,45.42,STATIC,95.59,STATIC,95.37,STATIC,101.46,STATIC,100.23,STATIC,False,0.028,20.6,0.000
20.675,496,68.73,STATIC,150.43,STATIC,77.64,STATIC,41.60,STATIC,95.65,STATIC,95.23,STATIC,101.15,STATIC,100.82,STATIC,False,0.028,20.7,0.000
20.71666666666667,497,68.73,STATIC,151.12,STATIC,77.09,STATIC,39.47,STATIC,95.70,STATIC,95.28,STATIC,101.19,STATIC,101.69,STATIC,False,0.027,20.7,0.000
20.758333333333336,498,72.48,STATIC,151.66,STATIC,76.75,STATIC,39.49,STATIC,95.67,STATIC,95.37,STATIC,100.70,STATIC,102.66,STATIC,False,0.028,20.8,0.000
20.8,499,71.95,STATIC,151.95,STATIC,75.44,STATIC,41.78,STATIC,95.63,STATIC,95.18,STATIC,100.41,STATIC,102.85,STATIC,False,0.028,20.8,0.000
20.84166666666667,500,70.70,STATIC,151.02,STATIC,75.11,STATIC,41.68,STATIC,95.60,STATIC,95.16,STATIC,100.15,STATIC,102.76,STATIC,False,0.022,20.8,0.000
20.883333333333336,501,70.74,STATIC,150.42,STATIC,73.45,STATIC,41.33,STATIC,95.78,STATIC,95.21,STATIC,100.43,STATIC,103.28,STATIC,False,0.022,20.9,0.000
20.925,502,69.78,STATIC,149.87,STATIC,72.02,STATIC,41.13,STATIC,95.85,STATIC,95.31,STATIC,99.91,STATIC,104.05,STATIC,False,0.024,20.9,0.000
20.96666666666667,503,69.55,STATIC,150.20,STATIC,70.81,STATIC,40.61,STATIC,95.87,STATIC,95.37,STATIC,99.75,STATIC,104.16,STATIC,False,0.022,21.0,0.000
21.008333333333336,504,70.75,STATIC,150.21,STATIC,70.76,STATIC,38.45,STATIC,96.04,STATIC,95.56,STATIC,99.62,STATIC,104.04,STATIC,False,0.020,21.0,0.000
21.05,505,72.41,STATIC,150.74,STATIC,70.68,STATIC,40.32,STATIC,96.10,STATIC,95.73,STATIC,99.27,STATIC,104.45,STATIC,False,0.017,21.1,0.000
21.09166666666667,506,73.11,STATIC,150.68,STATIC,70.69,STATIC,42.82,STATIC,95.92,STATIC,95.63,STATIC,98.78,STATIC,103.76,STATIC,False,0.015,21.1,0.000
21.133333333333336,507,73.42,STATIC,150.81,STATIC,71.02,STATIC,45.77,STATIC,95.52,STATIC,95.26,STATIC,98.10,STATIC,102.55,STATIC,False,0.014,21.1,0.000
21.175,508,72.41,STATIC,151.20,STATIC,70.67,STATIC,45.22,STATIC,95.55,STATIC,95.22,STATIC,98.12,STATIC,101.92,STATIC,False,0.013,21.2,0.000
21.21666666666667,509,71.77,STATIC,151.20,STATIC,71.15,STATIC,45.91,STATIC,95.53,STATIC,95.18,STATIC,98.36,STATIC,101.51,STATIC,False,0.012,21.2,0.000
21.258333333333336,510,68.19,STATIC,151.34,STATIC,70.22,STATIC,44.58,STATIC,95.90,STATIC,95.50,STATIC,99.07,STATIC,101.23,STATIC,False,0.008,21.3,0.000
21.3,511,64.38,STATIC,150.91,STATIC,70.91,STATIC,44.73,STATIC,96.35,STATIC,95.80,STATIC,99.57,STATIC,101.68,STATIC,False,0.000,21.3,0.000
21.34166666666667,512,61.80,STATIC,150.03,STATIC,70.90,STATIC,45.35,STATIC,96.24,STATIC,95.61,STATIC,99.12,STATIC,100.90,STATIC,False,0.000,21.3,0.000
21.383333333333336,513,61.21,STATIC,149.90,STATIC,70.97,STATIC,44.94,STATIC,96.29,STATIC,95.63,STATIC,99.03,STATIC,100.47,STATIC,False,0.000,21.4,0.000
21.425,514,63.33,STATIC,147.83,STATIC,72.56,STATIC,46.50,STATIC,96.34,STATIC,95.50,STATIC,99.17,STATIC,100.24,STATIC,False,0.000,21.4,0.000
21.46666666666667,515,57.22,FLEXION,146.75,STATIC,71.99,STATIC,47.96,STATIC,96.18,STATIC,95.20,STATIC,98.46,STATIC,99.15,STATIC,False,0.000,21.5,0.000
21.508333333333336,516,60.90,STATIC,146.02,STATIC,72.63,STATIC,49.40,STATIC,95.78,STATIC,95.08,STATIC,97.66,STATIC,98.19,STATIC,False,0.001,21.5,0.000
21.55,517,53.72,FLEXION,144.31,STATIC,71.01,STATIC,48.74,STATIC,96.27,STATIC,95.19,STATIC,98.04,STATIC,98.05,STATIC,False,0.000,21.6,0.000
21.59166666666667,518,52.67,STATIC,142.36,STATIC,71.21,STATIC,48.14,STATIC,96.30,STATIC,95.09,STATIC,97.98,STATIC,98.14,STATIC,False,0.000,21.6,0.000
21.633333333333336,519,51.04,STATIC,139.02,STATIC,72.52,STATIC,55.55,EXTENSION,96.46,STATIC,95.37,STATIC,97.95,STATIC,98.77,STATIC,False,0.004,21.6,0.000
21.675,520,59.08,EXTENSION,134.80,STATIC,72.38,STATIC,54.59,STATIC,96.62,STATIC,95.62,STATIC,98.41,STATIC,99.60,STATIC,False,0.000,21.7,0.000
21.71666666666667,521,43.51,FLEXION,129.19,FLEXION,67.89,STATIC,49.73,STATIC,97.24,STATIC,95.66,STATIC,98.90,STATIC,99.47,STATIC,False,0.000,21.7,0.000
21.758333333333336,522,47.01,STATIC,122.98,FLEXION,69.61,STATIC,50.05,STATIC,97.31,STATIC,95.79,STATIC,98.89,STATIC,100.06,STATIC,False,0.000,21.8,0.000
21.8,523,50.63,STATIC,114.69,FLEXION,70.94,STATIC,49.02,STATIC,96.72,STATIC,95.61,STATIC,98.64,STATIC,100.59,STATIC,False,0.000,21.8,0.000
21.84166666666667,524,69.58,EXTENSION,105.76,FLEXION,73.77,STATIC,54.27,EXTENSION,95.98,STATIC,95.47,STATIC,96.74,STATIC,101.31,STATIC,False,0.002,21.8,0.000
21.883333333333336,525,77.10,EXTENSION,103.79,STATIC,75.58,STATIC,59.30,EXTENSION,95.08,STATIC,95.23,STATIC,94.94,STATIC,101.38,STATIC,False,0.006,21.9,0.000
21.925,526,66.68,FLEXION,97.59,FLEXION,77.54,STATIC,54.54,STATIC,95.69,STATIC,95.36,STATIC,96.35,STATIC,101.10,STATIC,False,0.005,21.9,0.000
21.96666666666667,527,41.60,FLEXION,97.95,STATIC,79.01,STATIC,48.94,FLEXION,96.43,STATIC,95.92,STATIC,98.66,STATIC,102.12,STATIC,False,0.167,22.0,0.000
22.01,528,39.56,STATIC,97.40,STATIC,81.15,STATIC,47.42,STATIC,96.49,STATIC,95.99,STATIC,97.88,STATIC,101.49,STATIC,False,0.014,22.0,0.000
22.05166666666667,529,48.24,EXTENSION,100.56,STATIC,82.25,STATIC,56.66,EXTENSION,96.89,STATIC,95.99,STATIC,96.97,STATIC,100.89,STATIC,False,0.010,22.1,0.000
22.093333333333334,530,54.77,EXTENSION,106.07,EXTENSION,83.32,STATIC,62.80,EXTENSION,96.68,STATIC,95.73,STATIC,95.99,STATIC,100.53,STATIC,False,0.019,22.1,0.000
22.135,531,54.20,STATIC,113.92,EXTENSION,85.04,STATIC,71.63,EXTENSION,96.41,STATIC,95.65,STATIC,95.61,STATIC,100.21,STATIC,False,0.020,22.1,0.000
22.17666666666667,532,57.34,STATIC,120.75,EXTENSION,86.00,STATIC,79.39,EXTENSION,95.33,STATIC,94.50,STATIC,92.32,STATIC,96.91,STATIC,False,0.017,22.2,0.000
22.218333333333334,533,55.01,STATIC,124.84,STATIC,86.61,STATIC,83.59,STATIC,95.12,STATIC,94.34,STATIC,92.40,STATIC,96.03,STATIC,False,0.014,22.2,0.000
22.26,534,54.95,STATIC,125.91,STATIC,86.69,STATIC,84.41,STATIC,94.40,STATIC,93.55,STATIC,90.68,STATIC,94.26,STATIC,False,0.017,22.3,0.000
22.30166666666667,535,42.90,FLEXION,130.05,STATIC,87.41,STATIC,86.31,STATIC,94.27,STATIC,93.85,STATIC,92.46,STATIC,93.50,STATIC,False,0.012,22.3,0.000
22.343333333333334,536,37.37,FLEXION,131.66,STATIC,87.38,STATIC,86.85,STATIC,94.61,STATIC,94.32,STATIC,94.12,STATIC,92.91,STATIC,False,0.007,22.3,0.000
22.385,537,34.46,STATIC,132.15,STATIC,87.47,STATIC,85.36,STATIC,94.18,STATIC,93.70,STATIC,91.81,STATIC,89.24,STATIC,False,0.008,22.4,0.000
22.42666666666667,538,36.46,STATIC,131.14,STATIC,87.89,STATIC,85.52,STATIC,93.82,STATIC,93.54,STATIC,91.45,STATIC,86.12,STATIC,False,0.006,22.4,0.000
22.468333333333334,539,38.22,STATIC,130.09,STATIC,87.69,STATIC,86.47,STATIC,93.45,STATIC,93.34,STATIC,91.45,STATIC,85.88,STATIC,False,0.006,22.5,0.000
22.51,540,43.48,EXTENSION,131.22,STATIC,87.71,STATIC,87.12,STATIC,93.24,STATIC,93.34,STATIC,92.61,STATIC,85.63,STATIC,False,0.009,22.5,0.000
22.55166666666667,541,23.71,FLEXION,133.27,STATIC,87.95,STATIC,88.02,STATIC,93.54,STATIC,93.30,STATIC,93.02,STATIC,85.09,STATIC,False,0.009,22.6,0.000
22.593333333333334,542,12.09,FLEXION,136.97,STATIC,87.66,STATIC,86.87,STATIC,93.86,STATIC,93.91,STATIC,94.39,STATIC,85.27,STATIC,False,0.009,22.6,0.000
22.635,543,26.01,EXTENSION,133.62,STATIC,87.81,STATIC,87.62,STATIC,93.61,STATIC,93.64,STATIC,93.18,STATIC,84.68,STATIC,False,0.011,22.6,0.000
22.67666666666667,544,19.39,FLEXION,134.74,STATIC,87.96,STATIC,87.78,STATIC,94.09,STATIC,94.19,STATIC,95.12,STATIC,84.57,STATIC,False,0.013,22.7,0.000
22.718333333333334,545,18.26,STATIC,135.43,STATIC,87.99,STATIC,87.04,STATIC,93.86,STATIC,93.98,STATIC,94.23,STATIC,83.94,STATIC,False,0.014,22.7,0.000
22.76,546,17.97,STATIC,131.66,STATIC,88.19,STATIC,84.88,STATIC,93.81,STATIC,93.93,STATIC,94.31,STATIC,81.91,STATIC,False,0.009,22.8,0.000
22.80166666666667,547,17.20,STATIC,131.38,STATIC,88.17,STATIC,84.98,STATIC,93.57,STATIC,93.67,STATIC,94.21,STATIC,81.47,STATIC,False,0.011,22.8,0.000
22.843333333333334,548,11.93,FLEXION,136.00,STATIC,87.95,STATIC,85.60,STATIC,93.46,STATIC,93.44,STATIC,94.28,STATIC,80.94,STATIC,False,0.011,22.8,0.000
22.885,549,9.36,STATIC,139.79,STATIC,87.63,STATIC,86.46,STATIC,93.25,STATIC,93.34,STATIC,94.51,STATIC,80.86,STATIC,False,0.011,22.9,0.000
22.92666666666667,550,10.82,STATIC,138.92,STATIC,87.43,STATIC,86.17,STATIC,93.25,STATIC,93.33,STATIC,94.49,STATIC,79.77,STATIC,False,0.013,22.9,0.000
22.968333333333334,551,17.58,EXTENSION,142.40,STATIC,87.06,STATIC,86.15,STATIC,93.04,STATIC,93.11,STATIC,93.71,STATIC,79.29,STATIC,False,0.015,23.0,0.000
23.01,552,13.79,STATIC,141.06,STATIC,87.07,STATIC,84.52,STATIC,92.83,STATIC,92.92,STATIC,93.52,STATIC,79.33,STATIC,False,0.020,23.0,0.000
23.05166666666667,553,19.46,EXTENSION,135.69,FLEXION,87.25,STATIC,82.54,STATIC,92.74,STATIC,92.91,STATIC,93.87,STATIC,80.17,STATIC,False,0.021,23.1,0.000
23.093333333333334,554,11.85,FLEXION,134.70,STATIC,86.97,STATIC,83.00,STATIC,92.77,STATIC,92.90,STATIC,94.40,STATIC,80.59,STATIC,False,0.021,23.1,0.000
23.135,555,17.55,EXTENSION,135.40,STATIC,87.11,STATIC,82.04,STATIC,92.79,STATIC,92.96,STATIC,94.43,STATIC,80.35,STATIC,False,0.025,23.1,0.000
23.17666666666667,556,22.59,EXTENSION,132.57,STATIC,86.71,STATIC,80.59,STATIC,92.75,STATIC,92.94,STATIC,94.54,STATIC,81.85,STATIC,False,0.028,23.2,0.000
23.218333333333334,557,20.65,STATIC,134.23,STATIC,86.50,STATIC,79.99,STATIC,92.76,STATIC,93.01,STATIC,95.06,STATIC,84.06,STATIC,False,0.026,23.2,0.000
23.26,558,18.21,STATIC,132.96,STATIC,86.46,STATIC,79.38,STATIC,92.73,STATIC,92.97,STATIC,95.41,STATIC,85.73,STATIC,False,0.023,23.3,0.000
23.30166666666667,559,19.48,STATIC,128.60,STATIC,86.48,STATIC,78.78,STATIC,92.39,STATIC,92.74,STATIC,96.43,STATIC,90.65,STATIC,False,0.021,23.3,0.000
23.343333333333334,560,17.29,STATIC,129.92,STATIC,86.46,STATIC,79.71,STATIC,92.51,STATIC,93.12,STATIC,97.44,STATIC,93.93,STATIC,False,0.018,23.3,0.000
23.385,561,19.88,STATIC,131.10,STATIC,86.51,STATIC,79.66,STATIC,92.80,STATIC,93.69,STATIC,98.84,STATIC,95.17,STATIC,False,0.020,23.4,0.000
23.42666666666667,562,17.97,STATIC,135.24,STATIC,86.79,STATIC,83.45,STATIC,93.75,STATIC,94.43,STATIC,101.11,STATIC,96.31,STATIC,False,0.016,23.4,0.000
23.468333333333334,563,12.91,FLEXION,135.78,STATIC,87.07,STATIC,84.07,STATIC,93.42,STATIC,93.71,STATIC,99.21,STATIC,93.35,STATIC,False,0.016,23.5,0.000
23.51,564,9.02,STATIC,134.87,STATIC,86.93,STATIC,84.08,STATIC,93.79,STATIC,94.01,STATIC,100.05,STATIC,94.28,STATIC,False,0.014,23.5,0.000
23.55166666666667,565,10.62,STATIC,135.72,STATIC,86.94,STATIC,83.53,STATIC,93.58,STATIC,93.88,STATIC,98.82,STATIC,93.30,STATIC,False,0.017,23.6,0.000
23.593333333333334,566,12.57,STATIC,135.61,STATIC,86.96,STATIC,83.41,STATIC,93.61,STATIC,93.75,STATIC,98.91,STATIC,91.89,STATIC,False,0.015,23.6,0.000
23.635,567,14.68,STATIC,135.79,STATIC,87.02,STATIC,82.83,STATIC,93.75,STATIC,93.75,STATIC,98.90,STATIC,90.26,STATIC,False,0.017,23.6,0.000
23.67666666666667,568,16.50,STATIC,134.05,STATIC,87.07,STATIC,81.94,STATIC,93.85,STATIC,93.84,STATIC,98.47,STATIC,89.02,STATIC,False,0.018,23.7,0.000
23.718333333333334,569,15.28,STATIC,133.79,STATIC,87.11,STATIC,80.85,STATIC,94.19,STATIC,94.17,STATIC,99.05,STATIC,88.18,STATIC,False,0.019,23.7,0.000
23.76,570,16.59,STATIC,133.21,STATIC,87.17,STATIC,81.74,STATIC,94.18,STATIC,94.14,STATIC,98.41,STATIC,86.95,STATIC,False,0.017,23.8,0.000
23.80166666666667,571,19.58,STATIC,131.06,STATIC,87.23,STATIC,81.79,STATIC,93.87,STATIC,93.85,STATIC,97.74,STATIC,86.32,STATIC,False,0.012,23.8,0.000
23.843333333333334,572,19.25,STATIC,132.10,STATIC,87.22,STATIC,82.19,STATIC,93.67,STATIC,93.74,STATIC,97.34,STATIC,86.00,STATIC,False,0.011,23.8,0.000
23.885,573,21.00,STATIC,132.34,STATIC,87.24,STATIC,82.31,STATIC,93.66,STATIC,93.72,STATIC,97.23,STATIC,85.35,STATIC,False,0.013,23.9,0.000
23.92666666666667,574,19.58,STATIC,132.33,STATIC,87.21,STATIC,82.06,STATIC,93.72,STATIC,93.82,STATIC,97.26,STATIC,84.69,STATIC,False,0.014,23.9,0.000
23.968333333333334,575,20.06,STATIC,133.36,STATIC,87.19,STATIC,82.28,STATIC,94.00,STATIC,93.99,STATIC,97.76,STATIC,84.20,STATIC,False,0.015,24.0,0.000
24.01,576,19.97,STATIC,133.45,STATIC,87.14,STATIC,81.64,STATIC,94.05,STATIC,94.07,STATIC,97.43,STATIC,83.65,STATIC,False,0.016,24.0,0.000
24.05166666666667,577,13.93,FLEXION,138.48,EXTENSION,86.98,STATIC,81.83,STATIC,94.11,STATIC,94.11,STATIC,97.62,STATIC,83.33,STATIC,False,0.015,24.1,0.000
24.093333333333334,578,12.45,STATIC,138.70,STATIC,86.90,STATIC,82.09,STATIC,94.11,STATIC,94.09,STATIC,97.49,STATIC,83.31,STATIC,False,0.015,24.1,0.000
24.135,579,10.27,STATIC,143.18,STATIC,86.70,STATIC,83.35,STATIC,94.15,STATIC,94.07,STATIC,97.64,STATIC,83.15,STATIC,False,0.017,24.1,0.000
24.17666666666667,580,10.91,STATIC,144.95,STATIC,86.54,STATIC,83.44,STATIC,94.11,STATIC,93.91,STATIC,97.54,STATIC,82.12,STATIC,False,0.017,24.2,0.000
24.218333333333334,581,10.95,STATIC,145.61,STATIC,86.46,STATIC,83.55,STATIC,93.96,STATIC,93.79,STATIC,97.18,STATIC,81.91,STATIC,False,0.016,24.2,0.000
24.26,582,11.29,STATIC,146.28,STATIC,86.38,STATIC,83.57,STATIC,93.94,STATIC,93.79,STATIC,97.14,STATIC,81.84,STATIC,False,0.016,24.3,0.000
24.30166666666667,583,11.37,STATIC,146.47,STATIC,86.31,STATIC,83.60,STATIC,93.93,STATIC,93.79,STATIC,97.17,STATIC,81.96,STATIC,False,0.015,24.3,0.000
24.343333333333334,584,11.27,STATIC,146.39,STATIC,86.28,STATIC,83.65,STATIC,93.86,STATIC,93.73,STATIC,96.81,STATIC,82.27,STATIC,False,0.012,24.3,0.000
24.385,585,10.65,STATIC,145.86,STATIC,86.24,STATIC,83.89,STATIC,93.67,STATIC,93.52,STATIC,96.18,STATIC,82.61,STATIC,False,0.010,24.4,0.000
24.42666666666667,586,10.62,STATIC,145.45,STATIC,86.19,STATIC,84.63,STATIC,93.60,STATIC,93.49,STATIC,96.29,STATIC,83.13,STATIC,False,0.009,24.4,0.000
24.468333333333334,587,10.68,STATIC,146.47,STATIC,86.14,STATIC,85.31,STATIC,93.53,STATIC,93.44,STATIC,96.47,STATIC,83.11,STATIC,False,0.009,24.5,0.000
24.51,588,11.22,STATIC,148.55,STATIC,86.08,STATIC,85.42,STATIC,93.61,STATIC,93.58,STATIC,96.84,STATIC,82.94,STATIC,False,0.010,24.5,0.000
24.55166666666667,589,12.11,STATIC,149.72,STATIC,85.96,STATIC,85.18,STATIC,93.73,STATIC,93.73,STATIC,97.83,STATIC,82.90,STATIC,False,0.011,24.6,0.000
24.593333333333334,590,12.22,STATIC,149.62,STATIC,85.84,STATIC,84.12,STATIC,93.81,STATIC,93.76,STATIC,98.07,STATIC,82.53,STATIC,False,0.013,24.6,0.000
24.635,591,12.00,STATIC,149.69,STATIC,85.77,STATIC,83.24,STATIC,93.96,STATIC,93.81,STATIC,98.17,STATIC,82.15,STATIC,False,0.015,24.6,0.000
24.67666666666667,592,12.76,STATIC,149.13,STATIC,85.67,STATIC,83.30,STATIC,94.15,STATIC,93.93,STATIC,98.64,STATIC,82.20,STATIC,False,0.014,24.7,0.000
24.718333333333334,593,12.22,STATIC,151.97,STATIC,85.60,STATIC,82.99,STATIC,94.35,STATIC,94.01,STATIC,98.62,STATIC,82.07,STATIC,False,0.014,24.7,0.000
24.76,594,12.30,STATIC,151.57,STATIC,85.53,STATIC,83.24,STATIC,94.37,STATIC,94.02,STATIC,98.53,STATIC,81.82,STATIC,False,0.013,24.8,0.000
24.80166666666667,595,12.37,STATIC,150.61,STATIC,85.45,STATIC,83.22,STATIC,94.37,STATIC,94.04,STATIC,98.45,STATIC,81.54,STATIC,False,0.013,24.8,0.000
24.843333333333334,596,13.79,STATIC,150.53,STATIC,85.40,STATIC,83.48,STATIC,94.37,STATIC,94.01,STATIC,98.39,STATIC,81.16,STATIC,False,0.011,24.8,0.000
24.885,597,13.84,STATIC,150.33,STATIC,85.38,STATIC,83.79,STATIC,94.37,STATIC,94.00,STATIC,98.32,STATIC,80.81,STATIC,False,0.010,24.9,0.000
24.92666666666667,598,14.39,STATIC,149.95,STATIC,85.35,STATIC,83.96,STATIC,94.37,STATIC,94.00,STATIC,98.24,STATIC,80.54,STATIC,False,0.011,24.9,0.000
24.968333333333334,599,15.64,STATIC,152.24,STATIC,85.30,STATIC,84.63,STATIC,94.39,STATIC,94.03,STATIC,98.28,STATIC,80.62,STATIC,False,0.011,25.0,0.000
25.01,600,16.95,STATIC,152.77,STATIC,85.27,STATIC,85.79,STATIC,94.37,STATIC,94.02,STATIC,98.28,STATIC,80.63,STATIC,False,0.011,25.0,0.000
25.05166666666667,601,16.25,STATIC,151.71,STATIC,85.19,STATIC,86.00,STATIC,94.33,STATIC,94.05,STATIC,98.49,STATIC,80.51,STATIC,False,0.012,25.1,0.000
25.093333333333334,602,16.02,STATIC,149.95,STATIC,85.07,STATIC,85.81,STATIC,94.34,STATIC,94.13,STATIC,98.73,STATIC,80.36,STATIC,False,0.014,25.1,0.000
25.135,603,15.38,STATIC,148.11,STATIC,84.97,STATIC,85.60,STATIC,94.35,STATIC,94.14,STATIC,98.63,STATIC,80.33,STATIC,False,0.013,25.1,0.000
25.17666666666667,604,14.40,STATIC,146.09,STATIC,84.98,STATIC,85.46,STATIC,94.31,STATIC,94.05,STATIC,98.40,STATIC,79.98,STATIC,False,0.013,25.2,0.000
25.218333333333334,605,14.55,STATIC,143.11,STATIC,85.00,STATIC,85.44,STATIC,94.27,STATIC,94.00,STATIC,98.24,STATIC,80.53,STATIC,False,0.011,25.2,0.000
25.26,606,9.82,STATIC,141.28,STATIC,85.22,STATIC,85.59,STATIC,94.04,STATIC,93.75,STATIC,97.00,STATIC,80.52,STATIC,False,0.010,25.3,0.000
25.30166666666667,607,10.62,STATIC,137.27,STATIC,85.27,STATIC,86.24,STATIC,94.06,STATIC,93.67,STATIC,97.03,STATIC,80.96,STATIC,False,0.011,25.3,0.000
25.343333333333334,608,17.86,EXTENSION,122.95,FLEXION,85.69,STATIC,83.54,STATIC,93.58,STATIC,93.29,STATIC,95.28,STATIC,80.61,STATIC,False,0.012,25.3,0.000
25.385,609,16.91,STATIC,113.87,FLEXION,85.69,STATIC,79.37,STATIC,93.76,STATIC,93.58,STATIC,95.43,STATIC,82.30,STATIC,False,0.014,25.4,0.000
25.42666666666667,610,12.72,STATIC,105.60,FLEXION,85.41,STATIC,74.92,STATIC,94.24,STATIC,93.65,STATIC,96.28,STATIC,82.57,STATIC,False,0.014,25.4,0.000
25.468333333333334,611,13.92,STATIC,92.97,FLEXION,85.68,STATIC,67.52,FLEXION,94.14,STATIC,93.32,STATIC,95.18,STATIC,82.79,STATIC,False,0.182,25.5,0.000
25.51,612,14.05,STATIC,94.37,STATIC,85.68,STATIC,61.91,FLEXION,93.90,STATIC,93.04,STATIC,93.88,STATIC,83.07,STATIC,False,0.186,25.5,0.000
25.55166666666667,613,11.42,STATIC,102.63,EXTENSION,85.88,STATIC,58.19,STATIC,94.28,STATIC,93.62,STATIC,94.23,STATIC,84.88,STATIC,False,0.028,25.6,0.000
25.593333333333334,614,10.94,STATIC,104.03,STATIC,85.34,STATIC,52.63,FLEXION,94.44,STATIC,93.85,STATIC,93.94,STATIC,86.57,STATIC,False,0.198,25.6,0.000
25.635,615,11.36,STATIC,105.92,STATIC,84.78,STATIC,53.22,STATIC,94.55,STATIC,94.24,STATIC,94.43,STATIC,89.01,STATIC,False,0.033,25.6,0.000
25.67666666666667,616,20.08,EXTENSION,115.06,EXTENSION,83.84,STATIC,55.70,STATIC,95.57,STATIC,95.27,STATIC,97.36,STATIC,91.99,STATIC,False,0.029,25.7,0.000
25.718333333333334,617,30.52,EXTENSION,123.33,EXTENSION,82.89,STATIC,60.04,STATIC,96.36,STATIC,96.24,STATIC,98.52,STATIC,94.22,STATIC,False,0.023,25.7,0.000
25.76,618,31.35,STATIC,129.12,EXTENSION,83.12,STATIC,60.29,STATIC,96.50,STATIC,96.56,STATIC,99.25,STATIC,95.61,STATIC,False,0.023,25.8,0.000
25.80166666666667,619,25.84,FLEXION,135.92,EXTENSION,83.19,STATIC,53.99,FLEXION,95.99,STATIC,95.41,STATIC,98.30,STATIC,94.52,STATIC,False,0.187,25.8,0.000
25.843333333333334,620,28.96,STATIC,143.79,EXTENSION,83.92,STATIC,48.22,FLEXION,95.83,STATIC,95.85,STATIC,98.02,STATIC,95.51,STATIC,False,0.192,25.8,0.000
25.885,621,29.14,STATIC,148.34,STATIC,83.36,STATIC,45.53,STATIC,95.92,STATIC,95.88,STATIC,97.99,STATIC,96.64,STATIC,False,0.022,25.9,0.000
25.92666666666667,622,31.89,STATIC,152.67,STATIC,83.43,STATIC,45.98,STATIC,96.02,STATIC,95.89,STATIC,98.22,STATIC,97.23,STATIC,False,0.020,25.9,0.000
25.968333333333334,623,33.89,STATIC,157.49,STATIC,83.67,STATIC,47.47,STATIC,96.09,STATIC,95.86,STATIC,98.34,STATIC,97.55,STATIC,False,0.019,26.0,0.000
26.011666666666667,624,35.61,STATIC,161.70,STATIC,83.51,STATIC,46.86,STATIC,96.01,STATIC,95.40,STATIC,98.01,STATIC,97.60,STATIC,False,0.016,26.0,0.000
26.053333333333335,625,32.82,STATIC,163.12,STATIC,83.74,STATIC,42.17,STATIC,96.21,STATIC,95.20,STATIC,98.05,STATIC,97.35,STATIC,False,0.018,26.1,0.000
26.095000000000002,626,31.06,STATIC,164.71,STATIC,85.06,STATIC,41.39,STATIC,96.58,STATIC,95.94,STATIC,98.73,STATIC,97.54,STATIC,False,0.027,26.1,0.000
26.136666666666667,627,32.16,STATIC,165.58,STATIC,85.79,STATIC,41.45,STATIC,96.67,STATIC,96.17,STATIC,99.50,STATIC,98.13,STATIC,False,0.032,26.1,0.000
26.178333333333335,628,33.32,STATIC,164.67,STATIC,86.00,STATIC,38.55,STATIC,96.68,STATIC,96.08,STATIC,100.34,STATIC,98.74,STATIC,False,0.035,26.2,0.000
26.220000000000002,629,34.48,STATIC,163.62,STATIC,86.15,STATIC,38.43,STATIC,96.72,STATIC,96.09,STATIC,100.75,STATIC,99.02,STATIC,False,0.038,26.2,0.000
26.261666666666667,630,34.32,STATIC,161.35,STATIC,86.30,STATIC,38.29,STATIC,96.68,STATIC,96.18,STATIC,100.86,STATIC,99.23,STATIC,False,0.041,26.3,0.000
26.303333333333335,631,34.46,STATIC,160.76,STATIC,85.96,STATIC,36.20,STATIC,96.62,STATIC,96.47,STATIC,100.65,STATIC,99.72,STATIC,False,0.038,26.3,0.000
26.345000000000002,632,33.27,STATIC,160.34,STATIC,86.00,STATIC,38.67,STATIC,96.66,STATIC,96.39,STATIC,100.66,STATIC,99.49,STATIC,False,0.037,26.3,0.000
26.386666666666667,633,35.90,STATIC,160.76,STATIC,84.87,STATIC,41.22,STATIC,96.59,STATIC,96.29,STATIC,100.76,STATIC,99.92,STATIC,False,0.023,26.4,0.000
26.428333333333335,634,37.00,STATIC,160.77,STATIC,84.26,STATIC,42.02,STATIC,96.36,STATIC,95.95,STATIC,100.44,STATIC,100.24,STATIC,False,0.020,26.4,0.000
26.470000000000002,635,36.73,STATIC,159.95,STATIC,84.27,STATIC,43.44,STATIC,96.06,STATIC,95.63,STATIC,100.24,STATIC,100.54,STATIC,False,0.020,26.5,0.000
26.511666666666667,636,38.66,STATIC,159.09,STATIC,83.50,STATIC,44.48,STATIC,96.16,STATIC,95.68,STATIC,100.25,STATIC,101.42,STATIC,False,0.017,26.5,0.000
26.553333333333335,637,36.30,STATIC,158.35,STATIC,83.79,STATIC,44.47,STATIC,95.94,STATIC,95.76,STATIC,100.04,STATIC,102.01,STATIC,False,0.019,26.6,0.000
26.595000000000002,638,35.22,STATIC,157.26,STATIC,83.53,STATIC,45.47,STATIC,96.01,STATIC,95.88,STATIC,100.07,STATIC,102.52,STATIC,False,0.017,26.6,0.000
26.636666666666667,639,32.69,STATIC,156.15,STATIC,83.78,STATIC,44.02,STATIC,95.92,STATIC,95.72,STATIC,100.27,STATIC,103.07,STATIC,False,0.018,26.6,0.000
26.678333333333335,640,32.48,STATIC,155.87,STATIC,83.99,STATIC,43.92,STATIC,95.91,STATIC,95.34,STATIC,100.21,STATIC,102.96,STATIC,False,0.019,26.7,0.000
26.720000000000002,641,34.95,STATIC,156.59,STATIC,84.07,STATIC,43.20,STATIC,95.74,STATIC,95.01,STATIC,99.98,STATIC,103.16,STATIC,False,0.019,26.7,0.000
26.761666666666667,642,34.56,STATIC,157.17,STATIC,84.07,STATIC,42.81,STATIC,95.76,STATIC,95.18,STATIC,100.09,STATIC,104.21,STATIC,False,0.020,26.8,0.000
26.803333333333335,643,34.05,STATIC,157.67,STATIC,84.10,STATIC,42.06,STATIC,95.79,STATIC,95.25,STATIC,100.30,STATIC,105.02,STATIC,False,0.020,26.8,0.000
26.845000000000002,644,34.60,STATIC,158.22,STATIC,84.15,STATIC,41.94,STATIC,95.84,STATIC,95.32,STATIC,100.54,STATIC,105.43,STATIC,False,0.020,26.8,0.000
26.886666666666667,645,35.76,STATIC,158.49,STATIC,84.11,STATIC,42.52,STATIC,95.72,STATIC,95.35,STATIC,100.21,STATIC,105.29,STATIC,False,0.020,26.9,0.000
26.928333333333335,646,36.06,STATIC,159.13,STATIC,84.23,STATIC,43.01,STATIC,95.71,STATIC,95.65,STATIC,100.12,STATIC,105.90,STATIC,False,0.019,26.9,0.000
26.970000000000002,647,36.90,STATIC,160.32,STATIC,84.21,STATIC,43.06,STATIC,95.86,STATIC,95.89,STATIC,100.15,STATIC,106.62,STATIC,False,0.019,27.0,0.000
27.011666666666667,648,35.74,STATIC,160.92,STATIC,84.82,STATIC,42.81,STATIC,95.69,STATIC,95.70,STATIC,99.73,STATIC,106.03,STATIC,False,0.020,27.0,0.000
27.053333333333335,649,36.06,STATIC,161.04,STATIC,84.84,STATIC,42.78,STATIC,95.70,STATIC,95.70,STATIC,99.50,STATIC,106.87,STATIC,False,0.021,27.1,0.000
27.095000000000002,650,35.39,STATIC,161.50,STATIC,84.68,STATIC,43.61,STATIC,95.74,STATIC,95.73,STATIC,99.40,STATIC,107.23,STATIC,False,0.020,27.1,0.000
27.136666666666667,651,35.26,STATIC,161.86,STATIC,84.69,STATIC,43.49,STATIC,95.84,STATIC,95.69,STATIC,99.38,STATIC,107.08,STATIC,False,0.021,27.1,0.000
27.178333333333335,652,35.63,STATIC,161.80,STATIC,84.63,STATIC,43.31,STATIC,95.90,STATIC,95.65,STATIC,99.20,STATIC,107.38,STATIC,False,0.021,27.2,0.000
27.220000000000002,653,35.49,STATIC,161.67,STATIC,84.60,STATIC,43.36,STATIC,96.02,STATIC,95.68,STATIC,99.11,STATIC,107.56,STATIC,False,0.021,27.2,0.000
27.261666666666667,654,35.11,STATIC,161.58,STATIC,84.56,STATIC,43.36,STATIC,96.06,STATIC,95.66,STATIC,99.02,STATIC,107.40,STATIC,False,0.021,27.3,0.000
27.303333333333335,655,34.77,STATIC,161.38,STATIC,84.44,STATIC,43.69,STATIC,96.03,STATIC,95.49,STATIC,98.95,STATIC,107.39,STATIC,False,0.021,27.3,0.000
27.345000000000002,656,33.92,STATIC,160.91,STATIC,84.73,STATIC,43.77,STATIC,95.93,STATIC,95.35,STATIC,98.82,STATIC,107.29,STATIC,False,0.022,27.3,0.000
27.386666666666667,657,33.40,STATIC,160.25,STATIC,84.97,STATIC,43.72,STATIC,95.84,STATIC,95.39,STATIC,98.72,STATIC,107.45,STATIC,False,0.022,27.4,0.000
27.428333333333335,658,33.76,STATIC,160.08,STATIC,84.99,STATIC,42.70,STATIC,95.82,STATIC,95.46,STATIC,98.67,STATIC,108.07,STATIC,False,0.022,27.4,0.000
27.470000000000002,659,33.71,STATIC,159.90,STATIC,84.99,STATIC,42.00,STATIC,95.79,STATIC,95.36,STATIC,98.47,STATIC,108.00,STATIC,False,0.023,27.5,0.000
27.511666666666667,660,35.19,STATIC,159.70,STATIC,84.77,STATIC,42.14,STATIC,95.89,STATIC,95.35,STATIC,98.39,STATIC,108.00,STATIC,False,0.023,27.5,0.000
27.553333333333335,661,35.73,STATIC,159.66,STATIC,84.48,STATIC,42.81,STATIC,96.02,STATIC,95.39,STATIC,98.49,STATIC,108.21,STATIC,False,0.021,27.6,0.000
27.595000000000002,662,36.36,STATIC,159.42,STATIC,84.32,STATIC,43.25,STATIC,96.17,STATIC,95.70,STATIC,98.76,STATIC,108.31,STATIC,False,0.020,27.6,0.000
27.636666666666667,663,38.61,STATIC,159.54,STATIC,83.79,STATIC,44.61,STATIC,96.33,STATIC,95.90,STATIC,98.95,STATIC,108.76,STATIC,False,0.018,27.6,0.000
27.678333333333335,664,40.52,STATIC,159.50,STATIC,83.49,STATIC,45.36,STATIC,96.41,STATIC,96.02,STATIC,99.00,STATIC,108.76,STATIC,False,0.018,27.7,0.000
27.720000000000002,665,42.77,STATIC,159.69,STATIC,83.05,STATIC,45.30,STATIC,96.47,STATIC,96.12,STATIC,99.15,STATIC,109.52,STATIC,False,0.018,27.7,0.000
27.761666666666667,666,42.94,STATIC,159.83,STATIC,83.08,STATIC,44.97,STATIC,96.45,STATIC,96.07,STATIC,99.28,STATIC,109.84,STATIC,False,0.018,27.8,0.000
27.803333333333335,667,38.67,STATIC,160.04,STATIC,83.33,STATIC,44.79,STATIC,96.42,STATIC,95.97,STATIC,99.36,STATIC,109.60,STATIC,False,0.018,27.8,0.000
27.845000000000002,668,39.43,STATIC,160.03,STATIC,83.36,STATIC,44.27,STATIC,96.37,STATIC,95.98,STATIC,99.15,STATIC,109.83,STATIC,False,0.019,27.8,0.000
27.886666666666667,669,38.76,STATIC,160.05,STATIC,83.53,STATIC,44.50,STATIC,96.30,STATIC,95.88,STATIC,99.07,STATIC,109.26,STATIC,False,0.021,27.9,0.000
27.928333333333335,670,37.19,STATIC,159.96,STATIC,83.77,STATIC,44.18,STATIC,96.26,STATIC,95.90,STATIC,98.99,STATIC,108.18,STATIC,False,0.024,27.9,0.000
27.970000000000002,671,39.42,STATIC,160.13,STATIC,83.63,STATIC,44.39,STATIC,96.31,STATIC,96.24,STATIC,98.95,STATIC,107.54,STATIC,False,0.023,28.0,0.000
28.011666666666667,672,42.65,STATIC,160.06,STATIC,82.82,STATIC,44.19,STATIC,96.42,STATIC,96.42,STATIC,99.01,STATIC,108.01,STATIC,False,0.020,28.0,0.000
28.053333333333335,673,43.95,STATIC,160.68,STATIC,83.05,STATIC,45.03,STATIC,96.54,STATIC,96.38,STATIC,99.03,STATIC,107.94,STATIC,False,0.020,28.1,0.000
28.095000000000002,674,46.15,STATIC,160.44,STATIC,82.19,STATIC,46.43,STATIC,96.85,STATIC,96.75,STATIC,99.50,STATIC,108.63,STATIC,False,0.021,28.1,0.000
28.136666666666667,675,46.05,STATIC,161.19,STATIC,81.90,STATIC,47.58,STATIC,97.08,STATIC,97.21,STATIC,99.74,STATIC,108.72,STATIC,False,0.020,28.1,0.000
28.178333333333335,676,46.66,STATIC,161.40,STATIC,81.78,STATIC,48.35,STATIC,97.01,STATIC,97.19,STATIC,99.61,STATIC,107.34,STATIC,False,0.018,28.2,0.000
28.220000000000002,677,49.47,STATIC,161.66,STATIC,81.86,STATIC,48.51,STATIC,97.56,STATIC,98.06,STATIC,99.76,STATIC,104.86,STATIC,False,0.019,28.2,0.000
28.261666666666667,678,51.17,STATIC,161.83,STATIC,82.21,STATIC,49.07,STATIC,97.27,STATIC,97.32,STATIC,100.11,STATIC,104.19,STATIC,False,0.018,28.3,0.000
28.303333333333335,679,50.37,STATIC,156.36,FLEXION,82.13,STATIC,39.07,FLEXION,97.02,STATIC,97.24,STATIC,100.05,STATIC,103.57,STATIC,False,0.187,28.3,0.000
28.345000000000002,680,27.76,FLEXION,149.33,FLEXION,79.89,STATIC,33.12,FLEXION,96.93,STATIC,96.81,STATIC,99.51,STATIC,103.70,STATIC,False,0.187,28.3,0.000
28.386666666666667,681,51.45,EXTENSION,148.43,STATIC,79.26,STATIC,37.17,STATIC,96.92,STATIC,96.03,STATIC,99.52,STATIC,102.69,STATIC,False,0.020,28.4,0.000
28.428333333333335,682,56.26,STATIC,142.90,FLEXION,79.17,STATIC,37.25,STATIC,96.77,STATIC,95.36,STATIC,99.08,STATIC,101.33,STATIC,False,0.021,28.4,0.000
28.470000000000002,683,64.78,EXTENSION,142.09,STATIC,83.56,STATIC,40.65,STATIC,97.18,STATIC,95.37,STATIC,100.49,STATIC,101.52,STATIC,False,0.021,28.5,0.000
28.51166666666667,684,63.28,STATIC,142.18,STATIC,83.89,STATIC,41.88,STATIC,97.64,STATIC,96.76,STATIC,102.91,STATIC,101.91,STATIC,False,0.025,28.5,0.000
28.553333333333335,685,64.22,STATIC,143.10,STATIC,83.89,STATIC,41.37,STATIC,97.42,STATIC,96.81,STATIC,104.14,STATIC,101.13,STATIC,False,0.022,28.6,0.000
28.595000000000002,686,64.07,STATIC,145.13,STATIC,84.67,STATIC,41.91,STATIC,97.38,STATIC,97.41,STATIC,104.03,STATIC,100.31,STATIC,False,0.025,28.6,0.000
28.63666666666667,687,65.06,STATIC,145.51,STATIC,83.59,STATIC,44.22,STATIC,97.25,STATIC,96.64,STATIC,103.63,STATIC,99.55,STATIC,False,0.022,28.6,0.000
28.678333333333335,688,64.68,STATIC,146.43,STATIC,82.17,STATIC,46.83,STATIC,96.19,STATIC,95.80,STATIC,102.38,STATIC,98.24,STATIC,False,0.018,28.7,0.000
28.720000000000002,689,61.73,STATIC,145.39,STATIC,80.36,STATIC,43.20,STATIC,97.94,STATIC,97.76,STATIC,104.54,STATIC,101.36,STATIC,False,0.013,28.7,0.000
28.76166666666667,690,61.16,STATIC,144.32,STATIC,79.21,STATIC,35.53,FLEXION,98.13,STATIC,98.06,STATIC,104.38,STATIC,104.60,STATIC,False,0.180,28.8,0.000
28.803333333333335,691,49.58,FLEXION,139.18,FLEXION,74.19,FLEXION,33.11,STATIC,98.29,STATIC,97.51,STATIC,106.11,STATIC,104.46,STATIC,False,0.179,28.8,0.000
28.845000000000002,692,58.54,EXTENSION,140.59,STATIC,73.38,STATIC,33.71,STATIC,97.94,STATIC,97.17,STATIC,106.37,STATIC,104.57,STATIC,False,0.008,28.8,0.000
28.88666666666667,693,65.88,EXTENSION,141.16,STATIC,72.92,STATIC,34.77,STATIC,98.29,STATIC,97.25,STATIC,106.48,STATIC,104.70,STATIC,False,0.012,28.9,0.000
28.928333333333335,694,72.83,EXTENSION,138.23,STATIC,71.78,STATIC,29.91,STATIC,98.48,STATIC,96.69,STATIC,106.28,STATIC,104.92,STATIC,False,0.012,28.9,0.000
28.970000000000002,695,78.39,EXTENSION,139.56,STATIC,71.16,STATIC,33.52,STATIC,98.78,STATIC,97.25,STATIC,104.89,STATIC,104.85,STATIC,False,0.012,29.0,0.000
29.01166666666667,696,81.28,STATIC,136.48,STATIC,70.55,STATIC,30.06,STATIC,98.72,STATIC,96.78,STATIC,105.09,STATIC,104.64,STATIC,False,0.013,29.0,0.000
29.053333333333335,697,84.61,STATIC,135.23,STATIC,70.08,STATIC,27.16,STATIC,98.27,STATIC,96.45,STATIC,105.69,STATIC,105.37,STATIC,False,0.013,29.1,0.000
29.095000000000002,698,85.89,STATIC,134.34,STATIC,70.20,STATIC,28.42,STATIC,98.60,STATIC,96.57,STATIC,106.11,STATIC,105.99,STATIC,False,0.012,29.1,0.000
29.13666666666667,699,82.87,STATIC,134.93,STATIC,69.65,STATIC,28.76,STATIC,98.47,STATIC,96.21,STATIC,106.20,STATIC,106.92,STATIC,False,0.012,29.1,0.000
29.178333333333335,700,80.92,STATIC,135.98,STATIC,68.99,STATIC,29.34,STATIC,98.06,STATIC,96.06,STATIC,105.85,STATIC,107.20,STATIC,False,0.011,29.2,0.000
29.220000000000002,701,78.46,STATIC,138.05,STATIC,68.54,STATIC,30.00,STATIC,97.86,STATIC,95.47,STATIC,104.96,STATIC,106.50,STATIC,False,0.009,29.2,0.000
29.26166666666667,702,76.55,STATIC,140.43,STATIC,68.42,STATIC,32.96,STATIC,97.51,STATIC,94.88,STATIC,103.56,STATIC,105.41,STATIC,False,0.007,29.3,0.000
29.303333333333335,703,74.18,STATIC,140.80,STATIC,68.84,STATIC,32.42,STATIC,97.70,STATIC,95.33,STATIC,102.94,STATIC,105.57,STATIC,False,0.007,29.3,0.000
29.345000000000002,704,72.92,STATIC,141.92,STATIC,69.39,STATIC,34.03,STATIC,97.56,STATIC,94.97,STATIC,102.31,STATIC,104.59,STATIC,False,0.003,29.3,0.000
29.38666666666667,705,71.70,STATIC,142.56,STATIC,69.24,STATIC,32.12,STATIC,97.31,STATIC,94.78,STATIC,101.89,STATIC,103.83,STATIC,False,0.000,29.4,0.000
29.428333333333335,706,69.52,STATIC,143.54,STATIC,69.63,STATIC,33.41,STATIC,97.37,STATIC,95.01,STATIC,101.04,STATIC,102.33,STATIC,False,0.000,29.4,0.000
29.470000000000002,707,67.54,STATIC,143.34,STATIC,69.97,STATIC,33.09,STATIC,97.42,STATIC,95.08,STATIC,100.92,STATIC,101.20,STATIC,False,0.000,29.5,0.000
29.51166666666667,708,67.10,STATIC,143.00,STATIC,69.95,STATIC,32.69,STATIC,97.08,STATIC,94.89,STATIC,100.41,STATIC,100.41,STATIC,False,0.000,29.5,0.000
29.553333333333335,709,65.98,STATIC,142.17,STATIC,70.13,STATIC,33.09,STATIC,97.04,STATIC,94.89,STATIC,99.72,STATIC,99.30,STATIC,False,0.000,29.6,0.000
29.595000000000002,710,66.29,STATIC,141.83,STATIC,70.21,STATIC,33.88,STATIC,97.03,STATIC,94.96,STATIC,99.28,STATIC,98.78,STATIC,False,0.001,29.6,0.000
29.63666666666667,711,66.61,STATIC,142.02,STATIC,70.52,STATIC,33.86,STATIC,96.90,STATIC,94.81,STATIC,98.98,STATIC,98.01,STATIC,False,0.000,29.6,0.000
29.678333333333335,712,67.13,STATIC,141.39,STATIC,70.75,STATIC,34.38,STATIC,96.91,STATIC,94.79,STATIC,98.99,STATIC,97.04,STATIC,False,0.000,29.7,0.000
29.720000000000002,713,68.38,STATIC,140.02,STATIC,70.77,STATIC,36.21,STATIC,96.95,STATIC,94.90,STATIC,98.24,STATIC,95.60,STATIC,False,0.001,29.7,0.000
29.76166666666667,714,69.87,STATIC,138.96,STATIC,70.74,STATIC,38.13,STATIC,97.45,STATIC,95.12,STATIC,98.93,STATIC,94.96,STATIC,False,0.001,29.8,0.000
29.803333333333335,715,71.95,STATIC,139.15,STATIC,70.84,STATIC,41.17,STATIC,97.06,STATIC,95.28,STATIC,98.40,STATIC,94.48,STATIC,False,0.005,29.8,0.000
29.845000000000002,716,73.37,STATIC,140.10,STATIC,70.71,STATIC,43.50,STATIC,96.81,STATIC,95.23,STATIC,97.81,STATIC,94.04,STATIC,False,0.006,29.8,0.000
29.88666666666667,717,76.48,STATIC,141.28,STATIC,70.89,STATIC,45.97,STATIC,97.19,STATIC,95.32,STATIC,98.01,STATIC,93.96,STATIC,False,0.005,29.9,0.000
29.928333333333335,718,75.58,STATIC,142.64,STATIC,71.13,STATIC,46.81,STATIC,97.16,STATIC,95.25,STATIC,97.94,STATIC,93.61,STATIC,False,0.005,29.9,0.000
29.971666666666668,719,73.62,STATIC,143.19,STATIC,71.03,STATIC,47.00,STATIC,97.13,STATIC,94.78,STATIC,97.25,STATIC,92.63,STATIC,False,0.004,30.0,0.000
30.013333333333335,720,72.00,STATIC,144.39,STATIC,71.50,STATIC,47.53,STATIC,97.25,STATIC,94.75,STATIC,96.79,STATIC,92.42,STATIC,False,0.000,30.0,0.000
30.055000000000003,721,71.30,STATIC,145.88,STATIC,72.27,STATIC,49.88,STATIC,97.25,STATIC,94.60,STATIC,96.55,STATIC,92.33,STATIC,False,0.002,30.1,0.000
30.096666666666668,722,72.38,STATIC,146.54,STATIC,72.95,STATIC,50.04,STATIC,97.45,STATIC,94.66,STATIC,96.52,STATIC,92.44,STATIC,False,0.001,30.1,0.000
30.138333333333335,723,73.21,STATIC,146.55,STATIC,73.43,STATIC,50.18,STATIC,97.93,STATIC,94.86,STATIC,97.38,STATIC,92.74,STATIC,False,0.001,30.1,0.000
30.180000000000003,724,73.35,STATIC,146.21,STATIC,73.67,STATIC,50.08,STATIC,97.43,STATIC,95.27,STATIC,97.41,STATIC,93.35,STATIC,False,0.001,30.2,0.000
30.221666666666668,725,66.37,FLEXION,145.65,STATIC,74.28,STATIC,48.68,STATIC,97.62,STATIC,95.47,STATIC,98.66,STATIC,94.16,STATIC,False,0.000,30.2,0.000
30.263333333333335,726,58.90,FLEXION,145.40,STATIC,74.33,STATIC,46.19,STATIC,97.71,STATIC,95.71,STATIC,98.45,STATIC,94.39,STATIC,False,0.000,30.3,0.000
30.305000000000003,727,54.81,STATIC,146.41,STATIC,75.76,STATIC,46.38,STATIC,97.65,STATIC,96.15,STATIC,98.98,STATIC,94.09,STATIC,False,0.001,30.3,0.000
30.346666666666668,728,63.76,EXTENSION,146.48,STATIC,77.41,STATIC,44.14,STATIC,96.90,STATIC,96.52,STATIC,97.98,STATIC,94.38,STATIC,False,0.016,30.3,0.000
30.388333333333335,729,61.14,STATIC,146.92,STATIC,77.53,STATIC,44.48,STATIC,96.93,STATIC,96.59,STATIC,97.66,STATIC,94.48,STATIC,False,0.015,30.4,0.000
30.430000000000003,730,56.82,STATIC,146.14,STATIC,77.57,STATIC,43.69,STATIC,97.01,STATIC,96.01,STATIC,97.96,STATIC,93.71,STATIC,False,0.007,30.4,0.000
30.471666666666668,731,54.95,STATIC,147.14,STATIC,77.46,STATIC,44.76,STATIC,96.85,STATIC,95.45,STATIC,98.07,STATIC,93.44,STATIC,False,0.000,30.5,0.000
30.513333333333335,732,55.81,STATIC,147.37,STATIC,76.74,STATIC,45.36,STATIC,96.74,STATIC,95.29,STATIC,97.03,STATIC,93.15,STATIC,False,0.004,30.5,0.000
30.555000000000003,733,56.37,STATIC,147.90,STATIC,76.48,STATIC,45.47,STATIC,96.58,STATIC,95.12,STATIC,96.61,STATIC,93.53,STATIC,False,0.008,30.6,0.000
30.596666666666668,734,40.34,FLEXION,147.69,STATIC,75.21,STATIC,45.42,STATIC,96.79,STATIC,95.13,STATIC,97.92,STATIC,94.11,STATIC,False,0.000,30.6,0.000
30.638333333333335,735,37.88,STATIC,147.28,STATIC,74.38,STATIC,44.67,STATIC,96.77,STATIC,95.09,STATIC,97.98,STATIC,94.36,STATIC,False,0.000,30.6,0.000
30.680000000000003,736,41.62,STATIC,147.69,STATIC,74.02,STATIC,44.13,STATIC,96.74,STATIC,95.12,STATIC,97.78,STATIC,94.36,STATIC,False,0.000,30.7,0.000
30.721666666666668,737,38.83,STATIC,148.03,STATIC,73.47,STATIC,44.25,STATIC,96.86,STATIC,95.44,STATIC,98.05,STATIC,94.63,STATIC,False,0.000,30.7,0.000
30.763333333333335,738,43.86,EXTENSION,148.83,STATIC,73.34,STATIC,44.99,STATIC,96.92,STATIC,95.73,STATIC,98.24,STATIC,94.75,STATIC,False,0.000,30.8,0.000
30.805000000000003,739,54.49,EXTENSION,149.88,STATIC,74.93,STATIC,47.58,STATIC,96.82,STATIC,95.57,STATIC,97.91,STATIC,94.61,STATIC,False,0.000,30.8,0.000
30.846666666666668,740,55.31,STATIC,149.58,STATIC,75.32,STATIC,49.02,STATIC,96.92,STATIC,95.43,STATIC,98.08,STATIC,94.67,STATIC,False,0.000,30.8,0.000
30.888333333333335,741,60.07,STATIC,148.82,STATIC,74.76,STATIC,50.12,STATIC,96.90,STATIC,95.38,STATIC,98.61,STATIC,95.31,STATIC,False,0.000,30.9,0.000
30.930000000000003,742,58.07,STATIC,149.91,STATIC,73.65,STATIC,52.01,STATIC,96.86,STATIC,95.32,STATIC,98.01,STATIC,95.07,STATIC,False,0.000,30.9,0.000
30.971666666666668,743,56.83,STATIC,151.66,STATIC,71.98,STATIC,54.34,STATIC,96.91,STATIC,95.21,STATIC,97.90,STATIC,95.09,STATIC,False,0.000,31.0,0.000
31.013333333333335,744,35.70,FLEXION,155.40,STATIC,67.67,STATIC,58.55,STATIC,97.03,STATIC,95.19,STATIC,98.12,STATIC,94.87,STATIC,False,0.000,31.0,0.000
31.055000000000003,745,33.19,STATIC,157.56,STATIC,67.26,STATIC,60.77,STATIC,97.11,STATIC,95.03,STATIC,98.31,STATIC,94.98,STATIC,False,0.000,31.1,0.000
31.096666666666668,746,33.20,STATIC,158.57,STATIC,66.79,STATIC,62.95,STATIC,97.16,STATIC,94.62,STATIC,98.17,STATIC,94.82,STATIC,False,0.000,31.1,0.000
31.138333333333335,747,35.57,STATIC,159.15,STATIC,67.21,STATIC,62.86,STATIC,97.07,STATIC,94.50,STATIC,98.17,STATIC,94.89,STATIC,False,0.000,31.1,0.000
31.180000000000003,748,39.27,STATIC,160.91,STATIC,67.71,STATIC,63.92,STATIC,96.80,STATIC,94.39,STATIC,97.82,STATIC,95.00,STATIC,False,0.000,31.2,0.000
31.221666666666668,749,41.20,STATIC,162.00,STATIC,68.35,STATIC,64.81,STATIC,96.59,STATIC,94.04,STATIC,97.53,STATIC,95.08,STATIC,False,0.000,31.2,0.000
31.263333333333335,750,39.92,STATIC,161.62,STATIC,67.86,STATIC,65.08,STATIC,96.81,STATIC,94.13,STATIC,97.80,STATIC,95.70,STATIC,False,0.000,31.3,0.000
31.305000000000003,751,34.50,FLEXION,161.55,STATIC,66.66,STATIC,65.00,STATIC,96.94,STATIC,94.18,STATIC,98.36,STATIC,96.36,STATIC,False,0.000,31.3,0.000
31.346666666666668,752,37.17,STATIC,161.49,STATIC,66.73,STATIC,65.10,STATIC,96.84,STATIC,94.17,STATIC,98.55,STATIC,96.51,STATIC,False,0.000,31.3,0.000
31.388333333333335,753,35.19,STATIC,161.19,STATIC,66.75,STATIC,64.57,STATIC,96.99,STATIC,94.34,STATIC,99.12,STATIC,97.12,STATIC,False,0.002,31.4,0.000
31.430000000000003,754,34.91,STATIC,160.63,STATIC,66.44,STATIC,64.62,STATIC,96.89,STATIC,94.52,STATIC,99.08,STATIC,97.99,STATIC,False,0.002,31.4,0.000
31.471666666666668,755,36.70,STATIC,160.53,STATIC,66.54,STATIC,64.77,STATIC,96.85,STATIC,94.63,STATIC,99.30,STATIC,98.50,STATIC,False,0.002,31.5,0.000
31.513333333333335,756,40.47,STATIC,160.67,STATIC,67.88,STATIC,65.13,STATIC,96.27,STATIC,94.60,STATIC,98.78,STATIC,98.90,STATIC,False,0.002,31.5,0.000
31.555000000000003,757,46.03,EXTENSION,161.12,STATIC,68.89,STATIC,65.80,STATIC,95.84,STATIC,94.28,STATIC,97.93,STATIC,98.66,STATIC,False,0.002,31.6,0.000
31.596666666666668,758,45.71,STATIC,161.91,STATIC,68.33,STATIC,66.49,STATIC,96.01,STATIC,94.37,STATIC,97.89,STATIC,98.77,STATIC,False,0.001,31.6,0.000
31.638333333333335,759,45.64,STATIC,162.66,STATIC,67.91,STATIC,67.26,STATIC,96.26,STATIC,94.56,STATIC,98.12,STATIC,98.69,STATIC,False,0.002,31.6,0.000
31.680000000000003,760,46.61,STATIC,163.44,STATIC,67.46,STATIC,67.73,STATIC,96.48,STATIC,94.78,STATIC,97.94,STATIC,98.55,STATIC,False,0.000,31.7,0.000
31.721666666666668,761,45.93,STATIC,164.47,STATIC,66.55,STATIC,68.36,STATIC,96.71,STATIC,94.96,STATIC,97.88,STATIC,98.37,STATIC,False,0.000,31.7,0.000
31.763333333333335,762,43.26,STATIC,165.17,STATIC,65.43,STATIC,68.90,STATIC,97.02,STATIC,95.00,STATIC,98.33,STATIC,98.34,STATIC,False,0.000,31.8,0.000
31.805000000000003,763,42.35,STATIC,166.05,STATIC,64.75,STATIC,69.20,STATIC,97.22,STATIC,95.11,STATIC,98.79,STATIC,98.67,STATIC,False,0.000,31.8,0.000
31.846666666666668,764,39.46,STATIC,166.11,STATIC,64.01,STATIC,69.17,STATIC,97.32,STATIC,95.03,STATIC,99.08,STATIC,98.88,STATIC,False,0.001,31.8,0.000
31.888333333333335,765,38.53,STATIC,166.05,STATIC,63.19,STATIC,70.02,STATIC,97.24,STATIC,94.68,STATIC,99.11,STATIC,99.66,STATIC,False,0.001,31.9,0.000
31.930000000000003,766,34.48,STATIC,166.07,STATIC,62.40,STATIC,70.25,STATIC,96.99,STATIC,94.52,STATIC,98.38,STATIC,99.26,STATIC,False,0.000,31.9,0.000
31.971666666666668,767,32.92,STATIC,165.70,STATIC,61.34,STATIC,70.08,STATIC,97.37,STATIC,94.54,STATIC,99.04,STATIC,99.49,STATIC,False,0.000,32.0,0.000
32.013333333333335,768,32.62,STATIC,165.20,STATIC,59.90,STATIC,69.39,STATIC,97.31,STATIC,94.66,STATIC,99.01,STATIC,100.12,STATIC,False,0.000,32.0,0.000
32.055,769,33.28,STATIC,164.81,STATIC,59.57,STATIC,68.97,STATIC,97.24,STATIC,94.71,STATIC,99.03,STATIC,100.09,STATIC,False,0.000,32.1,0.000
32.09666666666667,770,32.97,STATIC,164.40,STATIC,60.06,STATIC,68.77,STATIC,97.08,STATIC,94.74,STATIC,98.70,STATIC,99.41,STATIC,False,0.000,32.1,0.000
32.138333333333335,771,33.13,STATIC,163.88,STATIC,59.85,STATIC,68.54,STATIC,96.80,STATIC,94.66,STATIC,98.79,STATIC,99.17,STATIC,False,0.000,32.1,0.000
32.18,772,33.17,STATIC,163.25,STATIC,60.29,STATIC,67.97,STATIC,96.56,STATIC,94.38,STATIC,98.85,STATIC,99.45,STATIC,False,0.000,32.2,0.000
32.22166666666667,773,33.74,STATIC,162.51,STATIC,60.56,STATIC,67.19,STATIC,96.56,STATIC,94.46,STATIC,98.86,STATIC,99.57,STATIC,False,0.000,32.2,0.000
32.263333333333335,774,33.88,STATIC,161.52,STATIC,60.08,STATIC,66.54,STATIC,96.84,STATIC,94.58,STATIC,99.46,STATIC,99.67,STATIC,False,0.002,32.3,0.000
32.305,775,34.08,STATIC,160.72,STATIC,60.51,STATIC,65.60,STATIC,96.82,STATIC,94.73,STATIC,99.31,STATIC,99.44,STATIC,False,0.000,32.3,0.000
32.34666666666667,776,33.44,STATIC,159.73,STATIC,61.30,STATIC,64.87,STATIC,96.67,STATIC,94.64,STATIC,99.18,STATIC,99.70,STATIC,False,0.001,32.3,0.000
32.388333333333335,777,32.47,STATIC,159.83,STATIC,61.90,STATIC,63.54,STATIC,96.67,STATIC,94.61,STATIC,99.42,STATIC,100.31,STATIC,False,0.002,32.4,0.000
32.43,778,30.68,STATIC,159.00,STATIC,62.87,STATIC,62.96,STATIC,96.33,STATIC,94.54,STATIC,99.47,STATIC,101.53,STATIC,False,0.000,32.4,0.000
32.47166666666667,779,28.88,STATIC,157.98,STATIC,64.53,STATIC,63.32,STATIC,96.30,STATIC,94.62,STATIC,99.95,STATIC,103.01,STATIC,False,0.002,32.5,0.000
32.513333333333335,780,29.40,STATIC,157.01,STATIC,66.36,STATIC,63.94,STATIC,96.96,STATIC,95.32,STATIC,101.32,STATIC,103.87,STATIC,False,0.004,32.5,0.000
32.555,781,33.46,STATIC,156.50,STATIC,68.69,STATIC,62.86,STATIC,96.82,STATIC,95.22,STATIC,101.82,STATIC,103.56,STATIC,False,0.006,32.6,0.000
32.59666666666667,782,29.20,STATIC,154.83,STATIC,70.65,STATIC,63.96,STATIC,95.60,STATIC,94.18,STATIC,101.28,STATIC,104.75,STATIC,False,0.006,32.6,0.000
32.638333333333335,783,30.11,STATIC,150.90,STATIC,72.54,STATIC,64.52,STATIC,94.75,STATIC,93.38,STATIC,101.41,STATIC,107.43,STATIC,False,0.006,32.6,0.000
32.68,784,32.94,STATIC,149.46,STATIC,74.59,STATIC,64.21,STATIC,95.66,STATIC,94.00,STATIC,102.70,STATIC,110.41,STATIC,False,0.006,32.7,0.000
32.72166666666667,785,37.49,STATIC,148.64,STATIC,75.71,STATIC,64.07,STATIC,95.01,STATIC,93.27,STATIC,102.70,STATIC,114.30,STATIC,False,0.005,32.7,0.000
32.763333333333335,786,43.41,EXTENSION,148.97,STATIC,75.95,STATIC,63.19,STATIC,95.48,STATIC,93.60,STATIC,103.09,STATIC,115.98,STATIC,False,0.005,32.8,0.000
32.805,787,54.72,EXTENSION,150.04,STATIC,76.36,STATIC,62.31,STATIC,95.65,STATIC,93.95,STATIC,102.81,STATIC,117.96,STATIC,False,0.000,32.8,0.000
32.84666666666667,788,60.74,EXTENSION,150.54,STATIC,78.62,STATIC,61.02,STATIC,96.13,STATIC,94.05,STATIC,104.20,STATIC,119.48,STATIC,False,0.008,32.8,0.000
32.888333333333335,789,63.88,STATIC,153.34,STATIC,79.70,STATIC,61.28,STATIC,96.86,STATIC,95.08,STATIC,104.16,STATIC,121.89,STATIC,False,0.006,32.9,0.000
32.93,790,65.78,STATIC,152.39,STATIC,81.13,STATIC,59.45,STATIC,96.69,STATIC,95.03,STATIC,103.56,STATIC,123.22,STATIC,False,0.005,32.9,0.000
32.97166666666667,791,76.35,EXTENSION,151.89,STATIC,81.20,STATIC,58.54,STATIC,97.06,STATIC,95.22,STATIC,104.45,STATIC,125.12,STATIC,False,0.006,33.0,0.000
33.013333333333335,792,80.79,STATIC,150.79,STATIC,81.63,STATIC,59.55,STATIC,97.45,STATIC,95.52,STATIC,104.83,STATIC,128.08,STATIC,False,0.011,33.0,0.000
33.055,793,85.37,STATIC,149.28,STATIC,82.01,STATIC,59.10,STATIC,97.22,STATIC,95.74,STATIC,103.96,STATIC,129.97,STATIC,False,0.007,33.1,0.000
33.09666666666667,794,93.14,EXTENSION,150.94,STATIC,82.90,STATIC,56.99,STATIC,97.67,STATIC,97.15,STATIC,103.82,STATIC,131.90,STATIC,False,0.008,33.1,0.000
33.138333333333335,795,96.36,STATIC,149.26,STATIC,82.15,STATIC,56.04,STATIC,97.12,STATIC,95.84,STATIC,102.36,STATIC,132.42,STATIC,False,0.007,33.1,0.000
33.18,796,102.18,EXTENSION,149.49,STATIC,82.09,STATIC,53.01,STATIC,98.08,STATIC,97.12,STATIC,103.18,STATIC,138.56,EXTENSION,False,0.009,33.2,0.000
33.22166666666667,797,108.90,EXTENSION,149.19,STATIC,82.42,STATIC,52.22,STATIC,98.17,STATIC,97.36,STATIC,101.89,STATIC,139.31,STATIC,False,0.007,33.2,0.000
33.263333333333335,798,112.86,STATIC,147.99,STATIC,82.52,STATIC,52.73,STATIC,97.88,STATIC,97.08,STATIC,101.19,STATIC,140.31,STATIC,False,0.002,33.3,0.000
33.305,799,116.09,STATIC,146.59,STATIC,82.77,STATIC,52.38,STATIC,97.91,STATIC,96.90,STATIC,100.33,STATIC,141.13,STATIC,False,0.001,33.3,0.000
33.34666666666667,800,113.10,STATIC,144.64,STATIC,82.91,STATIC,53.78,STATIC,97.75,STATIC,97.53,STATIC,99.31,STATIC,140.21,STATIC,False,0.000,33.3,0.000
33.388333333333335,801,113.01,STATIC,143.52,STATIC,82.73,STATIC,52.26,STATIC,98.01,STATIC,98.22,STATIC,98.58,STATIC,140.34,STATIC,False,0.000,33.4,0.000
33.43,802,107.55,FLEXION,142.60,STATIC,82.79,STATIC,52.40,STATIC,97.83,STATIC,98.39,STATIC,97.93,STATIC,141.83,STATIC,False,0.000,33.4,0.000
33.47166666666667,803,105.30,STATIC,141.11,STATIC,82.90,STATIC,50.75,STATIC,97.74,STATIC,98.33,STATIC,97.38,STATIC,142.14,STATIC,False,0.000,33.5,0.000
33.513333333333335,804,101.83,STATIC,140.69,STATIC,82.93,STATIC,49.29,STATIC,97.77,STATIC,98.28,STATIC,97.08,STATIC,141.29,STATIC,False,0.000,33.5,0.000
33.555,805,94.65,FLEXION,139.93,STATIC,83.07,STATIC,48.56,STATIC,97.78,STATIC,99.07,STATIC,96.66,STATIC,144.73,STATIC,False,0.000,33.6,0.000
33.59666666666667,806,88.31,FLEXION,139.92,STATIC,83.26,STATIC,48.53,STATIC,97.74,STATIC,98.40,STATIC,96.28,STATIC,142.21,STATIC,False,0.000,33.6,0.000
33.638333333333335,807,78.37,FLEXION,138.98,STATIC,83.32,STATIC,48.08,STATIC,97.78,STATIC,98.35,STATIC,95.35,STATIC,138.75,STATIC,False,0.000,33.6,0.000
33.68,808,69.80,FLEXION,137.76,STATIC,83.38,STATIC,47.59,STATIC,97.70,STATIC,98.28,STATIC,94.95,STATIC,137.11,STATIC,False,0.000,33.7,0.000
33.72166666666667,809,62.46,FLEXION,137.16,STATIC,83.39,STATIC,46.61,STATIC,97.70,STATIC,98.19,STATIC,95.01,STATIC,135.59,STATIC,False,0.000,33.7,0.000
33.763333333333335,810,57.07,FLEXION,136.86,STATIC,83.40,STATIC,45.67,STATIC,97.72,STATIC,98.16,STATIC,94.79,STATIC,133.47,STATIC,False,0.001,33.8,0.000
33.805,811,53.75,STATIC,136.48,STATIC,83.40,STATIC,45.68,STATIC,97.73,STATIC,98.22,STATIC,94.51,STATIC,131.93,STATIC,False,0.000,33.8,0.000
33.84666666666667,812,51.08,STATIC,136.71,STATIC,83.43,STATIC,45.01,STATIC,97.74,STATIC,98.36,STATIC,94.49,STATIC,131.21,STATIC,False,0.001,33.8,0.000
33.888333333333335,813,50.40,STATIC,136.89,STATIC,83.41,STATIC,44.04,STATIC,97.72,STATIC,98.28,STATIC,94.70,STATIC,131.34,STATIC,False,0.001,33.9,0.000
33.93,814,48.57,STATIC,137.57,STATIC,83.47,STATIC,42.98,STATIC,97.65,STATIC,97.93,STATIC,94.90,STATIC,130.36,STATIC,False,0.003,33.9,0.000
33.973333333333336,815,48.03,STATIC,137.81,STATIC,83.44,STATIC,43.65,STATIC,97.61,STATIC,97.67,STATIC,94.87,STATIC,130.19,STATIC,False,0.003,34.0,0.000
34.015,816,46.58,STATIC,138.53,STATIC,83.45,STATIC,43.26,STATIC,97.60,STATIC,97.87,STATIC,94.92,STATIC,130.76,STATIC,False,0.002,34.0,0.000
34.05666666666667,817,46.62,STATIC,138.69,STATIC,83.46,STATIC,43.16,STATIC,97.62,STATIC,97.83,STATIC,95.17,STATIC,131.36,STATIC,False,0.000,34.1,0.000
34.098333333333336,818,47.75,STATIC,138.41,STATIC,83.51,STATIC,43.49,STATIC,97.71,STATIC,97.90,STATIC,95.35,STATIC,131.46,STATIC,False,0.000,34.1,0.000
34.14,819,47.98,STATIC,137.73,STATIC,83.52,STATIC,43.83,STATIC,97.93,STATIC,98.09,STATIC,95.54,STATIC,131.42,STATIC,False,0.000,34.1,0.000
34.18166666666667,820,48.17,STATIC,137.97,STATIC,83.52,STATIC,43.59,STATIC,98.03,STATIC,98.14,STATIC,95.52,STATIC,130.52,STATIC,False,0.000,34.2,0.000
34.223333333333336,821,48.11,STATIC,137.78,STATIC,83.58,STATIC,43.36,STATIC,97.89,STATIC,97.99,STATIC,94.42,STATIC,128.82,STATIC,False,0.000,34.2,0.000
34.265,822,48.34,STATIC,138.07,STATIC,83.63,STATIC,44.63,STATIC,97.74,STATIC,97.23,STATIC,93.32,STATIC,124.26,STATIC,False,0.001,34.3,0.000
34.30666666666667,823,47.14,STATIC,136.70,STATIC,83.65,STATIC,44.60,STATIC,97.82,STATIC,97.97,STATIC,93.48,STATIC,124.98,STATIC,False,0.000,34.3,0.000
34.348333333333336,824,45.21,STATIC,137.86,STATIC,83.62,STATIC,41.89,STATIC,97.81,STATIC,98.29,STATIC,93.71,STATIC,122.27,STATIC,False,0.000,34.4,0.000
34.39,825,43.32,STATIC,138.14,STATIC,83.54,STATIC,40.49,STATIC,97.87,STATIC,98.36,STATIC,94.26,STATIC,119.55,STATIC,False,0.000,34.4,0.000
34.43166666666667,826,41.48,STATIC,138.14,STATIC,83.39,STATIC,38.82,STATIC,97.62,STATIC,97.69,STATIC,93.32,STATIC,117.61,STATIC,False,0.000,34.4,0.000
34.473333333333336,827,42.24,STATIC,139.25,STATIC,83.24,STATIC,37.30,STATIC,97.64,STATIC,97.68,STATIC,92.58,STATIC,115.83,STATIC,False,0.000,34.5,0.000
34.515,828,44.26,STATIC,136.83,STATIC,83.13,STATIC,38.01,STATIC,97.38,STATIC,96.85,STATIC,91.80,STATIC,113.80,STATIC,False,0.000,34.5,0.000
34.55666666666667,829,42.87,STATIC,137.85,STATIC,83.15,STATIC,33.00,FLEXION,97.59,STATIC,97.78,STATIC,91.91,STATIC,114.21,STATIC,False,0.167,34.6,0.000
34.598333333333336,830,42.59,STATIC,138.63,STATIC,83.07,STATIC,33.70,STATIC,97.26,STATIC,96.25,STATIC,90.77,STATIC,110.18,STATIC,False,0.000,34.6,0.000
34.64,831,43.06,STATIC,135.10,STATIC,82.95,STATIC,37.02,STATIC,96.79,STATIC,95.73,STATIC,89.93,STATIC,107.53,STATIC,False,0.000,34.6,0.000
34.68166666666667,832,43.36,STATIC,133.80,STATIC,82.93,STATIC,39.99,STATIC,96.52,STATIC,95.58,STATIC,89.80,STATIC,105.81,STATIC,False,0.000,34.7,0.000
34.723333333333336,833,41.23,STATIC,135.20,STATIC,82.74,STATIC,43.05,STATIC,96.46,STATIC,95.73,STATIC,89.96,STATIC,103.80,STATIC,False,0.000,34.7,0.000
34.765,834,37.11,STATIC,135.99,STATIC,82.57,STATIC,37.49,FLEXION,97.12,STATIC,95.31,STATIC,91.95,STATIC,103.56,STATIC,False,0.167,34.8,0.000
34.80666666666667,835,33.39,STATIC,136.96,STATIC,82.92,STATIC,39.19,STATIC,96.97,STATIC,95.84,STATIC,92.41,STATIC,102.98,STATIC,False,0.000,34.8,0.000
34.848333333333336,836,26.98,FLEXION,136.48,STATIC,82.77,STATIC,38.87,STATIC,97.04,STATIC,96.44,STATIC,92.78,STATIC,102.50,STATIC,False,0.000,34.9,0.000
34.89,837,22.73,STATIC,135.17,STATIC,82.60,STATIC,36.68,STATIC,96.98,STATIC,96.67,STATIC,92.14,STATIC,101.15,STATIC,False,0.000,34.9,0.000
34.93166666666667,838,20.45,STATIC,132.69,STATIC,82.41,STATIC,36.60,STATIC,97.16,STATIC,96.84,STATIC,92.60,STATIC,100.29,STATIC,False,0.000,34.9,0.000
34.973333333333336,839,21.35,STATIC,126.86,FLEXION,82.03,STATIC,40.49,STATIC,97.17,STATIC,96.89,STATIC,93.05,STATIC,99.44,STATIC,False,0.000,35.0,0.000
35.015,840,16.55,STATIC,122.74,STATIC,82.22,STATIC,37.02,STATIC,97.01,STATIC,97.16,STATIC,93.45,STATIC,100.69,STATIC,False,0.000,35.0,0.000
35.05666666666667,841,15.38,STATIC,116.61,FLEXION,82.48,STATIC,38.89,STATIC,97.13,STATIC,96.64,STATIC,94.03,STATIC,101.39,STATIC,False,0.000,35.1,0.000
35.098333333333336,842,26.77,EXTENSION,111.78,STATIC,83.19,STATIC,41.09,STATIC,96.61,STATIC,96.15,STATIC,94.08,STATIC,102.24,STATIC,False,0.000,35.1,0.000
35.14,843,41.31,EXTENSION,100.96,FLEXION,84.30,STATIC,42.69,STATIC,93.08,STATIC,92.98,STATIC,92.48,STATIC,102.74,STATIC,False,0.000,35.1,0.000
35.18166666666667,844,49.29,EXTENSION,93.05,FLEXION,84.49,STATIC,49.64,EXTENSION,92.47,STATIC,91.51,STATIC,91.95,STATIC,106.26,STATIC,False,0.000,35.2,0.000
35.223333333333336,845,53.54,STATIC,84.89,FLEXION,85.00,STATIC,51.94,STATIC,92.73,STATIC,92.86,STATIC,92.53,STATIC,111.25,STATIC,False,0.000,35.2,0.000
35.265,846,54.17,STATIC,84.65,STATIC,84.00,STATIC,47.80,STATIC,93.70,STATIC,94.16,STATIC,94.17,STATIC,113.32,STATIC,False,0.000,35.3,0.000
35.30666666666667,847,54.60,STATIC,86.26,STATIC,83.45,STATIC,42.19,FLEXION,95.31,STATIC,95.04,STATIC,96.30,STATIC,113.95,STATIC,False,0.176,35.3,0.000
35.348333333333336,848,59.16,STATIC,90.06,STATIC,83.05,STATIC,41.54,STATIC,95.64,STATIC,95.09,STATIC,96.21,STATIC,113.86,STATIC,False,0.021,35.4,0.000
35.39,849,62.07,STATIC,93.17,STATIC,83.80,STATIC,46.35,STATIC,95.26,STATIC,94.92,STATIC,96.39,STATIC,112.73,STATIC,False,0.009,35.4,0.000
35.43166666666667,850,63.27,STATIC,93.32,STATIC,84.41,STATIC,47.63,STATIC,94.96,STATIC,95.24,STATIC,96.65,STATIC,112.40,STATIC,False,0.009,35.4,0.000
35.473333333333336,851,67.80,STATIC,98.51,EXTENSION,84.78,STATIC,49.75,STATIC,92.44,STATIC,94.06,STATIC,93.50,STATIC,108.98,STATIC,False,0.007,35.5,0.000
35.515,852,69.27,STATIC,98.54,STATIC,85.01,STATIC,50.34,STATIC,92.93,STATIC,93.95,STATIC,94.87,STATIC,107.30,STATIC,False,0.009,35.5,0.000
35.55666666666667,853,68.70,STATIC,98.42,STATIC,84.89,STATIC,52.69,STATIC,93.67,STATIC,94.37,STATIC,96.88,STATIC,107.47,STATIC,False,0.006,35.6,0.000
35.598333333333336,854,67.23,STATIC,99.45,STATIC,84.73,STATIC,55.32,STATIC,94.00,STATIC,94.85,STATIC,98.14,STATIC,107.61,STATIC,False,0.001,35.6,0.000
35.64,855,64.39,STATIC,101.50,STATIC,84.44,STATIC,57.73,STATIC,94.26,STATIC,94.54,STATIC,98.88,STATIC,106.51,STATIC,False,0.001,35.6,0.000
35.68166666666667,856,63.60,STATIC,102.48,STATIC,84.57,STATIC,58.13,STATIC,94.32,STATIC,94.99,STATIC,99.50,STATIC,106.46,STATIC,False,0.000,35.7,0.000
35.723333333333336,857,63.27,STATIC,102.67,STATIC,84.70,STATIC,58.70,STATIC,94.26,STATIC,94.66,STATIC,99.52,STATIC,105.92,STATIC,False,0.000,35.7,0.000
35.765,858,63.02,STATIC,101.96,STATIC,84.28,STATIC,58.23,STATIC,94.84,STATIC,94.15,STATIC,99.61,STATIC,103.79,STATIC,False,0.000,35.8,0.000
35.80666666666667,859,58.50,STATIC,98.90,STATIC,83.81,STATIC,59.90,STATIC,95.14,STATIC,94.33,STATIC,99.18,STATIC,102.84,STATIC,False,0.000,35.8,0.000
35.848333333333336,860,58.72,STATIC,100.81,STATIC,83.63,STATIC,58.53,STATIC,94.75,STATIC,93.97,STATIC,98.20,STATIC,102.13,STATIC,False,0.000,35.9,0.000
35.89,861,59.12,STATIC,100.33,STATIC,83.73,STATIC,60.75,STATIC,94.63,STATIC,93.81,STATIC,97.58,STATIC,101.11,STATIC,False,0.000,35.9,0.000
35.93166666666667,862,58.63,STATIC,100.79,STATIC,83.64,STATIC,59.89,STATIC,94.64,STATIC,93.76,STATIC,97.42,STATIC,100.12,STATIC,False,0.004,35.9,0.000
35.973333333333336,863,56.69,STATIC,99.87,STATIC,83.59,STATIC,59.62,STATIC,94.60,STATIC,93.78,STATIC,97.11,STATIC,99.35,STATIC,False,0.003,36.0,0.000
36.015,864,53.91,STATIC,100.14,STATIC,83.32,STATIC,59.40,STATIC,94.61,STATIC,93.59,STATIC,96.57,STATIC,98.18,STATIC,False,0.004,36.0,0.000
36.05666666666667,865,52.69,STATIC,99.63,STATIC,83.15,STATIC,59.40,STATIC,94.63,STATIC,93.40,STATIC,96.26,STATIC,97.33,STATIC,False,0.004,36.1,0.000
36.098333333333336,866,51.99,STATIC,99.97,STATIC,83.09,STATIC,59.87,STATIC,94.57,STATIC,93.14,STATIC,95.90,STATIC,96.60,STATIC,False,0.004,36.1,0.000
36.14,867,50.71,STATIC,99.61,STATIC,83.16,STATIC,59.64,STATIC,94.55,STATIC,93.09,STATIC,95.71,STATIC,96.32,STATIC,False,0.005,36.1,0.000
36.18166666666667,868,50.16,STATIC,98.63,STATIC,83.19,STATIC,60.73,STATIC,94.30,STATIC,92.94,STATIC,95.18,STATIC,95.63,STATIC,False,0.001,36.2,0.000
36.223333333333336,869,50.15,STATIC,98.24,STATIC,83.12,STATIC,61.03,STATIC,93.98,STATIC,92.92,STATIC,94.72,STATIC,94.73,STATIC,False,0.001,36.2,0.000
36.265,870,48.82,STATIC,99.08,STATIC,83.40,STATIC,60.76,STATIC,94.09,STATIC,93.03,STATIC,95.22,STATIC,95.04,STATIC,False,0.000,36.3,0.000
36.30666666666667,871,46.49,STATIC,100.26,STATIC,83.34,STATIC,61.11,STATIC,94.82,STATIC,93.65,STATIC,96.50,STATIC,97.75,STATIC,False,0.003,36.3,0.000
36.348333333333336,872,45.68,STATIC,101.68,STATIC,83.21,STATIC,62.76,STATIC,95.24,STATIC,93.57,STATIC,97.21,STATIC,98.69,STATIC,False,0.002,36.4,0.000
36.39,873,46.36,STATIC,103.00,STATIC,84.67,STATIC,70.16,EXTENSION,94.55,STATIC,93.22,STATIC,95.67,STATIC,99.27,STATIC,False,0.012,36.4,0.000
36.43166666666667,874,47.92,STATIC,104.96,STATIC,86.17,STATIC,76.08,EXTENSION,94.07,STATIC,93.40,STATIC,94.98,STATIC,99.97,STATIC,False,0.024,36.4,0.000
36.473333333333336,875,45.52,STATIC,105.02,STATIC,85.34,STATIC,73.82,STATIC,94.68,STATIC,93.60,STATIC,95.53,STATIC,101.24,STATIC,False,0.021,36.5,0.000
36.515,876,49.08,STATIC,107.16,STATIC,86.80,STATIC,79.79,EXTENSION,93.85,STATIC,92.36,STATIC,94.36,STATIC,99.95,STATIC,False,0.027,36.5,0.000
36.55666666666667,877,48.71,STATIC,107.48,STATIC,87.07,STATIC,80.70,STATIC,95.32,STATIC,93.94,STATIC,96.15,STATIC,101.52,STATIC,False,0.029,36.6,0.000
36.598333333333336,878,49.48,STATIC,107.17,STATIC,87.57,STATIC,82.13,STATIC,94.71,STATIC,93.16,STATIC,95.33,STATIC,101.96,STATIC,False,0.029,36.6,0.000
36.64,879,48.82,STATIC,106.08,STATIC,87.57,STATIC,81.21,STATIC,94.93,STATIC,93.70,STATIC,95.32,STATIC,102.12,STATIC,False,0.030,36.6,0.000
36.68166666666667,880,46.60,STATIC,105.48,STATIC,86.71,STATIC,78.99,STATIC,94.18,STATIC,92.83,STATIC,94.04,STATIC,101.51,STATIC,False,0.027,36.7,0.000
36.723333333333336,881,47.12,STATIC,107.22,STATIC,86.73,STATIC,77.73,STATIC,93.94,STATIC,92.46,STATIC,93.48,STATIC,100.50,STATIC,False,0.025,36.7,0.000
36.765,882,47.65,STATIC,106.73,STATIC,86.71,STATIC,76.97,STATIC,94.13,STATIC,92.62,STATIC,93.53,STATIC,99.54,STATIC,False,0.024,36.8,0.000
36.80666666666667,883,47.29,STATIC,108.27,STATIC,86.58,STATIC,76.57,STATIC,94.20,STATIC,92.76,STATIC,93.57,STATIC,98.82,STATIC,False,0.023,36.8,0.000
36.848333333333336,884,46.62,STATIC,108.64,STATIC,86.24,STATIC,76.76,STATIC,94.36,STATIC,92.93,STATIC,93.61,STATIC,98.24,STATIC,False,0.022,36.9,0.000
36.89,885,46.33,STATIC,108.93,STATIC,86.05,STATIC,76.42,STATIC,94.39,STATIC,92.94,STATIC,93.60,STATIC,97.67,STATIC,False,0.022,36.9,0.000
36.93166666666667,886,46.70,STATIC,109.04,STATIC,86.13,STATIC,76.97,STATIC,94.59,STATIC,93.12,STATIC,93.88,STATIC,97.35,STATIC,False,0.023,36.9,0.000
36.973333333333336,887,46.82,STATIC,108.99,STATIC,86.08,STATIC,76.78,STATIC,94.59,STATIC,93.26,STATIC,93.92,STATIC,97.07,STATIC,False,0.023,37.0,0.000
37.015,888,47.06,STATIC,109.39,STATIC,85.98,STATIC,75.75,STATIC,94.56,STATIC,93.40,STATIC,93.98,STATIC,96.90,STATIC,False,0.022,37.0,0.000
37.05666666666667,889,47.65,STATIC,109.51,STATIC,85.99,STATIC,75.90,STATIC,94.37,STATIC,93.45,STATIC,93.84,STATIC,96.76,STATIC,False,0.022,37.1,0.000
37.098333333333336,890,48.40,STATIC,109.26,STATIC,85.94,STATIC,76.14,STATIC,94.31,STATIC,93.67,STATIC,93.98,STATIC,96.94,STATIC,False,0.021,37.1,0.000
37.14,891,50.20,STATIC,109.52,STATIC,86.17,STATIC,77.19,STATIC,94.17,STATIC,93.52,STATIC,93.95,STATIC,96.99,STATIC,False,0.021,37.1,0.000
37.18166666666667,892,51.57,STATIC,109.53,STATIC,86.22,STATIC,77.54,STATIC,93.28,STATIC,92.89,STATIC,92.90,STATIC,96.09,STATIC,False,0.021,37.2,0.000
37.223333333333336,893,52.76,STATIC,109.72,STATIC,86.11,STATIC,77.53,STATIC,92.93,STATIC,92.71,STATIC,92.59,STATIC,95.63,STATIC,False,0.018,37.2,0.000
37.265,894,52.68,STATIC,108.69,STATIC,85.63,STATIC,75.77,STATIC,93.19,STATIC,92.89,STATIC,93.02,STATIC,95.47,STATIC,False,0.014,37.3,0.000
37.30666666666667,895,51.51,STATIC,107.63,STATIC,84.67,STATIC,70.42,FLEXION,93.75,STATIC,93.47,STATIC,93.88,STATIC,95.59,STATIC,False,0.173,37.3,0.000
37.348333333333336,896,51.79,STATIC,107.61,STATIC,84.56,STATIC,68.98,STATIC,93.78,STATIC,93.70,STATIC,93.98,STATIC,95.54,STATIC,False,0.003,37.4,0.000
37.39,897,52.53,STATIC,107.25,STATIC,84.89,STATIC,69.96,STATIC,93.64,STATIC,93.65,STATIC,93.81,STATIC,95.21,STATIC,False,0.005,37.4,0.000
37.43166666666667,898,52.52,STATIC,107.54,STATIC,84.89,STATIC,69.06,STATIC,93.72,STATIC,93.81,STATIC,93.90,STATIC,95.20,STATIC,False,0.004,37.4,0.000
37.473333333333336,899,56.52,STATIC,109.79,STATIC,85.58,STATIC,73.44,STATIC,93.29,STATIC,92.87,STATIC,92.97,STATIC,94.07,STATIC,False,0.007,37.5,0.000
37.515,900,58.09,STATIC,109.96,STATIC,86.55,STATIC,76.71,STATIC,91.85,STATIC,92.16,STATIC,91.32,STATIC,93.06,STATIC,False,0.013,37.5,0.000
37.55666666666667,901,57.46,STATIC,109.81,STATIC,85.79,STATIC,72.59,STATIC,92.51,STATIC,92.63,STATIC,92.10,STATIC,93.33,STATIC,False,0.007,37.6,0.000
37.598333333333336,902,58.71,STATIC,109.56,STATIC,85.87,STATIC,70.95,STATIC,92.61,STATIC,92.98,STATIC,92.26,STATIC,93.70,STATIC,False,0.005,37.6,0.000
37.64,903,60.30,STATIC,109.69,STATIC,85.87,STATIC,71.43,STATIC,92.40,STATIC,92.90,STATIC,91.79,STATIC,93.60,STATIC,False,0.005,37.6,0.000
37.68166666666667,904,61.86,STATIC,109.90,STATIC,85.95,STATIC,71.35,STATIC,92.76,STATIC,93.11,STATIC,92.08,STATIC,94.03,STATIC,False,0.005,37.7,0.000
37.723333333333336,905,63.45,STATIC,110.42,STATIC,85.79,STATIC,70.28,STATIC,92.99,STATIC,93.25,STATIC,92.22,STATIC,94.25,STATIC,False,0.004,37.7,0.000
37.765,906,66.67,STATIC,111.27,STATIC,85.84,STATIC,70.26,STATIC,93.16,STATIC,93.32,STATIC,92.38,STATIC,94.46,STATIC,False,0.003,37.8,0.000
37.80666666666667,907,67.29,STATIC,112.98,STATIC,85.26,STATIC,63.31,FLEXION,94.10,STATIC,94.35,STATIC,93.79,STATIC,95.74,STATIC,False,0.167,37.8,0.000
37.848333333333336,908,70.22,STATIC,115.58,STATIC,84.51,STATIC,60.58,STATIC,94.74,STATIC,94.68,STATIC,94.63,STATIC,96.28,STATIC,False,0.000,37.9,0.000
37.89,909,72.12,STATIC,117.48,STATIC,84.23,STATIC,63.47,STATIC,94.93,STATIC,94.50,STATIC,94.54,STATIC,96.56,STATIC,False,0.000,37.9,0.000
37.93166666666667,910,71.78,STATIC,119.02,STATIC,84.02,STATIC,61.73,STATIC,95.48,STATIC,94.52,STATIC,95.03,STATIC,96.83,STATIC,False,0.000,37.9,0.000
37.975,911,73.43,STATIC,120.31,STATIC,84.18,STATIC,62.87,STATIC,95.26,STATIC,94.52,STATIC,94.67,STATIC,97.21,STATIC,False,0.000,38.0,0.000
38.016666666666666,912,73.33,STATIC,119.96,STATIC,84.36,STATIC,64.05,STATIC,95.01,STATIC,94.42,STATIC,94.54,STATIC,97.52,STATIC,False,0.000,38.0,0.000
38.05833333333334,913,74.05,STATIC,120.51,STATIC,84.46,STATIC,64.52,STATIC,94.83,STATIC,94.42,STATIC,94.17,STATIC,97.73,STATIC,False,0.000,38.1,0.000
38.1,914,72.92,STATIC,121.04,STATIC,84.49,STATIC,65.18,STATIC,94.60,STATIC,94.33,STATIC,93.75,STATIC,98.10,STATIC,False,0.000,38.1,0.000
38.141666666666666,915,70.92,STATIC,120.07,STATIC,84.34,STATIC,65.27,STATIC,93.96,STATIC,93.98,STATIC,93.17,STATIC,98.13,STATIC,False,0.000,38.1,0.000
38.18333333333334,916,69.51,STATIC,119.88,STATIC,84.36,STATIC,66.96,STATIC,93.71,STATIC,93.78,STATIC,93.02,STATIC,97.75,STATIC,False,0.000,38.2,0.000
38.225,917,69.46,STATIC,120.37,STATIC,84.46,STATIC,68.80,STATIC,93.66,STATIC,93.62,STATIC,93.07,STATIC,97.43,STATIC,False,0.000,38.2,0.000
38.266666666666666,918,68.49,STATIC,121.83,STATIC,85.07,STATIC,71.27,STATIC,93.47,STATIC,93.37,STATIC,93.11,STATIC,97.06,STATIC,False,0.002,38.3,0.000
38.30833333333334,919,67.56,STATIC,123.61,STATIC,84.69,STATIC,70.29,STATIC,93.68,STATIC,93.40,STATIC,93.24,STATIC,96.84,STATIC,False,0.002,38.3,0.000
38.35,920,65.91,STATIC,124.19,STATIC,84.37,STATIC,69.96,STATIC,93.86,STATIC,93.40,STATIC,93.38,STATIC,96.70,STATIC,False,0.003,38.4,0.000
38.391666666666666,921,66.77,STATIC,124.35,STATIC,84.02,STATIC,69.83,STATIC,94.05,STATIC,93.47,STATIC,93.59,STATIC,96.75,STATIC,False,0.004,38.4,0.000
38.43333333333334,922,71.17,STATIC,125.08,STATIC,83.92,STATIC,68.07,STATIC,94.37,STATIC,94.06,STATIC,94.05,STATIC,97.42,STATIC,False,0.005,38.4,0.000
38.475,923,78.91,EXTENSION,126.37,STATIC,84.15,STATIC,66.94,STATIC,94.40,STATIC,94.33,STATIC,94.07,STATIC,97.72,STATIC,False,0.006,38.5,0.000
38.516666666666666,924,91.49,EXTENSION,128.49,STATIC,84.28,STATIC,65.58,STATIC,94.48,STATIC,94.62,STATIC,94.23,STATIC,97.91,STATIC,False,0.007,38.5,0.000
38.55833333333334,925,103.97,EXTENSION,130.94,STATIC,84.47,STATIC,65.79,STATIC,94.45,STATIC,94.65,STATIC,94.23,STATIC,97.83,STATIC,False,0.007,38.6,0.000
38.6,926,115.44,EXTENSION,134.17,STATIC,84.89,STATIC,66.35,STATIC,94.67,STATIC,94.72,STATIC,94.50,STATIC,97.37,STATIC,False,0.009,38.6,0.000
38.641666666666666,927,122.10,EXTENSION,135.42,STATIC,85.57,STATIC,68.58,STATIC,94.45,STATIC,94.42,STATIC,94.35,STATIC,96.78,STATIC,False,0.012,38.6,0.000
38.68333333333334,928,120.98,STATIC,135.21,STATIC,84.88,STATIC,70.75,STATIC,93.80,STATIC,93.59,STATIC,93.35,STATIC,95.81,STATIC,False,0.011,38.7,0.000
38.725,929,119.26,STATIC,134.14,STATIC,84.65,STATIC,73.49,STATIC,93.59,STATIC,93.17,STATIC,93.07,STATIC,95.44,STATIC,False,0.010,38.7,0.000
38.766666666666666,930,118.66,STATIC,132.76,STATIC,84.55,STATIC,73.58,STATIC,93.79,STATIC,93.28,STATIC,93.33,STATIC,95.50,STATIC,False,0.009,38.8,0.000
38.80833333333334,931,120.65,STATIC,131.69,STATIC,84.70,STATIC,72.27,STATIC,94.18,STATIC,93.52,STATIC,93.90,STATIC,95.87,STATIC,False,0.009,38.8,0.000
38.85,932,122.45,STATIC,130.55,STATIC,84.63,STATIC,71.63,STATIC,95.17,STATIC,94.31,STATIC,95.35,STATIC,97.20,STATIC,False,0.009,38.9,0.000
38.891666666666666,933,126.31,STATIC,130.38,STATIC,84.54,STATIC,68.58,STATIC,95.49,STATIC,94.72,STATIC,95.83,STATIC,97.88,STATIC,False,0.008,38.9,0.000
38.93333333333334,934,129.72,STATIC,130.21,STATIC,84.17,STATIC,66.86,STATIC,95.65,STATIC,94.84,STATIC,95.98,STATIC,98.09,STATIC,False,0.007,38.9,0.000
38.975,935,131.66,STATIC,129.97,STATIC,84.19,STATIC,66.56,STATIC,95.75,STATIC,94.97,STATIC,96.14,STATIC,98.51,STATIC,False,0.006,39.0,0.000
39.016666666666666,936,133.88,STATIC,129.85,STATIC,84.09,STATIC,65.61,STATIC,95.80,STATIC,95.01,STATIC,96.19,STATIC,98.84,STATIC,False,0.005,39.0,0.000
39.05833333333334,937,135.07,STATIC,129.81,STATIC,84.29,STATIC,66.12,STATIC,95.72,STATIC,94.96,STATIC,95.99,STATIC,99.01,STATIC,False,0.006,39.1,0.000
39.1,938,136.69,STATIC,130.13,STATIC,84.32,STATIC,66.10,STATIC,95.56,STATIC,94.83,STATIC,95.67,STATIC,98.74,STATIC,False,0.007,39.1,0.000
39.141666666666666,939,138.64,STATIC,130.74,STATIC,84.43,STATIC,66.21,STATIC,95.52,STATIC,94.77,STATIC,95.55,STATIC,98.55,STATIC,False,0.008,39.1,0.000
39.18333333333334,940,141.86,STATIC,132.46,STATIC,84.75,STATIC,66.26,STATIC,95.45,STATIC,94.70,STATIC,95.40,STATIC,98.24,STATIC,False,0.010,39.2,0.000
39.225,941,142.49,STATIC,133.15,STATIC,84.84,STATIC,66.96,STATIC,95.43,STATIC,94.66,STATIC,95.26,STATIC,98.05,STATIC,False,0.010,39.2,0.000
39.266666666666666,942,141.99,STATIC,133.01,STATIC,85.06,STATIC,68.69,STATIC,95.43,STATIC,94.62,STATIC,95.22,STATIC,98.10,STATIC,False,0.010,39.3,0.000
39.30833333333334,943,141.38,STATIC,132.53,STATIC,84.99,STATIC,69.78,STATIC,95.38,STATIC,94.50,STATIC,95.09,STATIC,98.10,STATIC,False,0.010,39.3,0.000
39.35,944,144.87,STATIC,132.99,STATIC,85.01,STATIC,68.86,STATIC,95.42,STATIC,94.51,STATIC,95.09,STATIC,97.95,STATIC,False,0.010,39.4,0.000
39.391666666666666,945,144.95,STATIC,133.12,STATIC,84.61,STATIC,68.42,STATIC,95.43,STATIC,94.56,STATIC,95.01,STATIC,97.96,STATIC,False,0.007,39.4,0.000
39.43333333333334,946,142.17,STATIC,133.11,STATIC,84.38,STATIC,69.55,STATIC,95.03,STATIC,94.13,STATIC,94.17,STATIC,97.70,STATIC,False,0.006,39.4,0.000
39.475,947,141.61,STATIC,132.92,STATIC,84.26,STATIC,69.22,STATIC,94.87,STATIC,94.16,STATIC,93.89,STATIC,97.65,STATIC,False,0.005,39.5,0.000
39.516666666666666,948,138.63,STATIC,132.63,STATIC,83.50,STATIC,68.67,STATIC,94.85,STATIC,94.25,STATIC,93.81,STATIC,97.75,STATIC,False,0.000,39.5,0.000
39.55833333333334,949,133.22,FLEXION,131.36,STATIC,82.84,STATIC,67.23,STATIC,94.88,STATIC,94.29,STATIC,93.90,STATIC,98.18,STATIC,False,0.000,39.6,0.000
39.6,950,135.48,STATIC,131.66,STATIC,82.57,STATIC,64.09,STATIC,94.54,STATIC,94.45,STATIC,93.39,STATIC,97.89,STATIC,False,0.000,39.6,0.000
39.641666666666666,951,132.52,STATIC,131.34,STATIC,82.14,STATIC,64.70,STATIC,94.59,STATIC,94.48,STATIC,93.54,STATIC,97.94,STATIC,False,0.000,39.6,0.000
39.68333333333334,952,130.69,STATIC,130.58,STATIC,82.27,STATIC,64.97,STATIC,94.65,STATIC,94.61,STATIC,93.67,STATIC,98.07,STATIC,False,0.000,39.7,0.000
39.725,953,125.76,STATIC,129.96,STATIC,82.12,STATIC,64.97,STATIC,94.69,STATIC,94.66,STATIC,93.47,STATIC,97.95,STATIC,False,0.000,39.7,0.000
39.766666666666666,954,123.53,STATIC,129.45,STATIC,82.28,STATIC,63.06,STATIC,94.77,STATIC,94.94,STATIC,93.67,STATIC,98.55,STATIC,False,0.000,39.8,0.000
39.80833333333334,955,119.30,STATIC,128.98,STATIC,81.98,STATIC,61.70,STATIC,94.78,STATIC,95.03,STATIC,93.85,STATIC,98.90,STATIC,False,0.000,39.8,0.000
39.85,956,114.92,STATIC,128.17,STATIC,81.86,STATIC,61.34,STATIC,94.89,STATIC,95.09,STATIC,94.07,STATIC,99.09,STATIC,False,0.000,39.9,0.000
39.891666666666666,957,114.55,STATIC,127.37,STATIC,82.23,STATIC,58.40,STATIC,96.03,STATIC,95.69,STATIC,96.33,STATIC,100.28,STATIC,False,0.000,39.9,0.000
39.93333333333334,958,109.62,STATIC,127.13,STATIC,82.35,STATIC,59.07,STATIC,96.27,STATIC,95.85,STATIC,96.98,STATIC,101.22,STATIC,False,0.000,39.9,0.000
39.975,959,104.11,FLEXION,126.25,STATIC,82.15,STATIC,58.19,STATIC,96.10,STATIC,95.64,STATIC,96.49,STATIC,101.16,STATIC,False,0.000,40.0,0.000
40.016666666666666,960,99.75,STATIC,126.33,STATIC,82.42,STATIC,58.02,STATIC,96.07,STATIC,95.63,STATIC,96.36,STATIC,101.38,STATIC,False,0.000,40.0,0.000
40.05833333333334,961,95.86,STATIC,127.60,STATIC,81.83,STATIC,52.85,FLEXION,95.90,STATIC,95.94,STATIC,96.92,STATIC,102.30,STATIC,False,0.171,40.1,0.000
40.1,962,94.87,STATIC,130.46,STATIC,82.33,STATIC,55.96,STATIC,95.96,STATIC,95.85,STATIC,96.27,STATIC,101.66,STATIC,False,0.005,40.1,0.000
40.141666666666666,963,93.62,STATIC,133.47,STATIC,82.77,STATIC,56.15,STATIC,95.98,STATIC,95.81,STATIC,96.37,STATIC,101.31,STATIC,False,0.006,40.1,0.000
40.18333333333334,964,87.12,FLEXION,133.63,STATIC,82.87,STATIC,56.44,STATIC,95.77,STATIC,95.67,STATIC,96.07,STATIC,101.05,STATIC,False,0.007,40.2,0.000
40.225,965,79.40,FLEXION,132.92,STATIC,84.01,STATIC,57.38,STATIC,95.84,STATIC,95.68,STATIC,96.29,STATIC,100.88,STATIC,False,0.008,40.2,0.000
40.266666666666666,966,76.52,STATIC,132.78,STATIC,84.03,STATIC,57.02,STATIC,95.78,STATIC,95.51,STATIC,96.15,STATIC,100.78,STATIC,False,0.011,40.3,0.000
40.30833333333334,967,78.51,STATIC,131.52,STATIC,84.61,STATIC,58.87,STATIC,94.84,STATIC,94.47,STATIC,94.15,STATIC,99.83,STATIC,False,0.012,40.3,0.000
40.35,968,74.56,STATIC,129.67,STATIC,84.03,STATIC,56.79,STATIC,95.16,STATIC,94.54,STATIC,94.69,STATIC,100.15,STATIC,False,0.014,40.4,0.000
40.391666666666666,969,69.99,STATIC,127.03,STATIC,84.21,STATIC,55.17,STATIC,95.41,STATIC,94.64,STATIC,95.42,STATIC,100.43,STATIC,False,0.015,40.4,0.000
40.43333333333334,970,63.14,FLEXION,125.58,STATIC,84.43,STATIC,55.31,STATIC,95.57,STATIC,94.76,STATIC,95.05,STATIC,100.73,STATIC,False,0.013,40.4,0.000
40.475,971,63.48,STATIC,124.71,STATIC,83.97,STATIC,55.13,STATIC,94.83,STATIC,94.28,STATIC,93.63,STATIC,99.60,STATIC,False,0.018,40.5,0.000
40.516666666666666,972,58.91,STATIC,124.76,STATIC,83.55,STATIC,54.30,STATIC,94.93,STATIC,94.67,STATIC,94.04,STATIC,100.54,STATIC,False,0.021,40.5,0.000
40.55833333333334,973,55.35,STATIC,124.15,STATIC,83.28,STATIC,52.78,STATIC,95.91,STATIC,95.17,STATIC,96.05,STATIC,101.20,STATIC,False,0.017,40.6,0.000
40.6,974,41.03,FLEXION,125.92,STATIC,82.32,STATIC,50.11,STATIC,96.71,STATIC,96.29,STATIC,96.49,STATIC,103.21,STATIC,False,0.016,40.6,0.000
40.64166666666667,975,20.29,FLEXION,132.06,EXTENSION,81.49,STATIC,48.03,STATIC,96.67,STATIC,96.78,STATIC,97.02,STATIC,102.03,STATIC,False,0.023,40.6,0.000
40.68333333333334,976,37.02,EXTENSION,137.10,EXTENSION,81.78,STATIC,47.66,STATIC,96.79,STATIC,97.09,STATIC,97.44,STATIC,102.07,STATIC,False,0.019,40.7,0.000
40.725,977,43.04,EXTENSION,140.04,STATIC,81.32,STATIC,47.20,STATIC,97.11,STATIC,97.21,STATIC,97.54,STATIC,101.31,STATIC,False,0.012,40.7,0.000
40.76666666666667,978,51.83,EXTENSION,140.72,STATIC,81.17,STATIC,46.96,STATIC,97.17,STATIC,97.29,STATIC,98.42,STATIC,103.41,STATIC,False,0.011,40.8,0.000
40.80833333333334,979,44.78,FLEXION,143.34,STATIC,81.56,STATIC,47.34,STATIC,96.20,STATIC,95.43,STATIC,97.08,STATIC,101.09,STATIC,False,0.012,40.8,0.000
40.85,980,44.94,STATIC,144.94,STATIC,82.03,STATIC,50.12,STATIC,94.03,STATIC,93.15,STATIC,94.52,STATIC,98.65,STATIC,False,0.013,40.9,0.000
40.89166666666667,981,53.57,EXTENSION,143.59,STATIC,82.33,STATIC,48.32,STATIC,95.83,STATIC,93.99,STATIC,97.76,STATIC,98.66,STATIC,False,0.013,40.9,0.000
40.93333333333334,982,52.25,STATIC,143.89,STATIC,82.13,STATIC,47.16,STATIC,95.31,STATIC,94.14,STATIC,96.66,STATIC,100.63,STATIC,False,0.013,40.9,0.000
40.975,983,60.98,EXTENSION,143.95,STATIC,81.70,STATIC,46.14,STATIC,94.10,STATIC,92.86,STATIC,96.24,STATIC,102.97,STATIC,False,0.016,41.0,0.000
41.01666666666667,984,59.16,STATIC,141.63,STATIC,81.64,STATIC,46.88,STATIC,93.88,STATIC,92.60,STATIC,96.73,STATIC,106.01,STATIC,False,0.020,41.0,0.000
41.05833333333334,985,56.20,STATIC,140.98,STATIC,81.86,STATIC,46.61,STATIC,95.98,STATIC,92.79,STATIC,99.41,STATIC,104.11,STATIC,False,0.016,41.1,0.000
41.1,986,55.17,STATIC,140.91,STATIC,81.78,STATIC,44.19,STATIC,96.13,STATIC,93.87,STATIC,99.72,STATIC,107.57,STATIC,False,0.014,41.1,0.000
41.14166666666667,987,53.03,STATIC,140.97,STATIC,81.78,STATIC,43.53,STATIC,96.39,STATIC,94.36,STATIC,100.43,STATIC,109.98,STATIC,False,0.015,41.1,0.000
41.18333333333334,988,49.36,STATIC,141.89,STATIC,81.58,STATIC,43.87,STATIC,96.69,STATIC,95.58,STATIC,100.69,STATIC,113.24,STATIC,False,0.013,41.2,0.000
41.225,989,46.83,STATIC,142.39,STATIC,81.49,STATIC,43.28,STATIC,96.71,STATIC,95.65,STATIC,100.25,STATIC,113.58,STATIC,False,0.011,41.2,0.000
41.26666666666667,990,43.84,STATIC,143.25,STATIC,81.41,STATIC,44.68,STATIC,96.98,STATIC,96.27,STATIC,100.63,STATIC,114.60,STATIC,False,0.006,41.3,0.000
41.30833333333334,991,42.94,STATIC,143.59,STATIC,81.17,STATIC,44.90,STATIC,97.53,STATIC,97.82,STATIC,101.96,STATIC,117.14,STATIC,False,0.005,41.3,0.000
41.35,992,40.47,STATIC,142.28,STATIC,81.39,STATIC,44.48,STATIC,97.55,STATIC,98.39,STATIC,103.00,STATIC,118.25,STATIC,False,0.004,41.4,0.000
41.39166666666667,993,27.63,FLEXION,142.26,STATIC,81.16,STATIC,45.85,STATIC,97.66,STATIC,98.56,STATIC,103.26,STATIC,117.51,STATIC,False,0.008,41.4,0.000
41.43333333333334,994,15.04,FLEXION,143.30,STATIC,80.77,STATIC,50.90,EXTENSION,98.01,STATIC,98.97,STATIC,104.01,STATIC,116.20,STATIC,False,0.014,41.4,0.000
41.475,995,35.97,EXTENSION,139.84,STATIC,82.40,STATIC,49.97,STATIC,97.83,STATIC,99.06,STATIC,104.91,STATIC,116.48,STATIC,False,0.013,41.5,0.000
41.51666666666667,996,40.52,STATIC,140.21,STATIC,82.24,STATIC,48.46,STATIC,97.65,STATIC,98.80,STATIC,105.95,STATIC,116.03,STATIC,False,0.017,41.5,0.000
41.55833333333334,997,44.89,STATIC,141.02,STATIC,82.57,STATIC,48.84,STATIC,97.55,STATIC,98.97,STATIC,106.55,STATIC,115.63,STATIC,False,0.014,41.6,0.000
41.6,998,8.14,FLEXION,146.31,EXTENSION,82.32,STATIC,48.63,STATIC,96.05,STATIC,95.44,STATIC,105.37,STATIC,113.01,STATIC,False,0.009,41.6,0.000
41.64166666666667,999,42.08,EXTENSION,148.89,STATIC,81.49,STATIC,46.43,STATIC,96.02,STATIC,94.05,STATIC,105.85,STATIC,113.99,STATIC,False,0.008,41.6,0.000
41.68333333333334,1000,46.71,STATIC,148.79,STATIC,81.49,STATIC,44.69,STATIC,97.55,STATIC,96.01,STATIC,105.24,STATIC,115.80,STATIC,False,0.006,41.7,0.000
41.725,1001,49.89,STATIC,150.59,STATIC,81.65,STATIC,43.34,STATIC,97.74,STATIC,96.57,STATIC,104.01,STATIC,115.46,STATIC,False,0.007,41.7,0.000
41.76666666666667,1002,54.66,STATIC,151.13,STATIC,81.41,STATIC,43.83,STATIC,98.15,STATIC,96.65,STATIC,103.18,STATIC,113.53,STATIC,False,0.006,41.8,0.000
41.80833333333334,1003,50.21,STATIC,152.05,STATIC,81.45,STATIC,38.37,FLEXION,97.71,STATIC,96.97,STATIC,101.27,STATIC,112.66,STATIC,False,0.170,41.8,0.000
41.85,1004,53.80,STATIC,151.93,STATIC,80.98,STATIC,38.79,STATIC,98.20,STATIC,96.48,STATIC,100.87,STATIC,110.80,STATIC,False,0.005,41.9,0.000
41.89166666666667,1005,54.92,STATIC,153.79,STATIC,80.77,STATIC,39.94,STATIC,98.38,STATIC,96.80,STATIC,100.20,STATIC,109.83,STATIC,False,0.004,41.9,0.000
41.93333333333334,1006,56.43,STATIC,154.41,STATIC,80.29,STATIC,40.12,STATIC,98.62,STATIC,96.96,STATIC,100.15,STATIC,110.46,STATIC,False,0.000,41.9,0.000
41.97666666666667,1007,52.50,STATIC,155.87,STATIC,80.09,STATIC,41.00,STATIC,98.11,STATIC,96.81,STATIC,99.57,STATIC,109.65,STATIC,False,0.000,42.0,0.000
42.01833333333334,1008,47.56,STATIC,157.39,STATIC,79.88,STATIC,40.58,STATIC,97.81,STATIC,96.85,STATIC,99.22,STATIC,108.71,STATIC,False,0.000,42.0,0.000
42.06,1009,44.04,STATIC,158.80,STATIC,79.58,STATIC,41.54,STATIC,97.65,STATIC,96.07,STATIC,98.29,STATIC,106.50,STATIC,False,0.000,42.1,0.000
42.10166666666667,1010,41.11,STATIC,159.42,STATIC,79.13,STATIC,41.51,STATIC,97.81,STATIC,96.04,STATIC,98.15,STATIC,105.39,STATIC,False,0.000,42.1,0.000
42.14333333333334,1011,38.27,STATIC,159.36,STATIC,79.19,STATIC,41.87,STATIC,97.28,STATIC,95.52,STATIC,97.01,STATIC,103.15,STATIC,False,0.000,42.1,0.000
42.185,1012,35.55,STATIC,159.66,STATIC,79.08,STATIC,38.87,STATIC,97.52,STATIC,95.70,STATIC,96.89,STATIC,100.73,STATIC,False,0.000,42.2,0.000
42.22666666666667,1013,32.55,STATIC,161.06,STATIC,79.59,STATIC,37.91,STATIC,97.76,STATIC,96.41,STATIC,97.26,STATIC,101.21,STATIC,False,0.000,42.2,0.000
42.26833333333334,1014,31.12,STATIC,160.58,STATIC,79.14,STATIC,38.14,STATIC,97.76,STATIC,96.45,STATIC,97.01,STATIC,100.30,STATIC,False,0.000,42.3,0.000
42.31,1015,31.60,STATIC,160.38,STATIC,79.49,STATIC,37.91,STATIC,97.67,STATIC,96.52,STATIC,96.35,STATIC,99.28,STATIC,False,0.000,42.3,0.000
42.35166666666667,1016,31.90,STATIC,160.02,STATIC,79.22,STATIC,38.20,STATIC,97.76,STATIC,96.25,STATIC,96.08,STATIC,97.31,STATIC,False,0.001,42.4,0.000
42.39333333333334,1017,32.27,STATIC,157.92,STATIC,78.91,STATIC,37.95,STATIC,97.76,STATIC,96.09,STATIC,95.93,STATIC,96.15,STATIC,False,0.000,42.4,0.000
42.435,1018,32.73,STATIC,155.26,STATIC,78.53,STATIC,36.40,STATIC,97.78,STATIC,96.07,STATIC,95.92,STATIC,95.26,STATIC,False,0.001,42.4,0.000
42.47666666666667,1019,33.48,STATIC,155.32,STATIC,78.23,STATIC,37.35,STATIC,97.70,STATIC,96.07,STATIC,95.50,STATIC,93.30,STATIC,False,0.003,42.5,0.000
42.51833333333334,1020,34.13,STATIC,153.99,STATIC,77.91,STATIC,36.75,STATIC,97.66,STATIC,95.98,STATIC,95.28,STATIC,92.30,STATIC,False,0.002,42.5,0.000
42.56,1021,35.08,STATIC,153.28,STATIC,77.57,STATIC,37.06,STATIC,97.43,STATIC,95.74,STATIC,94.63,STATIC,91.40,STATIC,False,0.003,42.6,0.000
42.60166666666667,1022,35.56,STATIC,152.02,STATIC,77.28,STATIC,36.76,STATIC,97.45,STATIC,95.77,STATIC,94.53,STATIC,91.22,STATIC,False,0.005,42.6,0.000
42.64333333333334,1023,35.96,STATIC,151.55,STATIC,76.89,STATIC,36.71,STATIC,97.48,STATIC,95.77,STATIC,94.53,STATIC,90.70,STATIC,False,0.003,42.6,0.000
42.685,1024,36.33,STATIC,150.36,STATIC,76.64,STATIC,37.42,STATIC,97.78,STATIC,95.91,STATIC,95.18,STATIC,89.40,STATIC,False,0.004,42.7,0.000
42.72666666666667,1025,36.27,STATIC,150.75,STATIC,76.48,STATIC,37.97,STATIC,97.86,STATIC,96.32,STATIC,95.91,STATIC,89.55,STATIC,False,0.003,42.7,0.000
42.76833333333334,1026,36.26,STATIC,151.76,STATIC,76.36,STATIC,37.85,STATIC,98.11,STATIC,96.45,STATIC,96.69,STATIC,89.21,STATIC,False,0.002,42.8,0.000
42.81,1027,35.25,STATIC,153.78,STATIC,76.41,STATIC,38.67,STATIC,98.15,STATIC,96.46,STATIC,97.11,STATIC,89.09,STATIC,False,0.000,42.8,0.000
42.85166666666667,1028,34.99,STATIC,153.44,STATIC,76.53,STATIC,39.78,STATIC,98.03,STATIC,95.92,STATIC,96.43,STATIC,85.03,STATIC,False,0.005,42.9,0.000
42.89333333333334,1029,34.82,STATIC,149.30,STATIC,76.70,STATIC,38.81,STATIC,98.00,STATIC,95.89,STATIC,96.08,STATIC,84.34,STATIC,False,0.006,42.9,0.000
42.935,1030,34.83,STATIC,147.72,STATIC,77.12,STATIC,38.73,STATIC,98.11,STATIC,95.89,STATIC,96.19,STATIC,82.99,STATIC,False,0.002,42.9,0.000
42.97666666666667,1031,34.23,STATIC,147.69,STATIC,78.01,STATIC,36.38,STATIC,97.89,STATIC,96.16,STATIC,96.18,STATIC,84.06,STATIC,False,0.000,43.0,0.000
43.01833333333334,1032,34.31,STATIC,145.65,STATIC,78.99,STATIC,28.97,FLEXION,97.63,STATIC,96.56,STATIC,96.33,STATIC,85.12,STATIC,False,0.167,43.0,0.000
43.06,1033,35.11,STATIC,143.87,STATIC,80.01,STATIC,31.96,STATIC,97.41,STATIC,96.76,STATIC,96.31,STATIC,86.68,STATIC,False,0.001,43.1,0.000
43.10166666666667,1034,34.21,STATIC,143.05,STATIC,80.73,STATIC,33.85,STATIC,97.33,STATIC,96.82,STATIC,95.89,STATIC,86.33,STATIC,False,0.002,43.1,0.000
43.14333333333334,1035,32.65,STATIC,142.46,STATIC,80.86,STATIC,35.19,STATIC,97.44,STATIC,97.09,STATIC,95.31,STATIC,86.13,STATIC,False,0.000,43.1,0.000
43.185,1036,32.06,STATIC,141.96,STATIC,81.33,STATIC,35.49,STATIC,97.45,STATIC,97.09,STATIC,94.16,STATIC,86.71,STATIC,False,0.000,43.2,0.000
43.22666666666667,1037,31.88,STATIC,141.90,STATIC,81.28,STATIC,33.89,STATIC,97.67,STATIC,97.54,STATIC,94.53,STATIC,88.42,STATIC,False,0.000,43.2,0.000
43.26833333333334,1038,31.25,STATIC,140.24,STATIC,81.64,STATIC,38.07,STATIC,97.30,STATIC,97.36,STATIC,93.08,STATIC,89.42,STATIC,False,0.000,43.3,0.000
43.31,1039,31.67,STATIC,141.99,STATIC,81.98,STATIC,37.03,STATIC,97.22,STATIC,97.24,STATIC,92.42,STATIC,88.82,STATIC,False,0.000,43.3,0.000
43.35166666666667,1040,31.95,STATIC,142.80,STATIC,82.34,STATIC,37.12,STATIC,97.36,STATIC,96.91,STATIC,91.85,STATIC,87.55,STATIC,False,0.000,43.4,0.000
43.39333333333334,1041,29.23,STATIC,143.31,STATIC,82.98,STATIC,37.15,STATIC,97.34,STATIC,97.26,STATIC,91.61,STATIC,87.23,STATIC,False,0.002,43.4,0.000
43.435,1042,27.97,STATIC,140.50,STATIC,83.16,STATIC,40.10,STATIC,97.46,STATIC,97.33,STATIC,91.06,STATIC,86.93,STATIC,False,0.000,43.4,0.000
43.47666666666667,1043,29.76,STATIC,140.32,STATIC,83.25,STATIC,39.18,STATIC,97.50,STATIC,97.22,STATIC,90.18,STATIC,85.34,STATIC,False,0.000,43.5,0.000
43.51833333333334,1044,31.81,STATIC,140.12,STATIC,83.59,STATIC,39.08,STATIC,97.38,STATIC,96.86,STATIC,88.99,STATIC,82.69,STATIC,False,0.003,43.5,0.000
43.56,1045,33.74,STATIC,141.29,STATIC,83.58,STATIC,38.45,STATIC,97.50,STATIC,97.17,STATIC,89.14,STATIC,83.35,STATIC,False,0.000,43.6,0.000
43.60166666666667,1046,35.89,STATIC,139.70,STATIC,83.76,STATIC,41.07,STATIC,97.54,STATIC,97.06,STATIC,89.13,STATIC,83.17,STATIC,False,0.001,43.6,0.000
43.64333333333334,1047,34.12,STATIC,142.43,STATIC,83.99,STATIC,44.63,STATIC,97.51,STATIC,97.12,STATIC,88.55,STATIC,80.90,STATIC,False,0.001,43.6,0.000
43.685,1048,37.08,STATIC,142.08,STATIC,84.11,STATIC,45.24,STATIC,97.37,STATIC,96.96,STATIC,87.90,STATIC,80.36,STATIC,False,0.009,43.7,0.000
43.72666666666667,1049,39.93,STATIC,142.55,STATIC,84.19,STATIC,46.19,STATIC,97.33,STATIC,97.07,STATIC,87.05,STATIC,79.19,STATIC,False,0.011,43.7,0.000
43.76833333333334,1050,43.26,STATIC,144.26,STATIC,84.35,STATIC,47.07,STATIC,97.21,STATIC,96.96,STATIC,86.45,STATIC,79.36,STATIC,False,0.015,43.8,0.000
43.81,1051,44.42,STATIC,145.08,STATIC,84.37,STATIC,49.34,STATIC,97.25,STATIC,97.04,STATIC,86.04,STATIC,78.42,STATIC,False,0.011,43.8,0.000
43.85166666666667,1052,45.33,STATIC,148.56,STATIC,84.27,STATIC,47.56,STATIC,97.13,STATIC,96.72,STATIC,85.21,STATIC,78.06,STATIC,False,0.018,43.9,0.000
43.89333333333334,1053,46.74,STATIC,147.83,STATIC,84.23,STATIC,46.75,STATIC,97.15,STATIC,96.52,STATIC,85.03,STATIC,79.21,STATIC,False,0.018,43.9,0.000
43.935,1054,48.01,STATIC,148.55,STATIC,84.34,STATIC,46.73,STATIC,97.13,STATIC,96.62,STATIC,84.75,STATIC,78.60,STATIC,False,0.022,43.9,0.000
43.97666666666667,1055,44.18,STATIC,147.86,STATIC,84.71,STATIC,43.18,STATIC,97.21,STATIC,97.53,STATIC,85.95,STATIC,77.93,STATIC,False,0.020,44.0,0.000
44.01833333333334,1056,46.39,STATIC,149.97,STATIC,84.58,STATIC,43.23,STATIC,97.19,STATIC,97.28,STATIC,86.09,STATIC,77.93,STATIC,False,0.022,44.0,0.000
44.06,1057,49.63,STATIC,148.75,STATIC,84.61,STATIC,41.36,STATIC,97.17,STATIC,97.13,STATIC,86.41,STATIC,77.51,STATIC,False,0.023,44.1,0.000
44.10166666666667,1058,51.90,STATIC,148.83,STATIC,84.61,STATIC,41.71,STATIC,97.18,STATIC,97.11,STATIC,86.48,STATIC,77.24,STATIC,False,0.022,44.1,0.000
44.14333333333334,1059,54.08,STATIC,148.07,STATIC,84.42,STATIC,40.93,STATIC,97.27,STATIC,97.52,STATIC,87.96,STATIC,79.70,STATIC,False,0.016,44.1,0.000
44.185,1060,55.40,STATIC,147.60,STATIC,84.42,STATIC,44.39,STATIC,97.32,STATIC,97.70,STATIC,88.17,STATIC,79.89,STATIC,False,0.010,44.2,0.000
44.22666666666667,1061,56.59,STATIC,148.67,STATIC,84.48,STATIC,43.21,STATIC,97.44,STATIC,98.02,STATIC,88.75,STATIC,80.53,STATIC,False,0.009,44.2,0.000
44.26833333333334,1062,58.49,STATIC,147.84,STATIC,84.64,STATIC,43.37,STATIC,97.37,STATIC,97.92,STATIC,88.34,STATIC,79.40,STATIC,False,0.007,44.3,0.000
44.31,1063,47.62,FLEXION,145.81,STATIC,85.37,STATIC,44.00,STATIC,97.19,STATIC,98.45,STATIC,88.41,STATIC,79.53,STATIC,False,0.001,44.3,0.000
44.35166666666667,1064,51.25,STATIC,144.65,STATIC,85.44,STATIC,43.35,STATIC,97.12,STATIC,98.41,STATIC,88.83,STATIC,79.47,STATIC,False,0.006,44.4,0.000
44.39333333333334,1065,57.58,EXTENSION,142.91,STATIC,85.30,STATIC,41.79,STATIC,97.12,STATIC,98.61,STATIC,89.86,STATIC,81.07,STATIC,False,0.002,44.4,0.000
44.435,1066,57.93,STATIC,146.09,STATIC,85.17,STATIC,37.82,STATIC,97.07,STATIC,98.55,STATIC,90.56,STATIC,83.79,STATIC,False,0.001,44.4,0.000
44.47666666666667,1067,58.69,STATIC,147.25,STATIC,85.02,STATIC,38.87,STATIC,97.01,STATIC,98.37,STATIC,90.51,STATIC,82.86,STATIC,False,0.004,44.5,0.000
44.51833333333334,1068,58.88,STATIC,148.77,STATIC,84.79,STATIC,39.72,STATIC,97.11,STATIC,98.23,STATIC,90.53,STATIC,82.89,STATIC,False,0.012,44.5,0.000
44.56,1069,60.30,STATIC,148.44,STATIC,84.79,STATIC,40.36,STATIC,97.16,STATIC,98.28,STATIC,91.03,STATIC,83.46,STATIC,False,0.012,44.6,0.000
44.60166666666667,1070,61.01,STATIC,148.39,STATIC,84.76,STATIC,40.00,STATIC,97.28,STATIC,98.43,STATIC,91.86,STATIC,84.84,STATIC,False,0.013,44.6,0.000
44.64333333333334,1071,61.22,STATIC,147.18,STATIC,84.72,STATIC,41.73,STATIC,97.33,STATIC,98.66,STATIC,92.61,STATIC,86.94,STATIC,False,0.009,44.6,0.000
44.685,1072,61.01,STATIC,147.78,STATIC,84.61,STATIC,40.70,STATIC,97.33,STATIC,98.43,STATIC,92.78,STATIC,87.90,STATIC,False,0.009,44.7,0.000
44.72666666666667,1073,62.36,STATIC,147.33,STATIC,84.64,STATIC,41.29,STATIC,97.29,STATIC,97.91,STATIC,92.65,STATIC,87.29,STATIC,False,0.010,44.7,0.000
44.76833333333334,1074,59.14,STATIC,147.88,STATIC,84.54,STATIC,37.27,STATIC,97.33,STATIC,98.15,STATIC,92.19,STATIC,87.73,STATIC,False,0.008,44.8,0.000
44.81,1075,61.69,STATIC,147.88,STATIC,84.69,STATIC,36.33,STATIC,97.29,STATIC,98.10,STATIC,91.73,STATIC,88.11,STATIC,False,0.001,44.8,0.000
44.85166666666667,1076,61.33,STATIC,148.86,STATIC,84.78,STATIC,34.58,STATIC,97.01,STATIC,97.76,STATIC,90.15,STATIC,87.51,STATIC,False,0.006,44.9,0.000
44.89333333333334,1077,62.79,STATIC,151.06,STATIC,84.92,STATIC,36.46,STATIC,97.26,STATIC,97.43,STATIC,88.46,STATIC,85.25,STATIC,False,0.007,44.9,0.000
44.935,1078,62.49,STATIC,149.35,STATIC,85.01,STATIC,35.79,STATIC,97.17,STATIC,97.86,STATIC,88.11,STATIC,86.09,STATIC,False,0.011,44.9,0.000
44.97666666666667,1079,63.32,STATIC,147.40,STATIC,85.09,STATIC,36.10,STATIC,97.18,STATIC,98.07,STATIC,88.18,STATIC,87.16,STATIC,False,0.010,45.0,0.000
45.01833333333334,1080,66.99,STATIC,147.23,STATIC,84.98,STATIC,35.60,STATIC,97.20,STATIC,98.16,STATIC,88.59,STATIC,88.68,STATIC,False,0.011,45.0,0.000
45.06,1081,70.74,STATIC,149.85,STATIC,84.78,STATIC,35.58,STATIC,97.45,STATIC,98.35,STATIC,87.68,STATIC,87.39,STATIC,False,0.004,45.1,0.000
45.10166666666667,1082,73.14,STATIC,148.08,STATIC,84.69,STATIC,37.76,STATIC,97.53,STATIC,98.45,STATIC,87.17,STATIC,86.32,STATIC,False,0.006,45.1,0.000
45.14333333333334,1083,74.91,STATIC,147.02,STATIC,84.68,STATIC,37.95,STATIC,97.26,STATIC,98.49,STATIC,86.67,STATIC,85.32,STATIC,False,0.008,45.1,0.000
45.185,1084,76.02,STATIC,146.26,STATIC,84.67,STATIC,37.09,STATIC,97.35,STATIC,98.54,STATIC,86.12,STATIC,84.19,STATIC,False,0.009,45.2,0.000
45.22666666666667,1085,77.55,STATIC,145.78,STATIC,84.65,STATIC,39.14,STATIC,97.21,STATIC,98.52,STATIC,86.20,STATIC,83.29,STATIC,False,0.010,45.2,0.000
45.26833333333334,1086,75.44,STATIC,146.57,STATIC,84.52,STATIC,38.60,STATIC,97.23,STATIC,98.46,STATIC,86.15,STATIC,81.87,STATIC,False,0.012,45.3,0.000
45.31,1087,71.42,STATIC,147.82,STATIC,84.46,STATIC,36.51,STATIC,97.16,STATIC,98.41,STATIC,85.94,STATIC,79.87,STATIC,False,0.018,45.3,0.000
45.35166666666667,1088,61.20,FLEXION,149.51,STATIC,84.44,STATIC,33.58,STATIC,97.10,STATIC,98.44,STATIC,85.79,STATIC,78.17,STATIC,False,0.019,45.4,0.000
45.39333333333334,1089,49.88,FLEXION,150.39,STATIC,84.59,STATIC,34.07,STATIC,97.05,STATIC,98.40,STATIC,86.01,STATIC,77.04,STATIC,False,0.021,45.4,0.000
45.435,1090,49.51,STATIC,151.32,STATIC,84.71,STATIC,33.81,STATIC,96.97,STATIC,98.39,STATIC,85.19,STATIC,75.83,STATIC,False,0.024,45.4,0.000
45.47666666666667,1091,45.12,STATIC,152.19,STATIC,84.72,STATIC,30.94,STATIC,96.96,STATIC,98.67,STATIC,85.23,STATIC,76.11,STATIC,False,0.023,45.5,0.000
45.51833333333334,1092,36.55,FLEXION,153.20,STATIC,84.91,STATIC,29.88,STATIC,97.20,STATIC,98.56,STATIC,85.05,STATIC,74.57,STATIC,False,0.022,45.5,0.000
45.56,1093,34.32,STATIC,153.75,STATIC,85.05,STATIC,27.57,STATIC,96.96,STATIC,98.21,STATIC,84.26,STATIC,72.01,STATIC,False,0.028,45.6,0.000
45.60166666666667,1094,34.56,STATIC,154.33,STATIC,85.14,STATIC,28.90,STATIC,96.80,STATIC,98.10,STATIC,84.19,STATIC,71.74,STATIC,False,0.027,45.6,0.000
45.64333333333334,1095,20.79,FLEXION,155.37,STATIC,85.28,STATIC,30.21,STATIC,96.81,STATIC,98.13,STATIC,84.06,STATIC,70.32,STATIC,False,0.027,45.6,0.000
45.685,1096,22.33,STATIC,156.95,STATIC,85.20,STATIC,30.14,STATIC,96.81,STATIC,98.33,STATIC,84.29,STATIC,70.69,STATIC,False,0.026,45.7,0.000
45.72666666666667,1097,11.32,FLEXION,157.78,STATIC,85.67,STATIC,30.27,STATIC,96.80,STATIC,98.29,STATIC,84.38,STATIC,69.64,STATIC,False,0.026,45.7,0.000
45.76833333333334,1098,29.63,EXTENSION,159.22,STATIC,86.05,STATIC,31.03,STATIC,96.76,STATIC,98.15,STATIC,84.42,STATIC,68.87,STATIC,False,0.027,45.8,0.000
45.81,1099,19.24,FLEXION,160.49,STATIC,86.18,STATIC,31.58,STATIC,96.63,STATIC,98.01,STATIC,83.88,STATIC,68.21,STATIC,False,0.027,45.8,0.000
45.85166666666667,1100,21.66,STATIC,161.43,STATIC,85.95,STATIC,33.74,STATIC,96.70,STATIC,98.32,STATIC,84.64,STATIC,68.90,STATIC,False,0.025,45.9,0.000
45.89333333333334,1101,24.63,STATIC,162.11,STATIC,85.98,STATIC,32.44,STATIC,96.67,STATIC,98.14,STATIC,84.99,STATIC,68.33,STATIC,False,0.025,45.9,0.000
45.93666666666667,1102,28.13,STATIC,161.25,STATIC,86.26,STATIC,34.53,STATIC,96.95,STATIC,98.16,STATIC,85.87,STATIC,70.20,STATIC,False,0.022,45.9,0.000
45.97833333333334,1103,22.81,FLEXION,161.86,STATIC,85.72,STATIC,33.97,STATIC,97.01,STATIC,97.94,STATIC,86.69,STATIC,70.35,STATIC,False,0.024,46.0,0.000
46.02,1104,16.80,FLEXION,162.09,STATIC,85.89,STATIC,33.54,STATIC,96.63,STATIC,96.92,STATIC,86.61,STATIC,69.77,STATIC,False,0.031,46.0,0.000
46.06166666666667,1105,14.10,STATIC,161.26,STATIC,84.79,STATIC,31.50,STATIC,96.50,STATIC,96.94,STATIC,87.25,STATIC,70.55,STATIC,False,0.027,46.1,0.000
46.10333333333334,1106,14.33,STATIC,159.51,STATIC,84.21,STATIC,30.85,STATIC,96.36,STATIC,96.65,STATIC,87.62,STATIC,72.34,STATIC,False,0.021,46.1,0.000
46.145,1107,18.25,STATIC,157.61,STATIC,84.86,STATIC,31.68,STATIC,96.14,STATIC,96.27,STATIC,88.38,STATIC,72.46,STATIC,False,0.017,46.1,0.000
46.18666666666667,1108,15.41,STATIC,156.31,STATIC,84.70,STATIC,30.84,STATIC,96.02,STATIC,96.43,STATIC,88.90,STATIC,75.07,STATIC,False,0.017,46.2,0.000
46.22833333333334,1109,12.26,STATIC,155.71,STATIC,84.87,STATIC,31.92,STATIC,96.01,STATIC,96.34,STATIC,89.78,STATIC,75.44,STATIC,False,0.016,46.2,0.000
46.27,1110,11.58,STATIC,153.76,STATIC,84.87,STATIC,30.97,STATIC,96.04,STATIC,96.85,STATIC,90.45,STATIC,75.36,STATIC,False,0.012,46.3,0.000
46.31166666666667,1111,17.16,EXTENSION,150.38,STATIC,84.53,STATIC,32.09,STATIC,96.18,STATIC,97.33,STATIC,90.87,STATIC,75.65,STATIC,False,0.004,46.3,0.000
46.35333333333334,1112,24.42,EXTENSION,147.24,STATIC,84.27,STATIC,34.30,STATIC,96.37,STATIC,96.90,STATIC,90.67,STATIC,75.99,STATIC,False,0.000,46.4,0.000
46.395,1113,25.23,STATIC,145.97,STATIC,83.92,STATIC,34.99,STATIC,96.63,STATIC,96.64,STATIC,91.69,STATIC,77.19,STATIC,False,0.000,46.4,0.000
46.43666666666667,1114,27.77,STATIC,142.26,STATIC,83.77,STATIC,36.66,STATIC,96.62,STATIC,96.14,STATIC,92.51,STATIC,80.55,STATIC,False,0.000,46.4,0.000
46.47833333333334,1115,25.81,STATIC,140.16,STATIC,83.81,STATIC,35.22,STATIC,96.58,STATIC,96.24,STATIC,92.99,STATIC,82.30,STATIC,False,0.000,46.5,0.000
46.52,1116,16.20,FLEXION,136.80,STATIC,83.47,STATIC,34.58,STATIC,96.78,STATIC,96.18,STATIC,93.22,STATIC,82.86,STATIC,False,0.000,46.5,0.000
46.56166666666667,1117,31.07,EXTENSION,133.71,STATIC,83.90,STATIC,38.69,STATIC,95.72,STATIC,94.50,STATIC,91.02,STATIC,86.18,STATIC,False,0.000,46.6,0.000
46.60333333333334,1118,31.80,STATIC,125.88,FLEXION,83.92,STATIC,39.37,STATIC,96.01,STATIC,95.24,STATIC,91.31,STATIC,89.93,STATIC,False,0.000,46.6,0.000
46.645,1119,39.73,EXTENSION,115.41,FLEXION,84.92,STATIC,43.25,STATIC,95.41,STATIC,94.40,STATIC,89.98,STATIC,93.54,STATIC,False,0.000,46.6,0.000
46.68666666666667,1120,46.64,EXTENSION,106.79,FLEXION,85.46,STATIC,48.63,EXTENSION,94.26,STATIC,94.09,STATIC,89.31,STATIC,96.92,STATIC,False,0.000,46.7,0.000
46.72833333333334,1121,49.29,STATIC,95.64,FLEXION,85.66,STATIC,45.24,STATIC,93.99,STATIC,93.94,STATIC,89.10,STATIC,99.03,STATIC,False,0.000,46.7,0.000
46.77,1122,45.98,STATIC,90.33,FLEXION,85.21,STATIC,39.28,FLEXION,94.35,STATIC,94.20,STATIC,90.16,STATIC,99.35,STATIC,False,0.167,46.8,0.000
46.81166666666667,1123,41.09,STATIC,88.15,STATIC,85.15,STATIC,37.87,STATIC,95.27,STATIC,95.61,STATIC,92.25,STATIC,102.05,STATIC,False,0.000,46.8,0.000
46.85333333333334,1124,49.68,EXTENSION,98.16,EXTENSION,85.93,STATIC,37.44,STATIC,95.47,STATIC,95.44,STATIC,93.23,STATIC,101.58,STATIC,False,0.000,46.9,0.000
46.895,1125,47.04,STATIC,102.96,STATIC,86.46,STATIC,37.68,STATIC,95.27,STATIC,95.38,STATIC,93.16,STATIC,101.26,STATIC,False,0.000,46.9,0.000
46.93666666666667,1126,51.04,STATIC,111.99,EXTENSION,86.20,STATIC,37.21,STATIC,95.56,STATIC,95.28,STATIC,94.10,STATIC,101.09,STATIC,False,0.000,46.9,0.000
46.97833333333334,1127,54.25,STATIC,120.49,EXTENSION,86.67,STATIC,51.19,EXTENSION,95.50,STATIC,95.37,STATIC,94.08,STATIC,100.74,STATIC,False,0.000,47.0,0.000
47.02,1128,59.25,STATIC,122.28,STATIC,86.05,STATIC,58.12,EXTENSION,95.08,STATIC,95.23,STATIC,94.02,STATIC,100.38,STATIC,False,0.001,47.0,0.000
47.06166666666667,1129,54.78,STATIC,124.03,STATIC,86.32,STATIC,69.64,EXTENSION,95.01,STATIC,95.12,STATIC,94.07,STATIC,99.60,STATIC,False,0.002,47.1,0.000
47.10333333333334,1130,52.51,STATIC,125.44,STATIC,86.51,STATIC,75.05,EXTENSION,94.54,STATIC,94.87,STATIC,93.34,STATIC,97.74,STATIC,False,0.002,47.1,0.000
47.145,1131,37.78,FLEXION,129.91,STATIC,86.40,STATIC,79.23,STATIC,94.80,STATIC,94.63,STATIC,93.69,STATIC,95.67,STATIC,False,0.000,47.1,0.000
47.18666666666667,1132,30.36,FLEXION,134.06,STATIC,86.35,STATIC,81.80,STATIC,94.76,STATIC,94.36,STATIC,93.58,STATIC,93.14,STATIC,False,0.000,47.2,0.000
47.22833333333334,1133,21.89,FLEXION,139.75,EXTENSION,86.39,STATIC,84.43,STATIC,94.82,STATIC,94.78,STATIC,93.90,STATIC,92.19,STATIC,False,0.000,47.2,0.000
47.27,1134,12.50,FLEXION,145.90,EXTENSION,86.29,STATIC,85.97,STATIC,94.67,STATIC,94.47,STATIC,93.88,STATIC,90.80,STATIC,False,0.000,47.3,0.000
47.31166666666667,1135,11.80,STATIC,145.17,STATIC,86.40,STATIC,86.00,STATIC,94.41,STATIC,94.31,STATIC,93.72,STATIC,90.46,STATIC,False,0.000,47.3,0.000
47.35333333333334,1136,12.69,STATIC,143.28,STATIC,86.44,STATIC,85.16,STATIC,94.44,STATIC,94.10,STATIC,93.40,STATIC,88.91,STATIC,False,0.000,47.4,0.000
47.395,1137,13.28,STATIC,143.18,STATIC,86.45,STATIC,84.97,STATIC,94.18,STATIC,93.58,STATIC,91.63,STATIC,87.18,STATIC,False,0.000,47.4,0.000
47.43666666666667,1138,12.08,STATIC,142.44,STATIC,86.37,STATIC,83.76,STATIC,94.23,STATIC,93.71,STATIC,91.78,STATIC,87.24,STATIC,False,0.000,47.4,0.000
47.47833333333334,1139,10.54,STATIC,141.22,STATIC,86.30,STATIC,83.63,STATIC,94.29,STATIC,93.62,STATIC,91.71,STATIC,86.81,STATIC,False,0.001,47.5,0.000
47.52,1140,9.33,STATIC,140.28,STATIC,86.45,STATIC,82.98,STATIC,93.95,STATIC,93.24,STATIC,91.10,STATIC,86.37,STATIC,False,0.003,47.5,0.000
47.56166666666667,1141,9.16,STATIC,137.48,STATIC,86.57,STATIC,82.41,STATIC,93.96,STATIC,93.30,STATIC,91.30,STATIC,86.26,STATIC,False,0.001,47.6,0.000
47.60333333333334,1142,8.78,STATIC,134.49,STATIC,86.70,STATIC,81.69,STATIC,93.62,STATIC,92.99,STATIC,90.39,STATIC,86.09,STATIC,False,0.002,47.6,0.000
47.645,1143,8.78,STATIC,131.89,STATIC,86.64,STATIC,81.19,STATIC,93.43,STATIC,92.88,STATIC,90.39,STATIC,85.66,STATIC,False,0.004,47.6,0.000
47.68666666666667,1144,9.09,STATIC,129.78,STATIC,86.69,STATIC,80.90,STATIC,93.53,STATIC,93.02,STATIC,90.76,STATIC,85.83,STATIC,False,0.004,47.7,0.000
47.72833333333334,1145,10.09,STATIC,125.97,STATIC,86.68,STATIC,80.67,STATIC,93.58,STATIC,93.16,STATIC,91.03,STATIC,85.85,STATIC,False,0.004,47.7,0.000
47.77,1146,8.75,STATIC,127.46,STATIC,86.73,STATIC,80.83,STATIC,93.60,STATIC,93.14,STATIC,91.16,STATIC,85.87,STATIC,False,0.004,47.8,0.000
47.81166666666667,1147,9.04,STATIC,126.49,STATIC,86.74,STATIC,80.70,STATIC,93.59,STATIC,93.17,STATIC,90.97,STATIC,86.29,STATIC,False,0.005,47.8,0.000
47.85333333333334,1148,9.46,STATIC,123.28,STATIC,86.75,STATIC,79.26,STATIC,93.60,STATIC,93.26,STATIC,91.23,STATIC,87.47,STATIC,False,0.006,47.9,0.000
47.895,1149,9.42,STATIC,119.96,STATIC,86.76,STATIC,78.44,STATIC,93.53,STATIC,93.23,STATIC,91.19,STATIC,88.70,STATIC,False,0.007,47.9,0.000
47.93666666666667,1150,9.45,STATIC,119.87,STATIC,86.75,STATIC,78.36,STATIC,93.48,STATIC,93.25,STATIC,91.25,STATIC,90.31,STATIC,False,0.007,47.9,0.000
47.97833333333334,1151,10.59,STATIC,119.47,STATIC,86.73,STATIC,78.59,STATIC,93.47,STATIC,93.23,STATIC,91.38,STATIC,91.44,STATIC,False,0.007,48.0,0.000
48.02,1152,9.45,STATIC,118.46,STATIC,86.59,STATIC,78.57,STATIC,93.33,STATIC,93.03,STATIC,90.98,STATIC,92.04,STATIC,False,0.006,48.0,0.000
48.06166666666667,1153,9.60,STATIC,116.44,STATIC,86.48,STATIC,78.33,STATIC,93.23,STATIC,92.92,STATIC,90.91,STATIC,92.89,STATIC,False,0.006,48.1,0.000
48.10333333333334,1154,8.74,STATIC,116.33,STATIC,86.20,STATIC,78.54,STATIC,93.19,STATIC,92.83,STATIC,91.12,STATIC,92.56,STATIC,False,0.006,48.1,0.000
48.145,1155,7.00,STATIC,117.78,STATIC,86.04,STATIC,79.38,STATIC,93.30,STATIC,92.76,STATIC,91.33,STATIC,91.82,STATIC,False,0.005,48.1,0.000
48.18666666666667,1156,6.85,STATIC,118.38,STATIC,86.08,STATIC,79.04,STATIC,93.36,STATIC,92.72,STATIC,91.39,STATIC,91.01,STATIC,False,0.005,48.2,0.000
48.22833333333334,1157,6.80,STATIC,118.45,STATIC,85.94,STATIC,78.74,STATIC,93.39,STATIC,92.72,STATIC,91.56,STATIC,90.20,STATIC,False,0.005,48.2,0.000
48.27,1158,6.82,STATIC,118.65,STATIC,85.76,STATIC,78.79,STATIC,93.54,STATIC,92.89,STATIC,92.18,STATIC,90.05,STATIC,False,0.004,48.3,0.000
48.31166666666667,1159,7.01,STATIC,119.02,STATIC,85.56,STATIC,79.05,STATIC,93.68,STATIC,92.96,STATIC,92.66,STATIC,89.91,STATIC,False,0.004,48.3,0.000
48.35333333333334,1160,7.34,STATIC,117.06,STATIC,86.03,STATIC,77.09,STATIC,93.37,STATIC,92.68,STATIC,91.57,STATIC,88.75,STATIC,False,0.004,48.4,0.000
48.395,1161,7.64,STATIC,117.00,STATIC,86.05,STATIC,77.09,STATIC,93.41,STATIC,92.69,STATIC,91.85,STATIC,88.14,STATIC,False,0.005,48.4,0.000
48.43666666666667,1162,7.84,STATIC,116.79,STATIC,85.98,STATIC,77.65,STATIC,93.48,STATIC,92.70,STATIC,92.14,STATIC,87.78,STATIC,False,0.005,48.4,0.000
48.47833333333334,1163,8.12,STATIC,118.99,STATIC,85.84,STATIC,78.15,STATIC,93.48,STATIC,92.61,STATIC,92.29,STATIC,87.35,STATIC,False,0.005,48.5,0.000
48.52,1164,8.28,STATIC,120.46,STATIC,85.74,STATIC,78.09,STATIC,93.60,STATIC,92.64,STATIC,92.63,STATIC,86.83,STATIC,False,0.005,48.5,0.000
48.56166666666667,1165,9.33,STATIC,118.69,STATIC,85.69,STATIC,77.63,STATIC,93.61,STATIC,92.56,STATIC,92.55,STATIC,86.36,STATIC,False,0.004,48.6,0.000
48.60333333333334,1166,9.26,STATIC,120.59,STATIC,85.62,STATIC,78.00,STATIC,93.67,STATIC,92.60,STATIC,92.61,STATIC,86.05,STATIC,False,0.003,48.6,0.000
48.645,1167,9.06,STATIC,124.77,STATIC,85.40,STATIC,79.48,STATIC,93.87,STATIC,92.81,STATIC,93.34,STATIC,86.03,STATIC,False,0.003,48.6,0.000
48.68666666666667,1168,9.19,STATIC,126.59,STATIC,85.26,STATIC,80.39,STATIC,94.19,STATIC,93.01,STATIC,93.95,STATIC,86.14,STATIC,False,0.002,48.7,0.000
48.72833333333334,1169,9.33,STATIC,125.93,STATIC,85.13,STATIC,80.01,STATIC,94.25,STATIC,93.02,STATIC,94.08,STATIC,86.20,STATIC,False,0.001,48.7,0.000
48.77,1170,9.44,STATIC,125.68,STATIC,84.98,STATIC,79.97,STATIC,94.47,STATIC,93.11,STATIC,94.48,STATIC,86.63,STATIC,False,0.000,48.8,0.000
48.81166666666667,1171,9.50,STATIC,125.40,STATIC,85.07,STATIC,80.12,STATIC,94.42,STATIC,92.97,STATIC,94.08,STATIC,86.41,STATIC,False,0.000,48.8,0.000
48.85333333333334,1172,9.60,STATIC,125.48,STATIC,85.00,STATIC,80.12,STATIC,94.59,STATIC,93.08,STATIC,94.39,STATIC,86.61,STATIC,False,0.000,48.9,0.000
48.895,1173,9.62,STATIC,126.15,STATIC,85.04,STATIC,80.34,STATIC,94.70,STATIC,93.13,STATIC,94.52,STATIC,86.62,STATIC,False,0.000,48.9,0.000
48.93666666666667,1174,9.82,STATIC,127.03,STATIC,85.01,STATIC,80.50,STATIC,94.85,STATIC,93.29,STATIC,94.90,STATIC,86.83,STATIC,False,0.000,48.9,0.000
48.97833333333334,1175,9.73,STATIC,127.03,STATIC,84.99,STATIC,80.49,STATIC,94.80,STATIC,93.23,STATIC,94.68,STATIC,86.64,STATIC,False,0.000,49.0,0.000
49.02,1176,9.55,STATIC,125.55,STATIC,85.13,STATIC,79.55,STATIC,94.75,STATIC,93.29,STATIC,94.52,STATIC,86.60,STATIC,False,0.000,49.0,0.000
49.06166666666667,1177,9.50,STATIC,124.57,STATIC,85.13,STATIC,78.89,STATIC,94.83,STATIC,93.47,STATIC,94.81,STATIC,86.88,STATIC,False,0.001,49.1,0.000
49.10333333333334,1178,9.42,STATIC,124.17,STATIC,85.19,STATIC,78.34,STATIC,94.85,STATIC,93.51,STATIC,94.78,STATIC,86.70,STATIC,False,0.001,49.1,0.000
49.145,1179,9.48,STATIC,124.50,STATIC,85.25,STATIC,78.36,STATIC,94.86,STATIC,93.52,STATIC,94.69,STATIC,86.55,STATIC,False,0.002,49.1,0.000
49.18666666666667,1180,9.49,STATIC,126.14,STATIC,85.17,STATIC,78.67,STATIC,94.96,STATIC,93.58,STATIC,95.06,STATIC,86.26,STATIC,False,0.003,49.2,0.000
49.22833333333334,1181,9.86,STATIC,130.27,STATIC,85.14,STATIC,79.42,STATIC,94.97,STATIC,93.52,STATIC,94.99,STATIC,86.03,STATIC,False,0.003,49.2,0.000
49.27,1182,9.57,STATIC,131.90,STATIC,85.35,STATIC,79.98,STATIC,94.83,STATIC,93.42,STATIC,94.54,STATIC,85.63,STATIC,False,0.004,49.3,0.000
49.31166666666667,1183,9.27,STATIC,132.67,STATIC,85.54,STATIC,79.89,STATIC,94.64,STATIC,93.13,STATIC,93.46,STATIC,85.03,STATIC,False,0.005,49.3,0.000
49.35333333333334,1184,9.17,STATIC,133.70,STATIC,85.59,STATIC,80.12,STATIC,94.63,STATIC,93.17,STATIC,93.49,STATIC,84.89,STATIC,False,0.005,49.4,0.000
49.395,1185,9.12,STATIC,134.31,STATIC,85.48,STATIC,80.26,STATIC,94.62,STATIC,93.16,STATIC,93.60,STATIC,84.95,STATIC,False,0.005,49.4,0.000
49.43666666666667,1186,9.14,STATIC,135.00,STATIC,85.23,STATIC,80.89,STATIC,94.74,STATIC,93.29,STATIC,94.27,STATIC,85.24,STATIC,False,0.005,49.4,0.000
49.47833333333334,1187,9.05,STATIC,134.34,STATIC,85.17,STATIC,81.02,STATIC,94.67,STATIC,93.21,STATIC,94.11,STATIC,85.17,STATIC,False,0.005,49.5,0.000
49.52,1188,9.11,STATIC,134.06,STATIC,85.13,STATIC,81.02,STATIC,94.65,STATIC,93.21,STATIC,93.96,STATIC,85.14,STATIC,False,0.005,49.5,0.000
49.56166666666667,1189,8.78,STATIC,135.60,STATIC,85.26,STATIC,80.59,STATIC,93.69,STATIC,92.50,STATIC,92.35,STATIC,85.53,STATIC,False,0.006,49.6,0.000
49.60333333333334,1190,8.73,STATIC,142.05,EXTENSION,85.38,STATIC,80.06,STATIC,93.40,STATIC,92.35,STATIC,92.31,STATIC,87.36,STATIC,False,0.006,49.6,0.000
49.645,1191,8.72,STATIC,144.37,STATIC,85.41,STATIC,79.99,STATIC,93.28,STATIC,92.31,STATIC,92.68,STATIC,89.87,STATIC,False,0.006,49.6,0.000
49.68666666666667,1192,8.70,STATIC,145.51,STATIC,85.47,STATIC,80.06,STATIC,93.15,STATIC,92.24,STATIC,93.07,STATIC,92.62,STATIC,False,0.007,49.7,0.000
49.72833333333334,1193,8.69,STATIC,146.52,STATIC,85.56,STATIC,80.23,STATIC,93.00,STATIC,92.12,STATIC,93.72,STATIC,96.11,STATIC,False,0.007,49.7,0.000
49.77,1194,8.67,STATIC,146.76,STATIC,85.53,STATIC,80.27,STATIC,92.95,STATIC,92.17,STATIC,94.50,STATIC,99.50,STATIC,False,0.007,49.8,0.000
49.81166666666667,1195,8.67,STATIC,147.49,STATIC,85.57,STATIC,80.54,STATIC,93.00,STATIC,92.12,STATIC,94.60,STATIC,101.24,STATIC,False,0.008,49.8,0.000
49.85333333333334,1196,8.67,STATIC,147.50,STATIC,85.55,STATIC,80.64,STATIC,92.94,STATIC,92.05,STATIC,94.68,STATIC,102.46,STATIC,False,0.008,49.9,0.000
49.895,1197,8.73,STATIC,147.83,STATIC,85.51,STATIC,80.79,STATIC,92.87,STATIC,92.08,STATIC,95.02,STATIC,104.16,STATIC,False,0.008,49.9,0.000
49.93666666666667,1198,8.74,STATIC,148.19,STATIC,85.52,STATIC,80.98,STATIC,92.88,STATIC,92.10,STATIC,95.19,STATIC,105.07,STATIC,False,0.008,49.9,0.000
49.980000000000004,1199,8.64,STATIC,148.50,STATIC,85.51,STATIC,81.26,STATIC,92.90,STATIC,92.15,STATIC,95.31,STATIC,105.52,STATIC,False,0.008,50.0,0.000
50.02166666666667,1200,8.64,STATIC,148.96,STATIC,85.50,STATIC,81.89,STATIC,92.91,STATIC,92.13,STATIC,95.61,STATIC,106.28,STATIC,False,0.007,50.0,0.000
50.06333333333334,1201,8.67,STATIC,149.51,STATIC,85.34,STATIC,82.64,STATIC,92.85,STATIC,92.06,STATIC,95.80,STATIC,106.32,STATIC,False,0.007,50.1,0.000
50.105000000000004,1202,8.76,STATIC,150.27,STATIC,85.30,STATIC,82.86,STATIC,92.84,STATIC,92.05,STATIC,95.88,STATIC,106.39,STATIC,False,0.006,50.1,0.000
50.14666666666667,1203,8.80,STATIC,150.90,STATIC,85.21,STATIC,83.26,STATIC,92.82,STATIC,92.00,STATIC,95.87,STATIC,106.42,STATIC,False,0.006,50.1,0.000
50.18833333333334,1204,8.85,STATIC,151.32,STATIC,85.11,STATIC,83.48,STATIC,92.78,STATIC,91.99,STATIC,96.29,STATIC,107.13,STATIC,False,0.005,50.2,0.000
50.230000000000004,1205,8.89,STATIC,151.31,STATIC,85.02,STATIC,83.53,STATIC,92.81,STATIC,92.11,STATIC,96.58,STATIC,107.81,STATIC,False,0.005,50.2,0.000
50.27166666666667,1206,8.83,STATIC,149.03,STATIC,85.07,STATIC,83.94,STATIC,92.79,STATIC,92.03,STATIC,96.63,STATIC,108.35,STATIC,False,0.005,50.3,0.000
50.31333333333334,1207,8.89,STATIC,147.16,STATIC,85.11,STATIC,84.14,STATIC,92.71,STATIC,91.89,STATIC,96.15,STATIC,108.20,STATIC,False,0.004,50.3,0.000
50.355000000000004,1208,8.81,STATIC,143.95,STATIC,85.24,STATIC,83.78,STATIC,92.72,STATIC,91.90,STATIC,96.12,STATIC,109.04,STATIC,False,0.005,50.4,0.000
50.39666666666667,1209,8.65,STATIC,142.51,STATIC,85.26,STATIC,83.70,STATIC,92.76,STATIC,92.07,STATIC,95.89,STATIC,109.36,STATIC,False,0.005,50.4,0.000
50.43833333333334,1210,9.26,STATIC,140.89,STATIC,85.35,STATIC,82.60,STATIC,92.78,STATIC,92.01,STATIC,95.63,STATIC,109.20,STATIC,False,0.004,50.4,0.000
50.480000000000004,1211,9.41,STATIC,139.32,STATIC,85.45,STATIC,82.05,STATIC,92.91,STATIC,92.06,STATIC,95.13,STATIC,109.08,STATIC,False,0.004,50.5,0.000
50.52166666666667,1212,10.33,STATIC,135.27,STATIC,85.33,STATIC,80.21,STATIC,93.02,STATIC,92.01,STATIC,94.74,STATIC,109.25,STATIC,False,0.004,50.5,0.000
50.56333333333334,1213,12.16,STATIC,126.77,FLEXION,85.11,STATIC,77.48,STATIC,93.15,STATIC,91.86,STATIC,94.58,STATIC,108.76,STATIC,False,0.002,50.6,0.000
50.605000000000004,1214,9.23,STATIC,120.77,FLEXION,84.39,STATIC,70.89,FLEXION,94.23,STATIC,92.54,STATIC,95.82,STATIC,109.63,STATIC,False,0.167,50.6,0.000
50.64666666666667,1215,10.30,STATIC,123.64,STATIC,84.08,STATIC,67.39,STATIC,94.64,STATIC,92.73,STATIC,95.63,STATIC,107.42,STATIC,False,0.000,50.6,0.000
50.68833333333334,1216,26.10,EXTENSION,123.06,STATIC,85.33,STATIC,66.51,STATIC,94.29,STATIC,92.73,STATIC,95.17,STATIC,107.27,STATIC,False,0.000,50.7,0.000
50.730000000000004,1217,27.81,STATIC,121.11,STATIC,85.41,STATIC,68.89,STATIC,94.87,STATIC,92.78,STATIC,96.59,STATIC,105.82,STATIC,False,0.004,50.7,0.000
50.77166666666667,1218,33.08,EXTENSION,122.23,STATIC,85.71,STATIC,63.41,FLEXION,95.00,STATIC,93.43,STATIC,96.93,STATIC,106.60,STATIC,False,0.167,50.8,0.000
50.81333333333334,1219,24.85,FLEXION,128.39,EXTENSION,83.33,STATIC,60.71,STATIC,96.54,STATIC,95.94,STATIC,98.94,STATIC,106.90,STATIC,False,0.000,50.8,0.000
50.855000000000004,1220,34.20,EXTENSION,131.32,STATIC,82.61,STATIC,57.45,STATIC,96.66,STATIC,97.04,STATIC,99.48,STATIC,107.39,STATIC,False,0.001,50.9,0.000
50.89666666666667,1221,24.46,FLEXION,139.04,EXTENSION,82.62,STATIC,55.78,STATIC,97.04,STATIC,97.75,STATIC,100.18,STATIC,106.42,STATIC,False,0.004,50.9,0.000
50.93833333333334,1222,30.03,EXTENSION,145.24,EXTENSION,82.04,STATIC,58.54,STATIC,96.82,STATIC,97.19,STATIC,99.11,STATIC,104.67,STATIC,False,0.012,50.9,0.000
50.980000000000004,1223,34.89,STATIC,149.03,STATIC,81.54,STATIC,62.64,STATIC,97.12,STATIC,97.40,STATIC,99.08,STATIC,104.65,STATIC,False,0.022,51.0,0.000
51.02166666666667,1224,35.10,STATIC,153.69,STATIC,81.59,STATIC,64.21,STATIC,96.21,STATIC,96.03,STATIC,97.86,STATIC,103.77,STATIC,False,0.026,51.0,0.000
51.06333333333334,1225,47.66,EXTENSION,154.25,STATIC,81.93,STATIC,62.29,STATIC,96.46,STATIC,96.04,STATIC,98.05,STATIC,102.88,STATIC,False,0.029,51.1,0.000
51.105000000000004,1226,51.67,STATIC,154.70,STATIC,82.06,STATIC,61.33,STATIC,95.93,STATIC,95.13,STATIC,97.52,STATIC,100.72,STATIC,False,0.026,51.1,0.000
51.14666666666667,1227,47.96,STATIC,152.50,STATIC,82.25,STATIC,63.44,STATIC,92.09,STATIC,91.46,STATIC,94.82,STATIC,96.87,STATIC,False,0.025,51.1,0.000
51.18833333333334,1228,51.25,STATIC,151.92,STATIC,81.97,STATIC,61.29,STATIC,93.86,STATIC,94.12,STATIC,96.86,STATIC,100.07,STATIC,False,0.024,51.2,0.000
51.230000000000004,1229,43.30,FLEXION,153.14,STATIC,82.31,STATIC,60.45,STATIC,92.97,STATIC,92.13,STATIC,97.31,STATIC,99.54,STATIC,False,0.021,51.2,0.000
51.27166666666667,1230,53.96,EXTENSION,152.74,STATIC,84.67,STATIC,59.17,STATIC,92.72,STATIC,91.21,STATIC,98.52,STATIC,99.03,STATIC,False,0.019,51.3,0.000
51.31333333333334,1231,42.36,FLEXION,149.71,STATIC,81.70,STATIC,54.85,STATIC,93.96,STATIC,92.67,STATIC,99.59,STATIC,100.88,STATIC,False,0.026,51.3,0.000
51.355000000000004,1232,37.81,STATIC,149.16,STATIC,80.72,STATIC,54.41,STATIC,93.86,STATIC,92.46,STATIC,98.98,STATIC,99.07,STATIC,False,0.032,51.4,0.000
51.39666666666667,1233,32.13,FLEXION,148.04,STATIC,81.66,STATIC,52.49,STATIC,96.59,STATIC,94.71,STATIC,101.85,STATIC,99.70,STATIC,False,0.024,51.4,0.000
51.43833333333334,1234,33.22,STATIC,145.53,STATIC,83.10,STATIC,48.66,STATIC,97.51,STATIC,95.66,STATIC,103.19,STATIC,99.92,STATIC,False,0.016,51.4,0.000
51.480000000000004,1235,33.82,STATIC,145.28,STATIC,83.20,STATIC,46.76,STATIC,96.76,STATIC,95.27,STATIC,101.34,STATIC,98.11,STATIC,False,0.014,51.5,0.000
51.52166666666667,1236,36.88,STATIC,144.17,STATIC,83.15,STATIC,47.72,STATIC,96.90,STATIC,95.97,STATIC,101.43,STATIC,97.79,STATIC,False,0.012,51.5,0.000
51.56333333333334,1237,43.07,EXTENSION,144.06,STATIC,83.18,STATIC,44.31,STATIC,97.70,STATIC,96.83,STATIC,102.92,STATIC,97.40,STATIC,False,0.002,51.6,0.000
51.605000000000004,1238,37.16,FLEXION,145.17,STATIC,82.68,STATIC,45.89,STATIC,97.33,STATIC,96.65,STATIC,102.12,STATIC,96.01,STATIC,False,0.003,51.6,0.000
51.64666666666667,1239,39.84,STATIC,142.79,STATIC,83.17,STATIC,48.33,STATIC,97.09,STATIC,96.40,STATIC,101.98,STATIC,95.08,STATIC,False,0.001,51.6,0.000
51.68833333333334,1240,46.81,EXTENSION,143.56,STATIC,83.45,STATIC,47.67,STATIC,97.11,STATIC,96.85,STATIC,103.08,STATIC,95.70,STATIC,False,0.001,51.7,0.000
51.730000000000004,1241,57.56,EXTENSION,142.86,STATIC,83.59,STATIC,48.05,STATIC,97.38,STATIC,97.68,STATIC,103.82,STATIC,96.91,STATIC,False,0.000,51.7,0.000
51.77166666666667,1242,33.39,FLEXION,143.25,STATIC,82.78,STATIC,48.63,STATIC,97.28,STATIC,97.29,STATIC,102.99,STATIC,95.94,STATIC,False,0.000,51.8,0.000
51.81333333333334,1243,32.28,STATIC,144.33,STATIC,82.24,STATIC,46.89,STATIC,97.69,STATIC,97.85,STATIC,103.13,STATIC,95.97,STATIC,False,0.000,51.8,0.000
51.855000000000004,1244,38.90,EXTENSION,144.83,STATIC,81.80,STATIC,45.17,STATIC,97.69,STATIC,97.78,STATIC,102.60,STATIC,94.31,STATIC,False,0.000,51.9,0.000
51.89666666666667,1245,52.38,EXTENSION,143.20,STATIC,81.40,STATIC,46.70,STATIC,98.03,STATIC,97.74,STATIC,101.82,STATIC,92.49,STATIC,False,0.000,51.9,0.000
51.93833333333334,1246,70.05,EXTENSION,143.28,STATIC,81.58,STATIC,46.54,STATIC,98.30,STATIC,98.45,STATIC,101.48,STATIC,93.48,STATIC,False,0.000,51.9,0.000
51.980000000000004,1247,70.36,STATIC,144.73,STATIC,81.53,STATIC,47.19,STATIC,97.71,STATIC,97.13,STATIC,99.01,STATIC,89.68,STATIC,False,0.000,52.0,0.000
52.02166666666667,1248,72.11,STATIC,145.32,STATIC,81.37,STATIC,49.28,STATIC,98.07,STATIC,97.04,STATIC,97.92,STATIC,88.47,STATIC,False,0.003,52.0,0.000
52.06333333333334,1249,70.42,STATIC,149.37,STATIC,81.29,STATIC,47.86,STATIC,98.43,STATIC,97.91,STATIC,97.67,STATIC,87.92,STATIC,False,0.006,52.1,0.000
52.105000000000004,1250,68.38,STATIC,152.51,STATIC,81.07,STATIC,47.59,STATIC,98.74,STATIC,98.41,STATIC,97.74,STATIC,89.83,STATIC,False,0.006,52.1,0.000
52.14666666666667,1251,68.01,STATIC,155.04,STATIC,81.02,STATIC,46.03,STATIC,98.79,STATIC,98.37,STATIC,97.62,STATIC,90.14,STATIC,False,0.002,52.1,0.000
52.18833333333334,1252,63.99,STATIC,157.51,STATIC,80.87,STATIC,47.27,STATIC,98.99,STATIC,98.37,STATIC,98.13,STATIC,91.50,STATIC,False,0.001,52.2,0.000
52.230000000000004,1253,60.96,STATIC,157.89,STATIC,80.64,STATIC,46.56,STATIC,99.00,STATIC,97.87,STATIC,97.76,STATIC,91.14,STATIC,False,0.000,52.2,0.000
52.27166666666667,1254,58.04,STATIC,156.53,STATIC,80.17,STATIC,41.86,STATIC,98.50,STATIC,97.55,STATIC,96.57,STATIC,91.25,STATIC,False,0.000,52.3,0.000
52.31333333333334,1255,57.59,STATIC,153.39,STATIC,79.82,STATIC,39.86,STATIC,98.64,STATIC,97.63,STATIC,97.04,STATIC,92.80,STATIC,False,0.007,52.3,0.000
52.355000000000004,1256,56.09,STATIC,154.20,STATIC,79.37,STATIC,39.32,STATIC,98.54,STATIC,97.72,STATIC,97.27,STATIC,93.74,STATIC,False,0.008,52.4,0.000
52.39666666666667,1257,54.89,STATIC,153.46,STATIC,78.92,STATIC,34.10,FLEXION,98.17,STATIC,97.55,STATIC,96.86,STATIC,94.82,STATIC,False,0.183,52.4,0.000
52.43833333333334,1258,52.77,STATIC,154.37,STATIC,78.54,STATIC,35.31,STATIC,98.17,STATIC,97.39,STATIC,96.82,STATIC,95.41,STATIC,False,0.019,52.4,0.000
52.480000000000004,1259,51.07,STATIC,157.15,STATIC,78.17,STATIC,37.80,STATIC,98.18,STATIC,97.21,STATIC,96.78,STATIC,95.90,STATIC,False,0.016,52.5,0.000
52.52166666666667,1260,48.80,STATIC,157.12,STATIC,77.89,STATIC,38.64,STATIC,98.18,STATIC,97.15,STATIC,96.71,STATIC,96.77,STATIC,False,0.015,52.5,0.000
52.56333333333334,1261,45.55,STATIC,158.10,STATIC,77.73,STATIC,38.43,STATIC,98.17,STATIC,96.98,STATIC,96.46,STATIC,96.67,STATIC,False,0.014,52.6,0.000
52.605000000000004,1262,43.29,STATIC,157.03,STATIC,77.50,STATIC,39.71,STATIC,98.17,STATIC,96.81,STATIC,96.40,STATIC,96.24,STATIC,False,0.014,52.6,0.000
52.64666666666667,1263,40.85,STATIC,159.69,STATIC,77.40,STATIC,41.12,STATIC,98.23,STATIC,96.70,STATIC,96.44,STATIC,95.85,STATIC,False,0.009,52.6,0.000
52.68833333333334,1264,40.35,STATIC,158.70,STATIC,77.02,STATIC,39.55,STATIC,98.21,STATIC,96.67,STATIC,96.27,STATIC,95.76,STATIC,False,0.006,52.7,0.000
52.730000000000004,1265,39.71,STATIC,155.61,STATIC,76.80,STATIC,37.07,STATIC,97.91,STATIC,96.97,STATIC,95.20,STATIC,95.60,STATIC,False,0.012,52.7,0.000
52.77166666666667,1266,39.46,STATIC,155.10,STATIC,76.53,STATIC,36.11,STATIC,98.00,STATIC,96.98,STATIC,94.85,STATIC,94.79,STATIC,False,0.011,52.8,0.000
52.81333333333334,1267,38.70,STATIC,152.16,STATIC,76.30,STATIC,36.24,STATIC,97.30,STATIC,96.29,STATIC,92.37,STATIC,92.42,STATIC,False,0.020,52.8,0.000
52.855000000000004,1268,38.61,STATIC,149.66,STATIC,75.89,STATIC,36.61,STATIC,97.21,STATIC,96.31,STATIC,92.04,STATIC,91.78,STATIC,False,0.020,52.9,0.000
52.89666666666667,1269,38.33,STATIC,143.23,FLEXION,75.02,STATIC,38.60,STATIC,97.03,STATIC,96.16,STATIC,91.57,STATIC,90.71,STATIC,False,0.017,52.9,0.000
52.93833333333334,1270,38.34,STATIC,140.36,STATIC,74.67,STATIC,38.90,STATIC,97.05,STATIC,95.93,STATIC,91.53,STATIC,90.09,STATIC,False,0.017,52.9,0.000
52.980000000000004,1271,38.73,STATIC,139.72,STATIC,74.29,STATIC,40.17,STATIC,96.78,STATIC,95.75,STATIC,91.35,STATIC,90.59,STATIC,False,0.013,53.0,0.000
53.02166666666667,1272,38.90,STATIC,140.00,STATIC,73.95,STATIC,39.25,STATIC,96.73,STATIC,95.67,STATIC,91.27,STATIC,91.11,STATIC,False,0.015,53.0,0.000
53.06333333333334,1273,38.53,STATIC,140.11,STATIC,73.29,STATIC,37.96,STATIC,96.70,STATIC,95.62,STATIC,91.37,STATIC,91.15,STATIC,False,0.017,53.1,0.000
53.105000000000004,1274,38.63,STATIC,142.99,STATIC,72.37,STATIC,37.19,STATIC,96.49,STATIC,95.60,STATIC,91.34,STATIC,90.86,STATIC,False,0.017,53.1,0.000
53.14666666666667,1275,40.12,STATIC,144.95,STATIC,72.29,STATIC,39.72,STATIC,95.83,STATIC,95.66,STATIC,90.71,STATIC,91.61,STATIC,False,0.017,53.1,0.000
53.18833333333334,1276,41.99,STATIC,150.54,EXTENSION,71.84,STATIC,41.30,STATIC,96.60,STATIC,95.90,STATIC,91.69,STATIC,93.61,STATIC,False,0.016,53.2,0.000
53.230000000000004,1277,43.09,STATIC,150.85,STATIC,70.88,STATIC,40.68,STATIC,96.98,STATIC,95.96,STATIC,93.49,STATIC,96.89,STATIC,False,0.015,53.2,0.000
53.27166666666667,1278,45.54,STATIC,147.10,STATIC,69.54,STATIC,38.21,STATIC,96.44,STATIC,95.38,STATIC,94.15,STATIC,97.16,STATIC,False,0.029,53.3,0.000
53.31333333333334,1279,48.80,STATIC,145.76,STATIC,68.76,STATIC,36.60,STATIC,96.33,STATIC,95.08,STATIC,95.55,STATIC,98.41,STATIC,False,0.032,53.3,0.000
53.355000000000004,1280,53.63,STATIC,144.51,STATIC,68.74,STATIC,37.63,STATIC,96.30,STATIC,94.90,STATIC,96.71,STATIC,99.51,STATIC,False,0.035,53.4,0.000
53.39666666666667,1281,56.85,STATIC,144.72,STATIC,68.53,STATIC,35.87,STATIC,96.87,STATIC,95.28,STATIC,99.33,STATIC,101.62,STATIC,False,0.036,53.4,0.000
53.43833333333334,1282,58.04,STATIC,138.46,FLEXION,65.96,STATIC,26.96,FLEXION,97.00,STATIC,95.65,STATIC,102.31,STATIC,104.43,STATIC,False,0.197,53.4,0.000
53.480000000000004,1283,61.37,STATIC,138.67,STATIC,64.96,STATIC,28.13,STATIC,96.35,STATIC,95.85,STATIC,106.28,STATIC,106.24,STATIC,False,0.025,53.5,0.000
53.52166666666667,1284,64.67,STATIC,138.53,STATIC,64.07,STATIC,28.65,STATIC,96.05,STATIC,95.96,STATIC,108.51,STATIC,108.34,STATIC,False,0.026,53.5,0.000
53.56333333333334,1285,68.00,STATIC,137.76,STATIC,62.26,STATIC,27.55,STATIC,96.74,STATIC,96.31,STATIC,112.50,STATIC,110.84,STATIC,False,0.024,53.6,0.000
53.605000000000004,1286,70.53,STATIC,143.47,EXTENSION,61.16,STATIC,29.53,STATIC,98.28,STATIC,96.38,STATIC,116.39,STATIC,111.77,STATIC,False,0.023,53.6,0.000
53.64666666666667,1287,74.63,STATIC,140.36,STATIC,60.12,STATIC,27.19,STATIC,98.40,STATIC,97.06,STATIC,119.96,STATIC,114.36,STATIC,False,0.021,53.6,0.000
53.68833333333334,1288,78.55,STATIC,143.11,STATIC,58.82,STATIC,29.20,STATIC,99.05,STATIC,97.75,STATIC,123.91,STATIC,116.31,STATIC,False,0.021,53.7,0.000
53.730000000000004,1289,82.40,STATIC,143.29,STATIC,57.63,STATIC,27.14,STATIC,99.04,STATIC,97.38,STATIC,126.84,STATIC,119.03,STATIC,False,0.016,53.7,0.000
53.77166666666667,1290,84.16,STATIC,143.97,STATIC,58.09,STATIC,27.33,STATIC,100.10,STATIC,98.23,STATIC,130.65,STATIC,123.93,STATIC,False,0.015,53.8,0.000
53.81333333333334,1291,83.99,STATIC,142.34,STATIC,57.18,STATIC,25.95,STATIC,99.88,STATIC,98.77,STATIC,132.03,STATIC,126.78,STATIC,False,0.017,53.8,0.000
53.855000000000004,1292,83.10,STATIC,144.85,STATIC,55.52,STATIC,26.03,STATIC,100.02,STATIC,99.15,STATIC,136.79,STATIC,132.72,EXTENSION,False,0.014,53.9,0.000
53.89666666666667,1293,83.04,STATIC,144.76,STATIC,55.91,STATIC,26.41,STATIC,100.44,STATIC,99.47,STATIC,139.31,STATIC,134.51,STATIC,False,0.014,53.9,0.000
53.93833333333334,1294,82.67,STATIC,153.97,EXTENSION,56.58,STATIC,30.98,STATIC,101.26,STATIC,100.46,STATIC,140.03,STATIC,138.19,STATIC,False,0.012,53.9,0.000
53.98166666666667,1295,83.41,STATIC,155.54,STATIC,56.27,STATIC,34.30,STATIC,100.97,STATIC,100.34,STATIC,138.79,STATIC,140.19,STATIC,False,0.011,54.0,0.000
54.02333333333333,1296,83.66,STATIC,152.87,STATIC,56.44,STATIC,33.72,STATIC,100.25,STATIC,99.72,STATIC,138.27,STATIC,140.49,STATIC,False,0.011,54.0,0.000
54.065000000000005,1297,85.66,STATIC,151.54,STATIC,56.70,STATIC,33.21,STATIC,100.33,STATIC,99.47,STATIC,138.46,STATIC,140.27,STATIC,False,0.012,54.1,0.000
54.10666666666667,1298,87.15,STATIC,156.82,EXTENSION,56.93,STATIC,35.50,STATIC,100.13,STATIC,99.18,STATIC,139.67,STATIC,141.86,STATIC,False,0.009,54.1,0.000
54.14833333333333,1299,88.51,STATIC,154.99,STATIC,56.97,STATIC,32.61,STATIC,100.14,STATIC,99.26,STATIC,138.44,STATIC,141.28,STATIC,False,0.007,54.1,0.000
54.190000000000005,1300,91.34,STATIC,153.51,STATIC,57.39,STATIC,32.35,STATIC,99.65,STATIC,98.94,STATIC,137.19,STATIC,140.86,STATIC,False,0.010,54.2,0.000
54.23166666666667,1301,91.59,STATIC,153.90,STATIC,56.89,STATIC,32.46,STATIC,99.68,STATIC,98.95,STATIC,136.62,STATIC,140.43,STATIC,False,0.009,54.2,0.000
54.27333333333333,1302,90.94,STATIC,154.72,STATIC,56.73,STATIC,33.50,STATIC,100.11,STATIC,98.99,STATIC,131.85,STATIC,137.55,STATIC,False,0.010,54.3,0.000
54.315000000000005,1303,91.28,STATIC,154.77,STATIC,56.80,STATIC,33.82,STATIC,99.36,STATIC,98.42,STATIC,128.03,STATIC,134.19,STATIC,False,0.012,54.3,0.000
54.35666666666667,1304,93.68,STATIC,156.19,STATIC,57.93,STATIC,38.32,STATIC,98.92,STATIC,97.48,STATIC,126.11,STATIC,130.57,STATIC,False,0.021,54.4,0.000
54.39833333333333,1305,99.15,EXTENSION,143.93,FLEXION,58.59,STATIC,31.62,FLEXION,96.80,STATIC,96.74,STATIC,120.85,FLEXION,126.51,STATIC,False,0.187,54.4,0.000
54.440000000000005,1306,103.57,STATIC,141.64,STATIC,58.47,STATIC,32.27,STATIC,97.18,STATIC,96.72,STATIC,117.61,STATIC,123.22,STATIC,False,0.024,54.4,0.000
54.48166666666667,1307,109.76,EXTENSION,138.64,STATIC,58.62,STATIC,30.85,STATIC,98.10,STATIC,97.10,STATIC,120.81,STATIC,123.80,STATIC,False,0.019,54.5,0.000
54.52333333333333,1308,111.95,STATIC,137.68,STATIC,58.21,STATIC,31.69,STATIC,98.35,STATIC,97.04,STATIC,119.72,STATIC,122.48,STATIC,False,0.020,54.5,0.000
54.565000000000005,1309,112.67,STATIC,136.56,STATIC,57.87,STATIC,32.60,STATIC,99.68,STATIC,97.72,STATIC,119.24,STATIC,120.67,STATIC,False,0.024,54.6,0.000
54.60666666666667,1310,110.68,STATIC,137.18,STATIC,58.18,STATIC,33.30,STATIC,99.14,STATIC,97.50,STATIC,118.45,STATIC,120.16,STATIC,False,0.025,54.6,0.000
54.64833333333333,1311,101.63,FLEXION,134.73,STATIC,59.44,STATIC,28.23,FLEXION,98.59,STATIC,98.34,STATIC,117.59,STATIC,119.94,STATIC,False,0.188,54.6,0.000
54.690000000000005,1312,104.96,STATIC,135.54,STATIC,64.29,STATIC,25.26,STATIC,97.64,STATIC,98.08,STATIC,116.34,STATIC,117.66,STATIC,False,0.020,54.7,0.000
54.73166666666667,1313,105.61,STATIC,138.83,STATIC,65.09,STATIC,24.31,STATIC,97.34,STATIC,97.18,STATIC,117.34,STATIC,118.50,STATIC,False,0.029,54.7,0.000
54.77333333333333,1314,103.12,STATIC,140.74,STATIC,64.74,STATIC,22.51,STATIC,97.75,STATIC,97.61,STATIC,119.62,STATIC,120.06,STATIC,False,0.028,54.8,0.000
54.815000000000005,1315,106.14,STATIC,140.90,STATIC,67.44,STATIC,20.67,STATIC,98.20,STATIC,97.57,STATIC,121.43,STATIC,118.98,STATIC,False,0.025,54.8,0.000
54.85666666666667,1316,99.60,FLEXION,141.12,STATIC,68.25,STATIC,23.30,STATIC,98.37,STATIC,97.33,STATIC,121.24,STATIC,118.73,STATIC,False,0.020,54.9,0.000
54.89833333333333,1317,93.13,FLEXION,134.03,FLEXION,66.19,STATIC,24.75,STATIC,97.90,STATIC,96.68,STATIC,121.80,STATIC,117.84,STATIC,False,0.021,54.9,0.000
54.940000000000005,1318,99.77,EXTENSION,137.77,STATIC,70.62,STATIC,26.70,STATIC,98.46,STATIC,97.01,STATIC,120.44,STATIC,118.89,STATIC,False,0.020,54.9,0.000
54.98166666666667,1319,96.10,STATIC,139.25,STATIC,65.60,FLEXION,29.08,STATIC,98.93,STATIC,97.57,STATIC,121.40,STATIC,119.86,STATIC,False,0.191,55.0,0.000
55.02333333333333,1320,93.63,STATIC,136.79,STATIC,64.88,STATIC,31.25,STATIC,98.53,STATIC,97.10,STATIC,121.44,STATIC,120.64,STATIC,False,0.026,55.0,0.000
55.065000000000005,1321,87.40,FLEXION,132.86,STATIC,62.98,STATIC,33.19,STATIC,98.50,STATIC,96.93,STATIC,120.73,STATIC,117.27,STATIC,False,0.028,55.1,0.000
55.10666666666667,1322,80.95,FLEXION,132.40,STATIC,61.64,STATIC,36.57,STATIC,98.75,STATIC,96.85,STATIC,121.59,STATIC,116.96,STATIC,False,0.030,55.1,0.000
55.14833333333333,1323,77.83,STATIC,131.47,STATIC,61.78,STATIC,43.77,EXTENSION,98.69,STATIC,97.00,STATIC,120.33,STATIC,116.85,STATIC,False,0.029,55.1,0.000
55.190000000000005,1324,77.15,STATIC,127.43,STATIC,63.09,STATIC,45.09,STATIC,99.15,STATIC,97.68,STATIC,118.04,STATIC,116.99,STATIC,False,0.032,55.2,0.000
55.23166666666667,1325,72.54,STATIC,121.96,FLEXION,63.38,STATIC,44.64,STATIC,99.08,STATIC,97.37,STATIC,116.31,STATIC,116.83,STATIC,False,0.034,55.2,0.000
55.27333333333333,1326,75.69,STATIC,118.93,STATIC,63.97,STATIC,46.90,STATIC,98.29,STATIC,96.84,STATIC,112.20,STATIC,114.96,STATIC,False,0.033,55.3,0.000
55.315000000000005,1327,78.88,STATIC,115.11,STATIC,65.25,STATIC,45.11,STATIC,97.73,STATIC,96.78,STATIC,112.43,STATIC,116.78,STATIC,False,0.031,55.3,0.000
55.35666666666667,1328,77.27,STATIC,112.43,STATIC,64.57,STATIC,44.61,STATIC,97.38,STATIC,96.98,STATIC,112.59,STATIC,118.48,STATIC,False,0.025,55.4,0.000
55.39833333333333,1329,75.97,STATIC,110.55,STATIC,64.00,STATIC,42.42,STATIC,97.41,STATIC,96.91,STATIC,112.91,STATIC,118.97,STATIC,False,0.023,55.4,0.000
55.440000000000005,1330,73.14,STATIC,110.38,STATIC,62.99,STATIC,42.20,STATIC,97.83,STATIC,96.88,STATIC,113.76,STATIC,120.24,STATIC,False,0.020,55.4,0.000
55.48166666666667,1331,71.40,STATIC,110.33,STATIC,61.98,STATIC,41.72,STATIC,97.30,STATIC,96.58,STATIC,112.03,STATIC,120.01,STATIC,False,0.018,55.5,0.000
55.52333333333333,1332,65.04,FLEXION,109.59,STATIC,60.83,STATIC,41.99,STATIC,97.04,STATIC,96.31,STATIC,110.64,STATIC,119.79,STATIC,False,0.013,55.5,0.000
55.565000000000005,1333,66.06,STATIC,108.80,STATIC,61.72,STATIC,40.66,STATIC,97.49,STATIC,96.62,STATIC,109.48,STATIC,119.70,STATIC,False,0.010,55.6,0.000
55.60666666666667,1334,64.73,STATIC,108.83,STATIC,61.85,STATIC,42.42,STATIC,97.53,STATIC,96.48,STATIC,108.98,STATIC,119.53,STATIC,False,0.008,55.6,0.000
55.64833333333333,1335,62.68,STATIC,107.00,STATIC,61.73,STATIC,41.34,STATIC,97.50,STATIC,96.45,STATIC,108.20,STATIC,119.26,STATIC,False,0.010,55.6,0.000
55.690000000000005,1336,62.05,STATIC,105.92,STATIC,61.75,STATIC,41.86,STATIC,97.37,STATIC,96.20,STATIC,107.25,STATIC,118.45,STATIC,False,0.010,55.7,0.000
55.73166666666667,1337,57.54,STATIC,103.05,STATIC,61.62,STATIC,40.58,STATIC,97.81,STATIC,96.37,STATIC,107.02,STATIC,118.17,STATIC,False,0.007,55.7,0.000
55.77333333333333,1338,58.96,STATIC,101.30,STATIC,63.31,STATIC,41.61,STATIC,97.53,STATIC,95.97,STATIC,107.02,STATIC,120.50,STATIC,False,0.006,55.8,0.000
55.815000000000005,1339,58.64,STATIC,98.61,STATIC,64.46,STATIC,41.12,STATIC,97.06,STATIC,95.69,STATIC,106.53,STATIC,122.01,STATIC,False,0.008,55.8,0.000
55.85666666666667,1340,59.25,STATIC,97.83,STATIC,65.45,STATIC,40.62,STATIC,97.17,STATIC,95.86,STATIC,105.59,STATIC,125.39,STATIC,False,0.009,55.9,0.000
55.89833333333333,1341,59.84,STATIC,97.36,STATIC,66.24,STATIC,40.92,STATIC,96.25,STATIC,95.83,STATIC,104.83,STATIC,127.74,STATIC,False,0.007,55.9,0.000
55.940000000000005,1342,58.18,STATIC,97.15,STATIC,67.18,STATIC,41.10,STATIC,96.06,STATIC,96.07,STATIC,104.94,STATIC,130.17,STATIC,False,0.007,55.9,0.000
55.98166666666667,1343,56.36,STATIC,96.71,STATIC,68.07,STATIC,41.40,STATIC,95.63,STATIC,96.16,STATIC,104.96,STATIC,133.36,STATIC,False,0.007,56.0,0.000
56.02333333333333,1344,58.58,STATIC,96.04,STATIC,68.77,STATIC,40.13,STATIC,96.02,STATIC,96.55,STATIC,105.31,STATIC,134.81,STATIC,False,0.013,56.0,0.000
56.065000000000005,1345,58.23,STATIC,96.76,STATIC,69.33,STATIC,42.34,STATIC,95.45,STATIC,96.49,STATIC,104.94,STATIC,136.96,STATIC,False,0.014,56.1,0.000
56.10666666666667,1346,58.79,STATIC,97.80,STATIC,69.59,STATIC,44.11,STATIC,94.80,STATIC,96.02,STATIC,103.46,STATIC,137.55,STATIC,False,0.016,56.1,0.000
56.14833333333333,1347,50.48,FLEXION,96.35,STATIC,68.65,STATIC,42.91,STATIC,95.00,STATIC,95.90,STATIC,102.69,STATIC,137.67,STATIC,False,0.013,56.1,0.000
56.190000000000005,1348,51.74,STATIC,96.20,STATIC,69.33,STATIC,44.08,STATIC,94.59,STATIC,95.36,STATIC,101.64,STATIC,136.35,STATIC,False,0.012,56.2,0.000
56.23166666666667,1349,52.27,STATIC,95.27,STATIC,69.59,STATIC,43.26,STATIC,94.88,STATIC,95.25,STATIC,101.71,STATIC,136.05,STATIC,False,0.011,56.2,0.000
56.27333333333333,1350,54.93,STATIC,95.21,STATIC,69.75,STATIC,43.47,STATIC,94.97,STATIC,95.21,STATIC,102.14,STATIC,137.21,STATIC,False,0.014,56.3,0.000
56.315000000000005,1351,57.25,STATIC,94.78,STATIC,69.88,STATIC,43.85,STATIC,95.43,STATIC,95.50,STATIC,101.65,STATIC,138.38,STATIC,False,0.020,56.3,0.000
56.35666666666667,1352,58.30,STATIC,94.15,STATIC,69.64,STATIC,43.86,STATIC,95.45,STATIC,95.46,STATIC,101.79,STATIC,139.25,STATIC,False,0.023,56.4,0.000
56.39833333333333,1353,58.67,STATIC,94.75,STATIC,69.44,STATIC,43.67,STATIC,96.59,STATIC,96.16,STATIC,102.94,STATIC,140.23,STATIC,False,0.024,56.4,0.000
56.440000000000005,1354,58.72,STATIC,93.81,STATIC,69.61,STATIC,43.62,STATIC,97.06,STATIC,96.81,STATIC,102.18,STATIC,137.58,STATIC,False,0.026,56.4,0.000
56.48166666666667,1355,60.90,STATIC,90.61,STATIC,70.93,STATIC,45.20,STATIC,96.28,STATIC,95.90,STATIC,101.58,STATIC,136.23,STATIC,False,0.028,56.5,0.000
56.52333333333333,1356,59.04,STATIC,88.45,STATIC,71.61,STATIC,44.47,STATIC,95.97,STATIC,95.84,STATIC,101.15,STATIC,135.94,STATIC,False,0.030,56.5,0.000
56.565000000000005,1357,59.88,STATIC,87.55,STATIC,72.11,STATIC,43.94,STATIC,95.61,STATIC,95.62,STATIC,100.87,STATIC,136.54,STATIC,False,0.030,56.6,0.000
56.60666666666667,1358,57.60,STATIC,86.54,STATIC,73.06,STATIC,44.02,STATIC,95.95,STATIC,96.00,STATIC,101.05,STATIC,137.68,STATIC,False,0.032,56.6,0.000
56.64833333333333,1359,59.08,STATIC,84.95,STATIC,73.59,STATIC,41.60,STATIC,96.64,STATIC,96.94,STATIC,101.39,STATIC,139.65,STATIC,False,0.035,56.6,0.000
56.690000000000005,1360,59.38,STATIC,83.78,STATIC,74.43,STATIC,40.90,STATIC,96.99,STATIC,97.60,STATIC,101.80,STATIC,142.23,STATIC,False,0.030,56.7,0.000
56.73166666666667,1361,60.16,STATIC,83.81,STATIC,74.66,STATIC,40.86,STATIC,96.85,STATIC,97.69,STATIC,101.65,STATIC,143.22,STATIC,False,0.031,56.7,0.000
56.77333333333333,1362,61.28,STATIC,84.38,STATIC,73.62,STATIC,38.81,STATIC,97.65,STATIC,99.41,STATIC,103.47,STATIC,144.33,STATIC,False,0.045,56.8,0.000
56.815000000000005,1363,61.01,STATIC,84.98,STATIC,74.24,STATIC,37.79,STATIC,97.50,STATIC,99.69,STATIC,104.46,STATIC,142.12,STATIC,False,0.049,56.8,0.000
56.85666666666667,1364,58.80,STATIC,85.30,STATIC,75.06,STATIC,38.03,STATIC,97.29,STATIC,99.48,STATIC,104.84,STATIC,142.35,STATIC,False,0.048,56.9,0.000
56.89833333333334,1365,56.47,STATIC,84.94,STATIC,75.11,STATIC,38.71,STATIC,97.47,STATIC,99.19,STATIC,105.67,STATIC,144.18,STATIC,False,0.049,56.9,0.000
56.940000000000005,1366,56.11,STATIC,86.80,STATIC,76.49,STATIC,42.58,STATIC,96.42,STATIC,98.51,STATIC,103.63,STATIC,143.95,STATIC,False,0.051,56.9,0.000
56.98166666666667,1367,51.84,STATIC,81.90,STATIC,76.88,STATIC,39.46,STATIC,96.72,STATIC,98.55,STATIC,104.13,STATIC,147.78,STATIC,False,0.049,57.0,0.000
57.02333333333334,1368,47.46,STATIC,81.00,STATIC,76.78,STATIC,37.84,STATIC,97.21,STATIC,98.79,STATIC,105.00,STATIC,149.17,STATIC,False,0.048,57.0,0.000
57.065000000000005,1369,39.72,FLEXION,76.50,STATIC,77.27,STATIC,35.88,STATIC,96.91,STATIC,98.25,STATIC,105.08,STATIC,151.04,STATIC,False,0.037,57.1,0.000
57.10666666666667,1370,40.05,STATIC,76.86,STATIC,77.22,STATIC,35.62,STATIC,96.86,STATIC,98.08,STATIC,104.48,STATIC,151.24,STATIC,False,0.035,57.1,0.000
57.14833333333334,1371,38.69,STATIC,77.00,STATIC,77.01,STATIC,36.14,STATIC,96.93,STATIC,98.09,STATIC,104.87,STATIC,151.66,STATIC,False,0.036,57.2,0.000
57.190000000000005,1372,38.50,STATIC,77.16,STATIC,76.95,STATIC,37.37,STATIC,96.74,STATIC,97.71,STATIC,103.27,STATIC,150.68,STATIC,False,0.037,57.2,0.000
57.23166666666667,1373,34.73,STATIC,76.29,STATIC,78.39,STATIC,37.52,STATIC,96.98,STATIC,97.75,STATIC,102.90,STATIC,151.31,STATIC,False,0.039,57.2,0.000
57.27333333333334,1374,32.36,STATIC,75.49,STATIC,78.31,STATIC,37.85,STATIC,97.22,STATIC,97.77,STATIC,102.07,STATIC,150.10,STATIC,False,0.040,57.3,0.000
57.315000000000005,1375,33.68,STATIC,76.49,STATIC,80.47,STATIC,35.46,STATIC,96.53,STATIC,97.46,STATIC,100.81,STATIC,150.20,STATIC,False,0.047,57.3,0.000
57.35666666666667,1376,35.06,STATIC,73.71,STATIC,81.00,STATIC,35.12,STATIC,95.04,STATIC,96.79,STATIC,98.52,STATIC,147.83,STATIC,False,0.045,57.4,0.000
57.39833333333334,1377,37.43,STATIC,75.98,STATIC,81.62,STATIC,35.83,STATIC,94.91,STATIC,96.39,STATIC,97.85,STATIC,143.28,STATIC,False,0.039,57.4,0.000
57.440000000000005,1378,35.70,STATIC,73.10,STATIC,81.66,STATIC,34.22,STATIC,95.84,STATIC,96.89,STATIC,94.46,STATIC,139.33,STATIC,False,0.037,57.4,0.000
57.48166666666667,1379,37.25,STATIC,71.27,STATIC,81.43,STATIC,36.33,STATIC,96.60,STATIC,97.14,STATIC,97.22,STATIC,138.06,STATIC,False,0.036,57.5,0.000
57.52333333333334,1380,38.75,STATIC,72.79,STATIC,80.42,STATIC,35.22,STATIC,97.02,STATIC,97.52,STATIC,99.47,STATIC,137.54,STATIC,False,0.041,57.5,0.000
57.565000000000005,1381,39.32,STATIC,70.08,STATIC,80.50,STATIC,34.14,STATIC,97.20,STATIC,97.78,STATIC,101.21,STATIC,138.20,STATIC,False,0.036,57.6,0.000
57.60666666666667,1382,38.27,STATIC,68.72,STATIC,80.49,STATIC,31.97,STATIC,96.77,STATIC,97.72,STATIC,102.67,STATIC,138.13,STATIC,False,0.039,57.6,0.000
57.64833333333334,1383,35.46,STATIC,67.65,STATIC,81.24,STATIC,31.91,STATIC,95.78,STATIC,97.02,STATIC,101.61,STATIC,138.06,STATIC,False,0.027,57.7,0.000
57.690000000000005,1384,32.60,STATIC,63.81,STATIC,80.43,STATIC,27.75,STATIC,98.49,STATIC,98.44,STATIC,104.78,STATIC,140.98,STATIC,False,0.028,57.7,0.000
57.73166666666667,1385,33.79,STATIC,63.08,STATIC,80.61,STATIC,27.47,STATIC,98.59,STATIC,98.68,STATIC,104.90,STATIC,141.75,STATIC,False,0.031,57.7,0.000
57.77333333333334,1386,33.72,STATIC,63.39,STATIC,80.38,STATIC,27.05,STATIC,98.87,STATIC,99.00,STATIC,104.97,STATIC,142.26,STATIC,False,0.032,57.8,0.000
57.815000000000005,1387,33.10,STATIC,64.25,STATIC,80.50,STATIC,25.29,STATIC,98.69,STATIC,98.96,STATIC,104.28,STATIC,142.42,STATIC,False,0.033,57.8,0.000
57.85666666666667,1388,32.63,STATIC,66.66,STATIC,80.71,STATIC,24.30,STATIC,98.54,STATIC,98.59,STATIC,103.59,STATIC,142.21,STATIC,False,0.031,57.9,0.000
57.89833333333334,1389,34.63,STATIC,66.24,STATIC,80.77,STATIC,24.83,STATIC,98.54,STATIC,98.61,STATIC,102.85,STATIC,142.04,STATIC,False,0.033,57.9,0.000
57.94166666666667,1390,34.98,STATIC,68.02,STATIC,80.94,STATIC,23.94,STATIC,98.61,STATIC,98.60,STATIC,103.24,STATIC,141.90,STATIC,False,0.031,57.9,0.000
57.983333333333334,1391,36.75,STATIC,69.26,STATIC,81.05,STATIC,23.88,STATIC,98.54,STATIC,98.49,STATIC,103.20,STATIC,142.08,STATIC,False,0.032,58.0,0.000
58.025000000000006,1392,34.86,STATIC,68.86,STATIC,81.34,STATIC,27.97,STATIC,98.09,STATIC,97.87,STATIC,101.74,STATIC,141.10,STATIC,False,0.029,58.0,0.000
58.06666666666667,1393,34.82,STATIC,70.39,STATIC,81.51,STATIC,27.40,STATIC,98.07,STATIC,97.89,STATIC,101.49,STATIC,141.40,STATIC,False,0.029,58.1,0.000
58.108333333333334,1394,36.37,STATIC,71.61,STATIC,81.61,STATIC,27.75,STATIC,97.89,STATIC,97.73,STATIC,101.15,STATIC,140.86,STATIC,False,0.028,58.1,0.000
58.150000000000006,1395,36.34,STATIC,71.89,STATIC,81.66,STATIC,27.66,STATIC,97.82,STATIC,97.67,STATIC,100.83,STATIC,140.29,STATIC,False,0.028,58.2,0.000
58.19166666666667,1396,37.35,STATIC,72.22,STATIC,81.71,STATIC,27.67,STATIC,98.01,STATIC,97.90,STATIC,100.87,STATIC,140.70,STATIC,False,0.031,58.2,0.000
58.233333333333334,1397,38.87,STATIC,72.34,STATIC,81.82,STATIC,27.44,STATIC,98.05,STATIC,97.92,STATIC,100.29,STATIC,140.21,STATIC,False,0.033,58.2,0.000
58.275000000000006,1398,39.92,STATIC,73.48,STATIC,81.90,STATIC,26.56,STATIC,98.13,STATIC,97.98,STATIC,99.96,STATIC,139.84,STATIC,False,0.034,58.3,0.000
58.31666666666667,1399,43.34,STATIC,73.84,STATIC,82.03,STATIC,26.54,STATIC,98.08,STATIC,97.98,STATIC,99.53,STATIC,139.37,STATIC,False,0.034,58.3,0.000
58.358333333333334,1400,44.46,STATIC,74.15,STATIC,82.13,STATIC,26.30,STATIC,98.07,STATIC,97.97,STATIC,98.87,STATIC,138.90,STATIC,False,0.037,58.4,0.000
58.400000000000006,1401,45.60,STATIC,74.85,STATIC,82.18,STATIC,24.89,STATIC,98.16,STATIC,98.15,STATIC,98.83,STATIC,138.96,STATIC,False,0.038,58.4,0.000
58.44166666666667,1402,47.72,STATIC,74.87,STATIC,82.22,STATIC,23.86,STATIC,98.19,STATIC,98.40,STATIC,98.68,STATIC,139.13,STATIC,False,0.041,58.4,0.000
58.483333333333334,1403,48.86,STATIC,75.06,STATIC,82.30,STATIC,23.88,STATIC,98.18,STATIC,98.38,STATIC,98.40,STATIC,138.86,STATIC,False,0.043,58.5,0.000
58.525000000000006,1404,49.37,STATIC,75.65,STATIC,82.38,STATIC,24.23,STATIC,98.15,STATIC,98.35,STATIC,98.38,STATIC,139.37,STATIC,False,0.041,58.5,0.000
58.56666666666667,1405,48.97,STATIC,76.34,STATIC,82.41,STATIC,24.15,STATIC,98.11,STATIC,98.27,STATIC,98.27,STATIC,139.82,STATIC,False,0.041,58.6,0.000
58.608333333333334,1406,49.26,STATIC,76.07,STATIC,82.44,STATIC,24.00,STATIC,98.11,STATIC,98.40,STATIC,98.21,STATIC,140.36,STATIC,False,0.041,58.6,0.000
58.650000000000006,1407,49.58,STATIC,76.02,STATIC,82.47,STATIC,24.32,STATIC,98.10,STATIC,98.42,STATIC,98.11,STATIC,140.46,STATIC,False,0.041,58.7,0.000
58.69166666666667,1408,49.67,STATIC,76.05,STATIC,82.50,STATIC,24.57,STATIC,98.09,STATIC,98.42,STATIC,98.06,STATIC,140.73,STATIC,False,0.040,58.7,0.000
58.733333333333334,1409,49.98,STATIC,75.92,STATIC,82.51,STATIC,25.17,STATIC,98.09,STATIC,98.44,STATIC,97.97,STATIC,140.72,STATIC,False,0.040,58.7,0.000
58.775000000000006,1410,51.29,STATIC,75.36,STATIC,82.51,STATIC,25.28,STATIC,98.07,STATIC,98.59,STATIC,97.96,STATIC,140.60,STATIC,False,0.043,58.8,0.000
58.81666666666667,1411,54.53,STATIC,75.66,STATIC,82.26,STATIC,23.02,STATIC,98.07,STATIC,98.85,STATIC,98.05,STATIC,139.77,STATIC,False,0.050,58.8,0.000
58.858333333333334,1412,55.04,STATIC,75.41,STATIC,82.15,STATIC,22.70,STATIC,98.06,STATIC,98.87,STATIC,97.80,STATIC,139.45,STATIC,False,0.053,58.9,0.000
58.900000000000006,1413,58.61,STATIC,74.38,STATIC,82.24,STATIC,23.47,STATIC,97.51,STATIC,98.84,STATIC,97.30,STATIC,139.76,STATIC,False,0.055,58.9,0.000
58.94166666666667,1414,59.23,STATIC,74.78,STATIC,82.35,STATIC,23.75,STATIC,97.48,STATIC,98.80,STATIC,97.31,STATIC,139.65,STATIC,False,0.060,58.9,0.000
58.983333333333334,1415,57.14,STATIC,78.18,STATIC,82.53,STATIC,30.31,EXTENSION,97.40,STATIC,98.65,STATIC,97.69,STATIC,139.69,STATIC,False,0.065,59.0,0.000
59.025000000000006,1416,53.67,STATIC,81.21,STATIC,82.49,STATIC,34.11,STATIC,97.47,STATIC,98.45,STATIC,98.61,STATIC,138.65,STATIC,False,0.068,59.0,0.000
59.06666666666667,1417,50.52,STATIC,82.91,STATIC,82.53,STATIC,35.42,STATIC,97.52,STATIC,98.37,STATIC,98.84,STATIC,137.41,STATIC,False,0.068,59.1,0.000
59.108333333333334,1418,49.36,STATIC,82.81,STATIC,82.59,STATIC,34.14,STATIC,97.62,STATIC,98.34,STATIC,99.77,STATIC,139.02,STATIC,False,0.067,59.1,0.000
59.150000000000006,1419,49.19,STATIC,84.25,STATIC,82.89,STATIC,34.02,STATIC,97.69,STATIC,98.20,STATIC,100.14,STATIC,138.82,STATIC,False,0.069,59.2,0.000
59.19166666666667,1420,49.68,STATIC,85.28,STATIC,82.85,STATIC,34.83,STATIC,97.79,STATIC,98.00,STATIC,100.49,STATIC,138.59,STATIC,False,0.073,59.2,0.000
59.233333333333334,1421,47.25,STATIC,84.57,STATIC,82.82,STATIC,34.90,STATIC,97.04,STATIC,97.14,STATIC,100.65,STATIC,141.81,STATIC,False,0.070,59.2,0.000
59.275000000000006,1422,45.25,STATIC,85.11,STATIC,82.81,STATIC,34.92,STATIC,96.93,STATIC,96.97,STATIC,99.93,STATIC,139.78,STATIC,False,0.064,59.3,0.000
59.31666666666667,1423,42.64,STATIC,86.23,STATIC,82.83,STATIC,35.24,STATIC,96.39,STATIC,96.64,STATIC,99.26,STATIC,137.87,STATIC,False,0.062,59.3,0.000
59.358333333333334,1424,40.33,STATIC,86.75,STATIC,82.80,STATIC,36.01,STATIC,96.60,STATIC,96.48,STATIC,98.87,STATIC,137.35,STATIC,False,0.060,59.4,0.000
59.400000000000006,1425,38.71,STATIC,88.19,STATIC,82.69,STATIC,36.63,STATIC,96.73,STATIC,96.39,STATIC,98.68,STATIC,136.16,STATIC,False,0.058,59.4,0.000
59.44166666666667,1426,37.73,STATIC,88.29,STATIC,82.61,STATIC,35.87,STATIC,96.86,STATIC,96.48,STATIC,98.67,STATIC,135.51,STATIC,False,0.058,59.4,0.000
59.483333333333334,1427,36.24,STATIC,88.49,STATIC,82.43,STATIC,36.13,STATIC,96.82,STATIC,96.29,STATIC,98.39,STATIC,134.59,STATIC,False,0.054,59.5,0.000
59.525000000000006,1428,37.65,STATIC,88.39,STATIC,82.39,STATIC,36.69,STATIC,97.04,STATIC,96.35,STATIC,98.23,STATIC,134.08,STATIC,False,0.054,59.5,0.000
59.56666666666667,1429,39.87,STATIC,89.39,STATIC,82.43,STATIC,38.01,STATIC,97.20,STATIC,96.38,STATIC,98.00,STATIC,133.62,STATIC,False,0.056,59.6,0.000
59.608333333333334,1430,40.68,STATIC,89.94,STATIC,82.38,STATIC,38.12,STATIC,97.23,STATIC,96.36,STATIC,97.62,STATIC,133.32,STATIC,False,0.057,59.6,0.000
59.650000000000006,1431,41.13,STATIC,90.49,STATIC,82.36,STATIC,38.56,STATIC,97.24,STATIC,96.45,STATIC,97.26,STATIC,133.04,STATIC,False,0.057,59.7,0.000
59.69166666666667,1432,40.42,STATIC,90.75,STATIC,82.31,STATIC,38.42,STATIC,97.23,STATIC,96.39,STATIC,97.06,STATIC,133.30,STATIC,False,0.056,59.7,0.000
59.733333333333334,1433,39.57,STATIC,92.11,STATIC,82.26,STATIC,39.83,STATIC,96.87,STATIC,96.09,STATIC,96.61,STATIC,133.13,STATIC,False,0.053,59.7,0.000
59.775000000000006,1434,38.83,STATIC,93.29,STATIC,82.25,STATIC,41.49,STATIC,96.15,STATIC,95.58,STATIC,95.69,STATIC,132.73,STATIC,False,0.049,59.8,0.000
59.81666666666667,1435,39.86,STATIC,94.09,STATIC,82.18,STATIC,40.87,STATIC,96.03,STATIC,95.44,STATIC,95.97,STATIC,131.78,STATIC,False,0.051,59.8,0.000
59.858333333333334,1436,39.41,STATIC,94.19,STATIC,82.23,STATIC,40.77,STATIC,95.67,STATIC,95.44,STATIC,96.20,STATIC,131.02,STATIC,False,0.050,59.9,0.000
59.900000000000006,1437,39.11,STATIC,94.19,STATIC,82.27,STATIC,39.78,STATIC,95.73,STATIC,95.62,STATIC,96.45,STATIC,131.34,STATIC,False,0.050,59.9,0.000
59.94166666666667,1438,39.32,STATIC,93.97,STATIC,82.23,STATIC,39.20,STATIC,95.44,STATIC,95.62,STATIC,96.46,STATIC,131.13,STATIC,False,0.050,59.9,0.000
59.983333333333334,1439,39.77,STATIC,95.60,STATIC,82.35,STATIC,39.95,STATIC,94.31,STATIC,95.13,STATIC,95.82,STATIC,131.06,STATIC,False,0.051,60.0,0.000
60.025000000000006,1440,39.22,STATIC,98.91,STATIC,82.27,STATIC,40.81,STATIC,94.48,STATIC,95.38,STATIC,96.26,STATIC,131.28,STATIC,False,0.058,60.0,0.000
60.06666666666667,1441,32.28,FLEXION,99.35,STATIC,82.42,STATIC,43.85,STATIC,94.38,STATIC,95.22,STATIC,96.54,STATIC,132.64,STATIC,False,0.054,60.0,0.000
60.108333333333334,1442,26.07,FLEXION,101.25,STATIC,82.56,STATIC,45.27,STATIC,94.74,STATIC,95.35,STATIC,96.91,STATIC,132.51,STATIC,False,0.055,60.0,0.000
60.150000000000006,1443,30.84,STATIC,99.18,STATIC,82.78,STATIC,43.68,STATIC,94.86,STATIC,95.72,STATIC,96.64,STATIC,133.90,STATIC,False,0.052,60.0,0.000
60.19166666666667,1444,30.65,STATIC,98.18,STATIC,82.86,STATIC,43.63,STATIC,94.41,STATIC,95.69,STATIC,96.12,STATIC,134.85,STATIC,False,0.051,60.0,0.000
60.233333333333334,1445,34.68,STATIC,96.50,STATIC,82.97,STATIC,43.19,STATIC,94.26,STATIC,95.44,STATIC,96.12,STATIC,134.15,STATIC,False,0.049,60.0,0.000
60.275000000000006,1446,31.72,STATIC,97.11,STATIC,83.01,STATIC,43.07,STATIC,93.98,STATIC,95.21,STATIC,96.12,STATIC,133.77,STATIC,False,0.051,60.0,0.000
60.31666666666667,1447,33.53,STATIC,100.23,STATIC,83.11,STATIC,45.58,STATIC,93.88,STATIC,95.09,STATIC,96.63,STATIC,132.64,STATIC,False,0.048,60.0,0.000
60.358333333333334,1448,36.76,STATIC,103.03,STATIC,83.27,STATIC,49.83,STATIC,94.26,STATIC,95.29,STATIC,96.26,STATIC,132.17,STATIC,False,0.048,60.0,0.000
60.400000000000006,1449,34.65,STATIC,102.21,STATIC,83.21,STATIC,49.60,STATIC,94.64,STATIC,95.41,STATIC,96.48,STATIC,131.89,STATIC,False,0.048,60.0,0.000
60.44166666666667,1450,32.42,STATIC,96.74,FLEXION,83.02,STATIC,44.81,STATIC,94.80,STATIC,95.49,STATIC,96.72,STATIC,133.34,STATIC,False,0.047,60.0,0.000
60.483333333333334,1451,29.73,STATIC,92.18,STATIC,82.97,STATIC,36.60,FLEXION,94.30,STATIC,94.98,STATIC,97.12,STATIC,133.82,STATIC,False,0.209,60.0,0.000
60.525000000000006,1452,28.63,STATIC,96.45,STATIC,83.05,STATIC,38.18,STATIC,94.46,STATIC,95.03,STATIC,97.59,STATIC,132.87,STATIC,False,0.041,60.0,0.000
60.56666666666667,1453,27.80,STATIC,100.44,STATIC,82.95,STATIC,36.70,STATIC,94.81,STATIC,95.14,STATIC,97.51,STATIC,134.17,STATIC,False,0.045,60.0,0.000
60.608333333333334,1454,26.37,STATIC,103.48,STATIC,82.81,STATIC,35.44,STATIC,94.93,STATIC,95.41,STATIC,97.37,STATIC,133.49,STATIC,False,0.044,60.0,0.000
60.650000000000006,1455,26.03,STATIC,105.42,STATIC,82.86,STATIC,36.00,STATIC,95.24,STATIC,95.46,STATIC,97.43,STATIC,131.73,STATIC,False,0.039,60.0,0.000
60.69166666666667,1456,25.48,STATIC,107.84,STATIC,82.88,STATIC,36.64,STATIC,95.20,STATIC,95.58,STATIC,97.59,STATIC,132.66,STATIC,False,0.035,60.0,0.000
60.733333333333334,1457,24.98,STATIC,108.71,STATIC,82.89,STATIC,36.83,STATIC,95.74,STATIC,95.65,STATIC,98.12,STATIC,131.65,STATIC,False,0.033,60.0,0.000
60.775000000000006,1458,25.42,STATIC,110.31,STATIC,82.92,STATIC,37.02,STATIC,95.96,STATIC,95.68,STATIC,97.79,STATIC,129.41,STATIC,False,0.034,60.0,0.000
60.81666666666667,1459,23.19,STATIC,108.28,STATIC,83.13,STATIC,36.86,STATIC,96.44,STATIC,96.02,STATIC,98.54,STATIC,127.73,STATIC,False,0.029,60.0,0.000
60.858333333333334,1460,24.21,STATIC,107.78,STATIC,83.21,STATIC,36.79,STATIC,96.43,STATIC,96.06,STATIC,97.76,STATIC,125.48,STATIC,False,0.025,60.0,0.000
60.900000000000006,1461,24.33,STATIC,109.63,STATIC,83.33,STATIC,36.74,STATIC,96.32,STATIC,96.04,STATIC,97.11,STATIC,124.19,STATIC,False,0.023,60.0,0.000
60.94166666666667,1462,24.97,STATIC,110.35,STATIC,83.38,STATIC,36.64,STATIC,96.24,STATIC,95.85,STATIC,96.81,STATIC,122.26,STATIC,False,0.024,60.0,0.000
60.983333333333334,1463,24.78,STATIC,109.80,STATIC,83.55,STATIC,35.27,STATIC,96.26,STATIC,95.79,STATIC,96.35,STATIC,120.19,STATIC,False,0.025,60.0,0.000
61.025000000000006,1464,24.87,STATIC,110.88,STATIC,83.58,STATIC,35.75,STATIC,96.28,STATIC,95.54,STATIC,96.25,STATIC,117.45,STATIC,False,0.023,60.0,0.000
61.06666666666667,1465,23.75,STATIC,112.03,STATIC,83.58,STATIC,36.29,STATIC,96.22,STATIC,95.36,STATIC,96.08,STATIC,115.31,STATIC,False,0.023,60.0,0.000
61.108333333333334,1466,25.20,STATIC,111.66,STATIC,83.58,STATIC,35.96,STATIC,96.21,STATIC,95.35,STATIC,95.25,STATIC,113.80,STATIC,False,0.024,60.0,0.000
61.150000000000006,1467,26.58,STATIC,113.50,STATIC,83.59,STATIC,36.54,STATIC,96.21,STATIC,95.45,STATIC,94.75,STATIC,111.30,STATIC,False,0.026,60.0,0.000
61.19166666666667,1468,27.40,STATIC,113.13,STATIC,83.40,STATIC,37.81,STATIC,96.02,STATIC,95.33,STATIC,94.39,STATIC,110.36,STATIC,False,0.024,60.0,0.000
61.233333333333334,1469,28.53,STATIC,114.09,STATIC,83.35,STATIC,39.18,STATIC,95.93,STATIC,95.25,STATIC,93.74,STATIC,109.86,STATIC,False,0.024,60.0,0.000
61.275000000000006,1470,30.10,STATIC,114.22,STATIC,83.39,STATIC,39.60,STATIC,95.84,STATIC,95.21,STATIC,93.42,STATIC,109.84,STATIC,False,0.024,60.0,0.000
61.31666666666667,1471,30.68,STATIC,115.30,STATIC,83.39,STATIC,39.22,STATIC,95.87,STATIC,95.30,STATIC,93.71,STATIC,110.54,STATIC,False,0.025,60.0,0.000
61.358333333333334,1472,31.50,STATIC,115.89,STATIC,83.38,STATIC,39.26,STATIC,95.86,STATIC,95.32,STATIC,93.53,STATIC,110.42,STATIC,False,0.025,60.0,0.000
61.400000000000006,1473,32.14,STATIC,115.70,STATIC,83.40,STATIC,39.50,STATIC,95.90,STATIC,95.28,STATIC,93.55,STATIC,110.93,STATIC,False,0.025,60.0,0.000
61.44166666666667,1474,33.16,STATIC,115.74,STATIC,83.53,STATIC,37.84,STATIC,95.85,STATIC,95.19,STATIC,93.34,STATIC,110.59,STATIC,False,0.026,60.0,0.000
61.483333333333334,1475,33.83,STATIC,115.93,STATIC,83.60,STATIC,37.45,STATIC,95.80,STATIC,95.10,STATIC,93.29,STATIC,110.80,STATIC,False,0.026,60.0,0.000
61.525000000000006,1476,33.60,STATIC,116.03,STATIC,83.63,STATIC,36.56,STATIC,95.87,STATIC,95.17,STATIC,93.55,STATIC,111.32,STATIC,False,0.026,60.0,0.000
61.56666666666667,1477,34.05,STATIC,116.04,STATIC,83.66,STATIC,36.25,STATIC,95.87,STATIC,95.17,STATIC,93.44,STATIC,111.50,STATIC,False,0.026,60.0,0.000
61.608333333333334,1478,34.36,STATIC,116.52,STATIC,83.68,STATIC,36.45,STATIC,95.88,STATIC,95.16,STATIC,93.38,STATIC,111.76,STATIC,False,0.026,60.0,0.000
61.650000000000006,1479,35.26,STATIC,117.00,STATIC,83.74,STATIC,36.45,STATIC,95.88,STATIC,94.92,STATIC,93.40,STATIC,112.32,STATIC,False,0.025,60.0,0.000
61.69166666666667,1480,35.18,STATIC,116.62,STATIC,83.82,STATIC,35.19,STATIC,96.12,STATIC,95.07,STATIC,93.74,STATIC,111.83,STATIC,False,0.025,60.0,0.000
61.733333333333334,1481,35.58,STATIC,116.71,STATIC,83.89,STATIC,35.42,STATIC,96.17,STATIC,95.16,STATIC,93.56,STATIC,111.13,STATIC,False,0.025,60.0,0.000
61.775000000000006,1482,36.04,STATIC,116.60,STATIC,83.97,STATIC,35.38,STATIC,96.21,STATIC,95.23,STATIC,93.39,STATIC,110.76,STATIC,False,0.025,60.0,0.000
61.81666666666667,1483,37.37,STATIC,116.91,STATIC,83.99,STATIC,35.65,STATIC,96.24,STATIC,95.17,STATIC,93.23,STATIC,111.10,STATIC,False,0.024,60.0,0.000
61.858333333333334,1484,39.29,STATIC,117.61,STATIC,83.91,STATIC,35.60,STATIC,96.16,STATIC,95.08,STATIC,92.66,STATIC,111.07,STATIC,False,0.023,60.0,0.000
61.900000000000006,1485,41.24,STATIC,116.96,STATIC,83.85,STATIC,36.14,STATIC,95.53,STATIC,94.68,STATIC,91.87,STATIC,112.50,STATIC,False,0.022,60.0,0.000
61.943333333333335,1486,41.16,STATIC,115.50,STATIC,83.69,STATIC,35.27,STATIC,95.44,STATIC,94.67,STATIC,92.50,STATIC,114.55,STATIC,False,0.021,60.0,0.000
61.98500000000001,1487,40.98,STATIC,111.82,STATIC,83.67,STATIC,34.53,STATIC,95.53,STATIC,94.85,STATIC,92.83,STATIC,117.46,STATIC,False,0.020,60.0,0.000
62.02666666666667,1488,42.24,STATIC,106.25,FLEXION,83.53,STATIC,39.76,EXTENSION,95.41,STATIC,94.51,STATIC,92.96,STATIC,120.52,STATIC,False,0.018,60.0,0.000
62.068333333333335,1489,42.21,STATIC,104.21,STATIC,83.65,STATIC,40.03,STATIC,95.23,STATIC,94.78,STATIC,92.72,STATIC,122.68,STATIC,False,0.022,60.0,0.000
62.11000000000001,1490,40.88,STATIC,99.89,STATIC,83.77,STATIC,39.74,STATIC,94.90,STATIC,94.94,STATIC,93.11,STATIC,125.11,STATIC,False,0.024,60.0,0.000
62.15166666666667,1491,42.43,STATIC,99.29,STATIC,84.02,STATIC,38.88,STATIC,94.74,STATIC,95.51,STATIC,93.59,STATIC,127.37,STATIC,False,0.019,60.0,0.000
62.193333333333335,1492,38.62,STATIC,99.67,STATIC,83.99,STATIC,40.85,STATIC,94.55,STATIC,95.84,STATIC,94.16,STATIC,129.78,STATIC,False,0.017,60.0,0.000
62.23500000000001,1493,30.62,FLEXION,101.75,STATIC,83.75,STATIC,40.05,STATIC,94.87,STATIC,96.38,STATIC,96.21,STATIC,134.65,STATIC,False,0.017,60.0,0.000
62.27666666666667,1494,14.67,FLEXION,107.54,EXTENSION,82.85,STATIC,37.86,STATIC,96.36,STATIC,97.01,STATIC,97.76,STATIC,135.63,STATIC,False,0.014,60.0,0.000
62.318333333333335,1495,18.32,STATIC,115.81,EXTENSION,82.58,STATIC,35.02,STATIC,96.81,STATIC,97.61,STATIC,97.66,STATIC,132.86,STATIC,False,0.013,60.0,0.000
62.36000000000001,1496,14.33,STATIC,128.27,EXTENSION,83.13,STATIC,31.09,STATIC,96.59,STATIC,97.62,STATIC,96.63,STATIC,131.36,STATIC,False,0.017,60.0,0.000
62.40166666666667,1497,13.45,STATIC,136.37,EXTENSION,83.07,STATIC,31.04,STATIC,96.70,STATIC,97.14,STATIC,96.37,STATIC,127.79,STATIC,False,0.020,60.0,0.000
62.443333333333335,1498,12.54,STATIC,143.68,EXTENSION,83.18,STATIC,29.85,STATIC,96.35,STATIC,96.62,STATIC,95.46,STATIC,125.36,STATIC,False,0.022,60.0,0.000
62.48500000000001,1499,13.46,STATIC,152.12,EXTENSION,83.00,STATIC,27.70,STATIC,96.49,STATIC,96.32,STATIC,95.32,STATIC,122.09,STATIC,False,0.021,60.0,0.000
62.52666666666667,1500,14.34,STATIC,156.61,STATIC,82.65,STATIC,28.22,STATIC,96.67,STATIC,95.65,STATIC,95.04,STATIC,117.54,STATIC,False,0.020,60.0,0.000
62.568333333333335,1501,15.23,STATIC,159.22,STATIC,82.54,STATIC,27.62,STATIC,97.13,STATIC,95.64,STATIC,96.12,STATIC,115.07,STATIC,False,0.023,60.0,0.000
62.61000000000001,1502,16.11,STATIC,161.99,STATIC,81.53,STATIC,30.66,STATIC,97.29,STATIC,96.29,STATIC,97.14,STATIC,113.43,STATIC,False,0.023,60.0,0.000
62.65166666666667,1503,15.73,STATIC,163.36,STATIC,80.79,STATIC,34.25,STATIC,96.89,STATIC,95.63,STATIC,97.20,STATIC,111.46,STATIC,False,0.018,60.0,0.000
62.693333333333335,1504,16.37,STATIC,164.69,STATIC,80.32,STATIC,37.46,STATIC,96.89,STATIC,95.22,STATIC,98.83,STATIC,110.37,STATIC,False,0.015,60.0,0.000
62.73500000000001,1505,17.71,STATIC,165.27,STATIC,79.95,STATIC,39.25,STATIC,97.02,STATIC,94.63,STATIC,99.53,STATIC,108.24,STATIC,False,0.014,60.0,0.000
62.77666666666667,1506,19.60,STATIC,162.22,STATIC,79.58,STATIC,39.45,STATIC,96.91,STATIC,94.61,STATIC,99.54,STATIC,107.13,STATIC,False,0.016,60.0,0.000
62.818333333333335,1507,21.24,STATIC,164.37,STATIC,79.39,STATIC,38.46,STATIC,97.82,STATIC,95.23,STATIC,100.02,STATIC,108.36,STATIC,False,0.017,60.0,0.000
62.86000000000001,1508,24.04,STATIC,159.53,STATIC,79.06,STATIC,38.12,STATIC,97.83,STATIC,95.26,STATIC,100.74,STATIC,107.77,STATIC,False,0.020,60.0,0.000
62.90166666666667,1509,24.94,STATIC,159.90,STATIC,78.77,STATIC,39.43,STATIC,97.55,STATIC,95.05,STATIC,100.25,STATIC,105.83,STATIC,False,0.019,60.0,0.000
62.943333333333335,1510,25.67,STATIC,156.87,STATIC,78.24,STATIC,39.07,STATIC,97.22,STATIC,94.74,STATIC,100.56,STATIC,104.93,STATIC,False,0.021,60.0,0.000
62.98500000000001,1511,25.35,STATIC,158.67,STATIC,78.17,STATIC,37.63,STATIC,96.55,STATIC,95.15,STATIC,102.12,STATIC,106.66,STATIC,False,0.018,60.0,0.000
63.02666666666667,1512,25.47,STATIC,157.75,STATIC,77.89,STATIC,35.09,STATIC,97.08,STATIC,95.80,STATIC,106.45,STATIC,110.41,STATIC,False,0.018,60.0,0.000
63.068333333333335,1513,25.41,STATIC,159.29,STATIC,78.02,STATIC,33.74,STATIC,98.00,STATIC,97.07,STATIC,110.48,STATIC,117.43,EXTENSION,False,0.023,60.0,0.000
63.11000000000001,1514,27.03,STATIC,158.76,STATIC,77.73,STATIC,34.57,STATIC,98.28,STATIC,97.40,STATIC,111.45,STATIC,119.79,STATIC,False,0.018,60.0,0.000
63.15166666666667,1515,28.21,STATIC,156.40,STATIC,77.42,STATIC,36.20,STATIC,98.48,STATIC,97.49,STATIC,112.26,STATIC,121.14,STATIC,False,0.016,60.0,0.000
63.193333333333335,1516,31.42,STATIC,153.82,STATIC,77.13,STATIC,37.05,STATIC,98.86,STATIC,97.98,STATIC,113.33,STATIC,123.37,STATIC,False,0.017,60.0,0.000
63.23500000000001,1517,34.54,STATIC,152.14,STATIC,77.24,STATIC,37.39,STATIC,99.41,STATIC,98.77,STATIC,117.16,STATIC,128.75,EXTENSION,False,0.016,60.0,0.000
63.27666666666667,1518,38.22,STATIC,150.38,STATIC,77.09,STATIC,37.34,STATIC,99.47,STATIC,99.25,STATIC,119.85,STATIC,130.16,STATIC,False,0.015,60.0,0.000
63.318333333333335,1519,40.46,STATIC,148.01,STATIC,76.71,STATIC,36.49,STATIC,99.18,STATIC,99.80,STATIC,124.00,STATIC,131.75,STATIC,False,0.012,60.0,0.000
63.36000000000001,1520,42.70,STATIC,144.94,STATIC,76.26,STATIC,35.87,STATIC,97.59,STATIC,99.50,STATIC,126.08,STATIC,133.10,STATIC,False,0.022,60.0,0.000
63.40166666666667,1521,44.57,STATIC,140.44,STATIC,75.62,STATIC,30.09,FLEXION,98.00,STATIC,99.95,STATIC,131.02,STATIC,133.58,STATIC,False,0.190,60.0,0.000
63.443333333333335,1522,46.43,STATIC,143.52,STATIC,75.11,STATIC,27.02,STATIC,99.56,STATIC,101.31,STATIC,137.49,EXTENSION,137.61,STATIC,False,0.023,60.0,0.000
63.48500000000001,1523,48.19,STATIC,152.27,EXTENSION,74.92,STATIC,31.64,STATIC,100.93,STATIC,102.15,STATIC,140.09,STATIC,139.84,STATIC,False,0.021,60.0,0.000
63.52666666666667,1524,50.35,STATIC,150.94,STATIC,74.36,STATIC,30.02,STATIC,100.22,STATIC,101.95,STATIC,140.49,STATIC,141.71,STATIC,False,0.023,60.0,0.000
63.568333333333335,1525,50.71,STATIC,151.28,STATIC,74.05,STATIC,32.13,STATIC,100.36,STATIC,103.42,STATIC,135.76,STATIC,140.53,STATIC,False,0.020,60.0,0.000
63.61000000000001,1526,52.64,STATIC,149.97,STATIC,74.36,STATIC,33.54,STATIC,101.54,STATIC,104.48,STATIC,138.52,STATIC,141.34,STATIC,False,0.021,60.0,0.000
63.65166666666667,1527,52.81,STATIC,150.11,STATIC,73.40,STATIC,35.85,STATIC,102.24,STATIC,104.92,STATIC,141.45,STATIC,141.02,STATIC,False,0.021,60.0,0.000
63.693333333333335,1528,57.25,STATIC,149.04,STATIC,74.35,STATIC,34.82,STATIC,103.04,STATIC,106.06,STATIC,140.56,STATIC,140.22,STATIC,False,0.023,60.0,0.000
63.73500000000001,1529,56.80,STATIC,150.11,STATIC,73.58,STATIC,35.11,STATIC,103.11,STATIC,107.59,STATIC,141.14,STATIC,137.48,STATIC,False,0.026,60.0,0.000
63.77666666666667,1530,55.50,STATIC,149.36,STATIC,72.30,STATIC,33.18,STATIC,105.19,STATIC,108.98,STATIC,142.52,STATIC,139.74,STATIC,False,0.026,60.0,0.000
63.818333333333335,1531,55.81,STATIC,146.41,STATIC,71.49,STATIC,31.42,STATIC,105.11,STATIC,110.32,STATIC,139.48,STATIC,138.45,STATIC,False,0.029,60.0,0.000
63.86000000000001,1532,53.43,STATIC,145.84,STATIC,69.22,STATIC,31.12,STATIC,106.05,STATIC,112.64,STATIC,141.58,STATIC,140.18,STATIC,False,0.030,60.0,0.000
63.90166666666667,1533,52.18,STATIC,144.76,STATIC,68.94,STATIC,29.98,STATIC,107.73,STATIC,115.28,STATIC,143.49,STATIC,143.10,STATIC,False,0.031,60.0,0.000
63.943333333333335,1534,51.46,STATIC,145.23,STATIC,68.68,STATIC,29.70,STATIC,108.75,STATIC,118.16,STATIC,144.82,STATIC,145.24,STATIC,False,0.031,60.0,0.000
63.98500000000001,1535,51.81,STATIC,144.45,STATIC,68.98,STATIC,29.15,STATIC,108.84,STATIC,120.50,STATIC,146.15,STATIC,146.47,STATIC,False,0.029,60.0,0.000
64.02666666666667,1536,51.20,STATIC,143.85,STATIC,68.50,STATIC,27.71,STATIC,109.55,STATIC,122.24,STATIC,145.95,STATIC,147.09,STATIC,False,0.028,60.0,0.000
64.06833333333334,1537,50.80,STATIC,143.76,STATIC,68.72,STATIC,29.26,STATIC,110.40,STATIC,125.87,STATIC,148.06,STATIC,150.46,STATIC,False,0.027,60.0,0.000
64.11,1538,51.57,STATIC,143.44,STATIC,68.79,STATIC,27.62,STATIC,109.99,STATIC,126.71,STATIC,149.23,STATIC,146.58,STATIC,False,0.025,60.0,0.000
64.15166666666667,1539,52.27,STATIC,144.01,STATIC,68.35,STATIC,28.00,STATIC,109.80,STATIC,125.54,STATIC,149.93,STATIC,144.80,STATIC,False,0.025,59.9,0.000
64.19333333333334,1540,52.84,STATIC,144.57,STATIC,68.11,STATIC,28.14,STATIC,109.48,STATIC,123.80,STATIC,148.62,STATIC,141.06,STATIC,False,0.026,60.0,0.000
64.235,1541,53.12,STATIC,145.24,STATIC,68.20,STATIC,26.92,STATIC,109.61,STATIC,123.14,STATIC,148.23,STATIC,138.91,STATIC,False,0.028,60.0,0.000
64.27666666666667,1542,53.92,STATIC,143.63,STATIC,67.78,STATIC,25.48,STATIC,109.64,STATIC,122.59,STATIC,150.37,STATIC,140.42,STATIC,False,0.029,60.0,0.000
64.31833333333334,1543,54.39,STATIC,142.32,STATIC,67.16,STATIC,25.44,STATIC,109.56,STATIC,120.66,STATIC,150.94,STATIC,138.64,STATIC,False,0.029,60.0,0.000
64.36,1544,55.57,STATIC,141.02,STATIC,67.02,STATIC,24.09,STATIC,109.33,STATIC,119.85,STATIC,150.91,STATIC,139.27,STATIC,False,0.030,60.0,0.000
64.40166666666667,1545,56.80,STATIC,140.55,STATIC,66.66,STATIC,24.20,STATIC,109.57,STATIC,118.34,STATIC,151.61,STATIC,137.49,STATIC,False,0.030,60.0,0.000
64.44333333333334,1546,58.23,STATIC,140.32,STATIC,65.44,STATIC,23.95,STATIC,110.24,STATIC,118.53,STATIC,153.63,STATIC,138.87,STATIC,False,0.029,60.0,0.000
64.485,1547,59.55,STATIC,141.14,STATIC,64.56,STATIC,24.61,STATIC,110.70,STATIC,118.71,STATIC,154.38,STATIC,141.29,STATIC,False,0.030,60.0,0.000
64.52666666666667,1548,60.86,STATIC,141.54,STATIC,63.66,STATIC,26.19,STATIC,111.11,STATIC,118.90,STATIC,156.40,STATIC,143.66,STATIC,False,0.029,60.0,0.000
64.56833333333334,1549,61.03,STATIC,141.53,STATIC,63.09,STATIC,26.02,STATIC,111.43,STATIC,119.33,STATIC,156.37,STATIC,142.44,STATIC,False,0.029,60.0,0.000
64.61,1550,61.70,STATIC,141.00,STATIC,62.48,STATIC,25.67,STATIC,112.17,STATIC,120.34,STATIC,156.34,STATIC,142.10,STATIC,False,0.031,60.0,0.000
64.65166666666667,1551,61.60,STATIC,140.08,STATIC,62.04,STATIC,23.79,STATIC,112.81,STATIC,121.27,STATIC,156.38,STATIC,139.31,STATIC,False,0.032,60.0,0.000
64.69333333333334,1552,61.83,STATIC,139.23,STATIC,61.94,STATIC,21.48,STATIC,113.37,STATIC,122.63,STATIC,156.34,STATIC,138.32,STATIC,False,0.036,60.0,0.000
64.735,1553,62.74,STATIC,137.92,STATIC,61.58,STATIC,18.18,STATIC,113.69,STATIC,123.36,STATIC,155.14,STATIC,137.09,STATIC,False,0.038,60.0,0.000
64.77666666666667,1554,63.57,STATIC,138.22,STATIC,61.26,STATIC,18.97,STATIC,114.67,STATIC,124.07,STATIC,155.06,STATIC,136.78,STATIC,False,0.038,60.0,0.000
64.81833333333334,1555,63.96,STATIC,138.84,STATIC,61.08,STATIC,19.18,STATIC,115.63,STATIC,124.98,STATIC,155.28,STATIC,136.68,STATIC,False,0.039,60.0,0.000
64.86,1556,64.48,STATIC,138.93,STATIC,60.86,STATIC,18.67,STATIC,116.49,STATIC,125.91,STATIC,155.08,STATIC,136.55,STATIC,False,0.039,60.0,0.000
64.90166666666667,1557,64.93,STATIC,139.30,STATIC,60.63,STATIC,18.68,STATIC,117.12,STATIC,126.70,STATIC,155.60,STATIC,136.44,STATIC,False,0.039,60.0,0.000
64.94333333333334,1558,64.68,STATIC,139.94,STATIC,60.67,STATIC,19.46,STATIC,117.74,STATIC,127.17,STATIC,155.44,STATIC,135.99,STATIC,False,0.040,60.0,0.000
64.985,1559,64.65,STATIC,140.56,STATIC,60.66,STATIC,19.94,STATIC,118.37,STATIC,127.47,STATIC,155.16,STATIC,135.31,STATIC,False,0.040,60.0,0.000
65.02666666666667,1560,64.37,STATIC,140.47,STATIC,60.61,STATIC,20.06,STATIC,118.78,STATIC,128.24,STATIC,154.82,STATIC,135.83,STATIC,False,0.040,60.0,0.000
65.06833333333334,1561,63.12,STATIC,143.71,STATIC,60.80,STATIC,23.52,STATIC,118.48,STATIC,129.47,STATIC,156.81,STATIC,138.33,STATIC,False,0.039,60.0,0.000
65.11,1562,61.97,STATIC,144.77,STATIC,60.73,STATIC,26.17,STATIC,118.13,STATIC,129.53,STATIC,157.30,STATIC,139.64,STATIC,False,0.034,60.0,0.000
65.15166666666667,1563,60.89,STATIC,144.24,STATIC,60.85,STATIC,27.13,STATIC,117.72,STATIC,129.17,STATIC,157.03,STATIC,140.61,STATIC,False,0.033,60.0,0.000
65.19333333333334,1564,60.39,STATIC,143.37,STATIC,60.90,STATIC,26.24,STATIC,117.46,STATIC,129.19,STATIC,156.50,STATIC,140.91,STATIC,False,0.034,60.0,0.000
65.235,1565,59.34,STATIC,144.19,STATIC,61.17,STATIC,26.22,STATIC,116.77,STATIC,128.92,STATIC,155.98,STATIC,140.42,STATIC,False,0.034,60.0,0.000
65.27666666666667,1566,58.89,STATIC,143.67,STATIC,61.43,STATIC,25.88,STATIC,115.71,STATIC,127.88,STATIC,153.41,STATIC,137.88,STATIC,False,0.031,60.0,0.000
65.31833333333334,1567,58.39,STATIC,143.64,STATIC,61.88,STATIC,25.60,STATIC,114.75,STATIC,127.12,STATIC,153.67,STATIC,137.45,STATIC,False,0.030,60.0,0.000
65.36,1568,58.14,STATIC,144.25,STATIC,62.18,STATIC,25.82,STATIC,113.94,STATIC,125.69,STATIC,153.38,STATIC,135.53,STATIC,False,0.030,60.0,0.000
65.40166666666667,1569,58.09,STATIC,144.04,STATIC,62.15,STATIC,25.75,STATIC,113.18,STATIC,124.74,STATIC,153.13,STATIC,134.98,STATIC,False,0.030,60.0,0.000
65.44333333333334,1570,57.85,STATIC,143.84,STATIC,62.15,STATIC,25.65,STATIC,112.39,STATIC,123.90,STATIC,152.46,STATIC,135.79,STATIC,False,0.030,60.0,0.000
65.485,1571,57.30,STATIC,143.82,STATIC,62.42,STATIC,25.62,STATIC,111.62,STATIC,123.67,STATIC,151.91,STATIC,137.26,STATIC,False,0.031,60.0,0.000
65.52666666666667,1572,57.02,STATIC,144.18,STATIC,62.63,STATIC,25.49,STATIC,110.92,STATIC,123.68,STATIC,152.34,STATIC,137.78,STATIC,False,0.031,60.0,0.000
65.56833333333334,1573,56.78,STATIC,144.56,STATIC,62.82,STATIC,25.60,STATIC,110.34,STATIC,123.47,STATIC,153.04,STATIC,137.43,STATIC,False,0.031,60.0,0.000
65.61,1574,56.19,STATIC,144.94,STATIC,63.02,STATIC,25.33,STATIC,110.30,STATIC,124.06,STATIC,153.97,STATIC,137.70,STATIC,False,0.031,60.0,0.000
65.65166666666667,1575,55.32,STATIC,146.18,STATIC,63.18,STATIC,25.90,STATIC,110.23,STATIC,124.64,STATIC,153.82,STATIC,138.96,STATIC,False,0.030,60.0,0.000
65.69333333333334,1576,54.97,STATIC,146.21,STATIC,63.28,STATIC,25.87,STATIC,110.23,STATIC,125.36,STATIC,154.11,STATIC,139.56,STATIC,False,0.030,60.0,0.000
65.735,1577,54.95,STATIC,145.21,STATIC,63.26,STATIC,24.15,STATIC,109.78,STATIC,126.69,STATIC,154.22,STATIC,140.11,STATIC,False,0.030,60.0,0.000
65.77666666666667,1578,54.32,STATIC,145.12,STATIC,63.68,STATIC,24.16,STATIC,109.04,STATIC,127.97,STATIC,154.82,STATIC,141.41,STATIC,False,0.029,60.0,0.000
65.81833333333334,1579,53.79,STATIC,145.69,STATIC,63.98,STATIC,24.34,STATIC,108.97,STATIC,128.91,STATIC,154.71,STATIC,141.37,STATIC,False,0.029,60.0,0.000
65.86,1580,53.19,STATIC,147.21,STATIC,64.44,STATIC,24.50,STATIC,108.84,STATIC,130.17,STATIC,154.38,STATIC,141.50,STATIC,False,0.029,60.0,0.000
65.90166666666667,1581,53.18,STATIC,146.39,STATIC,64.60,STATIC,21.92,STATIC,109.64,STATIC,132.59,STATIC,155.86,STATIC,140.74,STATIC,False,0.031,60.0,0.000
65.94500000000002,1582,53.64,STATIC,145.60,STATIC,64.79,STATIC,20.66,STATIC,110.29,STATIC,133.25,STATIC,155.47,STATIC,139.55,STATIC,False,0.032,60.0,0.000
65.98666666666666,1583,54.26,STATIC,146.11,STATIC,64.79,STATIC,21.18,STATIC,111.15,STATIC,133.79,STATIC,156.13,STATIC,139.92,STATIC,False,0.031,60.0,0.000
66.02833333333334,1584,54.62,STATIC,146.84,STATIC,64.92,STATIC,22.07,STATIC,112.08,STATIC,133.77,STATIC,156.87,STATIC,140.50,STATIC,False,0.030,60.0,0.000
66.07000000000002,1585,54.76,STATIC,147.08,STATIC,65.00,STATIC,22.49,STATIC,112.89,STATIC,133.60,STATIC,157.49,STATIC,140.48,STATIC,False,0.030,60.0,0.000
66.11166666666666,1586,54.86,STATIC,147.01,STATIC,65.02,STATIC,22.36,STATIC,113.53,STATIC,133.16,STATIC,157.31,STATIC,140.07,STATIC,False,0.030,60.0,0.000
66.15333333333334,1587,55.43,STATIC,145.96,STATIC,64.77,STATIC,21.71,STATIC,114.16,STATIC,132.80,STATIC,157.25,STATIC,139.82,STATIC,False,0.030,60.0,0.000
66.19500000000002,1588,55.79,STATIC,146.06,STATIC,64.45,STATIC,22.05,STATIC,114.75,STATIC,132.44,STATIC,157.11,STATIC,139.86,STATIC,False,0.031,60.0,0.000
66.23666666666666,1589,56.20,STATIC,145.15,STATIC,64.01,STATIC,22.56,STATIC,115.32,STATIC,131.71,STATIC,157.59,STATIC,139.58,STATIC,False,0.031,60.0,0.000
66.27833333333334,1590,56.27,STATIC,147.24,STATIC,63.89,STATIC,25.59,STATIC,115.71,STATIC,131.02,STATIC,157.56,STATIC,139.91,STATIC,False,0.029,60.0,0.000
66.32000000000002,1591,56.21,STATIC,147.13,STATIC,63.76,STATIC,27.01,STATIC,115.89,STATIC,130.24,STATIC,158.47,STATIC,139.87,STATIC,False,0.028,60.0,0.000
66.36166666666666,1592,56.24,STATIC,146.77,STATIC,63.62,STATIC,27.21,STATIC,115.99,STATIC,129.73,STATIC,158.28,STATIC,139.91,STATIC,False,0.027,60.0,0.000
66.40333333333334,1593,56.26,STATIC,147.17,STATIC,63.35,STATIC,28.10,STATIC,115.94,STATIC,129.02,STATIC,158.65,STATIC,140.49,STATIC,False,0.025,60.0,0.000
66.44500000000002,1594,56.25,STATIC,146.51,STATIC,63.25,STATIC,27.44,STATIC,116.19,STATIC,129.08,STATIC,158.76,STATIC,140.43,STATIC,False,0.026,60.0,0.000
66.48666666666666,1595,56.25,STATIC,145.85,STATIC,63.20,STATIC,26.83,STATIC,117.01,STATIC,130.06,STATIC,159.27,STATIC,141.69,STATIC,False,0.027,60.0,0.000
66.52833333333334,1596,56.16,STATIC,146.54,STATIC,63.26,STATIC,27.31,STATIC,117.37,STATIC,130.25,STATIC,159.73,STATIC,142.43,STATIC,False,0.026,60.0,0.000
66.57000000000002,1597,55.97,STATIC,146.58,STATIC,63.37,STATIC,27.33,STATIC,117.49,STATIC,130.27,STATIC,160.70,STATIC,143.17,STATIC,False,0.026,60.0,0.000
66.61166666666666,1598,55.77,STATIC,146.34,STATIC,63.47,STATIC,27.39,STATIC,117.47,STATIC,130.26,STATIC,160.70,STATIC,143.20,STATIC,False,0.026,60.0,0.000
66.65333333333334,1599,55.93,STATIC,146.40,STATIC,63.53,STATIC,27.22,STATIC,117.45,STATIC,130.04,STATIC,160.70,STATIC,143.14,STATIC,False,0.026,60.0,0.000
66.69500000000002,1600,55.96,STATIC,146.37,STATIC,63.58,STATIC,27.42,STATIC,117.19,STATIC,129.31,STATIC,159.89,STATIC,142.26,STATIC,False,0.026,60.0,0.000
66.73666666666666,1601,55.92,STATIC,147.51,STATIC,63.66,STATIC,27.93,STATIC,116.83,STATIC,127.94,STATIC,159.50,STATIC,141.33,STATIC,False,0.026,60.0,0.000
66.77833333333334,1602,55.66,STATIC,149.07,STATIC,63.82,STATIC,29.27,STATIC,116.23,STATIC,127.04,STATIC,159.06,STATIC,141.33,STATIC,False,0.025,60.0,0.000
66.82000000000002,1603,55.51,STATIC,148.85,STATIC,63.97,STATIC,28.89,STATIC,115.34,STATIC,125.93,STATIC,159.31,STATIC,141.55,STATIC,False,0.025,60.0,0.000
66.86166666666666,1604,55.18,STATIC,148.32,STATIC,64.24,STATIC,28.46,STATIC,114.85,STATIC,125.82,STATIC,159.28,STATIC,141.33,STATIC,False,0.025,60.0,0.000
66.90333333333334,1605,54.84,STATIC,149.74,STATIC,64.55,STATIC,28.79,STATIC,114.38,STATIC,125.51,STATIC,159.05,STATIC,141.63,STATIC,False,0.026,60.0,0.000
66.94500000000002,1606,54.48,STATIC,149.80,STATIC,64.77,STATIC,28.52,STATIC,113.88,STATIC,125.55,STATIC,159.51,STATIC,142.08,STATIC,False,0.026,60.0,0.000
66.98666666666666,1607,54.06,STATIC,149.69,STATIC,64.94,STATIC,28.39,STATIC,113.74,STATIC,125.51,STATIC,159.34,STATIC,141.84,STATIC,False,0.026,60.0,0.000
67.02833333333334,1608,53.73,STATIC,149.87,STATIC,65.13,STATIC,28.45,STATIC,113.79,STATIC,125.73,STATIC,159.17,STATIC,140.79,STATIC,False,0.027,60.0,0.000
67.07000000000002,1609,53.53,STATIC,150.19,STATIC,65.30,STATIC,28.47,STATIC,113.87,STATIC,125.70,STATIC,158.54,STATIC,140.07,STATIC,False,0.027,60.0,0.000
67.11166666666666,1610,53.43,STATIC,149.83,STATIC,65.26,STATIC,28.38,STATIC,114.06,STATIC,125.59,STATIC,157.87,STATIC,139.78,STATIC,False,0.027,60.0,0.000
67.15333333333334,1611,53.60,STATIC,148.53,STATIC,65.16,STATIC,27.93,STATIC,114.56,STATIC,125.56,STATIC,157.62,STATIC,139.53,STATIC,False,0.027,60.0,0.000
67.19500000000002,1612,53.66,STATIC,148.24,STATIC,65.09,STATIC,27.93,STATIC,114.87,STATIC,125.54,STATIC,157.29,STATIC,139.48,STATIC,False,0.027,60.0,0.000
67.23666666666666,1613,53.84,STATIC,147.68,STATIC,64.90,STATIC,27.86,STATIC,115.23,STATIC,125.24,STATIC,156.82,STATIC,139.19,STATIC,False,0.027,60.0,0.000
67.27833333333334,1614,53.92,STATIC,147.63,STATIC,64.88,STATIC,28.14,STATIC,115.63,STATIC,124.99,STATIC,156.63,STATIC,139.12,STATIC,False,0.026,60.0,0.000
67.32000000000002,1615,53.78,STATIC,148.77,STATIC,64.99,STATIC,29.25,STATIC,115.93,STATIC,124.76,STATIC,156.73,STATIC,139.31,STATIC,False,0.025,60.0,0.000
67.36166666666666,1616,53.69,STATIC,148.82,STATIC,65.04,STATIC,29.62,STATIC,116.14,STATIC,124.55,STATIC,156.72,STATIC,139.41,STATIC,False,0.024,60.0,0.000
67.40333333333334,1617,53.68,STATIC,149.05,STATIC,65.11,STATIC,29.74,STATIC,116.27,STATIC,124.35,STATIC,156.66,STATIC,139.43,STATIC,False,0.024,60.0,0.000
67.44500000000002,1618,53.71,STATIC,149.04,STATIC,65.20,STATIC,29.78,STATIC,116.33,STATIC,124.08,STATIC,156.38,STATIC,139.49,STATIC,False,0.024,60.0,0.000
67.48666666666666,1619,53.69,STATIC,149.13,STATIC,65.25,STATIC,29.77,STATIC,116.36,STATIC,123.90,STATIC,156.28,STATIC,139.62,STATIC,False,0.024,60.0,0.000
67.52833333333334,1620,53.83,STATIC,148.21,STATIC,65.36,STATIC,28.19,STATIC,116.20,STATIC,123.49,STATIC,155.89,STATIC,139.45,STATIC,False,0.026,60.0,0.000
67.57000000000002,1621,53.93,STATIC,146.93,STATIC,65.42,STATIC,26.40,STATIC,116.26,STATIC,123.56,STATIC,155.29,STATIC,139.00,STATIC,False,0.029,60.0,0.000
67.61166666666666,1622,54.04,STATIC,147.07,STATIC,65.40,STATIC,26.42,STATIC,116.36,STATIC,123.63,STATIC,155.43,STATIC,138.92,STATIC,False,0.029,60.0,0.000
67.65333333333334,1623,54.17,STATIC,147.22,STATIC,65.37,STATIC,26.63,STATIC,116.43,STATIC,123.79,STATIC,155.31,STATIC,139.04,STATIC,False,0.029,60.0,0.000
67.69500000000002,1624,53.84,STATIC,147.49,STATIC,65.43,STATIC,26.57,STATIC,116.85,STATIC,124.45,STATIC,155.39,STATIC,139.15,STATIC,False,0.029,60.0,0.000
67.73666666666666,1625,53.43,STATIC,148.56,STATIC,65.60,STATIC,27.08,STATIC,117.26,STATIC,125.57,STATIC,156.46,STATIC,140.09,STATIC,False,0.029,60.0,0.000
67.77833333333334,1626,52.99,STATIC,148.84,STATIC,65.78,STATIC,27.06,STATIC,117.50,STATIC,126.51,STATIC,156.97,STATIC,140.90,STATIC,False,0.029,60.0,0.000
67.82000000000002,1627,52.42,STATIC,149.82,STATIC,65.95,STATIC,28.42,STATIC,117.50,STATIC,127.05,STATIC,157.36,STATIC,141.89,STATIC,False,0.027,60.0,0.000
67.86166666666666,1628,52.02,STATIC,149.99,STATIC,66.05,STATIC,28.95,STATIC,117.16,STATIC,127.16,STATIC,157.82,STATIC,142.78,STATIC,False,0.027,60.0,0.000
67.90333333333334,1629,51.71,STATIC,149.99,STATIC,66.14,STATIC,29.52,STATIC,116.89,STATIC,127.17,STATIC,157.56,STATIC,142.77,STATIC,False,0.026,60.0,0.000
67.94500000000002,1630,51.72,STATIC,149.38,STATIC,66.12,STATIC,29.21,STATIC,116.81,STATIC,127.11,STATIC,157.29,STATIC,142.67,STATIC,False,0.026,60.0,0.000
67.98666666666666,1631,51.57,STATIC,149.32,STATIC,66.14,STATIC,29.02,STATIC,116.53,STATIC,127.06,STATIC,157.17,STATIC,142.62,STATIC,False,0.026,60.0,0.000
68.02833333333334,1632,51.51,STATIC,149.50,STATIC,66.10,STATIC,28.98,STATIC,116.36,STATIC,126.81,STATIC,157.90,STATIC,142.97,STATIC,False,0.026,60.0,0.000
68.07000000000002,1633,51.48,STATIC,149.15,STATIC,66.09,STATIC,28.48,STATIC,116.29,STATIC,126.82,STATIC,157.66,STATIC,142.97,STATIC,False,0.026,60.0,0.000
68.11166666666666,1634,51.47,STATIC,148.63,STATIC,66.10,STATIC,27.66,STATIC,116.22,STATIC,126.91,STATIC,157.64,STATIC,142.51,STATIC,False,0.026,60.0,0.000
68.15333333333334,1635,51.47,STATIC,148.17,STATIC,66.09,STATIC,27.46,STATIC,116.25,STATIC,126.95,STATIC,157.56,STATIC,142.19,STATIC,False,0.027,60.0,0.000
68.19500000000002,1636,51.61,STATIC,147.04,STATIC,66.02,STATIC,26.61,STATIC,116.33,STATIC,127.41,STATIC,157.44,STATIC,142.10,STATIC,False,0.028,60.0,0.000
68.23666666666666,1637,51.70,STATIC,147.06,STATIC,65.95,STATIC,26.75,STATIC,116.30,STATIC,127.44,STATIC,157.47,STATIC,141.72,STATIC,False,0.028,60.0,0.000
68.27833333333334,1638,51.66,STATIC,147.51,STATIC,65.92,STATIC,27.35,STATIC,116.33,STATIC,127.50,STATIC,157.55,STATIC,141.34,STATIC,False,0.029,60.0,0.000
68.32000000000002,1639,51.98,STATIC,147.12,STATIC,65.75,STATIC,27.08,STATIC,116.35,STATIC,127.48,STATIC,157.18,STATIC,141.24,STATIC,False,0.029,60.0,0.000
68.36166666666666,1640,52.24,STATIC,146.53,STATIC,65.62,STATIC,26.71,STATIC,116.39,STATIC,127.47,STATIC,157.03,STATIC,141.08,STATIC,False,0.030,60.0,0.000
68.40333333333334,1641,52.59,STATIC,145.64,STATIC,65.45,STATIC,25.80,STATIC,116.61,STATIC,127.74,STATIC,156.83,STATIC,140.84,STATIC,False,0.032,60.0,0.000
68.44500000000002,1642,52.91,STATIC,145.37,STATIC,65.31,STATIC,25.60,STATIC,116.96,STATIC,128.07,STATIC,156.84,STATIC,140.49,STATIC,False,0.032,60.0,0.000
68.48666666666666,1643,53.10,STATIC,145.93,STATIC,65.22,STATIC,25.86,STATIC,117.34,STATIC,128.47,STATIC,156.68,STATIC,140.48,STATIC,False,0.032,60.0,0.000
68.52833333333334,1644,53.52,STATIC,145.73,STATIC,64.97,STATIC,25.31,STATIC,117.71,STATIC,128.86,STATIC,156.46,STATIC,140.31,STATIC,False,0.033,60.0,0.000
68.57000000000002,1645,53.85,STATIC,145.76,STATIC,64.75,STATIC,25.14,STATIC,118.21,STATIC,129.27,STATIC,156.26,STATIC,140.00,STATIC,False,0.033,60.0,0.000
68.61166666666666,1646,54.14,STATIC,146.05,STATIC,64.62,STATIC,25.20,STATIC,118.81,STATIC,129.93,STATIC,156.41,STATIC,140.33,STATIC,False,0.033,60.0,0.000
68.65333333333334,1647,54.48,STATIC,146.03,STATIC,64.48,STATIC,25.16,STATIC,119.29,STATIC,130.19,STATIC,156.25,STATIC,140.32,STATIC,False,0.033,60.0,0.000
68.69500000000002,1648,54.87,STATIC,146.18,STATIC,64.30,STATIC,25.27,STATIC,119.82,STATIC,130.58,STATIC,156.22,STATIC,140.41,STATIC,False,0.033,60.0,0.000
68.73666666666666,1649,55.55,STATIC,146.28,STATIC,63.90,STATIC,25.44,STATIC,120.25,STATIC,130.57,STATIC,156.16,STATIC,140.38,STATIC,False,0.032,60.0,0.000
68.77833333333334,1650,56.22,STATIC,145.93,STATIC,63.57,STATIC,25.31,STATIC,120.61,STATIC,130.17,STATIC,155.90,STATIC,139.93,STATIC,False,0.032,60.0,0.000
68.82000000000002,1651,56.85,STATIC,145.68,STATIC,63.23,STATIC,25.27,STATIC,120.90,STATIC,129.99,STATIC,155.84,STATIC,139.91,STATIC,False,0.032,60.0,0.000
68.86166666666666,1652,57.46,STATIC,145.55,STATIC,62.84,STATIC,25.29,STATIC,121.09,STATIC,129.98,STATIC,155.71,STATIC,139.85,STATIC,False,0.031,60.0,0.000
68.90333333333334,1653,58.35,STATIC,144.93,STATIC,62.33,STATIC,25.17,STATIC,120.95,STATIC,129.68,STATIC,155.91,STATIC,139.78,STATIC,False,0.030,60.0,0.000
68.94500000000002,1654,59.28,STATIC,144.59,STATIC,61.94,STATIC,25.17,STATIC,121.00,STATIC,129.60,STATIC,156.40,STATIC,139.91,STATIC,False,0.029,60.0,0.000
68.98666666666666,1655,60.01,STATIC,144.26,STATIC,61.58,STATIC,25.15,STATIC,120.74,STATIC,129.36,STATIC,156.75,STATIC,139.91,STATIC,False,0.029,60.0,0.000
69.02833333333334,1656,60.70,STATIC,144.10,STATIC,61.23,STATIC,25.16,STATIC,120.59,STATIC,129.16,STATIC,156.98,STATIC,139.88,STATIC,False,0.028,60.0,0.000
69.07000000000002,1657,61.45,STATIC,142.89,STATIC,60.93,STATIC,24.43,STATIC,120.60,STATIC,129.09,STATIC,156.66,STATIC,138.90,STATIC,False,0.029,60.0,0.000
69.11166666666666,1658,61.89,STATIC,142.66,STATIC,60.76,STATIC,24.05,STATIC,121.00,STATIC,129.66,STATIC,156.03,STATIC,137.67,STATIC,False,0.029,60.0,0.000
69.15333333333334,1659,62.28,STATIC,142.88,STATIC,60.67,STATIC,24.16,STATIC,121.44,STATIC,129.83,STATIC,156.09,STATIC,137.88,STATIC,False,0.029,60.0,0.000
69.19500000000002,1660,62.41,STATIC,143.12,STATIC,60.62,STATIC,24.33,STATIC,121.76,STATIC,129.75,STATIC,156.28,STATIC,138.04,STATIC,False,0.029,60.0,0.000
69.23666666666666,1661,62.53,STATIC,143.22,STATIC,60.59,STATIC,24.45,STATIC,122.11,STATIC,129.89,STATIC,156.08,STATIC,137.81,STATIC,False,0.030,60.0,0.000
69.27833333333334,1662,62.61,STATIC,143.31,STATIC,60.60,STATIC,24.63,STATIC,122.24,STATIC,129.68,STATIC,155.94,STATIC,138.01,STATIC,False,0.030,60.0,0.000
69.32000000000002,1663,62.74,STATIC,143.51,STATIC,60.67,STATIC,24.74,STATIC,122.10,STATIC,129.42,STATIC,156.09,STATIC,138.10,STATIC,False,0.031,60.0,0.000
69.36166666666666,1664,62.74,STATIC,143.72,STATIC,60.77,STATIC,24.84,STATIC,122.02,STATIC,129.24,STATIC,156.37,STATIC,138.05,STATIC,False,0.031,60.0,0.000
69.40333333333334,1665,62.89,STATIC,143.82,STATIC,60.70,STATIC,24.78,STATIC,122.13,STATIC,129.23,STATIC,156.14,STATIC,137.92,STATIC,False,0.032,60.0,0.000
69.44500000000002,1666,63.11,STATIC,143.89,STATIC,60.58,STATIC,24.79,STATIC,122.27,STATIC,129.11,STATIC,156.27,STATIC,138.04,STATIC,False,0.032,60.0,0.000
69.48666666666666,1667,63.10,STATIC,143.99,STATIC,60.57,STATIC,24.79,STATIC,122.53,STATIC,129.19,STATIC,156.40,STATIC,138.04,STATIC,False,0.032,60.0,0.000
69.52833333333334,1668,63.14,STATIC,144.09,STATIC,60.60,STATIC,24.84,STATIC,122.72,STATIC,129.28,STATIC,156.65,STATIC,138.17,STATIC,False,0.032,60.0,0.000
69.57000000000002,1669,62.90,STATIC,145.48,STATIC,60.79,STATIC,26.04,STATIC,122.98,STATIC,129.56,STATIC,157.30,STATIC,138.59,STATIC,False,0.031,60.0,0.000
69.61166666666666,1670,62.76,STATIC,146.58,STATIC,60.95,STATIC,26.83,STATIC,123.09,STATIC,129.88,STATIC,157.77,STATIC,139.08,STATIC,False,0.031,60.0,0.000
69.65333333333334,1671,62.72,STATIC,146.32,STATIC,61.01,STATIC,26.61,STATIC,123.21,STATIC,130.21,STATIC,157.87,STATIC,139.42,STATIC,False,0.031,60.0,0.000
69.69500000000002,1672,62.58,STATIC,146.53,STATIC,61.16,STATIC,26.64,STATIC,123.33,STATIC,130.64,STATIC,157.98,STATIC,139.82,STATIC,False,0.031,60.0,0.000
69.73666666666666,1673,62.64,STATIC,146.53,STATIC,61.14,STATIC,26.57,STATIC,123.30,STATIC,130.66,STATIC,157.87,STATIC,139.78,STATIC,False,0.030,60.0,0.000
69.77833333333334,1674,62.52,STATIC,146.33,STATIC,61.22,STATIC,26.47,STATIC,123.26,STATIC,130.51,STATIC,157.99,STATIC,139.85,STATIC,False,0.030,60.0,0.000
69.82000000000002,1675,62.29,STATIC,146.07,STATIC,61.27,STATIC,26.47,STATIC,123.20,STATIC,130.28,STATIC,158.13,STATIC,140.26,STATIC,False,0.030,60.0,0.000
69.86166666666666,1676,62.02,STATIC,146.15,STATIC,61.36,STATIC,26.77,STATIC,123.07,STATIC,130.00,STATIC,158.18,STATIC,140.60,STATIC,False,0.030,60.0,0.000
69.90333333333334,1677,61.86,STATIC,146.25,STATIC,61.43,STATIC,26.79,STATIC,122.74,STATIC,129.43,STATIC,158.36,STATIC,140.98,STATIC,False,0.029,60.0,0.000
69.94500000000002,1678,61.40,STATIC,146.88,STATIC,61.64,STATIC,27.29,STATIC,122.51,STATIC,129.17,STATIC,158.34,STATIC,140.95,STATIC,False,0.029,60.0,0.000
69.98833333333334,1679,60.79,STATIC,146.72,STATIC,61.86,STATIC,27.50,STATIC,122.25,STATIC,128.96,STATIC,158.35,STATIC,140.97,STATIC,False,0.029,60.0,0.000
70.03,1680,60.24,STATIC,147.08,STATIC,62.06,STATIC,27.89,STATIC,121.96,STATIC,128.64,STATIC,158.51,STATIC,141.13,STATIC,False,0.028,60.0,0.000
70.07166666666667,1681,59.72,STATIC,147.27,STATIC,62.36,STATIC,27.88,STATIC,121.61,STATIC,128.61,STATIC,158.46,STATIC,141.16,STATIC,False,0.027,60.0,0.000
70.11333333333334,1682,59.17,STATIC,147.52,STATIC,62.70,STATIC,29.03,STATIC,121.47,STATIC,129.14,STATIC,160.10,STATIC,142.15,STATIC,False,0.025,60.0,0.000
70.155,1683,58.71,STATIC,147.17,STATIC,62.86,STATIC,29.66,STATIC,121.09,STATIC,129.99,STATIC,160.14,STATIC,143.83,STATIC,False,0.024,60.0,0.000
70.19666666666667,1684,58.08,STATIC,147.58,STATIC,63.00,STATIC,30.50,STATIC,121.28,STATIC,131.82,STATIC,160.70,STATIC,145.95,STATIC,False,0.022,60.0,0.000
70.23833333333334,1685,57.05,STATIC,150.04,STATIC,63.54,STATIC,32.49,STATIC,121.25,STATIC,132.88,STATIC,160.51,STATIC,146.29,STATIC,False,0.019,60.0,0.000
70.28,1686,56.69,STATIC,151.38,STATIC,64.02,STATIC,33.15,STATIC,121.08,STATIC,133.16,STATIC,160.80,STATIC,146.69,STATIC,False,0.016,60.0,0.000
70.32166666666667,1687,56.27,STATIC,152.30,STATIC,64.61,STATIC,33.34,STATIC,120.73,STATIC,133.44,STATIC,160.66,STATIC,146.59,STATIC,False,0.013,60.0,0.000
70.36333333333334,1688,55.88,STATIC,152.35,STATIC,65.15,STATIC,33.02,STATIC,120.41,STATIC,133.26,STATIC,160.47,STATIC,146.43,STATIC,False,0.011,60.0,0.000
70.405,1689,55.12,STATIC,154.21,STATIC,65.61,STATIC,34.22,STATIC,120.22,STATIC,132.88,STATIC,160.60,STATIC,146.15,STATIC,False,0.009,60.0,0.000
70.44666666666667,1690,54.17,STATIC,153.04,STATIC,66.23,STATIC,33.49,STATIC,119.89,STATIC,133.10,STATIC,160.17,STATIC,146.70,STATIC,False,0.008,60.0,0.000
70.48833333333334,1691,52.81,STATIC,154.20,STATIC,66.91,STATIC,34.50,STATIC,119.80,STATIC,133.37,STATIC,160.70,STATIC,146.97,STATIC,False,0.008,60.0,0.000
70.53,1692,51.45,STATIC,153.96,STATIC,67.65,STATIC,34.29,STATIC,119.68,STATIC,133.65,STATIC,160.78,STATIC,147.28,STATIC,False,0.008,60.0,0.000
70.57166666666667,1693,50.51,STATIC,153.28,STATIC,68.09,STATIC,33.78,STATIC,119.46,STATIC,133.49,STATIC,161.05,STATIC,147.19,STATIC,False,0.008,60.0,0.000
70.61333333333334,1694,50.14,STATIC,154.42,STATIC,68.41,STATIC,33.82,STATIC,119.32,STATIC,133.09,STATIC,160.39,STATIC,146.03,STATIC,False,0.011,60.0,0.000
70.655,1695,50.32,STATIC,153.37,STATIC,68.32,STATIC,32.52,STATIC,119.54,STATIC,133.18,STATIC,160.44,STATIC,145.86,STATIC,False,0.013,60.0,0.000
70.69666666666667,1696,50.42,STATIC,152.72,STATIC,68.31,STATIC,31.99,STATIC,119.68,STATIC,133.11,STATIC,158.45,STATIC,144.59,STATIC,False,0.015,60.0,0.000
70.73833333333334,1697,50.95,STATIC,152.42,STATIC,68.01,STATIC,31.85,STATIC,119.83,STATIC,132.91,STATIC,158.04,STATIC,144.71,STATIC,False,0.015,60.0,0.000
70.78,1698,51.63,STATIC,152.44,STATIC,67.98,STATIC,31.77,STATIC,119.95,STATIC,132.86,STATIC,159.57,STATIC,145.96,STATIC,False,0.013,60.0,0.000
70.82166666666667,1699,52.63,STATIC,151.81,STATIC,67.85,STATIC,30.94,STATIC,119.83,STATIC,132.26,STATIC,159.80,STATIC,146.55,STATIC,False,0.011,60.0,0.000
70.86333333333334,1700,52.66,STATIC,153.11,STATIC,67.79,STATIC,31.72,STATIC,119.53,STATIC,133.56,STATIC,160.25,STATIC,147.78,STATIC,False,0.010,60.0,0.000
70.905,1701,52.83,STATIC,153.85,STATIC,67.66,STATIC,33.18,STATIC,119.40,STATIC,133.59,STATIC,159.60,STATIC,147.89,STATIC,False,0.006,60.0,0.000
70.94666666666667,1702,52.83,STATIC,157.98,STATIC,68.19,STATIC,31.80,STATIC,118.51,STATIC,134.28,STATIC,161.36,STATIC,149.20,STATIC,False,0.006,60.0,0.000
70.98833333333334,1703,53.02,STATIC,155.69,STATIC,67.96,STATIC,28.58,STATIC,118.22,STATIC,133.73,STATIC,158.35,STATIC,147.79,STATIC,False,0.004,60.0,0.000
71.03,1704,53.27,STATIC,155.69,STATIC,67.35,STATIC,29.40,STATIC,116.61,STATIC,130.96,STATIC,156.26,STATIC,146.21,STATIC,False,0.004,60.0,0.000
71.07166666666667,1705,52.98,STATIC,157.59,STATIC,67.12,STATIC,30.82,STATIC,115.80,STATIC,128.91,STATIC,156.73,STATIC,145.21,STATIC,False,0.003,60.0,0.000
71.11333333333334,1706,52.77,STATIC,165.18,EXTENSION,66.93,STATIC,37.51,EXTENSION,113.18,STATIC,123.48,FLEXION,155.83,STATIC,145.64,STATIC,False,0.002,60.0,0.000
71.155,1707,50.34,STATIC,163.39,STATIC,67.03,STATIC,37.02,STATIC,111.33,STATIC,122.13,STATIC,154.63,STATIC,149.46,STATIC,False,0.004,60.0,0.000
71.19666666666667,1708,47.63,STATIC,166.48,STATIC,68.06,STATIC,38.47,STATIC,108.85,STATIC,119.79,STATIC,151.56,STATIC,149.65,STATIC,False,0.002,60.0,0.000
71.23833333333334,1709,45.36,STATIC,168.27,STATIC,68.86,STATIC,40.08,STATIC,107.66,STATIC,119.46,STATIC,150.11,STATIC,149.82,STATIC,False,0.001,60.0,0.000
71.28,1710,42.60,STATIC,163.13,FLEXION,69.59,STATIC,36.81,STATIC,106.97,STATIC,118.75,STATIC,149.69,STATIC,150.03,STATIC,False,0.000,60.0,0.000
71.32166666666667,1711,40.60,STATIC,166.43,STATIC,70.28,STATIC,40.64,STATIC,104.75,STATIC,116.40,STATIC,143.70,FLEXION,144.99,FLEXION,False,0.000,60.0,0.000
71.36333333333334,1712,39.49,STATIC,165.46,STATIC,70.60,STATIC,38.47,STATIC,104.52,STATIC,115.14,STATIC,144.78,STATIC,146.31,STATIC,False,0.000,60.0,0.000
71.405,1713,37.03,STATIC,166.92,STATIC,71.37,STATIC,40.74,STATIC,103.38,STATIC,114.30,STATIC,144.69,STATIC,147.24,STATIC,False,0.000,60.0,0.000
71.44666666666667,1714,35.73,STATIC,165.41,STATIC,72.20,STATIC,38.86,STATIC,103.31,STATIC,112.35,STATIC,143.78,STATIC,150.65,STATIC,False,0.000,60.0,0.000
71.48833333333334,1715,33.88,STATIC,165.51,STATIC,73.00,STATIC,38.59,STATIC,102.43,STATIC,111.33,STATIC,142.84,STATIC,145.66,STATIC,False,0.000,60.0,0.000
71.53,1716,33.17,STATIC,168.05,STATIC,73.30,STATIC,41.18,STATIC,102.44,STATIC,111.17,STATIC,143.77,STATIC,145.11,STATIC,False,0.000,60.0,0.000
71.57166666666667,1717,31.78,STATIC,167.81,STATIC,73.91,STATIC,40.44,STATIC,102.29,STATIC,111.24,STATIC,144.26,STATIC,145.72,STATIC,False,0.000,60.0,0.000
71.61333333333334,1718,30.52,STATIC,166.90,STATIC,74.48,STATIC,38.97,STATIC,102.16,STATIC,110.13,STATIC,143.32,STATIC,143.70,STATIC,False,0.000,60.0,0.000
71.655,1719,29.26,STATIC,168.22,STATIC,75.71,STATIC,34.44,STATIC,102.04,STATIC,110.43,STATIC,139.90,STATIC,141.26,STATIC,False,0.002,60.0,0.000
71.69666666666667,1720,27.20,STATIC,168.20,STATIC,76.96,STATIC,35.17,STATIC,101.23,STATIC,106.59,STATIC,136.32,STATIC,134.59,FLEXION,False,0.007,60.0,0.000
71.73833333333334,1721,19.91,FLEXION,167.29,STATIC,78.31,STATIC,33.18,STATIC,100.88,STATIC,104.51,STATIC,132.00,STATIC,127.98,FLEXION,False,0.011,60.0,0.000
71.78,1722,14.72,FLEXION,166.54,STATIC,80.50,STATIC,34.84,STATIC,100.36,STATIC,102.72,STATIC,127.92,STATIC,119.24,FLEXION,False,0.013,60.0,0.000
71.82166666666667,1723,13.18,STATIC,165.95,STATIC,81.85,STATIC,33.84,STATIC,99.91,STATIC,101.52,STATIC,124.94,STATIC,111.53,FLEXION,False,0.012,60.0,0.000
71.86333333333334,1724,15.14,STATIC,166.42,STATIC,81.53,STATIC,31.01,STATIC,100.12,STATIC,102.53,STATIC,122.02,STATIC,105.91,FLEXION,False,0.013,60.0,0.000
71.905,1725,22.21,EXTENSION,167.34,STATIC,81.37,STATIC,30.93,STATIC,100.16,STATIC,101.47,STATIC,120.43,STATIC,102.21,STATIC,False,0.014,60.0,0.000
71.94666666666667,1726,22.10,STATIC,165.93,STATIC,81.54,STATIC,29.99,STATIC,99.86,STATIC,100.23,STATIC,117.40,STATIC,97.80,STATIC,False,0.018,60.0,0.000
71.98833333333334,1727,22.17,STATIC,162.28,STATIC,81.42,STATIC,24.79,FLEXION,99.84,STATIC,99.66,STATIC,116.69,STATIC,97.62,STATIC,False,0.192,60.0,0.000
72.03,1728,25.32,STATIC,156.98,FLEXION,81.60,STATIC,21.68,STATIC,99.84,STATIC,98.87,STATIC,114.51,STATIC,97.23,STATIC,False,0.022,60.0,0.000
72.07166666666667,1729,8.20,FLEXION,150.18,FLEXION,81.03,STATIC,26.92,EXTENSION,99.98,STATIC,99.42,STATIC,112.08,STATIC,96.09,STATIC,False,0.015,60.0,0.000
72.11333333333334,1730,14.14,EXTENSION,145.66,STATIC,80.28,STATIC,28.57,STATIC,99.83,STATIC,98.94,STATIC,111.91,STATIC,93.90,STATIC,False,0.007,60.0,0.000
72.155,1731,24.73,EXTENSION,142.10,STATIC,80.30,STATIC,29.26,STATIC,99.49,STATIC,98.17,STATIC,110.19,STATIC,92.41,STATIC,False,0.009,60.0,0.000
72.19666666666667,1732,29.25,STATIC,140.42,STATIC,80.13,STATIC,28.33,STATIC,99.57,STATIC,98.62,STATIC,108.21,STATIC,92.87,STATIC,False,0.011,60.0,0.000
72.23833333333334,1733,33.36,STATIC,139.81,STATIC,79.96,STATIC,28.93,STATIC,99.90,STATIC,99.10,STATIC,108.38,STATIC,93.18,STATIC,False,0.008,60.0,0.000
72.28,1734,36.73,STATIC,138.32,STATIC,79.84,STATIC,24.74,STATIC,99.87,STATIC,98.45,STATIC,108.32,STATIC,93.73,STATIC,False,0.010,60.0,0.000
72.32166666666667,1735,34.90,STATIC,139.91,STATIC,79.54,STATIC,28.03,STATIC,99.68,STATIC,98.86,STATIC,107.09,STATIC,93.84,STATIC,False,0.004,60.0,0.000
72.36333333333334,1736,36.00,STATIC,138.71,STATIC,79.49,STATIC,31.39,STATIC,99.93,STATIC,99.10,STATIC,107.16,STATIC,94.48,STATIC,False,0.008,60.0,0.000
72.405,1737,37.75,STATIC,139.31,STATIC,79.26,STATIC,35.29,STATIC,100.00,STATIC,99.15,STATIC,106.14,STATIC,94.92,STATIC,False,0.012,60.0,0.000
72.44666666666667,1738,37.63,STATIC,139.93,STATIC,79.15,STATIC,36.94,STATIC,99.87,STATIC,99.57,STATIC,105.11,STATIC,95.88,STATIC,False,0.013,60.0,0.000
72.48833333333334,1739,38.42,STATIC,143.01,STATIC,78.85,STATIC,40.30,STATIC,99.46,STATIC,99.52,STATIC,104.23,STATIC,96.54,STATIC,False,0.004,60.0,0.000
72.53,1740,38.58,STATIC,142.59,STATIC,78.64,STATIC,36.41,STATIC,99.38,STATIC,99.46,STATIC,103.27,STATIC,96.68,STATIC,False,0.005,60.0,0.000
72.57166666666667,1741,38.16,STATIC,139.55,STATIC,78.33,STATIC,31.01,FLEXION,99.25,STATIC,99.15,STATIC,102.48,STATIC,96.38,STATIC,False,0.179,60.0,0.000
72.61333333333334,1742,41.89,STATIC,139.74,STATIC,78.61,STATIC,29.67,STATIC,98.83,STATIC,98.61,STATIC,101.52,STATIC,96.62,STATIC,False,0.018,60.0,0.000
72.655,1743,42.21,STATIC,139.64,STATIC,78.11,STATIC,29.26,STATIC,98.63,STATIC,98.28,STATIC,101.15,STATIC,96.47,STATIC,False,0.023,60.0,0.000
72.69666666666667,1744,42.25,STATIC,142.48,STATIC,77.65,STATIC,30.85,STATIC,98.05,STATIC,97.44,STATIC,100.74,STATIC,96.44,STATIC,False,0.021,60.0,0.000
72.73833333333334,1745,44.62,STATIC,143.21,STATIC,77.51,STATIC,30.12,STATIC,97.92,STATIC,97.38,STATIC,101.10,STATIC,97.66,STATIC,False,0.023,60.0,0.000
72.78,1746,43.00,STATIC,142.95,STATIC,75.77,STATIC,30.04,STATIC,97.93,STATIC,97.08,STATIC,101.30,STATIC,99.41,STATIC,False,0.022,60.0,0.000
72.82166666666667,1747,51.57,EXTENSION,143.81,STATIC,76.99,STATIC,30.84,STATIC,98.13,STATIC,97.84,STATIC,102.81,STATIC,102.56,STATIC,False,0.026,60.0,0.000
72.86333333333334,1748,58.62,EXTENSION,143.79,STATIC,78.26,STATIC,32.13,STATIC,98.93,STATIC,99.27,STATIC,106.06,STATIC,108.07,EXTENSION,False,0.030,60.0,0.000
72.905,1749,62.03,STATIC,148.36,STATIC,79.60,STATIC,38.28,EXTENSION,98.19,STATIC,98.29,STATIC,108.02,STATIC,111.57,STATIC,False,0.035,60.0,0.000
72.94666666666667,1750,60.77,STATIC,148.80,STATIC,77.60,STATIC,35.53,STATIC,98.24,STATIC,98.24,STATIC,109.62,STATIC,113.51,STATIC,False,0.038,60.0,0.000
72.98833333333334,1751,64.56,STATIC,152.10,STATIC,77.35,STATIC,35.86,STATIC,98.86,STATIC,99.02,STATIC,111.97,STATIC,115.81,STATIC,False,0.043,60.0,0.000
73.03,1752,65.26,STATIC,151.35,STATIC,74.87,STATIC,36.57,STATIC,99.45,STATIC,100.10,STATIC,113.22,STATIC,116.59,STATIC,False,0.050,60.0,0.000
73.07166666666667,1753,66.46,STATIC,153.99,STATIC,72.42,STATIC,37.60,STATIC,98.77,STATIC,98.94,STATIC,115.22,STATIC,118.14,STATIC,False,0.051,60.0,0.000
73.11333333333334,1754,68.33,STATIC,156.94,STATIC,70.28,STATIC,37.81,STATIC,98.50,STATIC,98.89,STATIC,116.36,STATIC,118.39,STATIC,False,0.050,60.0,0.000
73.155,1755,71.52,STATIC,156.78,STATIC,67.47,STATIC,37.97,STATIC,99.06,STATIC,99.35,STATIC,116.09,STATIC,116.85,STATIC,False,0.053,60.0,0.000
73.19666666666667,1756,76.02,STATIC,155.38,STATIC,62.30,FLEXION,33.45,STATIC,98.22,STATIC,98.06,STATIC,117.94,STATIC,119.72,STATIC,False,0.221,60.0,0.000
73.23833333333334,1757,78.95,STATIC,154.69,STATIC,61.78,STATIC,32.83,STATIC,98.18,STATIC,98.06,STATIC,118.41,STATIC,118.81,STATIC,False,0.056,60.0,0.000
73.28,1758,84.45,EXTENSION,157.30,STATIC,61.21,STATIC,32.44,STATIC,98.01,STATIC,97.53,STATIC,119.56,STATIC,120.06,STATIC,False,0.055,60.0,0.000
73.32166666666667,1759,87.26,STATIC,157.08,STATIC,59.67,STATIC,33.64,STATIC,97.96,STATIC,97.52,STATIC,118.87,STATIC,118.73,STATIC,False,0.056,60.0,0.000
73.36333333333334,1760,89.84,STATIC,157.34,STATIC,58.87,STATIC,35.66,STATIC,98.14,STATIC,97.94,STATIC,118.00,STATIC,117.05,STATIC,False,0.057,60.0,0.000
73.405,1761,90.73,STATIC,158.22,STATIC,53.71,FLEXION,36.53,STATIC,97.81,STATIC,97.44,STATIC,118.20,STATIC,117.39,STATIC,False,0.225,60.0,0.000
73.44666666666667,1762,91.12,STATIC,152.75,FLEXION,50.69,STATIC,36.09,STATIC,97.58,STATIC,97.09,STATIC,116.99,STATIC,116.39,STATIC,False,0.060,60.0,0.000
73.48833333333334,1763,88.27,STATIC,150.39,STATIC,47.39,STATIC,37.59,STATIC,98.11,STATIC,97.91,STATIC,115.97,STATIC,115.19,STATIC,False,0.061,60.0,0.000
73.53,1764,91.09,STATIC,147.43,STATIC,46.63,STATIC,38.85,STATIC,98.87,STATIC,98.98,STATIC,116.46,STATIC,114.53,STATIC,False,0.061,60.0,0.000
73.57166666666667,1765,90.95,STATIC,146.55,STATIC,46.98,STATIC,41.34,STATIC,98.99,STATIC,99.16,STATIC,116.62,STATIC,114.18,STATIC,False,0.062,60.0,0.000
73.61333333333334,1766,88.65,STATIC,142.07,STATIC,45.20,STATIC,41.76,STATIC,99.47,STATIC,99.85,STATIC,117.76,STATIC,114.55,STATIC,False,0.063,60.0,0.000
73.655,1767,88.53,STATIC,139.85,STATIC,47.16,STATIC,41.64,STATIC,100.06,STATIC,100.81,STATIC,119.71,STATIC,115.05,STATIC,False,0.063,60.0,0.000
73.69666666666667,1768,90.72,STATIC,141.21,STATIC,46.70,STATIC,42.48,STATIC,100.57,STATIC,101.34,STATIC,120.83,STATIC,114.97,STATIC,False,0.063,60.0,0.000
73.73833333333334,1769,91.67,STATIC,141.96,STATIC,48.36,STATIC,43.11,STATIC,100.98,STATIC,101.15,STATIC,121.68,STATIC,114.97,STATIC,False,0.063,60.0,0.000
73.78,1770,92.46,STATIC,142.89,STATIC,47.90,STATIC,42.58,STATIC,100.99,STATIC,100.77,STATIC,122.04,STATIC,114.52,STATIC,False,0.063,60.0,0.000
73.82166666666667,1771,92.23,STATIC,142.73,STATIC,46.72,STATIC,44.44,STATIC,101.34,STATIC,100.97,STATIC,121.05,STATIC,113.67,STATIC,False,0.063,60.0,0.000
73.86333333333334,1772,91.58,STATIC,141.82,STATIC,45.48,STATIC,44.99,STATIC,101.49,STATIC,101.17,STATIC,120.76,STATIC,113.14,STATIC,False,0.063,60.0,0.000
73.90666666666667,1773,90.41,STATIC,137.81,STATIC,43.88,STATIC,44.71,STATIC,101.51,STATIC,100.99,STATIC,120.74,STATIC,112.54,STATIC,False,0.063,60.0,0.000
73.94666666666667,1774,89.48,STATIC,137.49,STATIC,42.37,STATIC,46.54,STATIC,101.81,STATIC,101.38,STATIC,121.46,STATIC,112.90,STATIC,False,0.063,60.0,0.000
73.99000000000001,1775,90.63,STATIC,138.77,STATIC,42.40,STATIC,46.87,STATIC,102.10,STATIC,101.80,STATIC,122.53,STATIC,113.57,STATIC,False,0.063,60.0,0.000
74.03166666666667,1776,91.63,STATIC,140.71,STATIC,42.14,STATIC,47.24,STATIC,102.12,STATIC,101.49,STATIC,123.42,STATIC,113.45,STATIC,False,0.063,60.0,0.000
74.07333333333334,1777,92.26,STATIC,141.93,STATIC,42.35,STATIC,50.03,STATIC,102.26,STATIC,101.89,STATIC,123.38,STATIC,113.53,STATIC,False,0.063,60.0,0.000
74.11500000000001,1778,92.67,STATIC,141.15,STATIC,41.81,STATIC,48.37,STATIC,102.05,STATIC,101.58,STATIC,123.95,STATIC,113.77,STATIC,False,0.063,60.0,0.000
74.15666666666667,1779,93.06,STATIC,141.31,STATIC,41.65,STATIC,47.51,STATIC,101.94,STATIC,101.43,STATIC,124.27,STATIC,114.05,STATIC,False,0.063,60.0,0.000
74.19833333333334,1780,92.46,STATIC,141.35,STATIC,40.41,STATIC,47.21,STATIC,101.31,STATIC,100.63,STATIC,124.24,STATIC,114.07,STATIC,False,0.063,60.0,0.000
74.24000000000001,1781,94.31,STATIC,143.81,STATIC,39.89,STATIC,45.65,STATIC,100.57,STATIC,99.74,STATIC,123.84,STATIC,114.50,STATIC,False,0.062,60.0,0.000
74.28166666666667,1782,95.93,STATIC,146.44,STATIC,38.49,STATIC,45.12,STATIC,99.65,STATIC,98.04,STATIC,123.53,STATIC,115.31,STATIC,False,0.062,60.0,0.000
74.32333333333334,1783,96.38,STATIC,147.50,STATIC,38.67,STATIC,44.96,STATIC,99.77,STATIC,98.41,STATIC,123.36,STATIC,117.60,STATIC,False,0.062,60.0,0.000
74.36500000000001,1784,95.82,STATIC,145.65,STATIC,37.41,STATIC,44.48,STATIC,99.31,STATIC,97.53,STATIC,122.35,STATIC,118.80,STATIC,False,0.062,60.0,0.000
74.40666666666667,1785,96.27,STATIC,143.56,STATIC,36.44,STATIC,42.84,STATIC,98.20,STATIC,96.22,STATIC,120.59,STATIC,119.42,STATIC,False,0.062,60.0,0.000
74.44833333333334,1786,96.07,STATIC,141.99,STATIC,35.76,STATIC,43.43,STATIC,99.16,STATIC,98.01,STATIC,120.60,STATIC,121.81,STATIC,False,0.062,60.0,0.000
74.49000000000001,1787,96.94,STATIC,142.92,STATIC,33.74,STATIC,42.78,STATIC,97.54,STATIC,95.81,STATIC,119.08,STATIC,123.13,STATIC,False,0.061,60.0,0.000
74.53166666666667,1788,96.75,STATIC,142.77,STATIC,32.50,STATIC,42.68,STATIC,97.57,STATIC,96.10,STATIC,118.23,STATIC,124.64,STATIC,False,0.061,60.0,0.000
74.57333333333334,1789,96.21,STATIC,141.89,STATIC,31.80,STATIC,42.58,STATIC,98.01,STATIC,96.78,STATIC,118.00,STATIC,126.14,STATIC,False,0.061,60.0,0.000
74.61500000000001,1790,96.29,STATIC,141.99,STATIC,31.23,STATIC,42.56,STATIC,98.25,STATIC,97.24,STATIC,118.20,STATIC,127.54,STATIC,False,0.061,60.0,0.000
74.65666666666667,1791,97.09,STATIC,142.49,STATIC,31.43,STATIC,42.86,STATIC,98.36,STATIC,97.57,STATIC,118.32,STATIC,128.73,STATIC,False,0.060,60.0,0.000
74.69833333333334,1792,97.91,STATIC,143.10,STATIC,31.45,STATIC,43.20,STATIC,98.45,STATIC,97.73,STATIC,118.50,STATIC,129.52,STATIC,False,0.060,60.0,0.000
74.74000000000001,1793,100.27,STATIC,144.83,STATIC,30.77,STATIC,42.66,STATIC,97.78,STATIC,96.44,STATIC,118.69,STATIC,130.36,STATIC,False,0.059,60.0,0.000
74.78166666666667,1794,100.04,STATIC,145.50,STATIC,30.40,STATIC,43.08,STATIC,98.03,STATIC,96.86,STATIC,118.26,STATIC,130.31,STATIC,False,0.058,60.0,0.000
74.82333333333334,1795,99.65,STATIC,145.99,STATIC,30.12,STATIC,43.36,STATIC,98.00,STATIC,97.14,STATIC,117.99,STATIC,130.69,STATIC,False,0.057,60.0,0.000
74.86500000000001,1796,99.85,STATIC,145.66,STATIC,30.05,STATIC,43.18,STATIC,97.92,STATIC,97.13,STATIC,117.78,STATIC,130.83,STATIC,False,0.057,60.0,0.000
74.90666666666667,1797,100.23,STATIC,145.39,STATIC,29.96,STATIC,43.07,STATIC,97.94,STATIC,96.83,STATIC,117.94,STATIC,131.15,STATIC,False,0.056,60.0,0.000
74.94833333333334,1798,98.80,STATIC,145.13,STATIC,29.50,STATIC,42.59,STATIC,97.96,STATIC,96.62,STATIC,117.55,STATIC,132.31,STATIC,False,0.055,60.0,0.000
74.99000000000001,1799,98.99,STATIC,145.14,STATIC,29.16,STATIC,42.12,STATIC,97.69,STATIC,96.31,STATIC,116.75,STATIC,133.18,STATIC,False,0.054,60.0,0.000
75.03166666666667,1800,100.93,STATIC,146.42,STATIC,29.35,STATIC,43.13,STATIC,98.91,STATIC,98.02,STATIC,117.94,STATIC,135.27,STATIC,False,0.054,60.0,0.000
75.07333333333334,1801,96.35,STATIC,146.45,STATIC,30.31,STATIC,44.44,STATIC,99.92,STATIC,100.12,STATIC,118.66,STATIC,136.88,STATIC,False,0.053,60.0,0.000
75.11500000000001,1802,96.46,STATIC,147.40,STATIC,31.38,STATIC,45.24,STATIC,100.25,STATIC,100.48,STATIC,119.39,STATIC,138.18,STATIC,False,0.053,60.0,0.000
75.15666666666667,1803,94.52,STATIC,145.20,STATIC,32.20,STATIC,45.32,STATIC,100.87,STATIC,101.81,STATIC,119.18,STATIC,137.40,STATIC,False,0.054,60.0,0.000
75.19833333333334,1804,94.42,STATIC,143.37,STATIC,32.72,STATIC,46.53,STATIC,101.30,STATIC,102.78,STATIC,119.01,STATIC,136.73,STATIC,False,0.054,60.0,0.000
75.24000000000001,1805,95.69,STATIC,142.67,STATIC,34.38,STATIC,46.91,STATIC,101.35,STATIC,103.31,STATIC,119.89,STATIC,136.32,STATIC,False,0.054,60.0,0.000
75.28166666666667,1806,96.23,STATIC,142.77,STATIC,35.87,STATIC,47.59,STATIC,101.62,STATIC,103.42,STATIC,120.20,STATIC,135.62,STATIC,False,0.054,60.0,0.000
75.32333333333334,1807,97.26,STATIC,146.06,STATIC,36.43,STATIC,48.98,STATIC,101.31,STATIC,102.64,STATIC,120.40,STATIC,134.87,STATIC,False,0.053,60.0,0.000
75.36500000000001,1808,98.08,STATIC,148.75,STATIC,37.62,STATIC,47.67,STATIC,101.02,STATIC,101.87,STATIC,120.28,STATIC,134.16,STATIC,False,0.051,60.0,0.000
75.40666666666667,1809,104.98,EXTENSION,151.73,STATIC,39.80,STATIC,46.60,STATIC,100.98,STATIC,101.45,STATIC,119.86,STATIC,132.67,STATIC,False,0.049,60.0,0.000
75.44833333333334,1810,104.37,STATIC,149.06,STATIC,40.53,STATIC,46.43,STATIC,101.37,STATIC,102.36,STATIC,119.75,STATIC,132.42,STATIC,False,0.050,60.0,0.000
75.49000000000001,1811,106.55,STATIC,154.06,STATIC,44.04,STATIC,46.90,STATIC,101.15,STATIC,101.65,STATIC,119.39,STATIC,131.33,STATIC,False,0.048,60.0,0.000
75.53166666666667,1812,106.76,STATIC,153.88,STATIC,46.15,STATIC,47.12,STATIC,101.33,STATIC,101.69,STATIC,118.96,STATIC,130.75,STATIC,False,0.047,60.0,0.000
75.57333333333334,1813,104.68,STATIC,152.30,STATIC,47.12,STATIC,46.77,STATIC,101.53,STATIC,101.81,STATIC,117.97,STATIC,129.51,STATIC,False,0.048,60.0,0.000
75.61500000000001,1814,103.55,STATIC,150.51,STATIC,49.07,STATIC,46.40,STATIC,101.64,STATIC,102.08,STATIC,116.69,STATIC,128.11,STATIC,False,0.048,60.0,0.000
75.65666666666667,1815,105.04,STATIC,152.58,STATIC,50.00,STATIC,47.00,STATIC,101.52,STATIC,101.76,STATIC,116.10,STATIC,127.38,STATIC,False,0.047,60.0,0.000
75.69833333333334,1816,104.95,STATIC,152.69,STATIC,50.90,STATIC,47.11,STATIC,101.62,STATIC,101.38,STATIC,115.28,STATIC,126.04,STATIC,False,0.048,60.0,0.000
75.74000000000001,1817,104.59,STATIC,152.45,STATIC,50.98,STATIC,46.88,STATIC,101.70,STATIC,101.34,STATIC,114.63,STATIC,125.05,STATIC,False,0.048,60.0,0.000
75.78166666666667,1818,104.49,STATIC,151.62,STATIC,51.48,STATIC,47.04,STATIC,101.77,STATIC,101.51,STATIC,113.99,STATIC,124.24,STATIC,False,0.048,60.0,0.000
75.82333333333334,1819,104.83,STATIC,151.89,STATIC,52.02,STATIC,47.48,STATIC,101.73,STATIC,101.76,STATIC,113.95,STATIC,124.12,STATIC,False,0.047,60.0,0.000
75.86500000000001,1820,105.40,STATIC,153.26,STATIC,51.84,STATIC,48.12,STATIC,101.74,STATIC,101.65,STATIC,113.99,STATIC,123.76,STATIC,False,0.046,60.0,0.000
75.90666666666667,1821,105.47,STATIC,153.06,STATIC,51.77,STATIC,48.04,STATIC,101.77,STATIC,101.89,STATIC,113.45,STATIC,122.89,STATIC,False,0.047,60.0,0.000
75.94833333333334,1822,107.11,STATIC,155.27,STATIC,52.28,STATIC,47.72,STATIC,101.46,STATIC,101.79,STATIC,113.03,STATIC,122.68,STATIC,False,0.046,60.0,0.000
75.99000000000001,1823,109.01,STATIC,157.72,STATIC,54.11,STATIC,47.42,STATIC,100.80,STATIC,100.55,STATIC,112.79,STATIC,121.85,STATIC,False,0.046,60.0,0.000
76.03166666666667,1824,107.93,STATIC,157.75,STATIC,53.16,STATIC,46.98,STATIC,100.94,STATIC,100.57,STATIC,112.55,STATIC,120.95,STATIC,False,0.046,60.0,0.000
76.07333333333334,1825,108.25,STATIC,159.96,STATIC,53.08,STATIC,45.22,STATIC,100.33,STATIC,99.84,STATIC,112.72,STATIC,121.34,STATIC,False,0.044,60.0,0.000
76.11500000000001,1826,106.83,STATIC,156.93,STATIC,50.81,STATIC,40.09,FLEXION,99.68,STATIC,98.98,STATIC,111.35,STATIC,120.24,STATIC,False,0.210,60.0,0.000
76.15666666666667,1827,105.06,STATIC,148.59,FLEXION,47.03,STATIC,32.01,FLEXION,99.40,STATIC,98.56,STATIC,110.71,STATIC,120.78,STATIC,False,0.209,60.0,0.000
76.19833333333334,1828,99.90,FLEXION,145.06,STATIC,45.45,STATIC,31.24,STATIC,99.05,STATIC,97.90,STATIC,110.62,STATIC,121.86,STATIC,False,0.042,60.0,0.000
76.24000000000001,1829,95.37,STATIC,144.39,STATIC,45.09,STATIC,31.85,STATIC,98.31,STATIC,96.50,STATIC,108.90,STATIC,120.60,STATIC,False,0.041,60.0,0.000
76.28166666666667,1830,92.66,STATIC,149.58,EXTENSION,45.41,STATIC,35.40,STATIC,98.49,STATIC,96.69,STATIC,109.38,STATIC,123.15,STATIC,False,0.036,60.0,0.000
76.32333333333334,1831,89.60,STATIC,147.26,STATIC,43.76,STATIC,35.05,STATIC,98.72,STATIC,97.61,STATIC,109.21,STATIC,123.01,STATIC,False,0.032,60.0,0.000
76.36500000000001,1832,90.19,STATIC,149.17,STATIC,44.84,STATIC,34.25,STATIC,98.51,STATIC,97.31,STATIC,109.08,STATIC,124.01,STATIC,False,0.030,60.0,0.000
76.40666666666667,1833,87.03,STATIC,149.27,STATIC,44.60,STATIC,34.02,STATIC,98.34,STATIC,96.89,STATIC,108.85,STATIC,123.19,STATIC,False,0.029,60.0,0.000
76.44833333333334,1834,87.32,STATIC,151.95,STATIC,44.18,STATIC,37.35,STATIC,98.14,STATIC,97.00,STATIC,109.55,STATIC,123.50,STATIC,False,0.026,60.0,0.000
76.49000000000001,1835,88.85,STATIC,151.91,STATIC,44.83,STATIC,36.18,STATIC,97.96,STATIC,96.80,STATIC,111.13,STATIC,124.18,STATIC,False,0.022,60.0,0.000
76.53166666666667,1836,91.14,STATIC,148.52,STATIC,44.02,STATIC,31.04,FLEXION,98.52,STATIC,97.44,STATIC,114.00,STATIC,125.65,STATIC,False,0.185,60.0,0.000
76.57333333333334,1837,93.79,STATIC,151.74,STATIC,44.12,STATIC,33.45,STATIC,98.62,STATIC,97.58,STATIC,115.38,STATIC,127.61,STATIC,False,0.011,60.0,0.000
76.61500000000001,1838,90.75,STATIC,157.93,EXTENSION,44.96,STATIC,37.52,STATIC,98.41,STATIC,97.50,STATIC,115.60,STATIC,124.65,STATIC,False,0.007,60.0,0.000
76.65666666666667,1839,85.66,FLEXION,158.90,STATIC,46.38,STATIC,37.29,STATIC,98.34,STATIC,97.02,STATIC,113.43,STATIC,124.81,STATIC,False,0.006,60.0,0.000
76.69833333333334,1840,78.82,FLEXION,157.76,STATIC,49.46,STATIC,38.70,STATIC,98.15,STATIC,97.12,STATIC,111.71,STATIC,123.51,STATIC,False,0.008,60.0,0.000
76.74000000000001,1841,73.84,STATIC,161.23,STATIC,52.55,STATIC,43.03,STATIC,98.68,STATIC,97.06,STATIC,111.23,STATIC,121.76,STATIC,False,0.015,60.0,0.000
76.78166666666667,1842,69.11,STATIC,158.85,STATIC,57.14,STATIC,40.04,STATIC,99.05,STATIC,97.50,STATIC,109.60,STATIC,119.04,STATIC,False,0.009,60.0,0.000
76.82333333333334,1843,62.19,FLEXION,158.95,STATIC,60.79,STATIC,40.25,STATIC,99.07,STATIC,97.54,STATIC,108.34,STATIC,116.38,STATIC,False,0.004,60.0,0.000
76.86500000000001,1844,57.51,STATIC,160.27,STATIC,64.24,STATIC,40.54,STATIC,98.87,STATIC,97.50,STATIC,106.94,STATIC,114.53,STATIC,False,0.005,60.0,0.000
76.90666666666667,1845,54.86,STATIC,163.16,STATIC,67.89,STATIC,39.76,STATIC,98.90,STATIC,97.59,STATIC,105.60,STATIC,111.93,STATIC,False,0.007,60.0,0.000
76.94833333333334,1846,53.91,STATIC,162.19,STATIC,70.99,STATIC,37.11,STATIC,98.97,STATIC,97.51,STATIC,104.86,STATIC,110.84,STATIC,False,0.007,60.0,0.000
76.99000000000001,1847,52.30,STATIC,159.56,STATIC,73.23,STATIC,37.10,STATIC,98.90,STATIC,97.35,STATIC,103.54,STATIC,109.95,STATIC,False,0.007,60.0,0.000
77.03166666666667,1848,51.92,STATIC,157.91,STATIC,74.94,STATIC,37.09,STATIC,98.79,STATIC,97.03,STATIC,102.81,STATIC,110.45,STATIC,False,0.007,60.0,0.000
77.07333333333334,1849,50.87,STATIC,153.76,STATIC,75.99,STATIC,35.70,STATIC,98.71,STATIC,97.13,STATIC,101.70,STATIC,109.75,STATIC,False,0.006,60.0,0.000
77.11500000000001,1850,49.61,STATIC,154.83,STATIC,76.98,STATIC,36.66,STATIC,98.72,STATIC,97.23,STATIC,100.86,STATIC,111.01,STATIC,False,0.005,60.0,0.000
77.15666666666667,1851,44.39,FLEXION,155.65,STATIC,77.70,STATIC,34.06,STATIC,98.73,STATIC,97.19,STATIC,100.99,STATIC,109.28,STATIC,False,0.006,60.0,0.000
77.19833333333334,1852,40.84,STATIC,156.26,STATIC,78.27,STATIC,34.62,STATIC,98.28,STATIC,96.73,STATIC,99.48,STATIC,106.08,STATIC,False,0.006,60.0,0.000
77.24000000000001,1853,39.68,STATIC,157.05,STATIC,78.63,STATIC,36.11,STATIC,98.02,STATIC,96.30,STATIC,98.39,STATIC,103.27,STATIC,False,0.006,60.0,0.000
77.28166666666667,1854,41.16,STATIC,157.44,STATIC,79.09,STATIC,39.38,STATIC,97.78,STATIC,96.33,STATIC,97.50,STATIC,101.27,STATIC,False,0.003,60.0,0.000
77.32333333333334,1855,43.64,STATIC,158.11,STATIC,79.55,STATIC,45.07,EXTENSION,97.79,STATIC,96.30,STATIC,96.93,STATIC,99.24,STATIC,False,0.002,60.0,0.000
77.36500000000001,1856,44.07,STATIC,158.23,STATIC,79.40,STATIC,44.69,STATIC,97.65,STATIC,96.47,STATIC,95.93,STATIC,97.69,STATIC,False,0.001,60.0,0.000
77.40666666666667,1857,43.32,STATIC,157.63,STATIC,79.30,STATIC,44.40,STATIC,97.64,STATIC,96.50,STATIC,95.18,STATIC,96.55,STATIC,False,0.006,60.0,0.000
77.44833333333334,1858,42.47,STATIC,157.86,STATIC,79.03,STATIC,43.89,STATIC,97.63,STATIC,96.52,STATIC,94.43,STATIC,95.17,STATIC,False,0.007,60.0,0.000
77.49000000000001,1859,41.90,STATIC,158.47,STATIC,78.93,STATIC,44.35,STATIC,97.62,STATIC,96.54,STATIC,93.84,STATIC,93.51,STATIC,False,0.007,60.0,0.000
77.53166666666667,1860,40.68,STATIC,158.09,STATIC,78.81,STATIC,42.32,STATIC,97.66,STATIC,96.60,STATIC,93.69,STATIC,92.56,STATIC,False,0.008,60.0,0.000
77.57333333333334,1861,39.64,STATIC,157.70,STATIC,78.77,STATIC,41.34,STATIC,98.02,STATIC,96.76,STATIC,93.94,STATIC,91.67,STATIC,False,0.011,60.0,0.000
77.61500000000001,1862,38.56,STATIC,157.56,STATIC,78.94,STATIC,40.62,STATIC,98.15,STATIC,96.95,STATIC,93.46,STATIC,91.68,STATIC,False,0.013,60.0,0.000
77.65666666666667,1863,38.11,STATIC,157.47,STATIC,79.05,STATIC,40.96,STATIC,98.15,STATIC,97.07,STATIC,92.89,STATIC,92.59,STATIC,False,0.014,60.0,0.000
77.69833333333334,1864,36.06,STATIC,157.44,STATIC,79.11,STATIC,37.37,STATIC,98.17,STATIC,97.31,STATIC,93.03,STATIC,94.41,STATIC,False,0.010,60.0,0.000
77.74000000000001,1865,34.55,STATIC,157.02,STATIC,79.15,STATIC,37.52,STATIC,98.22,STATIC,97.52,STATIC,93.03,STATIC,98.50,STATIC,False,0.013,60.0,0.000
77.78166666666667,1866,34.36,STATIC,156.17,STATIC,79.24,STATIC,37.46,STATIC,98.16,STATIC,97.49,STATIC,93.15,STATIC,97.65,STATIC,False,0.012,60.0,0.000
77.82333333333334,1867,33.83,STATIC,154.75,STATIC,79.50,STATIC,36.71,STATIC,98.05,STATIC,97.67,STATIC,93.09,STATIC,97.13,STATIC,False,0.008,60.0,0.000
77.86500000000001,1868,33.13,STATIC,149.97,STATIC,78.94,STATIC,43.90,EXTENSION,98.14,STATIC,97.27,STATIC,92.80,STATIC,100.17,STATIC,False,0.003,60.0,0.000
77.90666666666667,1869,33.53,STATIC,144.41,FLEXION,79.03,STATIC,43.61,STATIC,97.88,STATIC,97.49,STATIC,92.45,STATIC,98.82,STATIC,False,0.001,60.0,0.000
77.95,1870,31.71,STATIC,141.02,STATIC,78.83,STATIC,43.88,STATIC,97.80,STATIC,97.37,STATIC,92.26,STATIC,97.47,STATIC,False,0.001,60.0,0.000
77.99166666666667,1871,28.83,STATIC,139.38,STATIC,79.06,STATIC,42.04,STATIC,97.74,STATIC,97.12,STATIC,91.97,STATIC,96.81,STATIC,False,0.000,60.0,0.000
78.03333333333333,1872,25.62,STATIC,135.59,STATIC,79.12,STATIC,43.51,STATIC,97.47,STATIC,96.80,STATIC,91.17,STATIC,96.74,STATIC,False,0.000,60.0,0.000
78.075,1873,22.80,STATIC,125.03,FLEXION,79.51,STATIC,42.90,STATIC,97.23,STATIC,96.64,STATIC,90.79,STATIC,97.60,STATIC,False,0.000,60.0,0.000
78.11666666666667,1874,21.66,STATIC,120.87,STATIC,79.50,STATIC,43.49,STATIC,96.77,STATIC,95.38,STATIC,89.14,STATIC,98.92,STATIC,False,0.000,60.0,0.000
78.15833333333333,1875,24.90,STATIC,115.76,FLEXION,80.35,STATIC,44.64,STATIC,92.34,STATIC,91.11,STATIC,87.96,STATIC,99.96,STATIC,False,0.000,60.0,0.000
78.2,1876,22.45,STATIC,103.28,FLEXION,80.45,STATIC,45.97,STATIC,93.79,STATIC,92.37,STATIC,90.66,STATIC,106.90,EXTENSION,False,0.000,60.0,0.000
78.24166666666667,1877,27.21,STATIC,92.03,FLEXION,81.44,STATIC,46.34,STATIC,94.48,STATIC,92.86,STATIC,93.24,STATIC,114.20,EXTENSION,False,0.000,60.0,0.000
78.28333333333333,1878,27.97,STATIC,82.01,FLEXION,82.15,STATIC,47.51,STATIC,93.90,STATIC,91.95,STATIC,93.13,STATIC,119.31,EXTENSION,False,0.000,60.0,0.000
78.325,1879,36.18,EXTENSION,76.89,FLEXION,83.38,STATIC,48.81,STATIC,93.70,STATIC,92.31,STATIC,94.03,STATIC,123.94,STATIC,False,0.000,60.0,0.000
78.36666666666667,1880,30.93,FLEXION,75.16,STATIC,83.01,STATIC,51.54,STATIC,94.09,STATIC,92.03,STATIC,94.63,STATIC,125.34,STATIC,False,0.000,60.0,0.000
78.40833333333333,1881,35.97,EXTENSION,78.14,STATIC,84.32,STATIC,59.32,EXTENSION,93.20,STATIC,92.12,STATIC,94.39,STATIC,126.86,STATIC,False,0.000,60.0,0.000
78.45,1882,39.47,STATIC,77.48,STATIC,85.87,STATIC,62.11,STATIC,91.32,STATIC,91.81,STATIC,94.31,STATIC,128.03,STATIC,False,0.000,60.0,0.000
78.49166666666667,1883,43.62,STATIC,81.86,STATIC,86.64,STATIC,63.28,STATIC,91.98,STATIC,92.00,STATIC,95.96,STATIC,129.72,STATIC,False,0.003,60.0,0.000
78.53333333333333,1884,44.71,STATIC,84.95,STATIC,85.93,STATIC,55.58,FLEXION,92.43,STATIC,92.57,STATIC,95.77,STATIC,131.38,STATIC,False,0.167,60.0,0.000
78.575,1885,45.83,STATIC,94.02,EXTENSION,86.14,STATIC,55.66,STATIC,93.95,STATIC,94.30,STATIC,97.07,STATIC,131.87,STATIC,False,0.000,60.0,0.000
78.61666666666667,1886,45.41,STATIC,100.72,EXTENSION,86.40,STATIC,55.74,STATIC,95.14,STATIC,95.34,STATIC,97.79,STATIC,132.27,STATIC,False,0.000,60.0,0.000
78.65833333333333,1887,51.22,EXTENSION,104.00,STATIC,87.36,STATIC,60.72,STATIC,95.00,STATIC,95.25,STATIC,97.27,STATIC,128.82,STATIC,False,0.000,60.0,0.000
78.7,1888,54.44,STATIC,106.80,STATIC,87.57,STATIC,63.59,STATIC,95.05,STATIC,95.56,STATIC,97.10,STATIC,124.03,STATIC,False,0.000,60.0,0.000
78.74166666666667,1889,57.85,STATIC,110.12,STATIC,87.24,STATIC,62.75,STATIC,95.37,STATIC,95.44,STATIC,97.25,STATIC,122.91,STATIC,False,0.003,60.0,0.000
78.78333333333333,1890,61.95,STATIC,110.19,STATIC,87.04,STATIC,59.17,STATIC,95.39,STATIC,95.40,STATIC,97.25,STATIC,121.50,STATIC,False,0.002,60.0,0.000
78.825,1891,67.10,EXTENSION,108.61,STATIC,86.89,STATIC,58.53,STATIC,95.14,STATIC,95.38,STATIC,95.99,STATIC,118.82,STATIC,False,0.007,60.0,0.000
78.86666666666667,1892,72.48,EXTENSION,109.57,STATIC,87.04,STATIC,57.77,STATIC,94.94,STATIC,95.26,STATIC,95.19,STATIC,115.54,STATIC,False,0.004,60.0,0.000
78.90833333333333,1893,76.55,STATIC,111.42,STATIC,87.15,STATIC,59.30,STATIC,92.21,STATIC,93.62,STATIC,91.06,STATIC,112.18,STATIC,False,0.007,60.0,0.000
78.95,1894,75.53,STATIC,109.87,STATIC,87.19,STATIC,63.56,STATIC,92.84,STATIC,94.03,STATIC,92.05,STATIC,113.14,STATIC,False,0.005,60.0,0.000
78.99166666666667,1895,71.92,STATIC,109.56,STATIC,86.65,STATIC,59.66,STATIC,94.27,STATIC,94.55,STATIC,92.77,STATIC,112.09,STATIC,False,0.012,60.0,0.000
79.03333333333333,1896,73.98,STATIC,111.94,STATIC,86.59,STATIC,58.41,STATIC,94.30,STATIC,94.65,STATIC,92.36,STATIC,110.68,STATIC,False,0.012,60.0,0.000
79.075,1897,72.55,STATIC,113.76,STATIC,86.65,STATIC,63.21,STATIC,93.69,STATIC,93.97,STATIC,89.73,STATIC,106.79,STATIC,False,0.014,60.0,0.000
79.11666666666667,1898,71.37,STATIC,113.11,STATIC,86.36,STATIC,60.18,STATIC,93.65,STATIC,94.14,STATIC,89.48,STATIC,105.43,STATIC,False,0.013,60.0,0.000
79.15833333333333,1899,70.44,STATIC,112.60,STATIC,86.24,STATIC,59.88,STATIC,93.78,STATIC,94.12,STATIC,89.93,STATIC,103.90,STATIC,False,0.010,60.0,0.000
79.2,1900,70.30,STATIC,112.07,STATIC,86.32,STATIC,62.38,STATIC,94.42,STATIC,94.43,STATIC,92.25,STATIC,104.12,STATIC,False,0.005,60.0,0.000
79.24166666666667,1901,64.96,FLEXION,111.54,STATIC,86.34,STATIC,62.55,STATIC,94.40,STATIC,94.41,STATIC,92.00,STATIC,102.95,STATIC,False,0.003,60.0,0.000
79.28333333333333,1902,64.36,STATIC,109.13,STATIC,86.36,STATIC,59.64,STATIC,94.43,STATIC,94.72,STATIC,91.53,STATIC,102.29,STATIC,False,0.001,60.0,0.000
79.325,1903,63.26,STATIC,107.84,STATIC,86.30,STATIC,59.12,STATIC,94.43,STATIC,94.73,STATIC,91.26,STATIC,101.76,STATIC,False,0.003,60.0,0.000
79.36666666666667,1904,60.46,STATIC,105.94,STATIC,86.24,STATIC,57.24,STATIC,94.53,STATIC,94.79,STATIC,91.18,STATIC,101.69,STATIC,False,0.002,60.0,0.000
79.40833333333333,1905,53.58,FLEXION,104.59,STATIC,86.14,STATIC,55.98,STATIC,94.64,STATIC,94.83,STATIC,91.65,STATIC,101.93,STATIC,False,0.002,60.0,0.000
79.45,1906,53.15,STATIC,104.21,STATIC,86.20,STATIC,53.24,STATIC,94.83,STATIC,94.95,STATIC,92.32,STATIC,102.45,STATIC,False,0.002,60.0,0.000
79.49166666666667,1907,51.35,STATIC,104.85,STATIC,86.22,STATIC,51.56,STATIC,94.86,STATIC,95.09,STATIC,91.92,STATIC,102.52,STATIC,False,0.003,60.0,0.000
79.53333333333333,1908,49.25,STATIC,105.61,STATIC,86.39,STATIC,50.74,STATIC,94.90,STATIC,95.20,STATIC,92.04,STATIC,102.81,STATIC,False,0.003,60.0,0.000
79.575,1909,49.90,STATIC,106.83,STATIC,86.61,STATIC,50.82,STATIC,94.91,STATIC,95.28,STATIC,92.18,STATIC,102.91,STATIC,False,0.004,60.0,0.000
79.61666666666667,1910,52.48,STATIC,108.97,STATIC,86.71,STATIC,50.63,STATIC,94.90,STATIC,95.30,STATIC,91.94,STATIC,102.82,STATIC,False,0.005,60.0,0.000
79.65833333333333,1911,54.24,STATIC,111.27,STATIC,86.75,STATIC,50.78,STATIC,94.92,STATIC,95.17,STATIC,91.86,STATIC,102.54,STATIC,False,0.007,60.0,0.000
79.7,1912,55.32,STATIC,113.57,STATIC,86.62,STATIC,52.05,STATIC,95.06,STATIC,95.06,STATIC,91.61,STATIC,102.11,STATIC,False,0.007,60.0,0.000
79.74166666666667,1913,57.70,STATIC,115.69,STATIC,86.72,STATIC,52.96,STATIC,95.13,STATIC,95.17,STATIC,91.51,STATIC,101.93,STATIC,False,0.008,60.0,0.000
79.78333333333333,1914,57.34,STATIC,115.55,STATIC,86.78,STATIC,55.02,STATIC,94.98,STATIC,95.01,STATIC,90.44,STATIC,101.43,STATIC,False,0.009,60.0,0.000
79.825,1915,59.46,STATIC,114.47,STATIC,86.85,STATIC,57.32,STATIC,94.59,STATIC,94.84,STATIC,90.07,STATIC,100.83,STATIC,False,0.010,60.0,0.000
79.86666666666667,1916,56.93,STATIC,114.45,STATIC,87.02,STATIC,61.89,STATIC,94.46,STATIC,94.66,STATIC,90.22,STATIC,100.05,STATIC,False,0.011,60.0,0.000
79.90833333333333,1917,58.77,STATIC,115.20,STATIC,87.13,STATIC,62.00,STATIC,93.90,STATIC,94.48,STATIC,89.32,STATIC,99.56,STATIC,False,0.012,60.0,0.000
79.95,1918,60.94,STATIC,113.54,STATIC,87.14,STATIC,62.25,STATIC,93.64,STATIC,94.37,STATIC,88.83,STATIC,99.30,STATIC,False,0.014,60.0,0.000
79.99166666666667,1919,59.79,STATIC,114.82,STATIC,87.06,STATIC,61.60,STATIC,93.83,STATIC,94.42,STATIC,89.78,STATIC,99.26,STATIC,False,0.015,60.0,0.000
80.03333333333333,1920,60.87,STATIC,115.98,STATIC,87.14,STATIC,60.43,STATIC,93.78,STATIC,94.41,STATIC,89.81,STATIC,99.24,STATIC,False,0.017,60.0,0.000
80.075,1921,56.68,STATIC,117.45,STATIC,87.17,STATIC,64.25,STATIC,93.84,STATIC,94.43,STATIC,91.07,STATIC,99.41,STATIC,False,0.017,60.0,0.000
80.11666666666667,1922,53.75,STATIC,115.99,STATIC,87.20,STATIC,63.13,STATIC,93.92,STATIC,94.38,STATIC,91.10,STATIC,99.75,STATIC,False,0.016,60.0,0.000
80.15833333333333,1923,48.60,FLEXION,113.59,STATIC,87.10,STATIC,62.42,STATIC,94.18,STATIC,94.40,STATIC,91.52,STATIC,99.78,STATIC,False,0.015,60.0,0.000
80.2,1924,50.07,STATIC,113.68,STATIC,87.15,STATIC,61.76,STATIC,94.16,STATIC,94.27,STATIC,90.52,STATIC,99.03,STATIC,False,0.016,60.0,0.000
80.24166666666667,1925,36.46,FLEXION,114.77,STATIC,87.07,STATIC,61.67,STATIC,94.25,STATIC,94.29,STATIC,90.58,STATIC,98.58,STATIC,False,0.017,60.0,0.000
80.28333333333333,1926,33.46,STATIC,115.65,STATIC,87.00,STATIC,62.08,STATIC,94.29,STATIC,94.29,STATIC,90.68,STATIC,98.13,STATIC,False,0.022,60.0,0.000
80.325,1927,36.85,STATIC,114.69,STATIC,87.02,STATIC,62.80,STATIC,94.38,STATIC,94.36,STATIC,91.53,STATIC,97.88,STATIC,False,0.023,60.0,0.000
80.36666666666667,1928,33.34,STATIC,111.92,STATIC,87.00,STATIC,62.29,STATIC,94.38,STATIC,94.28,STATIC,91.44,STATIC,97.75,STATIC,False,0.024,60.0,0.000
80.40833333333333,1929,32.14,STATIC,110.06,STATIC,86.98,STATIC,61.75,STATIC,94.21,STATIC,94.30,STATIC,91.29,STATIC,98.02,STATIC,False,0.023,60.0,0.000
80.45,1930,26.38,FLEXION,109.79,STATIC,86.93,STATIC,60.80,STATIC,94.31,STATIC,94.31,STATIC,91.73,STATIC,98.08,STATIC,False,0.021,60.0,0.000
80.49166666666667,1931,22.04,STATIC,108.88,STATIC,86.89,STATIC,60.72,STATIC,94.59,STATIC,94.55,STATIC,92.20,STATIC,98.18,STATIC,False,0.021,60.0,0.000
80.53333333333333,1932,19.90,STATIC,109.18,STATIC,86.83,STATIC,60.78,STATIC,94.69,STATIC,94.54,STATIC,92.19,STATIC,98.22,STATIC,False,0.019,60.0,0.000
80.575,1933,22.52,STATIC,109.54,STATIC,86.77,STATIC,60.98,STATIC,94.74,STATIC,94.52,STATIC,91.73,STATIC,98.54,STATIC,False,0.020,60.0,0.000
80.61666666666667,1934,23.55,STATIC,109.75,STATIC,86.72,STATIC,60.70,STATIC,94.86,STATIC,94.67,STATIC,91.94,STATIC,98.99,STATIC,False,0.019,60.0,0.000
80.65833333333333,1935,24.57,STATIC,109.60,STATIC,86.59,STATIC,60.35,STATIC,94.84,STATIC,94.58,STATIC,91.58,STATIC,99.07,STATIC,False,0.018,60.0,0.000
80.7,1936,24.23,STATIC,109.44,STATIC,86.36,STATIC,59.81,STATIC,95.01,STATIC,94.52,STATIC,91.88,STATIC,99.30,STATIC,False,0.018,60.0,0.000
80.74166666666667,1937,23.50,STATIC,108.13,STATIC,86.16,STATIC,58.02,STATIC,95.29,STATIC,94.58,STATIC,92.77,STATIC,99.64,STATIC,False,0.015,60.0,0.000
80.78333333333333,1938,27.80,STATIC,108.20,STATIC,85.82,STATIC,56.30,STATIC,95.43,STATIC,94.45,STATIC,92.99,STATIC,99.66,STATIC,False,0.014,60.0,0.000
80.825,1939,34.70,EXTENSION,110.49,STATIC,85.91,STATIC,54.98,STATIC,95.72,STATIC,94.53,STATIC,94.01,STATIC,100.50,STATIC,False,0.008,60.0,0.000
80.86666666666667,1940,40.05,EXTENSION,111.94,STATIC,86.08,STATIC,55.78,STATIC,95.70,STATIC,94.64,STATIC,93.86,STATIC,101.30,STATIC,False,0.009,60.0,0.000
80.90833333333333,1941,42.69,STATIC,114.37,STATIC,85.88,STATIC,56.25,STATIC,95.68,STATIC,94.42,STATIC,93.49,STATIC,101.07,STATIC,False,0.009,60.0,0.000
80.95,1942,45.81,STATIC,115.01,STATIC,85.77,STATIC,56.79,STATIC,95.35,STATIC,94.18,STATIC,92.93,STATIC,100.99,STATIC,False,0.010,60.0,0.000
80.99166666666667,1943,48.99,STATIC,115.89,STATIC,85.55,STATIC,56.89,STATIC,95.32,STATIC,94.05,STATIC,92.91,STATIC,100.72,STATIC,False,0.010,60.0,0.000
81.03333333333333,1944,51.00,STATIC,116.41,STATIC,85.50,STATIC,57.12,STATIC,94.97,STATIC,93.80,STATIC,91.73,STATIC,100.11,STATIC,False,0.012,60.0,0.000
81.075,1945,55.87,STATIC,118.12,STATIC,85.58,STATIC,57.56,STATIC,94.70,STATIC,93.65,STATIC,90.99,STATIC,99.70,STATIC,False,0.013,60.0,0.000
81.11666666666667,1946,62.21,EXTENSION,120.29,STATIC,85.64,STATIC,58.56,STATIC,94.41,STATIC,93.44,STATIC,90.29,STATIC,98.86,STATIC,False,0.013,60.0,0.000
81.15833333333333,1947,68.46,EXTENSION,121.12,STATIC,85.60,STATIC,58.39,STATIC,94.60,STATIC,93.58,STATIC,90.69,STATIC,98.78,STATIC,False,0.013,60.0,0.000
81.2,1948,75.64,EXTENSION,121.71,STATIC,85.60,STATIC,58.51,STATIC,94.58,STATIC,93.53,STATIC,90.34,STATIC,98.26,STATIC,False,0.013,60.0,0.000
81.24166666666667,1949,81.92,EXTENSION,121.79,STATIC,85.56,STATIC,59.53,STATIC,94.56,STATIC,93.43,STATIC,89.72,STATIC,97.64,STATIC,False,0.015,60.0,0.000
81.28333333333335,1950,86.71,STATIC,120.90,STATIC,85.59,STATIC,59.82,STATIC,94.42,STATIC,93.42,STATIC,88.97,STATIC,97.07,STATIC,False,0.017,60.0,0.000
81.325,1951,87.15,STATIC,120.43,STATIC,85.58,STATIC,60.66,STATIC,94.38,STATIC,93.58,STATIC,88.72,STATIC,97.24,STATIC,False,0.019,60.0,0.000
81.36666666666667,1952,87.71,STATIC,120.45,STATIC,85.52,STATIC,60.37,STATIC,94.41,STATIC,93.68,STATIC,88.78,STATIC,97.43,STATIC,False,0.017,60.0,0.000
81.40833333333335,1953,88.45,STATIC,121.29,STATIC,85.47,STATIC,60.04,STATIC,94.34,STATIC,93.85,STATIC,88.88,STATIC,97.84,STATIC,False,0.016,60.0,0.000
81.45,1954,92.62,STATIC,122.43,STATIC,85.40,STATIC,60.24,STATIC,94.21,STATIC,93.97,STATIC,88.56,STATIC,97.89,STATIC,False,0.017,60.0,0.000
81.49166666666667,1955,97.78,EXTENSION,123.83,STATIC,85.50,STATIC,60.23,STATIC,93.87,STATIC,93.95,STATIC,88.18,STATIC,97.92,STATIC,False,0.017,60.0,0.000
81.53333333333335,1956,102.06,STATIC,126.16,STATIC,85.56,STATIC,60.70,STATIC,93.48,STATIC,93.93,STATIC,88.00,STATIC,97.82,STATIC,False,0.016,60.0,0.000
81.575,1957,105.83,STATIC,128.19,STATIC,85.54,STATIC,61.42,STATIC,93.28,STATIC,93.87,STATIC,87.92,STATIC,97.71,STATIC,False,0.015,60.0,0.000
81.61666666666667,1958,108.56,STATIC,129.14,STATIC,85.50,STATIC,61.75,STATIC,93.25,STATIC,93.90,STATIC,88.11,STATIC,97.71,STATIC,False,0.015,60.0,0.000
81.65833333333335,1959,111.42,STATIC,129.72,STATIC,85.51,STATIC,61.62,STATIC,93.36,STATIC,93.88,STATIC,88.22,STATIC,97.75,STATIC,False,0.014,60.0,0.000
81.7,1960,113.16,STATIC,130.39,STATIC,85.51,STATIC,61.64,STATIC,93.35,STATIC,93.85,STATIC,88.28,STATIC,97.76,STATIC,False,0.013,60.0,0.000
81.74166666666667,1961,115.56,STATIC,130.95,STATIC,85.51,STATIC,61.14,STATIC,93.53,STATIC,93.87,STATIC,88.38,STATIC,97.76,STATIC,False,0.013,60.0,0.000
81.78333333333335,1962,117.13,STATIC,131.59,STATIC,85.51,STATIC,61.30,STATIC,93.57,STATIC,93.86,STATIC,88.47,STATIC,97.57,STATIC,False,0.013,60.0,0.000
81.825,1963,118.98,STATIC,132.08,STATIC,85.49,STATIC,61.69,STATIC,93.61,STATIC,93.86,STATIC,88.62,STATIC,97.34,STATIC,False,0.014,60.0,0.000
81.86666666666667,1964,120.42,STATIC,132.95,STATIC,85.47,STATIC,62.05,STATIC,93.53,STATIC,93.87,STATIC,88.77,STATIC,97.15,STATIC,False,0.013,60.0,0.000
81.90833333333335,1965,121.45,STATIC,133.11,STATIC,85.44,STATIC,62.21,STATIC,93.57,STATIC,93.93,STATIC,88.88,STATIC,96.94,STATIC,False,0.011,60.0,0.000
81.95166666666667,1966,123.09,STATIC,133.57,STATIC,85.38,STATIC,62.45,STATIC,93.55,STATIC,93.94,STATIC,88.96,STATIC,96.74,STATIC,False,0.010,60.0,0.000
81.99333333333334,1967,126.82,STATIC,133.15,STATIC,85.29,STATIC,62.18,STATIC,93.63,STATIC,93.92,STATIC,88.99,STATIC,96.47,STATIC,False,0.010,60.0,0.000
82.03500000000001,1968,127.18,STATIC,132.97,STATIC,85.29,STATIC,61.55,STATIC,93.76,STATIC,94.06,STATIC,89.31,STATIC,96.53,STATIC,False,0.009,60.0,0.000
82.07666666666667,1969,127.97,STATIC,133.65,STATIC,85.21,STATIC,61.11,STATIC,93.69,STATIC,94.07,STATIC,89.50,STATIC,96.48,STATIC,False,0.008,60.0,0.000
82.11833333333334,1970,131.80,STATIC,134.17,STATIC,85.06,STATIC,60.53,STATIC,93.90,STATIC,94.16,STATIC,90.35,STATIC,96.60,STATIC,False,0.007,60.0,0.000
82.16000000000001,1971,126.27,FLEXION,131.40,STATIC,85.10,STATIC,59.85,STATIC,94.31,STATIC,94.35,STATIC,90.83,STATIC,96.99,STATIC,False,0.010,60.0,0.000
82.20166666666667,1972,127.06,STATIC,129.48,STATIC,85.05,STATIC,58.67,STATIC,95.45,STATIC,94.61,STATIC,92.84,STATIC,97.87,STATIC,False,0.011,60.0,0.000
82.24333333333334,1973,120.60,FLEXION,127.60,STATIC,85.03,STATIC,58.42,STATIC,95.91,STATIC,94.88,STATIC,93.79,STATIC,98.93,STATIC,False,0.012,60.0,0.000
82.28500000000001,1974,99.09,FLEXION,125.41,STATIC,85.52,STATIC,60.90,STATIC,96.19,STATIC,95.28,STATIC,95.35,STATIC,100.61,STATIC,False,0.014,60.0,0.000
82.32666666666667,1975,87.72,FLEXION,123.33,STATIC,85.67,STATIC,60.77,STATIC,96.06,STATIC,95.29,STATIC,95.20,STATIC,101.59,STATIC,False,0.015,60.0,0.000
82.36833333333334,1976,77.68,FLEXION,122.37,STATIC,85.76,STATIC,61.65,STATIC,95.91,STATIC,95.03,STATIC,94.21,STATIC,101.15,STATIC,False,0.015,60.0,0.000
82.41000000000001,1977,73.27,STATIC,122.64,STATIC,85.77,STATIC,61.97,STATIC,95.69,STATIC,94.86,STATIC,93.15,STATIC,100.61,STATIC,False,0.017,60.0,0.000
82.45166666666667,1978,71.69,STATIC,122.93,STATIC,85.80,STATIC,61.39,STATIC,95.53,STATIC,94.78,STATIC,92.94,STATIC,100.43,STATIC,False,0.016,60.0,0.000
82.49333333333334,1979,72.99,STATIC,125.51,STATIC,85.82,STATIC,59.36,STATIC,95.46,STATIC,94.80,STATIC,93.43,STATIC,99.93,STATIC,False,0.016,60.0,0.000
82.53500000000001,1980,70.01,STATIC,127.89,STATIC,85.73,STATIC,60.69,STATIC,95.40,STATIC,94.88,STATIC,94.01,STATIC,99.81,STATIC,False,0.016,60.0,0.000
82.57666666666667,1981,67.54,STATIC,128.13,STATIC,85.75,STATIC,60.81,STATIC,95.25,STATIC,94.91,STATIC,94.04,STATIC,99.66,STATIC,False,0.014,60.0,0.000
82.61833333333334,1982,60.72,FLEXION,127.86,STATIC,85.87,STATIC,61.57,STATIC,95.10,STATIC,94.89,STATIC,94.34,STATIC,99.32,STATIC,False,0.014,60.0,0.000
82.66000000000001,1983,56.85,STATIC,127.28,STATIC,85.89,STATIC,61.14,STATIC,95.11,STATIC,94.91,STATIC,94.05,STATIC,99.35,STATIC,False,0.013,60.0,0.000
82.70166666666667,1984,52.30,STATIC,127.77,STATIC,85.92,STATIC,61.72,STATIC,95.25,STATIC,94.90,STATIC,94.41,STATIC,99.50,STATIC,False,0.013,60.0,0.000
82.74333333333334,1985,48.46,STATIC,127.80,STATIC,85.95,STATIC,62.05,STATIC,95.21,STATIC,94.97,STATIC,94.84,STATIC,100.05,STATIC,False,0.012,60.0,0.000
82.78500000000001,1986,47.69,STATIC,126.52,STATIC,86.04,STATIC,62.77,STATIC,95.17,STATIC,94.94,STATIC,94.34,STATIC,100.13,STATIC,False,0.012,60.0,0.000
82.82666666666667,1987,44.69,STATIC,126.47,STATIC,86.01,STATIC,61.93,STATIC,95.01,STATIC,94.80,STATIC,93.98,STATIC,99.93,STATIC,False,0.013,60.0,0.000
82.86833333333334,1988,46.16,STATIC,125.69,STATIC,86.08,STATIC,62.25,STATIC,94.85,STATIC,94.54,STATIC,92.91,STATIC,99.07,STATIC,False,0.013,60.0,0.000
82.91000000000001,1989,43.53,STATIC,124.99,STATIC,86.06,STATIC,61.93,STATIC,94.41,STATIC,94.28,STATIC,92.25,STATIC,98.83,STATIC,False,0.013,60.0,0.000
82.95166666666667,1990,41.36,STATIC,124.31,STATIC,86.06,STATIC,61.94,STATIC,94.22,STATIC,94.02,STATIC,91.66,STATIC,97.82,STATIC,False,0.015,60.0,0.000
82.99333333333334,1991,41.25,STATIC,124.59,STATIC,85.97,STATIC,61.61,STATIC,94.20,STATIC,94.04,STATIC,91.79,STATIC,97.74,STATIC,False,0.015,60.0,0.000
83.03500000000001,1992,42.36,STATIC,127.07,STATIC,85.98,STATIC,61.87,STATIC,94.12,STATIC,93.98,STATIC,91.84,STATIC,97.37,STATIC,False,0.015,60.0,0.000
83.07666666666667,1993,41.58,STATIC,126.60,STATIC,85.98,STATIC,62.29,STATIC,94.18,STATIC,94.00,STATIC,91.99,STATIC,97.04,STATIC,False,0.016,60.0,0.000
83.11833333333334,1994,41.21,STATIC,125.65,STATIC,86.03,STATIC,63.50,STATIC,94.20,STATIC,94.01,STATIC,92.13,STATIC,96.75,STATIC,False,0.016,60.0,0.000
83.16000000000001,1995,41.08,STATIC,124.72,STATIC,86.02,STATIC,63.78,STATIC,94.19,STATIC,93.82,STATIC,91.23,STATIC,96.07,STATIC,False,0.016,60.0,0.000
83.20166666666667,1996,40.03,STATIC,122.35,STATIC,85.92,STATIC,63.35,STATIC,94.15,STATIC,93.75,STATIC,91.04,STATIC,95.91,STATIC,False,0.016,60.0,0.000
83.24333333333334,1997,39.70,STATIC,121.47,STATIC,85.91,STATIC,62.99,STATIC,94.08,STATIC,93.85,STATIC,91.15,STATIC,95.93,STATIC,False,0.015,60.0,0.000
83.28500000000001,1998,38.70,STATIC,120.14,STATIC,85.90,STATIC,62.92,STATIC,94.01,STATIC,93.84,STATIC,90.88,STATIC,95.78,STATIC,False,0.015,60.0,0.000
83.32666666666667,1999,37.71,STATIC,118.09,STATIC,85.89,STATIC,62.74,STATIC,93.97,STATIC,93.85,STATIC,90.96,STATIC,95.69,STATIC,False,0.015,60.0,0.000
83.36833333333334,2000,36.24,STATIC,117.34,STATIC,85.90,STATIC,62.98,STATIC,93.99,STATIC,93.91,STATIC,91.20,STATIC,95.82,STATIC,False,0.015,60.0,0.000
83.41000000000001,2001,35.33,STATIC,114.93,STATIC,85.92,STATIC,62.16,STATIC,94.04,STATIC,93.96,STATIC,91.29,STATIC,95.94,STATIC,False,0.015,60.0,0.000
83.45166666666667,2002,34.28,STATIC,115.14,STATIC,85.95,STATIC,60.49,STATIC,94.09,STATIC,94.04,STATIC,91.79,STATIC,96.30,STATIC,False,0.014,60.0,0.000
83.49333333333334,2003,32.61,STATIC,120.40,EXTENSION,86.02,STATIC,60.43,STATIC,94.02,STATIC,94.14,STATIC,91.76,STATIC,96.07,STATIC,False,0.012,60.0,0.000
83.53500000000001,2004,32.23,STATIC,124.97,STATIC,86.14,STATIC,62.34,STATIC,94.01,STATIC,94.31,STATIC,91.88,STATIC,96.06,STATIC,False,0.010,60.0,0.000
83.57666666666667,2005,34.40,STATIC,124.29,STATIC,86.11,STATIC,63.37,STATIC,94.02,STATIC,94.30,STATIC,91.70,STATIC,95.99,STATIC,False,0.011,60.0,0.000
83.61833333333334,2006,29.83,STATIC,126.16,STATIC,86.14,STATIC,62.25,STATIC,94.46,STATIC,94.64,STATIC,92.85,STATIC,96.24,STATIC,False,0.011,60.0,0.000
83.66000000000001,2007,31.08,STATIC,128.58,STATIC,86.12,STATIC,61.70,STATIC,94.38,STATIC,94.58,STATIC,92.43,STATIC,95.90,STATIC,False,0.012,60.0,0.000
83.70166666666667,2008,30.71,STATIC,126.43,STATIC,85.74,STATIC,62.15,STATIC,94.38,STATIC,94.60,STATIC,92.27,STATIC,96.22,STATIC,False,0.014,60.0,0.000
83.74333333333334,2009,36.11,EXTENSION,126.04,STATIC,85.78,STATIC,59.19,STATIC,94.56,STATIC,94.84,STATIC,93.28,STATIC,96.27,STATIC,False,0.013,60.0,0.000
83.78500000000001,2010,40.71,STATIC,129.71,STATIC,85.74,STATIC,57.18,STATIC,94.70,STATIC,94.61,STATIC,93.75,STATIC,97.02,STATIC,False,0.009,60.0,0.000
83.82666666666667,2011,44.98,STATIC,127.81,STATIC,85.89,STATIC,57.22,STATIC,93.43,STATIC,94.00,STATIC,92.03,STATIC,97.64,STATIC,False,0.009,60.0,0.000
83.86833333333334,2012,44.01,STATIC,127.38,STATIC,86.22,STATIC,61.17,STATIC,93.19,STATIC,93.64,STATIC,92.29,STATIC,98.89,STATIC,False,0.011,60.0,0.000
83.91000000000001,2013,17.11,FLEXION,133.00,EXTENSION,85.19,STATIC,64.96,STATIC,94.35,STATIC,94.66,STATIC,95.46,STATIC,100.69,STATIC,False,0.011,60.0,0.000
83.95166666666667,2014,37.98,EXTENSION,133.71,STATIC,84.03,STATIC,63.35,STATIC,96.05,STATIC,96.33,STATIC,98.98,STATIC,103.99,STATIC,False,0.008,60.0,0.000
83.99333333333334,2015,33.15,STATIC,139.26,EXTENSION,84.28,STATIC,64.90,STATIC,95.62,STATIC,95.28,STATIC,98.28,STATIC,103.02,STATIC,False,0.008,60.0,0.000
84.03500000000001,2016,27.43,FLEXION,141.76,STATIC,84.30,STATIC,62.08,STATIC,94.15,STATIC,93.95,STATIC,95.42,STATIC,99.48,STATIC,False,0.002,60.0,0.000
84.07666666666667,2017,35.69,EXTENSION,144.92,STATIC,84.74,STATIC,61.70,STATIC,93.89,STATIC,94.24,STATIC,95.69,STATIC,100.25,STATIC,False,0.004,60.0,0.000
84.11833333333334,2018,32.84,STATIC,149.41,STATIC,84.20,STATIC,58.67,STATIC,93.14,STATIC,94.11,STATIC,94.24,STATIC,100.59,STATIC,False,0.009,60.0,0.000
84.16000000000001,2019,38.91,EXTENSION,149.72,STATIC,84.48,STATIC,57.55,STATIC,93.21,STATIC,93.92,STATIC,94.55,STATIC,100.01,STATIC,False,0.006,60.0,0.000
84.20166666666667,2020,39.80,STATIC,152.02,STATIC,84.45,STATIC,56.88,STATIC,93.87,STATIC,94.02,STATIC,95.55,STATIC,99.25,STATIC,False,0.006,60.0,0.000
84.24333333333334,2021,38.07,STATIC,151.82,STATIC,84.55,STATIC,59.01,STATIC,93.50,STATIC,93.83,STATIC,95.46,STATIC,97.68,STATIC,False,0.007,60.0,0.000
84.28500000000001,2022,46.42,EXTENSION,151.43,STATIC,83.88,STATIC,61.15,STATIC,94.41,STATIC,94.06,STATIC,96.86,STATIC,97.29,STATIC,False,0.012,60.0,0.000
84.32666666666667,2023,45.92,STATIC,150.31,STATIC,83.42,STATIC,61.15,STATIC,95.44,STATIC,94.77,STATIC,99.06,STATIC,97.71,STATIC,False,0.014,60.0,0.000
84.36833333333334,2024,47.01,STATIC,147.16,STATIC,83.58,STATIC,59.04,STATIC,95.90,STATIC,94.75,STATIC,100.11,STATIC,97.74,STATIC,False,0.011,60.0,0.000
84.41000000000001,2025,32.48,FLEXION,146.54,STATIC,84.01,STATIC,55.49,STATIC,94.70,STATIC,94.21,STATIC,99.22,STATIC,96.29,STATIC,False,0.009,60.0,0.000
84.45166666666667,2026,9.35,FLEXION,145.15,STATIC,83.42,STATIC,52.01,STATIC,94.99,STATIC,94.15,STATIC,99.96,STATIC,95.66,STATIC,False,0.006,60.0,0.000
84.49333333333334,2027,31.56,EXTENSION,144.06,STATIC,82.65,STATIC,50.70,STATIC,95.03,STATIC,93.95,STATIC,99.92,STATIC,95.13,STATIC,False,0.006,60.0,0.000
84.53500000000001,2028,44.13,EXTENSION,143.25,STATIC,82.38,STATIC,47.53,STATIC,96.19,STATIC,94.48,STATIC,101.75,STATIC,96.19,STATIC,False,0.011,60.0,0.000
84.57666666666667,2029,48.80,STATIC,143.18,STATIC,84.18,STATIC,49.21,STATIC,96.00,STATIC,95.09,STATIC,101.27,STATIC,97.18,STATIC,False,0.010,60.0,0.000
84.61833333333334,2030,37.54,FLEXION,143.37,STATIC,82.08,STATIC,44.43,STATIC,96.51,STATIC,95.29,STATIC,101.23,STATIC,96.83,STATIC,False,0.008,60.0,0.000
84.66000000000001,2031,45.55,EXTENSION,143.59,STATIC,82.16,STATIC,45.30,STATIC,96.97,STATIC,96.53,STATIC,101.59,STATIC,98.50,STATIC,False,0.006,60.0,0.000
84.70166666666667,2032,50.82,EXTENSION,142.56,STATIC,81.68,STATIC,43.71,STATIC,97.27,STATIC,96.49,STATIC,101.03,STATIC,98.44,STATIC,False,0.004,60.0,0.000
84.74333333333334,2033,57.83,EXTENSION,141.64,STATIC,81.59,STATIC,44.33,STATIC,97.72,STATIC,97.47,STATIC,102.19,STATIC,100.19,STATIC,False,0.000,60.0,0.000
84.78500000000001,2034,67.31,EXTENSION,139.77,STATIC,81.48,STATIC,43.87,STATIC,97.04,STATIC,96.45,STATIC,100.51,STATIC,99.19,STATIC,False,0.000,60.0,0.000
84.82666666666667,2035,64.94,STATIC,140.93,STATIC,81.63,STATIC,43.49,STATIC,97.39,STATIC,96.18,STATIC,99.92,STATIC,99.68,STATIC,False,0.000,60.0,0.000
84.86833333333334,2036,61.90,STATIC,141.13,STATIC,81.46,STATIC,43.76,STATIC,97.76,STATIC,96.12,STATIC,99.68,STATIC,99.50,STATIC,False,0.000,60.0,0.000
84.91000000000001,2037,56.25,FLEXION,143.69,STATIC,81.05,STATIC,40.30,STATIC,97.86,STATIC,96.38,STATIC,99.00,STATIC,98.64,STATIC,False,0.000,60.0,0.000
84.95166666666667,2038,51.92,STATIC,144.92,STATIC,81.07,STATIC,42.42,STATIC,97.37,STATIC,95.77,STATIC,97.65,STATIC,97.33,STATIC,False,0.000,60.0,0.000
84.99333333333334,2039,49.00,STATIC,144.36,STATIC,80.85,STATIC,42.71,STATIC,96.65,STATIC,95.17,STATIC,95.42,STATIC,94.80,STATIC,False,0.001,60.0,0.000
85.03500000000001,2040,46.86,STATIC,145.68,STATIC,80.76,STATIC,42.73,STATIC,97.52,STATIC,96.13,STATIC,96.22,STATIC,93.95,STATIC,False,0.001,60.0,0.000
85.07666666666667,2041,47.34,STATIC,145.76,STATIC,80.96,STATIC,42.37,STATIC,97.07,STATIC,95.34,STATIC,95.74,STATIC,93.29,STATIC,False,0.004,60.0,0.000
85.11833333333334,2042,48.07,STATIC,145.94,STATIC,81.82,STATIC,42.29,STATIC,96.98,STATIC,95.80,STATIC,95.88,STATIC,94.24,STATIC,False,0.007,60.0,0.000
85.16000000000001,2043,51.34,STATIC,147.05,STATIC,83.23,STATIC,41.14,STATIC,97.09,STATIC,96.63,STATIC,96.82,STATIC,95.07,STATIC,False,0.011,60.0,0.000
85.20166666666667,2044,34.91,FLEXION,148.43,STATIC,86.52,STATIC,37.52,STATIC,96.91,STATIC,96.82,STATIC,95.72,STATIC,94.38,STATIC,False,0.020,60.0,0.000
85.24333333333334,2045,39.39,STATIC,149.36,STATIC,86.10,STATIC,39.37,STATIC,97.08,STATIC,97.07,STATIC,96.81,STATIC,95.29,STATIC,False,0.010,60.0,0.000
85.28500000000001,2046,49.80,EXTENSION,150.04,STATIC,84.93,STATIC,39.64,STATIC,96.90,STATIC,96.27,STATIC,95.60,STATIC,94.63,STATIC,False,0.013,60.0,0.000
85.32666666666667,2047,49.18,STATIC,149.45,STATIC,82.97,STATIC,38.88,STATIC,97.17,STATIC,96.51,STATIC,95.92,STATIC,96.57,STATIC,False,0.013,60.0,0.000
85.36833333333334,2048,43.27,FLEXION,150.02,STATIC,81.87,STATIC,39.29,STATIC,96.85,STATIC,95.80,STATIC,95.43,STATIC,97.92,STATIC,False,0.011,60.0,0.000
85.41000000000001,2049,38.76,STATIC,151.37,STATIC,81.44,STATIC,39.67,STATIC,96.94,STATIC,95.69,STATIC,95.05,STATIC,99.60,STATIC,False,0.007,60.0,0.000
85.45166666666667,2050,34.97,STATIC,153.29,STATIC,81.58,STATIC,39.37,STATIC,96.77,STATIC,95.38,STATIC,94.88,STATIC,102.48,STATIC,False,0.002,60.0,0.000
85.49333333333334,2051,33.46,STATIC,155.20,STATIC,81.31,STATIC,44.79,EXTENSION,96.87,STATIC,94.73,STATIC,95.65,STATIC,104.12,STATIC,False,0.000,60.0,0.000
85.53500000000001,2052,32.41,STATIC,156.23,STATIC,81.15,STATIC,44.24,STATIC,96.91,STATIC,95.16,STATIC,95.58,STATIC,103.48,STATIC,False,0.000,60.0,0.000
85.57666666666667,2053,31.79,STATIC,156.04,STATIC,80.90,STATIC,42.87,STATIC,97.16,STATIC,95.53,STATIC,95.67,STATIC,102.90,STATIC,False,0.000,60.0,0.000
85.61833333333334,2054,31.14,STATIC,155.51,STATIC,81.02,STATIC,42.25,STATIC,97.23,STATIC,96.07,STATIC,95.95,STATIC,102.52,STATIC,False,0.000,60.0,0.000
85.66000000000001,2055,30.37,STATIC,155.85,STATIC,80.53,STATIC,44.24,STATIC,97.71,STATIC,96.96,STATIC,96.27,STATIC,100.89,STATIC,False,0.000,60.0,0.000
85.70166666666667,2056,29.36,STATIC,155.81,STATIC,80.12,STATIC,43.47,STATIC,97.66,STATIC,96.34,STATIC,95.74,STATIC,98.48,STATIC,False,0.000,60.0,0.000
85.74333333333334,2057,28.69,STATIC,156.94,STATIC,79.84,STATIC,43.06,STATIC,97.56,STATIC,96.28,STATIC,95.58,STATIC,97.89,STATIC,False,0.000,60.0,0.000
85.78500000000001,2058,28.71,STATIC,157.55,STATIC,79.58,STATIC,42.88,STATIC,97.13,STATIC,95.97,STATIC,94.62,STATIC,97.00,STATIC,False,0.002,60.0,0.000
85.82666666666667,2059,28.84,STATIC,159.25,STATIC,79.53,STATIC,46.34,STATIC,97.13,STATIC,95.19,STATIC,94.34,STATIC,95.87,STATIC,False,0.005,60.0,0.000
85.86833333333334,2060,28.73,STATIC,159.99,STATIC,79.45,STATIC,45.54,STATIC,97.15,STATIC,95.46,STATIC,94.05,STATIC,95.33,STATIC,False,0.005,60.0,0.000
85.91000000000001,2061,28.18,STATIC,160.62,STATIC,79.31,STATIC,45.45,STATIC,97.04,STATIC,95.46,STATIC,93.74,STATIC,94.92,STATIC,False,0.006,60.0,0.000
85.95166666666667,2062,27.43,STATIC,161.45,STATIC,79.36,STATIC,43.79,STATIC,97.22,STATIC,95.85,STATIC,93.43,STATIC,93.38,STATIC,False,0.003,60.0,0.000
85.995,2063,26.81,STATIC,162.50,STATIC,79.57,STATIC,43.48,STATIC,97.24,STATIC,95.86,STATIC,92.84,STATIC,91.79,STATIC,False,0.000,60.0,0.000
86.03666666666668,2064,26.49,STATIC,162.90,STATIC,79.54,STATIC,43.16,STATIC,97.40,STATIC,96.26,STATIC,92.71,STATIC,90.91,STATIC,False,0.000,60.0,0.000
86.07833333333333,2065,26.06,STATIC,163.46,STATIC,79.72,STATIC,45.12,STATIC,97.39,STATIC,96.41,STATIC,92.24,STATIC,90.03,STATIC,False,0.002,60.0,0.000
86.12,2066,25.74,STATIC,164.04,STATIC,79.95,STATIC,44.60,STATIC,97.58,STATIC,97.09,STATIC,92.56,STATIC,90.70,STATIC,False,0.002,60.0,0.000
86.16166666666668,2067,25.24,STATIC,165.08,STATIC,80.22,STATIC,44.32,STATIC,97.53,STATIC,97.04,STATIC,91.96,STATIC,90.73,STATIC,False,0.003,60.0,0.000
86.20333333333333,2068,24.54,STATIC,165.91,STATIC,80.57,STATIC,44.80,STATIC,97.53,STATIC,97.19,STATIC,91.82,STATIC,92.38,STATIC,False,0.006,60.0,0.000
86.245,2069,23.92,STATIC,166.46,STATIC,80.81,STATIC,45.79,STATIC,97.54,STATIC,97.30,STATIC,91.80,STATIC,94.10,STATIC,False,0.005,60.0,0.000
86.28666666666668,2070,23.39,STATIC,167.03,STATIC,81.00,STATIC,46.07,STATIC,97.46,STATIC,97.20,STATIC,91.58,STATIC,95.31,STATIC,False,0.004,60.0,0.000
86.32833333333333,2071,22.95,STATIC,167.06,STATIC,81.31,STATIC,46.46,STATIC,97.34,STATIC,97.23,STATIC,91.54,STATIC,97.19,STATIC,False,0.002,60.0,0.000
86.37,2072,22.74,STATIC,166.19,STATIC,81.55,STATIC,46.06,STATIC,97.28,STATIC,97.28,STATIC,91.67,STATIC,98.97,STATIC,False,0.003,60.0,0.000
86.41166666666668,2073,22.41,STATIC,166.19,STATIC,81.75,STATIC,44.72,STATIC,97.16,STATIC,97.07,STATIC,90.99,STATIC,99.65,STATIC,False,0.006,60.0,0.000
86.45333333333333,2074,22.22,STATIC,166.87,STATIC,81.88,STATIC,44.29,STATIC,97.09,STATIC,96.95,STATIC,90.19,STATIC,99.69,STATIC,False,0.008,60.0,0.000
86.495,2075,22.13,STATIC,166.98,STATIC,81.99,STATIC,44.11,STATIC,97.10,STATIC,96.99,STATIC,89.82,STATIC,100.32,STATIC,False,0.012,60.0,0.000
86.53666666666668,2076,22.05,STATIC,167.45,STATIC,82.11,STATIC,43.44,STATIC,97.12,STATIC,97.10,STATIC,89.76,STATIC,101.34,STATIC,False,0.013,60.0,0.000
86.57833333333333,2077,21.78,STATIC,168.04,STATIC,82.14,STATIC,43.82,STATIC,97.16,STATIC,97.29,STATIC,89.95,STATIC,102.55,STATIC,False,0.015,60.0,0.000
86.62,2078,21.37,STATIC,168.28,STATIC,82.12,STATIC,44.59,STATIC,97.19,STATIC,97.20,STATIC,89.75,STATIC,102.85,STATIC,False,0.014,60.0,0.000
86.66166666666668,2079,20.88,STATIC,168.02,STATIC,82.15,STATIC,45.11,STATIC,97.16,STATIC,97.18,STATIC,89.56,STATIC,102.76,STATIC,False,0.011,60.0,0.000
86.70333333333333,2080,20.42,STATIC,167.78,STATIC,82.11,STATIC,44.92,STATIC,97.17,STATIC,97.22,STATIC,89.58,STATIC,102.77,STATIC,False,0.009,60.0,0.000
86.745,2081,19.93,STATIC,167.46,STATIC,82.13,STATIC,44.96,STATIC,97.04,STATIC,97.10,STATIC,88.82,STATIC,102.26,STATIC,False,0.010,60.0,0.000
86.78666666666668,2082,19.44,STATIC,167.32,STATIC,82.15,STATIC,44.58,STATIC,97.03,STATIC,97.00,STATIC,88.61,STATIC,101.76,STATIC,False,0.008,60.0,0.000
86.82833333333333,2083,18.93,STATIC,167.38,STATIC,82.17,STATIC,44.85,STATIC,96.93,STATIC,96.87,STATIC,88.11,STATIC,101.27,STATIC,False,0.007,60.0,0.000
86.87,2084,18.48,STATIC,167.60,STATIC,82.19,STATIC,44.80,STATIC,96.83,STATIC,96.80,STATIC,87.24,STATIC,100.16,STATIC,False,0.008,60.0,0.000
86.91166666666668,2085,18.16,STATIC,167.69,STATIC,82.30,STATIC,45.10,STATIC,96.83,STATIC,96.92,STATIC,86.34,STATIC,98.06,STATIC,False,0.010,60.0,0.000
86.95333333333333,2086,17.62,STATIC,167.73,STATIC,82.30,STATIC,42.81,STATIC,96.74,STATIC,96.88,STATIC,85.52,STATIC,95.75,STATIC,False,0.014,60.0,0.000
86.995,2087,17.07,STATIC,167.42,STATIC,82.34,STATIC,40.41,STATIC,96.70,STATIC,96.95,STATIC,84.51,STATIC,93.63,STATIC,False,0.019,60.0,0.000
87.03666666666668,2088,16.53,STATIC,167.29,STATIC,82.22,STATIC,41.27,STATIC,96.62,STATIC,96.77,STATIC,83.31,STATIC,89.97,STATIC,False,0.024,60.0,0.000
87.07833333333333,2089,16.03,STATIC,166.79,STATIC,82.15,STATIC,41.21,STATIC,96.61,STATIC,96.77,STATIC,82.59,STATIC,86.87,STATIC,False,0.026,60.0,0.000
87.12,2090,15.72,STATIC,166.52,STATIC,82.15,STATIC,40.18,STATIC,96.64,STATIC,96.84,STATIC,81.93,STATIC,83.67,STATIC,False,0.026,60.0,0.000
87.16166666666668,2091,15.50,STATIC,167.05,STATIC,82.19,STATIC,40.62,STATIC,96.65,STATIC,96.90,STATIC,81.38,STATIC,80.91,STATIC,False,0.026,60.0,0.000
87.20333333333333,2092,15.44,STATIC,167.10,STATIC,82.34,STATIC,39.02,STATIC,96.71,STATIC,97.16,STATIC,80.44,STATIC,77.84,STATIC,False,0.028,60.0,0.000
87.245,2093,15.39,STATIC,167.66,STATIC,82.42,STATIC,39.56,STATIC,96.68,STATIC,97.16,STATIC,79.76,STATIC,75.73,STATIC,False,0.028,60.0,0.000
87.28666666666668,2094,15.43,STATIC,168.37,STATIC,82.58,STATIC,38.90,STATIC,96.70,STATIC,97.24,STATIC,79.40,STATIC,74.29,STATIC,False,0.031,60.0,0.000
87.32833333333333,2095,15.65,STATIC,168.59,STATIC,82.75,STATIC,37.86,STATIC,96.78,STATIC,97.32,STATIC,79.30,STATIC,72.25,STATIC,False,0.031,60.0,0.000
87.37,2096,15.89,STATIC,168.22,STATIC,82.84,STATIC,34.58,STATIC,96.87,STATIC,97.67,STATIC,78.77,STATIC,71.27,STATIC,False,0.031,60.0,0.000
87.41166666666668,2097,16.06,STATIC,168.03,STATIC,82.91,STATIC,36.34,STATIC,96.86,STATIC,97.83,STATIC,78.47,STATIC,70.49,STATIC,False,0.031,60.0,0.000
87.45333333333333,2098,16.16,STATIC,167.35,STATIC,82.94,STATIC,36.66,STATIC,96.89,STATIC,97.91,STATIC,78.40,STATIC,69.96,STATIC,False,0.030,60.0,0.000
87.495,2099,16.31,STATIC,166.21,STATIC,82.97,STATIC,35.80,STATIC,97.06,STATIC,98.15,STATIC,79.28,STATIC,70.35,STATIC,False,0.028,60.0,0.000
87.53666666666668,2100,16.13,STATIC,166.69,STATIC,82.92,STATIC,37.78,STATIC,97.02,STATIC,97.76,STATIC,76.97,STATIC,70.00,STATIC,False,0.025,60.0,0.000
87.57833333333333,2101,15.80,STATIC,168.08,STATIC,82.94,STATIC,39.53,STATIC,96.85,STATIC,97.53,STATIC,77.55,STATIC,72.24,STATIC,False,0.018,60.0,0.000
87.62,2102,15.69,STATIC,168.39,STATIC,82.90,STATIC,40.39,STATIC,96.62,STATIC,97.10,STATIC,77.35,STATIC,72.44,STATIC,False,0.014,60.0,0.000
87.66166666666668,2103,15.52,STATIC,168.41,STATIC,82.89,STATIC,41.10,STATIC,96.54,STATIC,96.83,STATIC,78.61,STATIC,74.67,STATIC,False,0.010,60.0,0.000
87.70333333333333,2104,15.48,STATIC,168.39,STATIC,82.91,STATIC,41.08,STATIC,96.46,STATIC,96.82,STATIC,78.69,STATIC,76.57,STATIC,False,0.006,60.0,0.000
87.745,2105,15.52,STATIC,168.16,STATIC,83.01,STATIC,41.94,STATIC,96.46,STATIC,96.98,STATIC,79.87,STATIC,79.04,STATIC,False,0.003,60.0,0.000
87.78666666666668,2106,15.59,STATIC,167.44,STATIC,82.98,STATIC,42.39,STATIC,96.59,STATIC,97.10,STATIC,81.53,STATIC,82.11,STATIC,False,0.000,60.0,0.000
87.82833333333333,2107,15.75,STATIC,166.37,STATIC,82.97,STATIC,43.23,STATIC,96.63,STATIC,97.28,STATIC,82.24,STATIC,84.70,STATIC,False,0.000,60.0,0.000
87.87,2108,16.14,STATIC,165.02,STATIC,83.08,STATIC,44.34,STATIC,96.58,STATIC,97.65,STATIC,83.01,STATIC,87.37,STATIC,False,0.000,60.0,0.000
87.91166666666668,2109,16.44,STATIC,162.06,STATIC,83.15,STATIC,41.23,STATIC,96.54,STATIC,97.36,STATIC,83.13,STATIC,88.85,STATIC,False,0.000,60.0,0.000
87.95333333333333,2110,16.91,STATIC,162.17,STATIC,83.17,STATIC,41.84,STATIC,96.72,STATIC,97.55,STATIC,83.15,STATIC,87.68,STATIC,False,0.000,60.0,0.000
87.995,2111,17.43,STATIC,162.98,STATIC,83.09,STATIC,41.82,STATIC,96.75,STATIC,97.34,STATIC,82.96,STATIC,86.37,STATIC,False,0.000,60.0,0.000
88.03666666666668,2112,18.33,STATIC,161.72,STATIC,83.17,STATIC,41.04,STATIC,97.14,STATIC,97.60,STATIC,83.65,STATIC,83.94,STATIC,False,0.000,60.0,0.000
88.07833333333333,2113,19.42,STATIC,157.18,STATIC,83.31,STATIC,41.27,STATIC,97.11,STATIC,97.79,STATIC,83.71,STATIC,81.87,STATIC,False,0.000,60.0,0.000
88.12,2114,20.45,STATIC,153.23,STATIC,83.42,STATIC,39.32,STATIC,97.23,STATIC,97.86,STATIC,82.79,STATIC,79.43,STATIC,False,0.000,60.0,0.000
88.16166666666668,2115,21.75,STATIC,151.83,STATIC,83.47,STATIC,38.03,STATIC,97.41,STATIC,98.04,STATIC,82.10,STATIC,78.32,STATIC,False,0.000,60.0,0.000
88.20333333333333,2116,22.31,STATIC,153.56,STATIC,83.48,STATIC,35.22,STATIC,97.39,STATIC,98.52,STATIC,80.12,STATIC,75.84,STATIC,False,0.000,60.0,0.000
88.245,2117,23.97,STATIC,151.93,STATIC,83.59,STATIC,36.26,STATIC,97.53,STATIC,98.71,STATIC,79.44,STATIC,73.23,STATIC,False,0.004,60.0,0.000
88.28666666666668,2118,25.53,STATIC,151.43,STATIC,83.51,STATIC,36.48,STATIC,97.64,STATIC,99.41,STATIC,80.01,STATIC,72.57,STATIC,False,0.004,60.0,0.000
88.32833333333333,2119,26.40,STATIC,153.76,STATIC,83.43,STATIC,32.97,STATIC,97.88,STATIC,100.13,STATIC,80.17,STATIC,74.11,STATIC,False,0.008,60.0,0.000
88.37,2120,25.41,STATIC,155.86,STATIC,83.33,STATIC,32.19,STATIC,97.88,STATIC,99.99,STATIC,80.17,STATIC,73.39,STATIC,False,0.012,60.0,0.000
88.41166666666668,2121,24.68,STATIC,157.22,STATIC,83.25,STATIC,30.25,STATIC,97.86,STATIC,99.92,STATIC,81.18,STATIC,74.49,STATIC,False,0.009,60.0,0.000
88.45333333333333,2122,24.36,STATIC,157.35,STATIC,83.11,STATIC,25.25,FLEXION,98.02,STATIC,100.18,STATIC,84.80,STATIC,78.11,STATIC,False,0.187,60.0,0.000
88.495,2123,24.49,STATIC,159.14,STATIC,82.80,STATIC,26.39,STATIC,98.29,STATIC,100.24,STATIC,88.38,STATIC,82.08,STATIC,False,0.020,60.0,0.000
88.53666666666668,2124,25.44,STATIC,152.75,FLEXION,82.39,STATIC,25.29,STATIC,98.48,STATIC,99.95,STATIC,96.54,EXTENSION,88.16,EXTENSION,False,0.019,60.0,0.000
88.57833333333333,2125,27.09,STATIC,153.45,STATIC,81.75,STATIC,26.67,STATIC,98.71,STATIC,100.22,STATIC,105.83,EXTENSION,92.79,STATIC,False,0.013,60.0,0.000
88.62,2126,28.09,STATIC,148.98,STATIC,81.10,STATIC,24.68,STATIC,99.10,STATIC,100.98,STATIC,113.52,EXTENSION,96.62,STATIC,False,0.015,60.0,0.000
88.66166666666668,2127,28.64,STATIC,146.22,STATIC,80.46,STATIC,21.29,STATIC,99.35,STATIC,102.22,STATIC,116.02,STATIC,101.12,STATIC,False,0.013,60.0,0.000
88.70333333333333,2128,31.76,STATIC,153.82,EXTENSION,80.36,STATIC,25.19,STATIC,99.96,STATIC,103.41,STATIC,120.73,STATIC,105.12,STATIC,False,0.007,60.0,0.000
88.745,2129,32.26,STATIC,150.60,STATIC,79.73,STATIC,31.06,EXTENSION,100.04,STATIC,104.31,STATIC,126.45,EXTENSION,109.07,STATIC,False,0.004,60.0,0.000
88.78666666666668,2130,33.01,STATIC,150.66,STATIC,78.88,STATIC,30.91,STATIC,100.06,STATIC,105.17,STATIC,130.65,STATIC,111.22,STATIC,False,0.006,60.0,0.000
88.82833333333333,2131,34.70,STATIC,149.62,STATIC,77.93,STATIC,32.55,STATIC,100.27,STATIC,106.89,STATIC,131.89,STATIC,114.73,STATIC,False,0.006,60.0,0.000
88.87,2132,36.80,STATIC,150.89,STATIC,76.99,STATIC,31.69,STATIC,100.23,STATIC,108.10,STATIC,132.94,STATIC,117.36,STATIC,False,0.009,60.0,0.000
88.91166666666668,2133,38.43,STATIC,149.46,STATIC,76.18,STATIC,30.85,STATIC,100.47,STATIC,110.70,STATIC,134.30,STATIC,121.54,STATIC,False,0.012,60.0,0.000
88.95333333333333,2134,40.47,STATIC,146.14,STATIC,75.18,STATIC,30.91,STATIC,100.21,STATIC,113.10,STATIC,137.76,STATIC,124.54,STATIC,False,0.014,60.0,0.000
88.995,2135,42.15,STATIC,147.58,STATIC,74.34,STATIC,31.92,STATIC,97.40,STATIC,113.41,STATIC,136.11,STATIC,123.99,STATIC,False,0.013,60.0,0.000
89.03666666666668,2136,43.64,STATIC,146.22,STATIC,73.70,STATIC,31.39,STATIC,99.58,STATIC,115.97,STATIC,139.14,STATIC,125.25,STATIC,False,0.014,60.0,0.000
89.07833333333333,2137,44.91,STATIC,144.45,STATIC,72.80,STATIC,30.96,STATIC,101.36,STATIC,117.62,STATIC,145.82,EXTENSION,126.09,STATIC,False,0.017,60.0,0.000
89.12,2138,46.65,STATIC,142.18,STATIC,71.95,STATIC,32.64,STATIC,102.93,STATIC,119.01,STATIC,148.07,STATIC,127.07,STATIC,False,0.020,60.0,0.000
89.16166666666668,2139,48.02,STATIC,142.95,STATIC,71.39,STATIC,31.74,STATIC,103.66,STATIC,121.75,STATIC,151.06,STATIC,128.83,STATIC,False,0.020,60.0,0.000
89.20333333333333,2140,48.96,STATIC,143.59,STATIC,70.72,STATIC,32.34,STATIC,104.02,STATIC,123.41,STATIC,151.79,STATIC,131.41,STATIC,False,0.018,60.0,0.000
89.245,2141,50.23,STATIC,144.04,STATIC,70.16,STATIC,31.66,STATIC,103.59,STATIC,124.96,STATIC,152.56,STATIC,132.93,STATIC,False,0.020,60.0,0.000
89.28666666666668,2142,52.13,STATIC,142.04,STATIC,69.45,STATIC,31.87,STATIC,103.77,STATIC,125.84,STATIC,152.01,STATIC,133.60,STATIC,False,0.022,60.0,0.000
89.32833333333333,2143,53.06,STATIC,142.71,STATIC,69.07,STATIC,31.12,STATIC,105.16,STATIC,128.83,STATIC,155.95,STATIC,136.50,STATIC,False,0.021,60.0,0.000
89.37,2144,54.24,STATIC,143.20,STATIC,68.66,STATIC,30.98,STATIC,104.69,STATIC,129.89,STATIC,154.63,STATIC,135.69,STATIC,False,0.020,60.0,0.000
89.41166666666668,2145,55.80,STATIC,139.22,STATIC,68.26,STATIC,27.77,STATIC,105.19,STATIC,130.40,STATIC,154.90,STATIC,136.64,STATIC,False,0.020,60.0,0.000
89.45333333333333,2146,56.56,STATIC,142.17,STATIC,68.45,STATIC,29.17,STATIC,105.03,STATIC,131.49,STATIC,155.49,STATIC,138.12,STATIC,False,0.018,60.0,0.000
89.495,2147,56.94,STATIC,143.54,STATIC,68.45,STATIC,29.22,STATIC,105.30,STATIC,133.29,STATIC,156.59,STATIC,140.64,STATIC,False,0.017,60.0,0.000
89.53666666666668,2148,57.19,STATIC,143.73,STATIC,68.19,STATIC,27.94,STATIC,105.25,STATIC,134.04,STATIC,155.59,STATIC,140.75,STATIC,False,0.017,60.0,0.000
89.57833333333333,2149,57.37,STATIC,143.87,STATIC,67.93,STATIC,27.29,STATIC,105.25,STATIC,134.59,STATIC,156.08,STATIC,140.77,STATIC,False,0.017,60.0,0.000
89.62,2150,57.55,STATIC,141.88,STATIC,67.54,STATIC,26.50,STATIC,105.27,STATIC,135.21,STATIC,155.90,STATIC,141.19,STATIC,False,0.017,60.0,0.000
89.66166666666668,2151,58.11,STATIC,140.38,STATIC,67.09,STATIC,26.04,STATIC,105.60,STATIC,135.94,STATIC,155.59,STATIC,141.80,STATIC,False,0.022,60.0,0.000
89.70333333333333,2152,58.24,STATIC,140.98,STATIC,66.68,STATIC,26.00,STATIC,105.73,STATIC,136.48,STATIC,155.15,STATIC,141.92,STATIC,False,0.022,60.0,0.000
89.745,2153,58.46,STATIC,141.99,STATIC,66.14,STATIC,25.79,STATIC,106.06,STATIC,137.06,STATIC,154.37,STATIC,141.48,STATIC,False,0.023,60.0,0.000
89.78666666666668,2154,58.55,STATIC,140.90,STATIC,65.80,STATIC,25.70,STATIC,106.39,STATIC,138.12,STATIC,153.97,STATIC,141.99,STATIC,False,0.023,60.0,0.000
89.82833333333333,2155,58.74,STATIC,142.12,STATIC,65.72,STATIC,28.86,STATIC,106.92,STATIC,139.82,STATIC,154.41,STATIC,144.87,STATIC,False,0.022,60.0,0.000
89.87,2156,58.94,STATIC,141.82,STATIC,65.68,STATIC,30.10,STATIC,107.18,STATIC,139.91,STATIC,153.78,STATIC,145.07,STATIC,False,0.023,60.0,0.000
89.91166666666668,2157,59.86,STATIC,141.29,STATIC,65.31,STATIC,30.68,STATIC,107.24,STATIC,139.91,STATIC,153.66,STATIC,145.45,STATIC,False,0.024,60.0,0.000
89.95500000000001,2158,60.85,STATIC,141.76,STATIC,64.73,STATIC,31.28,STATIC,107.23,STATIC,140.50,STATIC,154.17,STATIC,146.71,STATIC,False,0.024,60.0,0.000
89.99666666666667,2159,61.81,STATIC,141.85,STATIC,64.28,STATIC,31.27,STATIC,106.93,STATIC,140.38,STATIC,153.54,STATIC,147.35,STATIC,False,0.026,60.0,0.000
90.03833333333334,2160,62.95,STATIC,139.66,STATIC,63.44,STATIC,30.89,STATIC,106.69,STATIC,139.59,STATIC,152.55,STATIC,147.35,STATIC,False,0.029,60.0,0.000
90.08000000000001,2161,64.04,STATIC,138.98,STATIC,62.93,STATIC,30.49,STATIC,106.33,STATIC,141.16,STATIC,152.82,STATIC,149.31,STATIC,False,0.030,60.0,0.000
90.12166666666667,2162,65.09,STATIC,140.41,STATIC,62.41,STATIC,30.92,STATIC,105.99,STATIC,141.10,STATIC,152.61,STATIC,148.90,STATIC,False,0.029,60.0,0.000
90.16333333333334,2163,66.23,STATIC,138.95,STATIC,62.38,STATIC,27.27,STATIC,105.90,STATIC,140.58,STATIC,152.99,STATIC,148.29,STATIC,False,0.028,60.0,0.000
90.20500000000001,2164,67.02,STATIC,139.09,STATIC,62.63,STATIC,27.35,STATIC,105.99,STATIC,141.13,STATIC,152.29,STATIC,148.65,STATIC,False,0.029,60.0,0.000
90.24666666666667,2165,68.36,STATIC,139.99,STATIC,63.29,STATIC,27.59,STATIC,106.05,STATIC,141.81,STATIC,152.51,STATIC,148.09,STATIC,False,0.028,60.0,0.000
90.28833333333334,2166,69.78,STATIC,141.17,STATIC,62.94,STATIC,27.79,STATIC,105.82,STATIC,141.89,STATIC,151.67,STATIC,148.71,STATIC,False,0.028,60.0,0.000
90.33000000000001,2167,71.87,STATIC,142.27,STATIC,62.97,STATIC,26.96,STATIC,105.78,STATIC,141.93,STATIC,151.90,STATIC,149.26,STATIC,False,0.027,60.0,0.000
90.37166666666667,2168,74.41,STATIC,142.88,STATIC,62.43,STATIC,29.70,STATIC,105.49,STATIC,141.81,STATIC,149.62,STATIC,147.65,STATIC,False,0.027,60.0,0.000
90.41333333333334,2169,74.63,STATIC,142.12,STATIC,62.70,STATIC,29.24,STATIC,106.33,STATIC,141.07,STATIC,149.58,STATIC,147.36,STATIC,False,0.027,60.0,0.000
90.45500000000001,2170,77.51,STATIC,142.06,STATIC,62.71,STATIC,29.80,STATIC,106.82,STATIC,139.90,STATIC,148.95,STATIC,146.24,STATIC,False,0.027,60.0,0.000
90.49666666666667,2171,81.67,STATIC,142.95,STATIC,62.51,STATIC,31.18,STATIC,106.83,STATIC,138.82,STATIC,147.34,STATIC,143.64,STATIC,False,0.025,60.0,0.000
90.53833333333334,2172,83.91,STATIC,144.84,STATIC,62.79,STATIC,33.62,STATIC,107.16,STATIC,137.91,STATIC,145.64,STATIC,144.53,STATIC,False,0.028,60.0,0.000
90.58000000000001,2173,87.45,STATIC,142.22,STATIC,63.49,STATIC,33.83,STATIC,108.11,STATIC,138.20,STATIC,143.35,STATIC,142.37,STATIC,False,0.031,60.0,0.000
90.62166666666667,2174,89.32,STATIC,141.30,STATIC,64.76,STATIC,34.58,STATIC,107.69,STATIC,138.21,STATIC,140.06,STATIC,138.78,STATIC,False,0.033,60.0,0.000
90.66333333333334,2175,87.19,STATIC,144.70,STATIC,65.64,STATIC,37.18,STATIC,107.90,STATIC,134.78,STATIC,138.95,STATIC,133.12,FLEXION,False,0.034,60.0,0.000
90.70500000000001,2176,86.02,STATIC,145.22,STATIC,67.47,STATIC,35.44,STATIC,109.10,STATIC,140.81,EXTENSION,138.41,STATIC,134.90,STATIC,False,0.031,60.0,0.000
90.74666666666667,2177,88.06,STATIC,144.57,STATIC,69.13,STATIC,37.30,STATIC,106.45,STATIC,134.04,FLEXION,133.11,FLEXION,124.33,FLEXION,False,0.039,60.0,0.000
90.78833333333334,2178,89.16,STATIC,144.95,STATIC,70.64,STATIC,35.72,STATIC,106.82,STATIC,136.25,STATIC,132.38,STATIC,127.96,STATIC,False,0.039,60.0,0.000
90.83000000000001,2179,88.60,STATIC,148.55,STATIC,68.86,STATIC,35.48,STATIC,108.61,STATIC,135.32,STATIC,134.56,STATIC,124.67,STATIC,False,0.035,60.0,0.000
90.87166666666667,2180,94.27,EXTENSION,153.25,STATIC,69.26,STATIC,36.70,STATIC,109.40,STATIC,134.61,STATIC,133.56,STATIC,125.25,STATIC,False,0.033,60.0,0.000
90.91333333333334,2181,98.92,STATIC,144.41,FLEXION,70.26,STATIC,30.32,FLEXION,109.33,STATIC,131.50,STATIC,133.19,STATIC,129.37,STATIC,False,0.200,60.0,0.000
90.95500000000001,2182,102.36,STATIC,143.21,STATIC,70.13,STATIC,28.76,STATIC,110.59,STATIC,125.29,FLEXION,137.58,STATIC,133.25,STATIC,False,0.023,60.0,0.000
90.99666666666667,2183,101.61,STATIC,143.49,STATIC,69.87,STATIC,26.50,STATIC,109.34,STATIC,128.43,STATIC,138.24,STATIC,137.39,STATIC,False,0.023,60.0,0.000
91.03833333333334,2184,102.59,STATIC,139.46,STATIC,67.01,STATIC,19.86,FLEXION,108.87,STATIC,131.30,STATIC,142.85,STATIC,136.70,STATIC,False,0.191,60.0,0.000
91.08000000000001,2185,104.86,STATIC,141.98,STATIC,66.02,STATIC,21.46,STATIC,108.57,STATIC,129.09,STATIC,144.36,STATIC,136.49,STATIC,False,0.023,60.0,0.000
91.12166666666667,2186,105.55,STATIC,138.60,STATIC,64.81,STATIC,20.56,STATIC,106.48,STATIC,125.05,STATIC,143.91,STATIC,144.54,EXTENSION,False,0.025,60.0,0.000
91.16333333333334,2187,107.11,STATIC,139.60,STATIC,66.84,STATIC,18.07,STATIC,107.20,STATIC,123.56,STATIC,144.74,STATIC,150.94,EXTENSION,False,0.029,60.0,0.000
91.20500000000001,2188,108.71,STATIC,143.31,STATIC,67.78,STATIC,21.20,STATIC,106.93,STATIC,118.31,FLEXION,145.02,STATIC,154.44,STATIC,False,0.022,60.0,0.000
91.24666666666667,2189,109.08,STATIC,141.89,STATIC,67.31,STATIC,19.57,STATIC,107.71,STATIC,119.45,STATIC,144.64,STATIC,154.28,STATIC,False,0.022,60.0,0.000
91.28833333333334,2190,109.06,STATIC,145.61,STATIC,66.55,STATIC,19.84,STATIC,107.53,STATIC,120.41,STATIC,145.38,STATIC,154.40,STATIC,False,0.018,60.0,0.000
91.33000000000001,2191,108.94,STATIC,145.81,STATIC,66.29,STATIC,18.26,STATIC,107.10,STATIC,120.92,STATIC,145.10,STATIC,152.42,STATIC,False,0.023,60.0,0.000
91.37166666666667,2192,110.67,STATIC,147.92,STATIC,68.26,STATIC,22.37,STATIC,106.13,STATIC,117.08,STATIC,146.07,STATIC,154.63,STATIC,False,0.024,60.0,0.000
91.41333333333334,2193,107.54,STATIC,148.54,STATIC,65.75,STATIC,25.83,STATIC,105.70,STATIC,114.94,STATIC,146.86,STATIC,156.83,STATIC,False,0.024,60.0,0.000
91.45500000000001,2194,107.82,STATIC,151.12,STATIC,66.04,STATIC,29.35,STATIC,105.44,STATIC,114.17,STATIC,146.39,STATIC,155.96,STATIC,False,0.023,60.0,0.000
91.49666666666667,2195,105.77,STATIC,150.84,STATIC,64.80,STATIC,29.69,STATIC,106.13,STATIC,115.17,STATIC,147.34,STATIC,156.69,STATIC,False,0.023,60.0,0.000
91.53833333333334,2196,107.89,STATIC,146.53,STATIC,64.66,STATIC,27.87,STATIC,106.52,STATIC,116.38,STATIC,148.01,STATIC,154.61,STATIC,False,0.021,60.0,0.000
91.58000000000001,2197,109.31,STATIC,144.21,STATIC,64.15,STATIC,27.54,STATIC,106.20,STATIC,115.72,STATIC,148.30,STATIC,157.38,STATIC,False,0.021,60.0,0.000
91.62166666666667,2198,109.13,STATIC,141.89,STATIC,61.52,STATIC,27.63,STATIC,106.21,STATIC,113.42,STATIC,148.44,STATIC,160.09,STATIC,False,0.019,60.0,0.000
91.66333333333334,2199,110.40,STATIC,137.91,STATIC,59.31,STATIC,27.86,STATIC,106.12,STATIC,113.00,STATIC,148.73,STATIC,162.22,STATIC,False,0.019,60.0,0.000
91.70500000000001,2200,110.61,STATIC,132.80,FLEXION,53.79,FLEXION,27.53,STATIC,105.84,STATIC,113.38,STATIC,149.16,STATIC,163.87,STATIC,False,0.182,60.0,0.000
91.74666666666667,2201,112.46,STATIC,125.12,FLEXION,52.77,STATIC,27.90,STATIC,105.78,STATIC,112.62,STATIC,149.76,STATIC,165.30,STATIC,False,0.019,60.0,0.000
91.78833333333334,2202,114.14,STATIC,117.32,FLEXION,49.52,STATIC,30.20,STATIC,106.41,STATIC,114.01,STATIC,151.16,STATIC,164.19,STATIC,False,0.021,60.0,0.000
91.83000000000001,2203,112.78,STATIC,105.48,FLEXION,48.96,STATIC,30.20,STATIC,106.78,STATIC,115.26,STATIC,150.86,STATIC,162.78,STATIC,False,0.022,60.0,0.000
91.87166666666667,2204,113.86,STATIC,98.81,FLEXION,48.15,STATIC,31.45,STATIC,107.30,STATIC,115.60,STATIC,152.37,STATIC,162.37,STATIC,False,0.019,60.0,0.000
91.91333333333334,2205,115.28,STATIC,91.72,FLEXION,47.75,STATIC,33.18,STATIC,107.53,STATIC,113.67,STATIC,152.82,STATIC,166.53,STATIC,False,0.018,60.0,0.000
91.95500000000001,2206,114.85,STATIC,86.58,FLEXION,47.27,STATIC,37.09,STATIC,107.43,STATIC,111.54,STATIC,153.40,STATIC,168.09,STATIC,False,0.014,60.0,0.000
91.99666666666667,2207,114.66,STATIC,85.26,STATIC,47.88,STATIC,42.20,EXTENSION,106.74,STATIC,107.94,STATIC,151.32,STATIC,166.51,STATIC,False,0.008,60.0,0.000
92.03833333333334,2208,119.76,EXTENSION,84.73,STATIC,52.21,STATIC,44.64,STATIC,105.93,STATIC,105.37,STATIC,145.96,FLEXION,162.13,STATIC,False,0.010,60.0,0.000
92.08000000000001,2209,121.28,STATIC,82.18,STATIC,54.83,STATIC,42.04,STATIC,106.75,STATIC,104.39,STATIC,146.84,STATIC,161.84,STATIC,False,0.014,60.0,0.000
92.12166666666667,2210,125.07,STATIC,82.25,STATIC,55.82,STATIC,40.72,STATIC,106.44,STATIC,103.71,STATIC,146.29,STATIC,161.24,STATIC,False,0.015,60.0,0.000
92.16333333333334,2211,138.23,EXTENSION,83.01,STATIC,55.89,STATIC,39.10,STATIC,105.93,STATIC,103.03,STATIC,143.45,STATIC,160.27,STATIC,False,0.015,60.0,0.000
92.20500000000001,2212,140.12,STATIC,85.07,STATIC,58.12,STATIC,43.43,STATIC,104.92,STATIC,101.56,STATIC,143.04,STATIC,160.03,STATIC,False,0.020,60.0,0.000
92.24666666666667,2213,147.35,EXTENSION,86.36,STATIC,60.10,STATIC,43.46,STATIC,104.77,STATIC,101.74,STATIC,144.19,STATIC,159.96,STATIC,False,0.018,60.0,0.000
92.28833333333334,2214,150.57,STATIC,87.35,STATIC,61.30,STATIC,43.96,STATIC,104.74,STATIC,101.41,STATIC,142.73,STATIC,158.97,STATIC,False,0.018,60.0,0.000
92.33000000000001,2215,151.02,STATIC,89.50,STATIC,59.95,STATIC,42.10,STATIC,105.97,STATIC,102.16,STATIC,142.87,STATIC,158.53,STATIC,False,0.009,60.0,0.000
92.37166666666667,2216,151.78,STATIC,91.19,STATIC,61.25,STATIC,40.66,STATIC,106.46,STATIC,102.65,STATIC,143.20,STATIC,158.68,STATIC,False,0.006,60.0,0.000
92.41333333333334,2217,152.71,STATIC,92.31,STATIC,62.10,STATIC,40.14,STATIC,106.24,STATIC,102.78,STATIC,143.48,STATIC,158.73,STATIC,False,0.008,60.0,0.000
92.45500000000001,2218,152.57,STATIC,92.48,STATIC,62.76,STATIC,40.18,STATIC,106.18,STATIC,103.01,STATIC,142.97,STATIC,159.49,STATIC,False,0.009,60.0,0.000
92.49666666666667,2219,152.94,STATIC,93.07,STATIC,64.14,STATIC,40.54,STATIC,106.15,STATIC,103.13,STATIC,142.76,STATIC,159.25,STATIC,False,0.009,60.0,0.000
92.53833333333334,2220,154.35,STATIC,93.64,STATIC,64.63,STATIC,39.88,STATIC,106.42,STATIC,103.38,STATIC,141.58,STATIC,158.61,STATIC,False,0.006,60.0,0.000
92.58000000000001,2221,147.32,FLEXION,94.63,STATIC,65.20,STATIC,39.94,STATIC,106.07,STATIC,102.93,STATIC,140.69,STATIC,157.59,STATIC,False,0.011,60.0,0.000
92.62166666666667,2222,148.55,STATIC,95.33,STATIC,67.11,STATIC,39.26,STATIC,106.15,STATIC,103.85,STATIC,140.74,STATIC,159.13,STATIC,False,0.012,60.0,0.000
92.66333333333334,2223,144.13,STATIC,95.29,STATIC,68.57,STATIC,38.23,STATIC,106.86,STATIC,105.17,STATIC,142.19,STATIC,160.10,STATIC,False,0.009,60.0,0.000
92.70500000000001,2224,143.68,STATIC,95.04,STATIC,68.58,STATIC,37.86,STATIC,106.50,STATIC,106.01,STATIC,141.69,STATIC,160.86,STATIC,False,0.006,60.0,0.000
92.74666666666667,2225,144.88,STATIC,94.85,STATIC,69.59,STATIC,36.46,STATIC,105.87,STATIC,106.24,STATIC,141.83,STATIC,160.82,STATIC,False,0.008,60.0,0.000
92.78833333333334,2226,146.84,STATIC,94.27,STATIC,69.26,STATIC,34.73,STATIC,106.07,STATIC,106.89,STATIC,142.49,STATIC,161.45,STATIC,False,0.008,60.0,0.000
92.83000000000001,2227,143.86,STATIC,95.52,STATIC,71.03,STATIC,41.65,EXTENSION,105.24,STATIC,104.36,STATIC,142.30,STATIC,160.46,STATIC,False,0.013,60.0,0.000
92.87166666666667,2228,141.10,STATIC,96.02,STATIC,71.46,STATIC,46.12,STATIC,105.30,STATIC,104.46,STATIC,141.27,STATIC,158.87,STATIC,False,0.015,60.0,0.000
92.91333333333334,2229,136.54,STATIC,95.87,STATIC,72.18,STATIC,46.55,STATIC,102.60,STATIC,103.64,STATIC,140.66,STATIC,158.80,STATIC,False,0.017,60.0,0.000
92.95500000000001,2230,131.84,STATIC,95.53,STATIC,74.26,STATIC,49.42,STATIC,102.05,STATIC,101.93,STATIC,138.84,STATIC,160.60,STATIC,False,0.021,60.0,0.000
92.99666666666667,2231,130.71,STATIC,92.37,STATIC,74.29,STATIC,45.54,STATIC,103.60,STATIC,103.28,STATIC,141.69,STATIC,162.72,STATIC,False,0.016,60.0,0.000
93.03833333333334,2232,126.86,STATIC,93.75,STATIC,77.01,STATIC,50.45,STATIC,100.73,STATIC,100.58,STATIC,136.35,FLEXION,157.75,STATIC,False,0.022,60.0,0.000
93.08000000000001,2233,126.58,STATIC,92.89,STATIC,77.25,STATIC,50.85,STATIC,101.05,STATIC,98.64,STATIC,134.52,STATIC,155.97,STATIC,False,0.024,60.0,0.000
93.12166666666667,2234,127.15,STATIC,93.12,STATIC,79.20,STATIC,55.20,STATIC,99.94,STATIC,96.66,STATIC,131.96,STATIC,154.28,STATIC,False,0.031,60.0,0.000
93.16333333333334,2235,125.19,STATIC,90.42,STATIC,78.44,STATIC,51.12,STATIC,99.88,STATIC,99.14,STATIC,129.58,STATIC,154.30,STATIC,False,0.027,60.0,0.000
93.20500000000001,2236,122.16,STATIC,89.21,STATIC,79.88,STATIC,50.04,STATIC,98.94,STATIC,99.75,STATIC,125.34,STATIC,152.99,STATIC,False,0.026,60.0,0.000
93.24666666666667,2237,119.73,STATIC,87.94,STATIC,79.55,STATIC,47.81,STATIC,98.85,STATIC,101.56,STATIC,126.61,STATIC,154.36,STATIC,False,0.026,60.0,0.000
93.28833333333334,2238,117.76,STATIC,88.24,STATIC,80.09,STATIC,47.03,STATIC,99.21,STATIC,102.78,STATIC,127.77,STATIC,157.38,STATIC,False,0.026,60.0,0.000
93.33000000000001,2239,117.24,STATIC,88.73,STATIC,80.66,STATIC,46.15,STATIC,99.47,STATIC,101.04,STATIC,129.68,STATIC,158.86,STATIC,False,0.026,60.0,0.000
93.37166666666667,2240,116.90,STATIC,89.55,STATIC,81.11,STATIC,46.18,STATIC,99.77,STATIC,99.79,STATIC,130.48,STATIC,156.44,STATIC,False,0.025,60.0,0.000
93.41333333333334,2241,114.38,STATIC,89.93,STATIC,80.38,STATIC,42.73,STATIC,100.28,STATIC,101.43,STATIC,131.54,STATIC,155.34,STATIC,False,0.023,60.0,0.000
93.45500000000001,2242,113.25,STATIC,90.96,STATIC,80.50,STATIC,40.42,STATIC,100.93,STATIC,100.32,STATIC,132.53,STATIC,156.51,STATIC,False,0.023,60.0,0.000
93.49666666666667,2243,112.57,STATIC,92.02,STATIC,80.54,STATIC,39.72,STATIC,101.22,STATIC,101.08,STATIC,132.75,STATIC,155.87,STATIC,False,0.025,60.0,0.000
93.53833333333334,2244,111.62,STATIC,91.74,STATIC,80.46,STATIC,38.83,STATIC,100.90,STATIC,101.61,STATIC,130.76,STATIC,157.34,STATIC,False,0.025,60.0,0.000
93.58000000000001,2245,110.08,STATIC,92.44,STATIC,80.32,STATIC,37.20,STATIC,100.50,STATIC,102.80,STATIC,130.80,STATIC,157.11,STATIC,False,0.025,60.0,0.000
93.62166666666667,2246,108.25,STATIC,93.04,STATIC,80.06,STATIC,37.09,STATIC,100.59,STATIC,102.41,STATIC,131.01,STATIC,156.93,STATIC,False,0.025,60.0,0.000
93.66333333333334,2247,106.52,STATIC,93.57,STATIC,79.89,STATIC,39.28,STATIC,100.71,STATIC,101.48,STATIC,130.97,STATIC,155.29,STATIC,False,0.025,60.0,0.000
93.70500000000001,2248,105.31,STATIC,93.05,STATIC,80.48,STATIC,37.26,STATIC,101.26,STATIC,103.80,STATIC,131.51,STATIC,155.85,STATIC,False,0.026,60.0,0.000
93.74666666666667,2249,105.94,STATIC,93.68,STATIC,81.48,STATIC,38.13,STATIC,101.23,STATIC,103.30,STATIC,130.96,STATIC,155.43,STATIC,False,0.030,60.0,0.000
93.78833333333334,2250,105.06,STATIC,94.30,STATIC,82.69,STATIC,39.51,STATIC,99.89,STATIC,99.31,STATIC,130.45,STATIC,152.57,STATIC,False,0.034,60.0,0.000
93.83000000000001,2251,105.95,STATIC,94.01,STATIC,82.01,STATIC,39.36,STATIC,100.36,STATIC,100.14,STATIC,128.86,STATIC,151.65,STATIC,False,0.034,60.0,0.000
93.87166666666667,2252,106.84,STATIC,93.68,STATIC,81.70,STATIC,39.47,STATIC,100.61,STATIC,99.60,STATIC,129.17,STATIC,152.18,STATIC,False,0.032,60.0,0.000
93.91333333333334,2253,108.49,STATIC,92.86,STATIC,82.80,STATIC,45.50,EXTENSION,97.83,STATIC,95.95,STATIC,124.86,STATIC,149.75,STATIC,False,0.032,60.0,0.000
93.95666666666668,2254,109.85,STATIC,91.98,STATIC,82.83,STATIC,44.89,STATIC,97.52,STATIC,96.54,STATIC,124.35,STATIC,149.66,STATIC,False,0.032,60.0,0.000
93.99833333333333,2255,109.74,STATIC,99.40,EXTENSION,84.09,STATIC,61.28,EXTENSION,94.66,STATIC,94.42,STATIC,120.76,STATIC,146.91,STATIC,False,0.034,60.0,0.000
94.04,2256,110.70,STATIC,98.98,STATIC,84.68,STATIC,59.94,STATIC,92.80,STATIC,94.65,STATIC,119.41,STATIC,146.23,STATIC,False,0.034,60.0,0.000
94.08166666666668,2257,114.05,STATIC,96.65,STATIC,85.37,STATIC,58.22,STATIC,93.68,STATIC,94.95,STATIC,117.44,STATIC,143.10,STATIC,False,0.035,60.0,0.000
94.12333333333333,2258,112.63,STATIC,103.37,EXTENSION,86.17,STATIC,64.63,EXTENSION,92.97,STATIC,93.75,STATIC,117.38,STATIC,139.60,STATIC,False,0.037,60.0,0.000
94.165,2259,112.09,STATIC,102.14,STATIC,84.82,STATIC,60.52,STATIC,93.71,STATIC,95.18,STATIC,120.03,STATIC,140.69,STATIC,False,0.036,60.0,0.000
94.20666666666668,2260,109.60,STATIC,103.98,STATIC,84.89,STATIC,63.04,STATIC,93.79,STATIC,95.02,STATIC,120.67,STATIC,140.55,STATIC,False,0.036,60.0,0.000
94.24833333333333,2261,107.95,STATIC,102.90,STATIC,84.55,STATIC,60.84,STATIC,93.59,STATIC,96.23,STATIC,121.49,STATIC,140.06,STATIC,False,0.035,60.0,0.000
94.29,2262,106.27,STATIC,104.11,STATIC,84.05,STATIC,60.72,STATIC,94.65,STATIC,97.78,STATIC,121.38,STATIC,141.51,STATIC,False,0.036,60.0,0.000
94.33166666666668,2263,102.00,STATIC,102.48,STATIC,83.32,STATIC,54.38,FLEXION,96.52,STATIC,100.21,STATIC,126.11,STATIC,143.44,STATIC,False,0.202,60.0,0.000
94.37333333333333,2264,99.51,STATIC,102.09,STATIC,83.12,STATIC,54.74,STATIC,97.11,STATIC,100.18,STATIC,127.53,STATIC,143.05,STATIC,False,0.035,60.0,0.000
94.415,2265,97.28,STATIC,102.16,STATIC,82.65,STATIC,54.57,STATIC,96.82,STATIC,100.27,STATIC,129.67,STATIC,142.23,STATIC,False,0.035,60.0,0.000
94.45666666666668,2266,98.31,STATIC,102.43,STATIC,82.87,STATIC,56.52,STATIC,97.21,STATIC,99.42,STATIC,130.19,STATIC,140.62,STATIC,False,0.036,60.0,0.000
94.49833333333333,2267,97.56,STATIC,101.85,STATIC,82.85,STATIC,55.35,STATIC,97.86,STATIC,99.71,STATIC,132.11,STATIC,142.28,STATIC,False,0.036,60.0,0.000
94.54,2268,98.54,STATIC,99.48,STATIC,82.36,STATIC,50.96,STATIC,98.89,STATIC,101.13,STATIC,133.13,STATIC,143.38,STATIC,False,0.033,60.0,0.000
94.58166666666668,2269,99.11,STATIC,99.28,STATIC,82.82,STATIC,52.58,STATIC,98.10,STATIC,100.60,STATIC,132.77,STATIC,143.64,STATIC,False,0.032,60.0,0.000
94.62333333333333,2270,98.98,STATIC,99.25,STATIC,82.67,STATIC,52.34,STATIC,98.88,STATIC,100.66,STATIC,134.56,STATIC,144.26,STATIC,False,0.032,60.0,0.000
94.665,2271,98.19,STATIC,97.46,STATIC,81.68,STATIC,47.45,STATIC,100.10,STATIC,102.60,STATIC,135.52,STATIC,145.47,STATIC,False,0.028,60.0,0.000
94.70666666666668,2272,94.88,STATIC,99.71,STATIC,81.16,STATIC,46.80,STATIC,99.72,STATIC,104.48,STATIC,134.84,STATIC,147.24,STATIC,False,0.034,60.0,0.000
94.74833333333333,2273,92.49,STATIC,100.01,STATIC,81.75,STATIC,48.20,STATIC,98.29,STATIC,104.10,STATIC,133.25,STATIC,147.32,STATIC,False,0.030,60.0,0.000
94.79,2274,88.48,STATIC,102.64,STATIC,82.28,STATIC,55.77,EXTENSION,92.38,FLEXION,101.86,STATIC,126.62,FLEXION,143.86,STATIC,False,0.031,60.0,0.000
94.83166666666668,2275,85.59,STATIC,101.68,STATIC,81.64,STATIC,53.35,STATIC,94.34,STATIC,101.81,STATIC,127.88,STATIC,144.57,STATIC,False,0.031,60.0,0.000
94.87333333333333,2276,83.32,STATIC,98.37,STATIC,81.56,STATIC,49.65,STATIC,95.64,STATIC,102.22,STATIC,128.53,STATIC,145.42,STATIC,False,0.030,60.0,0.000
94.915,2277,81.19,STATIC,97.18,STATIC,81.79,STATIC,49.63,STATIC,93.68,STATIC,102.01,STATIC,126.60,STATIC,144.45,STATIC,False,0.030,60.0,0.000
94.95666666666668,2278,79.51,STATIC,96.49,STATIC,81.80,STATIC,49.20,STATIC,94.18,STATIC,101.96,STATIC,126.63,STATIC,143.68,STATIC,False,0.030,60.0,0.000
94.99833333333333,2279,79.90,STATIC,95.61,STATIC,81.94,STATIC,48.52,STATIC,94.50,STATIC,101.61,STATIC,125.81,STATIC,143.87,STATIC,False,0.030,60.0,0.000
95.04,2280,81.62,STATIC,95.63,STATIC,82.00,STATIC,48.29,STATIC,97.12,STATIC,101.30,STATIC,129.42,STATIC,143.91,STATIC,False,0.031,60.0,0.000
95.08166666666668,2281,83.20,STATIC,95.51,STATIC,82.09,STATIC,47.38,STATIC,97.57,STATIC,101.23,STATIC,128.79,STATIC,144.30,STATIC,False,0.032,60.0,0.000
95.12333333333333,2282,82.69,STATIC,94.65,STATIC,82.25,STATIC,47.85,STATIC,96.51,STATIC,100.76,STATIC,128.33,STATIC,145.21,STATIC,False,0.032,60.0,0.000
95.165,2283,82.83,STATIC,95.64,STATIC,82.53,STATIC,51.42,STATIC,94.49,STATIC,98.80,STATIC,124.38,STATIC,143.07,STATIC,False,0.035,60.0,0.000
95.20666666666668,2284,83.57,STATIC,96.02,STATIC,83.04,STATIC,54.84,STATIC,94.17,STATIC,96.73,STATIC,123.93,STATIC,142.11,STATIC,False,0.035,60.0,0.000
95.24833333333333,2285,83.32,STATIC,96.29,STATIC,83.13,STATIC,55.71,STATIC,93.67,STATIC,96.00,STATIC,122.66,STATIC,140.69,STATIC,False,0.037,60.0,0.000
95.29,2286,84.06,STATIC,95.18,STATIC,83.19,STATIC,54.05,STATIC,96.30,STATIC,96.89,STATIC,124.77,STATIC,142.04,STATIC,False,0.036,60.0,0.000
95.33166666666668,2287,85.20,STATIC,96.19,STATIC,83.69,STATIC,57.24,STATIC,94.86,STATIC,96.05,STATIC,124.88,STATIC,141.70,STATIC,False,0.036,60.0,0.000
95.37333333333333,2288,85.39,STATIC,92.21,STATIC,83.46,STATIC,53.08,STATIC,96.97,STATIC,97.51,STATIC,126.40,STATIC,143.65,STATIC,False,0.033,60.0,0.000
95.415,2289,84.27,STATIC,89.30,STATIC,83.07,STATIC,47.08,FLEXION,98.52,STATIC,99.07,STATIC,128.66,STATIC,146.17,STATIC,False,0.198,60.0,0.000
95.45666666666668,2290,85.69,STATIC,90.11,STATIC,83.23,STATIC,48.35,STATIC,98.76,STATIC,98.96,STATIC,128.91,STATIC,146.09,STATIC,False,0.032,60.0,0.000
95.49833333333333,2291,85.55,STATIC,92.71,STATIC,83.41,STATIC,52.32,STATIC,96.37,STATIC,98.23,STATIC,127.82,STATIC,145.54,STATIC,False,0.032,60.0,0.000
95.54,2292,85.06,STATIC,92.89,STATIC,83.32,STATIC,52.03,STATIC,96.62,STATIC,98.12,STATIC,129.58,STATIC,146.69,STATIC,False,0.033,60.0,0.000
95.58166666666668,2293,83.76,STATIC,92.90,STATIC,82.68,STATIC,49.03,STATIC,98.08,STATIC,99.65,STATIC,131.96,STATIC,147.82,STATIC,False,0.034,60.0,0.000
95.62333333333333,2294,83.37,STATIC,93.05,STATIC,82.47,STATIC,48.78,STATIC,99.21,STATIC,99.76,STATIC,133.74,STATIC,148.09,STATIC,False,0.034,60.0,0.000
95.665,2295,84.61,STATIC,93.76,STATIC,82.56,STATIC,49.37,STATIC,98.86,STATIC,99.73,STATIC,134.14,STATIC,147.31,STATIC,False,0.035,60.0,0.000
95.70666666666668,2296,84.93,STATIC,93.31,STATIC,82.55,STATIC,48.87,STATIC,99.25,STATIC,99.81,STATIC,135.31,STATIC,147.62,STATIC,False,0.035,60.0,0.000
95.74833333333333,2297,86.32,STATIC,91.58,STATIC,82.58,STATIC,47.06,STATIC,99.67,STATIC,99.71,STATIC,135.52,STATIC,149.25,STATIC,False,0.034,60.0,0.000
95.79,2298,87.33,STATIC,93.25,STATIC,82.50,STATIC,48.74,STATIC,99.09,STATIC,99.32,STATIC,134.19,STATIC,148.17,STATIC,False,0.035,60.0,0.000
95.83166666666668,2299,87.83,STATIC,92.57,STATIC,82.29,STATIC,46.66,STATIC,99.29,STATIC,99.57,STATIC,134.93,STATIC,147.78,STATIC,False,0.035,60.0,0.000
95.87333333333333,2300,86.08,STATIC,93.83,STATIC,81.97,STATIC,47.03,STATIC,99.35,STATIC,99.55,STATIC,135.33,STATIC,147.16,STATIC,False,0.036,60.0,0.000
95.915,2301,84.98,STATIC,94.14,STATIC,81.81,STATIC,46.39,STATIC,99.08,STATIC,99.39,STATIC,135.05,STATIC,146.49,STATIC,False,0.038,60.0,0.000
95.95666666666668,2302,83.86,STATIC,93.60,STATIC,81.79,STATIC,46.18,STATIC,98.94,STATIC,99.30,STATIC,135.77,STATIC,146.11,STATIC,False,0.037,60.0,0.000
95.99833333333333,2303,85.74,STATIC,93.75,STATIC,81.80,STATIC,46.49,STATIC,99.07,STATIC,98.96,STATIC,135.04,STATIC,145.61,STATIC,False,0.036,60.0,0.000
96.04,2304,86.65,STATIC,93.87,STATIC,81.72,STATIC,46.93,STATIC,99.55,STATIC,99.11,STATIC,136.51,STATIC,146.42,STATIC,False,0.035,60.0,0.000
96.08166666666668,2305,87.34,STATIC,92.35,STATIC,81.66,STATIC,43.29,STATIC,100.16,STATIC,99.92,STATIC,137.93,STATIC,147.26,STATIC,False,0.035,60.0,0.000
96.12333333333333,2306,88.64,STATIC,93.50,STATIC,81.62,STATIC,43.77,STATIC,100.47,STATIC,100.12,STATIC,138.65,STATIC,148.82,STATIC,False,0.033,60.0,0.000
96.165,2307,89.93,STATIC,94.91,STATIC,81.55,STATIC,45.06,STATIC,100.56,STATIC,100.02,STATIC,138.45,STATIC,149.16,STATIC,False,0.032,60.0,0.000
96.20666666666668,2308,89.64,STATIC,95.55,STATIC,81.59,STATIC,45.40,STATIC,100.18,STATIC,99.96,STATIC,138.76,STATIC,148.98,STATIC,False,0.033,60.0,0.000
96.24833333333333,2309,87.71,STATIC,96.65,STATIC,81.62,STATIC,45.93,STATIC,97.64,STATIC,99.20,STATIC,137.10,STATIC,148.93,STATIC,False,0.033,60.0,0.000
96.29,2310,85.31,STATIC,96.63,STATIC,81.64,STATIC,45.03,STATIC,98.04,STATIC,99.69,STATIC,138.13,STATIC,148.90,STATIC,False,0.033,60.0,0.000
96.33166666666668,2311,84.91,STATIC,94.80,STATIC,81.73,STATIC,42.27,STATIC,99.01,STATIC,100.07,STATIC,139.01,STATIC,148.08,STATIC,False,0.036,60.0,0.000
96.37333333333333,2312,86.41,STATIC,94.29,STATIC,81.89,STATIC,42.03,STATIC,98.96,STATIC,100.34,STATIC,139.05,STATIC,148.66,STATIC,False,0.035,60.0,0.000
96.415,2313,88.82,STATIC,99.25,STATIC,82.28,STATIC,48.95,EXTENSION,97.79,STATIC,99.48,STATIC,137.57,STATIC,148.16,STATIC,False,0.035,60.0,0.000
96.45666666666668,2314,89.16,STATIC,100.98,STATIC,82.69,STATIC,51.26,STATIC,97.13,STATIC,98.60,STATIC,137.61,STATIC,148.31,STATIC,False,0.034,60.0,0.000
96.49833333333333,2315,89.23,STATIC,97.53,STATIC,82.18,STATIC,44.54,FLEXION,97.98,STATIC,98.85,STATIC,139.84,STATIC,150.01,STATIC,False,0.197,60.0,0.000
96.54,2316,87.61,STATIC,99.27,STATIC,81.90,STATIC,43.09,STATIC,98.02,STATIC,100.47,STATIC,141.04,STATIC,150.92,STATIC,False,0.029,60.0,0.000
96.58166666666668,2317,86.93,STATIC,102.29,STATIC,81.82,STATIC,46.52,STATIC,97.42,STATIC,100.73,STATIC,139.59,STATIC,150.36,STATIC,False,0.031,60.0,0.000
96.62333333333333,2318,88.81,STATIC,109.60,EXTENSION,83.99,STATIC,61.85,EXTENSION,93.45,STATIC,97.60,STATIC,136.77,STATIC,148.43,STATIC,False,0.032,60.0,0.000
96.665,2319,87.41,STATIC,107.88,STATIC,82.11,STATIC,61.42,STATIC,97.32,STATIC,98.68,STATIC,140.49,STATIC,149.16,STATIC,False,0.029,60.0,0.000
96.70666666666668,2320,89.46,STATIC,105.39,STATIC,82.00,STATIC,54.95,FLEXION,96.40,STATIC,99.59,STATIC,139.97,STATIC,149.50,STATIC,False,0.198,60.0,0.000
96.74833333333333,2321,89.87,STATIC,103.22,STATIC,81.66,STATIC,54.18,STATIC,96.04,STATIC,99.45,STATIC,139.07,STATIC,149.38,STATIC,False,0.030,60.0,0.000
96.79,2322,91.36,STATIC,102.23,STATIC,80.66,STATIC,51.44,STATIC,97.88,STATIC,100.62,STATIC,137.73,STATIC,147.89,STATIC,False,0.029,60.0,0.000
96.83166666666668,2323,89.18,STATIC,102.29,STATIC,80.63,STATIC,51.85,STATIC,97.25,STATIC,101.19,STATIC,137.21,STATIC,148.76,STATIC,False,0.029,60.0,0.000
96.87333333333333,2324,86.75,STATIC,101.94,STATIC,80.88,STATIC,52.89,STATIC,93.59,STATIC,100.23,STATIC,135.96,STATIC,147.25,STATIC,False,0.030,60.0,0.000
96.915,2325,83.02,STATIC,99.18,STATIC,81.22,STATIC,54.14,STATIC,93.11,STATIC,99.12,STATIC,135.68,STATIC,147.68,STATIC,False,0.030,60.0,0.000
96.95666666666668,2326,83.55,STATIC,97.73,STATIC,80.86,STATIC,54.41,STATIC,92.99,STATIC,98.95,STATIC,135.92,STATIC,146.27,STATIC,False,0.029,60.0,0.000
96.99833333333333,2327,83.22,STATIC,95.79,STATIC,80.43,STATIC,53.11,STATIC,94.59,STATIC,100.05,STATIC,137.63,STATIC,148.34,STATIC,False,0.027,60.0,0.000
97.04,2328,85.46,STATIC,92.70,STATIC,80.65,STATIC,52.37,STATIC,94.86,STATIC,101.39,STATIC,135.96,STATIC,146.56,STATIC,False,0.028,60.0,0.000
97.08166666666668,2329,88.90,STATIC,97.13,STATIC,82.59,STATIC,60.31,EXTENSION,91.47,STATIC,99.49,STATIC,132.09,STATIC,144.92,STATIC,False,0.030,60.0,0.000
97.12333333333333,2330,88.46,STATIC,95.11,STATIC,81.68,STATIC,60.00,STATIC,93.54,STATIC,99.58,STATIC,136.86,STATIC,143.41,STATIC,False,0.027,60.0,0.000
97.165,2331,88.86,STATIC,94.35,STATIC,81.75,STATIC,61.45,STATIC,93.25,STATIC,99.10,STATIC,131.01,FLEXION,139.66,STATIC,False,0.028,60.0,0.000
97.20666666666668,2332,92.00,STATIC,94.88,STATIC,81.76,STATIC,61.75,STATIC,95.29,STATIC,98.95,STATIC,132.83,STATIC,138.73,STATIC,False,0.030,60.0,0.000
97.24833333333333,2333,94.63,STATIC,94.42,STATIC,81.42,STATIC,59.43,STATIC,96.63,STATIC,98.13,STATIC,134.54,STATIC,135.80,STATIC,False,0.028,60.0,0.000
97.29,2334,95.03,STATIC,95.86,STATIC,80.05,STATIC,56.03,STATIC,96.04,STATIC,98.93,STATIC,132.50,STATIC,132.75,STATIC,False,0.028,60.0,0.000
97.33166666666668,2335,93.71,STATIC,92.60,STATIC,75.82,STATIC,45.11,FLEXION,97.35,STATIC,101.18,STATIC,136.36,STATIC,135.53,STATIC,False,0.190,60.0,0.000
97.37333333333333,2336,95.39,STATIC,90.29,STATIC,74.24,STATIC,41.95,STATIC,99.26,STATIC,101.12,STATIC,138.32,STATIC,136.29,STATIC,False,0.023,60.0,0.000
97.415,2337,96.14,STATIC,87.32,STATIC,73.17,STATIC,38.65,STATIC,100.80,STATIC,101.25,STATIC,141.65,STATIC,139.83,STATIC,False,0.019,60.0,0.000
97.45666666666668,2338,97.70,STATIC,87.90,STATIC,72.21,STATIC,40.95,STATIC,101.07,STATIC,100.77,STATIC,142.07,STATIC,140.95,STATIC,False,0.017,60.0,0.000
97.49833333333333,2339,98.94,STATIC,90.86,STATIC,70.45,STATIC,43.80,STATIC,101.01,STATIC,100.88,STATIC,142.04,STATIC,141.47,STATIC,False,0.009,60.0,0.000
97.54,2340,99.58,STATIC,91.85,STATIC,68.64,STATIC,44.81,STATIC,103.51,STATIC,101.45,STATIC,148.19,EXTENSION,144.73,STATIC,False,0.005,60.0,0.000
97.58166666666668,2341,100.89,STATIC,90.15,STATIC,70.29,STATIC,42.56,STATIC,104.00,STATIC,101.33,STATIC,146.93,STATIC,147.85,STATIC,False,0.009,60.0,0.000
97.62333333333333,2342,100.73,STATIC,89.76,STATIC,68.16,STATIC,41.48,STATIC,105.02,STATIC,102.56,STATIC,145.96,STATIC,148.37,STATIC,False,0.003,60.0,0.000
97.665,2343,100.50,STATIC,90.20,STATIC,68.18,STATIC,40.62,STATIC,105.32,STATIC,104.22,STATIC,144.09,STATIC,148.92,STATIC,False,0.000,60.0,0.000
97.70666666666668,2344,102.45,STATIC,89.99,STATIC,68.72,STATIC,45.88,EXTENSION,105.10,STATIC,104.65,STATIC,143.46,STATIC,153.06,STATIC,False,0.005,60.0,0.000
97.74833333333333,2345,104.47,STATIC,90.50,STATIC,67.88,STATIC,46.71,STATIC,105.43,STATIC,105.84,STATIC,143.41,STATIC,153.89,STATIC,False,0.004,60.0,0.000
97.79,2346,104.80,STATIC,90.78,STATIC,67.39,STATIC,44.32,STATIC,105.62,STATIC,106.63,STATIC,143.31,STATIC,155.87,STATIC,False,0.003,60.0,0.000
97.83166666666668,2347,105.21,STATIC,89.21,STATIC,67.08,STATIC,42.21,STATIC,105.55,STATIC,107.48,STATIC,141.56,STATIC,157.38,STATIC,False,0.004,60.0,0.000
97.87333333333333,2348,109.85,STATIC,88.33,STATIC,67.04,STATIC,42.35,STATIC,105.41,STATIC,107.44,STATIC,140.62,STATIC,156.66,STATIC,False,0.007,60.0,0.000
97.915,2349,111.74,STATIC,87.45,STATIC,67.70,STATIC,44.57,STATIC,105.38,STATIC,107.33,STATIC,138.68,STATIC,157.71,STATIC,False,0.009,60.0,0.000
97.95833333333334,2350,108.30,STATIC,86.61,STATIC,67.77,STATIC,48.38,STATIC,105.03,STATIC,106.78,STATIC,137.90,STATIC,158.17,STATIC,False,0.021,60.0,0.000
98.0,2351,108.11,STATIC,86.44,STATIC,67.84,STATIC,49.97,STATIC,104.85,STATIC,106.37,STATIC,135.98,STATIC,158.15,STATIC,False,0.026,60.0,0.000
98.04166666666667,2352,107.81,STATIC,85.59,STATIC,67.73,STATIC,49.18,STATIC,104.98,STATIC,106.34,STATIC,135.20,STATIC,157.62,STATIC,False,0.029,60.0,0.000
98.08333333333334,2353,105.33,STATIC,85.41,STATIC,68.01,STATIC,48.26,STATIC,105.48,STATIC,106.98,STATIC,134.94,STATIC,158.09,STATIC,False,0.028,60.0,0.000
98.125,2354,105.92,STATIC,84.14,STATIC,68.34,STATIC,47.50,STATIC,105.90,STATIC,107.52,STATIC,134.26,STATIC,158.51,STATIC,False,0.026,60.0,0.000
98.16666666666667,2355,107.51,STATIC,83.94,STATIC,68.89,STATIC,47.71,STATIC,105.88,STATIC,107.95,STATIC,133.51,STATIC,159.39,STATIC,False,0.027,60.0,0.000
98.20833333333334,2356,107.45,STATIC,84.02,STATIC,69.74,STATIC,49.07,STATIC,105.89,STATIC,107.77,STATIC,132.04,STATIC,161.31,STATIC,False,0.030,60.0,0.000
98.25,2357,106.02,STATIC,84.12,STATIC,69.31,STATIC,48.26,STATIC,105.68,STATIC,107.37,STATIC,129.87,STATIC,162.13,STATIC,False,0.031,60.0,0.000
98.29166666666667,2358,103.14,STATIC,84.56,STATIC,69.85,STATIC,47.88,STATIC,105.19,STATIC,107.01,STATIC,127.76,STATIC,161.33,STATIC,False,0.030,60.0,0.000
98.33333333333334,2359,97.73,FLEXION,85.27,STATIC,71.43,STATIC,51.23,STATIC,105.00,STATIC,106.45,STATIC,126.87,STATIC,162.39,STATIC,False,0.032,60.0,0.000
98.375,2360,93.39,STATIC,85.81,STATIC,71.35,STATIC,50.14,STATIC,105.36,STATIC,107.62,STATIC,126.23,STATIC,163.97,STATIC,False,0.030,60.0,0.000
98.41666666666667,2361,81.09,FLEXION,85.24,STATIC,70.84,STATIC,47.16,STATIC,106.13,STATIC,108.57,STATIC,126.42,STATIC,165.16,STATIC,False,0.031,60.0,0.000
98.45833333333334,2362,73.16,FLEXION,86.29,STATIC,71.94,STATIC,47.00,STATIC,105.90,STATIC,108.68,STATIC,124.38,STATIC,165.65,STATIC,False,0.029,60.0,0.000
98.5,2363,60.02,FLEXION,87.71,STATIC,71.32,STATIC,46.88,STATIC,106.12,STATIC,108.77,STATIC,124.21,STATIC,165.64,STATIC,False,0.025,60.0,0.000
98.54166666666667,2364,54.73,FLEXION,89.00,STATIC,71.03,STATIC,47.89,STATIC,105.85,STATIC,107.96,STATIC,124.54,STATIC,165.31,STATIC,False,0.025,60.0,0.000
98.58333333333334,2365,50.29,STATIC,88.03,STATIC,70.76,STATIC,47.41,STATIC,106.37,STATIC,107.88,STATIC,124.41,STATIC,163.63,STATIC,False,0.020,60.0,0.000
98.625,2366,49.07,STATIC,82.42,FLEXION,71.66,STATIC,44.35,STATIC,106.30,STATIC,108.42,STATIC,122.56,STATIC,165.76,STATIC,False,0.011,60.0,0.000
98.66666666666667,2367,46.55,STATIC,78.23,STATIC,71.36,STATIC,40.83,STATIC,106.45,STATIC,109.71,STATIC,122.36,STATIC,166.99,STATIC,False,0.003,60.0,0.000
98.70833333333334,2368,46.72,STATIC,75.23,STATIC,71.56,STATIC,43.48,STATIC,106.38,STATIC,108.14,STATIC,121.19,STATIC,164.45,STATIC,False,0.000,60.0,0.000
98.75,2369,49.42,STATIC,74.21,STATIC,71.76,STATIC,45.47,STATIC,106.42,STATIC,106.93,STATIC,121.12,STATIC,164.31,STATIC,False,0.001,60.0,0.000
98.79166666666667,2370,49.49,STATIC,76.17,STATIC,71.44,STATIC,44.19,STATIC,106.48,STATIC,106.77,STATIC,122.28,STATIC,165.67,STATIC,False,0.000,60.0,0.000
98.83333333333334,2371,48.02,STATIC,81.92,EXTENSION,70.14,STATIC,50.25,EXTENSION,105.35,STATIC,103.68,STATIC,121.17,STATIC,166.26,STATIC,False,0.009,60.0,0.000
98.875,2372,55.19,EXTENSION,87.34,EXTENSION,70.79,STATIC,50.05,STATIC,105.22,STATIC,103.14,STATIC,120.97,STATIC,165.63,STATIC,False,0.006,60.0,0.000
98.91666666666667,2373,54.57,STATIC,95.29,EXTENSION,70.65,STATIC,52.19,STATIC,102.48,STATIC,102.40,STATIC,116.68,STATIC,162.14,STATIC,False,0.001,60.0,0.000
98.95833333333334,2374,51.36,STATIC,96.85,STATIC,69.91,STATIC,60.05,EXTENSION,100.84,STATIC,100.01,STATIC,115.73,STATIC,160.73,STATIC,False,0.014,60.0,0.000
99.0,2375,56.64,EXTENSION,97.16,STATIC,71.23,STATIC,61.08,STATIC,100.27,STATIC,100.86,STATIC,115.19,STATIC,159.50,STATIC,False,0.012,60.0,0.000
99.04166666666667,2376,65.85,EXTENSION,97.55,STATIC,74.32,STATIC,63.31,STATIC,96.54,STATIC,100.80,STATIC,112.52,STATIC,159.50,STATIC,False,0.011,60.0,0.000
99.08333333333334,2377,62.66,STATIC,101.47,STATIC,73.83,STATIC,55.83,FLEXION,97.90,STATIC,102.57,STATIC,111.07,STATIC,154.43,FLEXION,False,0.167,60.0,0.000
99.125,2378,60.03,STATIC,97.66,STATIC,72.43,STATIC,43.33,FLEXION,99.95,STATIC,104.58,STATIC,113.83,STATIC,151.52,STATIC,False,0.179,60.0,0.000
99.16666666666667,2379,56.63,STATIC,96.08,STATIC,72.83,STATIC,40.11,STATIC,100.83,STATIC,103.59,STATIC,116.50,STATIC,149.31,STATIC,False,0.025,60.0,0.000
99.20833333333334,2380,55.01,STATIC,95.48,STATIC,73.03,STATIC,41.35,STATIC,101.18,STATIC,102.88,STATIC,118.68,STATIC,147.76,STATIC,False,0.023,60.0,0.000
99.25,2381,44.99,FLEXION,92.75,STATIC,73.21,STATIC,40.58,STATIC,102.17,STATIC,102.08,STATIC,121.83,STATIC,144.89,STATIC,False,0.021,60.0,0.000
99.29166666666667,2382,46.34,STATIC,89.21,STATIC,73.75,STATIC,33.65,FLEXION,101.84,STATIC,102.39,STATIC,122.24,STATIC,147.26,STATIC,False,0.193,60.0,0.000
99.33333333333334,2383,42.80,STATIC,89.18,STATIC,74.55,STATIC,33.71,STATIC,101.56,STATIC,102.12,STATIC,122.07,STATIC,147.18,STATIC,False,0.023,60.0,0.000
99.375,2384,38.05,STATIC,87.27,STATIC,75.09,STATIC,33.08,STATIC,101.43,STATIC,101.23,STATIC,122.06,STATIC,145.44,STATIC,False,0.028,60.0,0.000
99.41666666666667,2385,30.80,FLEXION,87.94,STATIC,75.59,STATIC,35.67,STATIC,101.22,STATIC,100.53,STATIC,120.94,STATIC,141.89,STATIC,False,0.027,60.0,0.000
99.45833333333334,2386,35.78,STATIC,87.05,STATIC,76.14,STATIC,35.69,STATIC,100.74,STATIC,99.77,STATIC,120.18,STATIC,140.81,STATIC,False,0.031,60.0,0.000
99.5,2387,36.67,STATIC,86.82,STATIC,76.78,STATIC,35.99,STATIC,100.00,STATIC,99.14,STATIC,120.01,STATIC,140.78,STATIC,False,0.034,60.0,0.000
99.54166666666667,2388,37.89,STATIC,85.50,STATIC,77.29,STATIC,36.15,STATIC,100.00,STATIC,99.00,STATIC,119.87,STATIC,136.52,STATIC,False,0.041,60.0,0.000
99.58333333333334,2389,36.84,STATIC,83.79,STATIC,78.11,STATIC,33.88,STATIC,99.83,STATIC,98.51,STATIC,120.65,STATIC,134.81,STATIC,False,0.044,60.0,0.000
99.625,2390,36.69,STATIC,82.58,STATIC,78.72,STATIC,34.30,STATIC,99.58,STATIC,98.21,STATIC,119.98,STATIC,137.41,STATIC,False,0.043,60.0,0.000
99.66666666666667,2391,33.82,STATIC,82.08,STATIC,79.24,STATIC,34.77,STATIC,99.49,STATIC,97.84,STATIC,119.26,STATIC,138.07,STATIC,False,0.047,60.0,0.000
99.70833333333334,2392,35.14,STATIC,81.98,STATIC,79.58,STATIC,34.39,STATIC,99.48,STATIC,98.16,STATIC,118.64,STATIC,137.86,STATIC,False,0.051,60.0,0.000
99.75,2393,34.36,STATIC,82.04,STATIC,79.82,STATIC,35.53,STATIC,99.59,STATIC,98.47,STATIC,118.44,STATIC,139.86,STATIC,False,0.053,60.0,0.000
99.79166666666667,2394,34.22,STATIC,79.94,STATIC,80.11,STATIC,33.23,STATIC,99.61,STATIC,98.63,STATIC,118.39,STATIC,140.22,STATIC,False,0.057,60.0,0.000
99.83333333333334,2395,33.87,STATIC,79.17,STATIC,80.32,STATIC,33.59,STATIC,99.63,STATIC,98.71,STATIC,118.22,STATIC,141.55,STATIC,False,0.053,60.0,0.000
99.875,2396,29.58,STATIC,79.15,STATIC,80.51,STATIC,34.37,STATIC,99.62,STATIC,98.39,STATIC,117.70,STATIC,139.70,STATIC,False,0.056,60.0,0.000
99.91666666666667,2397,30.22,STATIC,78.79,STATIC,80.67,STATIC,35.94,STATIC,99.52,STATIC,98.41,STATIC,117.36,STATIC,138.97,STATIC,False,0.053,60.0,0.000
99.95833333333334,2398,29.15,STATIC,78.77,STATIC,80.76,STATIC,38.75,STATIC,99.45,STATIC,98.17,STATIC,117.42,STATIC,138.15,STATIC,False,0.050,60.0,0.000
100.0,2399,27.87,STATIC,77.24,STATIC,80.86,STATIC,38.14,STATIC,99.42,STATIC,98.07,STATIC,116.72,STATIC,138.11,STATIC,False,0.048,60.0,0.000
100.04166666666667,2400,28.69,STATIC,75.49,STATIC,80.94,STATIC,37.33,STATIC,99.15,STATIC,97.62,STATIC,116.17,STATIC,137.72,STATIC,False,0.048,60.0,0.000
100.08333333333334,2401,28.75,STATIC,74.52,STATIC,81.02,STATIC,35.89,STATIC,99.25,STATIC,97.85,STATIC,116.81,STATIC,138.24,STATIC,False,0.047,60.0,0.000
100.125,2402,28.20,STATIC,74.26,STATIC,81.05,STATIC,34.38,STATIC,99.51,STATIC,98.26,STATIC,117.99,STATIC,139.71,STATIC,False,0.046,60.0,0.000
100.16666666666667,2403,27.84,STATIC,74.30,STATIC,81.04,STATIC,34.06,STATIC,99.62,STATIC,98.29,STATIC,117.72,STATIC,139.34,STATIC,False,0.046,60.0,0.000
100.20833333333334,2404,28.15,STATIC,74.07,STATIC,81.06,STATIC,34.44,STATIC,99.66,STATIC,98.17,STATIC,116.92,STATIC,138.78,STATIC,False,0.043,60.0,0.000
100.25,2405,27.76,STATIC,73.90,STATIC,81.06,STATIC,34.60,STATIC,99.70,STATIC,98.14,STATIC,116.49,STATIC,138.94,STATIC,False,0.043,60.0,0.000
100.29166666666667,2406,26.93,STATIC,74.05,STATIC,81.04,STATIC,33.68,STATIC,99.78,STATIC,98.10,STATIC,116.18,STATIC,138.87,STATIC,False,0.045,60.0,0.000
100.33333333333334,2407,25.51,STATIC,74.50,STATIC,81.05,STATIC,33.87,STATIC,99.83,STATIC,97.95,STATIC,115.90,STATIC,138.40,STATIC,False,0.050,60.0,0.000
100.375,2408,25.45,STATIC,76.05,STATIC,81.08,STATIC,33.68,STATIC,99.84,STATIC,97.65,STATIC,114.65,STATIC,136.35,STATIC,False,0.056,60.0,0.000
100.41666666666667,2409,25.07,STATIC,75.94,STATIC,81.08,STATIC,33.66,STATIC,99.83,STATIC,97.58,STATIC,113.99,STATIC,136.15,STATIC,False,0.057,60.0,0.000
100.45833333333334,2410,25.40,STATIC,75.93,STATIC,81.10,STATIC,33.78,STATIC,99.65,STATIC,97.41,STATIC,112.52,STATIC,135.87,STATIC,False,0.056,60.0,0.000
100.5,2411,26.04,STATIC,76.11,STATIC,81.12,STATIC,33.81,STATIC,99.45,STATIC,97.20,STATIC,111.23,STATIC,134.70,STATIC,False,0.056,60.0,0.000
100.54166666666667,2412,25.56,STATIC,76.18,STATIC,81.07,STATIC,34.22,STATIC,99.34,STATIC,97.02,STATIC,111.09,STATIC,134.24,STATIC,False,0.055,60.0,0.000
100.58333333333334,2413,26.03,STATIC,76.38,STATIC,81.14,STATIC,34.33,STATIC,99.11,STATIC,96.71,STATIC,110.37,STATIC,133.38,STATIC,False,0.054,60.0,0.000
100.625,2414,24.98,STATIC,77.15,STATIC,81.18,STATIC,34.71,STATIC,99.04,STATIC,96.57,STATIC,109.96,STATIC,132.75,STATIC,False,0.055,60.0,0.000
100.66666666666667,2415,24.73,STATIC,77.65,STATIC,81.24,STATIC,34.94,STATIC,99.14,STATIC,96.59,STATIC,109.92,STATIC,132.60,STATIC,False,0.055,60.0,0.000
100.70833333333334,2416,24.53,STATIC,77.83,STATIC,81.33,STATIC,35.08,STATIC,99.20,STATIC,96.60,STATIC,109.73,STATIC,132.24,STATIC,False,0.057,60.0,0.000
100.75,2417,24.86,STATIC,77.62,STATIC,81.43,STATIC,35.09,STATIC,99.29,STATIC,96.68,STATIC,109.78,STATIC,131.82,STATIC,False,0.059,60.0,0.000
100.79166666666667,2418,25.61,STATIC,77.45,STATIC,81.54,STATIC,34.86,STATIC,99.27,STATIC,96.74,STATIC,109.45,STATIC,131.73,STATIC,False,0.061,60.0,0.000
100.83333333333334,2419,24.70,STATIC,77.66,STATIC,81.57,STATIC,35.92,STATIC,99.50,STATIC,96.88,STATIC,109.23,STATIC,131.61,STATIC,False,0.061,60.0,0.000
100.875,2420,23.66,STATIC,80.52,STATIC,81.52,STATIC,39.51,STATIC,99.58,STATIC,96.99,STATIC,109.43,STATIC,131.82,STATIC,False,0.061,60.0,0.000
100.91666666666667,2421,23.17,STATIC,78.41,STATIC,81.46,STATIC,38.58,STATIC,99.52,STATIC,96.98,STATIC,109.96,STATIC,132.42,STATIC,False,0.060,60.0,0.000
100.95833333333334,2422,23.80,STATIC,77.39,STATIC,81.45,STATIC,37.98,STATIC,99.40,STATIC,96.94,STATIC,110.41,STATIC,133.19,STATIC,False,0.060,60.0,0.000
101.0,2423,24.41,STATIC,76.36,STATIC,81.48,STATIC,37.53,STATIC,99.01,STATIC,96.70,STATIC,110.25,STATIC,133.29,STATIC,False,0.058,60.0,0.000
101.04166666666667,2424,23.88,STATIC,75.92,STATIC,81.50,STATIC,37.46,STATIC,99.05,STATIC,96.69,STATIC,110.84,STATIC,134.17,STATIC,False,0.058,60.0,0.000
101.08333333333334,2425,23.91,STATIC,76.13,STATIC,81.49,STATIC,35.34,STATIC,99.12,STATIC,96.87,STATIC,111.77,STATIC,135.17,STATIC,False,0.061,60.0,0.000
101.125,2426,24.85,STATIC,75.97,STATIC,81.54,STATIC,33.62,STATIC,99.30,STATIC,97.18,STATIC,112.69,STATIC,137.14,STATIC,False,0.067,60.0,0.000
101.16666666666667,2427,25.76,STATIC,75.37,STATIC,81.59,STATIC,32.47,STATIC,99.34,STATIC,97.29,STATIC,112.88,STATIC,138.43,STATIC,False,0.068,60.0,0.000
101.20833333333334,2428,25.32,STATIC,75.15,STATIC,81.60,STATIC,32.02,STATIC,99.40,STATIC,97.32,STATIC,112.82,STATIC,139.56,STATIC,False,0.068,60.0,0.000
101.25,2429,25.01,STATIC,74.82,STATIC,81.54,STATIC,33.26,STATIC,98.90,STATIC,97.15,STATIC,111.67,STATIC,140.15,STATIC,False,0.063,60.0,0.000
101.29166666666667,2430,23.21,STATIC,75.05,STATIC,81.55,STATIC,33.46,STATIC,99.03,STATIC,97.25,STATIC,111.93,STATIC,140.46,STATIC,False,0.062,60.0,0.000
101.33333333333334,2431,22.16,STATIC,76.08,STATIC,81.65,STATIC,34.74,STATIC,99.20,STATIC,97.37,STATIC,111.55,STATIC,139.65,STATIC,False,0.065,60.0,0.000
101.375,2432,21.51,STATIC,76.22,STATIC,81.64,STATIC,36.33,STATIC,99.22,STATIC,97.35,STATIC,111.61,STATIC,139.72,STATIC,False,0.066,60.0,0.000
101.41666666666667,2433,21.19,STATIC,75.70,STATIC,81.59,STATIC,36.38,STATIC,99.36,STATIC,97.44,STATIC,112.16,STATIC,139.70,STATIC,False,0.065,60.0,0.000
101.45833333333334,2434,20.57,STATIC,74.42,STATIC,81.50,STATIC,36.42,STATIC,99.56,STATIC,97.63,STATIC,112.90,STATIC,139.69,STATIC,False,0.064,60.0,0.000
101.5,2435,20.13,STATIC,73.25,STATIC,81.44,STATIC,35.95,STATIC,99.69,STATIC,97.73,STATIC,113.41,STATIC,139.65,STATIC,False,0.064,60.0,0.000
101.54166666666667,2436,20.36,STATIC,73.07,STATIC,81.41,STATIC,35.80,STATIC,99.70,STATIC,97.75,STATIC,113.65,STATIC,139.59,STATIC,False,0.064,60.0,0.000
101.58333333333334,2437,20.42,STATIC,72.51,STATIC,81.33,STATIC,35.38,STATIC,99.89,STATIC,97.80,STATIC,114.19,STATIC,139.12,STATIC,False,0.062,60.0,0.000
101.625,2438,20.64,STATIC,71.65,STATIC,81.21,STATIC,34.85,STATIC,100.32,STATIC,98.14,STATIC,114.92,STATIC,140.12,STATIC,False,0.058,60.0,0.000
101.66666666666667,2439,20.84,STATIC,71.81,STATIC,81.09,STATIC,35.69,STATIC,100.66,STATIC,98.34,STATIC,115.04,STATIC,140.03,STATIC,False,0.057,60.0,0.000
101.70833333333334,2440,20.84,STATIC,71.81,STATIC,80.91,STATIC,34.89,STATIC,100.69,STATIC,98.41,STATIC,115.39,STATIC,140.88,STATIC,False,0.055,60.0,0.000
101.75,2441,20.59,STATIC,72.74,STATIC,80.73,STATIC,34.82,STATIC,100.77,STATIC,98.51,STATIC,116.02,STATIC,142.04,STATIC,False,0.053,60.0,0.000
101.79166666666667,2442,21.95,STATIC,73.91,STATIC,80.60,STATIC,35.23,STATIC,100.87,STATIC,98.54,STATIC,116.51,STATIC,142.32,STATIC,False,0.050,60.0,0.000
101.83333333333334,2443,23.20,STATIC,74.50,STATIC,80.46,STATIC,35.04,STATIC,100.85,STATIC,98.28,STATIC,116.46,STATIC,141.68,STATIC,False,0.054,60.0,0.000
101.875,2444,20.27,STATIC,75.05,STATIC,80.33,STATIC,35.23,STATIC,100.96,STATIC,98.31,STATIC,116.41,STATIC,141.93,STATIC,False,0.058,60.0,0.000
101.91833333333334,2445,22.86,STATIC,75.72,STATIC,80.25,STATIC,35.27,STATIC,101.02,STATIC,98.30,STATIC,116.08,STATIC,141.73,STATIC,False,0.057,60.0,0.000
101.96000000000001,2446,23.21,STATIC,75.00,STATIC,80.24,STATIC,34.66,STATIC,101.02,STATIC,98.36,STATIC,115.78,STATIC,141.81,STATIC,False,0.054,60.0,0.000
102.00166666666668,2447,25.23,STATIC,75.38,STATIC,80.23,STATIC,34.45,STATIC,101.06,STATIC,98.42,STATIC,115.86,STATIC,141.90,STATIC,False,0.053,60.0,0.000
102.04333333333334,2448,24.20,STATIC,75.71,STATIC,80.35,STATIC,34.47,STATIC,100.89,STATIC,98.43,STATIC,115.29,STATIC,140.87,STATIC,False,0.056,60.0,0.000
102.08500000000001,2449,24.16,STATIC,75.98,STATIC,80.34,STATIC,33.46,STATIC,100.94,STATIC,98.56,STATIC,115.52,STATIC,141.99,STATIC,False,0.057,60.0,0.000
102.12666666666668,2450,26.82,STATIC,77.03,STATIC,80.18,STATIC,33.21,STATIC,100.83,STATIC,98.64,STATIC,115.26,STATIC,142.25,STATIC,False,0.059,60.0,0.000
102.16833333333334,2451,27.46,STATIC,77.89,STATIC,80.26,STATIC,31.30,STATIC,100.17,STATIC,98.12,STATIC,114.97,STATIC,142.69,STATIC,False,0.054,60.0,0.000
102.21000000000001,2452,25.17,STATIC,77.75,STATIC,80.32,STATIC,28.78,STATIC,99.96,STATIC,98.36,STATIC,116.35,STATIC,145.08,STATIC,False,0.051,60.0,0.000
102.25166666666668,2453,25.47,STATIC,78.75,STATIC,80.52,STATIC,29.84,STATIC,100.04,STATIC,98.56,STATIC,116.46,STATIC,145.02,STATIC,False,0.052,60.0,0.000
102.29333333333334,2454,28.01,STATIC,82.96,STATIC,80.89,STATIC,35.00,EXTENSION,100.04,STATIC,98.22,STATIC,115.74,STATIC,144.25,STATIC,False,0.062,60.0,0.000
102.33500000000001,2455,29.21,STATIC,83.92,STATIC,81.05,STATIC,35.86,STATIC,99.96,STATIC,98.05,STATIC,115.39,STATIC,143.21,STATIC,False,0.068,60.0,0.000
102.37666666666668,2456,29.31,STATIC,83.06,STATIC,81.07,STATIC,34.46,STATIC,99.70,STATIC,98.11,STATIC,115.09,STATIC,142.45,STATIC,False,0.069,60.0,0.000
102.41833333333334,2457,29.72,STATIC,82.45,STATIC,81.17,STATIC,34.25,STATIC,99.50,STATIC,98.01,STATIC,113.78,STATIC,143.06,STATIC,False,0.068,60.0,0.000
102.46000000000001,2458,29.56,STATIC,81.72,STATIC,81.27,STATIC,33.32,STATIC,99.22,STATIC,97.86,STATIC,113.04,STATIC,142.54,STATIC,False,0.067,60.0,0.000
102.50166666666668,2459,28.90,STATIC,80.91,STATIC,80.83,STATIC,32.28,STATIC,99.14,STATIC,97.77,STATIC,115.21,STATIC,142.76,STATIC,False,0.063,60.0,0.000
102.54333333333334,2460,29.15,STATIC,80.62,STATIC,80.52,STATIC,30.16,STATIC,99.22,STATIC,97.72,STATIC,115.40,STATIC,142.17,STATIC,False,0.066,60.0,0.000
102.58500000000001,2461,29.75,STATIC,80.07,STATIC,80.48,STATIC,27.86,STATIC,99.74,STATIC,98.31,STATIC,116.11,STATIC,143.33,STATIC,False,0.066,60.0,0.000
102.62666666666668,2462,30.94,STATIC,80.34,STATIC,80.38,STATIC,27.38,STATIC,99.82,STATIC,98.45,STATIC,116.73,STATIC,143.11,STATIC,False,0.068,60.0,0.000
102.66833333333334,2463,32.05,STATIC,80.40,STATIC,80.67,STATIC,27.72,STATIC,99.45,STATIC,98.07,STATIC,115.04,STATIC,142.97,STATIC,False,0.069,60.0,0.000
102.71000000000001,2464,31.67,STATIC,80.42,STATIC,80.69,STATIC,27.65,STATIC,99.47,STATIC,98.06,STATIC,115.20,STATIC,143.78,STATIC,False,0.069,60.0,0.000
102.75166666666668,2465,32.28,STATIC,81.42,STATIC,80.80,STATIC,27.93,STATIC,99.23,STATIC,97.82,STATIC,114.97,STATIC,145.44,STATIC,False,0.069,60.0,0.000
102.79333333333334,2466,31.92,STATIC,81.68,STATIC,80.92,STATIC,28.24,STATIC,98.90,STATIC,97.62,STATIC,114.61,STATIC,145.77,STATIC,False,0.066,60.0,0.000
102.83500000000001,2467,31.38,STATIC,81.62,STATIC,80.90,STATIC,28.18,STATIC,98.90,STATIC,97.63,STATIC,115.42,STATIC,146.94,STATIC,False,0.064,60.0,0.000
102.87666666666668,2468,29.87,STATIC,81.24,STATIC,80.87,STATIC,27.86,STATIC,98.89,STATIC,97.65,STATIC,115.42,STATIC,146.68,STATIC,False,0.064,60.0,0.000
102.91833333333334,2469,30.11,STATIC,81.47,STATIC,80.84,STATIC,28.11,STATIC,98.97,STATIC,97.64,STATIC,115.47,STATIC,145.86,STATIC,False,0.065,60.0,0.000
102.96000000000001,2470,30.75,STATIC,82.77,STATIC,80.85,STATIC,30.30,STATIC,99.08,STATIC,97.71,STATIC,115.75,STATIC,145.60,STATIC,False,0.067,60.0,0.000
103.00166666666668,2471,32.02,STATIC,84.47,STATIC,81.26,STATIC,34.48,STATIC,99.00,STATIC,97.56,STATIC,115.37,STATIC,145.18,STATIC,False,0.071,60.0,0.000
103.04333333333334,2472,33.13,STATIC,84.58,STATIC,81.61,STATIC,36.79,STATIC,98.58,STATIC,97.30,STATIC,114.74,STATIC,145.13,STATIC,False,0.071,60.0,0.000
103.08500000000001,2473,33.05,STATIC,82.95,STATIC,81.73,STATIC,35.52,STATIC,98.25,STATIC,97.28,STATIC,115.09,STATIC,144.49,STATIC,False,0.070,60.0,0.000
103.12666666666668,2474,34.63,STATIC,82.60,STATIC,81.87,STATIC,35.05,STATIC,98.04,STATIC,97.27,STATIC,115.17,STATIC,144.15,STATIC,False,0.070,60.0,0.000
103.16833333333334,2475,34.32,STATIC,81.35,STATIC,81.92,STATIC,34.02,STATIC,98.09,STATIC,97.41,STATIC,116.05,STATIC,144.25,STATIC,False,0.071,60.0,0.000
103.21000000000001,2476,34.63,STATIC,81.62,STATIC,81.98,STATIC,33.78,STATIC,98.04,STATIC,97.48,STATIC,116.75,STATIC,144.12,STATIC,False,0.071,60.0,0.000
103.25166666666668,2477,33.64,STATIC,80.65,STATIC,82.01,STATIC,32.24,STATIC,97.99,STATIC,97.58,STATIC,117.87,STATIC,144.39,STATIC,False,0.071,60.0,0.000
103.29333333333334,2478,33.07,STATIC,79.73,STATIC,82.09,STATIC,31.34,STATIC,98.00,STATIC,97.85,STATIC,119.50,STATIC,144.79,STATIC,False,0.070,60.0,0.000
103.33500000000001,2479,32.17,STATIC,78.93,STATIC,82.16,STATIC,30.62,STATIC,98.10,STATIC,98.08,STATIC,120.88,STATIC,146.00,STATIC,False,0.068,60.0,0.000
103.37666666666668,2480,30.45,STATIC,78.49,STATIC,82.31,STATIC,30.33,STATIC,97.90,STATIC,98.15,STATIC,121.62,STATIC,147.90,STATIC,False,0.062,60.0,0.000
103.41833333333334,2481,29.99,STATIC,77.35,STATIC,82.01,STATIC,29.92,STATIC,97.81,STATIC,98.16,STATIC,122.37,STATIC,148.52,STATIC,False,0.059,60.0,0.000
103.46000000000001,2482,29.72,STATIC,76.90,STATIC,82.10,STATIC,29.03,STATIC,97.74,STATIC,98.26,STATIC,122.96,STATIC,149.23,STATIC,False,0.057,60.0,0.000
103.50166666666668,2483,29.75,STATIC,76.99,STATIC,82.13,STATIC,26.92,STATIC,97.69,STATIC,98.32,STATIC,123.40,STATIC,149.63,STATIC,False,0.055,60.0,0.000
103.54333333333334,2484,30.14,STATIC,77.02,STATIC,82.12,STATIC,25.39,STATIC,97.89,STATIC,98.51,STATIC,124.14,STATIC,149.96,STATIC,False,0.055,60.0,0.000
103.58500000000001,2485,30.30,STATIC,77.37,STATIC,82.11,STATIC,23.77,STATIC,98.03,STATIC,98.65,STATIC,124.59,STATIC,150.16,STATIC,False,0.055,60.0,0.000
103.62666666666668,2486,31.67,STATIC,79.01,STATIC,81.97,STATIC,20.55,STATIC,98.12,STATIC,98.96,STATIC,125.46,STATIC,150.48,STATIC,False,0.058,60.0,0.000
103.66833333333334,2487,33.13,STATIC,78.70,STATIC,81.89,STATIC,19.18,STATIC,98.16,STATIC,99.15,STATIC,126.56,STATIC,150.76,STATIC,False,0.060,60.0,0.000
103.71000000000001,2488,34.82,STATIC,76.90,STATIC,81.86,STATIC,20.33,STATIC,98.13,STATIC,99.28,STATIC,127.64,STATIC,151.19,STATIC,False,0.061,60.0,0.000
103.75166666666668,2489,34.48,STATIC,76.25,STATIC,81.78,STATIC,20.68,STATIC,98.24,STATIC,99.51,STATIC,128.99,STATIC,151.90,STATIC,False,0.062,60.0,0.000
103.79333333333334,2490,34.42,STATIC,75.90,STATIC,81.75,STATIC,19.35,STATIC,98.19,STATIC,99.51,STATIC,129.64,STATIC,151.05,STATIC,False,0.063,60.0,0.000
103.83500000000001,2491,34.55,STATIC,76.63,STATIC,81.73,STATIC,17.38,STATIC,98.21,STATIC,99.70,STATIC,130.46,STATIC,151.49,STATIC,False,0.063,60.0,0.000
103.87666666666668,2492,34.02,STATIC,76.22,STATIC,81.71,STATIC,17.25,STATIC,98.21,STATIC,99.97,STATIC,131.53,STATIC,151.87,STATIC,False,0.063,60.0,0.000
103.91833333333334,2493,33.51,STATIC,75.92,STATIC,81.72,STATIC,17.29,STATIC,98.28,STATIC,100.21,STATIC,132.83,STATIC,152.06,STATIC,False,0.064,60.0,0.000
103.96000000000001,2494,34.15,STATIC,75.27,STATIC,81.76,STATIC,17.23,STATIC,98.32,STATIC,100.28,STATIC,132.72,STATIC,151.41,STATIC,False,0.064,60.0,0.000
104.00166666666668,2495,34.75,STATIC,73.98,STATIC,81.82,STATIC,18.94,STATIC,97.90,STATIC,100.14,STATIC,132.63,STATIC,150.11,STATIC,False,0.065,60.0,0.000
104.04333333333334,2496,34.75,STATIC,73.62,STATIC,81.90,STATIC,19.79,STATIC,97.66,STATIC,100.22,STATIC,132.62,STATIC,149.51,STATIC,False,0.065,60.0,0.000
104.08500000000001,2497,35.35,STATIC,73.53,STATIC,81.95,STATIC,19.68,STATIC,97.65,STATIC,100.57,STATIC,133.60,STATIC,150.21,STATIC,False,0.064,60.0,0.000
104.12666666666668,2498,35.13,STATIC,73.51,STATIC,81.94,STATIC,19.76,STATIC,98.15,STATIC,100.89,STATIC,134.04,STATIC,151.55,STATIC,False,0.065,60.0,0.000
104.16833333333334,2499,35.11,STATIC,73.11,STATIC,82.12,STATIC,21.52,STATIC,98.19,STATIC,100.72,STATIC,133.26,STATIC,153.36,STATIC,False,0.066,60.0,0.000
104.21000000000001,2500,34.91,STATIC,73.16,STATIC,82.24,STATIC,22.99,STATIC,98.16,STATIC,100.52,STATIC,132.51,STATIC,153.95,STATIC,False,0.067,60.0,0.000
104.25166666666668,2501,34.26,STATIC,73.66,STATIC,82.44,STATIC,22.97,STATIC,98.13,STATIC,99.89,STATIC,131.90,STATIC,154.09,STATIC,False,0.068,60.0,0.000
104.29333333333334,2502,33.49,STATIC,74.04,STATIC,82.33,STATIC,22.94,STATIC,98.01,STATIC,99.44,STATIC,131.40,STATIC,153.88,STATIC,False,0.068,60.0,0.000
104.33500000000001,2503,33.15,STATIC,74.31,STATIC,82.22,STATIC,23.03,STATIC,98.00,STATIC,99.28,STATIC,130.87,STATIC,153.74,STATIC,False,0.068,60.0,0.000
104.37666666666668,2504,32.97,STATIC,74.51,STATIC,82.11,STATIC,22.83,STATIC,98.06,STATIC,99.24,STATIC,130.64,STATIC,153.79,STATIC,False,0.068,60.0,0.000
104.41833333333334,2505,33.79,STATIC,75.18,STATIC,81.90,STATIC,21.67,STATIC,98.03,STATIC,99.12,STATIC,130.27,STATIC,153.57,STATIC,False,0.068,60.0,0.000
104.46000000000001,2506,34.12,STATIC,75.19,STATIC,82.23,STATIC,21.41,STATIC,97.93,STATIC,99.00,STATIC,130.27,STATIC,153.48,STATIC,False,0.066,60.0,0.000
104.50166666666668,2507,34.78,STATIC,74.97,STATIC,82.27,STATIC,21.95,STATIC,97.75,STATIC,99.13,STATIC,130.41,STATIC,153.80,STATIC,False,0.065,60.0,0.000
104.54333333333334,2508,34.80,STATIC,74.92,STATIC,82.31,STATIC,22.82,STATIC,97.63,STATIC,98.98,STATIC,130.37,STATIC,153.28,STATIC,False,0.062,60.0,0.000
104.58500000000001,2509,36.43,STATIC,75.51,STATIC,82.15,STATIC,28.18,EXTENSION,98.31,STATIC,99.41,STATIC,129.75,STATIC,152.98,STATIC,False,0.060,60.0,0.000
104.62666666666668,2510,37.26,STATIC,76.54,STATIC,82.08,STATIC,29.33,STATIC,98.12,STATIC,99.17,STATIC,128.67,STATIC,150.27,STATIC,False,0.067,60.0,0.000
104.66833333333334,2511,36.88,STATIC,76.75,STATIC,82.10,STATIC,29.62,STATIC,97.39,STATIC,98.82,STATIC,127.97,STATIC,147.83,STATIC,False,0.066,60.0,0.000
104.71000000000001,2512,36.78,STATIC,77.91,STATIC,82.19,STATIC,31.81,STATIC,95.96,STATIC,98.07,STATIC,125.08,STATIC,146.80,STATIC,False,0.063,60.0,0.000
104.75166666666668,2513,36.24,STATIC,78.34,STATIC,82.29,STATIC,31.91,STATIC,96.02,STATIC,98.00,STATIC,124.16,STATIC,147.17,STATIC,False,0.061,60.0,0.000
104.79333333333334,2514,37.45,STATIC,80.53,STATIC,82.51,STATIC,33.52,STATIC,95.56,STATIC,97.78,STATIC,123.75,STATIC,147.67,STATIC,False,0.058,60.0,0.000
104.83500000000001,2515,36.71,STATIC,79.79,STATIC,82.68,STATIC,34.19,STATIC,95.37,STATIC,97.62,STATIC,123.20,STATIC,148.28,STATIC,False,0.051,60.0,0.000
104.87666666666668,2516,32.00,STATIC,78.91,STATIC,82.79,STATIC,34.28,STATIC,95.55,STATIC,97.55,STATIC,122.33,STATIC,149.79,STATIC,False,0.045,60.0,0.000
104.91833333333334,2517,28.78,STATIC,83.68,STATIC,82.87,STATIC,38.02,STATIC,94.94,STATIC,96.83,STATIC,122.12,STATIC,152.14,STATIC,False,0.031,60.0,0.000
104.96000000000001,2518,26.65,STATIC,85.51,STATIC,82.95,STATIC,39.36,STATIC,95.31,STATIC,96.36,STATIC,121.66,STATIC,152.21,STATIC,False,0.022,60.0,0.000
105.00166666666668,2519,26.38,STATIC,88.48,STATIC,83.08,STATIC,40.82,STATIC,94.89,STATIC,96.29,STATIC,120.64,STATIC,152.99,STATIC,False,0.015,60.0,0.000
105.04333333333334,2520,27.28,STATIC,88.92,STATIC,82.88,STATIC,40.03,STATIC,95.70,STATIC,96.70,STATIC,121.09,STATIC,153.83,STATIC,False,0.011,60.0,0.000
105.08500000000001,2521,26.94,STATIC,92.07,STATIC,82.89,STATIC,41.41,STATIC,95.44,STATIC,96.47,STATIC,120.45,STATIC,154.27,STATIC,False,0.006,60.0,0.000
105.12666666666668,2522,23.85,STATIC,99.63,EXTENSION,82.49,STATIC,44.08,STATIC,92.90,STATIC,95.78,STATIC,116.68,STATIC,154.82,STATIC,False,0.000,60.0,0.000
105.16833333333334,2523,27.10,STATIC,107.01,EXTENSION,81.84,STATIC,52.05,EXTENSION,92.00,STATIC,94.14,STATIC,115.83,STATIC,153.18,STATIC,False,0.000,60.0,0.000
105.21000000000001,2524,26.92,STATIC,111.00,STATIC,81.58,STATIC,52.06,STATIC,93.06,STATIC,94.60,STATIC,116.64,STATIC,153.60,STATIC,False,0.000,60.0,0.000
105.25166666666668,2525,29.17,STATIC,113.65,STATIC,81.56,STATIC,55.57,STATIC,93.24,STATIC,93.51,STATIC,115.45,STATIC,151.44,STATIC,False,0.000,60.0,0.000
105.29333333333334,2526,30.05,STATIC,114.43,STATIC,81.61,STATIC,52.75,STATIC,92.24,STATIC,93.49,STATIC,116.72,STATIC,154.08,STATIC,False,0.000,60.0,0.000
105.33500000000001,2527,31.22,STATIC,119.63,EXTENSION,81.66,STATIC,51.29,STATIC,93.26,STATIC,94.21,STATIC,115.44,STATIC,151.83,STATIC,False,0.000,60.0,0.000
105.37666666666668,2528,34.23,STATIC,122.78,STATIC,82.00,STATIC,55.18,STATIC,93.49,STATIC,93.74,STATIC,113.90,STATIC,149.85,STATIC,False,0.002,60.0,0.000
105.41833333333334,2529,29.98,STATIC,125.94,STATIC,83.32,STATIC,52.92,STATIC,91.19,STATIC,91.53,STATIC,110.48,STATIC,145.05,STATIC,False,0.014,60.0,0.000
105.46000000000001,2530,38.17,EXTENSION,118.30,FLEXION,82.99,STATIC,54.83,STATIC,91.60,STATIC,92.52,STATIC,109.62,STATIC,144.38,STATIC,False,0.017,60.0,0.000
105.50166666666668,2531,39.54,STATIC,124.46,EXTENSION,82.85,STATIC,53.34,STATIC,92.10,STATIC,92.51,STATIC,109.50,STATIC,143.82,STATIC,False,0.011,60.0,0.000
105.54333333333334,2532,43.45,STATIC,122.30,STATIC,83.00,STATIC,53.93,STATIC,91.24,STATIC,90.93,STATIC,110.75,STATIC,139.36,STATIC,False,0.010,60.0,0.000
105.58500000000001,2533,45.48,STATIC,128.12,EXTENSION,83.03,STATIC,51.50,STATIC,91.72,STATIC,91.53,STATIC,109.54,STATIC,136.68,STATIC,False,0.010,60.0,0.000
105.62666666666668,2534,46.33,STATIC,136.27,EXTENSION,84.17,STATIC,52.13,STATIC,91.98,STATIC,91.70,STATIC,107.80,STATIC,134.23,STATIC,False,0.015,60.0,0.000
105.66833333333334,2535,48.48,STATIC,137.79,STATIC,84.08,STATIC,51.66,STATIC,92.09,STATIC,91.66,STATIC,106.02,STATIC,131.17,STATIC,False,0.011,60.0,0.000
105.71000000000001,2536,51.05,STATIC,139.96,STATIC,84.28,STATIC,56.23,STATIC,91.69,STATIC,91.12,STATIC,103.89,STATIC,126.28,STATIC,False,0.010,60.0,0.000
105.75166666666668,2537,54.24,STATIC,141.87,STATIC,83.16,STATIC,54.77,STATIC,91.64,STATIC,91.25,STATIC,102.71,STATIC,123.70,STATIC,False,0.010,60.0,0.000
105.79333333333334,2538,57.07,STATIC,141.63,STATIC,82.57,STATIC,54.13,STATIC,91.90,STATIC,91.79,STATIC,102.82,STATIC,123.70,STATIC,False,0.010,60.0,0.000
105.83500000000001,2539,62.47,EXTENSION,140.86,STATIC,81.39,STATIC,49.26,STATIC,92.14,STATIC,92.44,STATIC,102.76,STATIC,123.40,STATIC,False,0.015,60.0,0.000
105.87666666666668,2540,63.04,STATIC,137.96,STATIC,81.51,STATIC,49.12,STATIC,91.93,STATIC,92.29,STATIC,102.33,STATIC,122.02,STATIC,False,0.012,60.0,0.000
105.91833333333334,2541,63.99,STATIC,137.29,STATIC,81.64,STATIC,46.98,STATIC,94.40,STATIC,94.05,STATIC,103.70,STATIC,122.61,STATIC,False,0.014,60.0,0.000
105.96166666666667,2542,63.73,STATIC,134.94,STATIC,81.89,STATIC,46.70,STATIC,93.83,STATIC,93.63,STATIC,103.43,STATIC,122.35,STATIC,False,0.015,60.0,0.000
106.00333333333334,2543,66.08,STATIC,127.78,FLEXION,82.17,STATIC,42.04,STATIC,96.32,STATIC,96.11,STATIC,103.99,STATIC,123.98,STATIC,False,0.015,60.0,0.000
106.045,2544,64.59,STATIC,116.65,FLEXION,81.81,STATIC,39.10,STATIC,96.04,STATIC,96.48,STATIC,103.42,STATIC,124.69,STATIC,False,0.015,60.0,0.000
106.08666666666667,2545,63.65,STATIC,112.35,STATIC,81.78,STATIC,39.33,STATIC,96.61,STATIC,97.16,STATIC,102.84,STATIC,123.56,STATIC,False,0.016,60.0,0.000
106.12833333333334,2546,61.11,STATIC,117.35,STATIC,81.84,STATIC,40.35,STATIC,97.21,STATIC,97.71,STATIC,102.59,STATIC,123.53,STATIC,False,0.018,60.0,0.000
106.17,2547,62.55,STATIC,116.93,STATIC,81.89,STATIC,40.33,STATIC,97.78,STATIC,98.45,STATIC,101.65,STATIC,126.37,STATIC,False,0.020,60.0,0.000
106.21166666666667,2548,56.33,FLEXION,121.04,STATIC,82.15,STATIC,40.26,STATIC,97.99,STATIC,99.28,STATIC,100.93,STATIC,128.37,STATIC,False,0.012,60.0,0.000
106.25333333333334,2549,57.11,STATIC,124.31,STATIC,82.16,STATIC,39.89,STATIC,98.66,STATIC,100.86,STATIC,100.01,STATIC,131.42,STATIC,False,0.007,60.0,0.000
106.295,2550,52.52,STATIC,132.29,EXTENSION,81.27,STATIC,37.98,STATIC,98.70,STATIC,101.63,STATIC,100.63,STATIC,138.04,EXTENSION,False,0.002,60.0,0.000
106.33666666666667,2551,52.49,STATIC,141.09,EXTENSION,80.40,STATIC,39.40,STATIC,99.18,STATIC,102.37,STATIC,102.82,STATIC,139.57,STATIC,False,0.002,60.0,0.000
106.37833333333334,2552,53.57,STATIC,147.91,EXTENSION,79.87,STATIC,41.10,STATIC,99.38,STATIC,102.47,STATIC,104.72,STATIC,140.79,STATIC,False,0.002,60.0,0.000
106.42,2553,49.55,STATIC,149.74,STATIC,79.37,STATIC,43.94,STATIC,100.14,STATIC,103.23,STATIC,106.13,STATIC,142.96,STATIC,False,0.000,60.0,0.000
106.46166666666667,2554,45.46,STATIC,154.36,STATIC,79.35,STATIC,39.94,STATIC,100.83,STATIC,104.51,STATIC,107.64,STATIC,146.75,STATIC,False,0.000,60.0,0.000
106.50333333333334,2555,43.84,STATIC,158.49,STATIC,79.71,STATIC,36.29,STATIC,101.38,STATIC,107.09,STATIC,112.65,EXTENSION,150.67,STATIC,False,0.000,60.0,0.000
106.545,2556,43.38,STATIC,161.02,STATIC,79.88,STATIC,33.90,STATIC,101.58,STATIC,108.84,STATIC,116.77,STATIC,151.63,STATIC,False,0.000,60.0,0.000
106.58666666666667,2557,43.04,STATIC,162.31,STATIC,80.12,STATIC,34.57,STATIC,101.87,STATIC,109.56,STATIC,118.80,STATIC,152.72,STATIC,False,0.000,60.0,0.000
106.62833333333334,2558,42.12,STATIC,161.41,STATIC,79.98,STATIC,34.93,STATIC,102.07,STATIC,110.43,STATIC,119.60,STATIC,155.05,STATIC,False,0.000,60.0,0.000
106.67,2559,41.57,STATIC,160.57,STATIC,80.16,STATIC,34.80,STATIC,101.85,STATIC,111.31,STATIC,119.11,STATIC,156.81,STATIC,False,0.000,60.0,0.000
106.71166666666667,2560,41.27,STATIC,164.34,STATIC,80.16,STATIC,35.93,STATIC,101.78,STATIC,113.26,STATIC,120.33,STATIC,158.08,STATIC,False,0.000,60.0,0.000
106.75333333333334,2561,41.14,STATIC,166.34,STATIC,80.13,STATIC,39.00,STATIC,102.28,STATIC,115.62,STATIC,122.19,STATIC,157.88,STATIC,False,0.000,60.0,0.000
106.795,2562,39.53,STATIC,167.22,STATIC,79.97,STATIC,39.75,STATIC,102.44,STATIC,117.42,STATIC,124.57,STATIC,158.07,STATIC,False,0.001,60.0,0.000
106.83666666666667,2563,38.88,STATIC,167.15,STATIC,79.76,STATIC,39.07,STATIC,102.34,STATIC,119.49,STATIC,126.77,STATIC,158.05,STATIC,False,0.001,60.0,0.000
106.87833333333334,2564,38.60,STATIC,163.42,STATIC,79.79,STATIC,40.04,STATIC,102.62,STATIC,121.61,STATIC,128.92,STATIC,157.73,STATIC,False,0.002,60.0,0.000
106.92,2565,38.67,STATIC,163.54,STATIC,79.80,STATIC,39.18,STATIC,102.98,STATIC,123.35,STATIC,130.44,STATIC,158.49,STATIC,False,0.001,60.0,0.000
106.96166666666667,2566,37.48,STATIC,164.39,STATIC,79.85,STATIC,40.70,STATIC,103.10,STATIC,125.55,STATIC,130.93,STATIC,159.98,STATIC,False,0.001,60.0,0.000
107.00333333333334,2567,36.78,STATIC,164.91,STATIC,79.89,STATIC,40.85,STATIC,103.30,STATIC,127.27,STATIC,131.54,STATIC,158.47,STATIC,False,0.000,60.0,0.000
107.045,2568,35.52,STATIC,166.76,STATIC,80.03,STATIC,40.76,STATIC,102.69,STATIC,125.83,STATIC,132.12,STATIC,157.34,STATIC,False,0.000,60.0,0.000
107.08666666666667,2569,34.52,STATIC,165.77,STATIC,80.43,STATIC,38.20,STATIC,101.64,STATIC,121.63,STATIC,132.72,STATIC,155.70,STATIC,False,0.000,60.0,0.000
107.12833333333334,2570,33.44,STATIC,164.79,STATIC,80.20,STATIC,40.00,STATIC,102.05,STATIC,121.93,STATIC,131.53,STATIC,158.48,STATIC,False,0.000,60.0,0.000
107.17,2571,32.58,STATIC,165.01,STATIC,80.31,STATIC,39.42,STATIC,101.97,STATIC,122.01,STATIC,131.06,STATIC,158.87,STATIC,False,0.000,60.0,0.000
107.21166666666667,2572,30.93,STATIC,163.53,STATIC,80.39,STATIC,39.09,STATIC,102.33,STATIC,123.51,STATIC,129.18,STATIC,160.70,STATIC,False,0.000,60.0,0.000
107.25333333333334,2573,29.12,STATIC,160.95,STATIC,80.41,STATIC,41.39,STATIC,102.55,STATIC,125.10,STATIC,126.64,STATIC,163.13,STATIC,False,0.000,60.0,0.000
107.295,2574,27.43,STATIC,162.38,STATIC,80.34,STATIC,42.62,STATIC,102.96,STATIC,127.42,STATIC,124.51,STATIC,163.66,STATIC,False,0.000,60.0,0.000
107.33666666666667,2575,26.06,STATIC,166.49,STATIC,80.25,STATIC,42.88,STATIC,102.95,STATIC,129.19,STATIC,123.67,STATIC,163.13,STATIC,False,0.000,60.0,0.000
107.37833333333334,2576,25.10,STATIC,166.37,STATIC,80.18,STATIC,41.92,STATIC,102.70,STATIC,127.91,STATIC,123.10,STATIC,163.90,STATIC,False,0.000,60.0,0.000
107.42,2577,24.44,STATIC,169.38,STATIC,80.01,STATIC,42.86,STATIC,102.47,STATIC,126.33,STATIC,121.88,STATIC,164.95,STATIC,False,0.000,60.0,0.000
107.46166666666667,2578,24.26,STATIC,171.41,STATIC,79.84,STATIC,41.02,STATIC,101.23,STATIC,121.65,STATIC,119.51,STATIC,157.41,FLEXION,False,0.000,60.0,0.000
107.50333333333334,2579,23.70,STATIC,170.91,STATIC,79.73,STATIC,41.27,STATIC,100.08,STATIC,116.94,STATIC,120.29,STATIC,153.20,STATIC,False,0.000,60.0,0.000
107.545,2580,23.24,STATIC,171.03,STATIC,79.81,STATIC,45.84,STATIC,100.44,STATIC,115.90,STATIC,120.99,STATIC,151.97,STATIC,False,0.000,60.0,0.000
107.58666666666667,2581,23.69,STATIC,167.68,STATIC,80.19,STATIC,43.23,STATIC,100.71,STATIC,116.04,STATIC,119.57,STATIC,147.05,STATIC,False,0.010,60.0,0.000
107.62833333333334,2582,23.38,STATIC,169.40,STATIC,80.56,STATIC,38.03,FLEXION,100.83,STATIC,114.98,STATIC,117.33,STATIC,140.91,FLEXION,False,0.185,60.0,0.000
107.67,2583,23.34,STATIC,167.70,STATIC,80.48,STATIC,39.08,STATIC,100.56,STATIC,110.16,STATIC,113.03,STATIC,130.00,FLEXION,False,0.024,60.0,0.000
107.71166666666667,2584,22.43,STATIC,167.20,STATIC,80.79,STATIC,39.99,STATIC,100.32,STATIC,107.30,STATIC,110.18,STATIC,122.23,FLEXION,False,0.014,60.0,0.000
107.75333333333334,2585,21.01,STATIC,165.01,STATIC,80.98,STATIC,41.04,STATIC,99.98,STATIC,105.69,STATIC,107.91,STATIC,117.20,FLEXION,False,0.003,60.0,0.000
107.795,2586,21.05,STATIC,164.49,STATIC,81.01,STATIC,44.65,STATIC,99.04,STATIC,103.63,STATIC,105.65,STATIC,112.14,FLEXION,False,0.006,60.0,0.000
107.83666666666667,2587,22.47,STATIC,158.70,FLEXION,81.83,STATIC,43.53,STATIC,98.92,STATIC,102.46,STATIC,103.98,STATIC,108.11,STATIC,False,0.003,60.0,0.000
107.87833333333334,2588,22.84,STATIC,160.75,STATIC,81.96,STATIC,40.45,STATIC,98.80,STATIC,101.25,STATIC,102.67,STATIC,105.90,STATIC,False,0.007,60.0,0.000
107.92,2589,22.94,STATIC,158.06,STATIC,81.99,STATIC,44.71,STATIC,98.68,STATIC,100.26,STATIC,101.11,STATIC,103.30,STATIC,False,0.007,60.0,0.000
107.96166666666667,2590,22.99,STATIC,161.40,STATIC,82.09,STATIC,41.80,STATIC,98.55,STATIC,100.09,STATIC,100.35,STATIC,104.58,STATIC,False,0.010,60.0,0.000
108.00333333333334,2591,23.48,STATIC,159.24,STATIC,82.09,STATIC,42.01,STATIC,98.35,STATIC,99.82,STATIC,100.09,STATIC,106.10,STATIC,False,0.009,60.0,0.000
108.045,2592,23.54,STATIC,159.17,STATIC,82.15,STATIC,39.62,STATIC,98.08,STATIC,99.09,STATIC,99.65,STATIC,106.20,STATIC,False,0.010,60.0,0.000
108.08666666666667,2593,25.05,STATIC,159.94,STATIC,82.49,STATIC,38.52,STATIC,97.98,STATIC,98.63,STATIC,98.65,STATIC,105.59,STATIC,False,0.011,60.0,0.000
108.12833333333334,2594,25.65,STATIC,161.91,STATIC,82.43,STATIC,39.29,STATIC,97.86,STATIC,98.30,STATIC,97.96,STATIC,104.46,STATIC,False,0.020,60.0,0.000
108.17,2595,25.29,STATIC,162.14,STATIC,82.40,STATIC,37.24,STATIC,97.84,STATIC,98.33,STATIC,97.61,STATIC,105.77,STATIC,False,0.018,60.0,0.000
108.21166666666667,2596,25.24,STATIC,161.88,STATIC,82.38,STATIC,38.03,STATIC,97.78,STATIC,97.86,STATIC,96.82,STATIC,105.41,STATIC,False,0.016,60.0,0.000
108.25333333333334,2597,25.86,STATIC,163.05,STATIC,82.52,STATIC,41.13,STATIC,97.79,STATIC,97.65,STATIC,95.93,STATIC,103.84,STATIC,False,0.015,60.0,0.000
108.295,2598,25.80,STATIC,163.37,STATIC,82.61,STATIC,41.06,STATIC,97.91,STATIC,97.99,STATIC,95.69,STATIC,103.98,STATIC,False,0.007,60.0,0.000
108.33666666666667,2599,24.22,STATIC,163.80,STATIC,82.33,STATIC,41.42,STATIC,97.97,STATIC,98.21,STATIC,95.36,STATIC,103.09,STATIC,False,0.008,60.0,0.000
108.37833333333334,2600,23.02,STATIC,164.21,STATIC,81.91,STATIC,41.30,STATIC,98.33,STATIC,98.79,STATIC,95.92,STATIC,104.54,STATIC,False,0.000,60.0,0.000
108.42,2601,22.31,STATIC,165.38,STATIC,81.88,STATIC,41.80,STATIC,98.33,STATIC,98.56,STATIC,95.96,STATIC,103.29,STATIC,False,0.000,60.0,0.000
108.46166666666667,2602,21.43,STATIC,166.72,STATIC,81.65,STATIC,43.11,STATIC,98.29,STATIC,98.23,STATIC,95.95,STATIC,101.83,STATIC,False,0.000,60.0,0.000
108.50333333333334,2603,20.43,STATIC,167.36,STATIC,81.48,STATIC,41.21,STATIC,98.17,STATIC,97.67,STATIC,95.68,STATIC,100.55,STATIC,False,0.000,60.0,0.000
108.545,2604,18.58,STATIC,165.85,STATIC,81.28,STATIC,36.14,FLEXION,97.74,STATIC,96.90,STATIC,94.96,STATIC,98.50,STATIC,False,0.167,60.0,0.000
108.58666666666667,2605,16.41,STATIC,160.60,FLEXION,81.34,STATIC,39.04,STATIC,97.33,STATIC,96.39,STATIC,94.66,STATIC,97.00,STATIC,False,0.000,60.0,0.000
108.62833333333334,2606,14.70,STATIC,158.52,STATIC,81.31,STATIC,40.83,STATIC,97.17,STATIC,96.32,STATIC,94.63,STATIC,96.91,STATIC,False,0.000,60.0,0.000
108.67,2607,13.62,STATIC,154.90,STATIC,81.30,STATIC,37.52,STATIC,97.47,STATIC,96.90,STATIC,94.94,STATIC,97.90,STATIC,False,0.000,60.0,0.000
108.71166666666667,2608,13.22,STATIC,150.36,STATIC,80.93,STATIC,37.64,STATIC,97.58,STATIC,96.35,STATIC,95.60,STATIC,96.10,STATIC,False,0.000,60.0,0.000
108.75333333333334,2609,12.77,STATIC,144.75,FLEXION,81.14,STATIC,37.96,STATIC,97.56,STATIC,96.43,STATIC,95.51,STATIC,94.88,STATIC,False,0.000,60.0,0.000
108.795,2610,17.29,STATIC,135.04,FLEXION,81.23,STATIC,44.41,EXTENSION,97.16,STATIC,95.13,STATIC,95.07,STATIC,92.78,STATIC,False,0.001,60.0,0.000
108.83666666666667,2611,20.42,STATIC,123.17,FLEXION,80.85,STATIC,46.18,STATIC,96.71,STATIC,94.36,STATIC,94.93,STATIC,91.99,STATIC,False,0.000,60.0,0.000
108.87833333333334,2612,21.74,STATIC,103.93,FLEXION,81.12,STATIC,49.95,STATIC,95.54,STATIC,93.76,STATIC,93.34,STATIC,92.40,STATIC,False,0.000,60.0,0.000
108.92,2613,27.97,EXTENSION,92.44,FLEXION,82.52,STATIC,51.69,STATIC,96.13,STATIC,94.57,STATIC,93.92,STATIC,93.66,STATIC,False,0.000,60.0,0.000
108.96166666666667,2614,27.81,STATIC,84.35,FLEXION,82.91,STATIC,46.51,FLEXION,96.98,STATIC,95.67,STATIC,94.90,STATIC,96.01,STATIC,False,0.167,60.0,0.000
109.00333333333334,2615,34.44,EXTENSION,85.73,STATIC,82.52,STATIC,49.08,STATIC,97.63,STATIC,95.60,STATIC,95.03,STATIC,96.66,STATIC,False,0.000,60.0,0.000
109.045,2616,43.75,EXTENSION,86.07,STATIC,82.62,STATIC,56.30,EXTENSION,97.27,STATIC,95.44,STATIC,94.26,STATIC,98.02,STATIC,False,0.000,60.0,0.000
109.08666666666667,2617,38.65,FLEXION,93.10,EXTENSION,81.66,STATIC,60.25,STATIC,96.95,STATIC,94.78,STATIC,94.35,STATIC,98.84,STATIC,False,0.000,60.0,0.000
109.12833333333334,2618,43.12,STATIC,97.04,STATIC,82.29,STATIC,68.43,EXTENSION,96.24,STATIC,93.82,STATIC,93.41,STATIC,96.93,STATIC,False,0.002,60.0,0.000
109.295,2622,67.91,EXTENSION,99.70,STATIC,87.35,EXTENSION,79.85,EXTENSION,97.38,STATIC,95.24,STATIC,99.13,EXTENSION,100.39,STATIC,False,0.035,60.0,0.000
109.33666666666667,2623,43.44,FLEXION,102.72,STATIC,81.34,FLEXION,81.79,STATIC,96.58,STATIC,93.62,STATIC,98.70,STATIC,100.95,STATIC,False,0.193,60.0,0.000
109.37833333333334,2624,42.64,STATIC,105.72,STATIC,80.71,STATIC,81.73,STATIC,98.99,STATIC,97.17,STATIC,102.78,STATIC,106.61,EXTENSION,False,0.029,60.0,0.000
109.42,2625,40.87,STATIC,104.65,STATIC,80.02,STATIC,79.91,STATIC,99.05,STATIC,96.94,STATIC,102.80,STATIC,107.94,STATIC,False,0.027,60.0,0.000
109.46166666666667,2626,42.84,STATIC,107.80,STATIC,80.31,STATIC,76.60,STATIC,97.04,STATIC,95.19,STATIC,100.82,STATIC,106.24,STATIC,False,0.019,60.0,0.000
109.50333333333334,2627,48.50,EXTENSION,108.55,STATIC,80.51,STATIC,75.98,STATIC,97.49,STATIC,95.55,STATIC,101.69,STATIC,106.91,STATIC,False,0.024,60.0,0.000
109.545,2628,57.24,EXTENSION,109.56,STATIC,81.20,STATIC,75.02,STATIC,96.40,STATIC,94.46,STATIC,100.99,STATIC,106.01,STATIC,False,0.022,60.0,0.000
109.58666666666667,2629,64.87,EXTENSION,110.83,STATIC,80.59,STATIC,76.79,STATIC,96.88,STATIC,95.10,STATIC,101.96,STATIC,107.32,STATIC,False,0.026,60.0,0.000
109.62833333333334,2630,67.02,STATIC,113.75,STATIC,81.31,STATIC,78.44,STATIC,95.64,STATIC,93.76,STATIC,99.93,STATIC,106.02,STATIC,False,0.025,60.0,0.000
109.67,2631,65.76,STATIC,113.76,STATIC,80.89,STATIC,77.88,STATIC,96.78,STATIC,94.90,STATIC,100.50,STATIC,105.77,STATIC,False,0.027,60.0,0.000
109.71166666666667,2632,70.23,STATIC,113.54,STATIC,81.87,STATIC,81.28,STATIC,96.93,STATIC,95.30,STATIC,100.27,STATIC,106.85,STATIC,False,0.028,60.0,0.000
109.75333333333334,2633,73.33,STATIC,113.23,STATIC,82.62,STATIC,78.34,STATIC,96.61,STATIC,95.09,STATIC,99.46,STATIC,106.48,STATIC,False,0.024,60.0,0.000
109.795,2634,76.71,STATIC,114.31,STATIC,82.80,STATIC,73.97,STATIC,96.97,STATIC,95.09,STATIC,99.50,STATIC,106.86,STATIC,False,0.020,60.0,0.000
109.83666666666667,2635,75.20,STATIC,114.87,STATIC,82.79,STATIC,74.22,STATIC,95.46,STATIC,93.42,STATIC,96.81,STATIC,103.71,STATIC,False,0.013,60.0,0.000
109.87833333333334,2636,80.88,EXTENSION,114.87,STATIC,83.59,STATIC,73.64,STATIC,94.71,STATIC,92.82,STATIC,95.15,STATIC,101.61,STATIC,False,0.007,60.0,0.000
109.92,2637,83.90,STATIC,115.24,STATIC,83.72,STATIC,72.34,STATIC,94.59,STATIC,93.18,STATIC,94.85,STATIC,100.69,STATIC,False,0.010,60.0,0.000
109.96333333333334,2638,91.46,EXTENSION,117.57,STATIC,84.01,STATIC,64.16,FLEXION,95.59,STATIC,94.37,STATIC,95.46,STATIC,101.10,STATIC,False,0.169,60.0,0.000
110.00500000000001,2639,96.77,EXTENSION,120.11,STATIC,84.19,STATIC,65.43,STATIC,95.21,STATIC,93.96,STATIC,94.14,STATIC,99.32,STATIC,False,0.000,60.0,0.000
110.04666666666667,2640,111.82,EXTENSION,124.64,STATIC,84.37,STATIC,56.11,FLEXION,95.92,STATIC,94.85,STATIC,94.56,STATIC,99.56,STATIC,False,0.169,60.0,0.000
110.08833333333334,2641,123.34,EXTENSION,130.56,EXTENSION,84.62,STATIC,58.23,STATIC,95.62,STATIC,94.82,STATIC,94.60,STATIC,99.40,STATIC,False,0.001,60.0,0.000
110.13000000000001,2642,126.36,STATIC,131.95,STATIC,84.88,STATIC,64.30,EXTENSION,95.39,STATIC,94.31,STATIC,94.20,STATIC,98.74,STATIC,False,0.000,60.0,0.000
110.17166666666667,2643,138.76,EXTENSION,134.92,STATIC,84.60,STATIC,60.95,STATIC,96.81,STATIC,95.35,STATIC,96.28,STATIC,99.96,STATIC,False,0.000,60.0,0.000
110.21333333333334,2644,141.02,STATIC,135.44,STATIC,84.83,STATIC,64.79,STATIC,96.52,STATIC,94.74,STATIC,95.31,STATIC,98.45,STATIC,False,0.001,60.0,0.000
110.25500000000001,2645,143.84,STATIC,136.46,STATIC,84.95,STATIC,65.66,STATIC,96.32,STATIC,94.51,STATIC,94.18,STATIC,97.44,STATIC,False,0.000,60.0,0.000
110.33833333333334,2647,144.80,STATIC,140.47,STATIC,86.17,STATIC,58.30,FLEXION,95.64,STATIC,95.19,STATIC,94.32,STATIC,98.14,STATIC,False,0.167,60.0,0.000
110.38000000000001,2648,143.01,STATIC,139.41,STATIC,86.24,STATIC,74.50,EXTENSION,94.85,STATIC,93.40,STATIC,93.14,STATIC,95.36,STATIC,False,0.005,60.0,0.000
110.42166666666667,2649,151.77,EXTENSION,144.24,STATIC,85.86,STATIC,68.09,FLEXION,96.47,STATIC,94.55,STATIC,95.81,STATIC,96.62,STATIC,False,0.168,60.0,0.000
110.46333333333334,2650,149.96,STATIC,144.75,STATIC,85.65,STATIC,69.37,STATIC,95.94,STATIC,94.44,STATIC,95.07,STATIC,95.90,STATIC,False,0.001,60.0,0.000
110.50500000000001,2651,149.44,STATIC,145.26,STATIC,85.12,STATIC,69.34,STATIC,95.39,STATIC,93.79,STATIC,94.13,STATIC,94.74,STATIC,False,0.000,60.0,0.000
110.54666666666667,2652,150.97,STATIC,143.43,STATIC,84.92,STATIC,68.70,STATIC,95.77,STATIC,94.20,STATIC,94.66,STATIC,95.02,STATIC,False,0.000,60.0,0.000
110.58833333333334,2653,152.72,STATIC,143.57,STATIC,85.05,STATIC,67.45,STATIC,95.92,STATIC,94.65,STATIC,94.64,STATIC,94.98,STATIC,False,0.000,60.0,0.000
110.63000000000001,2654,153.50,STATIC,143.52,STATIC,85.32,STATIC,68.45,STATIC,95.48,STATIC,94.60,STATIC,93.90,STATIC,94.35,STATIC,False,0.000,60.0,0.000
110.67166666666667,2655,152.48,STATIC,142.79,STATIC,85.43,STATIC,71.45,STATIC,95.51,STATIC,94.37,STATIC,93.87,STATIC,93.97,STATIC,False,0.000,60.0,0.000
110.71333333333334,2656,149.42,STATIC,141.74,STATIC,85.41,STATIC,72.14,STATIC,95.35,STATIC,94.08,STATIC,93.45,STATIC,93.18,STATIC,False,0.000,60.0,0.000
110.75500000000001,2657,153.10,STATIC,141.48,STATIC,85.26,STATIC,70.28,STATIC,95.40,STATIC,94.41,STATIC,93.78,STATIC,93.34,STATIC,False,0.002,60.0,0.000
110.79666666666667,2658,148.33,STATIC,140.36,STATIC,85.71,STATIC,73.12,STATIC,94.60,STATIC,93.77,STATIC,92.38,STATIC,92.13,STATIC,False,0.002,60.0,0.000
110.83833333333334,2659,149.61,STATIC,139.82,STATIC,85.67,STATIC,71.38,STATIC,94.73,STATIC,93.86,STATIC,92.79,STATIC,92.24,STATIC,False,0.002,60.0,0.000
110.88000000000001,2660,149.09,STATIC,139.61,STATIC,85.63,STATIC,71.13,STATIC,94.72,STATIC,93.89,STATIC,92.84,STATIC,92.32,STATIC,False,0.001,60.0,0.000
110.92166666666667,2661,149.20,STATIC,138.73,STATIC,85.28,STATIC,71.29,STATIC,95.28,STATIC,94.34,STATIC,93.67,STATIC,92.89,STATIC,False,0.000,60.0,0.000
110.96333333333334,2662,151.94,STATIC,138.53,STATIC,85.33,STATIC,69.99,STATIC,95.45,STATIC,94.43,STATIC,93.78,STATIC,93.04,STATIC,False,0.001,60.0,0.000
111.00500000000001,2663,154.53,STATIC,139.02,STATIC,85.46,STATIC,66.10,STATIC,95.50,STATIC,94.56,STATIC,93.36,STATIC,93.06,STATIC,False,0.000,60.0,0.000
111.04666666666667,2664,155.85,STATIC,138.72,STATIC,85.53,STATIC,65.66,STATIC,95.08,STATIC,94.44,STATIC,92.88,STATIC,93.12,STATIC,False,0.000,60.0,0.000
111.08833333333334,2665,156.27,STATIC,139.59,STATIC,85.39,STATIC,64.81,STATIC,94.91,STATIC,94.48,STATIC,92.50,STATIC,93.18,STATIC,False,0.000,60.0,0.000
111.13000000000001,2666,157.26,STATIC,140.21,STATIC,85.19,STATIC,64.92,STATIC,94.98,STATIC,94.49,STATIC,92.48,STATIC,93.36,STATIC,False,0.001,60.0,0.000
111.17166666666667,2667,158.33,STATIC,140.62,STATIC,85.13,STATIC,65.22,STATIC,95.15,STATIC,94.60,STATIC,92.70,STATIC,93.52,STATIC,False,0.001,60.0,0.000
111.21333333333334,2668,158.83,STATIC,139.81,STATIC,85.23,STATIC,65.05,STATIC,95.62,STATIC,95.22,STATIC,93.82,STATIC,94.50,STATIC,False,0.001,60.0,0.000
111.25500000000001,2669,158.12,STATIC,138.90,STATIC,85.45,STATIC,66.75,STATIC,95.40,STATIC,94.87,STATIC,93.41,STATIC,94.58,STATIC,False,0.000,60.0,0.000
111.29666666666667,2670,158.31,STATIC,138.39,STATIC,85.55,STATIC,67.07,STATIC,95.06,STATIC,94.60,STATIC,92.78,STATIC,94.46,STATIC,False,0.001,60.0,0.000
111.33833333333334,2671,158.27,STATIC,137.55,STATIC,85.65,STATIC,68.30,STATIC,94.76,STATIC,94.26,STATIC,92.16,STATIC,94.31,STATIC,False,0.001,60.0,0.000
111.38000000000001,2672,157.41,STATIC,136.92,STATIC,85.63,STATIC,69.18,STATIC,94.53,STATIC,94.15,STATIC,91.89,STATIC,94.39,STATIC,False,0.000,60.0,0.000
111.42166666666667,2673,157.24,STATIC,136.60,STATIC,85.63,STATIC,68.37,STATIC,94.51,STATIC,94.21,STATIC,91.96,STATIC,94.58,STATIC,False,0.000,60.0,0.000
111.46333333333334,2674,156.86,STATIC,136.02,STATIC,85.69,STATIC,68.96,STATIC,94.36,STATIC,94.09,STATIC,91.79,STATIC,94.46,STATIC,False,0.000,60.0,0.000
111.50500000000001,2675,156.60,STATIC,135.50,STATIC,85.73,STATIC,68.24,STATIC,94.34,STATIC,94.09,STATIC,91.88,STATIC,94.39,STATIC,False,0.000,60.0,0.000
111.54666666666667,2676,155.96,STATIC,135.25,STATIC,85.80,STATIC,67.96,STATIC,94.35,STATIC,93.96,STATIC,91.81,STATIC,94.24,STATIC,False,0.000,60.0,0.000
111.58833333333334,2677,154.65,STATIC,134.74,STATIC,85.81,STATIC,68.62,STATIC,94.02,STATIC,93.64,STATIC,91.29,STATIC,93.87,STATIC,False,0.000,60.0,0.000
111.63000000000001,2678,154.16,STATIC,134.63,STATIC,85.51,STATIC,67.92,STATIC,94.06,STATIC,93.79,STATIC,91.32,STATIC,94.07,STATIC,False,0.001,60.0,0.000
111.67166666666667,2679,153.93,STATIC,134.20,STATIC,85.22,STATIC,66.39,STATIC,94.29,STATIC,94.06,STATIC,91.48,STATIC,94.28,STATIC,False,0.002,60.0,0.000
111.71333333333334,2680,154.30,STATIC,133.90,STATIC,85.20,STATIC,65.35,STATIC,94.39,STATIC,94.20,STATIC,91.46,STATIC,94.26,STATIC,False,0.003,60.0,0.000
111.75500000000001,2681,154.92,STATIC,133.60,STATIC,85.26,STATIC,65.43,STATIC,94.07,STATIC,93.76,STATIC,91.14,STATIC,94.02,STATIC,False,0.002,60.0,0.000
111.79666666666667,2682,155.44,STATIC,133.95,STATIC,85.22,STATIC,63.94,STATIC,94.30,STATIC,94.05,STATIC,91.19,STATIC,93.97,STATIC,False,0.004,60.0,0.000
111.83833333333334,2683,156.03,STATIC,134.52,STATIC,85.23,STATIC,63.47,STATIC,94.43,STATIC,94.16,STATIC,91.21,STATIC,93.95,STATIC,False,0.005,60.0,0.000
111.88000000000001,2684,156.18,STATIC,134.58,STATIC,85.27,STATIC,63.74,STATIC,94.48,STATIC,94.13,STATIC,91.29,STATIC,93.97,STATIC,False,0.005,60.0,0.000
111.92166666666667,2685,156.85,STATIC,135.08,STATIC,85.31,STATIC,63.70,STATIC,94.46,STATIC,94.07,STATIC,91.21,STATIC,94.05,STATIC,False,0.006,60.0,0.000
111.96333333333334,2686,155.58,STATIC,135.38,STATIC,85.35,STATIC,64.23,STATIC,94.50,STATIC,94.18,STATIC,91.30,STATIC,94.17,STATIC,False,0.006,60.0,0.000
112.00500000000001,2687,155.21,STATIC,135.52,STATIC,85.52,STATIC,64.89,STATIC,94.38,STATIC,94.14,STATIC,91.15,STATIC,94.26,STATIC,False,0.005,60.0,0.000
112.04666666666667,2688,155.71,STATIC,135.88,STATIC,85.54,STATIC,64.99,STATIC,94.41,STATIC,94.23,STATIC,91.18,STATIC,94.54,STATIC,False,0.005,60.0,0.000
112.08833333333334,2689,157.35,STATIC,136.70,STATIC,85.57,STATIC,64.59,STATIC,94.36,STATIC,94.30,STATIC,91.22,STATIC,94.83,STATIC,False,0.005,60.0,0.000
112.13000000000001,2690,158.13,STATIC,137.69,STATIC,85.62,STATIC,64.82,STATIC,94.33,STATIC,94.44,STATIC,91.19,STATIC,94.79,STATIC,False,0.005,60.0,0.000
112.17166666666667,2691,158.94,STATIC,138.49,STATIC,85.68,STATIC,64.71,STATIC,94.39,STATIC,94.50,STATIC,91.45,STATIC,94.99,STATIC,False,0.004,60.0,0.000
112.21333333333334,2692,159.61,STATIC,139.23,STATIC,85.74,STATIC,64.64,STATIC,94.34,STATIC,94.41,STATIC,91.39,STATIC,95.11,STATIC,False,0.004,60.0,0.000
112.25500000000001,2693,159.34,STATIC,139.06,STATIC,85.94,STATIC,66.05,STATIC,93.95,STATIC,94.08,STATIC,90.90,STATIC,95.07,STATIC,False,0.003,60.0,0.000
112.29666666666667,2694,157.35,STATIC,137.93,STATIC,86.37,STATIC,70.75,STATIC,93.26,STATIC,93.39,STATIC,90.55,STATIC,95.18,STATIC,False,0.000,60.0,0.000
112.33833333333334,2695,152.60,STATIC,137.14,STATIC,85.65,STATIC,69.72,STATIC,94.26,STATIC,93.86,STATIC,92.05,STATIC,96.63,STATIC,False,0.000,60.0,0.000
112.38000000000001,2696,151.78,STATIC,136.48,STATIC,84.92,STATIC,69.99,STATIC,95.01,STATIC,94.18,STATIC,92.86,STATIC,97.59,STATIC,False,0.000,60.0,0.000
112.42166666666667,2697,145.68,FLEXION,135.09,STATIC,84.81,STATIC,75.94,EXTENSION,93.95,STATIC,93.14,STATIC,91.55,STATIC,97.04,STATIC,False,0.008,60.0,0.000
112.46333333333334,2698,144.06,STATIC,133.13,STATIC,85.03,STATIC,78.16,STATIC,93.41,STATIC,92.30,STATIC,91.28,STATIC,97.35,STATIC,False,0.013,60.0,0.000
112.50500000000001,2699,138.94,FLEXION,131.07,STATIC,86.05,STATIC,77.27,STATIC,93.40,STATIC,92.04,STATIC,91.46,STATIC,98.85,STATIC,False,0.011,60.0,0.000
112.54666666666667,2700,133.80,FLEXION,129.03,STATIC,85.93,STATIC,77.16,STATIC,93.47,STATIC,92.15,STATIC,91.45,STATIC,100.55,STATIC,False,0.014,60.0,0.000
112.58833333333334,2701,136.32,STATIC,127.12,STATIC,86.08,STATIC,75.97,STATIC,94.23,STATIC,92.58,STATIC,92.44,STATIC,101.74,STATIC,False,0.018,60.0,0.000
112.63000000000001,2702,128.22,FLEXION,124.17,STATIC,86.11,STATIC,77.85,STATIC,93.95,STATIC,91.96,STATIC,92.74,STATIC,103.53,STATIC,False,0.027,60.0,0.000
112.67166666666667,2703,123.95,STATIC,122.71,STATIC,84.00,STATIC,65.06,FLEXION,94.41,STATIC,93.19,STATIC,92.76,STATIC,107.49,STATIC,False,0.178,60.0,0.000
112.71333333333334,2704,119.89,STATIC,121.13,STATIC,83.97,STATIC,58.81,FLEXION,94.32,STATIC,93.42,STATIC,94.57,STATIC,115.37,EXTENSION,False,0.176,60.0,0.000
112.75500000000001,2705,111.85,FLEXION,119.32,STATIC,82.80,STATIC,56.98,STATIC,94.58,STATIC,93.85,STATIC,97.53,STATIC,120.99,EXTENSION,False,0.011,60.0,0.000
112.79666666666667,2706,113.45,STATIC,117.96,STATIC,82.45,STATIC,53.74,STATIC,95.35,STATIC,94.55,STATIC,99.56,STATIC,126.77,EXTENSION,False,0.014,60.0,0.000
112.83833333333334,2707,116.21,STATIC,116.93,STATIC,82.15,STATIC,51.00,STATIC,95.00,STATIC,93.85,STATIC,101.74,STATIC,132.44,EXTENSION,False,0.012,60.0,0.000
112.88000000000001,2708,126.39,EXTENSION,116.96,STATIC,81.84,STATIC,51.69,STATIC,96.28,STATIC,95.61,STATIC,103.55,STATIC,135.32,STATIC,False,0.013,60.0,0.000
112.92166666666667,2709,107.68,FLEXION,121.18,STATIC,81.31,STATIC,51.29,STATIC,97.16,STATIC,97.03,STATIC,105.39,STATIC,139.66,STATIC,False,0.013,60.0,0.000
112.96333333333334,2710,86.86,FLEXION,126.67,EXTENSION,81.13,STATIC,51.29,STATIC,97.72,STATIC,97.62,STATIC,105.62,STATIC,139.19,STATIC,False,0.011,60.0,0.000
113.00500000000001,2711,83.63,STATIC,130.29,STATIC,80.95,STATIC,48.99,STATIC,97.41,STATIC,97.22,STATIC,103.05,STATIC,135.77,STATIC,False,0.003,60.0,0.000
113.04666666666667,2712,84.65,STATIC,134.23,STATIC,80.33,STATIC,48.77,STATIC,98.84,STATIC,99.97,STATIC,104.73,STATIC,136.88,STATIC,False,0.014,60.0,0.000
113.08833333333334,2713,86.10,STATIC,134.59,STATIC,80.13,STATIC,51.01,STATIC,99.00,STATIC,99.77,STATIC,105.14,STATIC,134.74,STATIC,False,0.021,60.0,0.000
113.13000000000001,2714,90.48,STATIC,136.48,STATIC,80.65,STATIC,48.77,STATIC,99.01,STATIC,99.33,STATIC,105.76,STATIC,134.46,STATIC,False,0.021,60.0,0.000
113.17166666666667,2715,92.05,STATIC,138.51,STATIC,80.83,STATIC,49.88,STATIC,99.11,STATIC,100.16,STATIC,107.02,STATIC,134.58,STATIC,False,0.017,60.0,0.000
113.21333333333334,2716,92.55,STATIC,133.67,STATIC,81.15,STATIC,52.18,STATIC,98.25,STATIC,99.22,STATIC,106.92,STATIC,136.80,STATIC,False,0.015,60.0,0.000
113.25500000000001,2717,94.01,STATIC,137.97,STATIC,81.13,STATIC,48.60,STATIC,98.58,STATIC,98.44,STATIC,108.00,STATIC,135.45,STATIC,False,0.018,60.0,0.000
113.29666666666667,2718,94.66,STATIC,139.80,STATIC,81.41,STATIC,49.47,STATIC,98.87,STATIC,98.08,STATIC,108.13,STATIC,135.43,STATIC,False,0.017,60.0,0.000
113.33833333333334,2719,94.99,STATIC,139.25,STATIC,81.71,STATIC,51.71,STATIC,98.90,STATIC,97.85,STATIC,108.27,STATIC,134.58,STATIC,False,0.010,60.0,0.000
113.38000000000001,2720,95.74,STATIC,145.81,EXTENSION,82.26,STATIC,53.46,STATIC,98.87,STATIC,98.57,STATIC,106.19,STATIC,130.81,STATIC,False,0.006,60.0,0.000
113.42166666666667,2721,95.74,STATIC,145.34,STATIC,82.51,STATIC,55.53,STATIC,98.88,STATIC,98.87,STATIC,106.56,STATIC,131.13,STATIC,False,0.000,60.0,0.000
113.46333333333334,2722,93.72,STATIC,146.82,STATIC,82.67,STATIC,54.95,STATIC,99.16,STATIC,99.48,STATIC,106.77,STATIC,130.44,STATIC,False,0.002,60.0,0.000
113.50500000000001,2723,88.74,STATIC,146.29,STATIC,82.66,STATIC,54.09,STATIC,98.87,STATIC,98.86,STATIC,106.75,STATIC,127.38,STATIC,False,0.001,60.0,0.000
113.54666666666667,2724,79.13,FLEXION,146.35,STATIC,82.66,STATIC,53.40,STATIC,98.81,STATIC,98.22,STATIC,106.85,STATIC,128.80,STATIC,False,0.002,60.0,0.000
113.58833333333334,2725,66.94,FLEXION,147.61,STATIC,82.79,STATIC,53.02,STATIC,98.61,STATIC,97.98,STATIC,106.20,STATIC,126.94,STATIC,False,0.000,60.0,0.000
113.63000000000001,2726,56.19,FLEXION,148.43,STATIC,82.83,STATIC,54.40,STATIC,98.07,STATIC,97.63,STATIC,106.05,STATIC,126.46,STATIC,False,0.000,60.0,0.000
113.67166666666668,2727,47.73,FLEXION,147.71,STATIC,82.77,STATIC,53.78,STATIC,98.10,STATIC,98.68,STATIC,105.14,STATIC,125.02,STATIC,False,0.002,60.0,0.000
113.71333333333334,2728,40.99,FLEXION,147.39,STATIC,82.49,STATIC,54.15,STATIC,98.08,STATIC,98.25,STATIC,105.09,STATIC,124.35,STATIC,False,0.009,60.0,0.000
113.75500000000001,2729,37.22,STATIC,146.83,STATIC,82.43,STATIC,51.99,STATIC,98.20,STATIC,98.80,STATIC,104.71,STATIC,122.04,STATIC,False,0.007,60.0,0.000
113.79666666666668,2730,34.24,STATIC,146.75,STATIC,82.39,STATIC,50.65,STATIC,98.19,STATIC,99.01,STATIC,104.64,STATIC,121.73,STATIC,False,0.005,60.0,0.000
113.83833333333334,2731,32.08,STATIC,145.85,STATIC,82.41,STATIC,49.01,STATIC,98.30,STATIC,99.54,STATIC,104.70,STATIC,121.24,STATIC,False,0.004,60.0,0.000
113.88000000000001,2732,30.75,STATIC,144.99,STATIC,82.43,STATIC,46.11,STATIC,98.23,STATIC,99.43,STATIC,104.55,STATIC,121.16,STATIC,False,0.002,60.0,0.000
113.92333333333335,2733,30.28,STATIC,144.52,STATIC,82.39,STATIC,45.30,STATIC,98.31,STATIC,99.31,STATIC,104.84,STATIC,120.63,STATIC,False,0.002,60.0,0.000
113.965,2734,29.53,STATIC,144.74,STATIC,82.21,STATIC,44.42,STATIC,98.49,STATIC,99.37,STATIC,104.69,STATIC,119.75,STATIC,False,0.004,60.0,0.000
114.00666666666667,2735,29.73,STATIC,144.78,STATIC,82.30,STATIC,45.02,STATIC,98.36,STATIC,98.88,STATIC,104.02,STATIC,118.93,STATIC,False,0.002,60.0,0.000
114.04833333333335,2736,30.01,STATIC,144.84,STATIC,82.34,STATIC,45.10,STATIC,98.30,STATIC,98.24,STATIC,103.26,STATIC,117.01,STATIC,False,0.001,60.0,0.000
114.09,2737,29.96,STATIC,146.82,STATIC,82.47,STATIC,46.89,STATIC,98.10,STATIC,97.76,STATIC,102.56,STATIC,114.70,STATIC,False,0.000,60.0,0.000
114.13166666666667,2738,31.43,STATIC,146.98,STATIC,82.48,STATIC,47.35,STATIC,98.08,STATIC,97.63,STATIC,101.57,STATIC,110.99,STATIC,False,0.000,60.0,0.000
114.17333333333335,2739,32.45,STATIC,147.71,STATIC,82.70,STATIC,48.86,STATIC,97.73,STATIC,97.01,STATIC,100.09,STATIC,106.65,STATIC,False,0.000,60.0,0.000
114.215,2740,33.68,STATIC,149.24,STATIC,82.79,STATIC,48.51,STATIC,97.68,STATIC,97.02,STATIC,99.16,STATIC,103.07,STATIC,False,0.000,60.0,0.000
114.25666666666667,2741,35.09,STATIC,152.45,STATIC,82.96,STATIC,46.83,STATIC,97.59,STATIC,97.10,STATIC,98.12,STATIC,99.58,STATIC,False,0.004,60.0,0.000
114.29833333333335,2742,36.54,STATIC,154.42,STATIC,83.05,STATIC,44.18,STATIC,97.51,STATIC,96.86,STATIC,97.03,STATIC,97.39,STATIC,False,0.008,60.0,0.000
114.34,2743,38.79,STATIC,153.64,STATIC,83.27,STATIC,45.49,STATIC,97.40,STATIC,97.02,STATIC,96.48,STATIC,97.27,STATIC,False,0.010,60.0,0.000
114.38166666666667,2744,40.80,STATIC,153.54,STATIC,83.32,STATIC,44.29,STATIC,97.29,STATIC,96.90,STATIC,95.99,STATIC,97.86,STATIC,False,0.012,60.0,0.000
114.42333333333335,2745,43.51,STATIC,153.93,STATIC,83.32,STATIC,41.85,STATIC,97.14,STATIC,96.89,STATIC,95.61,STATIC,98.67,STATIC,False,0.013,60.0,0.000
114.465,2746,45.01,STATIC,154.74,STATIC,83.44,STATIC,40.87,STATIC,97.01,STATIC,96.69,STATIC,95.35,STATIC,98.46,STATIC,False,0.021,60.0,0.000
114.50666666666667,2747,43.90,STATIC,156.87,STATIC,83.55,STATIC,43.31,STATIC,96.85,STATIC,96.39,STATIC,94.78,STATIC,96.85,STATIC,False,0.023,60.0,0.000
114.54833333333335,2748,42.05,STATIC,158.26,STATIC,83.55,STATIC,41.23,STATIC,96.67,STATIC,96.40,STATIC,94.46,STATIC,97.36,STATIC,False,0.021,60.0,0.000
114.59,2749,40.99,STATIC,159.47,STATIC,83.68,STATIC,43.35,STATIC,96.63,STATIC,96.40,STATIC,94.21,STATIC,96.38,STATIC,False,0.023,60.0,0.000
114.63166666666667,2750,38.61,STATIC,159.78,STATIC,83.74,STATIC,41.43,STATIC,96.64,STATIC,96.37,STATIC,94.68,STATIC,96.19,STATIC,False,0.023,60.0,0.000
114.67333333333335,2751,36.56,STATIC,158.18,STATIC,83.78,STATIC,39.82,STATIC,96.64,STATIC,96.60,STATIC,95.13,STATIC,96.74,STATIC,False,0.026,60.0,0.000
114.715,2752,34.47,STATIC,156.97,STATIC,83.82,STATIC,40.51,STATIC,96.71,STATIC,96.61,STATIC,95.23,STATIC,96.78,STATIC,False,0.034,60.0,0.000
114.75666666666667,2753,32.89,STATIC,155.66,STATIC,83.83,STATIC,40.72,STATIC,96.74,STATIC,96.63,STATIC,95.12,STATIC,97.14,STATIC,False,0.035,60.0,0.000
114.79833333333335,2754,31.72,STATIC,154.92,STATIC,83.81,STATIC,40.82,STATIC,96.82,STATIC,96.52,STATIC,94.83,STATIC,96.69,STATIC,False,0.036,60.0,0.000
114.84,2755,29.62,STATIC,155.04,STATIC,83.83,STATIC,41.02,STATIC,96.91,STATIC,96.22,STATIC,94.14,STATIC,94.04,STATIC,False,0.041,60.0,0.000
114.88166666666667,2756,27.84,STATIC,155.49,STATIC,83.87,STATIC,41.47,STATIC,96.90,STATIC,96.21,STATIC,93.94,STATIC,92.41,STATIC,False,0.040,60.0,0.000
114.92333333333335,2757,26.75,STATIC,156.34,STATIC,83.84,STATIC,41.87,STATIC,96.86,STATIC,96.24,STATIC,93.73,STATIC,90.81,STATIC,False,0.040,60.0,0.000
114.965,2758,25.49,STATIC,157.07,STATIC,83.76,STATIC,41.43,STATIC,96.92,STATIC,96.25,STATIC,93.81,STATIC,89.94,STATIC,False,0.038,60.0,0.000
115.00666666666667,2759,24.80,STATIC,157.72,STATIC,83.77,STATIC,41.11,STATIC,96.88,STATIC,96.34,STATIC,93.67,STATIC,89.98,STATIC,False,0.039,60.0,0.000
115.04833333333335,2760,24.55,STATIC,158.72,STATIC,83.72,STATIC,41.18,STATIC,96.92,STATIC,96.43,STATIC,93.47,STATIC,90.17,STATIC,False,0.038,60.0,0.000
115.09,2761,24.04,STATIC,160.18,STATIC,83.72,STATIC,39.32,STATIC,96.91,STATIC,96.46,STATIC,93.21,STATIC,91.09,STATIC,False,0.038,60.0,0.000
115.13166666666667,2762,23.98,STATIC,161.72,STATIC,83.74,STATIC,38.60,STATIC,96.90,STATIC,96.42,STATIC,92.95,STATIC,91.07,STATIC,False,0.039,60.0,0.000
115.17333333333335,2763,24.00,STATIC,163.37,STATIC,83.76,STATIC,38.54,STATIC,96.90,STATIC,96.34,STATIC,92.63,STATIC,91.12,STATIC,False,0.039,60.0,0.000
115.215,2764,23.97,STATIC,164.86,STATIC,83.77,STATIC,38.38,STATIC,96.87,STATIC,96.33,STATIC,92.61,STATIC,91.85,STATIC,False,0.040,60.0,0.000
115.25666666666667,2765,24.15,STATIC,165.66,STATIC,83.83,STATIC,38.76,STATIC,96.78,STATIC,96.39,STATIC,92.27,STATIC,92.05,STATIC,False,0.041,60.0,0.000
115.29833333333335,2766,24.36,STATIC,166.26,STATIC,83.89,STATIC,37.45,STATIC,96.75,STATIC,96.39,STATIC,92.07,STATIC,91.01,STATIC,False,0.042,60.0,0.000
115.34,2767,24.88,STATIC,166.29,STATIC,84.04,STATIC,37.27,STATIC,96.71,STATIC,96.37,STATIC,91.80,STATIC,90.43,STATIC,False,0.040,60.0,0.000
115.38166666666667,2768,25.21,STATIC,166.77,STATIC,84.15,STATIC,35.29,STATIC,96.68,STATIC,96.52,STATIC,91.52,STATIC,90.87,STATIC,False,0.040,60.0,0.000
115.42333333333335,2769,25.27,STATIC,167.63,STATIC,84.19,STATIC,34.15,STATIC,96.67,STATIC,96.69,STATIC,91.37,STATIC,91.67,STATIC,False,0.042,60.0,0.000
115.465,2770,25.26,STATIC,167.61,STATIC,84.18,STATIC,33.06,STATIC,96.61,STATIC,96.69,STATIC,91.10,STATIC,91.50,STATIC,False,0.044,60.0,0.000
115.50666666666667,2771,24.92,STATIC,166.86,STATIC,84.15,STATIC,32.65,STATIC,96.62,STATIC,96.75,STATIC,90.74,STATIC,90.64,STATIC,False,0.046,60.0,0.000
115.54833333333335,2772,24.12,STATIC,166.08,STATIC,83.99,STATIC,30.76,STATIC,96.72,STATIC,96.91,STATIC,90.46,STATIC,91.23,STATIC,False,0.042,60.0,0.000
115.59,2773,23.59,STATIC,165.77,STATIC,83.82,STATIC,30.87,STATIC,96.80,STATIC,96.73,STATIC,90.39,STATIC,90.52,STATIC,False,0.037,60.0,0.000
115.63166666666667,2774,23.81,STATIC,164.57,STATIC,83.77,STATIC,33.12,STATIC,96.72,STATIC,96.24,STATIC,89.83,STATIC,88.81,STATIC,False,0.034,60.0,0.000
115.67333333333335,2775,24.60,STATIC,164.69,STATIC,83.73,STATIC,33.51,STATIC,96.80,STATIC,96.28,STATIC,89.35,STATIC,88.64,STATIC,False,0.037,60.0,0.000
115.715,2776,23.99,STATIC,164.62,STATIC,83.43,STATIC,37.17,STATIC,96.94,STATIC,95.96,STATIC,89.75,STATIC,88.18,STATIC,False,0.029,60.0,0.000
115.75666666666667,2777,23.46,STATIC,164.37,STATIC,83.34,STATIC,38.31,STATIC,97.01,STATIC,95.86,STATIC,89.73,STATIC,87.64,STATIC,False,0.025,60.0,0.000
115.79833333333335,2778,23.44,STATIC,163.46,STATIC,83.22,STATIC,36.78,STATIC,97.01,STATIC,95.92,STATIC,89.34,STATIC,87.62,STATIC,False,0.018,60.0,0.000
115.84,2779,22.84,STATIC,163.31,STATIC,83.09,STATIC,38.14,STATIC,96.83,STATIC,95.81,STATIC,89.30,STATIC,86.59,STATIC,False,0.010,60.0,0.000
115.88166666666667,2780,22.81,STATIC,162.14,STATIC,82.96,STATIC,37.89,STATIC,97.00,STATIC,95.92,STATIC,89.71,STATIC,85.85,STATIC,False,0.007,60.0,0.000
115.92333333333335,2781,21.27,STATIC,161.17,STATIC,82.99,STATIC,38.63,STATIC,97.20,STATIC,97.21,STATIC,90.71,STATIC,87.66,STATIC,False,0.006,60.0,0.000
115.965,2782,21.32,STATIC,158.79,STATIC,82.87,STATIC,40.18,STATIC,97.28,STATIC,97.62,STATIC,90.88,STATIC,88.21,STATIC,False,0.002,60.0,0.000
116.00666666666667,2783,21.90,STATIC,153.46,FLEXION,82.91,STATIC,39.65,STATIC,97.50,STATIC,97.42,STATIC,90.97,STATIC,87.75,STATIC,False,0.000,60.0,0.000
116.04833333333335,2784,22.25,STATIC,155.93,STATIC,82.91,STATIC,40.01,STATIC,97.07,STATIC,96.93,STATIC,90.44,STATIC,87.40,STATIC,False,0.000,60.0,0.000
116.09,2785,22.75,STATIC,150.83,FLEXION,82.76,STATIC,42.56,STATIC,96.97,STATIC,97.56,STATIC,90.38,STATIC,88.54,STATIC,False,0.000,60.0,0.000
116.13166666666667,2786,21.40,STATIC,146.46,STATIC,82.58,STATIC,43.86,STATIC,97.50,STATIC,97.43,STATIC,90.18,STATIC,87.37,STATIC,False,0.000,60.0,0.000
116.17333333333335,2787,17.84,STATIC,142.25,STATIC,82.09,STATIC,44.47,STATIC,97.18,STATIC,97.24,STATIC,90.63,STATIC,88.05,STATIC,False,0.000,60.0,0.000
116.215,2788,15.96,STATIC,129.83,FLEXION,81.99,STATIC,41.03,STATIC,97.05,STATIC,96.61,STATIC,90.72,STATIC,87.58,STATIC,False,0.000,60.0,0.000
116.25666666666667,2789,40.28,EXTENSION,116.73,FLEXION,85.11,STATIC,47.84,EXTENSION,92.39,STATIC,91.12,FLEXION,86.73,STATIC,86.12,STATIC,False,0.000,60.0,0.000
116.29833333333335,2790,29.35,FLEXION,102.36,FLEXION,84.72,STATIC,50.95,STATIC,92.88,STATIC,92.43,STATIC,88.09,STATIC,91.37,EXTENSION,False,0.000,60.0,0.000
116.34,2791,31.38,STATIC,93.85,FLEXION,85.32,STATIC,52.54,STATIC,93.04,STATIC,92.55,STATIC,88.96,STATIC,92.01,STATIC,False,0.000,60.0,0.000
116.38166666666667,2792,30.29,STATIC,85.46,FLEXION,85.18,STATIC,46.76,FLEXION,93.11,STATIC,92.18,STATIC,88.89,STATIC,97.95,EXTENSION,False,0.167,60.0,0.000
116.42333333333335,2793,33.20,STATIC,84.18,STATIC,85.00,STATIC,44.75,STATIC,93.79,STATIC,93.33,STATIC,89.45,STATIC,98.81,STATIC,False,0.000,60.0,0.000
116.465,2794,42.82,EXTENSION,88.47,STATIC,85.95,STATIC,45.06,STATIC,93.53,STATIC,93.46,STATIC,88.93,STATIC,100.53,STATIC,False,0.000,60.0,0.000
116.50666666666667,2795,48.02,EXTENSION,93.97,EXTENSION,86.34,STATIC,39.70,FLEXION,93.93,STATIC,93.74,STATIC,88.96,STATIC,102.62,STATIC,False,0.167,60.0,0.000
116.54833333333335,2796,46.14,STATIC,100.73,EXTENSION,86.04,STATIC,39.96,STATIC,94.60,STATIC,94.14,STATIC,90.16,STATIC,103.06,STATIC,False,0.000,60.0,0.000
116.59,2797,49.51,STATIC,109.28,EXTENSION,86.14,STATIC,38.45,STATIC,95.22,STATIC,95.55,STATIC,93.21,STATIC,104.25,STATIC,False,0.000,60.0,0.000
116.63166666666667,2798,52.50,STATIC,110.38,STATIC,86.44,STATIC,44.63,EXTENSION,95.40,STATIC,95.50,STATIC,93.68,STATIC,104.73,STATIC,False,0.000,60.0,0.000
116.67333333333335,2799,48.88,STATIC,109.96,STATIC,86.23,STATIC,48.98,STATIC,95.40,STATIC,96.14,STATIC,94.39,STATIC,105.00,STATIC,False,0.000,60.0,0.000
116.715,2800,51.59,STATIC,111.74,STATIC,87.45,STATIC,52.12,STATIC,95.28,STATIC,95.53,STATIC,93.79,STATIC,103.82,STATIC,False,0.000,60.0,0.000
116.75666666666667,2801,55.00,STATIC,111.14,STATIC,87.18,STATIC,55.13,STATIC,95.06,STATIC,95.42,STATIC,94.25,STATIC,104.19,STATIC,False,0.000,60.0,0.000
116.79833333333335,2802,48.50,FLEXION,111.53,STATIC,87.41,STATIC,60.96,EXTENSION,95.03,STATIC,95.65,STATIC,94.50,STATIC,104.16,STATIC,False,0.000,60.0,0.000
116.84,2803,54.23,EXTENSION,112.43,STATIC,87.62,STATIC,66.50,EXTENSION,94.69,STATIC,95.47,STATIC,93.77,STATIC,103.77,STATIC,False,0.000,60.0,0.000
116.88166666666667,2804,46.79,FLEXION,116.02,STATIC,87.74,STATIC,69.90,STATIC,94.70,STATIC,95.32,STATIC,93.87,STATIC,103.62,STATIC,False,0.000,60.0,0.000
116.92333333333335,2805,46.40,STATIC,119.16,STATIC,87.52,STATIC,71.94,STATIC,94.25,STATIC,94.65,STATIC,92.14,STATIC,102.78,STATIC,False,0.000,60.0,0.000
116.965,2806,44.03,STATIC,122.16,STATIC,87.49,STATIC,77.07,EXTENSION,93.96,STATIC,94.37,STATIC,92.27,STATIC,101.28,STATIC,False,0.000,60.0,0.000
117.00666666666667,2807,45.00,STATIC,122.24,STATIC,87.58,STATIC,78.00,STATIC,94.56,STATIC,94.80,STATIC,94.44,STATIC,101.37,STATIC,False,0.000,60.0,0.000
117.04833333333335,2808,42.69,STATIC,119.56,STATIC,87.32,STATIC,75.07,STATIC,94.48,STATIC,94.53,STATIC,93.76,STATIC,100.02,STATIC,False,0.000,60.0,0.000
117.09,2809,28.22,FLEXION,117.36,STATIC,86.70,STATIC,72.89,STATIC,94.50,STATIC,94.38,STATIC,93.51,STATIC,98.65,STATIC,False,0.000,60.0,0.000
117.13166666666667,2810,24.26,STATIC,121.73,STATIC,86.58,STATIC,73.24,STATIC,94.52,STATIC,94.39,STATIC,93.53,STATIC,97.50,STATIC,False,0.005,60.0,0.000
117.17333333333335,2811,23.89,STATIC,118.35,STATIC,86.56,STATIC,76.17,STATIC,94.13,STATIC,93.48,STATIC,91.28,STATIC,95.45,STATIC,False,0.006,60.0,0.000
117.215,2812,14.30,FLEXION,118.41,STATIC,86.47,STATIC,75.53,STATIC,94.51,STATIC,93.71,STATIC,91.76,STATIC,95.67,STATIC,False,0.010,60.0,0.000
117.25666666666667,2813,8.66,FLEXION,127.36,EXTENSION,86.50,STATIC,79.82,STATIC,94.45,STATIC,93.77,STATIC,91.45,STATIC,94.75,STATIC,False,0.010,60.0,0.000
117.29833333333335,2814,8.96,STATIC,123.83,STATIC,86.44,STATIC,78.58,STATIC,94.45,STATIC,93.93,STATIC,91.63,STATIC,94.15,STATIC,False,0.012,60.0,0.000
117.34,2815,8.45,STATIC,120.35,STATIC,86.46,STATIC,76.40,STATIC,94.37,STATIC,94.19,STATIC,92.32,STATIC,94.40,STATIC,False,0.013,60.0,0.000
117.38166666666667,2816,9.68,STATIC,121.96,STATIC,86.61,STATIC,76.37,STATIC,93.83,STATIC,93.67,STATIC,91.56,STATIC,94.41,STATIC,False,0.016,60.0,0.000
117.42333333333335,2817,7.25,STATIC,125.72,STATIC,86.84,STATIC,78.13,STATIC,93.89,STATIC,93.86,STATIC,92.07,STATIC,95.66,STATIC,False,0.016,60.0,0.000
117.465,2818,7.60,STATIC,124.15,STATIC,87.05,STATIC,77.55,STATIC,93.91,STATIC,93.85,STATIC,92.05,STATIC,96.07,STATIC,False,0.016,60.0,0.000
117.50666666666667,2819,7.64,STATIC,119.78,STATIC,87.14,STATIC,75.54,STATIC,93.57,STATIC,93.87,STATIC,92.44,STATIC,98.02,STATIC,False,0.016,60.0,0.000
117.54833333333335,2820,9.36,STATIC,118.39,STATIC,87.20,STATIC,74.48,STATIC,93.51,STATIC,93.84,STATIC,92.51,STATIC,99.93,STATIC,False,0.017,60.0,0.000
117.59,2821,9.86,STATIC,115.00,STATIC,87.15,STATIC,73.98,STATIC,93.59,STATIC,93.87,STATIC,92.61,STATIC,100.73,STATIC,False,0.018,60.0,0.000
117.63166666666667,2822,9.53,STATIC,111.14,STATIC,87.09,STATIC,72.60,STATIC,93.64,STATIC,94.04,STATIC,92.71,STATIC,100.81,STATIC,False,0.018,60.0,0.000
117.67333333333335,2823,9.86,STATIC,108.01,STATIC,87.07,STATIC,71.18,STATIC,93.80,STATIC,94.27,STATIC,93.25,STATIC,101.27,STATIC,False,0.018,60.0,0.000
117.715,2824,9.46,STATIC,107.09,STATIC,87.05,STATIC,70.87,STATIC,93.82,STATIC,94.28,STATIC,93.37,STATIC,101.34,STATIC,False,0.017,60.0,0.000
117.75666666666667,2825,8.48,STATIC,105.97,STATIC,86.99,STATIC,71.02,STATIC,93.83,STATIC,94.18,STATIC,93.53,STATIC,101.49,STATIC,False,0.017,60.0,0.000
117.79833333333335,2826,8.07,STATIC,105.59,STATIC,86.89,STATIC,71.16,STATIC,93.81,STATIC,94.14,STATIC,94.01,STATIC,101.75,STATIC,False,0.017,60.0,0.000
117.84,2827,8.13,STATIC,104.52,STATIC,86.83,STATIC,70.62,STATIC,93.84,STATIC,94.21,STATIC,94.48,STATIC,101.94,STATIC,False,0.017,60.0,0.000
117.88166666666667,2828,8.22,STATIC,103.81,STATIC,86.76,STATIC,70.36,STATIC,93.87,STATIC,94.23,STATIC,94.65,STATIC,101.52,STATIC,False,0.017,60.0,0.000
117.92500000000001,2829,8.12,STATIC,103.91,STATIC,86.69,STATIC,70.35,STATIC,94.00,STATIC,94.29,STATIC,95.06,STATIC,101.19,STATIC,False,0.016,60.0,0.000
117.96666666666667,2830,8.09,STATIC,105.07,STATIC,86.66,STATIC,70.64,STATIC,94.06,STATIC,94.21,STATIC,95.07,STATIC,100.58,STATIC,False,0.016,60.0,0.000
118.00833333333334,2831,8.07,STATIC,107.45,STATIC,86.64,STATIC,71.13,STATIC,94.16,STATIC,94.16,STATIC,95.23,STATIC,100.08,STATIC,False,0.016,60.0,0.000
118.05000000000001,2832,7.81,STATIC,108.47,STATIC,86.59,STATIC,71.54,STATIC,94.41,STATIC,94.30,STATIC,95.88,STATIC,99.89,STATIC,False,0.016,60.0,0.000
118.09166666666667,2833,7.95,STATIC,109.92,STATIC,86.51,STATIC,71.79,STATIC,94.64,STATIC,94.48,STATIC,96.41,STATIC,99.82,STATIC,False,0.016,60.0,0.000
118.13333333333334,2834,8.00,STATIC,114.44,STATIC,86.51,STATIC,72.90,STATIC,94.62,STATIC,94.44,STATIC,96.14,STATIC,99.06,STATIC,False,0.016,60.0,0.000
118.17500000000001,2835,7.95,STATIC,119.97,EXTENSION,86.68,STATIC,72.57,STATIC,94.37,STATIC,94.17,STATIC,95.40,STATIC,97.66,STATIC,False,0.016,60.0,0.000
118.21666666666667,2836,8.45,STATIC,121.09,STATIC,86.78,STATIC,70.84,STATIC,94.33,STATIC,94.18,STATIC,95.33,STATIC,96.85,STATIC,False,0.017,60.0,0.000
118.25833333333334,2837,10.24,STATIC,129.95,EXTENSION,86.81,STATIC,71.96,STATIC,94.33,STATIC,94.43,STATIC,95.77,STATIC,96.23,STATIC,False,0.017,60.0,0.000
118.30000000000001,2838,11.80,STATIC,134.52,STATIC,86.86,STATIC,74.83,STATIC,93.95,STATIC,94.12,STATIC,95.06,STATIC,95.20,STATIC,False,0.017,60.0,0.000
118.34166666666667,2839,8.43,STATIC,136.10,STATIC,86.93,STATIC,76.32,STATIC,93.52,STATIC,93.61,STATIC,94.34,STATIC,94.21,STATIC,False,0.017,60.0,0.000
118.38333333333334,2840,9.19,STATIC,136.35,STATIC,87.09,STATIC,76.88,STATIC,93.01,STATIC,93.05,STATIC,93.29,STATIC,94.34,STATIC,False,0.016,60.0,0.000
118.42500000000001,2841,8.14,STATIC,137.31,STATIC,87.18,STATIC,77.13,STATIC,92.91,STATIC,93.00,STATIC,93.37,STATIC,95.42,STATIC,False,0.017,60.0,0.000
118.46666666666667,2842,9.13,STATIC,135.94,STATIC,87.20,STATIC,77.43,STATIC,93.07,STATIC,93.20,STATIC,93.87,STATIC,96.69,STATIC,False,0.017,60.0,0.000
118.50833333333334,2843,9.06,STATIC,135.27,STATIC,87.28,STATIC,77.44,STATIC,93.12,STATIC,93.10,STATIC,93.70,STATIC,97.15,STATIC,False,0.017,60.0,0.000
118.55000000000001,2844,8.00,STATIC,133.97,STATIC,87.29,STATIC,77.21,STATIC,93.16,STATIC,93.24,STATIC,93.84,STATIC,97.37,STATIC,False,0.018,60.0,0.000
118.59166666666667,2845,7.61,STATIC,133.70,STATIC,87.30,STATIC,77.62,STATIC,93.18,STATIC,93.28,STATIC,93.85,STATIC,97.51,STATIC,False,0.018,60.0,0.000
118.63333333333334,2846,8.15,STATIC,132.53,STATIC,87.29,STATIC,77.76,STATIC,93.19,STATIC,93.36,STATIC,93.84,STATIC,97.71,STATIC,False,0.018,60.0,0.000
118.67500000000001,2847,8.17,STATIC,132.30,STATIC,87.31,STATIC,77.90,STATIC,93.20,STATIC,93.40,STATIC,93.92,STATIC,97.88,STATIC,False,0.019,60.0,0.000
118.71666666666667,2848,8.01,STATIC,131.34,STATIC,87.29,STATIC,77.76,STATIC,93.19,STATIC,93.42,STATIC,93.96,STATIC,98.27,STATIC,False,0.019,60.0,0.000
118.75833333333334,2849,7.19,STATIC,132.19,STATIC,87.29,STATIC,78.46,STATIC,93.19,STATIC,93.40,STATIC,93.99,STATIC,98.15,STATIC,False,0.019,60.0,0.000
118.80000000000001,2850,7.27,STATIC,132.38,STATIC,87.30,STATIC,79.00,STATIC,93.18,STATIC,93.40,STATIC,94.07,STATIC,97.78,STATIC,False,0.018,60.0,0.000
118.84166666666667,2851,7.16,STATIC,131.85,STATIC,87.31,STATIC,79.40,STATIC,93.17,STATIC,93.43,STATIC,94.12,STATIC,97.46,STATIC,False,0.018,60.0,0.000
118.88333333333334,2852,7.48,STATIC,130.39,STATIC,87.30,STATIC,79.24,STATIC,93.15,STATIC,93.44,STATIC,94.17,STATIC,97.53,STATIC,False,0.018,60.0,0.000
118.92500000000001,2853,7.89,STATIC,129.50,STATIC,87.28,STATIC,79.02,STATIC,93.11,STATIC,93.42,STATIC,94.29,STATIC,98.00,STATIC,False,0.018,60.0,0.000
118.96666666666667,2854,7.79,STATIC,128.39,STATIC,87.25,STATIC,78.66,STATIC,93.10,STATIC,93.49,STATIC,94.43,STATIC,98.23,STATIC,False,0.017,60.0,0.000
119.00833333333334,2855,7.93,STATIC,127.38,STATIC,87.25,STATIC,78.25,STATIC,93.07,STATIC,93.51,STATIC,94.60,STATIC,98.93,STATIC,False,0.017,60.0,0.000
119.05000000000001,2856,8.04,STATIC,128.03,STATIC,87.23,STATIC,78.13,STATIC,93.08,STATIC,93.63,STATIC,94.73,STATIC,99.15,STATIC,False,0.017,60.0,0.000
119.09166666666667,2857,7.51,STATIC,128.03,STATIC,87.24,STATIC,77.92,STATIC,93.06,STATIC,93.55,STATIC,94.98,STATIC,100.34,STATIC,False,0.017,60.0,0.000
119.13333333333334,2858,7.70,STATIC,128.72,STATIC,87.21,STATIC,77.84,STATIC,93.04,STATIC,93.52,STATIC,95.08,STATIC,102.11,STATIC,False,0.017,60.0,0.000
119.17500000000001,2859,8.19,STATIC,128.78,STATIC,87.14,STATIC,77.75,STATIC,92.95,STATIC,93.24,STATIC,95.04,STATIC,103.76,STATIC,False,0.017,60.0,0.000
119.21666666666667,2860,7.50,STATIC,128.96,STATIC,87.20,STATIC,77.76,STATIC,92.81,STATIC,93.04,STATIC,94.82,STATIC,105.36,STATIC,False,0.017,60.0,0.000
119.25833333333334,2861,7.86,STATIC,131.05,STATIC,87.19,STATIC,78.69,STATIC,92.81,STATIC,93.01,STATIC,94.76,STATIC,106.24,STATIC,False,0.017,60.0,0.000
119.30000000000001,2862,10.52,STATIC,131.68,STATIC,87.14,STATIC,78.89,STATIC,92.89,STATIC,93.22,STATIC,95.00,STATIC,107.25,STATIC,False,0.018,60.0,0.000
119.34166666666667,2863,8.43,STATIC,131.10,STATIC,87.15,STATIC,78.60,STATIC,92.84,STATIC,93.08,STATIC,94.93,STATIC,109.00,STATIC,False,0.018,60.0,0.000
119.38333333333334,2864,9.73,STATIC,130.32,STATIC,87.14,STATIC,77.70,STATIC,92.85,STATIC,93.17,STATIC,94.98,STATIC,110.16,STATIC,False,0.019,60.0,0.000
119.42500000000001,2865,9.08,STATIC,128.13,STATIC,87.12,STATIC,76.65,STATIC,92.88,STATIC,93.23,STATIC,95.13,STATIC,111.34,STATIC,False,0.020,60.0,0.000
119.46666666666667,2866,8.60,STATIC,127.13,STATIC,87.17,STATIC,76.24,STATIC,92.93,STATIC,93.19,STATIC,95.24,STATIC,112.25,STATIC,False,0.021,60.0,0.000
119.50833333333334,2867,7.47,STATIC,125.05,STATIC,87.13,STATIC,75.72,STATIC,92.89,STATIC,93.00,STATIC,95.32,STATIC,113.43,STATIC,False,0.022,60.0,0.000
119.55000000000001,2868,7.37,STATIC,125.77,STATIC,87.16,STATIC,75.90,STATIC,92.84,STATIC,92.78,STATIC,95.05,STATIC,114.79,STATIC,False,0.024,60.0,0.000
119.59166666666667,2869,9.47,STATIC,125.93,STATIC,87.20,STATIC,75.83,STATIC,92.80,STATIC,92.78,STATIC,95.08,STATIC,114.80,STATIC,False,0.026,60.0,0.000
119.63333333333334,2870,12.03,STATIC,126.49,STATIC,87.21,STATIC,76.21,STATIC,92.78,STATIC,92.76,STATIC,95.38,STATIC,114.83,STATIC,False,0.028,60.0,0.000
119.67500000000001,2871,12.28,STATIC,128.80,STATIC,87.25,STATIC,76.80,STATIC,92.77,STATIC,92.75,STATIC,95.40,STATIC,114.03,STATIC,False,0.028,60.0,0.000
119.71666666666667,2872,12.12,STATIC,129.17,STATIC,87.27,STATIC,77.35,STATIC,92.70,STATIC,92.68,STATIC,96.03,STATIC,114.16,STATIC,False,0.030,60.0,0.000
119.75833333333334,2873,9.38,STATIC,124.95,STATIC,87.12,STATIC,76.45,STATIC,92.62,STATIC,92.57,STATIC,96.31,STATIC,115.50,STATIC,False,0.030,60.0,0.000
119.80000000000001,2874,7.74,STATIC,120.28,STATIC,87.15,STATIC,75.65,STATIC,92.40,STATIC,92.34,STATIC,96.60,STATIC,118.15,STATIC,False,0.030,60.0,0.000
119.84166666666667,2875,9.08,STATIC,125.84,EXTENSION,87.24,STATIC,76.98,STATIC,92.49,STATIC,92.67,STATIC,96.67,STATIC,120.35,STATIC,False,0.032,60.0,0.000
119.88333333333334,2876,7.58,STATIC,130.56,STATIC,86.85,STATIC,78.30,STATIC,93.02,STATIC,93.81,STATIC,98.30,STATIC,122.84,STATIC,False,0.034,60.0,0.000
119.92500000000001,2877,13.74,EXTENSION,133.40,STATIC,86.35,STATIC,79.20,STATIC,93.34,STATIC,94.09,STATIC,98.80,STATIC,121.40,STATIC,False,0.037,60.0,0.000
119.96666666666667,2878,16.43,STATIC,132.49,STATIC,86.75,STATIC,78.33,STATIC,93.24,STATIC,93.76,STATIC,98.79,STATIC,117.04,STATIC,False,0.045,60.0,0.000
120.00833333333334,2879,12.94,STATIC,133.23,STATIC,86.91,STATIC,78.51,STATIC,93.23,STATIC,93.77,STATIC,98.76,STATIC,115.63,STATIC,False,0.051,60.0,0.000
120.05000000000001,2880,14.97,STATIC,134.66,STATIC,86.99,STATIC,78.73,STATIC,93.26,STATIC,93.81,STATIC,98.97,STATIC,114.32,STATIC,False,0.053,60.0,0.000
120.09166666666667,2881,16.16,STATIC,134.00,STATIC,87.00,STATIC,77.79,STATIC,93.26,STATIC,93.84,STATIC,98.80,STATIC,112.18,STATIC,False,0.054,60.0,0.000
120.13333333333334,2882,19.82,STATIC,135.33,STATIC,87.10,STATIC,78.23,STATIC,93.34,STATIC,93.98,STATIC,98.88,STATIC,110.53,STATIC,False,0.057,60.0,0.000
120.17500000000001,2883,17.87,STATIC,136.98,STATIC,87.26,STATIC,78.20,STATIC,93.32,STATIC,94.20,STATIC,98.68,STATIC,109.28,STATIC,False,0.061,60.0,0.000
120.21666666666667,2884,20.99,STATIC,142.24,EXTENSION,87.31,STATIC,80.82,STATIC,93.32,STATIC,94.26,STATIC,98.68,STATIC,107.39,STATIC,False,0.064,60.0,0.000
120.25833333333334,2885,16.16,STATIC,146.00,STATIC,87.43,STATIC,80.53,STATIC,93.31,STATIC,94.22,STATIC,98.40,STATIC,105.15,STATIC,False,0.065,60.0,0.000
120.30000000000001,2886,16.03,STATIC,150.65,STATIC,87.73,STATIC,80.38,STATIC,93.04,STATIC,93.85,STATIC,98.02,STATIC,103.53,STATIC,False,0.067,60.0,0.000
120.34166666666667,2887,15.90,STATIC,150.03,STATIC,87.85,STATIC,80.09,STATIC,92.81,STATIC,93.60,STATIC,97.00,STATIC,102.20,STATIC,False,0.067,60.0,0.000
120.38333333333334,2888,18.81,STATIC,149.33,STATIC,87.78,STATIC,79.76,STATIC,92.77,STATIC,93.68,STATIC,96.75,STATIC,101.00,STATIC,False,0.066,60.0,0.000
120.42500000000001,2889,19.99,STATIC,148.38,STATIC,87.69,STATIC,79.56,STATIC,92.87,STATIC,93.84,STATIC,96.78,STATIC,99.63,STATIC,False,0.066,60.0,0.000
120.46666666666667,2890,18.46,STATIC,143.79,STATIC,87.54,STATIC,77.63,STATIC,92.98,STATIC,93.90,STATIC,96.69,STATIC,97.47,STATIC,False,0.065,60.0,0.000
120.50833333333334,2891,15.12,STATIC,135.63,FLEXION,87.52,STATIC,73.43,STATIC,93.00,STATIC,93.90,STATIC,96.59,STATIC,96.00,STATIC,False,0.065,60.0,0.000
120.55000000000001,2892,16.41,STATIC,140.85,EXTENSION,87.42,STATIC,74.19,STATIC,93.02,STATIC,93.96,STATIC,96.59,STATIC,95.04,STATIC,False,0.066,60.0,0.000
120.59166666666667,2893,14.84,STATIC,139.00,STATIC,87.32,STATIC,76.11,STATIC,93.05,STATIC,93.98,STATIC,96.78,STATIC,94.22,STATIC,False,0.064,60.0,0.000
120.63333333333334,2894,19.69,STATIC,133.13,FLEXION,87.55,STATIC,76.96,STATIC,93.18,STATIC,94.03,STATIC,97.12,STATIC,93.60,STATIC,False,0.058,60.0,0.000
120.67500000000001,2895,18.07,STATIC,130.38,STATIC,87.49,STATIC,77.89,STATIC,93.20,STATIC,94.03,STATIC,96.90,STATIC,92.54,STATIC,False,0.056,60.0,0.000
120.71666666666667,2896,17.80,STATIC,128.18,STATIC,87.73,STATIC,78.20,STATIC,93.35,STATIC,94.10,STATIC,97.05,STATIC,91.36,STATIC,False,0.054,60.0,0.000
120.75833333333334,2897,20.94,STATIC,127.34,STATIC,87.73,STATIC,77.84,STATIC,93.44,STATIC,94.16,STATIC,97.17,STATIC,89.80,STATIC,False,0.052,60.0,0.000
120.80000000000001,2898,13.62,FLEXION,122.77,STATIC,87.75,STATIC,76.79,STATIC,93.41,STATIC,94.10,STATIC,96.84,STATIC,88.75,STATIC,False,0.048,60.0,0.000
120.84166666666667,2899,11.10,STATIC,121.34,STATIC,87.98,STATIC,76.66,STATIC,93.30,STATIC,93.93,STATIC,96.06,STATIC,87.94,STATIC,False,0.044,60.0,0.000
120.88333333333334,2900,36.53,EXTENSION,118.57,STATIC,88.64,STATIC,76.77,STATIC,93.03,STATIC,93.76,STATIC,95.30,STATIC,88.60,STATIC,False,0.042,60.0,0.000
120.92500000000001,2901,38.47,STATIC,111.42,FLEXION,88.74,STATIC,73.40,STATIC,92.85,STATIC,93.76,STATIC,94.94,STATIC,90.00,STATIC,False,0.041,60.0,0.000
120.96666666666667,2902,47.43,EXTENSION,108.55,STATIC,88.87,STATIC,76.95,STATIC,92.69,STATIC,93.74,STATIC,94.41,STATIC,90.80,STATIC,False,0.040,60.0,0.000
121.00833333333334,2903,54.88,EXTENSION,109.60,STATIC,89.22,STATIC,75.45,STATIC,92.45,STATIC,93.62,STATIC,94.04,STATIC,92.33,STATIC,False,0.039,60.0,0.000
121.05000000000001,2904,56.90,STATIC,105.75,STATIC,89.40,STATIC,77.85,STATIC,92.44,STATIC,93.65,STATIC,94.07,STATIC,93.41,STATIC,False,0.038,60.0,0.000
121.09166666666667,2905,48.56,FLEXION,109.44,STATIC,89.40,STATIC,79.52,STATIC,92.49,STATIC,93.60,STATIC,94.24,STATIC,93.97,STATIC,False,0.037,60.0,0.000
121.13333333333334,2906,54.96,EXTENSION,121.11,EXTENSION,89.58,STATIC,84.79,EXTENSION,92.59,STATIC,93.61,STATIC,94.19,STATIC,94.58,STATIC,False,0.036,60.0,0.000
121.17500000000001,2907,58.20,STATIC,131.70,EXTENSION,89.71,STATIC,88.97,STATIC,92.61,STATIC,93.76,STATIC,94.12,STATIC,95.25,STATIC,False,0.035,60.0,0.000
121.21666666666667,2908,63.57,EXTENSION,140.76,EXTENSION,89.99,STATIC,95.50,EXTENSION,92.54,STATIC,93.49,STATIC,94.00,STATIC,95.85,STATIC,False,0.033,60.0,0.000
121.25833333333334,2909,58.14,FLEXION,141.59,STATIC,89.85,STATIC,96.05,STATIC,92.55,STATIC,93.33,STATIC,94.25,STATIC,96.80,STATIC,False,0.032,60.0,0.000
121.30000000000001,2910,52.66,FLEXION,144.29,STATIC,89.73,STATIC,97.73,STATIC,92.53,STATIC,93.31,STATIC,94.26,STATIC,96.49,STATIC,False,0.031,60.0,0.000
121.34166666666667,2911,57.72,EXTENSION,143.16,STATIC,90.01,STATIC,99.18,STATIC,92.46,STATIC,93.21,STATIC,94.14,STATIC,97.00,STATIC,False,0.030,60.0,0.000
121.38333333333334,2912,52.84,STATIC,144.03,STATIC,89.87,STATIC,99.29,STATIC,92.40,STATIC,93.15,STATIC,93.88,STATIC,96.69,STATIC,False,0.029,60.0,0.000
121.42500000000001,2913,43.25,FLEXION,144.61,STATIC,89.64,STATIC,98.94,STATIC,92.47,STATIC,93.16,STATIC,94.01,STATIC,96.02,STATIC,False,0.029,60.0,0.000
121.46666666666667,2914,29.11,FLEXION,146.91,STATIC,89.19,STATIC,97.94,STATIC,92.60,STATIC,93.30,STATIC,94.14,STATIC,95.56,STATIC,False,0.031,60.0,0.000
121.50833333333334,2915,22.31,FLEXION,145.99,STATIC,89.08,STATIC,96.75,STATIC,92.58,STATIC,93.40,STATIC,94.11,STATIC,95.22,STATIC,False,0.033,60.0,0.000
121.55000000000001,2916,29.62,EXTENSION,146.02,STATIC,89.29,STATIC,95.83,STATIC,92.57,STATIC,93.46,STATIC,93.94,STATIC,95.18,STATIC,False,0.033,60.0,0.000
121.59166666666667,2917,24.68,STATIC,146.82,STATIC,89.27,STATIC,95.26,STATIC,92.64,STATIC,93.53,STATIC,94.07,STATIC,95.16,STATIC,False,0.035,60.0,0.000
121.63333333333334,2918,29.77,EXTENSION,146.35,STATIC,89.33,STATIC,94.97,STATIC,92.75,STATIC,93.65,STATIC,94.36,STATIC,95.42,STATIC,False,0.037,60.0,0.000
121.67500000000001,2919,18.09,FLEXION,147.29,STATIC,89.07,STATIC,94.10,STATIC,92.82,STATIC,93.73,STATIC,94.77,STATIC,95.40,STATIC,False,0.039,60.0,0.000
121.71666666666667,2920,23.95,EXTENSION,147.32,STATIC,89.14,STATIC,92.28,STATIC,92.41,STATIC,93.76,STATIC,94.37,STATIC,95.63,STATIC,False,0.041,60.0,0.000
121.75833333333334,2921,26.04,STATIC,144.51,STATIC,89.20,STATIC,90.89,STATIC,92.25,STATIC,93.70,STATIC,94.13,STATIC,96.11,STATIC,False,0.042,60.0,0.000
121.80000000000001,2922,41.97,EXTENSION,139.80,STATIC,89.23,STATIC,90.10,STATIC,92.19,STATIC,93.57,STATIC,93.86,STATIC,96.72,STATIC,False,0.043,60.0,0.000
121.84166666666667,2923,32.93,FLEXION,139.40,STATIC,89.11,STATIC,88.93,STATIC,92.18,STATIC,93.55,STATIC,93.83,STATIC,96.73,STATIC,False,0.044,60.0,0.000
121.88333333333334,2924,26.08,FLEXION,139.18,STATIC,88.90,STATIC,87.62,STATIC,92.37,STATIC,93.47,STATIC,93.93,STATIC,96.51,STATIC,False,0.045,60.0,0.000
121.92666666666668,2925,29.11,STATIC,138.82,STATIC,88.90,STATIC,87.02,STATIC,92.41,STATIC,93.50,STATIC,94.00,STATIC,96.58,STATIC,False,0.045,60.0,0.000
121.96833333333335,2926,37.28,EXTENSION,137.26,STATIC,89.07,STATIC,86.99,STATIC,92.50,STATIC,93.54,STATIC,94.06,STATIC,96.51,STATIC,False,0.045,60.0,0.000
122.01,2927,45.20,EXTENSION,138.32,STATIC,89.27,STATIC,87.33,STATIC,92.56,STATIC,93.51,STATIC,94.06,STATIC,96.46,STATIC,False,0.045,60.0,0.000
122.05166666666668,2928,45.01,STATIC,137.70,STATIC,89.31,STATIC,89.55,STATIC,92.58,STATIC,93.43,STATIC,93.94,STATIC,96.26,STATIC,False,0.044,60.0,0.000
122.09333333333335,2929,39.31,FLEXION,139.00,STATIC,89.21,STATIC,89.56,STATIC,92.82,STATIC,93.73,STATIC,94.74,STATIC,96.03,STATIC,False,0.043,60.0,0.000
122.135,2930,20.51,FLEXION,143.48,STATIC,88.87,STATIC,89.73,STATIC,92.89,STATIC,93.79,STATIC,95.08,STATIC,95.29,STATIC,False,0.043,60.0,0.000
122.17666666666668,2931,27.26,EXTENSION,145.44,STATIC,88.80,STATIC,92.57,STATIC,92.92,STATIC,93.78,STATIC,95.14,STATIC,95.25,STATIC,False,0.042,60.0,0.000
122.21833333333335,2932,37.07,EXTENSION,144.74,STATIC,88.96,STATIC,93.55,STATIC,93.12,STATIC,93.95,STATIC,95.52,STATIC,95.58,STATIC,False,0.041,60.0,0.000
122.26,2933,19.94,FLEXION,143.25,STATIC,88.58,STATIC,93.36,STATIC,93.08,STATIC,93.83,STATIC,95.31,STATIC,94.98,STATIC,False,0.041,60.0,0.000
122.30166666666668,2934,22.43,STATIC,143.77,STATIC,88.75,STATIC,92.50,STATIC,93.09,STATIC,93.80,STATIC,95.04,STATIC,94.53,STATIC,False,0.042,60.0,0.000
122.34333333333335,2935,28.86,EXTENSION,144.10,STATIC,88.95,STATIC,92.72,STATIC,93.14,STATIC,93.85,STATIC,95.01,STATIC,94.27,STATIC,False,0.041,60.0,0.000
122.385,2936,44.48,EXTENSION,143.38,STATIC,89.40,STATIC,93.24,STATIC,93.18,STATIC,93.85,STATIC,94.83,STATIC,94.05,STATIC,False,0.039,60.0,0.000
122.42666666666668,2937,54.29,EXTENSION,143.25,STATIC,89.77,STATIC,94.85,STATIC,93.23,STATIC,93.90,STATIC,94.93,STATIC,94.50,STATIC,False,0.037,60.0,0.000
122.46833333333335,2938,44.40,FLEXION,144.16,STATIC,89.51,STATIC,95.35,STATIC,93.17,STATIC,93.85,STATIC,94.83,STATIC,94.74,STATIC,False,0.037,60.0,0.000
122.51,2939,40.13,STATIC,144.56,STATIC,89.32,STATIC,95.25,STATIC,92.92,STATIC,93.65,STATIC,94.63,STATIC,94.73,STATIC,False,0.037,60.0,0.000
122.55166666666668,2940,22.45,FLEXION,144.28,STATIC,89.00,STATIC,94.47,STATIC,92.59,STATIC,93.60,STATIC,94.38,STATIC,94.68,STATIC,False,0.037,60.0,0.000
122.59333333333335,2941,27.11,STATIC,143.84,STATIC,89.07,STATIC,93.81,STATIC,92.59,STATIC,93.62,STATIC,94.31,STATIC,94.74,STATIC,False,0.036,60.0,0.000
122.635,2942,18.64,FLEXION,143.22,STATIC,88.92,STATIC,93.24,STATIC,92.48,STATIC,93.40,STATIC,93.54,STATIC,94.21,STATIC,False,0.036,60.0,0.000
122.67666666666668,2943,16.78,STATIC,141.62,STATIC,88.85,STATIC,91.81,STATIC,92.40,STATIC,93.20,STATIC,93.30,STATIC,94.40,STATIC,False,0.038,60.0,0.000
122.71833333333335,2944,18.84,STATIC,141.49,STATIC,88.82,STATIC,90.66,STATIC,92.41,STATIC,93.27,STATIC,93.44,STATIC,95.20,STATIC,False,0.039,60.0,0.000
122.76,2945,15.95,STATIC,139.53,STATIC,88.88,STATIC,89.11,STATIC,92.41,STATIC,93.33,STATIC,93.52,STATIC,95.95,STATIC,False,0.039,60.0,0.000
122.80166666666668,2946,16.00,STATIC,137.45,STATIC,88.91,STATIC,88.04,STATIC,92.41,STATIC,93.35,STATIC,93.65,STATIC,96.20,STATIC,False,0.039,60.0,0.000
122.84333333333335,2947,16.05,STATIC,135.96,STATIC,88.98,STATIC,87.06,STATIC,92.40,STATIC,93.34,STATIC,93.81,STATIC,96.55,STATIC,False,0.039,60.0,0.000
122.885,2948,16.24,STATIC,135.94,STATIC,88.98,STATIC,86.57,STATIC,92.39,STATIC,93.34,STATIC,93.88,STATIC,96.74,STATIC,False,0.038,60.0,0.000
122.92666666666668,2949,16.53,STATIC,135.48,STATIC,88.93,STATIC,86.05,STATIC,92.39,STATIC,93.33,STATIC,94.02,STATIC,97.12,STATIC,False,0.038,60.0,0.000
122.96833333333335,2950,16.50,STATIC,136.61,STATIC,88.78,STATIC,85.76,STATIC,92.39,STATIC,93.36,STATIC,94.12,STATIC,97.68,STATIC,False,0.037,60.0,0.000
123.01,2951,19.09,STATIC,136.84,STATIC,88.81,STATIC,85.88,STATIC,92.48,STATIC,93.42,STATIC,94.18,STATIC,98.11,STATIC,False,0.037,60.0,0.000
123.05166666666668,2952,22.47,STATIC,136.45,STATIC,88.81,STATIC,86.16,STATIC,92.59,STATIC,93.48,STATIC,94.28,STATIC,98.39,STATIC,False,0.036,60.0,0.000
123.09333333333335,2953,24.91,STATIC,134.58,STATIC,88.82,STATIC,85.95,STATIC,92.61,STATIC,93.49,STATIC,94.30,STATIC,98.70,STATIC,False,0.035,60.0,0.000
123.135,2954,29.24,STATIC,131.56,STATIC,88.88,STATIC,85.22,STATIC,92.63,STATIC,93.48,STATIC,94.20,STATIC,98.88,STATIC,False,0.034,60.0,0.000
123.17666666666668,2955,28.01,STATIC,131.73,STATIC,88.89,STATIC,85.18,STATIC,92.68,STATIC,93.48,STATIC,94.14,STATIC,98.85,STATIC,False,0.032,60.0,0.000
123.21833333333335,2956,42.54,EXTENSION,130.33,STATIC,89.24,STATIC,86.92,STATIC,92.74,STATIC,93.56,STATIC,94.25,STATIC,99.12,STATIC,False,0.030,60.0,0.000
123.26,2957,40.11,STATIC,129.60,STATIC,89.19,STATIC,89.29,STATIC,92.80,STATIC,93.47,STATIC,94.34,STATIC,98.89,STATIC,False,0.028,60.0,0.000
123.30166666666668,2958,38.21,STATIC,114.10,FLEXION,89.27,STATIC,88.28,STATIC,92.54,STATIC,93.34,STATIC,94.62,STATIC,101.11,STATIC,False,0.027,60.0,0.000
123.34333333333335,2959,37.35,STATIC,109.31,STATIC,89.53,STATIC,87.79,STATIC,92.32,STATIC,93.23,STATIC,94.84,STATIC,103.57,STATIC,False,0.028,60.0,0.000
123.385,2960,40.66,STATIC,113.31,STATIC,89.62,STATIC,87.77,STATIC,92.28,STATIC,93.20,STATIC,94.49,STATIC,104.41,STATIC,False,0.027,60.0,0.000
123.42666666666668,2961,54.29,EXTENSION,124.15,EXTENSION,89.95,STATIC,89.45,STATIC,92.15,STATIC,93.07,STATIC,94.00,STATIC,105.84,STATIC,False,0.026,60.0,0.000
123.46833333333335,2962,53.38,STATIC,124.07,STATIC,89.94,STATIC,91.31,STATIC,92.20,STATIC,92.98,STATIC,93.74,STATIC,105.96,STATIC,False,0.025,60.0,0.000
123.51,2963,29.54,FLEXION,128.52,STATIC,89.63,STATIC,96.55,EXTENSION,92.32,STATIC,92.85,STATIC,93.39,STATIC,104.74,STATIC,False,0.025,60.0,0.000
123.55166666666668,2964,41.75,EXTENSION,132.31,STATIC,89.74,STATIC,100.02,STATIC,92.33,STATIC,92.78,STATIC,93.36,STATIC,105.17,STATIC,False,0.024,60.0,0.000
123.59333333333335,2965,31.76,FLEXION,134.37,STATIC,89.71,STATIC,101.25,STATIC,92.46,STATIC,92.96,STATIC,93.38,STATIC,105.76,STATIC,False,0.025,60.0,0.000
123.635,2966,32.21,STATIC,132.45,STATIC,89.95,STATIC,101.86,STATIC,92.58,STATIC,93.00,STATIC,93.46,STATIC,105.54,STATIC,False,0.023,60.0,0.000
123.67666666666668,2967,46.25,EXTENSION,130.77,STATIC,90.07,STATIC,101.50,STATIC,92.67,STATIC,93.14,STATIC,93.51,STATIC,106.28,STATIC,False,0.024,60.0,0.000
123.71833333333335,2968,37.59,FLEXION,125.54,FLEXION,89.82,STATIC,98.64,STATIC,92.75,STATIC,93.22,STATIC,93.94,STATIC,108.33,STATIC,False,0.028,60.0,0.000
123.76,2969,25.32,FLEXION,128.04,STATIC,89.65,STATIC,97.38,STATIC,92.82,STATIC,93.43,STATIC,93.97,STATIC,108.52,STATIC,False,0.030,60.0,0.000
123.80166666666668,2970,26.17,STATIC,130.84,STATIC,89.72,STATIC,97.15,STATIC,92.68,STATIC,93.41,STATIC,93.89,STATIC,108.87,STATIC,False,0.030,60.0,0.000
123.84333333333335,2971,44.18,EXTENSION,129.54,STATIC,89.64,STATIC,96.35,STATIC,92.53,STATIC,93.43,STATIC,94.42,STATIC,109.81,STATIC,False,0.034,60.0,0.000
123.885,2972,39.13,FLEXION,133.11,STATIC,89.78,STATIC,96.16,STATIC,92.47,STATIC,93.46,STATIC,94.64,STATIC,112.68,STATIC,False,0.037,60.0,0.000
123.92666666666668,2973,28.33,FLEXION,129.06,STATIC,89.86,STATIC,94.74,STATIC,91.60,STATIC,92.26,STATIC,94.96,STATIC,115.35,STATIC,False,0.040,60.0,0.000
123.96833333333335,2974,23.98,STATIC,126.88,STATIC,90.06,STATIC,93.20,STATIC,91.20,STATIC,92.12,STATIC,96.42,STATIC,119.78,STATIC,False,0.043,60.0,0.000
124.01,2975,27.27,STATIC,128.07,STATIC,90.26,STATIC,93.08,STATIC,91.30,STATIC,92.14,STATIC,97.17,STATIC,121.43,STATIC,False,0.044,60.0,0.000
124.05166666666668,2976,39.05,EXTENSION,127.18,STATIC,90.46,STATIC,92.87,STATIC,91.26,STATIC,92.69,STATIC,98.56,STATIC,123.22,STATIC,False,0.045,60.0,0.000
124.09333333333335,2977,38.64,STATIC,136.53,EXTENSION,90.33,STATIC,94.38,STATIC,91.62,STATIC,93.13,STATIC,98.66,STATIC,124.06,STATIC,False,0.046,60.0,0.000
124.135,2978,32.38,FLEXION,128.82,FLEXION,90.31,STATIC,92.41,STATIC,91.61,STATIC,93.20,STATIC,98.64,STATIC,124.38,STATIC,False,0.048,60.0,0.000
124.17666666666668,2979,39.20,EXTENSION,110.16,FLEXION,90.51,STATIC,87.38,FLEXION,91.58,STATIC,93.24,STATIC,98.65,STATIC,126.26,STATIC,False,0.217,60.0,0.000
124.21833333333335,2980,53.49,EXTENSION,124.49,EXTENSION,90.59,STATIC,89.72,STATIC,91.39,STATIC,93.17,STATIC,98.89,STATIC,125.44,STATIC,False,0.050,60.0,0.000
124.26,2981,44.22,FLEXION,106.74,FLEXION,90.94,STATIC,84.70,FLEXION,91.19,STATIC,93.31,STATIC,99.24,STATIC,127.19,STATIC,False,0.218,60.0,0.000
124.30166666666668,2982,39.17,FLEXION,90.45,FLEXION,90.51,STATIC,79.44,FLEXION,91.22,STATIC,93.73,STATIC,98.78,STATIC,128.87,STATIC,False,0.217,60.0,0.000
124.34333333333335,2983,45.20,EXTENSION,93.19,STATIC,90.56,STATIC,79.36,STATIC,91.28,STATIC,93.64,STATIC,99.11,STATIC,128.03,STATIC,False,0.050,60.0,0.000
124.385,2984,60.55,EXTENSION,126.58,EXTENSION,90.61,STATIC,85.07,EXTENSION,91.38,STATIC,93.59,STATIC,99.33,STATIC,127.85,STATIC,False,0.052,60.0,0.000
124.42666666666668,2985,66.92,EXTENSION,115.94,FLEXION,90.57,STATIC,85.18,STATIC,91.44,STATIC,93.58,STATIC,99.87,STATIC,128.45,STATIC,False,0.054,60.0,0.000
124.46833333333335,2986,75.38,EXTENSION,92.12,FLEXION,90.57,STATIC,79.81,FLEXION,91.65,STATIC,93.65,STATIC,100.69,STATIC,129.39,STATIC,False,0.223,60.0,0.000
124.51,2987,72.18,STATIC,83.58,FLEXION,90.39,STATIC,78.33,STATIC,92.10,STATIC,93.51,STATIC,99.29,STATIC,127.75,STATIC,False,0.055,60.0,0.000
124.55166666666668,2988,97.27,EXTENSION,98.57,EXTENSION,90.24,STATIC,81.30,STATIC,92.27,STATIC,93.48,STATIC,98.82,STATIC,126.84,STATIC,False,0.051,60.0,0.000
124.59333333333335,2989,126.57,EXTENSION,101.99,STATIC,90.15,STATIC,82.05,STATIC,92.17,STATIC,93.39,STATIC,99.07,STATIC,126.96,STATIC,False,0.049,60.0,0.000
124.635,2990,123.31,STATIC,110.05,EXTENSION,90.06,STATIC,83.81,STATIC,92.14,STATIC,93.32,STATIC,98.54,STATIC,125.11,STATIC,False,0.047,60.0,0.000
124.67666666666668,2991,127.40,STATIC,117.87,EXTENSION,89.90,STATIC,87.35,STATIC,92.12,STATIC,93.34,STATIC,98.64,STATIC,125.15,STATIC,False,0.041,60.0,0.000
124.71833333333335,2992,106.85,FLEXION,103.17,FLEXION,89.87,STATIC,84.95,STATIC,92.11,STATIC,93.38,STATIC,99.41,STATIC,126.54,STATIC,False,0.038,60.0,0.000
124.76,2993,99.05,FLEXION,100.26,STATIC,89.71,STATIC,79.79,FLEXION,92.17,STATIC,93.70,STATIC,100.52,STATIC,131.93,EXTENSION,False,0.204,60.0,0.000
124.80166666666668,2994,98.44,STATIC,84.10,FLEXION,89.87,STATIC,74.63,FLEXION,92.47,STATIC,93.82,STATIC,100.03,STATIC,133.76,STATIC,False,0.198,60.0,0.000
124.84333333333335,2995,100.44,STATIC,78.63,FLEXION,90.00,STATIC,68.29,FLEXION,92.62,STATIC,93.92,STATIC,99.46,STATIC,134.70,STATIC,False,0.195,60.0,0.000
124.885,2996,98.15,STATIC,73.65,STATIC,89.19,STATIC,59.10,FLEXION,92.95,STATIC,93.95,STATIC,99.40,STATIC,135.60,STATIC,False,0.196,60.0,0.000
124.92666666666668,2997,98.83,STATIC,74.13,STATIC,88.77,STATIC,39.81,FLEXION,92.80,STATIC,93.57,STATIC,99.10,STATIC,136.85,STATIC,False,0.194,60.0,0.000
124.96833333333335,2998,94.52,STATIC,81.12,EXTENSION,87.92,STATIC,46.08,EXTENSION,93.72,STATIC,94.22,STATIC,99.38,STATIC,137.33,STATIC,False,0.035,60.0,0.000
125.01,2999,96.56,STATIC,92.40,EXTENSION,87.48,STATIC,48.37,STATIC,94.42,STATIC,95.16,STATIC,99.87,STATIC,136.32,STATIC,False,0.032,60.0,0.000
125.05166666666668,3000,88.06,FLEXION,100.59,EXTENSION,85.85,STATIC,51.22,STATIC,94.07,STATIC,94.99,STATIC,98.97,STATIC,132.04,STATIC,False,0.024,60.0,0.000
125.09333333333335,3001,75.22,FLEXION,111.01,EXTENSION,84.92,STATIC,51.00,STATIC,95.21,STATIC,95.84,STATIC,99.57,STATIC,131.24,STATIC,False,0.022,60.0,0.000
125.135,3002,87.23,EXTENSION,119.18,EXTENSION,83.54,STATIC,44.75,FLEXION,95.99,STATIC,96.39,STATIC,99.85,STATIC,129.13,STATIC,False,0.180,60.0,0.000
125.17666666666668,3003,87.91,STATIC,129.41,EXTENSION,82.66,STATIC,42.24,STATIC,96.04,STATIC,95.98,STATIC,99.20,STATIC,124.31,STATIC,False,0.005,60.0,0.000
125.21833333333335,3004,87.98,STATIC,133.85,STATIC,82.18,STATIC,40.34,STATIC,96.01,STATIC,95.95,STATIC,98.43,STATIC,123.36,STATIC,False,0.001,60.0,0.000
125.26,3005,84.10,STATIC,141.88,EXTENSION,82.03,STATIC,40.22,STATIC,95.63,STATIC,95.88,STATIC,96.61,STATIC,118.22,FLEXION,False,0.005,60.0,0.000
125.30166666666668,3006,79.36,STATIC,143.38,STATIC,81.62,STATIC,39.18,STATIC,95.57,STATIC,95.70,STATIC,96.68,STATIC,115.17,STATIC,False,0.009,60.0,0.000
125.34333333333335,3007,81.69,STATIC,144.28,STATIC,81.96,STATIC,45.04,EXTENSION,95.42,STATIC,94.89,STATIC,95.96,STATIC,114.72,STATIC,False,0.016,60.0,0.000
125.385,3008,89.39,EXTENSION,146.45,STATIC,82.48,STATIC,50.85,EXTENSION,95.38,STATIC,93.96,STATIC,95.81,STATIC,111.03,STATIC,False,0.020,60.0,0.000
125.42666666666668,3009,96.32,EXTENSION,144.41,STATIC,82.57,STATIC,50.12,STATIC,96.45,STATIC,95.30,STATIC,97.34,STATIC,114.28,STATIC,False,0.014,60.0,0.000
125.46833333333335,3010,100.78,STATIC,141.02,STATIC,82.31,STATIC,46.61,STATIC,96.78,STATIC,95.45,STATIC,96.96,STATIC,113.40,STATIC,False,0.012,60.0,0.000
125.51,3011,104.53,STATIC,139.83,STATIC,82.15,STATIC,46.34,STATIC,97.07,STATIC,95.59,STATIC,97.28,STATIC,112.47,STATIC,False,0.009,60.0,0.000
125.55166666666668,3012,110.00,EXTENSION,138.04,STATIC,82.03,STATIC,46.33,STATIC,95.59,STATIC,93.76,STATIC,97.68,STATIC,112.86,STATIC,False,0.009,60.0,0.000
125.59333333333335,3013,113.12,STATIC,136.80,STATIC,82.02,STATIC,43.05,STATIC,96.89,STATIC,95.53,STATIC,100.23,STATIC,116.21,STATIC,False,0.005,60.0,0.000
125.635,3014,112.47,STATIC,136.82,STATIC,81.95,STATIC,43.97,STATIC,97.11,STATIC,95.67,STATIC,100.25,STATIC,113.95,STATIC,False,0.006,60.0,0.000
125.67666666666668,3015,110.81,STATIC,137.22,STATIC,82.13,STATIC,46.99,STATIC,97.14,STATIC,95.80,STATIC,100.76,STATIC,116.15,STATIC,False,0.007,60.0,0.000
125.71833333333335,3016,108.42,STATIC,137.69,STATIC,82.04,STATIC,46.73,STATIC,97.65,STATIC,97.31,STATIC,102.80,STATIC,118.40,STATIC,False,0.008,60.0,0.000
125.76,3017,105.64,STATIC,138.21,STATIC,82.15,STATIC,46.02,STATIC,97.80,STATIC,97.36,STATIC,103.25,STATIC,117.46,STATIC,False,0.008,60.0,0.000
125.80166666666668,3018,103.18,STATIC,137.10,STATIC,82.04,STATIC,47.05,STATIC,98.12,STATIC,97.73,STATIC,104.46,STATIC,116.76,STATIC,False,0.010,60.0,0.000
125.84333333333335,3019,96.82,FLEXION,137.08,STATIC,81.87,STATIC,47.71,STATIC,98.42,STATIC,97.82,STATIC,105.16,STATIC,115.39,STATIC,False,0.010,60.0,0.000
125.885,3020,88.17,FLEXION,137.03,STATIC,81.68,STATIC,49.34,STATIC,98.23,STATIC,96.93,STATIC,104.92,STATIC,115.20,STATIC,False,0.010,60.0,0.000
125.92666666666668,3021,86.55,STATIC,135.70,STATIC,81.70,STATIC,51.16,STATIC,98.76,STATIC,97.33,STATIC,104.00,STATIC,109.13,FLEXION,False,0.012,60.0,0.000
125.97000000000001,3022,82.90,STATIC,136.08,STATIC,81.66,STATIC,49.21,STATIC,98.67,STATIC,96.98,STATIC,103.78,STATIC,106.30,STATIC,False,0.010,60.0,0.000
126.01166666666667,3023,73.41,FLEXION,136.74,STATIC,81.72,STATIC,50.94,STATIC,97.70,STATIC,96.24,STATIC,102.40,STATIC,102.49,STATIC,False,0.006,60.0,0.000
126.05333333333334,3024,63.10,FLEXION,137.16,STATIC,81.58,STATIC,52.57,STATIC,98.01,STATIC,96.66,STATIC,102.39,STATIC,99.90,STATIC,False,0.006,60.0,0.000
126.09500000000001,3025,55.31,FLEXION,137.78,STATIC,81.55,STATIC,51.56,STATIC,98.10,STATIC,97.03,STATIC,101.98,STATIC,98.37,STATIC,False,0.006,60.0,0.000
126.13666666666667,3026,45.95,FLEXION,139.50,STATIC,81.35,STATIC,49.83,STATIC,98.27,STATIC,98.02,STATIC,102.48,STATIC,99.69,STATIC,False,0.005,60.0,0.000
126.17833333333334,3027,39.55,FLEXION,140.05,STATIC,81.30,STATIC,52.44,STATIC,98.08,STATIC,97.11,STATIC,102.24,STATIC,99.37,STATIC,False,0.007,60.0,0.000
126.22000000000001,3028,34.90,STATIC,142.61,STATIC,81.28,STATIC,54.47,STATIC,98.14,STATIC,97.16,STATIC,102.02,STATIC,99.14,STATIC,False,0.008,60.0,0.000
126.26166666666667,3029,31.38,STATIC,144.83,STATIC,81.39,STATIC,54.77,STATIC,97.84,STATIC,96.34,STATIC,101.12,STATIC,96.57,STATIC,False,0.006,60.0,0.000
126.30333333333334,3030,28.57,STATIC,148.32,STATIC,81.35,STATIC,53.53,STATIC,97.86,STATIC,96.60,STATIC,100.55,STATIC,94.70,STATIC,False,0.007,60.0,0.000
126.34500000000001,3031,25.31,STATIC,151.53,STATIC,81.32,STATIC,52.01,STATIC,97.49,STATIC,96.26,STATIC,99.80,STATIC,94.27,STATIC,False,0.005,60.0,0.000
126.38666666666667,3032,24.24,STATIC,153.24,STATIC,81.43,STATIC,49.98,STATIC,97.68,STATIC,96.64,STATIC,99.43,STATIC,92.98,STATIC,False,0.004,60.0,0.000
126.42833333333334,3033,25.14,STATIC,150.70,STATIC,81.75,STATIC,47.71,STATIC,97.98,STATIC,98.01,STATIC,99.51,STATIC,94.51,STATIC,False,0.000,60.0,0.000
126.47000000000001,3034,26.61,STATIC,150.95,STATIC,82.23,STATIC,48.86,STATIC,97.58,STATIC,97.52,STATIC,98.25,STATIC,93.54,STATIC,False,0.000,60.0,0.000
126.51166666666667,3035,27.64,STATIC,151.06,STATIC,82.49,STATIC,49.17,STATIC,97.63,STATIC,97.66,STATIC,97.50,STATIC,93.32,STATIC,False,0.000,60.0,0.000
126.55333333333334,3036,29.27,STATIC,149.01,STATIC,82.63,STATIC,47.65,STATIC,97.82,STATIC,98.49,STATIC,97.29,STATIC,95.33,STATIC,False,0.000,60.0,0.000
126.59500000000001,3037,30.56,STATIC,148.21,STATIC,82.87,STATIC,46.98,STATIC,97.80,STATIC,98.53,STATIC,96.83,STATIC,96.30,STATIC,False,0.000,60.0,0.000
126.63666666666667,3038,32.39,STATIC,147.66,STATIC,82.92,STATIC,45.88,STATIC,97.86,STATIC,98.80,STATIC,96.14,STATIC,97.08,STATIC,False,0.000,60.0,0.000
126.67833333333334,3039,33.06,STATIC,148.78,STATIC,82.78,STATIC,44.35,STATIC,97.97,STATIC,99.03,STATIC,95.74,STATIC,98.09,STATIC,False,0.000,60.0,0.000
126.72000000000001,3040,34.61,STATIC,148.84,STATIC,82.80,STATIC,44.53,STATIC,97.86,STATIC,98.94,STATIC,95.49,STATIC,98.87,STATIC,False,0.000,60.0,0.000
126.76166666666667,3041,36.57,STATIC,148.97,STATIC,82.95,STATIC,42.94,STATIC,97.85,STATIC,99.06,STATIC,95.49,STATIC,101.22,STATIC,False,0.000,60.0,0.000
126.80333333333334,3042,36.99,STATIC,150.86,STATIC,82.79,STATIC,43.44,STATIC,97.74,STATIC,98.71,STATIC,94.73,STATIC,102.16,STATIC,False,0.000,60.0,0.000
126.84500000000001,3043,37.34,STATIC,153.54,STATIC,82.94,STATIC,42.15,STATIC,97.88,STATIC,98.61,STATIC,94.35,STATIC,103.40,STATIC,False,0.000,60.0,0.000
126.88666666666667,3044,36.72,STATIC,157.20,STATIC,83.05,STATIC,43.26,STATIC,97.78,STATIC,98.48,STATIC,93.65,STATIC,104.25,STATIC,False,0.000,60.0,0.000
126.92833333333334,3045,36.32,STATIC,159.39,STATIC,83.29,STATIC,43.19,STATIC,97.58,STATIC,98.62,STATIC,93.39,STATIC,103.12,STATIC,False,0.000,60.0,0.000
126.97000000000001,3046,36.14,STATIC,158.60,STATIC,83.32,STATIC,43.28,STATIC,97.64,STATIC,98.70,STATIC,92.52,STATIC,101.99,STATIC,False,0.000,60.0,0.000
127.01166666666667,3047,32.85,STATIC,158.97,STATIC,83.37,STATIC,42.19,STATIC,97.52,STATIC,98.26,STATIC,91.42,STATIC,100.00,STATIC,False,0.000,60.0,0.000
127.05333333333334,3048,32.43,STATIC,155.58,STATIC,83.43,STATIC,41.71,STATIC,97.74,STATIC,98.14,STATIC,91.29,STATIC,98.89,STATIC,False,0.000,60.0,0.000
127.09500000000001,3049,29.56,STATIC,158.04,STATIC,83.34,STATIC,43.51,STATIC,97.70,STATIC,97.94,STATIC,91.41,STATIC,99.28,STATIC,False,0.000,60.0,0.000
127.13666666666667,3050,28.43,STATIC,157.87,STATIC,83.23,STATIC,43.14,STATIC,97.51,STATIC,97.55,STATIC,91.10,STATIC,97.95,STATIC,False,0.000,60.0,0.000
127.17833333333334,3051,28.77,STATIC,155.77,STATIC,83.10,STATIC,44.78,STATIC,97.26,STATIC,97.24,STATIC,90.62,STATIC,95.14,STATIC,False,0.000,60.0,0.000
127.22000000000001,3052,29.11,STATIC,152.81,STATIC,82.98,STATIC,45.09,STATIC,97.52,STATIC,97.37,STATIC,91.76,STATIC,94.75,STATIC,False,0.000,60.0,0.000
127.26166666666667,3053,29.78,STATIC,151.30,STATIC,82.88,STATIC,45.53,STATIC,97.50,STATIC,97.55,STATIC,91.75,STATIC,91.67,STATIC,False,0.000,60.0,0.000
127.30333333333334,3054,29.28,STATIC,151.42,STATIC,82.79,STATIC,39.77,FLEXION,97.53,STATIC,97.99,STATIC,92.46,STATIC,90.35,STATIC,False,0.167,60.0,0.000
127.34500000000001,3055,28.35,STATIC,155.06,STATIC,82.40,STATIC,38.91,STATIC,97.41,STATIC,97.56,STATIC,92.90,STATIC,89.04,STATIC,False,0.000,60.0,0.000
127.38666666666667,3056,27.90,STATIC,156.63,STATIC,82.28,STATIC,38.24,STATIC,97.06,STATIC,96.86,STATIC,95.37,STATIC,89.87,STATIC,False,0.000,60.0,0.000
127.42833333333334,3057,29.18,STATIC,158.83,STATIC,81.90,STATIC,38.68,STATIC,97.32,STATIC,96.85,STATIC,98.12,STATIC,91.61,STATIC,False,0.000,60.0,0.000
127.47000000000001,3058,30.87,STATIC,162.26,STATIC,81.38,STATIC,39.19,STATIC,97.33,STATIC,97.14,STATIC,100.60,STATIC,96.32,STATIC,False,0.000,60.0,0.000
127.51166666666667,3059,31.18,STATIC,159.12,STATIC,81.00,STATIC,38.56,STATIC,97.71,STATIC,97.90,STATIC,104.99,STATIC,103.32,EXTENSION,False,0.003,60.0,0.000
127.55333333333334,3060,31.77,STATIC,161.39,STATIC,80.44,STATIC,38.53,STATIC,98.16,STATIC,98.28,STATIC,108.92,STATIC,109.47,EXTENSION,False,0.000,60.0,0.000
127.59500000000001,3061,31.20,STATIC,165.10,STATIC,79.92,STATIC,40.63,STATIC,98.37,STATIC,98.88,STATIC,109.89,STATIC,117.78,EXTENSION,False,0.000,60.0,0.000
127.63666666666667,3062,32.11,STATIC,159.04,FLEXION,79.22,STATIC,35.23,FLEXION,99.07,STATIC,100.73,STATIC,115.11,EXTENSION,122.09,STATIC,False,0.173,60.0,0.000
127.67833333333334,3063,33.51,STATIC,147.46,FLEXION,78.55,STATIC,26.71,FLEXION,98.87,STATIC,100.39,STATIC,119.08,STATIC,126.08,STATIC,False,0.179,60.0,0.000
127.72000000000001,3064,34.78,STATIC,147.96,STATIC,78.06,STATIC,26.31,STATIC,99.36,STATIC,101.30,STATIC,124.70,EXTENSION,129.97,STATIC,False,0.014,60.0,0.000
127.76166666666667,3065,37.34,STATIC,146.67,STATIC,77.93,STATIC,24.80,STATIC,99.07,STATIC,102.04,STATIC,127.22,STATIC,131.41,STATIC,False,0.014,60.0,0.000
127.80333333333334,3066,38.69,STATIC,149.78,STATIC,77.52,STATIC,27.02,STATIC,98.64,STATIC,102.34,STATIC,128.91,STATIC,134.03,STATIC,False,0.014,60.0,0.000
127.84500000000001,3067,39.41,STATIC,147.30,STATIC,76.54,STATIC,24.08,STATIC,99.32,STATIC,102.72,STATIC,133.58,STATIC,134.27,STATIC,False,0.015,60.0,0.000
127.88666666666667,3068,41.13,STATIC,145.61,STATIC,75.98,STATIC,23.68,STATIC,99.64,STATIC,103.56,STATIC,133.23,STATIC,134.62,STATIC,False,0.014,60.0,0.000
127.92833333333334,3069,42.30,STATIC,145.32,STATIC,75.14,STATIC,22.98,STATIC,100.46,STATIC,104.70,STATIC,136.43,STATIC,135.29,STATIC,False,0.016,60.0,0.000
127.97000000000001,3070,43.23,STATIC,147.11,STATIC,74.60,STATIC,24.62,STATIC,100.88,STATIC,104.63,STATIC,138.63,STATIC,136.98,STATIC,False,0.015,60.0,0.000
128.01166666666668,3071,41.69,STATIC,149.17,STATIC,73.82,STATIC,25.74,STATIC,101.51,STATIC,104.92,STATIC,141.69,STATIC,137.92,STATIC,False,0.016,60.0,0.000
128.05333333333334,3072,41.09,STATIC,153.91,STATIC,73.55,STATIC,30.76,EXTENSION,101.93,STATIC,106.59,STATIC,144.06,STATIC,141.18,STATIC,False,0.008,60.0,0.000
128.095,3073,40.90,STATIC,155.24,STATIC,73.46,STATIC,31.30,STATIC,101.92,STATIC,107.52,STATIC,142.90,STATIC,142.44,STATIC,False,0.006,60.0,0.000
128.13666666666668,3074,40.61,STATIC,155.61,STATIC,74.04,STATIC,30.09,STATIC,101.73,STATIC,107.03,STATIC,140.66,STATIC,143.12,STATIC,False,0.011,60.0,0.000
128.17833333333334,3075,40.11,STATIC,157.90,STATIC,74.34,STATIC,32.03,STATIC,101.21,STATIC,105.89,STATIC,143.17,STATIC,145.80,STATIC,False,0.011,60.0,0.000
128.22,3076,38.57,STATIC,157.89,STATIC,74.62,STATIC,32.19,STATIC,101.16,STATIC,105.62,STATIC,143.47,STATIC,146.96,STATIC,False,0.015,60.0,0.000
128.26166666666668,3077,38.44,STATIC,152.44,FLEXION,74.29,STATIC,28.01,STATIC,101.54,STATIC,105.67,STATIC,143.85,STATIC,147.95,STATIC,False,0.018,60.0,0.000
128.30333333333334,3078,38.44,STATIC,150.95,STATIC,74.11,STATIC,26.58,STATIC,101.86,STATIC,105.68,STATIC,144.55,STATIC,149.23,STATIC,False,0.020,60.0,0.000
128.345,3079,38.56,STATIC,151.67,STATIC,74.13,STATIC,25.35,STATIC,102.18,STATIC,105.67,STATIC,146.28,STATIC,151.62,STATIC,False,0.021,60.0,0.000
128.38666666666668,3080,38.76,STATIC,152.08,STATIC,73.97,STATIC,26.33,STATIC,102.25,STATIC,105.64,STATIC,145.73,STATIC,152.20,STATIC,False,0.020,60.0,0.000
128.42833333333334,3081,38.77,STATIC,151.51,STATIC,73.85,STATIC,26.44,STATIC,102.25,STATIC,105.54,STATIC,145.16,STATIC,152.39,STATIC,False,0.019,60.0,0.000
128.47,3082,38.37,STATIC,157.76,EXTENSION,73.92,STATIC,30.99,STATIC,102.14,STATIC,105.67,STATIC,144.03,STATIC,153.13,STATIC,False,0.017,60.0,0.000
128.51166666666668,3083,38.35,STATIC,159.02,STATIC,73.77,STATIC,32.57,STATIC,102.34,STATIC,106.23,STATIC,145.44,STATIC,153.23,STATIC,False,0.014,60.0,0.000
128.55333333333334,3084,38.54,STATIC,159.81,STATIC,73.55,STATIC,32.96,STATIC,102.23,STATIC,106.22,STATIC,144.73,STATIC,153.71,STATIC,False,0.012,60.0,0.000
128.595,3085,38.86,STATIC,160.08,STATIC,73.39,STATIC,32.06,STATIC,102.09,STATIC,106.04,STATIC,143.38,STATIC,154.60,STATIC,False,0.010,60.0,0.000
128.63666666666668,3086,39.58,STATIC,159.52,STATIC,72.64,STATIC,30.64,STATIC,101.96,STATIC,106.11,STATIC,143.30,STATIC,155.49,STATIC,False,0.009,60.0,0.000
128.67833333333334,3087,40.12,STATIC,158.82,STATIC,72.47,STATIC,28.08,STATIC,101.18,STATIC,106.31,STATIC,141.46,STATIC,156.27,STATIC,False,0.009,60.0,0.000
128.72,3088,40.71,STATIC,158.47,STATIC,72.34,STATIC,27.59,STATIC,101.14,STATIC,106.59,STATIC,141.85,STATIC,156.64,STATIC,False,0.010,60.0,0.000
128.76166666666668,3089,41.03,STATIC,158.42,STATIC,72.15,STATIC,27.91,STATIC,101.24,STATIC,107.24,STATIC,142.16,STATIC,157.50,STATIC,False,0.010,60.0,0.000
128.80333333333334,3090,41.07,STATIC,157.59,STATIC,71.88,STATIC,28.07,STATIC,101.22,STATIC,107.75,STATIC,141.78,STATIC,156.31,STATIC,False,0.014,60.0,0.000
128.845,3091,41.00,STATIC,157.62,STATIC,71.81,STATIC,28.11,STATIC,101.28,STATIC,108.68,STATIC,142.36,STATIC,156.70,STATIC,False,0.014,60.0,0.000
128.88666666666668,3092,41.05,STATIC,157.28,STATIC,71.70,STATIC,27.07,STATIC,101.03,STATIC,109.01,STATIC,143.31,STATIC,156.63,STATIC,False,0.013,60.0,0.000
128.92833333333334,3093,40.83,STATIC,157.40,STATIC,72.04,STATIC,25.94,STATIC,101.04,STATIC,109.67,STATIC,143.93,STATIC,157.97,STATIC,False,0.015,60.0,0.000
128.97,3094,40.38,STATIC,158.73,STATIC,72.24,STATIC,26.09,STATIC,101.22,STATIC,110.09,STATIC,145.95,STATIC,157.78,STATIC,False,0.014,60.0,0.000
129.01166666666668,3095,40.01,STATIC,160.68,STATIC,72.36,STATIC,25.80,STATIC,101.28,STATIC,110.44,STATIC,146.18,STATIC,157.81,STATIC,False,0.012,60.0,0.000
129.05333333333334,3096,39.84,STATIC,161.08,STATIC,72.30,STATIC,26.08,STATIC,101.33,STATIC,109.65,STATIC,147.59,STATIC,157.26,STATIC,False,0.013,60.0,0.000
129.095,3097,39.54,STATIC,163.39,STATIC,72.30,STATIC,28.07,STATIC,101.37,STATIC,109.22,STATIC,147.12,STATIC,157.88,STATIC,False,0.008,60.0,0.000
129.13666666666668,3098,39.11,STATIC,165.27,STATIC,72.46,STATIC,29.07,STATIC,101.62,STATIC,109.28,STATIC,147.28,STATIC,158.24,STATIC,False,0.007,60.0,0.000
129.17833333333334,3099,38.59,STATIC,165.94,STATIC,73.07,STATIC,29.30,STATIC,101.40,STATIC,108.41,STATIC,147.36,STATIC,158.92,STATIC,False,0.008,60.0,0.000
129.22,3100,38.41,STATIC,166.13,STATIC,73.40,STATIC,29.19,STATIC,101.37,STATIC,107.47,STATIC,147.14,STATIC,159.77,STATIC,False,0.010,60.0,0.000
129.26166666666668,3101,37.98,STATIC,165.51,STATIC,73.49,STATIC,29.12,STATIC,101.38,STATIC,106.96,STATIC,146.56,STATIC,159.40,STATIC,False,0.011,60.0,0.000
129.30333333333334,3102,37.58,STATIC,164.33,STATIC,73.46,STATIC,28.79,STATIC,101.49,STATIC,106.62,STATIC,146.79,STATIC,159.32,STATIC,False,0.011,60.0,0.000
129.345,3103,37.15,STATIC,164.62,STATIC,73.71,STATIC,29.89,STATIC,101.73,STATIC,106.32,STATIC,147.16,STATIC,160.10,STATIC,False,0.011,60.0,0.000
129.38666666666668,3104,36.69,STATIC,165.67,STATIC,73.81,STATIC,31.32,STATIC,101.92,STATIC,106.21,STATIC,147.46,STATIC,160.29,STATIC,False,0.011,60.0,0.000
129.42833333333334,3105,36.24,STATIC,165.21,STATIC,73.80,STATIC,31.38,STATIC,102.16,STATIC,105.97,STATIC,147.64,STATIC,159.66,STATIC,False,0.011,60.0,0.000
129.47,3106,35.93,STATIC,165.67,STATIC,73.84,STATIC,31.34,STATIC,102.17,STATIC,106.06,STATIC,146.49,STATIC,159.87,STATIC,False,0.010,60.0,0.000
129.51166666666668,3107,35.82,STATIC,166.01,STATIC,73.70,STATIC,31.99,STATIC,102.15,STATIC,106.06,STATIC,146.18,STATIC,160.15,STATIC,False,0.008,60.0,0.000
129.55333333333334,3108,35.61,STATIC,166.63,STATIC,73.63,STATIC,32.94,STATIC,102.13,STATIC,105.88,STATIC,145.76,STATIC,160.55,STATIC,False,0.003,60.0,0.000
129.595,3109,35.03,STATIC,167.12,STATIC,73.52,STATIC,33.33,STATIC,101.91,STATIC,106.18,STATIC,143.85,STATIC,161.02,STATIC,False,0.000,60.0,0.000
129.63666666666668,3110,34.58,STATIC,167.51,STATIC,73.47,STATIC,33.06,STATIC,101.47,STATIC,106.32,STATIC,142.98,STATIC,161.65,STATIC,False,0.000,60.0,0.000
129.67833333333334,3111,34.15,STATIC,168.45,STATIC,73.60,STATIC,32.88,STATIC,101.22,STATIC,106.29,STATIC,142.29,STATIC,161.97,STATIC,False,0.000,60.0,0.000
129.72,3112,34.02,STATIC,169.40,STATIC,73.77,STATIC,31.90,STATIC,101.05,STATIC,106.33,STATIC,141.72,STATIC,162.10,STATIC,False,0.000,60.0,0.000
129.76166666666668,3113,34.44,STATIC,165.38,STATIC,73.50,STATIC,27.78,STATIC,100.88,STATIC,106.24,STATIC,141.19,STATIC,163.09,STATIC,False,0.000,60.0,0.000
129.80333333333334,3114,35.19,STATIC,164.34,STATIC,73.22,STATIC,26.73,STATIC,100.89,STATIC,106.06,STATIC,141.05,STATIC,162.66,STATIC,False,0.000,60.0,0.000
129.845,3115,36.06,STATIC,162.21,STATIC,72.83,STATIC,26.09,STATIC,100.89,STATIC,106.04,STATIC,140.72,STATIC,162.11,STATIC,False,0.000,60.0,0.000
129.88666666666668,3116,37.00,STATIC,162.03,STATIC,72.58,STATIC,27.13,STATIC,100.84,STATIC,106.24,STATIC,139.69,STATIC,161.17,STATIC,False,0.000,60.0,0.000
129.93,3117,37.91,STATIC,163.23,STATIC,72.60,STATIC,27.49,STATIC,100.70,STATIC,106.25,STATIC,140.04,STATIC,161.95,STATIC,False,0.000,60.0,0.000
129.97166666666666,3118,38.64,STATIC,163.01,STATIC,72.25,STATIC,31.42,STATIC,100.35,STATIC,105.63,STATIC,138.53,STATIC,160.37,STATIC,False,0.000,60.0,0.000
130.01333333333335,3119,39.35,STATIC,163.60,STATIC,71.95,STATIC,31.37,STATIC,100.43,STATIC,105.92,STATIC,137.70,STATIC,160.65,STATIC,False,0.000,60.0,0.000
130.055,3120,40.01,STATIC,162.12,STATIC,71.38,STATIC,32.26,STATIC,100.49,STATIC,105.78,STATIC,135.58,STATIC,159.63,STATIC,False,0.005,60.0,0.000
130.09666666666666,3121,40.14,STATIC,160.93,STATIC,71.03,STATIC,33.36,STATIC,99.97,STATIC,104.96,STATIC,134.51,STATIC,158.84,STATIC,False,0.007,60.0,0.000
130.13833333333335,3122,40.49,STATIC,156.62,STATIC,70.38,STATIC,32.99,STATIC,98.92,STATIC,104.12,STATIC,132.95,STATIC,159.38,STATIC,False,0.009,60.0,0.000
130.18,3123,41.27,STATIC,158.45,STATIC,70.06,STATIC,33.59,STATIC,98.98,STATIC,103.50,STATIC,135.01,STATIC,160.76,STATIC,False,0.005,60.0,0.000
130.22166666666666,3124,41.86,STATIC,157.89,STATIC,69.68,STATIC,33.55,STATIC,99.54,STATIC,103.66,STATIC,135.07,STATIC,159.42,STATIC,False,0.008,60.0,0.000
130.26333333333335,3125,42.11,STATIC,157.39,STATIC,69.37,STATIC,33.69,STATIC,99.15,STATIC,103.43,STATIC,133.94,STATIC,158.85,STATIC,False,0.008,60.0,0.000
130.305,3126,42.58,STATIC,159.95,STATIC,69.25,STATIC,39.24,EXTENSION,98.22,STATIC,103.05,STATIC,133.84,STATIC,157.82,STATIC,False,0.004,60.0,0.000
130.34666666666666,3127,42.02,STATIC,160.23,STATIC,69.48,STATIC,39.88,STATIC,98.49,STATIC,102.42,STATIC,134.57,STATIC,157.26,STATIC,False,0.006,60.0,0.000
130.38833333333335,3128,41.23,STATIC,161.19,STATIC,69.90,STATIC,40.05,STATIC,98.71,STATIC,101.59,STATIC,133.91,STATIC,154.50,STATIC,False,0.004,60.0,0.000
130.43,3129,40.73,STATIC,162.39,STATIC,70.11,STATIC,41.15,STATIC,98.49,STATIC,101.23,STATIC,134.44,STATIC,154.33,STATIC,False,0.002,60.0,0.000
130.47166666666666,3130,40.90,STATIC,160.74,STATIC,69.39,STATIC,47.11,EXTENSION,96.95,STATIC,100.06,STATIC,131.44,STATIC,151.99,STATIC,False,0.012,60.0,0.000
130.51333333333335,3131,40.15,STATIC,157.60,STATIC,70.03,STATIC,44.81,STATIC,97.73,STATIC,99.75,STATIC,132.59,STATIC,150.18,STATIC,False,0.009,60.0,0.000
130.555,3132,45.67,EXTENSION,156.02,STATIC,68.37,STATIC,44.29,STATIC,97.18,STATIC,99.11,STATIC,129.56,STATIC,148.68,STATIC,False,0.023,60.0,0.000
130.59666666666666,3133,45.22,STATIC,154.47,STATIC,70.27,STATIC,44.64,STATIC,98.14,STATIC,98.94,STATIC,129.02,STATIC,146.68,STATIC,False,0.027,60.0,0.000
130.63833333333335,3134,49.71,STATIC,153.29,STATIC,72.61,STATIC,32.59,FLEXION,99.11,STATIC,99.43,STATIC,130.65,STATIC,146.52,STATIC,False,0.192,60.0,0.000
130.68,3135,51.67,STATIC,153.07,STATIC,75.46,STATIC,30.27,STATIC,99.33,STATIC,98.81,STATIC,127.81,STATIC,145.22,STATIC,False,0.030,60.0,0.000
130.72166666666666,3136,50.00,STATIC,152.66,STATIC,79.28,STATIC,29.71,STATIC,99.15,STATIC,98.59,STATIC,125.71,STATIC,141.04,STATIC,False,0.044,60.0,0.000
130.76333333333335,3137,47.23,STATIC,149.82,STATIC,80.32,STATIC,31.59,STATIC,98.57,STATIC,97.40,STATIC,125.47,STATIC,138.69,STATIC,False,0.051,60.0,0.000
130.805,3138,42.92,STATIC,146.07,STATIC,79.73,STATIC,32.81,STATIC,96.68,STATIC,96.10,STATIC,122.64,STATIC,136.94,STATIC,False,0.059,60.0,0.000
130.84666666666666,3139,61.55,EXTENSION,139.04,FLEXION,80.81,STATIC,43.25,EXTENSION,96.94,STATIC,95.73,STATIC,120.32,STATIC,135.45,STATIC,False,0.062,60.0,0.000
130.88833333333335,3140,70.48,EXTENSION,135.22,STATIC,80.43,STATIC,39.15,STATIC,97.98,STATIC,97.17,STATIC,117.68,STATIC,133.69,STATIC,False,0.071,60.0,0.000
130.93,3141,68.90,STATIC,133.96,STATIC,80.38,STATIC,35.57,STATIC,95.59,STATIC,93.96,STATIC,112.81,STATIC,129.79,STATIC,False,0.068,60.0,0.000
130.97166666666666,3142,69.24,STATIC,134.37,STATIC,78.35,STATIC,32.54,STATIC,97.58,STATIC,95.08,STATIC,116.21,STATIC,131.13,STATIC,False,0.071,60.0,0.000
131.01333333333335,3143,66.10,STATIC,131.33,STATIC,78.22,STATIC,39.36,EXTENSION,98.39,STATIC,95.26,STATIC,116.21,STATIC,132.65,STATIC,False,0.075,60.0,0.000
131.055,3144,67.42,STATIC,131.99,STATIC,77.70,STATIC,31.75,FLEXION,97.23,STATIC,94.55,STATIC,114.34,STATIC,133.84,STATIC,False,0.231,60.0,0.000
131.09666666666666,3145,65.20,STATIC,127.84,STATIC,77.29,STATIC,36.80,EXTENSION,101.83,STATIC,100.77,EXTENSION,114.79,STATIC,135.03,STATIC,False,0.062,60.0,0.000
131.13833333333335,3146,59.31,FLEXION,126.13,STATIC,77.69,STATIC,37.10,STATIC,102.67,STATIC,101.04,STATIC,113.23,STATIC,133.28,STATIC,False,0.061,60.0,0.000
131.18,3147,64.04,STATIC,129.14,STATIC,77.91,STATIC,32.68,STATIC,100.81,STATIC,98.89,STATIC,113.51,STATIC,135.51,STATIC,False,0.061,60.0,0.000
131.22166666666666,3148,70.75,EXTENSION,123.58,FLEXION,78.30,STATIC,49.45,EXTENSION,102.89,STATIC,103.01,STATIC,111.92,STATIC,133.67,STATIC,False,0.058,60.0,0.000
131.26333333333335,3149,67.63,STATIC,126.75,STATIC,77.71,STATIC,39.83,FLEXION,102.37,STATIC,100.55,STATIC,112.72,STATIC,136.38,STATIC,False,0.229,60.0,0.000
131.305,3150,62.09,FLEXION,128.59,STATIC,77.52,STATIC,34.06,FLEXION,102.38,STATIC,100.18,STATIC,111.69,STATIC,137.75,STATIC,False,0.226,60.0,0.000
131.34666666666666,3151,57.34,STATIC,126.77,STATIC,78.41,STATIC,44.50,EXTENSION,104.51,STATIC,102.70,STATIC,110.25,STATIC,134.74,STATIC,False,0.058,60.0,0.000
131.38833333333335,3152,63.14,EXTENSION,127.97,STATIC,78.01,STATIC,43.19,STATIC,102.70,STATIC,100.63,STATIC,109.85,STATIC,139.27,STATIC,False,0.063,60.0,0.000
131.43,3153,65.48,STATIC,127.16,STATIC,77.60,STATIC,51.18,EXTENSION,102.37,STATIC,100.53,STATIC,109.06,STATIC,138.18,STATIC,False,0.061,60.0,0.000
131.47166666666666,3154,67.39,STATIC,127.48,STATIC,77.66,STATIC,53.77,STATIC,101.02,STATIC,97.97,STATIC,109.47,STATIC,139.65,STATIC,False,0.060,60.0,0.000
131.51333333333335,3155,64.49,STATIC,128.38,STATIC,77.82,STATIC,53.51,STATIC,102.95,STATIC,99.88,STATIC,108.12,STATIC,137.34,STATIC,False,0.058,60.0,0.000
131.555,3156,64.87,STATIC,128.15,STATIC,78.80,STATIC,53.23,STATIC,102.79,STATIC,99.07,STATIC,108.39,STATIC,140.91,STATIC,False,0.057,60.0,0.000
131.59666666666666,3157,67.67,STATIC,128.23,STATIC,78.34,STATIC,51.75,STATIC,103.30,STATIC,100.04,STATIC,107.16,STATIC,139.90,STATIC,False,0.059,60.0,0.000
131.63833333333335,3158,69.57,STATIC,128.59,STATIC,78.04,STATIC,55.03,STATIC,102.67,STATIC,99.74,STATIC,106.49,STATIC,140.98,STATIC,False,0.061,60.0,0.000
131.68,3159,72.41,STATIC,130.20,STATIC,77.58,STATIC,53.25,STATIC,104.04,STATIC,102.25,STATIC,106.34,STATIC,135.40,FLEXION,False,0.066,60.0,0.000
131.72166666666666,3160,66.63,FLEXION,131.43,STATIC,78.57,STATIC,51.82,STATIC,104.54,STATIC,102.83,STATIC,106.14,STATIC,132.79,STATIC,False,0.069,60.0,0.000
131.76333333333335,3161,68.61,STATIC,132.92,STATIC,78.03,STATIC,43.99,FLEXION,103.96,STATIC,101.73,STATIC,105.89,STATIC,132.47,STATIC,False,0.240,60.0,0.000
131.805,3162,69.56,STATIC,134.15,STATIC,78.09,STATIC,45.83,STATIC,103.54,STATIC,101.58,STATIC,105.62,STATIC,132.27,STATIC,False,0.075,60.0,0.000
131.84666666666666,3163,65.26,STATIC,134.36,STATIC,78.70,STATIC,53.12,EXTENSION,103.36,STATIC,101.74,STATIC,104.93,STATIC,135.06,STATIC,False,0.074,60.0,0.000
131.88833333333335,3164,69.20,STATIC,134.20,STATIC,78.93,STATIC,52.66,STATIC,102.78,STATIC,100.55,STATIC,104.46,STATIC,134.55,STATIC,False,0.072,60.0,0.000
131.93,3165,70.77,STATIC,134.44,STATIC,78.81,STATIC,56.11,STATIC,102.17,STATIC,100.06,STATIC,103.70,STATIC,134.96,STATIC,False,0.072,60.0,0.000
131.97166666666666,3166,71.80,STATIC,134.31,STATIC,78.80,STATIC,56.97,STATIC,100.79,STATIC,98.19,STATIC,102.71,STATIC,136.35,STATIC,False,0.072,60.0,0.000
132.01333333333335,3167,75.99,STATIC,133.82,STATIC,78.26,STATIC,55.63,STATIC,100.01,STATIC,97.00,STATIC,102.10,STATIC,137.15,STATIC,False,0.071,60.0,0.000
132.055,3168,73.06,STATIC,135.13,STATIC,79.75,STATIC,50.62,FLEXION,103.45,STATIC,102.41,EXTENSION,104.91,STATIC,139.56,STATIC,False,0.238,60.0,0.000
132.09666666666666,3169,74.83,STATIC,138.72,STATIC,80.07,STATIC,49.16,STATIC,103.74,STATIC,103.30,STATIC,105.15,STATIC,137.28,STATIC,False,0.075,60.0,0.000
132.13833333333335,3170,75.90,STATIC,141.14,STATIC,79.70,STATIC,51.71,STATIC,103.45,STATIC,102.88,STATIC,105.22,STATIC,135.57,STATIC,False,0.077,60.0,0.000
132.18,3171,79.41,STATIC,142.32,STATIC,79.19,STATIC,57.63,EXTENSION,103.34,STATIC,102.77,STATIC,105.47,STATIC,133.41,STATIC,False,0.077,60.0,0.000
132.22166666666666,3172,77.82,STATIC,143.56,STATIC,79.06,STATIC,57.66,STATIC,103.06,STATIC,101.99,STATIC,105.42,STATIC,132.07,STATIC,False,0.077,60.0,0.000
132.26333333333335,3173,77.77,STATIC,143.37,STATIC,78.72,STATIC,56.30,STATIC,103.13,STATIC,101.07,STATIC,105.37,STATIC,128.61,STATIC,False,0.078,60.0,0.000
132.305,3174,74.45,STATIC,144.18,STATIC,78.82,STATIC,59.65,STATIC,103.09,STATIC,101.01,STATIC,104.62,STATIC,127.42,STATIC,False,0.077,60.0,0.000
132.34666666666666,3175,74.29,STATIC,146.20,STATIC,79.61,STATIC,64.22,STATIC,103.75,STATIC,103.20,STATIC,105.04,STATIC,126.68,STATIC,False,0.079,60.0,0.000
132.38833333333335,3176,75.03,STATIC,147.82,STATIC,79.97,STATIC,62.95,STATIC,103.80,STATIC,103.20,STATIC,104.90,STATIC,124.46,STATIC,False,0.079,60.0,0.000
132.43,3177,75.88,STATIC,149.46,STATIC,80.41,STATIC,60.42,STATIC,103.85,STATIC,102.98,STATIC,104.67,STATIC,121.93,STATIC,False,0.078,60.0,0.000
132.47166666666666,3178,77.49,STATIC,149.89,STATIC,80.78,STATIC,55.63,STATIC,103.82,STATIC,102.80,STATIC,104.44,STATIC,119.54,STATIC,False,0.078,60.0,0.000
132.51333333333335,3179,78.42,STATIC,151.01,STATIC,80.98,STATIC,54.51,STATIC,103.77,STATIC,102.47,STATIC,104.25,STATIC,117.36,STATIC,False,0.078,60.0,0.000
132.555,3180,79.12,STATIC,152.13,STATIC,80.94,STATIC,54.68,STATIC,103.56,STATIC,102.22,STATIC,103.90,STATIC,115.22,STATIC,False,0.079,60.0,0.000
132.59666666666666,3181,79.89,STATIC,151.97,STATIC,80.60,STATIC,55.39,STATIC,103.71,STATIC,102.26,STATIC,103.81,STATIC,112.85,STATIC,False,0.080,60.0,0.000
132.63833333333335,3182,80.24,STATIC,153.16,STATIC,80.84,STATIC,55.70,STATIC,103.61,STATIC,102.03,STATIC,103.56,STATIC,111.21,STATIC,False,0.080,60.0,0.000
132.68,3183,80.13,STATIC,153.69,STATIC,81.21,STATIC,57.03,STATIC,103.34,STATIC,101.82,STATIC,103.28,STATIC,109.75,STATIC,False,0.081,60.0,0.000
132.72166666666666,3184,79.67,STATIC,155.02,STATIC,81.64,STATIC,60.27,STATIC,103.34,STATIC,101.73,STATIC,103.03,STATIC,108.26,STATIC,False,0.080,60.0,0.000
132.76333333333335,3185,79.59,STATIC,155.57,STATIC,81.70,STATIC,61.12,STATIC,103.37,STATIC,101.83,STATIC,102.90,STATIC,107.03,STATIC,False,0.080,60.0,0.000
132.805,3186,79.39,STATIC,156.07,STATIC,81.76,STATIC,60.35,STATIC,103.39,STATIC,101.75,STATIC,102.83,STATIC,105.79,STATIC,False,0.081,60.0,0.000
132.84666666666666,3187,79.68,STATIC,156.10,STATIC,81.79,STATIC,60.69,STATIC,103.28,STATIC,101.65,STATIC,102.55,STATIC,104.94,STATIC,False,0.081,60.0,0.000
132.88833333333335,3188,80.21,STATIC,155.79,STATIC,81.91,STATIC,59.34,STATIC,103.24,STATIC,101.58,STATIC,102.45,STATIC,104.06,STATIC,False,0.082,60.0,0.000
132.93,3189,80.49,STATIC,154.92,STATIC,81.67,STATIC,57.99,STATIC,102.92,STATIC,101.56,STATIC,102.19,STATIC,103.40,STATIC,False,0.083,60.0,0.000
132.97166666666666,3190,81.73,STATIC,155.07,STATIC,81.87,STATIC,56.41,STATIC,102.99,STATIC,101.39,STATIC,102.24,STATIC,102.53,STATIC,False,0.082,60.0,0.000
133.01333333333335,3191,84.18,STATIC,156.63,STATIC,81.34,STATIC,59.17,STATIC,103.30,STATIC,101.64,STATIC,102.47,STATIC,101.84,STATIC,False,0.084,60.0,0.000
133.055,3192,83.72,STATIC,156.57,STATIC,81.25,STATIC,58.94,STATIC,103.52,STATIC,101.77,STATIC,102.51,STATIC,100.61,STATIC,False,0.086,60.0,0.000
133.09666666666666,3193,85.15,STATIC,157.18,STATIC,80.83,STATIC,60.97,STATIC,103.26,STATIC,101.54,STATIC,102.11,STATIC,99.10,STATIC,False,0.087,60.0,0.000
133.13833333333335,3194,84.57,STATIC,157.71,STATIC,81.11,STATIC,60.01,STATIC,102.98,STATIC,101.24,STATIC,101.70,STATIC,97.83,STATIC,False,0.087,60.0,0.000
133.18,3195,85.97,STATIC,156.93,STATIC,81.00,STATIC,57.30,STATIC,102.33,STATIC,100.08,STATIC,100.81,STATIC,95.83,STATIC,False,0.086,60.0,0.000
133.22166666666666,3196,84.12,STATIC,157.97,STATIC,81.71,STATIC,59.05,STATIC,102.58,STATIC,100.17,STATIC,100.97,STATIC,94.16,STATIC,False,0.086,60.0,0.000
133.26333333333335,3197,82.61,STATIC,158.76,STATIC,82.46,STATIC,60.46,STATIC,102.60,STATIC,100.93,STATIC,101.53,STATIC,95.14,STATIC,False,0.088,60.0,0.000
133.305,3198,82.30,STATIC,159.63,STATIC,82.48,STATIC,62.42,STATIC,102.49,STATIC,100.72,STATIC,101.42,STATIC,94.09,STATIC,False,0.086,60.0,0.000
133.34666666666666,3199,83.67,STATIC,161.76,STATIC,82.78,STATIC,80.69,EXTENSION,101.87,STATIC,98.05,STATIC,101.16,STATIC,94.49,STATIC,False,0.086,60.0,0.000
133.38833333333335,3200,80.35,STATIC,161.36,STATIC,83.81,STATIC,77.08,STATIC,100.79,STATIC,96.53,STATIC,100.25,STATIC,100.62,EXTENSION,False,0.083,60.0,0.000
133.43,3201,89.76,EXTENSION,160.37,STATIC,81.10,STATIC,68.84,FLEXION,101.28,STATIC,98.89,STATIC,100.70,STATIC,101.75,STATIC,False,0.253,60.0,0.000
133.47166666666666,3202,88.76,STATIC,159.91,STATIC,81.17,STATIC,65.14,STATIC,100.79,STATIC,97.52,STATIC,100.14,STATIC,97.82,STATIC,False,0.087,60.0,0.000
133.51333333333335,3203,84.40,STATIC,157.70,STATIC,82.57,STATIC,56.21,FLEXION,100.68,STATIC,97.87,STATIC,100.69,STATIC,104.31,EXTENSION,False,0.259,60.0,0.000
133.555,3204,86.37,STATIC,157.70,STATIC,82.45,STATIC,57.64,STATIC,100.82,STATIC,98.13,STATIC,100.70,STATIC,109.08,STATIC,False,0.092,60.0,0.000
133.59666666666666,3205,86.11,STATIC,157.83,STATIC,82.30,STATIC,57.65,STATIC,100.20,STATIC,96.74,STATIC,100.22,STATIC,112.45,STATIC,False,0.093,60.0,0.000
133.63833333333335,3206,86.88,STATIC,158.51,STATIC,82.59,STATIC,64.22,EXTENSION,99.81,STATIC,97.90,STATIC,100.51,STATIC,116.86,STATIC,False,0.092,60.0,0.000
133.68,3207,80.63,FLEXION,159.29,STATIC,84.07,STATIC,65.98,STATIC,98.57,STATIC,96.08,STATIC,98.56,STATIC,127.67,EXTENSION,False,0.085,60.0,0.000
133.72166666666666,3208,80.17,STATIC,159.48,STATIC,84.69,STATIC,74.28,EXTENSION,99.01,STATIC,98.84,STATIC,99.47,STATIC,129.28,STATIC,False,0.080,60.0,0.000
133.76333333333335,3209,86.53,EXTENSION,157.70,STATIC,83.14,STATIC,58.28,FLEXION,99.50,STATIC,98.68,STATIC,100.63,STATIC,128.42,STATIC,False,0.257,60.0,0.000
133.805,3210,81.54,STATIC,157.47,STATIC,84.57,STATIC,71.56,EXTENSION,98.88,STATIC,98.53,STATIC,101.18,STATIC,136.07,EXTENSION,False,0.083,60.0,0.000
133.84666666666666,3211,80.39,STATIC,157.23,STATIC,84.27,STATIC,70.40,STATIC,99.26,STATIC,98.60,STATIC,101.97,STATIC,138.05,STATIC,False,0.085,60.0,0.000
133.88833333333335,3212,80.48,STATIC,155.91,STATIC,84.17,STATIC,70.97,STATIC,99.16,STATIC,99.38,STATIC,102.56,STATIC,142.98,STATIC,False,0.080,60.0,0.000
133.93166666666667,3213,88.61,EXTENSION,152.85,STATIC,82.64,STATIC,56.70,FLEXION,99.30,STATIC,96.95,STATIC,103.91,STATIC,139.39,STATIC,False,0.258,60.0,0.000
133.97333333333333,3214,92.35,STATIC,152.25,STATIC,81.50,STATIC,63.12,EXTENSION,98.97,STATIC,96.47,STATIC,104.67,STATIC,141.72,STATIC,False,0.093,60.0,0.000
134.01500000000004,3215,88.67,STATIC,150.64,STATIC,82.65,STATIC,62.50,STATIC,98.55,STATIC,95.61,STATIC,105.64,STATIC,146.93,EXTENSION,False,0.091,60.0,0.000
134.05666666666667,3216,92.04,STATIC,147.42,STATIC,82.30,STATIC,67.09,STATIC,98.20,STATIC,96.15,STATIC,106.91,STATIC,149.33,STATIC,False,0.088,60.0,0.000
134.09833333333333,3217,91.72,STATIC,146.94,STATIC,82.74,STATIC,69.56,STATIC,97.61,STATIC,94.87,STATIC,108.05,STATIC,149.68,STATIC,False,0.086,60.0,0.000
134.14000000000004,3218,90.40,STATIC,146.29,STATIC,83.35,STATIC,70.24,STATIC,97.28,STATIC,95.20,STATIC,108.60,STATIC,152.03,STATIC,False,0.084,60.0,0.000
134.18166666666667,3219,91.19,STATIC,145.40,STATIC,83.32,STATIC,75.08,STATIC,95.48,STATIC,92.12,STATIC,110.24,STATIC,153.53,STATIC,False,0.080,60.0,0.000
134.22333333333333,3220,92.36,STATIC,144.70,STATIC,82.97,STATIC,66.52,FLEXION,95.25,STATIC,90.15,STATIC,108.08,STATIC,152.03,STATIC,False,0.252,60.0,0.000
134.26500000000004,3221,93.89,STATIC,143.37,STATIC,82.62,STATIC,66.42,STATIC,95.18,STATIC,91.43,STATIC,109.16,STATIC,151.76,STATIC,False,0.086,60.0,0.000
134.30666666666667,3222,96.37,STATIC,141.91,STATIC,81.70,STATIC,71.41,STATIC,94.28,STATIC,90.63,STATIC,108.82,STATIC,151.96,STATIC,False,0.087,60.0,0.000
134.34833333333333,3223,96.24,STATIC,141.10,STATIC,81.91,STATIC,69.95,STATIC,94.82,STATIC,92.10,STATIC,110.71,STATIC,151.36,STATIC,False,0.090,60.0,0.000
134.39000000000004,3224,97.84,STATIC,139.58,STATIC,81.72,STATIC,77.40,EXTENSION,94.61,STATIC,90.10,STATIC,111.80,STATIC,151.89,STATIC,False,0.091,60.0,0.000
134.43166666666667,3225,96.87,STATIC,138.08,STATIC,81.15,STATIC,82.30,STATIC,94.73,STATIC,89.26,STATIC,110.97,STATIC,153.87,STATIC,False,0.090,60.0,0.000
134.47333333333333,3226,96.03,STATIC,137.34,STATIC,81.30,STATIC,73.93,FLEXION,94.37,STATIC,89.06,STATIC,108.84,STATIC,151.20,STATIC,False,0.257,60.0,0.000
134.51500000000004,3227,86.71,FLEXION,135.48,STATIC,84.03,STATIC,81.10,EXTENSION,93.14,STATIC,89.56,STATIC,107.89,STATIC,151.45,STATIC,False,0.089,60.0,0.000
134.55666666666667,3228,87.12,STATIC,138.31,STATIC,84.37,STATIC,43.74,FLEXION,95.28,STATIC,92.70,STATIC,109.92,STATIC,148.00,STATIC,False,0.257,60.0,0.000
134.59833333333333,3229,86.47,STATIC,139.04,STATIC,84.74,STATIC,60.06,EXTENSION,94.05,STATIC,90.12,STATIC,111.74,STATIC,145.30,STATIC,False,0.087,60.0,0.000
134.64000000000004,3230,89.22,STATIC,138.58,STATIC,84.33,STATIC,60.97,STATIC,94.58,STATIC,90.62,STATIC,110.02,STATIC,149.20,STATIC,False,0.087,60.0,0.000
134.68166666666667,3231,87.60,STATIC,138.54,STATIC,84.70,STATIC,68.15,EXTENSION,93.49,STATIC,88.06,STATIC,109.35,STATIC,150.03,STATIC,False,0.086,60.0,0.000
134.72333333333333,3232,85.61,STATIC,139.39,STATIC,85.22,STATIC,61.72,FLEXION,94.25,STATIC,90.60,STATIC,110.84,STATIC,147.48,STATIC,False,0.252,60.0,0.000
134.76500000000004,3233,86.04,STATIC,141.55,STATIC,85.88,STATIC,59.19,STATIC,95.15,STATIC,94.37,STATIC,112.19,STATIC,148.01,STATIC,False,0.086,60.0,0.000
134.80666666666667,3234,88.24,STATIC,143.81,STATIC,84.99,STATIC,46.22,FLEXION,96.57,STATIC,95.77,STATIC,112.11,STATIC,149.47,STATIC,False,0.257,60.0,0.000
134.84833333333333,3235,88.25,STATIC,145.34,STATIC,84.90,STATIC,50.47,STATIC,95.76,STATIC,94.49,STATIC,110.80,STATIC,149.01,STATIC,False,0.095,60.0,0.000
134.89000000000004,3236,95.43,EXTENSION,141.34,STATIC,81.90,STATIC,53.40,STATIC,96.65,STATIC,94.83,STATIC,112.16,STATIC,150.20,STATIC,False,0.094,60.0,0.000
134.93166666666667,3237,95.52,STATIC,140.61,STATIC,81.25,STATIC,49.68,STATIC,97.35,STATIC,94.50,STATIC,112.86,STATIC,148.44,STATIC,False,0.096,60.0,0.000
134.97333333333333,3238,92.00,STATIC,140.19,STATIC,83.06,STATIC,58.31,EXTENSION,96.69,STATIC,94.09,STATIC,112.40,STATIC,148.61,STATIC,False,0.096,60.0,0.000
135.01500000000004,3239,89.20,STATIC,138.50,STATIC,83.35,STATIC,40.93,FLEXION,97.22,STATIC,94.85,STATIC,110.90,STATIC,148.85,STATIC,False,0.262,60.0,0.000
135.05666666666667,3240,93.00,STATIC,136.72,STATIC,82.39,STATIC,41.33,STATIC,97.56,STATIC,94.85,STATIC,111.12,STATIC,150.27,STATIC,False,0.095,60.0,0.000
135.09833333333333,3241,92.94,STATIC,135.77,STATIC,82.53,STATIC,44.88,STATIC,97.38,STATIC,92.79,STATIC,109.75,STATIC,149.20,STATIC,False,0.094,60.0,0.000
135.14000000000004,3242,90.34,STATIC,137.62,STATIC,83.39,STATIC,47.42,STATIC,97.40,STATIC,90.06,STATIC,107.11,STATIC,147.49,STATIC,False,0.096,60.0,0.000
135.18166666666667,3243,92.53,STATIC,138.18,STATIC,82.64,STATIC,46.81,STATIC,97.88,STATIC,96.61,EXTENSION,106.77,STATIC,150.75,STATIC,False,0.097,60.0,0.000
135.22333333333333,3244,97.11,STATIC,137.13,STATIC,80.73,STATIC,61.30,EXTENSION,98.02,STATIC,95.45,STATIC,105.56,STATIC,150.69,STATIC,False,0.099,60.0,0.000
135.26500000000004,3245,95.61,STATIC,137.10,STATIC,81.06,STATIC,76.19,EXTENSION,94.72,STATIC,93.01,STATIC,102.66,STATIC,150.40,STATIC,False,0.096,60.0,0.000
135.30666666666667,3246,84.58,FLEXION,136.32,STATIC,80.79,STATIC,82.55,EXTENSION,93.10,STATIC,90.68,STATIC,97.36,FLEXION,149.63,STATIC,False,0.094,60.0,0.000
135.34833333333333,3247,74.72,FLEXION,135.61,STATIC,80.81,STATIC,81.90,STATIC,91.96,STATIC,84.73,FLEXION,95.57,STATIC,139.27,FLEXION,False,0.094,60.0,0.000
135.39000000000004,3248,64.96,FLEXION,135.08,STATIC,82.24,STATIC,79.49,STATIC,92.17,STATIC,88.55,STATIC,96.20,STATIC,144.40,EXTENSION,False,0.096,60.0,0.000
135.43166666666667,3249,83.12,EXTENSION,134.12,STATIC,82.14,STATIC,72.13,FLEXION,92.24,STATIC,90.14,STATIC,97.10,STATIC,141.08,STATIC,False,0.262,60.0,0.000
135.47333333333333,3250,99.42,EXTENSION,130.86,STATIC,83.61,STATIC,93.02,EXTENSION,90.20,STATIC,87.39,STATIC,97.73,STATIC,143.20,STATIC,False,0.091,60.0,0.000
135.51500000000004,3251,119.72,EXTENSION,129.74,STATIC,83.72,STATIC,92.41,STATIC,89.66,STATIC,86.83,STATIC,97.33,STATIC,140.18,STATIC,False,0.091,60.0,0.000
135.55666666666667,3252,136.48,EXTENSION,127.92,STATIC,84.33,STATIC,93.80,STATIC,89.27,STATIC,87.17,STATIC,97.22,STATIC,136.25,STATIC,False,0.092,60.0,0.000
135.59833333333333,3253,146.49,EXTENSION,127.88,STATIC,82.53,STATIC,86.61,FLEXION,90.99,STATIC,88.42,STATIC,99.09,STATIC,129.56,FLEXION,False,0.262,60.0,0.000
135.64000000000004,3254,149.38,STATIC,128.75,STATIC,80.81,STATIC,64.21,FLEXION,94.46,STATIC,90.26,STATIC,103.35,STATIC,129.93,STATIC,False,0.267,60.0,0.000
135.68166666666667,3255,150.35,STATIC,128.19,STATIC,80.78,STATIC,72.36,EXTENSION,93.53,STATIC,88.90,STATIC,103.11,STATIC,136.30,EXTENSION,False,0.100,60.0,0.000
135.72333333333333,3256,151.79,STATIC,126.93,STATIC,81.07,STATIC,74.26,STATIC,93.43,STATIC,90.53,STATIC,102.20,STATIC,137.61,STATIC,False,0.099,60.0,0.000
135.76500000000004,3257,153.52,STATIC,127.94,STATIC,80.27,STATIC,56.31,FLEXION,98.28,STATIC,96.45,EXTENSION,107.55,EXTENSION,137.45,STATIC,False,0.268,60.0,0.000
135.80666666666667,3258,153.32,STATIC,126.57,STATIC,79.87,STATIC,54.78,STATIC,96.28,STATIC,91.59,STATIC,108.20,STATIC,133.96,STATIC,False,0.103,60.0,0.000
135.84833333333333,3259,150.82,STATIC,126.20,STATIC,79.47,STATIC,64.38,EXTENSION,94.63,STATIC,87.33,STATIC,107.59,STATIC,131.64,STATIC,False,0.102,60.0,0.000
135.89000000000004,3260,153.31,STATIC,125.72,STATIC,79.54,STATIC,74.02,EXTENSION,96.83,STATIC,92.15,STATIC,110.02,STATIC,135.13,STATIC,False,0.102,60.0,0.000
135.93166666666667,3261,153.15,STATIC,126.67,STATIC,79.58,STATIC,74.86,STATIC,96.54,STATIC,93.36,STATIC,111.05,STATIC,137.82,STATIC,False,0.102,60.0,0.000
135.97333333333333,3262,150.68,STATIC,126.32,STATIC,79.61,STATIC,63.54,FLEXION,98.03,STATIC,94.78,STATIC,111.93,STATIC,141.36,STATIC,False,0.270,60.0,0.000
136.01500000000004,3263,151.28,STATIC,126.21,STATIC,79.81,STATIC,60.04,STATIC,98.07,STATIC,95.99,STATIC,111.83,STATIC,143.68,STATIC,False,0.103,60.0,0.000
136.05666666666667,3264,151.69,STATIC,126.94,STATIC,81.00,STATIC,62.56,STATIC,94.55,STATIC,90.55,FLEXION,113.55,STATIC,139.63,STATIC,False,0.100,60.0,0.000
136.09833333333333,3265,149.54,STATIC,127.44,STATIC,80.71,STATIC,66.79,STATIC,95.91,STATIC,93.52,STATIC,116.49,STATIC,143.52,STATIC,False,0.099,60.0,0.000
136.14000000000004,3266,167.58,EXTENSION,127.75,STATIC,84.95,STATIC,58.52,FLEXION,98.35,STATIC,102.86,EXTENSION,113.84,STATIC,154.63,EXTENSION,False,0.262,60.0,0.000
136.18166666666667,3267,161.39,FLEXION,128.71,STATIC,85.01,STATIC,69.26,EXTENSION,97.65,STATIC,99.89,STATIC,112.18,STATIC,154.43,STATIC,False,0.094,60.0,0.000
136.22333333333333,3268,153.00,FLEXION,126.07,STATIC,84.28,STATIC,46.12,FLEXION,99.13,STATIC,105.14,EXTENSION,111.55,STATIC,156.51,STATIC,False,0.262,60.0,0.000
136.26500000000004,3269,140.25,FLEXION,125.84,STATIC,81.78,STATIC,51.84,EXTENSION,98.26,STATIC,100.82,STATIC,110.13,STATIC,152.65,STATIC,False,0.098,60.0,0.000
136.30666666666667,3270,153.10,EXTENSION,124.81,STATIC,82.41,STATIC,47.77,STATIC,98.85,STATIC,106.97,EXTENSION,110.51,STATIC,159.04,EXTENSION,False,0.097,60.0,0.000
136.34833333333333,3271,157.86,STATIC,125.79,STATIC,84.35,STATIC,43.88,STATIC,98.99,STATIC,106.91,STATIC,110.26,STATIC,158.48,STATIC,False,0.096,60.0,0.000
136.39000000000004,3272,143.23,FLEXION,125.46,STATIC,82.83,STATIC,50.42,EXTENSION,98.67,STATIC,107.05,STATIC,109.76,STATIC,159.25,STATIC,False,0.095,60.0,0.000
136.43166666666667,3273,151.54,EXTENSION,125.55,STATIC,83.46,STATIC,43.97,FLEXION,98.43,STATIC,103.35,STATIC,110.18,STATIC,157.12,STATIC,False,0.259,60.0,0.000
136.47333333333333,3274,142.15,FLEXION,129.69,STATIC,83.32,STATIC,57.46,EXTENSION,96.42,STATIC,97.17,FLEXION,109.06,STATIC,156.50,STATIC,False,0.088,60.0,0.000
136.51500000000004,3275,143.56,STATIC,130.47,STATIC,84.17,STATIC,67.35,EXTENSION,94.35,STATIC,93.13,STATIC,108.78,STATIC,150.88,FLEXION,False,0.083,60.0,0.000
136.55666666666667,3276,141.59,STATIC,131.46,STATIC,84.25,STATIC,66.54,STATIC,95.27,STATIC,96.33,STATIC,109.02,STATIC,153.68,STATIC,False,0.082,60.0,0.000
136.59833333333333,3277,145.12,STATIC,130.92,STATIC,84.68,STATIC,67.42,STATIC,94.76,STATIC,96.36,STATIC,108.00,STATIC,154.65,STATIC,False,0.079,60.0,0.000
136.64000000000004,3278,153.10,EXTENSION,131.10,STATIC,85.25,STATIC,66.61,STATIC,95.64,STATIC,98.77,STATIC,106.92,STATIC,158.86,STATIC,False,0.078,60.0,0.000
136.68166666666667,3279,141.78,FLEXION,130.51,STATIC,84.54,STATIC,65.65,STATIC,96.16,STATIC,100.66,STATIC,106.23,STATIC,165.26,EXTENSION,False,0.081,60.0,0.000
136.72333333333333,3280,136.69,FLEXION,130.74,STATIC,84.31,STATIC,64.73,STATIC,96.13,STATIC,99.19,STATIC,105.43,STATIC,164.33,STATIC,False,0.082,60.0,0.000
136.76500000000004,3281,129.00,FLEXION,129.75,STATIC,83.97,STATIC,62.13,STATIC,96.91,STATIC,101.46,STATIC,104.81,STATIC,165.61,STATIC,False,0.084,60.0,0.000
136.80666666666667,3282,118.26,FLEXION,129.53,STATIC,83.56,STATIC,63.64,STATIC,96.89,STATIC,100.95,STATIC,104.28,STATIC,165.09,STATIC,False,0.084,60.0,0.000
136.84833333333333,3283,112.38,FLEXION,129.35,STATIC,83.26,STATIC,63.25,STATIC,97.06,STATIC,101.37,STATIC,103.79,STATIC,164.22,STATIC,False,0.085,60.0,0.000
136.89000000000004,3284,132.38,EXTENSION,129.86,STATIC,85.12,STATIC,60.04,STATIC,97.65,STATIC,102.74,STATIC,104.58,STATIC,163.47,STATIC,False,0.083,60.0,0.000
136.93166666666667,3285,121.19,FLEXION,130.74,STATIC,85.50,STATIC,57.37,STATIC,97.45,STATIC,101.18,STATIC,104.33,STATIC,163.04,STATIC,False,0.082,60.0,0.000
136.97333333333333,3286,124.34,STATIC,129.78,STATIC,84.71,STATIC,55.17,STATIC,97.23,STATIC,101.76,STATIC,104.25,STATIC,162.17,STATIC,False,0.077,60.0,0.000
137.01500000000004,3287,107.81,FLEXION,130.05,STATIC,84.10,STATIC,65.95,EXTENSION,96.61,STATIC,100.56,STATIC,102.96,STATIC,165.69,STATIC,False,0.078,60.0,0.000
137.05666666666667,3288,106.37,STATIC,136.95,EXTENSION,84.49,STATIC,68.12,STATIC,96.71,STATIC,102.16,STATIC,101.95,STATIC,166.71,STATIC,False,0.072,60.0,0.000
137.09833333333333,3289,107.09,STATIC,133.39,STATIC,84.65,STATIC,77.30,EXTENSION,94.40,STATIC,95.59,FLEXION,99.27,STATIC,158.01,FLEXION,False,0.078,60.0,0.000
137.14000000000004,3290,104.24,STATIC,139.52,EXTENSION,84.65,STATIC,60.53,FLEXION,96.17,STATIC,102.89,EXTENSION,99.43,STATIC,166.27,EXTENSION,False,0.235,60.0,0.000
137.18166666666667,3291,106.70,STATIC,133.98,FLEXION,83.09,STATIC,70.57,EXTENSION,97.27,STATIC,101.18,STATIC,100.30,STATIC,161.57,STATIC,False,0.087,60.0,0.000
137.22333333333333,3292,104.35,STATIC,133.07,STATIC,83.70,STATIC,69.15,STATIC,97.89,STATIC,103.02,STATIC,101.13,STATIC,161.72,STATIC,False,0.083,60.0,0.000
137.26500000000004,3293,107.03,STATIC,130.44,STATIC,83.91,STATIC,74.35,EXTENSION,96.76,STATIC,97.11,FLEXION,100.85,STATIC,152.49,FLEXION,False,0.087,60.0,0.000
137.30666666666667,3294,106.52,STATIC,129.88,STATIC,83.38,STATIC,72.20,STATIC,97.98,STATIC,102.66,EXTENSION,102.04,STATIC,158.05,EXTENSION,False,0.088,60.0,0.000
137.34833333333333,3295,107.42,STATIC,129.44,STATIC,83.49,STATIC,71.04,STATIC,97.99,STATIC,102.05,STATIC,102.45,STATIC,157.52,STATIC,False,0.087,60.0,0.000
137.39000000000004,3296,107.68,STATIC,129.43,STATIC,83.70,STATIC,67.58,STATIC,97.79,STATIC,101.92,STATIC,102.22,STATIC,157.29,STATIC,False,0.085,60.0,0.000
137.43166666666667,3297,107.87,STATIC,129.82,STATIC,83.74,STATIC,66.64,STATIC,97.57,STATIC,101.81,STATIC,101.80,STATIC,158.89,STATIC,False,0.085,60.0,0.000
137.47333333333333,3298,109.35,STATIC,129.95,STATIC,83.67,STATIC,64.42,STATIC,97.31,STATIC,100.36,STATIC,101.08,STATIC,158.28,STATIC,False,0.085,60.0,0.000
137.51500000000004,3299,110.85,STATIC,131.23,STATIC,84.06,STATIC,60.23,STATIC,96.88,STATIC,99.98,STATIC,100.80,STATIC,156.78,STATIC,False,0.077,60.0,0.000
137.55666666666667,3300,112.55,STATIC,131.04,STATIC,84.41,STATIC,57.21,STATIC,96.55,STATIC,99.62,STATIC,100.54,STATIC,156.44,STATIC,False,0.073,60.0,0.000
137.59833333333333,3301,113.36,STATIC,131.94,STATIC,84.25,STATIC,61.38,STATIC,96.35,STATIC,98.85,STATIC,100.36,STATIC,156.56,STATIC,False,0.073,60.0,0.000
137.64000000000004,3302,113.63,STATIC,134.23,STATIC,84.71,STATIC,54.16,FLEXION,96.09,STATIC,99.56,STATIC,100.02,STATIC,158.15,STATIC,False,0.234,60.0,0.000
137.68166666666667,3303,115.67,STATIC,133.92,STATIC,84.69,STATIC,61.10,EXTENSION,96.12,STATIC,98.50,STATIC,99.43,STATIC,160.83,STATIC,False,0.069,60.0,0.000
137.72333333333333,3304,117.85,STATIC,132.57,STATIC,84.28,STATIC,69.17,EXTENSION,95.55,STATIC,95.56,STATIC,99.31,STATIC,151.69,FLEXION,False,0.079,60.0,0.000
137.76500000000004,3305,120.64,STATIC,131.72,STATIC,84.80,STATIC,72.87,STATIC,95.00,STATIC,95.20,STATIC,100.01,STATIC,152.37,STATIC,False,0.079,60.0,0.000
137.80666666666667,3306,123.41,STATIC,131.94,STATIC,84.17,STATIC,74.08,STATIC,95.57,STATIC,96.38,STATIC,103.51,STATIC,155.46,STATIC,False,0.085,60.0,0.000
137.84833333333333,3307,128.02,STATIC,130.47,STATIC,83.34,STATIC,74.91,STATIC,96.28,STATIC,96.79,STATIC,105.66,STATIC,150.69,STATIC,False,0.090,60.0,0.000
137.89000000000004,3308,130.31,STATIC,129.80,STATIC,83.87,STATIC,74.63,STATIC,95.97,STATIC,95.94,STATIC,106.69,STATIC,152.78,STATIC,False,0.087,60.0,0.000
137.93333333333334,3309,134.41,STATIC,129.58,STATIC,84.33,STATIC,74.85,STATIC,96.64,STATIC,96.71,STATIC,105.61,STATIC,157.25,STATIC,False,0.085,60.0,0.000
137.97500000000002,3310,134.27,STATIC,129.03,STATIC,83.18,STATIC,75.30,STATIC,94.83,STATIC,93.34,STATIC,104.43,STATIC,149.29,FLEXION,False,0.090,60.0,0.000
138.01666666666668,3311,127.53,FLEXION,127.82,STATIC,82.44,STATIC,76.74,STATIC,94.05,STATIC,88.56,STATIC,102.06,STATIC,148.68,STATIC,False,0.093,60.0,0.000
138.05833333333334,3312,125.11,STATIC,127.51,STATIC,82.14,STATIC,82.35,EXTENSION,94.16,STATIC,87.51,STATIC,99.92,STATIC,148.87,STATIC,False,0.093,60.0,0.000
138.10000000000002,3313,126.51,STATIC,127.92,STATIC,82.27,STATIC,74.64,FLEXION,94.39,STATIC,91.64,STATIC,100.29,STATIC,145.44,STATIC,False,0.259,60.0,0.000
138.14166666666668,3314,123.64,STATIC,127.24,STATIC,82.35,STATIC,70.74,STATIC,94.76,STATIC,92.94,STATIC,100.36,STATIC,143.35,STATIC,False,0.093,60.0,0.000
138.18333333333334,3315,120.43,STATIC,127.10,STATIC,82.15,STATIC,68.38,STATIC,94.84,STATIC,93.60,STATIC,98.95,STATIC,142.00,STATIC,False,0.093,60.0,0.000
138.22500000000002,3316,120.32,STATIC,126.51,STATIC,81.92,STATIC,66.98,STATIC,95.06,STATIC,93.00,STATIC,97.95,STATIC,139.91,STATIC,False,0.094,60.0,0.000
138.26666666666668,3317,119.68,STATIC,126.25,STATIC,82.24,STATIC,65.97,STATIC,95.21,STATIC,93.51,STATIC,96.83,STATIC,138.03,STATIC,False,0.093,60.0,0.000
138.30833333333334,3318,119.64,STATIC,125.83,STATIC,82.45,STATIC,67.52,STATIC,95.11,STATIC,93.76,STATIC,96.19,STATIC,138.23,STATIC,False,0.092,60.0,0.000
138.35000000000002,3319,120.31,STATIC,125.14,STATIC,82.43,STATIC,70.87,STATIC,94.79,STATIC,92.60,STATIC,95.60,STATIC,135.80,STATIC,False,0.092,60.0,0.000
138.39166666666668,3320,120.82,STATIC,124.77,STATIC,83.16,STATIC,75.57,STATIC,94.76,STATIC,91.58,STATIC,94.63,STATIC,134.84,STATIC,False,0.090,60.0,0.000
138.43333333333334,3321,119.98,STATIC,124.35,STATIC,82.70,STATIC,78.34,STATIC,94.95,STATIC,87.43,STATIC,92.01,STATIC,134.03,STATIC,False,0.089,60.0,0.000
138.47500000000002,3322,116.15,STATIC,124.63,STATIC,81.97,STATIC,72.02,FLEXION,96.14,STATIC,88.57,STATIC,91.84,STATIC,136.00,STATIC,False,0.258,60.0,0.000
138.51666666666668,3323,114.77,STATIC,123.93,STATIC,81.41,STATIC,64.42,FLEXION,96.69,STATIC,91.89,STATIC,90.44,STATIC,134.64,STATIC,False,0.260,60.0,0.000
138.55833333333334,3324,114.35,STATIC,123.43,STATIC,81.57,STATIC,64.78,STATIC,95.47,STATIC,91.89,STATIC,87.81,STATIC,131.96,STATIC,False,0.093,60.0,0.000
138.60000000000002,3325,114.58,STATIC,122.95,STATIC,81.76,STATIC,65.54,STATIC,95.08,STATIC,91.84,STATIC,87.59,STATIC,129.43,STATIC,False,0.093,60.0,0.000
138.64166666666668,3326,114.41,STATIC,122.78,STATIC,81.79,STATIC,68.98,STATIC,94.70,STATIC,89.98,STATIC,87.70,STATIC,125.70,STATIC,False,0.093,60.0,0.000
138.68333333333334,3327,114.81,STATIC,122.44,STATIC,81.59,STATIC,72.14,STATIC,94.46,STATIC,89.54,STATIC,87.41,STATIC,125.06,STATIC,False,0.094,60.0,0.000
138.72500000000002,3328,113.03,STATIC,122.60,STATIC,80.92,STATIC,71.01,STATIC,97.54,STATIC,94.98,EXTENSION,91.18,STATIC,131.02,EXTENSION,False,0.097,60.0,0.000
138.76666666666668,3329,109.16,STATIC,122.18,STATIC,80.95,STATIC,70.86,STATIC,98.06,STATIC,94.45,STATIC,90.45,STATIC,134.33,STATIC,False,0.097,60.0,0.000
138.80833333333334,3330,107.30,STATIC,122.72,STATIC,80.85,STATIC,73.81,STATIC,96.86,STATIC,90.55,STATIC,86.82,STATIC,129.38,STATIC,False,0.094,60.0,0.000
138.85000000000002,3331,106.22,STATIC,123.02,STATIC,81.50,STATIC,60.49,FLEXION,96.65,STATIC,91.90,STATIC,85.95,STATIC,124.91,STATIC,False,0.261,60.0,0.000
138.89166666666668,3332,103.56,STATIC,122.49,STATIC,81.41,STATIC,58.65,STATIC,96.68,STATIC,94.65,STATIC,85.75,STATIC,124.18,STATIC,False,0.094,60.0,0.000
138.93333333333334,3333,103.05,STATIC,122.05,STATIC,81.50,STATIC,57.87,STATIC,96.01,STATIC,94.23,STATIC,84.38,STATIC,122.89,STATIC,False,0.093,60.0,0.000
138.97500000000002,3334,104.16,STATIC,121.71,STATIC,81.49,STATIC,59.61,STATIC,96.08,STATIC,91.04,STATIC,84.08,STATIC,119.47,STATIC,False,0.092,60.0,0.000
139.01666666666668,3335,105.70,STATIC,120.27,STATIC,80.71,STATIC,82.09,EXTENSION,96.33,STATIC,80.03,FLEXION,80.25,STATIC,114.81,STATIC,False,0.097,60.0,0.000
139.05833333333334,3336,107.67,STATIC,121.01,STATIC,81.21,STATIC,69.21,FLEXION,95.03,STATIC,83.16,STATIC,76.22,STATIC,112.88,STATIC,False,0.265,60.0,0.000
139.10000000000002,3337,112.94,EXTENSION,121.71,STATIC,81.51,STATIC,65.07,STATIC,95.81,STATIC,95.71,EXTENSION,78.28,STATIC,117.08,STATIC,False,0.099,60.0,0.000
139.14166666666668,3338,117.91,STATIC,120.69,STATIC,81.73,STATIC,67.53,STATIC,95.19,STATIC,96.77,STATIC,73.74,STATIC,121.94,STATIC,False,0.097,60.0,0.000
139.18333333333334,3339,128.13,EXTENSION,121.08,STATIC,81.97,STATIC,67.38,STATIC,93.59,STATIC,96.43,STATIC,73.93,STATIC,126.21,STATIC,False,0.096,60.0,0.000
139.22500000000002,3340,139.95,EXTENSION,121.17,STATIC,81.77,STATIC,69.84,STATIC,95.19,STATIC,94.00,STATIC,77.79,STATIC,126.33,STATIC,False,0.097,60.0,0.000
139.26666666666668,3341,149.09,EXTENSION,121.47,STATIC,81.71,STATIC,64.01,FLEXION,95.26,STATIC,99.25,EXTENSION,84.06,EXTENSION,131.56,EXTENSION,False,0.264,60.0,0.000
139.30833333333334,3342,157.12,EXTENSION,119.59,STATIC,82.36,STATIC,67.14,STATIC,95.47,STATIC,90.37,FLEXION,88.76,STATIC,127.40,STATIC,False,0.099,60.0,0.000
139.35000000000002,3343,159.96,STATIC,119.93,STATIC,81.83,STATIC,62.78,STATIC,98.63,STATIC,98.10,EXTENSION,95.99,EXTENSION,139.38,EXTENSION,False,0.098,60.0,0.000
139.39166666666668,3344,164.12,STATIC,121.70,STATIC,81.41,STATIC,82.33,EXTENSION,95.17,STATIC,82.84,FLEXION,95.11,STATIC,141.14,STATIC,False,0.097,60.0,0.000
139.43333333333334,3345,164.65,STATIC,123.48,STATIC,83.05,STATIC,84.99,STATIC,91.43,STATIC,87.76,STATIC,95.65,STATIC,129.44,FLEXION,False,0.093,60.0,0.000
139.47500000000002,3346,164.11,STATIC,125.16,STATIC,83.90,STATIC,80.53,STATIC,92.79,STATIC,88.00,STATIC,104.94,EXTENSION,136.64,EXTENSION,False,0.094,60.0,0.000
139.51666666666668,3347,167.15,STATIC,124.65,STATIC,82.62,STATIC,77.97,STATIC,94.72,STATIC,96.27,EXTENSION,107.27,STATIC,131.33,FLEXION,False,0.092,60.0,0.000
139.55833333333334,3348,166.91,STATIC,123.65,STATIC,83.50,STATIC,74.20,STATIC,88.69,FLEXION,87.74,FLEXION,107.74,STATIC,116.58,FLEXION,False,0.089,60.0,0.000
139.60000000000002,3349,175.85,EXTENSION,121.98,STATIC,83.53,STATIC,57.77,FLEXION,89.27,STATIC,80.03,FLEXION,106.52,STATIC,106.54,FLEXION,False,0.253,60.0,0.000
139.64166666666668,3350,172.38,STATIC,122.01,STATIC,86.20,STATIC,69.89,EXTENSION,89.91,STATIC,86.11,EXTENSION,114.17,EXTENSION,99.43,FLEXION,False,0.082,60.0,0.000
139.72500000000002,3352,167.44,STATIC,121.62,STATIC,88.32,STATIC,59.68,FLEXION,95.46,EXTENSION,103.73,EXTENSION,118.41,STATIC,115.87,EXTENSION,False,0.218,60.0,0.000
139.76666666666668,3353,165.38,STATIC,121.41,STATIC,86.87,STATIC,61.36,STATIC,96.84,STATIC,105.01,STATIC,115.56,STATIC,120.09,STATIC,False,0.047,60.0,0.000
139.80833333333334,3354,163.28,STATIC,121.67,STATIC,86.66,STATIC,61.96,STATIC,97.38,STATIC,105.16,STATIC,116.34,STATIC,122.44,STATIC,False,0.048,60.0,0.000
139.85000000000002,3355,159.75,STATIC,121.40,STATIC,87.73,STATIC,61.99,STATIC,97.80,STATIC,105.29,STATIC,114.64,STATIC,123.88,STATIC,False,0.042,60.0,0.000
139.89166666666668,3356,157.63,STATIC,121.74,STATIC,87.98,STATIC,57.73,STATIC,98.83,STATIC,106.53,STATIC,112.21,STATIC,125.94,STATIC,False,0.032,60.0,0.000
139.93333333333334,3357,153.13,STATIC,122.16,STATIC,87.64,STATIC,50.78,FLEXION,99.52,STATIC,107.75,STATIC,110.94,STATIC,128.25,STATIC,False,0.190,60.0,0.000
139.97500000000002,3358,151.67,STATIC,123.33,STATIC,83.26,STATIC,38.34,FLEXION,99.99,STATIC,110.09,STATIC,112.21,STATIC,131.22,STATIC,False,0.185,60.0,0.000
140.01666666666668,3359,148.73,STATIC,125.87,STATIC,82.33,STATIC,37.14,STATIC,99.72,STATIC,112.34,STATIC,112.61,STATIC,133.53,STATIC,False,0.013,60.0,0.000
140.05833333333334,3360,149.78,STATIC,127.06,STATIC,74.60,FLEXION,33.71,STATIC,99.75,STATIC,110.91,STATIC,114.19,STATIC,135.76,STATIC,False,0.181,60.0,0.000
140.10000000000002,3361,148.31,STATIC,128.53,STATIC,71.73,STATIC,28.85,STATIC,99.58,STATIC,109.32,STATIC,113.58,STATIC,132.25,STATIC,False,0.017,60.0,0.000
140.14166666666668,3362,145.69,STATIC,129.20,STATIC,68.76,STATIC,29.93,STATIC,100.10,STATIC,106.00,STATIC,116.93,STATIC,129.59,STATIC,False,0.012,60.0,0.000
140.18333333333334,3363,142.41,STATIC,131.25,STATIC,67.19,STATIC,34.20,STATIC,99.48,STATIC,105.97,STATIC,118.56,STATIC,124.51,FLEXION,False,0.005,60.0,0.000
140.22500000000002,3364,138.67,STATIC,132.13,STATIC,67.05,STATIC,33.99,STATIC,99.56,STATIC,108.23,STATIC,122.19,STATIC,131.12,EXTENSION,False,0.007,60.0,0.000
140.26666666666668,3365,129.93,FLEXION,131.66,STATIC,67.46,STATIC,32.25,STATIC,98.20,STATIC,106.48,STATIC,120.03,STATIC,132.08,STATIC,False,0.010,60.0,0.000
140.30833333333334,3366,123.44,FLEXION,133.53,STATIC,66.32,STATIC,31.32,STATIC,98.41,STATIC,104.79,STATIC,125.35,EXTENSION,129.06,STATIC,False,0.020,60.0,0.000
140.35000000000002,3367,119.90,STATIC,132.73,STATIC,66.15,STATIC,30.63,STATIC,98.05,STATIC,102.95,STATIC,127.13,STATIC,126.89,STATIC,False,0.025,60.0,0.000
140.39166666666668,3368,115.29,STATIC,137.13,STATIC,66.43,STATIC,35.66,EXTENSION,98.70,STATIC,103.55,STATIC,131.27,STATIC,127.73,STATIC,False,0.017,60.0,0.000
140.43333333333334,3369,115.79,STATIC,138.97,STATIC,68.03,STATIC,37.88,STATIC,100.02,STATIC,103.11,STATIC,133.99,STATIC,131.88,STATIC,False,0.018,60.0,0.000
140.47500000000002,3370,116.49,STATIC,141.95,STATIC,69.41,STATIC,40.40,STATIC,101.40,STATIC,103.25,STATIC,135.42,STATIC,132.23,STATIC,False,0.014,60.0,0.000
140.51666666666668,3371,115.78,STATIC,143.58,STATIC,71.12,STATIC,39.03,STATIC,101.63,STATIC,105.01,STATIC,135.38,STATIC,133.23,STATIC,False,0.013,60.0,0.000
140.55833333333334,3372,111.07,STATIC,146.41,STATIC,72.40,STATIC,42.03,STATIC,101.85,STATIC,104.11,STATIC,134.60,STATIC,131.54,STATIC,False,0.008,60.0,0.000
140.60000000000002,3373,105.63,FLEXION,146.97,STATIC,72.93,STATIC,41.52,STATIC,101.68,STATIC,102.96,STATIC,132.95,STATIC,129.86,STATIC,False,0.010,60.0,0.000
140.64166666666668,3374,92.78,FLEXION,151.97,EXTENSION,73.44,STATIC,45.03,STATIC,102.31,STATIC,103.31,STATIC,131.67,STATIC,129.57,STATIC,False,0.010,60.0,0.000
140.68333333333334,3375,83.27,FLEXION,154.58,STATIC,73.72,STATIC,42.28,STATIC,101.60,STATIC,102.59,STATIC,129.34,STATIC,130.25,STATIC,False,0.010,60.0,0.000
140.72500000000002,3376,72.18,FLEXION,155.91,STATIC,73.82,STATIC,41.20,STATIC,101.23,STATIC,101.69,STATIC,126.66,STATIC,129.29,STATIC,False,0.012,60.0,0.000
140.76666666666668,3377,59.89,FLEXION,157.24,STATIC,74.26,STATIC,41.64,STATIC,100.08,STATIC,100.20,STATIC,122.85,STATIC,125.59,STATIC,False,0.010,60.0,0.000
140.80833333333334,3378,49.89,FLEXION,157.73,STATIC,74.17,STATIC,45.66,STATIC,98.30,STATIC,98.05,STATIC,119.54,STATIC,122.41,STATIC,False,0.000,60.0,0.000
140.85000000000002,3379,41.31,FLEXION,159.32,STATIC,75.33,STATIC,40.05,FLEXION,99.05,STATIC,99.19,STATIC,118.23,STATIC,122.01,STATIC,False,0.185,60.0,0.000
140.89166666666668,3380,35.12,FLEXION,161.41,STATIC,76.25,STATIC,39.15,STATIC,98.99,STATIC,99.33,STATIC,116.24,STATIC,116.87,FLEXION,False,0.021,60.0,0.000
140.93333333333334,3381,29.67,FLEXION,161.37,STATIC,76.58,STATIC,39.32,STATIC,98.75,STATIC,98.45,STATIC,115.31,STATIC,114.08,STATIC,False,0.018,60.0,0.000
140.97500000000002,3382,26.72,STATIC,161.43,STATIC,77.05,STATIC,41.24,STATIC,98.85,STATIC,98.17,STATIC,113.42,STATIC,110.76,STATIC,False,0.020,60.0,0.000
141.01666666666668,3383,25.75,STATIC,160.55,STATIC,77.54,STATIC,40.37,STATIC,99.03,STATIC,98.63,STATIC,111.85,STATIC,109.78,STATIC,False,0.017,60.0,0.000
141.05833333333334,3384,24.56,STATIC,158.76,STATIC,77.75,STATIC,39.51,STATIC,99.10,STATIC,98.49,STATIC,109.82,STATIC,106.53,STATIC,False,0.010,60.0,0.000
141.10000000000002,3385,24.36,STATIC,158.60,STATIC,78.40,STATIC,40.32,STATIC,98.77,STATIC,98.02,STATIC,108.37,STATIC,103.63,STATIC,False,0.001,60.0,0.000
141.14166666666668,3386,25.10,STATIC,157.01,STATIC,78.92,STATIC,39.66,STATIC,98.62,STATIC,97.78,STATIC,107.51,STATIC,102.10,STATIC,False,0.000,60.0,0.000
141.18333333333334,3387,25.50,STATIC,156.27,STATIC,79.09,STATIC,39.25,STATIC,98.38,STATIC,97.34,STATIC,105.67,STATIC,100.48,STATIC,False,0.000,60.0,0.000
141.22500000000002,3388,25.71,STATIC,156.45,STATIC,79.40,STATIC,38.90,STATIC,97.64,STATIC,95.93,STATIC,103.70,STATIC,97.68,STATIC,False,0.000,60.0,0.000
141.26666666666668,3389,25.83,STATIC,157.46,STATIC,79.71,STATIC,37.32,STATIC,97.49,STATIC,96.02,STATIC,102.84,STATIC,96.00,STATIC,False,0.000,60.0,0.000
141.30833333333334,3390,25.95,STATIC,156.61,STATIC,80.21,STATIC,38.09,STATIC,97.40,STATIC,96.17,STATIC,101.63,STATIC,94.08,STATIC,False,0.000,60.0,0.000
141.35000000000002,3391,25.14,STATIC,156.28,STATIC,80.54,STATIC,35.66,STATIC,97.66,STATIC,96.52,STATIC,100.59,STATIC,90.73,STATIC,False,0.000,60.0,0.000
141.39166666666668,3392,24.86,STATIC,157.60,STATIC,80.72,STATIC,33.48,STATIC,97.44,STATIC,96.35,STATIC,98.57,STATIC,87.57,STATIC,False,0.000,60.0,0.000
141.43333333333334,3393,24.22,STATIC,158.07,STATIC,80.81,STATIC,32.40,STATIC,97.28,STATIC,95.86,STATIC,97.53,STATIC,85.93,STATIC,False,0.006,60.0,0.000
141.47500000000002,3394,23.57,STATIC,158.03,STATIC,80.87,STATIC,32.75,STATIC,97.18,STATIC,95.86,STATIC,96.67,STATIC,86.61,STATIC,False,0.011,60.0,0.000
141.51666666666668,3395,22.88,STATIC,158.29,STATIC,80.98,STATIC,35.08,STATIC,97.17,STATIC,96.03,STATIC,96.15,STATIC,86.91,STATIC,False,0.016,60.0,0.000
141.55833333333334,3396,22.11,STATIC,158.61,STATIC,81.02,STATIC,39.20,STATIC,97.25,STATIC,96.92,STATIC,96.52,STATIC,88.45,STATIC,False,0.016,60.0,0.000
141.60000000000002,3397,21.97,STATIC,158.30,STATIC,81.02,STATIC,40.79,STATIC,97.18,STATIC,96.92,STATIC,96.13,STATIC,89.89,STATIC,False,0.012,60.0,0.000
141.64166666666668,3398,21.98,STATIC,157.96,STATIC,81.21,STATIC,44.30,STATIC,97.23,STATIC,96.76,STATIC,95.87,STATIC,90.51,STATIC,False,0.013,60.0,0.000
141.68333333333334,3399,21.94,STATIC,153.78,STATIC,81.51,STATIC,42.24,STATIC,97.30,STATIC,96.70,STATIC,95.20,STATIC,90.58,STATIC,False,0.012,60.0,0.000
141.72500000000002,3400,20.69,STATIC,153.86,STATIC,81.75,STATIC,42.82,STATIC,97.38,STATIC,96.64,STATIC,94.12,STATIC,89.28,STATIC,False,0.012,60.0,0.000
141.76666666666668,3401,20.94,STATIC,152.71,STATIC,82.05,STATIC,42.55,STATIC,97.25,STATIC,96.30,STATIC,93.15,STATIC,88.28,STATIC,False,0.016,60.0,0.000
141.80833333333334,3402,21.22,STATIC,146.73,FLEXION,82.27,STATIC,45.40,STATIC,97.48,STATIC,96.34,STATIC,93.19,STATIC,89.59,STATIC,False,0.012,60.0,0.000
141.85000000000002,3403,20.01,STATIC,139.18,FLEXION,82.46,STATIC,44.97,STATIC,97.72,STATIC,97.72,STATIC,94.17,STATIC,91.00,STATIC,False,0.020,60.0,0.000
141.89166666666668,3404,19.04,STATIC,133.61,FLEXION,82.63,STATIC,44.67,STATIC,97.27,STATIC,97.02,STATIC,94.43,STATIC,93.33,STATIC,False,0.020,60.0,0.000
141.935,3405,19.65,STATIC,129.37,STATIC,83.04,STATIC,47.27,STATIC,97.14,STATIC,97.93,STATIC,95.06,STATIC,97.01,STATIC,False,0.010,60.0,0.000
141.9766666666667,3406,22.02,STATIC,117.08,FLEXION,83.34,STATIC,48.25,STATIC,97.32,STATIC,98.82,STATIC,95.64,STATIC,103.30,EXTENSION,False,0.001,60.0,0.000
142.01833333333335,3407,21.63,STATIC,110.59,FLEXION,83.25,STATIC,41.65,FLEXION,97.05,STATIC,98.72,STATIC,98.45,STATIC,108.50,EXTENSION,False,0.173,60.0,0.000
142.06,3408,20.88,STATIC,107.06,STATIC,82.96,STATIC,37.88,STATIC,97.34,STATIC,99.21,STATIC,99.15,STATIC,112.00,STATIC,False,0.017,60.0,0.000
142.1016666666667,3409,19.81,STATIC,110.79,STATIC,82.35,STATIC,37.30,STATIC,96.95,STATIC,97.67,STATIC,99.29,STATIC,112.05,STATIC,False,0.017,60.0,0.000
142.14333333333335,3410,22.93,STATIC,118.71,EXTENSION,81.57,STATIC,35.46,STATIC,97.12,STATIC,94.76,STATIC,98.94,STATIC,110.85,STATIC,False,0.016,60.0,0.000
142.185,3411,37.82,EXTENSION,113.37,FLEXION,83.82,STATIC,41.67,EXTENSION,93.18,STATIC,89.84,STATIC,95.77,STATIC,112.33,STATIC,False,0.026,60.0,0.000
142.2266666666667,3412,30.35,FLEXION,122.93,EXTENSION,81.21,STATIC,40.67,STATIC,96.92,STATIC,93.49,STATIC,100.66,STATIC,123.31,EXTENSION,False,0.030,60.0,0.000
142.26833333333335,3413,27.98,STATIC,128.76,EXTENSION,81.40,STATIC,51.40,EXTENSION,94.86,STATIC,90.86,STATIC,101.73,STATIC,122.03,STATIC,False,0.042,60.0,0.000
142.31,3414,50.33,EXTENSION,143.05,EXTENSION,81.97,STATIC,52.64,STATIC,97.07,STATIC,92.72,STATIC,111.68,EXTENSION,132.15,EXTENSION,False,0.056,60.0,0.000
142.3516666666667,3415,59.02,EXTENSION,143.22,STATIC,82.29,STATIC,56.35,STATIC,97.24,STATIC,94.63,STATIC,111.38,STATIC,141.91,EXTENSION,False,0.062,60.0,0.000
142.39333333333335,3416,67.65,EXTENSION,128.65,FLEXION,82.76,STATIC,66.64,EXTENSION,96.13,STATIC,93.02,STATIC,109.08,STATIC,143.77,STATIC,False,0.053,60.0,0.000
142.435,3417,72.66,EXTENSION,126.46,STATIC,81.75,STATIC,66.81,STATIC,96.59,STATIC,94.25,STATIC,109.53,STATIC,147.80,STATIC,False,0.051,60.0,0.000
142.4766666666667,3418,69.10,STATIC,125.15,STATIC,81.42,STATIC,72.88,EXTENSION,98.11,STATIC,97.92,STATIC,109.82,STATIC,151.51,STATIC,False,0.052,60.0,0.000
142.51833333333335,3419,67.81,STATIC,131.72,EXTENSION,82.40,STATIC,62.80,FLEXION,95.40,STATIC,96.10,STATIC,110.37,STATIC,152.06,STATIC,False,0.221,60.0,0.000
142.56,3420,62.71,FLEXION,134.22,STATIC,83.15,STATIC,61.72,STATIC,93.78,STATIC,92.87,STATIC,114.32,STATIC,151.21,STATIC,False,0.043,60.0,0.000
142.6016666666667,3421,59.78,STATIC,143.51,EXTENSION,84.03,STATIC,69.84,EXTENSION,90.95,STATIC,90.39,STATIC,114.85,STATIC,158.79,EXTENSION,False,0.032,60.0,0.000
142.64333333333335,3422,46.81,FLEXION,146.86,STATIC,83.31,STATIC,70.52,STATIC,89.72,STATIC,89.06,STATIC,114.89,STATIC,159.33,STATIC,False,0.035,60.0,0.000
142.685,3423,37.94,FLEXION,147.28,STATIC,83.42,STATIC,72.85,STATIC,89.31,STATIC,86.98,STATIC,119.61,STATIC,162.00,STATIC,False,0.048,60.0,0.000
142.7266666666667,3424,63.97,EXTENSION,152.82,EXTENSION,85.57,STATIC,76.63,STATIC,90.57,STATIC,89.12,STATIC,116.71,STATIC,160.76,STATIC,False,0.040,60.0,0.000
142.76833333333335,3425,60.65,STATIC,149.95,STATIC,85.06,STATIC,77.26,STATIC,91.72,STATIC,90.94,STATIC,115.37,STATIC,163.25,STATIC,False,0.028,60.0,0.000
142.81,3426,47.06,FLEXION,147.97,STATIC,84.67,STATIC,78.70,STATIC,91.18,STATIC,89.33,STATIC,113.46,STATIC,164.28,STATIC,False,0.034,60.0,0.000
142.8516666666667,3427,70.62,EXTENSION,150.57,STATIC,82.86,STATIC,74.54,STATIC,90.58,STATIC,89.85,STATIC,110.11,STATIC,162.77,STATIC,False,0.022,60.0,0.000
142.89333333333335,3428,74.42,STATIC,154.11,STATIC,82.74,STATIC,75.29,STATIC,90.04,STATIC,89.71,STATIC,108.71,STATIC,164.80,STATIC,False,0.022,60.0,0.000
142.935,3429,79.27,STATIC,159.46,EXTENSION,82.48,STATIC,75.39,STATIC,94.06,STATIC,94.07,STATIC,106.34,STATIC,161.77,STATIC,False,0.006,60.0,0.000
142.9766666666667,3430,80.73,STATIC,160.83,STATIC,82.85,STATIC,76.13,STATIC,92.02,STATIC,92.31,STATIC,111.34,EXTENSION,163.07,STATIC,False,0.000,60.0,0.000
143.01833333333335,3431,82.22,STATIC,162.83,STATIC,83.17,STATIC,77.68,STATIC,92.41,STATIC,92.02,STATIC,113.82,STATIC,160.35,STATIC,False,0.005,60.0,0.000
143.06,3432,82.92,STATIC,160.57,STATIC,83.32,STATIC,76.74,STATIC,92.00,STATIC,91.86,STATIC,115.83,STATIC,161.50,STATIC,False,0.006,60.0,0.000
143.1016666666667,3433,81.73,STATIC,159.68,STATIC,83.31,STATIC,76.22,STATIC,91.71,STATIC,91.18,STATIC,115.77,STATIC,160.50,STATIC,False,0.013,60.0,0.000
143.14333333333335,3434,82.12,STATIC,159.27,STATIC,83.46,STATIC,76.03,STATIC,91.43,STATIC,90.63,STATIC,112.72,STATIC,160.85,STATIC,False,0.016,60.0,0.000
143.185,3435,82.78,STATIC,156.17,STATIC,83.45,STATIC,76.65,STATIC,90.44,STATIC,90.52,STATIC,114.83,STATIC,162.32,STATIC,False,0.016,60.0,0.000
143.2266666666667,3436,81.56,STATIC,157.38,STATIC,83.62,STATIC,76.68,STATIC,90.63,STATIC,91.12,STATIC,115.10,STATIC,164.79,STATIC,False,0.018,60.0,0.000
143.26833333333335,3437,81.61,STATIC,161.75,STATIC,83.87,STATIC,79.58,STATIC,89.47,STATIC,87.44,STATIC,117.35,STATIC,165.71,STATIC,False,0.017,60.0,0.000
143.31,3438,81.24,STATIC,162.55,STATIC,83.72,STATIC,79.90,STATIC,89.87,STATIC,90.19,STATIC,119.26,STATIC,168.68,STATIC,False,0.015,60.0,0.000
143.3516666666667,3439,81.73,STATIC,164.43,STATIC,83.83,STATIC,80.96,STATIC,89.91,STATIC,89.76,STATIC,119.45,STATIC,165.37,STATIC,False,0.009,60.0,0.000
143.39333333333335,3440,81.81,STATIC,164.01,STATIC,84.16,STATIC,84.16,STATIC,89.55,STATIC,90.72,STATIC,119.61,STATIC,164.60,STATIC,False,0.000,60.0,0.000
143.435,3441,80.46,STATIC,168.83,STATIC,84.14,STATIC,83.09,STATIC,89.78,STATIC,91.40,STATIC,118.69,STATIC,166.61,STATIC,False,0.005,60.0,0.000
143.4766666666667,3442,79.42,STATIC,167.56,STATIC,84.13,STATIC,82.35,STATIC,90.00,STATIC,92.98,STATIC,120.58,STATIC,166.79,STATIC,False,0.006,60.0,0.000
143.51833333333335,3443,79.04,STATIC,168.48,STATIC,84.21,STATIC,82.78,STATIC,90.88,STATIC,94.02,STATIC,118.80,STATIC,166.00,STATIC,False,0.009,60.0,0.000
143.6016666666667,3445,75.39,STATIC,164.87,STATIC,84.31,STATIC,81.17,STATIC,93.55,STATIC,97.63,STATIC,110.70,FLEXION,173.70,EXTENSION,False,0.017,60.0,0.000
143.64333333333335,3446,74.63,STATIC,165.36,STATIC,84.70,STATIC,83.45,STATIC,93.45,STATIC,95.30,STATIC,111.84,STATIC,169.78,STATIC,False,0.014,60.0,0.000
143.685,3447,74.57,STATIC,165.46,STATIC,84.93,STATIC,88.52,EXTENSION,92.13,STATIC,94.72,STATIC,112.05,STATIC,170.76,STATIC,False,0.019,60.0,0.000
143.7266666666667,3448,75.96,STATIC,166.45,STATIC,85.12,STATIC,89.06,STATIC,91.82,STATIC,91.39,STATIC,123.66,EXTENSION,162.49,FLEXION,False,0.030,60.0,0.000
143.76833333333335,3449,74.58,STATIC,169.40,STATIC,85.09,STATIC,79.72,FLEXION,91.78,STATIC,93.46,STATIC,116.07,FLEXION,165.87,STATIC,False,0.180,60.0,0.000
143.81,3450,72.92,STATIC,169.47,STATIC,85.10,STATIC,79.08,STATIC,91.94,STATIC,96.46,STATIC,114.39,STATIC,172.49,EXTENSION,False,0.016,60.0,0.000
143.8516666666667,3451,69.58,STATIC,169.86,STATIC,85.47,STATIC,80.98,STATIC,91.52,STATIC,91.19,FLEXION,119.29,STATIC,164.37,FLEXION,False,0.012,60.0,0.000
143.89333333333335,3452,66.29,STATIC,170.19,STATIC,85.44,STATIC,80.04,STATIC,91.52,STATIC,91.39,STATIC,122.74,STATIC,163.81,STATIC,False,0.009,60.0,0.000
143.935,3453,67.98,STATIC,166.28,STATIC,85.57,STATIC,86.69,EXTENSION,91.13,STATIC,90.99,STATIC,124.66,STATIC,162.33,STATIC,False,0.019,60.0,0.000
143.9766666666667,3454,65.46,STATIC,167.70,STATIC,85.68,STATIC,84.66,STATIC,91.14,STATIC,93.61,STATIC,118.33,FLEXION,167.51,EXTENSION,False,0.013,60.0,0.000
144.01833333333335,3455,66.12,STATIC,167.16,STATIC,86.06,STATIC,89.81,EXTENSION,91.24,STATIC,93.71,STATIC,120.56,STATIC,163.80,STATIC,False,0.019,60.0,0.000
144.06,3456,65.05,STATIC,172.12,STATIC,85.77,STATIC,84.17,FLEXION,90.68,STATIC,94.90,STATIC,118.48,STATIC,169.71,EXTENSION,False,0.198,60.0,0.000
144.1016666666667,3457,61.14,STATIC,171.45,STATIC,86.52,STATIC,91.07,EXTENSION,91.07,STATIC,95.84,STATIC,124.94,EXTENSION,165.57,STATIC,False,0.055,60.0,0.000
144.14333333333335,3458,64.79,STATIC,169.97,STATIC,86.08,STATIC,86.44,STATIC,90.52,STATIC,97.36,STATIC,120.09,STATIC,173.37,EXTENSION,False,0.062,60.0,0.000
144.185,3459,60.15,STATIC,171.56,STATIC,86.27,STATIC,82.55,STATIC,90.19,STATIC,97.11,STATIC,117.28,STATIC,175.82,STATIC,False,0.060,60.0,0.000
144.2266666666667,3460,54.63,FLEXION,172.07,STATIC,86.11,STATIC,81.59,STATIC,90.69,STATIC,96.70,STATIC,114.75,STATIC,176.74,STATIC,False,0.058,60.0,0.000
144.26833333333335,3461,55.13,STATIC,172.32,STATIC,86.24,STATIC,84.52,STATIC,90.85,STATIC,95.49,STATIC,116.57,STATIC,174.23,STATIC,False,0.068,60.0,0.000
144.31,3462,58.71,STATIC,174.11,STATIC,86.16,STATIC,80.92,STATIC,91.19,STATIC,97.70,STATIC,114.38,STATIC,176.66,STATIC,False,0.066,60.0,0.000
144.3516666666667,3463,59.15,STATIC,173.29,STATIC,86.00,STATIC,79.29,STATIC,91.34,STATIC,97.79,STATIC,112.47,STATIC,177.24,STATIC,False,0.067,60.0,0.000
144.39333333333335,3464,61.80,STATIC,171.98,STATIC,85.74,STATIC,79.10,STATIC,91.42,STATIC,98.44,STATIC,110.05,STATIC,177.72,STATIC,False,0.052,60.0,0.000
144.435,3465,59.82,STATIC,171.51,STATIC,85.64,STATIC,79.50,STATIC,91.09,STATIC,97.08,STATIC,108.73,STATIC,173.88,STATIC,False,0.054,60.0,0.000
144.4766666666667,3466,58.51,STATIC,169.92,STATIC,85.42,STATIC,78.48,STATIC,91.31,STATIC,97.40,STATIC,107.69,STATIC,173.29,STATIC,False,0.055,60.0,0.000
144.51833333333335,3467,55.47,STATIC,168.46,STATIC,85.37,STATIC,78.98,STATIC,91.35,STATIC,97.56,STATIC,106.24,STATIC,173.71,STATIC,False,0.054,60.0,0.000
144.56,3468,57.35,STATIC,166.06,STATIC,85.39,STATIC,79.30,STATIC,90.77,STATIC,96.58,STATIC,105.08,STATIC,171.31,STATIC,False,0.055,60.0,0.000
144.6016666666667,3469,60.72,STATIC,159.32,FLEXION,85.26,STATIC,77.99,STATIC,90.77,STATIC,95.20,STATIC,105.73,STATIC,166.88,STATIC,False,0.060,60.0,0.000
144.64333333333335,3470,62.57,STATIC,154.96,STATIC,85.16,STATIC,77.71,STATIC,90.67,STATIC,94.85,STATIC,105.48,STATIC,167.27,STATIC,False,0.054,60.0,0.000
144.685,3471,56.98,FLEXION,149.36,FLEXION,85.22,STATIC,78.44,STATIC,90.32,STATIC,93.06,STATIC,104.98,STATIC,163.51,STATIC,False,0.024,60.0,0.000
144.7266666666667,3472,64.34,EXTENSION,150.00,STATIC,85.21,STATIC,77.85,STATIC,90.59,STATIC,91.28,STATIC,109.20,STATIC,162.35,STATIC,False,0.027,60.0,0.000
144.76833333333335,3473,58.77,FLEXION,141.60,FLEXION,85.21,STATIC,78.65,STATIC,89.32,STATIC,87.39,STATIC,109.72,STATIC,159.25,STATIC,False,0.025,60.0,0.000
144.81,3474,49.80,FLEXION,146.68,EXTENSION,84.47,STATIC,78.74,STATIC,92.36,STATIC,94.58,EXTENSION,105.04,STATIC,163.49,STATIC,False,0.038,60.0,0.000
144.8516666666667,3475,54.75,STATIC,148.39,STATIC,84.35,STATIC,78.51,STATIC,91.32,STATIC,89.17,FLEXION,106.57,STATIC,156.18,FLEXION,False,0.039,60.0,0.000
144.89333333333335,3476,50.90,STATIC,146.85,STATIC,85.05,STATIC,78.90,STATIC,91.31,STATIC,90.21,STATIC,106.04,STATIC,159.08,STATIC,False,0.042,60.0,0.000
144.935,3477,48.74,STATIC,148.01,STATIC,84.61,STATIC,77.73,STATIC,89.46,STATIC,87.17,STATIC,102.08,STATIC,159.93,STATIC,False,0.038,60.0,0.000
144.9766666666667,3478,51.06,STATIC,147.08,STATIC,83.77,STATIC,77.70,STATIC,89.78,STATIC,87.73,STATIC,102.32,STATIC,162.16,STATIC,False,0.041,60.0,0.000
145.01833333333335,3479,52.54,STATIC,148.94,STATIC,82.17,STATIC,77.48,STATIC,88.23,STATIC,84.17,STATIC,101.15,STATIC,157.47,STATIC,False,0.060,60.0,0.000
145.06,3480,57.24,STATIC,147.86,STATIC,81.88,STATIC,77.26,STATIC,89.30,STATIC,84.46,STATIC,100.30,STATIC,152.48,STATIC,False,0.058,60.0,0.000
145.1016666666667,3481,48.25,FLEXION,148.30,STATIC,82.01,STATIC,78.12,STATIC,90.02,STATIC,84.92,STATIC,102.26,STATIC,148.65,STATIC,False,0.057,60.0,0.000
145.14333333333335,3482,41.49,FLEXION,143.75,STATIC,82.14,STATIC,77.38,STATIC,91.01,STATIC,87.78,STATIC,106.40,STATIC,151.23,STATIC,False,0.058,60.0,0.000
145.185,3483,42.31,STATIC,141.45,STATIC,82.61,STATIC,77.16,STATIC,92.05,STATIC,87.96,STATIC,117.62,EXTENSION,150.88,STATIC,False,0.058,60.0,0.000
145.2266666666667,3484,42.80,STATIC,139.57,STATIC,81.91,STATIC,76.02,STATIC,92.40,STATIC,89.21,STATIC,122.29,STATIC,154.66,STATIC,False,0.066,60.0,0.000
145.26833333333335,3485,58.05,EXTENSION,141.00,STATIC,80.80,STATIC,76.22,STATIC,92.40,STATIC,89.83,STATIC,115.54,FLEXION,156.66,STATIC,False,0.064,60.0,0.000
145.31,3486,62.84,STATIC,140.51,STATIC,79.65,STATIC,75.59,STATIC,93.07,STATIC,91.39,STATIC,115.88,STATIC,160.65,STATIC,False,0.060,60.0,0.000
145.3516666666667,3487,57.66,FLEXION,139.32,STATIC,79.38,STATIC,75.04,STATIC,94.45,STATIC,92.60,STATIC,118.04,STATIC,161.57,STATIC,False,0.056,60.0,0.000
145.39333333333335,3488,57.78,STATIC,139.27,STATIC,78.42,STATIC,74.27,STATIC,95.87,STATIC,92.86,STATIC,120.75,STATIC,161.15,STATIC,False,0.062,60.0,0.000
145.435,3489,58.12,STATIC,141.96,STATIC,78.32,STATIC,74.85,STATIC,96.54,STATIC,93.58,STATIC,121.08,STATIC,161.07,STATIC,False,0.059,60.0,0.000
145.4766666666667,3490,58.04,STATIC,144.96,STATIC,78.24,STATIC,75.01,STATIC,96.42,STATIC,93.95,STATIC,122.51,STATIC,161.09,STATIC,False,0.065,60.0,0.000
145.51833333333335,3491,59.89,STATIC,146.26,STATIC,77.60,STATIC,74.56,STATIC,96.86,STATIC,95.03,STATIC,119.66,STATIC,162.51,STATIC,False,0.059,60.0,0.000
145.56,3492,63.53,STATIC,147.40,STATIC,77.51,STATIC,74.68,STATIC,97.19,STATIC,94.93,STATIC,121.15,STATIC,162.89,STATIC,False,0.049,60.0,0.000
145.6016666666667,3493,63.39,STATIC,147.70,STATIC,76.61,STATIC,73.31,STATIC,98.19,STATIC,95.80,STATIC,120.72,STATIC,162.37,STATIC,False,0.046,60.0,0.000
145.64333333333335,3494,60.33,STATIC,147.61,STATIC,77.07,STATIC,73.17,STATIC,97.76,STATIC,94.70,STATIC,124.38,STATIC,161.82,STATIC,False,0.051,60.0,0.000
145.685,3495,62.33,STATIC,149.77,STATIC,77.57,STATIC,73.10,STATIC,97.29,STATIC,94.59,STATIC,123.06,STATIC,161.94,STATIC,False,0.050,60.0,0.000
145.7266666666667,3496,64.22,STATIC,151.73,STATIC,78.26,STATIC,73.57,STATIC,96.96,STATIC,94.04,STATIC,121.76,STATIC,160.89,STATIC,False,0.045,60.0,0.000
145.76833333333335,3497,66.92,STATIC,152.94,STATIC,78.78,STATIC,74.30,STATIC,96.51,STATIC,93.62,STATIC,123.49,STATIC,161.90,STATIC,False,0.048,60.0,0.000
145.81,3498,69.12,STATIC,153.88,STATIC,79.27,STATIC,74.67,STATIC,96.13,STATIC,93.65,STATIC,123.09,STATIC,162.17,STATIC,False,0.049,60.0,0.000
145.8516666666667,3499,71.46,STATIC,154.56,STATIC,79.62,STATIC,74.84,STATIC,95.74,STATIC,93.09,STATIC,124.65,STATIC,162.66,STATIC,False,0.047,60.0,0.000
145.89333333333335,3500,72.08,STATIC,153.99,STATIC,79.79,STATIC,75.03,STATIC,95.50,STATIC,92.75,STATIC,123.31,STATIC,162.99,STATIC,False,0.045,60.0,0.000
145.935,3501,72.84,STATIC,154.05,STATIC,79.74,STATIC,74.83,STATIC,95.54,STATIC,93.29,STATIC,120.01,STATIC,163.69,STATIC,False,0.049,60.0,0.000
145.97833333333335,3502,73.44,STATIC,154.94,STATIC,79.73,STATIC,74.63,STATIC,95.64,STATIC,93.63,STATIC,116.38,STATIC,164.31,STATIC,False,0.052,60.0,0.000
146.02,3503,75.03,STATIC,155.17,STATIC,79.72,STATIC,74.93,STATIC,95.71,STATIC,93.51,STATIC,115.12,STATIC,164.01,STATIC,False,0.047,60.0,0.000
146.06166666666667,3504,76.23,STATIC,154.32,STATIC,79.41,STATIC,74.70,STATIC,96.04,STATIC,93.60,STATIC,115.62,STATIC,165.13,STATIC,False,0.047,60.0,0.000
146.10333333333335,3505,76.46,STATIC,155.63,STATIC,79.38,STATIC,74.17,STATIC,96.55,STATIC,93.93,STATIC,113.45,STATIC,165.29,STATIC,False,0.055,60.0,0.000
146.145,3506,77.60,STATIC,155.12,STATIC,78.76,STATIC,73.89,STATIC,96.59,STATIC,94.41,STATIC,113.87,STATIC,166.80,STATIC,False,0.058,60.0,0.000
146.18666666666667,3507,78.22,STATIC,155.68,STATIC,79.10,STATIC,73.90,STATIC,96.89,STATIC,93.92,STATIC,108.79,FLEXION,163.44,STATIC,False,0.065,60.0,0.000
146.22833333333335,3508,78.83,STATIC,154.81,STATIC,79.39,STATIC,74.45,STATIC,95.87,STATIC,90.49,STATIC,106.88,STATIC,160.69,STATIC,False,0.072,60.0,0.000
146.27,3509,78.15,STATIC,154.55,STATIC,79.55,STATIC,73.34,STATIC,95.77,STATIC,89.29,STATIC,105.38,STATIC,157.12,STATIC,False,0.069,60.0,0.000
146.31166666666667,3510,79.26,STATIC,155.43,STATIC,79.75,STATIC,75.08,STATIC,94.14,STATIC,86.81,STATIC,106.93,STATIC,155.00,STATIC,False,0.077,60.0,0.000
146.35333333333335,3511,77.18,STATIC,150.61,STATIC,80.39,STATIC,72.75,STATIC,93.89,STATIC,87.64,STATIC,106.33,STATIC,154.53,STATIC,False,0.072,60.0,0.000
146.395,3512,81.13,STATIC,149.48,STATIC,82.11,STATIC,72.05,STATIC,96.10,STATIC,92.73,EXTENSION,107.92,STATIC,157.29,STATIC,False,0.057,60.0,0.000
146.43666666666667,3513,81.28,STATIC,146.39,STATIC,82.51,STATIC,70.67,STATIC,98.55,STATIC,99.79,EXTENSION,106.46,STATIC,163.30,EXTENSION,False,0.045,60.0,0.000
146.47833333333335,3514,81.66,STATIC,142.43,STATIC,82.68,STATIC,68.61,STATIC,96.24,STATIC,97.80,STATIC,111.50,EXTENSION,161.98,STATIC,False,0.022,60.0,0.000
146.52,3515,62.28,FLEXION,148.65,EXTENSION,82.49,STATIC,69.54,STATIC,97.83,STATIC,103.65,EXTENSION,108.20,STATIC,169.52,EXTENSION,False,0.016,60.0,0.000
146.56166666666667,3516,59.64,STATIC,151.10,STATIC,82.82,STATIC,69.57,STATIC,96.64,STATIC,102.87,STATIC,107.28,STATIC,169.41,STATIC,False,0.009,60.0,0.000
146.60333333333335,3517,76.02,EXTENSION,150.97,STATIC,85.04,STATIC,72.41,STATIC,95.83,STATIC,101.03,STATIC,109.06,STATIC,166.01,STATIC,False,0.004,60.0,0.000
146.645,3518,80.10,STATIC,148.89,STATIC,84.88,STATIC,68.02,STATIC,96.61,STATIC,99.39,STATIC,107.26,STATIC,157.15,FLEXION,False,0.002,60.0,0.000
146.68666666666667,3519,77.89,STATIC,151.81,STATIC,85.26,STATIC,67.74,STATIC,97.50,STATIC,101.02,STATIC,106.64,STATIC,158.39,STATIC,False,0.020,60.0,0.000
146.72833333333335,3520,79.66,STATIC,151.29,STATIC,84.94,STATIC,66.94,STATIC,97.06,STATIC,100.42,STATIC,108.10,STATIC,161.64,STATIC,False,0.019,60.0,0.000
146.77,3521,81.50,STATIC,151.94,STATIC,84.71,STATIC,66.24,STATIC,95.59,STATIC,97.64,STATIC,111.04,STATIC,157.31,STATIC,False,0.036,60.0,0.000
146.81166666666667,3522,86.75,EXTENSION,152.93,STATIC,84.84,STATIC,67.08,STATIC,96.91,STATIC,99.18,STATIC,111.21,STATIC,161.99,STATIC,False,0.033,60.0,0.000
146.85333333333335,3523,92.25,EXTENSION,156.40,STATIC,84.95,STATIC,68.26,STATIC,97.07,STATIC,99.07,STATIC,110.28,STATIC,162.12,STATIC,False,0.033,60.0,0.000
146.895,3524,97.75,EXTENSION,157.45,STATIC,85.03,STATIC,69.05,STATIC,96.90,STATIC,99.26,STATIC,110.77,STATIC,162.22,STATIC,False,0.030,60.0,0.000
146.93666666666667,3525,100.71,STATIC,157.92,STATIC,84.88,STATIC,69.33,STATIC,96.41,STATIC,99.45,STATIC,109.55,STATIC,163.07,STATIC,False,0.041,60.0,0.000
146.97833333333335,3526,104.36,STATIC,159.29,STATIC,84.92,STATIC,69.84,STATIC,96.43,STATIC,99.80,STATIC,108.63,STATIC,164.01,STATIC,False,0.042,60.0,0.000
147.02,3527,109.69,EXTENSION,160.72,STATIC,85.01,STATIC,70.75,STATIC,96.47,STATIC,99.43,STATIC,108.15,STATIC,161.93,STATIC,False,0.039,60.0,0.000
147.06166666666667,3528,114.56,STATIC,161.36,STATIC,84.99,STATIC,71.25,STATIC,96.36,STATIC,99.02,STATIC,107.33,STATIC,161.61,STATIC,False,0.039,60.0,0.000
147.10333333333335,3529,117.12,STATIC,161.89,STATIC,84.98,STATIC,71.62,STATIC,96.24,STATIC,98.87,STATIC,106.74,STATIC,161.25,STATIC,False,0.040,60.0,0.000
147.145,3530,120.20,STATIC,162.48,STATIC,85.08,STATIC,72.06,STATIC,96.16,STATIC,98.76,STATIC,106.12,STATIC,161.51,STATIC,False,0.045,60.0,0.000
147.18666666666667,3531,124.21,STATIC,162.84,STATIC,84.83,STATIC,72.39,STATIC,95.96,STATIC,98.60,STATIC,105.90,STATIC,162.40,STATIC,False,0.045,60.0,0.000
147.22833333333335,3532,130.20,EXTENSION,163.06,STATIC,84.47,STATIC,72.45,STATIC,95.73,STATIC,98.26,STATIC,105.95,STATIC,161.32,STATIC,False,0.043,60.0,0.000
147.27,3533,133.00,STATIC,163.40,STATIC,84.33,STATIC,72.45,STATIC,95.41,STATIC,97.34,STATIC,105.59,STATIC,157.96,STATIC,False,0.031,60.0,0.000
147.31166666666667,3534,138.00,STATIC,163.34,STATIC,84.17,STATIC,72.45,STATIC,95.33,STATIC,97.56,STATIC,106.18,STATIC,157.80,STATIC,False,0.033,60.0,0.000
147.35333333333335,3535,139.23,STATIC,163.13,STATIC,84.05,STATIC,72.07,STATIC,95.26,STATIC,97.12,STATIC,106.43,STATIC,156.99,STATIC,False,0.042,60.0,0.000
147.395,3536,140.62,STATIC,163.20,STATIC,83.89,STATIC,71.91,STATIC,95.25,STATIC,97.07,STATIC,105.85,STATIC,156.50,STATIC,False,0.044,60.0,0.000
147.43666666666667,3537,142.84,STATIC,163.55,STATIC,83.76,STATIC,72.13,STATIC,95.15,STATIC,97.12,STATIC,105.00,STATIC,156.01,STATIC,False,0.041,60.0,0.000
147.47833333333335,3538,146.29,STATIC,163.61,STATIC,83.64,STATIC,72.04,STATIC,95.10,STATIC,97.08,STATIC,104.54,STATIC,155.75,STATIC,False,0.036,60.0,0.000
147.52,3539,147.94,STATIC,163.96,STATIC,83.60,STATIC,72.26,STATIC,94.77,STATIC,96.90,STATIC,103.58,STATIC,152.80,STATIC,False,0.040,60.0,0.000
147.56166666666667,3540,150.21,STATIC,163.96,STATIC,83.53,STATIC,72.14,STATIC,94.68,STATIC,96.81,STATIC,103.09,STATIC,152.58,STATIC,False,0.035,60.0,0.000
147.60333333333335,3541,152.54,STATIC,163.92,STATIC,83.42,STATIC,72.01,STATIC,94.74,STATIC,96.94,STATIC,103.39,STATIC,154.13,STATIC,False,0.029,60.0,0.000
147.645,3542,153.90,STATIC,163.78,STATIC,83.15,STATIC,71.92,STATIC,94.67,STATIC,96.86,STATIC,103.72,STATIC,155.14,STATIC,False,0.021,60.0,0.000
147.68666666666667,3543,154.96,STATIC,163.63,STATIC,82.91,STATIC,71.77,STATIC,94.62,STATIC,96.84,STATIC,104.12,STATIC,155.87,STATIC,False,0.022,60.0,0.000
147.72833333333335,3544,154.48,STATIC,163.65,STATIC,82.65,STATIC,72.07,STATIC,94.54,STATIC,96.65,STATIC,104.35,STATIC,155.53,STATIC,False,0.037,60.0,0.000
147.77,3545,153.33,STATIC,163.80,STATIC,82.54,STATIC,72.38,STATIC,94.46,STATIC,96.68,STATIC,104.00,STATIC,155.68,STATIC,False,0.043,60.0,0.000
147.81166666666667,3546,152.10,STATIC,164.00,STATIC,82.46,STATIC,72.53,STATIC,94.41,STATIC,96.82,STATIC,103.76,STATIC,156.81,STATIC,False,0.040,60.0,0.000
147.85333333333335,3547,150.98,STATIC,164.04,STATIC,82.37,STATIC,72.59,STATIC,94.26,STATIC,96.61,STATIC,103.68,STATIC,156.06,STATIC,False,0.042,60.0,0.000
147.895,3548,151.22,STATIC,164.04,STATIC,82.47,STATIC,72.63,STATIC,94.19,STATIC,96.61,STATIC,103.37,STATIC,156.26,STATIC,False,0.038,60.0,0.000
147.93666666666667,3549,151.00,STATIC,164.16,STATIC,82.47,STATIC,72.67,STATIC,94.11,STATIC,96.65,STATIC,102.87,STATIC,156.97,STATIC,False,0.034,60.0,0.000
147.97833333333335,3550,150.25,STATIC,164.71,STATIC,82.41,STATIC,73.04,STATIC,94.16,STATIC,96.48,STATIC,102.78,STATIC,157.01,STATIC,False,0.032,60.0,0.000
148.02,3551,150.29,STATIC,164.39,STATIC,82.41,STATIC,72.77,STATIC,94.17,STATIC,96.28,STATIC,102.57,STATIC,156.93,STATIC,False,0.028,60.0,0.000
148.06166666666667,3552,150.21,STATIC,164.03,STATIC,82.40,STATIC,72.56,STATIC,94.02,STATIC,95.99,STATIC,102.58,STATIC,156.39,STATIC,False,0.027,60.0,0.000
148.10333333333335,3553,150.47,STATIC,163.67,STATIC,82.47,STATIC,71.92,STATIC,93.95,STATIC,95.95,STATIC,102.50,STATIC,155.84,STATIC,False,0.021,60.0,0.000
148.145,3554,150.56,STATIC,163.33,STATIC,82.53,STATIC,71.56,STATIC,93.90,STATIC,96.07,STATIC,102.40,STATIC,156.73,STATIC,False,0.021,60.0,0.000
148.18666666666667,3555,150.88,STATIC,162.90,STATIC,82.53,STATIC,71.04,STATIC,93.87,STATIC,96.13,STATIC,102.79,STATIC,157.22,STATIC,False,0.019,60.0,0.000
148.22833333333335,3556,151.07,STATIC,162.55,STATIC,82.58,STATIC,70.47,STATIC,93.85,STATIC,96.21,STATIC,102.73,STATIC,157.78,STATIC,False,0.019,60.0,0.000
148.27,3557,151.09,STATIC,162.19,STATIC,82.63,STATIC,69.98,STATIC,93.61,STATIC,96.43,STATIC,102.94,STATIC,158.74,STATIC,False,0.017,60.0,0.000
148.31166666666667,3558,151.22,STATIC,161.94,STATIC,82.65,STATIC,69.71,STATIC,93.50,STATIC,96.02,STATIC,103.37,STATIC,158.34,STATIC,False,0.017,60.0,0.000
148.35333333333335,3559,151.31,STATIC,161.57,STATIC,82.53,STATIC,69.54,STATIC,93.38,STATIC,95.67,STATIC,103.72,STATIC,158.79,STATIC,False,0.020,60.0,0.000
148.395,3560,151.17,STATIC,160.98,STATIC,82.31,STATIC,69.25,STATIC,93.23,STATIC,95.64,STATIC,104.54,STATIC,159.49,STATIC,False,0.027,60.0,0.000
148.43666666666667,3561,150.98,STATIC,160.87,STATIC,82.22,STATIC,69.04,STATIC,93.18,STATIC,95.81,STATIC,104.98,STATIC,159.90,STATIC,False,0.027,60.0,0.000
148.47833333333335,3562,151.52,STATIC,160.60,STATIC,82.12,STATIC,68.72,STATIC,92.93,STATIC,95.69,STATIC,105.60,STATIC,159.94,STATIC,False,0.026,60.0,0.000
148.52,3563,151.77,STATIC,160.23,STATIC,82.10,STATIC,68.28,STATIC,92.86,STATIC,95.76,STATIC,105.98,STATIC,160.45,STATIC,False,0.023,60.0,0.000
148.56166666666667,3564,151.84,STATIC,159.90,STATIC,82.05,STATIC,67.83,STATIC,92.82,STATIC,95.79,STATIC,106.94,STATIC,159.87,STATIC,False,0.022,60.0,0.000
148.60333333333335,3565,151.53,STATIC,159.60,STATIC,81.96,STATIC,67.43,STATIC,92.85,STATIC,95.84,STATIC,107.13,STATIC,160.23,STATIC,False,0.022,60.0,0.000
148.645,3566,151.35,STATIC,159.25,STATIC,81.82,STATIC,67.10,STATIC,92.87,STATIC,96.11,STATIC,107.41,STATIC,161.04,STATIC,False,0.023,60.0,0.000
148.68666666666667,3567,148.46,STATIC,159.13,STATIC,81.89,STATIC,67.41,STATIC,92.88,STATIC,95.51,STATIC,105.73,STATIC,157.62,STATIC,False,0.053,60.0,0.000
148.72833333333335,3568,145.98,STATIC,159.43,STATIC,81.75,STATIC,67.90,STATIC,92.87,STATIC,95.14,STATIC,105.81,STATIC,155.98,STATIC,False,0.056,60.0,0.000
148.77,3569,143.02,STATIC,159.34,STATIC,81.75,STATIC,67.85,STATIC,92.93,STATIC,95.10,STATIC,106.16,STATIC,156.52,STATIC,False,0.056,60.0,0.000
148.81166666666667,3570,141.29,STATIC,159.07,STATIC,81.70,STATIC,67.71,STATIC,92.99,STATIC,95.05,STATIC,106.03,STATIC,156.34,STATIC,False,0.054,60.0,0.000
148.85333333333335,3571,140.69,STATIC,158.80,STATIC,81.59,STATIC,67.53,STATIC,93.36,STATIC,95.46,STATIC,105.84,STATIC,156.89,STATIC,False,0.047,60.0,0.000
148.895,3572,139.37,STATIC,158.24,STATIC,81.28,STATIC,67.16,STATIC,93.56,STATIC,95.60,STATIC,105.28,STATIC,156.69,STATIC,False,0.040,60.0,0.000
148.93666666666667,3573,138.53,STATIC,157.49,STATIC,80.93,STATIC,66.18,STATIC,93.65,STATIC,95.65,STATIC,105.62,STATIC,157.13,STATIC,False,0.037,60.0,0.000
148.97833333333335,3574,136.68,STATIC,156.99,STATIC,80.92,STATIC,65.47,STATIC,93.73,STATIC,95.80,STATIC,105.85,STATIC,157.14,STATIC,False,0.036,60.0,0.000
149.02,3575,134.86,STATIC,156.44,STATIC,80.78,STATIC,64.72,STATIC,93.92,STATIC,95.92,STATIC,105.51,STATIC,157.46,STATIC,False,0.037,60.0,0.000
149.06166666666667,3576,131.34,STATIC,156.00,STATIC,80.75,STATIC,64.52,STATIC,94.27,STATIC,96.50,STATIC,104.99,STATIC,158.31,STATIC,False,0.037,60.0,0.000
149.10333333333335,3577,128.16,STATIC,155.87,STATIC,80.70,STATIC,64.24,STATIC,94.72,STATIC,96.90,STATIC,106.06,STATIC,160.09,STATIC,False,0.044,60.0,0.000
149.145,3578,129.72,STATIC,155.06,STATIC,80.63,STATIC,62.56,STATIC,95.04,STATIC,96.86,STATIC,105.87,STATIC,158.88,STATIC,False,0.034,60.0,0.000
149.18666666666667,3579,130.33,STATIC,155.38,STATIC,80.81,STATIC,63.07,STATIC,95.10,STATIC,96.47,STATIC,104.52,STATIC,155.34,STATIC,False,0.024,60.0,0.000
149.22833333333335,3580,135.99,EXTENSION,155.70,STATIC,80.97,STATIC,63.47,STATIC,95.60,STATIC,96.41,STATIC,104.29,STATIC,153.86,STATIC,False,0.011,60.0,0.000
149.27,3581,142.23,EXTENSION,155.01,STATIC,81.04,STATIC,63.24,STATIC,95.86,STATIC,96.33,STATIC,103.53,STATIC,151.66,STATIC,False,0.003,60.0,0.000
149.31166666666667,3582,145.26,STATIC,155.90,STATIC,81.31,STATIC,64.46,STATIC,96.05,STATIC,97.03,STATIC,103.76,STATIC,152.84,STATIC,False,0.005,60.0,0.000
149.35333333333335,3583,149.20,STATIC,156.43,STATIC,81.33,STATIC,65.30,STATIC,95.90,STATIC,96.74,STATIC,103.31,STATIC,149.91,STATIC,False,0.004,60.0,0.000
149.395,3584,152.00,STATIC,156.15,STATIC,81.33,STATIC,65.58,STATIC,95.75,STATIC,96.41,STATIC,103.41,STATIC,148.76,STATIC,False,0.006,60.0,0.000
149.43666666666667,3585,155.86,STATIC,156.49,STATIC,81.77,STATIC,66.04,STATIC,95.96,STATIC,96.66,STATIC,103.73,STATIC,149.80,STATIC,False,0.001,60.0,0.000
149.47833333333335,3586,160.67,STATIC,157.05,STATIC,81.95,STATIC,67.29,STATIC,96.09,STATIC,96.77,STATIC,104.21,STATIC,149.29,STATIC,False,0.002,60.0,0.000
149.52,3587,166.96,EXTENSION,157.76,STATIC,81.17,STATIC,68.22,STATIC,96.42,STATIC,97.40,STATIC,103.73,STATIC,147.99,STATIC,False,0.005,60.0,0.000
149.56166666666667,3588,165.40,STATIC,157.71,STATIC,81.84,STATIC,69.21,STATIC,96.14,STATIC,97.16,STATIC,104.41,STATIC,148.87,STATIC,False,0.010,60.0,0.000
149.60333333333335,3589,163.61,STATIC,157.96,STATIC,82.48,STATIC,69.47,STATIC,95.82,STATIC,96.79,STATIC,105.90,STATIC,149.51,STATIC,False,0.012,60.0,0.000
149.645,3590,170.64,EXTENSION,159.00,STATIC,82.41,STATIC,69.83,STATIC,96.58,STATIC,98.10,STATIC,106.89,STATIC,153.54,STATIC,False,0.012,60.0,0.000
149.68666666666667,3591,161.81,FLEXION,158.27,STATIC,82.96,STATIC,70.26,STATIC,95.93,STATIC,94.96,STATIC,111.27,STATIC,151.28,STATIC,False,0.017,60.0,0.000
149.72833333333335,3592,174.74,EXTENSION,158.89,STATIC,82.44,STATIC,70.48,STATIC,96.74,STATIC,96.51,STATIC,110.67,STATIC,154.52,STATIC,False,0.024,60.0,0.000
149.77,3593,175.84,STATIC,158.60,STATIC,82.69,STATIC,70.41,STATIC,97.24,STATIC,97.44,STATIC,109.35,STATIC,156.58,STATIC,False,0.030,60.0,0.000
149.81166666666667,3594,174.73,STATIC,158.68,STATIC,82.17,STATIC,70.82,STATIC,97.08,STATIC,96.43,STATIC,107.78,STATIC,154.71,STATIC,False,0.036,60.0,0.000
149.85333333333335,3595,171.66,STATIC,161.05,STATIC,84.57,STATIC,71.33,STATIC,96.90,STATIC,97.33,STATIC,107.46,STATIC,154.58,STATIC,False,0.040,60.0,0.000
149.89666666666668,3596,170.07,STATIC,161.63,STATIC,84.45,STATIC,72.07,STATIC,95.09,STATIC,96.19,STATIC,108.90,STATIC,156.50,STATIC,False,0.041,60.0,0.000
149.93833333333333,3597,164.49,FLEXION,161.24,STATIC,82.70,STATIC,72.23,STATIC,95.39,STATIC,95.99,STATIC,106.70,STATIC,156.36,STATIC,False,0.051,60.0,0.000
149.98000000000002,3598,166.98,STATIC,162.61,STATIC,85.05,STATIC,72.40,STATIC,91.37,STATIC,90.86,FLEXION,107.72,STATIC,155.10,STATIC,False,0.061,60.0,0.000
150.02166666666668,3599,167.00,STATIC,162.12,STATIC,85.03,STATIC,72.66,STATIC,90.91,STATIC,92.05,STATIC,113.76,EXTENSION,158.88,STATIC,False,0.068,60.0,0.000
150.06333333333333,3600,166.91,STATIC,161.10,STATIC,84.05,STATIC,73.67,STATIC,89.83,STATIC,90.64,STATIC,111.70,STATIC,159.43,STATIC,False,0.068,60.0,0.000
150.10500000000002,3601,149.68,FLEXION,161.75,STATIC,84.61,STATIC,73.70,STATIC,89.59,STATIC,90.51,STATIC,111.88,STATIC,160.60,STATIC,False,0.065,60.0,0.000
150.14666666666668,3602,146.12,STATIC,162.36,STATIC,84.01,STATIC,74.52,STATIC,90.81,STATIC,90.95,STATIC,111.08,STATIC,162.25,STATIC,False,0.065,60.0,0.000
150.18833333333333,3603,140.19,FLEXION,162.36,STATIC,85.69,STATIC,74.98,STATIC,90.01,STATIC,91.09,STATIC,109.68,STATIC,161.20,STATIC,False,0.054,60.0,0.000
150.23000000000002,3604,138.89,STATIC,162.76,STATIC,84.92,STATIC,75.17,STATIC,89.55,STATIC,90.91,STATIC,107.44,STATIC,162.29,STATIC,False,0.052,60.0,0.000
150.27166666666668,3605,142.63,STATIC,162.73,STATIC,83.26,STATIC,74.85,STATIC,89.84,STATIC,90.77,STATIC,106.10,STATIC,163.21,STATIC,False,0.047,60.0,0.000
150.31333333333333,3606,140.59,STATIC,162.66,STATIC,83.40,STATIC,74.93,STATIC,89.71,STATIC,90.60,STATIC,104.71,STATIC,161.51,STATIC,False,0.040,60.0,0.000
150.35500000000002,3607,135.91,STATIC,162.51,STATIC,82.87,STATIC,74.44,STATIC,89.77,STATIC,90.46,STATIC,105.14,STATIC,161.54,STATIC,False,0.039,60.0,0.000
150.39666666666668,3608,135.49,STATIC,161.67,STATIC,82.92,STATIC,73.87,STATIC,89.73,STATIC,91.16,STATIC,103.87,STATIC,162.21,STATIC,False,0.043,60.0,0.000
150.43833333333333,3609,133.88,STATIC,161.26,STATIC,83.49,STATIC,74.34,STATIC,89.56,STATIC,90.94,STATIC,101.89,STATIC,162.32,STATIC,False,0.044,60.0,0.000
150.48000000000002,3610,131.49,STATIC,161.08,STATIC,83.61,STATIC,74.50,STATIC,89.58,STATIC,90.54,STATIC,101.82,STATIC,161.00,STATIC,False,0.046,60.0,0.000
150.52166666666668,3611,128.94,STATIC,160.37,STATIC,83.66,STATIC,74.65,STATIC,89.55,STATIC,90.62,STATIC,101.11,STATIC,161.16,STATIC,False,0.049,60.0,0.000
150.56333333333333,3612,121.74,FLEXION,160.44,STATIC,84.08,STATIC,74.94,STATIC,89.46,STATIC,90.01,STATIC,100.57,STATIC,160.17,STATIC,False,0.048,60.0,0.000
150.60500000000002,3613,121.02,STATIC,159.70,STATIC,84.12,STATIC,74.81,STATIC,88.95,STATIC,89.50,STATIC,100.22,STATIC,160.08,STATIC,False,0.048,60.0,0.000
150.64666666666668,3614,122.28,STATIC,158.96,STATIC,83.85,STATIC,74.81,STATIC,89.09,STATIC,89.72,STATIC,100.80,STATIC,161.65,STATIC,False,0.049,60.0,0.000
150.68833333333333,3615,119.48,STATIC,158.86,STATIC,83.80,STATIC,74.82,STATIC,89.04,STATIC,89.96,STATIC,101.13,STATIC,162.75,STATIC,False,0.047,60.0,0.000
150.73000000000002,3616,115.80,STATIC,159.51,STATIC,83.73,STATIC,74.66,STATIC,89.11,STATIC,89.79,STATIC,102.95,STATIC,163.21,STATIC,False,0.057,60.0,0.000
150.77166666666668,3617,115.94,STATIC,158.86,STATIC,83.72,STATIC,74.80,STATIC,88.87,STATIC,89.61,STATIC,104.46,STATIC,163.30,STATIC,False,0.056,60.0,0.000
150.81333333333333,3618,115.31,STATIC,158.92,STATIC,83.90,STATIC,74.73,STATIC,88.76,STATIC,89.22,STATIC,104.96,STATIC,163.55,STATIC,False,0.055,60.0,0.000
150.85500000000002,3619,115.27,STATIC,158.68,STATIC,84.00,STATIC,74.75,STATIC,89.30,STATIC,90.43,STATIC,104.54,STATIC,164.21,STATIC,False,0.054,60.0,0.000
150.89666666666668,3620,115.09,STATIC,158.98,STATIC,84.11,STATIC,74.63,STATIC,89.56,STATIC,90.81,STATIC,105.37,STATIC,164.42,STATIC,False,0.054,60.0,0.000
150.93833333333333,3621,114.62,STATIC,159.33,STATIC,84.19,STATIC,74.50,STATIC,89.74,STATIC,90.82,STATIC,105.39,STATIC,164.79,STATIC,False,0.053,60.0,0.000
150.98000000000002,3622,114.25,STATIC,159.63,STATIC,84.27,STATIC,74.44,STATIC,89.77,STATIC,90.77,STATIC,105.61,STATIC,164.91,STATIC,False,0.053,60.0,0.000
151.02166666666668,3623,114.05,STATIC,159.91,STATIC,84.32,STATIC,74.37,STATIC,89.70,STATIC,90.70,STATIC,105.95,STATIC,164.78,STATIC,False,0.052,60.0,0.000
151.06333333333333,3624,113.97,STATIC,160.31,STATIC,84.39,STATIC,74.16,STATIC,89.58,STATIC,90.61,STATIC,106.38,STATIC,164.52,STATIC,False,0.052,60.0,0.000
151.10500000000002,3625,114.09,STATIC,160.05,STATIC,84.53,STATIC,74.18,STATIC,88.60,STATIC,87.50,STATIC,113.71,EXTENSION,163.21,STATIC,False,0.053,60.0,0.000
151.14666666666668,3626,114.20,STATIC,160.32,STATIC,84.59,STATIC,73.99,STATIC,88.26,STATIC,86.18,STATIC,115.09,STATIC,162.96,STATIC,False,0.053,60.0,0.000
151.18833333333333,3627,114.09,STATIC,160.68,STATIC,84.62,STATIC,73.79,STATIC,88.21,STATIC,86.25,STATIC,114.93,STATIC,163.20,STATIC,False,0.053,60.0,0.000
151.23000000000002,3628,113.96,STATIC,160.86,STATIC,84.61,STATIC,73.60,STATIC,88.21,STATIC,86.27,STATIC,114.84,STATIC,163.35,STATIC,False,0.052,60.0,0.000
151.27166666666668,3629,114.02,STATIC,160.95,STATIC,84.62,STATIC,73.39,STATIC,88.21,STATIC,86.16,STATIC,115.97,STATIC,163.37,STATIC,False,0.053,60.0,0.000
151.31333333333333,3630,113.94,STATIC,160.96,STATIC,84.64,STATIC,73.14,STATIC,88.24,STATIC,86.23,STATIC,117.01,STATIC,163.20,STATIC,False,0.054,60.0,0.000
151.35500000000002,3631,113.62,STATIC,161.00,STATIC,84.64,STATIC,73.09,STATIC,88.29,STATIC,86.32,STATIC,116.03,STATIC,163.23,STATIC,False,0.054,60.0,0.000
151.39666666666668,3632,113.14,STATIC,161.02,STATIC,84.63,STATIC,73.19,STATIC,88.33,STATIC,86.28,STATIC,115.86,STATIC,163.15,STATIC,False,0.052,60.0,0.000
151.43833333333333,3633,112.15,STATIC,161.13,STATIC,84.61,STATIC,73.22,STATIC,88.26,STATIC,86.16,STATIC,116.01,STATIC,162.99,STATIC,False,0.052,60.0,0.000
151.48000000000002,3634,111.38,STATIC,161.24,STATIC,84.64,STATIC,73.30,STATIC,88.26,STATIC,86.10,STATIC,114.80,STATIC,162.76,STATIC,False,0.053,60.0,0.000
151.52166666666668,3635,111.65,STATIC,161.33,STATIC,84.66,STATIC,73.36,STATIC,88.20,STATIC,85.75,STATIC,114.37,STATIC,162.53,STATIC,False,0.052,60.0,0.000
151.56333333333333,3636,111.62,STATIC,161.52,STATIC,84.70,STATIC,73.56,STATIC,88.17,STATIC,85.75,STATIC,113.98,STATIC,162.34,STATIC,False,0.053,60.0,0.000
151.60500000000002,3637,111.92,STATIC,161.63,STATIC,84.74,STATIC,73.70,STATIC,88.22,STATIC,86.00,STATIC,113.01,STATIC,162.23,STATIC,False,0.054,60.0,0.000
151.64666666666668,3638,111.43,STATIC,161.77,STATIC,84.77,STATIC,73.80,STATIC,88.19,STATIC,86.22,STATIC,111.79,STATIC,162.42,STATIC,False,0.054,60.0,0.000
151.68833333333333,3639,111.10,STATIC,161.82,STATIC,84.81,STATIC,73.84,STATIC,88.16,STATIC,86.71,STATIC,110.95,STATIC,162.69,STATIC,False,0.053,60.0,0.000
151.73000000000002,3640,111.47,STATIC,161.83,STATIC,84.82,STATIC,73.81,STATIC,88.25,STATIC,87.49,STATIC,110.07,STATIC,163.10,STATIC,False,0.054,60.0,0.000
151.77166666666668,3641,111.40,STATIC,161.84,STATIC,84.83,STATIC,73.80,STATIC,88.28,STATIC,87.55,STATIC,110.71,STATIC,163.19,STATIC,False,0.054,60.0,0.000
151.81333333333333,3642,110.94,STATIC,161.92,STATIC,84.83,STATIC,73.59,STATIC,88.31,STATIC,87.51,STATIC,110.37,STATIC,163.11,STATIC,False,0.054,60.0,0.000
151.85500000000002,3643,110.66,STATIC,162.04,STATIC,84.84,STATIC,73.42,STATIC,88.33,STATIC,87.39,STATIC,110.93,STATIC,162.90,STATIC,False,0.054,60.0,0.000
151.89666666666668,3644,110.41,STATIC,161.95,STATIC,84.85,STATIC,73.13,STATIC,88.57,STATIC,87.68,STATIC,111.04,STATIC,162.73,STATIC,False,0.054,60.0,0.000
151.93833333333333,3645,110.38,STATIC,162.02,STATIC,84.83,STATIC,72.81,STATIC,88.73,STATIC,87.77,STATIC,111.25,STATIC,162.22,STATIC,False,0.053,60.0,0.000
151.98000000000002,3646,110.92,STATIC,161.97,STATIC,84.84,STATIC,72.50,STATIC,88.71,STATIC,87.33,STATIC,112.25,STATIC,161.38,STATIC,False,0.052,60.0,0.000
152.02166666666668,3647,110.81,STATIC,162.06,STATIC,84.82,STATIC,72.23,STATIC,89.06,STATIC,87.73,STATIC,111.39,STATIC,161.50,STATIC,False,0.050,60.0,0.000
152.06333333333333,3648,110.10,STATIC,161.89,STATIC,84.79,STATIC,71.89,STATIC,89.35,STATIC,89.13,STATIC,109.52,STATIC,161.90,STATIC,False,0.046,60.0,0.000
152.10500000000002,3649,109.32,STATIC,161.85,STATIC,84.78,STATIC,71.88,STATIC,89.15,STATIC,89.12,STATIC,107.00,STATIC,161.71,STATIC,False,0.043,60.0,0.000
152.14666666666668,3650,107.93,STATIC,161.65,STATIC,84.77,STATIC,71.82,STATIC,89.23,STATIC,89.58,STATIC,104.88,STATIC,161.76,STATIC,False,0.042,60.0,0.000
152.18833333333333,3651,108.92,STATIC,161.65,STATIC,84.73,STATIC,71.87,STATIC,89.15,STATIC,89.27,STATIC,103.98,STATIC,161.82,STATIC,False,0.042,60.0,0.000
152.23000000000002,3652,108.84,STATIC,161.62,STATIC,84.69,STATIC,71.93,STATIC,89.13,STATIC,89.22,STATIC,102.83,STATIC,161.74,STATIC,False,0.041,60.0,0.000
152.27166666666668,3653,108.69,STATIC,161.60,STATIC,84.67,STATIC,72.05,STATIC,89.11,STATIC,88.98,STATIC,102.32,STATIC,161.52,STATIC,False,0.040,60.0,0.000
152.31333333333333,3654,108.93,STATIC,161.12,STATIC,84.68,STATIC,72.43,STATIC,88.42,STATIC,86.27,STATIC,105.65,STATIC,160.51,STATIC,False,0.043,60.0,0.000
152.35500000000002,3655,108.69,STATIC,161.03,STATIC,84.70,STATIC,72.72,STATIC,87.98,STATIC,84.79,STATIC,107.43,STATIC,159.78,STATIC,False,0.045,60.0,0.000
152.39666666666668,3656,108.00,STATIC,161.06,STATIC,84.71,STATIC,72.81,STATIC,87.97,STATIC,84.34,STATIC,107.56,STATIC,159.42,STATIC,False,0.046,60.0,0.000
152.43833333333333,3657,107.52,STATIC,161.23,STATIC,84.72,STATIC,73.12,STATIC,88.03,STATIC,84.29,STATIC,107.36,STATIC,159.49,STATIC,False,0.046,60.0,0.000
152.48000000000002,3658,107.13,STATIC,161.27,STATIC,84.74,STATIC,73.24,STATIC,87.90,STATIC,83.77,STATIC,107.62,STATIC,159.39,STATIC,False,0.045,60.0,0.000
152.52166666666668,3659,107.01,STATIC,160.94,STATIC,84.76,STATIC,73.29,STATIC,87.66,STATIC,82.53,STATIC,107.95,STATIC,158.93,STATIC,False,0.045,60.0,0.000
152.56333333333333,3660,106.82,STATIC,161.08,STATIC,84.78,STATIC,73.45,STATIC,87.57,STATIC,81.95,STATIC,108.10,STATIC,158.59,STATIC,False,0.044,60.0,0.000
152.60500000000002,3661,106.62,STATIC,161.32,STATIC,84.79,STATIC,73.80,STATIC,87.48,STATIC,81.39,STATIC,108.05,STATIC,158.24,STATIC,False,0.042,60.0,0.000
152.64666666666668,3662,106.55,STATIC,161.34,STATIC,84.67,STATIC,74.00,STATIC,87.44,STATIC,81.24,STATIC,107.06,STATIC,158.44,STATIC,False,0.039,60.0,0.000
152.68833333333333,3663,106.30,STATIC,161.24,STATIC,84.60,STATIC,74.11,STATIC,87.43,STATIC,82.00,STATIC,106.39,STATIC,159.20,STATIC,False,0.039,60.0,0.000
152.73000000000002,3664,106.39,STATIC,161.32,STATIC,84.52,STATIC,74.14,STATIC,87.57,STATIC,82.78,STATIC,106.56,STATIC,159.69,STATIC,False,0.040,60.0,0.000
152.77166666666668,3665,106.72,STATIC,161.32,STATIC,84.44,STATIC,74.20,STATIC,87.72,STATIC,83.44,STATIC,106.07,STATIC,160.11,STATIC,False,0.040,60.0,0.000
152.81333333333333,3666,106.91,STATIC,161.24,STATIC,84.30,STATIC,74.30,STATIC,87.90,STATIC,83.78,STATIC,105.87,STATIC,160.51,STATIC,False,0.039,60.0,0.000
152.85500000000002,3667,106.96,STATIC,161.23,STATIC,84.22,STATIC,74.33,STATIC,88.16,STATIC,85.66,STATIC,104.61,STATIC,161.46,STATIC,False,0.037,60.0,0.000
152.89666666666668,3668,107.03,STATIC,161.30,STATIC,84.11,STATIC,74.34,STATIC,88.67,STATIC,87.75,STATIC,104.17,STATIC,162.94,STATIC,False,0.034,60.0,0.000
152.93833333333333,3669,106.95,STATIC,161.29,STATIC,84.35,STATIC,74.53,STATIC,88.65,STATIC,87.68,STATIC,103.13,STATIC,163.39,STATIC,False,0.031,60.0,0.000
152.98000000000002,3670,107.15,STATIC,161.89,STATIC,84.29,STATIC,74.50,STATIC,88.74,STATIC,87.51,STATIC,101.93,STATIC,162.96,STATIC,False,0.024,60.0,0.000
153.02166666666668,3671,106.89,STATIC,161.57,STATIC,84.37,STATIC,74.61,STATIC,88.63,STATIC,87.27,STATIC,100.90,STATIC,163.03,STATIC,False,0.023,60.0,0.000
153.06333333333333,3672,110.40,STATIC,161.92,STATIC,85.31,STATIC,75.18,STATIC,88.44,STATIC,86.11,STATIC,98.96,STATIC,161.54,STATIC,False,0.023,60.0,0.000
153.10500000000002,3673,106.43,STATIC,163.15,STATIC,87.93,STATIC,75.53,STATIC,89.39,STATIC,89.61,STATIC,101.78,STATIC,163.53,STATIC,False,0.023,60.0,0.000
153.14666666666668,3674,109.80,STATIC,163.66,STATIC,86.06,STATIC,75.57,STATIC,90.02,STATIC,90.88,STATIC,102.29,STATIC,164.60,STATIC,False,0.013,60.0,0.000
153.18833333333333,3675,109.07,STATIC,163.51,STATIC,85.89,STATIC,75.99,STATIC,92.04,STATIC,93.88,STATIC,103.30,STATIC,166.00,STATIC,False,0.007,60.0,0.000
153.23000000000002,3676,94.88,FLEXION,163.44,STATIC,86.74,STATIC,76.00,STATIC,92.56,STATIC,94.97,STATIC,103.98,STATIC,165.82,STATIC,False,0.005,60.0,0.000
153.27166666666668,3677,80.52,FLEXION,164.13,STATIC,87.73,STATIC,75.95,STATIC,92.42,STATIC,95.36,STATIC,104.22,STATIC,164.97,STATIC,False,0.001,60.0,0.000
153.31333333333333,3678,71.59,FLEXION,164.53,STATIC,88.11,STATIC,75.92,STATIC,92.85,STATIC,94.99,STATIC,105.99,STATIC,163.80,STATIC,False,0.001,60.0,0.000
153.35500000000002,3679,65.67,FLEXION,161.84,STATIC,85.88,STATIC,76.13,STATIC,92.97,STATIC,95.42,STATIC,106.05,STATIC,162.96,STATIC,False,0.000,60.0,0.000
153.39666666666668,3680,84.32,EXTENSION,161.26,STATIC,85.43,STATIC,76.21,STATIC,93.50,STATIC,95.29,STATIC,104.52,STATIC,161.48,STATIC,False,0.000,60.0,0.000
153.43833333333333,3681,78.82,FLEXION,162.05,STATIC,86.15,STATIC,75.77,STATIC,95.01,STATIC,96.52,STATIC,105.98,STATIC,161.72,STATIC,False,0.000,60.0,0.000
153.48000000000002,3682,71.93,FLEXION,162.95,STATIC,86.86,STATIC,75.92,STATIC,94.86,STATIC,97.05,STATIC,106.88,STATIC,161.22,STATIC,False,0.000,60.0,0.000
153.52166666666668,3683,67.84,STATIC,162.18,STATIC,87.43,STATIC,75.81,STATIC,95.06,STATIC,96.51,STATIC,106.26,STATIC,157.89,STATIC,False,0.000,60.0,0.000
153.56333333333333,3684,51.72,FLEXION,160.32,STATIC,87.04,STATIC,75.09,STATIC,94.76,STATIC,96.66,STATIC,106.08,STATIC,156.09,STATIC,False,0.000,60.0,0.000
153.60500000000002,3685,46.79,STATIC,158.64,STATIC,86.88,STATIC,74.07,STATIC,95.36,STATIC,96.70,STATIC,106.74,STATIC,156.91,STATIC,False,0.000,60.0,0.000
153.64666666666668,3686,51.25,STATIC,158.63,STATIC,86.91,STATIC,73.73,STATIC,95.05,STATIC,96.00,STATIC,105.62,STATIC,154.31,STATIC,False,0.000,60.0,0.000
153.68833333333333,3687,60.81,EXTENSION,157.60,STATIC,86.94,STATIC,73.88,STATIC,95.02,STATIC,95.95,STATIC,104.26,STATIC,152.71,STATIC,False,0.000,60.0,0.000
153.73000000000002,3688,72.44,EXTENSION,156.97,STATIC,86.30,STATIC,73.43,STATIC,95.67,STATIC,98.47,STATIC,103.81,STATIC,155.69,STATIC,False,0.000,60.0,0.000
153.77166666666668,3689,78.70,EXTENSION,158.76,STATIC,85.85,STATIC,73.64,STATIC,95.52,STATIC,97.54,STATIC,102.61,STATIC,153.28,STATIC,False,0.000,60.0,0.000
153.81333333333333,3690,80.45,STATIC,159.52,STATIC,86.01,STATIC,73.79,STATIC,96.08,STATIC,98.15,STATIC,102.03,STATIC,150.76,STATIC,False,0.000,60.0,0.000
153.85500000000002,3691,86.08,EXTENSION,160.45,STATIC,86.01,STATIC,73.36,STATIC,96.01,STATIC,98.37,STATIC,100.77,STATIC,150.92,STATIC,False,0.000,60.0,0.000
153.89666666666668,3692,91.48,EXTENSION,160.50,STATIC,85.80,STATIC,73.04,STATIC,95.68,STATIC,98.36,STATIC,99.44,STATIC,147.68,STATIC,False,0.004,60.0,0.000
153.94,3693,96.77,EXTENSION,160.97,STATIC,85.76,STATIC,73.40,STATIC,95.52,STATIC,98.22,STATIC,98.90,STATIC,143.73,STATIC,False,0.008,60.0,0.000
153.98166666666668,3694,103.94,EXTENSION,161.23,STATIC,85.85,STATIC,73.63,STATIC,95.31,STATIC,97.98,STATIC,98.78,STATIC,143.22,STATIC,False,0.000,60.0,0.000
154.02333333333334,3695,115.97,EXTENSION,162.26,STATIC,85.65,STATIC,73.87,STATIC,95.39,STATIC,97.98,STATIC,98.96,STATIC,141.13,STATIC,False,0.003,60.0,0.000
154.065,3696,122.48,EXTENSION,162.44,STATIC,85.79,STATIC,73.93,STATIC,94.88,STATIC,97.03,STATIC,98.59,STATIC,139.51,STATIC,False,0.004,60.0,0.000
154.10666666666668,3697,129.92,EXTENSION,162.39,STATIC,85.52,STATIC,73.55,STATIC,94.87,STATIC,96.61,STATIC,97.53,STATIC,137.38,STATIC,False,0.007,60.0,0.000
154.14833333333334,3698,135.94,EXTENSION,163.79,STATIC,85.71,STATIC,74.36,STATIC,94.76,STATIC,96.78,STATIC,97.20,STATIC,134.87,STATIC,False,0.009,60.0,0.000
154.19,3699,129.46,FLEXION,163.71,STATIC,85.86,STATIC,74.33,STATIC,95.05,STATIC,96.58,STATIC,96.97,STATIC,132.19,STATIC,False,0.013,60.0,0.000
154.23166666666668,3700,136.29,EXTENSION,164.18,STATIC,85.96,STATIC,74.39,STATIC,95.12,STATIC,96.20,STATIC,96.73,STATIC,131.42,STATIC,False,0.013,60.0,0.000
154.27333333333334,3701,137.92,STATIC,165.34,STATIC,86.02,STATIC,75.07,STATIC,94.98,STATIC,96.25,STATIC,96.91,STATIC,131.28,STATIC,False,0.010,60.0,0.000
154.315,3702,145.53,EXTENSION,166.32,STATIC,86.03,STATIC,75.34,STATIC,94.90,STATIC,96.04,STATIC,96.64,STATIC,129.44,STATIC,False,0.010,60.0,0.000
154.35666666666668,3703,140.70,STATIC,166.26,STATIC,86.12,STATIC,75.72,STATIC,94.55,STATIC,95.63,STATIC,96.68,STATIC,131.78,STATIC,False,0.021,60.0,0.000
154.39833333333334,3704,137.15,STATIC,166.46,STATIC,86.36,STATIC,75.98,STATIC,94.50,STATIC,95.40,STATIC,97.04,STATIC,134.78,STATIC,False,0.021,60.0,0.000
154.44,3705,138.68,STATIC,166.95,STATIC,86.36,STATIC,76.26,STATIC,93.65,STATIC,94.77,STATIC,96.87,STATIC,136.75,STATIC,False,0.019,60.0,0.000
154.48166666666668,3706,141.77,STATIC,167.58,STATIC,86.39,STATIC,76.57,STATIC,94.05,STATIC,95.89,STATIC,97.19,STATIC,140.07,STATIC,False,0.018,60.0,0.000
154.52333333333334,3707,140.84,STATIC,167.75,STATIC,86.13,STATIC,76.95,STATIC,94.38,STATIC,96.00,STATIC,97.26,STATIC,141.89,STATIC,False,0.008,60.0,0.000
154.565,3708,147.24,EXTENSION,168.18,STATIC,86.00,STATIC,77.35,STATIC,95.14,STATIC,96.84,STATIC,97.41,STATIC,142.81,STATIC,False,0.006,60.0,0.000
154.60666666666668,3709,143.96,STATIC,167.95,STATIC,86.09,STATIC,77.51,STATIC,95.00,STATIC,96.36,STATIC,97.59,STATIC,143.08,STATIC,False,0.000,60.0,0.000
154.64833333333334,3710,137.82,FLEXION,168.09,STATIC,86.19,STATIC,77.51,STATIC,94.69,STATIC,96.00,STATIC,98.81,STATIC,145.70,STATIC,False,0.000,60.0,0.000
154.69,3711,138.45,STATIC,167.60,STATIC,85.79,STATIC,77.07,STATIC,94.43,STATIC,95.69,STATIC,100.01,STATIC,145.87,STATIC,False,0.000,60.0,0.000
154.73166666666668,3712,141.13,STATIC,167.90,STATIC,85.78,STATIC,76.51,STATIC,94.81,STATIC,96.04,STATIC,101.17,STATIC,148.03,STATIC,False,0.000,60.0,0.000
154.77333333333334,3713,139.45,STATIC,167.22,STATIC,85.61,STATIC,76.45,STATIC,94.16,STATIC,95.76,STATIC,101.27,STATIC,146.51,STATIC,False,0.000,60.0,0.000
154.815,3714,138.06,STATIC,168.11,STATIC,85.61,STATIC,76.66,STATIC,94.41,STATIC,96.01,STATIC,102.99,STATIC,146.39,STATIC,False,0.005,60.0,0.000
154.85666666666668,3715,139.46,STATIC,168.10,STATIC,85.52,STATIC,76.55,STATIC,94.04,STATIC,95.65,STATIC,101.33,STATIC,144.23,STATIC,False,0.000,60.0,0.000
154.89833333333334,3716,143.27,STATIC,167.88,STATIC,85.16,STATIC,76.76,STATIC,94.43,STATIC,95.78,STATIC,99.81,STATIC,142.99,STATIC,False,0.013,60.0,0.000
154.94,3717,138.18,FLEXION,167.40,STATIC,84.78,STATIC,76.61,STATIC,94.64,STATIC,95.94,STATIC,100.28,STATIC,144.13,STATIC,False,0.043,60.0,0.000
154.98166666666668,3718,135.45,STATIC,165.64,STATIC,84.48,STATIC,75.11,STATIC,94.78,STATIC,95.90,STATIC,99.12,STATIC,141.05,STATIC,False,0.048,60.0,0.000
155.02333333333334,3719,134.95,STATIC,164.65,STATIC,84.18,STATIC,74.30,STATIC,94.71,STATIC,95.81,STATIC,98.67,STATIC,137.50,STATIC,False,0.048,60.0,0.000
155.065,3720,139.61,STATIC,163.22,STATIC,83.94,STATIC,73.08,STATIC,94.75,STATIC,95.92,STATIC,97.95,STATIC,134.33,STATIC,False,0.042,60.0,0.000
155.10666666666668,3721,140.81,STATIC,162.40,STATIC,83.38,STATIC,72.51,STATIC,94.69,STATIC,95.51,STATIC,98.20,STATIC,132.10,STATIC,False,0.038,60.0,0.000
155.14833333333334,3722,139.87,STATIC,161.48,STATIC,83.29,STATIC,72.58,STATIC,94.51,STATIC,95.10,STATIC,97.51,STATIC,129.95,STATIC,False,0.037,60.0,0.000
155.19,3723,139.70,STATIC,161.07,STATIC,82.27,STATIC,72.02,STATIC,94.68,STATIC,95.06,STATIC,97.53,STATIC,128.37,STATIC,False,0.035,60.0,0.000
155.23166666666668,3724,138.84,STATIC,160.23,STATIC,81.22,STATIC,71.54,STATIC,94.90,STATIC,95.03,STATIC,98.39,STATIC,126.51,STATIC,False,0.038,60.0,0.000
155.27333333333334,3725,139.09,STATIC,159.04,STATIC,80.44,STATIC,71.31,STATIC,95.00,STATIC,95.03,STATIC,99.38,STATIC,126.51,STATIC,False,0.036,60.0,0.000
155.315,3726,137.99,STATIC,157.42,STATIC,79.46,STATIC,69.78,STATIC,95.34,STATIC,95.72,STATIC,101.21,STATIC,126.73,STATIC,False,0.022,60.0,0.000
155.35666666666668,3727,137.81,STATIC,155.84,STATIC,79.48,STATIC,70.57,STATIC,95.70,STATIC,95.78,STATIC,100.55,STATIC,126.85,STATIC,False,0.016,60.0,0.000
155.39833333333334,3728,137.96,STATIC,154.84,STATIC,79.35,STATIC,70.01,STATIC,95.85,STATIC,95.73,STATIC,101.10,STATIC,126.54,STATIC,False,0.015,60.0,0.000
155.44,3729,137.63,STATIC,152.46,STATIC,78.54,STATIC,67.46,STATIC,96.20,STATIC,96.00,STATIC,102.22,STATIC,126.55,STATIC,False,0.010,60.0,0.000
155.48166666666668,3730,139.75,STATIC,151.53,STATIC,81.02,STATIC,70.46,STATIC,95.55,STATIC,94.99,STATIC,102.46,STATIC,125.89,STATIC,False,0.001,60.0,0.000
155.52333333333334,3731,140.60,STATIC,150.77,STATIC,80.74,STATIC,71.51,STATIC,95.25,STATIC,94.51,STATIC,101.37,STATIC,122.72,STATIC,False,0.005,60.0,0.000
155.565,3732,141.59,STATIC,149.29,STATIC,81.84,STATIC,72.86,STATIC,94.74,STATIC,94.04,STATIC,101.32,STATIC,121.37,STATIC,False,0.012,60.0,0.000
155.60666666666668,3733,141.73,STATIC,147.97,STATIC,81.48,STATIC,73.14,STATIC,94.05,STATIC,93.20,STATIC,99.79,STATIC,118.37,STATIC,False,0.015,60.0,0.000
155.64833333333334,3734,143.23,STATIC,146.61,STATIC,84.55,STATIC,77.96,STATIC,93.73,STATIC,92.58,STATIC,98.99,STATIC,115.95,STATIC,False,0.024,60.0,0.000
155.69,3735,145.14,STATIC,144.79,STATIC,83.90,STATIC,76.97,STATIC,93.96,STATIC,92.69,STATIC,98.76,STATIC,114.71,STATIC,False,0.024,60.0,0.000
155.73166666666668,3736,146.40,STATIC,143.03,STATIC,82.97,STATIC,72.94,STATIC,93.93,STATIC,92.56,STATIC,98.34,STATIC,114.13,STATIC,False,0.029,60.0,0.000
155.77333333333334,3737,146.51,STATIC,140.73,STATIC,86.66,STATIC,77.45,STATIC,93.93,STATIC,92.34,STATIC,98.31,STATIC,110.93,STATIC,False,0.041,60.0,0.000
155.815,3738,147.00,STATIC,138.16,STATIC,84.31,STATIC,75.95,STATIC,94.17,STATIC,92.25,STATIC,98.85,STATIC,110.53,STATIC,False,0.039,60.0,0.000
155.85666666666668,3739,147.14,STATIC,135.71,STATIC,87.24,STATIC,78.87,STATIC,94.92,STATIC,92.34,STATIC,99.37,STATIC,109.29,STATIC,False,0.050,60.0,0.000
155.89833333333334,3740,146.59,STATIC,133.86,STATIC,87.75,STATIC,80.74,STATIC,95.18,STATIC,92.48,STATIC,99.77,STATIC,108.82,STATIC,False,0.052,60.0,0.000
155.94,3741,146.11,STATIC,132.06,STATIC,89.05,STATIC,79.86,STATIC,94.69,STATIC,91.83,STATIC,99.21,STATIC,106.47,STATIC,False,0.055,60.0,0.000
155.98166666666668,3742,145.55,STATIC,130.51,STATIC,90.20,STATIC,80.75,STATIC,94.13,STATIC,90.54,STATIC,101.07,STATIC,101.96,STATIC,False,0.056,60.0,0.000
156.02333333333334,3743,144.18,STATIC,129.48,STATIC,88.69,STATIC,80.45,STATIC,94.13,STATIC,90.66,STATIC,102.28,STATIC,101.71,STATIC,False,0.054,60.0,0.000
156.065,3744,144.22,STATIC,128.04,STATIC,89.22,STATIC,78.88,STATIC,92.83,STATIC,91.04,STATIC,102.96,STATIC,101.95,STATIC,False,0.050,60.0,0.000
156.10666666666668,3745,142.62,STATIC,126.51,STATIC,87.36,STATIC,76.37,STATIC,92.65,STATIC,91.19,STATIC,104.82,STATIC,101.79,STATIC,False,0.048,60.0,0.000
156.14833333333334,3746,142.23,STATIC,125.63,STATIC,90.73,STATIC,79.55,STATIC,92.42,STATIC,91.07,STATIC,107.45,STATIC,101.82,STATIC,False,0.052,60.0,0.000
156.19,3747,141.19,STATIC,124.96,STATIC,91.95,STATIC,80.41,STATIC,92.28,STATIC,91.00,STATIC,109.22,STATIC,101.56,STATIC,False,0.054,60.0,0.000
156.23166666666668,3748,139.57,STATIC,123.86,STATIC,90.29,STATIC,78.96,STATIC,92.76,STATIC,91.36,STATIC,110.41,STATIC,102.07,STATIC,False,0.053,60.0,0.000
156.27333333333334,3749,138.44,STATIC,122.61,STATIC,90.23,STATIC,78.83,STATIC,92.99,STATIC,91.00,STATIC,111.52,STATIC,101.78,STATIC,False,0.053,60.0,0.000
156.315,3750,136.38,STATIC,121.99,STATIC,85.49,STATIC,73.03,FLEXION,93.52,STATIC,91.31,STATIC,112.40,STATIC,102.44,STATIC,False,0.214,60.0,0.000
156.35666666666668,3751,133.74,STATIC,121.86,STATIC,82.93,STATIC,70.76,STATIC,93.76,STATIC,91.94,STATIC,113.00,STATIC,102.90,STATIC,False,0.044,60.0,0.000
156.39833333333334,3752,130.74,STATIC,122.37,STATIC,75.43,FLEXION,65.95,STATIC,95.01,STATIC,93.56,STATIC,113.70,STATIC,104.26,STATIC,False,0.202,60.0,0.000
156.44,3753,129.50,STATIC,123.08,STATIC,74.06,STATIC,67.50,STATIC,95.64,STATIC,94.49,STATIC,113.56,STATIC,104.57,STATIC,False,0.032,60.0,0.000
156.48166666666668,3754,128.35,STATIC,122.66,STATIC,70.60,STATIC,65.34,STATIC,96.33,STATIC,95.35,STATIC,113.73,STATIC,105.33,STATIC,False,0.026,60.0,0.000
156.52333333333334,3755,128.41,STATIC,121.41,STATIC,75.26,STATIC,67.55,STATIC,97.47,STATIC,95.91,STATIC,113.70,STATIC,105.65,STATIC,False,0.032,60.0,0.000
156.565,3756,128.30,STATIC,120.02,STATIC,86.91,EXTENSION,76.21,EXTENSION,97.42,STATIC,95.81,STATIC,112.92,STATIC,105.35,STATIC,False,0.050,60.0,0.000
156.60666666666668,3757,127.05,STATIC,118.61,STATIC,82.26,STATIC,73.06,STATIC,97.39,STATIC,94.99,STATIC,112.68,STATIC,104.83,STATIC,False,0.046,60.0,0.000
156.64833333333334,3758,126.67,STATIC,116.74,STATIC,83.12,STATIC,73.30,STATIC,96.68,STATIC,94.57,STATIC,111.42,STATIC,104.25,STATIC,False,0.045,60.0,0.000
156.69,3759,126.35,STATIC,115.80,STATIC,86.20,STATIC,76.21,STATIC,97.24,STATIC,94.73,STATIC,110.98,STATIC,103.80,STATIC,False,0.051,60.0,0.000
156.73166666666668,3760,125.02,STATIC,115.21,STATIC,85.43,STATIC,75.25,STATIC,98.12,STATIC,95.67,STATIC,111.97,STATIC,104.64,STATIC,False,0.050,60.0,0.000
156.77333333333334,3761,125.34,STATIC,115.44,STATIC,83.43,STATIC,77.50,STATIC,98.39,STATIC,95.53,STATIC,110.27,STATIC,103.60,STATIC,False,0.056,60.0,0.000
156.815,3762,126.70,STATIC,115.23,STATIC,85.01,STATIC,79.56,STATIC,97.97,STATIC,94.98,STATIC,109.06,STATIC,102.33,STATIC,False,0.055,60.0,0.000
156.85666666666668,3763,126.52,STATIC,113.51,STATIC,83.51,STATIC,76.73,STATIC,97.98,STATIC,94.83,STATIC,108.80,STATIC,101.73,STATIC,False,0.053,60.0,0.000
156.89833333333334,3764,124.11,STATIC,111.59,STATIC,83.09,STATIC,73.77,STATIC,98.62,STATIC,95.67,STATIC,109.82,STATIC,102.11,STATIC,False,0.055,60.0,0.000
156.94,3765,121.85,STATIC,110.47,STATIC,78.47,STATIC,67.80,FLEXION,97.93,STATIC,95.70,STATIC,111.49,STATIC,102.83,STATIC,False,0.216,60.0,0.000
156.98166666666668,3766,120.76,STATIC,110.52,STATIC,76.46,STATIC,65.11,STATIC,99.00,STATIC,96.72,STATIC,112.32,STATIC,104.25,STATIC,False,0.047,60.0,0.000
157.02333333333334,3767,121.10,STATIC,110.51,STATIC,82.36,EXTENSION,64.61,STATIC,98.47,STATIC,96.17,STATIC,111.62,STATIC,102.69,STATIC,False,0.052,60.0,0.000
157.065,3768,119.76,STATIC,111.06,STATIC,75.06,FLEXION,60.52,STATIC,97.05,STATIC,95.69,STATIC,110.96,STATIC,101.90,STATIC,False,0.205,60.0,0.000
157.10666666666668,3769,120.40,STATIC,109.90,STATIC,71.51,STATIC,57.90,STATIC,97.70,STATIC,95.50,STATIC,112.11,STATIC,104.24,STATIC,False,0.033,60.0,0.000
157.14833333333334,3770,122.27,STATIC,109.49,STATIC,75.49,STATIC,62.59,STATIC,98.73,STATIC,95.60,STATIC,113.81,STATIC,106.32,STATIC,False,0.037,60.0,0.000
157.19,3771,121.84,STATIC,108.04,STATIC,80.20,STATIC,64.06,STATIC,98.80,STATIC,95.20,STATIC,114.34,STATIC,106.44,STATIC,False,0.044,60.0,0.000
157.23166666666668,3772,116.73,FLEXION,109.37,STATIC,66.20,FLEXION,54.46,FLEXION,99.17,STATIC,95.96,STATIC,113.82,STATIC,106.71,STATIC,False,0.364,60.0,0.000
157.27333333333334,3773,119.86,STATIC,110.48,STATIC,68.80,STATIC,58.91,STATIC,99.02,STATIC,95.57,STATIC,112.91,STATIC,107.90,STATIC,False,0.032,60.0,0.000
157.315,3774,119.12,STATIC,110.74,STATIC,50.25,FLEXION,45.88,FLEXION,99.83,STATIC,96.98,STATIC,114.50,STATIC,109.42,STATIC,False,0.350,60.0,0.000
157.35666666666668,3775,122.13,STATIC,110.74,STATIC,46.41,STATIC,45.82,STATIC,99.18,STATIC,96.77,STATIC,111.91,STATIC,109.66,STATIC,False,0.022,60.0,0.000
157.39833333333334,3776,123.61,STATIC,110.00,STATIC,46.40,STATIC,44.75,STATIC,99.08,STATIC,96.93,STATIC,111.94,STATIC,111.62,STATIC,False,0.026,60.0,0.000
157.44,3777,124.18,STATIC,108.84,STATIC,46.68,STATIC,43.67,STATIC,99.10,STATIC,97.21,STATIC,111.60,STATIC,113.32,STATIC,False,0.031,60.0,0.000
157.48166666666668,3778,124.72,STATIC,108.56,STATIC,48.13,STATIC,43.29,STATIC,98.48,STATIC,96.88,STATIC,110.04,STATIC,113.46,STATIC,False,0.035,60.0,0.000
157.52333333333334,3779,128.30,STATIC,109.20,STATIC,49.58,STATIC,47.10,STATIC,98.17,STATIC,96.55,STATIC,109.31,STATIC,113.69,STATIC,False,0.034,60.0,0.000
157.565,3780,128.11,STATIC,111.18,STATIC,49.54,STATIC,48.83,STATIC,97.36,STATIC,95.96,STATIC,108.66,STATIC,113.37,STATIC,False,0.028,60.0,0.000
157.60666666666668,3781,129.08,STATIC,116.00,STATIC,54.85,EXTENSION,57.30,EXTENSION,96.15,STATIC,95.08,STATIC,106.20,STATIC,111.66,STATIC,False,0.022,60.0,0.000
157.64833333333334,3782,129.42,STATIC,116.12,STATIC,60.14,EXTENSION,59.51,STATIC,94.31,STATIC,93.25,STATIC,103.66,STATIC,110.32,STATIC,False,0.022,60.0,0.000
157.69,3783,124.39,FLEXION,116.68,STATIC,61.21,STATIC,61.60,STATIC,93.79,STATIC,92.95,STATIC,101.72,STATIC,108.34,STATIC,False,0.019,60.0,0.000
157.73166666666668,3784,121.12,STATIC,117.90,STATIC,63.47,STATIC,66.50,STATIC,92.96,STATIC,91.89,STATIC,99.82,STATIC,105.76,STATIC,False,0.017,60.0,0.000
157.77333333333334,3785,115.89,FLEXION,116.83,STATIC,64.09,STATIC,63.93,STATIC,92.36,STATIC,91.00,STATIC,98.46,STATIC,103.37,STATIC,False,0.013,60.0,0.000
157.815,3786,113.18,STATIC,116.23,STATIC,66.27,STATIC,61.22,STATIC,90.28,STATIC,90.38,STATIC,96.47,STATIC,102.90,STATIC,False,0.009,60.0,0.000
157.85666666666668,3787,107.28,FLEXION,116.25,STATIC,65.24,STATIC,60.65,STATIC,91.31,STATIC,91.04,STATIC,98.05,STATIC,103.87,STATIC,False,0.006,60.0,0.000
157.89833333333334,3788,103.49,STATIC,114.92,STATIC,65.29,STATIC,60.09,STATIC,91.96,STATIC,92.20,STATIC,99.24,STATIC,105.12,STATIC,False,0.003,60.0,0.000
157.94166666666666,3789,98.26,FLEXION,112.40,STATIC,64.21,STATIC,58.14,STATIC,92.67,STATIC,92.49,STATIC,99.86,STATIC,105.95,STATIC,False,0.004,60.0,0.000
157.98333333333335,3790,92.70,FLEXION,110.48,STATIC,63.66,STATIC,58.73,STATIC,93.29,STATIC,93.26,STATIC,100.66,STATIC,107.19,STATIC,False,0.003,60.0,0.000
158.025,3791,86.13,FLEXION,109.18,STATIC,62.31,STATIC,57.69,STATIC,93.42,STATIC,93.35,STATIC,100.57,STATIC,106.94,STATIC,False,0.002,60.0,0.000
158.06666666666666,3792,79.32,FLEXION,108.44,STATIC,61.77,STATIC,59.91,STATIC,93.37,STATIC,92.95,STATIC,100.32,STATIC,106.24,STATIC,False,0.009,60.0,0.000
158.10833333333335,3793,74.72,STATIC,108.81,STATIC,60.46,STATIC,65.54,EXTENSION,92.47,STATIC,92.02,STATIC,99.37,STATIC,104.65,STATIC,False,0.018,60.0,0.000
158.15,3794,73.91,STATIC,109.09,STATIC,61.17,STATIC,66.92,STATIC,92.30,STATIC,92.05,STATIC,99.18,STATIC,103.88,STATIC,False,0.021,60.0,0.000
158.19166666666666,3795,76.33,STATIC,111.55,STATIC,61.54,STATIC,71.69,STATIC,91.63,STATIC,91.26,STATIC,99.06,STATIC,100.88,STATIC,False,0.028,60.0,0.000
158.23333333333335,3796,78.36,STATIC,109.56,STATIC,61.73,STATIC,68.40,STATIC,92.62,STATIC,91.54,STATIC,99.94,STATIC,99.32,STATIC,False,0.025,60.0,0.000
158.275,3797,79.20,STATIC,109.09,STATIC,60.76,STATIC,66.71,STATIC,93.24,STATIC,92.01,STATIC,100.70,STATIC,97.70,STATIC,False,0.024,60.0,0.000
158.31666666666666,3798,77.49,STATIC,109.80,STATIC,59.54,STATIC,67.20,STATIC,93.77,STATIC,92.60,STATIC,101.11,STATIC,96.03,STATIC,False,0.019,60.0,0.000
158.35833333333335,3799,76.96,STATIC,107.86,STATIC,59.62,STATIC,64.66,STATIC,95.85,STATIC,93.97,STATIC,103.21,STATIC,97.36,STATIC,False,0.023,60.0,0.000
158.4,3800,76.01,STATIC,108.79,STATIC,59.83,STATIC,63.97,STATIC,95.91,STATIC,94.42,STATIC,103.13,STATIC,98.29,STATIC,False,0.023,60.0,0.000
158.44166666666666,3801,76.12,STATIC,106.96,STATIC,59.80,STATIC,63.86,STATIC,95.23,STATIC,94.45,STATIC,102.92,STATIC,98.78,STATIC,False,0.025,60.0,0.000
158.48333333333335,3802,76.69,STATIC,104.31,STATIC,60.50,STATIC,56.69,FLEXION,96.15,STATIC,94.91,STATIC,104.73,STATIC,100.43,STATIC,False,0.186,60.0,0.000
158.525,3803,77.18,STATIC,104.05,STATIC,59.85,STATIC,57.43,STATIC,95.69,STATIC,94.50,STATIC,106.72,STATIC,101.21,STATIC,False,0.021,60.0,0.000
158.56666666666666,3804,77.60,STATIC,103.89,STATIC,60.41,STATIC,58.55,STATIC,95.74,STATIC,95.19,STATIC,109.08,STATIC,103.42,STATIC,False,0.019,60.0,0.000
158.60833333333335,3805,78.99,STATIC,102.08,STATIC,60.49,STATIC,57.93,STATIC,96.83,STATIC,95.28,STATIC,111.89,STATIC,108.06,STATIC,False,0.024,60.0,0.000
158.65,3806,80.32,STATIC,103.80,STATIC,60.42,STATIC,58.63,STATIC,96.21,STATIC,95.22,STATIC,111.21,STATIC,110.10,STATIC,False,0.022,60.0,0.000
158.69166666666666,3807,83.21,STATIC,103.01,STATIC,62.58,STATIC,53.81,STATIC,97.36,STATIC,96.47,STATIC,115.33,STATIC,112.86,STATIC,False,0.017,60.0,0.000
158.73333333333335,3808,86.56,STATIC,103.81,STATIC,64.33,STATIC,50.51,STATIC,98.37,STATIC,97.32,STATIC,115.45,STATIC,113.26,STATIC,False,0.004,60.0,0.000
158.775,3809,83.72,STATIC,103.82,STATIC,63.49,STATIC,51.02,STATIC,98.06,STATIC,96.93,STATIC,115.23,STATIC,114.20,STATIC,False,0.007,60.0,0.000
158.81666666666666,3810,79.80,STATIC,105.66,STATIC,61.87,STATIC,49.35,STATIC,98.19,STATIC,97.58,STATIC,116.76,STATIC,115.74,STATIC,False,0.008,60.0,0.000
158.85833333333335,3811,78.73,STATIC,105.76,STATIC,62.26,STATIC,46.03,STATIC,98.49,STATIC,98.33,STATIC,118.04,STATIC,118.08,STATIC,False,0.008,60.0,0.000
158.9,3812,74.23,STATIC,109.95,STATIC,62.15,STATIC,39.54,FLEXION,99.80,STATIC,101.13,STATIC,121.91,STATIC,123.56,EXTENSION,False,0.170,60.0,0.000
158.94166666666666,3813,64.44,FLEXION,112.69,STATIC,61.09,STATIC,39.15,STATIC,100.71,STATIC,101.90,STATIC,126.11,STATIC,127.48,STATIC,False,0.007,60.0,0.000
158.98333333333335,3814,59.93,STATIC,115.35,STATIC,61.56,STATIC,42.36,STATIC,100.69,STATIC,101.59,STATIC,126.88,STATIC,128.91,STATIC,False,0.008,60.0,0.000
159.025,3815,80.73,EXTENSION,116.19,STATIC,69.06,EXTENSION,44.36,STATIC,101.25,STATIC,102.24,STATIC,129.08,STATIC,132.59,STATIC,False,0.001,60.0,0.000
159.06666666666666,3816,68.36,FLEXION,116.50,STATIC,68.24,STATIC,43.03,STATIC,102.03,STATIC,103.85,STATIC,131.68,STATIC,138.49,EXTENSION,False,0.000,60.0,0.000
159.10833333333335,3817,68.93,STATIC,116.92,STATIC,68.83,STATIC,42.18,STATIC,102.56,STATIC,104.86,STATIC,133.31,STATIC,142.24,STATIC,False,0.000,60.0,0.000
159.15,3818,69.19,STATIC,117.12,STATIC,70.32,STATIC,44.16,STATIC,102.30,STATIC,104.46,STATIC,134.50,STATIC,144.83,STATIC,False,0.000,60.0,0.000
159.19166666666666,3819,65.20,STATIC,117.83,STATIC,70.94,STATIC,43.04,STATIC,102.38,STATIC,104.95,STATIC,135.89,STATIC,147.84,STATIC,False,0.000,60.0,0.000
159.23333333333335,3820,63.00,STATIC,118.72,STATIC,71.16,STATIC,43.04,STATIC,102.69,STATIC,105.29,STATIC,136.65,STATIC,148.62,STATIC,False,0.000,60.0,0.000
159.275,3821,61.78,STATIC,120.58,STATIC,71.11,STATIC,42.26,STATIC,103.03,STATIC,105.88,STATIC,137.30,STATIC,150.68,STATIC,False,0.000,60.0,0.000
159.31666666666666,3822,61.49,STATIC,121.86,STATIC,70.93,STATIC,41.10,STATIC,103.83,STATIC,107.01,STATIC,138.23,STATIC,152.43,STATIC,False,0.001,60.0,0.000
159.35833333333335,3823,60.34,STATIC,123.30,STATIC,70.96,STATIC,41.61,STATIC,104.07,STATIC,107.32,STATIC,138.10,STATIC,154.66,STATIC,False,0.002,60.0,0.000
159.4,3824,59.77,STATIC,122.87,STATIC,70.65,STATIC,38.42,STATIC,104.10,STATIC,108.90,STATIC,139.46,STATIC,156.04,STATIC,False,0.002,60.0,0.000
159.44166666666666,3825,59.80,STATIC,121.93,STATIC,70.06,STATIC,40.12,STATIC,103.46,STATIC,109.18,STATIC,138.57,STATIC,155.82,STATIC,False,0.007,60.0,0.000
159.48333333333335,3826,55.66,STATIC,122.77,STATIC,68.70,STATIC,39.70,STATIC,104.30,STATIC,109.86,STATIC,139.36,STATIC,156.02,STATIC,False,0.012,60.0,0.000
159.525,3827,55.32,STATIC,120.99,STATIC,69.12,STATIC,42.23,STATIC,102.78,STATIC,108.78,STATIC,138.30,STATIC,157.76,STATIC,False,0.008,60.0,0.000
159.56666666666666,3828,54.08,STATIC,119.77,STATIC,69.06,STATIC,42.83,STATIC,102.42,STATIC,108.69,STATIC,139.23,STATIC,159.08,STATIC,False,0.004,60.0,0.000
159.60833333333335,3829,53.29,STATIC,116.87,STATIC,69.79,STATIC,41.62,STATIC,99.79,STATIC,108.85,STATIC,134.75,STATIC,158.08,STATIC,False,0.005,60.0,0.000
159.65,3830,52.50,STATIC,113.52,STATIC,69.87,STATIC,42.60,STATIC,98.06,STATIC,108.73,STATIC,132.64,STATIC,154.13,STATIC,False,0.006,60.0,0.000
159.69166666666666,3831,52.16,STATIC,110.79,STATIC,69.67,STATIC,41.72,STATIC,99.25,STATIC,109.66,STATIC,135.95,STATIC,152.50,STATIC,False,0.003,60.0,0.000
159.73333333333335,3832,51.68,STATIC,107.45,STATIC,69.25,STATIC,41.54,STATIC,102.32,STATIC,109.70,STATIC,141.89,EXTENSION,153.49,STATIC,False,0.006,60.0,0.000
159.775,3833,50.88,STATIC,104.82,STATIC,69.24,STATIC,44.88,STATIC,102.51,STATIC,108.31,STATIC,142.96,STATIC,155.10,STATIC,False,0.000,60.0,0.000
159.81666666666666,3834,50.09,STATIC,102.72,STATIC,69.41,STATIC,48.21,STATIC,102.15,STATIC,106.45,STATIC,144.13,STATIC,156.37,STATIC,False,0.000,60.0,0.000
159.85833333333335,3835,50.26,STATIC,100.90,STATIC,69.02,STATIC,47.35,STATIC,101.67,STATIC,105.14,STATIC,144.31,STATIC,155.33,STATIC,False,0.000,60.0,0.000
159.9,3836,50.59,STATIC,99.29,STATIC,68.95,STATIC,45.48,STATIC,101.58,STATIC,105.32,STATIC,145.10,STATIC,157.42,STATIC,False,0.000,60.0,0.000
159.94166666666666,3837,51.81,STATIC,98.30,STATIC,69.22,STATIC,45.55,STATIC,100.74,STATIC,104.82,STATIC,142.61,STATIC,157.57,STATIC,False,0.002,60.0,0.000
159.98333333333335,3838,51.11,STATIC,97.06,STATIC,69.27,STATIC,45.34,STATIC,99.60,STATIC,103.34,STATIC,140.25,STATIC,153.76,STATIC,False,0.002,60.0,0.000
160.025,3839,48.38,STATIC,93.75,STATIC,68.88,STATIC,40.31,FLEXION,98.99,STATIC,101.90,STATIC,140.03,STATIC,150.48,STATIC,False,0.174,60.0,0.000
160.06666666666666,3840,48.61,STATIC,90.27,STATIC,69.33,STATIC,39.94,STATIC,100.81,STATIC,101.53,STATIC,143.78,STATIC,151.34,STATIC,False,0.008,60.0,0.000
160.10833333333335,3841,47.37,STATIC,86.10,STATIC,69.33,STATIC,36.77,STATIC,102.26,STATIC,102.24,STATIC,145.92,STATIC,150.12,STATIC,False,0.010,60.0,0.000
160.15,3842,44.86,STATIC,83.74,STATIC,70.21,STATIC,37.52,STATIC,102.19,STATIC,101.62,STATIC,144.37,STATIC,150.82,STATIC,False,0.004,60.0,0.000
160.19166666666666,3843,44.81,STATIC,82.08,STATIC,70.79,STATIC,37.83,STATIC,102.31,STATIC,101.60,STATIC,142.35,STATIC,149.78,STATIC,False,0.007,60.0,0.000
160.23333333333335,3844,42.45,STATIC,79.84,STATIC,71.55,STATIC,33.58,STATIC,102.47,STATIC,101.92,STATIC,140.98,STATIC,149.87,STATIC,False,0.010,60.0,0.000
160.275,3845,41.47,STATIC,77.56,STATIC,73.35,STATIC,34.93,STATIC,102.11,STATIC,101.46,STATIC,138.61,STATIC,149.22,STATIC,False,0.010,60.0,0.000
160.31666666666666,3846,40.16,STATIC,80.67,STATIC,74.53,STATIC,36.01,STATIC,101.37,STATIC,100.33,STATIC,136.27,STATIC,148.17,STATIC,False,0.013,60.0,0.000
160.35833333333335,3847,40.28,STATIC,80.30,STATIC,75.40,STATIC,36.26,STATIC,101.47,STATIC,99.92,STATIC,133.56,STATIC,146.69,STATIC,False,0.018,60.0,0.000
160.4,3848,42.44,STATIC,81.07,STATIC,76.19,STATIC,36.13,STATIC,101.25,STATIC,99.38,STATIC,130.58,STATIC,145.21,STATIC,False,0.018,60.0,0.000
160.44166666666666,3849,37.71,STATIC,80.68,STATIC,77.61,STATIC,37.27,STATIC,101.07,STATIC,99.47,STATIC,126.98,STATIC,143.93,STATIC,False,0.022,60.0,0.000
160.48333333333335,3850,35.70,STATIC,81.17,STATIC,78.68,STATIC,37.83,STATIC,100.97,STATIC,99.81,STATIC,123.50,STATIC,138.53,FLEXION,False,0.028,60.0,0.000
160.525,3851,35.44,STATIC,81.34,STATIC,79.49,STATIC,34.56,STATIC,100.84,STATIC,99.82,STATIC,123.04,STATIC,138.71,STATIC,False,0.030,60.0,0.000
160.56666666666666,3852,33.98,STATIC,82.60,STATIC,79.73,STATIC,33.44,STATIC,101.27,STATIC,100.05,STATIC,123.07,STATIC,138.88,STATIC,False,0.032,60.0,0.000
160.60833333333335,3853,40.20,EXTENSION,81.54,STATIC,80.07,STATIC,32.90,STATIC,101.32,STATIC,100.18,STATIC,124.23,STATIC,139.40,STATIC,False,0.028,60.0,0.000
160.65,3854,43.23,STATIC,81.13,STATIC,80.58,STATIC,31.30,STATIC,101.54,STATIC,100.47,STATIC,125.97,STATIC,140.41,STATIC,False,0.028,60.0,0.000
160.69166666666666,3855,48.95,EXTENSION,81.59,STATIC,80.77,STATIC,28.74,STATIC,101.33,STATIC,101.08,STATIC,125.53,STATIC,141.20,STATIC,False,0.035,60.0,0.000
160.73333333333335,3856,49.38,STATIC,82.17,STATIC,80.48,STATIC,30.32,STATIC,101.13,STATIC,100.99,STATIC,124.13,STATIC,141.46,STATIC,False,0.035,60.0,0.000
160.775,3857,42.83,FLEXION,84.85,STATIC,81.01,STATIC,37.58,EXTENSION,100.96,STATIC,100.65,STATIC,122.11,STATIC,139.27,STATIC,False,0.036,60.0,0.000
160.81666666666666,3858,46.65,STATIC,80.34,STATIC,81.23,STATIC,37.67,STATIC,100.71,STATIC,100.57,STATIC,122.62,STATIC,141.16,STATIC,False,0.026,60.0,0.000
160.85833333333335,3859,46.31,STATIC,80.45,STATIC,81.53,STATIC,36.58,STATIC,100.18,STATIC,100.39,STATIC,121.56,STATIC,142.59,STATIC,False,0.027,60.0,0.000
160.9,3860,47.19,STATIC,78.46,STATIC,81.76,STATIC,34.24,STATIC,99.88,STATIC,100.16,STATIC,120.00,STATIC,142.51,STATIC,False,0.025,60.0,0.000
160.94166666666666,3861,43.27,STATIC,82.24,STATIC,82.47,STATIC,36.98,STATIC,99.53,STATIC,99.73,STATIC,117.91,STATIC,143.22,STATIC,False,0.030,60.0,0.000
160.98333333333335,3862,46.41,STATIC,82.77,STATIC,82.58,STATIC,35.54,STATIC,99.37,STATIC,99.54,STATIC,117.24,STATIC,142.36,STATIC,False,0.044,60.0,0.000
161.025,3863,37.71,FLEXION,85.94,STATIC,83.67,STATIC,36.37,STATIC,99.40,STATIC,99.32,STATIC,115.74,STATIC,141.81,STATIC,False,0.053,60.0,0.000
161.06666666666666,3864,25.07,FLEXION,96.37,EXTENSION,84.24,STATIC,43.77,EXTENSION,99.62,STATIC,99.24,STATIC,114.56,STATIC,139.72,STATIC,False,0.058,60.0,0.000
161.10833333333335,3865,53.29,EXTENSION,86.13,FLEXION,83.75,STATIC,34.67,FLEXION,99.60,STATIC,99.33,STATIC,114.28,STATIC,139.84,STATIC,False,0.226,60.0,0.000
161.15,3866,52.70,STATIC,86.67,STATIC,83.76,STATIC,35.16,STATIC,99.49,STATIC,99.22,STATIC,114.15,STATIC,139.75,STATIC,False,0.062,60.0,0.000
161.19166666666666,3867,46.75,FLEXION,90.31,STATIC,83.95,STATIC,40.20,EXTENSION,99.35,STATIC,99.29,STATIC,113.77,STATIC,139.58,STATIC,False,0.065,60.0,0.000
161.23333333333335,3868,54.89,EXTENSION,91.50,STATIC,83.70,STATIC,38.78,STATIC,99.29,STATIC,99.27,STATIC,112.60,STATIC,139.91,STATIC,False,0.065,60.0,0.000
161.275,3869,52.36,STATIC,88.02,STATIC,82.74,STATIC,38.59,STATIC,99.19,STATIC,99.19,STATIC,112.61,STATIC,139.63,STATIC,False,0.063,60.0,0.000
161.31666666666666,3870,51.21,STATIC,92.31,STATIC,82.79,STATIC,42.03,STATIC,98.86,STATIC,98.82,STATIC,111.32,STATIC,139.39,STATIC,False,0.066,60.0,0.000
161.35833333333335,3871,49.77,STATIC,93.01,STATIC,83.13,STATIC,42.85,STATIC,98.59,STATIC,98.12,STATIC,110.60,STATIC,139.59,STATIC,False,0.064,60.0,0.000
161.4,3872,48.58,STATIC,88.93,STATIC,82.51,STATIC,40.47,STATIC,98.67,STATIC,98.16,STATIC,110.37,STATIC,139.96,STATIC,False,0.062,60.0,0.000
161.44166666666666,3873,46.61,STATIC,78.81,FLEXION,82.31,STATIC,39.64,STATIC,98.54,STATIC,98.23,STATIC,111.71,STATIC,141.24,STATIC,False,0.054,60.0,0.000
161.48333333333335,3874,47.00,STATIC,80.56,STATIC,82.28,STATIC,39.53,STATIC,98.71,STATIC,97.96,STATIC,110.65,STATIC,141.89,STATIC,False,0.059,60.0,0.000
161.525,3875,48.90,STATIC,76.95,STATIC,82.12,STATIC,36.21,STATIC,98.85,STATIC,98.29,STATIC,110.32,STATIC,141.32,STATIC,False,0.060,60.0,0.000
161.56666666666666,3876,48.89,STATIC,77.63,STATIC,81.82,STATIC,35.35,STATIC,98.64,STATIC,98.56,STATIC,110.25,STATIC,141.62,STATIC,False,0.060,60.0,0.000
161.60833333333335,3877,45.82,STATIC,78.71,STATIC,81.72,STATIC,37.15,STATIC,98.47,STATIC,98.73,STATIC,110.25,STATIC,142.94,STATIC,False,0.061,60.0,0.000
161.65,3878,43.95,STATIC,78.29,STATIC,81.69,STATIC,37.61,STATIC,98.47,STATIC,98.90,STATIC,109.84,STATIC,142.96,STATIC,False,0.064,60.0,0.000
161.69166666666666,3879,42.56,STATIC,78.45,STATIC,81.76,STATIC,37.78,STATIC,98.55,STATIC,99.03,STATIC,109.47,STATIC,143.44,STATIC,False,0.067,60.0,0.000
161.73333333333335,3880,41.57,STATIC,77.65,STATIC,81.35,STATIC,37.26,STATIC,98.59,STATIC,99.14,STATIC,108.44,STATIC,142.60,STATIC,False,0.073,60.0,0.000
161.775,3881,38.57,STATIC,74.24,STATIC,81.20,STATIC,34.83,STATIC,98.60,STATIC,99.15,STATIC,108.53,STATIC,143.17,STATIC,False,0.072,60.0,0.000
161.81666666666666,3882,36.97,STATIC,73.27,STATIC,81.15,STATIC,34.78,STATIC,98.59,STATIC,99.13,STATIC,108.77,STATIC,143.35,STATIC,False,0.074,60.0,0.000
161.85833333333335,3883,36.03,STATIC,72.67,STATIC,80.90,STATIC,32.92,STATIC,98.59,STATIC,99.10,STATIC,108.26,STATIC,143.86,STATIC,False,0.077,60.0,0.000
161.9,3884,34.79,STATIC,71.99,STATIC,81.03,STATIC,33.22,STATIC,98.47,STATIC,99.01,STATIC,108.46,STATIC,144.26,STATIC,False,0.077,60.0,0.000
161.94333333333336,3885,35.20,STATIC,80.30,EXTENSION,81.10,STATIC,39.29,EXTENSION,98.35,STATIC,98.97,STATIC,108.07,STATIC,144.64,STATIC,False,0.077,60.0,0.000
161.985,3886,34.10,STATIC,77.66,STATIC,81.10,STATIC,38.89,STATIC,98.23,STATIC,98.74,STATIC,107.58,STATIC,144.26,STATIC,False,0.078,60.0,0.000
162.02666666666667,3887,33.95,STATIC,81.18,STATIC,81.19,STATIC,39.44,STATIC,98.02,STATIC,98.36,STATIC,106.36,STATIC,144.15,STATIC,False,0.078,60.0,0.000
162.06833333333336,3888,31.96,STATIC,78.61,STATIC,81.59,STATIC,36.57,STATIC,97.94,STATIC,98.22,STATIC,105.85,STATIC,144.92,STATIC,False,0.077,60.0,0.000
162.11,3889,32.18,STATIC,89.15,EXTENSION,81.84,STATIC,47.05,EXTENSION,97.99,STATIC,98.16,STATIC,104.59,STATIC,141.86,STATIC,False,0.080,60.0,0.000
162.15166666666667,3890,30.03,STATIC,86.47,STATIC,81.92,STATIC,46.67,STATIC,97.97,STATIC,98.23,STATIC,104.06,STATIC,141.95,STATIC,False,0.078,60.0,0.000
162.19333333333336,3891,30.82,STATIC,83.98,STATIC,82.18,STATIC,47.05,STATIC,98.13,STATIC,98.29,STATIC,103.70,STATIC,141.36,STATIC,False,0.080,60.0,0.000
162.235,3892,29.37,STATIC,73.94,FLEXION,82.51,STATIC,43.15,STATIC,98.10,STATIC,98.40,STATIC,103.55,STATIC,141.04,STATIC,False,0.081,60.0,0.000
162.27666666666667,3893,31.24,STATIC,77.55,STATIC,82.46,STATIC,44.41,STATIC,98.41,STATIC,99.01,STATIC,104.47,STATIC,140.51,STATIC,False,0.081,60.0,0.000
162.31833333333336,3894,30.45,STATIC,81.27,STATIC,82.40,STATIC,45.49,STATIC,98.42,STATIC,99.15,STATIC,104.58,STATIC,140.84,STATIC,False,0.082,60.0,0.000
162.36,3895,29.73,STATIC,83.29,STATIC,82.33,STATIC,45.55,STATIC,98.35,STATIC,99.11,STATIC,104.60,STATIC,141.46,STATIC,False,0.083,60.0,0.000
162.40166666666667,3896,29.26,STATIC,83.27,STATIC,82.29,STATIC,45.90,STATIC,98.27,STATIC,98.77,STATIC,103.40,STATIC,141.88,STATIC,False,0.083,60.0,0.000
162.44333333333336,3897,28.89,STATIC,76.33,FLEXION,82.15,STATIC,42.21,STATIC,98.24,STATIC,98.85,STATIC,103.28,STATIC,142.09,STATIC,False,0.083,60.0,0.000
162.485,3898,28.38,STATIC,71.36,STATIC,82.18,STATIC,41.01,STATIC,98.04,STATIC,98.81,STATIC,103.54,STATIC,142.62,STATIC,False,0.080,60.0,0.000
162.52666666666667,3899,28.79,STATIC,74.53,STATIC,82.22,STATIC,42.30,STATIC,97.90,STATIC,98.68,STATIC,103.46,STATIC,142.38,STATIC,False,0.078,60.0,0.000
162.56833333333336,3900,29.08,STATIC,74.84,STATIC,82.15,STATIC,41.96,STATIC,97.79,STATIC,98.58,STATIC,103.56,STATIC,142.61,STATIC,False,0.078,60.0,0.000
162.61,3901,28.70,STATIC,75.22,STATIC,82.20,STATIC,41.92,STATIC,97.78,STATIC,98.54,STATIC,102.97,STATIC,142.21,STATIC,False,0.079,60.0,0.000
162.65166666666667,3902,31.70,STATIC,88.66,EXTENSION,82.27,STATIC,47.84,EXTENSION,97.74,STATIC,98.61,STATIC,103.01,STATIC,142.22,STATIC,False,0.079,60.0,0.000
162.69333333333336,3903,32.45,STATIC,90.57,STATIC,82.20,STATIC,48.98,STATIC,97.79,STATIC,98.69,STATIC,103.02,STATIC,141.97,STATIC,False,0.078,60.0,0.000
162.735,3904,32.91,STATIC,90.38,STATIC,82.07,STATIC,47.79,STATIC,97.83,STATIC,98.76,STATIC,103.07,STATIC,141.81,STATIC,False,0.079,60.0,0.000
162.77666666666667,3905,33.55,STATIC,89.16,STATIC,81.83,STATIC,47.09,STATIC,97.89,STATIC,98.79,STATIC,102.92,STATIC,141.78,STATIC,False,0.080,60.0,0.000
162.81833333333336,3906,35.00,STATIC,90.75,STATIC,81.45,STATIC,46.73,STATIC,97.92,STATIC,98.93,STATIC,103.16,STATIC,142.23,STATIC,False,0.083,60.0,0.000
162.86,3907,36.82,STATIC,91.65,STATIC,81.04,STATIC,46.68,STATIC,97.94,STATIC,99.03,STATIC,103.71,STATIC,142.78,STATIC,False,0.082,60.0,0.000
162.90166666666667,3908,39.00,STATIC,91.61,STATIC,80.63,STATIC,45.61,STATIC,98.01,STATIC,99.12,STATIC,103.56,STATIC,143.26,STATIC,False,0.082,60.0,0.000
162.94333333333336,3909,40.65,STATIC,91.34,STATIC,80.20,STATIC,45.35,STATIC,98.12,STATIC,99.32,STATIC,103.20,STATIC,143.62,STATIC,False,0.083,60.0,0.000
162.985,3910,41.56,STATIC,88.52,STATIC,79.74,STATIC,42.55,STATIC,98.17,STATIC,99.49,STATIC,102.82,STATIC,144.02,STATIC,False,0.086,60.0,0.000
163.02666666666667,3911,43.27,STATIC,88.93,STATIC,78.95,STATIC,42.25,STATIC,98.29,STATIC,99.83,STATIC,103.04,STATIC,144.59,STATIC,False,0.089,60.0,0.000
163.06833333333336,3912,43.24,STATIC,84.85,STATIC,78.20,STATIC,41.11,STATIC,98.29,STATIC,99.94,STATIC,103.19,STATIC,145.31,STATIC,False,0.090,60.0,0.000
163.11,3913,43.62,STATIC,85.47,STATIC,77.78,STATIC,42.12,STATIC,98.24,STATIC,99.92,STATIC,103.09,STATIC,145.20,STATIC,False,0.087,60.0,0.000
163.15166666666667,3914,43.27,STATIC,83.07,STATIC,77.63,STATIC,42.38,STATIC,98.21,STATIC,99.87,STATIC,102.72,STATIC,144.89,STATIC,False,0.085,60.0,0.000
163.19333333333336,3915,41.84,STATIC,76.66,FLEXION,78.03,STATIC,41.43,STATIC,97.98,STATIC,99.29,STATIC,102.02,STATIC,144.62,STATIC,False,0.076,60.0,0.000
163.235,3916,40.86,STATIC,76.27,STATIC,78.21,STATIC,41.08,STATIC,97.80,STATIC,99.05,STATIC,101.70,STATIC,144.41,STATIC,False,0.073,60.0,0.000
163.27666666666667,3917,39.96,STATIC,74.01,STATIC,78.42,STATIC,41.46,STATIC,97.83,STATIC,98.82,STATIC,101.26,STATIC,143.60,STATIC,False,0.071,60.0,0.000
163.31833333333336,3918,39.36,STATIC,73.70,STATIC,78.61,STATIC,42.88,STATIC,97.86,STATIC,98.84,STATIC,100.92,STATIC,143.23,STATIC,False,0.068,60.0,0.000
163.36,3919,38.38,STATIC,64.54,FLEXION,78.40,STATIC,41.97,STATIC,97.88,STATIC,98.81,STATIC,100.36,STATIC,142.92,STATIC,False,0.058,60.0,0.000
163.40166666666667,3920,35.33,STATIC,52.27,FLEXION,78.57,STATIC,38.38,STATIC,97.84,STATIC,98.72,STATIC,99.80,STATIC,142.36,STATIC,False,0.052,60.0,0.000
163.44333333333336,3921,35.34,STATIC,45.91,FLEXION,78.51,STATIC,35.35,STATIC,97.83,STATIC,98.65,STATIC,99.28,STATIC,142.07,STATIC,False,0.044,60.0,0.000
163.485,3922,36.38,STATIC,47.74,STATIC,78.21,STATIC,40.56,EXTENSION,97.82,STATIC,98.77,STATIC,98.88,STATIC,141.82,STATIC,False,0.041,60.0,0.000
163.52666666666667,3923,35.73,STATIC,54.57,EXTENSION,78.28,STATIC,40.39,STATIC,97.77,STATIC,98.73,STATIC,98.10,STATIC,141.96,STATIC,False,0.037,60.0,0.000
163.56833333333336,3924,36.18,STATIC,60.91,EXTENSION,78.03,STATIC,41.94,STATIC,97.75,STATIC,98.97,STATIC,97.58,STATIC,142.64,STATIC,False,0.035,60.0,0.000
163.61,3925,35.06,STATIC,79.84,EXTENSION,78.19,STATIC,45.94,STATIC,97.70,STATIC,99.06,STATIC,97.18,STATIC,142.83,STATIC,False,0.033,60.0,0.000
163.65166666666667,3926,35.07,STATIC,76.57,STATIC,78.11,STATIC,45.02,STATIC,97.68,STATIC,99.09,STATIC,96.89,STATIC,143.05,STATIC,False,0.032,60.0,0.000
163.69333333333336,3927,34.77,STATIC,81.80,EXTENSION,78.17,STATIC,49.10,STATIC,97.68,STATIC,98.91,STATIC,96.38,STATIC,142.78,STATIC,False,0.033,60.0,0.000
163.735,3928,34.06,STATIC,89.41,EXTENSION,78.35,STATIC,53.51,STATIC,97.62,STATIC,98.85,STATIC,96.05,STATIC,141.47,STATIC,False,0.027,60.0,0.000
163.77666666666667,3929,32.31,STATIC,93.15,STATIC,78.52,STATIC,54.13,STATIC,97.58,STATIC,99.02,STATIC,96.14,STATIC,141.08,STATIC,False,0.024,60.0,0.000
163.81833333333336,3930,31.52,STATIC,93.65,STATIC,78.74,STATIC,55.55,STATIC,97.56,STATIC,98.85,STATIC,95.98,STATIC,140.05,STATIC,False,0.020,60.0,0.000
163.86,3931,31.93,STATIC,92.16,STATIC,78.79,STATIC,54.17,STATIC,97.56,STATIC,98.92,STATIC,95.96,STATIC,139.62,STATIC,False,0.019,60.0,0.000
163.90166666666667,3932,34.77,STATIC,92.84,STATIC,78.68,STATIC,54.55,STATIC,97.56,STATIC,98.92,STATIC,95.67,STATIC,138.97,STATIC,False,0.019,60.0,0.000
163.94333333333336,3933,37.26,STATIC,90.16,STATIC,78.30,STATIC,53.10,STATIC,97.57,STATIC,98.96,STATIC,95.47,STATIC,139.18,STATIC,False,0.021,60.0,0.000
163.985,3934,38.22,STATIC,89.76,STATIC,78.14,STATIC,52.98,STATIC,97.56,STATIC,99.03,STATIC,95.46,STATIC,139.39,STATIC,False,0.021,60.0,0.000
164.02666666666667,3935,38.68,STATIC,88.30,STATIC,77.81,STATIC,52.47,STATIC,97.55,STATIC,99.08,STATIC,95.43,STATIC,140.01,STATIC,False,0.024,60.0,0.000
164.06833333333336,3936,40.13,STATIC,86.22,STATIC,77.39,STATIC,52.27,STATIC,97.54,STATIC,99.06,STATIC,95.16,STATIC,140.16,STATIC,False,0.028,60.0,0.000
164.11,3937,40.73,STATIC,84.33,STATIC,77.11,STATIC,48.95,STATIC,97.50,STATIC,99.15,STATIC,95.08,STATIC,140.89,STATIC,False,0.034,60.0,0.000
164.15166666666667,3938,41.96,STATIC,88.41,STATIC,76.94,STATIC,49.98,STATIC,97.49,STATIC,99.17,STATIC,95.14,STATIC,141.41,STATIC,False,0.036,60.0,0.000
164.19333333333336,3939,42.45,STATIC,79.03,FLEXION,76.96,STATIC,47.72,STATIC,97.47,STATIC,99.14,STATIC,95.19,STATIC,141.26,STATIC,False,0.037,60.0,0.000
164.235,3940,43.09,STATIC,80.32,STATIC,77.01,STATIC,47.96,STATIC,97.41,STATIC,98.95,STATIC,95.22,STATIC,141.17,STATIC,False,0.040,60.0,0.000
164.27666666666667,3941,42.11,STATIC,76.79,STATIC,77.48,STATIC,47.85,STATIC,97.42,STATIC,98.68,STATIC,95.21,STATIC,140.01,STATIC,False,0.037,60.0,0.000
164.31833333333336,3942,42.10,STATIC,87.22,EXTENSION,77.56,STATIC,53.08,EXTENSION,97.43,STATIC,98.51,STATIC,95.05,STATIC,138.73,STATIC,False,0.042,60.0,0.000
164.36,3943,42.43,STATIC,96.87,EXTENSION,77.46,STATIC,57.11,STATIC,97.42,STATIC,98.49,STATIC,94.87,STATIC,137.19,STATIC,False,0.043,60.0,0.000
164.40166666666667,3944,42.32,STATIC,92.21,STATIC,77.31,STATIC,55.49,STATIC,97.37,STATIC,98.60,STATIC,94.84,STATIC,137.45,STATIC,False,0.046,60.0,0.000
164.44333333333336,3945,45.18,STATIC,92.80,STATIC,76.31,STATIC,52.91,STATIC,97.41,STATIC,99.01,STATIC,94.60,STATIC,137.77,STATIC,False,0.061,60.0,0.000
164.485,3946,46.52,STATIC,94.90,STATIC,76.04,STATIC,53.14,STATIC,97.40,STATIC,99.06,STATIC,94.37,STATIC,137.49,STATIC,False,0.060,60.0,0.000
164.52666666666667,3947,47.44,STATIC,96.38,STATIC,75.89,STATIC,54.97,STATIC,97.36,STATIC,99.16,STATIC,94.08,STATIC,136.82,STATIC,False,0.058,60.0,0.000
164.56833333333336,3948,48.52,STATIC,94.40,STATIC,75.44,STATIC,54.31,STATIC,97.33,STATIC,99.23,STATIC,93.89,STATIC,136.61,STATIC,False,0.058,60.0,0.000
164.61,3949,48.90,STATIC,95.06,STATIC,75.27,STATIC,54.70,STATIC,97.28,STATIC,99.20,STATIC,93.76,STATIC,136.70,STATIC,False,0.057,60.0,0.000
164.65166666666667,3950,50.55,STATIC,94.15,STATIC,75.04,STATIC,54.68,STATIC,97.26,STATIC,99.25,STATIC,93.68,STATIC,136.57,STATIC,False,0.059,60.0,0.000
164.69333333333336,3951,51.27,STATIC,92.35,STATIC,74.79,STATIC,54.28,STATIC,97.23,STATIC,99.33,STATIC,93.67,STATIC,136.64,STATIC,False,0.057,60.0,0.000
164.735,3952,51.87,STATIC,85.42,FLEXION,75.03,STATIC,53.77,STATIC,97.19,STATIC,99.11,STATIC,93.46,STATIC,136.67,STATIC,False,0.057,60.0,0.000
164.77666666666667,3953,52.37,STATIC,85.86,STATIC,75.30,STATIC,54.66,STATIC,97.19,STATIC,99.02,STATIC,93.19,STATIC,135.94,STATIC,False,0.054,60.0,0.000
164.81833333333336,3954,52.08,STATIC,87.98,STATIC,75.12,STATIC,54.82,STATIC,97.23,STATIC,99.21,STATIC,93.21,STATIC,135.97,STATIC,False,0.051,60.0,0.000
164.86,3955,52.36,STATIC,89.43,STATIC,75.13,STATIC,56.01,STATIC,97.28,STATIC,99.26,STATIC,93.09,STATIC,135.85,STATIC,False,0.050,60.0,0.000
164.90166666666667,3956,52.67,STATIC,90.19,STATIC,74.90,STATIC,56.09,STATIC,97.28,STATIC,99.20,STATIC,92.92,STATIC,135.78,STATIC,False,0.049,60.0,0.000
164.94333333333336,3957,53.57,STATIC,87.84,STATIC,74.43,STATIC,54.83,STATIC,97.28,STATIC,99.13,STATIC,92.94,STATIC,135.67,STATIC,False,0.049,60.0,0.000
164.985,3958,54.99,STATIC,83.10,STATIC,73.59,STATIC,52.01,STATIC,97.32,STATIC,99.18,STATIC,93.04,STATIC,135.93,STATIC,False,0.048,60.0,0.000
165.02666666666667,3959,56.19,STATIC,80.98,STATIC,73.02,STATIC,52.39,STATIC,97.33,STATIC,99.08,STATIC,93.21,STATIC,135.10,STATIC,False,0.043,60.0,0.000
165.06833333333336,3960,56.84,STATIC,73.51,FLEXION,71.94,STATIC,48.16,STATIC,97.34,STATIC,99.20,STATIC,93.64,STATIC,136.35,STATIC,False,0.038,60.0,0.000
165.11,3961,57.97,STATIC,65.74,FLEXION,70.92,STATIC,46.32,STATIC,97.34,STATIC,99.09,STATIC,93.88,STATIC,136.57,STATIC,False,0.035,60.0,0.000
165.15166666666667,3962,58.81,STATIC,62.97,STATIC,70.21,STATIC,45.16,STATIC,97.36,STATIC,98.94,STATIC,94.14,STATIC,137.00,STATIC,False,0.034,60.0,0.000
165.19333333333336,3963,60.10,STATIC,67.07,STATIC,69.40,STATIC,46.77,STATIC,97.35,STATIC,98.93,STATIC,94.53,STATIC,136.98,STATIC,False,0.034,60.0,0.000
165.235,3964,60.68,STATIC,64.93,STATIC,68.79,STATIC,45.71,STATIC,97.34,STATIC,98.90,STATIC,95.02,STATIC,137.43,STATIC,False,0.030,60.0,0.000
165.27666666666667,3965,60.73,STATIC,63.47,STATIC,68.18,STATIC,44.79,STATIC,97.35,STATIC,98.85,STATIC,95.28,STATIC,137.24,STATIC,False,0.030,60.0,0.000
165.31833333333336,3966,60.12,STATIC,59.54,STATIC,67.92,STATIC,42.92,STATIC,97.34,STATIC,98.83,STATIC,95.53,STATIC,137.30,STATIC,False,0.029,60.0,0.000
165.36,3967,59.98,STATIC,60.01,STATIC,67.47,STATIC,41.34,STATIC,97.35,STATIC,98.91,STATIC,95.59,STATIC,137.31,STATIC,False,0.031,60.0,0.000
165.40166666666667,3968,60.01,STATIC,61.84,STATIC,66.99,STATIC,41.25,STATIC,97.34,STATIC,98.96,STATIC,95.69,STATIC,138.16,STATIC,False,0.035,60.0,0.000
165.44333333333336,3969,60.24,STATIC,51.28,FLEXION,66.49,STATIC,35.15,FLEXION,97.33,STATIC,98.91,STATIC,95.55,STATIC,138.61,STATIC,False,0.208,60.0,0.000
165.485,3970,60.06,STATIC,50.49,STATIC,66.32,STATIC,34.81,STATIC,97.29,STATIC,98.69,STATIC,95.41,STATIC,138.53,STATIC,False,0.045,60.0,0.000
165.52666666666667,3971,60.08,STATIC,48.46,STATIC,66.17,STATIC,32.90,STATIC,97.30,STATIC,98.73,STATIC,95.20,STATIC,138.46,STATIC,False,0.048,60.0,0.000
165.56833333333336,3972,59.76,STATIC,50.28,STATIC,65.90,STATIC,32.91,STATIC,97.29,STATIC,98.79,STATIC,95.15,STATIC,138.60,STATIC,False,0.049,60.0,0.000
165.61,3973,60.60,STATIC,55.22,STATIC,65.26,STATIC,33.71,STATIC,97.35,STATIC,98.96,STATIC,95.13,STATIC,139.22,STATIC,False,0.055,60.0,0.000
165.65166666666667,3974,61.51,STATIC,55.33,STATIC,64.86,STATIC,34.57,STATIC,97.35,STATIC,98.95,STATIC,95.21,STATIC,139.13,STATIC,False,0.056,60.0,0.000
165.69333333333336,3975,61.59,STATIC,52.55,STATIC,64.83,STATIC,34.70,STATIC,97.32,STATIC,98.93,STATIC,95.21,STATIC,139.31,STATIC,False,0.055,60.0,0.000
165.735,3976,61.59,STATIC,50.73,STATIC,64.69,STATIC,33.78,STATIC,97.31,STATIC,98.95,STATIC,95.19,STATIC,139.42,STATIC,False,0.055,60.0,0.000
165.77666666666667,3977,61.46,STATIC,49.99,STATIC,64.61,STATIC,32.92,STATIC,97.30,STATIC,98.97,STATIC,95.17,STATIC,139.70,STATIC,False,0.055,60.0,0.000
165.81833333333336,3978,61.34,STATIC,47.96,STATIC,64.67,STATIC,32.34,STATIC,97.29,STATIC,98.95,STATIC,95.18,STATIC,139.74,STATIC,False,0.056,60.0,0.000
165.86,3979,60.28,STATIC,44.08,STATIC,64.62,STATIC,28.41,STATIC,97.28,STATIC,98.97,STATIC,95.21,STATIC,140.03,STATIC,False,0.058,60.0,0.000
165.90166666666667,3980,59.93,STATIC,45.86,STATIC,64.69,STATIC,29.19,STATIC,97.31,STATIC,98.95,STATIC,95.32,STATIC,140.40,STATIC,False,0.057,60.0,0.000
165.94500000000002,3981,59.57,STATIC,46.46,STATIC,64.96,STATIC,30.19,STATIC,97.29,STATIC,98.90,STATIC,95.35,STATIC,140.63,STATIC,False,0.054,60.0,0.000
165.98666666666668,3982,59.52,STATIC,48.55,STATIC,65.04,STATIC,31.92,STATIC,97.29,STATIC,98.94,STATIC,95.42,STATIC,140.48,STATIC,False,0.051,60.0,0.000
166.02833333333334,3983,59.60,STATIC,51.20,STATIC,64.96,STATIC,32.87,STATIC,97.28,STATIC,98.94,STATIC,95.43,STATIC,140.27,STATIC,False,0.049,60.0,0.000
166.07000000000002,3984,58.66,STATIC,40.52,FLEXION,65.59,STATIC,29.77,STATIC,97.24,STATIC,98.70,STATIC,95.50,STATIC,139.74,STATIC,False,0.048,60.0,0.000
166.11166666666668,3985,59.54,STATIC,41.05,STATIC,65.67,STATIC,28.78,STATIC,97.23,STATIC,98.60,STATIC,95.22,STATIC,138.94,STATIC,False,0.052,60.0,0.000
166.15333333333334,3986,58.54,STATIC,40.63,STATIC,65.79,STATIC,27.11,STATIC,97.22,STATIC,98.52,STATIC,95.16,STATIC,138.27,STATIC,False,0.059,60.0,0.000
166.19500000000002,3987,56.58,STATIC,39.51,STATIC,65.92,STATIC,24.58,STATIC,97.14,STATIC,98.32,STATIC,95.04,STATIC,137.44,STATIC,False,0.062,60.0,0.000
166.23666666666668,3988,55.58,STATIC,40.21,STATIC,65.78,STATIC,24.77,STATIC,97.08,STATIC,98.09,STATIC,94.62,STATIC,136.44,STATIC,False,0.065,60.0,0.000
166.27833333333334,3989,50.93,STATIC,40.22,STATIC,65.75,STATIC,23.87,STATIC,97.00,STATIC,97.85,STATIC,94.08,STATIC,134.59,STATIC,False,0.070,60.0,0.000
166.32000000000002,3990,51.90,STATIC,45.19,STATIC,65.94,STATIC,26.15,STATIC,97.12,STATIC,97.82,STATIC,93.69,STATIC,133.58,STATIC,False,0.070,60.0,0.000
166.36166666666668,3991,46.56,FLEXION,38.97,FLEXION,67.18,STATIC,19.10,FLEXION,97.20,STATIC,98.16,STATIC,93.70,STATIC,132.24,STATIC,False,0.243,60.0,0.000
166.40333333333334,3992,44.71,STATIC,39.82,STATIC,68.51,STATIC,14.94,STATIC,97.36,STATIC,98.62,STATIC,93.43,STATIC,131.17,STATIC,False,0.085,60.0,0.000
166.44500000000002,3993,45.14,STATIC,40.11,STATIC,69.51,STATIC,17.79,STATIC,97.37,STATIC,98.30,STATIC,93.08,STATIC,130.37,STATIC,False,0.083,60.0,0.000
166.48666666666668,3994,43.24,STATIC,40.25,STATIC,70.69,STATIC,19.68,STATIC,97.28,STATIC,98.32,STATIC,93.08,STATIC,129.18,STATIC,False,0.081,60.0,0.000
166.52833333333334,3995,39.59,STATIC,40.28,STATIC,71.70,STATIC,19.86,STATIC,97.26,STATIC,98.46,STATIC,92.96,STATIC,128.66,STATIC,False,0.082,60.0,0.000
166.57000000000002,3996,40.97,STATIC,39.72,STATIC,72.61,STATIC,16.76,STATIC,97.14,STATIC,98.51,STATIC,92.60,STATIC,128.62,STATIC,False,0.083,60.0,0.000
166.61166666666668,3997,40.09,STATIC,42.12,STATIC,73.15,STATIC,13.27,STATIC,97.25,STATIC,98.96,STATIC,91.84,STATIC,127.66,STATIC,False,0.085,60.0,0.000
166.65333333333334,3998,40.40,STATIC,42.98,STATIC,74.68,STATIC,11.10,STATIC,96.93,STATIC,98.60,STATIC,91.98,STATIC,129.18,STATIC,False,0.077,60.0,0.000
166.69500000000002,3999,39.64,STATIC,40.75,STATIC,75.94,STATIC,14.51,STATIC,96.78,STATIC,98.58,STATIC,92.11,STATIC,130.36,STATIC,False,0.079,60.0,0.000
166.73666666666668,4000,38.69,STATIC,60.34,EXTENSION,76.84,STATIC,31.61,EXTENSION,96.55,STATIC,98.27,STATIC,91.64,STATIC,129.38,STATIC,False,0.078,60.0,0.000
166.77833333333334,4001,34.91,STATIC,56.53,STATIC,77.70,STATIC,30.39,STATIC,96.46,STATIC,98.11,STATIC,91.34,STATIC,129.60,STATIC,False,0.076,60.0,0.000
166.82000000000002,4002,34.48,STATIC,65.70,EXTENSION,77.96,STATIC,32.37,STATIC,96.49,STATIC,98.00,STATIC,91.38,STATIC,128.39,STATIC,False,0.075,60.0,0.000
166.86166666666668,4003,33.94,STATIC,69.88,STATIC,78.24,STATIC,36.11,STATIC,96.49,STATIC,97.89,STATIC,91.46,STATIC,127.27,STATIC,False,0.075,60.0,0.000
166.90333333333334,4004,33.03,STATIC,74.59,STATIC,78.54,STATIC,38.09,STATIC,96.44,STATIC,97.77,STATIC,91.38,STATIC,126.84,STATIC,False,0.076,60.0,0.000
166.94500000000002,4005,32.58,STATIC,72.49,STATIC,78.69,STATIC,39.55,STATIC,96.48,STATIC,97.54,STATIC,91.34,STATIC,127.11,STATIC,False,0.075,60.0,0.000
166.98666666666668,4006,30.58,STATIC,69.68,STATIC,79.09,STATIC,36.65,STATIC,96.58,STATIC,97.53,STATIC,91.04,STATIC,126.93,STATIC,False,0.076,60.0,0.000
167.02833333333334,4007,29.90,STATIC,72.59,STATIC,79.34,STATIC,38.00,STATIC,96.58,STATIC,97.69,STATIC,91.26,STATIC,127.39,STATIC,False,0.076,60.0,0.000
167.07000000000002,4008,29.87,STATIC,75.66,STATIC,79.63,STATIC,39.77,STATIC,96.70,STATIC,97.79,STATIC,90.93,STATIC,127.62,STATIC,False,0.080,60.0,0.000
167.11166666666668,4009,28.70,STATIC,70.84,STATIC,79.85,STATIC,37.67,STATIC,96.74,STATIC,97.82,STATIC,90.74,STATIC,127.75,STATIC,False,0.080,60.0,0.000
167.15333333333334,4010,26.99,STATIC,48.93,FLEXION,80.20,STATIC,28.27,FLEXION,96.81,STATIC,97.93,STATIC,90.76,STATIC,128.19,STATIC,False,0.246,60.0,0.000
167.19500000000002,4011,25.84,STATIC,43.67,FLEXION,80.56,STATIC,22.96,FLEXION,96.90,STATIC,97.97,STATIC,90.81,STATIC,129.23,STATIC,False,0.246,60.0,0.000
167.23666666666668,4012,26.29,STATIC,39.74,STATIC,80.92,STATIC,19.86,STATIC,96.94,STATIC,97.93,STATIC,90.83,STATIC,128.72,STATIC,False,0.079,60.0,0.000
167.27833333333334,4013,26.18,STATIC,42.82,STATIC,81.12,STATIC,22.54,STATIC,96.93,STATIC,97.76,STATIC,90.81,STATIC,128.05,STATIC,False,0.077,60.0,0.000
167.32000000000002,4014,26.08,STATIC,47.55,STATIC,81.28,STATIC,24.17,STATIC,96.97,STATIC,97.70,STATIC,90.79,STATIC,127.25,STATIC,False,0.077,60.0,0.000
167.36166666666668,4015,26.02,STATIC,51.15,STATIC,81.37,STATIC,25.46,STATIC,97.01,STATIC,97.69,STATIC,90.70,STATIC,126.85,STATIC,False,0.077,60.0,0.000
167.40333333333334,4016,25.98,STATIC,54.18,STATIC,81.36,STATIC,25.76,STATIC,97.04,STATIC,97.71,STATIC,90.67,STATIC,126.78,STATIC,False,0.077,60.0,0.000
167.44500000000002,4017,26.33,STATIC,59.91,EXTENSION,81.27,STATIC,27.79,STATIC,97.04,STATIC,97.71,STATIC,90.61,STATIC,126.47,STATIC,False,0.076,60.0,0.000
167.48666666666668,4018,26.66,STATIC,60.14,STATIC,81.22,STATIC,28.37,STATIC,97.03,STATIC,97.76,STATIC,90.69,STATIC,125.63,STATIC,False,0.075,60.0,0.000
167.52833333333334,4019,26.16,STATIC,63.15,STATIC,81.24,STATIC,30.59,STATIC,97.03,STATIC,97.76,STATIC,90.67,STATIC,126.17,STATIC,False,0.074,60.0,0.000
167.57000000000002,4020,25.26,STATIC,70.11,EXTENSION,81.30,STATIC,34.56,STATIC,97.04,STATIC,97.75,STATIC,90.54,STATIC,126.69,STATIC,False,0.075,60.0,0.000
167.61166666666668,4021,24.24,STATIC,65.51,STATIC,81.34,STATIC,34.55,STATIC,97.05,STATIC,97.75,STATIC,90.46,STATIC,126.51,STATIC,False,0.075,60.0,0.000
167.65333333333334,4022,24.16,STATIC,65.75,STATIC,81.34,STATIC,32.14,STATIC,97.05,STATIC,97.75,STATIC,90.41,STATIC,126.22,STATIC,False,0.075,60.0,0.000
167.69500000000002,4023,24.05,STATIC,65.26,STATIC,81.36,STATIC,32.13,STATIC,97.03,STATIC,97.59,STATIC,89.99,STATIC,126.19,STATIC,False,0.073,60.0,0.000
167.73666666666668,4024,23.68,STATIC,68.25,STATIC,81.40,STATIC,33.82,STATIC,96.95,STATIC,97.33,STATIC,89.83,STATIC,126.18,STATIC,False,0.070,60.0,0.000
167.77833333333334,4025,23.39,STATIC,63.06,FLEXION,81.39,STATIC,32.31,STATIC,96.91,STATIC,97.23,STATIC,89.71,STATIC,125.99,STATIC,False,0.068,60.0,0.000
167.82000000000002,4026,23.60,STATIC,60.99,STATIC,81.48,STATIC,31.59,STATIC,96.83,STATIC,96.99,STATIC,89.39,STATIC,125.37,STATIC,False,0.069,60.0,0.000
167.86166666666668,4027,21.57,STATIC,49.92,FLEXION,81.57,STATIC,24.50,FLEXION,96.68,STATIC,96.88,STATIC,89.11,STATIC,124.84,STATIC,False,0.235,60.0,0.000
167.90333333333334,4028,20.21,STATIC,48.35,STATIC,81.81,STATIC,20.02,STATIC,96.83,STATIC,97.33,STATIC,88.97,STATIC,124.96,STATIC,False,0.072,60.0,0.000
167.94500000000002,4029,22.31,STATIC,51.69,STATIC,81.87,STATIC,21.22,STATIC,96.93,STATIC,97.54,STATIC,88.88,STATIC,124.83,STATIC,False,0.075,60.0,0.000
167.98666666666668,4030,24.89,STATIC,52.33,STATIC,81.86,STATIC,23.18,STATIC,96.95,STATIC,97.57,STATIC,88.74,STATIC,124.77,STATIC,False,0.075,60.0,0.000
168.02833333333334,4031,24.70,STATIC,68.53,EXTENSION,81.83,STATIC,31.44,EXTENSION,96.94,STATIC,97.55,STATIC,88.88,STATIC,123.78,STATIC,False,0.073,60.0,0.000
168.07000000000002,4032,24.99,STATIC,79.29,EXTENSION,81.79,STATIC,38.29,EXTENSION,96.96,STATIC,97.57,STATIC,88.90,STATIC,124.32,STATIC,False,0.071,60.0,0.000
168.11166666666668,4033,24.80,STATIC,80.83,STATIC,81.72,STATIC,38.70,STATIC,97.01,STATIC,97.66,STATIC,88.86,STATIC,125.06,STATIC,False,0.071,60.0,0.000
168.15333333333334,4034,24.99,STATIC,83.20,STATIC,81.63,STATIC,40.15,STATIC,97.00,STATIC,97.66,STATIC,88.76,STATIC,125.15,STATIC,False,0.069,60.0,0.000
168.19500000000002,4035,24.65,STATIC,83.76,STATIC,81.61,STATIC,41.20,STATIC,97.02,STATIC,97.62,STATIC,88.75,STATIC,125.46,STATIC,False,0.068,60.0,0.000
168.23666666666668,4036,25.31,STATIC,82.04,STATIC,81.60,STATIC,40.71,STATIC,97.02,STATIC,97.60,STATIC,88.67,STATIC,125.95,STATIC,False,0.067,60.0,0.000
168.27833333333334,4037,25.19,STATIC,80.88,STATIC,81.60,STATIC,40.30,STATIC,97.01,STATIC,97.63,STATIC,88.49,STATIC,127.04,STATIC,False,0.067,60.0,0.000
168.32000000000002,4038,25.98,STATIC,85.20,STATIC,81.57,STATIC,43.02,STATIC,97.02,STATIC,97.66,STATIC,88.30,STATIC,128.15,STATIC,False,0.067,60.0,0.000
168.36166666666668,4039,25.91,STATIC,83.62,STATIC,81.59,STATIC,42.72,STATIC,97.04,STATIC,97.67,STATIC,88.01,STATIC,128.75,STATIC,False,0.069,60.0,0.000
168.40333333333334,4040,25.59,STATIC,83.99,STATIC,81.60,STATIC,41.95,STATIC,97.07,STATIC,97.61,STATIC,87.53,STATIC,130.30,STATIC,False,0.069,60.0,0.000
168.44500000000002,4041,26.11,STATIC,72.41,FLEXION,81.37,STATIC,34.89,FLEXION,97.20,STATIC,98.14,STATIC,87.18,STATIC,131.64,STATIC,False,0.244,60.0,0.000
168.48666666666668,4042,28.84,STATIC,68.48,STATIC,81.02,STATIC,30.59,STATIC,97.11,STATIC,98.49,STATIC,87.54,STATIC,131.15,STATIC,False,0.081,60.0,0.000
168.52833333333334,4043,29.22,STATIC,81.34,EXTENSION,80.97,STATIC,33.19,STATIC,96.97,STATIC,98.22,STATIC,87.64,STATIC,131.42,STATIC,False,0.074,60.0,0.000
168.57000000000002,4044,28.58,STATIC,84.03,STATIC,80.91,STATIC,40.69,EXTENSION,96.87,STATIC,97.94,STATIC,88.10,STATIC,130.74,STATIC,False,0.075,60.0,0.000
168.61166666666668,4045,27.36,STATIC,87.05,STATIC,80.81,STATIC,44.97,STATIC,96.89,STATIC,97.70,STATIC,88.25,STATIC,129.85,STATIC,False,0.072,60.0,0.000
168.65333333333334,4046,27.53,STATIC,87.29,STATIC,80.95,STATIC,46.16,STATIC,96.87,STATIC,97.82,STATIC,88.25,STATIC,129.88,STATIC,False,0.072,60.0,0.000
168.69500000000002,4047,30.31,STATIC,91.95,STATIC,80.97,STATIC,48.53,STATIC,96.81,STATIC,97.90,STATIC,88.27,STATIC,128.69,STATIC,False,0.072,60.0,0.000
168.73666666666668,4048,27.59,STATIC,94.55,STATIC,81.03,STATIC,50.14,STATIC,96.98,STATIC,98.24,STATIC,88.97,STATIC,128.07,STATIC,False,0.071,60.0,0.000
168.77833333333334,4049,25.44,STATIC,87.02,FLEXION,80.99,STATIC,46.58,STATIC,96.93,STATIC,98.24,STATIC,89.44,STATIC,129.04,STATIC,False,0.071,60.0,0.000
168.82000000000002,4050,28.93,STATIC,81.51,FLEXION,81.12,STATIC,43.02,STATIC,96.89,STATIC,98.44,STATIC,89.61,STATIC,130.46,STATIC,False,0.073,60.0,0.000
168.86166666666668,4051,32.00,STATIC,82.89,STATIC,81.21,STATIC,42.82,STATIC,96.83,STATIC,98.40,STATIC,89.52,STATIC,130.52,STATIC,False,0.072,60.0,0.000
168.90333333333334,4052,33.26,STATIC,83.38,STATIC,81.41,STATIC,43.23,STATIC,96.75,STATIC,98.32,STATIC,89.64,STATIC,131.20,STATIC,False,0.073,60.0,0.000
168.94500000000002,4053,36.50,STATIC,87.91,STATIC,82.50,STATIC,44.32,STATIC,96.46,STATIC,98.38,STATIC,89.16,STATIC,131.92,STATIC,False,0.076,60.0,0.000
168.98666666666668,4054,35.56,STATIC,86.05,STATIC,82.28,STATIC,42.92,STATIC,96.38,STATIC,98.12,STATIC,89.61,STATIC,132.54,STATIC,False,0.070,60.0,0.000
169.02833333333334,4055,38.11,STATIC,89.18,STATIC,84.21,STATIC,42.49,STATIC,96.36,STATIC,98.07,STATIC,89.68,STATIC,132.56,STATIC,False,0.070,60.0,0.000
169.07000000000002,4056,40.91,STATIC,90.87,STATIC,84.53,STATIC,42.59,STATIC,96.42,STATIC,98.02,STATIC,90.05,STATIC,132.32,STATIC,False,0.070,60.0,0.000
169.11166666666668,4057,44.80,STATIC,93.55,STATIC,85.85,STATIC,43.83,STATIC,96.50,STATIC,97.86,STATIC,90.56,STATIC,131.09,STATIC,False,0.069,60.0,0.000
169.15333333333334,4058,45.06,STATIC,95.37,STATIC,84.76,STATIC,45.09,STATIC,96.49,STATIC,97.62,STATIC,90.75,STATIC,130.12,STATIC,False,0.069,59.9,0.000
169.19500000000002,4059,50.23,EXTENSION,94.30,STATIC,85.70,STATIC,45.47,STATIC,96.43,STATIC,97.34,STATIC,90.77,STATIC,127.84,STATIC,False,0.068,59.9,0.000
169.23666666666668,4060,60.56,EXTENSION,94.37,STATIC,85.21,STATIC,45.78,STATIC,96.45,STATIC,97.21,STATIC,90.83,STATIC,127.80,STATIC,False,0.069,59.9,0.000
169.27833333333334,4061,68.82,EXTENSION,92.81,STATIC,85.23,STATIC,45.36,STATIC,96.48,STATIC,97.26,STATIC,90.82,STATIC,127.42,STATIC,False,0.068,60.0,0.000
169.32000000000002,4062,75.08,EXTENSION,92.56,STATIC,84.53,STATIC,46.80,STATIC,96.63,STATIC,97.22,STATIC,91.08,STATIC,125.47,STATIC,False,0.068,60.0,0.000
169.36166666666668,4063,79.63,STATIC,92.73,STATIC,83.94,STATIC,47.56,STATIC,96.78,STATIC,97.24,STATIC,91.05,STATIC,124.40,STATIC,False,0.070,60.0,0.000
169.40333333333334,4064,82.50,STATIC,93.10,STATIC,79.22,STATIC,47.61,STATIC,96.87,STATIC,97.42,STATIC,90.92,STATIC,124.21,STATIC,False,0.071,60.0,0.000
169.44500000000002,4065,85.14,STATIC,94.96,STATIC,77.72,STATIC,48.88,STATIC,97.01,STATIC,97.38,STATIC,90.75,STATIC,123.07,STATIC,False,0.075,60.0,0.000
169.48666666666668,4066,86.32,STATIC,96.05,STATIC,76.91,STATIC,48.88,STATIC,97.10,STATIC,97.52,STATIC,90.50,STATIC,122.41,STATIC,False,0.078,60.0,0.000
169.52833333333334,4067,88.00,STATIC,96.74,STATIC,76.82,STATIC,48.92,STATIC,97.16,STATIC,97.64,STATIC,90.37,STATIC,121.92,STATIC,False,0.080,60.0,0.000
169.57000000000002,4068,90.13,STATIC,98.13,STATIC,77.45,STATIC,49.55,STATIC,97.12,STATIC,97.59,STATIC,90.13,STATIC,121.39,STATIC,False,0.079,60.0,0.000
169.61166666666668,4069,92.19,STATIC,98.50,STATIC,77.59,STATIC,49.72,STATIC,97.11,STATIC,97.60,STATIC,90.10,STATIC,120.40,STATIC,False,0.078,60.0,0.000
169.65333333333334,4070,93.58,STATIC,98.31,STATIC,77.78,STATIC,50.37,STATIC,97.09,STATIC,97.56,STATIC,89.99,STATIC,120.09,STATIC,False,0.078,60.0,0.000
169.69500000000002,4071,93.82,STATIC,95.88,STATIC,77.71,STATIC,50.40,STATIC,97.12,STATIC,97.56,STATIC,89.78,STATIC,120.08,STATIC,False,0.076,60.0,0.000
169.73666666666668,4072,93.58,STATIC,95.82,STATIC,77.59,STATIC,50.48,STATIC,97.18,STATIC,97.62,STATIC,89.93,STATIC,120.18,STATIC,False,0.076,60.0,0.000
169.77833333333334,4073,93.73,STATIC,95.21,STATIC,77.62,STATIC,49.26,STATIC,97.23,STATIC,97.66,STATIC,89.93,STATIC,120.52,STATIC,False,0.076,60.0,0.000
169.82000000000002,4074,93.58,STATIC,92.67,STATIC,77.58,STATIC,45.65,STATIC,97.34,STATIC,97.83,STATIC,89.97,STATIC,120.42,STATIC,False,0.078,60.0,0.000
169.86166666666668,4075,85.43,FLEXION,81.53,FLEXION,77.45,STATIC,40.85,STATIC,97.49,STATIC,97.75,STATIC,90.31,STATIC,120.83,STATIC,False,0.080,60.0,0.000
169.90333333333334,4076,75.50,FLEXION,75.72,FLEXION,77.21,STATIC,39.64,STATIC,97.58,STATIC,97.58,STATIC,90.65,STATIC,120.87,STATIC,False,0.080,60.0,0.000
169.9466666666667,4077,65.56,FLEXION,74.21,STATIC,76.77,STATIC,40.37,STATIC,97.54,STATIC,97.39,STATIC,91.58,STATIC,121.80,STATIC,False,0.079,60.0,0.000
169.98833333333334,4078,57.56,FLEXION,73.25,STATIC,77.15,STATIC,39.50,STATIC,97.55,STATIC,97.56,STATIC,91.93,STATIC,122.24,STATIC,False,0.084,60.0,0.000
170.03,4079,51.42,FLEXION,71.01,STATIC,77.67,STATIC,38.49,STATIC,97.56,STATIC,97.68,STATIC,92.08,STATIC,122.70,STATIC,False,0.085,60.0,0.000
170.0716666666667,4080,46.75,STATIC,69.57,STATIC,78.01,STATIC,37.52,STATIC,97.59,STATIC,97.77,STATIC,92.28,STATIC,123.04,STATIC,False,0.085,60.0,0.000
170.11333333333334,4081,43.84,STATIC,67.51,STATIC,78.30,STATIC,37.45,STATIC,97.57,STATIC,97.92,STATIC,93.11,STATIC,124.63,STATIC,False,0.084,60.0,0.000
170.155,4082,40.44,STATIC,60.28,FLEXION,78.15,STATIC,36.12,STATIC,97.56,STATIC,98.09,STATIC,94.00,STATIC,125.80,STATIC,False,0.081,60.0,0.000
170.1966666666667,4083,37.75,STATIC,52.01,FLEXION,78.27,STATIC,34.91,STATIC,97.53,STATIC,98.15,STATIC,94.73,STATIC,125.77,STATIC,False,0.077,60.0,0.000
170.23833333333334,4084,39.05,STATIC,52.93,STATIC,78.47,STATIC,35.28,STATIC,97.58,STATIC,98.13,STATIC,95.39,STATIC,126.07,STATIC,False,0.075,60.0,0.000
170.28,4085,41.19,STATIC,51.46,STATIC,78.55,STATIC,36.01,STATIC,97.55,STATIC,98.18,STATIC,96.35,STATIC,126.96,STATIC,False,0.071,59.9,0.000
170.3216666666667,4086,39.61,STATIC,52.58,STATIC,78.82,STATIC,37.21,STATIC,97.56,STATIC,98.17,STATIC,96.94,STATIC,127.21,STATIC,False,0.065,60.0,0.000
170.36333333333334,4087,41.67,STATIC,47.72,STATIC,78.90,STATIC,36.97,STATIC,97.52,STATIC,98.21,STATIC,98.00,STATIC,128.44,STATIC,False,0.059,60.0,0.000
170.405,4088,43.12,STATIC,54.28,EXTENSION,78.95,STATIC,40.10,STATIC,97.51,STATIC,98.21,STATIC,98.92,STATIC,130.09,STATIC,False,0.063,60.0,0.000
170.4466666666667,4089,40.59,STATIC,49.13,FLEXION,78.87,STATIC,36.71,STATIC,97.50,STATIC,98.16,STATIC,99.96,STATIC,132.00,STATIC,False,0.063,60.0,0.000
170.48833333333334,4090,41.06,STATIC,55.63,EXTENSION,79.05,STATIC,38.63,STATIC,97.54,STATIC,98.18,STATIC,101.13,STATIC,133.08,STATIC,False,0.063,60.0,0.000
170.53,4091,40.21,STATIC,59.53,STATIC,79.22,STATIC,40.33,STATIC,97.57,STATIC,98.32,STATIC,102.38,STATIC,134.08,STATIC,False,0.063,60.0,0.000
170.5716666666667,4092,41.20,STATIC,72.43,EXTENSION,79.43,STATIC,44.98,STATIC,97.74,STATIC,98.51,STATIC,103.67,STATIC,133.92,STATIC,False,0.065,60.0,0.000
170.61333333333334,4093,42.98,STATIC,78.10,EXTENSION,79.81,STATIC,47.99,STATIC,97.90,STATIC,98.79,STATIC,105.84,STATIC,135.10,STATIC,False,0.069,60.0,0.000
170.655,4094,43.21,STATIC,73.46,STATIC,79.83,STATIC,47.47,STATIC,97.92,STATIC,98.78,STATIC,106.77,STATIC,136.05,STATIC,False,0.069,60.0,0.000
170.6966666666667,4095,43.75,STATIC,69.83,STATIC,79.79,STATIC,46.93,STATIC,97.96,STATIC,98.78,STATIC,107.55,STATIC,137.12,STATIC,False,0.068,60.0,0.000
170.73833333333334,4096,45.18,STATIC,72.58,STATIC,79.69,STATIC,47.39,STATIC,98.03,STATIC,98.88,STATIC,108.39,STATIC,137.73,STATIC,False,0.069,60.0,0.000
170.78,4097,47.29,STATIC,71.89,STATIC,79.69,STATIC,47.28,STATIC,98.18,STATIC,99.00,STATIC,108.92,STATIC,138.29,STATIC,False,0.069,60.0,0.000
170.8216666666667,4098,48.61,STATIC,67.22,STATIC,79.45,STATIC,46.72,STATIC,98.35,STATIC,99.07,STATIC,109.45,STATIC,138.38,STATIC,False,0.068,60.0,0.000
170.86333333333334,4099,51.45,STATIC,71.57,STATIC,79.34,STATIC,48.99,STATIC,98.45,STATIC,99.22,STATIC,109.33,STATIC,138.36,STATIC,False,0.068,60.0,0.000
170.905,4100,53.24,STATIC,73.97,STATIC,78.98,STATIC,49.60,STATIC,98.48,STATIC,99.31,STATIC,108.59,STATIC,137.85,STATIC,False,0.070,60.0,0.000
170.9466666666667,4101,54.14,STATIC,76.42,STATIC,78.68,STATIC,47.79,STATIC,98.47,STATIC,99.37,STATIC,108.25,STATIC,137.79,STATIC,False,0.073,60.0,0.000
170.98833333333334,4102,54.59,STATIC,85.23,EXTENSION,79.02,STATIC,47.90,STATIC,98.11,STATIC,99.13,STATIC,107.23,STATIC,136.84,STATIC,False,0.072,60.0,0.000
171.03,4103,57.57,STATIC,86.55,STATIC,80.49,STATIC,47.95,STATIC,97.89,STATIC,98.90,STATIC,106.24,STATIC,135.99,STATIC,False,0.072,60.0,0.000
171.0716666666667,4104,62.38,STATIC,85.35,STATIC,81.38,STATIC,46.73,STATIC,97.64,STATIC,98.47,STATIC,105.65,STATIC,135.92,STATIC,False,0.073,60.0,0.000
171.11333333333334,4105,62.97,STATIC,86.55,STATIC,79.11,STATIC,43.89,STATIC,97.53,STATIC,98.30,STATIC,105.38,STATIC,135.89,STATIC,False,0.067,60.0,0.000
171.155,4106,63.62,STATIC,79.59,FLEXION,78.44,STATIC,42.68,STATIC,97.57,STATIC,98.14,STATIC,105.20,STATIC,135.07,STATIC,False,0.059,60.0,0.000
171.1966666666667,4107,64.64,STATIC,85.17,EXTENSION,77.49,STATIC,42.74,STATIC,97.63,STATIC,98.13,STATIC,105.17,STATIC,134.61,STATIC,False,0.061,60.0,0.000
171.23833333333334,4108,68.60,STATIC,92.97,EXTENSION,78.92,STATIC,44.46,STATIC,97.69,STATIC,98.14,STATIC,104.66,STATIC,132.37,STATIC,False,0.059,60.0,0.000
171.28,4109,69.14,STATIC,94.30,STATIC,77.07,STATIC,44.25,STATIC,97.51,STATIC,98.15,STATIC,104.89,STATIC,133.05,STATIC,False,0.054,60.0,0.000
171.3216666666667,4110,65.61,STATIC,95.17,STATIC,73.71,STATIC,43.49,STATIC,97.53,STATIC,98.08,STATIC,104.99,STATIC,133.80,STATIC,False,0.049,60.0,0.000
171.36333333333334,4111,71.29,EXTENSION,96.31,STATIC,73.24,STATIC,41.61,STATIC,97.48,STATIC,98.16,STATIC,105.13,STATIC,133.58,STATIC,False,0.057,60.0,0.000
171.405,4112,68.16,STATIC,93.54,STATIC,70.66,STATIC,40.19,STATIC,97.57,STATIC,98.23,STATIC,105.73,STATIC,134.89,STATIC,False,0.054,60.0,0.000
171.4466666666667,4113,67.57,STATIC,97.57,STATIC,70.35,STATIC,40.49,STATIC,97.18,STATIC,98.16,STATIC,105.04,STATIC,134.40,STATIC,False,0.058,60.0,0.000
171.48833333333334,4114,68.16,STATIC,103.32,EXTENSION,69.99,STATIC,41.08,STATIC,97.40,STATIC,98.22,STATIC,104.84,STATIC,133.79,STATIC,False,0.062,60.0,0.000
171.53,4115,72.85,STATIC,107.27,STATIC,70.93,STATIC,41.77,STATIC,97.47,STATIC,98.21,STATIC,104.60,STATIC,132.85,STATIC,False,0.067,60.0,0.000
171.5716666666667,4116,78.14,EXTENSION,109.69,STATIC,71.95,STATIC,42.48,STATIC,97.56,STATIC,98.09,STATIC,104.50,STATIC,132.41,STATIC,False,0.069,60.0,0.000
171.61333333333334,4117,80.45,STATIC,110.34,STATIC,72.94,STATIC,43.74,STATIC,97.57,STATIC,97.87,STATIC,104.07,STATIC,131.03,STATIC,False,0.068,60.0,0.000
171.655,4118,81.77,STATIC,113.71,STATIC,72.36,STATIC,49.93,EXTENSION,97.07,STATIC,97.44,STATIC,102.80,STATIC,129.75,STATIC,False,0.065,60.0,0.000
171.6966666666667,4119,82.86,STATIC,114.00,STATIC,71.31,STATIC,49.54,STATIC,97.17,STATIC,97.47,STATIC,102.93,STATIC,129.62,STATIC,False,0.065,60.0,0.000
171.73833333333334,4120,79.36,STATIC,113.66,STATIC,69.67,STATIC,49.15,STATIC,97.27,STATIC,97.59,STATIC,103.17,STATIC,129.79,STATIC,False,0.066,60.0,0.000
171.78,4121,78.06,STATIC,112.94,STATIC,67.72,STATIC,47.22,STATIC,97.96,STATIC,97.84,STATIC,104.73,STATIC,130.38,STATIC,False,0.068,60.0,0.000
171.8216666666667,4122,76.78,STATIC,110.46,STATIC,66.32,STATIC,43.48,STATIC,98.17,STATIC,97.96,STATIC,106.16,STATIC,131.46,STATIC,False,0.072,60.0,0.000
171.86333333333334,4123,76.32,STATIC,108.07,STATIC,65.50,STATIC,40.75,STATIC,97.87,STATIC,98.17,STATIC,106.95,STATIC,132.86,STATIC,False,0.071,60.0,0.000
171.905,4124,74.35,STATIC,108.23,STATIC,65.02,STATIC,40.14,STATIC,98.26,STATIC,98.37,STATIC,108.76,STATIC,134.51,STATIC,False,0.072,60.0,0.000
171.9466666666667,4125,72.33,STATIC,108.95,STATIC,64.94,STATIC,40.10,STATIC,98.52,STATIC,98.60,STATIC,110.80,STATIC,136.59,STATIC,False,0.073,60.0,0.000
171.98833333333334,4126,71.12,STATIC,108.79,STATIC,65.36,STATIC,40.54,STATIC,98.66,STATIC,98.64,STATIC,111.65,STATIC,137.53,STATIC,False,0.075,60.0,0.000
172.03,4127,72.37,STATIC,110.28,STATIC,66.00,STATIC,42.19,STATIC,98.65,STATIC,98.53,STATIC,112.10,STATIC,138.39,STATIC,False,0.072,60.0,0.000
172.0716666666667,4128,71.17,STATIC,111.40,STATIC,66.54,STATIC,43.20,STATIC,98.73,STATIC,98.59,STATIC,112.49,STATIC,138.95,STATIC,False,0.072,60.0,0.000
172.11333333333334,4129,69.99,STATIC,110.80,STATIC,67.07,STATIC,42.27,STATIC,98.81,STATIC,98.76,STATIC,113.58,STATIC,140.11,STATIC,False,0.074,60.0,0.000
172.155,4130,68.28,STATIC,109.23,STATIC,68.01,STATIC,40.42,STATIC,98.84,STATIC,98.94,STATIC,114.18,STATIC,140.98,STATIC,False,0.071,60.0,0.000
172.1966666666667,4131,67.79,STATIC,109.98,STATIC,68.22,STATIC,40.27,STATIC,98.89,STATIC,99.16,STATIC,114.40,STATIC,140.91,STATIC,False,0.070,60.0,0.000
172.23833333333334,4132,63.09,STATIC,113.86,STATIC,70.41,STATIC,45.72,EXTENSION,98.75,STATIC,98.91,STATIC,113.41,STATIC,139.96,STATIC,False,0.068,60.0,0.000
172.28,4133,60.98,STATIC,113.55,STATIC,71.43,STATIC,45.89,STATIC,98.65,STATIC,98.96,STATIC,113.82,STATIC,140.32,STATIC,False,0.061,60.0,0.000
172.3216666666667,4134,56.38,STATIC,113.74,STATIC,71.72,STATIC,45.85,STATIC,98.55,STATIC,98.92,STATIC,116.17,STATIC,141.48,STATIC,False,0.059,60.0,0.000
172.36333333333334,4135,51.87,STATIC,109.32,STATIC,73.35,STATIC,42.03,STATIC,98.47,STATIC,98.86,STATIC,117.44,STATIC,142.30,STATIC,False,0.054,60.0,0.000
172.405,4136,50.02,STATIC,103.97,FLEXION,73.34,STATIC,36.24,FLEXION,98.33,STATIC,98.68,STATIC,116.53,STATIC,141.20,STATIC,False,0.216,60.0,0.000
172.4466666666667,4137,50.72,STATIC,108.19,STATIC,72.72,STATIC,39.15,STATIC,98.25,STATIC,98.75,STATIC,116.19,STATIC,139.63,STATIC,False,0.048,60.0,0.000
172.48833333333334,4138,52.88,STATIC,109.98,STATIC,71.98,STATIC,40.31,STATIC,98.28,STATIC,98.68,STATIC,114.74,STATIC,138.52,STATIC,False,0.048,60.0,0.000
172.53,4139,54.87,STATIC,109.82,STATIC,71.16,STATIC,40.72,STATIC,98.24,STATIC,98.67,STATIC,113.85,STATIC,137.40,STATIC,False,0.045,60.0,0.000
172.5716666666667,4140,55.37,STATIC,110.32,STATIC,70.53,STATIC,41.03,STATIC,98.23,STATIC,98.73,STATIC,113.20,STATIC,136.66,STATIC,False,0.041,60.0,0.000
172.61333333333334,4141,54.85,STATIC,109.44,STATIC,69.89,STATIC,40.30,STATIC,98.29,STATIC,98.81,STATIC,112.35,STATIC,136.38,STATIC,False,0.039,60.0,0.000
172.655,4142,56.71,STATIC,107.50,STATIC,69.17,STATIC,38.26,STATIC,98.31,STATIC,98.87,STATIC,111.69,STATIC,136.32,STATIC,False,0.037,60.0,0.000
172.6966666666667,4143,57.56,STATIC,107.63,STATIC,68.39,STATIC,37.91,STATIC,98.31,STATIC,98.95,STATIC,110.84,STATIC,135.64,STATIC,False,0.035,60.0,0.000
172.73833333333334,4144,58.21,STATIC,108.36,STATIC,67.71,STATIC,38.24,STATIC,98.26,STATIC,98.77,STATIC,110.46,STATIC,134.89,STATIC,False,0.035,60.0,0.000
172.78,4145,59.09,STATIC,109.42,STATIC,66.99,STATIC,39.18,STATIC,98.24,STATIC,98.76,STATIC,109.78,STATIC,133.88,STATIC,False,0.036,60.0,0.000
172.8216666666667,4146,60.07,STATIC,109.64,STATIC,66.30,STATIC,39.42,STATIC,98.22,STATIC,98.75,STATIC,108.99,STATIC,132.88,STATIC,False,0.036,60.0,0.000
172.86333333333334,4147,63.37,STATIC,109.64,STATIC,65.57,STATIC,39.58,STATIC,98.13,STATIC,98.78,STATIC,108.15,STATIC,131.50,STATIC,False,0.036,60.0,0.000
172.905,4148,64.84,STATIC,108.98,STATIC,64.88,STATIC,39.59,STATIC,98.06,STATIC,98.83,STATIC,106.98,STATIC,130.10,STATIC,False,0.034,60.0,0.000
172.9466666666667,4149,65.94,STATIC,107.79,STATIC,64.33,STATIC,38.98,STATIC,97.98,STATIC,98.81,STATIC,105.99,STATIC,129.13,STATIC,False,0.031,60.0,0.000
172.98833333333334,4150,66.34,STATIC,106.83,STATIC,64.04,STATIC,38.63,STATIC,97.92,STATIC,98.78,STATIC,105.05,STATIC,128.01,STATIC,False,0.029,60.0,0.000
173.03,4151,67.33,STATIC,106.87,STATIC,63.64,STATIC,38.73,STATIC,97.87,STATIC,98.74,STATIC,104.18,STATIC,127.22,STATIC,False,0.029,60.0,0.000
173.0716666666667,4152,68.29,STATIC,106.83,STATIC,62.99,STATIC,38.74,STATIC,97.83,STATIC,98.75,STATIC,103.51,STATIC,126.33,STATIC,False,0.030,60.0,0.000
173.11333333333334,4153,69.00,STATIC,106.85,STATIC,62.39,STATIC,38.64,STATIC,97.82,STATIC,98.78,STATIC,102.89,STATIC,125.38,STATIC,False,0.032,60.0,0.000
173.155,4154,70.81,STATIC,106.70,STATIC,61.75,STATIC,38.48,STATIC,97.80,STATIC,98.83,STATIC,102.38,STATIC,124.52,STATIC,False,0.033,60.0,0.000
173.1966666666667,4155,71.98,STATIC,106.41,STATIC,61.20,STATIC,38.19,STATIC,97.80,STATIC,98.87,STATIC,101.96,STATIC,123.80,STATIC,False,0.033,60.0,0.000
173.23833333333334,4156,72.50,STATIC,105.26,STATIC,60.82,STATIC,37.25,STATIC,97.79,STATIC,98.87,STATIC,101.62,STATIC,123.42,STATIC,False,0.034,60.0,0.000
173.28,4157,72.93,STATIC,104.28,STATIC,60.41,STATIC,36.47,STATIC,97.78,STATIC,98.85,STATIC,101.33,STATIC,123.08,STATIC,False,0.034,60.0,0.000
173.3216666666667,4158,73.43,STATIC,103.84,STATIC,59.98,STATIC,36.02,STATIC,97.77,STATIC,98.84,STATIC,101.04,STATIC,122.84,STATIC,False,0.034,60.0,0.000
173.36333333333334,4159,73.71,STATIC,103.40,STATIC,59.54,STATIC,35.75,STATIC,97.76,STATIC,98.82,STATIC,100.88,STATIC,122.62,STATIC,False,0.034,60.0,0.000
173.405,4160,73.84,STATIC,102.50,STATIC,59.05,STATIC,35.77,STATIC,97.75,STATIC,98.69,STATIC,100.76,STATIC,122.60,STATIC,False,0.032,60.0,0.000
173.4466666666667,4161,74.01,STATIC,102.45,STATIC,58.46,STATIC,36.20,STATIC,97.75,STATIC,98.56,STATIC,100.82,STATIC,122.55,STATIC,False,0.032,60.0,0.000
173.48833333333334,4162,74.25,STATIC,102.83,STATIC,58.09,STATIC,36.63,STATIC,97.71,STATIC,98.41,STATIC,100.85,STATIC,122.34,STATIC,False,0.030,60.0,0.000
173.53,4163,75.20,STATIC,102.88,STATIC,57.65,STATIC,37.09,STATIC,97.64,STATIC,98.30,STATIC,100.80,STATIC,121.95,STATIC,False,0.030,60.0,0.000
173.5716666666667,4164,76.76,STATIC,104.84,STATIC,57.50,STATIC,38.86,STATIC,97.67,STATIC,98.22,STATIC,100.85,STATIC,121.53,STATIC,False,0.033,60.0,0.000
173.61333333333334,4165,77.71,STATIC,104.92,STATIC,56.92,STATIC,39.44,STATIC,97.81,STATIC,98.24,STATIC,101.21,STATIC,121.74,STATIC,False,0.032,60.0,0.000
173.655,4166,76.95,STATIC,103.54,STATIC,56.25,STATIC,39.16,STATIC,97.91,STATIC,98.23,STATIC,101.59,STATIC,122.32,STATIC,False,0.030,60.0,0.000
173.6966666666667,4167,73.77,STATIC,104.11,STATIC,55.50,STATIC,39.46,STATIC,97.96,STATIC,98.21,STATIC,101.67,STATIC,121.68,STATIC,False,0.030,60.0,0.000
173.73833333333334,4168,72.27,STATIC,101.25,STATIC,54.88,STATIC,38.29,STATIC,97.88,STATIC,98.16,STATIC,101.47,STATIC,121.68,STATIC,False,0.027,60.0,0.000
173.78,4169,70.63,STATIC,99.42,STATIC,53.44,STATIC,37.02,STATIC,97.72,STATIC,98.22,STATIC,101.52,STATIC,122.43,STATIC,False,0.025,60.0,0.000
173.8216666666667,4170,73.00,STATIC,101.15,STATIC,52.74,STATIC,38.50,STATIC,97.66,STATIC,98.25,STATIC,101.64,STATIC,122.71,STATIC,False,0.025,60.0,0.000
173.86333333333334,4171,76.96,STATIC,101.54,STATIC,53.04,STATIC,39.49,STATIC,97.71,STATIC,98.15,STATIC,101.68,STATIC,122.49,STATIC,False,0.027,60.0,0.000
173.90666666666667,4172,79.62,STATIC,103.64,STATIC,53.10,STATIC,41.08,STATIC,97.83,STATIC,98.17,STATIC,101.89,STATIC,122.93,STATIC,False,0.029,60.0,0.000
173.94833333333335,4173,78.39,STATIC,106.30,STATIC,52.46,STATIC,42.70,STATIC,97.82,STATIC,98.22,STATIC,102.09,STATIC,123.58,STATIC,False,0.030,60.0,0.000
173.99,4174,74.61,STATIC,105.19,STATIC,51.46,STATIC,41.49,STATIC,97.80,STATIC,98.31,STATIC,102.17,STATIC,125.53,STATIC,False,0.030,60.0,0.000
174.03166666666667,4175,77.40,STATIC,104.51,STATIC,51.40,STATIC,41.09,STATIC,97.85,STATIC,98.47,STATIC,102.57,STATIC,127.12,STATIC,False,0.031,60.0,0.000
174.07333333333335,4176,80.57,STATIC,109.22,STATIC,51.37,STATIC,43.91,STATIC,97.72,STATIC,98.40,STATIC,102.78,STATIC,127.63,STATIC,False,0.036,60.0,0.000
174.115,4177,84.07,STATIC,109.50,STATIC,52.92,STATIC,44.42,STATIC,97.62,STATIC,98.24,STATIC,102.87,STATIC,128.58,STATIC,False,0.040,60.0,0.000
174.15666666666667,4178,82.00,STATIC,113.60,STATIC,52.86,STATIC,47.47,STATIC,97.57,STATIC,98.23,STATIC,102.37,STATIC,128.33,STATIC,False,0.048,60.0,0.000
174.19833333333335,4179,80.66,STATIC,114.57,STATIC,54.41,STATIC,50.47,STATIC,97.42,STATIC,97.75,STATIC,101.79,STATIC,126.55,STATIC,False,0.053,60.0,0.000
174.24,4180,87.10,EXTENSION,113.94,STATIC,55.86,STATIC,51.32,STATIC,97.11,STATIC,97.41,STATIC,98.73,STATIC,123.85,STATIC,False,0.059,60.0,0.000
174.28166666666667,4181,83.71,STATIC,113.29,STATIC,55.41,STATIC,52.74,STATIC,97.06,STATIC,97.32,STATIC,99.31,STATIC,124.49,STATIC,False,0.056,60.0,0.000
174.32333333333335,4182,64.38,FLEXION,110.57,STATIC,54.96,STATIC,50.55,STATIC,96.93,STATIC,97.30,STATIC,98.63,STATIC,124.41,STATIC,False,0.060,60.0,0.000
174.365,4183,57.02,FLEXION,109.64,STATIC,57.58,STATIC,50.56,STATIC,95.42,STATIC,96.72,STATIC,97.58,STATIC,126.84,STATIC,False,0.057,60.0,0.000
174.40666666666667,4184,56.80,STATIC,109.37,STATIC,60.92,STATIC,50.61,STATIC,95.96,STATIC,96.64,STATIC,97.80,STATIC,126.79,STATIC,False,0.059,60.0,0.000
174.44833333333335,4185,52.65,STATIC,106.98,STATIC,62.03,STATIC,47.38,STATIC,95.94,STATIC,96.58,STATIC,98.38,STATIC,127.79,STATIC,False,0.059,60.0,0.000
174.49,4186,45.12,FLEXION,106.76,STATIC,61.63,STATIC,48.36,STATIC,95.83,STATIC,96.20,STATIC,98.77,STATIC,125.66,STATIC,False,0.057,60.0,0.000
174.53166666666667,4187,59.97,EXTENSION,109.15,STATIC,62.73,STATIC,49.50,STATIC,95.36,STATIC,96.27,STATIC,97.85,STATIC,125.04,STATIC,False,0.056,60.0,0.000
174.57333333333335,4188,62.38,STATIC,109.68,STATIC,63.03,STATIC,48.33,STATIC,95.34,STATIC,96.36,STATIC,99.04,STATIC,125.48,STATIC,False,0.056,60.0,0.000
174.615,4189,50.32,FLEXION,109.66,STATIC,62.26,STATIC,46.42,STATIC,95.47,STATIC,96.38,STATIC,100.86,STATIC,125.88,STATIC,False,0.056,60.0,0.000
174.65666666666667,4190,51.04,STATIC,112.18,STATIC,62.64,STATIC,47.26,STATIC,94.85,STATIC,95.99,STATIC,101.33,STATIC,124.77,STATIC,False,0.055,60.0,0.000
174.69833333333335,4191,47.73,STATIC,112.55,STATIC,63.13,STATIC,45.83,STATIC,95.41,STATIC,95.95,STATIC,103.50,STATIC,124.89,STATIC,False,0.053,60.0,0.000
174.74,4192,46.61,STATIC,115.08,STATIC,63.30,STATIC,46.35,STATIC,95.45,STATIC,96.06,STATIC,104.37,STATIC,125.24,STATIC,False,0.050,60.0,0.000
174.78166666666667,4193,49.26,STATIC,114.91,STATIC,63.84,STATIC,44.94,STATIC,96.13,STATIC,96.24,STATIC,106.76,STATIC,124.75,STATIC,False,0.048,60.0,0.000
174.82333333333335,4194,50.02,STATIC,114.92,STATIC,64.04,STATIC,43.22,STATIC,96.93,STATIC,96.23,STATIC,108.36,STATIC,125.06,STATIC,False,0.043,60.0,0.000
174.865,4195,51.11,STATIC,118.13,STATIC,64.28,STATIC,45.06,STATIC,97.09,STATIC,96.21,STATIC,107.98,STATIC,123.93,STATIC,False,0.040,60.0,0.000
174.90666666666667,4196,52.73,STATIC,121.81,STATIC,64.39,STATIC,50.14,EXTENSION,97.13,STATIC,96.33,STATIC,107.34,STATIC,121.31,STATIC,False,0.035,60.0,0.000
174.94833333333335,4197,53.51,STATIC,121.66,STATIC,64.25,STATIC,47.79,STATIC,97.01,STATIC,96.52,STATIC,107.37,STATIC,120.73,STATIC,False,0.034,60.0,0.000
174.99,4198,53.66,STATIC,122.48,STATIC,64.11,STATIC,46.49,STATIC,97.28,STATIC,96.97,STATIC,107.58,STATIC,120.95,STATIC,False,0.031,60.0,0.000
175.03166666666667,4199,53.60,STATIC,122.30,STATIC,63.69,STATIC,46.80,STATIC,97.32,STATIC,96.45,STATIC,106.68,STATIC,118.58,STATIC,False,0.024,60.0,0.000
175.07333333333335,4200,53.59,STATIC,124.85,STATIC,63.90,STATIC,49.91,STATIC,96.87,STATIC,96.29,STATIC,105.86,STATIC,116.66,STATIC,False,0.024,60.0,0.000
175.115,4201,54.96,STATIC,126.26,STATIC,64.07,STATIC,49.33,STATIC,96.76,STATIC,96.51,STATIC,105.85,STATIC,114.92,STATIC,False,0.024,60.0,0.000
175.15666666666667,4202,55.77,STATIC,125.55,STATIC,64.26,STATIC,48.04,STATIC,96.76,STATIC,96.75,STATIC,105.02,STATIC,113.39,STATIC,False,0.022,60.0,0.000
175.19833333333335,4203,56.28,STATIC,125.03,STATIC,63.89,STATIC,46.54,STATIC,97.14,STATIC,97.06,STATIC,105.48,STATIC,112.68,STATIC,False,0.020,60.0,0.000
175.24,4204,56.69,STATIC,124.72,STATIC,63.64,STATIC,46.53,STATIC,96.98,STATIC,96.95,STATIC,104.92,STATIC,112.22,STATIC,False,0.021,60.0,0.000
175.28166666666667,4205,57.70,STATIC,125.35,STATIC,63.36,STATIC,46.97,STATIC,97.15,STATIC,97.06,STATIC,105.56,STATIC,113.28,STATIC,False,0.021,60.0,0.000
175.32333333333335,4206,57.86,STATIC,123.23,STATIC,63.29,STATIC,45.62,STATIC,97.37,STATIC,97.11,STATIC,106.82,STATIC,114.85,STATIC,False,0.019,60.0,0.000
175.365,4207,58.63,STATIC,122.63,STATIC,63.12,STATIC,45.85,STATIC,97.48,STATIC,96.81,STATIC,107.37,STATIC,114.50,STATIC,False,0.018,60.0,0.000
175.40666666666667,4208,59.97,STATIC,122.51,STATIC,63.42,STATIC,45.28,STATIC,98.07,STATIC,98.47,STATIC,109.89,STATIC,118.25,STATIC,False,0.019,60.0,0.000
175.44833333333335,4209,60.33,STATIC,122.58,STATIC,63.34,STATIC,44.62,STATIC,98.20,STATIC,98.95,STATIC,111.95,STATIC,120.64,STATIC,False,0.019,60.0,0.000
175.49,4210,61.10,STATIC,122.47,STATIC,62.37,STATIC,43.85,STATIC,98.31,STATIC,98.60,STATIC,114.05,STATIC,121.62,STATIC,False,0.014,60.0,0.000
175.53166666666667,4211,62.18,STATIC,123.57,STATIC,61.93,STATIC,44.09,STATIC,98.49,STATIC,98.42,STATIC,117.12,STATIC,122.45,STATIC,False,0.013,60.0,0.000
175.57333333333335,4212,63.26,STATIC,124.86,STATIC,61.90,STATIC,42.94,STATIC,98.80,STATIC,99.07,STATIC,120.11,STATIC,123.90,STATIC,False,0.012,60.0,0.000
175.615,4213,63.80,STATIC,125.76,STATIC,61.53,STATIC,43.38,STATIC,98.96,STATIC,99.34,STATIC,121.75,STATIC,124.35,STATIC,False,0.012,60.0,0.000
175.65666666666667,4214,64.47,STATIC,127.32,STATIC,61.10,STATIC,44.79,STATIC,99.00,STATIC,99.50,STATIC,123.54,STATIC,124.45,STATIC,False,0.011,60.0,0.000
175.69833333333335,4215,64.95,STATIC,126.72,STATIC,60.35,STATIC,44.78,STATIC,99.09,STATIC,99.61,STATIC,125.01,STATIC,124.72,STATIC,False,0.012,60.0,0.000
175.74,4216,65.60,STATIC,126.27,STATIC,59.71,STATIC,44.52,STATIC,99.27,STATIC,99.79,STATIC,126.84,STATIC,125.34,STATIC,False,0.012,60.0,0.000
175.78166666666667,4217,66.35,STATIC,126.06,STATIC,59.29,STATIC,44.34,STATIC,99.36,STATIC,100.03,STATIC,128.01,STATIC,125.74,STATIC,False,0.012,60.0,0.000
175.82333333333335,4218,67.40,STATIC,125.68,STATIC,58.31,STATIC,44.35,STATIC,99.35,STATIC,100.11,STATIC,129.42,STATIC,126.40,STATIC,False,0.008,60.0,0.000
175.865,4219,68.68,STATIC,126.40,STATIC,58.02,STATIC,44.85,STATIC,99.66,STATIC,100.43,STATIC,130.86,STATIC,127.09,STATIC,False,0.004,60.0,0.000
175.90666666666667,4220,70.60,STATIC,126.95,STATIC,57.74,STATIC,45.59,STATIC,99.87,STATIC,100.46,STATIC,132.18,STATIC,129.66,STATIC,False,0.000,60.0,0.000
175.94833333333335,4221,72.11,STATIC,126.80,STATIC,57.56,STATIC,45.27,STATIC,99.94,STATIC,100.54,STATIC,133.41,STATIC,132.70,STATIC,False,0.000,60.0,0.000
175.99,4222,72.29,STATIC,125.06,STATIC,57.36,STATIC,44.62,STATIC,99.58,STATIC,100.25,STATIC,132.17,STATIC,134.17,STATIC,False,0.000,60.0,0.000
176.03166666666667,4223,71.10,STATIC,120.25,STATIC,57.09,STATIC,44.30,STATIC,99.07,STATIC,99.34,STATIC,131.26,STATIC,133.52,STATIC,False,0.000,60.0,0.000
176.07333333333335,4224,68.03,STATIC,114.75,FLEXION,57.74,STATIC,44.23,STATIC,98.94,STATIC,99.23,STATIC,129.15,STATIC,132.46,STATIC,False,0.000,60.0,0.000
176.115,4225,65.64,STATIC,106.91,FLEXION,57.50,STATIC,43.90,STATIC,98.86,STATIC,99.06,STATIC,127.04,STATIC,130.52,STATIC,False,0.002,60.0,0.000
176.15666666666667,4226,61.57,STATIC,97.80,FLEXION,58.08,STATIC,41.65,STATIC,99.28,STATIC,99.43,STATIC,127.16,STATIC,131.50,STATIC,False,0.001,60.0,0.000
176.19833333333335,4227,57.52,STATIC,91.56,FLEXION,58.10,STATIC,39.64,STATIC,100.48,STATIC,100.25,STATIC,128.98,STATIC,131.92,STATIC,False,0.002,60.0,0.000
176.24,4228,53.46,STATIC,88.00,STATIC,59.31,STATIC,39.39,STATIC,100.63,STATIC,99.80,STATIC,128.37,STATIC,131.89,STATIC,False,0.004,60.0,0.000
176.28166666666667,4229,50.80,STATIC,87.70,STATIC,60.40,STATIC,38.50,STATIC,100.52,STATIC,99.56,STATIC,126.59,STATIC,131.28,STATIC,False,0.007,60.0,0.000
176.32333333333335,4230,46.87,STATIC,90.95,STATIC,62.78,STATIC,41.99,STATIC,100.39,STATIC,99.57,STATIC,124.74,STATIC,132.37,STATIC,False,0.009,60.0,0.000
176.365,4231,42.98,STATIC,86.08,STATIC,64.23,STATIC,40.69,STATIC,100.46,STATIC,99.54,STATIC,124.63,STATIC,134.10,STATIC,False,0.006,60.0,0.000
176.40666666666667,4232,41.71,STATIC,86.72,STATIC,65.88,STATIC,41.39,STATIC,100.13,STATIC,98.98,STATIC,122.11,STATIC,131.64,STATIC,False,0.007,60.0,0.000
176.44833333333335,4233,46.63,STATIC,96.73,EXTENSION,66.67,STATIC,42.10,STATIC,99.41,STATIC,97.65,STATIC,120.03,STATIC,132.29,STATIC,False,0.000,60.0,0.000
176.49,4234,47.44,STATIC,102.90,EXTENSION,68.39,STATIC,40.36,STATIC,98.28,STATIC,97.17,STATIC,118.01,STATIC,132.71,STATIC,False,0.000,60.0,0.000
176.53166666666667,4235,50.16,STATIC,117.09,EXTENSION,69.53,STATIC,42.50,STATIC,98.45,STATIC,97.81,STATIC,117.93,STATIC,132.43,STATIC,False,0.000,60.0,0.000
176.57333333333335,4236,51.99,STATIC,130.16,EXTENSION,70.20,STATIC,44.41,STATIC,98.90,STATIC,97.83,STATIC,115.99,STATIC,129.28,STATIC,False,0.000,60.0,0.000
176.615,4237,49.91,STATIC,137.32,EXTENSION,71.42,STATIC,45.31,STATIC,99.03,STATIC,98.30,STATIC,115.06,STATIC,129.37,STATIC,False,0.000,60.0,0.000
176.65666666666667,4238,48.63,STATIC,144.89,EXTENSION,72.74,STATIC,46.85,STATIC,99.07,STATIC,98.43,STATIC,112.97,STATIC,128.23,STATIC,False,0.000,60.0,0.000
176.69833333333335,4239,46.66,STATIC,150.46,EXTENSION,75.29,STATIC,45.63,STATIC,98.85,STATIC,98.53,STATIC,111.66,STATIC,126.81,STATIC,False,0.000,60.0,0.000
176.74,4240,45.21,STATIC,154.58,STATIC,76.17,STATIC,45.09,STATIC,98.89,STATIC,98.98,STATIC,111.18,STATIC,128.28,STATIC,False,0.000,60.0,0.000
176.78166666666667,4241,46.28,STATIC,155.51,STATIC,76.93,STATIC,45.38,STATIC,98.83,STATIC,98.80,STATIC,109.93,STATIC,125.64,STATIC,False,0.001,60.0,0.000
176.82333333333335,4242,27.36,FLEXION,159.31,STATIC,80.99,STATIC,36.92,FLEXION,98.70,STATIC,100.09,STATIC,110.60,STATIC,123.31,STATIC,False,0.167,60.0,0.000
176.865,4243,27.34,STATIC,159.46,STATIC,80.94,STATIC,37.75,STATIC,98.57,STATIC,100.08,STATIC,108.59,STATIC,120.76,STATIC,False,0.000,60.0,0.000
176.90666666666667,4244,28.43,STATIC,157.74,STATIC,81.00,STATIC,38.94,STATIC,98.34,STATIC,99.43,STATIC,107.55,STATIC,119.22,STATIC,False,0.000,60.0,0.000
176.94833333333335,4245,28.31,STATIC,155.48,STATIC,80.34,STATIC,35.67,STATIC,98.42,STATIC,99.77,STATIC,106.75,STATIC,118.87,STATIC,False,0.000,60.0,0.000
176.99,4246,35.87,EXTENSION,151.15,STATIC,79.24,STATIC,32.46,STATIC,98.45,STATIC,98.89,STATIC,105.64,STATIC,116.05,STATIC,False,0.000,60.0,0.000
177.03166666666667,4247,38.14,STATIC,149.14,STATIC,79.05,STATIC,31.82,STATIC,98.48,STATIC,98.45,STATIC,105.34,STATIC,116.22,STATIC,False,0.000,60.0,0.000
177.07333333333335,4248,40.43,STATIC,145.03,STATIC,79.31,STATIC,33.37,STATIC,98.55,STATIC,98.42,STATIC,104.90,STATIC,115.88,STATIC,False,0.000,60.0,0.000
177.115,4249,43.33,STATIC,140.04,STATIC,79.74,STATIC,34.01,STATIC,98.45,STATIC,98.12,STATIC,104.39,STATIC,115.47,STATIC,False,0.000,60.0,0.000
177.15666666666667,4250,46.70,STATIC,136.68,STATIC,80.01,STATIC,34.62,STATIC,98.42,STATIC,97.78,STATIC,104.26,STATIC,115.36,STATIC,False,0.000,60.0,0.000
177.19833333333335,4251,50.48,STATIC,133.84,STATIC,79.72,STATIC,36.15,STATIC,98.52,STATIC,97.82,STATIC,103.53,STATIC,115.95,STATIC,False,0.000,60.0,0.000
177.24,4252,55.07,STATIC,132.51,STATIC,80.03,STATIC,36.22,STATIC,98.61,STATIC,97.75,STATIC,102.37,STATIC,115.04,STATIC,False,0.000,60.0,0.000
177.28166666666667,4253,60.15,EXTENSION,131.20,STATIC,80.44,STATIC,35.72,STATIC,98.65,STATIC,97.86,STATIC,101.29,STATIC,114.16,STATIC,False,0.000,60.0,0.000
177.32333333333335,4254,64.17,STATIC,131.22,STATIC,80.70,STATIC,34.44,STATIC,98.89,STATIC,98.16,STATIC,100.43,STATIC,112.76,STATIC,False,0.003,60.0,0.000
177.365,4255,69.30,EXTENSION,130.29,STATIC,80.69,STATIC,33.49,STATIC,99.07,STATIC,98.28,STATIC,100.15,STATIC,112.90,STATIC,False,0.000,60.0,0.000
177.40666666666667,4256,73.35,STATIC,129.78,STATIC,81.08,STATIC,32.74,STATIC,99.33,STATIC,98.49,STATIC,100.56,STATIC,114.17,STATIC,False,0.000,60.0,0.000
177.44833333333335,4257,74.69,STATIC,130.03,STATIC,81.38,STATIC,32.94,STATIC,99.39,STATIC,98.56,STATIC,100.55,STATIC,114.51,STATIC,False,0.002,60.0,0.000
177.49,4258,77.69,STATIC,129.61,STATIC,81.47,STATIC,33.70,STATIC,99.40,STATIC,98.48,STATIC,100.33,STATIC,114.90,STATIC,False,0.001,60.0,0.000
177.53166666666667,4259,80.21,STATIC,129.47,STATIC,81.64,STATIC,34.59,STATIC,99.47,STATIC,98.50,STATIC,99.78,STATIC,114.82,STATIC,False,0.001,60.0,0.000
177.57333333333335,4260,81.33,STATIC,129.94,STATIC,81.89,STATIC,35.40,STATIC,99.44,STATIC,98.61,STATIC,99.41,STATIC,115.05,STATIC,False,0.000,60.0,0.000
177.615,4261,82.85,STATIC,130.43,STATIC,81.97,STATIC,35.65,STATIC,99.41,STATIC,98.61,STATIC,98.92,STATIC,115.07,STATIC,False,0.000,60.0,0.000
177.65666666666667,4262,82.32,STATIC,130.69,STATIC,82.10,STATIC,36.41,STATIC,99.41,STATIC,98.69,STATIC,98.51,STATIC,114.90,STATIC,False,0.000,60.0,0.000
177.69833333333335,4263,84.91,STATIC,130.27,STATIC,82.18,STATIC,37.26,STATIC,99.41,STATIC,98.66,STATIC,98.03,STATIC,115.18,STATIC,False,0.000,60.0,0.000
177.74,4264,85.77,STATIC,130.58,STATIC,82.21,STATIC,38.73,STATIC,99.31,STATIC,98.57,STATIC,97.59,STATIC,115.74,STATIC,False,0.000,60.0,0.000
177.78166666666667,4265,86.48,STATIC,130.92,STATIC,82.24,STATIC,38.63,STATIC,99.23,STATIC,98.40,STATIC,97.14,STATIC,115.98,STATIC,False,0.000,60.0,0.000
177.82333333333335,4266,88.59,STATIC,131.64,STATIC,82.63,STATIC,33.50,FLEXION,99.20,STATIC,98.60,STATIC,97.13,STATIC,116.27,STATIC,False,0.167,60.0,0.000
177.865,4267,90.24,STATIC,132.27,STATIC,82.19,STATIC,32.22,STATIC,99.30,STATIC,98.48,STATIC,97.76,STATIC,117.53,STATIC,False,0.000,60.0,0.000
177.90666666666667,4268,93.75,STATIC,131.08,STATIC,82.33,STATIC,33.37,STATIC,99.21,STATIC,98.53,STATIC,97.74,STATIC,118.11,STATIC,False,0.000,60.0,0.000
177.95000000000002,4269,95.79,STATIC,131.39,STATIC,82.64,STATIC,33.86,STATIC,99.21,STATIC,98.51,STATIC,97.81,STATIC,118.00,STATIC,False,0.000,60.0,0.000
177.99166666666667,4270,97.88,STATIC,131.68,STATIC,83.07,STATIC,35.57,STATIC,99.15,STATIC,98.92,STATIC,98.24,STATIC,117.58,STATIC,False,0.000,60.0,0.000
178.03333333333333,4271,100.03,STATIC,131.99,STATIC,83.15,STATIC,35.51,STATIC,99.11,STATIC,98.70,STATIC,97.94,STATIC,116.64,STATIC,False,0.000,60.0,0.000
178.07500000000002,4272,101.72,STATIC,132.28,STATIC,83.17,STATIC,35.56,STATIC,99.12,STATIC,98.47,STATIC,97.61,STATIC,116.54,STATIC,False,0.000,60.0,0.000
178.11666666666667,4273,103.25,STATIC,132.21,STATIC,83.26,STATIC,36.89,STATIC,99.17,STATIC,98.46,STATIC,97.84,STATIC,117.21,STATIC,False,0.000,60.0,0.000
178.15833333333333,4274,105.02,STATIC,131.85,STATIC,83.02,STATIC,39.53,STATIC,99.23,STATIC,98.31,STATIC,97.90,STATIC,118.17,STATIC,False,0.000,60.0,0.000
178.20000000000002,4275,106.52,STATIC,132.03,STATIC,82.97,STATIC,40.18,STATIC,99.28,STATIC,98.33,STATIC,98.43,STATIC,119.11,STATIC,False,0.000,60.0,0.000
178.24166666666667,4276,109.21,STATIC,132.37,STATIC,82.91,STATIC,37.37,STATIC,99.26,STATIC,98.33,STATIC,98.67,STATIC,119.45,STATIC,False,0.000,60.0,0.000
178.28333333333333,4277,109.10,STATIC,131.95,STATIC,82.92,STATIC,37.38,STATIC,99.33,STATIC,98.57,STATIC,99.50,STATIC,120.02,STATIC,False,0.000,60.0,0.000
178.32500000000002,4278,108.28,STATIC,132.04,STATIC,83.10,STATIC,37.05,STATIC,99.26,STATIC,98.35,STATIC,99.83,STATIC,120.25,STATIC,False,0.000,60.0,0.000
178.36666666666667,4279,107.75,STATIC,131.87,STATIC,83.01,STATIC,37.92,STATIC,99.21,STATIC,97.84,STATIC,99.92,STATIC,119.43,STATIC,False,0.000,60.0,0.000
178.40833333333333,4280,113.46,EXTENSION,132.03,STATIC,82.93,STATIC,37.86,STATIC,98.80,STATIC,97.41,STATIC,99.02,STATIC,119.69,STATIC,False,0.000,60.0,0.000
178.45000000000002,4281,107.06,FLEXION,132.31,STATIC,82.92,STATIC,37.25,STATIC,98.62,STATIC,97.10,STATIC,98.42,STATIC,119.72,STATIC,False,0.000,60.0,0.000
178.49166666666667,4282,105.24,STATIC,131.88,STATIC,84.46,STATIC,38.12,STATIC,98.73,STATIC,97.74,STATIC,98.70,STATIC,119.85,STATIC,False,0.000,60.0,0.000
178.53333333333333,4283,110.25,EXTENSION,132.17,STATIC,84.87,STATIC,38.01,STATIC,98.68,STATIC,97.88,STATIC,99.09,STATIC,119.48,STATIC,False,0.000,60.0,0.000
178.57500000000002,4284,114.34,STATIC,132.71,STATIC,84.89,STATIC,37.02,STATIC,98.59,STATIC,97.94,STATIC,99.54,STATIC,118.90,STATIC,False,0.000,60.0,0.000
178.61666666666667,4285,116.96,STATIC,133.10,STATIC,84.62,STATIC,36.57,STATIC,98.49,STATIC,97.83,STATIC,100.10,STATIC,118.77,STATIC,False,0.000,60.0,0.000
178.65833333333333,4286,118.50,STATIC,133.37,STATIC,84.33,STATIC,37.30,STATIC,98.35,STATIC,97.49,STATIC,100.55,STATIC,118.99,STATIC,False,0.000,60.0,0.000
178.70000000000002,4287,114.81,STATIC,133.53,STATIC,84.22,STATIC,38.23,STATIC,98.30,STATIC,97.46,STATIC,100.82,STATIC,118.32,STATIC,False,0.000,60.0,0.000
178.74166666666667,4288,110.32,STATIC,133.86,STATIC,84.10,STATIC,38.37,STATIC,98.00,STATIC,97.12,STATIC,100.83,STATIC,117.96,STATIC,False,0.000,60.0,0.000
178.78333333333333,4289,108.28,STATIC,133.26,STATIC,83.95,STATIC,40.82,STATIC,97.99,STATIC,97.18,STATIC,101.18,STATIC,117.92,STATIC,False,0.000,60.0,0.000
178.82500000000002,4290,114.28,EXTENSION,133.38,STATIC,83.39,STATIC,39.43,STATIC,98.06,STATIC,97.26,STATIC,101.78,STATIC,117.91,STATIC,False,0.000,60.0,0.000
178.86666666666667,4291,115.19,STATIC,134.08,STATIC,83.01,STATIC,35.73,STATIC,98.21,STATIC,97.50,STATIC,102.10,STATIC,116.71,STATIC,False,0.000,60.0,0.000
178.90833333333333,4292,117.08,STATIC,133.98,STATIC,82.85,STATIC,36.06,STATIC,97.83,STATIC,97.23,STATIC,102.08,STATIC,116.52,STATIC,False,0.000,60.0,0.000
178.95000000000002,4293,126.68,EXTENSION,133.47,STATIC,81.57,STATIC,37.14,STATIC,97.95,STATIC,97.33,STATIC,102.38,STATIC,117.49,STATIC,False,0.000,60.0,0.000
178.99166666666667,4294,120.54,FLEXION,133.57,STATIC,81.66,STATIC,36.75,STATIC,98.04,STATIC,97.68,STATIC,102.36,STATIC,118.05,STATIC,False,0.000,60.0,0.000
179.03333333333333,4295,123.65,STATIC,134.29,STATIC,81.31,STATIC,35.63,STATIC,98.01,STATIC,97.55,STATIC,101.87,STATIC,118.39,STATIC,False,0.000,60.0,0.000
179.07500000000002,4296,117.30,FLEXION,134.06,STATIC,80.02,STATIC,33.31,STATIC,98.08,STATIC,97.32,STATIC,100.90,STATIC,118.42,STATIC,False,0.000,60.0,0.000
179.11666666666667,4297,121.15,STATIC,133.58,STATIC,79.45,STATIC,33.17,STATIC,98.22,STATIC,97.50,STATIC,99.78,STATIC,118.16,STATIC,False,0.000,60.0,0.000
179.15833333333333,4298,120.88,STATIC,133.69,STATIC,79.36,STATIC,33.31,STATIC,98.24,STATIC,97.36,STATIC,98.98,STATIC,117.21,STATIC,False,0.000,60.0,0.000
179.20000000000002,4299,117.40,STATIC,133.79,STATIC,79.46,STATIC,32.77,STATIC,98.22,STATIC,97.17,STATIC,98.44,STATIC,115.23,STATIC,False,0.000,60.0,0.000
179.24166666666667,4300,101.68,FLEXION,134.41,STATIC,79.31,STATIC,32.89,STATIC,98.13,STATIC,96.96,STATIC,97.90,STATIC,112.90,STATIC,False,0.000,60.0,0.000
179.28333333333333,4301,86.00,FLEXION,135.30,STATIC,79.95,STATIC,32.79,STATIC,98.06,STATIC,97.20,STATIC,97.33,STATIC,110.97,STATIC,False,0.000,60.0,0.000
179.32500000000002,4302,55.70,FLEXION,136.85,STATIC,81.31,STATIC,32.14,STATIC,97.86,STATIC,97.52,STATIC,96.75,STATIC,109.80,STATIC,False,0.006,60.0,0.000
179.36666666666667,4303,46.56,FLEXION,138.01,STATIC,81.55,STATIC,30.58,STATIC,97.83,STATIC,97.57,STATIC,96.35,STATIC,108.07,STATIC,False,0.016,60.0,0.000
179.40833333333333,4304,44.58,STATIC,139.14,STATIC,81.41,STATIC,28.14,STATIC,97.77,STATIC,97.49,STATIC,96.22,STATIC,107.65,STATIC,False,0.025,60.0,0.000
179.45000000000002,4305,24.32,FLEXION,140.50,STATIC,81.32,STATIC,30.48,STATIC,97.75,STATIC,97.34,STATIC,96.29,STATIC,106.47,STATIC,False,0.015,60.0,0.000
179.49166666666667,4306,20.19,STATIC,142.14,STATIC,81.03,STATIC,31.42,STATIC,97.68,STATIC,97.13,STATIC,96.23,STATIC,104.76,STATIC,False,0.008,60.0,0.000
179.53333333333333,4307,38.50,EXTENSION,142.97,STATIC,80.79,STATIC,31.73,STATIC,97.59,STATIC,96.89,STATIC,96.12,STATIC,104.44,STATIC,False,0.008,60.0,0.000
179.57500000000002,4308,40.44,STATIC,144.16,STATIC,80.45,STATIC,32.96,STATIC,97.26,STATIC,96.48,STATIC,95.98,STATIC,103.48,STATIC,False,0.005,60.0,0.000
179.61666666666667,4309,34.62,FLEXION,145.21,STATIC,80.15,STATIC,32.91,STATIC,97.14,STATIC,96.51,STATIC,96.35,STATIC,102.93,STATIC,False,0.004,60.0,0.000
179.65833333333333,4310,35.82,STATIC,146.02,STATIC,79.96,STATIC,32.19,STATIC,97.17,STATIC,96.63,STATIC,97.08,STATIC,103.11,STATIC,False,0.007,60.0,0.000
179.70000000000002,4311,38.69,STATIC,146.33,STATIC,79.82,STATIC,30.79,STATIC,97.55,STATIC,97.05,STATIC,98.39,STATIC,104.70,STATIC,False,0.006,60.0,0.000
179.74166666666667,4312,52.71,EXTENSION,146.92,STATIC,80.72,STATIC,27.35,STATIC,97.68,STATIC,96.80,STATIC,100.02,STATIC,104.87,STATIC,False,0.013,60.0,0.000
179.78333333333333,4313,61.23,EXTENSION,147.56,STATIC,82.71,STATIC,27.64,STATIC,97.78,STATIC,97.29,STATIC,101.09,STATIC,107.20,STATIC,False,0.018,60.0,0.000
179.82500000000002,4314,65.10,STATIC,148.39,STATIC,84.74,STATIC,30.26,STATIC,97.84,STATIC,97.27,STATIC,100.37,STATIC,108.14,STATIC,False,0.019,60.0,0.000
179.86666666666667,4315,59.30,FLEXION,148.81,STATIC,85.47,STATIC,32.32,STATIC,97.65,STATIC,97.14,STATIC,100.60,STATIC,108.55,STATIC,False,0.015,60.0,0.000
179.90833333333333,4316,61.91,STATIC,148.92,STATIC,85.83,STATIC,33.74,STATIC,97.34,STATIC,97.01,STATIC,100.87,STATIC,108.57,STATIC,False,0.017,60.0,0.000
179.95000000000002,4317,56.85,FLEXION,149.53,STATIC,85.53,STATIC,39.14,EXTENSION,97.14,STATIC,96.71,STATIC,100.14,STATIC,108.12,STATIC,False,0.009,60.0,0.000
179.99166666666667,4318,44.70,FLEXION,149.58,STATIC,84.01,STATIC,43.30,STATIC,97.30,STATIC,95.97,STATIC,101.50,STATIC,107.57,STATIC,False,0.000,60.0,0.000
180.03333333333333,4319,50.67,EXTENSION,147.73,STATIC,82.31,STATIC,41.36,STATIC,97.36,STATIC,95.83,STATIC,101.37,STATIC,106.68,STATIC,False,0.000,60.0,0.000
180.07500000000002,4320,55.83,EXTENSION,148.26,STATIC,81.08,STATIC,43.78,STATIC,97.46,STATIC,95.62,STATIC,100.78,STATIC,105.02,STATIC,False,0.000,60.0,0.000
180.11666666666667,4321,62.55,EXTENSION,149.01,STATIC,79.29,STATIC,49.32,EXTENSION,97.70,STATIC,95.47,STATIC,100.63,STATIC,103.38,STATIC,False,0.000,60.0,0.000
180.15833333333333,4322,68.40,EXTENSION,150.30,STATIC,77.26,STATIC,51.97,STATIC,97.66,STATIC,95.32,STATIC,100.46,STATIC,102.58,STATIC,False,0.000,60.0,0.000
180.20000000000002,4323,73.00,STATIC,152.08,STATIC,76.57,STATIC,51.67,STATIC,97.69,STATIC,95.74,STATIC,100.74,STATIC,102.22,STATIC,False,0.000,60.0,0.000
180.24166666666667,4324,78.82,EXTENSION,152.63,STATIC,76.42,STATIC,51.43,STATIC,97.81,STATIC,95.94,STATIC,100.91,STATIC,101.76,STATIC,False,0.000,60.0,0.000
180.28333333333333,4325,81.61,STATIC,154.53,STATIC,75.10,STATIC,52.53,STATIC,97.74,STATIC,95.82,STATIC,100.58,STATIC,101.11,STATIC,False,0.000,60.0,0.000
180.32500000000002,4326,87.40,EXTENSION,156.33,STATIC,74.45,STATIC,53.71,STATIC,97.95,STATIC,96.20,STATIC,101.12,STATIC,101.36,STATIC,False,0.000,60.0,0.000
180.36666666666667,4327,92.32,STATIC,157.62,STATIC,73.89,STATIC,54.81,STATIC,97.94,STATIC,96.02,STATIC,101.37,STATIC,100.80,STATIC,False,0.000,60.0,0.000
180.40833333333333,4328,94.63,STATIC,158.02,STATIC,73.01,STATIC,54.92,STATIC,98.18,STATIC,96.01,STATIC,101.47,STATIC,100.41,STATIC,False,0.000,60.0,0.000
180.45000000000002,4329,100.03,EXTENSION,158.55,STATIC,72.62,STATIC,55.15,STATIC,98.36,STATIC,96.03,STATIC,101.65,STATIC,99.97,STATIC,False,0.000,60.0,0.000
180.49166666666667,4330,102.27,STATIC,158.57,STATIC,71.18,STATIC,55.65,STATIC,98.56,STATIC,95.92,STATIC,101.73,STATIC,99.28,STATIC,False,0.000,60.0,0.000
180.53333333333333,4331,103.89,STATIC,157.90,STATIC,69.22,STATIC,55.66,STATIC,98.76,STATIC,96.10,STATIC,102.09,STATIC,99.20,STATIC,False,0.001,60.0,0.000
180.57500000000002,4332,104.52,STATIC,157.37,STATIC,68.24,STATIC,56.06,STATIC,98.88,STATIC,96.17,STATIC,102.48,STATIC,98.82,STATIC,False,0.003,60.0,0.000
180.61666666666667,4333,104.46,STATIC,156.97,STATIC,68.81,STATIC,55.58,STATIC,98.82,STATIC,96.07,STATIC,102.68,STATIC,98.24,STATIC,False,0.001,60.0,0.000
180.65833333333333,4334,104.71,STATIC,157.76,STATIC,70.17,STATIC,56.32,STATIC,98.69,STATIC,96.37,STATIC,103.05,STATIC,98.09,STATIC,False,0.000,60.0,0.000
180.70000000000002,4335,102.69,STATIC,157.24,STATIC,70.93,STATIC,56.65,STATIC,98.67,STATIC,96.47,STATIC,103.44,STATIC,97.78,STATIC,False,0.000,60.0,0.000
180.74166666666667,4336,102.82,STATIC,157.79,STATIC,71.67,STATIC,58.28,STATIC,98.79,STATIC,96.59,STATIC,103.91,STATIC,97.72,STATIC,False,0.000,60.0,0.000
180.78333333333333,4337,103.41,STATIC,157.82,STATIC,72.24,STATIC,59.07,STATIC,98.64,STATIC,96.57,STATIC,104.36,STATIC,97.51,STATIC,False,0.000,60.0,0.000
180.82500000000002,4338,98.88,STATIC,156.98,STATIC,72.31,STATIC,60.87,STATIC,98.21,STATIC,96.27,STATIC,104.41,STATIC,96.97,STATIC,False,0.000,60.0,0.000
180.86666666666667,4339,95.39,STATIC,156.10,STATIC,73.34,STATIC,58.69,STATIC,97.80,STATIC,96.16,STATIC,104.55,STATIC,95.55,STATIC,False,0.000,60.0,0.000
180.90833333333333,4340,96.93,STATIC,154.91,STATIC,77.06,STATIC,57.35,STATIC,97.72,STATIC,96.33,STATIC,104.85,STATIC,92.90,STATIC,False,0.000,60.0,0.000
180.95000000000002,4341,93.75,STATIC,153.17,STATIC,76.59,STATIC,56.41,STATIC,97.72,STATIC,96.42,STATIC,105.33,STATIC,89.18,STATIC,False,0.000,60.0,0.000
180.99166666666667,4342,90.70,STATIC,149.31,STATIC,73.91,STATIC,55.41,STATIC,97.13,STATIC,96.10,STATIC,104.93,STATIC,86.07,STATIC,False,0.000,60.0,0.000
181.03333333333333,4343,92.69,STATIC,144.12,FLEXION,66.76,FLEXION,54.55,STATIC,97.65,STATIC,95.32,STATIC,104.42,STATIC,85.71,STATIC,False,0.167,60.0,0.000
181.07500000000002,4344,77.31,FLEXION,136.09,FLEXION,68.21,STATIC,52.68,STATIC,97.95,STATIC,96.23,STATIC,104.20,STATIC,87.82,STATIC,False,0.000,60.0,0.000
181.11666666666667,4345,74.40,STATIC,128.58,FLEXION,66.14,STATIC,54.83,STATIC,97.76,STATIC,96.13,STATIC,103.13,STATIC,89.62,STATIC,False,0.000,60.0,0.000
181.15833333333333,4346,75.84,STATIC,120.65,FLEXION,64.57,STATIC,44.40,FLEXION,97.78,STATIC,96.56,STATIC,102.84,STATIC,91.29,STATIC,False,0.167,60.0,0.000
181.20000000000002,4347,89.84,EXTENSION,113.28,FLEXION,63.97,STATIC,43.44,STATIC,97.70,STATIC,96.84,STATIC,102.71,STATIC,95.04,STATIC,False,0.000,60.0,0.000
181.24166666666667,4348,104.55,EXTENSION,107.31,FLEXION,64.55,STATIC,42.85,STATIC,97.91,STATIC,96.66,STATIC,103.06,STATIC,99.51,STATIC,False,0.000,60.0,0.000
181.28333333333333,4349,85.61,FLEXION,102.77,STATIC,54.47,FLEXION,42.01,STATIC,97.79,STATIC,96.26,STATIC,103.52,STATIC,103.54,STATIC,False,0.167,60.0,0.000
181.32500000000002,4350,88.38,STATIC,96.86,FLEXION,53.18,STATIC,46.63,STATIC,97.54,STATIC,96.17,STATIC,102.85,STATIC,106.44,STATIC,False,0.000,60.0,0.000
181.36666666666667,4351,84.90,STATIC,94.83,STATIC,50.52,STATIC,46.84,STATIC,97.51,STATIC,96.22,STATIC,102.51,STATIC,109.67,STATIC,False,0.000,60.0,0.000
181.40833333333333,4352,76.24,FLEXION,91.15,STATIC,46.91,STATIC,47.08,STATIC,97.70,STATIC,96.45,STATIC,102.46,STATIC,111.08,STATIC,False,0.000,60.0,0.000
181.45000000000002,4353,81.69,EXTENSION,88.26,STATIC,45.87,STATIC,46.62,STATIC,97.80,STATIC,96.76,STATIC,102.28,STATIC,112.64,STATIC,False,0.001,60.0,0.000
181.49166666666667,4354,73.94,FLEXION,84.66,STATIC,45.42,STATIC,45.67,STATIC,97.88,STATIC,96.82,STATIC,103.03,STATIC,115.39,STATIC,False,0.000,60.0,0.000
181.53333333333333,4355,68.05,FLEXION,82.02,STATIC,44.49,STATIC,47.92,STATIC,97.79,STATIC,96.66,STATIC,102.61,STATIC,116.98,STATIC,False,0.000,60.0,0.000
181.57500000000002,4356,64.93,STATIC,79.38,STATIC,45.56,STATIC,49.05,STATIC,97.72,STATIC,96.50,STATIC,102.07,STATIC,117.63,STATIC,False,0.000,60.0,0.000
181.61666666666667,4357,61.58,STATIC,77.02,STATIC,46.94,STATIC,48.45,STATIC,97.72,STATIC,96.63,STATIC,101.91,STATIC,118.10,STATIC,False,0.001,60.0,0.000
181.65833333333333,4358,78.31,EXTENSION,75.15,STATIC,50.40,STATIC,49.24,STATIC,97.71,STATIC,96.82,STATIC,101.76,STATIC,119.32,STATIC,False,0.002,60.0,0.000
181.70000000000002,4359,74.44,STATIC,72.18,STATIC,50.89,STATIC,46.84,STATIC,97.80,STATIC,96.90,STATIC,101.18,STATIC,119.19,STATIC,False,0.002,60.0,0.000
181.74166666666667,4360,59.09,FLEXION,70.61,STATIC,51.06,STATIC,46.75,STATIC,97.76,STATIC,96.82,STATIC,100.99,STATIC,118.92,STATIC,False,0.004,60.0,0.000
181.78333333333333,4361,61.02,STATIC,69.49,STATIC,52.96,STATIC,47.81,STATIC,97.46,STATIC,96.52,STATIC,100.46,STATIC,118.79,STATIC,False,0.006,60.0,0.000
181.82500000000002,4362,54.19,FLEXION,67.83,STATIC,55.79,STATIC,47.75,STATIC,97.47,STATIC,96.65,STATIC,100.47,STATIC,118.68,STATIC,False,0.007,60.0,0.000
181.86666666666667,4363,41.44,FLEXION,66.12,STATIC,56.93,STATIC,47.48,STATIC,97.59,STATIC,96.53,STATIC,100.77,STATIC,118.13,STATIC,False,0.009,60.0,0.000
181.90833333333333,4364,42.76,STATIC,67.22,STATIC,58.24,STATIC,47.29,STATIC,97.50,STATIC,96.60,STATIC,100.53,STATIC,118.26,STATIC,False,0.007,60.0,0.000
181.95166666666668,4365,53.97,EXTENSION,64.78,STATIC,59.57,STATIC,46.47,STATIC,97.53,STATIC,96.72,STATIC,100.34,STATIC,118.24,STATIC,False,0.013,60.0,0.000
181.99333333333334,4366,54.19,STATIC,60.82,STATIC,61.54,STATIC,45.35,STATIC,97.49,STATIC,96.69,STATIC,99.95,STATIC,117.76,STATIC,False,0.014,60.0,0.000
182.03500000000003,4367,50.22,STATIC,58.51,STATIC,63.46,STATIC,44.48,STATIC,97.25,STATIC,96.08,STATIC,99.62,STATIC,115.48,STATIC,False,0.013,60.0,0.000
182.07666666666668,4368,65.51,EXTENSION,63.66,EXTENSION,65.04,STATIC,45.79,STATIC,97.19,STATIC,96.17,STATIC,99.33,STATIC,116.43,STATIC,False,0.017,60.0,0.000
182.11833333333334,4369,61.35,STATIC,62.90,STATIC,65.66,STATIC,45.78,STATIC,97.15,STATIC,96.30,STATIC,99.09,STATIC,117.05,STATIC,False,0.016,60.0,0.000
182.16000000000003,4370,64.29,STATIC,57.42,FLEXION,65.10,STATIC,42.63,STATIC,97.12,STATIC,96.40,STATIC,98.60,STATIC,116.49,STATIC,False,0.024,60.0,0.000
182.20166666666668,4371,63.74,STATIC,53.14,STATIC,64.58,STATIC,40.69,STATIC,97.15,STATIC,96.52,STATIC,98.18,STATIC,116.26,STATIC,False,0.026,60.0,0.000
182.24333333333334,4372,60.65,STATIC,52.84,STATIC,65.34,STATIC,40.82,STATIC,97.12,STATIC,96.58,STATIC,97.86,STATIC,116.51,STATIC,False,0.027,60.0,0.000
182.28500000000003,4373,60.11,STATIC,55.28,STATIC,66.46,STATIC,42.71,STATIC,97.11,STATIC,96.61,STATIC,97.63,STATIC,116.90,STATIC,False,0.026,60.0,0.000
182.32666666666668,4374,57.82,STATIC,53.68,STATIC,67.16,STATIC,42.36,STATIC,97.08,STATIC,96.47,STATIC,97.53,STATIC,117.39,STATIC,False,0.025,60.0,0.000
182.36833333333334,4375,55.62,STATIC,53.61,STATIC,68.34,STATIC,42.89,STATIC,97.02,STATIC,96.44,STATIC,97.36,STATIC,117.95,STATIC,False,0.025,60.0,0.000
182.41000000000003,4376,55.86,STATIC,55.44,STATIC,69.15,STATIC,44.81,STATIC,96.90,STATIC,96.23,STATIC,97.00,STATIC,117.64,STATIC,False,0.024,60.0,0.000
182.45166666666668,4377,57.15,STATIC,58.80,STATIC,69.90,STATIC,47.48,STATIC,96.81,STATIC,96.21,STATIC,96.57,STATIC,117.45,STATIC,False,0.025,60.0,0.000
182.49333333333334,4378,58.10,STATIC,59.18,STATIC,70.42,STATIC,48.04,STATIC,96.75,STATIC,96.19,STATIC,96.20,STATIC,117.04,STATIC,False,0.024,60.0,0.000
182.53500000000003,4379,56.62,STATIC,56.77,STATIC,70.16,STATIC,46.68,STATIC,96.71,STATIC,96.22,STATIC,95.89,STATIC,116.78,STATIC,False,0.026,60.0,0.000
182.57666666666668,4380,55.87,STATIC,54.87,STATIC,70.39,STATIC,46.04,STATIC,96.69,STATIC,96.22,STATIC,95.88,STATIC,116.83,STATIC,False,0.026,60.0,0.000
182.61833333333334,4381,54.62,STATIC,50.94,STATIC,70.37,STATIC,43.51,STATIC,96.69,STATIC,96.34,STATIC,95.92,STATIC,117.23,STATIC,False,0.026,60.0,0.000
182.66000000000003,4382,54.93,STATIC,50.81,STATIC,70.25,STATIC,43.66,STATIC,96.67,STATIC,96.56,STATIC,95.76,STATIC,117.46,STATIC,False,0.027,60.0,0.000
182.70166666666668,4383,56.18,STATIC,59.12,EXTENSION,70.12,STATIC,46.90,STATIC,96.61,STATIC,96.60,STATIC,95.52,STATIC,117.36,STATIC,False,0.032,60.0,0.000
182.74333333333334,4384,56.67,STATIC,58.83,STATIC,70.05,STATIC,47.49,STATIC,96.59,STATIC,96.57,STATIC,95.52,STATIC,117.18,STATIC,False,0.033,60.0,0.000
182.78500000000003,4385,56.04,STATIC,54.00,STATIC,70.04,STATIC,46.18,STATIC,96.59,STATIC,96.46,STATIC,95.53,STATIC,116.85,STATIC,False,0.032,60.0,0.000
182.82666666666668,4386,56.26,STATIC,54.13,STATIC,69.95,STATIC,45.53,STATIC,96.60,STATIC,96.35,STATIC,95.50,STATIC,116.43,STATIC,False,0.035,60.0,0.000
182.86833333333334,4387,57.10,STATIC,55.43,STATIC,69.65,STATIC,45.43,STATIC,96.61,STATIC,96.26,STATIC,95.27,STATIC,115.95,STATIC,False,0.035,60.0,0.000
182.91000000000003,4388,57.81,STATIC,56.02,STATIC,69.34,STATIC,45.62,STATIC,96.61,STATIC,96.19,STATIC,95.23,STATIC,115.57,STATIC,False,0.033,60.0,0.000
182.95166666666668,4389,58.69,STATIC,57.84,STATIC,69.04,STATIC,46.31,STATIC,96.66,STATIC,96.11,STATIC,95.29,STATIC,115.45,STATIC,False,0.033,60.0,0.000
182.99333333333334,4390,59.91,STATIC,57.17,STATIC,68.53,STATIC,46.32,STATIC,96.72,STATIC,96.03,STATIC,95.37,STATIC,115.10,STATIC,False,0.033,60.0,0.000
183.03500000000003,4391,60.62,STATIC,55.31,STATIC,68.46,STATIC,45.84,STATIC,96.72,STATIC,95.86,STATIC,95.38,STATIC,114.54,STATIC,False,0.033,60.0,0.000
183.07666666666668,4392,60.59,STATIC,44.08,FLEXION,68.55,STATIC,42.55,STATIC,96.70,STATIC,95.65,STATIC,95.35,STATIC,113.94,STATIC,False,0.030,60.0,0.000
183.11833333333334,4393,62.76,STATIC,45.82,STATIC,68.40,STATIC,42.39,STATIC,96.71,STATIC,95.62,STATIC,95.33,STATIC,113.34,STATIC,False,0.028,60.0,0.000
183.16000000000003,4394,64.52,STATIC,50.44,STATIC,67.83,STATIC,44.24,STATIC,96.63,STATIC,95.54,STATIC,94.75,STATIC,112.47,STATIC,False,0.029,60.0,0.000
183.20166666666668,4395,65.72,STATIC,49.86,STATIC,67.50,STATIC,43.98,STATIC,96.58,STATIC,95.38,STATIC,94.67,STATIC,111.94,STATIC,False,0.025,60.0,0.000
183.24333333333334,4396,66.62,STATIC,47.22,STATIC,66.63,STATIC,42.66,STATIC,96.62,STATIC,95.47,STATIC,94.84,STATIC,111.76,STATIC,False,0.024,60.0,0.000
183.28500000000003,4397,69.75,STATIC,48.48,STATIC,66.57,STATIC,43.40,STATIC,96.43,STATIC,95.43,STATIC,94.46,STATIC,111.03,STATIC,False,0.023,60.0,0.000
183.32666666666668,4398,70.88,STATIC,48.86,STATIC,66.14,STATIC,43.01,STATIC,96.35,STATIC,95.52,STATIC,94.53,STATIC,110.70,STATIC,False,0.024,60.0,0.000
183.36833333333334,4399,71.48,STATIC,46.94,STATIC,65.74,STATIC,38.76,STATIC,96.30,STATIC,95.57,STATIC,94.53,STATIC,110.28,STATIC,False,0.025,60.0,0.000
183.41000000000003,4400,71.89,STATIC,47.10,STATIC,65.06,STATIC,34.98,STATIC,96.37,STATIC,95.65,STATIC,94.78,STATIC,109.91,STATIC,False,0.023,60.0,0.000
183.45166666666668,4401,72.36,STATIC,48.76,STATIC,64.38,STATIC,32.17,STATIC,96.43,STATIC,95.73,STATIC,95.00,STATIC,109.81,STATIC,False,0.024,60.0,0.000
183.49333333333334,4402,73.27,STATIC,50.36,STATIC,63.76,STATIC,33.98,STATIC,96.38,STATIC,95.71,STATIC,94.87,STATIC,109.43,STATIC,False,0.027,60.0,0.000
183.53500000000003,4403,74.34,STATIC,52.98,STATIC,63.46,STATIC,34.47,STATIC,96.24,STATIC,95.60,STATIC,94.58,STATIC,109.08,STATIC,False,0.030,60.0,0.000
183.57666666666668,4404,75.21,STATIC,56.92,STATIC,63.56,STATIC,37.11,STATIC,96.09,STATIC,95.63,STATIC,94.50,STATIC,109.38,STATIC,False,0.030,60.0,0.000
183.61833333333334,4405,75.95,STATIC,60.35,STATIC,62.96,STATIC,38.22,STATIC,96.12,STATIC,95.72,STATIC,94.62,STATIC,109.84,STATIC,False,0.030,60.0,0.000
183.66000000000003,4406,77.18,STATIC,60.45,STATIC,62.66,STATIC,38.93,STATIC,96.09,STATIC,95.85,STATIC,94.56,STATIC,110.81,STATIC,False,0.031,60.0,0.000
183.70166666666668,4407,77.78,STATIC,63.13,STATIC,62.21,STATIC,39.87,STATIC,96.15,STATIC,96.02,STATIC,94.77,STATIC,112.08,STATIC,False,0.033,60.0,0.000
183.74333333333334,4408,79.13,STATIC,69.63,EXTENSION,61.96,STATIC,41.80,STATIC,95.97,STATIC,96.03,STATIC,94.46,STATIC,111.95,STATIC,False,0.036,60.0,0.000
183.78500000000003,4409,80.46,STATIC,72.16,STATIC,62.06,STATIC,44.13,STATIC,95.89,STATIC,96.00,STATIC,94.64,STATIC,111.75,STATIC,False,0.036,60.0,0.000
183.82666666666668,4410,81.97,STATIC,77.35,EXTENSION,61.77,STATIC,45.43,STATIC,95.83,STATIC,95.95,STATIC,94.72,STATIC,111.74,STATIC,False,0.037,60.0,0.000
183.86833333333334,4411,83.16,STATIC,76.94,STATIC,60.77,STATIC,45.63,STATIC,95.94,STATIC,96.05,STATIC,95.05,STATIC,112.07,STATIC,False,0.039,60.0,0.000
183.91000000000003,4412,83.99,STATIC,76.88,STATIC,59.90,STATIC,45.09,STATIC,96.04,STATIC,96.19,STATIC,95.46,STATIC,112.66,STATIC,False,0.041,60.0,0.000
183.95166666666668,4413,84.76,STATIC,77.85,STATIC,59.93,STATIC,44.77,STATIC,95.92,STATIC,96.09,STATIC,95.28,STATIC,112.86,STATIC,False,0.041,60.0,0.000
183.99333333333334,4414,87.50,STATIC,83.92,EXTENSION,60.87,STATIC,46.54,STATIC,95.81,STATIC,96.03,STATIC,95.43,STATIC,113.65,STATIC,False,0.039,60.0,0.000
184.03500000000003,4415,88.84,STATIC,83.85,STATIC,60.70,STATIC,46.11,STATIC,95.80,STATIC,96.17,STATIC,95.67,STATIC,114.98,STATIC,False,0.037,60.0,0.000
184.07666666666668,4416,90.06,STATIC,83.44,STATIC,60.93,STATIC,41.96,STATIC,95.80,STATIC,96.35,STATIC,95.94,STATIC,116.08,STATIC,False,0.036,60.0,0.000
184.11833333333334,4417,91.16,STATIC,84.97,STATIC,59.96,STATIC,41.06,STATIC,96.05,STATIC,96.51,STATIC,96.16,STATIC,116.99,STATIC,False,0.036,60.0,0.000
184.16000000000003,4418,90.54,STATIC,86.15,STATIC,60.69,STATIC,41.69,STATIC,96.19,STATIC,96.56,STATIC,96.49,STATIC,117.10,STATIC,False,0.027,60.0,0.000
184.20166666666668,4419,90.22,STATIC,90.04,STATIC,61.50,STATIC,43.56,STATIC,96.57,STATIC,96.67,STATIC,97.33,STATIC,119.45,STATIC,False,0.020,60.0,0.000
184.24333333333334,4420,91.99,STATIC,97.43,EXTENSION,63.96,STATIC,47.45,STATIC,96.62,STATIC,96.56,STATIC,97.26,STATIC,119.44,STATIC,False,0.016,60.0,0.000
184.28500000000003,4421,93.36,STATIC,98.93,STATIC,63.97,STATIC,47.82,STATIC,96.67,STATIC,96.49,STATIC,96.83,STATIC,117.53,STATIC,False,0.013,60.0,0.000
184.32666666666668,4422,94.42,STATIC,100.26,STATIC,62.84,STATIC,48.21,STATIC,96.95,STATIC,96.69,STATIC,97.08,STATIC,118.37,STATIC,False,0.012,60.0,0.000
184.36833333333334,4423,94.65,STATIC,100.30,STATIC,61.04,STATIC,43.41,STATIC,97.74,STATIC,97.22,STATIC,97.74,STATIC,118.06,STATIC,False,0.018,60.0,0.000
184.41000000000003,4424,96.10,STATIC,101.89,STATIC,62.88,STATIC,44.14,STATIC,97.29,STATIC,97.16,STATIC,97.42,STATIC,118.71,STATIC,False,0.015,60.0,0.000
184.45166666666668,4425,98.05,STATIC,106.12,STATIC,64.91,STATIC,51.33,EXTENSION,97.36,STATIC,96.59,STATIC,97.26,STATIC,119.17,STATIC,False,0.009,60.0,0.000
184.49333333333334,4426,101.93,STATIC,106.01,STATIC,66.26,STATIC,52.40,STATIC,97.40,STATIC,96.46,STATIC,97.24,STATIC,121.40,STATIC,False,0.008,60.0,0.000
184.53500000000003,4427,102.74,STATIC,106.96,STATIC,65.99,STATIC,53.97,STATIC,97.26,STATIC,96.19,STATIC,96.93,STATIC,122.04,STATIC,False,0.007,60.0,0.000
184.57666666666668,4428,103.50,STATIC,107.78,STATIC,65.84,STATIC,54.08,STATIC,97.24,STATIC,96.23,STATIC,96.59,STATIC,122.31,STATIC,False,0.005,60.0,0.000
184.61833333333334,4429,107.04,STATIC,108.89,STATIC,66.94,STATIC,54.07,STATIC,97.00,STATIC,96.22,STATIC,95.98,STATIC,122.02,STATIC,False,0.007,60.0,0.000
184.66000000000003,4430,108.17,STATIC,108.00,STATIC,67.12,STATIC,53.27,STATIC,96.59,STATIC,96.16,STATIC,95.27,STATIC,122.04,STATIC,False,0.008,60.0,0.000
184.70166666666668,4431,111.11,STATIC,105.80,STATIC,67.64,STATIC,47.48,FLEXION,96.55,STATIC,96.57,STATIC,95.37,STATIC,122.92,STATIC,False,0.177,60.0,0.000
184.74333333333334,4432,109.77,STATIC,104.92,STATIC,65.32,STATIC,44.60,STATIC,96.71,STATIC,96.87,STATIC,95.57,STATIC,124.27,STATIC,False,0.012,60.0,0.000
184.78500000000003,4433,109.01,STATIC,104.22,STATIC,63.76,STATIC,42.55,STATIC,96.96,STATIC,97.18,STATIC,96.19,STATIC,126.07,STATIC,False,0.012,60.0,0.000
184.82666666666668,4434,109.78,STATIC,104.83,STATIC,63.42,STATIC,43.12,STATIC,97.04,STATIC,97.07,STATIC,96.43,STATIC,125.96,STATIC,False,0.012,60.0,0.000
184.86833333333334,4435,109.98,STATIC,105.98,STATIC,62.92,STATIC,44.69,STATIC,96.37,STATIC,96.80,STATIC,95.89,STATIC,124.97,STATIC,False,0.011,60.0,0.000
184.91000000000003,4436,109.84,STATIC,105.48,STATIC,62.45,STATIC,44.64,STATIC,96.19,STATIC,96.00,STATIC,95.75,STATIC,124.04,STATIC,False,0.010,60.0,0.000
184.95166666666668,4437,110.48,STATIC,106.02,STATIC,63.64,STATIC,46.32,STATIC,96.33,STATIC,95.63,STATIC,95.92,STATIC,123.16,STATIC,False,0.008,60.0,0.000
184.99333333333334,4438,108.31,STATIC,105.10,STATIC,61.18,STATIC,44.67,STATIC,96.67,STATIC,96.39,STATIC,96.52,STATIC,124.51,STATIC,False,0.007,60.0,0.000
185.03500000000003,4439,108.70,STATIC,105.59,STATIC,60.90,STATIC,44.98,STATIC,96.82,STATIC,96.83,STATIC,96.89,STATIC,125.67,STATIC,False,0.007,60.0,0.000
185.07666666666668,4440,109.54,STATIC,105.30,STATIC,60.99,STATIC,44.80,STATIC,96.92,STATIC,96.93,STATIC,97.14,STATIC,126.24,STATIC,False,0.007,60.0,0.000
185.11833333333334,4441,109.78,STATIC,105.44,STATIC,60.82,STATIC,44.85,STATIC,96.84,STATIC,96.95,STATIC,97.10,STATIC,126.62,STATIC,False,0.007,60.0,0.000
185.16000000000003,4442,110.45,STATIC,106.28,STATIC,61.08,STATIC,46.04,STATIC,96.81,STATIC,96.93,STATIC,97.22,STATIC,126.93,STATIC,False,0.007,60.0,0.000
185.20166666666668,4443,110.40,STATIC,105.19,STATIC,61.90,STATIC,45.37,STATIC,96.87,STATIC,96.96,STATIC,97.42,STATIC,127.52,STATIC,False,0.005,60.0,0.000
185.24333333333334,4444,109.43,STATIC,102.46,STATIC,61.15,STATIC,42.91,STATIC,96.81,STATIC,96.93,STATIC,97.23,STATIC,127.38,STATIC,False,0.004,60.0,0.000
185.28500000000003,4445,108.26,STATIC,101.77,STATIC,58.13,STATIC,42.23,STATIC,96.77,STATIC,96.90,STATIC,97.31,STATIC,127.45,STATIC,False,0.008,60.0,0.000
185.32666666666668,4446,106.64,STATIC,98.32,STATIC,50.29,FLEXION,34.43,FLEXION,96.78,STATIC,96.87,STATIC,97.29,STATIC,126.73,STATIC,False,0.353,60.0,0.000
185.36833333333334,4447,107.97,STATIC,95.91,STATIC,44.96,FLEXION,27.90,FLEXION,96.62,STATIC,97.24,STATIC,97.19,STATIC,127.63,STATIC,False,0.366,60.0,0.000
185.41000000000003,4448,105.92,STATIC,94.26,STATIC,49.47,STATIC,31.59,STATIC,96.77,STATIC,97.14,STATIC,97.54,STATIC,126.53,STATIC,False,0.024,60.0,0.000
185.45166666666668,4449,95.65,FLEXION,90.24,STATIC,53.23,STATIC,31.03,STATIC,96.96,STATIC,96.94,STATIC,98.24,STATIC,126.77,STATIC,False,0.002,60.0,0.000
185.49333333333334,4450,69.19,FLEXION,85.70,STATIC,59.32,EXTENSION,37.98,EXTENSION,96.98,STATIC,96.70,STATIC,98.14,STATIC,126.78,STATIC,False,0.000,60.0,0.000
185.53500000000003,4451,53.42,FLEXION,82.95,STATIC,65.24,EXTENSION,39.45,STATIC,97.13,STATIC,96.87,STATIC,98.21,STATIC,126.11,STATIC,False,0.000,60.0,0.000
185.57666666666668,4452,54.13,STATIC,82.73,STATIC,69.82,STATIC,40.20,STATIC,97.08,STATIC,96.78,STATIC,97.61,STATIC,125.86,STATIC,False,0.000,60.0,0.000
185.61833333333334,4453,44.68,FLEXION,81.49,STATIC,72.38,STATIC,40.94,STATIC,97.20,STATIC,96.80,STATIC,98.06,STATIC,126.43,STATIC,False,0.000,60.0,0.000
185.66000000000003,4454,33.10,FLEXION,82.02,STATIC,74.79,STATIC,46.78,EXTENSION,97.33,STATIC,97.10,STATIC,99.04,STATIC,128.14,STATIC,False,0.000,60.0,0.000
185.70166666666668,4455,29.81,STATIC,81.27,STATIC,76.21,STATIC,48.85,STATIC,97.52,STATIC,97.37,STATIC,100.07,STATIC,129.45,STATIC,False,0.000,60.0,0.000
185.74333333333334,4456,24.23,FLEXION,80.06,STATIC,77.41,STATIC,45.31,STATIC,97.70,STATIC,97.55,STATIC,101.00,STATIC,131.49,STATIC,False,0.000,60.0,0.000
185.78500000000003,4457,33.16,EXTENSION,77.96,STATIC,78.96,STATIC,40.67,STATIC,97.37,STATIC,97.74,STATIC,100.95,STATIC,132.89,STATIC,False,0.000,60.0,0.000
185.82666666666668,4458,25.15,FLEXION,78.49,STATIC,79.84,STATIC,38.10,STATIC,97.36,STATIC,97.91,STATIC,101.00,STATIC,134.27,STATIC,False,0.000,60.0,0.000
185.86833333333334,4459,28.50,STATIC,81.08,STATIC,79.62,STATIC,37.12,STATIC,97.53,STATIC,98.16,STATIC,101.50,STATIC,135.46,STATIC,False,0.000,60.0,0.000
185.9116666666667,4460,21.06,FLEXION,83.70,STATIC,80.61,STATIC,34.96,STATIC,97.36,STATIC,98.21,STATIC,101.17,STATIC,136.15,STATIC,False,0.000,60.0,0.000
185.95333333333335,4461,29.36,EXTENSION,84.76,STATIC,80.98,STATIC,36.00,STATIC,97.27,STATIC,98.73,STATIC,101.01,STATIC,138.24,STATIC,False,0.000,60.0,0.000
185.995,4462,25.54,STATIC,85.28,STATIC,81.53,STATIC,40.60,STATIC,97.23,STATIC,98.80,STATIC,100.94,STATIC,138.77,STATIC,False,0.000,60.0,0.000
186.0366666666667,4463,39.80,EXTENSION,88.64,STATIC,81.75,STATIC,43.16,STATIC,97.21,STATIC,99.15,STATIC,101.17,STATIC,139.92,STATIC,False,0.000,60.0,0.000
186.07833333333335,4464,44.36,STATIC,92.23,STATIC,81.92,STATIC,43.91,STATIC,97.20,STATIC,99.16,STATIC,101.29,STATIC,140.21,STATIC,False,0.000,60.0,0.000
186.12,4465,44.62,STATIC,94.71,STATIC,82.18,STATIC,44.01,STATIC,97.22,STATIC,99.03,STATIC,101.43,STATIC,140.35,STATIC,False,0.000,60.0,0.000
186.1616666666667,4466,37.62,FLEXION,96.39,STATIC,82.63,STATIC,49.88,EXTENSION,97.21,STATIC,98.68,STATIC,101.21,STATIC,141.09,STATIC,False,0.000,60.0,0.000
186.20333333333335,4467,31.94,FLEXION,97.15,STATIC,82.78,STATIC,49.98,STATIC,97.19,STATIC,98.66,STATIC,101.05,STATIC,141.31,STATIC,False,0.000,60.0,0.000
186.245,4468,34.27,STATIC,99.14,STATIC,82.77,STATIC,50.34,STATIC,97.30,STATIC,98.96,STATIC,101.09,STATIC,141.96,STATIC,False,0.000,60.0,0.000
186.2866666666667,4469,37.19,STATIC,102.28,STATIC,82.87,STATIC,50.42,STATIC,97.30,STATIC,99.07,STATIC,101.35,STATIC,142.73,STATIC,False,0.000,60.0,0.000
186.32833333333335,4470,47.32,EXTENSION,105.73,STATIC,82.88,STATIC,48.97,STATIC,97.31,STATIC,99.21,STATIC,101.74,STATIC,142.60,STATIC,False,0.001,60.0,0.000
186.37,4471,55.13,EXTENSION,109.00,STATIC,82.94,STATIC,48.53,STATIC,97.30,STATIC,99.30,STATIC,101.89,STATIC,143.85,STATIC,False,0.002,60.0,0.000
186.4116666666667,4472,57.24,STATIC,111.18,STATIC,82.99,STATIC,48.70,STATIC,97.31,STATIC,99.20,STATIC,101.91,STATIC,144.49,STATIC,False,0.003,60.0,0.000
186.45333333333335,4473,63.71,EXTENSION,112.06,STATIC,83.05,STATIC,49.80,STATIC,97.34,STATIC,99.12,STATIC,101.93,STATIC,145.55,STATIC,False,0.009,60.0,0.000
186.495,4474,64.59,STATIC,111.83,STATIC,83.16,STATIC,51.86,STATIC,97.35,STATIC,99.25,STATIC,102.21,STATIC,148.68,STATIC,False,0.005,60.0,0.000
186.5366666666667,4475,62.94,STATIC,110.31,STATIC,83.44,STATIC,53.07,STATIC,97.36,STATIC,99.19,STATIC,102.61,STATIC,149.19,STATIC,False,0.000,60.0,0.000
186.57833333333335,4476,60.03,STATIC,108.56,STATIC,83.60,STATIC,53.19,STATIC,97.44,STATIC,99.25,STATIC,102.97,STATIC,150.37,STATIC,False,0.000,60.0,0.000
186.62,4477,57.49,STATIC,106.99,STATIC,83.59,STATIC,52.35,STATIC,97.42,STATIC,99.32,STATIC,102.97,STATIC,151.21,STATIC,False,0.000,60.0,0.000
186.6616666666667,4478,52.48,FLEXION,106.12,STATIC,83.62,STATIC,52.67,STATIC,97.35,STATIC,99.35,STATIC,103.02,STATIC,151.48,STATIC,False,0.000,60.0,0.000
186.70333333333335,4479,47.87,STATIC,104.89,STATIC,83.73,STATIC,53.37,STATIC,97.33,STATIC,98.80,STATIC,102.61,STATIC,151.23,STATIC,False,0.000,60.0,0.000
186.745,4480,48.89,STATIC,103.29,STATIC,83.78,STATIC,53.20,STATIC,97.50,STATIC,98.88,STATIC,102.58,STATIC,152.29,STATIC,False,0.000,60.0,0.000
186.7866666666667,4481,54.92,EXTENSION,100.80,STATIC,83.83,STATIC,52.27,STATIC,97.61,STATIC,99.00,STATIC,102.21,STATIC,152.64,STATIC,False,0.000,60.0,0.000
186.82833333333335,4482,56.85,STATIC,99.64,STATIC,83.89,STATIC,51.11,STATIC,97.63,STATIC,99.08,STATIC,101.70,STATIC,152.97,STATIC,False,0.000,60.0,0.000
186.87,4483,61.24,STATIC,95.72,STATIC,83.97,STATIC,47.20,STATIC,97.71,STATIC,98.97,STATIC,101.10,STATIC,152.42,STATIC,False,0.000,60.0,0.000
186.9116666666667,4484,72.52,EXTENSION,95.61,STATIC,83.64,STATIC,41.63,FLEXION,97.76,STATIC,99.01,STATIC,100.23,STATIC,151.43,STATIC,False,0.167,60.0,0.000
186.95333333333335,4485,73.40,STATIC,95.64,STATIC,83.62,STATIC,38.92,STATIC,97.66,STATIC,98.84,STATIC,99.47,STATIC,150.93,STATIC,False,0.000,60.0,0.000
186.995,4486,73.95,STATIC,93.43,STATIC,83.58,STATIC,39.56,STATIC,97.78,STATIC,98.70,STATIC,97.81,STATIC,148.22,STATIC,False,0.000,60.0,0.000
187.0366666666667,4487,66.20,FLEXION,95.79,STATIC,85.31,STATIC,41.71,STATIC,97.74,STATIC,98.67,STATIC,97.39,STATIC,146.52,STATIC,False,0.000,60.0,0.000
187.07833333333335,4488,62.40,STATIC,98.06,STATIC,84.98,STATIC,49.74,EXTENSION,97.80,STATIC,98.66,STATIC,97.19,STATIC,144.92,STATIC,False,0.000,60.0,0.000
187.12,4489,64.09,STATIC,90.68,FLEXION,84.65,STATIC,49.76,STATIC,97.71,STATIC,98.16,STATIC,96.47,STATIC,144.38,STATIC,False,0.000,60.0,0.000
187.1616666666667,4490,61.00,STATIC,94.00,STATIC,84.33,STATIC,49.23,STATIC,97.60,STATIC,98.04,STATIC,96.77,STATIC,143.03,STATIC,False,0.000,60.0,0.000
187.20333333333335,4491,63.01,STATIC,91.43,STATIC,84.19,STATIC,48.84,STATIC,97.63,STATIC,98.43,STATIC,97.54,STATIC,143.33,STATIC,False,0.000,60.0,0.000
187.245,4492,61.57,STATIC,94.19,STATIC,84.06,STATIC,48.68,STATIC,97.61,STATIC,98.49,STATIC,97.65,STATIC,141.13,STATIC,False,0.000,60.0,0.000
187.2866666666667,4493,55.53,FLEXION,92.94,STATIC,83.94,STATIC,43.00,FLEXION,97.70,STATIC,98.69,STATIC,97.66,STATIC,138.75,STATIC,False,0.167,60.0,0.000
187.32833333333335,4494,49.33,FLEXION,91.62,STATIC,84.07,STATIC,38.78,STATIC,97.63,STATIC,98.45,STATIC,97.29,STATIC,138.66,STATIC,False,0.000,60.0,0.000
187.37,4495,55.54,EXTENSION,94.23,STATIC,84.01,STATIC,40.65,STATIC,97.53,STATIC,98.15,STATIC,96.57,STATIC,135.52,STATIC,False,0.009,60.0,0.000
187.4116666666667,4496,66.75,EXTENSION,101.19,EXTENSION,84.26,STATIC,43.91,STATIC,97.52,STATIC,98.05,STATIC,96.28,STATIC,132.37,STATIC,False,0.020,60.0,0.000
187.45333333333335,4497,70.63,STATIC,104.07,STATIC,83.04,STATIC,45.27,STATIC,97.17,STATIC,97.72,STATIC,94.95,STATIC,129.60,STATIC,False,0.027,60.0,0.000
187.495,4498,71.92,STATIC,102.19,STATIC,82.68,STATIC,42.79,STATIC,97.19,STATIC,97.89,STATIC,95.12,STATIC,127.22,STATIC,False,0.025,60.0,0.000
187.5366666666667,4499,74.35,STATIC,103.04,STATIC,82.30,STATIC,40.79,STATIC,97.55,STATIC,98.39,STATIC,95.27,STATIC,127.65,STATIC,False,0.028,60.0,0.000
187.57833333333335,4500,76.61,STATIC,101.53,STATIC,82.39,STATIC,40.60,STATIC,97.44,STATIC,98.26,STATIC,95.33,STATIC,131.20,STATIC,False,0.020,60.0,0.000
187.62,4501,78.75,STATIC,106.98,EXTENSION,82.88,STATIC,50.66,EXTENSION,97.43,STATIC,97.56,STATIC,96.90,STATIC,131.67,STATIC,False,0.007,60.0,0.000
187.6616666666667,4502,82.23,STATIC,112.22,EXTENSION,83.53,STATIC,59.06,EXTENSION,97.60,STATIC,97.09,STATIC,98.90,STATIC,133.83,STATIC,False,0.007,60.0,0.000
187.70333333333335,4503,83.72,STATIC,110.38,STATIC,82.89,STATIC,56.88,STATIC,97.37,STATIC,96.93,STATIC,100.18,STATIC,135.91,STATIC,False,0.005,60.0,0.000
187.745,4504,84.07,STATIC,109.38,STATIC,81.67,STATIC,53.56,STATIC,97.78,STATIC,97.58,STATIC,102.27,STATIC,138.94,STATIC,False,0.001,60.0,0.000
187.7866666666667,4505,86.10,STATIC,110.12,STATIC,81.82,STATIC,53.95,STATIC,97.26,STATIC,97.44,STATIC,103.99,STATIC,141.93,STATIC,False,0.006,60.0,0.000
187.82833333333335,4506,88.71,STATIC,110.90,STATIC,81.30,STATIC,55.07,STATIC,96.91,STATIC,97.58,STATIC,104.93,STATIC,142.12,STATIC,False,0.006,60.0,0.000
187.87,4507,89.77,STATIC,110.88,STATIC,80.17,STATIC,52.44,STATIC,97.24,STATIC,98.09,STATIC,106.49,STATIC,142.35,STATIC,False,0.004,60.0,0.000
187.9116666666667,4508,90.17,STATIC,108.98,STATIC,77.64,STATIC,47.52,STATIC,97.61,STATIC,98.37,STATIC,108.64,STATIC,142.69,STATIC,False,0.008,60.0,0.000
187.95333333333335,4509,91.08,STATIC,110.33,STATIC,76.98,STATIC,49.66,STATIC,97.89,STATIC,98.37,STATIC,109.95,STATIC,143.48,STATIC,False,0.004,60.0,0.000
187.995,4510,91.68,STATIC,103.88,FLEXION,75.49,STATIC,41.08,FLEXION,97.69,STATIC,98.96,STATIC,113.59,STATIC,145.68,STATIC,False,0.173,60.0,0.000
188.0366666666667,4511,92.30,STATIC,104.61,STATIC,73.20,STATIC,39.19,STATIC,97.69,STATIC,98.91,STATIC,114.30,STATIC,145.54,STATIC,False,0.006,60.0,0.000
188.07833333333335,4512,94.99,STATIC,107.67,STATIC,73.40,STATIC,44.93,EXTENSION,97.76,STATIC,98.72,STATIC,114.59,STATIC,143.76,STATIC,False,0.002,60.0,0.000
188.12,4513,96.91,STATIC,111.39,STATIC,71.64,STATIC,45.90,STATIC,97.68,STATIC,98.79,STATIC,115.28,STATIC,144.07,STATIC,False,0.008,60.0,0.000
188.1616666666667,4514,98.32,STATIC,112.28,STATIC,69.70,STATIC,47.39,STATIC,97.12,STATIC,98.41,STATIC,114.45,STATIC,141.73,STATIC,False,0.010,60.0,0.000
188.20333333333335,4515,100.13,STATIC,112.38,STATIC,68.81,STATIC,48.17,STATIC,97.60,STATIC,98.22,STATIC,114.72,STATIC,141.51,STATIC,False,0.009,60.0,0.000
188.245,4516,101.68,STATIC,112.78,STATIC,68.08,STATIC,49.18,STATIC,97.78,STATIC,98.18,STATIC,115.28,STATIC,141.04,STATIC,False,0.007,60.0,0.000
188.2866666666667,4517,103.53,STATIC,112.15,STATIC,67.75,STATIC,49.70,STATIC,98.41,STATIC,98.48,STATIC,115.41,STATIC,141.41,STATIC,False,0.005,60.0,0.000
188.32833333333335,4518,108.24,STATIC,114.35,STATIC,71.01,STATIC,56.78,EXTENSION,98.69,STATIC,98.12,STATIC,115.48,STATIC,139.85,STATIC,False,0.005,60.0,0.000
188.37,4519,109.13,STATIC,111.63,STATIC,69.98,STATIC,56.56,STATIC,98.48,STATIC,98.00,STATIC,116.41,STATIC,140.78,STATIC,False,0.006,60.0,0.000
188.4116666666667,4520,112.03,STATIC,111.41,STATIC,71.18,STATIC,59.84,STATIC,97.77,STATIC,97.60,STATIC,115.44,STATIC,140.21,STATIC,False,0.009,60.0,0.000
188.45333333333335,4521,112.57,STATIC,110.54,STATIC,70.44,STATIC,59.53,STATIC,97.50,STATIC,97.43,STATIC,115.86,STATIC,139.56,STATIC,False,0.009,60.0,0.000
188.495,4522,112.80,STATIC,108.38,STATIC,68.68,STATIC,57.50,STATIC,97.60,STATIC,97.58,STATIC,117.45,STATIC,140.71,STATIC,False,0.008,60.0,0.000
188.5366666666667,4523,113.46,STATIC,108.03,STATIC,68.07,STATIC,56.83,STATIC,98.28,STATIC,97.71,STATIC,118.34,STATIC,141.66,STATIC,False,0.008,60.0,0.000
188.57833333333335,4524,114.67,STATIC,106.12,STATIC,67.55,STATIC,53.69,STATIC,98.75,STATIC,98.16,STATIC,119.10,STATIC,144.51,STATIC,False,0.007,60.0,0.000
188.62,4525,115.22,STATIC,104.85,STATIC,66.57,STATIC,51.72,STATIC,98.80,STATIC,98.42,STATIC,119.85,STATIC,144.92,STATIC,False,0.007,60.0,0.000
188.6616666666667,4526,116.45,STATIC,105.55,STATIC,65.84,STATIC,51.94,STATIC,98.78,STATIC,98.68,STATIC,120.47,STATIC,145.06,STATIC,False,0.008,60.0,0.000
188.70333333333335,4527,112.26,STATIC,98.75,FLEXION,59.28,FLEXION,44.43,FLEXION,98.52,STATIC,98.96,STATIC,121.72,STATIC,145.41,STATIC,False,0.338,60.0,0.000
188.745,4528,113.42,STATIC,100.05,STATIC,58.60,STATIC,45.16,STATIC,98.19,STATIC,98.97,STATIC,121.12,STATIC,148.28,STATIC,False,0.003,60.0,0.000
188.7866666666667,4529,114.96,STATIC,99.96,STATIC,58.38,STATIC,44.84,STATIC,98.11,STATIC,98.69,STATIC,121.11,STATIC,146.98,STATIC,False,0.004,60.0,0.000
188.82833333333335,4530,118.35,STATIC,100.23,STATIC,61.60,STATIC,46.10,STATIC,97.40,STATIC,98.35,STATIC,119.31,STATIC,143.24,STATIC,False,0.006,60.0,0.000
188.87,4531,118.70,STATIC,98.80,STATIC,60.46,STATIC,43.17,STATIC,97.44,STATIC,98.52,STATIC,119.66,STATIC,143.57,STATIC,False,0.005,60.0,0.000
188.9116666666667,4532,119.03,STATIC,98.22,STATIC,59.67,STATIC,42.87,STATIC,97.75,STATIC,98.64,STATIC,119.29,STATIC,144.66,STATIC,False,0.008,60.0,0.000
188.95333333333335,4533,119.89,STATIC,96.91,STATIC,57.84,STATIC,40.19,STATIC,98.21,STATIC,99.03,STATIC,119.88,STATIC,146.35,STATIC,False,0.007,60.0,0.000
188.995,4534,119.96,STATIC,97.92,STATIC,57.82,STATIC,41.52,STATIC,98.24,STATIC,99.01,STATIC,120.16,STATIC,147.32,STATIC,False,0.009,60.0,0.000
189.0366666666667,4535,119.37,STATIC,97.79,STATIC,56.10,STATIC,40.58,STATIC,98.31,STATIC,99.08,STATIC,120.73,STATIC,149.94,STATIC,False,0.007,60.0,0.000
189.07833333333335,4536,116.55,STATIC,95.64,STATIC,51.66,STATIC,38.20,STATIC,98.38,STATIC,99.63,STATIC,121.45,STATIC,150.02,STATIC,False,0.012,60.0,0.000
189.12,4537,115.41,STATIC,94.82,STATIC,46.37,FLEXION,35.69,STATIC,98.20,STATIC,100.06,STATIC,122.71,STATIC,152.59,STATIC,False,0.187,60.0,0.000
189.1616666666667,4538,120.41,EXTENSION,96.20,STATIC,52.02,EXTENSION,40.51,STATIC,98.29,STATIC,99.69,STATIC,121.42,STATIC,149.68,STATIC,False,0.024,60.0,0.000
189.20333333333335,4539,123.67,STATIC,96.21,STATIC,54.80,STATIC,42.38,STATIC,98.28,STATIC,99.74,STATIC,121.12,STATIC,148.50,STATIC,False,0.024,60.0,0.000
189.245,4540,120.97,STATIC,97.47,STATIC,53.85,STATIC,44.68,STATIC,98.19,STATIC,99.77,STATIC,120.92,STATIC,149.06,STATIC,False,0.022,60.0,0.000
189.2866666666667,4541,121.42,STATIC,96.12,STATIC,53.49,STATIC,46.86,STATIC,98.11,STATIC,99.55,STATIC,120.24,STATIC,148.24,STATIC,False,0.022,60.0,0.000
189.32833333333335,4542,119.33,STATIC,98.04,STATIC,52.54,STATIC,49.78,STATIC,98.04,STATIC,99.28,STATIC,120.16,STATIC,148.04,STATIC,False,0.023,60.0,0.000
189.37,4543,116.36,STATIC,98.87,STATIC,48.11,STATIC,50.20,STATIC,98.02,STATIC,99.40,STATIC,120.55,STATIC,150.34,STATIC,False,0.027,60.0,0.000
189.4116666666667,4544,115.91,STATIC,99.05,STATIC,44.04,STATIC,49.95,STATIC,98.21,STATIC,99.65,STATIC,120.18,STATIC,151.78,STATIC,False,0.030,60.0,0.000
189.45333333333335,4545,115.83,STATIC,97.18,STATIC,46.34,STATIC,49.88,STATIC,98.18,STATIC,99.59,STATIC,119.35,STATIC,151.21,STATIC,False,0.028,60.0,0.000
189.495,4546,117.26,STATIC,95.78,STATIC,48.57,STATIC,49.55,STATIC,98.13,STATIC,99.33,STATIC,118.10,STATIC,150.67,STATIC,False,0.027,60.0,0.000
189.5366666666667,4547,112.37,STATIC,95.59,STATIC,43.68,STATIC,48.59,STATIC,98.21,STATIC,99.35,STATIC,117.66,STATIC,153.36,STATIC,False,0.029,60.0,0.000
189.57833333333335,4548,112.89,STATIC,94.31,STATIC,45.50,STATIC,47.19,STATIC,98.38,STATIC,99.53,STATIC,118.21,STATIC,153.43,STATIC,False,0.027,60.0,0.000
189.62,4549,110.53,STATIC,93.36,STATIC,41.16,STATIC,45.15,STATIC,98.45,STATIC,99.82,STATIC,117.98,STATIC,154.37,STATIC,False,0.030,60.0,0.000
189.6616666666667,4550,111.22,STATIC,93.51,STATIC,42.17,STATIC,43.61,STATIC,98.43,STATIC,99.80,STATIC,117.43,STATIC,154.09,STATIC,False,0.035,60.0,0.000
189.70333333333335,4551,111.09,STATIC,94.47,STATIC,43.09,STATIC,42.54,STATIC,98.41,STATIC,99.70,STATIC,116.64,STATIC,153.57,STATIC,False,0.036,60.0,0.000
189.745,4552,111.20,STATIC,96.19,STATIC,43.55,STATIC,42.70,STATIC,98.44,STATIC,99.56,STATIC,115.65,STATIC,152.75,STATIC,False,0.038,60.0,0.000
189.7866666666667,4553,110.88,STATIC,96.26,STATIC,44.97,STATIC,43.07,STATIC,98.21,STATIC,99.17,STATIC,113.50,STATIC,150.44,STATIC,False,0.037,60.0,0.000
189.82833333333335,4554,109.95,STATIC,99.49,STATIC,45.22,STATIC,44.64,STATIC,97.69,STATIC,98.75,STATIC,111.15,STATIC,147.86,STATIC,False,0.038,60.0,0.000
189.87,4555,107.36,STATIC,101.13,STATIC,42.18,STATIC,44.82,STATIC,97.33,STATIC,98.47,STATIC,108.66,STATIC,145.66,STATIC,False,0.039,60.0,0.000
189.9116666666667,4556,104.47,STATIC,102.99,STATIC,40.66,STATIC,46.88,STATIC,97.04,STATIC,98.00,STATIC,107.50,STATIC,145.78,STATIC,False,0.039,60.0,0.000
189.955,4557,104.98,STATIC,101.58,STATIC,41.79,STATIC,44.61,STATIC,97.12,STATIC,98.24,STATIC,106.56,STATIC,144.76,STATIC,False,0.040,60.0,0.000
189.99666666666667,4558,102.39,STATIC,100.85,STATIC,40.95,STATIC,44.20,STATIC,97.20,STATIC,98.11,STATIC,104.26,STATIC,141.93,STATIC,False,0.040,60.0,0.000
190.03833333333336,4559,95.79,FLEXION,98.51,STATIC,39.48,STATIC,41.32,STATIC,97.75,STATIC,98.68,STATIC,104.33,STATIC,144.52,STATIC,False,0.044,60.0,0.000
190.08,4560,92.87,STATIC,100.53,STATIC,47.14,EXTENSION,43.27,STATIC,97.75,STATIC,98.47,STATIC,103.37,STATIC,145.27,STATIC,False,0.044,60.0,0.000
190.12166666666667,4561,74.23,FLEXION,99.04,STATIC,52.68,EXTENSION,40.98,STATIC,97.85,STATIC,98.73,STATIC,102.91,STATIC,144.09,STATIC,False,0.053,60.0,0.000
190.16333333333336,4562,90.60,EXTENSION,103.24,STATIC,58.54,EXTENSION,42.08,STATIC,97.37,STATIC,98.06,STATIC,100.92,STATIC,142.40,STATIC,False,0.057,60.0,0.000
190.205,4563,92.85,STATIC,103.90,STATIC,61.35,STATIC,42.12,STATIC,97.43,STATIC,98.07,STATIC,100.48,STATIC,141.67,STATIC,False,0.055,60.0,0.000
190.24666666666667,4564,94.14,STATIC,106.20,STATIC,62.76,STATIC,42.95,STATIC,97.47,STATIC,98.23,STATIC,99.73,STATIC,139.92,STATIC,False,0.059,60.0,0.000
190.28833333333336,4565,91.74,STATIC,111.19,STATIC,64.05,STATIC,49.32,EXTENSION,97.22,STATIC,97.92,STATIC,98.01,STATIC,136.71,STATIC,False,0.059,60.0,0.000
190.33,4566,83.89,FLEXION,112.02,STATIC,64.70,STATIC,53.49,STATIC,96.76,STATIC,97.28,STATIC,96.53,STATIC,134.74,STATIC,False,0.054,60.0,0.000
190.37166666666667,4567,70.60,FLEXION,110.34,STATIC,66.99,STATIC,52.12,STATIC,96.61,STATIC,97.27,STATIC,95.68,STATIC,133.36,STATIC,False,0.061,60.0,0.000
190.41333333333336,4568,60.79,FLEXION,104.10,FLEXION,70.74,STATIC,51.09,STATIC,96.57,STATIC,96.93,STATIC,95.98,STATIC,132.90,STATIC,False,0.053,60.0,0.000
190.455,4569,51.41,FLEXION,93.55,FLEXION,73.80,STATIC,48.38,STATIC,96.44,STATIC,96.60,STATIC,96.31,STATIC,129.91,STATIC,False,0.050,60.0,0.000
190.49666666666667,4570,54.13,STATIC,87.70,FLEXION,75.32,STATIC,45.84,STATIC,96.55,STATIC,96.48,STATIC,97.32,STATIC,131.01,STATIC,False,0.051,60.0,0.000
190.53833333333336,4571,54.66,STATIC,79.59,FLEXION,75.80,STATIC,42.16,STATIC,96.44,STATIC,96.44,STATIC,96.24,STATIC,132.41,STATIC,False,0.053,60.0,0.000
190.58,4572,47.91,FLEXION,56.77,FLEXION,76.96,STATIC,28.18,FLEXION,96.44,STATIC,96.60,STATIC,97.03,STATIC,133.08,STATIC,False,0.212,60.0,0.000
190.62166666666667,4573,45.34,STATIC,61.43,STATIC,77.91,STATIC,29.76,STATIC,96.50,STATIC,96.61,STATIC,96.21,STATIC,133.22,STATIC,False,0.048,60.0,0.000
190.66333333333336,4574,45.32,STATIC,66.00,STATIC,78.64,STATIC,34.38,STATIC,96.61,STATIC,96.62,STATIC,95.68,STATIC,131.48,STATIC,False,0.043,60.0,0.000
190.705,4575,41.29,STATIC,67.31,STATIC,79.44,STATIC,36.66,STATIC,96.59,STATIC,96.60,STATIC,95.50,STATIC,132.35,STATIC,False,0.043,60.0,0.000
190.74666666666667,4576,38.97,STATIC,66.95,STATIC,79.94,STATIC,35.82,STATIC,96.59,STATIC,96.73,STATIC,95.34,STATIC,132.26,STATIC,False,0.041,60.0,0.000
190.78833333333336,4577,38.29,STATIC,69.31,STATIC,79.90,STATIC,36.05,STATIC,97.10,STATIC,96.92,STATIC,95.68,STATIC,132.82,STATIC,False,0.035,60.0,0.000
190.83,4578,43.48,EXTENSION,76.49,EXTENSION,80.62,STATIC,40.21,STATIC,97.00,STATIC,96.79,STATIC,95.13,STATIC,131.59,STATIC,False,0.043,60.0,0.000
190.87166666666667,4579,44.61,STATIC,87.96,EXTENSION,79.78,STATIC,41.99,STATIC,96.89,STATIC,96.62,STATIC,93.23,STATIC,128.53,STATIC,False,0.048,60.0,0.000
190.91333333333336,4580,43.86,STATIC,87.88,STATIC,79.86,STATIC,41.28,STATIC,97.23,STATIC,96.81,STATIC,94.04,STATIC,130.10,STATIC,False,0.049,60.0,0.000
190.955,4581,43.46,STATIC,89.07,STATIC,78.95,STATIC,39.90,STATIC,97.70,STATIC,97.57,STATIC,95.99,STATIC,132.20,STATIC,False,0.054,60.0,0.000
190.99666666666667,4582,42.47,STATIC,92.09,STATIC,78.82,STATIC,42.07,STATIC,97.68,STATIC,97.74,STATIC,96.80,STATIC,130.53,STATIC,False,0.055,60.0,0.000
191.03833333333336,4583,43.23,STATIC,81.89,FLEXION,78.68,STATIC,35.53,FLEXION,98.78,STATIC,99.70,STATIC,99.79,STATIC,135.36,STATIC,False,0.227,60.0,0.000
191.08,4584,41.31,STATIC,76.10,FLEXION,79.08,STATIC,30.60,STATIC,99.25,STATIC,100.64,STATIC,101.09,STATIC,140.50,EXTENSION,False,0.055,60.0,0.000
191.12166666666667,4585,41.84,STATIC,75.59,STATIC,79.44,STATIC,29.70,STATIC,99.56,STATIC,101.66,STATIC,102.89,STATIC,141.80,STATIC,False,0.050,60.0,0.000
191.16333333333336,4586,41.33,STATIC,77.42,STATIC,79.59,STATIC,28.52,STATIC,99.82,STATIC,102.60,STATIC,103.60,STATIC,142.76,STATIC,False,0.050,60.0,0.000
191.205,4587,40.56,STATIC,80.06,STATIC,79.60,STATIC,29.09,STATIC,100.16,STATIC,103.45,STATIC,104.12,STATIC,142.99,STATIC,False,0.051,60.0,0.000
191.24666666666667,4588,40.55,STATIC,82.04,STATIC,79.80,STATIC,28.14,STATIC,100.64,STATIC,103.75,STATIC,107.06,STATIC,143.98,STATIC,False,0.035,60.0,0.000
191.28833333333336,4589,40.93,STATIC,82.67,STATIC,79.71,STATIC,30.65,STATIC,101.48,STATIC,104.69,STATIC,110.02,STATIC,142.99,STATIC,False,0.030,60.0,0.000
191.33,4590,40.33,STATIC,85.00,STATIC,79.46,STATIC,35.83,EXTENSION,102.54,STATIC,105.66,STATIC,112.88,STATIC,143.98,STATIC,False,0.020,60.0,0.000
191.37166666666667,4591,39.41,STATIC,89.86,STATIC,79.51,STATIC,39.26,STATIC,102.40,STATIC,105.76,STATIC,114.82,STATIC,145.17,STATIC,False,0.007,60.0,0.000
191.41333333333336,4592,41.00,STATIC,93.44,STATIC,79.18,STATIC,40.12,STATIC,103.12,STATIC,107.06,STATIC,116.09,STATIC,145.60,STATIC,False,0.009,60.0,0.000
191.455,4593,40.74,STATIC,96.55,STATIC,79.43,STATIC,39.37,STATIC,103.67,STATIC,108.05,STATIC,117.33,STATIC,147.61,STATIC,False,0.002,60.0,0.000
191.49666666666667,4594,42.97,STATIC,95.95,STATIC,79.05,STATIC,40.50,STATIC,103.92,STATIC,108.59,STATIC,117.09,STATIC,147.70,STATIC,False,0.003,60.0,0.000
191.53833333333336,4595,46.52,STATIC,96.60,STATIC,78.86,STATIC,41.22,STATIC,103.58,STATIC,109.14,STATIC,117.86,STATIC,147.86,STATIC,False,0.005,60.0,0.000
191.58,4596,48.32,STATIC,96.06,STATIC,79.04,STATIC,41.34,STATIC,103.98,STATIC,109.35,STATIC,118.83,STATIC,148.47,STATIC,False,0.000,60.0,0.000
191.62166666666667,4597,56.40,EXTENSION,96.91,STATIC,79.82,STATIC,42.23,STATIC,103.40,STATIC,110.44,STATIC,118.44,STATIC,149.51,STATIC,False,0.004,60.0,0.000
191.66333333333336,4598,58.30,STATIC,97.46,STATIC,79.44,STATIC,43.03,STATIC,103.33,STATIC,111.04,STATIC,119.34,STATIC,151.83,STATIC,False,0.006,60.0,0.000
191.705,4599,59.52,STATIC,98.75,STATIC,79.51,STATIC,42.44,STATIC,103.37,STATIC,111.11,STATIC,119.84,STATIC,153.63,STATIC,False,0.016,60.0,0.000
191.74666666666667,4600,63.77,STATIC,101.35,STATIC,79.17,STATIC,43.30,STATIC,103.02,STATIC,110.30,STATIC,117.98,STATIC,153.95,STATIC,False,0.024,60.0,0.000
191.78833333333336,4601,65.78,STATIC,100.98,STATIC,78.54,STATIC,43.79,STATIC,102.19,STATIC,109.62,STATIC,117.56,STATIC,155.61,STATIC,False,0.022,60.0,0.000
191.83,4602,67.95,STATIC,102.73,STATIC,79.95,STATIC,54.81,EXTENSION,101.52,STATIC,105.18,STATIC,116.21,STATIC,153.17,STATIC,False,0.008,60.0,0.000
191.87166666666667,4603,70.29,STATIC,106.38,STATIC,80.95,STATIC,61.24,EXTENSION,100.98,STATIC,102.65,STATIC,113.66,STATIC,143.76,FLEXION,False,0.000,60.0,0.000
191.91333333333336,4604,61.07,FLEXION,103.20,STATIC,79.87,STATIC,55.02,FLEXION,101.98,STATIC,104.28,STATIC,114.26,STATIC,140.72,STATIC,False,0.167,60.0,0.000
191.955,4605,53.23,FLEXION,102.64,STATIC,78.32,STATIC,51.76,STATIC,101.59,STATIC,103.48,STATIC,113.59,STATIC,140.60,STATIC,False,0.000,60.0,0.000
191.99666666666667,4606,48.20,FLEXION,104.73,STATIC,77.57,STATIC,50.90,STATIC,101.11,STATIC,102.28,STATIC,112.24,STATIC,138.22,STATIC,False,0.001,60.0,0.000
192.03833333333336,4607,54.94,EXTENSION,109.31,STATIC,78.82,STATIC,51.44,STATIC,99.87,STATIC,100.05,STATIC,109.72,STATIC,134.59,STATIC,False,0.007,60.0,0.000
192.08,4608,62.02,EXTENSION,112.27,STATIC,79.77,STATIC,47.44,STATIC,99.71,STATIC,99.86,STATIC,109.26,STATIC,133.09,STATIC,False,0.017,60.0,0.000
192.12166666666667,4609,65.06,STATIC,115.22,STATIC,81.00,STATIC,47.04,STATIC,100.04,STATIC,99.94,STATIC,108.20,STATIC,130.24,STATIC,False,0.028,60.0,0.000
192.16333333333336,4610,61.90,STATIC,115.33,STATIC,80.88,STATIC,38.50,FLEXION,100.45,STATIC,100.79,STATIC,110.27,STATIC,131.79,STATIC,False,0.198,60.0,0.000
192.205,4611,62.25,STATIC,117.10,STATIC,82.50,STATIC,36.91,STATIC,100.56,STATIC,100.72,STATIC,110.84,STATIC,131.95,STATIC,False,0.030,60.0,0.000
192.24666666666667,4612,59.79,STATIC,119.73,STATIC,82.89,STATIC,38.59,STATIC,100.02,STATIC,99.92,STATIC,110.12,STATIC,133.47,STATIC,False,0.027,60.0,0.000
192.28833333333336,4613,41.36,FLEXION,118.23,STATIC,82.36,STATIC,35.58,STATIC,99.90,STATIC,99.99,STATIC,111.55,STATIC,136.57,STATIC,False,0.018,60.0,0.000
192.33,4614,48.18,EXTENSION,118.09,STATIC,81.75,STATIC,31.66,STATIC,99.71,STATIC,100.00,STATIC,111.67,STATIC,136.08,STATIC,False,0.020,60.0,0.000
192.37166666666667,4615,48.92,STATIC,120.02,STATIC,81.10,STATIC,34.83,STATIC,99.53,STATIC,99.74,STATIC,110.77,STATIC,133.64,STATIC,False,0.018,60.0,0.000
192.41333333333336,4616,54.73,EXTENSION,122.30,STATIC,80.16,STATIC,37.55,STATIC,99.07,STATIC,99.01,STATIC,109.63,STATIC,133.32,STATIC,False,0.015,60.0,0.000
192.455,4617,59.84,EXTENSION,123.38,STATIC,78.75,STATIC,41.08,STATIC,98.94,STATIC,98.48,STATIC,107.84,STATIC,130.58,STATIC,False,0.010,60.0,0.000
192.49666666666667,4618,62.11,STATIC,123.36,STATIC,77.83,STATIC,40.83,STATIC,99.02,STATIC,98.72,STATIC,107.09,STATIC,128.37,STATIC,False,0.006,60.0,0.000
192.53833333333336,4619,64.44,STATIC,123.73,STATIC,76.73,STATIC,40.31,STATIC,98.99,STATIC,98.58,STATIC,106.47,STATIC,127.23,STATIC,False,0.003,60.0,0.000
192.58,4620,64.79,STATIC,123.78,STATIC,76.30,STATIC,42.20,STATIC,98.90,STATIC,98.25,STATIC,105.44,STATIC,124.96,STATIC,False,0.003,60.0,0.000
192.62166666666667,4621,68.90,STATIC,123.02,STATIC,74.16,STATIC,42.74,STATIC,98.98,STATIC,98.03,STATIC,104.96,STATIC,123.85,STATIC,False,0.000,60.0,0.000
192.66333333333336,4622,75.03,EXTENSION,123.29,STATIC,74.20,STATIC,44.57,STATIC,98.78,STATIC,97.84,STATIC,104.40,STATIC,122.99,STATIC,False,0.000,60.0,0.000
192.705,4623,81.82,EXTENSION,121.96,STATIC,72.33,STATIC,45.07,STATIC,98.77,STATIC,97.42,STATIC,103.62,STATIC,122.26,STATIC,False,0.000,60.0,0.000
192.74666666666667,4624,88.46,EXTENSION,122.29,STATIC,71.74,STATIC,46.23,STATIC,98.87,STATIC,97.64,STATIC,103.48,STATIC,121.97,STATIC,False,0.000,60.0,0.000
192.78833333333336,4625,93.35,STATIC,122.70,STATIC,71.55,STATIC,47.58,STATIC,98.78,STATIC,97.45,STATIC,102.89,STATIC,120.91,STATIC,False,0.000,60.0,0.000
192.83,4626,96.57,STATIC,122.49,STATIC,71.70,STATIC,46.70,STATIC,98.77,STATIC,97.83,STATIC,102.71,STATIC,120.30,STATIC,False,0.000,60.0,0.000
192.87166666666667,4627,99.54,STATIC,122.99,STATIC,71.35,STATIC,46.36,STATIC,98.71,STATIC,97.73,STATIC,102.87,STATIC,120.79,STATIC,False,0.000,60.0,0.000
192.91333333333336,4628,101.14,STATIC,123.15,STATIC,71.80,STATIC,46.07,STATIC,98.66,STATIC,97.62,STATIC,102.89,STATIC,120.56,STATIC,False,0.000,60.0,0.000
192.955,4629,103.47,STATIC,123.67,STATIC,71.79,STATIC,45.83,STATIC,98.65,STATIC,97.47,STATIC,103.04,STATIC,120.56,STATIC,False,0.000,60.0,0.000
192.99666666666667,4630,104.91,STATIC,124.22,STATIC,71.58,STATIC,45.80,STATIC,98.55,STATIC,97.45,STATIC,103.12,STATIC,120.55,STATIC,False,0.000,60.0,0.000
193.03833333333336,4631,107.08,STATIC,124.10,STATIC,71.65,STATIC,43.92,STATIC,98.39,STATIC,97.39,STATIC,102.96,STATIC,120.54,STATIC,False,0.000,60.0,0.000
193.08,4632,107.43,STATIC,124.18,STATIC,72.03,STATIC,43.33,STATIC,98.32,STATIC,97.46,STATIC,102.56,STATIC,119.88,STATIC,False,0.000,60.0,0.000
193.12166666666667,4633,107.93,STATIC,123.96,STATIC,71.83,STATIC,43.08,STATIC,98.44,STATIC,97.48,STATIC,102.47,STATIC,118.89,STATIC,False,0.000,60.0,0.000
193.16333333333336,4634,108.05,STATIC,124.40,STATIC,71.65,STATIC,44.83,STATIC,98.46,STATIC,97.33,STATIC,102.21,STATIC,118.25,STATIC,False,0.000,60.0,0.000
193.205,4635,106.57,STATIC,124.59,STATIC,71.25,STATIC,47.14,STATIC,98.51,STATIC,97.21,STATIC,102.24,STATIC,117.71,STATIC,False,0.000,60.0,0.000
193.24666666666667,4636,105.85,STATIC,124.74,STATIC,70.85,STATIC,49.11,STATIC,98.63,STATIC,97.17,STATIC,102.33,STATIC,117.70,STATIC,False,0.000,60.0,0.000
193.28833333333336,4637,103.67,STATIC,124.50,STATIC,70.49,STATIC,49.63,STATIC,98.71,STATIC,97.18,STATIC,102.66,STATIC,117.82,STATIC,False,0.000,60.0,0.000
193.33,4638,101.51,STATIC,124.25,STATIC,70.38,STATIC,51.08,STATIC,98.81,STATIC,97.21,STATIC,103.16,STATIC,118.21,STATIC,False,0.000,60.0,0.000
193.37166666666667,4639,101.59,STATIC,123.64,STATIC,70.31,STATIC,50.53,STATIC,98.73,STATIC,97.21,STATIC,103.49,STATIC,118.79,STATIC,False,0.000,60.0,0.000
193.41333333333336,4640,101.18,STATIC,122.03,STATIC,70.54,STATIC,49.70,STATIC,98.71,STATIC,97.16,STATIC,103.65,STATIC,118.82,STATIC,False,0.000,60.0,0.000
193.455,4641,98.60,STATIC,121.41,STATIC,71.01,STATIC,49.17,STATIC,98.72,STATIC,97.25,STATIC,103.80,STATIC,118.77,STATIC,False,0.000,60.0,0.000
193.49666666666667,4642,96.05,STATIC,120.69,STATIC,71.23,STATIC,49.89,STATIC,98.72,STATIC,97.25,STATIC,103.85,STATIC,119.15,STATIC,False,0.000,60.0,0.000
193.53833333333336,4643,95.29,STATIC,119.64,STATIC,70.97,STATIC,48.79,STATIC,98.72,STATIC,97.31,STATIC,104.14,STATIC,119.68,STATIC,False,0.000,60.0,0.000
193.58,4644,94.57,STATIC,118.07,STATIC,69.84,STATIC,47.64,STATIC,98.70,STATIC,97.38,STATIC,104.35,STATIC,120.23,STATIC,False,0.000,60.0,0.000
193.62166666666667,4645,121.72,EXTENSION,117.06,STATIC,69.95,STATIC,47.21,STATIC,98.53,STATIC,97.21,STATIC,104.35,STATIC,120.95,STATIC,False,0.000,60.0,0.000
193.66333333333336,4646,124.41,STATIC,116.68,STATIC,73.12,STATIC,44.28,STATIC,98.23,STATIC,97.14,STATIC,104.36,STATIC,120.12,STATIC,False,0.000,60.0,0.000
193.705,4647,131.07,EXTENSION,115.72,STATIC,75.96,STATIC,42.66,STATIC,97.80,STATIC,96.55,STATIC,103.62,STATIC,119.66,STATIC,False,0.000,60.0,0.000
193.74666666666667,4648,138.64,EXTENSION,114.67,STATIC,75.82,STATIC,40.98,STATIC,97.80,STATIC,96.72,STATIC,103.37,STATIC,118.92,STATIC,False,0.000,60.0,0.000
193.78833333333336,4649,139.36,STATIC,113.87,STATIC,74.24,STATIC,41.21,STATIC,97.74,STATIC,96.44,STATIC,102.86,STATIC,117.82,STATIC,False,0.000,60.0,0.000
193.83,4650,132.49,FLEXION,113.49,STATIC,71.79,STATIC,39.48,STATIC,97.68,STATIC,96.55,STATIC,102.50,STATIC,117.38,STATIC,False,0.000,60.0,0.000
193.87166666666667,4651,125.21,FLEXION,113.11,STATIC,71.31,STATIC,39.21,STATIC,97.60,STATIC,96.41,STATIC,102.23,STATIC,116.82,STATIC,False,0.000,60.0,0.000
193.91333333333336,4652,100.80,FLEXION,114.25,STATIC,67.34,STATIC,38.51,STATIC,97.35,STATIC,96.35,STATIC,102.16,STATIC,115.93,STATIC,False,0.000,60.0,0.000
193.95666666666668,4653,68.15,FLEXION,115.87,STATIC,60.20,FLEXION,33.31,FLEXION,97.68,STATIC,97.13,STATIC,103.91,STATIC,115.74,STATIC,False,0.334,60.0,0.000
193.99833333333333,4654,48.86,FLEXION,119.39,STATIC,52.37,FLEXION,35.31,STATIC,97.92,STATIC,97.16,STATIC,103.71,STATIC,115.16,STATIC,False,0.171,60.0,0.000
194.04000000000002,4655,79.05,EXTENSION,123.51,STATIC,56.64,STATIC,36.44,STATIC,97.72,STATIC,96.80,STATIC,103.52,STATIC,115.15,STATIC,False,0.002,60.0,0.000
194.08166666666668,4656,50.70,FLEXION,128.52,EXTENSION,54.93,STATIC,33.70,STATIC,97.76,STATIC,96.81,STATIC,104.09,STATIC,114.67,STATIC,False,0.000,60.0,0.000
194.12333333333333,4657,54.47,STATIC,132.99,STATIC,56.21,STATIC,31.45,STATIC,97.83,STATIC,96.89,STATIC,104.25,STATIC,113.95,STATIC,False,0.000,60.0,0.000
194.16500000000002,4658,77.28,EXTENSION,137.99,STATIC,59.53,STATIC,32.81,STATIC,97.28,STATIC,96.52,STATIC,101.80,STATIC,111.93,STATIC,False,0.003,60.0,0.000
194.20666666666668,4659,83.55,EXTENSION,139.48,STATIC,67.10,EXTENSION,46.16,EXTENSION,94.03,STATIC,95.02,STATIC,97.97,STATIC,107.47,STATIC,False,0.000,60.0,0.000
194.24833333333333,4660,76.09,FLEXION,140.52,STATIC,64.39,STATIC,40.04,FLEXION,97.03,STATIC,96.46,STATIC,102.77,STATIC,107.84,STATIC,False,0.167,60.0,0.000
194.29000000000002,4661,68.53,FLEXION,139.99,STATIC,61.86,STATIC,36.66,STATIC,97.29,STATIC,96.18,STATIC,102.95,STATIC,108.08,STATIC,False,0.000,60.0,0.000
194.33166666666668,4662,78.07,EXTENSION,141.49,STATIC,62.63,STATIC,36.42,STATIC,97.92,STATIC,96.57,STATIC,102.51,STATIC,106.37,STATIC,False,0.000,60.0,0.000
194.37333333333333,4663,81.44,STATIC,144.61,STATIC,64.84,STATIC,36.07,STATIC,98.15,STATIC,96.90,STATIC,102.74,STATIC,107.19,STATIC,False,0.000,60.0,0.000
194.41500000000002,4664,83.81,STATIC,146.87,STATIC,66.79,STATIC,35.56,STATIC,98.57,STATIC,97.05,STATIC,103.95,STATIC,108.37,STATIC,False,0.000,60.0,0.000
194.45666666666668,4665,88.90,EXTENSION,144.86,STATIC,67.19,STATIC,32.70,STATIC,98.84,STATIC,97.20,STATIC,108.19,STATIC,109.93,STATIC,False,0.003,60.0,0.000
194.49833333333333,4666,94.04,EXTENSION,144.84,STATIC,68.15,STATIC,32.56,STATIC,98.82,STATIC,97.34,STATIC,112.46,STATIC,113.39,STATIC,False,0.004,60.0,0.000
194.54000000000002,4667,99.98,EXTENSION,146.24,STATIC,68.44,STATIC,31.89,STATIC,99.13,STATIC,97.47,STATIC,118.23,EXTENSION,116.42,STATIC,False,0.002,60.0,0.000
194.58166666666668,4668,105.60,EXTENSION,147.12,STATIC,69.13,STATIC,31.79,STATIC,99.58,STATIC,97.86,STATIC,123.81,EXTENSION,119.55,STATIC,False,0.003,60.0,0.000
194.62333333333333,4669,109.13,STATIC,147.82,STATIC,69.59,STATIC,31.94,STATIC,99.27,STATIC,96.91,STATIC,126.91,STATIC,121.73,STATIC,False,0.007,60.0,0.000
194.66500000000002,4670,114.23,EXTENSION,147.30,STATIC,69.25,STATIC,31.93,STATIC,99.64,STATIC,96.84,STATIC,128.90,STATIC,123.02,STATIC,False,0.005,60.0,0.000
194.70666666666668,4671,114.80,STATIC,147.74,STATIC,68.81,STATIC,32.99,STATIC,99.71,STATIC,96.86,STATIC,129.86,STATIC,127.08,STATIC,False,0.003,60.0,0.000
194.74833333333333,4672,113.32,STATIC,147.06,STATIC,68.19,STATIC,32.84,STATIC,99.89,STATIC,96.85,STATIC,130.31,STATIC,127.21,STATIC,False,0.002,60.0,0.000
194.79000000000002,4673,110.58,STATIC,147.95,STATIC,67.93,STATIC,33.31,STATIC,99.73,STATIC,96.99,STATIC,131.49,STATIC,128.57,STATIC,False,0.001,60.0,0.000
194.83166666666668,4674,106.68,STATIC,149.30,STATIC,67.29,STATIC,37.07,STATIC,99.01,STATIC,96.35,STATIC,130.93,STATIC,128.26,STATIC,False,0.000,60.0,0.000
194.87333333333333,4675,103.40,STATIC,148.84,STATIC,66.88,STATIC,37.07,STATIC,99.20,STATIC,96.82,STATIC,131.18,STATIC,128.64,STATIC,False,0.000,60.0,0.000
194.91500000000002,4676,101.73,STATIC,148.61,STATIC,66.58,STATIC,37.57,STATIC,98.51,STATIC,96.89,STATIC,130.25,STATIC,128.87,STATIC,False,0.000,60.0,0.000
194.95666666666668,4677,99.65,STATIC,149.01,STATIC,66.46,STATIC,38.20,STATIC,98.05,STATIC,96.77,STATIC,128.28,STATIC,126.72,STATIC,False,0.000,60.0,0.000
194.99833333333333,4678,103.23,STATIC,148.66,STATIC,66.21,STATIC,38.94,STATIC,98.16,STATIC,97.13,STATIC,129.71,STATIC,125.30,STATIC,False,0.001,60.0,0.000
195.04000000000002,4679,100.05,STATIC,149.73,STATIC,65.54,STATIC,37.41,STATIC,99.02,STATIC,97.95,STATIC,129.53,STATIC,126.02,STATIC,False,0.000,60.0,0.000
195.08166666666668,4680,99.76,STATIC,143.47,FLEXION,65.18,STATIC,27.09,FLEXION,98.56,STATIC,98.51,STATIC,129.95,STATIC,126.47,STATIC,False,0.179,60.0,0.000
195.12333333333333,4681,96.84,STATIC,146.60,STATIC,65.33,STATIC,27.83,STATIC,99.36,STATIC,98.52,STATIC,134.84,STATIC,128.03,STATIC,False,0.018,60.0,0.000
195.16500000000002,4682,96.29,STATIC,148.73,STATIC,64.85,STATIC,26.70,STATIC,100.13,STATIC,98.94,STATIC,139.06,STATIC,131.13,STATIC,False,0.017,60.0,0.000
195.20666666666668,4683,98.63,STATIC,148.60,STATIC,64.37,STATIC,26.31,STATIC,101.60,STATIC,99.40,STATIC,140.76,STATIC,132.27,STATIC,False,0.017,60.0,0.000
195.24833333333333,4684,102.15,STATIC,147.29,STATIC,64.00,STATIC,26.77,STATIC,101.67,STATIC,99.24,STATIC,141.96,STATIC,130.91,STATIC,False,0.012,60.0,0.000
195.29000000000002,4685,102.34,STATIC,146.73,STATIC,63.12,STATIC,26.28,STATIC,101.70,STATIC,99.31,STATIC,142.25,STATIC,131.10,STATIC,False,0.010,60.0,0.000
195.33166666666668,4686,103.08,STATIC,140.18,FLEXION,61.36,STATIC,26.16,STATIC,101.17,STATIC,99.65,STATIC,142.66,STATIC,130.95,STATIC,False,0.012,60.0,0.000
195.37333333333333,4687,107.57,STATIC,137.76,STATIC,58.89,STATIC,25.57,STATIC,101.52,STATIC,99.56,STATIC,145.21,STATIC,132.83,STATIC,False,0.014,60.0,0.000
195.41500000000002,4688,112.18,STATIC,136.99,STATIC,57.86,STATIC,25.75,STATIC,102.25,STATIC,100.41,STATIC,145.74,STATIC,133.40,STATIC,False,0.013,60.0,0.000
195.45666666666668,4689,114.57,STATIC,135.98,STATIC,56.95,STATIC,24.46,STATIC,103.06,STATIC,101.11,STATIC,147.00,STATIC,134.54,STATIC,False,0.013,60.0,0.000
195.49833333333333,4690,118.85,STATIC,133.97,STATIC,56.60,STATIC,23.13,STATIC,104.32,STATIC,102.47,STATIC,148.36,STATIC,135.17,STATIC,False,0.012,60.0,0.000
195.54000000000002,4691,121.99,STATIC,134.99,STATIC,56.34,STATIC,23.09,STATIC,103.80,STATIC,102.83,STATIC,145.90,STATIC,134.18,STATIC,False,0.012,60.0,0.000
195.58166666666668,4692,124.74,STATIC,131.04,STATIC,56.16,STATIC,19.91,STATIC,107.01,STATIC,103.97,STATIC,147.89,STATIC,134.22,STATIC,False,0.015,60.0,0.000
195.62333333333333,4693,128.53,STATIC,128.74,STATIC,55.81,STATIC,18.66,STATIC,107.96,STATIC,104.43,STATIC,148.64,STATIC,133.92,STATIC,False,0.017,60.0,0.000
195.66500000000002,4694,129.76,STATIC,129.88,STATIC,54.60,STATIC,19.49,STATIC,106.26,STATIC,103.89,STATIC,148.35,STATIC,134.72,STATIC,False,0.019,60.0,0.000
195.70666666666668,4695,135.27,EXTENSION,124.17,FLEXION,54.53,STATIC,15.14,STATIC,105.16,STATIC,104.54,STATIC,148.16,STATIC,133.71,STATIC,False,0.017,60.0,0.000
195.74833333333333,4696,139.22,STATIC,118.27,FLEXION,52.54,STATIC,12.03,STATIC,109.59,STATIC,105.43,STATIC,151.55,STATIC,133.18,STATIC,False,0.017,60.0,0.000
195.79000000000002,4697,143.97,STATIC,119.14,STATIC,52.29,STATIC,14.83,STATIC,106.56,STATIC,105.43,STATIC,149.87,STATIC,131.14,STATIC,False,0.021,60.0,0.000
195.83166666666668,4698,142.30,STATIC,115.53,STATIC,50.05,STATIC,14.89,STATIC,107.42,STATIC,106.77,STATIC,147.25,STATIC,127.28,STATIC,False,0.022,60.0,0.000
195.87333333333333,4699,142.92,STATIC,113.61,STATIC,48.64,STATIC,16.38,STATIC,106.72,STATIC,106.36,STATIC,141.66,FLEXION,124.16,STATIC,False,0.030,60.0,0.000
195.91500000000002,4700,148.94,EXTENSION,112.94,STATIC,48.85,STATIC,21.06,STATIC,105.04,STATIC,107.50,STATIC,137.25,STATIC,118.92,FLEXION,False,0.023,60.0,0.000
195.95666666666668,4701,152.29,STATIC,113.08,STATIC,47.00,STATIC,28.27,EXTENSION,106.35,STATIC,108.09,STATIC,135.59,STATIC,115.41,STATIC,False,0.028,60.0,0.000
195.99833333333333,4702,154.25,STATIC,114.63,STATIC,45.37,STATIC,33.14,STATIC,107.11,STATIC,107.68,STATIC,133.83,STATIC,109.08,FLEXION,False,0.025,60.0,0.000
196.04000000000002,4703,162.20,EXTENSION,113.94,STATIC,50.94,EXTENSION,38.55,EXTENSION,106.26,STATIC,108.17,STATIC,132.60,STATIC,103.18,FLEXION,False,0.010,60.0,0.000
196.08166666666668,4704,164.88,STATIC,112.25,STATIC,50.05,STATIC,44.60,EXTENSION,109.70,STATIC,107.51,STATIC,133.13,STATIC,95.88,FLEXION,False,0.012,60.0,0.000
196.12333333333333,4705,166.45,STATIC,101.65,FLEXION,51.11,STATIC,49.83,EXTENSION,112.22,STATIC,106.90,STATIC,133.98,STATIC,93.54,STATIC,False,0.012,60.0,0.000
196.16500000000002,4706,167.62,STATIC,94.47,FLEXION,51.36,STATIC,52.71,STATIC,111.49,STATIC,106.30,STATIC,130.98,STATIC,90.70,STATIC,False,0.001,60.0,0.000
196.20666666666668,4707,167.43,STATIC,86.25,FLEXION,51.08,STATIC,57.06,STATIC,116.51,EXTENSION,106.00,STATIC,138.02,EXTENSION,89.28,STATIC,False,0.002,60.0,0.000
196.24833333333333,4708,165.37,STATIC,77.12,FLEXION,51.35,STATIC,61.34,STATIC,117.13,STATIC,105.66,STATIC,141.30,STATIC,89.03,STATIC,False,0.000,60.0,0.000
196.29000000000002,4709,166.11,STATIC,65.66,FLEXION,47.45,STATIC,64.67,STATIC,124.39,EXTENSION,105.27,STATIC,143.10,STATIC,95.04,EXTENSION,False,0.000,60.0,0.000
196.33166666666668,4710,167.44,STATIC,58.46,FLEXION,47.11,STATIC,66.19,STATIC,126.43,STATIC,105.44,STATIC,146.89,STATIC,102.99,EXTENSION,False,0.000,60.0,0.000
196.37333333333333,4711,166.02,STATIC,52.46,FLEXION,47.18,STATIC,67.80,STATIC,126.56,STATIC,104.60,STATIC,150.86,STATIC,109.75,EXTENSION,False,0.000,60.0,0.000
196.41500000000002,4712,166.28,STATIC,49.37,STATIC,52.79,EXTENSION,68.79,STATIC,129.63,STATIC,105.59,STATIC,153.35,STATIC,119.39,EXTENSION,False,0.005,60.0,0.000
196.45666666666668,4713,163.31,STATIC,44.43,STATIC,50.44,STATIC,69.27,STATIC,130.13,STATIC,105.81,STATIC,156.49,STATIC,126.06,EXTENSION,False,0.001,60.0,0.000
196.49833333333333,4714,159.32,STATIC,44.42,STATIC,49.42,STATIC,70.22,STATIC,128.99,STATIC,105.97,STATIC,157.22,STATIC,132.58,EXTENSION,False,0.000,60.0,0.000
196.54000000000002,4715,154.32,FLEXION,51.76,EXTENSION,47.33,STATIC,70.71,STATIC,128.42,STATIC,106.16,STATIC,158.75,STATIC,138.20,EXTENSION,False,0.000,60.0,0.000
196.58166666666668,4716,147.14,FLEXION,55.26,STATIC,43.43,STATIC,72.12,STATIC,123.95,STATIC,107.10,STATIC,154.67,STATIC,146.98,EXTENSION,False,0.000,60.0,0.000
196.62333333333333,4717,147.10,STATIC,57.38,STATIC,42.23,STATIC,72.97,STATIC,124.21,STATIC,106.99,STATIC,163.29,EXTENSION,148.87,STATIC,False,0.000,60.0,0.000
196.66500000000002,4718,143.41,STATIC,61.44,STATIC,40.72,STATIC,72.31,STATIC,120.26,STATIC,107.24,STATIC,155.52,FLEXION,137.75,FLEXION,False,0.000,60.0,0.000
196.70666666666668,4719,141.98,STATIC,58.68,STATIC,39.63,STATIC,72.02,STATIC,117.67,STATIC,108.33,STATIC,153.71,STATIC,141.70,STATIC,False,0.000,60.0,0.000
196.74833333333333,4720,147.20,EXTENSION,55.52,STATIC,39.97,STATIC,73.03,STATIC,117.08,STATIC,108.12,STATIC,153.51,STATIC,140.12,STATIC,False,0.002,60.0,0.000
196.79000000000002,4721,148.71,STATIC,57.12,STATIC,39.87,STATIC,73.90,STATIC,116.95,STATIC,108.36,STATIC,151.13,STATIC,143.84,STATIC,False,0.000,60.0,0.000
196.83166666666668,4722,148.00,STATIC,60.91,STATIC,39.59,STATIC,74.53,STATIC,121.24,STATIC,108.44,STATIC,154.66,STATIC,140.58,STATIC,False,0.002,60.0,0.000
196.87333333333333,4723,152.04,STATIC,62.13,STATIC,38.14,STATIC,74.73,STATIC,124.43,STATIC,110.14,STATIC,165.19,EXTENSION,145.34,STATIC,False,0.009,60.0,0.000
196.91500000000002,4724,155.22,STATIC,55.88,FLEXION,37.01,STATIC,75.09,STATIC,123.52,STATIC,110.74,STATIC,169.43,STATIC,145.77,STATIC,False,0.015,60.0,0.000
196.95666666666668,4725,156.22,STATIC,54.91,STATIC,38.92,STATIC,74.55,STATIC,122.87,STATIC,110.97,STATIC,171.33,STATIC,144.71,STATIC,False,0.016,60.0,0.000
196.99833333333333,4726,157.51,STATIC,50.76,STATIC,39.27,STATIC,74.43,STATIC,124.11,STATIC,111.24,STATIC,173.06,STATIC,145.55,STATIC,False,0.016,60.0,0.000
197.04000000000002,4727,155.70,STATIC,55.50,STATIC,37.26,STATIC,74.02,STATIC,123.99,STATIC,111.36,STATIC,173.65,STATIC,146.83,STATIC,False,0.022,60.0,0.000
197.08166666666668,4728,153.16,STATIC,57.68,STATIC,33.48,STATIC,73.28,STATIC,129.22,EXTENSION,111.32,STATIC,169.03,STATIC,145.98,STATIC,False,0.028,60.0,0.000
197.12333333333333,4729,151.82,STATIC,60.53,STATIC,38.38,STATIC,70.16,STATIC,129.71,STATIC,112.10,STATIC,160.30,FLEXION,137.27,FLEXION,False,0.018,60.0,0.000
197.16500000000002,4730,150.88,STATIC,55.99,STATIC,39.16,STATIC,71.36,STATIC,125.78,STATIC,110.04,STATIC,165.18,STATIC,135.84,STATIC,False,0.017,60.0,0.000
197.20666666666668,4731,153.33,STATIC,53.38,STATIC,39.17,STATIC,71.29,STATIC,127.39,STATIC,110.03,STATIC,163.69,STATIC,134.01,STATIC,False,0.017,60.0,0.000
197.24833333333333,4732,155.42,STATIC,58.02,STATIC,41.36,STATIC,67.40,STATIC,125.61,STATIC,114.57,STATIC,156.42,FLEXION,128.16,FLEXION,False,0.013,60.0,0.000
197.29000000000002,4733,155.47,STATIC,65.61,EXTENSION,56.20,EXTENSION,67.42,STATIC,135.28,EXTENSION,120.69,EXTENSION,159.87,STATIC,128.91,STATIC,False,0.042,60.0,0.000
197.33166666666668,4734,154.06,STATIC,78.55,EXTENSION,48.91,FLEXION,61.73,FLEXION,139.76,STATIC,127.18,EXTENSION,159.62,STATIC,130.51,STATIC,False,0.373,60.0,0.000
197.37333333333333,4735,154.60,STATIC,76.78,STATIC,47.82,STATIC,56.11,FLEXION,146.70,EXTENSION,133.68,EXTENSION,160.98,STATIC,134.25,STATIC,False,0.191,60.0,0.000
197.41500000000002,4736,155.89,STATIC,83.79,EXTENSION,54.04,EXTENSION,48.46,FLEXION,155.10,EXTENSION,146.24,EXTENSION,160.93,STATIC,136.41,STATIC,False,0.189,60.0,0.000
197.45666666666668,4737,151.39,STATIC,104.80,EXTENSION,56.77,STATIC,48.73,STATIC,155.92,STATIC,145.24,STATIC,166.77,EXTENSION,138.63,STATIC,False,0.141,60.0,0.000
197.49833333333333,4738,147.71,STATIC,107.08,STATIC,55.31,STATIC,46.63,STATIC,158.78,STATIC,148.06,STATIC,170.92,STATIC,137.49,STATIC,False,0.150,60.0,0.000
