timestamp,RIGHT_ELBOW_ANGLE,RIGHT_ELBOW_STATE,LEFT_ELBOW_ANGLE,LEFT_ELBOW_STATE,RIGHT_SHOULDER_ANGLE,RIGHT_SHOULDER_STATE,LEFT_SHOULDER_ANGLE,LEFT_SHOULDER_STATE,RIGHT_HIP_ANGLE,RIGHT_HIP_STATE,LEFT_HIP_ANGLE,LEFT_HIP_STATE,RIGHT_KNEE_ANGLE,RIGHT_KNEE_STATE,LEFT_KNEE_ANGLE,LEFT_KNEE_STATE,BODY_TILT_ANGLE,BODY_TILT_STATE,NECK_TRUNK_ANGLE_ANGLE,NECK_TRUNK_ANGLE_STATE
0.16666666666666669,4,24.61,STATIC,26.73,STATIC,92.42,STATIC,93.64,STATIC,92.58,STATIC,90.49,STATIC,74.82,STATIC,136.03,STATIC
0.5833333333333334,14,30.60,EXTENSION,32.57,EXTENSION,88.39,STATIC,92.69,STATIC,95.22,STATIC,92.97,STATIC,73.37,STATIC,130.56,FLEXION
0.7083333333333334,17,27.89,STATIC,39.93,EXTENSION,96.04,EXTENSION,95.61,STATIC,90.81,STATIC,89.14,STATIC,59.44,FLEXION,123.08,FLEXION
0.8333333333333334,20,34.15,EXTENSION,54.67,EXTENSION,86.13,FLEXION,92.00,STATIC,95.34,STATIC,93.31,STATIC,64.56,EXTENSION,137.31,EXTENSION
0.8750000000000001,21,27.16,FLEXION,39.99,FLEXION,92.42,EXTENSION,93.60,STATIC,93.29,STATIC,91.99,STATIC,61.38,STATIC,134.13,STATIC
0.9166666666666667,22,21.68,FLEXION,34.42,FLEXION,94.73,STATIC,95.29,STATIC,93.76,STATIC,91.29,STATIC,74.83,EXTENSION,135.05,STATIC
0.9583333333333334,23,24.28,STATIC,28.14,FLEXION,91.12,STATIC,93.42,STATIC,93.79,STATIC,91.48,STATIC,84.51,EXTENSION,131.08,STATIC
1.0,24,30.64,EXTENSION,26.76,STATIC,90.09,STATIC,93.57,STATIC,93.77,STATIC,91.03,STATIC,81.46,STATIC,130.52,STATIC
1.0416666666666667,25,32.85,STATIC,28.48,STATIC,86.66,STATIC,92.58,STATIC,94.30,STATIC,90.78,STATIC,82.05,STATIC,135.81,EXTENSION
1.0833333333333335,26,32.78,STATIC,30.11,STATIC,86.65,STATIC,92.04,STATIC,94.68,STATIC,91.23,STATIC,87.10,EXTENSION,138.48,STATIC
1.125,27,27.10,FLEXION,26.80,STATIC,90.87,STATIC,92.10,STATIC,94.49,STATIC,90.73,STATIC,89.93,STATIC,138.86,STATIC
1.1666666666666667,28,23.26,STATIC,26.53,STATIC,95.53,STATIC,93.65,STATIC,92.56,STATIC,89.45,STATIC,85.04,STATIC,134.83,STATIC
1.2083333333333335,29,25.00,STATIC,33.09,EXTENSION,91.61,STATIC,93.20,STATIC,94.06,STATIC,90.52,STATIC,90.20,EXTENSION,142.28,EXTENSION
1.25,30,20.52,STATIC,42.26,EXTENSION,95.45,STATIC,93.89,STATIC,93.72,STATIC,89.97,STATIC,85.42,STATIC,141.98,STATIC
1.2916666666666667,31,18.74,STATIC,40.00,STATIC,91.93,STATIC,93.69,STATIC,94.51,STATIC,90.51,STATIC,79.07,FLEXION,144.77,STATIC
1.3333333333333335,32,22.33,STATIC,41.89,STATIC,92.63,STATIC,94.66,STATIC,94.63,STATIC,90.63,STATIC,80.13,STATIC,146.21,STATIC
1.375,33,20.69,STATIC,42.13,STATIC,95.20,STATIC,95.41,STATIC,93.24,STATIC,89.66,STATIC,75.38,STATIC,143.28,STATIC
1.4166666666666667,34,20.71,STATIC,44.44,STATIC,95.57,STATIC,95.60,STATIC,92.87,STATIC,89.52,STATIC,72.63,STATIC,140.50,STATIC
1.4583333333333335,35,19.40,STATIC,46.24,STATIC,94.73,STATIC,95.52,STATIC,92.67,STATIC,89.20,STATIC,70.43,STATIC,136.29,STATIC
1.5,36,25.14,EXTENSION,42.85,STATIC,95.08,STATIC,95.87,STATIC,92.84,STATIC,89.25,STATIC,70.47,STATIC,135.68,STATIC
1.5416666666666667,37,22.95,STATIC,51.15,EXTENSION,94.29,STATIC,95.69,STATIC,92.09,STATIC,88.57,STATIC,67.96,STATIC,136.69,STATIC
1.5833333333333335,38,22.83,STATIC,43.34,FLEXION,93.25,STATIC,94.58,STATIC,92.36,STATIC,89.04,STATIC,68.31,STATIC,137.50,STATIC
1.625,39,18.13,STATIC,75.54,EXTENSION,97.24,STATIC,96.57,STATIC,92.14,STATIC,88.04,STATIC,68.30,STATIC,138.38,STATIC
1.6666666666666667,40,19.74,STATIC,93.31,EXTENSION,94.95,STATIC,95.34,STATIC,90.54,STATIC,83.13,STATIC,58.21,FLEXION,131.81,FLEXION
1.7916666666666667,43,64.73,EXTENSION,120.41,EXTENSION,49.29,FLEXION,54.57,FLEXION,128.05,EXTENSION,129.50,EXTENSION,120.06,EXTENSION,123.85,FLEXION
1.8333333333333335,44,83.78,EXTENSION,126.94,EXTENSION,38.98,FLEXION,47.67,FLEXION,137.03,EXTENSION,135.80,EXTENSION,123.90,STATIC,123.68,STATIC
1.8750000000000002,45,90.01,EXTENSION,124.89,STATIC,34.69,STATIC,41.31,FLEXION,147.06,EXTENSION,149.21,EXTENSION,130.34,EXTENSION,131.98,EXTENSION
1.9166666666666667,46,93.42,STATIC,118.81,FLEXION,34.04,STATIC,31.00,FLEXION,147.90,STATIC,153.51,STATIC,133.52,STATIC,137.47,EXTENSION
1.9583333333333335,47,91.93,STATIC,117.96,STATIC,32.12,STATIC,32.20,STATIC,158.06,EXTENSION,159.73,EXTENSION,130.05,STATIC,136.09,STATIC
2.001666666666667,48,98.16,EXTENSION,122.30,STATIC,32.96,STATIC,30.59,STATIC,165.59,EXTENSION,166.65,EXTENSION,132.25,STATIC,137.10,STATIC
2.0433333333333334,49,100.31,STATIC,125.62,STATIC,34.33,STATIC,28.60,STATIC,163.84,STATIC,167.55,STATIC,132.09,STATIC,136.80,STATIC
2.085,50,96.79,STATIC,127.83,STATIC,35.64,STATIC,25.21,STATIC,166.89,STATIC,175.06,EXTENSION,133.47,STATIC,136.83,STATIC
2.126666666666667,51,96.47,STATIC,130.35,STATIC,34.84,STATIC,23.68,STATIC,168.92,STATIC,178.63,STATIC,134.27,STATIC,139.75,STATIC
2.1683333333333334,52,98.53,STATIC,132.70,STATIC,32.46,STATIC,20.97,STATIC,172.10,STATIC,174.53,STATIC,135.93,STATIC,141.34,STATIC
2.21,53,100.58,STATIC,126.55,FLEXION,31.96,STATIC,16.77,STATIC,170.25,STATIC,173.52,STATIC,135.25,STATIC,140.72,STATIC
2.251666666666667,54,103.33,STATIC,128.68,STATIC,29.47,STATIC,14.15,STATIC,170.91,STATIC,168.67,STATIC,136.93,STATIC,142.19,STATIC
2.2933333333333334,55,104.28,STATIC,128.44,STATIC,27.72,STATIC,11.71,STATIC,169.23,STATIC,168.54,STATIC,138.21,STATIC,142.02,STATIC
2.335,56,107.90,STATIC,134.16,EXTENSION,27.44,STATIC,11.61,STATIC,168.81,STATIC,165.92,STATIC,139.15,STATIC,142.75,STATIC
2.376666666666667,57,111.04,STATIC,138.18,STATIC,25.33,STATIC,9.11,STATIC,169.68,STATIC,166.35,STATIC,137.74,STATIC,140.57,STATIC
2.4183333333333334,58,118.04,EXTENSION,146.81,EXTENSION,23.49,STATIC,8.53,STATIC,170.69,STATIC,171.35,STATIC,138.02,STATIC,140.62,STATIC
2.46,59,127.04,EXTENSION,157.83,EXTENSION,24.75,STATIC,10.01,STATIC,173.04,STATIC,176.04,STATIC,141.57,STATIC,139.81,STATIC
2.501666666666667,60,142.67,EXTENSION,161.07,STATIC,27.96,STATIC,18.45,EXTENSION,174.00,STATIC,176.45,STATIC,143.15,STATIC,144.12,STATIC
2.5433333333333334,61,134.11,FLEXION,154.10,FLEXION,30.55,STATIC,23.14,STATIC,174.12,STATIC,176.88,STATIC,149.85,EXTENSION,151.11,EXTENSION
2.585,62,142.70,EXTENSION,154.99,STATIC,30.75,STATIC,21.97,STATIC,173.62,STATIC,176.18,STATIC,151.42,STATIC,154.22,STATIC
2.626666666666667,63,148.86,EXTENSION,157.25,STATIC,30.28,STATIC,21.61,STATIC,169.50,STATIC,173.80,STATIC,145.53,FLEXION,160.85,EXTENSION
2.6683333333333334,64,150.91,STATIC,160.75,STATIC,33.72,STATIC,24.20,STATIC,163.31,FLEXION,171.18,STATIC,142.98,STATIC,170.35,EXTENSION
2.71,65,143.04,FLEXION,160.37,STATIC,36.52,STATIC,27.33,STATIC,157.83,FLEXION,158.94,FLEXION,141.98,STATIC,155.29,FLEXION
2.751666666666667,66,154.00,EXTENSION,160.54,STATIC,38.71,STATIC,28.92,STATIC,153.83,STATIC,155.62,STATIC,141.08,STATIC,156.94,STATIC
2.7933333333333334,67,146.96,FLEXION,160.71,STATIC,39.94,STATIC,29.49,STATIC,148.93,STATIC,150.74,STATIC,139.01,STATIC,154.40,STATIC
2.835,68,146.96,STATIC,161.88,STATIC,43.37,STATIC,32.05,STATIC,144.76,STATIC,147.10,STATIC,135.84,STATIC,155.81,STATIC
2.876666666666667,69,146.08,STATIC,159.76,STATIC,46.41,STATIC,34.67,STATIC,142.99,STATIC,144.26,STATIC,139.51,STATIC,158.56,STATIC
2.9183333333333334,70,148.40,STATIC,162.96,STATIC,49.01,STATIC,34.73,STATIC,140.02,STATIC,143.50,STATIC,139.84,STATIC,157.53,STATIC
2.9600000000000004,71,150.90,STATIC,161.06,STATIC,49.82,STATIC,32.32,STATIC,135.62,STATIC,143.08,STATIC,134.10,FLEXION,157.13,STATIC
3.001666666666667,72,141.14,FLEXION,157.23,STATIC,51.92,STATIC,33.12,STATIC,134.55,STATIC,141.79,STATIC,144.66,EXTENSION,165.96,EXTENSION
3.0433333333333334,73,144.74,STATIC,155.42,STATIC,53.51,STATIC,34.66,STATIC,133.67,STATIC,140.12,STATIC,150.60,EXTENSION,169.41,STATIC
3.0850000000000004,74,152.17,EXTENSION,153.64,STATIC,54.78,STATIC,34.88,STATIC,131.26,STATIC,137.82,STATIC,152.99,STATIC,165.92,STATIC
3.126666666666667,75,159.19,EXTENSION,154.06,STATIC,55.50,STATIC,29.06,FLEXION,130.62,STATIC,137.82,STATIC,157.04,STATIC,167.79,STATIC
3.1683333333333334,76,162.34,STATIC,155.85,STATIC,56.21,STATIC,23.40,FLEXION,129.84,STATIC,137.51,STATIC,160.16,STATIC,170.50,STATIC
3.2100000000000004,77,163.44,STATIC,157.03,STATIC,57.09,STATIC,24.02,STATIC,128.60,STATIC,136.52,STATIC,162.20,STATIC,172.81,STATIC
3.251666666666667,78,168.11,STATIC,156.28,STATIC,57.98,STATIC,23.40,STATIC,127.68,STATIC,136.58,STATIC,163.78,STATIC,175.69,STATIC
3.2933333333333334,79,170.44,STATIC,155.05,STATIC,58.75,STATIC,24.09,STATIC,127.72,STATIC,134.94,STATIC,165.74,STATIC,174.94,STATIC
3.3350000000000004,80,172.51,STATIC,150.77,STATIC,58.81,STATIC,24.03,STATIC,127.02,STATIC,133.84,STATIC,168.49,STATIC,173.22,STATIC
3.376666666666667,81,173.40,STATIC,145.87,STATIC,58.28,STATIC,22.78,STATIC,126.29,STATIC,134.90,STATIC,171.55,STATIC,174.36,STATIC
3.4183333333333334,82,174.55,STATIC,145.44,STATIC,57.81,STATIC,23.00,STATIC,125.57,STATIC,136.59,STATIC,173.30,STATIC,173.67,STATIC
3.4600000000000004,83,174.01,STATIC,142.13,STATIC,57.04,STATIC,21.51,STATIC,124.76,STATIC,137.28,STATIC,173.72,STATIC,172.28,STATIC
3.501666666666667,84,173.35,STATIC,141.14,STATIC,56.92,STATIC,21.19,STATIC,124.32,STATIC,137.95,STATIC,172.93,STATIC,173.32,STATIC
3.5433333333333334,85,172.61,STATIC,141.34,STATIC,56.06,STATIC,21.25,STATIC,123.88,STATIC,138.79,STATIC,171.37,STATIC,173.99,STATIC
3.5850000000000004,86,172.35,STATIC,141.06,STATIC,56.13,STATIC,20.91,STATIC,123.78,STATIC,140.93,STATIC,170.84,STATIC,173.03,STATIC
3.626666666666667,87,171.16,STATIC,142.86,STATIC,55.52,STATIC,20.58,STATIC,124.36,STATIC,143.80,STATIC,169.83,STATIC,172.60,STATIC
3.6683333333333334,88,169.13,STATIC,142.96,STATIC,55.33,STATIC,21.94,STATIC,125.71,STATIC,146.51,STATIC,167.71,STATIC,171.69,STATIC
3.7100000000000004,89,167.32,STATIC,140.20,STATIC,57.58,STATIC,24.06,STATIC,124.98,STATIC,149.28,STATIC,166.53,STATIC,169.43,STATIC
3.751666666666667,90,167.51,STATIC,138.94,STATIC,61.29,STATIC,23.53,STATIC,125.02,STATIC,150.74,STATIC,165.07,STATIC,169.64,STATIC
3.7933333333333334,91,168.99,STATIC,138.02,STATIC,65.02,STATIC,24.77,STATIC,124.72,STATIC,151.58,STATIC,163.30,STATIC,169.85,STATIC
3.8350000000000004,92,170.08,STATIC,138.84,STATIC,67.54,STATIC,23.31,STATIC,126.34,STATIC,152.70,STATIC,162.08,STATIC,169.28,STATIC
3.876666666666667,93,170.94,STATIC,140.38,STATIC,69.58,STATIC,24.42,STATIC,127.08,STATIC,154.26,STATIC,161.16,STATIC,168.95,STATIC
3.9183333333333334,94,170.68,STATIC,139.60,STATIC,72.21,STATIC,26.51,STATIC,127.30,STATIC,154.97,STATIC,159.62,STATIC,166.94,STATIC
3.9600000000000004,95,167.36,STATIC,140.84,STATIC,73.97,STATIC,24.67,STATIC,128.46,STATIC,155.43,STATIC,159.28,STATIC,167.25,STATIC
4.001666666666667,96,167.32,STATIC,140.05,STATIC,75.48,STATIC,24.85,STATIC,129.58,STATIC,152.56,STATIC,160.05,STATIC,167.72,STATIC
4.043333333333334,97,163.50,STATIC,141.07,STATIC,76.59,STATIC,26.23,STATIC,131.13,STATIC,151.24,STATIC,158.18,STATIC,170.95,STATIC
4.085,98,164.90,STATIC,142.55,STATIC,77.43,STATIC,26.28,STATIC,132.10,STATIC,150.48,STATIC,156.89,STATIC,173.76,STATIC
4.126666666666667,99,165.25,STATIC,143.48,STATIC,78.34,STATIC,27.60,STATIC,133.76,STATIC,151.88,STATIC,158.14,STATIC,174.67,STATIC
4.168333333333334,100,162.54,STATIC,141.46,STATIC,79.20,STATIC,28.55,STATIC,136.17,STATIC,152.15,STATIC,157.13,STATIC,175.09,STATIC
4.21,101,161.66,STATIC,139.85,STATIC,79.91,STATIC,29.81,STATIC,138.41,STATIC,152.58,STATIC,157.76,STATIC,174.93,STATIC
4.251666666666667,102,161.05,STATIC,141.04,STATIC,79.96,STATIC,30.77,STATIC,139.73,STATIC,153.55,STATIC,159.79,STATIC,174.62,STATIC
4.293333333333334,103,158.51,STATIC,141.43,STATIC,80.26,STATIC,31.69,STATIC,141.50,STATIC,154.80,STATIC,159.54,STATIC,174.52,STATIC
4.335,104,157.63,STATIC,142.15,STATIC,80.59,STATIC,34.27,STATIC,142.51,STATIC,155.67,STATIC,158.34,STATIC,175.15,STATIC
4.376666666666667,105,155.58,STATIC,140.69,STATIC,80.76,STATIC,33.81,STATIC,142.56,STATIC,158.80,STATIC,157.38,STATIC,175.68,STATIC
4.418333333333334,106,153.99,STATIC,139.12,STATIC,81.39,STATIC,33.75,STATIC,142.39,STATIC,157.70,STATIC,155.82,STATIC,176.72,STATIC
4.46,107,151.88,STATIC,136.69,STATIC,82.29,STATIC,32.48,STATIC,145.11,STATIC,157.65,STATIC,156.10,STATIC,176.15,STATIC
4.501666666666667,108,150.08,STATIC,135.39,STATIC,82.28,STATIC,32.80,STATIC,143.12,STATIC,156.97,STATIC,154.57,STATIC,175.07,STATIC
4.543333333333334,109,151.59,STATIC,134.12,STATIC,82.38,STATIC,32.78,STATIC,138.12,STATIC,156.20,STATIC,153.78,STATIC,172.66,STATIC
4.585,110,143.96,FLEXION,131.70,STATIC,83.17,STATIC,33.71,STATIC,134.75,STATIC,156.11,STATIC,153.01,STATIC,171.91,STATIC
4.626666666666667,111,136.17,FLEXION,132.50,STATIC,83.51,STATIC,34.23,STATIC,130.85,STATIC,157.44,STATIC,151.58,STATIC,170.90,STATIC
4.668333333333334,112,137.80,STATIC,132.74,STATIC,83.38,STATIC,35.48,STATIC,128.01,STATIC,158.02,STATIC,149.37,STATIC,170.90,STATIC
4.71,113,135.18,STATIC,132.84,STATIC,83.46,STATIC,35.56,STATIC,126.88,STATIC,158.26,STATIC,144.46,STATIC,168.08,STATIC
4.751666666666667,114,132.57,STATIC,133.28,STATIC,83.53,STATIC,34.86,STATIC,124.73,STATIC,158.88,STATIC,142.62,STATIC,167.55,STATIC
4.793333333333334,115,129.30,STATIC,133.24,STATIC,83.66,STATIC,34.60,STATIC,124.05,STATIC,159.55,STATIC,138.91,STATIC,167.09,STATIC
4.835,116,126.33,STATIC,134.78,STATIC,83.74,STATIC,35.44,STATIC,122.06,STATIC,160.93,STATIC,137.28,STATIC,167.05,STATIC
4.876666666666667,117,122.48,STATIC,135.33,STATIC,83.75,STATIC,37.97,STATIC,121.25,STATIC,162.26,STATIC,130.26,FLEXION,168.88,STATIC
4.918333333333334,118,118.42,STATIC,136.90,STATIC,83.83,STATIC,39.29,STATIC,119.65,STATIC,163.89,STATIC,124.20,FLEXION,168.72,STATIC
4.96,119,115.49,STATIC,137.10,STATIC,83.87,STATIC,39.73,STATIC,118.41,STATIC,165.92,STATIC,119.61,STATIC,168.72,STATIC
5.001666666666667,120,111.67,STATIC,139.46,STATIC,83.87,STATIC,42.23,STATIC,117.39,STATIC,166.74,STATIC,116.23,STATIC,169.26,STATIC
5.043333333333334,121,108.09,STATIC,140.75,STATIC,83.89,STATIC,42.82,STATIC,115.97,STATIC,167.05,STATIC,110.64,FLEXION,168.70,STATIC
5.085,122,106.13,STATIC,141.81,STATIC,83.93,STATIC,40.82,STATIC,115.29,STATIC,167.44,STATIC,106.28,STATIC,167.90,STATIC
5.126666666666667,123,105.01,STATIC,142.48,STATIC,83.92,STATIC,40.87,STATIC,114.59,STATIC,167.71,STATIC,103.36,STATIC,167.96,STATIC
5.168333333333334,124,104.85,STATIC,141.96,STATIC,84.00,STATIC,40.49,STATIC,113.41,STATIC,166.43,STATIC,98.20,FLEXION,167.72,STATIC
5.21,125,103.32,STATIC,138.93,STATIC,83.98,STATIC,42.09,STATIC,112.20,STATIC,165.23,STATIC,92.50,FLEXION,164.65,STATIC
5.251666666666667,126,103.00,STATIC,139.25,STATIC,83.97,STATIC,41.36,STATIC,112.20,STATIC,165.86,STATIC,89.86,STATIC,164.52,STATIC
5.293333333333334,127,102.57,STATIC,139.17,STATIC,83.97,STATIC,41.41,STATIC,111.33,STATIC,165.13,STATIC,85.47,STATIC,162.56,STATIC
5.335,128,100.85,STATIC,138.02,STATIC,84.08,STATIC,41.62,STATIC,110.93,STATIC,165.63,STATIC,82.69,STATIC,161.41,STATIC
5.376666666666667,129,99.24,STATIC,136.52,STATIC,84.29,STATIC,41.99,STATIC,110.62,STATIC,164.89,STATIC,80.66,STATIC,160.06,STATIC
5.418333333333334,130,97.55,STATIC,135.98,STATIC,84.51,STATIC,41.25,STATIC,110.59,STATIC,164.41,STATIC,81.83,STATIC,159.96,STATIC
5.46,131,96.34,STATIC,134.64,STATIC,84.59,STATIC,39.13,STATIC,110.80,STATIC,164.31,STATIC,82.01,STATIC,159.78,STATIC
5.501666666666667,132,94.66,STATIC,135.21,STATIC,84.62,STATIC,38.59,STATIC,110.72,STATIC,164.33,STATIC,81.01,STATIC,159.29,STATIC
5.543333333333334,133,93.66,STATIC,134.29,STATIC,84.66,STATIC,36.77,STATIC,110.47,STATIC,163.70,STATIC,83.33,STATIC,160.51,STATIC
5.585,134,93.24,STATIC,132.83,STATIC,84.78,STATIC,36.16,STATIC,110.40,STATIC,164.46,STATIC,84.84,STATIC,160.69,STATIC
5.626666666666667,135,92.72,STATIC,132.02,STATIC,84.90,STATIC,36.46,STATIC,110.29,STATIC,164.95,STATIC,84.89,STATIC,161.61,STATIC
5.668333333333334,136,92.04,STATIC,131.45,STATIC,85.01,STATIC,36.82,STATIC,110.09,STATIC,165.77,STATIC,84.39,STATIC,161.08,STATIC
5.71,137,91.33,STATIC,132.12,STATIC,85.07,STATIC,37.58,STATIC,109.87,STATIC,165.89,STATIC,83.64,STATIC,161.89,STATIC
5.751666666666667,138,89.86,STATIC,139.44,EXTENSION,85.23,STATIC,38.40,STATIC,109.65,STATIC,164.35,STATIC,84.89,STATIC,160.53,STATIC
5.793333333333334,139,88.85,STATIC,137.85,STATIC,85.26,STATIC,39.94,STATIC,109.26,STATIC,165.50,STATIC,84.25,STATIC,160.43,STATIC
5.835,140,87.59,STATIC,135.86,STATIC,85.25,STATIC,42.36,STATIC,109.10,STATIC,165.29,STATIC,84.20,STATIC,159.39,STATIC
5.876666666666667,141,87.75,STATIC,134.22,STATIC,85.17,STATIC,41.55,STATIC,109.80,STATIC,163.98,STATIC,85.99,STATIC,159.14,STATIC
5.918333333333334,142,88.00,STATIC,134.50,STATIC,85.07,STATIC,41.29,STATIC,110.61,STATIC,163.32,STATIC,88.08,STATIC,158.52,STATIC
5.96,143,88.41,STATIC,136.95,STATIC,84.98,STATIC,42.63,STATIC,111.27,STATIC,163.81,STATIC,88.81,STATIC,158.68,STATIC
6.001666666666667,144,88.16,STATIC,140.55,STATIC,84.97,STATIC,43.89,STATIC,111.63,STATIC,164.86,STATIC,87.87,STATIC,158.96,STATIC
6.045000000000001,145,88.75,STATIC,142.08,STATIC,84.99,STATIC,44.86,STATIC,111.34,STATIC,165.37,STATIC,87.99,STATIC,160.82,STATIC
6.086666666666667,146,89.30,STATIC,141.95,STATIC,84.98,STATIC,44.77,STATIC,111.01,STATIC,164.37,STATIC,88.58,STATIC,163.04,STATIC
6.128333333333334,147,89.10,STATIC,141.37,STATIC,85.01,STATIC,45.68,STATIC,110.43,STATIC,163.44,STATIC,87.94,STATIC,164.97,STATIC
6.170000000000001,148,89.35,STATIC,143.61,STATIC,85.00,STATIC,44.83,STATIC,109.88,STATIC,164.32,STATIC,87.13,STATIC,167.57,STATIC
6.211666666666667,149,88.96,STATIC,146.14,STATIC,85.04,STATIC,44.70,STATIC,109.70,STATIC,165.09,STATIC,86.63,STATIC,168.72,STATIC
6.253333333333334,150,88.52,STATIC,146.19,STATIC,85.10,STATIC,44.75,STATIC,109.49,STATIC,165.29,STATIC,85.70,STATIC,168.70,STATIC
6.295000000000001,151,87.26,STATIC,146.96,STATIC,85.14,STATIC,44.27,STATIC,109.10,STATIC,163.65,STATIC,85.55,STATIC,167.57,STATIC
6.336666666666667,152,85.84,STATIC,146.59,STATIC,85.16,STATIC,44.03,STATIC,108.98,STATIC,163.18,STATIC,85.65,STATIC,166.73,STATIC
6.378333333333334,153,82.58,STATIC,147.72,STATIC,85.17,STATIC,43.69,STATIC,108.66,STATIC,162.95,STATIC,85.15,STATIC,165.74,STATIC
6.420000000000001,154,81.01,STATIC,146.13,STATIC,85.15,STATIC,42.88,STATIC,108.55,STATIC,163.03,STATIC,84.56,STATIC,165.17,STATIC
6.461666666666667,155,80.29,STATIC,145.52,STATIC,85.12,STATIC,42.94,STATIC,108.18,STATIC,163.05,STATIC,83.27,STATIC,164.07,STATIC
6.503333333333334,156,79.79,STATIC,144.64,STATIC,85.13,STATIC,43.31,STATIC,107.98,STATIC,163.05,STATIC,82.91,STATIC,163.64,STATIC
6.545000000000001,157,79.74,STATIC,143.81,STATIC,85.11,STATIC,43.20,STATIC,107.58,STATIC,162.75,STATIC,82.19,STATIC,162.53,STATIC
6.586666666666667,158,80.47,STATIC,141.28,STATIC,85.09,STATIC,43.11,STATIC,107.09,STATIC,162.62,STATIC,81.79,STATIC,161.52,STATIC
6.628333333333334,159,81.55,STATIC,140.78,STATIC,85.09,STATIC,43.31,STATIC,106.86,STATIC,162.51,STATIC,81.86,STATIC,161.16,STATIC
6.670000000000001,160,82.13,STATIC,138.87,STATIC,85.05,STATIC,43.13,STATIC,106.52,STATIC,161.78,STATIC,81.91,STATIC,160.07,STATIC
6.711666666666667,161,83.07,STATIC,138.45,STATIC,85.04,STATIC,43.12,STATIC,106.46,STATIC,161.65,STATIC,82.55,STATIC,159.70,STATIC
6.753333333333334,162,84.87,STATIC,137.17,STATIC,84.96,STATIC,43.71,STATIC,106.67,STATIC,162.31,STATIC,81.90,STATIC,159.34,STATIC
6.795000000000001,163,86.73,STATIC,137.35,STATIC,84.90,STATIC,43.66,STATIC,106.99,STATIC,162.63,STATIC,81.21,STATIC,159.06,STATIC
6.836666666666667,164,87.88,STATIC,137.02,STATIC,84.74,STATIC,44.03,STATIC,107.13,STATIC,162.87,STATIC,81.59,STATIC,159.48,STATIC
6.878333333333334,165,88.76,STATIC,137.59,STATIC,84.65,STATIC,44.22,STATIC,107.29,STATIC,162.00,STATIC,81.85,STATIC,159.16,STATIC
6.920000000000001,166,90.37,STATIC,138.69,STATIC,84.55,STATIC,43.81,STATIC,107.29,STATIC,161.60,STATIC,81.38,STATIC,158.50,STATIC
6.961666666666667,167,91.22,STATIC,139.75,STATIC,84.51,STATIC,43.35,STATIC,107.39,STATIC,161.85,STATIC,80.75,STATIC,158.51,STATIC
7.003333333333334,168,91.78,STATIC,140.65,STATIC,84.51,STATIC,43.10,STATIC,107.56,STATIC,162.51,STATIC,79.62,STATIC,158.90,STATIC
7.045000000000001,169,92.13,STATIC,141.37,STATIC,84.52,STATIC,43.07,STATIC,107.74,STATIC,162.92,STATIC,78.38,STATIC,159.25,STATIC
7.086666666666667,170,92.27,STATIC,142.91,STATIC,84.51,STATIC,42.59,STATIC,107.93,STATIC,163.21,STATIC,78.76,STATIC,159.72,STATIC
7.128333333333334,171,93.24,STATIC,144.87,STATIC,84.48,STATIC,42.42,STATIC,108.33,STATIC,164.01,STATIC,77.74,STATIC,160.42,STATIC
7.170000000000001,172,92.71,STATIC,146.03,STATIC,84.48,STATIC,42.04,STATIC,108.45,STATIC,164.26,STATIC,78.04,STATIC,160.99,STATIC
7.211666666666667,173,92.48,STATIC,147.04,STATIC,84.47,STATIC,41.74,STATIC,108.74,STATIC,164.64,STATIC,78.29,STATIC,161.52,STATIC
7.253333333333334,174,92.79,STATIC,147.16,STATIC,84.45,STATIC,41.73,STATIC,108.74,STATIC,164.71,STATIC,77.97,STATIC,161.76,STATIC
7.295000000000001,175,94.51,STATIC,146.91,STATIC,84.45,STATIC,41.42,STATIC,108.89,STATIC,163.72,STATIC,78.03,STATIC,160.75,STATIC
7.336666666666667,176,95.84,STATIC,147.01,STATIC,84.46,STATIC,41.39,STATIC,108.97,STATIC,162.43,STATIC,77.84,STATIC,158.94,STATIC
7.378333333333334,177,97.48,STATIC,145.99,STATIC,84.48,STATIC,41.85,STATIC,108.98,STATIC,161.52,STATIC,78.07,STATIC,157.32,STATIC
7.420000000000001,178,99.21,STATIC,145.63,STATIC,84.52,STATIC,42.07,STATIC,109.04,STATIC,160.89,STATIC,77.75,STATIC,156.09,STATIC
7.461666666666667,179,101.74,STATIC,145.45,STATIC,84.40,STATIC,42.71,STATIC,109.55,STATIC,160.74,STATIC,77.77,STATIC,155.35,STATIC
7.503333333333334,180,104.38,STATIC,144.79,STATIC,84.45,STATIC,42.42,STATIC,109.63,STATIC,160.11,STATIC,77.89,STATIC,154.63,STATIC
7.545000000000001,181,107.85,STATIC,143.67,STATIC,84.64,STATIC,43.51,STATIC,109.75,STATIC,159.05,STATIC,78.37,STATIC,153.76,STATIC
7.586666666666667,182,110.93,STATIC,143.12,STATIC,84.92,STATIC,42.33,STATIC,110.15,STATIC,158.42,STATIC,80.06,STATIC,154.39,STATIC
7.628333333333334,183,111.34,STATIC,140.40,STATIC,84.91,STATIC,43.24,STATIC,110.40,STATIC,158.62,STATIC,81.06,STATIC,154.04,STATIC
7.670000000000001,184,109.43,STATIC,139.96,STATIC,85.02,STATIC,43.15,STATIC,110.02,STATIC,160.45,STATIC,80.49,STATIC,153.99,STATIC
7.711666666666667,185,106.92,STATIC,137.42,STATIC,85.10,STATIC,41.85,STATIC,109.89,STATIC,161.12,STATIC,81.65,STATIC,155.45,STATIC
7.753333333333334,186,105.76,STATIC,138.12,STATIC,85.11,STATIC,41.60,STATIC,110.15,STATIC,162.19,STATIC,81.64,STATIC,156.68,STATIC
7.795000000000001,187,106.45,STATIC,136.79,STATIC,85.18,STATIC,40.26,STATIC,109.87,STATIC,162.36,STATIC,81.01,STATIC,157.52,STATIC
7.836666666666667,188,106.20,STATIC,137.57,STATIC,85.19,STATIC,40.36,STATIC,109.98,STATIC,162.93,STATIC,81.12,STATIC,158.72,STATIC
7.878333333333334,189,105.99,STATIC,137.71,STATIC,85.15,STATIC,40.49,STATIC,110.18,STATIC,164.04,STATIC,78.91,STATIC,159.26,STATIC
7.920000000000001,190,106.63,STATIC,138.19,STATIC,85.07,STATIC,40.69,STATIC,110.35,STATIC,163.99,STATIC,78.33,STATIC,159.61,STATIC
7.961666666666667,191,106.95,STATIC,139.65,STATIC,84.98,STATIC,41.90,STATIC,110.29,STATIC,164.18,STATIC,76.61,STATIC,159.85,STATIC
8.003333333333334,192,106.27,STATIC,141.85,STATIC,84.73,STATIC,43.43,STATIC,110.48,STATIC,164.37,STATIC,74.88,STATIC,159.84,STATIC
8.045,193,106.56,STATIC,143.28,STATIC,84.57,STATIC,43.62,STATIC,110.21,STATIC,164.20,STATIC,73.49,STATIC,159.74,STATIC
8.086666666666668,194,106.41,STATIC,145.05,STATIC,84.50,STATIC,44.25,STATIC,110.17,STATIC,164.29,STATIC,72.78,STATIC,159.40,STATIC
8.128333333333334,195,105.34,STATIC,150.58,EXTENSION,84.47,STATIC,44.58,STATIC,109.99,STATIC,164.57,STATIC,73.21,STATIC,158.72,STATIC
8.17,196,104.16,STATIC,152.24,STATIC,84.44,STATIC,45.65,STATIC,109.86,STATIC,164.81,STATIC,74.31,STATIC,158.68,STATIC
8.211666666666668,197,103.28,STATIC,150.88,STATIC,84.35,STATIC,45.60,STATIC,109.98,STATIC,165.12,STATIC,74.44,STATIC,157.53,STATIC
8.253333333333334,198,103.01,STATIC,150.56,STATIC,84.27,STATIC,42.41,STATIC,109.84,STATIC,165.32,STATIC,71.73,STATIC,155.73,STATIC
8.295,199,102.39,STATIC,150.68,STATIC,84.16,STATIC,41.61,STATIC,109.15,STATIC,165.68,STATIC,70.59,STATIC,156.65,STATIC
8.336666666666668,200,101.99,STATIC,148.40,STATIC,84.09,STATIC,44.23,STATIC,108.74,STATIC,165.71,STATIC,68.84,STATIC,155.52,STATIC
8.378333333333334,201,101.72,STATIC,146.96,STATIC,84.08,STATIC,43.30,STATIC,108.11,STATIC,165.00,STATIC,68.12,STATIC,153.28,STATIC
8.42,202,101.42,STATIC,146.68,STATIC,84.04,STATIC,44.28,STATIC,107.94,STATIC,163.50,STATIC,67.65,STATIC,153.52,STATIC
8.461666666666668,203,101.65,STATIC,144.78,STATIC,84.04,STATIC,44.74,STATIC,108.35,STATIC,160.30,STATIC,66.35,STATIC,154.41,STATIC
8.503333333333334,204,101.15,STATIC,145.24,STATIC,84.04,STATIC,43.40,STATIC,108.59,STATIC,160.70,STATIC,66.21,STATIC,156.53,STATIC
8.545,205,100.98,STATIC,143.11,STATIC,84.08,STATIC,44.45,STATIC,108.80,STATIC,159.76,STATIC,67.24,STATIC,157.91,STATIC
8.586666666666668,206,100.29,STATIC,140.49,STATIC,84.12,STATIC,44.39,STATIC,108.57,STATIC,160.25,STATIC,67.95,STATIC,158.97,STATIC
8.628333333333334,207,99.39,STATIC,138.77,STATIC,84.21,STATIC,45.08,STATIC,108.06,STATIC,160.83,STATIC,66.64,STATIC,159.32,STATIC
8.67,208,99.03,STATIC,137.89,STATIC,84.23,STATIC,44.71,STATIC,107.88,STATIC,160.10,STATIC,63.62,STATIC,160.04,STATIC
8.711666666666668,209,97.70,STATIC,137.69,STATIC,84.26,STATIC,45.89,STATIC,107.88,STATIC,158.04,STATIC,62.14,STATIC,160.59,STATIC
8.753333333333334,210,96.74,STATIC,137.98,STATIC,84.28,STATIC,45.40,STATIC,108.21,STATIC,156.08,STATIC,60.19,STATIC,161.02,STATIC
8.795,211,95.36,STATIC,136.09,STATIC,84.25,STATIC,46.50,STATIC,108.80,STATIC,154.94,STATIC,60.27,STATIC,161.81,STATIC
8.836666666666668,212,94.08,STATIC,138.70,STATIC,84.18,STATIC,47.87,STATIC,109.02,STATIC,155.91,STATIC,60.07,STATIC,162.47,STATIC
8.878333333333334,213,93.72,STATIC,141.40,STATIC,84.09,STATIC,46.27,STATIC,108.65,STATIC,154.94,STATIC,58.74,STATIC,162.98,STATIC
8.92,214,93.74,STATIC,143.77,STATIC,84.16,STATIC,43.42,STATIC,107.64,STATIC,156.67,STATIC,53.49,FLEXION,163.09,STATIC
8.961666666666668,215,93.55,STATIC,146.46,STATIC,84.19,STATIC,42.69,STATIC,107.41,STATIC,156.78,STATIC,53.70,STATIC,163.85,STATIC
9.003333333333334,216,92.20,STATIC,148.99,STATIC,84.18,STATIC,43.29,STATIC,107.42,STATIC,157.91,STATIC,55.10,STATIC,164.23,STATIC
9.045,217,90.79,STATIC,150.02,STATIC,84.19,STATIC,42.77,STATIC,107.62,STATIC,160.05,STATIC,56.75,STATIC,165.21,STATIC
9.086666666666668,218,88.89,STATIC,150.68,STATIC,84.03,STATIC,42.49,STATIC,107.61,STATIC,164.48,STATIC,58.54,STATIC,166.22,STATIC
9.128333333333334,219,87.87,STATIC,153.06,STATIC,83.82,STATIC,45.31,STATIC,108.00,STATIC,161.98,STATIC,61.18,STATIC,166.54,STATIC
9.17,220,87.59,STATIC,153.75,STATIC,83.80,STATIC,48.05,STATIC,107.39,STATIC,155.42,FLEXION,58.25,STATIC,165.73,STATIC
9.211666666666668,221,87.21,STATIC,152.42,STATIC,83.68,STATIC,50.10,STATIC,106.94,STATIC,154.04,STATIC,56.79,STATIC,165.83,STATIC
9.253333333333334,222,87.02,STATIC,152.13,STATIC,83.69,STATIC,49.52,STATIC,106.18,STATIC,155.34,STATIC,54.86,STATIC,166.46,STATIC
9.295,223,86.22,STATIC,152.57,STATIC,83.63,STATIC,49.53,STATIC,105.87,STATIC,156.42,STATIC,53.88,STATIC,166.21,STATIC
9.336666666666668,224,84.90,STATIC,154.17,STATIC,83.55,STATIC,50.13,STATIC,105.49,STATIC,159.07,STATIC,53.63,STATIC,166.94,STATIC
9.378333333333334,225,83.58,STATIC,153.70,STATIC,83.69,STATIC,48.95,STATIC,105.11,STATIC,162.69,STATIC,53.54,STATIC,168.30,STATIC
9.42,226,81.55,STATIC,154.02,STATIC,83.55,STATIC,48.95,STATIC,105.04,STATIC,163.40,STATIC,54.72,STATIC,169.02,STATIC
9.461666666666668,227,81.20,STATIC,151.43,STATIC,83.74,STATIC,48.85,STATIC,104.94,STATIC,165.31,STATIC,55.01,STATIC,169.92,STATIC
9.503333333333334,228,81.30,STATIC,151.47,STATIC,83.93,STATIC,48.68,STATIC,105.17,STATIC,168.60,STATIC,56.81,STATIC,170.88,STATIC
9.545,229,81.61,STATIC,148.59,STATIC,84.02,STATIC,48.35,STATIC,106.12,STATIC,169.74,STATIC,60.15,STATIC,171.48,STATIC
9.586666666666668,230,81.24,STATIC,146.69,STATIC,84.08,STATIC,48.17,STATIC,107.06,STATIC,170.00,STATIC,61.41,STATIC,171.73,STATIC
9.628333333333334,231,81.09,STATIC,146.15,STATIC,84.12,STATIC,47.51,STATIC,107.60,STATIC,170.84,STATIC,64.10,STATIC,171.89,STATIC
9.67,232,80.29,STATIC,144.03,STATIC,84.16,STATIC,48.61,STATIC,108.20,STATIC,170.09,STATIC,65.34,STATIC,171.98,STATIC
9.711666666666668,233,79.55,STATIC,142.69,STATIC,84.19,STATIC,48.02,STATIC,108.93,STATIC,169.86,STATIC,67.08,STATIC,172.11,STATIC
9.753333333333334,234,79.13,STATIC,142.44,STATIC,84.23,STATIC,48.10,STATIC,109.50,STATIC,170.48,STATIC,68.28,STATIC,172.11,STATIC
9.795,235,78.79,STATIC,143.45,STATIC,84.26,STATIC,48.70,STATIC,109.97,STATIC,170.19,STATIC,68.77,STATIC,172.26,STATIC
9.836666666666668,236,78.52,STATIC,144.34,STATIC,84.27,STATIC,48.53,STATIC,110.27,STATIC,170.09,STATIC,69.02,STATIC,172.41,STATIC
9.878333333333334,237,77.73,STATIC,145.01,STATIC,84.29,STATIC,48.42,STATIC,110.45,STATIC,170.21,STATIC,69.43,STATIC,172.56,STATIC
9.92,238,76.77,STATIC,146.11,STATIC,84.33,STATIC,48.81,STATIC,110.41,STATIC,169.56,STATIC,68.73,STATIC,172.41,STATIC
9.961666666666668,239,75.30,STATIC,149.39,STATIC,84.35,STATIC,48.94,STATIC,110.43,STATIC,169.01,STATIC,68.56,STATIC,172.58,STATIC
10.003333333333334,240,73.34,STATIC,151.67,STATIC,84.34,STATIC,48.96,STATIC,110.03,STATIC,167.24,STATIC,66.27,STATIC,172.52,STATIC
10.046666666666667,241,71.57,STATIC,152.20,STATIC,84.32,STATIC,48.70,STATIC,110.09,STATIC,167.37,STATIC,66.72,STATIC,172.61,STATIC
10.088333333333335,242,70.54,STATIC,154.46,STATIC,84.26,STATIC,48.55,STATIC,109.96,STATIC,167.64,STATIC,67.40,STATIC,172.53,STATIC
10.13,243,67.32,STATIC,156.78,STATIC,83.87,STATIC,48.29,STATIC,109.40,STATIC,165.37,STATIC,65.43,STATIC,172.29,STATIC
10.171666666666667,244,66.58,STATIC,157.03,STATIC,83.78,STATIC,47.83,STATIC,109.17,STATIC,165.08,STATIC,64.77,STATIC,172.30,STATIC
10.213333333333335,245,65.45,STATIC,157.71,STATIC,83.69,STATIC,48.12,STATIC,108.90,STATIC,165.17,STATIC,63.90,STATIC,172.33,STATIC
10.255,246,64.30,STATIC,157.75,STATIC,83.64,STATIC,48.40,STATIC,108.70,STATIC,165.15,STATIC,63.96,STATIC,171.57,STATIC
10.296666666666667,247,62.78,STATIC,158.57,STATIC,83.56,STATIC,48.50,STATIC,108.51,STATIC,165.57,STATIC,63.77,STATIC,171.49,STATIC
10.338333333333335,248,62.10,STATIC,158.21,STATIC,83.51,STATIC,48.46,STATIC,108.57,STATIC,166.18,STATIC,64.76,STATIC,171.68,STATIC
10.38,249,60.73,STATIC,158.10,STATIC,83.41,STATIC,48.39,STATIC,108.58,STATIC,167.40,STATIC,65.20,STATIC,172.20,STATIC
10.421666666666667,250,59.62,STATIC,157.63,STATIC,83.45,STATIC,48.40,STATIC,108.37,STATIC,167.53,STATIC,64.02,STATIC,172.40,STATIC
10.463333333333335,251,59.16,STATIC,157.35,STATIC,83.58,STATIC,48.36,STATIC,108.56,STATIC,168.48,STATIC,64.01,STATIC,172.61,STATIC
10.505,252,58.67,STATIC,157.42,STATIC,83.72,STATIC,48.62,STATIC,108.30,STATIC,168.51,STATIC,64.26,STATIC,172.88,STATIC
10.546666666666667,253,57.72,STATIC,155.82,STATIC,83.82,STATIC,49.63,STATIC,108.51,STATIC,168.77,STATIC,65.05,STATIC,173.20,STATIC
10.588333333333335,254,56.95,STATIC,153.85,STATIC,83.87,STATIC,49.77,STATIC,108.48,STATIC,169.17,STATIC,64.30,STATIC,173.18,STATIC
10.63,255,56.52,STATIC,153.06,STATIC,83.92,STATIC,49.26,STATIC,108.54,STATIC,170.44,STATIC,64.89,STATIC,173.37,STATIC
10.671666666666667,256,55.61,STATIC,151.83,STATIC,83.93,STATIC,49.07,STATIC,108.80,STATIC,171.53,STATIC,66.13,STATIC,173.55,STATIC
10.713333333333335,257,55.43,STATIC,150.90,STATIC,83.98,STATIC,48.86,STATIC,109.19,STATIC,172.74,STATIC,67.73,STATIC,173.77,STATIC
10.755,258,55.18,STATIC,151.04,STATIC,84.04,STATIC,48.66,STATIC,109.73,STATIC,172.32,STATIC,70.11,STATIC,173.95,STATIC
10.796666666666667,259,55.28,STATIC,150.65,STATIC,84.08,STATIC,48.54,STATIC,110.36,STATIC,172.83,STATIC,72.88,STATIC,174.27,STATIC
10.838333333333335,260,55.72,STATIC,150.19,STATIC,84.12,STATIC,49.07,STATIC,111.04,STATIC,172.71,STATIC,74.63,STATIC,174.49,STATIC
10.88,261,56.63,STATIC,150.36,STATIC,84.11,STATIC,49.76,STATIC,111.63,STATIC,172.51,STATIC,75.84,STATIC,174.53,STATIC
10.921666666666667,262,56.87,STATIC,150.33,STATIC,84.10,STATIC,50.05,STATIC,112.32,STATIC,170.75,STATIC,78.13,STATIC,174.30,STATIC
10.963333333333335,263,56.96,STATIC,150.65,STATIC,84.10,STATIC,49.97,STATIC,112.51,STATIC,170.82,STATIC,78.72,STATIC,174.16,STATIC
11.005,264,57.44,STATIC,150.97,STATIC,84.10,STATIC,49.81,STATIC,112.50,STATIC,170.42,STATIC,79.62,STATIC,174.32,STATIC
11.046666666666667,265,56.67,STATIC,151.74,STATIC,84.02,STATIC,49.87,STATIC,111.57,STATIC,170.60,STATIC,77.54,STATIC,173.79,STATIC
11.088333333333335,266,57.32,STATIC,153.55,STATIC,83.98,STATIC,49.71,STATIC,110.42,STATIC,172.63,STATIC,75.28,STATIC,174.10,STATIC
11.13,267,57.95,STATIC,155.83,STATIC,83.99,STATIC,49.71,STATIC,109.59,STATIC,172.10,STATIC,73.21,STATIC,173.25,STATIC
11.171666666666667,268,57.00,STATIC,157.98,STATIC,83.56,STATIC,48.91,STATIC,108.71,STATIC,171.58,STATIC,69.92,STATIC,171.20,STATIC
11.213333333333335,269,57.14,STATIC,160.70,STATIC,83.44,STATIC,47.82,STATIC,107.71,STATIC,171.27,STATIC,68.08,STATIC,168.45,STATIC
11.255,270,57.88,STATIC,161.72,STATIC,83.42,STATIC,46.19,STATIC,106.79,STATIC,170.08,STATIC,66.12,STATIC,166.12,STATIC
11.296666666666667,271,57.85,STATIC,161.10,STATIC,83.44,STATIC,44.89,STATIC,105.98,STATIC,169.39,STATIC,64.98,STATIC,165.10,STATIC
11.338333333333335,272,57.02,STATIC,161.05,STATIC,83.46,STATIC,44.00,STATIC,105.42,STATIC,168.88,STATIC,64.81,STATIC,165.08,STATIC
11.38,273,55.43,STATIC,161.35,STATIC,83.45,STATIC,43.55,STATIC,104.94,STATIC,168.70,STATIC,64.25,STATIC,165.26,STATIC
11.421666666666667,274,55.37,STATIC,159.01,STATIC,83.56,STATIC,43.91,STATIC,104.34,STATIC,169.09,STATIC,63.63,STATIC,165.21,STATIC
11.463333333333335,275,56.35,STATIC,157.60,STATIC,83.60,STATIC,44.00,STATIC,103.90,STATIC,168.98,STATIC,63.05,STATIC,165.01,STATIC
11.505,276,57.56,STATIC,157.15,STATIC,83.70,STATIC,44.51,STATIC,103.51,STATIC,169.29,STATIC,62.87,STATIC,165.24,STATIC
11.546666666666667,277,58.24,STATIC,156.08,STATIC,83.79,STATIC,45.01,STATIC,102.84,STATIC,169.25,STATIC,62.72,STATIC,165.08,STATIC
11.588333333333335,278,57.64,STATIC,156.04,STATIC,83.84,STATIC,45.07,STATIC,102.36,STATIC,169.68,STATIC,64.64,STATIC,165.26,STATIC
11.63,279,58.19,STATIC,155.45,STATIC,83.95,STATIC,45.27,STATIC,102.30,STATIC,169.63,STATIC,65.08,STATIC,165.10,STATIC
11.671666666666667,280,58.99,STATIC,152.28,STATIC,84.01,STATIC,46.59,STATIC,102.16,STATIC,169.30,STATIC,64.32,STATIC,164.46,STATIC
11.713333333333335,281,59.62,STATIC,146.92,FLEXION,84.07,STATIC,45.00,STATIC,102.18,STATIC,169.01,STATIC,62.38,STATIC,164.08,STATIC
11.755,282,58.90,STATIC,144.16,STATIC,84.18,STATIC,42.40,STATIC,101.60,STATIC,168.61,STATIC,60.26,STATIC,163.19,STATIC
11.796666666666667,283,60.34,STATIC,143.54,STATIC,84.17,STATIC,43.05,STATIC,101.83,STATIC,168.07,STATIC,60.30,STATIC,163.03,STATIC
11.838333333333335,284,58.79,STATIC,142.70,STATIC,84.24,STATIC,43.16,STATIC,101.52,STATIC,166.43,STATIC,59.74,STATIC,162.52,STATIC
11.88,285,55.70,STATIC,141.64,STATIC,84.37,STATIC,44.81,STATIC,101.63,STATIC,162.47,STATIC,57.92,STATIC,162.22,STATIC
11.921666666666667,286,51.95,STATIC,142.64,STATIC,84.54,STATIC,45.44,STATIC,101.26,STATIC,164.34,STATIC,57.65,STATIC,162.60,STATIC
11.963333333333335,287,46.46,FLEXION,143.07,STATIC,84.75,STATIC,46.17,STATIC,100.97,STATIC,163.16,STATIC,56.67,STATIC,161.43,STATIC
12.005,288,41.03,FLEXION,145.33,STATIC,84.76,STATIC,46.56,STATIC,101.06,STATIC,160.41,STATIC,53.81,STATIC,160.39,STATIC
12.046666666666667,289,29.46,FLEXION,151.13,EXTENSION,85.20,STATIC,46.74,STATIC,100.37,STATIC,159.82,STATIC,51.86,STATIC,158.68,STATIC
12.088333333333335,290,23.80,FLEXION,154.70,STATIC,85.44,STATIC,44.82,STATIC,100.37,STATIC,158.55,STATIC,49.19,STATIC,156.83,STATIC
12.13,291,20.34,STATIC,158.94,STATIC,85.77,STATIC,46.89,STATIC,100.62,STATIC,168.04,EXTENSION,50.01,STATIC,156.46,STATIC
12.171666666666667,292,17.67,STATIC,164.85,EXTENSION,85.92,STATIC,44.83,STATIC,100.78,STATIC,168.21,STATIC,48.52,STATIC,155.51,STATIC
12.213333333333335,293,19.10,STATIC,168.87,STATIC,85.96,STATIC,45.37,STATIC,101.36,STATIC,164.97,STATIC,54.00,EXTENSION,157.95,STATIC
12.255,294,15.61,STATIC,169.01,STATIC,86.20,STATIC,48.04,STATIC,101.68,STATIC,163.92,STATIC,55.79,STATIC,157.90,STATIC
12.296666666666667,295,14.34,STATIC,166.69,STATIC,86.44,STATIC,48.68,STATIC,101.93,STATIC,163.84,STATIC,56.26,STATIC,157.34,STATIC
12.338333333333335,296,13.80,STATIC,167.43,STATIC,86.67,STATIC,48.33,STATIC,102.20,STATIC,166.07,STATIC,61.14,STATIC,159.14,STATIC
12.38,297,12.02,STATIC,166.73,STATIC,86.88,STATIC,47.88,STATIC,101.78,STATIC,167.32,STATIC,59.16,STATIC,161.24,STATIC
12.421666666666667,298,10.98,STATIC,166.65,STATIC,87.47,STATIC,49.64,STATIC,101.22,STATIC,168.83,STATIC,56.19,STATIC,163.74,STATIC
12.463333333333335,299,9.27,STATIC,167.58,STATIC,87.79,STATIC,48.59,STATIC,100.84,STATIC,167.34,STATIC,51.72,STATIC,164.66,STATIC
12.505,300,9.16,STATIC,167.84,STATIC,88.05,STATIC,49.31,STATIC,100.54,STATIC,167.21,STATIC,50.47,STATIC,164.73,STATIC
12.546666666666667,301,8.83,STATIC,168.32,STATIC,88.13,STATIC,48.80,STATIC,100.21,STATIC,165.95,STATIC,47.82,STATIC,162.75,STATIC
12.588333333333335,302,8.61,STATIC,167.89,STATIC,88.22,STATIC,47.21,STATIC,99.73,STATIC,160.62,FLEXION,45.10,STATIC,157.18,FLEXION
12.63,303,8.81,STATIC,166.92,STATIC,87.93,STATIC,48.00,STATIC,99.76,STATIC,159.91,STATIC,45.47,STATIC,154.41,STATIC
12.671666666666667,304,9.24,STATIC,166.82,STATIC,87.75,STATIC,48.17,STATIC,99.97,STATIC,159.82,STATIC,45.51,STATIC,153.59,STATIC
12.713333333333335,305,9.34,STATIC,166.82,STATIC,87.64,STATIC,48.16,STATIC,99.89,STATIC,159.34,STATIC,45.70,STATIC,152.27,STATIC
12.755,306,9.50,STATIC,165.98,STATIC,87.56,STATIC,51.00,STATIC,99.83,STATIC,159.34,STATIC,45.39,STATIC,151.39,STATIC
12.796666666666667,307,9.56,STATIC,165.07,STATIC,87.50,STATIC,51.40,STATIC,99.71,STATIC,158.98,STATIC,44.90,STATIC,150.72,STATIC
12.838333333333335,308,9.53,STATIC,164.63,STATIC,87.57,STATIC,51.07,STATIC,99.50,STATIC,158.41,STATIC,44.47,STATIC,150.02,STATIC
12.88,309,9.57,STATIC,164.93,STATIC,87.44,STATIC,50.20,STATIC,99.35,STATIC,157.95,STATIC,44.17,STATIC,149.41,STATIC
12.921666666666667,310,9.24,STATIC,163.18,STATIC,87.33,STATIC,49.09,STATIC,99.28,STATIC,156.25,STATIC,43.13,STATIC,148.44,STATIC
12.963333333333335,311,10.30,STATIC,163.68,STATIC,87.03,STATIC,48.47,STATIC,99.45,STATIC,157.80,STATIC,44.14,STATIC,149.91,STATIC
13.005,312,10.63,STATIC,163.60,STATIC,86.73,STATIC,48.61,STATIC,99.69,STATIC,158.43,STATIC,43.89,STATIC,151.09,STATIC
13.046666666666667,313,10.64,STATIC,164.44,STATIC,86.38,STATIC,48.36,STATIC,100.00,STATIC,159.04,STATIC,43.70,STATIC,152.39,STATIC
13.088333333333335,314,11.17,STATIC,165.52,STATIC,86.23,STATIC,48.48,STATIC,100.09,STATIC,159.70,STATIC,43.55,STATIC,153.73,STATIC
13.13,315,11.26,STATIC,166.29,STATIC,86.17,STATIC,48.66,STATIC,100.06,STATIC,159.87,STATIC,42.69,STATIC,154.47,STATIC
13.171666666666667,316,11.23,STATIC,166.57,STATIC,86.06,STATIC,48.55,STATIC,100.08,STATIC,160.12,STATIC,42.57,STATIC,155.26,STATIC
13.213333333333335,317,11.19,STATIC,166.61,STATIC,86.00,STATIC,48.17,STATIC,100.03,STATIC,159.13,STATIC,42.22,STATIC,155.08,STATIC
13.255,318,9.97,STATIC,166.56,STATIC,86.01,STATIC,47.84,STATIC,99.96,STATIC,157.60,STATIC,41.45,STATIC,154.51,STATIC
13.296666666666667,319,9.33,STATIC,166.62,STATIC,85.92,STATIC,44.19,STATIC,99.91,STATIC,156.27,STATIC,39.97,STATIC,154.38,STATIC
13.338333333333335,320,9.20,STATIC,166.96,STATIC,85.91,STATIC,43.60,STATIC,99.81,STATIC,155.57,STATIC,39.07,STATIC,153.48,STATIC
13.38,321,8.64,STATIC,167.14,STATIC,85.86,STATIC,44.35,STATIC,99.67,STATIC,154.70,STATIC,38.61,STATIC,152.62,STATIC
13.421666666666667,322,9.03,STATIC,167.27,STATIC,85.68,STATIC,45.23,STATIC,99.72,STATIC,154.32,STATIC,38.77,STATIC,152.21,STATIC
13.463333333333335,323,9.59,STATIC,167.38,STATIC,85.52,STATIC,45.82,STATIC,99.67,STATIC,153.81,STATIC,38.98,STATIC,151.55,STATIC
13.505,324,9.93,STATIC,167.37,STATIC,85.39,STATIC,46.19,STATIC,99.68,STATIC,153.79,STATIC,39.30,STATIC,151.14,STATIC
13.546666666666667,325,10.10,STATIC,167.54,STATIC,85.34,STATIC,46.28,STATIC,99.68,STATIC,152.98,STATIC,38.89,STATIC,150.80,STATIC
13.588333333333335,326,10.06,STATIC,167.89,STATIC,85.14,STATIC,46.33,STATIC,99.60,STATIC,151.63,STATIC,38.79,STATIC,150.69,STATIC
13.63,327,9.86,STATIC,168.25,STATIC,85.00,STATIC,46.35,STATIC,99.45,STATIC,150.89,STATIC,38.40,STATIC,150.87,STATIC
13.671666666666667,328,10.23,STATIC,168.72,STATIC,84.82,STATIC,46.60,STATIC,99.37,STATIC,151.35,STATIC,38.50,STATIC,151.37,STATIC
13.713333333333335,329,10.34,STATIC,168.88,STATIC,84.80,STATIC,46.93,STATIC,99.26,STATIC,151.96,STATIC,38.52,STATIC,151.52,STATIC
13.755,330,10.43,STATIC,168.98,STATIC,84.79,STATIC,47.14,STATIC,99.23,STATIC,153.25,STATIC,38.60,STATIC,151.77,STATIC
13.796666666666667,331,10.79,STATIC,169.05,STATIC,84.93,STATIC,47.28,STATIC,99.04,STATIC,153.53,STATIC,38.65,STATIC,151.09,STATIC
13.838333333333335,332,10.71,STATIC,169.11,STATIC,84.96,STATIC,47.30,STATIC,99.01,STATIC,153.40,STATIC,38.59,STATIC,150.78,STATIC
13.88,333,10.62,STATIC,168.80,STATIC,85.08,STATIC,46.85,STATIC,98.92,STATIC,152.75,STATIC,38.47,STATIC,148.91,STATIC
13.921666666666667,334,10.75,STATIC,169.00,STATIC,85.07,STATIC,46.94,STATIC,98.82,STATIC,151.37,STATIC,38.62,STATIC,148.43,STATIC
13.963333333333335,335,11.20,STATIC,169.09,STATIC,85.05,STATIC,48.29,STATIC,98.69,STATIC,151.55,STATIC,39.54,STATIC,149.06,STATIC
14.006666666666668,336,11.06,STATIC,169.32,STATIC,85.13,STATIC,48.41,STATIC,98.53,STATIC,151.24,STATIC,39.36,STATIC,148.04,STATIC
14.048333333333334,337,10.79,STATIC,169.00,STATIC,85.24,STATIC,48.31,STATIC,98.45,STATIC,150.64,STATIC,38.81,STATIC,147.26,STATIC
14.090000000000002,338,9.85,STATIC,168.59,STATIC,85.25,STATIC,47.64,STATIC,98.54,STATIC,150.78,STATIC,38.66,STATIC,148.09,STATIC
14.131666666666668,339,9.29,STATIC,167.92,STATIC,85.34,STATIC,46.52,STATIC,98.69,STATIC,149.53,STATIC,37.33,STATIC,148.59,STATIC
14.173333333333334,340,9.55,STATIC,168.74,STATIC,85.28,STATIC,46.37,STATIC,98.94,STATIC,150.13,STATIC,37.45,STATIC,150.07,STATIC
14.215000000000002,341,9.96,STATIC,168.55,STATIC,85.27,STATIC,46.30,STATIC,99.28,STATIC,151.50,STATIC,37.80,STATIC,151.94,STATIC
14.256666666666668,342,10.09,STATIC,168.37,STATIC,85.30,STATIC,46.30,STATIC,99.42,STATIC,151.82,STATIC,37.58,STATIC,153.23,STATIC
14.298333333333334,343,10.26,STATIC,167.94,STATIC,85.38,STATIC,46.55,STATIC,99.49,STATIC,151.50,STATIC,37.59,STATIC,154.17,STATIC
14.340000000000002,344,10.33,STATIC,168.02,STATIC,85.54,STATIC,46.07,STATIC,99.55,STATIC,151.99,STATIC,37.96,STATIC,154.85,STATIC
14.381666666666668,345,10.48,STATIC,167.92,STATIC,85.52,STATIC,45.82,STATIC,99.70,STATIC,153.18,STATIC,38.56,STATIC,155.70,STATIC
14.423333333333334,346,10.65,STATIC,167.69,STATIC,85.47,STATIC,45.17,STATIC,99.79,STATIC,153.79,STATIC,38.68,STATIC,156.07,STATIC
14.465000000000002,347,10.84,STATIC,167.32,STATIC,85.32,STATIC,44.98,STATIC,100.10,STATIC,154.76,STATIC,39.25,STATIC,156.54,STATIC
14.506666666666668,348,10.88,STATIC,166.46,STATIC,85.38,STATIC,44.68,STATIC,100.29,STATIC,156.53,STATIC,39.61,STATIC,156.56,STATIC
14.548333333333334,349,11.00,STATIC,165.80,STATIC,85.35,STATIC,43.78,STATIC,100.56,STATIC,157.21,STATIC,39.54,STATIC,156.88,STATIC
14.590000000000002,350,11.66,STATIC,165.89,STATIC,85.41,STATIC,43.70,STATIC,100.77,STATIC,158.89,STATIC,40.50,STATIC,157.96,STATIC
14.631666666666668,351,11.84,STATIC,165.08,STATIC,85.43,STATIC,44.27,STATIC,100.99,STATIC,159.54,STATIC,40.99,STATIC,158.32,STATIC
14.673333333333334,352,11.74,STATIC,165.75,STATIC,85.31,STATIC,42.48,STATIC,101.03,STATIC,158.26,STATIC,40.05,STATIC,157.68,STATIC
14.715000000000002,353,11.46,STATIC,168.55,STATIC,84.93,STATIC,42.11,STATIC,101.05,STATIC,157.28,STATIC,39.86,STATIC,156.54,STATIC
14.756666666666668,354,11.37,STATIC,169.09,STATIC,84.75,STATIC,41.38,STATIC,101.23,STATIC,157.26,STATIC,39.97,STATIC,157.21,STATIC
14.798333333333334,355,11.64,STATIC,168.57,STATIC,84.85,STATIC,41.18,STATIC,101.51,STATIC,157.53,STATIC,40.38,STATIC,158.56,STATIC
14.840000000000002,356,13.07,STATIC,169.56,STATIC,84.70,STATIC,40.54,STATIC,102.01,STATIC,159.51,STATIC,41.89,STATIC,160.13,STATIC
14.881666666666668,357,15.68,STATIC,168.19,STATIC,84.81,STATIC,39.21,STATIC,102.34,STATIC,163.61,STATIC,42.26,STATIC,161.64,STATIC
14.923333333333334,358,15.96,STATIC,171.03,STATIC,84.80,STATIC,37.81,STATIC,102.58,STATIC,166.89,STATIC,45.02,STATIC,163.06,STATIC
14.965000000000002,359,20.45,STATIC,167.03,STATIC,85.02,STATIC,36.41,STATIC,102.55,STATIC,167.63,STATIC,46.28,STATIC,164.17,STATIC
15.006666666666668,360,22.09,STATIC,165.46,STATIC,85.06,STATIC,35.49,STATIC,103.18,STATIC,167.92,STATIC,47.70,STATIC,165.19,STATIC
15.048333333333334,361,20.13,STATIC,161.36,STATIC,85.14,STATIC,38.59,STATIC,103.09,STATIC,167.07,STATIC,48.14,STATIC,164.65,STATIC
15.090000000000002,362,20.88,STATIC,160.34,STATIC,85.32,STATIC,38.67,STATIC,103.08,STATIC,164.90,STATIC,50.98,STATIC,163.82,STATIC
15.131666666666668,363,20.07,STATIC,159.40,STATIC,85.42,STATIC,38.03,STATIC,103.16,STATIC,162.24,STATIC,52.07,STATIC,162.94,STATIC
15.173333333333334,364,21.28,STATIC,156.12,STATIC,85.56,STATIC,39.22,STATIC,103.40,STATIC,160.88,STATIC,54.01,STATIC,162.26,STATIC
15.215000000000002,365,19.44,STATIC,157.65,STATIC,85.74,STATIC,39.81,STATIC,103.51,STATIC,159.79,STATIC,56.20,STATIC,161.83,STATIC
15.256666666666668,366,18.76,STATIC,157.97,STATIC,85.87,STATIC,39.51,STATIC,103.53,STATIC,159.34,STATIC,56.76,STATIC,160.12,STATIC
15.298333333333334,367,17.46,STATIC,160.42,STATIC,85.95,STATIC,41.72,STATIC,103.78,STATIC,160.91,STATIC,56.42,STATIC,158.68,STATIC
15.340000000000002,368,18.36,STATIC,162.84,STATIC,86.02,STATIC,40.54,STATIC,104.10,STATIC,161.57,STATIC,56.34,STATIC,158.27,STATIC
15.381666666666668,369,20.49,STATIC,155.60,FLEXION,85.88,STATIC,41.16,STATIC,104.90,STATIC,162.63,STATIC,57.18,STATIC,159.27,STATIC
15.423333333333334,370,20.95,STATIC,156.39,STATIC,85.77,STATIC,40.99,STATIC,105.43,STATIC,163.77,STATIC,58.19,STATIC,160.36,STATIC
15.465000000000002,371,21.59,STATIC,157.63,STATIC,85.56,STATIC,40.65,STATIC,106.09,STATIC,164.18,STATIC,60.16,STATIC,160.93,STATIC
15.506666666666668,372,21.28,STATIC,159.45,STATIC,85.47,STATIC,40.54,STATIC,106.40,STATIC,163.61,STATIC,61.30,STATIC,160.25,STATIC
15.548333333333334,373,21.21,STATIC,158.60,STATIC,85.59,STATIC,43.30,STATIC,105.80,STATIC,162.23,STATIC,60.91,STATIC,156.71,STATIC
15.590000000000002,374,21.87,STATIC,159.63,STATIC,85.48,STATIC,45.66,STATIC,105.73,STATIC,161.15,STATIC,61.10,STATIC,154.19,STATIC
15.631666666666668,375,23.06,STATIC,160.41,STATIC,85.34,STATIC,45.78,STATIC,105.66,STATIC,158.93,STATIC,61.83,STATIC,151.86,STATIC
15.673333333333334,376,21.43,STATIC,161.86,STATIC,85.47,STATIC,46.35,STATIC,105.36,STATIC,157.92,STATIC,59.91,STATIC,148.77,STATIC
15.715000000000002,377,22.65,STATIC,163.58,STATIC,85.24,STATIC,49.18,STATIC,105.27,STATIC,156.48,STATIC,61.52,STATIC,146.94,STATIC
15.756666666666668,378,22.02,STATIC,164.71,STATIC,85.08,STATIC,48.57,STATIC,104.94,STATIC,155.39,STATIC,62.01,STATIC,143.99,STATIC
15.798333333333334,379,22.02,STATIC,165.22,STATIC,85.27,STATIC,48.79,STATIC,104.12,STATIC,152.75,STATIC,62.61,STATIC,139.84,STATIC
15.840000000000002,380,24.79,STATIC,167.06,STATIC,85.18,STATIC,50.01,STATIC,103.95,STATIC,152.77,STATIC,64.37,STATIC,139.04,STATIC
15.881666666666668,381,24.75,STATIC,169.13,STATIC,84.62,STATIC,50.30,STATIC,104.90,STATIC,154.18,STATIC,68.94,STATIC,140.21,STATIC
15.923333333333334,382,25.06,STATIC,168.07,STATIC,84.66,STATIC,50.56,STATIC,104.94,STATIC,155.29,STATIC,70.81,STATIC,142.68,STATIC
15.965000000000002,383,25.16,STATIC,166.41,STATIC,84.71,STATIC,50.56,STATIC,104.86,STATIC,156.15,STATIC,71.99,STATIC,144.24,STATIC
16.006666666666668,384,26.04,STATIC,166.86,STATIC,84.68,STATIC,51.46,STATIC,104.44,STATIC,156.94,STATIC,70.96,STATIC,145.62,STATIC
16.048333333333336,385,25.99,STATIC,167.15,STATIC,84.51,STATIC,50.61,STATIC,104.58,STATIC,157.94,STATIC,71.33,STATIC,147.59,STATIC
16.09,386,25.37,STATIC,166.57,STATIC,84.81,STATIC,50.65,STATIC,104.26,STATIC,158.40,STATIC,71.59,STATIC,148.49,STATIC
16.131666666666668,387,25.92,STATIC,165.64,STATIC,85.08,STATIC,50.32,STATIC,103.96,STATIC,158.29,STATIC,72.44,STATIC,149.32,STATIC
16.173333333333336,388,25.79,STATIC,166.78,STATIC,85.16,STATIC,51.28,STATIC,103.98,STATIC,158.92,STATIC,72.02,STATIC,149.94,STATIC
16.215,389,25.85,STATIC,167.32,STATIC,85.23,STATIC,51.88,STATIC,104.00,STATIC,159.82,STATIC,71.45,STATIC,149.71,STATIC
16.256666666666668,390,26.73,STATIC,167.82,STATIC,85.41,STATIC,52.83,STATIC,103.82,STATIC,160.46,STATIC,70.66,STATIC,149.96,STATIC
16.298333333333336,391,26.57,STATIC,167.26,STATIC,85.53,STATIC,53.00,STATIC,103.57,STATIC,160.62,STATIC,70.53,STATIC,150.63,STATIC
16.34,392,26.60,STATIC,167.06,STATIC,85.66,STATIC,53.27,STATIC,103.29,STATIC,160.70,STATIC,70.32,STATIC,151.05,STATIC
16.381666666666668,393,26.43,STATIC,167.30,STATIC,85.66,STATIC,53.89,STATIC,103.17,STATIC,161.03,STATIC,70.52,STATIC,151.58,STATIC
16.423333333333336,394,26.46,STATIC,167.13,STATIC,85.66,STATIC,54.03,STATIC,103.11,STATIC,161.24,STATIC,70.78,STATIC,151.99,STATIC
16.465,395,26.55,STATIC,166.84,STATIC,85.65,STATIC,54.03,STATIC,103.18,STATIC,161.68,STATIC,71.32,STATIC,152.63,STATIC
16.506666666666668,396,26.60,STATIC,166.74,STATIC,85.58,STATIC,53.75,STATIC,103.09,STATIC,161.84,STATIC,71.01,STATIC,152.85,STATIC
16.548333333333336,397,27.05,STATIC,166.62,STATIC,85.58,STATIC,53.60,STATIC,102.92,STATIC,161.81,STATIC,71.21,STATIC,152.98,STATIC
16.59,398,26.88,STATIC,165.98,STATIC,85.64,STATIC,53.21,STATIC,102.79,STATIC,161.42,STATIC,72.36,STATIC,153.30,STATIC
16.631666666666668,399,27.36,STATIC,166.20,STATIC,85.56,STATIC,52.81,STATIC,102.95,STATIC,161.50,STATIC,73.09,STATIC,153.57,STATIC
16.673333333333336,400,26.86,STATIC,165.83,STATIC,85.57,STATIC,52.90,STATIC,102.74,STATIC,161.68,STATIC,72.26,STATIC,153.36,STATIC
16.715,401,26.41,STATIC,165.91,STATIC,85.53,STATIC,53.08,STATIC,102.57,STATIC,161.79,STATIC,71.32,STATIC,153.03,STATIC
16.756666666666668,402,25.97,STATIC,166.04,STATIC,85.40,STATIC,52.97,STATIC,102.76,STATIC,162.13,STATIC,71.91,STATIC,153.79,STATIC
16.798333333333336,403,25.76,STATIC,166.53,STATIC,85.34,STATIC,52.87,STATIC,102.94,STATIC,162.23,STATIC,72.38,STATIC,154.14,STATIC
16.84,404,25.15,STATIC,167.15,STATIC,85.32,STATIC,52.72,STATIC,102.94,STATIC,162.18,STATIC,72.43,STATIC,154.25,STATIC
16.881666666666668,405,25.03,STATIC,167.62,STATIC,85.27,STATIC,52.78,STATIC,103.01,STATIC,162.13,STATIC,73.06,STATIC,154.31,STATIC
16.923333333333336,406,24.31,STATIC,168.39,STATIC,85.18,STATIC,52.40,STATIC,103.20,STATIC,162.29,STATIC,73.37,STATIC,154.33,STATIC
16.965,407,23.45,STATIC,168.37,STATIC,85.15,STATIC,52.27,STATIC,103.22,STATIC,162.18,STATIC,73.39,STATIC,154.05,STATIC
17.006666666666668,408,22.83,STATIC,168.39,STATIC,85.10,STATIC,52.20,STATIC,103.23,STATIC,162.05,STATIC,73.65,STATIC,153.90,STATIC
17.048333333333336,409,22.84,STATIC,168.36,STATIC,85.08,STATIC,52.26,STATIC,103.22,STATIC,161.86,STATIC,74.14,STATIC,153.82,STATIC
17.09,410,23.88,STATIC,168.68,STATIC,85.04,STATIC,52.61,STATIC,103.32,STATIC,161.75,STATIC,75.19,STATIC,154.03,STATIC
17.131666666666668,411,23.98,STATIC,168.58,STATIC,85.00,STATIC,52.58,STATIC,103.27,STATIC,161.58,STATIC,74.92,STATIC,153.68,STATIC
17.173333333333336,412,24.20,STATIC,168.96,STATIC,84.86,STATIC,52.91,STATIC,103.46,STATIC,161.70,STATIC,75.74,STATIC,154.37,STATIC
17.215,413,24.10,STATIC,169.08,STATIC,84.83,STATIC,52.97,STATIC,103.66,STATIC,162.03,STATIC,76.22,STATIC,155.08,STATIC
17.256666666666668,414,22.94,STATIC,168.88,STATIC,84.87,STATIC,51.67,STATIC,103.41,STATIC,162.04,STATIC,75.01,STATIC,154.80,STATIC
17.298333333333336,415,23.01,STATIC,168.87,STATIC,84.85,STATIC,51.64,STATIC,103.50,STATIC,162.16,STATIC,75.79,STATIC,155.16,STATIC
17.34,416,22.73,STATIC,168.83,STATIC,84.83,STATIC,51.52,STATIC,103.48,STATIC,162.22,STATIC,75.35,STATIC,155.05,STATIC
17.381666666666668,417,22.29,STATIC,168.82,STATIC,84.93,STATIC,50.47,STATIC,103.16,STATIC,161.87,STATIC,74.26,STATIC,154.67,STATIC
17.423333333333336,418,22.24,STATIC,168.91,STATIC,84.91,STATIC,50.67,STATIC,103.12,STATIC,161.87,STATIC,73.96,STATIC,154.46,STATIC
17.465,419,22.26,STATIC,168.71,STATIC,84.88,STATIC,50.73,STATIC,103.18,STATIC,161.87,STATIC,73.94,STATIC,154.47,STATIC
17.506666666666668,420,21.52,STATIC,168.70,STATIC,84.88,STATIC,50.66,STATIC,103.14,STATIC,161.81,STATIC,73.35,STATIC,154.10,STATIC
17.548333333333336,421,21.58,STATIC,168.43,STATIC,84.87,STATIC,50.92,STATIC,103.20,STATIC,161.78,STATIC,73.52,STATIC,153.96,STATIC
17.59,422,21.55,STATIC,168.38,STATIC,84.88,STATIC,51.14,STATIC,103.14,STATIC,161.57,STATIC,73.08,STATIC,153.49,STATIC
17.631666666666668,423,21.60,STATIC,168.49,STATIC,84.89,STATIC,51.27,STATIC,103.19,STATIC,161.31,STATIC,73.61,STATIC,153.20,STATIC
17.673333333333336,424,21.99,STATIC,168.28,STATIC,84.89,STATIC,51.43,STATIC,103.24,STATIC,161.19,STATIC,73.80,STATIC,153.41,STATIC
17.715,425,22.14,STATIC,167.25,STATIC,84.87,STATIC,52.03,STATIC,103.28,STATIC,161.23,STATIC,73.93,STATIC,153.10,STATIC
17.756666666666668,426,21.79,STATIC,166.94,STATIC,84.89,STATIC,52.08,STATIC,103.35,STATIC,161.12,STATIC,73.96,STATIC,152.63,STATIC
17.798333333333336,427,21.98,STATIC,166.98,STATIC,84.89,STATIC,52.08,STATIC,103.38,STATIC,160.95,STATIC,73.92,STATIC,152.18,STATIC
17.84,428,21.97,STATIC,166.58,STATIC,84.98,STATIC,52.12,STATIC,103.26,STATIC,160.55,STATIC,73.21,STATIC,151.05,STATIC
17.881666666666668,429,22.69,STATIC,165.11,STATIC,85.03,STATIC,52.28,STATIC,103.21,STATIC,160.16,STATIC,72.68,STATIC,150.20,STATIC
17.923333333333336,430,23.17,STATIC,164.08,STATIC,85.13,STATIC,51.91,STATIC,103.24,STATIC,159.74,STATIC,72.05,STATIC,149.33,STATIC
17.965,431,23.10,STATIC,164.59,STATIC,85.17,STATIC,51.52,STATIC,103.40,STATIC,159.74,STATIC,71.90,STATIC,149.70,STATIC
18.006666666666668,432,23.08,STATIC,165.17,STATIC,85.18,STATIC,51.14,STATIC,103.64,STATIC,159.62,STATIC,72.84,STATIC,149.85,STATIC
18.05,433,26.29,STATIC,163.95,STATIC,85.47,STATIC,52.16,STATIC,103.93,STATIC,159.29,STATIC,72.41,STATIC,149.23,STATIC
18.09166666666667,434,26.35,STATIC,164.84,STATIC,85.55,STATIC,51.79,STATIC,103.95,STATIC,159.12,STATIC,71.47,STATIC,148.89,STATIC
18.133333333333333,435,26.45,STATIC,165.93,STATIC,85.58,STATIC,52.13,STATIC,103.86,STATIC,159.03,STATIC,70.50,STATIC,148.80,STATIC
18.175,436,26.98,STATIC,165.43,STATIC,85.70,STATIC,51.76,STATIC,103.66,STATIC,158.64,STATIC,69.48,STATIC,148.40,STATIC
18.21666666666667,437,27.31,STATIC,166.59,STATIC,85.74,STATIC,50.47,STATIC,103.58,STATIC,158.42,STATIC,68.25,STATIC,148.03,STATIC
18.258333333333333,438,27.85,STATIC,166.68,STATIC,85.78,STATIC,50.62,STATIC,103.17,STATIC,158.03,STATIC,65.57,STATIC,147.30,STATIC
18.3,439,28.77,STATIC,163.38,STATIC,86.15,STATIC,49.80,STATIC,102.15,STATIC,156.61,STATIC,60.14,FLEXION,144.39,STATIC
18.34166666666667,440,28.25,STATIC,161.77,STATIC,86.31,STATIC,49.13,STATIC,101.94,STATIC,154.50,STATIC,59.45,STATIC,141.91,STATIC
18.383333333333333,441,23.01,FLEXION,158.46,STATIC,86.80,STATIC,49.48,STATIC,101.22,STATIC,152.40,STATIC,56.82,STATIC,137.22,STATIC
18.425,442,21.73,STATIC,158.64,STATIC,86.69,STATIC,49.07,STATIC,101.25,STATIC,151.22,STATIC,56.40,STATIC,134.70,STATIC
18.46666666666667,443,21.54,STATIC,155.35,STATIC,87.03,STATIC,47.75,STATIC,100.86,STATIC,149.44,STATIC,53.94,STATIC,130.41,STATIC
18.508333333333333,444,20.53,STATIC,155.53,STATIC,86.91,STATIC,47.36,STATIC,101.01,STATIC,148.79,STATIC,52.99,STATIC,128.87,STATIC
18.55,445,19.78,STATIC,156.12,STATIC,87.05,STATIC,46.40,STATIC,100.90,STATIC,149.16,STATIC,51.90,STATIC,129.31,STATIC
18.59166666666667,446,23.07,STATIC,156.97,STATIC,86.88,STATIC,46.94,STATIC,101.22,STATIC,150.31,STATIC,51.73,STATIC,132.30,STATIC
18.633333333333333,447,20.44,STATIC,157.63,STATIC,86.85,STATIC,47.45,STATIC,101.43,STATIC,150.26,STATIC,52.66,STATIC,131.83,STATIC
18.675,448,19.27,STATIC,158.06,STATIC,86.90,STATIC,47.63,STATIC,101.47,STATIC,150.41,STATIC,51.68,STATIC,131.79,STATIC
18.71666666666667,449,19.51,STATIC,159.18,STATIC,87.11,STATIC,47.66,STATIC,101.47,STATIC,151.10,STATIC,50.40,STATIC,132.94,STATIC
18.758333333333333,450,18.10,STATIC,160.59,STATIC,87.08,STATIC,45.80,STATIC,101.52,STATIC,152.88,STATIC,50.52,STATIC,136.33,STATIC
18.8,451,16.87,STATIC,161.62,STATIC,87.24,STATIC,43.75,STATIC,101.44,STATIC,153.63,STATIC,50.18,STATIC,137.75,STATIC
18.84166666666667,452,15.37,STATIC,161.83,STATIC,87.13,STATIC,43.01,STATIC,101.34,STATIC,154.38,STATIC,49.24,STATIC,139.28,STATIC
18.883333333333333,453,15.10,STATIC,162.57,STATIC,86.93,STATIC,43.21,STATIC,101.48,STATIC,155.06,STATIC,49.10,STATIC,140.78,STATIC
18.925,454,15.30,STATIC,160.53,STATIC,86.96,STATIC,43.91,STATIC,101.56,STATIC,155.28,STATIC,49.28,STATIC,141.58,STATIC
18.96666666666667,455,15.64,STATIC,159.07,STATIC,87.00,STATIC,44.44,STATIC,101.65,STATIC,155.96,STATIC,49.45,STATIC,142.72,STATIC
19.008333333333333,456,13.62,STATIC,158.67,STATIC,87.12,STATIC,44.97,STATIC,101.59,STATIC,156.23,STATIC,48.42,STATIC,142.65,STATIC
19.05,457,14.42,STATIC,159.64,STATIC,87.21,STATIC,44.70,STATIC,101.34,STATIC,156.51,STATIC,48.41,STATIC,143.28,STATIC
19.09166666666667,458,14.70,STATIC,158.98,STATIC,87.25,STATIC,45.14,STATIC,101.36,STATIC,157.09,STATIC,48.17,STATIC,144.38,STATIC
19.133333333333333,459,11.57,STATIC,162.74,STATIC,87.48,STATIC,43.86,STATIC,100.86,STATIC,155.93,STATIC,47.56,STATIC,144.89,STATIC
19.175,460,12.20,STATIC,161.54,STATIC,87.27,STATIC,44.17,STATIC,100.92,STATIC,158.55,STATIC,51.57,STATIC,147.99,STATIC
19.21666666666667,461,12.66,STATIC,161.90,STATIC,87.05,STATIC,44.00,STATIC,101.13,STATIC,160.53,STATIC,51.75,STATIC,150.00,STATIC
19.258333333333333,462,13.06,STATIC,162.67,STATIC,87.01,STATIC,44.48,STATIC,101.14,STATIC,162.17,STATIC,53.76,STATIC,151.54,STATIC
19.3,463,13.43,STATIC,162.79,STATIC,86.72,STATIC,44.88,STATIC,101.74,STATIC,163.62,STATIC,55.10,STATIC,152.39,STATIC
19.34166666666667,464,12.09,STATIC,166.16,STATIC,86.51,STATIC,43.86,STATIC,102.22,STATIC,164.92,STATIC,56.17,STATIC,154.04,STATIC
19.383333333333333,465,11.37,STATIC,168.87,STATIC,86.39,STATIC,42.21,STATIC,102.64,STATIC,166.23,STATIC,57.60,STATIC,156.29,STATIC
19.425,466,12.32,STATIC,169.13,STATIC,86.30,STATIC,42.45,STATIC,102.80,STATIC,167.44,STATIC,59.03,STATIC,158.05,STATIC
19.46666666666667,467,11.81,STATIC,170.10,STATIC,86.23,STATIC,41.09,STATIC,102.64,STATIC,168.37,STATIC,59.08,STATIC,159.03,STATIC
19.508333333333333,468,11.77,STATIC,167.59,STATIC,86.14,STATIC,41.31,STATIC,102.58,STATIC,169.28,STATIC,56.69,STATIC,162.27,STATIC
19.55,469,10.21,STATIC,166.92,STATIC,86.28,STATIC,41.41,STATIC,102.10,STATIC,169.92,STATIC,54.03,STATIC,163.97,STATIC
19.59166666666667,470,10.20,STATIC,165.35,STATIC,86.34,STATIC,40.79,STATIC,101.94,STATIC,169.50,STATIC,51.50,STATIC,164.17,STATIC
19.633333333333333,471,10.53,STATIC,165.00,STATIC,86.21,STATIC,40.98,STATIC,101.99,STATIC,169.44,STATIC,51.18,STATIC,165.45,STATIC
19.675,472,10.39,STATIC,164.65,STATIC,86.10,STATIC,41.76,STATIC,101.77,STATIC,168.57,STATIC,49.69,STATIC,164.59,STATIC
19.71666666666667,473,10.60,STATIC,164.51,STATIC,85.97,STATIC,42.38,STATIC,101.66,STATIC,167.85,STATIC,48.94,STATIC,163.65,STATIC
19.758333333333333,474,10.48,STATIC,164.47,STATIC,85.97,STATIC,42.69,STATIC,101.43,STATIC,166.66,STATIC,47.57,STATIC,161.76,STATIC
19.8,475,9.84,STATIC,163.91,STATIC,86.06,STATIC,41.29,STATIC,101.07,STATIC,164.83,STATIC,46.06,STATIC,158.89,STATIC
19.84166666666667,476,10.37,STATIC,163.59,STATIC,85.94,STATIC,41.31,STATIC,101.01,STATIC,163.95,STATIC,46.28,STATIC,157.50,STATIC
19.883333333333333,477,10.99,STATIC,162.80,STATIC,85.81,STATIC,42.99,STATIC,101.04,STATIC,162.95,STATIC,46.85,STATIC,155.61,STATIC
19.925,478,12.26,STATIC,161.78,STATIC,85.72,STATIC,43.25,STATIC,101.12,STATIC,163.21,STATIC,47.89,STATIC,156.04,STATIC
19.96666666666667,479,11.88,STATIC,161.80,STATIC,85.66,STATIC,43.13,STATIC,100.96,STATIC,162.99,STATIC,46.57,STATIC,155.70,STATIC
20.008333333333333,480,11.65,STATIC,162.00,STATIC,85.58,STATIC,42.95,STATIC,101.00,STATIC,163.22,STATIC,46.17,STATIC,156.25,STATIC
20.05,481,10.27,STATIC,163.21,STATIC,85.51,STATIC,41.88,STATIC,100.89,STATIC,162.62,STATIC,44.53,STATIC,155.49,STATIC
20.09166666666667,482,10.40,STATIC,163.55,STATIC,85.49,STATIC,41.71,STATIC,100.77,STATIC,162.29,STATIC,44.61,STATIC,155.09,STATIC
20.133333333333333,483,10.63,STATIC,163.94,STATIC,85.46,STATIC,41.63,STATIC,100.78,STATIC,161.55,STATIC,44.95,STATIC,154.01,STATIC
20.175,484,11.56,STATIC,164.21,STATIC,85.45,STATIC,41.59,STATIC,100.71,STATIC,160.46,STATIC,44.98,STATIC,151.97,STATIC
20.21666666666667,485,10.81,STATIC,165.04,STATIC,85.40,STATIC,41.61,STATIC,100.28,STATIC,158.96,STATIC,45.34,STATIC,149.22,STATIC
20.258333333333333,486,9.93,STATIC,165.71,STATIC,85.37,STATIC,41.41,STATIC,100.35,STATIC,157.79,STATIC,44.53,STATIC,146.90,STATIC
20.3,487,10.25,STATIC,165.71,STATIC,85.36,STATIC,41.52,STATIC,100.15,STATIC,156.97,STATIC,44.79,STATIC,145.21,STATIC
20.34166666666667,488,10.95,STATIC,165.33,STATIC,85.42,STATIC,41.67,STATIC,100.03,STATIC,156.09,STATIC,44.55,STATIC,143.53,STATIC
20.383333333333336,489,10.71,STATIC,165.19,STATIC,85.38,STATIC,41.70,STATIC,99.98,STATIC,155.49,STATIC,44.87,STATIC,142.25,STATIC
20.425,490,10.39,STATIC,165.25,STATIC,85.36,STATIC,41.37,STATIC,99.94,STATIC,155.32,STATIC,44.78,STATIC,141.80,STATIC
20.46666666666667,491,10.36,STATIC,164.42,STATIC,85.25,STATIC,41.49,STATIC,100.06,STATIC,155.74,STATIC,45.30,STATIC,142.50,STATIC
20.508333333333336,492,11.26,STATIC,163.73,STATIC,85.25,STATIC,41.73,STATIC,100.11,STATIC,156.58,STATIC,45.33,STATIC,144.02,STATIC
20.55,493,12.07,STATIC,162.16,STATIC,85.13,STATIC,42.45,STATIC,100.17,STATIC,157.17,STATIC,45.78,STATIC,145.14,STATIC
20.59166666666667,494,11.78,STATIC,161.93,STATIC,85.11,STATIC,43.00,STATIC,100.20,STATIC,157.43,STATIC,45.48,STATIC,145.77,STATIC
20.633333333333336,495,11.09,STATIC,162.54,STATIC,85.02,STATIC,43.19,STATIC,100.23,STATIC,157.42,STATIC,45.15,STATIC,146.39,STATIC
20.675,496,10.62,STATIC,162.88,STATIC,84.98,STATIC,43.39,STATIC,100.11,STATIC,157.06,STATIC,44.04,STATIC,146.71,STATIC
20.71666666666667,497,10.49,STATIC,163.43,STATIC,84.98,STATIC,43.87,STATIC,100.04,STATIC,157.61,STATIC,44.08,STATIC,146.98,STATIC
20.758333333333336,498,11.01,STATIC,162.93,STATIC,84.99,STATIC,44.13,STATIC,100.04,STATIC,158.49,STATIC,44.87,STATIC,148.08,STATIC
20.8,499,11.88,STATIC,162.53,STATIC,85.06,STATIC,44.34,STATIC,99.92,STATIC,159.11,STATIC,45.25,STATIC,149.00,STATIC
20.84166666666667,500,12.26,STATIC,162.37,STATIC,85.07,STATIC,44.38,STATIC,100.00,STATIC,159.61,STATIC,45.30,STATIC,149.86,STATIC
20.883333333333336,501,11.25,STATIC,162.64,STATIC,85.10,STATIC,44.21,STATIC,100.00,STATIC,159.86,STATIC,44.59,STATIC,150.14,STATIC
20.925,502,10.37,STATIC,162.84,STATIC,85.22,STATIC,44.20,STATIC,99.88,STATIC,159.36,STATIC,43.72,STATIC,149.96,STATIC
20.96666666666667,503,10.25,STATIC,163.22,STATIC,85.30,STATIC,43.97,STATIC,99.81,STATIC,159.09,STATIC,43.33,STATIC,150.71,STATIC
21.008333333333336,504,10.66,STATIC,162.81,STATIC,85.45,STATIC,43.79,STATIC,99.76,STATIC,159.69,STATIC,43.27,STATIC,151.73,STATIC
21.05,505,10.71,STATIC,162.63,STATIC,85.51,STATIC,43.82,STATIC,99.82,STATIC,160.38,STATIC,43.99,STATIC,153.03,STATIC
21.09166666666667,506,9.68,STATIC,162.53,STATIC,85.56,STATIC,43.40,STATIC,99.86,STATIC,160.30,STATIC,43.33,STATIC,153.42,STATIC
21.133333333333336,507,8.78,STATIC,163.02,STATIC,85.61,STATIC,42.73,STATIC,99.93,STATIC,160.01,STATIC,42.90,STATIC,154.11,STATIC
21.175,508,8.13,STATIC,163.60,STATIC,85.64,STATIC,42.11,STATIC,99.98,STATIC,159.83,STATIC,42.71,STATIC,154.98,STATIC
21.21666666666667,509,8.54,STATIC,163.49,STATIC,85.62,STATIC,42.44,STATIC,100.13,STATIC,161.16,STATIC,43.16,STATIC,156.56,STATIC
21.258333333333336,510,8.08,STATIC,163.71,STATIC,85.60,STATIC,42.44,STATIC,100.22,STATIC,161.28,STATIC,43.08,STATIC,157.54,STATIC
21.3,511,7.55,STATIC,164.72,STATIC,85.56,STATIC,41.34,STATIC,100.29,STATIC,160.73,STATIC,42.17,STATIC,158.24,STATIC
21.34166666666667,512,7.63,STATIC,164.66,STATIC,85.53,STATIC,41.63,STATIC,100.36,STATIC,161.35,STATIC,42.22,STATIC,159.33,STATIC
21.383333333333336,513,8.02,STATIC,166.16,STATIC,85.46,STATIC,41.66,STATIC,100.43,STATIC,161.75,STATIC,42.86,STATIC,160.38,STATIC
21.425,514,7.96,STATIC,166.17,STATIC,85.43,STATIC,41.44,STATIC,100.56,STATIC,162.41,STATIC,41.89,STATIC,161.09,STATIC
21.46666666666667,515,7.73,STATIC,167.19,STATIC,85.44,STATIC,41.17,STATIC,100.50,STATIC,162.42,STATIC,41.41,STATIC,161.37,STATIC
21.508333333333336,516,7.46,STATIC,167.67,STATIC,85.43,STATIC,40.59,STATIC,100.42,STATIC,162.35,STATIC,40.92,STATIC,161.32,STATIC
21.55,517,7.50,STATIC,167.19,STATIC,85.44,STATIC,39.77,STATIC,100.34,STATIC,162.38,STATIC,40.42,STATIC,160.70,STATIC
21.59166666666667,518,7.61,STATIC,167.31,STATIC,85.43,STATIC,39.18,STATIC,100.27,STATIC,161.99,STATIC,40.45,STATIC,159.52,STATIC
21.633333333333336,519,7.51,STATIC,166.73,STATIC,85.37,STATIC,39.10,STATIC,100.23,STATIC,161.39,STATIC,40.05,STATIC,157.67,STATIC
21.675,520,7.61,STATIC,166.29,STATIC,85.33,STATIC,38.25,STATIC,100.26,STATIC,160.92,STATIC,39.65,STATIC,156.62,STATIC
21.71666666666667,521,7.73,STATIC,166.85,STATIC,85.29,STATIC,38.23,STATIC,100.35,STATIC,160.82,STATIC,39.96,STATIC,156.39,STATIC
21.758333333333336,522,7.70,STATIC,166.80,STATIC,85.34,STATIC,38.04,STATIC,100.27,STATIC,158.96,STATIC,39.59,STATIC,152.83,STATIC
21.8,523,7.56,STATIC,167.03,STATIC,85.35,STATIC,37.82,STATIC,100.19,STATIC,156.70,STATIC,39.03,STATIC,150.26,STATIC
21.84166666666667,524,7.62,STATIC,167.22,STATIC,85.42,STATIC,37.69,STATIC,100.04,STATIC,155.94,STATIC,39.44,STATIC,148.37,STATIC
21.883333333333336,525,7.67,STATIC,167.37,STATIC,85.44,STATIC,37.66,STATIC,99.95,STATIC,155.13,STATIC,39.28,STATIC,147.53,STATIC
21.925,526,7.74,STATIC,167.47,STATIC,85.44,STATIC,37.66,STATIC,99.95,STATIC,154.83,STATIC,39.24,STATIC,146.81,STATIC
21.968333333333334,527,7.78,STATIC,167.17,STATIC,85.52,STATIC,37.98,STATIC,99.84,STATIC,154.13,STATIC,39.23,STATIC,145.35,STATIC
22.008333333333336,528,7.63,STATIC,167.58,STATIC,85.50,STATIC,37.88,STATIC,99.71,STATIC,151.78,STATIC,38.31,STATIC,143.51,STATIC
22.05166666666667,529,7.75,STATIC,167.58,STATIC,85.47,STATIC,37.73,STATIC,99.67,STATIC,151.27,STATIC,38.10,STATIC,143.03,STATIC
22.093333333333334,530,7.66,STATIC,168.48,STATIC,85.32,STATIC,36.21,STATIC,99.66,STATIC,148.49,STATIC,37.15,STATIC,142.99,STATIC
22.135,531,7.62,STATIC,167.96,STATIC,85.35,STATIC,37.68,STATIC,99.48,STATIC,147.74,STATIC,37.52,STATIC,142.47,STATIC
22.17666666666667,532,7.70,STATIC,166.70,STATIC,85.23,STATIC,40.28,STATIC,99.43,STATIC,147.03,STATIC,38.12,STATIC,138.94,STATIC
22.218333333333334,533,7.85,STATIC,166.29,STATIC,85.03,STATIC,41.13,STATIC,99.40,STATIC,147.49,STATIC,38.89,STATIC,136.25,STATIC
22.26,534,9.52,STATIC,165.28,STATIC,84.86,STATIC,41.90,STATIC,99.62,STATIC,148.78,STATIC,39.73,STATIC,137.27,STATIC
22.30166666666667,535,10.12,STATIC,165.79,STATIC,84.41,STATIC,42.47,STATIC,99.71,STATIC,150.24,STATIC,41.18,STATIC,138.26,STATIC
22.343333333333334,536,11.23,STATIC,166.44,STATIC,84.15,STATIC,43.67,STATIC,99.63,STATIC,152.20,STATIC,43.30,STATIC,139.69,STATIC
22.385,537,12.13,STATIC,168.24,STATIC,83.58,STATIC,45.08,STATIC,99.95,STATIC,153.63,STATIC,45.60,STATIC,141.25,STATIC
22.42666666666667,538,12.46,STATIC,169.61,STATIC,83.45,STATIC,44.00,STATIC,100.20,STATIC,154.08,STATIC,47.01,STATIC,142.81,STATIC
22.468333333333334,539,12.77,STATIC,169.81,STATIC,83.29,STATIC,44.23,STATIC,100.61,STATIC,154.11,STATIC,49.17,STATIC,144.19,STATIC
22.51,540,8.14,STATIC,169.01,STATIC,83.71,STATIC,42.84,STATIC,100.41,STATIC,154.44,STATIC,49.09,STATIC,144.60,STATIC
22.55166666666667,541,8.60,STATIC,159.74,FLEXION,84.03,STATIC,41.96,STATIC,100.36,STATIC,154.72,STATIC,48.77,STATIC,146.20,STATIC
22.593333333333334,542,8.90,STATIC,163.11,STATIC,83.97,STATIC,42.85,STATIC,100.92,STATIC,154.45,STATIC,49.33,STATIC,148.33,STATIC
22.635,543,9.41,STATIC,161.20,STATIC,84.03,STATIC,42.76,STATIC,101.27,STATIC,155.98,STATIC,51.41,STATIC,150.71,STATIC
22.67666666666667,544,9.78,STATIC,159.21,STATIC,84.00,STATIC,45.03,STATIC,101.80,STATIC,156.50,STATIC,52.48,STATIC,152.53,STATIC
22.718333333333334,545,10.46,STATIC,156.61,STATIC,84.00,STATIC,47.40,STATIC,102.43,STATIC,156.22,STATIC,54.86,STATIC,154.26,STATIC
22.76,546,11.81,STATIC,157.64,STATIC,83.79,STATIC,48.72,STATIC,103.59,STATIC,155.59,STATIC,55.49,STATIC,155.94,STATIC
22.80166666666667,547,12.76,STATIC,158.01,STATIC,83.85,STATIC,49.58,STATIC,104.20,STATIC,153.19,STATIC,55.31,STATIC,157.26,STATIC
22.843333333333334,548,13.64,STATIC,157.48,STATIC,84.06,STATIC,48.93,STATIC,104.47,STATIC,153.18,STATIC,55.74,STATIC,158.57,STATIC
22.885,549,14.73,STATIC,155.38,STATIC,84.01,STATIC,47.54,STATIC,105.18,STATIC,154.97,STATIC,58.28,STATIC,159.79,STATIC
22.92666666666667,550,16.33,STATIC,154.02,STATIC,83.95,STATIC,48.07,STATIC,105.94,STATIC,154.35,STATIC,61.17,STATIC,161.12,STATIC
22.968333333333334,551,18.49,STATIC,153.91,STATIC,84.06,STATIC,48.07,STATIC,106.51,STATIC,153.84,STATIC,61.73,STATIC,162.38,STATIC
23.01,552,19.92,STATIC,147.84,FLEXION,84.20,STATIC,48.64,STATIC,106.96,STATIC,153.32,STATIC,62.81,STATIC,163.62,STATIC
23.05166666666667,553,21.62,STATIC,148.56,STATIC,84.31,STATIC,47.65,STATIC,106.99,STATIC,153.00,STATIC,63.14,STATIC,164.57,STATIC
23.093333333333334,554,23.21,STATIC,151.23,STATIC,84.21,STATIC,46.67,STATIC,107.21,STATIC,153.75,STATIC,62.74,STATIC,165.05,STATIC
23.135,555,24.79,STATIC,153.26,STATIC,84.10,STATIC,46.12,STATIC,107.77,STATIC,152.93,STATIC,63.05,STATIC,165.65,STATIC
23.17666666666667,556,24.41,STATIC,155.41,STATIC,84.16,STATIC,46.24,STATIC,108.32,STATIC,153.30,STATIC,64.73,STATIC,165.89,STATIC
23.218333333333334,557,23.17,STATIC,158.15,STATIC,84.05,STATIC,45.02,STATIC,108.76,STATIC,152.92,STATIC,65.47,STATIC,166.01,STATIC
23.26,558,22.16,STATIC,164.22,EXTENSION,84.04,STATIC,45.79,STATIC,109.13,STATIC,149.94,STATIC,66.50,STATIC,166.00,STATIC
23.30166666666667,559,21.58,STATIC,164.19,STATIC,84.00,STATIC,47.20,STATIC,109.55,STATIC,150.28,STATIC,68.73,STATIC,164.49,STATIC
23.343333333333334,560,22.27,STATIC,161.56,STATIC,83.96,STATIC,47.61,STATIC,109.47,STATIC,157.60,EXTENSION,71.31,STATIC,165.44,STATIC
23.385,561,22.33,STATIC,159.30,STATIC,83.90,STATIC,48.52,STATIC,110.13,STATIC,159.97,STATIC,72.12,STATIC,166.90,STATIC
23.42666666666667,562,22.42,STATIC,157.94,STATIC,83.87,STATIC,47.89,STATIC,110.44,STATIC,168.48,EXTENSION,73.86,STATIC,169.48,STATIC
23.468333333333334,563,22.70,STATIC,156.68,STATIC,83.79,STATIC,48.71,STATIC,111.95,STATIC,167.13,STATIC,77.70,STATIC,169.76,STATIC
23.51,564,23.19,STATIC,152.66,STATIC,83.95,STATIC,47.92,STATIC,113.10,STATIC,169.72,STATIC,80.97,STATIC,170.38,STATIC
23.55166666666667,565,26.32,STATIC,150.87,STATIC,83.97,STATIC,48.88,STATIC,113.94,STATIC,166.86,STATIC,81.71,STATIC,170.48,STATIC
23.593333333333334,566,30.62,STATIC,148.69,STATIC,84.03,STATIC,50.25,STATIC,115.00,STATIC,167.60,STATIC,84.78,STATIC,170.66,STATIC
23.635,567,33.22,STATIC,148.25,STATIC,83.98,STATIC,51.44,STATIC,116.38,STATIC,168.45,STATIC,87.75,STATIC,170.96,STATIC
23.67666666666667,568,35.65,STATIC,148.59,STATIC,84.04,STATIC,51.64,STATIC,116.95,STATIC,167.06,STATIC,88.98,STATIC,171.37,STATIC
23.718333333333334,569,38.04,STATIC,148.57,STATIC,84.14,STATIC,51.69,STATIC,117.42,STATIC,167.17,STATIC,89.71,STATIC,171.71,STATIC
23.76,570,39.56,STATIC,148.83,STATIC,84.11,STATIC,51.08,STATIC,117.95,STATIC,168.71,STATIC,91.24,STATIC,172.01,STATIC
23.80166666666667,571,41.28,STATIC,148.14,STATIC,84.18,STATIC,50.83,STATIC,118.14,STATIC,168.56,STATIC,91.34,STATIC,172.14,STATIC
23.843333333333334,572,42.60,STATIC,148.04,STATIC,84.13,STATIC,50.44,STATIC,118.22,STATIC,168.29,STATIC,90.78,STATIC,172.01,STATIC
23.885,573,44.34,STATIC,148.80,STATIC,84.14,STATIC,49.67,STATIC,118.53,STATIC,168.08,STATIC,90.76,STATIC,171.95,STATIC
23.92666666666667,574,45.72,STATIC,149.94,STATIC,84.15,STATIC,50.16,STATIC,118.69,STATIC,167.39,STATIC,89.93,STATIC,171.87,STATIC
23.968333333333334,575,47.21,STATIC,152.13,STATIC,84.13,STATIC,50.43,STATIC,118.98,STATIC,167.09,STATIC,90.59,STATIC,171.62,STATIC
24.01,576,43.63,STATIC,154.00,STATIC,84.23,STATIC,50.62,STATIC,118.93,STATIC,167.26,STATIC,90.16,STATIC,171.57,STATIC
24.05166666666667,577,41.25,STATIC,157.60,STATIC,84.23,STATIC,48.66,STATIC,118.94,STATIC,168.12,STATIC,91.08,STATIC,171.23,STATIC
24.093333333333334,578,36.88,STATIC,158.35,STATIC,84.28,STATIC,48.45,STATIC,119.30,STATIC,167.98,STATIC,92.55,STATIC,170.88,STATIC
24.135,579,34.05,STATIC,159.83,STATIC,84.27,STATIC,48.47,STATIC,119.12,STATIC,167.78,STATIC,94.00,STATIC,170.93,STATIC
24.17666666666667,580,32.06,STATIC,160.05,STATIC,84.34,STATIC,48.68,STATIC,118.74,STATIC,167.84,STATIC,95.71,STATIC,171.03,STATIC
24.218333333333334,581,30.08,STATIC,160.93,STATIC,84.35,STATIC,48.54,STATIC,118.72,STATIC,168.71,STATIC,97.13,STATIC,170.19,STATIC
24.26,582,28.95,STATIC,160.47,STATIC,84.34,STATIC,48.85,STATIC,118.90,STATIC,169.28,STATIC,97.96,STATIC,170.27,STATIC
24.30166666666667,583,27.45,STATIC,160.28,STATIC,84.34,STATIC,48.78,STATIC,118.87,STATIC,169.04,STATIC,98.51,STATIC,170.17,STATIC
24.343333333333334,584,27.04,STATIC,158.75,STATIC,84.40,STATIC,48.77,STATIC,118.88,STATIC,168.92,STATIC,99.12,STATIC,169.91,STATIC
24.385,585,27.57,STATIC,157.31,STATIC,84.44,STATIC,49.44,STATIC,118.95,STATIC,169.32,STATIC,99.86,STATIC,169.99,STATIC
24.42666666666667,586,29.81,STATIC,156.27,STATIC,84.45,STATIC,49.60,STATIC,119.21,STATIC,169.48,STATIC,100.42,STATIC,170.38,STATIC
24.468333333333334,587,34.48,STATIC,154.76,STATIC,84.41,STATIC,49.98,STATIC,119.64,STATIC,169.98,STATIC,102.29,STATIC,171.13,STATIC
24.51,588,37.16,STATIC,153.02,STATIC,84.26,STATIC,51.70,STATIC,120.91,STATIC,170.38,STATIC,106.25,STATIC,171.98,STATIC
24.55166666666667,589,38.46,STATIC,153.18,STATIC,84.24,STATIC,52.36,STATIC,121.81,STATIC,169.46,STATIC,107.78,STATIC,172.39,STATIC
24.593333333333334,590,40.13,STATIC,153.10,STATIC,84.21,STATIC,52.83,STATIC,122.62,STATIC,168.94,STATIC,108.56,STATIC,172.24,STATIC
24.635,591,42.58,STATIC,152.65,STATIC,84.23,STATIC,52.90,STATIC,122.59,STATIC,168.98,STATIC,108.71,STATIC,172.12,STATIC
24.67666666666667,592,44.40,STATIC,151.31,STATIC,84.23,STATIC,52.84,STATIC,122.20,STATIC,168.49,STATIC,108.47,STATIC,172.79,STATIC
24.718333333333334,593,45.79,STATIC,152.24,STATIC,84.25,STATIC,52.02,STATIC,121.76,STATIC,167.98,STATIC,107.95,STATIC,172.87,STATIC
24.76,594,46.60,STATIC,152.97,STATIC,84.29,STATIC,51.13,STATIC,120.99,STATIC,167.96,STATIC,105.04,STATIC,172.48,STATIC
24.80166666666667,595,47.67,STATIC,153.16,STATIC,84.27,STATIC,51.04,STATIC,120.80,STATIC,167.71,STATIC,104.80,STATIC,172.06,STATIC
24.843333333333334,596,50.51,STATIC,153.20,STATIC,84.67,STATIC,50.95,STATIC,120.83,STATIC,167.61,STATIC,105.15,STATIC,172.02,STATIC
24.885,597,45.75,STATIC,153.19,STATIC,85.03,STATIC,50.91,STATIC,120.97,STATIC,167.88,STATIC,105.88,STATIC,171.48,STATIC
24.92666666666667,598,44.68,STATIC,152.93,STATIC,84.70,STATIC,51.14,STATIC,121.21,STATIC,167.89,STATIC,106.14,STATIC,171.11,STATIC
24.968333333333334,599,45.27,STATIC,153.07,STATIC,84.53,STATIC,51.61,STATIC,121.22,STATIC,167.52,STATIC,105.83,STATIC,171.04,STATIC
25.01,600,45.23,STATIC,153.40,STATIC,84.45,STATIC,51.73,STATIC,121.21,STATIC,167.33,STATIC,105.61,STATIC,171.02,STATIC
25.05166666666667,601,44.16,STATIC,154.65,STATIC,84.39,STATIC,51.91,STATIC,121.16,STATIC,167.79,STATIC,105.39,STATIC,171.00,STATIC
25.093333333333334,602,45.57,STATIC,154.73,STATIC,84.28,STATIC,51.92,STATIC,121.32,STATIC,168.50,STATIC,105.57,STATIC,171.13,STATIC
25.135,603,47.45,STATIC,154.68,STATIC,84.21,STATIC,52.11,STATIC,121.06,STATIC,168.74,STATIC,105.58,STATIC,171.38,STATIC
25.17666666666667,604,48.77,STATIC,154.79,STATIC,84.25,STATIC,52.07,STATIC,120.86,STATIC,169.83,STATIC,105.41,STATIC,171.82,STATIC
25.218333333333334,605,52.31,STATIC,155.09,STATIC,84.27,STATIC,52.47,STATIC,120.21,STATIC,170.01,STATIC,103.73,STATIC,171.90,STATIC
25.26,606,53.90,STATIC,154.99,STATIC,84.22,STATIC,52.54,STATIC,119.74,STATIC,170.11,STATIC,102.23,STATIC,171.98,STATIC
25.30166666666667,607,53.70,STATIC,154.58,STATIC,84.22,STATIC,52.71,STATIC,119.54,STATIC,169.91,STATIC,101.44,STATIC,171.87,STATIC
25.343333333333334,608,53.56,STATIC,154.36,STATIC,84.22,STATIC,53.19,STATIC,119.45,STATIC,169.27,STATIC,100.64,STATIC,171.95,STATIC
25.385,609,54.10,STATIC,154.33,STATIC,84.21,STATIC,53.16,STATIC,119.33,STATIC,169.27,STATIC,100.95,STATIC,172.34,STATIC
25.42666666666667,610,54.15,STATIC,154.78,STATIC,84.20,STATIC,52.93,STATIC,118.49,STATIC,168.93,STATIC,98.90,STATIC,172.62,STATIC
25.468333333333334,611,54.17,STATIC,155.69,STATIC,84.21,STATIC,52.31,STATIC,117.80,STATIC,168.84,STATIC,96.32,STATIC,172.68,STATIC
25.51,612,53.75,STATIC,155.84,STATIC,84.23,STATIC,51.77,STATIC,117.64,STATIC,168.97,STATIC,95.87,STATIC,172.50,STATIC
25.55166666666667,613,53.62,STATIC,155.50,STATIC,84.26,STATIC,51.77,STATIC,117.19,STATIC,170.74,STATIC,95.13,STATIC,172.79,STATIC
25.593333333333334,614,54.10,STATIC,155.39,STATIC,84.26,STATIC,51.47,STATIC,116.62,STATIC,171.12,STATIC,93.05,STATIC,172.98,STATIC
25.635,615,54.14,STATIC,155.37,STATIC,84.25,STATIC,51.31,STATIC,116.27,STATIC,171.51,STATIC,91.39,STATIC,173.11,STATIC
25.67666666666667,616,54.64,STATIC,154.47,STATIC,84.25,STATIC,51.15,STATIC,115.89,STATIC,171.17,STATIC,89.50,STATIC,173.13,STATIC
25.718333333333334,617,55.45,STATIC,154.12,STATIC,84.24,STATIC,50.84,STATIC,115.28,STATIC,171.12,STATIC,87.61,STATIC,173.02,STATIC
25.76,618,55.87,STATIC,154.65,STATIC,84.24,STATIC,50.58,STATIC,114.85,STATIC,171.37,STATIC,86.70,STATIC,173.08,STATIC
25.80166666666667,619,56.93,STATIC,154.35,STATIC,84.25,STATIC,49.52,STATIC,113.70,STATIC,172.03,STATIC,83.78,STATIC,172.95,STATIC
25.843333333333334,620,57.34,STATIC,154.90,STATIC,84.33,STATIC,49.11,STATIC,112.35,STATIC,173.43,STATIC,81.54,STATIC,172.99,STATIC
25.885,621,57.40,STATIC,155.16,STATIC,84.40,STATIC,49.64,STATIC,111.32,STATIC,173.70,STATIC,79.97,STATIC,173.00,STATIC
25.92666666666667,622,58.14,STATIC,159.11,STATIC,84.41,STATIC,49.03,STATIC,111.12,STATIC,172.92,STATIC,80.10,STATIC,173.03,STATIC
25.968333333333334,623,59.82,STATIC,155.97,STATIC,84.44,STATIC,50.15,STATIC,111.63,STATIC,172.48,STATIC,81.45,STATIC,173.19,STATIC
26.011666666666667,624,61.58,STATIC,154.27,STATIC,84.42,STATIC,51.50,STATIC,112.59,STATIC,172.47,STATIC,82.61,STATIC,173.27,STATIC
26.053333333333335,625,63.53,STATIC,153.82,STATIC,84.52,STATIC,51.83,STATIC,112.47,STATIC,173.33,STATIC,81.31,STATIC,173.44,STATIC
26.095000000000002,626,64.97,STATIC,154.37,STATIC,84.54,STATIC,51.05,STATIC,112.20,STATIC,174.60,STATIC,79.40,STATIC,173.39,STATIC
26.136666666666667,627,66.03,STATIC,151.69,STATIC,84.58,STATIC,50.85,STATIC,111.08,STATIC,174.32,STATIC,73.93,FLEXION,171.53,STATIC
26.178333333333335,628,66.31,STATIC,151.44,STATIC,84.73,STATIC,48.96,STATIC,109.63,STATIC,173.60,STATIC,70.54,STATIC,170.99,STATIC
26.220000000000002,629,65.89,STATIC,152.62,STATIC,84.60,STATIC,49.08,STATIC,109.15,STATIC,174.18,STATIC,69.15,STATIC,171.86,STATIC
26.261666666666667,630,66.79,STATIC,152.66,STATIC,84.61,STATIC,49.08,STATIC,109.20,STATIC,174.10,STATIC,69.46,STATIC,171.95,STATIC
26.303333333333335,631,68.02,STATIC,152.40,STATIC,84.63,STATIC,49.02,STATIC,109.65,STATIC,173.82,STATIC,69.36,STATIC,171.95,STATIC
26.345000000000002,632,68.78,STATIC,151.36,STATIC,84.61,STATIC,48.97,STATIC,109.10,STATIC,173.40,STATIC,67.54,STATIC,171.31,STATIC
26.386666666666667,633,69.92,STATIC,151.26,STATIC,84.51,STATIC,48.28,STATIC,109.16,STATIC,173.55,STATIC,68.69,STATIC,171.45,STATIC
26.428333333333335,634,67.29,STATIC,153.98,STATIC,84.46,STATIC,48.60,STATIC,108.77,STATIC,173.21,STATIC,68.15,STATIC,170.94,STATIC
26.470000000000002,635,57.22,FLEXION,158.11,STATIC,84.61,STATIC,48.89,STATIC,107.66,STATIC,172.69,STATIC,63.72,STATIC,170.24,STATIC
26.511666666666667,636,53.24,STATIC,159.76,STATIC,84.74,STATIC,48.35,STATIC,106.93,STATIC,171.95,STATIC,62.15,STATIC,169.66,STATIC
26.553333333333335,637,50.40,STATIC,160.67,STATIC,84.83,STATIC,48.42,STATIC,106.65,STATIC,171.21,STATIC,62.03,STATIC,169.16,STATIC
26.595000000000002,638,46.69,STATIC,160.67,STATIC,84.89,STATIC,48.41,STATIC,106.58,STATIC,168.71,STATIC,61.86,STATIC,168.60,STATIC
26.636666666666667,639,44.70,STATIC,161.54,STATIC,84.95,STATIC,48.19,STATIC,106.40,STATIC,165.13,STATIC,61.44,STATIC,168.33,STATIC
26.678333333333335,640,47.00,STATIC,160.28,STATIC,84.90,STATIC,48.52,STATIC,106.73,STATIC,164.08,STATIC,62.07,STATIC,168.66,STATIC
26.720000000000002,641,50.17,STATIC,155.76,STATIC,84.93,STATIC,48.61,STATIC,106.54,STATIC,166.46,STATIC,64.27,STATIC,168.86,STATIC
26.761666666666667,642,53.79,STATIC,150.40,FLEXION,84.96,STATIC,46.96,STATIC,106.50,STATIC,165.36,STATIC,65.35,STATIC,168.31,STATIC
26.803333333333335,643,56.57,STATIC,148.79,STATIC,84.93,STATIC,46.08,STATIC,106.80,STATIC,165.48,STATIC,65.50,STATIC,168.54,STATIC
26.845000000000002,644,58.60,STATIC,147.70,STATIC,84.99,STATIC,46.11,STATIC,106.71,STATIC,165.68,STATIC,65.47,STATIC,168.61,STATIC
26.886666666666667,645,59.93,STATIC,146.14,STATIC,85.03,STATIC,44.82,STATIC,106.66,STATIC,165.72,STATIC,65.64,STATIC,168.32,STATIC
26.928333333333335,646,61.66,STATIC,143.28,STATIC,85.00,STATIC,45.62,STATIC,107.30,STATIC,164.45,STATIC,66.24,STATIC,168.54,STATIC
26.970000000000002,647,63.87,STATIC,142.68,STATIC,85.08,STATIC,43.73,STATIC,106.85,STATIC,163.21,STATIC,65.59,STATIC,168.51,STATIC
27.011666666666667,648,65.90,STATIC,144.11,STATIC,85.06,STATIC,44.13,STATIC,106.84,STATIC,164.66,STATIC,66.33,STATIC,168.76,STATIC
27.053333333333335,649,66.94,STATIC,145.05,STATIC,85.06,STATIC,43.19,STATIC,106.81,STATIC,164.33,STATIC,66.14,STATIC,168.05,STATIC
27.095000000000002,650,68.07,STATIC,145.27,STATIC,85.10,STATIC,43.13,STATIC,106.78,STATIC,162.54,STATIC,65.58,STATIC,167.40,STATIC
27.136666666666667,651,66.90,STATIC,145.85,STATIC,85.15,STATIC,42.21,STATIC,106.51,STATIC,162.58,STATIC,65.42,STATIC,167.82,STATIC
27.178333333333335,652,63.52,STATIC,145.27,STATIC,85.18,STATIC,43.07,STATIC,106.86,STATIC,159.94,STATIC,64.61,STATIC,167.53,STATIC
27.220000000000002,653,59.55,STATIC,147.14,STATIC,85.27,STATIC,42.62,STATIC,106.04,STATIC,161.88,STATIC,64.44,STATIC,168.24,STATIC
27.261666666666667,654,55.94,STATIC,152.21,EXTENSION,85.32,STATIC,42.56,STATIC,106.29,STATIC,162.69,STATIC,64.92,STATIC,168.53,STATIC
27.303333333333335,655,44.45,FLEXION,156.44,STATIC,85.37,STATIC,43.57,STATIC,106.30,STATIC,159.73,STATIC,65.78,STATIC,168.07,STATIC
27.345000000000002,656,35.35,FLEXION,157.85,STATIC,85.49,STATIC,43.36,STATIC,105.90,STATIC,162.00,STATIC,61.52,STATIC,167.44,STATIC
27.386666666666667,657,29.25,FLEXION,160.28,STATIC,85.74,STATIC,42.20,STATIC,104.64,STATIC,161.80,STATIC,55.89,FLEXION,165.43,STATIC
27.428333333333335,658,27.87,STATIC,163.11,STATIC,85.92,STATIC,46.34,STATIC,103.89,STATIC,158.85,STATIC,50.68,FLEXION,162.27,STATIC
27.470000000000002,659,21.85,FLEXION,168.92,EXTENSION,85.92,STATIC,43.40,STATIC,103.18,STATIC,157.22,STATIC,47.63,STATIC,157.15,FLEXION
27.511666666666667,660,19.13,STATIC,167.86,STATIC,86.14,STATIC,43.66,STATIC,102.42,STATIC,159.63,STATIC,46.25,STATIC,154.74,STATIC
27.553333333333335,661,14.49,STATIC,170.65,STATIC,86.15,STATIC,41.71,STATIC,101.97,STATIC,160.47,STATIC,44.01,STATIC,152.41,STATIC
27.595000000000002,662,13.45,STATIC,168.55,STATIC,86.21,STATIC,43.29,STATIC,101.91,STATIC,162.81,STATIC,46.66,STATIC,152.99,STATIC
27.636666666666667,663,12.73,STATIC,167.59,STATIC,86.11,STATIC,43.74,STATIC,101.99,STATIC,167.57,STATIC,47.36,STATIC,154.31,STATIC
27.678333333333335,664,11.09,STATIC,166.18,STATIC,86.17,STATIC,44.30,STATIC,101.65,STATIC,166.54,STATIC,45.84,STATIC,153.69,STATIC
27.720000000000002,665,10.78,STATIC,165.82,STATIC,86.24,STATIC,42.60,STATIC,101.54,STATIC,165.95,STATIC,45.41,STATIC,153.75,STATIC
27.761666666666667,666,10.07,STATIC,164.74,STATIC,86.35,STATIC,43.37,STATIC,101.22,STATIC,165.85,STATIC,46.51,STATIC,155.73,STATIC
27.803333333333335,667,9.92,STATIC,164.84,STATIC,86.21,STATIC,43.22,STATIC,101.12,STATIC,165.75,STATIC,46.49,STATIC,158.82,STATIC
27.845000000000002,668,8.42,STATIC,165.25,STATIC,86.14,STATIC,42.78,STATIC,101.00,STATIC,165.35,STATIC,45.53,STATIC,160.88,STATIC
27.886666666666667,669,8.85,STATIC,165.21,STATIC,86.00,STATIC,43.55,STATIC,100.94,STATIC,166.53,STATIC,45.31,STATIC,162.35,STATIC
27.928333333333335,670,8.98,STATIC,164.71,STATIC,85.83,STATIC,44.09,STATIC,101.07,STATIC,168.67,STATIC,45.18,STATIC,163.82,STATIC
27.970000000000002,671,9.53,STATIC,165.63,STATIC,85.55,STATIC,44.91,STATIC,101.21,STATIC,169.32,STATIC,45.72,STATIC,164.71,STATIC
28.011666666666667,672,9.50,STATIC,165.45,STATIC,85.47,STATIC,44.34,STATIC,101.35,STATIC,168.99,STATIC,44.72,STATIC,165.74,STATIC
28.053333333333335,673,8.60,STATIC,165.61,STATIC,85.62,STATIC,44.88,STATIC,101.10,STATIC,166.54,STATIC,43.06,STATIC,165.73,STATIC
28.095000000000002,674,8.68,STATIC,165.80,STATIC,85.50,STATIC,44.84,STATIC,101.16,STATIC,166.69,STATIC,43.26,STATIC,166.53,STATIC
28.136666666666667,675,8.60,STATIC,165.64,STATIC,85.53,STATIC,44.64,STATIC,101.09,STATIC,166.15,STATIC,42.22,STATIC,166.62,STATIC
28.178333333333335,676,8.11,STATIC,165.44,STATIC,85.62,STATIC,43.01,STATIC,101.16,STATIC,165.77,STATIC,40.50,STATIC,166.75,STATIC
28.220000000000002,677,7.98,STATIC,165.50,STATIC,85.62,STATIC,43.31,STATIC,101.28,STATIC,164.76,STATIC,40.68,STATIC,167.27,STATIC
28.261666666666667,678,7.75,STATIC,165.08,STATIC,85.66,STATIC,43.38,STATIC,101.34,STATIC,164.89,STATIC,40.89,STATIC,167.50,STATIC
28.303333333333335,679,7.58,STATIC,164.23,STATIC,85.75,STATIC,42.22,STATIC,101.39,STATIC,161.76,STATIC,40.11,STATIC,167.37,STATIC
28.345000000000002,680,8.00,STATIC,164.09,STATIC,85.77,STATIC,42.70,STATIC,101.50,STATIC,163.93,STATIC,40.61,STATIC,167.46,STATIC
28.386666666666667,681,7.81,STATIC,163.73,STATIC,85.70,STATIC,42.61,STATIC,101.65,STATIC,164.96,STATIC,40.63,STATIC,167.83,STATIC
28.428333333333335,682,7.85,STATIC,163.14,STATIC,85.75,STATIC,42.81,STATIC,101.66,STATIC,164.91,STATIC,40.47,STATIC,168.29,STATIC
28.470000000000002,683,8.44,STATIC,163.20,STATIC,85.85,STATIC,42.95,STATIC,101.70,STATIC,165.82,STATIC,40.65,STATIC,168.32,STATIC
28.51166666666667,684,8.59,STATIC,163.41,STATIC,85.87,STATIC,42.55,STATIC,101.75,STATIC,166.40,STATIC,40.64,STATIC,168.64,STATIC
28.553333333333335,685,8.51,STATIC,163.87,STATIC,85.85,STATIC,41.39,STATIC,101.81,STATIC,166.31,STATIC,39.84,STATIC,168.76,STATIC
28.595000000000002,686,8.45,STATIC,164.23,STATIC,85.77,STATIC,41.66,STATIC,101.83,STATIC,165.82,STATIC,40.01,STATIC,168.91,STATIC
28.63666666666667,687,8.60,STATIC,165.24,STATIC,85.64,STATIC,42.36,STATIC,101.84,STATIC,165.32,STATIC,40.35,STATIC,169.19,STATIC
28.678333333333335,688,8.80,STATIC,165.32,STATIC,85.58,STATIC,43.24,STATIC,101.81,STATIC,164.41,STATIC,40.92,STATIC,169.40,STATIC
28.720000000000002,689,8.37,STATIC,165.21,STATIC,85.49,STATIC,43.11,STATIC,101.89,STATIC,164.11,STATIC,40.76,STATIC,169.66,STATIC
28.76166666666667,690,8.61,STATIC,164.30,STATIC,85.42,STATIC,43.96,STATIC,102.00,STATIC,165.11,STATIC,41.46,STATIC,169.60,STATIC
28.803333333333335,691,9.44,STATIC,163.40,STATIC,85.45,STATIC,44.56,STATIC,102.05,STATIC,166.94,STATIC,41.63,STATIC,169.97,STATIC
28.845000000000002,692,9.82,STATIC,162.18,STATIC,85.40,STATIC,44.58,STATIC,102.13,STATIC,168.99,STATIC,42.64,STATIC,170.14,STATIC
28.88666666666667,693,10.33,STATIC,159.61,STATIC,85.49,STATIC,44.12,STATIC,102.13,STATIC,169.14,STATIC,41.93,STATIC,169.96,STATIC
28.928333333333335,694,11.81,STATIC,158.23,STATIC,85.69,STATIC,43.52,STATIC,102.07,STATIC,170.60,STATIC,42.88,STATIC,169.75,STATIC
28.970000000000002,695,14.24,STATIC,150.43,FLEXION,86.04,STATIC,44.84,STATIC,101.89,STATIC,173.33,STATIC,45.00,STATIC,169.21,STATIC
29.01166666666667,696,15.44,STATIC,148.76,STATIC,86.30,STATIC,44.83,STATIC,101.53,STATIC,171.72,STATIC,44.26,STATIC,167.56,STATIC
29.053333333333335,697,13.75,STATIC,136.90,FLEXION,86.39,STATIC,39.01,FLEXION,101.23,STATIC,167.80,STATIC,42.75,STATIC,164.95,STATIC
29.095000000000002,698,6.45,FLEXION,81.15,FLEXION,86.40,STATIC,29.88,FLEXION,100.80,STATIC,161.51,FLEXION,40.09,STATIC,163.53,STATIC
29.13666666666667,699,6.00,STATIC,50.40,FLEXION,86.22,STATIC,33.95,STATIC,100.76,STATIC,158.11,STATIC,36.99,STATIC,163.17,STATIC
29.178333333333335,700,5.99,STATIC,57.44,EXTENSION,86.44,STATIC,33.88,STATIC,100.21,STATIC,156.67,STATIC,34.81,STATIC,162.26,STATIC
29.220000000000002,701,6.00,STATIC,59.18,STATIC,86.82,STATIC,37.82,STATIC,100.08,STATIC,157.32,STATIC,33.56,STATIC,160.53,STATIC
29.26166666666667,702,5.75,STATIC,69.02,EXTENSION,87.24,STATIC,36.42,STATIC,99.85,STATIC,157.07,STATIC,32.69,STATIC,158.80,STATIC
29.303333333333335,703,5.99,STATIC,84.71,EXTENSION,87.67,STATIC,36.53,STATIC,99.69,STATIC,155.71,STATIC,32.31,STATIC,157.88,STATIC
29.345000000000002,704,6.32,STATIC,91.90,EXTENSION,87.68,STATIC,40.52,STATIC,99.67,STATIC,154.37,STATIC,31.60,STATIC,156.09,STATIC
29.38666666666667,705,6.54,STATIC,97.05,EXTENSION,88.47,STATIC,47.01,EXTENSION,99.56,STATIC,153.25,STATIC,31.65,STATIC,155.74,STATIC
29.428333333333335,706,7.20,STATIC,101.59,STATIC,88.92,STATIC,50.02,STATIC,99.29,STATIC,152.92,STATIC,31.07,STATIC,154.84,STATIC
29.470000000000002,707,7.61,STATIC,106.41,STATIC,89.36,STATIC,54.74,STATIC,98.83,STATIC,152.69,STATIC,30.53,STATIC,154.95,STATIC
29.51166666666667,708,8.64,STATIC,111.99,EXTENSION,89.61,STATIC,58.31,STATIC,98.80,STATIC,152.57,STATIC,30.28,STATIC,154.85,STATIC
29.553333333333335,709,9.55,STATIC,115.10,STATIC,89.85,STATIC,63.82,EXTENSION,98.84,STATIC,152.42,STATIC,30.43,STATIC,154.90,STATIC
29.595000000000002,710,10.31,STATIC,115.40,STATIC,89.70,STATIC,67.11,STATIC,98.84,STATIC,153.10,STATIC,30.19,STATIC,154.21,STATIC
29.63666666666667,711,11.10,STATIC,115.83,STATIC,89.78,STATIC,68.82,STATIC,98.85,STATIC,153.17,STATIC,30.10,STATIC,153.65,STATIC
29.678333333333335,712,11.18,STATIC,116.36,STATIC,89.77,STATIC,68.75,STATIC,98.81,STATIC,153.13,STATIC,29.87,STATIC,152.76,STATIC
29.720000000000002,713,10.49,STATIC,118.33,STATIC,89.79,STATIC,68.69,STATIC,98.74,STATIC,152.29,STATIC,29.85,STATIC,152.73,STATIC
29.76166666666667,714,11.10,STATIC,120.43,STATIC,89.85,STATIC,70.56,STATIC,98.68,STATIC,152.40,STATIC,29.59,STATIC,151.94,STATIC
29.803333333333335,715,14.58,STATIC,115.43,STATIC,89.60,STATIC,72.11,STATIC,98.73,STATIC,150.99,STATIC,29.50,STATIC,152.00,STATIC
29.845000000000002,716,17.40,STATIC,114.53,STATIC,89.54,STATIC,72.56,STATIC,98.68,STATIC,151.01,STATIC,29.29,STATIC,151.74,STATIC
29.88666666666667,717,19.83,STATIC,113.03,STATIC,89.71,STATIC,73.50,STATIC,98.55,STATIC,150.33,STATIC,29.21,STATIC,152.24,STATIC
29.928333333333335,718,18.25,STATIC,113.51,STATIC,89.78,STATIC,73.33,STATIC,98.31,STATIC,150.10,STATIC,28.98,STATIC,152.10,STATIC
29.970000000000002,719,20.51,STATIC,113.72,STATIC,89.76,STATIC,72.63,STATIC,98.19,STATIC,149.65,STATIC,28.89,STATIC,152.39,STATIC
30.013333333333335,720,20.95,STATIC,115.32,STATIC,89.80,STATIC,72.07,STATIC,98.01,STATIC,150.12,STATIC,28.65,STATIC,152.21,STATIC
30.055000000000003,721,19.18,STATIC,115.07,STATIC,89.82,STATIC,71.84,STATIC,97.65,STATIC,149.65,STATIC,28.55,STATIC,152.62,STATIC
30.096666666666668,722,20.79,STATIC,114.96,STATIC,89.84,STATIC,71.77,STATIC,97.55,STATIC,150.26,STATIC,28.56,STATIC,152.72,STATIC
30.138333333333335,723,19.78,STATIC,114.77,STATIC,90.11,STATIC,71.49,STATIC,97.57,STATIC,150.96,STATIC,28.49,STATIC,152.83,STATIC
30.180000000000003,724,20.47,STATIC,114.32,STATIC,90.17,STATIC,71.38,STATIC,97.51,STATIC,151.22,STATIC,28.45,STATIC,153.13,STATIC
30.221666666666668,725,20.88,STATIC,113.80,STATIC,90.09,STATIC,71.03,STATIC,97.44,STATIC,150.86,STATIC,28.50,STATIC,153.72,STATIC
30.263333333333335,726,21.49,STATIC,113.16,STATIC,90.10,STATIC,70.96,STATIC,97.54,STATIC,151.10,STATIC,28.61,STATIC,153.89,STATIC
30.305000000000003,727,21.75,STATIC,113.32,STATIC,90.08,STATIC,70.88,STATIC,97.63,STATIC,151.33,STATIC,28.71,STATIC,153.61,STATIC
30.346666666666668,728,21.37,STATIC,113.52,STATIC,90.07,STATIC,70.77,STATIC,97.68,STATIC,151.31,STATIC,28.79,STATIC,153.61,STATIC
30.388333333333335,729,20.93,STATIC,113.80,STATIC,90.11,STATIC,70.89,STATIC,97.68,STATIC,151.96,STATIC,29.10,STATIC,153.69,STATIC
30.430000000000003,730,21.19,STATIC,114.20,STATIC,90.15,STATIC,70.96,STATIC,97.63,STATIC,151.67,STATIC,29.33,STATIC,153.71,STATIC
30.471666666666668,731,22.15,STATIC,115.74,STATIC,90.10,STATIC,70.58,STATIC,97.65,STATIC,151.62,STATIC,29.44,STATIC,154.01,STATIC
30.513333333333335,732,22.76,STATIC,115.83,STATIC,90.01,STATIC,70.53,STATIC,97.68,STATIC,151.57,STATIC,29.53,STATIC,154.00,STATIC
30.555000000000003,733,20.73,STATIC,115.76,STATIC,89.99,STATIC,69.70,STATIC,97.70,STATIC,151.30,STATIC,29.45,STATIC,153.82,STATIC
30.596666666666668,734,20.64,STATIC,115.82,STATIC,89.96,STATIC,68.78,STATIC,97.80,STATIC,151.15,STATIC,29.22,STATIC,153.58,STATIC
30.638333333333335,735,24.82,STATIC,115.06,STATIC,89.97,STATIC,68.21,STATIC,97.97,STATIC,151.30,STATIC,29.11,STATIC,153.46,STATIC
30.680000000000003,736,25.10,STATIC,114.42,STATIC,89.97,STATIC,67.64,STATIC,97.97,STATIC,151.00,STATIC,29.44,STATIC,153.44,STATIC
30.721666666666668,737,25.88,STATIC,114.07,STATIC,89.95,STATIC,67.36,STATIC,97.99,STATIC,151.46,STATIC,29.70,STATIC,153.18,STATIC
30.763333333333335,738,26.64,STATIC,113.30,STATIC,89.99,STATIC,66.99,STATIC,97.95,STATIC,151.83,STATIC,29.76,STATIC,153.31,STATIC
30.805000000000003,739,28.35,STATIC,111.66,STATIC,90.03,STATIC,67.04,STATIC,97.99,STATIC,152.20,STATIC,29.77,STATIC,153.08,STATIC
30.846666666666668,740,26.86,STATIC,111.00,STATIC,90.04,STATIC,66.57,STATIC,98.01,STATIC,152.33,STATIC,29.66,STATIC,153.13,STATIC
30.888333333333335,741,25.60,STATIC,110.35,STATIC,90.05,STATIC,66.48,STATIC,98.10,STATIC,152.59,STATIC,29.50,STATIC,153.13,STATIC
30.930000000000003,742,23.78,STATIC,109.86,STATIC,90.07,STATIC,66.89,STATIC,98.08,STATIC,153.43,STATIC,29.40,STATIC,153.08,STATIC
30.971666666666668,743,22.54,STATIC,109.65,STATIC,90.08,STATIC,66.76,STATIC,98.04,STATIC,153.92,STATIC,29.28,STATIC,153.02,STATIC
31.013333333333335,744,21.54,STATIC,111.60,STATIC,90.12,STATIC,66.12,STATIC,98.04,STATIC,154.42,STATIC,29.20,STATIC,152.78,STATIC
31.055000000000003,745,20.78,STATIC,112.13,STATIC,90.13,STATIC,66.13,STATIC,98.17,STATIC,154.59,STATIC,29.08,STATIC,152.19,STATIC
31.096666666666668,746,20.46,STATIC,115.39,STATIC,90.20,STATIC,65.32,STATIC,98.05,STATIC,154.50,STATIC,29.00,STATIC,151.69,STATIC
31.138333333333335,747,20.28,STATIC,115.24,STATIC,90.19,STATIC,65.13,STATIC,97.93,STATIC,154.35,STATIC,28.96,STATIC,151.32,STATIC
31.180000000000003,748,19.72,STATIC,114.96,STATIC,90.11,STATIC,65.56,STATIC,97.81,STATIC,154.11,STATIC,29.02,STATIC,151.05,STATIC
31.221666666666668,749,19.41,STATIC,114.04,STATIC,90.06,STATIC,65.56,STATIC,97.72,STATIC,153.82,STATIC,29.33,STATIC,151.24,STATIC
31.263333333333335,750,19.62,STATIC,114.49,STATIC,90.05,STATIC,65.13,STATIC,97.59,STATIC,152.89,STATIC,29.17,STATIC,151.21,STATIC
31.305000000000003,751,18.86,STATIC,114.00,STATIC,90.08,STATIC,64.97,STATIC,97.52,STATIC,152.76,STATIC,29.10,STATIC,151.46,STATIC
31.346666666666668,752,18.75,STATIC,114.43,STATIC,90.12,STATIC,64.52,STATIC,97.34,STATIC,151.80,STATIC,29.23,STATIC,152.11,STATIC
31.388333333333335,753,18.09,STATIC,115.29,STATIC,90.17,STATIC,63.81,STATIC,97.31,STATIC,151.43,STATIC,29.32,STATIC,152.72,STATIC
31.430000000000003,754,18.42,STATIC,114.38,STATIC,90.24,STATIC,62.53,STATIC,97.20,STATIC,151.71,STATIC,29.18,STATIC,153.28,STATIC
31.471666666666668,755,18.20,STATIC,114.13,STATIC,90.26,STATIC,60.82,STATIC,97.10,STATIC,151.96,STATIC,29.17,STATIC,153.93,STATIC
31.513333333333335,756,16.98,STATIC,113.26,STATIC,90.26,STATIC,60.02,STATIC,97.07,STATIC,152.27,STATIC,29.19,STATIC,154.45,STATIC
31.555000000000003,757,16.45,STATIC,113.00,STATIC,90.21,STATIC,59.29,STATIC,97.06,STATIC,152.45,STATIC,29.07,STATIC,154.77,STATIC
31.596666666666668,758,16.06,STATIC,112.41,STATIC,90.18,STATIC,58.85,STATIC,97.08,STATIC,152.36,STATIC,28.95,STATIC,155.19,STATIC
31.638333333333335,759,15.76,STATIC,112.45,STATIC,90.17,STATIC,58.05,STATIC,97.04,STATIC,152.51,STATIC,29.04,STATIC,155.69,STATIC
31.680000000000003,760,15.68,STATIC,113.76,STATIC,90.20,STATIC,57.08,STATIC,97.04,STATIC,152.69,STATIC,29.10,STATIC,156.08,STATIC
31.721666666666668,761,15.59,STATIC,114.35,STATIC,90.19,STATIC,56.56,STATIC,97.13,STATIC,152.95,STATIC,29.10,STATIC,156.18,STATIC
31.763333333333335,762,14.84,STATIC,114.44,STATIC,90.18,STATIC,56.56,STATIC,97.15,STATIC,153.07,STATIC,29.31,STATIC,156.56,STATIC
31.805000000000003,763,14.32,STATIC,114.73,STATIC,90.17,STATIC,56.62,STATIC,97.12,STATIC,152.98,STATIC,29.51,STATIC,157.04,STATIC
31.846666666666668,764,13.91,STATIC,115.08,STATIC,90.16,STATIC,56.67,STATIC,97.15,STATIC,152.91,STATIC,29.52,STATIC,157.30,STATIC
31.888333333333335,765,13.64,STATIC,115.64,STATIC,90.16,STATIC,56.84,STATIC,97.17,STATIC,152.83,STATIC,29.71,STATIC,157.68,STATIC
31.930000000000003,766,13.49,STATIC,116.88,STATIC,90.13,STATIC,56.86,STATIC,97.25,STATIC,152.43,STATIC,29.89,STATIC,157.98,STATIC
31.971666666666668,767,13.28,STATIC,117.78,STATIC,90.10,STATIC,57.04,STATIC,97.31,STATIC,151.93,STATIC,30.14,STATIC,158.45,STATIC
32.013333333333335,768,12.94,STATIC,118.52,STATIC,90.09,STATIC,57.22,STATIC,97.36,STATIC,151.72,STATIC,30.43,STATIC,158.83,STATIC
32.055,769,12.83,STATIC,118.79,STATIC,90.11,STATIC,57.37,STATIC,97.43,STATIC,151.46,STATIC,30.64,STATIC,159.28,STATIC
32.09666666666667,770,12.64,STATIC,119.83,STATIC,90.15,STATIC,57.33,STATIC,97.50,STATIC,151.58,STATIC,30.77,STATIC,159.68,STATIC
32.138333333333335,771,12.46,STATIC,120.82,STATIC,90.17,STATIC,57.77,STATIC,97.54,STATIC,151.71,STATIC,30.86,STATIC,160.05,STATIC
32.18,772,12.27,STATIC,122.03,STATIC,90.20,STATIC,58.18,STATIC,97.55,STATIC,152.69,STATIC,30.59,STATIC,160.35,STATIC
32.22166666666667,773,12.32,STATIC,121.07,STATIC,90.17,STATIC,58.35,STATIC,97.59,STATIC,153.51,STATIC,30.30,STATIC,160.52,STATIC
32.263333333333335,774,12.65,STATIC,120.18,STATIC,90.11,STATIC,58.52,STATIC,97.65,STATIC,154.14,STATIC,30.14,STATIC,160.48,STATIC
32.305,775,12.35,STATIC,120.85,STATIC,90.12,STATIC,58.60,STATIC,97.67,STATIC,154.39,STATIC,30.13,STATIC,160.37,STATIC
32.34666666666667,776,12.31,STATIC,120.79,STATIC,90.11,STATIC,58.83,STATIC,97.65,STATIC,154.49,STATIC,30.16,STATIC,160.28,STATIC
32.388333333333335,777,12.16,STATIC,121.65,STATIC,90.13,STATIC,58.94,STATIC,97.65,STATIC,154.65,STATIC,30.14,STATIC,160.26,STATIC
32.43,778,12.11,STATIC,122.91,STATIC,90.14,STATIC,59.12,STATIC,97.65,STATIC,154.86,STATIC,30.21,STATIC,160.24,STATIC
32.47166666666667,779,12.10,STATIC,123.84,STATIC,90.14,STATIC,59.34,STATIC,97.64,STATIC,155.08,STATIC,30.34,STATIC,160.25,STATIC
32.513333333333335,780,12.03,STATIC,124.60,STATIC,90.15,STATIC,59.74,STATIC,97.64,STATIC,155.60,STATIC,30.43,STATIC,160.13,STATIC
32.555,781,11.97,STATIC,125.84,STATIC,90.17,STATIC,60.20,STATIC,97.61,STATIC,156.00,STATIC,30.43,STATIC,159.99,STATIC
32.59666666666667,782,11.87,STATIC,126.25,STATIC,90.17,STATIC,60.66,STATIC,97.63,STATIC,156.58,STATIC,30.28,STATIC,159.66,STATIC
32.638333333333335,783,12.11,STATIC,128.91,STATIC,90.28,STATIC,61.38,STATIC,97.61,STATIC,156.90,STATIC,30.22,STATIC,159.27,STATIC
32.68,784,12.24,STATIC,130.31,STATIC,90.37,STATIC,62.07,STATIC,97.60,STATIC,157.27,STATIC,30.13,STATIC,158.82,STATIC
32.72166666666667,785,12.00,STATIC,132.43,STATIC,90.39,STATIC,63.22,STATIC,97.58,STATIC,157.77,STATIC,30.06,STATIC,158.30,STATIC
32.763333333333335,786,12.23,STATIC,133.21,STATIC,90.44,STATIC,63.88,STATIC,97.53,STATIC,157.80,STATIC,30.04,STATIC,157.68,STATIC
32.805,787,12.67,STATIC,134.09,STATIC,90.50,STATIC,64.27,STATIC,97.47,STATIC,157.66,STATIC,29.96,STATIC,157.07,STATIC
32.84666666666667,788,12.60,STATIC,134.51,STATIC,90.51,STATIC,64.61,STATIC,97.37,STATIC,157.39,STATIC,29.93,STATIC,156.58,STATIC
32.888333333333335,789,12.72,STATIC,134.56,STATIC,90.53,STATIC,64.56,STATIC,97.33,STATIC,157.19,STATIC,29.86,STATIC,156.29,STATIC
32.93,790,13.00,STATIC,135.17,STATIC,90.53,STATIC,64.84,STATIC,97.26,STATIC,156.95,STATIC,29.73,STATIC,155.69,STATIC
32.97166666666667,791,13.16,STATIC,135.96,STATIC,90.51,STATIC,65.57,STATIC,97.19,STATIC,156.76,STATIC,29.56,STATIC,154.87,STATIC
33.013333333333335,792,13.54,STATIC,136.15,STATIC,90.50,STATIC,65.73,STATIC,97.15,STATIC,156.46,STATIC,29.46,STATIC,154.38,STATIC
33.055,793,13.42,STATIC,136.03,STATIC,90.46,STATIC,65.67,STATIC,97.15,STATIC,156.30,STATIC,29.44,STATIC,154.11,STATIC
33.09666666666667,794,13.19,STATIC,135.96,STATIC,90.44,STATIC,65.68,STATIC,97.15,STATIC,156.12,STATIC,29.38,STATIC,153.78,STATIC
33.138333333333335,795,13.13,STATIC,135.15,STATIC,90.43,STATIC,65.31,STATIC,97.14,STATIC,156.00,STATIC,29.38,STATIC,153.67,STATIC
33.18,796,13.06,STATIC,135.63,STATIC,90.45,STATIC,65.35,STATIC,97.21,STATIC,155.55,STATIC,29.41,STATIC,153.46,STATIC
33.22166666666667,797,12.99,STATIC,135.82,STATIC,90.43,STATIC,65.13,STATIC,97.29,STATIC,154.89,STATIC,29.55,STATIC,153.37,STATIC
33.263333333333335,798,12.89,STATIC,135.66,STATIC,90.41,STATIC,65.00,STATIC,97.30,STATIC,154.73,STATIC,29.65,STATIC,153.33,STATIC
33.305,799,12.71,STATIC,135.57,STATIC,90.41,STATIC,64.98,STATIC,97.30,STATIC,154.69,STATIC,29.73,STATIC,153.36,STATIC
33.34666666666667,800,12.60,STATIC,136.02,STATIC,90.42,STATIC,64.83,STATIC,97.28,STATIC,154.76,STATIC,29.85,STATIC,153.53,STATIC
33.388333333333335,801,12.53,STATIC,135.88,STATIC,90.42,STATIC,64.48,STATIC,97.26,STATIC,154.65,STATIC,30.14,STATIC,153.93,STATIC
33.43,802,12.47,STATIC,135.30,STATIC,90.42,STATIC,64.11,STATIC,97.30,STATIC,154.49,STATIC,30.29,STATIC,154.26,STATIC
33.47166666666667,803,12.38,STATIC,134.22,STATIC,90.41,STATIC,63.50,STATIC,97.42,STATIC,154.08,STATIC,30.46,STATIC,154.34,STATIC
33.513333333333335,804,12.23,STATIC,133.57,STATIC,90.41,STATIC,63.12,STATIC,97.55,STATIC,153.89,STATIC,30.62,STATIC,154.53,STATIC
33.555,805,12.13,STATIC,132.88,STATIC,90.40,STATIC,62.78,STATIC,97.69,STATIC,153.89,STATIC,30.79,STATIC,154.67,STATIC
33.59666666666667,806,12.09,STATIC,131.98,STATIC,90.40,STATIC,62.69,STATIC,97.79,STATIC,154.04,STATIC,30.94,STATIC,154.76,STATIC
33.638333333333335,807,12.15,STATIC,131.18,STATIC,90.38,STATIC,62.55,STATIC,97.90,STATIC,154.17,STATIC,31.06,STATIC,154.47,STATIC
33.68,808,12.03,STATIC,129.90,STATIC,90.38,STATIC,62.37,STATIC,97.84,STATIC,154.35,STATIC,31.34,STATIC,154.71,STATIC
33.72166666666667,809,11.84,STATIC,128.35,STATIC,90.37,STATIC,62.09,STATIC,97.82,STATIC,154.27,STATIC,31.48,STATIC,155.02,STATIC
33.763333333333335,810,11.78,STATIC,127.33,STATIC,90.36,STATIC,61.87,STATIC,97.83,STATIC,154.49,STATIC,31.45,STATIC,155.40,STATIC
33.805,811,11.51,STATIC,126.13,STATIC,90.32,STATIC,61.67,STATIC,97.85,STATIC,154.70,STATIC,31.38,STATIC,155.70,STATIC
33.84666666666667,812,11.64,STATIC,126.20,STATIC,90.31,STATIC,61.33,STATIC,97.77,STATIC,154.77,STATIC,31.12,STATIC,155.68,STATIC
33.888333333333335,813,11.60,STATIC,125.51,STATIC,90.25,STATIC,61.44,STATIC,97.75,STATIC,154.82,STATIC,31.00,STATIC,155.53,STATIC
33.93,814,11.63,STATIC,124.87,STATIC,90.20,STATIC,62.02,STATIC,97.77,STATIC,154.91,STATIC,30.94,STATIC,155.32,STATIC
33.973333333333336,815,11.70,STATIC,124.49,STATIC,90.18,STATIC,62.49,STATIC,97.80,STATIC,155.02,STATIC,30.87,STATIC,155.05,STATIC
34.015,816,11.79,STATIC,124.39,STATIC,90.16,STATIC,62.75,STATIC,97.87,STATIC,155.13,STATIC,30.75,STATIC,154.38,STATIC
34.05666666666667,817,11.85,STATIC,124.26,STATIC,90.14,STATIC,62.84,STATIC,97.88,STATIC,155.07,STATIC,30.70,STATIC,153.94,STATIC
34.098333333333336,818,11.90,STATIC,123.72,STATIC,90.07,STATIC,62.88,STATIC,97.89,STATIC,155.01,STATIC,30.65,STATIC,153.57,STATIC
34.14,819,11.97,STATIC,123.10,STATIC,90.05,STATIC,62.85,STATIC,97.90,STATIC,154.85,STATIC,30.61,STATIC,153.51,STATIC
34.18166666666667,820,12.01,STATIC,122.39,STATIC,90.05,STATIC,62.86,STATIC,97.91,STATIC,154.84,STATIC,30.54,STATIC,153.30,STATIC
34.223333333333336,821,11.96,STATIC,122.45,STATIC,90.07,STATIC,62.59,STATIC,97.93,STATIC,154.73,STATIC,30.54,STATIC,153.06,STATIC
34.265,822,11.95,STATIC,122.33,STATIC,90.08,STATIC,62.17,STATIC,97.97,STATIC,154.53,STATIC,30.57,STATIC,152.83,STATIC
34.30666666666667,823,11.93,STATIC,122.30,STATIC,90.09,STATIC,61.96,STATIC,97.96,STATIC,154.44,STATIC,30.62,STATIC,152.81,STATIC
34.348333333333336,824,11.95,STATIC,122.48,STATIC,90.09,STATIC,61.75,STATIC,97.95,STATIC,154.55,STATIC,30.61,STATIC,152.56,STATIC
34.39,825,11.89,STATIC,122.38,STATIC,90.10,STATIC,61.75,STATIC,97.96,STATIC,154.45,STATIC,30.60,STATIC,152.38,STATIC
34.43166666666667,826,11.88,STATIC,122.16,STATIC,90.10,STATIC,61.82,STATIC,97.95,STATIC,154.43,STATIC,30.52,STATIC,152.11,STATIC
34.473333333333336,827,11.89,STATIC,122.89,STATIC,90.13,STATIC,61.95,STATIC,97.88,STATIC,154.51,STATIC,30.45,STATIC,151.96,STATIC
34.515,828,11.94,STATIC,122.79,STATIC,90.16,STATIC,61.99,STATIC,97.77,STATIC,154.54,STATIC,30.37,STATIC,152.00,STATIC
34.55666666666667,829,11.96,STATIC,122.35,STATIC,90.15,STATIC,62.01,STATIC,97.75,STATIC,154.37,STATIC,30.34,STATIC,152.19,STATIC
34.598333333333336,830,12.01,STATIC,122.12,STATIC,90.14,STATIC,62.14,STATIC,97.69,STATIC,154.19,STATIC,30.31,STATIC,152.49,STATIC
34.64,831,12.06,STATIC,121.71,STATIC,90.14,STATIC,62.31,STATIC,97.69,STATIC,154.12,STATIC,30.22,STATIC,152.62,STATIC
34.68166666666667,832,12.15,STATIC,121.47,STATIC,90.13,STATIC,62.45,STATIC,97.67,STATIC,154.10,STATIC,30.12,STATIC,152.63,STATIC
34.723333333333336,833,12.16,STATIC,121.65,STATIC,90.12,STATIC,62.42,STATIC,97.68,STATIC,153.53,STATIC,30.14,STATIC,152.53,STATIC
34.765,834,12.18,STATIC,121.88,STATIC,90.11,STATIC,62.40,STATIC,97.68,STATIC,153.43,STATIC,30.05,STATIC,152.49,STATIC
34.80666666666667,835,12.16,STATIC,121.92,STATIC,90.12,STATIC,62.41,STATIC,97.68,STATIC,153.34,STATIC,30.00,STATIC,152.31,STATIC
34.848333333333336,836,12.15,STATIC,122.70,STATIC,90.13,STATIC,62.38,STATIC,97.68,STATIC,153.28,STATIC,29.95,STATIC,152.17,STATIC
34.89,837,12.32,STATIC,123.69,STATIC,90.15,STATIC,62.38,STATIC,97.73,STATIC,153.31,STATIC,30.00,STATIC,151.93,STATIC
34.93166666666667,838,12.26,STATIC,124.79,STATIC,90.16,STATIC,62.39,STATIC,97.75,STATIC,153.21,STATIC,30.03,STATIC,151.86,STATIC
34.973333333333336,839,12.24,STATIC,125.21,STATIC,90.15,STATIC,62.51,STATIC,97.77,STATIC,153.12,STATIC,30.03,STATIC,151.67,STATIC
35.015,840,12.13,STATIC,125.46,STATIC,90.10,STATIC,62.68,STATIC,97.79,STATIC,153.01,STATIC,30.03,STATIC,151.61,STATIC
35.05666666666667,841,12.31,STATIC,123.78,STATIC,90.04,STATIC,62.30,STATIC,97.87,STATIC,152.57,STATIC,29.98,STATIC,151.82,STATIC
35.098333333333336,842,12.40,STATIC,123.68,STATIC,90.04,STATIC,62.13,STATIC,97.90,STATIC,152.60,STATIC,29.87,STATIC,152.04,STATIC
35.14,843,12.56,STATIC,123.09,STATIC,90.03,STATIC,62.04,STATIC,97.94,STATIC,152.69,STATIC,29.72,STATIC,152.24,STATIC
35.18166666666667,844,12.78,STATIC,123.01,STATIC,89.99,STATIC,61.99,STATIC,97.96,STATIC,152.87,STATIC,29.56,STATIC,152.47,STATIC
35.223333333333336,845,12.78,STATIC,124.31,STATIC,90.01,STATIC,61.77,STATIC,97.92,STATIC,152.88,STATIC,29.41,STATIC,152.56,STATIC
35.265,846,12.84,STATIC,126.51,STATIC,90.06,STATIC,62.07,STATIC,97.85,STATIC,153.37,STATIC,29.13,STATIC,152.47,STATIC
35.30666666666667,847,12.98,STATIC,125.79,STATIC,90.08,STATIC,62.07,STATIC,97.83,STATIC,153.35,STATIC,28.96,STATIC,152.60,STATIC
35.348333333333336,848,13.16,STATIC,125.37,STATIC,90.09,STATIC,62.15,STATIC,97.82,STATIC,153.39,STATIC,28.84,STATIC,152.72,STATIC
35.39,849,13.29,STATIC,123.70,STATIC,90.10,STATIC,62.00,STATIC,97.84,STATIC,153.50,STATIC,28.82,STATIC,152.90,STATIC
35.43166666666667,850,13.29,STATIC,124.06,STATIC,90.14,STATIC,62.71,STATIC,97.78,STATIC,153.89,STATIC,28.65,STATIC,152.82,STATIC
35.473333333333336,851,13.31,STATIC,124.07,STATIC,90.17,STATIC,63.33,STATIC,97.76,STATIC,153.99,STATIC,28.57,STATIC,152.81,STATIC
35.515,852,13.37,STATIC,124.11,STATIC,90.20,STATIC,63.26,STATIC,97.73,STATIC,153.97,STATIC,28.56,STATIC,152.98,STATIC
35.55666666666667,853,13.48,STATIC,123.94,STATIC,90.23,STATIC,63.00,STATIC,97.69,STATIC,153.85,STATIC,28.61,STATIC,153.23,STATIC
35.598333333333336,854,13.48,STATIC,123.74,STATIC,90.22,STATIC,62.97,STATIC,97.69,STATIC,153.82,STATIC,28.64,STATIC,153.54,STATIC
35.64,855,13.56,STATIC,122.96,STATIC,90.17,STATIC,62.81,STATIC,97.70,STATIC,153.87,STATIC,28.65,STATIC,153.82,STATIC
35.68166666666667,856,13.72,STATIC,122.92,STATIC,90.17,STATIC,62.94,STATIC,97.69,STATIC,153.75,STATIC,28.55,STATIC,153.87,STATIC
35.723333333333336,857,13.86,STATIC,123.17,STATIC,90.16,STATIC,63.05,STATIC,97.67,STATIC,153.45,STATIC,28.41,STATIC,153.64,STATIC
35.765,858,14.17,STATIC,124.19,STATIC,90.21,STATIC,63.41,STATIC,97.61,STATIC,153.21,STATIC,28.28,STATIC,153.61,STATIC
35.80666666666667,859,14.54,STATIC,124.52,STATIC,90.23,STATIC,63.79,STATIC,97.56,STATIC,153.08,STATIC,28.15,STATIC,153.63,STATIC
35.848333333333336,860,14.86,STATIC,124.47,STATIC,90.24,STATIC,63.96,STATIC,97.49,STATIC,152.65,STATIC,28.11,STATIC,153.73,STATIC
35.89,861,15.09,STATIC,124.39,STATIC,90.23,STATIC,64.09,STATIC,97.49,STATIC,152.69,STATIC,28.03,STATIC,153.56,STATIC
35.93166666666667,862,15.33,STATIC,124.50,STATIC,90.24,STATIC,64.58,STATIC,97.45,STATIC,152.90,STATIC,27.93,STATIC,153.45,STATIC
35.973333333333336,863,15.39,STATIC,124.52,STATIC,90.24,STATIC,64.63,STATIC,97.38,STATIC,152.79,STATIC,27.99,STATIC,153.59,STATIC
36.015,864,15.30,STATIC,124.46,STATIC,90.26,STATIC,64.69,STATIC,97.30,STATIC,152.65,STATIC,27.98,STATIC,153.77,STATIC
36.05666666666667,865,15.17,STATIC,124.36,STATIC,90.26,STATIC,64.73,STATIC,97.25,STATIC,152.56,STATIC,27.99,STATIC,154.09,STATIC
36.098333333333336,866,15.06,STATIC,124.78,STATIC,90.27,STATIC,64.77,STATIC,97.29,STATIC,152.76,STATIC,28.11,STATIC,154.32,STATIC
36.14,867,15.20,STATIC,125.24,STATIC,90.29,STATIC,64.83,STATIC,97.35,STATIC,152.90,STATIC,28.28,STATIC,154.60,STATIC
36.18166666666667,868,15.62,STATIC,125.88,STATIC,90.28,STATIC,64.94,STATIC,97.37,STATIC,152.98,STATIC,28.45,STATIC,155.00,STATIC
36.223333333333336,869,15.51,STATIC,126.07,STATIC,90.28,STATIC,64.84,STATIC,97.36,STATIC,152.67,STATIC,28.77,STATIC,155.43,STATIC
36.265,870,15.04,STATIC,124.76,STATIC,90.31,STATIC,64.35,STATIC,97.46,STATIC,152.10,STATIC,29.14,STATIC,155.64,STATIC
36.30666666666667,871,15.02,STATIC,124.59,STATIC,90.33,STATIC,64.07,STATIC,97.63,STATIC,151.46,STATIC,29.50,STATIC,155.96,STATIC
36.348333333333336,872,14.68,STATIC,124.84,STATIC,90.32,STATIC,63.89,STATIC,97.82,STATIC,151.19,STATIC,29.80,STATIC,156.10,STATIC
36.39,873,14.42,STATIC,124.43,STATIC,90.31,STATIC,63.76,STATIC,97.93,STATIC,151.27,STATIC,30.08,STATIC,156.30,STATIC
36.43166666666667,874,13.95,STATIC,123.74,STATIC,90.29,STATIC,63.55,STATIC,98.02,STATIC,151.07,STATIC,30.39,STATIC,156.59,STATIC
36.473333333333336,875,13.74,STATIC,123.09,STATIC,90.28,STATIC,63.39,STATIC,98.11,STATIC,150.99,STATIC,30.65,STATIC,156.85,STATIC
36.515,876,13.40,STATIC,121.98,STATIC,90.26,STATIC,63.30,STATIC,98.16,STATIC,151.09,STATIC,30.81,STATIC,157.06,STATIC
36.55666666666667,877,13.26,STATIC,122.02,STATIC,90.25,STATIC,63.22,STATIC,98.21,STATIC,151.07,STATIC,31.00,STATIC,157.21,STATIC
36.598333333333336,878,13.11,STATIC,122.08,STATIC,90.24,STATIC,63.16,STATIC,98.24,STATIC,151.14,STATIC,31.16,STATIC,157.35,STATIC
36.64,879,13.01,STATIC,120.50,STATIC,90.23,STATIC,63.09,STATIC,98.26,STATIC,150.99,STATIC,31.38,STATIC,157.61,STATIC
36.68166666666667,880,12.86,STATIC,119.99,STATIC,90.22,STATIC,62.92,STATIC,98.27,STATIC,150.85,STATIC,31.50,STATIC,157.90,STATIC
36.723333333333336,881,12.84,STATIC,119.40,STATIC,90.22,STATIC,62.77,STATIC,98.28,STATIC,150.79,STATIC,31.70,STATIC,158.05,STATIC
36.765,882,12.82,STATIC,118.83,STATIC,90.20,STATIC,62.70,STATIC,98.31,STATIC,151.06,STATIC,31.80,STATIC,158.05,STATIC
36.80666666666667,883,12.74,STATIC,118.72,STATIC,90.20,STATIC,62.65,STATIC,98.32,STATIC,151.22,STATIC,31.89,STATIC,158.12,STATIC
36.848333333333336,884,12.57,STATIC,117.26,STATIC,90.18,STATIC,62.85,STATIC,98.35,STATIC,151.14,STATIC,32.00,STATIC,158.15,STATIC
36.89,885,12.58,STATIC,116.69,STATIC,90.17,STATIC,62.98,STATIC,98.36,STATIC,151.17,STATIC,32.07,STATIC,158.15,STATIC
36.93166666666667,886,12.58,STATIC,116.69,STATIC,90.17,STATIC,62.94,STATIC,98.39,STATIC,150.96,STATIC,32.27,STATIC,158.24,STATIC
36.973333333333336,887,12.67,STATIC,115.54,STATIC,90.14,STATIC,63.30,STATIC,98.52,STATIC,150.68,STATIC,32.42,STATIC,158.18,STATIC
37.015,888,12.79,STATIC,116.59,STATIC,90.14,STATIC,62.74,STATIC,98.62,STATIC,150.29,STATIC,32.73,STATIC,158.24,STATIC
37.05666666666667,889,12.73,STATIC,116.21,STATIC,90.13,STATIC,62.85,STATIC,98.62,STATIC,150.17,STATIC,32.83,STATIC,158.28,STATIC
37.098333333333336,890,12.49,STATIC,115.29,STATIC,90.12,STATIC,63.12,STATIC,98.60,STATIC,150.39,STATIC,32.75,STATIC,158.33,STATIC
37.14,891,12.49,STATIC,114.53,STATIC,90.13,STATIC,63.24,STATIC,98.59,STATIC,150.50,STATIC,32.68,STATIC,158.22,STATIC
37.18166666666667,892,12.59,STATIC,113.96,STATIC,90.12,STATIC,63.43,STATIC,98.58,STATIC,150.30,STATIC,32.71,STATIC,158.12,STATIC
37.223333333333336,893,12.57,STATIC,114.39,STATIC,90.13,STATIC,63.32,STATIC,98.54,STATIC,150.43,STATIC,32.60,STATIC,158.03,STATIC
37.265,894,12.51,STATIC,114.32,STATIC,90.15,STATIC,63.49,STATIC,98.46,STATIC,150.10,STATIC,32.49,STATIC,158.05,STATIC
37.30666666666667,895,12.67,STATIC,114.49,STATIC,90.19,STATIC,63.54,STATIC,98.45,STATIC,150.12,STATIC,32.52,STATIC,158.07,STATIC
37.348333333333336,896,12.60,STATIC,115.00,STATIC,90.20,STATIC,63.47,STATIC,98.45,STATIC,150.66,STATIC,32.55,STATIC,157.87,STATIC
37.39,897,13.02,STATIC,115.27,STATIC,90.24,STATIC,63.61,STATIC,98.43,STATIC,150.21,STATIC,32.77,STATIC,158.03,STATIC
37.43166666666667,898,12.86,STATIC,115.97,STATIC,90.25,STATIC,63.76,STATIC,98.40,STATIC,150.03,STATIC,32.96,STATIC,158.11,STATIC
37.473333333333336,899,13.22,STATIC,116.62,STATIC,90.14,STATIC,63.91,STATIC,98.36,STATIC,149.28,STATIC,33.40,STATIC,158.10,STATIC
37.515,900,13.82,STATIC,117.94,STATIC,90.15,STATIC,63.84,STATIC,98.28,STATIC,149.83,STATIC,32.83,STATIC,157.95,STATIC
37.55666666666667,901,14.48,STATIC,117.76,STATIC,90.14,STATIC,64.31,STATIC,98.25,STATIC,149.75,STATIC,32.61,STATIC,157.91,STATIC
37.598333333333336,902,17.31,STATIC,120.12,STATIC,90.09,STATIC,64.25,STATIC,98.17,STATIC,150.88,STATIC,32.07,STATIC,157.37,STATIC
37.64,903,17.69,STATIC,119.47,STATIC,90.04,STATIC,64.32,STATIC,98.06,STATIC,151.03,STATIC,31.54,STATIC,157.25,STATIC
37.68166666666667,904,18.00,STATIC,118.45,STATIC,90.03,STATIC,64.19,STATIC,98.06,STATIC,151.03,STATIC,31.58,STATIC,157.45,STATIC
37.723333333333336,905,17.78,STATIC,116.44,STATIC,89.93,STATIC,64.34,STATIC,98.08,STATIC,150.84,STATIC,31.63,STATIC,157.59,STATIC
37.765,906,18.25,STATIC,116.78,STATIC,89.93,STATIC,64.05,STATIC,98.03,STATIC,150.02,STATIC,31.50,STATIC,157.92,STATIC
37.80666666666667,907,18.59,STATIC,118.62,STATIC,89.97,STATIC,63.63,STATIC,98.00,STATIC,150.95,STATIC,30.86,STATIC,157.89,STATIC
37.848333333333336,908,18.50,STATIC,118.68,STATIC,90.06,STATIC,64.37,STATIC,97.98,STATIC,151.48,STATIC,30.57,STATIC,157.57,STATIC
37.89,909,17.29,STATIC,122.90,STATIC,90.08,STATIC,63.80,STATIC,97.78,STATIC,153.38,STATIC,30.31,STATIC,157.79,STATIC
37.93166666666667,910,16.71,STATIC,119.63,STATIC,89.97,STATIC,60.35,STATIC,97.90,STATIC,153.09,STATIC,30.73,STATIC,158.25,STATIC
37.973333333333336,911,21.10,STATIC,118.54,STATIC,89.06,STATIC,55.57,STATIC,98.03,STATIC,150.77,STATIC,31.64,STATIC,158.58,STATIC
38.016666666666666,912,20.89,STATIC,116.39,STATIC,89.05,STATIC,48.03,FLEXION,98.06,STATIC,150.91,STATIC,31.54,STATIC,159.01,STATIC
38.05833333333334,913,15.20,FLEXION,114.13,STATIC,88.75,STATIC,42.83,FLEXION,98.40,STATIC,154.27,STATIC,31.19,STATIC,158.27,STATIC
38.1,914,13.07,STATIC,113.85,STATIC,87.91,STATIC,35.62,FLEXION,98.74,STATIC,154.13,STATIC,31.35,STATIC,158.84,STATIC
38.141666666666666,915,14.64,STATIC,108.90,STATIC,87.81,STATIC,35.73,STATIC,99.05,STATIC,155.47,STATIC,30.43,STATIC,157.56,STATIC
38.18333333333334,916,13.91,STATIC,107.71,STATIC,87.66,STATIC,34.46,STATIC,99.04,STATIC,155.75,STATIC,30.78,STATIC,156.35,STATIC
38.225,917,16.51,STATIC,106.49,STATIC,87.09,STATIC,31.51,STATIC,99.37,STATIC,155.64,STATIC,31.91,STATIC,155.75,STATIC
38.266666666666666,918,18.10,STATIC,107.27,STATIC,86.73,STATIC,29.79,STATIC,99.63,STATIC,154.97,STATIC,33.13,STATIC,155.19,STATIC
38.30833333333334,919,16.37,STATIC,112.28,EXTENSION,85.94,STATIC,32.46,STATIC,99.87,STATIC,156.79,STATIC,34.42,STATIC,153.92,STATIC
38.35,920,18.85,STATIC,122.62,EXTENSION,85.63,STATIC,40.07,EXTENSION,99.90,STATIC,154.87,STATIC,34.35,STATIC,151.63,STATIC
38.391666666666666,921,29.88,EXTENSION,126.87,STATIC,85.16,STATIC,39.16,STATIC,100.14,STATIC,155.94,STATIC,34.26,STATIC,151.38,STATIC
38.43333333333334,922,35.67,EXTENSION,129.90,STATIC,85.07,STATIC,39.29,STATIC,100.54,STATIC,157.36,STATIC,33.59,STATIC,151.27,STATIC
38.475,923,38.61,STATIC,134.05,STATIC,84.96,STATIC,43.55,STATIC,101.08,STATIC,159.24,STATIC,35.18,STATIC,153.27,STATIC
38.516666666666666,924,40.99,STATIC,136.26,STATIC,84.80,STATIC,41.08,STATIC,101.18,STATIC,160.56,STATIC,34.47,STATIC,152.97,STATIC
38.55833333333334,925,44.08,STATIC,137.62,STATIC,84.90,STATIC,43.34,STATIC,101.26,STATIC,161.02,STATIC,35.86,STATIC,153.70,STATIC
38.6,926,48.54,STATIC,140.04,STATIC,85.06,STATIC,45.02,STATIC,101.03,STATIC,160.74,STATIC,37.78,STATIC,155.06,STATIC
38.641666666666666,927,52.11,STATIC,141.12,STATIC,85.11,STATIC,46.10,STATIC,100.86,STATIC,158.01,STATIC,41.01,STATIC,156.11,STATIC
38.68333333333334,928,55.61,STATIC,142.96,STATIC,85.13,STATIC,46.23,STATIC,101.01,STATIC,157.35,STATIC,43.84,STATIC,157.81,STATIC
38.725,929,57.69,STATIC,144.61,STATIC,85.07,STATIC,46.02,STATIC,101.29,STATIC,156.60,STATIC,47.40,STATIC,159.44,STATIC
38.766666666666666,930,60.18,STATIC,145.42,STATIC,84.95,STATIC,47.36,STATIC,101.44,STATIC,158.78,STATIC,47.82,STATIC,160.41,STATIC
38.80833333333334,931,64.82,STATIC,145.73,STATIC,84.86,STATIC,43.62,STATIC,102.00,STATIC,160.93,STATIC,48.00,STATIC,161.00,STATIC
38.85,932,67.16,STATIC,144.65,STATIC,84.84,STATIC,45.54,STATIC,102.35,STATIC,160.06,STATIC,48.45,STATIC,161.74,STATIC
38.891666666666666,933,68.83,STATIC,144.34,STATIC,84.82,STATIC,44.18,STATIC,102.23,STATIC,161.15,STATIC,47.48,STATIC,161.75,STATIC
38.93333333333334,934,71.37,STATIC,144.42,STATIC,84.86,STATIC,43.26,STATIC,102.11,STATIC,163.58,STATIC,47.82,STATIC,161.81,STATIC
38.975,935,73.87,STATIC,143.20,STATIC,84.81,STATIC,43.64,STATIC,102.41,STATIC,165.63,STATIC,50.00,STATIC,162.69,STATIC
39.016666666666666,936,75.73,STATIC,141.69,STATIC,84.80,STATIC,43.40,STATIC,102.68,STATIC,166.68,STATIC,49.36,STATIC,163.05,STATIC
39.05833333333334,937,76.72,STATIC,140.74,STATIC,84.78,STATIC,43.19,STATIC,102.88,STATIC,165.23,STATIC,49.77,STATIC,163.28,STATIC
39.1,938,77.41,STATIC,140.54,STATIC,84.76,STATIC,45.45,STATIC,102.81,STATIC,163.79,STATIC,48.47,STATIC,163.12,STATIC
39.141666666666666,939,76.37,STATIC,141.49,STATIC,84.77,STATIC,46.06,STATIC,102.97,STATIC,163.72,STATIC,49.09,STATIC,163.61,STATIC
39.18333333333334,940,75.83,STATIC,141.36,STATIC,84.79,STATIC,45.30,STATIC,102.85,STATIC,165.69,STATIC,49.05,STATIC,163.71,STATIC
39.225,941,75.41,STATIC,142.85,STATIC,84.77,STATIC,45.54,STATIC,103.19,STATIC,165.00,STATIC,48.34,STATIC,163.58,STATIC
39.266666666666666,942,75.33,STATIC,146.25,STATIC,84.76,STATIC,45.17,STATIC,103.60,STATIC,165.76,STATIC,50.07,STATIC,163.77,STATIC
39.30833333333334,943,76.48,STATIC,148.32,STATIC,84.75,STATIC,46.52,STATIC,103.76,STATIC,162.56,STATIC,51.48,STATIC,163.77,STATIC
39.35,944,79.19,STATIC,149.75,STATIC,84.74,STATIC,45.43,STATIC,103.76,STATIC,162.58,STATIC,49.84,STATIC,163.87,STATIC
39.391666666666666,945,80.72,STATIC,147.25,STATIC,84.66,STATIC,43.43,STATIC,104.63,STATIC,163.36,STATIC,50.05,STATIC,164.75,STATIC
39.43333333333334,946,80.87,STATIC,147.76,STATIC,84.63,STATIC,42.48,STATIC,105.13,STATIC,163.12,STATIC,50.74,STATIC,165.17,STATIC
39.475,947,80.17,STATIC,147.76,STATIC,84.66,STATIC,40.71,STATIC,105.23,STATIC,163.16,STATIC,51.20,STATIC,165.59,STATIC
39.516666666666666,948,80.62,STATIC,149.81,STATIC,84.66,STATIC,41.05,STATIC,106.02,STATIC,162.32,STATIC,51.68,STATIC,165.42,STATIC
39.55833333333334,949,80.60,STATIC,149.89,STATIC,84.59,STATIC,41.38,STATIC,106.00,STATIC,160.87,STATIC,51.06,STATIC,164.89,STATIC
39.6,950,80.67,STATIC,151.84,STATIC,84.52,STATIC,41.77,STATIC,106.25,STATIC,159.02,STATIC,51.14,STATIC,164.09,STATIC
39.641666666666666,951,79.87,STATIC,153.69,STATIC,84.44,STATIC,43.06,STATIC,106.16,STATIC,158.24,STATIC,50.94,STATIC,163.46,STATIC
39.68333333333334,952,78.50,STATIC,155.95,STATIC,84.40,STATIC,44.67,STATIC,106.28,STATIC,154.56,STATIC,51.33,STATIC,162.82,STATIC
39.725,953,77.31,STATIC,155.72,STATIC,84.37,STATIC,44.83,STATIC,106.45,STATIC,156.17,STATIC,52.70,STATIC,162.92,STATIC
39.766666666666666,954,76.35,STATIC,154.58,STATIC,84.41,STATIC,44.78,STATIC,106.35,STATIC,157.59,STATIC,53.14,STATIC,163.25,STATIC
39.80833333333334,955,76.14,STATIC,154.12,STATIC,84.44,STATIC,44.41,STATIC,106.57,STATIC,159.92,STATIC,54.76,STATIC,164.17,STATIC
39.85,956,76.02,STATIC,153.05,STATIC,84.39,STATIC,45.03,STATIC,106.50,STATIC,160.28,STATIC,54.17,STATIC,164.63,STATIC
39.891666666666666,957,74.38,STATIC,152.32,STATIC,84.41,STATIC,44.72,STATIC,106.81,STATIC,162.15,STATIC,54.52,STATIC,165.31,STATIC
39.93333333333334,958,73.94,STATIC,150.34,STATIC,84.43,STATIC,45.84,STATIC,107.00,STATIC,161.77,STATIC,54.43,STATIC,165.10,STATIC
39.975,959,75.26,STATIC,149.58,STATIC,84.48,STATIC,45.94,STATIC,106.95,STATIC,162.26,STATIC,53.74,STATIC,165.26,STATIC
40.016666666666666,960,76.88,STATIC,147.15,STATIC,84.53,STATIC,47.16,STATIC,106.75,STATIC,162.66,STATIC,53.47,STATIC,165.08,STATIC
40.05833333333334,961,77.29,STATIC,148.21,STATIC,84.56,STATIC,45.75,STATIC,107.05,STATIC,163.04,STATIC,53.39,STATIC,164.87,STATIC
40.1,962,77.71,STATIC,147.41,STATIC,84.56,STATIC,46.57,STATIC,107.20,STATIC,163.49,STATIC,54.10,STATIC,165.12,STATIC
40.141666666666666,963,76.97,STATIC,147.90,STATIC,84.56,STATIC,45.94,STATIC,107.35,STATIC,163.85,STATIC,54.52,STATIC,165.35,STATIC
40.18333333333334,964,76.64,STATIC,146.69,STATIC,84.57,STATIC,46.32,STATIC,107.82,STATIC,164.94,STATIC,56.59,STATIC,165.85,STATIC
40.225,965,76.64,STATIC,145.91,STATIC,84.57,STATIC,46.24,STATIC,108.45,STATIC,166.01,STATIC,58.85,STATIC,166.58,STATIC
40.266666666666666,966,76.91,STATIC,145.74,STATIC,84.60,STATIC,45.85,STATIC,108.54,STATIC,166.09,STATIC,58.40,STATIC,166.87,STATIC
40.30833333333334,967,77.33,STATIC,145.32,STATIC,84.59,STATIC,45.44,STATIC,108.76,STATIC,166.38,STATIC,59.05,STATIC,167.25,STATIC
40.35,968,77.30,STATIC,145.38,STATIC,84.57,STATIC,45.13,STATIC,108.94,STATIC,166.94,STATIC,59.05,STATIC,167.45,STATIC
40.391666666666666,969,77.48,STATIC,147.05,STATIC,84.50,STATIC,46.39,STATIC,108.88,STATIC,167.74,STATIC,59.28,STATIC,167.81,STATIC
40.43333333333334,970,77.69,STATIC,146.83,STATIC,84.40,STATIC,47.75,STATIC,108.46,STATIC,167.20,STATIC,58.88,STATIC,168.08,STATIC
40.475,971,77.86,STATIC,148.10,STATIC,84.34,STATIC,47.28,STATIC,108.09,STATIC,166.85,STATIC,58.99,STATIC,168.30,STATIC
40.516666666666666,972,78.45,STATIC,150.13,STATIC,84.30,STATIC,47.15,STATIC,107.88,STATIC,166.41,STATIC,58.97,STATIC,168.27,STATIC
40.55833333333334,973,78.92,STATIC,151.53,STATIC,84.30,STATIC,46.81,STATIC,107.58,STATIC,166.32,STATIC,58.90,STATIC,168.30,STATIC
40.6,974,79.06,STATIC,153.30,STATIC,84.29,STATIC,47.51,STATIC,107.40,STATIC,165.83,STATIC,58.80,STATIC,168.19,STATIC
40.64166666666667,975,79.01,STATIC,154.72,STATIC,84.31,STATIC,49.24,STATIC,107.57,STATIC,165.39,STATIC,59.64,STATIC,168.58,STATIC
40.68333333333334,976,78.39,STATIC,155.20,STATIC,84.31,STATIC,49.15,STATIC,107.31,STATIC,164.90,STATIC,58.52,STATIC,168.82,STATIC
40.725,977,77.51,STATIC,156.20,STATIC,84.31,STATIC,49.57,STATIC,106.99,STATIC,164.34,STATIC,57.65,STATIC,168.98,STATIC
40.76666666666667,978,76.88,STATIC,156.71,STATIC,84.31,STATIC,49.86,STATIC,106.60,STATIC,163.77,STATIC,56.47,STATIC,169.14,STATIC
40.80833333333334,979,76.40,STATIC,157.17,STATIC,84.32,STATIC,49.57,STATIC,106.20,STATIC,163.09,STATIC,55.32,STATIC,169.25,STATIC
40.85,980,75.92,STATIC,157.06,STATIC,84.30,STATIC,49.44,STATIC,106.07,STATIC,162.43,STATIC,54.61,STATIC,169.27,STATIC
40.89166666666667,981,75.08,STATIC,156.39,STATIC,84.32,STATIC,49.62,STATIC,106.10,STATIC,162.44,STATIC,54.50,STATIC,169.43,STATIC
40.93333333333334,982,74.95,STATIC,154.48,STATIC,84.34,STATIC,48.98,STATIC,105.96,STATIC,161.91,STATIC,53.62,STATIC,169.57,STATIC
40.975,983,75.33,STATIC,153.59,STATIC,84.34,STATIC,48.15,STATIC,105.91,STATIC,162.21,STATIC,53.89,STATIC,169.57,STATIC
41.01666666666667,984,75.94,STATIC,153.16,STATIC,84.36,STATIC,47.91,STATIC,106.03,STATIC,161.06,STATIC,53.92,STATIC,169.65,STATIC
41.05833333333334,985,76.16,STATIC,153.36,STATIC,84.38,STATIC,47.30,STATIC,106.38,STATIC,162.98,STATIC,54.41,STATIC,169.73,STATIC
41.1,986,76.95,STATIC,152.36,STATIC,84.39,STATIC,47.76,STATIC,106.69,STATIC,162.24,STATIC,54.34,STATIC,169.90,STATIC
41.14166666666667,987,77.39,STATIC,151.92,STATIC,84.40,STATIC,47.58,STATIC,106.96,STATIC,163.87,STATIC,55.05,STATIC,169.86,STATIC
41.18333333333334,988,78.01,STATIC,151.43,STATIC,84.40,STATIC,47.69,STATIC,107.11,STATIC,164.33,STATIC,55.87,STATIC,169.99,STATIC
41.225,989,78.53,STATIC,151.12,STATIC,84.41,STATIC,47.73,STATIC,107.26,STATIC,164.92,STATIC,56.56,STATIC,170.05,STATIC
41.26666666666667,990,79.04,STATIC,150.80,STATIC,84.42,STATIC,47.76,STATIC,107.32,STATIC,165.62,STATIC,57.10,STATIC,170.12,STATIC
41.30833333333334,991,79.35,STATIC,150.65,STATIC,84.44,STATIC,47.46,STATIC,107.31,STATIC,165.88,STATIC,57.36,STATIC,170.01,STATIC
41.35,992,79.42,STATIC,150.69,STATIC,84.43,STATIC,47.55,STATIC,107.24,STATIC,165.73,STATIC,57.58,STATIC,169.88,STATIC
41.39166666666667,993,79.51,STATIC,152.07,STATIC,84.45,STATIC,47.11,STATIC,107.02,STATIC,165.27,STATIC,57.26,STATIC,169.83,STATIC
41.43333333333334,994,79.72,STATIC,152.82,STATIC,84.44,STATIC,47.10,STATIC,106.79,STATIC,164.53,STATIC,56.92,STATIC,169.63,STATIC
41.475,995,80.06,STATIC,153.28,STATIC,84.45,STATIC,46.28,STATIC,106.61,STATIC,164.60,STATIC,56.80,STATIC,169.50,STATIC
41.51666666666667,996,80.39,STATIC,153.73,STATIC,84.54,STATIC,46.82,STATIC,106.46,STATIC,164.48,STATIC,56.79,STATIC,169.38,STATIC
41.55833333333334,997,80.11,STATIC,157.82,STATIC,84.54,STATIC,47.27,STATIC,106.54,STATIC,164.04,STATIC,56.99,STATIC,169.20,STATIC
41.6,998,79.62,STATIC,158.00,STATIC,84.70,STATIC,48.96,STATIC,106.65,STATIC,163.73,STATIC,57.67,STATIC,169.15,STATIC
41.64166666666667,999,78.85,STATIC,158.44,STATIC,84.63,STATIC,50.66,STATIC,107.00,STATIC,163.65,STATIC,59.12,STATIC,169.06,STATIC
41.68333333333334,1000,78.01,STATIC,158.27,STATIC,84.56,STATIC,50.95,STATIC,107.10,STATIC,164.10,STATIC,59.37,STATIC,169.16,STATIC
41.725,1001,76.90,STATIC,158.84,STATIC,84.52,STATIC,50.80,STATIC,107.17,STATIC,164.47,STATIC,59.57,STATIC,169.26,STATIC
41.76666666666667,1002,74.95,STATIC,158.06,STATIC,84.50,STATIC,50.93,STATIC,107.15,STATIC,164.69,STATIC,59.33,STATIC,169.38,STATIC
41.80833333333334,1003,74.15,STATIC,158.02,STATIC,84.51,STATIC,50.57,STATIC,107.17,STATIC,165.27,STATIC,59.39,STATIC,169.53,STATIC
41.85,1004,74.34,STATIC,157.96,STATIC,84.55,STATIC,50.16,STATIC,107.14,STATIC,165.74,STATIC,59.40,STATIC,169.57,STATIC
41.89166666666667,1005,74.92,STATIC,156.63,STATIC,84.56,STATIC,49.36,STATIC,107.01,STATIC,165.92,STATIC,58.79,STATIC,169.50,STATIC
41.93333333333334,1006,75.45,STATIC,156.06,STATIC,84.57,STATIC,48.61,STATIC,106.75,STATIC,166.16,STATIC,57.98,STATIC,169.34,STATIC
41.975,1007,76.02,STATIC,155.36,STATIC,84.57,STATIC,48.12,STATIC,106.59,STATIC,166.54,STATIC,57.85,STATIC,169.21,STATIC
42.01833333333334,1008,76.88,STATIC,155.76,STATIC,84.58,STATIC,48.08,STATIC,106.55,STATIC,166.79,STATIC,57.61,STATIC,168.94,STATIC
42.06,1009,77.91,STATIC,155.89,STATIC,84.60,STATIC,48.14,STATIC,106.57,STATIC,167.60,STATIC,57.59,STATIC,168.77,STATIC
42.10166666666667,1010,77.77,STATIC,154.86,STATIC,84.73,STATIC,49.72,STATIC,107.03,STATIC,167.89,STATIC,59.45,STATIC,168.67,STATIC
42.14333333333334,1011,77.52,STATIC,156.16,STATIC,84.70,STATIC,52.16,STATIC,107.54,STATIC,168.14,STATIC,60.84,STATIC,168.69,STATIC
42.185,1012,77.41,STATIC,158.29,STATIC,84.66,STATIC,54.55,STATIC,108.70,STATIC,168.29,STATIC,63.98,STATIC,169.07,STATIC
42.22666666666667,1013,77.18,STATIC,158.82,STATIC,84.64,STATIC,54.71,STATIC,109.33,STATIC,168.90,STATIC,65.01,STATIC,169.45,STATIC
42.26833333333334,1014,77.46,STATIC,158.43,STATIC,84.68,STATIC,54.06,STATIC,109.43,STATIC,168.77,STATIC,64.97,STATIC,169.43,STATIC
42.31,1015,78.69,STATIC,157.44,STATIC,84.66,STATIC,53.29,STATIC,109.04,STATIC,169.20,STATIC,64.57,STATIC,169.20,STATIC
42.35166666666667,1016,79.83,STATIC,155.61,STATIC,84.74,STATIC,53.77,STATIC,108.60,STATIC,170.13,STATIC,64.88,STATIC,169.13,STATIC
42.39333333333334,1017,80.52,STATIC,153.59,STATIC,84.79,STATIC,51.64,STATIC,108.02,STATIC,170.50,STATIC,63.41,STATIC,168.58,STATIC
42.435,1018,80.76,STATIC,154.19,STATIC,84.80,STATIC,51.01,STATIC,107.71,STATIC,170.13,STATIC,62.27,STATIC,168.17,STATIC
42.47666666666667,1019,80.73,STATIC,154.40,STATIC,84.82,STATIC,51.06,STATIC,107.87,STATIC,170.00,STATIC,62.97,STATIC,168.20,STATIC
42.51833333333334,1020,80.64,STATIC,156.21,STATIC,84.83,STATIC,49.62,STATIC,107.55,STATIC,169.13,STATIC,61.23,STATIC,167.94,STATIC
42.56,1021,80.65,STATIC,155.84,STATIC,84.83,STATIC,48.96,STATIC,107.30,STATIC,169.22,STATIC,60.91,STATIC,167.98,STATIC
42.60166666666667,1022,80.65,STATIC,155.55,STATIC,84.85,STATIC,49.60,STATIC,107.38,STATIC,169.37,STATIC,61.73,STATIC,168.02,STATIC
42.64333333333334,1023,80.61,STATIC,154.67,STATIC,84.83,STATIC,49.58,STATIC,107.50,STATIC,169.61,STATIC,62.01,STATIC,167.89,STATIC
42.685,1024,80.89,STATIC,153.74,STATIC,84.81,STATIC,49.47,STATIC,107.45,STATIC,170.15,STATIC,61.64,STATIC,167.56,STATIC
42.72666666666667,1025,80.85,STATIC,153.38,STATIC,84.78,STATIC,48.54,STATIC,107.32,STATIC,169.59,STATIC,60.64,STATIC,166.88,STATIC
42.76833333333334,1026,80.68,STATIC,154.32,STATIC,84.76,STATIC,47.86,STATIC,107.06,STATIC,168.28,STATIC,59.26,STATIC,166.01,STATIC
42.81,1027,80.43,STATIC,154.71,STATIC,84.75,STATIC,48.26,STATIC,107.15,STATIC,167.79,STATIC,59.57,STATIC,165.80,STATIC
42.85166666666667,1028,80.36,STATIC,154.52,STATIC,84.72,STATIC,48.57,STATIC,107.17,STATIC,167.65,STATIC,60.05,STATIC,165.61,STATIC
42.89333333333334,1029,80.43,STATIC,154.58,STATIC,84.71,STATIC,48.75,STATIC,107.23,STATIC,167.90,STATIC,60.36,STATIC,165.52,STATIC
42.935,1030,80.84,STATIC,155.31,STATIC,84.77,STATIC,48.36,STATIC,107.32,STATIC,167.47,STATIC,60.14,STATIC,165.25,STATIC
42.97666666666667,1031,81.32,STATIC,154.88,STATIC,84.80,STATIC,48.56,STATIC,107.39,STATIC,167.41,STATIC,60.28,STATIC,165.02,STATIC
43.01833333333334,1032,81.77,STATIC,153.07,STATIC,84.82,STATIC,49.75,STATIC,107.56,STATIC,168.03,STATIC,61.10,STATIC,165.12,STATIC
43.06,1033,82.18,STATIC,152.34,STATIC,84.84,STATIC,50.19,STATIC,107.78,STATIC,168.14,STATIC,61.31,STATIC,165.08,STATIC
43.10166666666667,1034,82.54,STATIC,152.10,STATIC,84.87,STATIC,50.42,STATIC,107.94,STATIC,168.09,STATIC,61.55,STATIC,165.04,STATIC
43.14333333333334,1035,82.65,STATIC,152.37,STATIC,84.89,STATIC,50.42,STATIC,108.05,STATIC,168.14,STATIC,61.84,STATIC,165.07,STATIC
43.185,1036,82.42,STATIC,152.48,STATIC,84.80,STATIC,50.37,STATIC,108.15,STATIC,167.86,STATIC,62.02,STATIC,165.06,STATIC
43.22666666666667,1037,82.53,STATIC,152.75,STATIC,84.82,STATIC,50.42,STATIC,108.33,STATIC,167.87,STATIC,62.68,STATIC,165.15,STATIC
43.26833333333334,1038,82.50,STATIC,152.63,STATIC,84.77,STATIC,50.49,STATIC,108.38,STATIC,167.91,STATIC,62.97,STATIC,165.19,STATIC
43.31,1039,82.25,STATIC,152.83,STATIC,84.74,STATIC,50.44,STATIC,108.41,STATIC,167.65,STATIC,62.67,STATIC,165.11,STATIC
43.35166666666667,1040,82.03,STATIC,153.32,STATIC,84.72,STATIC,50.35,STATIC,108.19,STATIC,167.11,STATIC,61.71,STATIC,164.83,STATIC
43.39333333333334,1041,81.73,STATIC,154.14,STATIC,84.72,STATIC,49.91,STATIC,107.95,STATIC,166.32,STATIC,61.11,STATIC,164.47,STATIC
43.435,1042,81.50,STATIC,154.69,STATIC,84.71,STATIC,49.39,STATIC,107.78,STATIC,165.58,STATIC,61.05,STATIC,164.24,STATIC
43.47666666666667,1043,81.29,STATIC,155.05,STATIC,84.70,STATIC,48.70,STATIC,107.79,STATIC,165.64,STATIC,61.54,STATIC,164.38,STATIC
43.51833333333334,1044,81.71,STATIC,155.32,STATIC,84.67,STATIC,46.77,STATIC,107.46,STATIC,167.27,STATIC,62.43,STATIC,164.42,STATIC
43.56,1045,81.79,STATIC,155.42,STATIC,84.75,STATIC,47.19,STATIC,107.29,STATIC,168.28,STATIC,62.91,STATIC,164.61,STATIC
43.60166666666667,1046,81.70,STATIC,156.41,STATIC,84.75,STATIC,47.89,STATIC,107.55,STATIC,169.35,STATIC,64.35,STATIC,165.13,STATIC
43.64333333333334,1047,81.18,STATIC,156.49,STATIC,84.76,STATIC,48.03,STATIC,107.47,STATIC,169.51,STATIC,63.93,STATIC,165.23,STATIC
43.685,1048,81.01,STATIC,156.72,STATIC,84.76,STATIC,47.72,STATIC,107.53,STATIC,169.65,STATIC,64.51,STATIC,165.42,STATIC
43.72666666666667,1049,80.54,STATIC,156.18,STATIC,84.73,STATIC,47.55,STATIC,107.24,STATIC,169.76,STATIC,63.75,STATIC,165.43,STATIC
43.76833333333334,1050,80.12,STATIC,155.98,STATIC,84.71,STATIC,47.50,STATIC,106.89,STATIC,169.80,STATIC,63.02,STATIC,165.37,STATIC
43.81,1051,80.09,STATIC,155.71,STATIC,84.69,STATIC,48.36,STATIC,106.82,STATIC,169.82,STATIC,63.58,STATIC,165.37,STATIC
43.85166666666667,1052,79.80,STATIC,155.95,STATIC,84.59,STATIC,48.92,STATIC,107.13,STATIC,169.42,STATIC,64.34,STATIC,165.31,STATIC
43.89333333333334,1053,80.14,STATIC,155.30,STATIC,84.55,STATIC,48.91,STATIC,107.08,STATIC,169.10,STATIC,64.35,STATIC,165.41,STATIC
43.935,1054,79.95,STATIC,154.57,STATIC,84.52,STATIC,49.28,STATIC,107.28,STATIC,168.87,STATIC,64.45,STATIC,165.47,STATIC
43.97666666666667,1055,80.05,STATIC,154.53,STATIC,84.41,STATIC,50.13,STATIC,107.52,STATIC,169.26,STATIC,64.71,STATIC,165.68,STATIC
44.01833333333334,1056,79.88,STATIC,154.88,STATIC,84.42,STATIC,50.11,STATIC,107.40,STATIC,170.17,STATIC,64.78,STATIC,166.04,STATIC
44.06,1057,79.97,STATIC,155.03,STATIC,84.41,STATIC,49.72,STATIC,107.00,STATIC,170.29,STATIC,63.68,STATIC,165.82,STATIC
44.10166666666667,1058,80.32,STATIC,154.27,STATIC,84.41,STATIC,49.58,STATIC,106.48,STATIC,170.20,STATIC,62.00,STATIC,165.42,STATIC
44.14333333333334,1059,80.69,STATIC,154.36,STATIC,84.42,STATIC,49.57,STATIC,106.19,STATIC,169.90,STATIC,61.20,STATIC,165.03,STATIC
44.185,1060,81.37,STATIC,154.11,STATIC,84.52,STATIC,49.72,STATIC,105.99,STATIC,169.63,STATIC,60.60,STATIC,164.58,STATIC
44.22666666666667,1061,82.07,STATIC,153.72,STATIC,84.55,STATIC,49.66,STATIC,105.71,STATIC,169.24,STATIC,60.09,STATIC,164.28,STATIC
44.26833333333334,1062,82.84,STATIC,152.60,STATIC,84.63,STATIC,49.65,STATIC,105.45,STATIC,169.04,STATIC,59.60,STATIC,164.14,STATIC
44.31,1063,83.29,STATIC,152.81,STATIC,84.67,STATIC,49.61,STATIC,105.24,STATIC,168.83,STATIC,59.17,STATIC,163.93,STATIC
44.35166666666667,1064,83.67,STATIC,152.98,STATIC,84.69,STATIC,49.63,STATIC,105.08,STATIC,168.63,STATIC,58.74,STATIC,163.75,STATIC
44.39333333333334,1065,83.96,STATIC,152.67,STATIC,84.71,STATIC,49.74,STATIC,105.07,STATIC,168.78,STATIC,58.89,STATIC,163.86,STATIC
44.435,1066,82.97,STATIC,152.22,STATIC,84.71,STATIC,49.99,STATIC,105.55,STATIC,168.93,STATIC,60.45,STATIC,164.31,STATIC
44.47666666666667,1067,82.87,STATIC,153.14,STATIC,84.69,STATIC,50.44,STATIC,105.58,STATIC,168.75,STATIC,60.13,STATIC,164.33,STATIC
44.51833333333334,1068,83.09,STATIC,153.08,STATIC,84.71,STATIC,50.29,STATIC,105.15,STATIC,167.79,STATIC,57.48,STATIC,163.76,STATIC
44.56,1069,83.47,STATIC,153.29,STATIC,84.70,STATIC,50.19,STATIC,105.08,STATIC,166.96,STATIC,57.36,STATIC,163.40,STATIC
44.60166666666667,1070,83.63,STATIC,153.58,STATIC,84.67,STATIC,50.29,STATIC,104.93,STATIC,166.44,STATIC,57.26,STATIC,163.09,STATIC
44.64333333333334,1071,83.89,STATIC,153.40,STATIC,84.70,STATIC,50.48,STATIC,104.67,STATIC,166.29,STATIC,56.38,STATIC,162.63,STATIC
44.685,1072,83.94,STATIC,153.87,STATIC,84.69,STATIC,50.78,STATIC,104.50,STATIC,165.92,STATIC,56.30,STATIC,161.85,STATIC
44.72666666666667,1073,83.22,STATIC,155.44,STATIC,84.67,STATIC,50.91,STATIC,104.94,STATIC,166.87,STATIC,58.59,STATIC,162.48,STATIC
44.76833333333334,1074,83.24,STATIC,155.32,STATIC,84.65,STATIC,51.11,STATIC,104.99,STATIC,167.40,STATIC,59.06,STATIC,162.63,STATIC
44.81,1075,83.57,STATIC,155.48,STATIC,84.67,STATIC,50.42,STATIC,105.01,STATIC,167.52,STATIC,59.40,STATIC,162.71,STATIC
44.85166666666667,1076,84.14,STATIC,154.00,STATIC,84.68,STATIC,50.06,STATIC,104.62,STATIC,166.25,STATIC,58.59,STATIC,162.39,STATIC
44.89333333333334,1077,84.81,STATIC,153.69,STATIC,84.77,STATIC,50.20,STATIC,104.52,STATIC,166.54,STATIC,57.87,STATIC,163.06,STATIC
44.935,1078,85.15,STATIC,153.38,STATIC,84.83,STATIC,50.24,STATIC,104.43,STATIC,167.40,STATIC,58.00,STATIC,163.76,STATIC
44.97666666666667,1079,84.74,STATIC,154.40,STATIC,84.89,STATIC,49.83,STATIC,104.30,STATIC,168.15,STATIC,58.71,STATIC,164.36,STATIC
45.01833333333334,1080,84.52,STATIC,154.89,STATIC,84.90,STATIC,49.25,STATIC,104.20,STATIC,168.69,STATIC,58.97,STATIC,164.93,STATIC
45.06,1081,83.34,STATIC,156.63,STATIC,84.69,STATIC,48.56,STATIC,104.35,STATIC,168.79,STATIC,59.46,STATIC,165.36,STATIC
45.10166666666667,1082,82.84,STATIC,159.20,STATIC,84.53,STATIC,48.02,STATIC,104.90,STATIC,169.41,STATIC,62.01,STATIC,166.15,STATIC
45.14333333333334,1083,82.22,STATIC,158.38,STATIC,84.52,STATIC,48.76,STATIC,104.97,STATIC,169.45,STATIC,62.03,STATIC,166.56,STATIC
45.185,1084,81.20,STATIC,159.77,STATIC,84.50,STATIC,49.17,STATIC,105.20,STATIC,168.59,STATIC,62.49,STATIC,166.81,STATIC
45.22666666666667,1085,81.03,STATIC,157.92,STATIC,84.55,STATIC,49.48,STATIC,105.02,STATIC,167.10,STATIC,59.87,STATIC,166.62,STATIC
45.26833333333334,1086,80.15,STATIC,156.79,STATIC,84.58,STATIC,49.15,STATIC,105.13,STATIC,168.16,STATIC,60.01,STATIC,167.15,STATIC
45.31,1087,80.60,STATIC,156.01,STATIC,84.60,STATIC,49.31,STATIC,105.00,STATIC,168.89,STATIC,59.86,STATIC,167.45,STATIC
45.35166666666667,1088,81.40,STATIC,154.10,STATIC,84.54,STATIC,48.87,STATIC,105.46,STATIC,169.60,STATIC,60.56,STATIC,167.72,STATIC
45.39333333333334,1089,81.93,STATIC,154.43,STATIC,84.55,STATIC,49.08,STATIC,105.60,STATIC,169.75,STATIC,59.75,STATIC,167.97,STATIC
45.435,1090,82.40,STATIC,154.93,STATIC,84.61,STATIC,49.71,STATIC,106.02,STATIC,169.99,STATIC,59.88,STATIC,168.26,STATIC
45.47666666666667,1091,81.09,STATIC,154.40,STATIC,84.78,STATIC,49.32,STATIC,106.54,STATIC,170.63,STATIC,61.34,STATIC,168.71,STATIC
45.51833333333334,1092,81.93,STATIC,154.60,STATIC,84.75,STATIC,49.11,STATIC,106.94,STATIC,170.61,STATIC,61.73,STATIC,168.98,STATIC
45.56,1093,82.15,STATIC,154.69,STATIC,84.71,STATIC,48.75,STATIC,107.24,STATIC,170.68,STATIC,62.21,STATIC,169.22,STATIC
45.60166666666667,1094,81.02,STATIC,152.69,STATIC,84.83,STATIC,49.06,STATIC,107.73,STATIC,170.37,STATIC,63.08,STATIC,169.15,STATIC
45.64333333333334,1095,82.27,STATIC,150.21,STATIC,84.96,STATIC,46.93,STATIC,107.97,STATIC,171.19,STATIC,64.58,STATIC,169.45,STATIC
45.685,1096,82.88,STATIC,150.66,STATIC,85.00,STATIC,47.13,STATIC,108.98,STATIC,172.17,STATIC,69.38,STATIC,170.18,STATIC
45.72666666666667,1097,83.31,STATIC,150.22,STATIC,85.01,STATIC,47.39,STATIC,109.61,STATIC,172.32,STATIC,70.40,STATIC,170.59,STATIC
45.76833333333334,1098,83.40,STATIC,148.14,STATIC,85.11,STATIC,46.40,STATIC,108.94,STATIC,172.72,STATIC,70.85,STATIC,170.33,STATIC
45.81,1099,83.40,STATIC,147.63,STATIC,85.11,STATIC,46.50,STATIC,109.19,STATIC,171.47,STATIC,70.78,STATIC,170.22,STATIC
45.85166666666667,1100,83.73,STATIC,147.17,STATIC,85.13,STATIC,46.32,STATIC,108.94,STATIC,170.23,STATIC,70.78,STATIC,170.22,STATIC
45.89333333333334,1101,84.27,STATIC,147.44,STATIC,85.15,STATIC,45.15,STATIC,108.53,STATIC,170.03,STATIC,67.90,STATIC,170.00,STATIC
45.935,1102,84.16,STATIC,148.61,STATIC,85.09,STATIC,44.61,STATIC,108.85,STATIC,169.84,STATIC,69.56,STATIC,169.94,STATIC
45.97666666666667,1103,84.23,STATIC,148.94,STATIC,85.06,STATIC,44.52,STATIC,108.68,STATIC,169.82,STATIC,70.06,STATIC,169.57,STATIC
46.02,1104,83.75,STATIC,150.01,STATIC,85.04,STATIC,44.31,STATIC,108.38,STATIC,167.91,STATIC,69.02,STATIC,169.04,STATIC
46.06166666666667,1105,83.58,STATIC,148.69,STATIC,85.09,STATIC,43.85,STATIC,108.50,STATIC,168.77,STATIC,69.72,STATIC,169.07,STATIC
46.10333333333334,1106,83.45,STATIC,148.17,STATIC,85.15,STATIC,44.32,STATIC,108.11,STATIC,167.73,STATIC,69.44,STATIC,168.61,STATIC
46.145,1107,83.15,STATIC,147.06,STATIC,85.17,STATIC,43.73,STATIC,108.13,STATIC,166.93,STATIC,69.79,STATIC,168.59,STATIC
46.18666666666667,1108,82.43,STATIC,146.58,STATIC,85.19,STATIC,43.45,STATIC,108.24,STATIC,167.69,STATIC,69.71,STATIC,168.47,STATIC
46.22833333333334,1109,82.15,STATIC,146.23,STATIC,85.22,STATIC,43.84,STATIC,108.13,STATIC,166.84,STATIC,69.14,STATIC,168.11,STATIC
46.27,1110,81.29,STATIC,149.49,STATIC,85.18,STATIC,44.17,STATIC,107.29,STATIC,166.24,STATIC,65.10,STATIC,166.53,STATIC
46.31166666666667,1111,80.00,STATIC,148.44,STATIC,85.16,STATIC,44.45,STATIC,106.10,STATIC,166.87,STATIC,62.42,STATIC,164.68,STATIC
46.35333333333334,1112,79.71,STATIC,146.84,STATIC,85.22,STATIC,45.49,STATIC,104.60,STATIC,164.94,STATIC,59.06,STATIC,161.14,STATIC
46.395,1113,78.29,STATIC,145.26,STATIC,85.25,STATIC,44.86,STATIC,104.14,STATIC,162.27,STATIC,55.38,STATIC,157.68,STATIC
46.43666666666667,1114,76.19,STATIC,142.70,STATIC,85.29,STATIC,43.35,STATIC,103.78,STATIC,162.40,STATIC,52.80,STATIC,154.30,STATIC
46.47833333333334,1115,73.08,STATIC,135.64,FLEXION,85.43,STATIC,42.25,STATIC,103.08,STATIC,165.84,STATIC,50.42,STATIC,152.13,STATIC
46.52,1116,67.49,FLEXION,132.09,STATIC,85.42,STATIC,41.51,STATIC,103.00,STATIC,167.10,STATIC,51.91,STATIC,151.02,STATIC
46.56166666666667,1117,62.44,FLEXION,124.59,FLEXION,85.42,STATIC,40.64,STATIC,102.90,STATIC,169.32,STATIC,50.90,STATIC,152.26,STATIC
46.60333333333334,1118,56.28,FLEXION,115.86,FLEXION,85.64,STATIC,39.39,STATIC,102.42,STATIC,168.30,STATIC,50.20,STATIC,153.50,STATIC
46.645,1119,47.55,FLEXION,104.49,FLEXION,85.91,STATIC,37.33,STATIC,102.08,STATIC,167.44,STATIC,49.25,STATIC,153.02,STATIC
46.68666666666667,1120,39.04,FLEXION,93.31,FLEXION,86.09,STATIC,38.75,STATIC,101.49,STATIC,166.56,STATIC,50.47,STATIC,155.16,STATIC
46.72833333333334,1121,35.62,STATIC,83.66,FLEXION,86.16,STATIC,37.91,STATIC,100.55,STATIC,163.55,STATIC,49.27,STATIC,156.10,STATIC
46.77,1122,25.52,FLEXION,78.05,FLEXION,86.62,STATIC,35.37,STATIC,100.33,STATIC,161.62,STATIC,45.51,STATIC,155.86,STATIC
46.81166666666667,1123,25.49,STATIC,83.89,EXTENSION,87.08,STATIC,38.04,STATIC,100.04,STATIC,159.39,STATIC,42.11,STATIC,153.83,STATIC
46.85333333333334,1124,26.18,STATIC,76.85,FLEXION,87.39,STATIC,35.11,STATIC,99.78,STATIC,156.28,STATIC,40.73,STATIC,152.59,STATIC
46.895,1125,23.51,STATIC,77.49,STATIC,87.44,STATIC,37.20,STATIC,99.82,STATIC,155.32,STATIC,39.81,STATIC,152.11,STATIC
46.93666666666667,1126,23.94,STATIC,74.95,STATIC,87.48,STATIC,44.35,EXTENSION,99.75,STATIC,153.50,STATIC,38.03,STATIC,150.94,STATIC
46.97833333333334,1127,22.65,STATIC,77.28,STATIC,87.69,STATIC,41.76,STATIC,99.33,STATIC,152.56,STATIC,36.79,STATIC,151.06,STATIC
47.02,1128,20.84,STATIC,87.07,EXTENSION,88.28,STATIC,41.64,STATIC,99.13,STATIC,153.93,STATIC,35.92,STATIC,150.29,STATIC
47.06166666666667,1129,20.88,STATIC,92.15,EXTENSION,88.68,STATIC,45.03,STATIC,98.56,STATIC,151.64,STATIC,36.49,STATIC,151.44,STATIC
47.10333333333334,1130,18.39,STATIC,92.75,STATIC,88.97,STATIC,50.78,EXTENSION,98.32,STATIC,151.34,STATIC,35.83,STATIC,151.15,STATIC
47.145,1131,17.41,STATIC,92.37,STATIC,89.32,STATIC,58.16,EXTENSION,98.05,STATIC,152.53,STATIC,34.48,STATIC,150.13,STATIC
47.18666666666667,1132,16.39,STATIC,94.24,STATIC,89.57,STATIC,61.37,STATIC,97.69,STATIC,152.10,STATIC,33.75,STATIC,149.77,STATIC
47.22833333333334,1133,16.59,STATIC,100.59,EXTENSION,89.59,STATIC,61.42,STATIC,97.62,STATIC,152.00,STATIC,33.28,STATIC,149.04,STATIC
47.27,1134,16.24,STATIC,95.86,STATIC,89.65,STATIC,63.33,STATIC,97.49,STATIC,152.13,STATIC,32.32,STATIC,148.02,STATIC
47.31166666666667,1135,16.24,STATIC,93.75,STATIC,89.83,STATIC,64.80,STATIC,97.48,STATIC,152.75,STATIC,31.05,STATIC,145.87,STATIC
47.35333333333334,1136,15.42,STATIC,94.21,STATIC,89.87,STATIC,64.86,STATIC,97.28,STATIC,152.22,STATIC,30.68,STATIC,144.15,STATIC
47.395,1137,14.78,STATIC,93.29,STATIC,89.92,STATIC,65.72,STATIC,97.00,STATIC,151.67,STATIC,30.53,STATIC,143.23,STATIC
47.43666666666667,1138,14.81,STATIC,94.40,STATIC,89.83,STATIC,65.53,STATIC,96.76,STATIC,150.88,STATIC,30.43,STATIC,142.42,STATIC
47.47833333333334,1139,14.66,STATIC,92.83,STATIC,89.84,STATIC,65.79,STATIC,96.70,STATIC,150.04,STATIC,30.21,STATIC,140.97,STATIC
47.52,1140,14.82,STATIC,92.29,STATIC,89.83,STATIC,65.83,STATIC,96.70,STATIC,149.94,STATIC,29.97,STATIC,139.84,STATIC
47.56166666666667,1141,15.12,STATIC,92.07,STATIC,89.85,STATIC,64.70,STATIC,96.64,STATIC,149.48,STATIC,29.60,STATIC,138.60,STATIC
47.60333333333334,1142,15.04,STATIC,93.30,STATIC,89.89,STATIC,64.12,STATIC,96.56,STATIC,149.36,STATIC,29.27,STATIC,137.59,STATIC
47.645,1143,15.32,STATIC,93.63,STATIC,89.94,STATIC,64.09,STATIC,96.47,STATIC,148.75,STATIC,29.13,STATIC,136.45,STATIC
47.68666666666667,1144,15.43,STATIC,94.19,STATIC,89.95,STATIC,64.92,STATIC,96.41,STATIC,148.31,STATIC,29.08,STATIC,135.55,STATIC
47.72833333333334,1145,15.51,STATIC,92.96,STATIC,89.98,STATIC,67.78,STATIC,96.30,STATIC,147.83,STATIC,29.05,STATIC,135.57,STATIC
47.77,1146,15.69,STATIC,94.15,STATIC,89.96,STATIC,68.53,STATIC,96.31,STATIC,147.80,STATIC,29.04,STATIC,135.45,STATIC
47.81166666666667,1147,15.95,STATIC,93.45,STATIC,89.95,STATIC,67.94,STATIC,96.27,STATIC,147.83,STATIC,29.23,STATIC,136.18,STATIC
47.85333333333334,1148,16.47,STATIC,95.51,STATIC,89.92,STATIC,66.80,STATIC,96.23,STATIC,147.58,STATIC,29.85,STATIC,137.37,STATIC
47.895,1149,16.77,STATIC,95.90,STATIC,89.86,STATIC,67.38,STATIC,96.32,STATIC,147.37,STATIC,29.94,STATIC,138.03,STATIC
47.93666666666667,1150,17.25,STATIC,94.55,STATIC,89.84,STATIC,69.07,STATIC,96.30,STATIC,147.28,STATIC,29.96,STATIC,138.47,STATIC
47.97833333333334,1151,17.73,STATIC,94.20,STATIC,89.81,STATIC,70.37,STATIC,96.41,STATIC,147.36,STATIC,29.65,STATIC,138.47,STATIC
48.02,1152,17.92,STATIC,93.40,STATIC,89.78,STATIC,71.77,STATIC,96.45,STATIC,148.47,STATIC,29.76,STATIC,138.34,STATIC
48.06166666666667,1153,17.85,STATIC,92.91,STATIC,89.75,STATIC,72.55,STATIC,96.45,STATIC,148.90,STATIC,29.79,STATIC,138.40,STATIC
48.10333333333334,1154,18.50,STATIC,93.31,STATIC,89.74,STATIC,71.14,STATIC,96.46,STATIC,149.36,STATIC,29.90,STATIC,138.62,STATIC
48.145,1155,19.20,STATIC,93.70,STATIC,89.73,STATIC,70.13,STATIC,96.46,STATIC,149.46,STATIC,29.82,STATIC,139.10,STATIC
48.18666666666667,1156,20.25,STATIC,92.96,STATIC,89.75,STATIC,68.65,STATIC,96.48,STATIC,149.61,STATIC,29.77,STATIC,139.59,STATIC
48.22833333333334,1157,20.12,STATIC,93.23,STATIC,89.71,STATIC,68.49,STATIC,96.47,STATIC,149.48,STATIC,29.73,STATIC,139.61,STATIC
48.27,1158,20.57,STATIC,93.93,STATIC,89.66,STATIC,68.15,STATIC,96.54,STATIC,149.79,STATIC,29.72,STATIC,139.27,STATIC
48.31166666666667,1159,20.46,STATIC,94.75,STATIC,89.63,STATIC,68.42,STATIC,96.58,STATIC,149.63,STATIC,29.59,STATIC,138.90,STATIC
48.35333333333334,1160,20.46,STATIC,94.42,STATIC,89.63,STATIC,68.60,STATIC,96.74,STATIC,149.08,STATIC,28.33,STATIC,137.43,STATIC
48.395,1161,20.43,STATIC,95.09,STATIC,89.63,STATIC,68.14,STATIC,96.71,STATIC,148.42,STATIC,28.46,STATIC,136.19,STATIC
48.43666666666667,1162,20.60,STATIC,95.04,STATIC,89.66,STATIC,67.53,STATIC,96.68,STATIC,147.64,STATIC,28.68,STATIC,134.71,STATIC
48.47833333333334,1163,21.02,STATIC,94.86,STATIC,89.69,STATIC,67.66,STATIC,96.63,STATIC,147.16,STATIC,28.86,STATIC,133.48,STATIC
48.52,1164,22.36,STATIC,94.02,STATIC,89.76,STATIC,67.57,STATIC,96.56,STATIC,146.56,STATIC,28.63,STATIC,133.08,STATIC
48.56166666666667,1165,22.44,STATIC,94.48,STATIC,89.87,STATIC,65.97,STATIC,96.44,STATIC,146.36,STATIC,28.61,STATIC,132.67,STATIC
48.60333333333334,1166,21.33,STATIC,94.81,STATIC,89.95,STATIC,65.23,STATIC,96.31,STATIC,146.00,STATIC,28.88,STATIC,132.52,STATIC
48.645,1167,20.89,STATIC,94.80,STATIC,90.00,STATIC,65.03,STATIC,96.24,STATIC,145.77,STATIC,28.96,STATIC,132.17,STATIC
48.68666666666667,1168,21.93,STATIC,95.08,STATIC,89.99,STATIC,64.33,STATIC,96.18,STATIC,145.74,STATIC,28.79,STATIC,132.23,STATIC
48.72833333333334,1169,19.84,STATIC,95.08,STATIC,90.13,STATIC,64.86,STATIC,96.17,STATIC,145.72,STATIC,28.77,STATIC,132.06,STATIC
48.77,1170,19.50,STATIC,95.12,STATIC,90.19,STATIC,65.08,STATIC,96.15,STATIC,145.67,STATIC,28.77,STATIC,132.11,STATIC
48.81166666666667,1171,18.92,STATIC,95.71,STATIC,90.22,STATIC,65.01,STATIC,96.13,STATIC,145.67,STATIC,28.82,STATIC,131.98,STATIC
48.85333333333334,1172,18.73,STATIC,96.87,STATIC,90.23,STATIC,63.39,STATIC,96.07,STATIC,145.63,STATIC,28.90,STATIC,131.80,STATIC
48.895,1173,19.02,STATIC,96.84,STATIC,90.08,STATIC,64.00,STATIC,96.02,STATIC,145.55,STATIC,28.96,STATIC,131.50,STATIC
48.93666666666667,1174,18.95,STATIC,97.58,STATIC,90.01,STATIC,64.53,STATIC,95.99,STATIC,145.27,STATIC,29.02,STATIC,130.92,STATIC
48.97833333333334,1175,19.36,STATIC,95.60,STATIC,89.96,STATIC,66.73,STATIC,95.95,STATIC,145.02,STATIC,29.27,STATIC,130.27,STATIC
49.02,1176,20.07,STATIC,95.43,STATIC,90.05,STATIC,67.31,STATIC,95.93,STATIC,144.70,STATIC,29.31,STATIC,129.63,STATIC
49.06166666666667,1177,19.94,STATIC,94.33,STATIC,90.11,STATIC,69.67,STATIC,95.93,STATIC,144.44,STATIC,29.70,STATIC,128.69,STATIC
49.10333333333334,1178,20.20,STATIC,94.09,STATIC,90.20,STATIC,70.57,STATIC,95.91,STATIC,144.07,STATIC,29.65,STATIC,127.91,STATIC
49.145,1179,20.15,STATIC,94.17,STATIC,90.19,STATIC,70.89,STATIC,95.92,STATIC,143.81,STATIC,29.59,STATIC,127.16,STATIC
49.18666666666667,1180,20.18,STATIC,94.38,STATIC,90.21,STATIC,71.09,STATIC,95.84,STATIC,143.62,STATIC,29.70,STATIC,126.91,STATIC
49.22833333333334,1181,20.62,STATIC,94.17,STATIC,90.20,STATIC,72.41,STATIC,95.84,STATIC,143.35,STATIC,29.68,STATIC,127.09,STATIC
49.27,1182,20.29,STATIC,94.28,STATIC,90.17,STATIC,72.29,STATIC,95.90,STATIC,143.21,STATIC,29.38,STATIC,127.16,STATIC
49.31166666666667,1183,21.01,STATIC,94.43,STATIC,90.20,STATIC,72.35,STATIC,95.91,STATIC,143.37,STATIC,29.12,STATIC,127.40,STATIC
49.35333333333334,1184,21.96,STATIC,94.99,STATIC,90.07,STATIC,72.02,STATIC,95.89,STATIC,143.44,STATIC,28.66,STATIC,127.35,STATIC
49.395,1185,22.80,STATIC,95.30,STATIC,90.13,STATIC,71.75,STATIC,95.87,STATIC,143.17,STATIC,28.59,STATIC,127.85,STATIC
49.43666666666667,1186,22.71,STATIC,94.76,STATIC,90.07,STATIC,70.98,STATIC,95.85,STATIC,143.28,STATIC,28.52,STATIC,128.30,STATIC
49.47833333333334,1187,22.53,STATIC,94.98,STATIC,90.14,STATIC,70.45,STATIC,95.86,STATIC,143.44,STATIC,28.15,STATIC,128.77,STATIC
49.52,1188,22.23,STATIC,95.11,STATIC,90.09,STATIC,70.03,STATIC,95.83,STATIC,143.73,STATIC,28.15,STATIC,129.16,STATIC
49.56166666666667,1189,22.70,STATIC,95.60,STATIC,90.01,STATIC,69.35,STATIC,95.82,STATIC,144.12,STATIC,28.21,STATIC,129.27,STATIC
49.60333333333334,1190,22.06,STATIC,98.84,STATIC,89.99,STATIC,66.87,STATIC,95.73,STATIC,144.58,STATIC,28.10,STATIC,129.74,STATIC
49.645,1191,21.82,STATIC,99.71,STATIC,89.98,STATIC,66.14,STATIC,95.71,STATIC,144.82,STATIC,28.04,STATIC,129.93,STATIC
49.68666666666667,1192,21.65,STATIC,98.36,STATIC,90.07,STATIC,66.66,STATIC,95.57,STATIC,145.10,STATIC,27.99,STATIC,130.60,STATIC
49.72833333333334,1193,22.22,STATIC,98.38,STATIC,90.11,STATIC,66.06,STATIC,95.58,STATIC,145.44,STATIC,27.83,STATIC,130.69,STATIC
49.77,1194,21.20,STATIC,98.29,STATIC,90.03,STATIC,65.56,STATIC,95.61,STATIC,145.73,STATIC,28.03,STATIC,131.42,STATIC
49.81166666666667,1195,18.06,STATIC,97.41,STATIC,89.91,STATIC,66.60,STATIC,95.72,STATIC,146.26,STATIC,28.13,STATIC,132.14,STATIC
49.85333333333334,1196,17.24,STATIC,96.68,STATIC,89.80,STATIC,66.83,STATIC,95.80,STATIC,146.52,STATIC,28.25,STATIC,132.59,STATIC
49.895,1197,16.53,STATIC,95.30,STATIC,89.70,STATIC,67.95,STATIC,95.87,STATIC,146.72,STATIC,28.40,STATIC,133.26,STATIC
49.93666666666667,1198,16.37,STATIC,95.26,STATIC,89.66,STATIC,66.87,STATIC,95.94,STATIC,146.76,STATIC,28.35,STATIC,134.14,STATIC
49.97833333333334,1199,16.45,STATIC,95.09,STATIC,89.61,STATIC,66.84,STATIC,95.99,STATIC,147.01,STATIC,28.51,STATIC,134.81,STATIC
50.02166666666667,1200,16.18,STATIC,93.30,STATIC,89.59,STATIC,68.73,STATIC,96.05,STATIC,147.26,STATIC,28.62,STATIC,135.19,STATIC
50.06333333333334,1201,16.24,STATIC,92.99,STATIC,89.56,STATIC,68.85,STATIC,96.10,STATIC,147.56,STATIC,28.67,STATIC,135.74,STATIC
50.105000000000004,1202,16.44,STATIC,92.71,STATIC,89.54,STATIC,68.43,STATIC,96.12,STATIC,147.75,STATIC,28.85,STATIC,136.33,STATIC
50.14666666666667,1203,16.37,STATIC,92.91,STATIC,89.51,STATIC,68.19,STATIC,96.16,STATIC,148.01,STATIC,28.87,STATIC,136.82,STATIC
50.18833333333334,1204,16.31,STATIC,93.02,STATIC,89.46,STATIC,67.76,STATIC,96.20,STATIC,148.08,STATIC,28.88,STATIC,137.03,STATIC
50.230000000000004,1205,16.44,STATIC,93.55,STATIC,89.45,STATIC,67.80,STATIC,96.25,STATIC,148.32,STATIC,29.15,STATIC,137.16,STATIC
50.27166666666667,1206,16.62,STATIC,93.26,STATIC,89.43,STATIC,68.39,STATIC,96.31,STATIC,148.46,STATIC,29.26,STATIC,137.27,STATIC
50.31333333333334,1207,16.30,STATIC,92.89,STATIC,89.41,STATIC,68.84,STATIC,96.32,STATIC,148.63,STATIC,29.29,STATIC,137.41,STATIC
50.355000000000004,1208,16.20,STATIC,92.70,STATIC,89.40,STATIC,68.71,STATIC,96.32,STATIC,148.62,STATIC,29.33,STATIC,137.34,STATIC
50.39666666666667,1209,16.07,STATIC,91.93,STATIC,89.40,STATIC,68.78,STATIC,96.31,STATIC,148.68,STATIC,29.19,STATIC,137.11,STATIC
50.43833333333334,1210,15.54,STATIC,92.59,STATIC,89.71,STATIC,68.00,STATIC,96.31,STATIC,148.53,STATIC,29.16,STATIC,136.71,STATIC
50.480000000000004,1211,15.35,STATIC,93.05,STATIC,89.82,STATIC,67.55,STATIC,96.32,STATIC,148.36,STATIC,29.10,STATIC,136.30,STATIC
50.52166666666667,1212,15.39,STATIC,93.08,STATIC,89.86,STATIC,67.62,STATIC,96.32,STATIC,148.18,STATIC,29.19,STATIC,136.00,STATIC
50.56333333333334,1213,15.11,STATIC,93.37,STATIC,89.87,STATIC,67.62,STATIC,96.28,STATIC,147.87,STATIC,29.41,STATIC,135.91,STATIC
50.605000000000004,1214,15.06,STATIC,93.64,STATIC,89.87,STATIC,67.31,STATIC,96.28,STATIC,147.55,STATIC,29.45,STATIC,135.73,STATIC
50.64666666666667,1215,15.10,STATIC,94.06,STATIC,89.86,STATIC,67.11,STATIC,96.29,STATIC,147.34,STATIC,29.49,STATIC,135.31,STATIC
50.68833333333334,1216,15.09,STATIC,94.62,STATIC,89.87,STATIC,66.87,STATIC,96.29,STATIC,147.08,STATIC,29.51,STATIC,135.15,STATIC
50.730000000000004,1217,14.80,STATIC,94.57,STATIC,89.82,STATIC,67.14,STATIC,96.29,STATIC,146.87,STATIC,29.45,STATIC,134.98,STATIC
50.77166666666667,1218,14.71,STATIC,93.27,STATIC,89.89,STATIC,67.87,STATIC,96.30,STATIC,147.16,STATIC,29.13,STATIC,134.36,STATIC
50.81333333333334,1219,14.63,STATIC,93.24,STATIC,89.91,STATIC,68.05,STATIC,96.31,STATIC,146.93,STATIC,29.14,STATIC,133.74,STATIC
50.855000000000004,1220,14.59,STATIC,93.24,STATIC,89.94,STATIC,68.14,STATIC,96.34,STATIC,146.57,STATIC,29.10,STATIC,133.13,STATIC
50.89666666666667,1221,14.61,STATIC,93.25,STATIC,89.95,STATIC,68.04,STATIC,96.36,STATIC,146.16,STATIC,29.05,STATIC,132.31,STATIC
50.93833333333334,1222,14.59,STATIC,92.98,STATIC,89.97,STATIC,68.58,STATIC,96.36,STATIC,145.96,STATIC,28.99,STATIC,131.60,STATIC
50.980000000000004,1223,14.59,STATIC,92.96,STATIC,89.98,STATIC,68.62,STATIC,96.33,STATIC,145.58,STATIC,29.15,STATIC,130.77,STATIC
51.02166666666667,1224,14.59,STATIC,93.11,STATIC,89.98,STATIC,68.81,STATIC,96.30,STATIC,145.27,STATIC,29.26,STATIC,130.23,STATIC
51.06333333333334,1225,14.53,STATIC,93.15,STATIC,89.98,STATIC,68.68,STATIC,96.29,STATIC,145.10,STATIC,29.33,STATIC,129.87,STATIC
51.105000000000004,1226,14.64,STATIC,93.21,STATIC,90.00,STATIC,68.78,STATIC,96.31,STATIC,144.88,STATIC,29.30,STATIC,129.31,STATIC
51.14666666666667,1227,14.67,STATIC,92.87,STATIC,89.97,STATIC,69.81,STATIC,96.39,STATIC,144.46,STATIC,29.41,STATIC,128.44,STATIC
51.18833333333334,1228,14.73,STATIC,92.21,STATIC,89.92,STATIC,71.18,STATIC,96.49,STATIC,143.96,STATIC,29.60,STATIC,127.25,STATIC
51.230000000000004,1229,14.66,STATIC,92.22,STATIC,89.92,STATIC,71.66,STATIC,96.51,STATIC,143.59,STATIC,29.73,STATIC,126.02,STATIC
51.27166666666667,1230,14.58,STATIC,92.20,STATIC,89.93,STATIC,71.87,STATIC,96.52,STATIC,143.25,STATIC,29.86,STATIC,124.75,STATIC
51.31333333333334,1231,14.59,STATIC,92.15,STATIC,89.93,STATIC,72.15,STATIC,96.53,STATIC,142.73,STATIC,29.95,STATIC,123.65,STATIC
51.355000000000004,1232,14.71,STATIC,92.36,STATIC,89.92,STATIC,72.49,STATIC,96.58,STATIC,142.35,STATIC,30.04,STATIC,122.56,STATIC
51.39666666666667,1233,14.77,STATIC,92.66,STATIC,89.93,STATIC,72.55,STATIC,96.59,STATIC,142.06,STATIC,30.07,STATIC,122.00,STATIC
51.43833333333334,1234,14.78,STATIC,92.94,STATIC,89.94,STATIC,72.65,STATIC,96.61,STATIC,141.80,STATIC,30.06,STATIC,121.50,STATIC
51.480000000000004,1235,14.62,STATIC,93.06,STATIC,89.91,STATIC,73.33,STATIC,96.64,STATIC,141.44,STATIC,30.17,STATIC,120.96,STATIC
51.52166666666667,1236,13.98,STATIC,93.53,STATIC,89.92,STATIC,72.79,STATIC,96.62,STATIC,141.25,STATIC,30.36,STATIC,121.00,STATIC
51.56333333333334,1237,14.08,STATIC,93.59,STATIC,89.94,STATIC,71.89,STATIC,96.59,STATIC,140.89,STATIC,30.37,STATIC,120.88,STATIC
51.605000000000004,1238,13.99,STATIC,94.55,STATIC,89.97,STATIC,71.15,STATIC,96.59,STATIC,140.76,STATIC,30.38,STATIC,121.06,STATIC
51.64666666666667,1239,14.14,STATIC,95.07,STATIC,89.98,STATIC,70.68,STATIC,96.61,STATIC,140.68,STATIC,30.35,STATIC,121.17,STATIC
51.68833333333334,1240,14.43,STATIC,97.49,STATIC,90.00,STATIC,68.78,STATIC,96.63,STATIC,140.61,STATIC,30.14,STATIC,121.23,STATIC
51.730000000000004,1241,14.17,STATIC,97.88,STATIC,90.00,STATIC,69.04,STATIC,96.67,STATIC,140.60,STATIC,30.21,STATIC,121.30,STATIC
51.77166666666667,1242,13.83,STATIC,97.95,STATIC,89.99,STATIC,69.36,STATIC,96.70,STATIC,140.60,STATIC,30.24,STATIC,121.23,STATIC
51.81333333333334,1243,13.73,STATIC,98.21,STATIC,90.00,STATIC,69.38,STATIC,96.69,STATIC,140.71,STATIC,30.22,STATIC,121.63,STATIC
51.855000000000004,1244,13.70,STATIC,98.30,STATIC,90.01,STATIC,69.38,STATIC,96.68,STATIC,140.80,STATIC,30.21,STATIC,121.81,STATIC
51.89666666666667,1245,13.70,STATIC,98.08,STATIC,90.03,STATIC,69.49,STATIC,96.66,STATIC,140.83,STATIC,30.20,STATIC,121.78,STATIC
51.93833333333334,1246,13.37,STATIC,97.77,STATIC,90.05,STATIC,69.46,STATIC,96.60,STATIC,141.16,STATIC,30.20,STATIC,122.13,STATIC
51.980000000000004,1247,13.64,STATIC,97.98,STATIC,89.85,STATIC,68.41,STATIC,96.56,STATIC,141.38,STATIC,30.23,STATIC,122.40,STATIC
52.02166666666667,1248,13.86,STATIC,99.07,STATIC,89.76,STATIC,68.06,STATIC,96.55,STATIC,141.45,STATIC,30.34,STATIC,122.62,STATIC
52.06333333333334,1249,14.27,STATIC,100.05,STATIC,89.71,STATIC,67.85,STATIC,96.57,STATIC,141.55,STATIC,30.34,STATIC,122.70,STATIC
52.105000000000004,1250,14.48,STATIC,101.61,STATIC,89.63,STATIC,67.53,STATIC,96.61,STATIC,141.47,STATIC,30.36,STATIC,122.75,STATIC
52.14666666666667,1251,14.71,STATIC,102.30,STATIC,89.68,STATIC,67.01,STATIC,96.66,STATIC,141.66,STATIC,30.23,STATIC,123.26,STATIC
52.18833333333334,1252,14.86,STATIC,102.07,STATIC,89.73,STATIC,67.19,STATIC,96.70,STATIC,141.78,STATIC,30.18,STATIC,123.70,STATIC
52.230000000000004,1253,14.90,STATIC,102.07,STATIC,89.73,STATIC,67.27,STATIC,96.75,STATIC,141.93,STATIC,30.15,STATIC,124.36,STATIC
52.27166666666667,1254,14.76,STATIC,102.52,STATIC,89.73,STATIC,67.16,STATIC,96.79,STATIC,142.09,STATIC,30.05,STATIC,124.87,STATIC
52.31333333333334,1255,14.16,STATIC,101.50,STATIC,89.75,STATIC,67.00,STATIC,96.83,STATIC,142.81,STATIC,29.72,STATIC,126.02,STATIC
52.355000000000004,1256,14.04,STATIC,101.12,STATIC,89.74,STATIC,66.23,STATIC,96.89,STATIC,143.40,STATIC,29.53,STATIC,127.32,STATIC
52.39666666666667,1257,14.79,STATIC,101.15,STATIC,89.72,STATIC,66.09,STATIC,96.91,STATIC,143.65,STATIC,29.46,STATIC,128.21,STATIC
52.43833333333334,1258,14.95,STATIC,101.33,STATIC,89.75,STATIC,65.38,STATIC,96.93,STATIC,144.21,STATIC,29.27,STATIC,129.23,STATIC
52.480000000000004,1259,14.95,STATIC,102.01,STATIC,89.78,STATIC,64.02,STATIC,96.90,STATIC,144.38,STATIC,29.14,STATIC,129.72,STATIC
52.52166666666667,1260,14.95,STATIC,102.35,STATIC,89.78,STATIC,63.84,STATIC,96.90,STATIC,144.59,STATIC,29.16,STATIC,130.28,STATIC
52.56333333333334,1261,16.39,STATIC,102.40,STATIC,89.68,STATIC,63.34,STATIC,96.88,STATIC,144.92,STATIC,29.09,STATIC,131.09,STATIC
52.605000000000004,1262,16.30,STATIC,102.37,STATIC,89.68,STATIC,63.13,STATIC,96.86,STATIC,145.33,STATIC,28.99,STATIC,131.51,STATIC
52.64666666666667,1263,16.11,STATIC,100.63,STATIC,89.55,STATIC,64.01,STATIC,96.82,STATIC,145.63,STATIC,29.00,STATIC,131.76,STATIC
52.68833333333334,1264,14.83,STATIC,100.02,STATIC,89.34,STATIC,64.11,STATIC,96.78,STATIC,145.95,STATIC,29.04,STATIC,132.24,STATIC
52.730000000000004,1265,15.48,STATIC,99.60,STATIC,89.36,STATIC,64.41,STATIC,96.74,STATIC,146.12,STATIC,28.98,STATIC,132.62,STATIC
52.77166666666667,1266,16.18,STATIC,99.26,STATIC,89.42,STATIC,64.57,STATIC,96.70,STATIC,146.47,STATIC,28.96,STATIC,133.31,STATIC
52.81333333333334,1267,17.18,STATIC,98.05,STATIC,89.49,STATIC,65.60,STATIC,96.68,STATIC,146.56,STATIC,28.94,STATIC,133.81,STATIC
52.855000000000004,1268,18.56,STATIC,98.35,STATIC,89.54,STATIC,65.42,STATIC,96.67,STATIC,146.47,STATIC,28.83,STATIC,133.98,STATIC
52.89666666666667,1269,18.56,STATIC,98.50,STATIC,89.65,STATIC,65.30,STATIC,96.67,STATIC,146.64,STATIC,28.71,STATIC,134.55,STATIC
52.93833333333334,1270,17.94,STATIC,98.26,STATIC,89.65,STATIC,65.34,STATIC,96.68,STATIC,146.80,STATIC,28.52,STATIC,135.02,STATIC
52.980000000000004,1271,18.17,STATIC,98.12,STATIC,89.66,STATIC,65.49,STATIC,96.67,STATIC,146.88,STATIC,28.46,STATIC,135.30,STATIC
53.02166666666667,1272,17.96,STATIC,98.30,STATIC,89.69,STATIC,65.30,STATIC,96.65,STATIC,146.87,STATIC,28.31,STATIC,135.29,STATIC
53.06333333333334,1273,17.38,STATIC,98.57,STATIC,89.71,STATIC,65.18,STATIC,96.63,STATIC,146.78,STATIC,28.18,STATIC,135.69,STATIC
53.105000000000004,1274,16.92,STATIC,98.68,STATIC,89.76,STATIC,65.24,STATIC,96.61,STATIC,146.65,STATIC,28.08,STATIC,136.06,STATIC
53.14666666666667,1275,16.94,STATIC,99.11,STATIC,89.77,STATIC,65.56,STATIC,96.62,STATIC,146.34,STATIC,28.01,STATIC,136.08,STATIC
53.18833333333334,1276,16.08,STATIC,98.16,STATIC,89.75,STATIC,67.46,STATIC,96.62,STATIC,146.25,STATIC,28.01,STATIC,136.23,STATIC
53.230000000000004,1277,16.52,STATIC,98.69,STATIC,89.76,STATIC,67.42,STATIC,96.63,STATIC,146.33,STATIC,28.04,STATIC,135.96,STATIC
53.27166666666667,1278,16.46,STATIC,97.96,STATIC,89.81,STATIC,68.16,STATIC,96.62,STATIC,146.30,STATIC,28.18,STATIC,136.22,STATIC
53.31333333333334,1279,16.45,STATIC,97.08,STATIC,89.85,STATIC,69.72,STATIC,96.62,STATIC,146.23,STATIC,28.36,STATIC,136.40,STATIC
53.355000000000004,1280,16.16,STATIC,96.88,STATIC,89.90,STATIC,70.87,STATIC,96.67,STATIC,146.50,STATIC,28.18,STATIC,136.41,STATIC
53.39666666666667,1281,20.17,STATIC,96.81,STATIC,89.81,STATIC,70.93,STATIC,96.81,STATIC,147.18,STATIC,28.22,STATIC,136.36,STATIC
53.43833333333334,1282,23.51,STATIC,96.51,STATIC,89.74,STATIC,70.54,STATIC,96.83,STATIC,147.22,STATIC,28.20,STATIC,136.40,STATIC
53.480000000000004,1283,24.20,STATIC,97.98,STATIC,89.49,STATIC,69.45,STATIC,96.85,STATIC,147.22,STATIC,28.13,STATIC,136.34,STATIC
53.52166666666667,1284,21.84,STATIC,97.70,STATIC,88.86,STATIC,67.21,STATIC,96.92,STATIC,146.58,STATIC,28.42,STATIC,136.48,STATIC
53.56333333333334,1285,23.94,STATIC,98.69,STATIC,88.59,STATIC,63.64,STATIC,96.99,STATIC,146.82,STATIC,28.75,STATIC,136.61,STATIC
53.605000000000004,1286,29.61,EXTENSION,102.58,STATIC,88.38,STATIC,58.39,FLEXION,97.05,STATIC,146.93,STATIC,28.84,STATIC,136.68,STATIC
53.64666666666667,1287,31.07,STATIC,105.08,STATIC,88.22,STATIC,56.28,STATIC,97.07,STATIC,147.38,STATIC,29.59,STATIC,136.87,STATIC
53.68833333333334,1288,36.31,EXTENSION,105.05,STATIC,88.29,STATIC,57.10,STATIC,97.12,STATIC,148.12,STATIC,29.37,STATIC,136.99,STATIC
53.730000000000004,1289,38.87,STATIC,105.21,STATIC,88.28,STATIC,56.32,STATIC,97.21,STATIC,147.99,STATIC,29.62,STATIC,137.70,STATIC
53.77166666666667,1290,40.08,STATIC,103.03,STATIC,88.30,STATIC,58.92,STATIC,97.36,STATIC,149.09,STATIC,29.43,STATIC,138.25,STATIC
53.81333333333334,1291,39.03,STATIC,102.86,STATIC,88.11,STATIC,58.92,STATIC,97.45,STATIC,151.06,STATIC,29.44,STATIC,138.99,STATIC
53.855000000000004,1292,39.33,STATIC,102.55,STATIC,88.16,STATIC,58.97,STATIC,97.64,STATIC,151.37,STATIC,28.18,STATIC,139.62,STATIC
53.89666666666667,1293,41.05,STATIC,102.11,STATIC,88.13,STATIC,57.85,STATIC,97.90,STATIC,151.31,STATIC,28.52,STATIC,140.36,STATIC
53.93833333333334,1294,38.67,STATIC,102.32,STATIC,88.09,STATIC,55.81,STATIC,98.10,STATIC,151.16,STATIC,29.67,STATIC,140.48,STATIC
53.98166666666667,1295,42.54,STATIC,105.91,STATIC,87.00,STATIC,67.89,EXTENSION,98.41,STATIC,153.78,STATIC,30.94,STATIC,139.87,STATIC
54.02333333333333,1296,41.44,STATIC,106.43,STATIC,86.69,STATIC,66.41,STATIC,98.49,STATIC,153.84,STATIC,30.92,STATIC,139.39,STATIC
54.065000000000005,1297,45.42,STATIC,98.89,FLEXION,86.85,STATIC,59.82,FLEXION,98.65,STATIC,154.32,STATIC,32.49,STATIC,140.73,STATIC
54.10666666666667,1298,39.84,FLEXION,109.72,EXTENSION,87.03,STATIC,41.50,FLEXION,98.73,STATIC,150.55,STATIC,30.30,STATIC,140.53,STATIC
54.14833333333333,1299,40.51,STATIC,112.22,STATIC,87.13,STATIC,36.69,STATIC,98.77,STATIC,150.11,STATIC,30.77,STATIC,141.60,STATIC
54.190000000000005,1300,36.50,STATIC,112.17,STATIC,86.86,STATIC,34.27,STATIC,99.15,STATIC,151.18,STATIC,32.00,STATIC,143.93,STATIC
54.23166666666667,1301,32.25,STATIC,116.42,STATIC,86.70,STATIC,32.19,STATIC,99.42,STATIC,151.93,STATIC,32.95,STATIC,146.02,STATIC
54.27333333333333,1302,37.36,EXTENSION,117.46,STATIC,86.44,STATIC,31.83,STATIC,99.80,STATIC,156.53,STATIC,34.51,STATIC,147.34,STATIC
54.315000000000005,1303,37.50,STATIC,121.09,STATIC,86.47,STATIC,32.41,STATIC,99.76,STATIC,158.01,STATIC,34.84,STATIC,147.06,STATIC
54.35666666666667,1304,57.62,EXTENSION,125.78,STATIC,86.66,STATIC,32.49,STATIC,100.14,STATIC,160.39,STATIC,36.64,STATIC,147.04,STATIC
54.39833333333333,1305,57.24,STATIC,125.52,STATIC,86.53,STATIC,37.84,EXTENSION,100.29,STATIC,159.06,STATIC,37.68,STATIC,144.36,STATIC
54.440000000000005,1306,49.11,FLEXION,128.74,STATIC,85.98,STATIC,45.16,EXTENSION,100.60,STATIC,158.14,STATIC,38.34,STATIC,143.19,STATIC
54.48166666666667,1307,61.22,EXTENSION,131.40,STATIC,85.42,STATIC,47.57,STATIC,101.41,STATIC,157.87,STATIC,42.49,STATIC,145.77,STATIC
54.52333333333333,1308,61.34,STATIC,134.36,STATIC,85.02,STATIC,44.57,STATIC,101.58,STATIC,157.48,STATIC,43.86,STATIC,146.59,STATIC
54.565000000000005,1309,69.30,EXTENSION,138.11,STATIC,84.77,STATIC,44.41,STATIC,101.75,STATIC,158.42,STATIC,42.53,STATIC,144.33,STATIC
54.60666666666667,1310,70.83,STATIC,140.07,STATIC,84.41,STATIC,43.82,STATIC,102.09,STATIC,156.99,STATIC,45.60,STATIC,144.67,STATIC
54.64833333333333,1311,68.97,STATIC,142.38,STATIC,84.14,STATIC,44.59,STATIC,102.62,STATIC,157.38,STATIC,47.77,STATIC,145.74,STATIC
54.690000000000005,1312,68.24,STATIC,144.08,STATIC,83.96,STATIC,43.55,STATIC,102.51,STATIC,157.75,STATIC,47.91,STATIC,144.95,STATIC
54.73166666666667,1313,69.28,STATIC,145.52,STATIC,83.86,STATIC,43.90,STATIC,102.68,STATIC,157.91,STATIC,48.59,STATIC,145.52,STATIC
54.77333333333333,1314,69.64,STATIC,141.81,STATIC,83.86,STATIC,43.80,STATIC,102.14,STATIC,156.28,STATIC,47.92,STATIC,144.96,STATIC
54.815000000000005,1315,69.41,STATIC,141.86,STATIC,83.87,STATIC,42.70,STATIC,102.17,STATIC,155.97,STATIC,49.24,STATIC,145.62,STATIC
54.85666666666667,1316,72.32,STATIC,143.99,STATIC,83.86,STATIC,39.36,STATIC,101.79,STATIC,155.08,STATIC,48.03,STATIC,144.14,STATIC
54.89833333333333,1317,75.51,STATIC,143.86,STATIC,83.82,STATIC,39.48,STATIC,101.72,STATIC,154.86,STATIC,50.94,STATIC,146.44,STATIC
54.940000000000005,1318,78.47,STATIC,142.91,STATIC,83.79,STATIC,39.37,STATIC,101.46,STATIC,155.06,STATIC,46.67,STATIC,147.02,STATIC
54.98166666666667,1319,83.32,STATIC,142.72,STATIC,83.76,STATIC,41.96,STATIC,101.56,STATIC,156.52,STATIC,45.59,STATIC,147.22,STATIC
55.02333333333333,1320,88.02,STATIC,141.02,STATIC,83.94,STATIC,42.27,STATIC,101.98,STATIC,155.84,STATIC,47.96,STATIC,148.29,STATIC
55.065000000000005,1321,91.55,STATIC,139.22,STATIC,84.34,STATIC,40.66,STATIC,102.10,STATIC,155.84,STATIC,49.96,STATIC,149.38,STATIC
55.10666666666667,1322,94.33,STATIC,139.60,STATIC,84.61,STATIC,37.45,STATIC,102.24,STATIC,155.93,STATIC,51.69,STATIC,149.09,STATIC
55.14833333333333,1323,97.46,STATIC,138.80,STATIC,84.67,STATIC,34.33,STATIC,102.57,STATIC,156.61,STATIC,52.76,STATIC,150.29,STATIC
55.190000000000005,1324,100.89,STATIC,136.63,STATIC,84.66,STATIC,32.70,STATIC,103.24,STATIC,157.99,STATIC,56.64,STATIC,152.64,STATIC
55.23166666666667,1325,104.51,STATIC,133.88,STATIC,84.74,STATIC,34.19,STATIC,103.80,STATIC,159.07,STATIC,59.79,STATIC,154.16,STATIC
55.27333333333333,1326,105.35,STATIC,131.23,STATIC,84.82,STATIC,34.04,STATIC,104.05,STATIC,160.91,STATIC,61.25,STATIC,154.85,STATIC
55.315000000000005,1327,106.56,STATIC,129.67,STATIC,84.97,STATIC,34.22,STATIC,103.91,STATIC,162.38,STATIC,60.62,STATIC,156.83,STATIC
55.35666666666667,1328,106.86,STATIC,129.82,STATIC,85.06,STATIC,34.13,STATIC,103.96,STATIC,163.54,STATIC,61.01,STATIC,158.43,STATIC
55.39833333333333,1329,103.45,STATIC,131.16,STATIC,85.13,STATIC,34.00,STATIC,104.11,STATIC,164.15,STATIC,61.88,STATIC,159.62,STATIC
55.440000000000005,1330,99.70,STATIC,131.93,STATIC,85.13,STATIC,33.59,STATIC,104.87,STATIC,164.92,STATIC,65.45,STATIC,161.54,STATIC
55.48166666666667,1331,96.90,STATIC,132.87,STATIC,84.95,STATIC,34.65,STATIC,105.49,STATIC,165.73,STATIC,66.94,STATIC,162.07,STATIC
55.52333333333333,1332,94.73,STATIC,133.61,STATIC,84.62,STATIC,36.06,STATIC,106.33,STATIC,167.56,STATIC,68.71,STATIC,162.85,STATIC
55.565000000000005,1333,92.53,STATIC,137.71,STATIC,84.70,STATIC,38.19,STATIC,107.04,STATIC,168.46,STATIC,70.16,STATIC,164.22,STATIC
55.60666666666667,1334,92.04,STATIC,139.77,STATIC,84.73,STATIC,39.11,STATIC,107.68,STATIC,169.47,STATIC,70.10,STATIC,165.16,STATIC
55.64833333333333,1335,92.47,STATIC,139.84,STATIC,84.34,STATIC,39.65,STATIC,108.03,STATIC,169.32,STATIC,73.60,STATIC,167.86,STATIC
55.690000000000005,1336,91.80,STATIC,140.81,STATIC,84.34,STATIC,38.95,STATIC,108.55,STATIC,169.63,STATIC,74.34,STATIC,167.79,STATIC
55.73166666666667,1337,90.48,STATIC,140.77,STATIC,84.39,STATIC,39.07,STATIC,108.71,STATIC,170.58,STATIC,75.13,STATIC,166.52,STATIC
55.77333333333333,1338,89.95,STATIC,146.18,EXTENSION,84.38,STATIC,40.35,STATIC,110.33,STATIC,171.54,STATIC,71.57,STATIC,167.54,STATIC
55.815000000000005,1339,90.43,STATIC,146.78,STATIC,84.30,STATIC,39.55,STATIC,110.59,STATIC,171.17,STATIC,72.27,STATIC,168.50,STATIC
55.85666666666667,1340,89.89,STATIC,145.53,STATIC,84.26,STATIC,39.32,STATIC,109.97,STATIC,170.76,STATIC,70.81,STATIC,167.15,STATIC
55.89833333333333,1341,91.20,STATIC,147.61,STATIC,84.27,STATIC,39.02,STATIC,110.33,STATIC,171.39,STATIC,72.22,STATIC,167.94,STATIC
55.940000000000005,1342,92.43,STATIC,146.24,STATIC,84.37,STATIC,41.50,STATIC,110.18,STATIC,170.87,STATIC,71.37,STATIC,169.34,STATIC
55.98166666666667,1343,93.13,STATIC,145.25,STATIC,84.43,STATIC,42.25,STATIC,110.28,STATIC,171.53,STATIC,71.96,STATIC,169.64,STATIC
56.02333333333333,1344,93.16,STATIC,144.52,STATIC,84.46,STATIC,41.91,STATIC,110.42,STATIC,171.83,STATIC,73.11,STATIC,169.71,STATIC
56.065000000000005,1345,93.66,STATIC,142.39,STATIC,84.44,STATIC,42.42,STATIC,110.10,STATIC,172.07,STATIC,73.20,STATIC,171.24,STATIC
56.10666666666667,1346,94.67,STATIC,142.53,STATIC,84.56,STATIC,41.69,STATIC,109.44,STATIC,171.92,STATIC,71.09,STATIC,170.37,STATIC
56.14833333333333,1347,95.18,STATIC,141.25,STATIC,84.57,STATIC,41.89,STATIC,108.75,STATIC,172.21,STATIC,70.87,STATIC,170.55,STATIC
56.190000000000005,1348,96.09,STATIC,140.24,STATIC,84.63,STATIC,41.55,STATIC,108.15,STATIC,172.04,STATIC,69.55,STATIC,170.22,STATIC
56.23166666666667,1349,97.03,STATIC,138.31,STATIC,84.70,STATIC,41.02,STATIC,107.78,STATIC,171.80,STATIC,68.31,STATIC,170.00,STATIC
56.27333333333333,1350,99.60,STATIC,136.19,STATIC,84.98,STATIC,40.56,STATIC,107.65,STATIC,171.14,STATIC,66.83,STATIC,168.75,STATIC
56.315000000000005,1351,101.12,STATIC,134.46,STATIC,85.62,STATIC,38.06,STATIC,108.05,STATIC,170.70,STATIC,68.06,STATIC,168.43,STATIC
56.35666666666667,1352,100.67,STATIC,132.66,STATIC,88.37,STATIC,35.19,STATIC,108.26,STATIC,169.26,STATIC,69.63,STATIC,167.48,STATIC
56.39833333333333,1353,101.48,STATIC,132.34,STATIC,88.11,STATIC,35.39,STATIC,109.13,STATIC,169.72,STATIC,71.47,STATIC,168.90,STATIC
56.440000000000005,1354,102.23,STATIC,132.99,STATIC,87.96,STATIC,36.03,STATIC,110.04,STATIC,171.31,STATIC,72.85,STATIC,168.21,STATIC
56.48166666666667,1355,102.47,STATIC,134.86,STATIC,87.83,STATIC,35.92,STATIC,110.85,STATIC,171.75,STATIC,74.40,STATIC,169.29,STATIC
56.52333333333333,1356,103.13,STATIC,133.39,STATIC,87.39,STATIC,36.92,STATIC,111.25,STATIC,172.02,STATIC,76.02,STATIC,169.40,STATIC
56.565000000000005,1357,102.06,STATIC,133.20,STATIC,87.89,STATIC,37.10,STATIC,111.76,STATIC,172.32,STATIC,77.24,STATIC,170.20,STATIC
56.60666666666667,1358,105.37,STATIC,136.81,STATIC,86.58,STATIC,38.34,STATIC,111.69,STATIC,172.84,STATIC,76.56,STATIC,170.13,STATIC
56.64833333333333,1359,103.27,STATIC,139.15,STATIC,85.73,STATIC,43.20,STATIC,112.30,STATIC,173.55,STATIC,76.64,STATIC,171.01,STATIC
56.690000000000005,1360,101.70,STATIC,137.53,STATIC,86.42,STATIC,41.84,STATIC,112.54,STATIC,173.53,STATIC,75.90,STATIC,170.89,STATIC
56.73166666666667,1361,101.58,STATIC,138.85,STATIC,86.37,STATIC,42.03,STATIC,112.71,STATIC,173.27,STATIC,76.05,STATIC,170.59,STATIC
56.77333333333333,1362,101.62,STATIC,138.31,STATIC,86.38,STATIC,41.99,STATIC,112.89,STATIC,171.85,STATIC,75.73,STATIC,171.03,STATIC
56.815000000000005,1363,100.67,STATIC,139.75,STATIC,85.59,STATIC,42.45,STATIC,113.45,STATIC,170.59,STATIC,74.84,STATIC,169.51,STATIC
56.85666666666667,1364,100.82,STATIC,140.72,STATIC,85.52,STATIC,43.86,STATIC,113.62,STATIC,169.49,STATIC,74.44,STATIC,168.14,STATIC
56.89833333333334,1365,100.72,STATIC,140.56,STATIC,85.14,STATIC,44.74,STATIC,113.47,STATIC,168.23,STATIC,74.08,STATIC,165.84,STATIC
56.940000000000005,1366,102.51,STATIC,140.59,STATIC,85.30,STATIC,45.43,STATIC,113.12,STATIC,167.15,STATIC,72.97,STATIC,164.94,STATIC
56.98166666666667,1367,104.35,STATIC,139.18,STATIC,85.70,STATIC,44.99,STATIC,112.82,STATIC,166.63,STATIC,72.05,STATIC,164.44,STATIC
57.02333333333334,1368,105.36,STATIC,137.69,STATIC,86.40,STATIC,45.58,STATIC,112.65,STATIC,165.68,STATIC,71.91,STATIC,164.32,STATIC
57.065000000000005,1369,103.79,STATIC,138.57,STATIC,85.91,STATIC,46.29,STATIC,112.04,STATIC,164.98,STATIC,71.16,STATIC,164.85,STATIC
57.10666666666667,1370,103.30,STATIC,138.00,STATIC,85.59,STATIC,46.42,STATIC,111.26,STATIC,164.54,STATIC,70.69,STATIC,165.58,STATIC
57.14833333333334,1371,105.48,STATIC,137.78,STATIC,85.56,STATIC,45.77,STATIC,110.76,STATIC,163.54,STATIC,71.46,STATIC,166.69,STATIC
57.190000000000005,1372,102.46,STATIC,140.76,STATIC,85.29,STATIC,45.31,STATIC,110.82,STATIC,165.01,STATIC,71.59,STATIC,167.28,STATIC
57.23166666666667,1373,101.18,STATIC,142.00,STATIC,85.16,STATIC,45.14,STATIC,110.74,STATIC,165.62,STATIC,70.46,STATIC,166.63,STATIC
57.27333333333334,1374,97.58,STATIC,146.54,STATIC,85.11,STATIC,43.99,STATIC,110.48,STATIC,165.63,STATIC,68.15,STATIC,164.61,STATIC
57.315000000000005,1375,85.58,FLEXION,150.49,STATIC,85.40,STATIC,41.39,STATIC,110.14,STATIC,164.37,STATIC,68.66,STATIC,163.69,STATIC
57.35666666666667,1376,65.26,FLEXION,151.91,STATIC,85.68,STATIC,41.08,STATIC,111.04,STATIC,168.30,STATIC,68.21,STATIC,163.24,STATIC
57.39833333333334,1377,67.16,STATIC,148.68,STATIC,85.75,STATIC,42.54,STATIC,111.37,STATIC,168.60,STATIC,70.76,STATIC,163.30,STATIC
57.440000000000005,1378,66.44,STATIC,149.62,STATIC,85.71,STATIC,44.51,STATIC,111.57,STATIC,166.56,STATIC,71.38,STATIC,162.83,STATIC
57.48166666666667,1379,58.41,FLEXION,149.78,STATIC,85.63,STATIC,43.05,STATIC,111.81,STATIC,168.36,STATIC,69.45,STATIC,161.23,STATIC
57.52333333333334,1380,54.96,STATIC,149.06,STATIC,85.46,STATIC,45.13,STATIC,112.17,STATIC,167.79,STATIC,71.48,STATIC,161.34,STATIC
57.565000000000005,1381,50.72,STATIC,149.02,STATIC,86.13,STATIC,45.62,STATIC,110.92,STATIC,166.03,STATIC,69.37,STATIC,159.81,STATIC
57.60666666666667,1382,51.77,STATIC,148.83,STATIC,86.36,STATIC,48.43,STATIC,110.23,STATIC,164.38,STATIC,69.09,STATIC,157.67,STATIC
57.64833333333334,1383,46.67,FLEXION,149.95,STATIC,86.25,STATIC,47.92,STATIC,109.55,STATIC,163.51,STATIC,66.50,STATIC,156.01,STATIC
57.690000000000005,1384,47.35,STATIC,151.34,STATIC,86.19,STATIC,52.40,STATIC,108.20,STATIC,161.32,STATIC,66.04,STATIC,153.76,STATIC
57.73166666666667,1385,39.80,FLEXION,155.73,STATIC,85.94,STATIC,52.01,STATIC,106.56,STATIC,158.75,STATIC,62.43,STATIC,148.47,FLEXION
57.77333333333334,1386,37.26,STATIC,157.36,STATIC,85.49,STATIC,54.04,STATIC,105.60,STATIC,155.91,STATIC,63.68,STATIC,144.44,STATIC
57.815000000000005,1387,37.69,STATIC,158.61,STATIC,85.21,STATIC,56.05,STATIC,105.36,STATIC,155.09,STATIC,66.01,STATIC,144.65,STATIC
57.85666666666667,1388,32.19,FLEXION,158.41,STATIC,85.21,STATIC,56.00,STATIC,104.64,STATIC,154.66,STATIC,64.87,STATIC,144.16,STATIC
57.89833333333334,1389,29.20,STATIC,160.99,STATIC,85.01,STATIC,56.28,STATIC,104.04,STATIC,154.57,STATIC,64.56,STATIC,143.39,STATIC
57.940000000000005,1390,25.07,STATIC,162.44,STATIC,84.91,STATIC,55.43,STATIC,103.54,STATIC,154.36,STATIC,63.65,STATIC,142.86,STATIC
57.98166666666667,1391,21.57,STATIC,162.37,STATIC,84.96,STATIC,54.58,STATIC,102.41,STATIC,153.08,STATIC,62.75,STATIC,140.74,STATIC
58.025000000000006,1392,21.38,STATIC,164.86,STATIC,84.75,STATIC,55.00,STATIC,102.16,STATIC,152.87,STATIC,63.17,STATIC,140.90,STATIC
58.06666666666667,1393,19.97,STATIC,164.38,STATIC,84.79,STATIC,54.73,STATIC,101.41,STATIC,151.96,STATIC,62.58,STATIC,139.01,STATIC
58.108333333333334,1394,14.64,FLEXION,168.27,STATIC,84.78,STATIC,52.18,STATIC,100.93,STATIC,150.94,STATIC,59.70,STATIC,135.07,STATIC
58.150000000000006,1395,11.93,STATIC,164.44,STATIC,85.12,STATIC,46.70,FLEXION,100.19,STATIC,149.23,STATIC,55.85,STATIC,132.85,STATIC
58.19166666666667,1396,9.57,STATIC,165.77,STATIC,85.10,STATIC,44.22,STATIC,100.21,STATIC,145.27,STATIC,52.26,STATIC,133.74,STATIC
58.233333333333334,1397,9.22,STATIC,166.43,STATIC,85.07,STATIC,43.89,STATIC,100.64,STATIC,150.56,EXTENSION,57.44,EXTENSION,138.02,STATIC
58.275000000000006,1398,8.34,STATIC,166.51,STATIC,85.73,STATIC,41.64,STATIC,100.18,STATIC,152.29,STATIC,51.86,FLEXION,139.81,STATIC
58.31666666666667,1399,8.10,STATIC,165.34,STATIC,85.63,STATIC,40.45,STATIC,100.45,STATIC,154.48,STATIC,46.96,STATIC,140.65,STATIC
58.358333333333334,1400,8.09,STATIC,164.07,STATIC,85.33,STATIC,40.20,STATIC,100.97,STATIC,155.08,STATIC,47.35,STATIC,141.63,STATIC
58.400000000000006,1401,8.60,STATIC,160.97,STATIC,85.25,STATIC,40.72,STATIC,101.16,STATIC,154.87,STATIC,47.18,STATIC,141.23,STATIC
58.44166666666667,1402,8.35,STATIC,156.17,STATIC,85.38,STATIC,40.25,STATIC,101.37,STATIC,153.74,STATIC,44.92,STATIC,139.54,STATIC
58.483333333333334,1403,9.41,STATIC,152.52,STATIC,84.93,STATIC,42.28,STATIC,101.99,STATIC,153.98,STATIC,44.54,STATIC,138.52,STATIC
58.525000000000006,1404,13.82,STATIC,145.66,FLEXION,84.78,STATIC,46.05,STATIC,102.30,STATIC,153.41,STATIC,44.13,STATIC,137.12,STATIC
58.56666666666667,1405,15.99,STATIC,145.62,STATIC,84.66,STATIC,49.10,STATIC,102.50,STATIC,152.37,STATIC,44.92,STATIC,136.98,STATIC
58.608333333333334,1406,16.84,STATIC,146.34,STATIC,84.67,STATIC,48.21,STATIC,102.61,STATIC,152.19,STATIC,43.91,STATIC,136.76,STATIC
58.650000000000006,1407,16.54,STATIC,142.43,STATIC,84.84,STATIC,45.77,STATIC,102.72,STATIC,152.61,STATIC,43.46,STATIC,137.07,STATIC
58.69166666666667,1408,15.82,STATIC,141.39,STATIC,84.94,STATIC,42.34,STATIC,102.85,STATIC,153.65,STATIC,43.48,STATIC,137.83,STATIC
58.733333333333334,1409,15.95,STATIC,140.28,STATIC,84.98,STATIC,40.12,STATIC,103.07,STATIC,155.11,STATIC,44.11,STATIC,139.93,STATIC
58.775000000000006,1410,16.22,STATIC,139.49,STATIC,85.05,STATIC,40.05,STATIC,103.32,STATIC,155.92,STATIC,43.89,STATIC,141.52,STATIC
58.81666666666667,1411,18.52,STATIC,140.04,STATIC,85.12,STATIC,40.72,STATIC,103.52,STATIC,156.02,STATIC,44.03,STATIC,142.84,STATIC
58.858333333333334,1412,21.55,STATIC,139.27,STATIC,85.17,STATIC,41.63,STATIC,103.67,STATIC,156.22,STATIC,44.02,STATIC,143.70,STATIC
58.900000000000006,1413,21.89,STATIC,138.70,STATIC,85.12,STATIC,42.74,STATIC,103.72,STATIC,157.12,STATIC,44.24,STATIC,144.55,STATIC
58.94166666666667,1414,19.30,STATIC,139.69,STATIC,85.05,STATIC,42.82,STATIC,103.71,STATIC,157.61,STATIC,43.86,STATIC,145.32,STATIC
58.983333333333334,1415,20.45,STATIC,140.90,STATIC,85.09,STATIC,42.71,STATIC,103.63,STATIC,158.20,STATIC,43.66,STATIC,145.94,STATIC
59.025000000000006,1416,21.48,STATIC,145.99,EXTENSION,85.32,STATIC,42.11,STATIC,103.54,STATIC,158.24,STATIC,43.41,STATIC,147.20,STATIC
59.06666666666667,1417,19.57,STATIC,151.65,EXTENSION,85.49,STATIC,40.37,STATIC,103.50,STATIC,159.63,STATIC,42.89,STATIC,148.28,STATIC
59.108333333333334,1418,19.12,STATIC,153.07,STATIC,85.64,STATIC,39.84,STATIC,103.25,STATIC,159.48,STATIC,42.61,STATIC,147.45,STATIC
59.150000000000006,1419,19.34,STATIC,153.65,STATIC,85.84,STATIC,40.16,STATIC,102.88,STATIC,158.43,STATIC,42.54,STATIC,145.99,STATIC
59.19166666666667,1420,19.20,STATIC,154.59,STATIC,85.91,STATIC,40.50,STATIC,102.74,STATIC,158.14,STATIC,42.98,STATIC,145.36,STATIC
59.233333333333334,1421,19.75,STATIC,154.55,STATIC,85.97,STATIC,41.00,STATIC,102.71,STATIC,158.26,STATIC,43.30,STATIC,144.97,STATIC
59.275000000000006,1422,18.87,STATIC,155.01,STATIC,86.06,STATIC,41.18,STATIC,102.73,STATIC,158.43,STATIC,44.01,STATIC,145.07,STATIC
59.31666666666667,1423,20.77,STATIC,154.81,STATIC,86.20,STATIC,41.43,STATIC,102.59,STATIC,158.39,STATIC,44.12,STATIC,144.72,STATIC
59.358333333333334,1424,23.53,STATIC,155.01,STATIC,86.40,STATIC,41.16,STATIC,102.24,STATIC,156.82,STATIC,43.03,STATIC,142.81,STATIC
59.400000000000006,1425,19.26,STATIC,154.24,STATIC,86.37,STATIC,40.94,STATIC,101.98,STATIC,155.97,STATIC,42.50,STATIC,141.81,STATIC
59.44166666666667,1426,24.04,STATIC,153.57,STATIC,86.55,STATIC,42.02,STATIC,101.69,STATIC,155.27,STATIC,41.75,STATIC,141.19,STATIC
59.483333333333334,1427,22.56,STATIC,152.15,STATIC,86.51,STATIC,44.17,STATIC,101.38,STATIC,154.14,STATIC,41.53,STATIC,140.78,STATIC
59.525000000000006,1428,21.47,STATIC,151.80,STATIC,86.45,STATIC,44.33,STATIC,101.03,STATIC,152.55,STATIC,41.05,STATIC,139.50,STATIC
59.56666666666667,1429,20.58,STATIC,153.66,STATIC,86.51,STATIC,46.64,STATIC,100.93,STATIC,151.71,STATIC,41.24,STATIC,139.52,STATIC
59.608333333333334,1430,17.89,STATIC,154.79,STATIC,86.22,STATIC,47.99,STATIC,100.78,STATIC,152.64,STATIC,41.43,STATIC,139.60,STATIC
59.650000000000006,1431,16.67,STATIC,152.87,STATIC,86.18,STATIC,46.50,STATIC,100.58,STATIC,152.93,STATIC,41.00,STATIC,139.37,STATIC
59.69166666666667,1432,15.09,STATIC,153.37,STATIC,86.12,STATIC,46.70,STATIC,100.36,STATIC,152.02,STATIC,40.62,STATIC,138.16,STATIC
59.733333333333334,1433,13.75,STATIC,153.34,STATIC,86.09,STATIC,47.46,STATIC,100.11,STATIC,150.59,STATIC,40.60,STATIC,137.00,STATIC
59.775000000000006,1434,13.85,STATIC,155.01,STATIC,86.05,STATIC,48.42,STATIC,99.85,STATIC,150.11,STATIC,41.11,STATIC,135.89,STATIC
59.81666666666667,1435,13.56,STATIC,152.72,STATIC,86.27,STATIC,48.39,STATIC,99.59,STATIC,149.01,STATIC,40.81,STATIC,134.75,STATIC
59.858333333333334,1436,13.03,STATIC,154.38,STATIC,86.53,STATIC,47.25,STATIC,99.32,STATIC,148.28,STATIC,40.87,STATIC,133.71,STATIC
59.900000000000006,1437,12.12,STATIC,156.77,STATIC,86.56,STATIC,46.73,STATIC,99.10,STATIC,147.75,STATIC,41.10,STATIC,133.09,STATIC
59.94166666666667,1438,10.85,STATIC,160.14,STATIC,86.52,STATIC,46.77,STATIC,98.95,STATIC,147.75,STATIC,41.05,STATIC,133.07,STATIC
59.983333333333334,1439,10.24,STATIC,161.84,STATIC,86.49,STATIC,46.91,STATIC,98.89,STATIC,147.87,STATIC,40.85,STATIC,133.06,STATIC
60.025000000000006,1440,10.26,STATIC,162.96,STATIC,86.38,STATIC,47.78,STATIC,98.77,STATIC,149.19,STATIC,41.31,STATIC,133.29,STATIC
60.06666666666667,1441,10.08,STATIC,163.73,STATIC,86.42,STATIC,47.67,STATIC,98.67,STATIC,148.95,STATIC,40.82,STATIC,133.04,STATIC
60.108333333333334,1442,9.93,STATIC,163.47,STATIC,86.45,STATIC,47.81,STATIC,98.58,STATIC,148.55,STATIC,40.50,STATIC,132.42,STATIC
60.150000000000006,1443,9.75,STATIC,163.81,STATIC,86.50,STATIC,47.82,STATIC,98.47,STATIC,148.30,STATIC,40.49,STATIC,131.99,STATIC
60.19166666666667,1444,9.53,STATIC,164.04,STATIC,86.51,STATIC,47.41,STATIC,98.39,STATIC,147.96,STATIC,40.52,STATIC,131.22,STATIC
60.233333333333334,1445,9.61,STATIC,163.65,STATIC,86.41,STATIC,47.38,STATIC,98.39,STATIC,148.50,STATIC,40.95,STATIC,131.31,STATIC
60.275000000000006,1446,9.51,STATIC,164.19,STATIC,86.39,STATIC,46.51,STATIC,98.37,STATIC,148.19,STATIC,40.88,STATIC,131.05,STATIC
60.31666666666667,1447,9.64,STATIC,164.32,STATIC,86.36,STATIC,46.20,STATIC,98.36,STATIC,148.05,STATIC,41.00,STATIC,130.92,STATIC
60.358333333333334,1448,9.75,STATIC,164.18,STATIC,86.35,STATIC,45.28,STATIC,98.37,STATIC,147.89,STATIC,41.00,STATIC,130.98,STATIC
60.400000000000006,1449,10.03,STATIC,164.60,STATIC,86.37,STATIC,45.22,STATIC,98.30,STATIC,147.99,STATIC,41.30,STATIC,131.26,STATIC
60.44166666666667,1450,10.66,STATIC,164.50,STATIC,86.41,STATIC,46.56,STATIC,98.26,STATIC,149.60,STATIC,42.49,STATIC,132.63,STATIC
60.483333333333334,1451,10.46,STATIC,164.37,STATIC,86.41,STATIC,46.90,STATIC,98.36,STATIC,150.10,STATIC,41.66,STATIC,133.51,STATIC
60.525000000000006,1452,10.48,STATIC,163.74,STATIC,86.33,STATIC,47.55,STATIC,98.46,STATIC,150.57,STATIC,41.30,STATIC,134.60,STATIC
60.56666666666667,1453,10.57,STATIC,163.41,STATIC,86.27,STATIC,47.87,STATIC,98.52,STATIC,151.13,STATIC,41.06,STATIC,135.46,STATIC
60.608333333333334,1454,10.59,STATIC,163.13,STATIC,86.24,STATIC,48.02,STATIC,98.57,STATIC,151.49,STATIC,40.95,STATIC,136.03,STATIC
60.650000000000006,1455,10.68,STATIC,163.18,STATIC,86.24,STATIC,47.86,STATIC,98.59,STATIC,151.78,STATIC,40.56,STATIC,136.48,STATIC
60.69166666666667,1456,10.66,STATIC,162.93,STATIC,86.26,STATIC,47.75,STATIC,98.57,STATIC,151.98,STATIC,40.33,STATIC,136.78,STATIC
60.733333333333334,1457,10.65,STATIC,162.08,STATIC,86.25,STATIC,47.56,STATIC,98.60,STATIC,152.19,STATIC,40.13,STATIC,137.17,STATIC
60.775000000000006,1458,10.35,STATIC,160.92,STATIC,86.24,STATIC,46.57,STATIC,98.64,STATIC,152.41,STATIC,39.79,STATIC,137.56,STATIC
60.81666666666667,1459,9.71,STATIC,160.30,STATIC,86.23,STATIC,45.31,STATIC,98.68,STATIC,152.89,STATIC,39.92,STATIC,138.11,STATIC
60.858333333333334,1460,9.26,STATIC,159.03,STATIC,86.24,STATIC,43.37,STATIC,98.69,STATIC,153.36,STATIC,39.67,STATIC,138.47,STATIC
60.900000000000006,1461,9.34,STATIC,158.60,STATIC,86.34,STATIC,43.04,STATIC,98.68,STATIC,153.44,STATIC,39.52,STATIC,138.79,STATIC
60.94166666666667,1462,9.30,STATIC,157.29,STATIC,86.41,STATIC,42.99,STATIC,98.68,STATIC,153.74,STATIC,39.36,STATIC,139.25,STATIC
60.983333333333334,1463,9.33,STATIC,156.51,STATIC,86.44,STATIC,43.17,STATIC,98.71,STATIC,154.05,STATIC,39.54,STATIC,139.72,STATIC
61.025000000000006,1464,9.40,STATIC,154.70,STATIC,86.49,STATIC,42.86,STATIC,98.71,STATIC,154.65,STATIC,40.28,STATIC,140.22,STATIC
61.06666666666667,1465,9.45,STATIC,153.83,STATIC,86.52,STATIC,42.40,STATIC,98.72,STATIC,154.92,STATIC,40.66,STATIC,140.40,STATIC
61.108333333333334,1466,9.24,STATIC,153.58,STATIC,86.53,STATIC,42.11,STATIC,98.75,STATIC,154.98,STATIC,40.90,STATIC,140.19,STATIC
61.150000000000006,1467,9.47,STATIC,152.11,STATIC,86.58,STATIC,41.82,STATIC,98.77,STATIC,155.14,STATIC,41.13,STATIC,139.91,STATIC
61.19166666666667,1468,9.43,STATIC,151.82,STATIC,86.56,STATIC,41.23,STATIC,98.82,STATIC,155.10,STATIC,41.08,STATIC,139.49,STATIC
61.233333333333334,1469,9.91,STATIC,152.13,STATIC,86.51,STATIC,41.24,STATIC,98.87,STATIC,154.95,STATIC,41.03,STATIC,139.03,STATIC
61.275000000000006,1470,10.16,STATIC,152.78,STATIC,86.47,STATIC,41.51,STATIC,98.94,STATIC,154.73,STATIC,40.74,STATIC,138.76,STATIC
61.31666666666667,1471,11.27,STATIC,152.38,STATIC,86.58,STATIC,41.83,STATIC,98.89,STATIC,154.24,STATIC,40.27,STATIC,138.40,STATIC
61.358333333333334,1472,11.59,STATIC,152.09,STATIC,86.61,STATIC,41.99,STATIC,98.89,STATIC,154.12,STATIC,40.02,STATIC,138.32,STATIC
61.400000000000006,1473,12.04,STATIC,152.33,STATIC,86.65,STATIC,42.07,STATIC,98.89,STATIC,153.85,STATIC,39.81,STATIC,138.35,STATIC
61.44166666666667,1474,12.51,STATIC,152.51,STATIC,86.67,STATIC,42.12,STATIC,98.90,STATIC,154.13,STATIC,39.78,STATIC,138.47,STATIC
61.483333333333334,1475,12.77,STATIC,153.07,STATIC,86.63,STATIC,41.89,STATIC,98.90,STATIC,154.54,STATIC,40.36,STATIC,138.88,STATIC
61.525000000000006,1476,12.97,STATIC,152.82,STATIC,86.62,STATIC,41.68,STATIC,98.94,STATIC,155.13,STATIC,40.55,STATIC,139.60,STATIC
61.56666666666667,1477,13.23,STATIC,152.49,STATIC,86.60,STATIC,41.44,STATIC,98.99,STATIC,155.66,STATIC,40.75,STATIC,140.28,STATIC
61.608333333333334,1478,13.39,STATIC,152.15,STATIC,86.60,STATIC,41.20,STATIC,99.02,STATIC,155.81,STATIC,40.46,STATIC,140.53,STATIC
61.650000000000006,1479,14.15,STATIC,152.25,STATIC,86.64,STATIC,42.18,STATIC,98.94,STATIC,156.21,STATIC,41.11,STATIC,141.15,STATIC
61.69166666666667,1480,14.33,STATIC,152.28,STATIC,86.68,STATIC,42.26,STATIC,98.98,STATIC,156.70,STATIC,41.46,STATIC,141.92,STATIC
61.733333333333334,1481,14.04,STATIC,153.38,STATIC,86.70,STATIC,42.58,STATIC,98.94,STATIC,156.68,STATIC,41.58,STATIC,141.88,STATIC
61.775000000000006,1482,13.97,STATIC,153.16,STATIC,86.71,STATIC,42.81,STATIC,98.94,STATIC,156.66,STATIC,41.83,STATIC,141.90,STATIC
61.81666666666667,1483,14.20,STATIC,152.82,STATIC,86.70,STATIC,43.05,STATIC,98.99,STATIC,156.93,STATIC,42.15,STATIC,142.17,STATIC
61.858333333333334,1484,14.58,STATIC,152.70,STATIC,86.69,STATIC,43.28,STATIC,99.05,STATIC,156.88,STATIC,42.37,STATIC,142.33,STATIC
61.900000000000006,1485,14.52,STATIC,152.94,STATIC,86.65,STATIC,43.56,STATIC,99.10,STATIC,156.68,STATIC,42.50,STATIC,142.16,STATIC
61.94166666666667,1486,14.53,STATIC,152.84,STATIC,86.63,STATIC,43.59,STATIC,99.14,STATIC,156.67,STATIC,42.74,STATIC,142.21,STATIC
61.98500000000001,1487,14.45,STATIC,152.70,STATIC,86.62,STATIC,43.75,STATIC,99.20,STATIC,156.53,STATIC,42.73,STATIC,142.07,STATIC
62.02666666666667,1488,15.01,STATIC,152.66,STATIC,86.66,STATIC,43.86,STATIC,99.26,STATIC,156.28,STATIC,42.53,STATIC,142.16,STATIC
62.068333333333335,1489,14.30,STATIC,152.41,STATIC,86.74,STATIC,43.99,STATIC,99.23,STATIC,155.43,STATIC,42.54,STATIC,141.56,STATIC
62.11000000000001,1490,14.10,STATIC,151.80,STATIC,86.73,STATIC,43.95,STATIC,99.23,STATIC,155.10,STATIC,42.64,STATIC,141.13,STATIC
62.15166666666667,1491,14.09,STATIC,151.67,STATIC,86.71,STATIC,43.93,STATIC,99.27,STATIC,154.91,STATIC,42.76,STATIC,140.78,STATIC
62.193333333333335,1492,14.23,STATIC,151.49,STATIC,86.78,STATIC,43.22,STATIC,99.31,STATIC,154.96,STATIC,42.72,STATIC,140.79,STATIC
62.23500000000001,1493,13.69,STATIC,152.43,STATIC,86.80,STATIC,42.33,STATIC,99.34,STATIC,155.06,STATIC,42.82,STATIC,141.14,STATIC
62.27666666666667,1494,13.31,STATIC,152.46,STATIC,86.79,STATIC,42.36,STATIC,99.35,STATIC,154.97,STATIC,42.80,STATIC,141.11,STATIC
62.318333333333335,1495,12.96,STATIC,152.33,STATIC,86.80,STATIC,42.50,STATIC,99.35,STATIC,154.83,STATIC,42.66,STATIC,140.94,STATIC
62.36000000000001,1496,12.71,STATIC,153.01,STATIC,86.83,STATIC,42.66,STATIC,99.35,STATIC,154.69,STATIC,42.39,STATIC,140.78,STATIC
62.40166666666667,1497,12.44,STATIC,153.29,STATIC,86.83,STATIC,42.68,STATIC,99.35,STATIC,154.86,STATIC,42.39,STATIC,140.87,STATIC
62.443333333333335,1498,12.26,STATIC,153.83,STATIC,86.86,STATIC,42.75,STATIC,99.38,STATIC,155.07,STATIC,42.29,STATIC,141.14,STATIC
62.48500000000001,1499,12.07,STATIC,154.35,STATIC,86.87,STATIC,43.42,STATIC,99.41,STATIC,155.37,STATIC,42.05,STATIC,141.50,STATIC
62.52666666666667,1500,11.69,STATIC,155.49,STATIC,86.85,STATIC,43.74,STATIC,99.42,STATIC,155.45,STATIC,41.67,STATIC,141.61,STATIC
62.568333333333335,1501,11.43,STATIC,158.00,STATIC,86.90,STATIC,44.64,STATIC,99.40,STATIC,155.57,STATIC,41.35,STATIC,141.84,STATIC
62.61000000000001,1502,11.21,STATIC,158.86,STATIC,86.89,STATIC,45.72,STATIC,99.41,STATIC,155.60,STATIC,40.91,STATIC,142.11,STATIC
62.65166666666667,1503,11.00,STATIC,159.22,STATIC,86.86,STATIC,45.80,STATIC,99.37,STATIC,155.51,STATIC,40.67,STATIC,142.26,STATIC
62.693333333333335,1504,10.81,STATIC,158.94,STATIC,86.88,STATIC,45.69,STATIC,99.30,STATIC,155.56,STATIC,40.58,STATIC,142.42,STATIC
62.73500000000001,1505,10.52,STATIC,160.18,STATIC,86.82,STATIC,45.44,STATIC,99.24,STATIC,155.26,STATIC,40.51,STATIC,142.33,STATIC
62.77666666666667,1506,10.29,STATIC,161.09,STATIC,86.75,STATIC,45.59,STATIC,99.16,STATIC,154.74,STATIC,40.42,STATIC,142.09,STATIC
62.818333333333335,1507,10.19,STATIC,160.58,STATIC,86.66,STATIC,46.18,STATIC,99.15,STATIC,154.25,STATIC,40.27,STATIC,141.91,STATIC
62.86000000000001,1508,10.26,STATIC,160.51,STATIC,86.64,STATIC,45.83,STATIC,99.09,STATIC,153.93,STATIC,40.65,STATIC,141.54,STATIC
62.90166666666667,1509,10.17,STATIC,160.42,STATIC,86.60,STATIC,45.60,STATIC,99.03,STATIC,153.39,STATIC,40.66,STATIC,140.99,STATIC
62.943333333333335,1510,10.14,STATIC,160.62,STATIC,86.56,STATIC,45.67,STATIC,98.95,STATIC,152.97,STATIC,40.96,STATIC,140.24,STATIC
62.98500000000001,1511,10.30,STATIC,161.21,STATIC,86.36,STATIC,46.69,STATIC,98.87,STATIC,153.36,STATIC,42.08,STATIC,139.75,STATIC
63.02666666666667,1512,9.90,STATIC,162.14,STATIC,86.19,STATIC,46.67,STATIC,98.86,STATIC,152.30,STATIC,41.51,STATIC,138.65,STATIC
63.068333333333335,1513,9.61,STATIC,162.45,STATIC,86.09,STATIC,46.46,STATIC,98.78,STATIC,151.45,STATIC,41.24,STATIC,137.66,STATIC
63.11000000000001,1514,9.59,STATIC,162.76,STATIC,85.99,STATIC,46.41,STATIC,98.74,STATIC,150.72,STATIC,40.85,STATIC,136.64,STATIC
63.15166666666667,1515,9.55,STATIC,162.84,STATIC,85.90,STATIC,46.24,STATIC,98.72,STATIC,150.30,STATIC,40.64,STATIC,135.76,STATIC
63.193333333333335,1516,9.49,STATIC,162.57,STATIC,85.91,STATIC,46.31,STATIC,98.65,STATIC,149.52,STATIC,40.56,STATIC,134.59,STATIC
63.23500000000001,1517,9.20,STATIC,163.86,STATIC,85.67,STATIC,45.95,STATIC,98.71,STATIC,149.03,STATIC,41.15,STATIC,133.38,STATIC
63.27666666666667,1518,9.21,STATIC,164.26,STATIC,85.50,STATIC,46.23,STATIC,98.65,STATIC,147.83,STATIC,41.08,STATIC,131.56,STATIC
63.318333333333335,1519,9.14,STATIC,164.03,STATIC,85.44,STATIC,46.23,STATIC,98.61,STATIC,146.66,STATIC,41.08,STATIC,129.84,STATIC
63.36000000000001,1520,9.18,STATIC,163.79,STATIC,85.35,STATIC,46.81,STATIC,98.64,STATIC,145.73,STATIC,41.08,STATIC,128.75,STATIC
63.40166666666667,1521,9.08,STATIC,163.45,STATIC,85.33,STATIC,47.11,STATIC,98.68,STATIC,144.54,STATIC,40.32,STATIC,127.76,STATIC
63.443333333333335,1522,8.53,STATIC,164.11,STATIC,85.23,STATIC,46.25,STATIC,98.75,STATIC,143.44,STATIC,40.10,STATIC,127.12,STATIC
63.48500000000001,1523,8.40,STATIC,164.22,STATIC,85.20,STATIC,46.65,STATIC,98.85,STATIC,143.30,STATIC,40.04,STATIC,127.15,STATIC
63.52666666666667,1524,8.48,STATIC,164.96,STATIC,85.22,STATIC,46.12,STATIC,98.92,STATIC,144.29,STATIC,40.16,STATIC,127.93,STATIC
63.568333333333335,1525,8.53,STATIC,165.47,STATIC,85.26,STATIC,47.34,STATIC,98.92,STATIC,145.05,STATIC,41.71,STATIC,129.39,STATIC
63.61000000000001,1526,8.27,STATIC,166.11,STATIC,85.34,STATIC,47.69,STATIC,98.83,STATIC,146.43,STATIC,44.43,STATIC,130.91,STATIC
63.65166666666667,1527,8.17,STATIC,166.11,STATIC,85.47,STATIC,47.69,STATIC,98.71,STATIC,147.68,STATIC,45.22,STATIC,132.54,STATIC
63.693333333333335,1528,7.22,STATIC,158.23,FLEXION,85.60,STATIC,47.03,STATIC,98.56,STATIC,149.81,STATIC,46.40,STATIC,133.57,STATIC
63.73500000000001,1529,7.26,STATIC,158.72,STATIC,85.76,STATIC,46.95,STATIC,98.32,STATIC,150.85,STATIC,45.78,STATIC,134.98,STATIC
63.77666666666667,1530,7.67,STATIC,159.38,STATIC,85.79,STATIC,47.15,STATIC,98.37,STATIC,152.22,STATIC,47.69,STATIC,137.14,STATIC
63.818333333333335,1531,8.28,STATIC,159.62,STATIC,85.79,STATIC,46.94,STATIC,98.49,STATIC,153.19,STATIC,48.41,STATIC,139.56,STATIC
63.86000000000001,1532,8.81,STATIC,160.06,STATIC,85.65,STATIC,47.17,STATIC,98.84,STATIC,152.86,STATIC,46.46,STATIC,141.62,STATIC
63.90166666666667,1533,9.72,STATIC,159.53,STATIC,85.49,STATIC,47.61,STATIC,99.42,STATIC,153.43,STATIC,46.70,STATIC,144.21,STATIC
63.943333333333335,1534,11.11,STATIC,160.52,STATIC,85.27,STATIC,50.34,STATIC,100.21,STATIC,152.49,STATIC,51.02,STATIC,146.74,STATIC
63.98500000000001,1535,11.64,STATIC,159.13,STATIC,85.11,STATIC,50.81,STATIC,100.82,STATIC,154.37,STATIC,51.37,STATIC,149.21,STATIC
64.02666666666667,1536,12.85,STATIC,156.94,STATIC,85.10,STATIC,50.56,STATIC,101.11,STATIC,153.70,STATIC,53.72,STATIC,150.35,STATIC
64.06833333333334,1537,14.32,STATIC,153.09,STATIC,85.02,STATIC,49.14,STATIC,101.32,STATIC,154.15,STATIC,53.42,STATIC,152.18,STATIC
64.11,1538,15.45,STATIC,148.72,STATIC,85.10,STATIC,47.88,STATIC,101.19,STATIC,154.87,STATIC,52.09,STATIC,152.55,STATIC
64.15166666666667,1539,16.73,STATIC,147.66,STATIC,85.12,STATIC,48.63,STATIC,101.02,STATIC,156.55,STATIC,53.81,STATIC,153.13,STATIC
64.19333333333334,1540,18.18,STATIC,146.73,STATIC,85.15,STATIC,49.41,STATIC,101.07,STATIC,156.68,STATIC,53.35,STATIC,153.51,STATIC
64.235,1541,19.52,STATIC,147.90,STATIC,85.16,STATIC,49.45,STATIC,100.99,STATIC,156.32,STATIC,52.49,STATIC,153.79,STATIC
64.27666666666667,1542,20.85,STATIC,149.70,STATIC,85.13,STATIC,49.38,STATIC,101.17,STATIC,156.53,STATIC,52.80,STATIC,154.49,STATIC
64.31833333333334,1543,21.72,STATIC,149.90,STATIC,85.17,STATIC,49.83,STATIC,101.38,STATIC,156.32,STATIC,53.90,STATIC,155.21,STATIC
64.36,1544,23.02,STATIC,147.36,STATIC,85.20,STATIC,46.84,STATIC,100.99,STATIC,156.22,STATIC,52.52,STATIC,155.04,STATIC
64.40166666666667,1545,24.35,STATIC,146.88,STATIC,85.14,STATIC,46.49,STATIC,101.16,STATIC,158.39,STATIC,51.44,STATIC,155.28,STATIC
64.44333333333334,1546,25.85,STATIC,148.41,STATIC,85.13,STATIC,45.99,STATIC,101.96,STATIC,160.52,STATIC,52.13,STATIC,156.20,STATIC
64.485,1547,21.27,STATIC,158.55,EXTENSION,85.24,STATIC,46.49,STATIC,102.33,STATIC,158.73,STATIC,50.88,STATIC,156.28,STATIC
64.52666666666667,1548,19.30,STATIC,166.32,EXTENSION,85.24,STATIC,47.18,STATIC,102.94,STATIC,158.19,STATIC,52.90,STATIC,156.96,STATIC
64.56833333333334,1549,18.19,STATIC,167.44,STATIC,85.18,STATIC,47.55,STATIC,103.69,STATIC,159.03,STATIC,56.27,STATIC,157.98,STATIC
64.61,1550,17.11,STATIC,168.32,STATIC,85.17,STATIC,48.23,STATIC,104.21,STATIC,161.93,STATIC,59.68,STATIC,159.40,STATIC
64.65166666666667,1551,15.62,STATIC,168.76,STATIC,84.92,STATIC,48.06,STATIC,105.66,STATIC,166.21,STATIC,64.19,STATIC,161.94,STATIC
64.69333333333334,1552,14.73,STATIC,167.94,STATIC,84.81,STATIC,49.07,STATIC,107.00,STATIC,166.04,STATIC,68.79,STATIC,162.99,STATIC
64.735,1553,14.06,STATIC,164.92,STATIC,84.81,STATIC,49.46,STATIC,107.56,STATIC,167.28,STATIC,70.58,STATIC,163.85,STATIC
64.77666666666667,1554,13.70,STATIC,164.92,STATIC,84.78,STATIC,49.26,STATIC,108.05,STATIC,167.38,STATIC,73.37,STATIC,164.19,STATIC
64.81833333333334,1555,13.64,STATIC,164.85,STATIC,84.73,STATIC,49.74,STATIC,108.95,STATIC,167.74,STATIC,76.45,STATIC,164.86,STATIC
64.86,1556,13.63,STATIC,163.53,STATIC,84.67,STATIC,49.70,STATIC,109.68,STATIC,167.26,STATIC,78.37,STATIC,164.60,STATIC
64.90166666666667,1557,14.29,STATIC,162.37,STATIC,84.69,STATIC,48.54,STATIC,109.88,STATIC,165.16,STATIC,77.02,STATIC,163.63,STATIC
64.94333333333334,1558,15.01,STATIC,159.58,STATIC,84.73,STATIC,47.70,STATIC,110.50,STATIC,163.68,STATIC,79.13,STATIC,163.38,STATIC
64.985,1559,15.36,STATIC,161.37,STATIC,84.77,STATIC,46.18,STATIC,110.59,STATIC,159.77,STATIC,76.64,STATIC,162.32,STATIC
65.02666666666667,1560,17.38,STATIC,161.47,STATIC,84.74,STATIC,46.51,STATIC,110.93,STATIC,158.87,STATIC,76.00,STATIC,160.88,STATIC
65.06833333333334,1561,20.12,STATIC,160.59,STATIC,84.68,STATIC,47.92,STATIC,110.62,STATIC,154.26,STATIC,72.45,STATIC,159.00,STATIC
65.11,1562,21.62,STATIC,158.10,STATIC,84.60,STATIC,49.20,STATIC,111.10,STATIC,154.32,STATIC,72.58,STATIC,160.62,STATIC
65.15166666666667,1563,21.99,STATIC,156.58,STATIC,84.63,STATIC,49.50,STATIC,110.99,STATIC,155.12,STATIC,70.31,STATIC,159.98,STATIC
65.19333333333334,1564,22.87,STATIC,156.44,STATIC,84.65,STATIC,49.89,STATIC,111.02,STATIC,152.78,STATIC,68.97,STATIC,157.63,STATIC
65.235,1565,24.32,STATIC,155.08,STATIC,84.64,STATIC,50.30,STATIC,111.13,STATIC,151.49,STATIC,67.17,STATIC,156.55,STATIC
65.27666666666667,1566,24.91,STATIC,155.54,STATIC,84.64,STATIC,49.55,STATIC,111.23,STATIC,150.29,STATIC,67.29,STATIC,156.18,STATIC
65.31833333333334,1567,26.11,STATIC,155.17,STATIC,84.61,STATIC,49.41,STATIC,111.11,STATIC,151.22,STATIC,66.02,STATIC,155.75,STATIC
65.36,1568,27.74,STATIC,155.47,STATIC,84.48,STATIC,49.16,STATIC,110.82,STATIC,151.28,STATIC,64.53,STATIC,154.25,STATIC
65.40166666666667,1569,29.14,STATIC,156.34,STATIC,84.41,STATIC,48.61,STATIC,110.97,STATIC,151.43,STATIC,64.70,STATIC,153.39,STATIC
65.44333333333334,1570,27.20,STATIC,160.96,STATIC,84.33,STATIC,48.91,STATIC,111.19,STATIC,149.38,STATIC,64.83,STATIC,153.07,STATIC
65.485,1571,26.20,STATIC,160.62,STATIC,84.33,STATIC,48.93,STATIC,111.38,STATIC,148.61,STATIC,64.80,STATIC,152.55,STATIC
65.52666666666667,1572,27.97,STATIC,160.24,STATIC,84.57,STATIC,49.04,STATIC,111.75,STATIC,148.74,STATIC,65.45,STATIC,152.62,STATIC
65.56833333333334,1573,28.78,STATIC,159.73,STATIC,84.69,STATIC,49.01,STATIC,112.13,STATIC,150.02,STATIC,66.10,STATIC,152.14,STATIC
65.61,1574,29.69,STATIC,159.46,STATIC,84.71,STATIC,49.15,STATIC,112.50,STATIC,149.98,STATIC,66.80,STATIC,152.29,STATIC
65.65166666666667,1575,29.95,STATIC,160.12,STATIC,84.73,STATIC,49.76,STATIC,113.21,STATIC,149.22,STATIC,68.39,STATIC,152.90,STATIC
65.69333333333334,1576,30.05,STATIC,159.83,STATIC,84.71,STATIC,50.34,STATIC,113.78,STATIC,148.84,STATIC,69.59,STATIC,152.82,STATIC
65.735,1577,29.82,STATIC,159.51,STATIC,84.72,STATIC,50.48,STATIC,114.37,STATIC,149.41,STATIC,70.90,STATIC,153.16,STATIC
65.77666666666667,1578,29.11,STATIC,159.45,STATIC,84.66,STATIC,50.34,STATIC,114.86,STATIC,151.65,STATIC,72.07,STATIC,153.98,STATIC
65.81833333333334,1579,26.81,STATIC,159.43,STATIC,84.60,STATIC,50.30,STATIC,115.12,STATIC,150.80,STATIC,72.64,STATIC,154.04,STATIC
65.86,1580,24.42,STATIC,160.23,STATIC,84.56,STATIC,50.31,STATIC,115.83,STATIC,150.99,STATIC,74.51,STATIC,154.74,STATIC
65.90166666666667,1581,22.35,STATIC,162.07,STATIC,84.53,STATIC,50.37,STATIC,116.38,STATIC,149.56,STATIC,75.75,STATIC,155.31,STATIC
65.94333333333334,1582,21.74,STATIC,163.19,STATIC,84.52,STATIC,49.47,STATIC,116.77,STATIC,149.97,STATIC,76.80,STATIC,155.58,STATIC
65.98666666666666,1583,21.19,STATIC,163.33,STATIC,84.51,STATIC,49.55,STATIC,117.23,STATIC,150.08,STATIC,78.17,STATIC,155.67,STATIC
66.02833333333334,1584,20.86,STATIC,163.72,STATIC,84.51,STATIC,49.75,STATIC,117.54,STATIC,149.12,STATIC,78.79,STATIC,155.55,STATIC
66.07000000000002,1585,21.04,STATIC,163.14,STATIC,84.53,STATIC,50.52,STATIC,118.51,STATIC,148.82,STATIC,81.45,STATIC,156.08,STATIC
66.11166666666666,1586,21.31,STATIC,162.50,STATIC,84.56,STATIC,50.04,STATIC,118.69,STATIC,147.89,STATIC,81.11,STATIC,155.80,STATIC
66.15333333333334,1587,21.29,STATIC,163.18,STATIC,84.56,STATIC,49.13,STATIC,119.15,STATIC,150.06,STATIC,82.35,STATIC,155.84,STATIC
66.19500000000002,1588,20.74,STATIC,163.41,STATIC,84.57,STATIC,48.95,STATIC,119.63,STATIC,150.47,STATIC,83.34,STATIC,156.23,STATIC
66.23666666666666,1589,20.14,STATIC,163.02,STATIC,84.57,STATIC,49.32,STATIC,120.07,STATIC,149.48,STATIC,84.11,STATIC,156.61,STATIC
66.27833333333334,1590,20.83,STATIC,162.91,STATIC,84.64,STATIC,49.47,STATIC,120.54,STATIC,148.73,STATIC,84.90,STATIC,156.54,STATIC
66.32000000000002,1591,21.40,STATIC,161.29,STATIC,84.63,STATIC,51.10,STATIC,121.20,STATIC,148.09,STATIC,86.00,STATIC,155.61,STATIC
66.36166666666666,1592,21.47,STATIC,161.88,STATIC,84.57,STATIC,51.16,STATIC,121.91,STATIC,148.77,STATIC,87.48,STATIC,155.92,STATIC
66.40333333333334,1593,20.73,STATIC,162.52,STATIC,84.53,STATIC,50.77,STATIC,122.97,STATIC,150.63,STATIC,89.76,STATIC,157.13,STATIC
66.44500000000002,1594,19.57,STATIC,163.19,STATIC,84.45,STATIC,50.79,STATIC,123.62,STATIC,150.66,STATIC,91.04,STATIC,157.66,STATIC
66.48666666666666,1595,18.42,STATIC,164.23,STATIC,84.28,STATIC,51.70,STATIC,124.65,STATIC,151.44,STATIC,93.00,STATIC,158.02,STATIC
66.52833333333334,1596,17.38,STATIC,164.90,STATIC,84.12,STATIC,52.84,STATIC,125.51,STATIC,151.81,STATIC,94.92,STATIC,158.42,STATIC
66.57000000000002,1597,16.35,STATIC,165.22,STATIC,84.10,STATIC,52.79,STATIC,126.19,STATIC,151.61,STATIC,96.15,STATIC,159.01,STATIC
66.61166666666666,1598,15.65,STATIC,166.24,STATIC,84.02,STATIC,53.72,STATIC,126.76,STATIC,151.13,STATIC,97.20,STATIC,159.44,STATIC
66.65333333333334,1599,15.15,STATIC,164.91,STATIC,84.01,STATIC,53.24,STATIC,127.65,STATIC,151.48,STATIC,98.86,STATIC,159.27,STATIC
66.69500000000002,1600,14.71,STATIC,164.59,STATIC,83.99,STATIC,52.65,STATIC,129.25,STATIC,151.32,STATIC,102.01,STATIC,159.89,STATIC
66.73666666666666,1601,14.34,STATIC,164.17,STATIC,84.01,STATIC,52.44,STATIC,131.20,STATIC,152.71,STATIC,106.12,STATIC,160.61,STATIC
66.77833333333334,1602,14.03,STATIC,164.15,STATIC,84.00,STATIC,51.89,STATIC,132.37,STATIC,152.77,STATIC,107.97,STATIC,161.18,STATIC
66.82000000000002,1603,13.77,STATIC,164.31,STATIC,83.92,STATIC,51.73,STATIC,133.34,STATIC,152.50,STATIC,109.16,STATIC,161.42,STATIC
66.86166666666666,1604,13.43,STATIC,162.91,STATIC,83.95,STATIC,50.90,STATIC,134.11,STATIC,152.80,STATIC,110.36,STATIC,161.54,STATIC
66.90333333333334,1605,13.13,STATIC,161.99,STATIC,84.06,STATIC,50.17,STATIC,134.77,STATIC,151.06,STATIC,111.48,STATIC,161.44,STATIC
66.94500000000002,1606,12.98,STATIC,162.22,STATIC,84.01,STATIC,49.92,STATIC,135.73,STATIC,153.47,STATIC,113.25,STATIC,161.70,STATIC
66.98666666666666,1607,12.83,STATIC,162.27,STATIC,83.97,STATIC,50.00,STATIC,136.72,STATIC,156.00,STATIC,115.27,STATIC,162.64,STATIC
67.02833333333334,1608,12.63,STATIC,161.83,STATIC,84.07,STATIC,50.12,STATIC,137.13,STATIC,155.75,STATIC,116.05,STATIC,163.05,STATIC
67.07000000000002,1609,12.44,STATIC,162.75,STATIC,84.06,STATIC,49.72,STATIC,137.86,STATIC,155.93,STATIC,117.31,STATIC,163.19,STATIC
67.11166666666666,1610,12.31,STATIC,164.21,STATIC,84.06,STATIC,49.84,STATIC,138.62,STATIC,156.46,STATIC,119.14,STATIC,164.22,STATIC
67.15333333333334,1611,12.27,STATIC,163.73,STATIC,84.00,STATIC,51.65,STATIC,138.24,STATIC,155.61,STATIC,119.08,STATIC,164.71,STATIC
67.19500000000002,1612,12.21,STATIC,163.90,STATIC,83.92,STATIC,53.00,STATIC,138.37,STATIC,151.29,STATIC,119.25,STATIC,163.81,STATIC
67.23666666666666,1613,12.01,STATIC,163.98,STATIC,84.02,STATIC,53.42,STATIC,138.01,STATIC,141.78,FLEXION,118.34,STATIC,161.42,STATIC
67.27833333333334,1614,11.97,STATIC,163.20,STATIC,84.06,STATIC,54.04,STATIC,137.24,STATIC,144.56,STATIC,116.79,STATIC,160.72,STATIC
67.32000000000002,1615,11.94,STATIC,163.40,STATIC,84.08,STATIC,54.24,STATIC,138.59,STATIC,146.77,STATIC,119.03,STATIC,159.12,STATIC
67.36166666666666,1616,11.84,STATIC,163.80,STATIC,84.17,STATIC,55.29,STATIC,139.73,STATIC,152.78,EXTENSION,122.40,STATIC,162.19,STATIC
67.40333333333334,1617,11.81,STATIC,163.62,STATIC,84.35,STATIC,54.80,STATIC,139.87,STATIC,151.30,STATIC,122.93,STATIC,163.16,STATIC
67.44500000000002,1618,11.99,STATIC,162.96,STATIC,84.45,STATIC,54.88,STATIC,139.59,STATIC,150.09,STATIC,123.30,STATIC,163.49,STATIC
67.48666666666666,1619,12.08,STATIC,159.61,STATIC,84.64,STATIC,53.05,STATIC,138.46,STATIC,152.53,STATIC,121.67,STATIC,164.03,STATIC
67.52833333333334,1620,12.27,STATIC,160.33,STATIC,84.51,STATIC,52.82,STATIC,137.75,STATIC,166.15,EXTENSION,121.08,STATIC,168.00,STATIC
67.57000000000002,1621,12.40,STATIC,157.22,STATIC,84.73,STATIC,51.58,STATIC,135.41,STATIC,165.50,STATIC,116.77,STATIC,167.98,STATIC
67.61166666666666,1622,12.62,STATIC,155.68,STATIC,84.65,STATIC,50.26,STATIC,134.10,STATIC,164.27,STATIC,112.86,STATIC,167.37,STATIC
67.65333333333334,1623,13.03,STATIC,154.35,STATIC,84.69,STATIC,50.62,STATIC,132.73,STATIC,165.48,STATIC,110.40,STATIC,167.39,STATIC
67.69500000000002,1624,14.06,STATIC,151.25,STATIC,84.56,STATIC,50.20,STATIC,130.55,STATIC,167.19,STATIC,106.51,STATIC,167.32,STATIC
67.73666666666666,1625,17.74,STATIC,148.43,STATIC,84.36,STATIC,49.89,STATIC,128.61,STATIC,168.62,STATIC,103.02,STATIC,167.18,STATIC
67.77833333333334,1626,19.58,STATIC,145.11,STATIC,84.38,STATIC,48.67,STATIC,125.96,STATIC,168.38,STATIC,96.29,FLEXION,167.02,STATIC
67.82000000000002,1627,20.70,STATIC,143.37,STATIC,84.45,STATIC,48.84,STATIC,122.91,STATIC,169.18,STATIC,90.36,FLEXION,167.21,STATIC
67.86166666666666,1628,21.88,STATIC,138.21,FLEXION,84.47,STATIC,48.81,STATIC,119.83,STATIC,169.52,STATIC,84.54,FLEXION,166.52,STATIC
67.90333333333334,1629,23.00,STATIC,127.69,FLEXION,84.46,STATIC,46.01,STATIC,117.00,STATIC,169.76,STATIC,79.62,STATIC,164.64,STATIC
67.94500000000002,1630,24.88,STATIC,122.92,STATIC,84.52,STATIC,43.22,STATIC,114.52,STATIC,169.51,STATIC,73.41,FLEXION,162.96,STATIC
67.98666666666666,1631,23.88,STATIC,117.44,FLEXION,84.69,STATIC,36.26,FLEXION,111.78,STATIC,167.45,STATIC,64.74,FLEXION,159.79,STATIC
68.02833333333334,1632,26.36,STATIC,107.42,FLEXION,84.78,STATIC,36.29,STATIC,109.11,STATIC,166.80,STATIC,59.94,STATIC,157.00,STATIC
68.07000000000002,1633,27.05,STATIC,100.46,FLEXION,84.80,STATIC,34.74,STATIC,107.79,STATIC,164.94,STATIC,56.69,STATIC,154.05,STATIC
68.11166666666666,1634,26.00,STATIC,95.02,FLEXION,84.90,STATIC,30.74,STATIC,106.33,STATIC,164.06,STATIC,52.04,STATIC,150.47,STATIC
68.15333333333334,1635,31.94,EXTENSION,86.15,FLEXION,85.04,STATIC,30.47,STATIC,105.16,STATIC,161.00,STATIC,47.69,STATIC,145.98,STATIC
68.19500000000002,1636,37.25,EXTENSION,76.82,FLEXION,85.31,STATIC,34.73,STATIC,103.46,STATIC,159.73,STATIC,41.36,FLEXION,140.76,FLEXION
68.23666666666666,1637,38.71,STATIC,69.51,FLEXION,85.74,STATIC,40.49,EXTENSION,102.53,STATIC,160.08,STATIC,37.55,STATIC,139.07,STATIC
68.27833333333334,1638,36.11,STATIC,68.96,STATIC,86.02,STATIC,43.81,STATIC,101.62,STATIC,156.92,STATIC,34.85,STATIC,138.46,STATIC
68.32000000000002,1639,32.23,STATIC,70.29,STATIC,86.40,STATIC,43.09,STATIC,100.68,STATIC,153.67,STATIC,35.46,STATIC,140.72,STATIC
68.36166666666666,1640,34.76,STATIC,74.36,STATIC,86.48,STATIC,40.42,STATIC,100.36,STATIC,148.36,FLEXION,33.94,STATIC,145.56,STATIC
68.40333333333334,1641,37.88,STATIC,77.29,STATIC,86.74,STATIC,45.16,STATIC,100.70,STATIC,153.78,EXTENSION,33.17,STATIC,150.87,EXTENSION
68.44500000000002,1642,39.14,STATIC,79.39,STATIC,87.05,STATIC,50.05,STATIC,100.58,STATIC,154.81,STATIC,30.58,STATIC,149.68,STATIC
68.48666666666666,1643,38.80,STATIC,87.64,EXTENSION,87.28,STATIC,52.42,STATIC,100.32,STATIC,153.53,STATIC,30.81,STATIC,147.26,STATIC
68.52833333333334,1644,37.46,STATIC,101.41,EXTENSION,86.93,STATIC,52.54,STATIC,100.19,STATIC,153.07,STATIC,31.36,STATIC,146.16,STATIC
68.57000000000002,1645,40.65,STATIC,119.90,EXTENSION,86.80,STATIC,48.40,STATIC,100.01,STATIC,151.24,STATIC,30.79,STATIC,142.05,STATIC
68.61166666666666,1646,56.10,EXTENSION,118.30,STATIC,85.71,STATIC,56.07,EXTENSION,100.24,STATIC,150.84,STATIC,29.94,STATIC,139.08,STATIC
68.65333333333334,1647,61.56,EXTENSION,103.87,FLEXION,85.68,STATIC,75.31,EXTENSION,99.97,STATIC,151.10,STATIC,30.46,STATIC,137.26,STATIC
68.69500000000002,1648,63.00,STATIC,103.10,STATIC,85.79,STATIC,73.56,STATIC,99.78,STATIC,151.17,STATIC,30.86,STATIC,134.37,STATIC
68.73666666666666,1649,74.28,EXTENSION,112.17,EXTENSION,85.76,STATIC,67.51,FLEXION,99.78,STATIC,149.47,STATIC,31.27,STATIC,130.25,STATIC
68.77833333333334,1650,84.34,EXTENSION,117.39,EXTENSION,85.56,STATIC,69.50,STATIC,99.99,STATIC,148.47,STATIC,32.03,STATIC,127.55,STATIC
68.82000000000002,1651,93.17,EXTENSION,114.86,STATIC,85.55,STATIC,73.63,STATIC,99.85,STATIC,146.82,STATIC,32.82,STATIC,124.21,STATIC
68.86166666666666,1652,99.70,EXTENSION,120.92,EXTENSION,85.62,STATIC,68.25,FLEXION,99.64,STATIC,144.43,STATIC,33.06,STATIC,120.31,STATIC
68.90333333333334,1653,106.27,EXTENSION,125.53,STATIC,85.79,STATIC,67.98,STATIC,99.45,STATIC,141.66,STATIC,32.71,STATIC,115.82,STATIC
68.94500000000002,1654,113.23,EXTENSION,140.92,EXTENSION,85.75,STATIC,67.28,STATIC,99.34,STATIC,139.21,STATIC,32.15,STATIC,112.03,STATIC
68.98666666666666,1655,120.62,EXTENSION,129.28,FLEXION,85.82,STATIC,68.71,STATIC,99.18,STATIC,138.47,STATIC,33.07,STATIC,110.02,STATIC
69.02833333333334,1656,126.39,EXTENSION,119.60,FLEXION,85.66,STATIC,68.60,STATIC,99.24,STATIC,137.06,STATIC,35.01,STATIC,107.54,STATIC
69.07000000000002,1657,127.26,STATIC,127.62,EXTENSION,85.59,STATIC,65.08,STATIC,99.13,STATIC,135.51,STATIC,36.41,STATIC,105.60,STATIC
69.11166666666666,1658,133.30,EXTENSION,135.51,EXTENSION,85.63,STATIC,64.87,STATIC,98.97,STATIC,133.80,STATIC,35.79,STATIC,103.65,STATIC
69.15333333333334,1659,142.10,EXTENSION,126.22,FLEXION,85.56,STATIC,64.12,STATIC,98.98,STATIC,132.62,STATIC,36.67,STATIC,101.63,STATIC
69.19500000000002,1660,147.27,EXTENSION,102.12,FLEXION,85.54,STATIC,71.78,EXTENSION,98.93,STATIC,131.94,STATIC,38.84,STATIC,100.32,STATIC
69.23666666666666,1661,150.45,STATIC,95.47,FLEXION,85.46,STATIC,80.43,EXTENSION,98.98,STATIC,131.69,STATIC,40.32,STATIC,99.85,STATIC
69.27833333333334,1662,151.80,STATIC,95.73,STATIC,85.37,STATIC,82.74,STATIC,99.06,STATIC,131.58,STATIC,41.69,STATIC,99.49,STATIC
69.32000000000002,1663,152.36,STATIC,96.54,STATIC,85.32,STATIC,73.83,FLEXION,98.99,STATIC,130.62,STATIC,41.68,STATIC,97.92,STATIC
69.36166666666666,1664,153.96,STATIC,113.12,EXTENSION,85.23,STATIC,61.45,FLEXION,98.94,STATIC,129.25,STATIC,42.00,STATIC,95.99,STATIC
69.40333333333334,1665,156.64,STATIC,124.87,EXTENSION,85.14,STATIC,56.79,STATIC,98.91,STATIC,128.48,STATIC,41.49,STATIC,95.43,STATIC
69.44500000000002,1666,158.34,STATIC,116.47,FLEXION,85.08,STATIC,55.83,STATIC,98.79,STATIC,127.36,STATIC,42.36,STATIC,93.66,STATIC
69.48666666666666,1667,160.29,STATIC,118.40,STATIC,85.07,STATIC,52.93,STATIC,98.75,STATIC,127.20,STATIC,42.28,STATIC,93.85,STATIC
69.52833333333334,1668,157.60,STATIC,116.08,STATIC,85.02,STATIC,49.78,STATIC,98.78,STATIC,127.16,STATIC,42.62,STATIC,94.30,STATIC
69.57000000000002,1669,156.42,STATIC,116.67,STATIC,85.00,STATIC,44.73,FLEXION,98.84,STATIC,127.40,STATIC,42.19,STATIC,95.58,STATIC
69.61166666666666,1670,156.80,STATIC,115.04,STATIC,85.12,STATIC,43.21,STATIC,98.85,STATIC,128.22,STATIC,42.18,STATIC,97.30,STATIC
69.65333333333334,1671,158.23,STATIC,103.57,FLEXION,85.25,STATIC,43.33,STATIC,98.91,STATIC,129.05,STATIC,42.01,STATIC,99.55,STATIC
69.69500000000002,1672,157.80,STATIC,105.30,STATIC,85.30,STATIC,41.03,STATIC,99.02,STATIC,130.35,STATIC,42.08,STATIC,102.47,STATIC
69.73666666666666,1673,157.96,STATIC,111.41,EXTENSION,85.36,STATIC,40.23,STATIC,99.21,STATIC,131.96,STATIC,41.49,STATIC,105.79,STATIC
69.77833333333334,1674,157.49,STATIC,111.11,STATIC,85.47,STATIC,39.94,STATIC,99.40,STATIC,133.67,STATIC,41.29,STATIC,109.27,STATIC
69.82000000000002,1675,157.88,STATIC,112.58,STATIC,85.63,STATIC,40.71,STATIC,99.51,STATIC,135.39,STATIC,41.14,STATIC,112.73,STATIC
69.86166666666666,1676,157.74,STATIC,112.14,STATIC,85.68,STATIC,40.51,STATIC,99.69,STATIC,137.28,STATIC,41.15,STATIC,115.87,STATIC
69.90333333333334,1677,157.26,STATIC,123.33,EXTENSION,85.68,STATIC,43.69,STATIC,99.93,STATIC,138.22,STATIC,40.52,STATIC,118.76,STATIC
69.94500000000002,1678,157.13,STATIC,121.79,STATIC,85.86,STATIC,43.34,STATIC,99.81,STATIC,139.58,STATIC,39.78,STATIC,120.60,STATIC
69.98833333333334,1679,155.91,STATIC,122.47,STATIC,85.89,STATIC,43.01,STATIC,99.77,STATIC,139.84,STATIC,39.48,STATIC,120.92,STATIC
70.03,1680,154.72,STATIC,117.78,STATIC,85.78,STATIC,41.69,STATIC,99.78,STATIC,140.60,STATIC,39.27,STATIC,122.39,STATIC
70.07166666666667,1681,152.77,STATIC,117.08,STATIC,85.77,STATIC,40.70,STATIC,99.85,STATIC,142.10,STATIC,39.79,STATIC,124.58,STATIC
70.11333333333334,1682,157.03,STATIC,113.33,STATIC,85.70,STATIC,40.54,STATIC,99.89,STATIC,141.86,STATIC,37.79,STATIC,125.63,STATIC
70.155,1683,150.64,FLEXION,112.81,STATIC,85.49,STATIC,40.05,STATIC,99.66,STATIC,141.16,STATIC,36.77,STATIC,124.97,STATIC
70.19666666666667,1684,147.68,STATIC,108.51,STATIC,86.41,STATIC,37.09,STATIC,99.26,STATIC,142.25,STATIC,36.28,STATIC,125.74,STATIC
70.23833333333334,1685,148.76,STATIC,100.61,FLEXION,86.21,STATIC,37.08,STATIC,99.38,STATIC,143.28,STATIC,35.78,STATIC,126.63,STATIC
70.28,1686,144.58,STATIC,100.40,STATIC,85.85,STATIC,29.58,FLEXION,99.29,STATIC,144.29,STATIC,34.77,STATIC,127.91,STATIC
70.32166666666667,1687,139.79,STATIC,100.42,STATIC,85.67,STATIC,25.39,STATIC,99.24,STATIC,145.83,STATIC,34.76,STATIC,129.10,STATIC
70.36333333333334,1688,138.09,STATIC,100.28,STATIC,85.42,STATIC,24.63,STATIC,99.30,STATIC,146.98,STATIC,34.39,STATIC,129.73,STATIC
70.405,1689,134.18,STATIC,101.47,STATIC,85.32,STATIC,26.24,STATIC,99.33,STATIC,147.52,STATIC,34.43,STATIC,129.72,STATIC
70.44666666666667,1690,122.34,FLEXION,104.95,STATIC,85.52,STATIC,40.08,EXTENSION,98.93,STATIC,147.43,STATIC,36.04,STATIC,130.00,STATIC
70.48833333333334,1691,118.49,STATIC,109.70,STATIC,85.16,STATIC,39.64,STATIC,98.53,STATIC,148.40,STATIC,37.75,STATIC,131.72,STATIC
70.53,1692,115.33,STATIC,116.89,EXTENSION,84.86,STATIC,40.21,STATIC,99.04,STATIC,149.16,STATIC,38.80,STATIC,133.98,STATIC
70.57166666666667,1693,111.89,STATIC,123.27,EXTENSION,84.74,STATIC,38.40,STATIC,99.14,STATIC,149.12,STATIC,38.56,STATIC,135.73,STATIC
70.61333333333334,1694,109.89,STATIC,131.64,EXTENSION,84.58,STATIC,46.72,EXTENSION,99.52,STATIC,145.78,STATIC,40.96,STATIC,138.20,STATIC
70.655,1695,106.00,STATIC,136.83,EXTENSION,84.59,STATIC,48.42,STATIC,100.28,STATIC,145.66,STATIC,41.03,STATIC,140.70,STATIC
70.69666666666667,1696,90.63,FLEXION,145.01,EXTENSION,84.62,STATIC,51.12,STATIC,100.83,STATIC,147.44,STATIC,44.37,STATIC,143.42,STATIC
70.73833333333334,1697,72.09,FLEXION,148.68,STATIC,84.51,STATIC,51.17,STATIC,101.33,STATIC,146.60,STATIC,45.14,STATIC,146.56,STATIC
70.78,1698,51.11,FLEXION,151.35,STATIC,84.50,STATIC,49.30,STATIC,101.41,STATIC,148.02,STATIC,47.22,STATIC,149.80,STATIC
70.82166666666667,1699,38.35,FLEXION,153.19,STATIC,84.45,STATIC,50.35,STATIC,101.53,STATIC,149.44,STATIC,48.79,STATIC,152.87,STATIC
70.86333333333334,1700,31.47,FLEXION,154.19,STATIC,84.30,STATIC,47.24,STATIC,102.30,STATIC,149.28,STATIC,52.04,STATIC,155.49,STATIC
70.905,1701,28.50,STATIC,155.14,STATIC,84.24,STATIC,48.50,STATIC,102.98,STATIC,149.24,STATIC,54.76,STATIC,156.55,STATIC
70.94666666666667,1702,25.46,STATIC,155.10,STATIC,84.22,STATIC,47.66,STATIC,103.16,STATIC,148.21,STATIC,56.16,STATIC,156.95,STATIC
70.98833333333334,1703,22.65,STATIC,155.37,STATIC,84.17,STATIC,49.07,STATIC,104.41,STATIC,145.71,STATIC,59.36,STATIC,158.25,STATIC
71.03,1704,20.74,STATIC,155.96,STATIC,84.05,STATIC,51.52,STATIC,105.86,STATIC,142.71,STATIC,65.22,EXTENSION,158.84,STATIC
71.07166666666667,1705,19.52,STATIC,155.79,STATIC,84.12,STATIC,52.21,STATIC,106.74,STATIC,141.29,STATIC,67.21,STATIC,160.24,STATIC
71.11333333333334,1706,19.09,STATIC,157.47,STATIC,84.09,STATIC,52.38,STATIC,107.75,STATIC,138.04,STATIC,69.16,STATIC,161.25,STATIC
71.155,1707,18.67,STATIC,157.14,STATIC,84.04,STATIC,52.95,STATIC,108.90,STATIC,137.70,STATIC,72.37,STATIC,162.55,STATIC
71.19666666666667,1708,18.23,STATIC,159.57,STATIC,83.93,STATIC,52.76,STATIC,109.95,STATIC,136.24,STATIC,75.29,STATIC,162.07,STATIC
71.23833333333334,1709,17.99,STATIC,160.93,STATIC,83.89,STATIC,53.04,STATIC,110.40,STATIC,137.98,STATIC,77.82,STATIC,162.59,STATIC
71.28,1710,17.57,STATIC,161.13,STATIC,83.71,STATIC,55.24,STATIC,111.62,STATIC,137.03,STATIC,81.66,STATIC,162.47,STATIC
71.32166666666667,1711,17.29,STATIC,161.76,STATIC,83.60,STATIC,55.07,STATIC,112.51,STATIC,146.06,EXTENSION,86.19,STATIC,163.46,STATIC
71.36333333333334,1712,16.59,STATIC,162.73,STATIC,83.43,STATIC,55.00,STATIC,114.38,STATIC,149.78,STATIC,89.25,STATIC,163.78,STATIC
71.405,1713,16.00,STATIC,162.74,STATIC,83.38,STATIC,53.84,STATIC,115.91,STATIC,147.22,STATIC,92.27,STATIC,163.60,STATIC
71.44666666666667,1714,15.45,STATIC,163.78,STATIC,83.36,STATIC,53.07,STATIC,116.91,STATIC,146.35,STATIC,91.87,STATIC,161.61,STATIC
71.48833333333334,1715,15.03,STATIC,167.21,STATIC,83.36,STATIC,49.47,STATIC,118.16,STATIC,147.41,STATIC,94.63,STATIC,165.28,STATIC
71.53,1716,14.72,STATIC,168.68,STATIC,83.39,STATIC,48.32,STATIC,119.68,STATIC,147.40,STATIC,98.78,STATIC,162.59,STATIC
71.57166666666667,1717,14.51,STATIC,168.45,STATIC,83.49,STATIC,48.42,STATIC,121.30,STATIC,146.74,STATIC,101.66,STATIC,162.70,STATIC
71.61333333333334,1718,14.41,STATIC,167.82,STATIC,83.49,STATIC,48.91,STATIC,123.87,STATIC,145.80,STATIC,106.08,STATIC,162.47,STATIC
71.655,1719,14.43,STATIC,169.10,STATIC,83.39,STATIC,48.33,STATIC,126.62,STATIC,144.66,STATIC,110.50,STATIC,162.17,STATIC
71.69666666666667,1720,14.37,STATIC,168.61,STATIC,83.34,STATIC,48.02,STATIC,129.00,STATIC,149.40,STATIC,115.22,STATIC,163.88,STATIC
71.73833333333334,1721,14.43,STATIC,167.90,STATIC,83.28,STATIC,48.95,STATIC,131.52,STATIC,146.53,STATIC,118.56,STATIC,162.27,STATIC
71.78,1722,14.55,STATIC,167.27,STATIC,83.24,STATIC,49.65,STATIC,133.32,STATIC,146.07,STATIC,121.62,STATIC,162.56,STATIC
71.82166666666667,1723,14.53,STATIC,168.00,STATIC,83.25,STATIC,50.03,STATIC,134.75,STATIC,143.64,STATIC,122.91,STATIC,163.01,STATIC
71.86333333333334,1724,14.45,STATIC,166.81,STATIC,83.37,STATIC,49.19,STATIC,135.67,STATIC,146.35,STATIC,121.90,STATIC,162.55,STATIC
71.905,1725,14.38,STATIC,167.35,STATIC,83.40,STATIC,49.12,STATIC,136.47,STATIC,146.91,STATIC,125.17,STATIC,162.97,STATIC
71.94666666666667,1726,14.26,STATIC,166.75,STATIC,83.37,STATIC,49.05,STATIC,137.79,STATIC,150.70,STATIC,127.13,STATIC,163.61,STATIC
71.98833333333334,1727,14.09,STATIC,166.15,STATIC,83.42,STATIC,47.50,STATIC,139.09,STATIC,151.41,STATIC,128.25,STATIC,163.43,STATIC
72.03,1728,13.93,STATIC,166.05,STATIC,83.39,STATIC,47.53,STATIC,140.93,STATIC,150.48,STATIC,130.06,STATIC,162.69,STATIC
72.07166666666667,1729,13.76,STATIC,165.97,STATIC,83.39,STATIC,47.68,STATIC,142.52,STATIC,149.93,STATIC,131.87,STATIC,162.06,STATIC
72.11333333333334,1730,13.61,STATIC,166.16,STATIC,83.33,STATIC,47.05,STATIC,143.19,STATIC,150.81,STATIC,133.63,STATIC,161.80,STATIC
72.155,1731,13.41,STATIC,163.61,STATIC,83.33,STATIC,48.48,STATIC,142.54,STATIC,150.69,STATIC,136.43,STATIC,162.02,STATIC
72.19666666666667,1732,13.30,STATIC,162.35,STATIC,83.35,STATIC,49.07,STATIC,142.56,STATIC,150.49,STATIC,138.22,STATIC,161.79,STATIC
72.23833333333334,1733,13.30,STATIC,162.13,STATIC,83.35,STATIC,49.88,STATIC,143.45,STATIC,147.21,STATIC,138.35,STATIC,161.42,STATIC
72.28,1734,13.36,STATIC,161.48,STATIC,83.30,STATIC,51.07,STATIC,143.85,STATIC,147.30,STATIC,139.11,STATIC,159.48,STATIC
72.32166666666667,1735,13.48,STATIC,161.51,STATIC,83.23,STATIC,51.63,STATIC,144.44,STATIC,148.53,STATIC,140.01,STATIC,159.14,STATIC
72.36333333333334,1736,13.62,STATIC,161.26,STATIC,83.20,STATIC,51.33,STATIC,145.65,STATIC,150.71,STATIC,140.26,STATIC,159.43,STATIC
72.405,1737,14.04,STATIC,160.12,STATIC,83.34,STATIC,51.26,STATIC,146.85,STATIC,150.12,STATIC,140.27,STATIC,159.80,STATIC
72.44666666666667,1738,14.94,STATIC,156.85,STATIC,83.38,STATIC,50.76,STATIC,148.87,STATIC,151.03,STATIC,141.32,STATIC,160.34,STATIC
72.48833333333334,1739,15.99,STATIC,153.09,STATIC,83.48,STATIC,51.59,STATIC,148.58,STATIC,154.39,STATIC,144.47,STATIC,162.26,STATIC
72.53,1740,18.04,STATIC,151.52,STATIC,83.59,STATIC,52.58,STATIC,148.88,STATIC,152.56,STATIC,144.61,STATIC,161.77,STATIC
72.57166666666667,1741,19.53,STATIC,150.88,STATIC,83.65,STATIC,53.21,STATIC,148.78,STATIC,151.56,STATIC,145.35,STATIC,161.71,STATIC
72.61333333333334,1742,20.82,STATIC,151.98,STATIC,83.76,STATIC,52.95,STATIC,147.14,STATIC,153.14,STATIC,147.62,STATIC,162.99,STATIC
72.655,1743,15.98,STATIC,149.51,STATIC,84.49,STATIC,52.48,STATIC,145.78,STATIC,159.87,EXTENSION,149.04,STATIC,166.20,STATIC
72.69666666666667,1744,12.65,STATIC,147.59,STATIC,85.06,STATIC,52.61,STATIC,144.80,STATIC,162.35,STATIC,150.23,STATIC,168.21,STATIC
72.73833333333334,1745,17.32,STATIC,148.08,STATIC,85.07,STATIC,52.04,STATIC,144.15,STATIC,162.74,STATIC,151.02,STATIC,168.59,STATIC
72.78,1746,20.69,STATIC,149.34,STATIC,84.67,STATIC,52.32,STATIC,143.84,STATIC,165.43,STATIC,152.12,STATIC,170.05,STATIC
72.82166666666667,1747,25.84,EXTENSION,149.68,STATIC,84.49,STATIC,52.05,STATIC,145.45,STATIC,163.60,STATIC,149.66,STATIC,169.92,STATIC
72.86333333333334,1748,31.09,EXTENSION,150.38,STATIC,83.84,STATIC,51.75,STATIC,145.36,STATIC,163.63,STATIC,145.72,STATIC,170.60,STATIC
72.905,1749,30.50,STATIC,150.23,STATIC,83.71,STATIC,52.17,STATIC,145.41,STATIC,162.72,STATIC,144.23,STATIC,172.65,STATIC
72.94666666666667,1750,31.41,STATIC,154.49,STATIC,83.78,STATIC,49.88,STATIC,144.58,STATIC,158.22,STATIC,140.53,STATIC,170.76,STATIC
72.98833333333334,1751,34.36,STATIC,154.49,STATIC,83.71,STATIC,49.14,STATIC,142.64,STATIC,155.11,STATIC,136.57,STATIC,169.22,STATIC
73.03,1752,33.06,STATIC,157.68,STATIC,83.85,STATIC,47.10,STATIC,140.73,STATIC,157.03,STATIC,133.59,STATIC,168.84,STATIC
73.07166666666667,1753,26.64,FLEXION,159.81,STATIC,83.88,STATIC,46.31,STATIC,138.47,STATIC,156.72,STATIC,132.16,STATIC,169.20,STATIC
73.11333333333334,1754,21.03,FLEXION,161.43,STATIC,84.04,STATIC,46.00,STATIC,136.28,STATIC,156.34,STATIC,126.07,FLEXION,168.96,STATIC
73.155,1755,18.01,STATIC,161.54,STATIC,84.33,STATIC,46.99,STATIC,133.12,STATIC,155.67,STATIC,119.36,FLEXION,169.82,STATIC
73.19666666666667,1756,16.39,STATIC,162.48,STATIC,84.35,STATIC,46.24,STATIC,131.90,STATIC,154.84,STATIC,114.09,FLEXION,169.63,STATIC
73.23833333333334,1757,15.46,STATIC,163.09,STATIC,84.43,STATIC,47.03,STATIC,130.56,STATIC,154.49,STATIC,110.48,STATIC,169.65,STATIC
73.28,1758,15.09,STATIC,163.02,STATIC,84.50,STATIC,47.63,STATIC,128.17,STATIC,150.54,STATIC,105.76,STATIC,170.36,STATIC
73.32166666666667,1759,14.86,STATIC,162.55,STATIC,84.49,STATIC,47.51,STATIC,126.96,STATIC,152.64,STATIC,105.16,STATIC,170.45,STATIC
73.36333333333334,1760,14.94,STATIC,162.64,STATIC,84.54,STATIC,46.20,STATIC,125.58,STATIC,155.00,STATIC,103.30,STATIC,169.68,STATIC
73.405,1761,15.12,STATIC,160.99,STATIC,84.56,STATIC,46.91,STATIC,124.53,STATIC,156.40,STATIC,101.05,STATIC,170.94,STATIC
73.44666666666667,1762,16.61,STATIC,160.02,STATIC,84.52,STATIC,46.89,STATIC,124.97,STATIC,156.88,STATIC,103.49,STATIC,171.77,STATIC
73.48833333333334,1763,19.55,STATIC,154.56,FLEXION,84.50,STATIC,46.61,STATIC,125.49,STATIC,156.92,STATIC,103.59,STATIC,171.90,STATIC
73.53,1764,22.19,STATIC,150.79,STATIC,84.48,STATIC,46.45,STATIC,125.73,STATIC,159.18,STATIC,103.84,STATIC,172.91,STATIC
73.57166666666667,1765,24.57,STATIC,151.89,STATIC,84.44,STATIC,46.76,STATIC,125.62,STATIC,159.55,STATIC,103.76,STATIC,173.40,STATIC
73.61333333333334,1766,25.97,STATIC,150.32,STATIC,84.43,STATIC,46.41,STATIC,125.53,STATIC,160.36,STATIC,103.89,STATIC,173.62,STATIC
73.655,1767,27.91,STATIC,149.48,STATIC,84.43,STATIC,46.23,STATIC,125.07,STATIC,162.58,STATIC,104.29,STATIC,173.32,STATIC
73.69666666666667,1768,29.89,STATIC,148.87,STATIC,84.46,STATIC,45.23,STATIC,124.33,STATIC,165.16,STATIC,102.84,STATIC,173.40,STATIC
73.73833333333334,1769,31.86,STATIC,148.99,STATIC,84.51,STATIC,44.28,STATIC,123.26,STATIC,166.03,STATIC,100.34,STATIC,172.99,STATIC
73.78,1770,33.88,STATIC,148.53,STATIC,84.54,STATIC,43.70,STATIC,122.13,STATIC,167.99,STATIC,96.99,STATIC,172.62,STATIC
73.82166666666667,1771,36.04,STATIC,147.94,STATIC,84.55,STATIC,43.61,STATIC,120.93,STATIC,168.98,STATIC,94.11,STATIC,172.32,STATIC
73.86333333333334,1772,38.43,STATIC,148.10,STATIC,84.56,STATIC,43.81,STATIC,119.75,STATIC,168.32,STATIC,91.13,STATIC,170.90,STATIC
73.905,1773,40.83,STATIC,148.64,STATIC,84.62,STATIC,43.84,STATIC,118.55,STATIC,168.55,STATIC,89.53,STATIC,169.86,STATIC
73.94666666666667,1774,43.45,STATIC,147.31,STATIC,84.67,STATIC,43.95,STATIC,117.39,STATIC,168.45,STATIC,84.98,STATIC,167.79,STATIC
73.99000000000001,1775,46.09,STATIC,147.55,STATIC,84.69,STATIC,44.09,STATIC,116.31,STATIC,166.28,STATIC,80.47,STATIC,164.89,STATIC
74.03166666666667,1776,48.41,STATIC,147.06,STATIC,84.73,STATIC,44.23,STATIC,114.98,STATIC,164.60,STATIC,76.38,STATIC,162.06,STATIC
74.07333333333334,1777,50.91,STATIC,146.78,STATIC,84.78,STATIC,44.57,STATIC,113.56,STATIC,162.34,STATIC,69.33,FLEXION,156.16,FLEXION
74.11500000000001,1778,53.15,STATIC,145.89,STATIC,84.80,STATIC,44.22,STATIC,111.59,STATIC,164.97,STATIC,62.49,FLEXION,154.59,STATIC
74.15666666666667,1779,54.92,STATIC,145.29,STATIC,84.82,STATIC,44.00,STATIC,109.90,STATIC,164.84,STATIC,58.95,STATIC,153.36,STATIC
74.19833333333334,1780,56.99,STATIC,144.66,STATIC,84.84,STATIC,43.53,STATIC,108.38,STATIC,165.00,STATIC,56.59,STATIC,154.61,STATIC
74.24000000000001,1781,58.94,STATIC,143.14,STATIC,84.84,STATIC,43.31,STATIC,107.69,STATIC,165.17,STATIC,57.04,STATIC,158.01,STATIC
74.28166666666667,1782,58.67,STATIC,142.44,STATIC,84.94,STATIC,41.78,STATIC,106.94,STATIC,163.98,STATIC,54.25,STATIC,160.12,STATIC
74.32333333333334,1783,57.67,STATIC,141.40,STATIC,84.97,STATIC,41.84,STATIC,106.67,STATIC,165.09,STATIC,55.22,STATIC,163.49,STATIC
74.36500000000001,1784,55.42,STATIC,141.67,STATIC,85.07,STATIC,42.80,STATIC,106.31,STATIC,165.85,STATIC,54.28,STATIC,166.50,STATIC
74.40666666666667,1785,51.53,STATIC,141.40,STATIC,85.32,STATIC,42.75,STATIC,105.56,STATIC,166.48,STATIC,56.40,STATIC,166.80,STATIC
74.44833333333334,1786,46.34,FLEXION,140.20,STATIC,85.58,STATIC,42.52,STATIC,104.67,STATIC,169.41,STATIC,55.65,STATIC,165.80,STATIC
74.49000000000001,1787,43.03,STATIC,136.86,STATIC,85.44,STATIC,43.37,STATIC,104.40,STATIC,170.82,STATIC,58.60,STATIC,165.84,STATIC
74.53166666666667,1788,36.07,FLEXION,127.53,FLEXION,85.42,STATIC,40.09,STATIC,103.58,STATIC,169.80,STATIC,58.60,STATIC,165.24,STATIC
74.57333333333334,1789,35.81,STATIC,115.38,FLEXION,85.59,STATIC,41.01,STATIC,102.78,STATIC,165.71,STATIC,58.91,STATIC,163.16,STATIC
74.61500000000001,1790,35.17,STATIC,108.67,FLEXION,86.15,STATIC,40.99,STATIC,102.14,STATIC,166.27,STATIC,57.57,STATIC,161.33,STATIC
74.65666666666667,1791,40.07,STATIC,94.39,FLEXION,86.45,STATIC,42.84,STATIC,101.77,STATIC,162.95,STATIC,56.17,STATIC,157.68,STATIC
74.69833333333334,1792,34.08,FLEXION,87.59,FLEXION,86.53,STATIC,43.09,STATIC,101.61,STATIC,161.28,STATIC,55.82,STATIC,153.08,STATIC
74.74000000000001,1793,28.63,FLEXION,82.97,STATIC,86.23,STATIC,42.93,STATIC,101.40,STATIC,160.63,STATIC,54.89,STATIC,149.31,STATIC
74.78166666666667,1794,21.30,FLEXION,79.59,STATIC,86.10,STATIC,42.63,STATIC,101.47,STATIC,160.04,STATIC,54.59,STATIC,147.26,STATIC
74.82333333333334,1795,18.08,STATIC,73.10,FLEXION,86.15,STATIC,44.15,STATIC,101.39,STATIC,159.52,STATIC,54.85,STATIC,145.75,STATIC
74.86500000000001,1796,16.99,STATIC,75.13,STATIC,86.29,STATIC,45.48,STATIC,101.31,STATIC,159.20,STATIC,55.82,STATIC,145.16,STATIC
74.90666666666667,1797,15.79,STATIC,73.78,STATIC,86.43,STATIC,48.67,STATIC,101.25,STATIC,159.10,STATIC,56.14,STATIC,143.68,STATIC
74.94833333333334,1798,14.51,STATIC,74.57,STATIC,86.64,STATIC,47.95,STATIC,101.27,STATIC,159.19,STATIC,55.82,STATIC,143.30,STATIC
74.99000000000001,1799,13.89,STATIC,76.12,STATIC,86.71,STATIC,48.39,STATIC,101.31,STATIC,159.31,STATIC,56.32,STATIC,143.62,STATIC
75.03166666666667,1800,13.28,STATIC,78.85,STATIC,86.76,STATIC,50.07,STATIC,101.42,STATIC,159.26,STATIC,55.74,STATIC,144.26,STATIC
75.07333333333334,1801,12.46,STATIC,77.25,STATIC,86.92,STATIC,51.35,STATIC,101.41,STATIC,159.17,STATIC,54.59,STATIC,143.44,STATIC
75.11500000000001,1802,12.41,STATIC,75.17,STATIC,86.90,STATIC,47.80,STATIC,101.62,STATIC,159.14,STATIC,53.78,STATIC,143.29,STATIC
75.15666666666667,1803,11.86,STATIC,76.46,STATIC,86.88,STATIC,46.96,STATIC,101.79,STATIC,159.24,STATIC,53.56,STATIC,143.43,STATIC
75.19833333333334,1804,11.16,STATIC,76.73,STATIC,86.90,STATIC,47.20,STATIC,101.93,STATIC,159.46,STATIC,52.92,STATIC,143.84,STATIC
75.24000000000001,1805,10.88,STATIC,75.05,STATIC,86.85,STATIC,48.63,STATIC,102.16,STATIC,160.10,STATIC,53.84,STATIC,144.89,STATIC
75.28166666666667,1806,10.40,STATIC,74.49,STATIC,86.87,STATIC,48.99,STATIC,102.29,STATIC,160.57,STATIC,54.81,STATIC,145.62,STATIC
75.32333333333334,1807,11.04,STATIC,73.23,STATIC,86.94,STATIC,48.27,STATIC,102.50,STATIC,160.77,STATIC,55.06,STATIC,146.38,STATIC
75.36500000000001,1808,11.35,STATIC,73.06,STATIC,86.97,STATIC,47.67,STATIC,102.75,STATIC,161.12,STATIC,55.56,STATIC,146.92,STATIC
75.40666666666667,1809,10.90,STATIC,74.43,STATIC,86.99,STATIC,45.18,STATIC,103.13,STATIC,161.92,STATIC,56.84,STATIC,147.63,STATIC
75.44833333333334,1810,12.66,STATIC,72.46,STATIC,86.93,STATIC,46.28,STATIC,103.87,STATIC,162.30,STATIC,59.94,STATIC,149.57,STATIC
75.49000000000001,1811,14.38,STATIC,71.73,STATIC,86.93,STATIC,47.81,STATIC,104.46,STATIC,162.96,STATIC,62.30,STATIC,150.81,STATIC
75.53166666666667,1812,14.69,STATIC,69.81,STATIC,86.92,STATIC,48.37,STATIC,105.10,STATIC,163.74,STATIC,65.27,STATIC,152.46,STATIC
75.57333333333334,1813,13.92,STATIC,69.53,STATIC,86.89,STATIC,46.80,STATIC,105.99,STATIC,164.72,STATIC,69.67,STATIC,154.29,STATIC
75.61500000000001,1814,13.67,STATIC,73.61,STATIC,86.92,STATIC,41.32,FLEXION,106.70,STATIC,165.72,STATIC,72.72,STATIC,155.91,STATIC
75.65666666666667,1815,12.59,STATIC,79.04,EXTENSION,86.91,STATIC,37.62,STATIC,107.51,STATIC,166.69,STATIC,75.47,STATIC,156.84,STATIC
75.69833333333334,1816,11.95,STATIC,81.30,STATIC,86.92,STATIC,35.95,STATIC,108.23,STATIC,167.64,STATIC,77.48,STATIC,157.66,STATIC
75.74000000000001,1817,12.46,STATIC,82.75,STATIC,86.90,STATIC,35.67,STATIC,109.27,STATIC,168.48,STATIC,81.30,STATIC,159.30,STATIC
75.78166666666667,1818,13.17,STATIC,78.53,STATIC,86.95,STATIC,38.34,STATIC,109.87,STATIC,169.11,STATIC,84.92,STATIC,160.59,STATIC
75.82333333333334,1819,13.04,STATIC,77.84,STATIC,87.06,STATIC,39.41,STATIC,110.07,STATIC,169.55,STATIC,86.33,STATIC,161.55,STATIC
75.86500000000001,1820,14.27,STATIC,77.67,STATIC,87.10,STATIC,39.61,STATIC,110.71,STATIC,169.94,STATIC,88.61,STATIC,162.46,STATIC
75.90666666666667,1821,14.96,STATIC,74.38,STATIC,87.04,STATIC,42.30,STATIC,111.69,STATIC,170.25,STATIC,92.04,STATIC,163.53,STATIC
75.94833333333334,1822,16.29,STATIC,71.07,STATIC,87.08,STATIC,44.79,STATIC,112.51,STATIC,170.40,STATIC,95.58,STATIC,164.45,STATIC
75.99000000000001,1823,15.14,STATIC,77.19,EXTENSION,87.11,STATIC,40.57,STATIC,113.09,STATIC,170.86,STATIC,97.39,STATIC,164.99,STATIC
76.03166666666667,1824,14.79,STATIC,79.44,STATIC,87.13,STATIC,38.88,STATIC,113.62,STATIC,171.19,STATIC,99.24,STATIC,165.41,STATIC
76.07333333333334,1825,16.45,STATIC,77.73,STATIC,87.14,STATIC,39.58,STATIC,114.26,STATIC,171.46,STATIC,101.64,STATIC,165.84,STATIC
76.11500000000001,1826,17.50,STATIC,71.69,FLEXION,87.16,STATIC,44.16,STATIC,114.91,STATIC,171.59,STATIC,104.00,STATIC,166.43,STATIC
76.15666666666667,1827,16.59,STATIC,75.51,STATIC,87.16,STATIC,41.67,STATIC,115.73,STATIC,171.91,STATIC,105.45,STATIC,166.95,STATIC
76.19833333333334,1828,16.30,STATIC,74.60,STATIC,87.09,STATIC,41.72,STATIC,116.42,STATIC,172.17,STATIC,107.07,STATIC,167.38,STATIC
76.24000000000001,1829,16.74,STATIC,72.04,STATIC,87.14,STATIC,43.40,STATIC,117.17,STATIC,172.59,STATIC,107.90,STATIC,167.86,STATIC
76.28166666666667,1830,17.36,STATIC,76.34,STATIC,87.17,STATIC,41.15,STATIC,117.93,STATIC,173.22,STATIC,109.10,STATIC,168.04,STATIC
76.32333333333334,1831,17.63,STATIC,78.89,STATIC,87.14,STATIC,39.63,STATIC,118.39,STATIC,173.37,STATIC,110.79,STATIC,168.54,STATIC
76.36500000000001,1832,15.82,STATIC,80.66,STATIC,87.18,STATIC,39.02,STATIC,118.75,STATIC,173.60,STATIC,112.06,STATIC,168.71,STATIC
76.40666666666667,1833,15.83,STATIC,82.59,STATIC,87.17,STATIC,38.70,STATIC,119.31,STATIC,173.72,STATIC,113.21,STATIC,168.98,STATIC
76.44833333333334,1834,15.90,STATIC,85.01,STATIC,87.14,STATIC,38.32,STATIC,119.83,STATIC,173.83,STATIC,114.18,STATIC,169.10,STATIC
76.49000000000001,1835,16.28,STATIC,88.34,STATIC,87.11,STATIC,37.70,STATIC,120.38,STATIC,173.98,STATIC,115.37,STATIC,169.45,STATIC
76.53166666666667,1836,17.50,STATIC,90.16,STATIC,87.09,STATIC,38.11,STATIC,120.79,STATIC,173.98,STATIC,116.56,STATIC,169.68,STATIC
76.57333333333334,1837,18.41,STATIC,91.78,STATIC,87.12,STATIC,38.31,STATIC,120.93,STATIC,173.92,STATIC,117.41,STATIC,169.76,STATIC
76.61500000000001,1838,18.25,STATIC,92.47,STATIC,87.14,STATIC,38.76,STATIC,121.08,STATIC,173.91,STATIC,117.91,STATIC,169.84,STATIC
76.65666666666667,1839,18.22,STATIC,93.72,STATIC,87.13,STATIC,38.92,STATIC,121.24,STATIC,173.88,STATIC,117.88,STATIC,169.78,STATIC
76.69833333333334,1840,17.92,STATIC,96.70,STATIC,87.13,STATIC,38.46,STATIC,121.44,STATIC,174.06,STATIC,117.85,STATIC,169.68,STATIC
76.74000000000001,1841,18.12,STATIC,98.31,STATIC,87.13,STATIC,38.83,STATIC,121.89,STATIC,174.12,STATIC,118.46,STATIC,169.81,STATIC
76.78166666666667,1842,18.50,STATIC,98.94,STATIC,87.10,STATIC,39.74,STATIC,122.52,STATIC,174.02,STATIC,119.73,STATIC,170.18,STATIC
76.82333333333334,1843,18.60,STATIC,100.44,STATIC,87.09,STATIC,40.16,STATIC,122.84,STATIC,174.03,STATIC,120.57,STATIC,170.42,STATIC
76.86500000000001,1844,18.68,STATIC,101.22,STATIC,87.09,STATIC,40.89,STATIC,123.07,STATIC,174.11,STATIC,121.25,STATIC,170.57,STATIC
76.90666666666667,1845,18.59,STATIC,102.25,STATIC,87.10,STATIC,41.26,STATIC,123.23,STATIC,174.21,STATIC,122.16,STATIC,170.75,STATIC
76.94833333333334,1846,18.50,STATIC,103.29,STATIC,87.11,STATIC,41.65,STATIC,123.31,STATIC,174.38,STATIC,122.52,STATIC,170.73,STATIC
76.99000000000001,1847,17.89,STATIC,103.94,STATIC,87.12,STATIC,42.02,STATIC,123.31,STATIC,174.58,STATIC,122.67,STATIC,170.70,STATIC
77.03166666666667,1848,18.31,STATIC,104.43,STATIC,87.13,STATIC,42.41,STATIC,123.31,STATIC,174.58,STATIC,122.95,STATIC,170.71,STATIC
77.07333333333334,1849,20.07,STATIC,104.66,STATIC,87.12,STATIC,42.76,STATIC,123.44,STATIC,174.07,STATIC,124.43,STATIC,171.05,STATIC
77.11500000000001,1850,19.82,STATIC,105.33,STATIC,87.11,STATIC,42.75,STATIC,123.67,STATIC,174.06,STATIC,124.87,STATIC,170.80,STATIC
77.15666666666667,1851,19.31,STATIC,104.63,STATIC,87.17,STATIC,43.05,STATIC,123.35,STATIC,174.37,STATIC,124.39,STATIC,171.13,STATIC
77.19833333333334,1852,17.58,STATIC,103.20,STATIC,87.20,STATIC,42.56,STATIC,123.45,STATIC,174.68,STATIC,123.17,STATIC,171.28,STATIC
77.24000000000001,1853,17.76,STATIC,102.46,STATIC,87.22,STATIC,42.26,STATIC,123.48,STATIC,174.74,STATIC,123.02,STATIC,171.50,STATIC
77.28166666666667,1854,17.74,STATIC,103.55,STATIC,87.21,STATIC,41.52,STATIC,123.72,STATIC,174.77,STATIC,123.27,STATIC,171.52,STATIC
77.32333333333334,1855,18.11,STATIC,105.20,STATIC,87.19,STATIC,41.00,STATIC,123.96,STATIC,174.82,STATIC,123.42,STATIC,171.51,STATIC
77.36500000000001,1856,19.03,STATIC,104.59,STATIC,87.22,STATIC,41.32,STATIC,123.94,STATIC,175.00,STATIC,124.13,STATIC,171.53,STATIC
77.40666666666667,1857,19.38,STATIC,104.89,STATIC,87.17,STATIC,41.69,STATIC,124.03,STATIC,175.12,STATIC,124.24,STATIC,171.54,STATIC
77.44833333333334,1858,20.27,STATIC,106.13,STATIC,87.05,STATIC,41.89,STATIC,124.18,STATIC,175.17,STATIC,124.54,STATIC,171.28,STATIC
77.49000000000001,1859,21.50,STATIC,106.45,STATIC,86.95,STATIC,42.20,STATIC,124.48,STATIC,175.34,STATIC,125.48,STATIC,171.30,STATIC
77.53166666666667,1860,21.85,STATIC,106.38,STATIC,86.94,STATIC,42.64,STATIC,124.25,STATIC,174.85,STATIC,125.37,STATIC,170.91,STATIC
77.57333333333334,1861,22.83,STATIC,106.27,STATIC,87.02,STATIC,42.98,STATIC,123.81,STATIC,173.98,STATIC,124.31,STATIC,170.90,STATIC
77.61500000000001,1862,24.55,STATIC,105.91,STATIC,87.05,STATIC,43.41,STATIC,123.45,STATIC,173.68,STATIC,123.91,STATIC,170.93,STATIC
77.65666666666667,1863,26.84,STATIC,106.51,STATIC,87.03,STATIC,43.56,STATIC,123.31,STATIC,173.72,STATIC,123.42,STATIC,170.78,STATIC
77.69833333333334,1864,29.24,STATIC,106.17,STATIC,86.97,STATIC,43.71,STATIC,123.34,STATIC,174.09,STATIC,123.75,STATIC,171.27,STATIC
77.74000000000001,1865,34.69,EXTENSION,106.43,STATIC,86.92,STATIC,43.90,STATIC,123.43,STATIC,174.99,STATIC,125.43,STATIC,170.84,STATIC
77.78166666666667,1866,38.10,STATIC,106.52,STATIC,86.91,STATIC,44.27,STATIC,123.83,STATIC,175.77,STATIC,126.16,STATIC,170.52,STATIC
77.82333333333334,1867,36.13,STATIC,107.07,STATIC,86.95,STATIC,44.25,STATIC,124.39,STATIC,176.19,STATIC,126.79,STATIC,170.54,STATIC
77.86500000000001,1868,37.10,STATIC,105.48,STATIC,87.00,STATIC,45.29,STATIC,124.34,STATIC,176.21,STATIC,127.31,STATIC,171.13,STATIC
77.90666666666667,1869,38.18,STATIC,103.79,STATIC,86.89,STATIC,44.95,STATIC,124.53,STATIC,175.98,STATIC,128.10,STATIC,170.79,STATIC
77.94833333333334,1870,35.84,STATIC,102.35,STATIC,86.89,STATIC,44.38,STATIC,124.66,STATIC,175.70,STATIC,128.91,STATIC,171.07,STATIC
77.99000000000001,1871,32.89,STATIC,100.65,STATIC,86.90,STATIC,43.73,STATIC,124.71,STATIC,175.78,STATIC,129.80,STATIC,171.14,STATIC
78.03333333333333,1872,34.40,STATIC,99.85,STATIC,86.89,STATIC,43.19,STATIC,124.97,STATIC,175.12,STATIC,131.93,STATIC,171.33,STATIC
78.075,1873,33.79,STATIC,99.12,STATIC,86.89,STATIC,42.67,STATIC,125.33,STATIC,174.46,STATIC,133.75,STATIC,171.34,STATIC
78.11666666666667,1874,37.35,STATIC,100.42,STATIC,86.93,STATIC,41.82,STATIC,125.88,STATIC,174.19,STATIC,135.37,STATIC,171.72,STATIC
78.15833333333333,1875,36.89,STATIC,101.16,STATIC,86.96,STATIC,41.39,STATIC,126.07,STATIC,173.93,STATIC,136.97,STATIC,171.93,STATIC
78.2,1876,36.48,STATIC,102.13,STATIC,86.94,STATIC,41.18,STATIC,126.29,STATIC,174.72,STATIC,138.16,STATIC,171.78,STATIC
78.24166666666667,1877,37.81,STATIC,102.20,STATIC,86.70,STATIC,40.98,STATIC,126.41,STATIC,174.80,STATIC,139.33,STATIC,171.60,STATIC
78.28333333333333,1878,38.67,STATIC,102.19,STATIC,86.55,STATIC,41.07,STATIC,126.44,STATIC,174.94,STATIC,139.93,STATIC,170.98,STATIC
78.325,1879,40.70,STATIC,102.27,STATIC,86.54,STATIC,41.25,STATIC,126.38,STATIC,175.81,STATIC,139.97,STATIC,169.82,STATIC
78.36666666666667,1880,43.36,STATIC,103.82,STATIC,86.57,STATIC,41.35,STATIC,126.28,STATIC,176.17,STATIC,139.27,STATIC,169.75,STATIC
78.40833333333333,1881,43.22,STATIC,103.62,STATIC,86.61,STATIC,42.04,STATIC,126.43,STATIC,175.95,STATIC,138.55,STATIC,170.61,STATIC
78.45,1882,43.37,STATIC,104.41,STATIC,86.74,STATIC,41.92,STATIC,126.41,STATIC,175.58,STATIC,138.21,STATIC,170.95,STATIC
78.49166666666667,1883,42.65,STATIC,105.48,STATIC,86.91,STATIC,41.66,STATIC,126.31,STATIC,175.40,STATIC,137.76,STATIC,171.02,STATIC
78.53333333333333,1884,41.92,STATIC,106.90,STATIC,87.05,STATIC,41.01,STATIC,125.65,STATIC,175.75,STATIC,136.79,STATIC,169.99,STATIC
78.575,1885,36.28,FLEXION,106.79,STATIC,87.37,STATIC,41.49,STATIC,125.02,STATIC,175.34,STATIC,135.31,STATIC,168.98,STATIC
78.61666666666667,1886,30.78,FLEXION,106.50,STATIC,87.35,STATIC,41.62,STATIC,124.70,STATIC,175.23,STATIC,133.94,STATIC,168.94,STATIC
78.65833333333333,1887,29.74,STATIC,106.98,STATIC,87.33,STATIC,41.55,STATIC,124.65,STATIC,175.54,STATIC,132.64,STATIC,170.67,STATIC
78.7,1888,29.76,STATIC,104.72,STATIC,87.32,STATIC,42.03,STATIC,124.04,STATIC,175.64,STATIC,132.22,STATIC,172.43,STATIC
78.74166666666667,1889,26.03,STATIC,104.07,STATIC,87.40,STATIC,41.57,STATIC,123.20,STATIC,175.57,STATIC,131.36,STATIC,172.44,STATIC
78.78333333333333,1890,21.89,STATIC,101.97,STATIC,87.51,STATIC,42.99,STATIC,122.75,STATIC,175.42,STATIC,129.77,STATIC,172.90,STATIC
78.825,1891,20.97,STATIC,100.90,STATIC,87.51,STATIC,43.11,STATIC,122.19,STATIC,175.16,STATIC,128.26,STATIC,172.65,STATIC
78.86666666666667,1892,19.23,STATIC,99.99,STATIC,87.47,STATIC,43.14,STATIC,121.82,STATIC,174.97,STATIC,126.71,STATIC,172.34,STATIC
78.90833333333333,1893,17.42,STATIC,96.86,STATIC,87.45,STATIC,44.93,STATIC,120.90,STATIC,174.59,STATIC,123.28,STATIC,171.67,STATIC
78.95,1894,16.32,STATIC,93.87,STATIC,87.45,STATIC,46.49,STATIC,119.56,STATIC,174.22,STATIC,120.96,STATIC,171.14,STATIC
78.99166666666667,1895,14.54,STATIC,92.94,STATIC,87.47,STATIC,45.40,STATIC,118.45,STATIC,173.96,STATIC,118.38,STATIC,170.40,STATIC
79.03333333333333,1896,15.66,STATIC,89.01,STATIC,87.25,STATIC,46.54,STATIC,117.94,STATIC,173.49,STATIC,116.06,STATIC,170.24,STATIC
79.075,1897,17.60,STATIC,88.79,STATIC,87.13,STATIC,43.93,STATIC,117.74,STATIC,173.86,STATIC,114.98,STATIC,169.53,STATIC
79.11666666666667,1898,17.56,STATIC,88.84,STATIC,87.00,STATIC,44.11,STATIC,117.11,STATIC,173.52,STATIC,112.24,STATIC,169.26,STATIC
79.15833333333333,1899,18.79,STATIC,89.39,STATIC,86.87,STATIC,42.01,STATIC,116.82,STATIC,173.85,STATIC,111.35,STATIC,168.76,STATIC
79.2,1900,19.26,STATIC,88.08,STATIC,86.62,STATIC,40.38,STATIC,116.89,STATIC,174.18,STATIC,112.22,STATIC,168.68,STATIC
79.24166666666667,1901,17.68,STATIC,90.46,STATIC,86.64,STATIC,35.02,FLEXION,116.55,STATIC,174.37,STATIC,111.62,STATIC,168.55,STATIC
79.28333333333333,1902,17.35,STATIC,94.11,STATIC,86.25,STATIC,29.32,FLEXION,116.59,STATIC,174.54,STATIC,112.30,STATIC,168.61,STATIC
79.325,1903,17.39,STATIC,95.83,STATIC,85.98,STATIC,25.87,STATIC,117.03,STATIC,174.76,STATIC,113.81,STATIC,168.20,STATIC
79.36666666666667,1904,20.29,STATIC,95.54,STATIC,85.66,STATIC,25.39,STATIC,117.80,STATIC,174.63,STATIC,115.10,STATIC,167.79,STATIC
79.40833333333333,1905,22.50,STATIC,95.57,STATIC,85.48,STATIC,26.14,STATIC,117.75,STATIC,173.90,STATIC,115.05,STATIC,168.60,STATIC
79.45,1906,26.52,STATIC,99.77,STATIC,85.40,STATIC,27.44,STATIC,117.06,STATIC,172.40,STATIC,112.35,STATIC,168.91,STATIC
79.49166666666667,1907,36.70,EXTENSION,104.68,STATIC,85.22,STATIC,39.71,EXTENSION,116.62,STATIC,171.22,STATIC,107.65,STATIC,169.00,STATIC
79.53333333333333,1908,37.86,STATIC,115.94,EXTENSION,85.32,STATIC,38.95,STATIC,116.03,STATIC,171.22,STATIC,102.49,FLEXION,169.01,STATIC
79.575,1909,41.30,STATIC,124.16,EXTENSION,85.36,STATIC,39.80,STATIC,115.98,STATIC,171.33,STATIC,99.22,STATIC,168.81,STATIC
79.61666666666667,1910,47.15,EXTENSION,128.53,STATIC,85.31,STATIC,40.57,STATIC,116.10,STATIC,171.14,STATIC,96.11,STATIC,169.92,STATIC
79.65833333333333,1911,53.23,EXTENSION,135.08,EXTENSION,85.07,STATIC,38.61,STATIC,116.22,STATIC,171.15,STATIC,93.01,STATIC,169.51,STATIC
79.7,1912,57.58,STATIC,141.51,EXTENSION,84.77,STATIC,37.75,STATIC,115.50,STATIC,170.62,STATIC,89.82,STATIC,169.12,STATIC
79.74166666666667,1913,59.59,STATIC,146.75,EXTENSION,84.68,STATIC,34.89,STATIC,114.66,STATIC,168.22,STATIC,88.26,STATIC,168.67,STATIC
79.78333333333333,1914,61.90,STATIC,145.21,STATIC,84.66,STATIC,34.79,STATIC,114.32,STATIC,168.57,STATIC,87.52,STATIC,166.66,STATIC
79.825,1915,64.86,STATIC,146.26,STATIC,84.60,STATIC,34.81,STATIC,113.53,STATIC,168.41,STATIC,85.69,STATIC,166.26,STATIC
79.86666666666667,1916,68.44,STATIC,145.56,STATIC,84.53,STATIC,34.31,STATIC,113.77,STATIC,168.19,STATIC,83.38,STATIC,166.66,STATIC
79.90833333333333,1917,70.63,STATIC,145.97,STATIC,84.47,STATIC,33.89,STATIC,113.55,STATIC,167.39,STATIC,83.50,STATIC,166.50,STATIC
79.95,1918,74.09,STATIC,146.63,STATIC,84.42,STATIC,34.14,STATIC,113.66,STATIC,166.92,STATIC,85.27,STATIC,166.45,STATIC
79.99166666666667,1919,77.24,STATIC,146.30,STATIC,84.42,STATIC,33.76,STATIC,113.98,STATIC,165.83,STATIC,86.70,STATIC,166.07,STATIC
80.03333333333333,1920,82.85,EXTENSION,143.75,STATIC,84.43,STATIC,37.49,STATIC,114.08,STATIC,167.30,STATIC,85.64,STATIC,166.59,STATIC
80.075,1921,87.61,STATIC,142.61,STATIC,84.45,STATIC,37.24,STATIC,114.17,STATIC,167.67,STATIC,84.15,STATIC,166.07,STATIC
80.11666666666667,1922,90.42,STATIC,141.56,STATIC,84.58,STATIC,37.00,STATIC,113.66,STATIC,168.78,STATIC,82.78,STATIC,164.78,STATIC
80.15833333333333,1923,92.48,STATIC,139.03,STATIC,84.93,STATIC,36.84,STATIC,113.87,STATIC,168.23,STATIC,82.80,STATIC,162.23,STATIC
80.2,1924,96.01,STATIC,135.63,STATIC,85.25,STATIC,37.13,STATIC,113.54,STATIC,167.39,STATIC,82.95,STATIC,161.19,STATIC
80.24166666666667,1925,99.54,STATIC,132.68,STATIC,85.27,STATIC,37.54,STATIC,113.75,STATIC,166.14,STATIC,83.16,STATIC,161.44,STATIC
80.28333333333333,1926,103.55,STATIC,129.32,STATIC,85.30,STATIC,37.38,STATIC,112.97,STATIC,169.11,STATIC,78.50,STATIC,159.58,STATIC
80.325,1927,106.31,STATIC,122.59,FLEXION,85.39,STATIC,36.48,STATIC,111.89,STATIC,171.46,STATIC,73.14,FLEXION,157.92,STATIC
80.36666666666667,1928,106.40,STATIC,115.16,FLEXION,85.39,STATIC,33.23,STATIC,111.54,STATIC,170.70,STATIC,71.55,STATIC,156.91,STATIC
80.40833333333333,1929,106.50,STATIC,114.65,STATIC,85.40,STATIC,34.34,STATIC,111.11,STATIC,170.99,STATIC,68.79,STATIC,156.12,STATIC
80.45,1930,106.86,STATIC,117.15,STATIC,85.38,STATIC,33.41,STATIC,111.33,STATIC,171.13,STATIC,68.28,STATIC,158.86,STATIC
80.49166666666667,1931,107.16,STATIC,118.38,STATIC,85.32,STATIC,33.92,STATIC,111.54,STATIC,170.29,STATIC,69.42,STATIC,161.05,STATIC
80.53333333333333,1932,106.49,STATIC,120.41,STATIC,85.28,STATIC,33.74,STATIC,111.54,STATIC,169.81,STATIC,69.40,STATIC,162.36,STATIC
80.575,1933,106.79,STATIC,122.82,STATIC,85.20,STATIC,36.36,STATIC,112.54,STATIC,168.81,STATIC,68.54,STATIC,161.21,STATIC
80.61666666666667,1934,106.29,STATIC,129.86,EXTENSION,84.96,STATIC,36.50,STATIC,112.85,STATIC,170.28,STATIC,67.41,STATIC,161.44,STATIC
80.65833333333333,1935,105.72,STATIC,133.82,STATIC,84.67,STATIC,38.74,STATIC,112.28,STATIC,171.17,STATIC,65.93,STATIC,162.93,STATIC
80.7,1936,105.60,STATIC,137.67,STATIC,84.43,STATIC,40.80,STATIC,112.12,STATIC,171.21,STATIC,64.08,STATIC,163.39,STATIC
80.74166666666667,1937,105.17,STATIC,142.45,STATIC,84.34,STATIC,42.00,STATIC,111.12,STATIC,170.38,STATIC,60.45,STATIC,163.06,STATIC
80.78333333333333,1938,104.62,STATIC,144.45,STATIC,84.27,STATIC,43.69,STATIC,110.31,STATIC,169.88,STATIC,57.98,STATIC,162.22,STATIC
80.825,1939,104.19,STATIC,145.42,STATIC,84.10,STATIC,42.87,STATIC,109.33,STATIC,168.70,STATIC,55.80,STATIC,161.20,STATIC
80.86666666666667,1940,102.59,STATIC,149.85,STATIC,83.96,STATIC,42.72,STATIC,108.64,STATIC,167.54,STATIC,53.62,STATIC,160.43,STATIC
80.90833333333333,1941,101.14,STATIC,151.99,STATIC,83.86,STATIC,42.71,STATIC,107.69,STATIC,166.37,STATIC,52.34,STATIC,159.03,STATIC
80.95,1942,99.04,STATIC,153.97,STATIC,83.85,STATIC,44.26,STATIC,107.04,STATIC,166.15,STATIC,51.69,STATIC,158.17,STATIC
80.99166666666667,1943,97.58,STATIC,152.09,STATIC,83.81,STATIC,45.32,STATIC,106.69,STATIC,165.42,STATIC,49.74,STATIC,157.73,STATIC
81.03333333333333,1944,96.38,STATIC,150.49,STATIC,83.79,STATIC,44.93,STATIC,106.31,STATIC,165.20,STATIC,48.59,STATIC,156.76,STATIC
81.075,1945,92.26,STATIC,153.98,STATIC,83.79,STATIC,44.55,STATIC,105.99,STATIC,164.89,STATIC,48.61,STATIC,156.75,STATIC
81.11666666666667,1946,87.03,FLEXION,155.03,STATIC,83.82,STATIC,43.96,STATIC,105.51,STATIC,164.02,STATIC,48.67,STATIC,155.68,STATIC
81.15833333333333,1947,85.20,STATIC,156.81,STATIC,83.81,STATIC,42.18,STATIC,105.09,STATIC,163.18,STATIC,48.08,STATIC,154.21,STATIC
81.2,1948,84.38,STATIC,154.63,STATIC,83.67,STATIC,41.25,STATIC,104.93,STATIC,163.06,STATIC,48.52,STATIC,153.78,STATIC
81.24166666666667,1949,85.42,STATIC,151.58,STATIC,83.52,STATIC,41.23,STATIC,104.51,STATIC,161.73,STATIC,48.62,STATIC,151.96,STATIC
81.28333333333335,1950,86.73,STATIC,147.50,STATIC,83.40,STATIC,40.43,STATIC,104.28,STATIC,160.87,STATIC,48.04,STATIC,150.83,STATIC
81.325,1951,87.28,STATIC,148.37,STATIC,83.29,STATIC,39.98,STATIC,104.07,STATIC,160.19,STATIC,46.26,STATIC,150.29,STATIC
81.36666666666667,1952,86.97,STATIC,144.77,STATIC,83.32,STATIC,40.23,STATIC,103.79,STATIC,159.85,STATIC,46.88,STATIC,150.08,STATIC
81.40833333333335,1953,86.85,STATIC,144.32,STATIC,83.30,STATIC,40.98,STATIC,103.74,STATIC,159.78,STATIC,46.77,STATIC,150.32,STATIC
81.45,1954,87.81,STATIC,141.27,STATIC,83.33,STATIC,41.08,STATIC,104.27,STATIC,159.87,STATIC,47.90,STATIC,150.55,STATIC
81.49166666666667,1955,89.54,STATIC,138.44,STATIC,83.34,STATIC,40.81,STATIC,104.61,STATIC,159.91,STATIC,49.76,STATIC,151.38,STATIC
81.53333333333335,1956,88.40,STATIC,137.81,STATIC,83.36,STATIC,42.19,STATIC,104.26,STATIC,160.89,STATIC,51.28,STATIC,152.48,STATIC
81.575,1957,87.45,STATIC,141.75,STATIC,83.40,STATIC,44.18,STATIC,105.12,STATIC,162.06,STATIC,53.07,STATIC,154.62,STATIC
81.61666666666667,1958,87.18,STATIC,142.61,STATIC,83.51,STATIC,46.01,STATIC,105.27,STATIC,163.18,STATIC,54.93,STATIC,155.36,STATIC
81.65833333333335,1959,86.31,STATIC,143.18,STATIC,83.61,STATIC,47.36,STATIC,105.86,STATIC,164.19,STATIC,58.70,STATIC,156.92,STATIC
81.7,1960,86.37,STATIC,143.35,STATIC,83.68,STATIC,46.59,STATIC,106.93,STATIC,165.56,STATIC,61.43,STATIC,158.55,STATIC
81.74166666666667,1961,86.44,STATIC,143.03,STATIC,83.81,STATIC,45.58,STATIC,107.22,STATIC,166.39,STATIC,63.16,STATIC,159.75,STATIC
81.78333333333335,1962,86.42,STATIC,144.03,STATIC,83.81,STATIC,44.82,STATIC,107.59,STATIC,167.25,STATIC,64.63,STATIC,160.77,STATIC
81.825,1963,87.37,STATIC,144.87,STATIC,83.71,STATIC,45.57,STATIC,107.90,STATIC,168.08,STATIC,64.69,STATIC,161.32,STATIC
81.86666666666667,1964,87.36,STATIC,147.40,STATIC,83.68,STATIC,45.44,STATIC,108.28,STATIC,169.14,STATIC,65.93,STATIC,163.16,STATIC
81.90833333333335,1965,86.64,STATIC,149.86,STATIC,83.65,STATIC,45.19,STATIC,108.41,STATIC,169.58,STATIC,65.71,STATIC,164.05,STATIC
81.95,1966,85.05,STATIC,152.47,STATIC,83.67,STATIC,45.57,STATIC,108.69,STATIC,170.20,STATIC,67.43,STATIC,165.22,STATIC
81.99166666666667,1967,83.26,STATIC,153.01,STATIC,83.66,STATIC,45.35,STATIC,108.30,STATIC,170.66,STATIC,66.07,STATIC,166.37,STATIC
82.03500000000001,1968,82.25,STATIC,153.56,STATIC,83.69,STATIC,44.92,STATIC,108.23,STATIC,170.56,STATIC,66.76,STATIC,166.84,STATIC
82.07666666666667,1969,80.59,STATIC,160.27,EXTENSION,83.78,STATIC,47.15,STATIC,107.69,STATIC,170.26,STATIC,67.02,STATIC,166.45,STATIC
82.11833333333334,1970,74.64,FLEXION,154.92,FLEXION,83.95,STATIC,48.55,STATIC,106.00,STATIC,169.30,STATIC,63.21,STATIC,165.22,STATIC
82.16000000000001,1971,69.97,STATIC,159.07,STATIC,84.07,STATIC,48.85,STATIC,105.55,STATIC,169.34,STATIC,64.47,STATIC,163.76,STATIC
82.20166666666667,1972,66.66,STATIC,159.10,STATIC,84.32,STATIC,50.05,STATIC,105.23,STATIC,169.79,STATIC,64.46,STATIC,162.92,STATIC
82.24333333333334,1973,67.10,STATIC,157.95,STATIC,84.26,STATIC,52.54,STATIC,106.13,STATIC,169.56,STATIC,65.36,STATIC,163.56,STATIC
82.28500000000001,1974,68.93,STATIC,155.08,STATIC,84.35,STATIC,50.61,STATIC,104.96,STATIC,162.87,FLEXION,60.52,STATIC,162.27,STATIC
82.32666666666667,1975,69.02,STATIC,153.09,STATIC,84.45,STATIC,51.43,STATIC,104.37,STATIC,163.36,STATIC,59.13,STATIC,161.60,STATIC
82.36833333333334,1976,68.95,STATIC,146.63,FLEXION,84.52,STATIC,50.45,STATIC,104.06,STATIC,162.88,STATIC,57.99,STATIC,162.58,STATIC
82.41000000000001,1977,68.23,STATIC,143.92,STATIC,84.70,STATIC,46.25,STATIC,103.54,STATIC,162.03,STATIC,56.78,STATIC,162.80,STATIC
82.45166666666667,1978,67.99,STATIC,144.96,STATIC,84.66,STATIC,46.80,STATIC,103.65,STATIC,161.50,STATIC,57.51,STATIC,163.35,STATIC
82.49333333333334,1979,67.92,STATIC,143.73,STATIC,84.67,STATIC,47.14,STATIC,103.83,STATIC,161.46,STATIC,57.73,STATIC,163.99,STATIC
82.53500000000001,1980,67.20,STATIC,142.98,STATIC,84.81,STATIC,46.72,STATIC,103.29,STATIC,160.19,STATIC,56.01,STATIC,163.76,STATIC
82.57666666666667,1981,67.73,STATIC,135.76,FLEXION,84.98,STATIC,43.15,STATIC,102.33,STATIC,160.45,STATIC,53.12,STATIC,162.72,STATIC
82.61833333333334,1982,68.90,STATIC,132.97,STATIC,85.10,STATIC,41.36,STATIC,101.48,STATIC,161.31,STATIC,46.00,FLEXION,159.61,STATIC
82.66000000000001,1983,69.77,STATIC,134.72,STATIC,85.11,STATIC,43.29,STATIC,101.23,STATIC,162.65,STATIC,44.12,STATIC,156.26,STATIC
82.70166666666667,1984,71.85,STATIC,133.68,STATIC,85.13,STATIC,42.04,STATIC,101.08,STATIC,161.10,STATIC,44.66,STATIC,154.14,STATIC
82.74333333333334,1985,73.70,STATIC,133.50,STATIC,85.16,STATIC,41.16,STATIC,101.20,STATIC,162.78,STATIC,42.20,STATIC,152.38,STATIC
82.78500000000001,1986,76.10,STATIC,131.42,STATIC,85.29,STATIC,39.32,STATIC,101.18,STATIC,162.52,STATIC,41.48,STATIC,151.63,STATIC
82.82666666666667,1987,77.62,STATIC,133.52,STATIC,85.41,STATIC,39.94,STATIC,101.26,STATIC,161.30,STATIC,39.65,STATIC,150.95,STATIC
82.86833333333334,1988,76.53,STATIC,136.10,STATIC,85.49,STATIC,40.57,STATIC,100.99,STATIC,160.45,STATIC,40.47,STATIC,151.06,STATIC
82.91000000000001,1989,72.37,STATIC,139.39,STATIC,85.50,STATIC,40.20,STATIC,101.18,STATIC,160.86,STATIC,43.69,STATIC,154.00,STATIC
82.95166666666667,1990,68.54,STATIC,144.08,STATIC,85.41,STATIC,41.82,STATIC,101.41,STATIC,164.13,STATIC,49.86,EXTENSION,158.07,STATIC
82.99333333333334,1991,55.28,FLEXION,146.37,STATIC,85.56,STATIC,42.67,STATIC,100.99,STATIC,165.32,STATIC,50.77,STATIC,160.13,STATIC
83.03500000000001,1992,49.32,FLEXION,152.80,EXTENSION,85.81,STATIC,43.27,STATIC,101.06,STATIC,169.06,STATIC,53.76,STATIC,160.53,STATIC
83.07666666666667,1993,55.06,EXTENSION,146.14,FLEXION,85.79,STATIC,49.93,EXTENSION,101.58,STATIC,167.91,STATIC,53.11,STATIC,160.54,STATIC
83.11833333333334,1994,61.66,EXTENSION,145.04,STATIC,86.69,STATIC,52.82,STATIC,101.36,STATIC,168.34,STATIC,50.49,STATIC,159.90,STATIC
83.16000000000001,1995,55.70,FLEXION,142.78,STATIC,86.93,STATIC,55.82,STATIC,101.12,STATIC,167.15,STATIC,49.52,STATIC,158.31,STATIC
83.20166666666667,1996,44.66,FLEXION,134.84,FLEXION,86.81,STATIC,49.99,FLEXION,100.40,STATIC,164.96,STATIC,46.73,STATIC,153.53,STATIC
83.24333333333334,1997,37.08,FLEXION,99.16,FLEXION,86.76,STATIC,34.31,FLEXION,100.15,STATIC,164.01,STATIC,45.93,STATIC,152.75,STATIC
83.28500000000001,1998,18.54,FLEXION,82.27,FLEXION,86.79,STATIC,27.84,FLEXION,100.15,STATIC,160.95,STATIC,43.39,STATIC,152.22,STATIC
83.32666666666667,1999,17.63,STATIC,74.43,FLEXION,86.78,STATIC,32.91,EXTENSION,100.33,STATIC,160.05,STATIC,45.12,STATIC,151.15,STATIC
83.36833333333334,2000,15.56,STATIC,66.87,FLEXION,86.84,STATIC,34.50,STATIC,100.28,STATIC,161.28,STATIC,44.34,STATIC,149.99,STATIC
83.41000000000001,2001,14.68,STATIC,66.16,STATIC,86.82,STATIC,40.49,EXTENSION,100.32,STATIC,160.65,STATIC,43.96,STATIC,148.63,STATIC
83.45166666666667,2002,14.66,STATIC,66.55,STATIC,87.13,STATIC,46.06,EXTENSION,100.07,STATIC,158.59,STATIC,41.79,STATIC,145.55,STATIC
83.49333333333334,2003,13.35,STATIC,71.19,STATIC,87.38,STATIC,49.52,STATIC,99.95,STATIC,157.53,STATIC,41.74,STATIC,143.15,STATIC
83.53500000000001,2004,12.97,STATIC,74.66,STATIC,87.45,STATIC,51.99,STATIC,100.13,STATIC,158.53,STATIC,43.23,STATIC,143.16,STATIC
83.57666666666667,2005,12.56,STATIC,74.45,STATIC,87.59,STATIC,53.11,STATIC,100.28,STATIC,156.55,STATIC,40.61,STATIC,141.70,STATIC
83.61833333333334,2006,13.29,STATIC,76.93,STATIC,87.50,STATIC,55.31,STATIC,100.42,STATIC,157.10,STATIC,41.91,STATIC,141.75,STATIC
83.66000000000001,2007,14.61,STATIC,80.12,STATIC,87.51,STATIC,55.91,STATIC,100.60,STATIC,157.08,STATIC,41.93,STATIC,141.78,STATIC
83.70166666666667,2008,14.24,STATIC,83.59,STATIC,87.62,STATIC,56.65,STATIC,100.63,STATIC,157.04,STATIC,41.75,STATIC,141.35,STATIC
83.74333333333334,2009,14.73,STATIC,85.91,STATIC,87.69,STATIC,57.56,STATIC,100.53,STATIC,155.52,STATIC,41.17,STATIC,140.96,STATIC
83.78500000000001,2010,15.98,STATIC,86.79,STATIC,87.68,STATIC,58.36,STATIC,100.57,STATIC,155.76,STATIC,40.86,STATIC,141.16,STATIC
83.82666666666667,2011,16.15,STATIC,87.36,STATIC,87.71,STATIC,57.97,STATIC,100.44,STATIC,155.94,STATIC,41.02,STATIC,140.83,STATIC
83.86833333333334,2012,16.12,STATIC,87.89,STATIC,87.73,STATIC,57.26,STATIC,100.52,STATIC,156.65,STATIC,41.43,STATIC,141.33,STATIC
83.91000000000001,2013,18.12,STATIC,88.91,STATIC,87.73,STATIC,55.75,STATIC,100.69,STATIC,156.94,STATIC,41.45,STATIC,141.56,STATIC
83.95166666666667,2014,19.18,STATIC,90.63,STATIC,87.72,STATIC,56.29,STATIC,100.78,STATIC,156.87,STATIC,40.79,STATIC,141.21,STATIC
83.99333333333334,2015,18.85,STATIC,92.74,STATIC,87.71,STATIC,55.37,STATIC,100.92,STATIC,155.91,STATIC,39.76,STATIC,140.60,STATIC
84.03500000000001,2016,19.52,STATIC,96.17,STATIC,87.88,STATIC,54.49,STATIC,101.02,STATIC,155.21,STATIC,40.11,STATIC,140.94,STATIC
84.07666666666667,2017,19.60,STATIC,99.69,STATIC,87.94,STATIC,53.17,STATIC,100.85,STATIC,153.17,STATIC,39.72,STATIC,140.74,STATIC
84.11833333333334,2018,20.04,STATIC,100.62,STATIC,88.02,STATIC,53.49,STATIC,100.42,STATIC,151.71,STATIC,38.91,STATIC,140.53,STATIC
84.16000000000001,2019,20.65,STATIC,103.25,STATIC,88.03,STATIC,52.13,STATIC,100.33,STATIC,151.82,STATIC,38.38,STATIC,140.54,STATIC
84.20166666666667,2020,19.94,STATIC,102.65,STATIC,88.09,STATIC,52.75,STATIC,100.42,STATIC,153.63,STATIC,38.39,STATIC,141.21,STATIC
84.24333333333334,2021,22.71,STATIC,102.91,STATIC,88.10,STATIC,53.61,STATIC,100.42,STATIC,153.49,STATIC,37.58,STATIC,140.87,STATIC
84.28500000000001,2022,22.05,STATIC,103.42,STATIC,88.12,STATIC,54.10,STATIC,100.26,STATIC,152.59,STATIC,36.46,STATIC,139.66,STATIC
84.32666666666667,2023,23.63,STATIC,105.09,STATIC,88.08,STATIC,54.08,STATIC,100.21,STATIC,151.76,STATIC,35.86,STATIC,138.60,STATIC
84.36833333333334,2024,24.97,STATIC,106.29,STATIC,88.05,STATIC,54.35,STATIC,100.12,STATIC,150.85,STATIC,35.57,STATIC,137.82,STATIC
84.41000000000001,2025,25.41,STATIC,107.15,STATIC,88.03,STATIC,54.73,STATIC,99.96,STATIC,150.29,STATIC,35.71,STATIC,137.55,STATIC
84.45166666666667,2026,26.35,STATIC,107.83,STATIC,88.01,STATIC,54.92,STATIC,99.85,STATIC,149.10,STATIC,35.24,STATIC,137.41,STATIC
84.49333333333334,2027,26.77,STATIC,108.50,STATIC,87.99,STATIC,54.98,STATIC,99.75,STATIC,149.01,STATIC,34.70,STATIC,137.18,STATIC
84.53500000000001,2028,26.93,STATIC,108.75,STATIC,87.99,STATIC,55.34,STATIC,99.58,STATIC,148.10,STATIC,34.63,STATIC,137.67,STATIC
84.57666666666667,2029,27.06,STATIC,108.85,STATIC,87.99,STATIC,55.33,STATIC,99.54,STATIC,148.78,STATIC,34.49,STATIC,137.99,STATIC
84.61833333333334,2030,27.02,STATIC,108.95,STATIC,88.01,STATIC,55.49,STATIC,99.53,STATIC,148.66,STATIC,33.11,STATIC,136.56,STATIC
84.66000000000001,2031,26.50,STATIC,108.67,STATIC,88.03,STATIC,55.69,STATIC,99.41,STATIC,148.56,STATIC,32.99,STATIC,135.86,STATIC
84.70166666666667,2032,26.01,STATIC,107.84,STATIC,88.04,STATIC,56.32,STATIC,99.34,STATIC,148.54,STATIC,32.75,STATIC,135.04,STATIC
84.74333333333334,2033,25.44,STATIC,107.31,STATIC,88.03,STATIC,56.20,STATIC,99.24,STATIC,148.42,STATIC,32.49,STATIC,134.54,STATIC
84.78500000000001,2034,24.95,STATIC,107.20,STATIC,88.04,STATIC,55.87,STATIC,99.09,STATIC,148.38,STATIC,32.87,STATIC,134.33,STATIC
84.82666666666667,2035,24.39,STATIC,108.55,STATIC,88.05,STATIC,54.84,STATIC,99.01,STATIC,148.42,STATIC,32.96,STATIC,134.50,STATIC
84.86833333333334,2036,23.71,STATIC,109.83,STATIC,88.06,STATIC,54.10,STATIC,98.98,STATIC,148.95,STATIC,33.00,STATIC,134.97,STATIC
84.91000000000001,2037,23.39,STATIC,111.61,STATIC,88.06,STATIC,52.97,STATIC,99.01,STATIC,151.08,STATIC,33.02,STATIC,134.90,STATIC
84.95166666666667,2038,23.53,STATIC,112.20,STATIC,88.05,STATIC,52.88,STATIC,98.97,STATIC,151.64,STATIC,33.20,STATIC,135.13,STATIC
84.99333333333334,2039,23.36,STATIC,112.95,STATIC,88.06,STATIC,53.04,STATIC,99.03,STATIC,152.45,STATIC,33.54,STATIC,135.39,STATIC
85.03500000000001,2040,23.26,STATIC,113.67,STATIC,88.10,STATIC,53.38,STATIC,99.06,STATIC,153.04,STATIC,34.29,STATIC,135.73,STATIC
85.07666666666667,2041,23.35,STATIC,115.31,STATIC,88.12,STATIC,53.93,STATIC,99.21,STATIC,154.01,STATIC,35.36,STATIC,136.21,STATIC
85.11833333333334,2042,27.42,STATIC,116.04,STATIC,88.11,STATIC,53.66,STATIC,99.32,STATIC,154.00,STATIC,35.31,STATIC,136.86,STATIC
85.16000000000001,2043,32.72,EXTENSION,116.99,STATIC,87.59,STATIC,52.49,STATIC,99.47,STATIC,155.22,STATIC,35.96,STATIC,138.15,STATIC
85.20166666666667,2044,33.74,STATIC,115.95,STATIC,87.43,STATIC,53.26,STATIC,99.61,STATIC,155.78,STATIC,36.44,STATIC,139.45,STATIC
85.24333333333334,2045,33.16,STATIC,115.65,STATIC,87.55,STATIC,53.50,STATIC,99.68,STATIC,155.94,STATIC,36.73,STATIC,140.24,STATIC
85.28500000000001,2046,32.67,STATIC,114.31,STATIC,87.57,STATIC,55.21,STATIC,99.61,STATIC,155.51,STATIC,37.16,STATIC,140.44,STATIC
85.32666666666667,2047,35.79,STATIC,112.22,STATIC,87.59,STATIC,56.77,STATIC,99.57,STATIC,155.72,STATIC,37.51,STATIC,141.22,STATIC
85.36833333333334,2048,37.46,STATIC,111.68,STATIC,87.61,STATIC,56.79,STATIC,99.54,STATIC,156.49,STATIC,37.57,STATIC,142.12,STATIC
85.41000000000001,2049,38.67,STATIC,111.40,STATIC,87.64,STATIC,57.19,STATIC,99.52,STATIC,156.93,STATIC,37.73,STATIC,142.76,STATIC
85.45166666666667,2050,37.36,STATIC,112.42,STATIC,87.95,STATIC,57.21,STATIC,99.40,STATIC,156.42,STATIC,37.28,STATIC,142.39,STATIC
85.49333333333334,2051,37.48,STATIC,112.19,STATIC,87.98,STATIC,56.75,STATIC,99.28,STATIC,157.12,STATIC,36.87,STATIC,142.22,STATIC
85.53500000000001,2052,38.24,STATIC,112.01,STATIC,88.08,STATIC,56.54,STATIC,99.23,STATIC,157.67,STATIC,36.87,STATIC,142.09,STATIC
85.57666666666667,2053,41.71,STATIC,111.63,STATIC,88.04,STATIC,56.53,STATIC,99.24,STATIC,158.28,STATIC,37.13,STATIC,142.34,STATIC
85.61833333333334,2054,42.11,STATIC,111.32,STATIC,88.04,STATIC,57.04,STATIC,99.15,STATIC,157.86,STATIC,36.92,STATIC,142.03,STATIC
85.66000000000001,2055,41.35,STATIC,110.32,STATIC,87.76,STATIC,56.96,STATIC,99.15,STATIC,157.73,STATIC,36.48,STATIC,141.99,STATIC
85.70166666666667,2056,45.42,STATIC,111.67,STATIC,87.46,STATIC,54.38,STATIC,99.14,STATIC,157.57,STATIC,35.53,STATIC,141.47,STATIC
85.74333333333334,2057,47.16,STATIC,111.58,STATIC,87.42,STATIC,54.02,STATIC,99.10,STATIC,157.29,STATIC,35.34,STATIC,141.03,STATIC
85.78500000000001,2058,47.36,STATIC,111.20,STATIC,87.50,STATIC,54.16,STATIC,99.10,STATIC,156.94,STATIC,35.16,STATIC,140.50,STATIC
85.82666666666667,2059,48.84,STATIC,109.99,STATIC,87.34,STATIC,53.76,STATIC,99.12,STATIC,158.41,STATIC,35.59,STATIC,140.54,STATIC
85.86833333333334,2060,53.31,STATIC,108.81,STATIC,87.39,STATIC,53.48,STATIC,99.09,STATIC,157.59,STATIC,34.85,STATIC,139.08,STATIC
85.91000000000001,2061,52.33,STATIC,108.54,STATIC,87.45,STATIC,52.51,STATIC,99.08,STATIC,156.92,STATIC,34.82,STATIC,137.96,STATIC
85.95166666666667,2062,53.07,STATIC,108.74,STATIC,87.43,STATIC,51.52,STATIC,99.07,STATIC,155.91,STATIC,34.57,STATIC,136.12,STATIC
85.995,2063,55.15,STATIC,111.98,STATIC,87.07,STATIC,49.09,STATIC,99.08,STATIC,155.30,STATIC,34.94,STATIC,134.77,STATIC
86.03666666666668,2064,55.46,STATIC,110.14,STATIC,87.15,STATIC,49.49,STATIC,99.01,STATIC,154.59,STATIC,34.86,STATIC,133.56,STATIC
86.07833333333333,2065,56.00,STATIC,113.60,STATIC,87.18,STATIC,47.73,STATIC,99.05,STATIC,153.22,STATIC,34.37,STATIC,132.17,STATIC
86.12,2066,54.43,STATIC,114.50,STATIC,87.04,STATIC,47.37,STATIC,99.09,STATIC,152.64,STATIC,34.51,STATIC,131.63,STATIC
86.16166666666668,2067,54.26,STATIC,115.69,STATIC,87.01,STATIC,47.47,STATIC,99.13,STATIC,151.59,STATIC,34.27,STATIC,130.99,STATIC
86.20333333333333,2068,51.94,STATIC,114.44,STATIC,87.29,STATIC,47.89,STATIC,99.09,STATIC,151.09,STATIC,34.58,STATIC,130.54,STATIC
86.245,2069,54.51,STATIC,113.55,STATIC,87.07,STATIC,48.38,STATIC,99.18,STATIC,151.62,STATIC,35.22,STATIC,131.10,STATIC
86.28666666666668,2070,55.68,STATIC,110.98,STATIC,87.93,STATIC,49.83,STATIC,99.11,STATIC,151.51,STATIC,35.48,STATIC,130.60,STATIC
86.32833333333333,2071,56.88,STATIC,109.27,STATIC,88.28,STATIC,51.50,STATIC,99.22,STATIC,150.76,STATIC,35.35,STATIC,129.88,STATIC
86.37,2072,56.77,STATIC,109.77,STATIC,88.17,STATIC,51.48,STATIC,99.33,STATIC,151.06,STATIC,35.63,STATIC,129.92,STATIC
86.41166666666668,2073,51.25,FLEXION,110.42,STATIC,88.25,STATIC,51.16,STATIC,99.48,STATIC,151.02,STATIC,35.88,STATIC,129.98,STATIC
86.45333333333333,2074,49.30,STATIC,111.75,STATIC,88.27,STATIC,50.11,STATIC,99.49,STATIC,150.98,STATIC,36.30,STATIC,130.02,STATIC
86.495,2075,44.24,FLEXION,109.94,STATIC,88.28,STATIC,51.48,STATIC,99.58,STATIC,150.76,STATIC,36.69,STATIC,130.37,STATIC
86.53666666666668,2076,38.40,FLEXION,108.83,STATIC,88.25,STATIC,48.69,STATIC,99.80,STATIC,152.08,STATIC,37.40,STATIC,131.60,STATIC
86.57833333333333,2077,34.01,STATIC,107.35,STATIC,88.13,STATIC,44.91,STATIC,99.87,STATIC,152.44,STATIC,38.90,STATIC,133.26,STATIC
86.62,2078,30.42,STATIC,106.97,STATIC,87.98,STATIC,41.36,STATIC,100.31,STATIC,153.23,STATIC,40.32,STATIC,135.21,STATIC
86.66166666666668,2079,26.88,STATIC,108.19,STATIC,87.69,STATIC,38.17,STATIC,100.83,STATIC,156.37,STATIC,43.21,STATIC,138.11,STATIC
86.70333333333333,2080,21.80,FLEXION,111.06,STATIC,87.29,STATIC,36.75,STATIC,101.58,STATIC,158.68,STATIC,46.43,STATIC,140.99,STATIC
86.745,2081,22.18,STATIC,113.28,STATIC,86.70,STATIC,36.40,STATIC,102.06,STATIC,159.98,STATIC,46.70,STATIC,142.74,STATIC
86.78666666666668,2082,26.84,STATIC,115.30,STATIC,86.68,STATIC,41.78,EXTENSION,102.14,STATIC,160.82,STATIC,48.60,STATIC,144.08,STATIC
86.82833333333333,2083,29.05,STATIC,120.19,STATIC,86.51,STATIC,38.34,STATIC,102.22,STATIC,160.82,STATIC,48.45,STATIC,144.09,STATIC
86.87,2084,37.26,EXTENSION,123.83,STATIC,86.18,STATIC,42.41,STATIC,102.16,STATIC,160.94,STATIC,49.11,STATIC,145.78,STATIC
86.91166666666668,2085,49.80,EXTENSION,127.82,STATIC,86.05,STATIC,48.54,EXTENSION,102.88,STATIC,159.59,STATIC,52.06,STATIC,148.18,STATIC
86.95333333333333,2086,53.78,STATIC,133.15,EXTENSION,85.54,STATIC,49.79,STATIC,103.35,STATIC,160.98,STATIC,52.74,STATIC,147.99,STATIC
86.995,2087,54.94,STATIC,136.62,STATIC,85.30,STATIC,49.07,STATIC,103.33,STATIC,161.58,STATIC,52.80,STATIC,146.65,STATIC
87.03666666666668,2088,63.28,EXTENSION,138.57,STATIC,85.00,STATIC,44.74,STATIC,103.18,STATIC,161.99,STATIC,52.31,STATIC,147.39,STATIC
87.07833333333333,2089,67.15,STATIC,140.15,STATIC,84.81,STATIC,43.36,STATIC,103.56,STATIC,162.97,STATIC,54.22,STATIC,149.52,STATIC
87.12,2090,72.76,EXTENSION,141.60,STATIC,84.71,STATIC,42.63,STATIC,103.87,STATIC,163.85,STATIC,55.11,STATIC,151.06,STATIC
87.16166666666668,2091,75.48,STATIC,143.06,STATIC,84.62,STATIC,42.34,STATIC,104.21,STATIC,164.83,STATIC,55.60,STATIC,152.42,STATIC
87.20333333333333,2092,77.38,STATIC,143.73,STATIC,84.58,STATIC,42.31,STATIC,104.94,STATIC,165.95,STATIC,56.75,STATIC,155.16,STATIC
87.245,2093,78.95,STATIC,144.16,STATIC,84.54,STATIC,43.23,STATIC,105.27,STATIC,166.86,STATIC,57.92,STATIC,156.83,STATIC
87.28666666666668,2094,78.70,STATIC,142.66,STATIC,84.57,STATIC,43.82,STATIC,105.81,STATIC,167.54,STATIC,58.52,STATIC,157.96,STATIC
87.32833333333333,2095,78.53,STATIC,142.91,STATIC,84.52,STATIC,43.74,STATIC,106.06,STATIC,168.00,STATIC,59.25,STATIC,159.03,STATIC
87.37,2096,79.45,STATIC,143.24,STATIC,84.47,STATIC,43.12,STATIC,106.38,STATIC,168.51,STATIC,61.08,STATIC,160.40,STATIC
87.41166666666668,2097,80.95,STATIC,143.13,STATIC,84.48,STATIC,42.73,STATIC,106.63,STATIC,168.62,STATIC,62.36,STATIC,160.99,STATIC
87.45333333333333,2098,84.29,STATIC,142.05,STATIC,84.48,STATIC,43.81,STATIC,107.34,STATIC,169.92,STATIC,65.78,STATIC,162.77,STATIC
87.495,2099,87.00,STATIC,141.34,STATIC,84.56,STATIC,43.60,STATIC,107.44,STATIC,170.22,STATIC,65.40,STATIC,163.27,STATIC
87.53666666666668,2100,88.50,STATIC,137.23,STATIC,84.76,STATIC,43.73,STATIC,107.23,STATIC,170.63,STATIC,65.46,STATIC,163.65,STATIC
87.57833333333333,2101,91.08,STATIC,134.06,STATIC,85.02,STATIC,40.07,STATIC,106.96,STATIC,169.48,STATIC,65.52,STATIC,164.30,STATIC
87.62,2102,93.41,STATIC,132.02,STATIC,85.28,STATIC,38.98,STATIC,106.86,STATIC,168.13,STATIC,65.53,STATIC,164.16,STATIC
87.66166666666668,2103,95.39,STATIC,131.28,STATIC,85.55,STATIC,39.44,STATIC,106.52,STATIC,166.49,STATIC,68.29,STATIC,164.36,STATIC
87.70333333333333,2104,95.89,STATIC,129.43,STATIC,85.68,STATIC,40.68,STATIC,106.13,STATIC,166.54,STATIC,66.42,STATIC,163.49,STATIC
87.745,2105,96.41,STATIC,128.84,STATIC,85.82,STATIC,40.96,STATIC,105.25,STATIC,165.89,STATIC,65.61,STATIC,161.45,STATIC
87.78666666666668,2106,96.57,STATIC,128.14,STATIC,85.85,STATIC,40.29,STATIC,104.98,STATIC,165.86,STATIC,65.09,STATIC,161.88,STATIC
87.82833333333333,2107,97.24,STATIC,127.49,STATIC,85.89,STATIC,40.20,STATIC,104.43,STATIC,166.56,STATIC,63.98,STATIC,161.23,STATIC
87.87,2108,96.45,STATIC,125.98,STATIC,85.80,STATIC,38.09,STATIC,104.22,STATIC,168.81,STATIC,62.29,STATIC,161.62,STATIC
87.91166666666668,2109,98.27,STATIC,127.26,STATIC,85.78,STATIC,38.55,STATIC,104.29,STATIC,168.74,STATIC,62.97,STATIC,162.61,STATIC
87.95333333333333,2110,98.82,STATIC,127.07,STATIC,85.75,STATIC,37.59,STATIC,104.15,STATIC,169.37,STATIC,61.40,STATIC,161.80,STATIC
87.995,2111,99.09,STATIC,130.42,STATIC,85.55,STATIC,37.71,STATIC,104.35,STATIC,167.91,STATIC,57.25,STATIC,162.27,STATIC
88.03666666666668,2112,99.61,STATIC,134.21,STATIC,85.23,STATIC,37.61,STATIC,104.77,STATIC,166.35,STATIC,57.49,STATIC,161.17,STATIC
88.07833333333333,2113,99.53,STATIC,136.71,STATIC,84.98,STATIC,37.20,STATIC,105.28,STATIC,162.63,STATIC,54.67,STATIC,160.16,STATIC
88.12,2114,100.35,STATIC,136.68,STATIC,84.85,STATIC,37.24,STATIC,105.38,STATIC,165.51,STATIC,50.80,STATIC,158.82,STATIC
88.16166666666668,2115,99.89,STATIC,136.03,STATIC,84.81,STATIC,37.07,STATIC,104.75,STATIC,166.41,STATIC,48.86,STATIC,158.16,STATIC
88.20333333333333,2116,99.41,STATIC,135.69,STATIC,84.87,STATIC,37.15,STATIC,104.27,STATIC,165.32,STATIC,48.23,STATIC,158.24,STATIC
88.245,2117,94.96,STATIC,137.92,STATIC,84.85,STATIC,37.13,STATIC,104.18,STATIC,168.54,STATIC,47.60,STATIC,157.31,STATIC
88.28666666666668,2118,91.25,STATIC,140.81,STATIC,84.86,STATIC,37.32,STATIC,103.99,STATIC,168.11,STATIC,48.71,STATIC,157.80,STATIC
88.32833333333333,2119,85.91,FLEXION,142.62,STATIC,84.84,STATIC,39.52,STATIC,104.04,STATIC,168.70,STATIC,49.49,STATIC,157.93,STATIC
88.37,2120,82.49,STATIC,141.05,STATIC,84.78,STATIC,39.24,STATIC,104.28,STATIC,168.14,STATIC,50.58,STATIC,158.38,STATIC
88.41166666666668,2121,80.62,STATIC,141.46,STATIC,84.80,STATIC,38.62,STATIC,104.33,STATIC,167.15,STATIC,51.46,STATIC,159.39,STATIC
88.45333333333333,2122,79.67,STATIC,137.22,STATIC,84.89,STATIC,37.99,STATIC,104.46,STATIC,166.77,STATIC,52.64,STATIC,161.02,STATIC
88.495,2123,78.44,STATIC,139.00,STATIC,84.94,STATIC,36.73,STATIC,104.22,STATIC,168.42,STATIC,55.97,STATIC,160.89,STATIC
88.53666666666668,2124,76.89,STATIC,137.69,STATIC,84.97,STATIC,37.28,STATIC,104.00,STATIC,168.85,STATIC,54.79,STATIC,161.41,STATIC
88.57833333333333,2125,76.89,STATIC,136.87,STATIC,84.99,STATIC,37.20,STATIC,103.73,STATIC,168.15,STATIC,53.48,STATIC,161.69,STATIC
88.62,2126,77.69,STATIC,133.23,STATIC,85.02,STATIC,36.23,STATIC,103.34,STATIC,167.48,STATIC,52.84,STATIC,161.34,STATIC
88.66166666666668,2127,77.80,STATIC,136.01,STATIC,84.96,STATIC,35.02,STATIC,103.38,STATIC,165.73,STATIC,53.39,STATIC,161.62,STATIC
88.70333333333333,2128,78.28,STATIC,135.07,STATIC,84.96,STATIC,35.23,STATIC,103.19,STATIC,165.08,STATIC,52.68,STATIC,160.62,STATIC
88.745,2129,78.26,STATIC,136.89,STATIC,84.92,STATIC,36.22,STATIC,102.95,STATIC,163.95,STATIC,52.77,STATIC,159.39,STATIC
88.78666666666668,2130,79.36,STATIC,138.35,STATIC,84.83,STATIC,38.79,STATIC,102.85,STATIC,163.72,STATIC,53.97,STATIC,158.61,STATIC
88.82833333333333,2131,80.15,STATIC,139.46,STATIC,84.77,STATIC,38.90,STATIC,102.86,STATIC,163.49,STATIC,53.26,STATIC,157.26,STATIC
88.87,2132,80.92,STATIC,139.35,STATIC,84.74,STATIC,38.96,STATIC,102.52,STATIC,163.36,STATIC,51.51,STATIC,155.70,STATIC
88.91166666666668,2133,82.05,STATIC,139.62,STATIC,84.76,STATIC,38.64,STATIC,102.22,STATIC,162.30,STATIC,51.74,STATIC,153.96,STATIC
88.95333333333333,2134,83.40,STATIC,141.92,STATIC,84.67,STATIC,39.06,STATIC,102.63,STATIC,162.85,STATIC,50.93,STATIC,153.68,STATIC
88.995,2135,83.06,STATIC,144.80,STATIC,84.57,STATIC,39.56,STATIC,102.70,STATIC,162.63,STATIC,51.07,STATIC,152.80,STATIC
89.03666666666668,2136,83.46,STATIC,147.53,STATIC,84.45,STATIC,42.45,STATIC,102.94,STATIC,161.54,STATIC,52.85,STATIC,152.18,STATIC
89.07833333333333,2137,82.62,STATIC,150.82,STATIC,84.34,STATIC,44.51,STATIC,103.06,STATIC,161.21,STATIC,53.54,STATIC,152.23,STATIC
89.12,2138,81.06,STATIC,151.62,STATIC,84.24,STATIC,43.49,STATIC,103.03,STATIC,162.07,STATIC,54.19,STATIC,152.87,STATIC
89.16166666666668,2139,81.01,STATIC,152.62,STATIC,84.27,STATIC,43.90,STATIC,102.73,STATIC,162.05,STATIC,53.59,STATIC,153.47,STATIC
89.20333333333333,2140,80.98,STATIC,153.15,STATIC,84.27,STATIC,44.94,STATIC,102.91,STATIC,162.42,STATIC,54.53,STATIC,154.82,STATIC
89.245,2141,81.59,STATIC,152.33,STATIC,84.29,STATIC,44.50,STATIC,102.89,STATIC,162.95,STATIC,55.02,STATIC,155.89,STATIC
89.28666666666668,2142,81.50,STATIC,151.95,STATIC,84.31,STATIC,44.76,STATIC,102.91,STATIC,163.12,STATIC,54.79,STATIC,157.25,STATIC
89.32833333333333,2143,82.20,STATIC,151.66,STATIC,84.25,STATIC,43.83,STATIC,102.78,STATIC,164.10,STATIC,53.91,STATIC,158.11,STATIC
89.37,2144,81.75,STATIC,152.73,STATIC,84.25,STATIC,43.92,STATIC,102.76,STATIC,166.03,STATIC,55.00,STATIC,159.52,STATIC
89.41166666666668,2145,81.93,STATIC,152.25,STATIC,84.15,STATIC,43.23,STATIC,102.99,STATIC,166.55,STATIC,54.01,STATIC,160.38,STATIC
89.45333333333333,2146,81.30,STATIC,151.26,STATIC,84.15,STATIC,43.23,STATIC,103.22,STATIC,167.11,STATIC,53.98,STATIC,161.00,STATIC
89.495,2147,80.43,STATIC,150.09,STATIC,84.12,STATIC,43.17,STATIC,103.66,STATIC,166.89,STATIC,54.61,STATIC,162.25,STATIC
89.53666666666668,2148,79.18,STATIC,149.62,STATIC,84.15,STATIC,42.77,STATIC,104.04,STATIC,167.53,STATIC,55.28,STATIC,163.46,STATIC
89.57833333333333,2149,79.30,STATIC,148.67,STATIC,84.20,STATIC,43.01,STATIC,104.59,STATIC,168.15,STATIC,56.64,STATIC,164.64,STATIC
89.62,2150,79.62,STATIC,147.99,STATIC,84.29,STATIC,44.14,STATIC,104.84,STATIC,168.49,STATIC,57.15,STATIC,165.28,STATIC
89.66166666666668,2151,79.29,STATIC,148.94,STATIC,84.31,STATIC,44.11,STATIC,105.04,STATIC,170.41,STATIC,59.76,STATIC,166.80,STATIC
89.70333333333333,2152,80.01,STATIC,147.68,STATIC,84.24,STATIC,44.98,STATIC,105.51,STATIC,170.97,STATIC,60.60,STATIC,167.56,STATIC
89.745,2153,80.52,STATIC,146.72,STATIC,84.26,STATIC,45.11,STATIC,105.79,STATIC,171.64,STATIC,59.49,STATIC,167.83,STATIC
89.78666666666668,2154,81.37,STATIC,146.07,STATIC,84.26,STATIC,44.95,STATIC,106.40,STATIC,172.44,STATIC,59.49,STATIC,167.99,STATIC
89.82833333333333,2155,82.06,STATIC,145.11,STATIC,84.25,STATIC,44.91,STATIC,106.51,STATIC,172.47,STATIC,57.49,STATIC,167.70,STATIC
89.87,2156,82.78,STATIC,143.19,STATIC,84.24,STATIC,45.75,STATIC,106.77,STATIC,172.24,STATIC,57.97,STATIC,167.37,STATIC
89.91166666666668,2157,83.43,STATIC,143.77,STATIC,84.19,STATIC,46.16,STATIC,107.16,STATIC,172.02,STATIC,58.51,STATIC,166.98,STATIC
89.95333333333333,2158,84.09,STATIC,144.39,STATIC,84.24,STATIC,46.08,STATIC,106.61,STATIC,171.10,STATIC,56.13,STATIC,165.52,STATIC
89.99666666666667,2159,84.06,STATIC,147.15,STATIC,84.20,STATIC,45.78,STATIC,105.96,STATIC,170.11,STATIC,54.58,STATIC,164.22,STATIC
90.03833333333334,2160,84.16,STATIC,148.10,STATIC,84.12,STATIC,46.34,STATIC,105.69,STATIC,169.35,STATIC,54.55,STATIC,162.94,STATIC
90.08000000000001,2161,84.09,STATIC,149.00,STATIC,84.09,STATIC,46.66,STATIC,105.37,STATIC,168.81,STATIC,54.77,STATIC,162.12,STATIC
90.12166666666667,2162,83.77,STATIC,148.08,STATIC,84.03,STATIC,47.05,STATIC,105.19,STATIC,168.34,STATIC,55.33,STATIC,161.46,STATIC
90.16333333333334,2163,83.31,STATIC,148.57,STATIC,83.96,STATIC,47.58,STATIC,105.00,STATIC,167.81,STATIC,55.36,STATIC,160.77,STATIC
90.20500000000001,2164,82.57,STATIC,149.05,STATIC,83.94,STATIC,47.58,STATIC,104.68,STATIC,166.99,STATIC,54.93,STATIC,159.75,STATIC
90.24666666666667,2165,81.78,STATIC,148.93,STATIC,83.94,STATIC,47.99,STATIC,104.21,STATIC,166.19,STATIC,54.04,STATIC,158.70,STATIC
90.28833333333334,2166,80.94,STATIC,151.53,STATIC,83.94,STATIC,47.40,STATIC,103.87,STATIC,165.29,STATIC,54.24,STATIC,157.48,STATIC
90.33000000000001,2167,74.37,FLEXION,155.15,STATIC,83.90,STATIC,46.84,STATIC,103.65,STATIC,163.73,STATIC,54.85,STATIC,155.30,STATIC
90.37166666666667,2168,70.99,STATIC,156.35,STATIC,83.89,STATIC,46.80,STATIC,103.44,STATIC,162.16,STATIC,55.92,STATIC,153.09,STATIC
90.41333333333334,2169,67.99,STATIC,156.82,STATIC,83.87,STATIC,46.90,STATIC,103.14,STATIC,160.51,STATIC,55.96,STATIC,150.87,STATIC
90.45500000000001,2170,66.13,STATIC,156.44,STATIC,83.86,STATIC,48.12,STATIC,103.30,STATIC,160.16,STATIC,57.03,STATIC,150.91,STATIC
90.49666666666667,2171,63.53,STATIC,156.85,STATIC,83.92,STATIC,48.85,STATIC,103.89,STATIC,160.48,STATIC,60.64,STATIC,152.30,STATIC
90.53833333333334,2172,61.70,STATIC,156.57,STATIC,84.05,STATIC,49.66,STATIC,104.62,STATIC,160.66,STATIC,63.72,STATIC,153.58,STATIC
90.58000000000001,2173,59.76,STATIC,156.59,STATIC,84.05,STATIC,49.74,STATIC,105.36,STATIC,159.90,STATIC,66.43,STATIC,154.26,STATIC
90.62166666666667,2174,59.39,STATIC,155.36,STATIC,84.06,STATIC,49.88,STATIC,106.42,STATIC,160.74,STATIC,70.70,STATIC,154.87,STATIC
90.66333333333334,2175,60.73,STATIC,152.91,STATIC,84.08,STATIC,51.35,STATIC,107.82,STATIC,161.26,STATIC,75.37,STATIC,156.55,STATIC
90.70500000000001,2176,61.56,STATIC,153.27,STATIC,84.15,STATIC,50.66,STATIC,108.67,STATIC,162.22,STATIC,76.25,STATIC,158.04,STATIC
90.74666666666667,2177,62.42,STATIC,151.71,STATIC,84.17,STATIC,50.86,STATIC,109.86,STATIC,162.75,STATIC,79.19,STATIC,158.54,STATIC
90.78833333333334,2178,63.32,STATIC,149.74,STATIC,84.14,STATIC,49.63,STATIC,111.21,STATIC,165.47,STATIC,81.02,STATIC,160.86,STATIC
90.83000000000001,2179,63.71,STATIC,145.79,STATIC,84.08,STATIC,49.96,STATIC,112.33,STATIC,167.29,STATIC,81.60,STATIC,162.84,STATIC
90.87166666666667,2180,64.12,STATIC,147.10,STATIC,83.96,STATIC,48.84,STATIC,113.25,STATIC,169.35,STATIC,83.27,STATIC,164.18,STATIC
90.91333333333334,2181,64.62,STATIC,146.50,STATIC,83.94,STATIC,48.71,STATIC,114.24,STATIC,169.27,STATIC,83.00,STATIC,164.34,STATIC
90.95500000000001,2182,63.13,STATIC,147.78,STATIC,83.89,STATIC,48.72,STATIC,115.23,STATIC,169.31,STATIC,83.54,STATIC,165.04,STATIC
90.99666666666667,2183,60.86,STATIC,150.45,STATIC,83.86,STATIC,46.75,STATIC,116.22,STATIC,167.81,STATIC,83.76,STATIC,164.21,STATIC
91.03833333333334,2184,55.79,FLEXION,152.81,STATIC,83.92,STATIC,44.90,STATIC,117.36,STATIC,168.75,STATIC,86.18,STATIC,164.20,STATIC
91.08000000000001,2185,50.63,FLEXION,153.85,STATIC,84.04,STATIC,45.13,STATIC,117.96,STATIC,168.98,STATIC,86.73,STATIC,164.08,STATIC
91.12166666666667,2186,44.65,FLEXION,154.27,STATIC,84.12,STATIC,45.60,STATIC,118.61,STATIC,169.90,STATIC,88.81,STATIC,164.70,STATIC
91.16333333333334,2187,41.68,STATIC,153.84,STATIC,84.23,STATIC,46.43,STATIC,119.78,STATIC,170.17,STATIC,91.08,STATIC,164.98,STATIC
91.20500000000001,2188,40.13,STATIC,155.17,STATIC,84.25,STATIC,45.74,STATIC,121.02,STATIC,171.12,STATIC,92.76,STATIC,165.42,STATIC
91.24666666666667,2189,40.47,STATIC,154.67,STATIC,84.35,STATIC,46.42,STATIC,121.41,STATIC,171.15,STATIC,92.41,STATIC,166.03,STATIC
91.28833333333334,2190,39.85,STATIC,154.54,STATIC,84.32,STATIC,46.04,STATIC,122.50,STATIC,171.02,STATIC,94.78,STATIC,166.38,STATIC
91.33000000000001,2191,34.88,STATIC,155.45,STATIC,84.28,STATIC,46.09,STATIC,123.67,STATIC,168.88,STATIC,95.52,STATIC,165.23,STATIC
91.37166666666667,2192,29.37,FLEXION,158.49,STATIC,84.32,STATIC,45.35,STATIC,124.41,STATIC,168.44,STATIC,96.56,STATIC,165.01,STATIC
91.41333333333334,2193,25.74,STATIC,161.81,STATIC,84.31,STATIC,46.20,STATIC,124.93,STATIC,169.26,STATIC,97.60,STATIC,165.48,STATIC
91.45500000000001,2194,23.38,STATIC,161.26,STATIC,84.38,STATIC,46.37,STATIC,125.76,STATIC,167.23,STATIC,98.40,STATIC,164.74,STATIC
91.49666666666667,2195,21.94,STATIC,160.93,STATIC,84.44,STATIC,45.76,STATIC,126.45,STATIC,167.10,STATIC,99.20,STATIC,164.64,STATIC
91.53833333333334,2196,20.33,STATIC,161.15,STATIC,84.44,STATIC,45.80,STATIC,127.29,STATIC,164.30,STATIC,99.15,STATIC,164.00,STATIC
91.58000000000001,2197,19.17,STATIC,160.00,STATIC,84.63,STATIC,47.10,STATIC,127.39,STATIC,159.73,STATIC,97.82,STATIC,162.66,STATIC
91.62166666666667,2198,18.72,STATIC,159.88,STATIC,84.59,STATIC,46.44,STATIC,127.87,STATIC,163.06,STATIC,99.69,STATIC,163.50,STATIC
91.66333333333334,2199,18.28,STATIC,160.42,STATIC,84.52,STATIC,46.18,STATIC,128.76,STATIC,163.82,STATIC,100.98,STATIC,162.44,STATIC
91.70500000000001,2200,17.31,STATIC,159.63,STATIC,84.55,STATIC,46.50,STATIC,129.59,STATIC,164.07,STATIC,102.57,STATIC,163.41,STATIC
91.74666666666667,2201,17.22,STATIC,157.44,STATIC,84.53,STATIC,47.53,STATIC,130.25,STATIC,162.19,STATIC,103.46,STATIC,163.28,STATIC
91.78833333333334,2202,17.06,STATIC,156.90,STATIC,84.49,STATIC,47.66,STATIC,131.04,STATIC,160.94,STATIC,104.19,STATIC,163.17,STATIC
91.83000000000001,2203,17.28,STATIC,155.51,STATIC,84.55,STATIC,47.50,STATIC,131.36,STATIC,158.03,STATIC,104.85,STATIC,163.40,STATIC
91.87166666666667,2204,17.61,STATIC,154.64,STATIC,84.57,STATIC,48.59,STATIC,131.23,STATIC,159.37,STATIC,103.91,STATIC,162.79,STATIC
91.91333333333334,2205,18.02,STATIC,153.74,STATIC,84.55,STATIC,48.74,STATIC,130.13,STATIC,161.37,STATIC,103.78,STATIC,163.05,STATIC
91.95500000000001,2206,18.28,STATIC,151.94,STATIC,84.53,STATIC,48.53,STATIC,129.27,STATIC,162.35,STATIC,101.64,STATIC,162.73,STATIC
91.99666666666667,2207,18.77,STATIC,150.81,STATIC,84.61,STATIC,48.60,STATIC,127.46,STATIC,166.28,STATIC,99.04,STATIC,162.29,STATIC
92.03833333333334,2208,19.58,STATIC,149.85,STATIC,84.85,STATIC,48.22,STATIC,124.64,STATIC,165.47,STATIC,92.98,FLEXION,159.71,STATIC
92.08000000000001,2209,20.31,STATIC,149.38,STATIC,84.88,STATIC,48.15,STATIC,122.82,STATIC,163.73,STATIC,87.42,FLEXION,156.17,STATIC
92.12166666666667,2210,21.01,STATIC,147.66,STATIC,84.93,STATIC,47.22,STATIC,120.43,STATIC,160.72,STATIC,81.11,FLEXION,153.44,STATIC
92.16333333333334,2211,21.60,STATIC,148.50,STATIC,84.93,STATIC,46.89,STATIC,118.81,STATIC,158.19,STATIC,77.67,STATIC,150.86,STATIC
92.20500000000001,2212,22.35,STATIC,148.41,STATIC,85.02,STATIC,46.60,STATIC,116.94,STATIC,157.94,STATIC,72.71,STATIC,148.44,STATIC
92.24666666666667,2213,23.31,STATIC,149.42,STATIC,85.03,STATIC,46.06,STATIC,116.27,STATIC,159.93,STATIC,70.55,STATIC,148.61,STATIC
92.28833333333334,2214,25.54,STATIC,148.11,STATIC,85.05,STATIC,43.10,STATIC,114.39,STATIC,159.64,STATIC,65.65,STATIC,147.92,STATIC
92.33000000000001,2215,27.41,STATIC,148.38,STATIC,85.01,STATIC,42.95,STATIC,112.90,STATIC,160.93,STATIC,61.67,STATIC,151.60,STATIC
92.37166666666667,2216,29.44,STATIC,147.19,STATIC,85.05,STATIC,41.38,STATIC,110.70,STATIC,162.17,STATIC,59.90,STATIC,158.78,EXTENSION
92.41333333333334,2217,31.84,STATIC,147.88,STATIC,84.90,STATIC,41.54,STATIC,109.33,STATIC,161.45,STATIC,57.85,STATIC,159.58,STATIC
92.45500000000001,2218,34.65,STATIC,146.00,STATIC,84.75,STATIC,40.57,STATIC,107.96,STATIC,160.51,STATIC,59.51,STATIC,163.27,STATIC
92.49666666666667,2219,37.26,STATIC,143.78,STATIC,84.67,STATIC,40.78,STATIC,107.09,STATIC,160.24,STATIC,58.31,STATIC,164.47,STATIC
92.53833333333334,2220,39.67,STATIC,145.35,STATIC,84.60,STATIC,41.97,STATIC,106.32,STATIC,160.81,STATIC,55.95,STATIC,163.51,STATIC
92.58000000000001,2221,41.68,STATIC,147.01,STATIC,84.49,STATIC,42.52,STATIC,105.98,STATIC,163.42,STATIC,56.97,STATIC,164.18,STATIC
92.62166666666667,2222,44.66,STATIC,144.59,STATIC,84.47,STATIC,41.48,STATIC,105.38,STATIC,164.71,STATIC,56.09,STATIC,165.01,STATIC
92.66333333333334,2223,47.34,STATIC,144.40,STATIC,84.45,STATIC,41.84,STATIC,105.12,STATIC,163.26,STATIC,56.64,STATIC,165.48,STATIC
92.70500000000001,2224,49.87,STATIC,145.35,STATIC,84.43,STATIC,42.62,STATIC,104.87,STATIC,164.39,STATIC,56.33,STATIC,165.88,STATIC
92.74666666666667,2225,52.62,STATIC,146.03,STATIC,84.41,STATIC,43.58,STATIC,104.49,STATIC,163.79,STATIC,56.43,STATIC,165.72,STATIC
92.78833333333334,2226,54.55,STATIC,147.10,STATIC,84.35,STATIC,43.69,STATIC,104.28,STATIC,163.46,STATIC,56.21,STATIC,166.94,STATIC
92.83000000000001,2227,56.79,STATIC,146.73,STATIC,84.30,STATIC,43.64,STATIC,104.06,STATIC,163.41,STATIC,54.91,STATIC,167.72,STATIC
92.87166666666667,2228,59.18,STATIC,146.36,STATIC,84.23,STATIC,43.48,STATIC,103.93,STATIC,164.77,STATIC,54.75,STATIC,168.47,STATIC
92.91333333333334,2229,61.40,STATIC,146.74,STATIC,84.15,STATIC,43.54,STATIC,103.66,STATIC,167.66,STATIC,55.23,STATIC,168.54,STATIC
92.95500000000001,2230,62.63,STATIC,148.16,STATIC,84.08,STATIC,44.59,STATIC,103.68,STATIC,170.22,STATIC,55.60,STATIC,168.25,STATIC
92.99666666666667,2231,63.71,STATIC,147.85,STATIC,84.03,STATIC,45.15,STATIC,104.01,STATIC,172.18,STATIC,56.91,STATIC,167.98,STATIC
93.03833333333334,2232,66.17,STATIC,148.24,STATIC,84.03,STATIC,44.68,STATIC,104.06,STATIC,172.12,STATIC,56.00,STATIC,168.59,STATIC
93.08000000000001,2233,68.09,STATIC,146.46,STATIC,83.99,STATIC,44.23,STATIC,104.15,STATIC,172.13,STATIC,57.07,STATIC,169.23,STATIC
93.12166666666667,2234,70.08,STATIC,147.07,STATIC,83.96,STATIC,44.24,STATIC,104.59,STATIC,172.65,STATIC,58.77,STATIC,169.38,STATIC
93.16333333333334,2235,71.99,STATIC,145.51,STATIC,83.92,STATIC,44.08,STATIC,104.69,STATIC,173.50,STATIC,59.96,STATIC,170.39,STATIC
93.20500000000001,2236,74.20,STATIC,145.36,STATIC,83.93,STATIC,44.13,STATIC,104.69,STATIC,173.51,STATIC,60.84,STATIC,170.49,STATIC
93.24666666666667,2237,75.99,STATIC,144.14,STATIC,83.93,STATIC,44.48,STATIC,104.77,STATIC,173.46,STATIC,61.76,STATIC,171.15,STATIC
93.28833333333334,2238,77.63,STATIC,144.45,STATIC,83.93,STATIC,44.30,STATIC,104.68,STATIC,173.11,STATIC,61.85,STATIC,170.97,STATIC
93.33000000000001,2239,79.63,STATIC,142.07,STATIC,83.92,STATIC,43.99,STATIC,104.94,STATIC,172.53,STATIC,63.21,STATIC,170.79,STATIC
93.37166666666667,2240,81.93,STATIC,142.58,STATIC,83.93,STATIC,43.61,STATIC,105.06,STATIC,171.75,STATIC,64.68,STATIC,170.61,STATIC
93.41333333333334,2241,83.80,STATIC,142.74,STATIC,83.98,STATIC,42.84,STATIC,105.23,STATIC,172.23,STATIC,65.15,STATIC,170.33,STATIC
93.45500000000001,2242,85.64,STATIC,142.99,STATIC,83.95,STATIC,42.88,STATIC,105.41,STATIC,172.27,STATIC,65.59,STATIC,170.75,STATIC
93.49666666666667,2243,87.37,STATIC,142.72,STATIC,83.97,STATIC,42.68,STATIC,105.51,STATIC,171.00,STATIC,67.12,STATIC,170.34,STATIC
93.53833333333334,2244,89.66,STATIC,142.30,STATIC,83.96,STATIC,39.88,STATIC,105.72,STATIC,169.66,STATIC,69.82,STATIC,170.59,STATIC
93.58000000000001,2245,90.66,STATIC,139.86,STATIC,83.98,STATIC,41.47,STATIC,105.71,STATIC,170.01,STATIC,71.77,STATIC,170.31,STATIC
93.62166666666667,2246,92.77,STATIC,141.35,STATIC,83.99,STATIC,40.61,STATIC,105.99,STATIC,170.22,STATIC,72.47,STATIC,170.51,STATIC
93.66333333333334,2247,94.34,STATIC,141.41,STATIC,84.00,STATIC,40.78,STATIC,106.54,STATIC,170.39,STATIC,73.64,STATIC,170.83,STATIC
93.70500000000001,2248,95.63,STATIC,141.99,STATIC,84.02,STATIC,40.36,STATIC,106.73,STATIC,170.70,STATIC,74.79,STATIC,170.84,STATIC
93.74666666666667,2249,96.97,STATIC,141.45,STATIC,84.00,STATIC,38.38,STATIC,107.04,STATIC,170.07,STATIC,75.46,STATIC,170.73,STATIC
93.78833333333334,2250,96.87,STATIC,140.80,STATIC,84.02,STATIC,36.31,STATIC,107.34,STATIC,168.73,STATIC,74.49,STATIC,169.49,STATIC
93.83000000000001,2251,96.53,STATIC,140.70,STATIC,84.08,STATIC,35.97,STATIC,107.73,STATIC,169.28,STATIC,75.34,STATIC,168.89,STATIC
93.87166666666667,2252,95.11,STATIC,140.04,STATIC,84.12,STATIC,35.22,STATIC,108.13,STATIC,169.64,STATIC,77.49,STATIC,169.06,STATIC
93.91333333333334,2253,92.97,STATIC,139.32,STATIC,84.20,STATIC,36.92,STATIC,108.60,STATIC,169.74,STATIC,79.46,STATIC,169.18,STATIC
93.95666666666668,2254,90.80,STATIC,138.79,STATIC,84.23,STATIC,36.56,STATIC,108.89,STATIC,170.41,STATIC,81.57,STATIC,168.76,STATIC
93.99833333333333,2255,88.61,STATIC,139.07,STATIC,84.25,STATIC,36.76,STATIC,109.25,STATIC,170.81,STATIC,82.30,STATIC,169.90,STATIC
94.04,2256,87.37,STATIC,139.31,STATIC,84.26,STATIC,36.16,STATIC,109.53,STATIC,170.65,STATIC,84.21,STATIC,170.35,STATIC
94.08166666666668,2257,86.07,STATIC,139.30,STATIC,84.28,STATIC,36.37,STATIC,109.85,STATIC,170.80,STATIC,83.66,STATIC,170.36,STATIC
94.12333333333333,2258,84.78,STATIC,137.86,STATIC,84.48,STATIC,34.79,STATIC,110.27,STATIC,170.98,STATIC,85.24,STATIC,170.65,STATIC
94.165,2259,82.53,STATIC,137.44,STATIC,84.63,STATIC,35.22,STATIC,110.17,STATIC,170.88,STATIC,85.07,STATIC,169.36,STATIC
94.20666666666668,2260,80.59,STATIC,138.10,STATIC,84.69,STATIC,34.98,STATIC,110.07,STATIC,171.50,STATIC,85.87,STATIC,167.39,STATIC
94.24833333333333,2261,79.03,STATIC,138.12,STATIC,84.75,STATIC,35.06,STATIC,109.77,STATIC,172.18,STATIC,84.41,STATIC,167.14,STATIC
94.29,2262,78.40,STATIC,137.97,STATIC,84.88,STATIC,33.99,STATIC,109.06,STATIC,174.44,STATIC,84.35,STATIC,165.43,STATIC
94.33166666666668,2263,79.13,STATIC,137.42,STATIC,84.92,STATIC,32.25,STATIC,108.82,STATIC,174.85,STATIC,84.15,STATIC,165.89,STATIC
94.37333333333333,2264,79.81,STATIC,136.86,STATIC,84.92,STATIC,32.85,STATIC,108.33,STATIC,174.50,STATIC,82.49,STATIC,166.85,STATIC
94.415,2265,79.65,STATIC,137.55,STATIC,84.91,STATIC,35.80,STATIC,107.46,STATIC,173.44,STATIC,81.06,STATIC,167.45,STATIC
94.45666666666668,2266,79.80,STATIC,140.88,STATIC,84.75,STATIC,35.96,STATIC,107.02,STATIC,170.47,STATIC,80.01,STATIC,167.53,STATIC
94.49833333333333,2267,80.11,STATIC,142.51,STATIC,84.56,STATIC,38.49,STATIC,106.81,STATIC,167.37,STATIC,78.63,STATIC,167.63,STATIC
94.54,2268,79.72,STATIC,143.95,STATIC,84.52,STATIC,38.57,STATIC,106.74,STATIC,165.50,STATIC,77.03,STATIC,166.52,STATIC
94.58166666666668,2269,79.51,STATIC,146.05,STATIC,84.45,STATIC,41.53,STATIC,107.13,STATIC,168.42,STATIC,77.18,STATIC,165.53,STATIC
94.62333333333333,2270,79.97,STATIC,143.14,STATIC,84.40,STATIC,41.70,STATIC,108.40,STATIC,171.88,STATIC,75.65,STATIC,166.54,STATIC
94.665,2271,80.55,STATIC,141.86,STATIC,84.35,STATIC,40.60,STATIC,108.33,STATIC,171.89,STATIC,71.17,STATIC,165.79,STATIC
94.70666666666668,2272,80.12,STATIC,146.06,STATIC,84.27,STATIC,40.37,STATIC,108.61,STATIC,165.86,FLEXION,66.68,STATIC,164.61,STATIC
94.74833333333333,2273,81.69,STATIC,143.79,STATIC,84.18,STATIC,40.18,STATIC,108.67,STATIC,165.02,STATIC,64.20,STATIC,164.82,STATIC
94.79,2274,81.96,STATIC,143.32,STATIC,84.12,STATIC,40.80,STATIC,108.39,STATIC,164.57,STATIC,60.41,STATIC,163.44,STATIC
94.83166666666668,2275,81.47,STATIC,146.68,STATIC,84.05,STATIC,45.05,STATIC,108.80,STATIC,163.77,STATIC,60.09,STATIC,162.52,STATIC
94.87333333333333,2276,80.92,STATIC,147.00,STATIC,84.06,STATIC,46.77,STATIC,108.39,STATIC,163.59,STATIC,59.01,STATIC,162.30,STATIC
94.915,2277,80.32,STATIC,146.29,STATIC,84.10,STATIC,44.97,STATIC,108.54,STATIC,164.21,STATIC,58.63,STATIC,162.88,STATIC
94.95666666666668,2278,80.38,STATIC,145.98,STATIC,84.21,STATIC,43.72,STATIC,109.04,STATIC,165.22,STATIC,60.46,STATIC,164.49,STATIC
94.99833333333333,2279,80.63,STATIC,145.37,STATIC,84.23,STATIC,43.21,STATIC,109.58,STATIC,167.40,STATIC,62.46,STATIC,166.13,STATIC
95.04,2280,80.99,STATIC,142.98,STATIC,84.24,STATIC,42.26,STATIC,109.88,STATIC,170.17,STATIC,64.30,STATIC,167.30,STATIC
95.08166666666668,2281,81.99,STATIC,136.87,FLEXION,84.29,STATIC,41.43,STATIC,109.40,STATIC,170.10,STATIC,64.55,STATIC,168.06,STATIC
95.12333333333333,2282,82.85,STATIC,137.72,STATIC,84.30,STATIC,40.85,STATIC,109.27,STATIC,169.99,STATIC,64.69,STATIC,168.47,STATIC
95.165,2283,83.22,STATIC,137.04,STATIC,84.30,STATIC,41.09,STATIC,109.44,STATIC,169.52,STATIC,64.41,STATIC,168.36,STATIC
95.20666666666668,2284,83.60,STATIC,136.71,STATIC,84.35,STATIC,41.04,STATIC,109.20,STATIC,169.39,STATIC,65.19,STATIC,168.24,STATIC
95.24833333333333,2285,83.94,STATIC,140.49,STATIC,84.41,STATIC,42.09,STATIC,109.24,STATIC,168.26,STATIC,64.99,STATIC,168.18,STATIC
95.29,2286,83.83,STATIC,140.96,STATIC,84.42,STATIC,41.83,STATIC,109.12,STATIC,168.69,STATIC,64.50,STATIC,167.89,STATIC
95.33166666666668,2287,84.27,STATIC,141.40,STATIC,84.33,STATIC,41.97,STATIC,109.28,STATIC,167.52,STATIC,62.92,STATIC,168.49,STATIC
95.37333333333333,2288,84.27,STATIC,146.49,EXTENSION,84.29,STATIC,43.89,STATIC,110.03,STATIC,165.61,STATIC,63.17,STATIC,169.19,STATIC
95.415,2289,83.63,STATIC,147.87,STATIC,84.54,STATIC,42.44,STATIC,110.72,STATIC,167.55,STATIC,64.28,STATIC,170.26,STATIC
95.45666666666668,2290,83.13,STATIC,149.35,STATIC,84.19,STATIC,41.87,STATIC,110.54,STATIC,169.06,STATIC,64.95,STATIC,170.57,STATIC
95.49833333333333,2291,82.08,STATIC,149.70,STATIC,84.13,STATIC,41.99,STATIC,110.57,STATIC,169.15,STATIC,65.68,STATIC,170.62,STATIC
95.54,2292,81.71,STATIC,151.19,STATIC,84.07,STATIC,40.57,STATIC,110.45,STATIC,169.92,STATIC,67.92,STATIC,170.21,STATIC
95.58166666666668,2293,79.65,STATIC,151.86,STATIC,84.01,STATIC,39.68,STATIC,110.09,STATIC,169.74,STATIC,66.16,STATIC,169.60,STATIC
95.62333333333333,2294,78.38,STATIC,154.56,STATIC,84.01,STATIC,40.27,STATIC,110.13,STATIC,169.41,STATIC,67.52,STATIC,169.65,STATIC
95.665,2295,77.46,STATIC,154.88,STATIC,84.08,STATIC,40.77,STATIC,110.58,STATIC,170.83,STATIC,69.11,STATIC,170.11,STATIC
95.70666666666668,2296,75.90,STATIC,155.17,STATIC,84.04,STATIC,42.50,STATIC,110.85,STATIC,173.22,STATIC,71.89,STATIC,170.91,STATIC
95.74833333333333,2297,74.47,STATIC,155.26,STATIC,83.98,STATIC,43.19,STATIC,110.34,STATIC,171.21,STATIC,69.14,STATIC,170.53,STATIC
95.79,2298,73.31,STATIC,156.23,STATIC,83.95,STATIC,43.95,STATIC,109.85,STATIC,170.05,STATIC,66.54,STATIC,169.97,STATIC
95.83166666666668,2299,73.14,STATIC,156.03,STATIC,83.95,STATIC,43.08,STATIC,109.70,STATIC,171.47,STATIC,68.14,STATIC,170.23,STATIC
95.87333333333333,2300,73.57,STATIC,148.42,FLEXION,83.95,STATIC,41.28,STATIC,110.22,STATIC,171.78,STATIC,69.81,STATIC,169.97,STATIC
95.915,2301,73.12,STATIC,149.10,STATIC,83.91,STATIC,40.67,STATIC,110.19,STATIC,172.01,STATIC,69.91,STATIC,168.90,STATIC
95.95666666666668,2302,70.14,STATIC,152.24,STATIC,83.98,STATIC,42.16,STATIC,109.67,STATIC,171.56,STATIC,70.50,STATIC,167.99,STATIC
95.99833333333333,2303,68.06,STATIC,152.11,STATIC,83.76,STATIC,42.12,STATIC,109.08,STATIC,171.32,STATIC,70.38,STATIC,167.58,STATIC
96.04,2304,68.54,STATIC,151.09,STATIC,83.84,STATIC,41.94,STATIC,108.13,STATIC,169.05,STATIC,69.44,STATIC,166.53,STATIC
96.08166666666668,2305,70.92,STATIC,150.19,STATIC,83.81,STATIC,42.27,STATIC,107.72,STATIC,166.72,STATIC,68.34,STATIC,164.39,STATIC
96.12333333333333,2306,72.93,STATIC,148.19,STATIC,83.80,STATIC,43.09,STATIC,107.10,STATIC,165.51,STATIC,65.13,STATIC,161.26,STATIC
96.165,2307,74.06,STATIC,140.60,FLEXION,83.87,STATIC,41.65,STATIC,106.26,STATIC,164.42,STATIC,66.80,STATIC,159.07,STATIC
96.20666666666668,2308,75.79,STATIC,140.33,STATIC,84.02,STATIC,39.79,STATIC,105.03,STATIC,162.49,STATIC,64.41,STATIC,155.52,STATIC
96.24833333333333,2309,76.39,STATIC,141.92,STATIC,84.09,STATIC,39.79,STATIC,104.63,STATIC,161.93,STATIC,64.00,STATIC,152.88,STATIC
96.29,2310,77.50,STATIC,142.04,STATIC,84.16,STATIC,39.95,STATIC,104.50,STATIC,161.75,STATIC,62.63,STATIC,151.20,STATIC
96.33166666666668,2311,78.50,STATIC,142.32,STATIC,84.23,STATIC,39.44,STATIC,104.63,STATIC,161.56,STATIC,60.21,STATIC,151.16,STATIC
96.37333333333333,2312,80.79,STATIC,139.34,STATIC,84.33,STATIC,38.79,STATIC,105.09,STATIC,161.24,STATIC,61.02,STATIC,152.08,STATIC
96.415,2313,81.99,STATIC,140.57,STATIC,84.25,STATIC,39.75,STATIC,105.57,STATIC,162.57,STATIC,63.11,STATIC,154.08,STATIC
96.45666666666668,2314,82.27,STATIC,140.44,STATIC,84.22,STATIC,39.80,STATIC,105.69,STATIC,162.48,STATIC,62.50,STATIC,154.52,STATIC
96.49833333333333,2315,83.75,STATIC,139.27,STATIC,84.06,STATIC,39.68,STATIC,105.87,STATIC,164.20,STATIC,62.04,STATIC,156.26,STATIC
96.54,2316,83.45,STATIC,145.10,EXTENSION,84.10,STATIC,39.53,STATIC,105.70,STATIC,163.91,STATIC,63.26,STATIC,157.25,STATIC
96.58166666666668,2317,81.86,STATIC,147.72,STATIC,83.99,STATIC,41.61,STATIC,105.76,STATIC,163.28,STATIC,63.14,STATIC,158.64,STATIC
96.62333333333333,2318,80.14,STATIC,148.96,STATIC,83.96,STATIC,41.91,STATIC,105.63,STATIC,164.89,STATIC,63.67,STATIC,159.59,STATIC
96.665,2319,78.91,STATIC,148.28,STATIC,83.94,STATIC,42.18,STATIC,105.85,STATIC,164.92,STATIC,63.01,STATIC,160.60,STATIC
96.70666666666668,2320,78.11,STATIC,147.74,STATIC,83.95,STATIC,41.47,STATIC,105.80,STATIC,163.44,STATIC,62.20,STATIC,160.91,STATIC
96.74833333333333,2321,77.68,STATIC,147.41,STATIC,83.96,STATIC,41.12,STATIC,105.81,STATIC,163.42,STATIC,61.67,STATIC,161.76,STATIC
96.79,2322,77.40,STATIC,148.77,STATIC,84.01,STATIC,40.49,STATIC,105.84,STATIC,164.48,STATIC,61.60,STATIC,162.60,STATIC
96.83166666666668,2323,77.75,STATIC,145.83,STATIC,84.11,STATIC,39.43,STATIC,105.40,STATIC,162.39,STATIC,57.97,STATIC,162.25,STATIC
96.87333333333333,2324,78.61,STATIC,144.52,STATIC,84.18,STATIC,37.11,STATIC,105.04,STATIC,162.85,STATIC,56.04,STATIC,162.68,STATIC
96.915,2325,79.32,STATIC,144.14,STATIC,84.18,STATIC,37.95,STATIC,105.03,STATIC,162.53,STATIC,55.88,STATIC,163.29,STATIC
96.95666666666668,2326,80.00,STATIC,143.70,STATIC,84.19,STATIC,38.53,STATIC,105.05,STATIC,160.80,STATIC,56.40,STATIC,163.69,STATIC
96.99833333333333,2327,80.64,STATIC,142.66,STATIC,84.19,STATIC,39.05,STATIC,104.82,STATIC,160.35,STATIC,55.88,STATIC,164.26,STATIC
97.04,2328,81.61,STATIC,141.02,STATIC,84.25,STATIC,39.75,STATIC,104.94,STATIC,161.09,STATIC,55.46,STATIC,165.09,STATIC
97.08166666666668,2329,81.94,STATIC,140.65,STATIC,84.27,STATIC,38.75,STATIC,105.32,STATIC,161.13,STATIC,55.53,STATIC,166.19,STATIC
97.12333333333333,2330,82.38,STATIC,141.52,STATIC,84.34,STATIC,39.26,STATIC,105.73,STATIC,159.80,STATIC,55.19,STATIC,166.85,STATIC
97.165,2331,82.39,STATIC,143.00,STATIC,84.47,STATIC,40.22,STATIC,105.82,STATIC,159.45,STATIC,55.69,STATIC,167.76,STATIC
97.20666666666668,2332,82.55,STATIC,144.49,STATIC,84.60,STATIC,38.51,STATIC,105.62,STATIC,158.87,STATIC,53.55,STATIC,168.26,STATIC
97.24833333333333,2333,82.62,STATIC,143.41,STATIC,84.60,STATIC,38.93,STATIC,105.44,STATIC,160.43,STATIC,52.94,STATIC,169.35,STATIC
97.29,2334,83.20,STATIC,143.15,STATIC,84.61,STATIC,39.75,STATIC,105.25,STATIC,160.69,STATIC,49.63,STATIC,170.16,STATIC
97.33166666666668,2335,83.43,STATIC,143.37,STATIC,84.68,STATIC,39.49,STATIC,104.92,STATIC,162.25,STATIC,50.45,STATIC,170.71,STATIC
97.37333333333333,2336,83.72,STATIC,143.03,STATIC,84.76,STATIC,38.93,STATIC,104.65,STATIC,163.60,STATIC,49.40,STATIC,170.91,STATIC
97.415,2337,84.41,STATIC,142.65,STATIC,84.80,STATIC,37.93,STATIC,104.49,STATIC,164.00,STATIC,47.61,STATIC,171.30,STATIC
97.45666666666668,2338,85.35,STATIC,142.73,STATIC,84.86,STATIC,38.39,STATIC,104.19,STATIC,164.72,STATIC,46.53,STATIC,171.19,STATIC
97.49833333333333,2339,86.09,STATIC,141.87,STATIC,84.97,STATIC,37.84,STATIC,103.83,STATIC,165.71,STATIC,46.27,STATIC,171.45,STATIC
97.54,2340,86.74,STATIC,144.59,STATIC,84.95,STATIC,36.80,STATIC,103.75,STATIC,168.96,STATIC,46.46,STATIC,171.54,STATIC
97.58166666666668,2341,86.07,STATIC,143.89,STATIC,85.07,STATIC,42.59,EXTENSION,103.71,STATIC,170.40,STATIC,46.90,STATIC,171.32,STATIC
97.62333333333333,2342,85.76,STATIC,142.68,STATIC,85.11,STATIC,43.63,STATIC,103.81,STATIC,169.96,STATIC,46.86,STATIC,171.14,STATIC
97.665,2343,82.06,STATIC,144.84,STATIC,85.39,STATIC,44.28,STATIC,103.81,STATIC,168.88,STATIC,48.22,STATIC,171.18,STATIC
97.70666666666668,2344,77.42,STATIC,140.85,STATIC,85.52,STATIC,44.83,STATIC,103.90,STATIC,169.09,STATIC,48.31,STATIC,171.07,STATIC
97.74833333333333,2345,72.53,STATIC,140.40,STATIC,86.47,STATIC,44.44,STATIC,104.22,STATIC,171.02,STATIC,48.98,STATIC,171.35,STATIC
97.79,2346,68.51,STATIC,141.88,STATIC,86.15,STATIC,43.55,STATIC,104.33,STATIC,171.84,STATIC,49.85,STATIC,171.30,STATIC
97.83166666666668,2347,52.86,FLEXION,143.51,STATIC,85.92,STATIC,42.94,STATIC,104.61,STATIC,171.48,STATIC,50.33,STATIC,171.46,STATIC
97.87333333333333,2348,81.38,EXTENSION,145.09,STATIC,85.41,STATIC,44.17,STATIC,105.04,STATIC,169.74,STATIC,50.52,STATIC,171.65,STATIC
97.915,2349,80.16,STATIC,145.61,STATIC,85.43,STATIC,44.79,STATIC,104.98,STATIC,170.40,STATIC,51.60,STATIC,171.26,STATIC
97.95666666666668,2350,61.23,FLEXION,146.10,STATIC,85.80,STATIC,44.04,STATIC,105.03,STATIC,170.93,STATIC,51.84,STATIC,171.19,STATIC
98.0,2351,55.73,FLEXION,146.23,STATIC,86.35,STATIC,43.72,STATIC,105.28,STATIC,171.63,STATIC,52.11,STATIC,171.20,STATIC
98.04166666666667,2352,84.10,EXTENSION,145.77,STATIC,85.21,STATIC,45.86,STATIC,106.35,STATIC,168.68,STATIC,54.51,STATIC,171.13,STATIC
98.08333333333334,2353,85.62,STATIC,145.41,STATIC,84.76,STATIC,46.14,STATIC,106.42,STATIC,166.70,STATIC,54.37,STATIC,170.89,STATIC
98.125,2354,85.61,STATIC,138.26,FLEXION,84.75,STATIC,46.59,STATIC,106.59,STATIC,163.37,STATIC,54.47,STATIC,171.21,STATIC
98.16666666666667,2355,84.94,STATIC,138.30,STATIC,84.84,STATIC,46.06,STATIC,106.62,STATIC,160.94,STATIC,51.72,STATIC,171.42,STATIC
98.20833333333334,2356,68.01,FLEXION,140.38,STATIC,85.58,STATIC,44.99,STATIC,106.23,STATIC,162.43,STATIC,49.23,STATIC,171.65,STATIC
98.25,2357,85.76,EXTENSION,144.12,STATIC,84.90,STATIC,45.66,STATIC,106.69,STATIC,159.76,STATIC,50.24,STATIC,172.20,STATIC
98.29166666666667,2358,72.83,FLEXION,145.84,STATIC,85.62,STATIC,44.66,STATIC,106.25,STATIC,161.31,STATIC,49.79,STATIC,172.47,STATIC
98.33333333333334,2359,71.02,STATIC,150.32,STATIC,87.42,STATIC,42.05,STATIC,105.65,STATIC,165.06,STATIC,48.35,STATIC,172.75,STATIC
98.375,2360,55.06,FLEXION,154.06,STATIC,87.36,STATIC,40.33,STATIC,105.45,STATIC,165.54,STATIC,46.92,STATIC,173.26,STATIC
98.41666666666667,2361,50.02,FLEXION,153.56,STATIC,87.26,STATIC,41.17,STATIC,105.53,STATIC,169.23,STATIC,48.88,STATIC,174.14,STATIC
98.45833333333334,2362,46.44,STATIC,152.44,STATIC,87.10,STATIC,41.50,STATIC,105.76,STATIC,168.56,STATIC,49.21,STATIC,174.12,STATIC
98.5,2363,42.86,STATIC,152.72,STATIC,87.03,STATIC,41.62,STATIC,105.89,STATIC,168.54,STATIC,47.90,STATIC,173.41,STATIC
98.54166666666667,2364,38.51,STATIC,153.53,STATIC,86.74,STATIC,40.73,STATIC,106.48,STATIC,170.83,STATIC,52.05,STATIC,171.40,STATIC
98.58333333333334,2365,38.66,STATIC,154.94,STATIC,86.23,STATIC,41.70,STATIC,106.53,STATIC,168.87,STATIC,52.39,STATIC,169.63,STATIC
98.625,2366,37.40,STATIC,153.01,STATIC,86.40,STATIC,42.11,STATIC,106.55,STATIC,169.03,STATIC,54.30,STATIC,169.22,STATIC
98.66666666666667,2367,36.54,STATIC,152.07,STATIC,85.93,STATIC,42.30,STATIC,106.17,STATIC,165.91,STATIC,53.19,STATIC,167.90,STATIC
98.70833333333334,2368,25.41,FLEXION,150.79,STATIC,84.93,STATIC,43.42,STATIC,106.00,STATIC,162.29,STATIC,51.57,STATIC,166.91,STATIC
98.75,2369,43.09,EXTENSION,151.31,STATIC,84.29,STATIC,42.92,STATIC,105.78,STATIC,163.03,STATIC,52.30,STATIC,166.77,STATIC
98.79166666666667,2370,57.26,EXTENSION,148.88,STATIC,83.96,STATIC,43.90,STATIC,105.70,STATIC,163.06,STATIC,52.29,STATIC,167.46,STATIC
98.83333333333334,2371,48.93,FLEXION,149.91,STATIC,83.98,STATIC,43.48,STATIC,105.42,STATIC,163.43,STATIC,49.59,STATIC,166.54,STATIC
98.875,2372,57.97,EXTENSION,150.41,STATIC,83.87,STATIC,43.42,STATIC,105.04,STATIC,156.95,FLEXION,48.88,STATIC,164.90,STATIC
98.91666666666667,2373,56.47,STATIC,149.94,STATIC,83.88,STATIC,43.01,STATIC,104.74,STATIC,156.48,STATIC,49.95,STATIC,163.02,STATIC
98.95833333333334,2374,34.77,FLEXION,148.95,STATIC,84.01,STATIC,43.31,STATIC,104.46,STATIC,158.33,STATIC,49.28,STATIC,159.93,STATIC
99.0,2375,29.38,FLEXION,149.06,STATIC,84.17,STATIC,43.05,STATIC,104.44,STATIC,157.37,STATIC,49.97,STATIC,158.30,STATIC
99.04166666666667,2376,37.06,EXTENSION,148.26,STATIC,84.26,STATIC,43.17,STATIC,104.34,STATIC,157.79,STATIC,50.40,STATIC,156.18,STATIC
99.08333333333334,2377,46.53,EXTENSION,148.98,STATIC,84.34,STATIC,42.97,STATIC,103.86,STATIC,156.66,STATIC,49.99,STATIC,153.41,STATIC
99.125,2378,59.53,EXTENSION,150.52,STATIC,84.23,STATIC,43.25,STATIC,103.66,STATIC,157.43,STATIC,50.33,STATIC,151.64,STATIC
99.16666666666667,2379,51.67,FLEXION,151.07,STATIC,84.16,STATIC,42.42,STATIC,103.50,STATIC,158.66,STATIC,51.16,STATIC,149.95,STATIC
99.20833333333334,2380,42.72,FLEXION,155.03,STATIC,84.24,STATIC,42.32,STATIC,103.54,STATIC,159.78,STATIC,51.78,STATIC,149.02,STATIC
99.25,2381,36.43,FLEXION,158.26,STATIC,84.21,STATIC,43.99,STATIC,103.46,STATIC,160.66,STATIC,52.83,STATIC,148.81,STATIC
99.29166666666667,2382,32.81,STATIC,157.54,STATIC,84.16,STATIC,43.43,STATIC,103.95,STATIC,161.44,STATIC,58.82,EXTENSION,149.90,STATIC
99.33333333333334,2383,29.89,STATIC,160.33,STATIC,84.07,STATIC,44.41,STATIC,104.58,STATIC,161.85,STATIC,60.22,STATIC,150.80,STATIC
99.375,2384,26.71,STATIC,162.40,STATIC,84.00,STATIC,44.82,STATIC,104.88,STATIC,162.19,STATIC,62.30,STATIC,150.57,STATIC
99.41666666666667,2385,23.10,STATIC,164.36,STATIC,83.93,STATIC,46.29,STATIC,105.22,STATIC,162.32,STATIC,62.19,STATIC,150.49,STATIC
99.45833333333334,2386,20.69,STATIC,165.57,STATIC,83.76,STATIC,48.05,STATIC,105.87,STATIC,162.51,STATIC,64.25,STATIC,150.83,STATIC
99.5,2387,19.14,STATIC,165.23,STATIC,83.68,STATIC,49.35,STATIC,106.57,STATIC,162.90,STATIC,69.02,STATIC,151.61,STATIC
99.54166666666667,2388,18.22,STATIC,164.39,STATIC,83.60,STATIC,50.43,STATIC,107.00,STATIC,164.28,STATIC,74.03,EXTENSION,153.44,STATIC
99.58333333333334,2389,18.42,STATIC,164.72,STATIC,83.52,STATIC,50.83,STATIC,107.37,STATIC,164.95,STATIC,75.58,STATIC,154.69,STATIC
99.625,2390,18.13,STATIC,163.65,STATIC,83.50,STATIC,51.37,STATIC,107.79,STATIC,165.34,STATIC,75.79,STATIC,155.51,STATIC
99.66666666666667,2391,17.72,STATIC,162.50,STATIC,83.40,STATIC,51.88,STATIC,108.97,STATIC,165.28,STATIC,78.07,STATIC,156.06,STATIC
99.70833333333334,2392,18.51,STATIC,162.56,STATIC,83.47,STATIC,50.96,STATIC,108.90,STATIC,165.39,STATIC,77.63,STATIC,155.94,STATIC
99.75,2393,18.88,STATIC,161.88,STATIC,83.49,STATIC,50.77,STATIC,109.27,STATIC,164.72,STATIC,78.24,STATIC,155.60,STATIC
99.79166666666667,2394,19.84,STATIC,154.94,FLEXION,83.56,STATIC,50.67,STATIC,109.29,STATIC,164.38,STATIC,78.18,STATIC,155.18,STATIC
99.83333333333334,2395,22.14,STATIC,155.98,STATIC,83.55,STATIC,50.46,STATIC,109.13,STATIC,163.83,STATIC,77.25,STATIC,155.16,STATIC
99.875,2396,23.54,STATIC,155.18,STATIC,83.57,STATIC,49.88,STATIC,109.10,STATIC,163.64,STATIC,76.25,STATIC,155.01,STATIC
99.91666666666667,2397,26.32,STATIC,156.56,STATIC,83.59,STATIC,50.20,STATIC,108.61,STATIC,162.66,STATIC,73.57,STATIC,154.11,STATIC
99.95833333333334,2398,27.99,STATIC,157.58,STATIC,83.56,STATIC,50.03,STATIC,108.44,STATIC,161.57,STATIC,73.13,STATIC,153.54,STATIC
100.0,2399,29.31,STATIC,157.61,STATIC,83.57,STATIC,50.55,STATIC,108.23,STATIC,159.61,STATIC,72.24,STATIC,153.05,STATIC
100.04166666666667,2400,30.41,STATIC,157.95,STATIC,83.65,STATIC,49.96,STATIC,107.77,STATIC,160.19,STATIC,71.44,STATIC,153.22,STATIC
100.08333333333334,2401,28.85,STATIC,156.11,STATIC,83.86,STATIC,49.04,STATIC,107.83,STATIC,160.25,STATIC,70.40,STATIC,153.31,STATIC
100.125,2402,26.19,STATIC,156.84,STATIC,83.94,STATIC,49.06,STATIC,108.22,STATIC,157.21,STATIC,71.16,STATIC,153.05,STATIC
100.16666666666667,2403,23.54,STATIC,157.93,STATIC,84.02,STATIC,48.54,STATIC,108.51,STATIC,157.27,STATIC,71.83,STATIC,153.86,STATIC
100.20833333333334,2404,23.03,STATIC,158.24,STATIC,84.03,STATIC,48.28,STATIC,108.81,STATIC,156.83,STATIC,72.63,STATIC,154.66,STATIC
100.25,2405,22.17,STATIC,157.49,STATIC,84.13,STATIC,48.89,STATIC,108.29,STATIC,155.99,STATIC,70.33,STATIC,154.16,STATIC
100.29166666666667,2406,22.13,STATIC,158.97,STATIC,84.11,STATIC,49.43,STATIC,108.39,STATIC,156.73,STATIC,70.88,STATIC,155.15,STATIC
100.33333333333334,2407,21.88,STATIC,158.62,STATIC,84.23,STATIC,49.17,STATIC,107.69,STATIC,155.24,STATIC,69.34,STATIC,154.89,STATIC
100.375,2408,22.43,STATIC,158.64,STATIC,84.28,STATIC,48.90,STATIC,107.66,STATIC,155.27,STATIC,69.73,STATIC,155.53,STATIC
100.41666666666667,2409,23.12,STATIC,157.85,STATIC,84.21,STATIC,47.99,STATIC,107.51,STATIC,156.69,STATIC,69.17,STATIC,155.96,STATIC
100.45833333333334,2410,23.71,STATIC,156.83,STATIC,84.17,STATIC,47.60,STATIC,107.69,STATIC,157.49,STATIC,70.08,STATIC,156.96,STATIC
100.5,2411,25.41,STATIC,155.94,STATIC,84.25,STATIC,47.55,STATIC,107.86,STATIC,155.62,STATIC,71.04,STATIC,157.77,STATIC
100.54166666666667,2412,27.22,STATIC,155.58,STATIC,84.21,STATIC,48.17,STATIC,107.83,STATIC,156.33,STATIC,70.44,STATIC,158.71,STATIC
100.58333333333334,2413,28.53,STATIC,153.05,STATIC,84.22,STATIC,47.57,STATIC,107.46,STATIC,157.00,STATIC,68.56,STATIC,158.88,STATIC
100.625,2414,30.82,STATIC,149.90,STATIC,84.22,STATIC,46.64,STATIC,107.36,STATIC,159.43,STATIC,67.82,STATIC,159.30,STATIC
100.66666666666667,2415,32.17,STATIC,145.38,STATIC,84.20,STATIC,44.54,STATIC,107.12,STATIC,160.39,STATIC,67.09,STATIC,159.17,STATIC
100.70833333333334,2416,33.78,STATIC,139.93,FLEXION,84.15,STATIC,43.04,STATIC,107.04,STATIC,160.28,STATIC,68.24,STATIC,159.01,STATIC
100.75,2417,35.52,STATIC,130.81,FLEXION,84.31,STATIC,42.50,STATIC,106.82,STATIC,160.59,STATIC,68.45,STATIC,158.28,STATIC
100.79166666666667,2418,36.23,STATIC,126.50,STATIC,84.45,STATIC,42.29,STATIC,106.39,STATIC,158.88,STATIC,69.83,STATIC,157.51,STATIC
100.83333333333334,2419,36.20,STATIC,125.23,STATIC,84.46,STATIC,39.38,STATIC,106.33,STATIC,162.46,STATIC,72.22,STATIC,157.40,STATIC
100.875,2420,36.31,STATIC,123.19,STATIC,84.64,STATIC,36.03,STATIC,105.58,STATIC,164.10,STATIC,70.97,STATIC,156.00,STATIC
100.91666666666667,2421,36.94,STATIC,120.94,STATIC,84.73,STATIC,34.65,STATIC,105.60,STATIC,164.11,STATIC,70.76,STATIC,155.99,STATIC
100.95833333333334,2422,38.87,STATIC,120.46,STATIC,84.79,STATIC,33.27,STATIC,105.47,STATIC,164.45,STATIC,69.98,STATIC,155.86,STATIC
101.0,2423,40.86,STATIC,122.30,STATIC,84.85,STATIC,33.99,STATIC,105.13,STATIC,164.80,STATIC,68.97,STATIC,155.94,STATIC
101.04166666666667,2424,42.90,STATIC,122.73,STATIC,84.89,STATIC,33.08,STATIC,104.82,STATIC,165.00,STATIC,65.09,STATIC,155.70,STATIC
101.08333333333334,2425,44.96,STATIC,123.64,STATIC,84.96,STATIC,33.48,STATIC,104.69,STATIC,165.69,STATIC,62.32,STATIC,155.88,STATIC
101.125,2426,50.22,EXTENSION,124.05,STATIC,85.32,STATIC,32.54,STATIC,104.33,STATIC,165.60,STATIC,60.19,STATIC,154.86,STATIC
101.16666666666667,2427,54.36,STATIC,127.53,STATIC,85.27,STATIC,34.85,STATIC,104.54,STATIC,165.20,STATIC,57.83,STATIC,154.15,STATIC
101.20833333333334,2428,60.40,EXTENSION,132.71,EXTENSION,85.16,STATIC,35.24,STATIC,105.20,STATIC,165.74,STATIC,54.11,STATIC,153.62,STATIC
101.25,2429,66.62,EXTENSION,134.85,STATIC,84.82,STATIC,35.63,STATIC,105.40,STATIC,163.98,STATIC,53.49,STATIC,152.82,STATIC
101.29166666666667,2430,72.33,EXTENSION,135.32,STATIC,84.53,STATIC,34.79,STATIC,105.18,STATIC,162.95,STATIC,52.94,STATIC,153.01,STATIC
101.33333333333334,2431,77.93,EXTENSION,134.68,STATIC,84.21,STATIC,35.36,STATIC,104.74,STATIC,161.86,STATIC,51.79,STATIC,153.37,STATIC
101.375,2432,82.80,STATIC,132.58,STATIC,84.08,STATIC,36.66,STATIC,103.98,STATIC,161.08,STATIC,49.34,STATIC,154.58,STATIC
101.41666666666667,2433,87.08,STATIC,132.08,STATIC,84.17,STATIC,38.82,STATIC,103.12,STATIC,159.77,STATIC,47.91,STATIC,155.95,STATIC
101.45833333333334,2434,91.68,STATIC,133.84,STATIC,84.19,STATIC,40.32,STATIC,102.50,STATIC,157.41,STATIC,47.35,STATIC,157.57,STATIC
101.5,2435,96.59,STATIC,133.55,STATIC,84.10,STATIC,46.26,EXTENSION,101.89,STATIC,157.20,STATIC,47.07,STATIC,159.38,STATIC
101.54166666666667,2436,100.73,STATIC,137.01,STATIC,83.99,STATIC,44.86,STATIC,101.85,STATIC,156.68,STATIC,49.06,STATIC,161.30,STATIC
101.58333333333334,2437,104.47,STATIC,137.66,STATIC,84.08,STATIC,44.81,STATIC,101.19,STATIC,156.25,STATIC,49.71,STATIC,163.17,STATIC
101.625,2438,105.30,STATIC,136.82,STATIC,84.20,STATIC,46.08,STATIC,100.58,STATIC,155.94,STATIC,50.41,STATIC,164.29,STATIC
101.66666666666667,2439,104.11,STATIC,138.78,STATIC,84.14,STATIC,45.54,STATIC,100.54,STATIC,155.72,STATIC,52.39,STATIC,163.74,STATIC
101.70833333333334,2440,103.93,STATIC,139.91,STATIC,84.20,STATIC,48.14,STATIC,100.02,STATIC,155.32,STATIC,51.62,STATIC,163.20,STATIC
101.75,2441,101.54,STATIC,140.94,STATIC,84.36,STATIC,51.62,STATIC,99.59,STATIC,155.07,STATIC,51.85,STATIC,163.10,STATIC
101.79166666666667,2442,98.77,STATIC,142.87,STATIC,84.55,STATIC,50.94,STATIC,98.82,STATIC,153.63,STATIC,52.14,STATIC,158.26,STATIC
101.83333333333334,2443,96.67,STATIC,145.25,STATIC,84.79,STATIC,50.61,STATIC,98.14,STATIC,152.27,STATIC,52.49,STATIC,158.46,STATIC
101.875,2444,92.80,STATIC,143.52,STATIC,84.88,STATIC,52.73,STATIC,97.63,STATIC,148.64,STATIC,49.39,STATIC,164.68,EXTENSION
101.91666666666667,2445,91.57,STATIC,145.87,STATIC,85.11,STATIC,51.41,STATIC,96.81,STATIC,142.88,FLEXION,51.56,STATIC,163.69,STATIC
101.95833333333334,2446,88.89,STATIC,146.27,STATIC,85.13,STATIC,50.77,STATIC,96.65,STATIC,143.08,STATIC,53.15,STATIC,163.83,STATIC
102.00166666666668,2447,84.80,STATIC,147.70,STATIC,85.19,STATIC,51.43,STATIC,96.41,STATIC,142.40,STATIC,55.53,STATIC,163.14,STATIC
102.04333333333334,2448,80.92,STATIC,150.96,STATIC,85.35,STATIC,50.30,STATIC,96.64,STATIC,143.66,STATIC,54.08,STATIC,164.13,STATIC
102.08500000000001,2449,74.27,FLEXION,157.69,EXTENSION,85.42,STATIC,51.94,STATIC,97.08,STATIC,138.79,STATIC,47.33,FLEXION,164.88,STATIC
102.12666666666668,2450,69.31,STATIC,159.30,STATIC,85.44,STATIC,55.69,STATIC,97.51,STATIC,134.65,STATIC,45.63,STATIC,164.75,STATIC
102.16833333333334,2451,64.02,FLEXION,164.23,STATIC,85.63,STATIC,60.39,STATIC,97.47,STATIC,134.45,STATIC,45.12,STATIC,164.52,STATIC
102.21000000000001,2452,60.23,STATIC,161.58,STATIC,85.69,STATIC,58.03,STATIC,97.05,STATIC,136.04,STATIC,45.74,STATIC,164.60,STATIC
102.25166666666668,2453,58.03,STATIC,163.17,STATIC,85.93,STATIC,49.95,FLEXION,96.55,STATIC,139.27,STATIC,45.88,STATIC,164.87,STATIC
102.29333333333334,2454,56.00,STATIC,161.97,STATIC,85.80,STATIC,49.59,STATIC,96.06,STATIC,139.32,STATIC,46.46,STATIC,165.75,STATIC
102.33500000000001,2455,56.13,STATIC,154.99,FLEXION,85.96,STATIC,48.29,STATIC,95.96,STATIC,138.85,STATIC,46.72,STATIC,165.92,STATIC
102.37666666666668,2456,54.50,STATIC,156.90,STATIC,85.90,STATIC,50.65,STATIC,95.94,STATIC,138.81,STATIC,47.29,STATIC,166.05,STATIC
102.41833333333334,2457,54.30,STATIC,151.82,FLEXION,86.06,STATIC,45.78,STATIC,95.87,STATIC,138.49,STATIC,47.39,STATIC,166.87,STATIC
102.46000000000001,2458,55.36,STATIC,151.68,STATIC,86.11,STATIC,46.57,STATIC,95.87,STATIC,137.51,STATIC,47.70,STATIC,167.58,STATIC
102.50166666666668,2459,54.90,STATIC,156.30,STATIC,86.18,STATIC,45.63,STATIC,95.08,STATIC,137.87,STATIC,49.31,STATIC,168.54,STATIC
102.54333333333334,2460,52.38,STATIC,161.82,EXTENSION,86.43,STATIC,48.54,STATIC,95.53,STATIC,137.02,STATIC,49.35,STATIC,168.75,STATIC
102.58500000000001,2461,51.98,STATIC,162.28,STATIC,86.49,STATIC,49.85,STATIC,95.14,STATIC,136.24,STATIC,50.05,STATIC,169.12,STATIC
102.62666666666668,2462,46.10,FLEXION,161.66,STATIC,86.22,STATIC,53.02,STATIC,94.10,STATIC,134.17,STATIC,45.80,STATIC,169.29,STATIC
102.66833333333334,2463,42.77,STATIC,160.45,STATIC,86.22,STATIC,51.84,STATIC,91.97,STATIC,133.24,STATIC,47.74,STATIC,169.90,STATIC
102.71000000000001,2464,41.74,STATIC,161.83,STATIC,86.69,STATIC,46.82,FLEXION,94.76,STATIC,138.50,EXTENSION,50.29,STATIC,167.14,STATIC
102.75166666666668,2465,41.79,STATIC,164.11,STATIC,86.86,STATIC,45.30,STATIC,95.93,STATIC,139.60,STATIC,53.59,STATIC,166.47,STATIC
102.79333333333334,2466,42.36,STATIC,163.82,STATIC,86.80,STATIC,47.22,STATIC,95.94,STATIC,139.32,STATIC,55.73,STATIC,169.56,STATIC
102.83500000000001,2467,43.42,STATIC,165.90,STATIC,86.76,STATIC,47.69,STATIC,95.49,STATIC,139.21,STATIC,57.94,STATIC,171.73,STATIC
102.87666666666668,2468,43.95,STATIC,165.50,STATIC,86.91,STATIC,47.66,STATIC,95.02,STATIC,139.40,STATIC,59.65,STATIC,172.99,STATIC
102.91833333333334,2469,43.96,STATIC,164.59,STATIC,86.79,STATIC,48.10,STATIC,94.59,STATIC,139.43,STATIC,59.73,STATIC,173.48,STATIC
102.96000000000001,2470,43.83,STATIC,162.16,STATIC,86.34,STATIC,49.14,STATIC,92.66,STATIC,137.21,STATIC,54.13,FLEXION,173.86,STATIC
103.00166666666668,2471,50.48,EXTENSION,160.62,STATIC,86.01,STATIC,50.13,STATIC,91.94,STATIC,136.26,STATIC,52.09,STATIC,173.04,STATIC
103.04333333333334,2472,48.18,STATIC,156.76,STATIC,86.13,STATIC,50.26,STATIC,92.70,STATIC,137.26,STATIC,50.57,STATIC,173.84,STATIC
103.08500000000001,2473,49.47,STATIC,156.10,STATIC,86.05,STATIC,50.85,STATIC,92.25,STATIC,137.35,STATIC,47.60,STATIC,173.87,STATIC
103.12666666666668,2474,48.48,STATIC,154.89,STATIC,86.08,STATIC,51.64,STATIC,91.43,STATIC,137.33,STATIC,44.61,STATIC,173.62,STATIC
103.16833333333334,2475,44.96,STATIC,154.87,STATIC,86.21,STATIC,51.57,STATIC,92.91,STATIC,139.81,STATIC,45.56,STATIC,173.38,STATIC
103.21000000000001,2476,44.21,STATIC,154.62,STATIC,86.22,STATIC,52.26,STATIC,92.88,STATIC,139.69,STATIC,43.56,STATIC,172.94,STATIC
103.25166666666668,2477,44.22,STATIC,152.81,STATIC,86.37,STATIC,50.91,STATIC,93.33,STATIC,140.23,STATIC,48.29,STATIC,172.32,STATIC
103.29333333333334,2478,44.06,STATIC,152.14,STATIC,86.54,STATIC,49.75,STATIC,93.41,STATIC,140.33,STATIC,45.95,STATIC,171.98,STATIC
103.33500000000001,2479,45.17,STATIC,153.41,STATIC,86.58,STATIC,50.11,STATIC,93.93,STATIC,140.28,STATIC,47.33,STATIC,170.77,STATIC
103.37666666666668,2480,50.01,STATIC,154.71,STATIC,86.70,STATIC,50.53,STATIC,94.95,STATIC,139.64,STATIC,47.31,STATIC,171.96,STATIC
103.41833333333334,2481,53.52,STATIC,152.57,STATIC,86.66,STATIC,51.45,STATIC,94.75,STATIC,138.17,STATIC,47.72,STATIC,171.85,STATIC
103.46000000000001,2482,55.09,STATIC,149.55,STATIC,86.67,STATIC,51.31,STATIC,94.96,STATIC,137.85,STATIC,48.41,STATIC,171.61,STATIC
103.50166666666668,2483,56.46,STATIC,151.44,STATIC,86.69,STATIC,51.09,STATIC,94.85,STATIC,137.59,STATIC,49.76,STATIC,171.39,STATIC
103.54333333333334,2484,57.59,STATIC,146.24,FLEXION,86.67,STATIC,50.51,STATIC,94.76,STATIC,136.83,STATIC,50.05,STATIC,170.93,STATIC
103.58500000000001,2485,59.05,STATIC,147.15,STATIC,86.71,STATIC,50.12,STATIC,94.65,STATIC,136.43,STATIC,50.74,STATIC,170.39,STATIC
103.62666666666668,2486,60.76,STATIC,148.77,STATIC,86.81,STATIC,49.78,STATIC,95.11,STATIC,136.32,STATIC,50.81,STATIC,170.06,STATIC
103.66833333333334,2487,59.72,STATIC,146.38,STATIC,86.88,STATIC,49.25,STATIC,94.86,STATIC,136.27,STATIC,51.52,STATIC,169.99,STATIC
103.71000000000001,2488,60.39,STATIC,145.34,STATIC,86.96,STATIC,48.57,STATIC,94.75,STATIC,136.11,STATIC,51.94,STATIC,169.37,STATIC
103.75166666666668,2489,61.52,STATIC,144.59,STATIC,87.21,STATIC,46.34,STATIC,94.67,STATIC,136.02,STATIC,52.82,STATIC,169.11,STATIC
103.79333333333334,2490,64.97,STATIC,146.95,STATIC,87.07,STATIC,46.24,STATIC,94.57,STATIC,135.50,STATIC,53.30,STATIC,168.74,STATIC
103.83500000000001,2491,65.62,STATIC,141.40,FLEXION,87.04,STATIC,45.34,STATIC,94.65,STATIC,135.26,STATIC,53.34,STATIC,167.91,STATIC
103.87666666666668,2492,68.96,STATIC,143.71,STATIC,87.01,STATIC,45.57,STATIC,94.62,STATIC,135.51,STATIC,53.67,STATIC,168.45,STATIC
103.91833333333334,2493,71.13,STATIC,143.38,STATIC,87.02,STATIC,45.24,STATIC,94.59,STATIC,135.82,STATIC,54.01,STATIC,169.39,STATIC
103.96000000000001,2494,73.01,STATIC,143.11,STATIC,86.77,STATIC,45.54,STATIC,94.56,STATIC,136.27,STATIC,54.56,STATIC,170.35,STATIC
104.00166666666668,2495,74.16,STATIC,145.84,STATIC,86.43,STATIC,46.71,STATIC,94.01,STATIC,136.17,STATIC,55.79,STATIC,171.07,STATIC
104.04333333333334,2496,72.68,STATIC,147.61,STATIC,86.40,STATIC,49.47,STATIC,94.08,STATIC,135.93,STATIC,55.47,STATIC,170.91,STATIC
104.08500000000001,2497,72.77,STATIC,147.32,STATIC,86.22,STATIC,50.86,STATIC,93.41,STATIC,135.22,STATIC,50.14,FLEXION,170.29,STATIC
104.12666666666668,2498,73.62,STATIC,145.55,STATIC,86.34,STATIC,51.28,STATIC,94.46,STATIC,135.35,STATIC,50.04,STATIC,170.33,STATIC
104.16833333333334,2499,72.62,STATIC,147.72,STATIC,86.21,STATIC,52.13,STATIC,94.22,STATIC,133.29,STATIC,46.99,STATIC,169.98,STATIC
104.21000000000001,2500,69.54,STATIC,148.11,STATIC,86.24,STATIC,52.51,STATIC,93.73,STATIC,133.39,STATIC,48.87,STATIC,169.43,STATIC
104.25166666666668,2501,68.94,STATIC,148.01,STATIC,86.28,STATIC,53.41,STATIC,93.81,STATIC,133.29,STATIC,51.48,STATIC,169.07,STATIC
104.29333333333334,2502,69.39,STATIC,148.67,STATIC,86.32,STATIC,53.16,STATIC,94.38,STATIC,132.66,STATIC,51.52,STATIC,168.52,STATIC
104.33500000000001,2503,69.57,STATIC,145.36,STATIC,86.36,STATIC,52.39,STATIC,94.30,STATIC,132.68,STATIC,52.48,STATIC,167.73,STATIC
104.37666666666668,2504,69.57,STATIC,145.49,STATIC,86.30,STATIC,53.02,STATIC,93.99,STATIC,130.87,STATIC,47.47,FLEXION,167.77,STATIC
104.41833333333334,2505,70.43,STATIC,144.99,STATIC,86.32,STATIC,52.70,STATIC,94.04,STATIC,131.14,STATIC,45.23,STATIC,168.35,STATIC
104.46000000000001,2506,70.47,STATIC,143.44,STATIC,86.40,STATIC,53.07,STATIC,94.14,STATIC,130.41,STATIC,44.44,STATIC,167.92,STATIC
104.50166666666668,2507,70.95,STATIC,143.07,STATIC,86.43,STATIC,53.30,STATIC,94.45,STATIC,128.07,STATIC,41.55,STATIC,167.54,STATIC
104.54333333333334,2508,71.78,STATIC,143.54,STATIC,86.43,STATIC,53.95,STATIC,94.73,STATIC,128.67,STATIC,40.32,STATIC,166.85,STATIC
104.58500000000001,2509,72.93,STATIC,143.76,STATIC,86.40,STATIC,53.82,STATIC,94.85,STATIC,128.36,STATIC,45.46,EXTENSION,166.35,STATIC
104.62666666666668,2510,73.62,STATIC,141.92,STATIC,86.33,STATIC,53.33,STATIC,92.55,STATIC,123.06,FLEXION,47.13,STATIC,166.47,STATIC
104.66833333333334,2511,74.36,STATIC,141.28,STATIC,86.21,STATIC,54.99,STATIC,92.35,STATIC,121.96,STATIC,54.85,EXTENSION,165.48,STATIC
104.71000000000001,2512,74.98,STATIC,141.74,STATIC,86.17,STATIC,56.21,STATIC,92.37,STATIC,119.87,STATIC,54.95,STATIC,165.47,STATIC
104.75166666666668,2513,77.01,STATIC,146.50,STATIC,86.01,STATIC,57.75,STATIC,93.30,STATIC,120.12,STATIC,59.31,STATIC,162.42,STATIC
104.79333333333334,2514,76.71,STATIC,145.42,STATIC,86.16,STATIC,57.37,STATIC,92.88,STATIC,122.91,STATIC,49.19,FLEXION,165.11,STATIC
104.83500000000001,2515,76.38,STATIC,145.63,STATIC,86.27,STATIC,57.02,STATIC,92.76,STATIC,124.51,STATIC,45.13,STATIC,166.37,STATIC
104.87666666666668,2516,75.00,STATIC,148.55,STATIC,85.99,STATIC,58.56,STATIC,93.17,STATIC,128.97,STATIC,59.89,EXTENSION,164.89,STATIC
104.91833333333334,2517,76.19,STATIC,149.15,STATIC,86.02,STATIC,59.35,STATIC,92.83,STATIC,128.46,STATIC,57.99,STATIC,165.67,STATIC
104.96000000000001,2518,77.64,STATIC,150.18,STATIC,86.04,STATIC,59.75,STATIC,92.94,STATIC,126.20,STATIC,55.31,STATIC,166.30,STATIC
105.00166666666668,2519,79.38,STATIC,148.42,STATIC,86.03,STATIC,60.39,STATIC,92.72,STATIC,124.38,STATIC,49.31,FLEXION,165.57,STATIC
105.04333333333334,2520,79.09,STATIC,144.07,STATIC,86.41,STATIC,59.74,STATIC,95.10,STATIC,134.01,EXTENSION,45.43,STATIC,164.00,STATIC
105.08500000000001,2521,76.30,STATIC,145.88,STATIC,86.18,STATIC,58.30,STATIC,94.74,STATIC,133.08,STATIC,42.52,STATIC,165.65,STATIC
105.12666666666668,2522,74.23,STATIC,146.79,STATIC,86.18,STATIC,56.11,STATIC,94.98,STATIC,134.63,STATIC,46.36,STATIC,165.02,STATIC
105.16833333333334,2523,72.69,STATIC,146.60,STATIC,86.30,STATIC,55.06,STATIC,95.24,STATIC,137.81,STATIC,45.28,STATIC,162.63,STATIC
105.21000000000001,2524,72.52,STATIC,139.35,FLEXION,86.31,STATIC,53.91,STATIC,95.78,STATIC,140.33,STATIC,43.96,STATIC,164.55,STATIC
105.25166666666668,2525,72.13,STATIC,138.96,STATIC,86.28,STATIC,53.07,STATIC,95.77,STATIC,140.53,STATIC,43.20,STATIC,164.91,STATIC
105.29333333333334,2526,72.49,STATIC,139.42,STATIC,86.28,STATIC,52.67,STATIC,95.80,STATIC,139.80,STATIC,42.15,STATIC,164.96,STATIC
105.33500000000001,2527,73.09,STATIC,139.14,STATIC,86.28,STATIC,52.26,STATIC,95.89,STATIC,139.80,STATIC,41.67,STATIC,165.13,STATIC
105.37666666666668,2528,73.56,STATIC,139.16,STATIC,86.31,STATIC,51.94,STATIC,96.04,STATIC,139.92,STATIC,40.91,STATIC,165.20,STATIC
105.41833333333334,2529,72.97,STATIC,139.22,STATIC,86.41,STATIC,51.37,STATIC,95.81,STATIC,139.36,STATIC,40.46,STATIC,165.59,STATIC
105.46000000000001,2530,72.23,STATIC,140.09,STATIC,86.44,STATIC,51.09,STATIC,95.72,STATIC,139.25,STATIC,40.43,STATIC,165.69,STATIC
105.50166666666668,2531,71.27,STATIC,140.69,STATIC,86.50,STATIC,50.75,STATIC,95.58,STATIC,139.51,STATIC,40.61,STATIC,165.07,STATIC
105.54333333333334,2532,70.72,STATIC,139.81,STATIC,86.47,STATIC,50.61,STATIC,95.59,STATIC,139.64,STATIC,40.65,STATIC,165.26,STATIC
105.58500000000001,2533,70.75,STATIC,139.58,STATIC,86.39,STATIC,50.36,STATIC,95.74,STATIC,139.56,STATIC,40.83,STATIC,164.79,STATIC
105.62666666666668,2534,71.50,STATIC,139.48,STATIC,86.32,STATIC,49.82,STATIC,95.87,STATIC,139.98,STATIC,41.33,STATIC,164.55,STATIC
105.66833333333334,2535,72.50,STATIC,139.19,STATIC,86.28,STATIC,49.49,STATIC,95.89,STATIC,140.44,STATIC,41.87,STATIC,164.66,STATIC
105.71000000000001,2536,73.08,STATIC,138.18,STATIC,86.24,STATIC,49.06,STATIC,95.95,STATIC,141.01,STATIC,42.84,STATIC,164.89,STATIC
105.75166666666668,2537,73.28,STATIC,137.72,STATIC,86.13,STATIC,48.95,STATIC,96.16,STATIC,141.73,STATIC,43.25,STATIC,165.62,STATIC
105.79333333333334,2538,73.88,STATIC,136.62,STATIC,86.07,STATIC,48.94,STATIC,96.23,STATIC,141.88,STATIC,43.16,STATIC,165.49,STATIC
105.83500000000001,2539,74.28,STATIC,134.92,STATIC,86.04,STATIC,48.80,STATIC,96.26,STATIC,141.86,STATIC,42.93,STATIC,165.43,STATIC
105.87666666666668,2540,74.24,STATIC,135.26,STATIC,86.03,STATIC,49.11,STATIC,96.20,STATIC,141.55,STATIC,43.64,STATIC,165.17,STATIC
105.91833333333334,2541,74.09,STATIC,134.93,STATIC,86.03,STATIC,49.02,STATIC,96.17,STATIC,141.29,STATIC,43.87,STATIC,164.86,STATIC
105.96166666666667,2542,74.52,STATIC,134.63,STATIC,86.09,STATIC,48.38,STATIC,96.07,STATIC,140.14,STATIC,43.75,STATIC,163.96,STATIC
106.00333333333334,2543,74.99,STATIC,132.05,STATIC,86.10,STATIC,46.64,STATIC,96.06,STATIC,139.36,STATIC,43.35,STATIC,163.62,STATIC
106.045,2544,75.72,STATIC,132.02,STATIC,86.10,STATIC,46.10,STATIC,96.12,STATIC,139.15,STATIC,43.06,STATIC,163.65,STATIC
106.08666666666667,2545,76.32,STATIC,132.50,STATIC,86.09,STATIC,46.39,STATIC,96.13,STATIC,138.85,STATIC,43.13,STATIC,163.30,STATIC
106.12833333333334,2546,76.74,STATIC,132.95,STATIC,86.10,STATIC,46.50,STATIC,96.13,STATIC,138.74,STATIC,43.25,STATIC,162.83,STATIC
106.17,2547,77.01,STATIC,135.37,STATIC,86.10,STATIC,47.33,STATIC,96.10,STATIC,138.63,STATIC,43.50,STATIC,162.50,STATIC
106.21166666666667,2548,77.45,STATIC,136.16,STATIC,86.09,STATIC,47.35,STATIC,96.08,STATIC,138.38,STATIC,43.75,STATIC,161.93,STATIC
106.25333333333334,2549,77.72,STATIC,136.71,STATIC,86.08,STATIC,47.82,STATIC,96.11,STATIC,137.87,STATIC,44.00,STATIC,161.03,STATIC
106.295,2550,78.59,STATIC,136.16,STATIC,86.01,STATIC,47.63,STATIC,96.19,STATIC,137.99,STATIC,44.43,STATIC,160.19,STATIC
106.33666666666667,2551,79.07,STATIC,136.07,STATIC,85.93,STATIC,47.28,STATIC,96.21,STATIC,138.87,STATIC,45.36,STATIC,160.51,STATIC
106.37833333333334,2552,79.70,STATIC,135.85,STATIC,85.82,STATIC,47.74,STATIC,96.33,STATIC,139.47,STATIC,45.23,STATIC,160.47,STATIC
106.42,2553,80.55,STATIC,135.92,STATIC,85.77,STATIC,47.67,STATIC,96.39,STATIC,139.79,STATIC,44.70,STATIC,160.15,STATIC
106.46166666666667,2554,81.19,STATIC,135.68,STATIC,85.74,STATIC,47.67,STATIC,96.38,STATIC,139.80,STATIC,44.18,STATIC,159.49,STATIC
106.50333333333334,2555,81.66,STATIC,134.66,STATIC,85.70,STATIC,47.39,STATIC,96.41,STATIC,139.94,STATIC,44.04,STATIC,159.14,STATIC
106.545,2556,82.26,STATIC,134.49,STATIC,85.65,STATIC,47.09,STATIC,96.38,STATIC,140.80,STATIC,44.85,STATIC,159.09,STATIC
106.58666666666667,2557,82.24,STATIC,134.13,STATIC,85.59,STATIC,47.35,STATIC,96.31,STATIC,141.31,STATIC,45.42,STATIC,158.97,STATIC
106.62833333333334,2558,82.20,STATIC,134.28,STATIC,85.54,STATIC,47.14,STATIC,96.26,STATIC,141.11,STATIC,45.80,STATIC,158.43,STATIC
106.67,2559,82.57,STATIC,133.48,STATIC,85.45,STATIC,47.61,STATIC,96.15,STATIC,141.52,STATIC,47.12,STATIC,158.26,STATIC
106.71166666666667,2560,82.95,STATIC,132.93,STATIC,85.40,STATIC,47.54,STATIC,96.04,STATIC,141.63,STATIC,47.47,STATIC,158.02,STATIC
106.75333333333334,2561,83.62,STATIC,132.58,STATIC,85.28,STATIC,46.83,STATIC,96.11,STATIC,142.04,STATIC,47.18,STATIC,157.70,STATIC
106.795,2562,83.93,STATIC,132.62,STATIC,85.24,STATIC,47.09,STATIC,96.09,STATIC,142.88,STATIC,44.95,STATIC,156.86,STATIC
106.83666666666667,2563,84.24,STATIC,133.48,STATIC,85.20,STATIC,47.06,STATIC,96.16,STATIC,144.64,STATIC,46.00,STATIC,157.40,STATIC
106.87833333333334,2564,84.58,STATIC,134.60,STATIC,85.07,STATIC,46.28,STATIC,96.24,STATIC,145.42,STATIC,46.70,STATIC,157.02,STATIC
106.92,2565,85.01,STATIC,136.27,STATIC,84.96,STATIC,44.32,STATIC,96.23,STATIC,145.07,STATIC,45.63,STATIC,154.91,STATIC
106.96166666666667,2566,86.20,STATIC,135.71,STATIC,84.86,STATIC,41.92,STATIC,96.33,STATIC,145.23,STATIC,46.38,STATIC,153.21,STATIC
107.00333333333334,2567,87.23,STATIC,137.07,STATIC,84.82,STATIC,40.36,STATIC,96.27,STATIC,145.12,STATIC,47.89,STATIC,152.21,STATIC
107.045,2568,87.31,STATIC,137.28,STATIC,84.85,STATIC,38.15,STATIC,96.17,STATIC,144.68,STATIC,47.80,STATIC,150.70,STATIC
107.08666666666667,2569,86.93,STATIC,135.14,STATIC,85.00,STATIC,33.29,STATIC,95.68,STATIC,142.21,STATIC,47.17,STATIC,148.11,STATIC
107.12833333333334,2570,86.97,STATIC,137.18,STATIC,84.80,STATIC,33.09,STATIC,95.93,STATIC,141.69,STATIC,46.51,STATIC,147.11,STATIC
107.17,2571,79.96,FLEXION,137.86,STATIC,85.54,STATIC,31.72,STATIC,95.51,STATIC,140.15,STATIC,45.98,STATIC,145.14,STATIC
107.21166666666667,2572,69.38,FLEXION,142.59,STATIC,85.88,STATIC,29.64,STATIC,95.13,STATIC,138.36,STATIC,46.70,STATIC,143.08,STATIC
107.25333333333334,2573,57.81,FLEXION,141.69,STATIC,86.27,STATIC,32.11,STATIC,94.91,STATIC,138.02,STATIC,48.84,STATIC,141.78,STATIC
107.295,2574,48.33,FLEXION,141.00,STATIC,86.29,STATIC,32.26,STATIC,95.07,STATIC,138.04,STATIC,49.58,STATIC,141.55,STATIC
107.33666666666667,2575,45.48,STATIC,142.51,STATIC,86.95,STATIC,31.70,STATIC,94.80,STATIC,138.58,STATIC,50.79,STATIC,140.89,STATIC
107.37833333333334,2576,39.74,FLEXION,144.68,STATIC,87.14,STATIC,30.93,STATIC,94.76,STATIC,138.93,STATIC,51.58,STATIC,140.22,STATIC
107.42,2577,35.75,STATIC,143.53,STATIC,87.26,STATIC,34.34,STATIC,95.17,STATIC,138.64,STATIC,51.10,STATIC,140.09,STATIC
107.46166666666667,2578,31.13,STATIC,144.24,STATIC,87.57,STATIC,34.84,STATIC,95.16,STATIC,137.40,STATIC,50.50,STATIC,139.98,STATIC
107.50333333333334,2579,29.57,STATIC,144.96,STATIC,87.87,STATIC,35.99,STATIC,95.67,STATIC,135.32,STATIC,48.39,STATIC,138.51,STATIC
107.545,2580,30.59,STATIC,146.62,STATIC,87.46,STATIC,36.38,STATIC,96.00,STATIC,133.86,STATIC,47.91,STATIC,136.71,STATIC
107.58666666666667,2581,27.13,STATIC,145.22,STATIC,87.54,STATIC,33.88,STATIC,95.53,STATIC,134.42,STATIC,48.70,STATIC,138.22,STATIC
107.62833333333334,2582,27.72,STATIC,144.56,STATIC,87.51,STATIC,38.11,STATIC,95.62,STATIC,135.00,STATIC,48.00,STATIC,138.86,STATIC
107.67,2583,26.70,STATIC,142.81,STATIC,87.14,STATIC,39.91,STATIC,95.68,STATIC,135.26,STATIC,47.68,STATIC,139.45,STATIC
107.71166666666667,2584,24.41,STATIC,146.70,STATIC,87.09,STATIC,38.85,STATIC,95.57,STATIC,136.26,STATIC,48.86,STATIC,140.81,STATIC
107.75333333333334,2585,25.47,STATIC,145.55,STATIC,87.06,STATIC,41.75,STATIC,95.49,STATIC,136.34,STATIC,49.19,STATIC,142.48,STATIC
107.795,2586,24.84,STATIC,147.04,STATIC,87.14,STATIC,41.91,STATIC,95.46,STATIC,136.56,STATIC,49.75,STATIC,144.18,STATIC
107.83666666666667,2587,24.25,STATIC,148.66,STATIC,87.13,STATIC,43.77,STATIC,95.62,STATIC,136.48,STATIC,50.73,STATIC,145.54,STATIC
107.87833333333334,2588,23.08,STATIC,149.73,STATIC,87.68,STATIC,45.34,STATIC,95.53,STATIC,136.64,STATIC,50.83,STATIC,146.53,STATIC
107.92,2589,22.05,STATIC,150.71,STATIC,87.62,STATIC,47.30,STATIC,95.40,STATIC,136.36,STATIC,51.46,STATIC,147.70,STATIC
107.96166666666667,2590,20.62,STATIC,150.58,STATIC,87.61,STATIC,48.40,STATIC,95.12,STATIC,136.58,STATIC,52.63,STATIC,148.44,STATIC
108.00333333333334,2591,19.58,STATIC,150.51,STATIC,87.67,STATIC,49.99,STATIC,95.15,STATIC,136.41,STATIC,52.45,STATIC,149.17,STATIC
108.045,2592,18.90,STATIC,150.84,STATIC,87.52,STATIC,53.00,STATIC,95.38,STATIC,134.31,STATIC,51.28,STATIC,147.95,STATIC
108.08666666666667,2593,18.03,STATIC,151.03,STATIC,87.41,STATIC,54.51,STATIC,95.97,STATIC,133.19,STATIC,49.92,STATIC,147.08,STATIC
108.12833333333334,2594,16.99,STATIC,150.73,STATIC,87.53,STATIC,55.16,STATIC,95.80,STATIC,133.28,STATIC,50.03,STATIC,148.01,STATIC
108.17,2595,18.18,STATIC,152.24,STATIC,88.02,STATIC,55.50,STATIC,95.70,STATIC,133.37,STATIC,49.76,STATIC,147.39,STATIC
108.21166666666667,2596,18.03,STATIC,154.10,STATIC,88.00,STATIC,56.16,STATIC,95.72,STATIC,132.97,STATIC,50.32,STATIC,147.53,STATIC
108.25333333333334,2597,17.22,STATIC,154.34,STATIC,89.01,STATIC,56.57,STATIC,95.57,STATIC,133.88,STATIC,50.78,STATIC,148.97,STATIC
108.295,2598,17.49,STATIC,154.64,STATIC,89.46,STATIC,56.96,STATIC,95.56,STATIC,134.68,STATIC,50.61,STATIC,149.46,STATIC
108.33666666666667,2599,15.25,STATIC,156.17,STATIC,89.18,STATIC,57.27,STATIC,95.49,STATIC,134.74,STATIC,51.36,STATIC,149.43,STATIC
108.37833333333334,2600,15.37,STATIC,156.68,STATIC,88.72,STATIC,56.83,STATIC,95.50,STATIC,135.09,STATIC,50.71,STATIC,148.84,STATIC
108.42,2601,14.67,STATIC,157.26,STATIC,88.24,STATIC,56.01,STATIC,95.37,STATIC,135.95,STATIC,50.80,STATIC,148.96,STATIC
108.46166666666667,2602,12.37,STATIC,160.45,STATIC,87.91,STATIC,56.84,STATIC,95.72,STATIC,135.30,STATIC,50.24,STATIC,146.67,STATIC
108.50333333333334,2603,12.10,STATIC,158.57,STATIC,87.66,STATIC,55.79,STATIC,95.80,STATIC,136.67,STATIC,49.35,STATIC,147.43,STATIC
108.545,2604,12.93,STATIC,158.14,STATIC,87.10,STATIC,53.65,STATIC,96.07,STATIC,138.88,STATIC,47.56,STATIC,147.52,STATIC
108.58666666666667,2605,12.78,STATIC,160.06,STATIC,86.99,STATIC,53.00,STATIC,96.16,STATIC,139.92,STATIC,47.53,STATIC,146.39,STATIC
108.62833333333334,2606,13.30,STATIC,159.69,STATIC,86.92,STATIC,51.17,STATIC,96.25,STATIC,141.65,STATIC,48.99,STATIC,144.31,STATIC
108.67,2607,14.09,STATIC,157.43,STATIC,86.81,STATIC,50.86,STATIC,96.25,STATIC,142.17,STATIC,49.81,STATIC,142.24,STATIC
108.71166666666667,2608,15.06,STATIC,156.46,STATIC,86.52,STATIC,49.32,STATIC,96.42,STATIC,142.02,STATIC,51.05,STATIC,139.46,STATIC
108.75333333333334,2609,15.43,STATIC,156.63,STATIC,86.58,STATIC,47.87,STATIC,96.78,STATIC,141.14,STATIC,50.51,STATIC,137.57,STATIC
108.795,2610,14.71,STATIC,159.49,STATIC,87.20,STATIC,47.67,STATIC,97.04,STATIC,141.32,STATIC,50.60,STATIC,136.57,STATIC
108.83666666666667,2611,14.14,STATIC,159.65,STATIC,86.64,STATIC,46.35,STATIC,97.28,STATIC,142.22,STATIC,51.13,STATIC,136.89,STATIC
108.87833333333334,2612,16.33,STATIC,155.13,STATIC,85.95,STATIC,44.97,STATIC,97.34,STATIC,138.45,STATIC,50.01,STATIC,137.61,STATIC
108.92,2613,16.48,STATIC,154.18,STATIC,86.59,STATIC,44.24,STATIC,97.35,STATIC,140.54,STATIC,49.13,STATIC,138.82,STATIC
108.96166666666667,2614,15.31,STATIC,154.99,STATIC,86.80,STATIC,42.89,STATIC,97.51,STATIC,142.92,STATIC,48.69,STATIC,139.54,STATIC
109.00333333333334,2615,15.86,STATIC,159.04,STATIC,86.46,STATIC,41.55,STATIC,97.36,STATIC,144.26,STATIC,49.68,STATIC,140.33,STATIC
109.045,2616,15.28,STATIC,162.83,STATIC,86.37,STATIC,40.96,STATIC,97.33,STATIC,145.39,STATIC,48.91,STATIC,140.98,STATIC
109.08666666666667,2617,16.46,STATIC,159.19,STATIC,86.33,STATIC,40.90,STATIC,97.25,STATIC,143.83,STATIC,48.06,STATIC,141.57,STATIC
109.12833333333334,2618,16.08,STATIC,163.06,STATIC,86.07,STATIC,41.15,STATIC,97.49,STATIC,146.07,STATIC,47.58,STATIC,141.68,STATIC
109.17,2619,16.16,STATIC,163.51,STATIC,85.93,STATIC,42.66,STATIC,97.47,STATIC,146.22,STATIC,47.37,STATIC,142.80,STATIC
109.21166666666667,2620,16.28,STATIC,161.90,STATIC,85.77,STATIC,43.51,STATIC,97.72,STATIC,146.92,STATIC,46.40,STATIC,143.59,STATIC
109.25333333333334,2621,15.79,STATIC,162.04,STATIC,85.75,STATIC,42.73,STATIC,97.75,STATIC,147.24,STATIC,45.68,STATIC,144.22,STATIC
109.295,2622,15.60,STATIC,161.74,STATIC,85.72,STATIC,42.22,STATIC,97.96,STATIC,147.62,STATIC,43.95,STATIC,143.85,STATIC
109.33666666666667,2623,15.48,STATIC,161.32,STATIC,85.74,STATIC,43.00,STATIC,97.92,STATIC,148.73,STATIC,43.07,STATIC,144.37,STATIC
109.37833333333334,2624,15.56,STATIC,160.76,STATIC,85.56,STATIC,43.24,STATIC,98.21,STATIC,148.20,STATIC,42.76,STATIC,146.19,STATIC
109.42,2625,15.37,STATIC,161.26,STATIC,85.49,STATIC,45.03,STATIC,98.44,STATIC,149.62,STATIC,42.87,STATIC,148.62,STATIC
109.46166666666667,2626,15.30,STATIC,161.34,STATIC,85.36,STATIC,46.81,STATIC,98.65,STATIC,153.13,STATIC,42.41,STATIC,151.05,STATIC
109.50333333333334,2627,14.95,STATIC,160.87,STATIC,85.39,STATIC,46.77,STATIC,98.73,STATIC,155.25,STATIC,41.81,STATIC,153.17,STATIC
109.545,2628,14.75,STATIC,160.63,STATIC,85.55,STATIC,46.04,STATIC,98.65,STATIC,154.37,STATIC,40.55,STATIC,154.30,STATIC
109.58666666666667,2629,14.54,STATIC,160.09,STATIC,85.68,STATIC,45.78,STATIC,98.63,STATIC,154.33,STATIC,39.89,STATIC,155.70,STATIC
109.62833333333334,2630,14.27,STATIC,160.29,STATIC,85.73,STATIC,45.63,STATIC,98.69,STATIC,154.44,STATIC,39.14,STATIC,157.04,STATIC
109.67,2631,14.19,STATIC,160.77,STATIC,85.67,STATIC,45.95,STATIC,98.91,STATIC,154.64,STATIC,38.78,STATIC,158.57,STATIC
109.71166666666667,2632,14.01,STATIC,161.25,STATIC,85.68,STATIC,45.90,STATIC,98.97,STATIC,155.20,STATIC,37.91,STATIC,159.99,STATIC
109.75333333333334,2633,13.91,STATIC,161.29,STATIC,85.72,STATIC,45.80,STATIC,98.96,STATIC,153.32,STATIC,37.26,STATIC,160.54,STATIC
109.795,2634,13.94,STATIC,161.27,STATIC,85.74,STATIC,45.77,STATIC,98.94,STATIC,152.22,STATIC,36.81,STATIC,161.09,STATIC
109.83666666666667,2635,14.08,STATIC,161.19,STATIC,85.71,STATIC,45.22,STATIC,98.97,STATIC,151.46,STATIC,35.48,STATIC,161.46,STATIC
109.87833333333334,2636,13.73,STATIC,161.81,STATIC,85.60,STATIC,45.10,STATIC,99.02,STATIC,152.23,STATIC,34.50,STATIC,160.80,STATIC
109.92,2637,13.62,STATIC,159.30,STATIC,85.30,STATIC,44.68,STATIC,99.27,STATIC,150.85,STATIC,34.68,STATIC,159.66,STATIC
109.96333333333334,2638,13.62,STATIC,158.65,STATIC,85.09,STATIC,42.82,STATIC,99.33,STATIC,150.21,STATIC,33.92,STATIC,157.77,STATIC
110.00500000000001,2639,13.68,STATIC,159.38,STATIC,84.60,STATIC,43.99,STATIC,99.73,STATIC,150.69,STATIC,35.31,STATIC,157.01,STATIC
110.04666666666667,2640,14.67,STATIC,160.41,STATIC,84.22,STATIC,43.94,STATIC,100.04,STATIC,150.57,STATIC,36.35,STATIC,156.69,STATIC
110.08833333333334,2641,14.26,STATIC,159.97,STATIC,84.06,STATIC,44.54,STATIC,100.20,STATIC,151.22,STATIC,36.35,STATIC,155.63,STATIC
110.13000000000001,2642,16.56,STATIC,157.96,STATIC,83.91,STATIC,45.82,STATIC,100.51,STATIC,151.11,STATIC,38.56,STATIC,156.08,STATIC
110.17166666666667,2643,20.80,STATIC,156.44,STATIC,83.68,STATIC,45.79,STATIC,100.74,STATIC,154.32,STATIC,40.83,STATIC,156.67,STATIC
110.21333333333334,2644,23.68,STATIC,153.04,STATIC,83.57,STATIC,45.15,STATIC,100.73,STATIC,156.12,STATIC,39.88,STATIC,156.69,STATIC
110.25500000000001,2645,26.39,STATIC,150.61,STATIC,83.49,STATIC,45.12,STATIC,101.11,STATIC,160.74,STATIC,43.41,STATIC,158.00,STATIC
110.29666666666667,2646,28.47,STATIC,149.36,STATIC,83.61,STATIC,45.18,STATIC,101.15,STATIC,162.78,STATIC,43.81,STATIC,159.49,STATIC
110.33833333333334,2647,16.69,FLEXION,145.40,STATIC,86.57,STATIC,46.46,STATIC,101.30,STATIC,165.39,STATIC,43.15,STATIC,159.79,STATIC
110.38000000000001,2648,15.27,STATIC,141.41,STATIC,85.75,STATIC,46.19,STATIC,101.48,STATIC,164.55,STATIC,44.07,STATIC,159.24,STATIC
110.42166666666667,2649,15.57,STATIC,144.07,STATIC,86.07,STATIC,46.10,STATIC,101.86,STATIC,164.73,STATIC,44.48,STATIC,158.79,STATIC
110.46333333333334,2650,21.15,EXTENSION,145.22,STATIC,86.38,STATIC,45.69,STATIC,102.05,STATIC,163.90,STATIC,45.36,STATIC,158.31,STATIC
110.50500000000001,2651,6.55,FLEXION,150.14,STATIC,85.26,STATIC,43.39,STATIC,102.60,STATIC,162.00,STATIC,46.45,STATIC,158.12,STATIC
110.54666666666667,2652,29.28,EXTENSION,153.95,STATIC,84.58,STATIC,46.71,STATIC,103.12,STATIC,161.80,STATIC,49.54,STATIC,158.74,STATIC
110.58833333333334,2653,17.89,FLEXION,153.30,STATIC,84.60,STATIC,45.00,STATIC,103.71,STATIC,162.49,STATIC,50.52,STATIC,159.08,STATIC
110.63000000000001,2654,25.39,EXTENSION,156.98,STATIC,85.72,STATIC,39.88,FLEXION,103.98,STATIC,163.91,STATIC,51.12,STATIC,159.11,STATIC
110.67166666666667,2655,6.02,FLEXION,159.99,STATIC,84.60,STATIC,40.60,STATIC,104.86,STATIC,162.69,STATIC,53.35,STATIC,159.60,STATIC
110.71333333333334,2656,20.76,EXTENSION,158.90,STATIC,84.12,STATIC,44.02,STATIC,105.49,STATIC,160.31,STATIC,54.94,STATIC,159.65,STATIC
110.75500000000001,2657,21.55,STATIC,164.30,EXTENSION,84.08,STATIC,45.52,STATIC,106.04,STATIC,165.09,STATIC,56.76,STATIC,160.86,STATIC
110.79666666666667,2658,19.11,STATIC,165.43,STATIC,84.00,STATIC,46.50,STATIC,106.27,STATIC,166.76,STATIC,57.69,STATIC,161.42,STATIC
110.83833333333334,2659,17.62,STATIC,164.34,STATIC,83.81,STATIC,49.53,STATIC,107.37,STATIC,168.35,STATIC,62.29,STATIC,163.10,STATIC
110.88000000000001,2660,16.06,STATIC,166.11,STATIC,83.66,STATIC,48.46,STATIC,108.58,STATIC,167.96,STATIC,64.71,STATIC,163.47,STATIC
110.92166666666667,2661,14.46,STATIC,165.92,STATIC,83.71,STATIC,47.85,STATIC,109.42,STATIC,166.88,STATIC,65.88,STATIC,163.19,STATIC
110.96333333333334,2662,13.56,STATIC,167.33,STATIC,83.62,STATIC,47.39,STATIC,110.78,STATIC,167.84,STATIC,69.82,STATIC,164.21,STATIC
111.00500000000001,2663,12.52,STATIC,164.97,STATIC,83.66,STATIC,48.07,STATIC,111.89,STATIC,166.87,STATIC,72.07,STATIC,164.50,STATIC
111.04666666666667,2664,14.61,STATIC,165.39,STATIC,83.80,STATIC,48.26,STATIC,112.84,STATIC,167.61,STATIC,76.26,STATIC,165.15,STATIC
111.08833333333334,2665,13.55,STATIC,164.92,STATIC,83.76,STATIC,43.92,STATIC,113.27,STATIC,165.54,STATIC,75.43,STATIC,164.15,STATIC
111.13000000000001,2666,14.24,STATIC,165.20,STATIC,84.37,STATIC,43.46,STATIC,114.19,STATIC,167.97,STATIC,78.29,STATIC,164.46,STATIC
111.17166666666667,2667,17.48,STATIC,164.25,STATIC,85.14,STATIC,43.01,STATIC,114.60,STATIC,167.62,STATIC,80.82,STATIC,163.89,STATIC
111.21333333333334,2668,18.37,STATIC,162.96,STATIC,85.16,STATIC,43.13,STATIC,115.41,STATIC,167.98,STATIC,85.42,STATIC,163.91,STATIC
111.25500000000001,2669,18.13,STATIC,162.17,STATIC,85.27,STATIC,43.03,STATIC,116.00,STATIC,167.26,STATIC,87.50,STATIC,163.00,STATIC
111.29666666666667,2670,17.74,STATIC,161.92,STATIC,85.14,STATIC,43.47,STATIC,117.18,STATIC,167.31,STATIC,91.82,STATIC,163.22,STATIC
111.33833333333334,2671,18.51,STATIC,161.62,STATIC,85.26,STATIC,43.72,STATIC,117.77,STATIC,167.04,STATIC,94.06,STATIC,162.98,STATIC
111.38000000000001,2672,18.28,STATIC,161.72,STATIC,85.36,STATIC,43.22,STATIC,118.14,STATIC,166.44,STATIC,96.04,STATIC,162.37,STATIC
111.42166666666667,2673,18.43,STATIC,161.77,STATIC,85.26,STATIC,41.91,STATIC,118.34,STATIC,165.81,STATIC,98.09,STATIC,161.68,STATIC
111.46333333333334,2674,18.41,STATIC,161.11,STATIC,85.37,STATIC,41.72,STATIC,118.57,STATIC,165.19,STATIC,99.32,STATIC,160.92,STATIC
111.50500000000001,2675,18.80,STATIC,160.61,STATIC,85.47,STATIC,42.31,STATIC,118.01,STATIC,164.27,STATIC,100.18,STATIC,159.56,STATIC
111.54666666666667,2676,18.38,STATIC,160.12,STATIC,85.67,STATIC,42.81,STATIC,117.16,STATIC,163.10,STATIC,100.11,STATIC,157.90,STATIC
111.58833333333334,2677,18.08,STATIC,159.70,STATIC,85.68,STATIC,43.05,STATIC,116.99,STATIC,162.37,STATIC,99.90,STATIC,156.91,STATIC
111.63000000000001,2678,18.04,STATIC,159.45,STATIC,85.27,STATIC,43.62,STATIC,116.79,STATIC,161.70,STATIC,99.65,STATIC,156.05,STATIC
111.67166666666667,2679,17.76,STATIC,159.69,STATIC,85.13,STATIC,44.00,STATIC,116.20,STATIC,161.18,STATIC,99.31,STATIC,155.04,STATIC
111.71333333333334,2680,17.17,STATIC,160.55,STATIC,85.11,STATIC,43.86,STATIC,115.67,STATIC,160.53,STATIC,97.97,STATIC,153.74,STATIC
111.75500000000001,2681,17.18,STATIC,161.05,STATIC,85.03,STATIC,43.72,STATIC,115.40,STATIC,160.06,STATIC,97.40,STATIC,153.00,STATIC
111.79666666666667,2682,17.32,STATIC,161.15,STATIC,85.01,STATIC,43.76,STATIC,114.86,STATIC,159.33,STATIC,96.33,STATIC,151.87,STATIC
111.83833333333334,2683,17.49,STATIC,162.36,STATIC,84.83,STATIC,43.14,STATIC,114.53,STATIC,158.61,STATIC,96.76,STATIC,150.99,STATIC
111.88000000000001,2684,17.48,STATIC,162.10,STATIC,84.57,STATIC,43.21,STATIC,114.27,STATIC,158.18,STATIC,96.64,STATIC,150.62,STATIC
111.92166666666667,2685,16.63,STATIC,162.46,STATIC,84.63,STATIC,43.15,STATIC,114.04,STATIC,157.91,STATIC,96.27,STATIC,150.27,STATIC
111.96333333333334,2686,15.63,STATIC,161.34,STATIC,84.87,STATIC,44.11,STATIC,113.44,STATIC,157.64,STATIC,95.27,STATIC,149.39,STATIC
112.00500000000001,2687,15.24,STATIC,160.86,STATIC,85.03,STATIC,44.28,STATIC,112.83,STATIC,157.07,STATIC,94.49,STATIC,148.11,STATIC
112.04666666666667,2688,12.62,STATIC,161.51,STATIC,84.98,STATIC,43.97,STATIC,112.77,STATIC,156.44,STATIC,93.82,STATIC,147.31,STATIC
112.08833333333334,2689,14.95,STATIC,161.20,STATIC,85.23,STATIC,44.07,STATIC,112.19,STATIC,155.14,STATIC,93.65,STATIC,145.48,STATIC
112.13000000000001,2690,19.68,STATIC,160.55,STATIC,85.44,STATIC,44.39,STATIC,111.54,STATIC,153.52,STATIC,94.45,STATIC,143.28,STATIC
112.17166666666667,2691,24.84,EXTENSION,160.96,STATIC,85.83,STATIC,45.33,STATIC,111.09,STATIC,151.94,STATIC,95.85,STATIC,140.90,STATIC
112.21333333333334,2692,26.78,STATIC,159.73,STATIC,86.11,STATIC,46.24,STATIC,110.53,STATIC,150.98,STATIC,96.58,STATIC,139.33,STATIC
112.25500000000001,2693,27.57,STATIC,158.78,STATIC,86.06,STATIC,47.04,STATIC,110.67,STATIC,150.80,STATIC,97.98,STATIC,139.10,STATIC
112.29666666666667,2694,27.32,STATIC,158.96,STATIC,85.80,STATIC,45.66,STATIC,111.36,STATIC,151.47,STATIC,98.87,STATIC,140.16,STATIC
112.33833333333334,2695,28.83,STATIC,159.18,STATIC,85.75,STATIC,45.15,STATIC,112.10,STATIC,152.39,STATIC,100.45,STATIC,141.51,STATIC
112.38000000000001,2696,24.75,STATIC,156.26,STATIC,85.55,STATIC,44.20,STATIC,113.13,STATIC,152.74,STATIC,101.26,STATIC,142.60,STATIC
112.42166666666667,2697,25.73,STATIC,156.61,STATIC,84.89,STATIC,42.92,STATIC,113.68,STATIC,153.10,STATIC,101.66,STATIC,143.38,STATIC
112.46333333333334,2698,24.59,STATIC,159.62,STATIC,84.62,STATIC,42.85,STATIC,114.40,STATIC,154.43,STATIC,102.88,STATIC,145.14,STATIC
112.50500000000001,2699,22.67,STATIC,161.25,STATIC,84.44,STATIC,42.49,STATIC,115.47,STATIC,155.55,STATIC,105.34,STATIC,146.73,STATIC
112.54666666666667,2700,22.01,STATIC,162.67,STATIC,84.24,STATIC,44.04,STATIC,116.64,STATIC,157.81,STATIC,108.42,STATIC,149.27,STATIC
112.58833333333334,2701,20.79,STATIC,163.02,STATIC,84.28,STATIC,44.13,STATIC,116.88,STATIC,158.97,STATIC,108.77,STATIC,150.33,STATIC
112.63000000000001,2702,19.73,STATIC,161.45,STATIC,84.32,STATIC,44.57,STATIC,117.05,STATIC,159.14,STATIC,109.07,STATIC,150.32,STATIC
112.67166666666667,2703,18.86,STATIC,160.54,STATIC,84.33,STATIC,44.60,STATIC,117.24,STATIC,159.48,STATIC,109.75,STATIC,150.65,STATIC
112.71333333333334,2704,17.87,STATIC,159.75,STATIC,84.35,STATIC,45.54,STATIC,117.39,STATIC,159.89,STATIC,110.03,STATIC,151.03,STATIC
112.75500000000001,2705,16.61,STATIC,159.09,STATIC,84.39,STATIC,44.51,STATIC,117.67,STATIC,160.09,STATIC,110.22,STATIC,151.37,STATIC
112.79666666666667,2706,13.57,STATIC,159.97,STATIC,84.56,STATIC,43.87,STATIC,117.87,STATIC,160.44,STATIC,109.76,STATIC,152.12,STATIC
112.83833333333334,2707,13.55,STATIC,160.15,STATIC,84.60,STATIC,43.89,STATIC,117.89,STATIC,160.88,STATIC,108.70,STATIC,152.78,STATIC
112.88000000000001,2708,14.25,STATIC,160.39,STATIC,84.33,STATIC,43.76,STATIC,116.58,STATIC,160.94,STATIC,105.04,STATIC,152.69,STATIC
112.92166666666667,2709,15.63,STATIC,158.82,STATIC,84.38,STATIC,43.14,STATIC,115.04,STATIC,160.53,STATIC,101.70,STATIC,152.02,STATIC
112.96333333333334,2710,14.35,STATIC,156.96,STATIC,84.39,STATIC,42.74,STATIC,114.00,STATIC,160.25,STATIC,98.60,STATIC,151.54,STATIC
113.00500000000001,2711,13.33,STATIC,157.08,STATIC,84.46,STATIC,42.99,STATIC,112.80,STATIC,158.72,STATIC,94.89,STATIC,150.34,STATIC
113.04666666666667,2712,14.89,STATIC,155.71,STATIC,84.41,STATIC,43.57,STATIC,112.25,STATIC,159.10,STATIC,91.79,STATIC,150.30,STATIC
113.08833333333334,2713,15.46,STATIC,153.60,STATIC,84.70,STATIC,44.22,STATIC,111.73,STATIC,158.64,STATIC,89.72,STATIC,150.22,STATIC
113.13000000000001,2714,17.05,STATIC,153.31,STATIC,85.57,STATIC,45.81,STATIC,111.14,STATIC,159.63,STATIC,87.78,STATIC,150.72,STATIC
113.17166666666667,2715,15.74,STATIC,150.19,STATIC,85.61,STATIC,46.40,STATIC,110.21,STATIC,157.38,STATIC,84.42,STATIC,149.74,STATIC
113.21333333333334,2716,8.22,FLEXION,149.30,STATIC,85.76,STATIC,45.63,STATIC,109.85,STATIC,157.92,STATIC,82.04,STATIC,150.49,STATIC
113.25500000000001,2717,9.48,STATIC,150.52,STATIC,85.69,STATIC,45.13,STATIC,109.27,STATIC,158.41,STATIC,79.21,STATIC,150.79,STATIC
113.29666666666667,2718,8.69,STATIC,152.74,STATIC,85.72,STATIC,44.01,STATIC,108.09,STATIC,157.84,STATIC,74.82,STATIC,149.97,STATIC
113.33833333333334,2719,11.43,STATIC,153.35,STATIC,85.48,STATIC,43.98,STATIC,107.29,STATIC,157.05,STATIC,74.98,STATIC,149.74,STATIC
113.38000000000001,2720,21.08,EXTENSION,153.74,STATIC,85.36,STATIC,44.30,STATIC,106.71,STATIC,154.02,STATIC,73.60,STATIC,149.78,STATIC
113.42166666666667,2721,21.47,STATIC,153.78,STATIC,85.33,STATIC,44.79,STATIC,105.70,STATIC,152.98,STATIC,71.60,STATIC,150.59,STATIC
113.46333333333334,2722,13.98,FLEXION,154.73,STATIC,85.25,STATIC,44.81,STATIC,105.35,STATIC,151.47,STATIC,70.36,STATIC,150.85,STATIC
113.50500000000001,2723,43.87,EXTENSION,155.79,STATIC,85.18,STATIC,45.24,STATIC,105.19,STATIC,151.10,STATIC,69.42,STATIC,152.49,STATIC
113.54666666666667,2724,46.57,STATIC,153.97,STATIC,85.16,STATIC,46.25,STATIC,104.54,STATIC,151.97,STATIC,66.75,STATIC,153.46,STATIC
113.58833333333334,2725,48.95,STATIC,153.94,STATIC,85.02,STATIC,46.52,STATIC,104.13,STATIC,154.05,STATIC,64.95,STATIC,154.60,STATIC
113.63000000000001,2726,50.63,STATIC,153.10,STATIC,84.99,STATIC,45.39,STATIC,103.46,STATIC,154.51,STATIC,62.10,STATIC,154.75,STATIC
113.67166666666668,2727,52.98,STATIC,153.36,STATIC,84.88,STATIC,45.66,STATIC,103.40,STATIC,155.05,STATIC,61.48,STATIC,155.29,STATIC
113.71333333333334,2728,51.50,STATIC,152.64,STATIC,84.99,STATIC,44.87,STATIC,102.38,STATIC,155.75,STATIC,58.15,STATIC,154.98,STATIC
113.75500000000001,2729,53.62,STATIC,152.28,STATIC,84.94,STATIC,45.00,STATIC,102.60,STATIC,156.19,STATIC,57.26,STATIC,155.27,STATIC
113.79666666666668,2730,55.04,STATIC,151.90,STATIC,84.86,STATIC,45.23,STATIC,102.68,STATIC,155.68,STATIC,54.57,STATIC,154.87,STATIC
113.83833333333334,2731,57.05,STATIC,149.98,STATIC,84.80,STATIC,45.05,STATIC,102.59,STATIC,154.82,STATIC,53.30,STATIC,154.34,STATIC
113.88000000000001,2732,58.14,STATIC,150.39,STATIC,84.88,STATIC,44.32,STATIC,102.27,STATIC,155.48,STATIC,50.79,STATIC,154.03,STATIC
113.92166666666668,2733,59.92,STATIC,149.69,STATIC,84.88,STATIC,43.84,STATIC,102.29,STATIC,155.36,STATIC,49.14,STATIC,154.16,STATIC
113.96333333333334,2734,60.81,STATIC,150.59,STATIC,84.87,STATIC,43.70,STATIC,102.31,STATIC,155.70,STATIC,47.42,STATIC,154.07,STATIC
114.00666666666667,2735,62.69,STATIC,149.52,STATIC,84.87,STATIC,43.10,STATIC,102.22,STATIC,156.35,STATIC,46.73,STATIC,154.01,STATIC
114.04833333333335,2736,62.81,STATIC,150.87,STATIC,84.87,STATIC,43.35,STATIC,102.14,STATIC,156.03,STATIC,46.04,STATIC,154.47,STATIC
114.09,2737,64.18,STATIC,150.68,STATIC,84.80,STATIC,43.20,STATIC,102.21,STATIC,155.80,STATIC,45.81,STATIC,154.94,STATIC
114.13166666666667,2738,65.81,STATIC,150.26,STATIC,84.75,STATIC,42.53,STATIC,102.19,STATIC,155.11,STATIC,44.93,STATIC,155.58,STATIC
114.17333333333335,2739,67.13,STATIC,150.57,STATIC,84.71,STATIC,42.30,STATIC,102.22,STATIC,155.51,STATIC,44.79,STATIC,155.88,STATIC
114.215,2740,68.03,STATIC,150.49,STATIC,84.69,STATIC,42.45,STATIC,102.24,STATIC,153.89,STATIC,44.70,STATIC,156.31,STATIC
114.25666666666667,2741,69.13,STATIC,150.19,STATIC,84.69,STATIC,42.45,STATIC,102.16,STATIC,152.75,STATIC,43.69,STATIC,156.15,STATIC
114.29833333333335,2742,69.94,STATIC,150.04,STATIC,84.71,STATIC,42.30,STATIC,102.11,STATIC,152.85,STATIC,43.50,STATIC,156.43,STATIC
114.34,2743,70.69,STATIC,149.36,STATIC,84.73,STATIC,42.24,STATIC,102.06,STATIC,153.13,STATIC,43.10,STATIC,156.63,STATIC
114.38166666666667,2744,71.16,STATIC,149.33,STATIC,84.77,STATIC,41.53,STATIC,101.97,STATIC,154.22,STATIC,42.86,STATIC,156.87,STATIC
114.42333333333335,2745,71.67,STATIC,149.27,STATIC,84.81,STATIC,40.61,STATIC,101.89,STATIC,155.19,STATIC,42.06,STATIC,156.82,STATIC
114.465,2746,72.37,STATIC,148.72,STATIC,84.84,STATIC,40.62,STATIC,101.83,STATIC,155.44,STATIC,42.36,STATIC,156.40,STATIC
114.50666666666667,2747,73.21,STATIC,148.86,STATIC,84.84,STATIC,40.87,STATIC,101.81,STATIC,155.65,STATIC,42.21,STATIC,156.09,STATIC
114.54833333333335,2748,72.35,STATIC,150.71,STATIC,84.88,STATIC,41.01,STATIC,101.77,STATIC,155.34,STATIC,41.53,STATIC,154.99,STATIC
114.59,2749,72.63,STATIC,150.37,STATIC,84.94,STATIC,41.17,STATIC,101.65,STATIC,154.95,STATIC,40.73,STATIC,153.03,STATIC
114.63166666666667,2750,73.31,STATIC,150.83,STATIC,84.92,STATIC,41.00,STATIC,101.73,STATIC,155.21,STATIC,41.01,STATIC,151.80,STATIC
114.67333333333335,2751,73.07,STATIC,150.21,STATIC,84.94,STATIC,41.29,STATIC,101.81,STATIC,157.88,STATIC,40.66,STATIC,149.30,STATIC
114.715,2752,72.99,STATIC,148.82,STATIC,84.96,STATIC,41.02,STATIC,101.77,STATIC,159.35,STATIC,40.01,STATIC,147.51,STATIC
114.75666666666667,2753,72.15,STATIC,148.03,STATIC,84.96,STATIC,41.45,STATIC,101.83,STATIC,159.99,STATIC,40.04,STATIC,146.61,STATIC
114.79833333333335,2754,69.43,STATIC,145.73,STATIC,85.14,STATIC,42.54,STATIC,101.77,STATIC,158.88,STATIC,40.29,STATIC,146.55,STATIC
114.84,2755,64.39,FLEXION,144.24,STATIC,85.31,STATIC,43.79,STATIC,101.92,STATIC,159.47,STATIC,40.71,STATIC,148.42,STATIC
114.88166666666667,2756,50.48,FLEXION,147.07,STATIC,85.84,STATIC,44.03,STATIC,102.07,STATIC,162.56,STATIC,42.37,STATIC,150.40,STATIC
114.92333333333335,2757,53.18,STATIC,146.45,STATIC,86.19,STATIC,41.80,STATIC,101.87,STATIC,164.28,STATIC,45.65,STATIC,153.56,STATIC
114.965,2758,54.97,STATIC,143.12,STATIC,86.34,STATIC,38.00,STATIC,102.22,STATIC,163.07,STATIC,46.21,STATIC,156.03,STATIC
115.00666666666667,2759,55.49,STATIC,144.70,STATIC,85.96,STATIC,39.72,STATIC,102.15,STATIC,162.48,STATIC,49.60,STATIC,159.00,STATIC
115.04833333333335,2760,73.80,EXTENSION,150.92,EXTENSION,85.64,STATIC,37.30,STATIC,102.65,STATIC,160.52,STATIC,48.99,STATIC,160.10,STATIC
115.09,2761,77.77,STATIC,144.15,FLEXION,85.22,STATIC,38.74,STATIC,102.86,STATIC,160.18,STATIC,48.35,STATIC,159.81,STATIC
115.13166666666667,2762,78.70,STATIC,144.69,STATIC,84.72,STATIC,40.19,STATIC,102.99,STATIC,161.25,STATIC,48.93,STATIC,160.00,STATIC
115.17333333333335,2763,81.64,STATIC,142.42,STATIC,84.45,STATIC,38.35,STATIC,103.44,STATIC,162.48,STATIC,50.39,STATIC,160.90,STATIC
115.215,2764,83.80,STATIC,141.85,STATIC,84.52,STATIC,37.38,STATIC,103.73,STATIC,161.79,STATIC,51.73,STATIC,161.66,STATIC
115.25666666666667,2765,88.41,STATIC,141.44,STATIC,84.46,STATIC,38.58,STATIC,104.48,STATIC,161.33,STATIC,51.57,STATIC,162.05,STATIC
115.29833333333335,2766,93.99,EXTENSION,141.40,STATIC,84.38,STATIC,36.80,STATIC,105.35,STATIC,161.75,STATIC,54.50,STATIC,163.77,STATIC
115.34,2767,97.73,STATIC,143.08,STATIC,84.48,STATIC,38.08,STATIC,105.96,STATIC,162.06,STATIC,58.33,STATIC,165.03,STATIC
115.38166666666667,2768,102.69,STATIC,139.75,STATIC,84.58,STATIC,36.03,STATIC,106.74,STATIC,161.29,STATIC,60.90,STATIC,166.11,STATIC
115.42333333333335,2769,107.54,STATIC,138.70,STATIC,84.64,STATIC,38.24,STATIC,107.09,STATIC,160.70,STATIC,63.37,STATIC,167.32,STATIC
115.465,2770,111.70,STATIC,137.68,STATIC,84.68,STATIC,39.83,STATIC,107.52,STATIC,159.96,STATIC,65.36,STATIC,168.38,STATIC
115.50666666666667,2771,116.35,STATIC,135.43,STATIC,85.00,STATIC,37.08,STATIC,107.74,STATIC,159.13,STATIC,69.55,STATIC,169.35,STATIC
115.54833333333335,2772,123.05,EXTENSION,132.76,STATIC,85.30,STATIC,34.51,STATIC,108.62,STATIC,156.58,STATIC,73.31,STATIC,170.44,STATIC
115.59,2773,131.51,EXTENSION,131.28,STATIC,85.40,STATIC,31.23,STATIC,109.66,STATIC,153.91,STATIC,75.58,STATIC,170.91,STATIC
115.63166666666667,2774,141.10,EXTENSION,130.08,STATIC,85.31,STATIC,30.84,STATIC,110.44,STATIC,153.77,STATIC,79.97,STATIC,171.98,STATIC
115.67333333333335,2775,150.26,EXTENSION,128.76,STATIC,85.16,STATIC,29.32,STATIC,110.14,STATIC,152.29,STATIC,86.53,EXTENSION,173.00,STATIC
115.715,2776,156.11,EXTENSION,128.34,STATIC,85.00,STATIC,28.68,STATIC,110.99,STATIC,151.89,STATIC,89.52,STATIC,173.89,STATIC
115.75666666666667,2777,159.53,STATIC,126.79,STATIC,85.02,STATIC,27.92,STATIC,112.54,STATIC,149.10,STATIC,90.04,STATIC,174.22,STATIC
115.79833333333335,2778,159.05,STATIC,126.54,STATIC,85.10,STATIC,28.41,STATIC,113.05,STATIC,148.99,STATIC,92.78,STATIC,173.99,STATIC
115.84,2779,161.47,STATIC,125.57,STATIC,85.20,STATIC,25.13,STATIC,115.07,STATIC,146.71,STATIC,93.95,STATIC,174.43,STATIC
115.88166666666667,2780,163.19,STATIC,124.90,STATIC,85.21,STATIC,25.00,STATIC,116.03,STATIC,146.24,STATIC,97.03,STATIC,174.43,STATIC
115.92333333333335,2781,163.34,STATIC,124.62,STATIC,85.16,STATIC,25.61,STATIC,115.07,STATIC,144.98,STATIC,100.38,STATIC,174.90,STATIC
115.965,2782,163.94,STATIC,124.73,STATIC,85.09,STATIC,26.06,STATIC,115.97,STATIC,145.46,STATIC,103.66,STATIC,175.17,STATIC
116.00666666666667,2783,163.75,STATIC,124.19,STATIC,85.03,STATIC,28.57,STATIC,116.29,STATIC,146.10,STATIC,106.05,STATIC,175.74,STATIC
116.04833333333335,2784,163.69,STATIC,125.66,STATIC,85.15,STATIC,30.66,STATIC,116.33,STATIC,146.39,STATIC,107.59,STATIC,174.79,STATIC
116.09,2785,163.64,STATIC,125.65,STATIC,85.33,STATIC,31.03,STATIC,117.78,STATIC,147.88,STATIC,109.17,STATIC,173.61,STATIC
116.13166666666667,2786,163.69,STATIC,124.59,STATIC,85.29,STATIC,29.48,STATIC,117.83,STATIC,145.95,STATIC,111.83,STATIC,173.40,STATIC
116.17333333333335,2787,164.60,STATIC,123.94,STATIC,85.46,STATIC,25.57,STATIC,116.29,STATIC,144.65,STATIC,114.72,STATIC,172.40,STATIC
116.215,2788,166.96,STATIC,122.29,STATIC,85.75,STATIC,22.79,STATIC,113.92,STATIC,138.88,FLEXION,118.32,STATIC,173.43,STATIC
116.25666666666667,2789,168.56,STATIC,121.98,STATIC,85.75,STATIC,22.63,STATIC,115.02,STATIC,138.47,STATIC,120.58,STATIC,174.44,STATIC
116.29833333333335,2790,169.00,STATIC,121.65,STATIC,85.56,STATIC,23.94,STATIC,115.56,STATIC,141.30,STATIC,120.91,STATIC,174.51,STATIC
116.34,2791,166.78,STATIC,122.43,STATIC,85.41,STATIC,25.01,STATIC,115.72,STATIC,140.48,STATIC,122.49,STATIC,174.46,STATIC
116.38166666666667,2792,168.34,STATIC,121.91,STATIC,85.35,STATIC,24.20,STATIC,118.10,STATIC,140.11,STATIC,123.76,STATIC,172.64,STATIC
116.42333333333335,2793,169.07,STATIC,122.03,STATIC,85.21,STATIC,24.34,STATIC,118.74,STATIC,141.19,STATIC,124.59,STATIC,172.98,STATIC
116.465,2794,169.44,STATIC,122.06,STATIC,85.27,STATIC,23.87,STATIC,120.35,STATIC,141.23,STATIC,126.37,STATIC,172.50,STATIC
116.50666666666667,2795,170.05,STATIC,120.36,STATIC,85.19,STATIC,24.73,STATIC,118.60,STATIC,139.46,STATIC,128.32,STATIC,172.59,STATIC
116.54833333333335,2796,169.95,STATIC,120.92,STATIC,85.17,STATIC,25.09,STATIC,118.37,STATIC,140.23,STATIC,129.46,STATIC,172.49,STATIC
116.59,2797,171.71,STATIC,122.09,STATIC,85.25,STATIC,24.19,STATIC,119.46,STATIC,140.33,STATIC,130.91,STATIC,171.75,STATIC
116.63166666666667,2798,171.92,STATIC,122.21,STATIC,85.25,STATIC,24.75,STATIC,119.60,STATIC,140.57,STATIC,132.36,STATIC,171.60,STATIC
116.67333333333335,2799,172.69,STATIC,122.64,STATIC,85.64,STATIC,25.12,STATIC,119.83,STATIC,141.30,STATIC,133.79,STATIC,171.46,STATIC
116.715,2800,170.42,STATIC,122.52,STATIC,85.44,STATIC,26.37,STATIC,120.00,STATIC,142.23,STATIC,134.28,STATIC,171.78,STATIC
116.75666666666667,2801,170.84,STATIC,122.43,STATIC,85.50,STATIC,26.41,STATIC,119.42,STATIC,142.13,STATIC,135.62,STATIC,172.04,STATIC
116.79833333333335,2802,169.31,STATIC,122.11,STATIC,85.50,STATIC,26.87,STATIC,119.25,STATIC,141.97,STATIC,135.54,STATIC,172.08,STATIC
116.84,2803,168.66,STATIC,121.73,STATIC,85.55,STATIC,26.84,STATIC,118.02,STATIC,141.46,STATIC,135.62,STATIC,172.72,STATIC
116.88166666666667,2804,168.49,STATIC,121.03,STATIC,85.55,STATIC,26.25,STATIC,116.83,STATIC,140.70,STATIC,136.11,STATIC,174.07,STATIC
116.92333333333335,2805,170.27,STATIC,120.95,STATIC,85.80,STATIC,25.58,STATIC,117.54,STATIC,140.78,STATIC,137.32,STATIC,174.69,STATIC
116.965,2806,171.05,STATIC,120.69,STATIC,85.87,STATIC,25.04,STATIC,118.42,STATIC,140.66,STATIC,138.88,STATIC,174.41,STATIC
117.00666666666667,2807,170.84,STATIC,120.76,STATIC,85.93,STATIC,23.93,STATIC,118.74,STATIC,140.01,STATIC,140.47,STATIC,173.79,STATIC
117.04833333333335,2808,171.62,STATIC,120.59,STATIC,86.16,STATIC,23.73,STATIC,119.03,STATIC,140.18,STATIC,141.79,STATIC,173.57,STATIC
117.09,2809,171.46,STATIC,120.47,STATIC,86.21,STATIC,23.73,STATIC,119.32,STATIC,140.17,STATIC,142.62,STATIC,173.55,STATIC
117.13166666666667,2810,172.97,STATIC,120.09,STATIC,86.52,STATIC,23.48,STATIC,119.17,STATIC,139.85,STATIC,144.05,STATIC,173.47,STATIC
117.17333333333335,2811,173.66,STATIC,119.63,STATIC,86.61,STATIC,22.75,STATIC,118.53,STATIC,139.40,STATIC,145.70,STATIC,174.19,STATIC
117.215,2812,173.14,STATIC,118.98,STATIC,86.37,STATIC,22.55,STATIC,119.12,STATIC,138.96,STATIC,147.10,STATIC,173.66,STATIC
117.25666666666667,2813,172.53,STATIC,118.37,STATIC,86.18,STATIC,22.43,STATIC,117.42,STATIC,137.79,STATIC,148.26,STATIC,173.79,STATIC
117.29833333333335,2814,172.46,STATIC,118.20,STATIC,86.36,STATIC,22.69,STATIC,117.88,STATIC,137.80,STATIC,148.74,STATIC,173.83,STATIC
117.34,2815,172.15,STATIC,118.01,STATIC,86.41,STATIC,22.69,STATIC,118.06,STATIC,137.52,STATIC,149.20,STATIC,173.92,STATIC
117.38166666666667,2816,172.26,STATIC,117.81,STATIC,86.43,STATIC,22.60,STATIC,118.35,STATIC,137.19,STATIC,150.08,STATIC,173.58,STATIC
117.42333333333335,2817,172.71,STATIC,117.61,STATIC,86.41,STATIC,22.47,STATIC,118.85,STATIC,136.89,STATIC,150.90,STATIC,173.21,STATIC
117.465,2818,174.08,STATIC,117.47,STATIC,86.47,STATIC,22.25,STATIC,119.96,STATIC,136.75,STATIC,151.88,STATIC,172.73,STATIC
117.50666666666667,2819,173.78,STATIC,117.15,STATIC,86.44,STATIC,21.52,STATIC,120.44,STATIC,136.17,STATIC,153.05,STATIC,172.67,STATIC
117.54833333333335,2820,173.57,STATIC,116.89,STATIC,86.38,STATIC,20.75,STATIC,120.24,STATIC,134.88,STATIC,154.34,STATIC,172.85,STATIC
117.59,2821,173.66,STATIC,116.58,STATIC,86.23,STATIC,20.26,STATIC,120.37,STATIC,133.89,STATIC,155.27,STATIC,173.25,STATIC
117.63166666666667,2822,172.25,STATIC,116.39,STATIC,86.04,STATIC,20.17,STATIC,120.70,STATIC,133.36,STATIC,156.19,STATIC,172.83,STATIC
117.67333333333335,2823,172.65,STATIC,116.11,STATIC,85.74,STATIC,20.17,STATIC,120.59,STATIC,133.86,STATIC,157.18,STATIC,172.09,STATIC
117.715,2824,172.62,STATIC,115.83,STATIC,85.69,STATIC,20.10,STATIC,120.49,STATIC,134.16,STATIC,158.13,STATIC,171.76,STATIC
117.75666666666667,2825,173.39,STATIC,115.71,STATIC,85.93,STATIC,20.08,STATIC,120.11,STATIC,134.12,STATIC,158.95,STATIC,171.85,STATIC
117.79833333333335,2826,173.71,STATIC,115.55,STATIC,85.93,STATIC,19.94,STATIC,122.13,STATIC,134.68,STATIC,159.48,STATIC,172.30,STATIC
117.84,2827,175.15,STATIC,115.51,STATIC,86.35,STATIC,20.31,STATIC,120.52,STATIC,132.70,STATIC,160.72,STATIC,172.75,STATIC
117.88166666666667,2828,174.85,STATIC,115.31,STATIC,86.34,STATIC,20.24,STATIC,119.49,STATIC,132.49,STATIC,161.60,STATIC,172.71,STATIC
117.92333333333335,2829,175.02,STATIC,115.33,STATIC,86.41,STATIC,20.28,STATIC,119.72,STATIC,133.23,STATIC,162.31,STATIC,172.69,STATIC
117.96666666666667,2830,175.09,STATIC,115.39,STATIC,86.55,STATIC,21.01,STATIC,118.75,STATIC,132.15,STATIC,163.03,STATIC,172.85,STATIC
118.00833333333334,2831,174.43,STATIC,115.34,STATIC,86.39,STATIC,20.92,STATIC,117.25,STATIC,131.69,STATIC,163.42,STATIC,173.31,STATIC
118.05000000000001,2832,173.90,STATIC,115.81,STATIC,86.31,STATIC,21.18,STATIC,117.64,STATIC,131.88,STATIC,163.68,STATIC,173.34,STATIC
118.09166666666667,2833,174.01,STATIC,116.37,STATIC,86.32,STATIC,21.79,STATIC,117.37,STATIC,132.72,STATIC,163.72,STATIC,173.34,STATIC
118.13333333333334,2834,173.39,STATIC,117.41,STATIC,86.20,STATIC,23.01,STATIC,114.59,STATIC,132.09,STATIC,163.21,STATIC,174.17,STATIC
118.17500000000001,2835,172.73,STATIC,118.54,STATIC,86.18,STATIC,24.07,STATIC,114.68,STATIC,132.13,STATIC,163.05,STATIC,173.85,STATIC
118.21666666666667,2836,172.67,STATIC,119.20,STATIC,86.02,STATIC,24.80,STATIC,114.86,STATIC,132.44,STATIC,163.02,STATIC,173.24,STATIC
118.25833333333334,2837,172.86,STATIC,118.59,STATIC,86.05,STATIC,24.31,STATIC,115.36,STATIC,132.52,STATIC,163.43,STATIC,172.51,STATIC
118.30000000000001,2838,172.94,STATIC,119.10,STATIC,85.83,STATIC,23.98,STATIC,119.28,STATIC,135.85,STATIC,163.31,STATIC,170.62,STATIC
118.34166666666667,2839,173.23,STATIC,119.09,STATIC,85.92,STATIC,23.97,STATIC,121.27,STATIC,136.18,STATIC,163.50,STATIC,170.57,STATIC
118.38333333333334,2840,174.63,STATIC,118.53,STATIC,86.07,STATIC,24.80,STATIC,120.86,STATIC,134.34,STATIC,163.79,STATIC,170.38,STATIC
118.42500000000001,2841,174.81,STATIC,118.18,STATIC,85.98,STATIC,23.47,STATIC,120.49,STATIC,136.96,STATIC,163.75,STATIC,170.35,STATIC
118.46666666666667,2842,174.96,STATIC,117.83,STATIC,86.17,STATIC,23.21,STATIC,121.16,STATIC,136.83,STATIC,163.35,STATIC,170.07,STATIC
118.50833333333334,2843,174.72,STATIC,117.81,STATIC,86.29,STATIC,23.29,STATIC,121.56,STATIC,137.14,STATIC,162.77,STATIC,169.95,STATIC
118.55000000000001,2844,174.67,STATIC,118.33,STATIC,86.26,STATIC,23.72,STATIC,121.59,STATIC,137.34,STATIC,162.19,STATIC,169.29,STATIC
118.59166666666667,2845,174.87,STATIC,118.02,STATIC,86.15,STATIC,23.47,STATIC,121.27,STATIC,137.41,STATIC,161.75,STATIC,168.99,STATIC
118.63333333333334,2846,175.09,STATIC,117.64,STATIC,86.12,STATIC,23.26,STATIC,120.71,STATIC,137.12,STATIC,161.47,STATIC,169.53,STATIC
118.67500000000001,2847,174.91,STATIC,117.01,STATIC,85.79,STATIC,22.71,STATIC,120.71,STATIC,137.32,STATIC,161.20,STATIC,169.72,STATIC
118.71666666666667,2848,174.62,STATIC,116.99,STATIC,85.36,STATIC,22.73,STATIC,124.39,STATIC,139.13,STATIC,160.84,STATIC,169.59,STATIC
118.75833333333334,2849,174.93,STATIC,115.92,STATIC,85.52,STATIC,22.28,STATIC,123.23,STATIC,137.93,STATIC,161.10,STATIC,169.66,STATIC
118.80000000000001,2850,174.59,STATIC,116.64,STATIC,85.61,STATIC,22.47,STATIC,122.49,STATIC,137.50,STATIC,160.47,STATIC,169.94,STATIC
118.84166666666667,2851,173.53,STATIC,117.22,STATIC,85.37,STATIC,22.68,STATIC,121.67,STATIC,137.24,STATIC,159.53,STATIC,170.14,STATIC
118.88333333333334,2852,173.35,STATIC,118.37,STATIC,85.28,STATIC,23.91,STATIC,123.43,STATIC,139.28,STATIC,156.59,STATIC,170.32,STATIC
118.92500000000001,2853,172.36,STATIC,119.42,STATIC,85.21,STATIC,24.81,STATIC,122.17,STATIC,138.55,STATIC,153.18,STATIC,170.55,STATIC
118.96666666666667,2854,173.49,STATIC,119.91,STATIC,85.22,STATIC,24.78,STATIC,120.49,STATIC,137.49,STATIC,151.29,STATIC,170.58,STATIC
119.00833333333334,2855,173.20,STATIC,120.53,STATIC,85.38,STATIC,24.79,STATIC,120.39,STATIC,137.31,STATIC,150.29,STATIC,169.63,STATIC
119.05000000000001,2856,172.88,STATIC,121.38,STATIC,85.47,STATIC,25.00,STATIC,119.77,STATIC,136.43,STATIC,149.34,STATIC,169.62,STATIC
119.09166666666667,2857,172.75,STATIC,121.54,STATIC,85.46,STATIC,25.77,STATIC,117.67,STATIC,133.90,STATIC,149.43,STATIC,170.25,STATIC
119.13333333333334,2858,172.94,STATIC,120.97,STATIC,85.79,STATIC,25.54,STATIC,115.79,STATIC,132.78,STATIC,149.93,STATIC,171.80,STATIC
119.17500000000001,2859,171.92,STATIC,121.33,STATIC,85.46,STATIC,25.81,STATIC,115.83,STATIC,133.41,STATIC,149.73,STATIC,172.12,STATIC
119.21666666666667,2860,172.61,STATIC,122.48,STATIC,85.68,STATIC,26.65,STATIC,116.25,STATIC,135.06,STATIC,149.38,STATIC,171.29,STATIC
119.25833333333334,2861,172.28,STATIC,121.85,STATIC,85.99,STATIC,26.41,STATIC,113.13,STATIC,133.64,STATIC,148.05,STATIC,171.92,STATIC
119.30000000000001,2862,173.71,STATIC,121.72,STATIC,86.62,STATIC,26.84,STATIC,112.17,STATIC,132.31,STATIC,147.61,STATIC,171.97,STATIC
119.34166666666667,2863,173.82,STATIC,121.57,STATIC,86.52,STATIC,26.54,STATIC,113.12,STATIC,132.77,STATIC,148.23,STATIC,171.72,STATIC
119.38333333333334,2864,173.95,STATIC,121.37,STATIC,86.63,STATIC,26.25,STATIC,113.08,STATIC,133.14,STATIC,148.07,STATIC,171.57,STATIC
119.42500000000001,2865,174.08,STATIC,122.28,STATIC,86.34,STATIC,27.84,STATIC,113.05,STATIC,134.06,STATIC,147.49,STATIC,169.39,STATIC
119.46666666666667,2866,173.81,STATIC,122.65,STATIC,86.27,STATIC,27.86,STATIC,113.61,STATIC,135.27,STATIC,146.60,STATIC,168.67,STATIC
119.50833333333334,2867,173.52,STATIC,122.96,STATIC,85.82,STATIC,27.88,STATIC,115.45,STATIC,135.22,STATIC,145.70,STATIC,168.28,STATIC
119.55000000000001,2868,173.23,STATIC,122.97,STATIC,85.64,STATIC,27.94,STATIC,114.47,STATIC,134.47,STATIC,145.02,STATIC,168.41,STATIC
119.59166666666667,2869,173.73,STATIC,123.10,STATIC,85.53,STATIC,27.70,STATIC,114.40,STATIC,133.87,STATIC,145.12,STATIC,166.85,STATIC
119.63333333333334,2870,174.03,STATIC,122.51,STATIC,85.38,STATIC,26.70,STATIC,113.26,STATIC,132.69,STATIC,145.29,STATIC,167.86,STATIC
119.67500000000001,2871,173.06,STATIC,121.48,STATIC,85.20,STATIC,25.71,STATIC,111.90,STATIC,129.93,STATIC,146.28,STATIC,172.09,STATIC
119.71666666666667,2872,172.75,STATIC,120.78,STATIC,85.14,STATIC,25.24,STATIC,112.24,STATIC,128.84,STATIC,147.75,STATIC,172.32,STATIC
119.75833333333334,2873,172.79,STATIC,120.09,STATIC,84.91,STATIC,24.77,STATIC,112.16,STATIC,129.80,STATIC,148.58,STATIC,173.28,STATIC
119.80000000000001,2874,172.33,STATIC,120.01,STATIC,84.48,STATIC,24.70,STATIC,114.62,STATIC,131.29,STATIC,149.08,STATIC,171.51,STATIC
119.84166666666667,2875,172.40,STATIC,119.38,STATIC,84.52,STATIC,24.36,STATIC,114.50,STATIC,131.14,STATIC,149.58,STATIC,171.67,STATIC
119.88333333333334,2876,172.84,STATIC,119.29,STATIC,84.36,STATIC,24.14,STATIC,115.86,STATIC,132.20,STATIC,150.05,STATIC,171.38,STATIC
119.92500000000001,2877,173.63,STATIC,119.23,STATIC,84.34,STATIC,23.79,STATIC,117.38,STATIC,133.07,STATIC,151.16,STATIC,170.74,STATIC
119.96666666666667,2878,173.83,STATIC,118.56,STATIC,84.32,STATIC,23.13,STATIC,116.64,STATIC,133.01,STATIC,152.23,STATIC,170.73,STATIC
120.00833333333334,2879,173.77,STATIC,118.01,STATIC,84.27,STATIC,22.18,STATIC,115.58,STATIC,132.82,STATIC,153.29,STATIC,170.58,STATIC
120.05000000000001,2880,173.69,STATIC,116.93,STATIC,84.06,STATIC,21.84,STATIC,116.62,STATIC,134.22,STATIC,153.24,STATIC,171.16,STATIC
120.09166666666667,2881,174.03,STATIC,116.27,STATIC,84.01,STATIC,21.42,STATIC,117.51,STATIC,133.40,STATIC,154.15,STATIC,172.21,STATIC
120.13333333333334,2882,174.40,STATIC,116.32,STATIC,83.85,STATIC,20.68,STATIC,117.88,STATIC,132.01,STATIC,154.78,STATIC,172.11,STATIC
120.17500000000001,2883,174.89,STATIC,115.75,STATIC,83.72,STATIC,20.21,STATIC,117.07,STATIC,131.00,STATIC,155.54,STATIC,172.12,STATIC
120.21666666666667,2884,175.72,STATIC,115.70,STATIC,83.73,STATIC,19.91,STATIC,118.23,STATIC,130.88,STATIC,156.03,STATIC,172.61,STATIC
120.25833333333334,2885,175.19,STATIC,115.67,STATIC,84.22,STATIC,19.45,STATIC,117.39,STATIC,129.92,STATIC,157.04,STATIC,173.97,STATIC
120.30000000000001,2886,174.70,STATIC,115.40,STATIC,84.20,STATIC,19.29,STATIC,114.52,STATIC,129.29,STATIC,157.84,STATIC,174.66,STATIC
120.34166666666667,2887,175.21,STATIC,114.29,STATIC,84.19,STATIC,18.45,STATIC,114.26,STATIC,128.76,STATIC,158.55,STATIC,173.57,STATIC
120.38333333333334,2888,173.98,STATIC,114.44,STATIC,83.94,STATIC,18.12,STATIC,117.54,STATIC,131.86,STATIC,158.51,STATIC,174.22,STATIC
120.42500000000001,2889,174.49,STATIC,114.72,STATIC,83.61,STATIC,17.12,STATIC,116.99,STATIC,134.33,STATIC,159.56,STATIC,173.58,STATIC
120.46666666666667,2890,174.46,STATIC,114.78,STATIC,83.42,STATIC,16.18,STATIC,118.78,STATIC,136.34,STATIC,160.45,STATIC,173.63,STATIC
120.50833333333334,2891,174.55,STATIC,115.62,STATIC,84.10,STATIC,14.76,STATIC,115.90,STATIC,139.59,STATIC,160.75,STATIC,173.43,STATIC
120.55000000000001,2892,174.72,STATIC,116.14,STATIC,84.23,STATIC,14.10,STATIC,120.17,STATIC,141.74,STATIC,160.67,STATIC,172.59,STATIC
120.59166666666667,2893,174.84,STATIC,115.58,STATIC,84.15,STATIC,16.10,STATIC,121.70,STATIC,145.92,STATIC,158.89,STATIC,173.48,STATIC
120.63333333333334,2894,175.40,STATIC,116.39,STATIC,84.14,STATIC,17.89,STATIC,126.29,STATIC,148.45,STATIC,157.49,STATIC,175.14,STATIC
120.67500000000001,2895,175.92,STATIC,117.73,STATIC,84.30,STATIC,17.66,STATIC,127.35,STATIC,149.66,STATIC,155.61,STATIC,175.03,STATIC
120.71666666666667,2896,176.14,STATIC,117.22,STATIC,84.36,STATIC,16.81,STATIC,125.30,STATIC,149.53,STATIC,154.39,STATIC,176.36,STATIC
120.75833333333334,2897,176.41,STATIC,117.18,STATIC,84.44,STATIC,14.46,STATIC,125.26,STATIC,149.74,STATIC,154.00,STATIC,177.14,STATIC
120.80000000000001,2898,176.33,STATIC,117.08,STATIC,84.58,STATIC,14.58,STATIC,124.99,STATIC,154.10,STATIC,153.96,STATIC,177.44,STATIC
120.84166666666667,2899,176.46,STATIC,117.34,STATIC,84.55,STATIC,16.42,STATIC,124.67,STATIC,157.79,STATIC,152.34,STATIC,176.19,STATIC
120.88333333333334,2900,176.99,STATIC,118.99,STATIC,84.06,STATIC,22.06,EXTENSION,126.38,STATIC,160.54,STATIC,148.20,STATIC,175.65,STATIC
120.92500000000001,2901,176.86,STATIC,119.24,STATIC,83.92,STATIC,20.15,STATIC,128.66,STATIC,160.87,STATIC,142.31,FLEXION,178.46,STATIC
120.96666666666667,2902,176.70,STATIC,120.45,STATIC,83.93,STATIC,22.03,STATIC,129.38,STATIC,162.63,STATIC,139.13,STATIC,177.43,STATIC
121.00833333333334,2903,176.41,STATIC,121.72,STATIC,84.10,STATIC,21.34,STATIC,128.55,STATIC,164.30,STATIC,136.70,STATIC,168.85,FLEXION
121.05000000000001,2904,176.20,STATIC,122.93,STATIC,84.17,STATIC,22.37,STATIC,129.41,STATIC,167.18,STATIC,135.58,STATIC,171.65,STATIC
121.09166666666667,2905,174.07,STATIC,124.33,STATIC,84.13,STATIC,24.46,STATIC,130.32,STATIC,168.55,STATIC,135.86,STATIC,176.25,STATIC
121.13333333333334,2906,173.27,STATIC,125.54,STATIC,84.19,STATIC,27.52,STATIC,131.00,STATIC,169.92,STATIC,134.17,STATIC,177.04,STATIC
121.17500000000001,2907,172.42,STATIC,127.59,STATIC,84.22,STATIC,27.31,STATIC,130.48,STATIC,169.77,STATIC,131.76,STATIC,175.42,STATIC
121.21666666666667,2908,171.72,STATIC,128.77,STATIC,84.34,STATIC,28.28,STATIC,129.93,STATIC,170.00,STATIC,129.57,STATIC,174.63,STATIC
121.25833333333334,2909,170.95,STATIC,130.44,STATIC,84.31,STATIC,28.03,STATIC,130.62,STATIC,170.14,STATIC,128.13,STATIC,173.57,STATIC
121.30000000000001,2910,171.01,STATIC,132.38,STATIC,84.34,STATIC,28.75,STATIC,130.45,STATIC,169.77,STATIC,125.51,STATIC,173.64,STATIC
121.34166666666667,2911,168.48,STATIC,133.05,STATIC,84.38,STATIC,32.16,STATIC,129.85,STATIC,169.12,STATIC,125.42,STATIC,172.94,STATIC
121.38333333333334,2912,165.56,STATIC,135.70,STATIC,84.34,STATIC,33.48,STATIC,128.01,STATIC,167.64,STATIC,122.67,STATIC,172.37,STATIC
121.42500000000001,2913,158.02,FLEXION,137.36,STATIC,83.89,STATIC,37.94,STATIC,125.61,STATIC,168.40,STATIC,120.09,STATIC,171.83,STATIC
121.46666666666667,2914,154.57,STATIC,137.82,STATIC,83.80,STATIC,38.40,STATIC,124.13,STATIC,167.62,STATIC,117.61,STATIC,170.46,STATIC
121.50833333333334,2915,152.47,STATIC,138.07,STATIC,83.78,STATIC,38.32,STATIC,122.52,STATIC,167.55,STATIC,113.55,STATIC,169.33,STATIC
121.55000000000001,2916,151.37,STATIC,136.68,STATIC,83.88,STATIC,37.97,STATIC,118.42,STATIC,167.33,STATIC,108.20,FLEXION,166.29,STATIC
121.59166666666667,2917,148.77,STATIC,136.23,STATIC,83.92,STATIC,38.88,STATIC,116.29,STATIC,167.40,STATIC,105.81,STATIC,164.21,STATIC
121.63333333333334,2918,144.73,STATIC,137.55,STATIC,83.96,STATIC,39.21,STATIC,115.57,STATIC,167.21,STATIC,101.55,STATIC,163.14,STATIC
121.67500000000001,2919,142.70,STATIC,136.99,STATIC,84.01,STATIC,38.49,STATIC,115.36,STATIC,168.45,STATIC,98.44,STATIC,163.56,STATIC
121.71666666666667,2920,138.91,STATIC,138.11,STATIC,84.01,STATIC,40.89,STATIC,115.74,STATIC,171.15,STATIC,92.92,FLEXION,164.63,STATIC
121.75833333333334,2921,134.50,STATIC,138.19,STATIC,84.02,STATIC,39.86,STATIC,115.80,STATIC,171.94,STATIC,88.88,STATIC,164.09,STATIC
121.80000000000001,2922,130.14,STATIC,141.03,STATIC,84.09,STATIC,38.32,STATIC,114.41,STATIC,163.53,FLEXION,80.72,FLEXION,162.95,STATIC
121.84166666666667,2923,129.22,STATIC,140.12,STATIC,84.00,STATIC,38.07,STATIC,113.16,STATIC,167.01,STATIC,77.54,STATIC,161.46,STATIC
121.88333333333334,2924,126.59,STATIC,142.71,STATIC,84.00,STATIC,39.44,STATIC,111.82,STATIC,161.80,FLEXION,73.86,STATIC,160.21,STATIC
121.92500000000001,2925,122.72,STATIC,144.05,STATIC,84.14,STATIC,41.91,STATIC,111.40,STATIC,157.54,STATIC,74.20,STATIC,161.37,STATIC
121.96833333333335,2926,118.32,STATIC,143.86,STATIC,84.25,STATIC,43.03,STATIC,110.98,STATIC,160.06,STATIC,76.95,STATIC,162.73,STATIC
122.01,2927,113.35,STATIC,145.89,STATIC,84.29,STATIC,44.61,STATIC,111.11,STATIC,159.55,STATIC,78.29,STATIC,163.30,STATIC
122.05166666666668,2928,111.69,STATIC,145.10,STATIC,84.51,STATIC,43.72,STATIC,110.73,STATIC,158.68,STATIC,77.61,STATIC,163.92,STATIC
122.09333333333335,2929,107.03,STATIC,146.39,STATIC,84.49,STATIC,43.48,STATIC,110.88,STATIC,158.70,STATIC,76.68,STATIC,165.27,STATIC
122.135,2930,104.77,STATIC,147.76,STATIC,84.45,STATIC,46.04,STATIC,111.10,STATIC,159.59,STATIC,76.67,STATIC,166.14,STATIC
122.17666666666668,2931,102.54,STATIC,148.55,STATIC,84.56,STATIC,47.51,STATIC,110.69,STATIC,159.26,STATIC,75.24,STATIC,167.22,STATIC
122.21833333333335,2932,100.87,STATIC,148.07,STATIC,84.59,STATIC,47.99,STATIC,110.24,STATIC,160.71,STATIC,74.59,STATIC,167.86,STATIC
122.26,2933,106.95,EXTENSION,147.17,STATIC,84.61,STATIC,44.42,STATIC,110.32,STATIC,166.00,EXTENSION,73.39,STATIC,168.06,STATIC
122.30166666666668,2934,94.86,FLEXION,148.22,STATIC,84.81,STATIC,43.63,STATIC,109.61,STATIC,165.49,STATIC,71.85,STATIC,167.69,STATIC
122.34333333333335,2935,88.19,FLEXION,149.65,STATIC,84.54,STATIC,44.25,STATIC,110.50,STATIC,166.53,STATIC,72.81,STATIC,168.31,STATIC
122.385,2936,76.90,FLEXION,152.37,STATIC,84.23,STATIC,46.49,STATIC,110.54,STATIC,167.10,STATIC,72.71,STATIC,168.65,STATIC
122.42666666666668,2937,69.22,FLEXION,152.46,STATIC,84.26,STATIC,46.75,STATIC,110.66,STATIC,166.69,STATIC,73.94,STATIC,169.14,STATIC
122.46833333333335,2938,77.99,EXTENSION,154.49,STATIC,83.97,STATIC,48.37,STATIC,112.04,STATIC,163.12,STATIC,77.26,STATIC,169.55,STATIC
122.51,2939,70.02,FLEXION,158.85,STATIC,83.93,STATIC,49.06,STATIC,112.11,STATIC,159.39,STATIC,77.46,STATIC,168.69,STATIC
122.55166666666668,2940,59.81,FLEXION,158.62,STATIC,83.98,STATIC,47.62,STATIC,112.46,STATIC,160.45,STATIC,78.88,STATIC,168.50,STATIC
122.59333333333335,2941,42.02,FLEXION,157.07,STATIC,84.19,STATIC,47.67,STATIC,112.30,STATIC,159.79,STATIC,78.48,STATIC,167.26,STATIC
122.635,2942,10.93,FLEXION,158.86,STATIC,84.86,STATIC,45.94,STATIC,113.42,STATIC,161.06,STATIC,81.50,STATIC,168.61,STATIC
122.67666666666668,2943,30.44,EXTENSION,159.19,STATIC,85.10,STATIC,45.46,STATIC,114.60,STATIC,164.68,STATIC,85.56,STATIC,169.24,STATIC
122.71833333333335,2944,32.99,STATIC,160.84,STATIC,85.40,STATIC,44.75,STATIC,115.38,STATIC,165.23,STATIC,88.56,STATIC,169.27,STATIC
122.76,2945,32.68,STATIC,160.09,STATIC,85.53,STATIC,44.47,STATIC,115.84,STATIC,167.00,STATIC,91.03,STATIC,169.42,STATIC
122.80166666666668,2946,28.13,STATIC,160.99,STATIC,85.73,STATIC,43.71,STATIC,116.01,STATIC,165.58,STATIC,92.82,STATIC,168.89,STATIC
122.84333333333335,2947,24.76,STATIC,160.18,STATIC,85.87,STATIC,45.12,STATIC,116.64,STATIC,164.75,STATIC,94.41,STATIC,168.56,STATIC
122.885,2948,29.60,STATIC,158.91,STATIC,85.80,STATIC,46.25,STATIC,117.54,STATIC,164.98,STATIC,96.89,STATIC,168.51,STATIC
122.92666666666668,2949,27.14,STATIC,158.59,STATIC,85.95,STATIC,46.68,STATIC,118.25,STATIC,164.99,STATIC,98.43,STATIC,168.75,STATIC
122.96833333333335,2950,27.59,STATIC,159.62,STATIC,86.05,STATIC,46.91,STATIC,119.06,STATIC,166.10,STATIC,100.90,STATIC,169.28,STATIC
123.01,2951,24.47,STATIC,159.76,STATIC,85.90,STATIC,46.41,STATIC,120.02,STATIC,167.26,STATIC,103.62,STATIC,169.99,STATIC
123.05166666666668,2952,26.82,STATIC,158.45,STATIC,85.81,STATIC,45.99,STATIC,121.64,STATIC,168.93,STATIC,107.66,STATIC,170.81,STATIC
123.09333333333335,2953,30.55,STATIC,157.37,STATIC,86.09,STATIC,46.37,STATIC,122.32,STATIC,168.46,STATIC,109.01,STATIC,170.92,STATIC
123.135,2954,30.83,STATIC,153.09,STATIC,86.40,STATIC,46.22,STATIC,122.36,STATIC,168.90,STATIC,111.28,STATIC,171.34,STATIC
123.17666666666668,2955,30.46,STATIC,155.39,STATIC,86.41,STATIC,44.14,STATIC,122.50,STATIC,169.46,STATIC,112.38,STATIC,171.46,STATIC
123.21833333333335,2956,29.37,STATIC,155.67,STATIC,86.65,STATIC,44.37,STATIC,123.07,STATIC,167.93,STATIC,113.28,STATIC,171.46,STATIC
123.26,2957,30.19,STATIC,155.84,STATIC,86.46,STATIC,44.00,STATIC,123.91,STATIC,167.90,STATIC,115.78,STATIC,171.45,STATIC
123.30166666666668,2958,27.64,STATIC,156.02,STATIC,86.42,STATIC,44.14,STATIC,124.25,STATIC,167.89,STATIC,116.41,STATIC,171.49,STATIC
123.34333333333335,2959,27.06,STATIC,155.95,STATIC,86.31,STATIC,44.15,STATIC,124.59,STATIC,168.42,STATIC,118.00,STATIC,171.55,STATIC
123.385,2960,26.43,STATIC,155.56,STATIC,86.26,STATIC,43.96,STATIC,124.90,STATIC,168.91,STATIC,119.10,STATIC,171.60,STATIC
123.42666666666668,2961,25.81,STATIC,155.24,STATIC,86.17,STATIC,43.69,STATIC,125.23,STATIC,169.19,STATIC,120.07,STATIC,171.67,STATIC
123.46833333333335,2962,26.08,STATIC,155.42,STATIC,86.18,STATIC,43.61,STATIC,125.44,STATIC,169.41,STATIC,120.89,STATIC,171.68,STATIC
123.51,2963,24.79,STATIC,154.78,STATIC,86.28,STATIC,44.00,STATIC,125.70,STATIC,169.52,STATIC,121.66,STATIC,171.70,STATIC
123.55166666666668,2964,24.20,STATIC,154.48,STATIC,86.10,STATIC,43.85,STATIC,125.35,STATIC,168.50,STATIC,121.24,STATIC,171.26,STATIC
123.59333333333335,2965,26.53,STATIC,154.77,STATIC,86.13,STATIC,43.64,STATIC,124.97,STATIC,169.07,STATIC,121.58,STATIC,171.04,STATIC
123.635,2966,20.04,FLEXION,154.76,STATIC,86.32,STATIC,44.02,STATIC,124.86,STATIC,168.91,STATIC,121.55,STATIC,170.98,STATIC
123.67666666666668,2967,13.45,FLEXION,155.49,STATIC,85.71,STATIC,44.36,STATIC,125.20,STATIC,168.47,STATIC,122.47,STATIC,171.08,STATIC
123.71833333333335,2968,9.65,STATIC,157.57,STATIC,84.95,STATIC,44.21,STATIC,125.24,STATIC,167.93,STATIC,122.24,STATIC,171.14,STATIC
123.76,2969,17.17,EXTENSION,159.49,STATIC,84.68,STATIC,44.19,STATIC,125.14,STATIC,166.78,STATIC,122.97,STATIC,171.36,STATIC
123.80166666666668,2970,37.78,EXTENSION,157.78,STATIC,84.28,STATIC,46.21,STATIC,124.83,STATIC,166.45,STATIC,123.64,STATIC,171.61,STATIC
123.84333333333335,2971,39.42,STATIC,158.05,STATIC,84.17,STATIC,46.40,STATIC,124.46,STATIC,166.81,STATIC,122.95,STATIC,171.85,STATIC
123.885,2972,41.94,STATIC,157.59,STATIC,84.13,STATIC,46.18,STATIC,123.93,STATIC,166.02,STATIC,119.01,STATIC,171.95,STATIC
123.92666666666668,2973,44.07,STATIC,157.53,STATIC,84.11,STATIC,46.47,STATIC,123.28,STATIC,166.08,STATIC,116.86,STATIC,172.11,STATIC
123.96833333333335,2974,44.09,STATIC,155.72,STATIC,83.96,STATIC,46.66,STATIC,122.75,STATIC,165.85,STATIC,114.58,STATIC,172.24,STATIC
124.01,2975,43.38,STATIC,155.90,STATIC,83.79,STATIC,46.32,STATIC,122.21,STATIC,168.19,STATIC,112.52,STATIC,172.30,STATIC
124.05166666666668,2976,42.83,STATIC,156.45,STATIC,83.75,STATIC,45.87,STATIC,122.31,STATIC,167.83,STATIC,112.10,STATIC,172.43,STATIC
124.09333333333335,2977,43.18,STATIC,154.41,STATIC,83.76,STATIC,45.84,STATIC,122.72,STATIC,167.85,STATIC,112.49,STATIC,172.69,STATIC
124.135,2978,44.09,STATIC,152.75,STATIC,83.77,STATIC,46.51,STATIC,122.89,STATIC,168.44,STATIC,113.54,STATIC,172.85,STATIC
124.17666666666668,2979,46.03,STATIC,152.49,STATIC,83.79,STATIC,49.08,STATIC,123.07,STATIC,165.79,STATIC,114.95,STATIC,172.34,STATIC
124.21833333333335,2980,46.59,STATIC,153.62,STATIC,83.82,STATIC,51.14,STATIC,123.77,STATIC,156.53,FLEXION,116.21,STATIC,170.94,STATIC
124.26,2981,48.70,STATIC,153.02,STATIC,83.85,STATIC,52.55,STATIC,124.36,STATIC,155.32,STATIC,119.01,STATIC,170.04,STATIC
124.30166666666668,2982,49.46,STATIC,152.17,STATIC,83.82,STATIC,53.47,STATIC,125.51,STATIC,158.79,STATIC,118.45,STATIC,170.77,STATIC
124.34333333333335,2983,50.72,STATIC,149.20,STATIC,83.79,STATIC,53.86,STATIC,125.37,STATIC,161.08,STATIC,113.06,FLEXION,170.77,STATIC
124.385,2984,52.20,STATIC,146.92,STATIC,83.82,STATIC,51.82,STATIC,125.01,STATIC,168.68,EXTENSION,107.72,FLEXION,170.61,STATIC
124.42666666666668,2985,54.94,STATIC,145.72,STATIC,83.88,STATIC,50.09,STATIC,125.97,STATIC,175.57,EXTENSION,106.62,STATIC,167.34,STATIC
124.46833333333335,2986,59.38,STATIC,145.64,STATIC,83.86,STATIC,47.27,STATIC,126.06,STATIC,173.49,STATIC,104.56,STATIC,165.53,STATIC
124.51,2987,59.96,STATIC,147.61,STATIC,83.66,STATIC,46.17,STATIC,126.84,STATIC,174.51,STATIC,100.08,STATIC,167.47,STATIC
124.55166666666668,2988,60.38,STATIC,147.79,STATIC,83.53,STATIC,44.35,STATIC,125.95,STATIC,173.86,STATIC,96.02,STATIC,169.23,STATIC
124.59333333333335,2989,59.86,STATIC,148.48,STATIC,83.30,STATIC,41.91,STATIC,123.85,STATIC,172.05,STATIC,93.86,STATIC,170.42,STATIC
124.635,2990,59.02,STATIC,148.53,STATIC,83.35,STATIC,40.60,STATIC,122.33,STATIC,169.68,STATIC,90.30,STATIC,170.00,STATIC
124.67666666666668,2991,59.81,STATIC,148.82,STATIC,83.47,STATIC,39.04,STATIC,120.75,STATIC,169.55,STATIC,86.71,STATIC,169.34,STATIC
124.71833333333335,2992,54.01,FLEXION,151.23,STATIC,83.89,STATIC,40.55,STATIC,119.31,STATIC,169.70,STATIC,86.13,STATIC,168.78,STATIC
124.76,2993,48.31,FLEXION,153.85,STATIC,84.12,STATIC,39.72,STATIC,119.00,STATIC,169.96,STATIC,84.86,STATIC,169.03,STATIC
124.80166666666668,2994,44.05,STATIC,154.15,STATIC,84.49,STATIC,40.84,STATIC,118.09,STATIC,169.74,STATIC,84.98,STATIC,168.60,STATIC
124.84333333333335,2995,41.34,STATIC,156.12,STATIC,84.52,STATIC,42.16,STATIC,118.34,STATIC,169.78,STATIC,85.64,STATIC,167.67,STATIC
124.885,2996,38.86,STATIC,157.72,STATIC,84.41,STATIC,43.12,STATIC,118.65,STATIC,168.91,STATIC,87.88,STATIC,167.21,STATIC
124.92666666666668,2997,37.16,STATIC,157.49,STATIC,84.40,STATIC,43.17,STATIC,119.36,STATIC,168.81,STATIC,89.61,STATIC,166.56,STATIC
124.96833333333335,2998,35.87,STATIC,158.20,STATIC,84.36,STATIC,42.52,STATIC,119.89,STATIC,168.41,STATIC,89.70,STATIC,165.31,STATIC
125.01,2999,35.67,STATIC,156.58,STATIC,84.29,STATIC,43.41,STATIC,120.42,STATIC,168.41,STATIC,93.50,STATIC,165.78,STATIC
125.05166666666668,3000,34.12,STATIC,156.87,STATIC,84.23,STATIC,42.37,STATIC,120.08,STATIC,167.57,STATIC,92.17,STATIC,165.94,STATIC
125.09333333333335,3001,32.87,STATIC,154.99,STATIC,84.24,STATIC,40.00,STATIC,119.65,STATIC,168.48,STATIC,91.70,STATIC,166.14,STATIC
125.135,3002,32.32,STATIC,153.34,STATIC,84.32,STATIC,39.44,STATIC,119.05,STATIC,167.69,STATIC,91.00,STATIC,164.67,STATIC
125.17666666666668,3003,31.56,STATIC,153.12,STATIC,84.44,STATIC,39.25,STATIC,119.89,STATIC,167.84,STATIC,90.20,STATIC,163.37,STATIC
125.21833333333335,3004,31.09,STATIC,154.65,STATIC,84.37,STATIC,40.85,STATIC,120.38,STATIC,168.59,STATIC,88.90,STATIC,158.60,STATIC
125.26,3005,29.17,STATIC,154.46,STATIC,84.35,STATIC,43.59,STATIC,120.27,STATIC,168.79,STATIC,85.71,STATIC,154.14,STATIC
125.30166666666668,3006,26.43,STATIC,153.91,STATIC,84.41,STATIC,46.64,STATIC,120.27,STATIC,168.26,STATIC,85.28,STATIC,150.51,STATIC
125.34333333333335,3007,22.37,STATIC,157.93,STATIC,84.36,STATIC,49.05,STATIC,120.21,STATIC,165.68,STATIC,83.24,STATIC,146.44,STATIC
125.385,3008,18.22,STATIC,157.29,STATIC,84.17,STATIC,51.16,STATIC,119.49,STATIC,166.22,STATIC,80.62,STATIC,145.28,STATIC
125.42666666666668,3009,16.67,STATIC,156.53,STATIC,84.06,STATIC,52.00,STATIC,118.42,STATIC,164.79,STATIC,75.76,STATIC,141.47,STATIC
125.46833333333335,3010,16.13,STATIC,155.63,STATIC,84.15,STATIC,52.42,STATIC,116.87,STATIC,164.99,STATIC,73.06,STATIC,140.46,STATIC
125.51,3011,14.79,STATIC,153.72,STATIC,84.34,STATIC,51.31,STATIC,114.52,STATIC,163.23,STATIC,68.50,STATIC,141.24,STATIC
125.55166666666668,3012,13.49,STATIC,151.16,STATIC,84.44,STATIC,50.71,STATIC,112.65,STATIC,160.76,STATIC,63.68,STATIC,141.56,STATIC
125.59333333333335,3013,12.88,STATIC,152.49,STATIC,84.45,STATIC,48.51,STATIC,111.97,STATIC,162.41,STATIC,62.47,STATIC,148.57,EXTENSION
125.635,3014,12.02,STATIC,151.38,STATIC,84.41,STATIC,47.43,STATIC,111.01,STATIC,170.07,EXTENSION,62.87,STATIC,156.66,EXTENSION
125.67666666666668,3015,12.53,STATIC,148.63,STATIC,84.45,STATIC,47.39,STATIC,110.56,STATIC,168.31,STATIC,68.92,EXTENSION,157.79,STATIC
125.71833333333335,3016,14.68,STATIC,144.91,STATIC,84.81,STATIC,48.62,STATIC,108.96,STATIC,167.71,STATIC,68.42,STATIC,159.51,STATIC
125.76,3017,14.05,STATIC,138.12,FLEXION,85.10,STATIC,46.33,STATIC,107.87,STATIC,169.18,STATIC,68.42,STATIC,161.72,STATIC
125.80166666666668,3018,14.32,STATIC,129.33,FLEXION,85.18,STATIC,43.83,STATIC,107.07,STATIC,170.03,STATIC,66.65,STATIC,161.01,STATIC
125.84333333333335,3019,14.45,STATIC,120.41,FLEXION,85.16,STATIC,45.85,STATIC,106.06,STATIC,169.99,STATIC,66.00,STATIC,162.18,STATIC
125.885,3020,15.45,STATIC,108.64,FLEXION,85.32,STATIC,43.00,STATIC,104.03,STATIC,169.54,STATIC,63.90,STATIC,160.29,STATIC
125.92666666666668,3021,18.46,STATIC,103.12,FLEXION,85.72,STATIC,43.44,STATIC,102.86,STATIC,168.82,STATIC,62.31,STATIC,160.23,STATIC
125.96833333333335,3022,19.73,STATIC,102.21,STATIC,85.46,STATIC,44.62,STATIC,102.75,STATIC,168.78,STATIC,63.25,STATIC,161.24,STATIC
126.01166666666667,3023,21.51,STATIC,105.38,STATIC,85.44,STATIC,46.25,STATIC,102.21,STATIC,168.13,STATIC,59.90,STATIC,160.06,STATIC
126.05333333333334,3024,23.27,STATIC,108.92,STATIC,85.16,STATIC,47.06,STATIC,101.95,STATIC,168.35,STATIC,60.72,STATIC,160.60,STATIC
126.09500000000001,3025,26.21,STATIC,106.59,STATIC,85.02,STATIC,47.76,STATIC,102.46,STATIC,166.53,STATIC,60.78,STATIC,160.70,STATIC
126.13666666666667,3026,25.65,STATIC,107.24,STATIC,85.05,STATIC,48.52,STATIC,102.58,STATIC,167.44,STATIC,59.75,STATIC,161.21,STATIC
126.17833333333334,3027,26.68,STATIC,106.33,STATIC,85.02,STATIC,49.40,STATIC,102.65,STATIC,167.77,STATIC,58.84,STATIC,161.63,STATIC
126.22000000000001,3028,26.87,STATIC,110.28,STATIC,84.99,STATIC,51.86,STATIC,102.92,STATIC,168.38,STATIC,57.64,STATIC,162.13,STATIC
126.26166666666667,3029,27.24,STATIC,111.57,STATIC,85.13,STATIC,52.43,STATIC,102.94,STATIC,169.63,STATIC,59.07,STATIC,162.78,STATIC
126.30333333333334,3030,28.57,STATIC,111.33,STATIC,85.18,STATIC,52.81,STATIC,103.03,STATIC,170.12,STATIC,59.00,STATIC,163.01,STATIC
126.34500000000001,3031,27.50,STATIC,113.57,STATIC,85.34,STATIC,52.10,STATIC,102.53,STATIC,167.88,STATIC,59.89,STATIC,163.77,STATIC
126.38666666666667,3032,27.82,STATIC,112.95,STATIC,85.44,STATIC,52.20,STATIC,102.71,STATIC,167.65,STATIC,61.19,STATIC,163.80,STATIC
126.42833333333334,3033,28.49,STATIC,115.36,STATIC,85.48,STATIC,53.09,STATIC,102.75,STATIC,168.28,STATIC,62.37,STATIC,163.73,STATIC
126.47000000000001,3034,28.57,STATIC,112.42,STATIC,85.50,STATIC,52.89,STATIC,103.13,STATIC,167.69,STATIC,64.08,STATIC,163.67,STATIC
126.51166666666667,3035,28.65,STATIC,113.14,STATIC,85.46,STATIC,52.65,STATIC,103.77,STATIC,167.41,STATIC,65.95,STATIC,163.45,STATIC
126.55333333333334,3036,29.40,STATIC,112.73,STATIC,85.48,STATIC,51.27,STATIC,104.06,STATIC,168.22,STATIC,67.18,STATIC,163.64,STATIC
126.59500000000001,3037,30.53,STATIC,112.58,STATIC,85.35,STATIC,51.14,STATIC,104.93,STATIC,167.65,STATIC,69.00,STATIC,164.16,STATIC
126.63666666666667,3038,31.72,STATIC,111.51,STATIC,85.07,STATIC,51.30,STATIC,105.86,STATIC,168.00,STATIC,72.11,STATIC,163.94,STATIC
126.67833333333334,3039,33.47,STATIC,109.37,STATIC,84.86,STATIC,50.54,STATIC,106.81,STATIC,168.94,STATIC,75.51,STATIC,164.51,STATIC
126.72000000000001,3040,34.59,STATIC,106.66,STATIC,84.66,STATIC,49.27,STATIC,107.48,STATIC,169.62,STATIC,78.43,STATIC,165.03,STATIC
126.76166666666667,3041,38.93,STATIC,106.71,STATIC,84.27,STATIC,49.57,STATIC,108.67,STATIC,169.75,STATIC,81.48,STATIC,165.12,STATIC
126.80333333333334,3042,41.73,STATIC,104.35,STATIC,84.20,STATIC,49.16,STATIC,109.35,STATIC,170.55,STATIC,83.64,STATIC,165.94,STATIC
126.84500000000001,3043,42.29,STATIC,103.26,STATIC,84.15,STATIC,48.37,STATIC,109.64,STATIC,170.98,STATIC,85.37,STATIC,166.54,STATIC
126.88666666666667,3044,43.99,STATIC,106.42,STATIC,84.13,STATIC,49.43,STATIC,109.90,STATIC,170.55,STATIC,86.81,STATIC,166.64,STATIC
126.92833333333334,3045,44.70,STATIC,106.88,STATIC,84.14,STATIC,50.28,STATIC,110.50,STATIC,170.87,STATIC,89.00,STATIC,166.80,STATIC
126.97000000000001,3046,44.89,STATIC,104.43,STATIC,84.19,STATIC,50.03,STATIC,110.49,STATIC,172.04,STATIC,90.11,STATIC,165.77,STATIC
127.01166666666667,3047,44.89,STATIC,104.96,STATIC,84.25,STATIC,49.90,STATIC,110.49,STATIC,173.03,STATIC,90.78,STATIC,165.69,STATIC
127.05333333333334,3048,46.39,STATIC,104.99,STATIC,84.26,STATIC,50.31,STATIC,110.65,STATIC,174.28,STATIC,92.67,STATIC,165.37,STATIC
127.09500000000001,3049,48.76,STATIC,104.46,STATIC,84.26,STATIC,50.33,STATIC,111.03,STATIC,174.73,STATIC,93.56,STATIC,165.97,STATIC
127.13666666666667,3050,48.71,STATIC,106.49,STATIC,84.30,STATIC,51.92,STATIC,111.02,STATIC,174.90,STATIC,93.99,STATIC,166.38,STATIC
127.17833333333334,3051,49.36,STATIC,108.02,STATIC,84.36,STATIC,54.16,STATIC,110.74,STATIC,174.67,STATIC,93.43,STATIC,167.02,STATIC
127.22000000000001,3052,52.64,STATIC,108.06,STATIC,84.34,STATIC,54.90,STATIC,110.71,STATIC,174.54,STATIC,93.40,STATIC,166.91,STATIC
127.26166666666667,3053,55.03,STATIC,106.91,STATIC,84.35,STATIC,54.85,STATIC,110.60,STATIC,175.19,STATIC,93.28,STATIC,165.57,STATIC
127.30333333333334,3054,53.55,STATIC,107.32,STATIC,84.37,STATIC,53.92,STATIC,110.42,STATIC,173.84,STATIC,92.44,STATIC,165.81,STATIC
127.34500000000001,3055,52.08,STATIC,106.31,STATIC,84.45,STATIC,52.92,STATIC,109.85,STATIC,174.16,STATIC,90.26,STATIC,166.50,STATIC
127.38666666666667,3056,52.38,STATIC,105.53,STATIC,84.47,STATIC,51.57,STATIC,109.33,STATIC,173.34,STATIC,89.17,STATIC,166.23,STATIC
127.42833333333334,3057,50.51,STATIC,106.91,STATIC,84.47,STATIC,50.13,STATIC,108.65,STATIC,173.38,STATIC,87.85,STATIC,165.81,STATIC
127.47000000000001,3058,51.25,STATIC,107.11,STATIC,84.39,STATIC,49.44,STATIC,107.87,STATIC,174.53,STATIC,84.87,STATIC,166.11,STATIC
127.51166666666667,3059,50.56,STATIC,107.26,STATIC,84.41,STATIC,48.61,STATIC,107.12,STATIC,174.51,STATIC,82.97,STATIC,165.77,STATIC
127.55333333333334,3060,50.74,STATIC,109.75,STATIC,84.39,STATIC,48.03,STATIC,106.61,STATIC,174.35,STATIC,80.36,STATIC,166.73,STATIC
127.59500000000001,3061,51.68,STATIC,108.69,STATIC,84.25,STATIC,47.86,STATIC,107.09,STATIC,174.05,STATIC,81.73,STATIC,165.47,STATIC
127.63666666666667,3062,52.39,STATIC,104.17,STATIC,84.09,STATIC,46.40,STATIC,107.28,STATIC,173.11,STATIC,81.63,STATIC,165.34,STATIC
127.67833333333334,3063,53.34,STATIC,98.33,FLEXION,84.03,STATIC,44.63,STATIC,107.23,STATIC,173.52,STATIC,81.92,STATIC,163.39,STATIC
127.72000000000001,3064,55.31,STATIC,91.86,FLEXION,84.25,STATIC,40.07,STATIC,107.14,STATIC,173.50,STATIC,82.16,STATIC,163.33,STATIC
127.76166666666667,3065,56.13,STATIC,89.19,STATIC,84.18,STATIC,35.14,STATIC,107.03,STATIC,172.80,STATIC,80.77,STATIC,164.86,STATIC
127.80333333333334,3066,54.59,STATIC,92.06,STATIC,84.31,STATIC,33.01,STATIC,106.35,STATIC,173.16,STATIC,79.31,STATIC,164.97,STATIC
127.84500000000001,3067,47.54,FLEXION,91.68,STATIC,84.45,STATIC,27.67,FLEXION,106.50,STATIC,173.59,STATIC,79.63,STATIC,164.83,STATIC
127.88666666666667,3068,52.54,EXTENSION,91.79,STATIC,84.39,STATIC,25.68,STATIC,107.13,STATIC,173.96,STATIC,81.69,STATIC,166.70,STATIC
127.92833333333334,3069,49.50,STATIC,88.58,STATIC,84.69,STATIC,28.22,STATIC,107.71,STATIC,173.44,STATIC,85.62,STATIC,166.83,STATIC
127.97000000000001,3070,42.44,FLEXION,88.69,STATIC,85.34,STATIC,28.67,STATIC,107.97,STATIC,174.46,STATIC,87.00,STATIC,166.66,STATIC
128.01166666666668,3071,45.30,STATIC,89.47,STATIC,85.63,STATIC,28.99,STATIC,108.27,STATIC,174.98,STATIC,88.17,STATIC,165.29,STATIC
128.05333333333334,3072,47.27,STATIC,88.65,STATIC,85.60,STATIC,27.76,STATIC,108.75,STATIC,175.11,STATIC,90.04,STATIC,164.94,STATIC
128.095,3073,47.14,STATIC,86.27,STATIC,85.46,STATIC,27.89,STATIC,108.54,STATIC,174.70,STATIC,89.18,STATIC,164.62,STATIC
128.13666666666668,3074,52.86,EXTENSION,84.92,STATIC,85.36,STATIC,27.89,STATIC,108.64,STATIC,174.55,STATIC,87.81,STATIC,165.29,STATIC
128.17833333333334,3075,49.79,STATIC,84.84,STATIC,85.38,STATIC,26.40,STATIC,108.64,STATIC,174.23,STATIC,87.18,STATIC,165.50,STATIC
128.22,3076,51.11,STATIC,81.59,STATIC,85.51,STATIC,26.76,STATIC,108.17,STATIC,173.87,STATIC,87.15,STATIC,165.26,STATIC
128.26166666666668,3077,50.63,STATIC,81.60,STATIC,85.49,STATIC,25.96,STATIC,107.61,STATIC,173.34,STATIC,85.78,STATIC,164.62,STATIC
128.30333333333334,3078,50.87,STATIC,82.81,STATIC,85.46,STATIC,25.05,STATIC,107.65,STATIC,173.15,STATIC,85.81,STATIC,164.11,STATIC
128.345,3079,51.79,STATIC,82.16,STATIC,85.51,STATIC,25.52,STATIC,107.04,STATIC,172.47,STATIC,83.99,STATIC,164.11,STATIC
128.38666666666668,3080,52.82,STATIC,84.22,STATIC,85.45,STATIC,24.67,STATIC,107.07,STATIC,172.20,STATIC,82.55,STATIC,164.27,STATIC
128.42833333333334,3081,54.40,STATIC,85.85,STATIC,85.28,STATIC,24.10,STATIC,107.45,STATIC,172.09,STATIC,82.92,STATIC,164.58,STATIC
128.47,3082,52.24,STATIC,88.98,STATIC,85.11,STATIC,21.73,STATIC,108.29,STATIC,172.42,STATIC,79.11,STATIC,162.00,STATIC
128.51166666666668,3083,52.50,STATIC,92.49,STATIC,84.91,STATIC,20.71,STATIC,109.64,STATIC,172.10,STATIC,82.07,STATIC,160.97,STATIC
128.55333333333334,3084,53.73,STATIC,99.36,EXTENSION,84.76,STATIC,17.72,STATIC,110.20,STATIC,168.53,STATIC,79.98,STATIC,158.97,STATIC
128.595,3085,52.70,STATIC,96.09,STATIC,84.48,STATIC,18.33,STATIC,110.62,STATIC,168.96,STATIC,73.25,FLEXION,155.86,STATIC
128.63666666666668,3086,61.17,EXTENSION,98.45,STATIC,84.55,STATIC,18.10,STATIC,110.70,STATIC,168.71,STATIC,75.93,STATIC,153.93,STATIC
128.67833333333334,3087,58.42,STATIC,100.37,STATIC,84.58,STATIC,18.25,STATIC,110.99,STATIC,168.22,STATIC,75.56,STATIC,153.98,STATIC
128.72,3088,62.27,STATIC,99.14,STATIC,84.61,STATIC,18.82,STATIC,111.80,STATIC,170.43,STATIC,72.12,STATIC,155.99,STATIC
128.76166666666668,3089,67.62,EXTENSION,101.02,STATIC,84.65,STATIC,18.47,STATIC,112.09,STATIC,170.26,STATIC,71.34,STATIC,158.28,STATIC
128.80333333333334,3090,68.00,STATIC,99.72,STATIC,84.69,STATIC,18.82,STATIC,112.05,STATIC,169.14,STATIC,70.60,STATIC,160.80,STATIC
128.845,3091,60.31,FLEXION,99.36,STATIC,84.73,STATIC,19.32,STATIC,111.81,STATIC,170.05,STATIC,70.41,STATIC,162.64,STATIC
128.88666666666668,3092,58.67,STATIC,98.85,STATIC,84.75,STATIC,20.23,STATIC,112.12,STATIC,169.55,STATIC,70.54,STATIC,163.92,STATIC
128.92833333333334,3093,49.48,FLEXION,97.68,STATIC,84.80,STATIC,20.99,STATIC,112.13,STATIC,169.11,STATIC,69.66,STATIC,164.65,STATIC
128.97,3094,51.25,STATIC,97.91,STATIC,84.75,STATIC,22.02,STATIC,111.79,STATIC,168.43,STATIC,68.17,STATIC,163.88,STATIC
129.01166666666668,3095,52.05,STATIC,98.94,STATIC,84.71,STATIC,23.65,STATIC,111.81,STATIC,167.52,STATIC,67.93,STATIC,163.52,STATIC
129.05333333333334,3096,53.27,STATIC,100.07,STATIC,84.65,STATIC,24.59,STATIC,111.41,STATIC,167.25,STATIC,66.82,STATIC,162.07,STATIC
129.095,3097,53.24,STATIC,99.55,STATIC,84.62,STATIC,25.68,STATIC,111.35,STATIC,167.20,STATIC,66.45,STATIC,161.60,STATIC
129.13666666666668,3098,51.72,STATIC,99.12,STATIC,84.59,STATIC,26.31,STATIC,111.08,STATIC,167.31,STATIC,65.92,STATIC,161.04,STATIC
129.17833333333334,3099,50.69,STATIC,98.05,STATIC,84.53,STATIC,27.25,STATIC,110.93,STATIC,166.88,STATIC,65.11,STATIC,160.18,STATIC
129.22,3100,52.03,STATIC,98.20,STATIC,84.55,STATIC,26.89,STATIC,110.62,STATIC,166.25,STATIC,63.70,STATIC,159.53,STATIC
129.26166666666668,3101,48.22,STATIC,93.33,STATIC,84.61,STATIC,29.46,STATIC,110.55,STATIC,165.76,STATIC,63.68,STATIC,158.26,STATIC
129.30333333333334,3102,48.02,STATIC,91.04,STATIC,84.62,STATIC,31.06,STATIC,110.90,STATIC,165.69,STATIC,64.67,STATIC,157.47,STATIC
129.345,3103,45.32,STATIC,93.36,STATIC,84.61,STATIC,30.23,STATIC,111.28,STATIC,165.54,STATIC,65.86,STATIC,157.15,STATIC
129.38666666666668,3104,44.96,STATIC,93.66,STATIC,84.54,STATIC,30.29,STATIC,111.45,STATIC,165.36,STATIC,65.48,STATIC,157.02,STATIC
129.42833333333334,3105,43.81,STATIC,95.32,STATIC,84.49,STATIC,30.02,STATIC,111.64,STATIC,164.52,STATIC,65.49,STATIC,156.65,STATIC
129.47,3106,45.51,STATIC,97.35,STATIC,84.39,STATIC,29.27,STATIC,112.11,STATIC,164.66,STATIC,65.68,STATIC,157.18,STATIC
129.51166666666668,3107,44.98,STATIC,96.86,STATIC,84.37,STATIC,29.16,STATIC,112.77,STATIC,164.96,STATIC,65.94,STATIC,157.79,STATIC
129.55333333333334,3108,41.27,STATIC,93.77,STATIC,84.30,STATIC,30.01,STATIC,113.38,STATIC,164.81,STATIC,67.11,STATIC,158.21,STATIC
129.595,3109,40.47,STATIC,91.85,STATIC,84.33,STATIC,30.18,STATIC,113.72,STATIC,166.86,STATIC,69.49,STATIC,158.72,STATIC
129.63666666666668,3110,40.44,STATIC,90.59,STATIC,84.40,STATIC,30.70,STATIC,114.38,STATIC,167.28,STATIC,72.40,STATIC,159.81,STATIC
129.67833333333334,3111,39.16,STATIC,84.63,FLEXION,84.39,STATIC,34.98,STATIC,114.67,STATIC,166.78,STATIC,76.45,STATIC,160.61,STATIC
129.72,3112,39.16,STATIC,81.79,STATIC,84.51,STATIC,36.76,STATIC,115.16,STATIC,167.38,STATIC,79.27,STATIC,161.62,STATIC
129.76166666666668,3113,38.91,STATIC,79.42,STATIC,84.65,STATIC,38.90,STATIC,115.72,STATIC,168.14,STATIC,81.93,STATIC,162.38,STATIC
129.80333333333334,3114,41.78,STATIC,78.45,STATIC,84.77,STATIC,39.76,STATIC,115.69,STATIC,167.90,STATIC,84.93,STATIC,162.82,STATIC
129.845,3115,37.98,STATIC,78.72,STATIC,84.90,STATIC,40.71,STATIC,116.22,STATIC,167.10,STATIC,88.33,STATIC,163.11,STATIC
129.88666666666668,3116,34.50,STATIC,74.30,STATIC,85.07,STATIC,44.09,STATIC,117.19,STATIC,166.35,STATIC,89.62,STATIC,162.86,STATIC
129.92833333333334,3117,35.17,STATIC,72.83,STATIC,85.18,STATIC,45.11,STATIC,117.65,STATIC,165.22,STATIC,90.80,STATIC,163.06,STATIC
129.97166666666666,3118,31.34,STATIC,71.18,STATIC,85.16,STATIC,47.07,STATIC,118.39,STATIC,164.89,STATIC,92.47,STATIC,163.33,STATIC
130.01333333333335,3119,29.82,STATIC,71.55,STATIC,85.19,STATIC,45.89,STATIC,118.80,STATIC,163.92,STATIC,92.39,STATIC,163.83,STATIC
130.055,3120,29.68,STATIC,69.79,STATIC,85.17,STATIC,47.61,STATIC,118.89,STATIC,164.07,STATIC,92.76,STATIC,164.05,STATIC
130.09666666666666,3121,31.11,STATIC,67.66,STATIC,85.16,STATIC,49.57,STATIC,119.53,STATIC,165.81,STATIC,94.86,STATIC,164.97,STATIC
130.13833333333335,3122,31.51,STATIC,68.91,STATIC,85.16,STATIC,47.71,STATIC,120.45,STATIC,165.97,STATIC,95.15,STATIC,165.39,STATIC
130.18,3123,30.21,STATIC,67.52,STATIC,85.11,STATIC,48.67,STATIC,121.48,STATIC,165.59,STATIC,96.62,STATIC,165.80,STATIC
130.22166666666666,3124,28.56,STATIC,65.53,STATIC,85.05,STATIC,50.46,STATIC,122.87,STATIC,165.04,STATIC,98.94,STATIC,166.22,STATIC
130.26333333333335,3125,28.86,STATIC,64.87,STATIC,85.08,STATIC,51.13,STATIC,124.00,STATIC,165.16,STATIC,100.89,STATIC,166.71,STATIC
130.305,3126,26.12,STATIC,64.69,STATIC,85.50,STATIC,50.99,STATIC,124.69,STATIC,165.79,STATIC,102.28,STATIC,167.09,STATIC
130.34666666666666,3127,25.47,STATIC,66.58,STATIC,85.67,STATIC,49.21,STATIC,125.47,STATIC,165.60,STATIC,104.51,STATIC,167.62,STATIC
130.38833333333335,3128,24.58,STATIC,67.89,STATIC,85.59,STATIC,47.92,STATIC,126.65,STATIC,167.57,STATIC,105.56,STATIC,168.05,STATIC
130.43,3129,23.99,STATIC,67.24,STATIC,85.59,STATIC,47.94,STATIC,127.21,STATIC,167.55,STATIC,106.43,STATIC,168.59,STATIC
130.47166666666666,3130,23.04,STATIC,72.56,EXTENSION,85.62,STATIC,43.50,STATIC,127.77,STATIC,169.14,STATIC,108.31,STATIC,168.84,STATIC
130.51333333333335,3131,23.50,STATIC,77.05,STATIC,85.62,STATIC,40.09,STATIC,127.90,STATIC,168.79,STATIC,109.22,STATIC,168.87,STATIC
130.555,3132,24.27,STATIC,80.04,STATIC,85.33,STATIC,37.82,STATIC,128.64,STATIC,170.14,STATIC,110.92,STATIC,168.99,STATIC
130.59666666666666,3133,24.11,STATIC,81.31,STATIC,85.16,STATIC,36.28,STATIC,129.29,STATIC,170.48,STATIC,112.89,STATIC,169.38,STATIC
130.63833333333335,3134,25.25,STATIC,81.52,STATIC,85.06,STATIC,35.98,STATIC,130.00,STATIC,169.74,STATIC,114.48,STATIC,169.47,STATIC
130.68,3135,26.99,STATIC,82.61,STATIC,84.99,STATIC,35.01,STATIC,130.74,STATIC,170.77,STATIC,115.73,STATIC,169.55,STATIC
130.72166666666666,3136,26.08,STATIC,80.81,STATIC,84.93,STATIC,36.57,STATIC,131.41,STATIC,170.39,STATIC,117.70,STATIC,169.47,STATIC
130.76333333333335,3137,25.23,STATIC,82.71,STATIC,84.87,STATIC,35.70,STATIC,132.05,STATIC,170.30,STATIC,119.56,STATIC,169.93,STATIC
130.805,3138,27.84,STATIC,85.19,STATIC,84.88,STATIC,34.46,STATIC,133.25,STATIC,165.10,FLEXION,121.19,STATIC,169.28,STATIC
130.84666666666666,3139,28.47,STATIC,86.42,STATIC,84.83,STATIC,33.96,STATIC,133.93,STATIC,164.58,STATIC,122.86,STATIC,169.16,STATIC
130.88833333333335,3140,28.18,STATIC,86.07,STATIC,84.83,STATIC,33.49,STATIC,134.72,STATIC,165.01,STATIC,124.58,STATIC,169.39,STATIC
130.93,3141,25.76,STATIC,84.83,STATIC,84.84,STATIC,33.53,STATIC,135.26,STATIC,165.16,STATIC,126.04,STATIC,169.92,STATIC
130.97166666666666,3142,22.93,STATIC,85.60,STATIC,85.18,STATIC,31.71,STATIC,135.70,STATIC,166.82,STATIC,128.66,STATIC,169.87,STATIC
131.01333333333335,3143,25.72,STATIC,86.55,STATIC,85.48,STATIC,30.08,STATIC,134.84,STATIC,168.11,STATIC,127.97,STATIC,169.98,STATIC
131.055,3144,18.18,FLEXION,84.81,STATIC,85.34,STATIC,29.79,STATIC,135.66,STATIC,170.24,STATIC,130.40,STATIC,171.03,STATIC
131.09666666666666,3145,23.78,EXTENSION,88.23,STATIC,85.43,STATIC,27.19,STATIC,135.85,STATIC,173.13,STATIC,131.65,STATIC,172.27,STATIC
131.13833333333335,3146,18.66,FLEXION,89.35,STATIC,85.36,STATIC,25.28,STATIC,136.00,STATIC,174.10,STATIC,133.54,STATIC,173.86,STATIC
131.18,3147,17.62,STATIC,90.33,STATIC,85.29,STATIC,24.25,STATIC,136.01,STATIC,173.54,STATIC,134.19,STATIC,173.64,STATIC
131.22166666666666,3148,15.78,STATIC,92.06,STATIC,85.12,STATIC,23.49,STATIC,136.52,STATIC,172.94,STATIC,134.81,STATIC,173.50,STATIC
131.26333333333335,3149,16.23,STATIC,91.25,STATIC,85.05,STATIC,23.97,STATIC,137.06,STATIC,172.14,STATIC,135.25,STATIC,172.95,STATIC
131.305,3150,16.29,STATIC,90.96,STATIC,85.04,STATIC,23.71,STATIC,136.74,STATIC,172.53,STATIC,136.76,STATIC,172.87,STATIC
131.34666666666666,3151,17.67,STATIC,90.55,STATIC,85.03,STATIC,23.76,STATIC,136.86,STATIC,172.72,STATIC,137.39,STATIC,172.82,STATIC
131.38833333333335,3152,16.58,STATIC,90.33,STATIC,85.10,STATIC,23.85,STATIC,137.29,STATIC,172.89,STATIC,138.76,STATIC,172.90,STATIC
131.43,3153,18.71,STATIC,91.09,STATIC,85.06,STATIC,23.78,STATIC,137.47,STATIC,172.91,STATIC,139.33,STATIC,172.82,STATIC
131.47166666666666,3154,22.99,STATIC,92.93,STATIC,84.84,STATIC,23.58,STATIC,136.92,STATIC,173.98,STATIC,140.61,STATIC,172.92,STATIC
131.51333333333335,3155,24.55,STATIC,93.09,STATIC,84.83,STATIC,24.06,STATIC,137.09,STATIC,173.92,STATIC,141.13,STATIC,173.19,STATIC
131.555,3156,26.76,STATIC,92.81,STATIC,84.80,STATIC,24.05,STATIC,137.26,STATIC,173.95,STATIC,141.07,STATIC,173.65,STATIC
131.59666666666666,3157,33.38,EXTENSION,89.97,STATIC,84.67,STATIC,26.52,STATIC,137.01,STATIC,173.86,STATIC,141.16,STATIC,173.95,STATIC
131.63833333333335,3158,37.30,STATIC,87.96,STATIC,84.50,STATIC,28.77,STATIC,137.61,STATIC,173.52,STATIC,141.17,STATIC,173.91,STATIC
131.68,3159,36.51,STATIC,87.43,STATIC,84.66,STATIC,28.89,STATIC,138.06,STATIC,172.31,STATIC,140.06,STATIC,173.35,STATIC
131.72166666666666,3160,35.71,STATIC,87.76,STATIC,84.71,STATIC,28.74,STATIC,137.98,STATIC,171.99,STATIC,140.16,STATIC,173.06,STATIC
131.76333333333335,3161,36.05,STATIC,87.19,STATIC,85.04,STATIC,28.89,STATIC,137.08,STATIC,169.24,STATIC,138.57,STATIC,172.42,STATIC
131.805,3162,34.80,STATIC,87.13,STATIC,85.10,STATIC,28.80,STATIC,137.57,STATIC,169.99,STATIC,138.60,STATIC,172.03,STATIC
131.84666666666666,3163,34.19,STATIC,86.18,STATIC,85.17,STATIC,29.04,STATIC,137.56,STATIC,171.04,STATIC,138.85,STATIC,172.43,STATIC
131.88833333333335,3164,35.10,STATIC,82.54,STATIC,85.29,STATIC,31.52,STATIC,137.73,STATIC,171.46,STATIC,139.02,STATIC,172.73,STATIC
131.93,3165,35.44,STATIC,81.11,STATIC,85.36,STATIC,32.68,STATIC,137.88,STATIC,171.54,STATIC,139.33,STATIC,172.74,STATIC
131.97166666666666,3166,34.89,STATIC,80.49,STATIC,85.26,STATIC,33.14,STATIC,137.95,STATIC,172.29,STATIC,140.17,STATIC,173.35,STATIC
132.01333333333335,3167,35.14,STATIC,80.13,STATIC,85.09,STATIC,33.20,STATIC,138.51,STATIC,173.01,STATIC,141.08,STATIC,174.11,STATIC
132.055,3168,36.50,STATIC,78.90,STATIC,84.85,STATIC,35.07,STATIC,138.97,STATIC,173.23,STATIC,141.92,STATIC,174.65,STATIC
132.09666666666666,3169,35.49,STATIC,80.04,STATIC,84.83,STATIC,34.70,STATIC,139.31,STATIC,172.99,STATIC,142.09,STATIC,175.01,STATIC
132.13833333333335,3170,35.34,STATIC,78.95,STATIC,84.68,STATIC,36.02,STATIC,140.05,STATIC,172.65,STATIC,142.30,STATIC,175.01,STATIC
132.18,3171,33.96,STATIC,77.25,STATIC,84.57,STATIC,36.92,STATIC,140.56,STATIC,172.67,STATIC,142.82,STATIC,175.12,STATIC
132.22166666666666,3172,34.55,STATIC,74.80,STATIC,84.42,STATIC,39.02,STATIC,140.79,STATIC,172.72,STATIC,142.98,STATIC,175.12,STATIC
132.26333333333335,3173,34.46,STATIC,76.01,STATIC,84.43,STATIC,38.28,STATIC,140.15,STATIC,172.51,STATIC,143.43,STATIC,175.33,STATIC
132.305,3174,34.59,STATIC,75.60,STATIC,84.47,STATIC,38.36,STATIC,140.29,STATIC,172.60,STATIC,143.60,STATIC,175.29,STATIC
132.34666666666666,3175,32.95,STATIC,76.40,STATIC,84.55,STATIC,37.67,STATIC,140.11,STATIC,172.66,STATIC,143.98,STATIC,175.32,STATIC
132.38833333333335,3176,33.43,STATIC,74.26,STATIC,84.52,STATIC,38.90,STATIC,140.24,STATIC,172.80,STATIC,144.21,STATIC,175.46,STATIC
132.43,3177,33.62,STATIC,73.92,STATIC,84.49,STATIC,39.05,STATIC,139.96,STATIC,172.87,STATIC,144.82,STATIC,175.57,STATIC
132.47166666666666,3178,33.56,STATIC,71.96,STATIC,84.41,STATIC,41.23,STATIC,139.87,STATIC,172.87,STATIC,145.50,STATIC,175.51,STATIC
132.51333333333335,3179,31.46,STATIC,73.18,STATIC,84.41,STATIC,40.20,STATIC,140.00,STATIC,172.73,STATIC,145.43,STATIC,175.60,STATIC
132.555,3180,29.76,STATIC,73.86,STATIC,84.44,STATIC,40.04,STATIC,139.85,STATIC,172.27,STATIC,145.31,STATIC,175.58,STATIC
132.59666666666666,3181,27.59,STATIC,73.59,STATIC,84.50,STATIC,39.41,STATIC,139.26,STATIC,171.60,STATIC,144.23,STATIC,174.62,STATIC
132.63833333333335,3182,26.02,STATIC,78.17,STATIC,84.59,STATIC,32.99,FLEXION,138.74,STATIC,170.90,STATIC,143.25,STATIC,174.01,STATIC
132.68,3183,25.86,STATIC,78.09,STATIC,84.48,STATIC,32.89,STATIC,138.01,STATIC,170.68,STATIC,143.44,STATIC,174.01,STATIC
132.72166666666666,3184,27.35,STATIC,77.31,STATIC,84.51,STATIC,33.31,STATIC,137.47,STATIC,167.11,STATIC,142.33,STATIC,172.91,STATIC
132.76333333333335,3185,26.98,STATIC,77.53,STATIC,84.56,STATIC,33.34,STATIC,137.36,STATIC,165.25,STATIC,141.25,STATIC,172.25,STATIC
132.805,3186,26.74,STATIC,75.61,STATIC,84.44,STATIC,33.98,STATIC,138.88,STATIC,160.40,STATIC,137.55,STATIC,171.77,STATIC
132.84666666666666,3187,25.46,STATIC,75.50,STATIC,84.50,STATIC,34.92,STATIC,138.34,STATIC,160.68,STATIC,135.78,STATIC,171.62,STATIC
132.88833333333335,3188,23.87,STATIC,73.35,STATIC,84.56,STATIC,37.17,STATIC,138.39,STATIC,157.95,STATIC,131.81,STATIC,170.79,STATIC
132.93,3189,23.11,STATIC,73.99,STATIC,84.56,STATIC,38.23,STATIC,136.88,STATIC,158.61,STATIC,129.81,STATIC,171.18,STATIC
132.97166666666666,3190,22.02,STATIC,71.77,STATIC,85.06,STATIC,39.97,STATIC,136.09,STATIC,154.22,STATIC,124.02,FLEXION,168.09,STATIC
133.01333333333335,3191,22.40,STATIC,73.20,STATIC,84.93,STATIC,39.25,STATIC,135.96,STATIC,156.89,STATIC,124.47,STATIC,166.54,STATIC
133.055,3192,21.31,STATIC,74.86,STATIC,84.93,STATIC,37.64,STATIC,134.52,STATIC,156.35,STATIC,123.81,STATIC,170.48,STATIC
133.09666666666666,3193,21.57,STATIC,73.87,STATIC,84.89,STATIC,38.03,STATIC,134.12,STATIC,153.85,STATIC,120.42,STATIC,168.87,STATIC
133.13833333333335,3194,20.43,STATIC,75.34,STATIC,85.01,STATIC,37.40,STATIC,133.10,STATIC,157.42,STATIC,120.87,STATIC,169.19,STATIC
133.18,3195,19.86,STATIC,73.94,STATIC,84.95,STATIC,39.52,STATIC,133.53,STATIC,157.67,STATIC,120.29,STATIC,168.94,STATIC
133.22166666666666,3196,19.52,STATIC,74.67,STATIC,84.93,STATIC,38.92,STATIC,133.34,STATIC,158.25,STATIC,120.09,STATIC,169.22,STATIC
133.26333333333335,3197,19.85,STATIC,74.98,STATIC,84.93,STATIC,38.13,STATIC,132.94,STATIC,158.87,STATIC,118.65,STATIC,169.48,STATIC
133.305,3198,19.74,STATIC,74.71,STATIC,84.90,STATIC,38.34,STATIC,132.64,STATIC,159.52,STATIC,117.74,STATIC,169.21,STATIC
133.34666666666666,3199,20.90,STATIC,73.75,STATIC,84.86,STATIC,38.80,STATIC,132.35,STATIC,157.64,STATIC,114.94,STATIC,168.41,STATIC
133.38833333333335,3200,20.43,STATIC,72.46,STATIC,84.94,STATIC,39.63,STATIC,131.31,STATIC,153.09,STATIC,110.38,STATIC,166.44,STATIC
133.43,3201,19.96,STATIC,71.88,STATIC,84.99,STATIC,40.32,STATIC,130.02,STATIC,152.98,STATIC,107.30,STATIC,166.21,STATIC
133.47166666666666,3202,19.84,STATIC,72.15,STATIC,84.89,STATIC,41.79,STATIC,129.33,STATIC,154.55,STATIC,107.17,STATIC,166.21,STATIC
133.51333333333335,3203,18.39,STATIC,73.44,STATIC,84.95,STATIC,40.21,STATIC,128.98,STATIC,154.04,STATIC,106.66,STATIC,166.97,STATIC
133.555,3204,18.64,STATIC,75.09,STATIC,84.99,STATIC,36.88,STATIC,128.40,STATIC,153.14,STATIC,104.97,STATIC,166.60,STATIC
133.59666666666666,3205,19.17,STATIC,75.09,STATIC,84.87,STATIC,37.45,STATIC,128.10,STATIC,154.04,STATIC,103.95,STATIC,166.42,STATIC
133.63833333333335,3206,18.41,STATIC,74.36,STATIC,84.96,STATIC,37.66,STATIC,127.26,STATIC,151.34,STATIC,100.83,STATIC,166.25,STATIC
133.68,3207,18.85,STATIC,74.58,STATIC,84.94,STATIC,37.49,STATIC,126.44,STATIC,150.90,STATIC,99.12,STATIC,166.29,STATIC
133.72166666666666,3208,19.71,STATIC,74.11,STATIC,84.91,STATIC,37.77,STATIC,125.74,STATIC,152.24,STATIC,99.15,STATIC,166.03,STATIC
133.76333333333335,3209,20.77,STATIC,73.43,STATIC,84.72,STATIC,37.91,STATIC,125.05,STATIC,152.21,STATIC,98.27,STATIC,166.40,STATIC
133.805,3210,20.72,STATIC,72.74,STATIC,84.64,STATIC,38.07,STATIC,124.62,STATIC,151.71,STATIC,97.04,STATIC,166.56,STATIC
133.84666666666666,3211,20.35,STATIC,69.99,STATIC,84.66,STATIC,37.87,STATIC,123.49,STATIC,147.42,STATIC,94.84,STATIC,165.58,STATIC
133.88833333333335,3212,22.67,STATIC,67.41,STATIC,84.40,STATIC,38.96,STATIC,122.52,STATIC,147.04,STATIC,92.61,STATIC,165.78,STATIC
133.93,3213,23.27,STATIC,64.31,STATIC,84.21,STATIC,43.92,STATIC,122.22,STATIC,151.56,STATIC,93.30,STATIC,166.01,STATIC
133.97333333333333,3214,24.74,STATIC,64.95,STATIC,84.18,STATIC,47.02,STATIC,122.27,STATIC,158.75,EXTENSION,93.82,STATIC,168.82,STATIC
134.01500000000004,3215,23.93,STATIC,65.99,STATIC,84.27,STATIC,47.37,STATIC,122.06,STATIC,158.85,STATIC,92.58,STATIC,169.02,STATIC
134.05666666666667,3216,23.20,STATIC,66.68,STATIC,84.45,STATIC,47.40,STATIC,121.78,STATIC,162.04,STATIC,93.47,STATIC,170.58,STATIC
134.09833333333333,3217,25.01,STATIC,70.08,STATIC,83.86,STATIC,49.13,STATIC,122.23,STATIC,158.44,STATIC,92.00,STATIC,170.31,STATIC
134.14000000000004,3218,24.33,STATIC,72.65,STATIC,84.05,STATIC,49.13,STATIC,121.14,STATIC,158.83,STATIC,88.58,STATIC,169.75,STATIC
134.18166666666667,3219,25.31,STATIC,72.96,STATIC,84.00,STATIC,49.76,STATIC,120.23,STATIC,166.73,EXTENSION,87.15,STATIC,172.22,STATIC
134.22333333333333,3220,24.62,STATIC,74.65,STATIC,84.12,STATIC,50.24,STATIC,117.62,STATIC,164.10,STATIC,79.22,FLEXION,172.81,STATIC
134.26500000000004,3221,25.41,STATIC,73.28,STATIC,84.20,STATIC,48.98,STATIC,117.47,STATIC,169.28,EXTENSION,79.84,STATIC,174.44,STATIC
134.30666666666667,3222,25.62,STATIC,72.39,STATIC,84.14,STATIC,48.87,STATIC,117.43,STATIC,168.28,STATIC,79.38,STATIC,174.50,STATIC
134.34833333333333,3223,27.16,STATIC,70.42,STATIC,83.84,STATIC,46.71,STATIC,118.12,STATIC,171.04,STATIC,83.59,STATIC,175.38,STATIC
134.39000000000004,3224,30.98,STATIC,69.91,STATIC,84.02,STATIC,45.00,STATIC,118.74,STATIC,172.99,STATIC,87.35,STATIC,175.30,STATIC
134.43166666666667,3225,31.07,STATIC,65.38,STATIC,84.21,STATIC,49.23,STATIC,119.83,STATIC,173.32,STATIC,88.93,STATIC,175.31,STATIC
134.47333333333333,3226,31.33,STATIC,65.61,STATIC,84.75,STATIC,51.08,STATIC,120.99,STATIC,175.48,STATIC,93.41,STATIC,175.55,STATIC
134.51500000000004,3227,31.60,STATIC,65.66,STATIC,84.90,STATIC,50.51,STATIC,122.51,STATIC,176.48,STATIC,98.49,EXTENSION,175.42,STATIC
134.55666666666667,3228,32.60,STATIC,68.85,STATIC,85.07,STATIC,47.54,STATIC,123.69,STATIC,175.17,STATIC,102.17,STATIC,175.23,STATIC
134.59833333333333,3229,32.57,STATIC,68.12,STATIC,85.11,STATIC,46.38,STATIC,124.89,STATIC,175.84,STATIC,106.06,STATIC,175.27,STATIC
134.64000000000004,3230,33.70,STATIC,67.64,STATIC,85.04,STATIC,45.71,STATIC,125.64,STATIC,176.18,STATIC,108.77,STATIC,175.80,STATIC
134.68166666666667,3231,33.77,STATIC,70.87,STATIC,85.24,STATIC,40.97,STATIC,126.15,STATIC,176.26,STATIC,110.73,STATIC,175.37,STATIC
134.72333333333333,3232,34.45,STATIC,69.64,STATIC,85.33,STATIC,42.29,STATIC,127.03,STATIC,175.24,STATIC,112.35,STATIC,174.02,STATIC
134.76500000000004,3233,34.51,STATIC,68.98,STATIC,85.26,STATIC,42.12,STATIC,127.83,STATIC,174.46,STATIC,113.88,STATIC,174.80,STATIC
134.80666666666667,3234,33.94,STATIC,68.67,STATIC,85.08,STATIC,42.44,STATIC,128.90,STATIC,174.20,STATIC,115.40,STATIC,175.06,STATIC
134.84833333333333,3235,33.51,STATIC,68.66,STATIC,85.03,STATIC,42.84,STATIC,129.58,STATIC,174.15,STATIC,117.39,STATIC,175.40,STATIC
134.89000000000004,3236,32.87,STATIC,67.91,STATIC,84.91,STATIC,44.87,STATIC,130.39,STATIC,174.83,STATIC,119.25,STATIC,175.93,STATIC
134.93166666666667,3237,32.34,STATIC,67.90,STATIC,84.83,STATIC,45.78,STATIC,130.86,STATIC,174.82,STATIC,120.63,STATIC,176.11,STATIC
134.97333333333333,3238,32.22,STATIC,69.05,STATIC,84.79,STATIC,45.01,STATIC,131.63,STATIC,174.68,STATIC,122.37,STATIC,176.63,STATIC
135.01500000000004,3239,31.83,STATIC,69.84,STATIC,84.79,STATIC,44.50,STATIC,131.64,STATIC,174.48,STATIC,122.96,STATIC,176.77,STATIC
135.05666666666667,3240,31.83,STATIC,72.13,STATIC,85.13,STATIC,43.10,STATIC,130.31,STATIC,174.62,STATIC,122.90,STATIC,176.30,STATIC
135.09833333333333,3241,32.31,STATIC,71.48,STATIC,85.21,STATIC,42.51,STATIC,129.89,STATIC,175.02,STATIC,122.30,STATIC,176.50,STATIC
135.14000000000004,3242,32.06,STATIC,71.33,STATIC,85.07,STATIC,41.94,STATIC,130.21,STATIC,174.93,STATIC,122.09,STATIC,176.44,STATIC
135.18166666666667,3243,32.46,STATIC,70.70,STATIC,85.08,STATIC,42.20,STATIC,130.45,STATIC,174.57,STATIC,121.50,STATIC,176.33,STATIC
135.22333333333333,3244,33.48,STATIC,69.51,STATIC,84.88,STATIC,43.37,STATIC,130.11,STATIC,174.13,STATIC,119.50,STATIC,175.95,STATIC
135.26500000000004,3245,33.26,STATIC,68.54,STATIC,84.72,STATIC,44.25,STATIC,129.78,STATIC,173.93,STATIC,117.80,STATIC,175.64,STATIC
135.30666666666667,3246,31.77,STATIC,69.78,STATIC,84.67,STATIC,42.09,STATIC,130.09,STATIC,173.63,STATIC,116.17,STATIC,175.64,STATIC
135.34833333333333,3247,30.69,STATIC,73.65,STATIC,84.61,STATIC,37.97,STATIC,130.28,STATIC,172.96,STATIC,115.69,STATIC,175.20,STATIC
135.39000000000004,3248,30.60,STATIC,73.44,STATIC,84.61,STATIC,38.34,STATIC,129.60,STATIC,172.29,STATIC,114.51,STATIC,174.52,STATIC
135.43166666666667,3249,30.28,STATIC,73.70,STATIC,84.65,STATIC,37.64,STATIC,128.21,STATIC,159.47,FLEXION,109.38,FLEXION,170.53,STATIC
135.47333333333333,3250,30.64,STATIC,73.80,STATIC,84.65,STATIC,37.23,STATIC,126.62,STATIC,163.25,STATIC,106.62,STATIC,171.22,STATIC
135.51500000000004,3251,30.81,STATIC,74.50,STATIC,84.76,STATIC,37.77,STATIC,126.17,STATIC,168.38,EXTENSION,106.39,STATIC,172.26,STATIC
135.55666666666667,3252,30.61,STATIC,75.28,STATIC,84.90,STATIC,38.01,STATIC,125.62,STATIC,166.33,STATIC,105.52,STATIC,172.19,STATIC
135.59833333333333,3253,28.20,STATIC,75.50,STATIC,85.07,STATIC,37.69,STATIC,124.89,STATIC,166.88,STATIC,102.65,STATIC,172.11,STATIC
135.64000000000004,3254,26.73,STATIC,76.98,STATIC,85.16,STATIC,37.02,STATIC,124.39,STATIC,166.71,STATIC,101.67,STATIC,172.07,STATIC
135.68166666666667,3255,27.57,STATIC,78.12,STATIC,85.12,STATIC,36.86,STATIC,124.35,STATIC,169.14,STATIC,103.35,STATIC,171.80,STATIC
135.72333333333333,3256,27.77,STATIC,77.25,STATIC,85.06,STATIC,38.06,STATIC,125.06,STATIC,171.60,STATIC,104.94,STATIC,172.94,STATIC
135.76500000000004,3257,27.04,STATIC,77.60,STATIC,85.07,STATIC,38.41,STATIC,125.38,STATIC,171.06,STATIC,105.36,STATIC,173.17,STATIC
135.80666666666667,3258,27.50,STATIC,77.20,STATIC,84.88,STATIC,40.19,STATIC,126.52,STATIC,170.65,STATIC,106.01,STATIC,173.23,STATIC
135.84833333333333,3259,27.47,STATIC,77.69,STATIC,84.70,STATIC,40.55,STATIC,127.47,STATIC,170.80,STATIC,106.97,STATIC,173.07,STATIC
135.89000000000004,3260,25.79,STATIC,77.73,STATIC,84.76,STATIC,40.47,STATIC,127.62,STATIC,171.03,STATIC,106.49,STATIC,173.09,STATIC
135.93166666666667,3261,22.97,STATIC,77.25,STATIC,84.84,STATIC,40.23,STATIC,127.85,STATIC,170.25,STATIC,104.41,STATIC,173.03,STATIC
135.97333333333333,3262,23.24,STATIC,76.92,STATIC,84.61,STATIC,41.18,STATIC,128.82,STATIC,169.15,STATIC,105.12,STATIC,172.69,STATIC
136.01500000000004,3263,22.77,STATIC,77.65,STATIC,84.57,STATIC,40.46,STATIC,129.27,STATIC,166.62,STATIC,104.84,STATIC,171.84,STATIC
136.05666666666667,3264,22.65,STATIC,78.90,STATIC,84.50,STATIC,39.50,STATIC,129.69,STATIC,165.99,STATIC,106.27,STATIC,171.56,STATIC
136.09833333333333,3265,22.59,STATIC,80.21,STATIC,84.47,STATIC,38.16,STATIC,129.59,STATIC,166.35,STATIC,109.23,STATIC,170.74,STATIC
136.14000000000004,3266,22.08,STATIC,81.00,STATIC,84.49,STATIC,36.37,STATIC,129.78,STATIC,167.65,STATIC,110.52,STATIC,171.14,STATIC
136.18166666666667,3267,22.33,STATIC,81.21,STATIC,84.52,STATIC,36.15,STATIC,129.97,STATIC,170.52,STATIC,113.02,STATIC,173.02,STATIC
136.22333333333333,3268,22.56,STATIC,81.52,STATIC,84.59,STATIC,35.35,STATIC,129.85,STATIC,171.97,STATIC,113.56,STATIC,173.64,STATIC
136.26500000000004,3269,23.85,STATIC,82.87,STATIC,84.74,STATIC,35.17,STATIC,130.04,STATIC,173.08,STATIC,114.94,STATIC,174.13,STATIC
136.30666666666667,3270,25.37,STATIC,84.23,STATIC,84.79,STATIC,34.23,STATIC,130.39,STATIC,172.56,STATIC,115.86,STATIC,174.28,STATIC
136.34833333333333,3271,26.08,STATIC,84.07,STATIC,84.94,STATIC,34.40,STATIC,130.03,STATIC,172.93,STATIC,116.30,STATIC,174.27,STATIC
136.39000000000004,3272,27.79,STATIC,84.45,STATIC,85.08,STATIC,34.62,STATIC,129.47,STATIC,174.31,STATIC,117.39,STATIC,174.63,STATIC
136.43166666666667,3273,27.44,STATIC,82.90,STATIC,85.28,STATIC,35.50,STATIC,129.40,STATIC,174.55,STATIC,118.27,STATIC,175.21,STATIC
136.47333333333333,3274,27.80,STATIC,83.15,STATIC,85.28,STATIC,35.28,STATIC,129.33,STATIC,174.61,STATIC,119.04,STATIC,175.41,STATIC
136.51500000000004,3275,28.19,STATIC,81.74,STATIC,85.28,STATIC,36.01,STATIC,129.23,STATIC,174.43,STATIC,120.34,STATIC,175.59,STATIC
136.55666666666667,3276,29.29,STATIC,81.34,STATIC,85.16,STATIC,36.76,STATIC,129.80,STATIC,174.58,STATIC,120.59,STATIC,175.46,STATIC
136.59833333333333,3277,32.30,STATIC,78.40,STATIC,85.41,STATIC,41.63,STATIC,130.09,STATIC,174.69,STATIC,121.47,STATIC,175.64,STATIC
136.64000000000004,3278,31.64,STATIC,78.86,STATIC,85.13,STATIC,46.04,STATIC,131.34,STATIC,174.91,STATIC,123.09,STATIC,176.04,STATIC
136.68166666666667,3279,31.13,STATIC,78.81,STATIC,85.12,STATIC,45.67,STATIC,131.66,STATIC,174.24,STATIC,124.55,STATIC,176.45,STATIC
136.72333333333333,3280,31.68,STATIC,79.19,STATIC,84.96,STATIC,43.76,STATIC,132.37,STATIC,173.90,STATIC,126.31,STATIC,176.61,STATIC
136.76500000000004,3281,33.98,STATIC,79.40,STATIC,84.94,STATIC,42.01,STATIC,132.19,STATIC,173.24,STATIC,127.49,STATIC,176.73,STATIC
136.80666666666667,3282,33.65,STATIC,79.86,STATIC,84.88,STATIC,40.89,STATIC,132.93,STATIC,173.86,STATIC,127.81,STATIC,176.73,STATIC
136.84833333333333,3283,32.07,STATIC,79.86,STATIC,84.83,STATIC,41.12,STATIC,133.10,STATIC,174.18,STATIC,128.53,STATIC,176.55,STATIC
136.89000000000004,3284,31.78,STATIC,79.76,STATIC,84.77,STATIC,42.08,STATIC,133.36,STATIC,174.11,STATIC,129.09,STATIC,176.48,STATIC
136.93166666666667,3285,31.59,STATIC,79.49,STATIC,84.65,STATIC,44.24,STATIC,134.17,STATIC,174.98,STATIC,130.01,STATIC,176.29,STATIC
136.97333333333333,3286,30.58,STATIC,79.75,STATIC,84.45,STATIC,44.83,STATIC,135.40,STATIC,175.47,STATIC,131.20,STATIC,176.16,STATIC
137.01500000000004,3287,30.01,STATIC,79.62,STATIC,84.32,STATIC,44.86,STATIC,136.14,STATIC,175.65,STATIC,132.35,STATIC,176.02,STATIC
137.05666666666667,3288,28.37,STATIC,79.48,STATIC,84.32,STATIC,45.23,STATIC,136.58,STATIC,176.15,STATIC,133.15,STATIC,175.83,STATIC
137.09833333333333,3289,28.27,STATIC,79.67,STATIC,84.32,STATIC,45.31,STATIC,136.94,STATIC,175.91,STATIC,133.16,STATIC,175.53,STATIC
137.14000000000004,3290,29.77,STATIC,79.36,STATIC,84.54,STATIC,46.21,STATIC,135.82,STATIC,175.99,STATIC,132.88,STATIC,175.49,STATIC
137.18166666666667,3291,29.57,STATIC,80.53,STATIC,84.86,STATIC,44.38,STATIC,134.39,STATIC,175.87,STATIC,132.19,STATIC,175.25,STATIC
137.22333333333333,3292,29.82,STATIC,81.16,STATIC,84.89,STATIC,43.27,STATIC,134.08,STATIC,175.64,STATIC,132.23,STATIC,175.22,STATIC
137.26500000000004,3293,30.17,STATIC,81.59,STATIC,84.84,STATIC,42.66,STATIC,134.02,STATIC,175.60,STATIC,132.56,STATIC,175.42,STATIC
137.30666666666667,3294,30.41,STATIC,81.68,STATIC,84.81,STATIC,42.55,STATIC,133.86,STATIC,175.19,STATIC,132.87,STATIC,175.02,STATIC
137.34833333333333,3295,30.30,STATIC,81.77,STATIC,84.91,STATIC,42.19,STATIC,133.28,STATIC,174.89,STATIC,132.53,STATIC,175.08,STATIC
137.39000000000004,3296,30.58,STATIC,81.51,STATIC,84.94,STATIC,42.05,STATIC,133.23,STATIC,174.69,STATIC,132.24,STATIC,175.24,STATIC
137.43166666666667,3297,29.60,STATIC,82.29,STATIC,84.99,STATIC,40.08,STATIC,133.33,STATIC,174.57,STATIC,132.20,STATIC,175.45,STATIC
137.47333333333333,3298,29.99,STATIC,81.92,STATIC,84.85,STATIC,40.45,STATIC,134.20,STATIC,174.44,STATIC,132.45,STATIC,175.52,STATIC
137.51500000000004,3299,29.96,STATIC,81.86,STATIC,84.83,STATIC,40.36,STATIC,134.22,STATIC,173.80,STATIC,133.22,STATIC,175.60,STATIC
137.55666666666667,3300,29.51,STATIC,81.69,STATIC,84.60,STATIC,40.51,STATIC,134.66,STATIC,173.59,STATIC,134.04,STATIC,175.65,STATIC
137.59833333333333,3301,28.84,STATIC,81.73,STATIC,84.51,STATIC,39.84,STATIC,134.65,STATIC,173.04,STATIC,134.97,STATIC,175.74,STATIC
137.64000000000004,3302,28.76,STATIC,81.45,STATIC,84.49,STATIC,39.86,STATIC,134.69,STATIC,173.22,STATIC,135.78,STATIC,175.76,STATIC
137.68166666666667,3303,27.26,STATIC,81.40,STATIC,84.52,STATIC,39.35,STATIC,135.08,STATIC,173.32,STATIC,136.39,STATIC,175.79,STATIC
137.72333333333333,3304,26.83,STATIC,81.52,STATIC,84.52,STATIC,38.95,STATIC,135.34,STATIC,173.72,STATIC,137.24,STATIC,175.72,STATIC
137.76500000000004,3305,27.55,STATIC,81.46,STATIC,84.54,STATIC,38.89,STATIC,135.60,STATIC,174.17,STATIC,138.03,STATIC,175.73,STATIC
137.80666666666667,3306,28.62,STATIC,82.15,STATIC,84.56,STATIC,37.92,STATIC,135.66,STATIC,173.97,STATIC,138.97,STATIC,175.76,STATIC
137.84833333333333,3307,28.92,STATIC,81.85,STATIC,84.40,STATIC,38.11,STATIC,136.62,STATIC,173.84,STATIC,139.76,STATIC,175.76,STATIC
137.89000000000004,3308,28.66,STATIC,81.63,STATIC,84.39,STATIC,38.11,STATIC,136.84,STATIC,174.02,STATIC,139.98,STATIC,175.68,STATIC
137.93166666666667,3309,28.39,STATIC,80.94,STATIC,84.38,STATIC,38.90,STATIC,137.15,STATIC,174.50,STATIC,140.19,STATIC,175.60,STATIC
137.97500000000002,3310,27.93,STATIC,80.38,STATIC,84.40,STATIC,39.24,STATIC,137.41,STATIC,174.71,STATIC,140.44,STATIC,175.44,STATIC
138.01666666666668,3311,28.18,STATIC,79.67,STATIC,84.36,STATIC,40.39,STATIC,138.16,STATIC,175.08,STATIC,140.28,STATIC,175.28,STATIC
138.05833333333334,3312,27.98,STATIC,79.19,STATIC,84.41,STATIC,41.19,STATIC,138.08,STATIC,175.27,STATIC,140.03,STATIC,175.12,STATIC
138.10000000000002,3313,28.31,STATIC,78.92,STATIC,84.49,STATIC,41.91,STATIC,137.95,STATIC,175.30,STATIC,139.57,STATIC,175.02,STATIC
138.14166666666668,3314,28.96,STATIC,79.05,STATIC,84.54,STATIC,42.09,STATIC,137.93,STATIC,175.48,STATIC,139.27,STATIC,174.98,STATIC
138.18333333333334,3315,29.18,STATIC,79.32,STATIC,84.53,STATIC,41.88,STATIC,138.01,STATIC,175.66,STATIC,139.19,STATIC,174.97,STATIC
138.22500000000002,3316,28.37,STATIC,79.43,STATIC,84.48,STATIC,41.80,STATIC,138.14,STATIC,175.88,STATIC,138.98,STATIC,174.85,STATIC
138.26666666666668,3317,27.59,STATIC,79.33,STATIC,84.50,STATIC,41.97,STATIC,138.19,STATIC,175.88,STATIC,138.03,STATIC,174.72,STATIC
138.30833333333334,3318,26.96,STATIC,78.97,STATIC,84.46,STATIC,41.83,STATIC,138.29,STATIC,175.73,STATIC,138.23,STATIC,174.56,STATIC
138.35000000000002,3319,26.34,STATIC,78.82,STATIC,84.40,STATIC,41.99,STATIC,138.43,STATIC,175.59,STATIC,138.20,STATIC,174.57,STATIC
138.39166666666668,3320,25.52,STATIC,78.96,STATIC,84.46,STATIC,42.13,STATIC,138.73,STATIC,175.03,STATIC,136.98,STATIC,174.47,STATIC
138.43333333333334,3321,24.71,STATIC,79.30,STATIC,84.43,STATIC,41.31,STATIC,138.72,STATIC,175.08,STATIC,137.59,STATIC,174.52,STATIC
138.47500000000002,3322,24.68,STATIC,78.74,STATIC,84.33,STATIC,42.61,STATIC,138.85,STATIC,173.38,STATIC,137.46,STATIC,174.24,STATIC
138.51666666666668,3323,23.68,STATIC,77.78,STATIC,84.21,STATIC,44.81,STATIC,139.15,STATIC,173.09,STATIC,137.78,STATIC,174.08,STATIC
138.55833333333334,3324,25.24,STATIC,76.94,STATIC,84.21,STATIC,45.92,STATIC,139.23,STATIC,173.27,STATIC,136.38,STATIC,174.10,STATIC
138.60000000000002,3325,26.23,STATIC,76.82,STATIC,84.12,STATIC,46.36,STATIC,139.29,STATIC,172.28,STATIC,135.45,STATIC,173.78,STATIC
138.64166666666668,3326,25.43,STATIC,76.20,STATIC,84.09,STATIC,47.07,STATIC,139.09,STATIC,169.45,STATIC,135.00,STATIC,172.97,STATIC
138.68333333333334,3327,24.97,STATIC,75.66,STATIC,84.11,STATIC,47.32,STATIC,138.91,STATIC,168.90,STATIC,134.03,STATIC,173.00,STATIC
138.72500000000002,3328,25.76,STATIC,75.53,STATIC,84.01,STATIC,47.39,STATIC,138.80,STATIC,169.41,STATIC,133.73,STATIC,172.79,STATIC
138.76666666666668,3329,24.05,STATIC,75.83,STATIC,84.29,STATIC,46.78,STATIC,137.73,STATIC,169.31,STATIC,133.46,STATIC,172.85,STATIC
138.80833333333334,3330,23.52,STATIC,76.52,STATIC,84.32,STATIC,46.44,STATIC,137.63,STATIC,169.07,STATIC,133.36,STATIC,172.77,STATIC
138.85000000000002,3331,23.14,STATIC,77.40,STATIC,84.31,STATIC,45.71,STATIC,137.62,STATIC,169.19,STATIC,133.81,STATIC,173.24,STATIC
138.89166666666668,3332,22.78,STATIC,77.84,STATIC,84.30,STATIC,45.65,STATIC,137.99,STATIC,169.54,STATIC,133.74,STATIC,173.22,STATIC
138.93333333333334,3333,22.85,STATIC,78.56,STATIC,84.24,STATIC,45.64,STATIC,138.01,STATIC,169.65,STATIC,133.38,STATIC,173.22,STATIC
138.97500000000002,3334,22.20,STATIC,79.65,STATIC,84.22,STATIC,45.26,STATIC,138.36,STATIC,168.14,STATIC,133.12,STATIC,172.77,STATIC
139.01666666666668,3335,20.39,STATIC,80.61,STATIC,84.25,STATIC,43.75,STATIC,138.60,STATIC,168.07,STATIC,133.36,STATIC,172.41,STATIC
139.05833333333334,3336,20.43,STATIC,80.30,STATIC,84.27,STATIC,42.61,STATIC,138.67,STATIC,165.74,STATIC,133.07,STATIC,171.77,STATIC
139.10000000000002,3337,19.65,STATIC,78.42,STATIC,84.25,STATIC,42.54,STATIC,138.75,STATIC,165.22,STATIC,133.01,STATIC,171.96,STATIC
139.14166666666668,3338,19.30,STATIC,77.80,STATIC,84.21,STATIC,42.11,STATIC,138.90,STATIC,165.32,STATIC,133.08,STATIC,171.65,STATIC
139.18333333333334,3339,19.65,STATIC,76.97,STATIC,84.22,STATIC,41.88,STATIC,138.43,STATIC,165.84,STATIC,132.37,STATIC,171.18,STATIC
139.22500000000002,3340,20.94,STATIC,77.34,STATIC,84.28,STATIC,42.11,STATIC,137.90,STATIC,168.29,STATIC,131.87,STATIC,171.70,STATIC
139.26666666666668,3341,21.84,STATIC,78.07,STATIC,84.31,STATIC,41.90,STATIC,137.49,STATIC,168.91,STATIC,131.57,STATIC,171.97,STATIC
139.30833333333334,3342,20.22,STATIC,78.59,STATIC,84.52,STATIC,40.07,STATIC,136.02,STATIC,170.82,STATIC,130.14,STATIC,172.50,STATIC
139.35000000000002,3343,20.09,STATIC,77.24,STATIC,84.98,STATIC,38.84,STATIC,133.52,STATIC,171.76,STATIC,128.69,STATIC,173.06,STATIC
139.39166666666668,3344,19.18,STATIC,76.05,STATIC,85.05,STATIC,38.77,STATIC,132.38,STATIC,171.63,STATIC,125.98,STATIC,172.55,STATIC
139.43333333333334,3345,20.54,STATIC,75.18,STATIC,85.09,STATIC,38.99,STATIC,130.91,STATIC,171.14,STATIC,123.58,STATIC,172.37,STATIC
139.47500000000002,3346,20.09,STATIC,75.48,STATIC,85.04,STATIC,38.69,STATIC,129.29,STATIC,170.60,STATIC,118.44,FLEXION,171.45,STATIC
139.51666666666668,3347,19.51,STATIC,75.83,STATIC,85.04,STATIC,38.71,STATIC,128.35,STATIC,170.30,STATIC,115.54,STATIC,170.95,STATIC
139.55833333333334,3348,20.62,STATIC,77.46,STATIC,85.28,STATIC,36.92,STATIC,126.79,STATIC,169.70,STATIC,113.67,STATIC,170.49,STATIC
139.60000000000002,3349,21.35,STATIC,78.51,STATIC,85.29,STATIC,35.26,STATIC,126.24,STATIC,168.86,STATIC,111.66,STATIC,169.81,STATIC
139.64166666666668,3350,22.05,STATIC,77.91,STATIC,85.32,STATIC,35.24,STATIC,126.66,STATIC,168.78,STATIC,108.91,STATIC,169.24,STATIC
139.68333333333334,3351,22.90,STATIC,77.51,STATIC,85.41,STATIC,35.24,STATIC,125.96,STATIC,168.15,STATIC,107.28,STATIC,168.64,STATIC
139.72500000000002,3352,23.66,STATIC,76.43,STATIC,85.46,STATIC,35.60,STATIC,125.08,STATIC,168.12,STATIC,105.99,STATIC,168.41,STATIC
139.76666666666668,3353,24.77,STATIC,75.25,STATIC,85.51,STATIC,36.41,STATIC,124.74,STATIC,167.81,STATIC,103.67,STATIC,167.90,STATIC
139.80833333333334,3354,26.32,STATIC,74.44,STATIC,85.51,STATIC,36.82,STATIC,123.87,STATIC,167.19,STATIC,101.46,STATIC,167.47,STATIC
139.85000000000002,3355,25.13,STATIC,74.23,STATIC,85.53,STATIC,35.73,STATIC,122.69,STATIC,167.13,STATIC,100.61,STATIC,167.15,STATIC
139.89166666666668,3356,25.56,STATIC,73.06,STATIC,85.59,STATIC,35.97,STATIC,120.72,STATIC,166.68,STATIC,96.61,STATIC,165.66,STATIC
139.93333333333334,3357,26.22,STATIC,71.09,STATIC,85.68,STATIC,37.07,STATIC,119.30,STATIC,166.88,STATIC,92.95,STATIC,164.18,STATIC
139.97500000000002,3358,27.57,STATIC,70.83,STATIC,85.67,STATIC,37.61,STATIC,118.82,STATIC,167.11,STATIC,88.50,STATIC,162.49,STATIC
140.01666666666668,3359,25.16,STATIC,70.18,STATIC,85.64,STATIC,38.70,STATIC,118.43,STATIC,167.66,STATIC,85.45,STATIC,159.64,STATIC
140.05833333333334,3360,25.39,STATIC,68.63,STATIC,85.22,STATIC,40.37,STATIC,117.73,STATIC,167.45,STATIC,81.85,STATIC,155.39,STATIC
140.10000000000002,3361,25.12,STATIC,67.47,STATIC,85.01,STATIC,42.89,STATIC,116.43,STATIC,168.24,STATIC,79.40,STATIC,152.74,STATIC
140.14166666666668,3362,23.11,STATIC,66.81,STATIC,84.84,STATIC,42.36,STATIC,115.13,STATIC,164.69,STATIC,75.58,STATIC,147.56,FLEXION
140.18333333333334,3363,22.49,STATIC,68.95,STATIC,84.70,STATIC,44.91,STATIC,112.71,STATIC,164.93,STATIC,69.20,FLEXION,145.03,STATIC
140.22500000000002,3364,25.01,STATIC,76.87,EXTENSION,84.29,STATIC,50.90,EXTENSION,111.18,STATIC,166.26,STATIC,64.06,FLEXION,145.06,STATIC
140.26666666666668,3365,21.14,STATIC,71.94,STATIC,84.37,STATIC,49.52,STATIC,111.13,STATIC,167.49,STATIC,62.79,STATIC,146.62,STATIC
140.30833333333334,3366,21.86,STATIC,70.40,STATIC,84.40,STATIC,45.67,STATIC,112.00,STATIC,168.71,STATIC,72.27,EXTENSION,151.84,EXTENSION
140.35000000000002,3367,20.17,STATIC,67.96,STATIC,84.58,STATIC,41.07,STATIC,112.42,STATIC,169.72,STATIC,78.79,EXTENSION,156.38,STATIC
140.39166666666668,3368,19.27,STATIC,68.68,STATIC,84.94,STATIC,40.44,STATIC,111.11,STATIC,170.45,STATIC,78.66,STATIC,158.47,STATIC
140.43333333333334,3369,15.89,STATIC,68.11,STATIC,85.16,STATIC,40.64,STATIC,109.04,STATIC,169.87,STATIC,76.00,STATIC,159.82,STATIC
140.47500000000002,3370,15.25,STATIC,67.47,STATIC,85.20,STATIC,40.87,STATIC,107.62,STATIC,168.74,STATIC,71.10,STATIC,159.49,STATIC
140.51666666666668,3371,15.72,STATIC,67.61,STATIC,85.24,STATIC,41.58,STATIC,106.72,STATIC,167.73,STATIC,69.58,STATIC,158.07,STATIC
140.55833333333334,3372,15.51,STATIC,67.13,STATIC,85.15,STATIC,38.85,STATIC,106.25,STATIC,167.88,STATIC,68.04,STATIC,158.03,STATIC
140.60000000000002,3373,13.59,STATIC,67.69,STATIC,85.09,STATIC,36.40,STATIC,106.22,STATIC,167.99,STATIC,66.29,STATIC,158.08,STATIC
140.64166666666668,3374,12.50,STATIC,66.94,STATIC,84.90,STATIC,35.54,STATIC,105.88,STATIC,167.15,STATIC,66.29,STATIC,157.49,STATIC
140.68333333333334,3375,14.84,STATIC,69.13,STATIC,84.73,STATIC,32.05,STATIC,105.52,STATIC,165.91,STATIC,65.08,STATIC,155.58,STATIC
140.72500000000002,3376,16.63,STATIC,69.35,STATIC,84.57,STATIC,31.49,STATIC,105.08,STATIC,164.68,STATIC,63.98,STATIC,153.32,STATIC
140.76666666666668,3377,20.58,STATIC,69.11,STATIC,84.41,STATIC,33.00,STATIC,104.88,STATIC,163.85,STATIC,64.39,STATIC,151.89,STATIC
140.80833333333334,3378,18.91,STATIC,70.48,STATIC,84.32,STATIC,32.06,STATIC,105.21,STATIC,164.03,STATIC,66.45,STATIC,152.71,STATIC
140.85000000000002,3379,19.45,STATIC,71.19,STATIC,84.38,STATIC,31.90,STATIC,105.24,STATIC,164.34,STATIC,67.71,STATIC,153.33,STATIC
140.89166666666668,3380,23.68,STATIC,72.39,STATIC,84.21,STATIC,31.85,STATIC,105.59,STATIC,164.06,STATIC,66.94,STATIC,152.75,STATIC
140.93333333333334,3381,26.10,STATIC,72.30,STATIC,84.08,STATIC,32.38,STATIC,105.63,STATIC,163.77,STATIC,66.12,STATIC,152.18,STATIC
140.97500000000002,3382,24.32,STATIC,74.02,STATIC,84.05,STATIC,29.97,STATIC,105.84,STATIC,164.15,STATIC,67.23,STATIC,153.33,STATIC
141.01666666666668,3383,24.50,STATIC,73.32,STATIC,84.07,STATIC,30.14,STATIC,105.72,STATIC,164.13,STATIC,68.59,STATIC,153.99,STATIC
141.05833333333334,3384,26.94,STATIC,73.08,STATIC,84.07,STATIC,29.96,STATIC,106.04,STATIC,164.80,STATIC,70.84,STATIC,154.91,STATIC
141.10000000000002,3385,25.11,STATIC,74.66,STATIC,84.10,STATIC,28.21,STATIC,106.75,STATIC,165.46,STATIC,72.74,STATIC,156.24,STATIC
141.14166666666668,3386,25.12,STATIC,75.13,STATIC,84.16,STATIC,27.35,STATIC,107.23,STATIC,166.02,STATIC,75.07,STATIC,157.50,STATIC
141.18333333333334,3387,26.67,STATIC,74.25,STATIC,84.23,STATIC,27.92,STATIC,107.65,STATIC,166.17,STATIC,77.33,STATIC,159.03,STATIC
141.22500000000002,3388,28.25,STATIC,73.43,STATIC,84.28,STATIC,28.62,STATIC,107.96,STATIC,166.84,STATIC,79.33,STATIC,159.68,STATIC
141.26666666666668,3389,27.57,STATIC,73.62,STATIC,84.36,STATIC,27.58,STATIC,108.47,STATIC,167.01,STATIC,81.77,STATIC,160.58,STATIC
141.30833333333334,3390,27.95,STATIC,74.63,STATIC,84.36,STATIC,27.50,STATIC,109.26,STATIC,167.85,STATIC,84.70,STATIC,161.73,STATIC
141.35000000000002,3391,29.06,STATIC,77.21,STATIC,84.39,STATIC,26.62,STATIC,110.09,STATIC,168.43,STATIC,87.55,STATIC,162.83,STATIC
141.39166666666668,3392,31.13,STATIC,78.05,STATIC,84.41,STATIC,26.49,STATIC,110.93,STATIC,168.91,STATIC,90.14,STATIC,163.77,STATIC
141.43333333333334,3393,33.45,STATIC,79.71,STATIC,84.47,STATIC,25.51,STATIC,111.77,STATIC,169.62,STATIC,91.90,STATIC,164.47,STATIC
141.47500000000002,3394,34.76,STATIC,80.41,STATIC,84.48,STATIC,25.14,STATIC,112.66,STATIC,169.88,STATIC,93.41,STATIC,165.10,STATIC
141.51666666666668,3395,35.76,STATIC,80.88,STATIC,84.50,STATIC,25.73,STATIC,113.33,STATIC,170.26,STATIC,95.36,STATIC,165.58,STATIC
141.55833333333334,3396,37.24,STATIC,83.34,STATIC,84.47,STATIC,25.14,STATIC,114.14,STATIC,170.51,STATIC,97.49,STATIC,166.40,STATIC
141.60000000000002,3397,38.97,STATIC,83.42,STATIC,84.53,STATIC,25.63,STATIC,114.40,STATIC,170.37,STATIC,98.50,STATIC,166.57,STATIC
141.64166666666668,3398,39.60,STATIC,84.95,STATIC,84.55,STATIC,25.65,STATIC,114.79,STATIC,170.55,STATIC,99.82,STATIC,166.59,STATIC
141.68333333333334,3399,41.16,STATIC,86.25,STATIC,84.58,STATIC,25.29,STATIC,115.28,STATIC,170.88,STATIC,101.67,STATIC,166.69,STATIC
141.72500000000002,3400,43.21,STATIC,86.42,STATIC,84.59,STATIC,25.35,STATIC,115.66,STATIC,170.75,STATIC,103.74,STATIC,167.20,STATIC
141.76666666666668,3401,42.60,STATIC,86.49,STATIC,84.61,STATIC,25.84,STATIC,116.24,STATIC,170.97,STATIC,105.41,STATIC,167.71,STATIC
141.80833333333334,3402,43.73,STATIC,84.59,STATIC,84.69,STATIC,26.95,STATIC,115.73,STATIC,170.94,STATIC,106.26,STATIC,167.99,STATIC
141.85000000000002,3403,45.14,STATIC,76.45,FLEXION,84.86,STATIC,32.32,EXTENSION,115.06,STATIC,170.59,STATIC,105.41,STATIC,167.80,STATIC
141.89166666666668,3404,45.48,STATIC,74.47,STATIC,85.06,STATIC,33.87,STATIC,114.97,STATIC,170.45,STATIC,104.28,STATIC,167.63,STATIC
141.93333333333334,3405,46.45,STATIC,71.24,STATIC,85.25,STATIC,35.92,STATIC,114.58,STATIC,170.21,STATIC,104.49,STATIC,167.57,STATIC
141.9766666666667,3406,48.45,STATIC,70.95,STATIC,85.23,STATIC,36.76,STATIC,114.12,STATIC,169.93,STATIC,104.33,STATIC,167.64,STATIC
142.01833333333335,3407,48.00,STATIC,72.64,STATIC,85.21,STATIC,36.10,STATIC,114.19,STATIC,170.20,STATIC,104.28,STATIC,167.39,STATIC
142.06,3408,48.39,STATIC,75.21,STATIC,85.22,STATIC,33.97,STATIC,114.23,STATIC,170.25,STATIC,104.70,STATIC,167.35,STATIC
142.1016666666667,3409,50.00,STATIC,77.39,STATIC,85.23,STATIC,34.19,STATIC,114.58,STATIC,170.28,STATIC,105.79,STATIC,167.62,STATIC
142.14333333333335,3410,50.10,STATIC,77.95,STATIC,85.23,STATIC,34.90,STATIC,114.86,STATIC,170.50,STATIC,106.85,STATIC,167.92,STATIC
142.185,3411,50.39,STATIC,77.86,STATIC,85.18,STATIC,35.40,STATIC,115.01,STATIC,170.62,STATIC,107.36,STATIC,167.95,STATIC
142.2266666666667,3412,49.94,STATIC,78.04,STATIC,85.09,STATIC,35.55,STATIC,114.99,STATIC,170.74,STATIC,108.23,STATIC,168.34,STATIC
142.26833333333335,3413,48.67,STATIC,80.65,STATIC,85.02,STATIC,34.27,STATIC,115.29,STATIC,170.89,STATIC,109.59,STATIC,168.49,STATIC
142.31,3414,48.30,STATIC,80.67,STATIC,85.02,STATIC,34.70,STATIC,115.32,STATIC,171.07,STATIC,109.55,STATIC,168.77,STATIC
142.3516666666667,3415,47.90,STATIC,78.61,STATIC,85.05,STATIC,35.64,STATIC,115.22,STATIC,170.90,STATIC,107.36,STATIC,168.41,STATIC
142.39333333333335,3416,47.44,STATIC,76.97,STATIC,85.09,STATIC,36.04,STATIC,114.70,STATIC,171.37,STATIC,105.19,STATIC,168.25,STATIC
142.435,3417,46.95,STATIC,74.06,STATIC,85.13,STATIC,37.65,STATIC,113.76,STATIC,171.83,STATIC,102.21,STATIC,168.34,STATIC
142.4766666666667,3418,46.78,STATIC,73.52,STATIC,85.15,STATIC,37.64,STATIC,113.19,STATIC,172.39,STATIC,99.67,STATIC,168.07,STATIC
142.51833333333335,3419,46.71,STATIC,70.98,STATIC,85.19,STATIC,38.98,STATIC,112.36,STATIC,172.63,STATIC,96.24,STATIC,167.89,STATIC
142.56,3420,45.90,STATIC,67.89,STATIC,85.21,STATIC,40.53,STATIC,111.77,STATIC,172.75,STATIC,93.78,STATIC,167.85,STATIC
142.6016666666667,3421,45.77,STATIC,67.42,STATIC,85.23,STATIC,39.95,STATIC,111.42,STATIC,172.94,STATIC,93.24,STATIC,167.72,STATIC
142.64333333333335,3422,46.11,STATIC,66.05,STATIC,85.18,STATIC,40.65,STATIC,111.12,STATIC,172.91,STATIC,92.73,STATIC,168.04,STATIC
142.685,3423,45.60,STATIC,64.94,STATIC,85.14,STATIC,42.34,STATIC,110.94,STATIC,173.01,STATIC,91.57,STATIC,168.05,STATIC
142.7266666666667,3424,45.65,STATIC,65.43,STATIC,85.15,STATIC,42.52,STATIC,110.57,STATIC,173.16,STATIC,89.86,STATIC,167.96,STATIC
142.76833333333335,3425,48.87,STATIC,64.69,STATIC,85.27,STATIC,43.89,STATIC,110.09,STATIC,173.39,STATIC,87.59,STATIC,167.91,STATIC
142.81,3426,47.54,STATIC,65.34,STATIC,85.28,STATIC,44.00,STATIC,109.67,STATIC,173.40,STATIC,85.49,STATIC,167.92,STATIC
142.8516666666667,3427,46.89,STATIC,65.69,STATIC,85.43,STATIC,45.57,STATIC,109.08,STATIC,173.25,STATIC,82.73,STATIC,167.71,STATIC
142.89333333333335,3428,47.39,STATIC,66.62,STATIC,85.51,STATIC,45.78,STATIC,108.68,STATIC,173.13,STATIC,80.28,STATIC,167.54,STATIC
142.935,3429,47.50,STATIC,67.25,STATIC,85.52,STATIC,46.52,STATIC,108.27,STATIC,172.92,STATIC,78.36,STATIC,167.39,STATIC
142.9766666666667,3430,47.17,STATIC,65.78,STATIC,85.54,STATIC,47.14,STATIC,107.92,STATIC,172.85,STATIC,77.80,STATIC,167.29,STATIC
143.01833333333335,3431,45.32,STATIC,66.40,STATIC,85.65,STATIC,47.53,STATIC,107.66,STATIC,172.68,STATIC,75.31,STATIC,166.99,STATIC
143.06,3432,53.23,EXTENSION,66.31,STATIC,86.24,STATIC,49.17,STATIC,107.19,STATIC,172.27,STATIC,73.05,STATIC,166.44,STATIC
143.1016666666667,3433,54.68,STATIC,67.35,STATIC,86.96,STATIC,50.78,STATIC,106.80,STATIC,171.91,STATIC,72.66,STATIC,165.79,STATIC
143.14333333333335,3434,51.24,STATIC,68.28,STATIC,86.80,STATIC,51.76,STATIC,106.53,STATIC,171.64,STATIC,72.17,STATIC,165.13,STATIC
143.185,3435,49.09,STATIC,69.61,STATIC,86.75,STATIC,53.10,STATIC,106.22,STATIC,171.06,STATIC,71.06,STATIC,164.25,STATIC
143.2266666666667,3436,47.14,STATIC,70.17,STATIC,86.79,STATIC,53.73,STATIC,106.08,STATIC,170.31,STATIC,69.85,STATIC,163.20,STATIC
143.26833333333335,3437,44.71,STATIC,68.81,STATIC,86.75,STATIC,55.19,STATIC,105.65,STATIC,169.89,STATIC,69.03,STATIC,162.32,STATIC
143.31,3438,42.17,STATIC,68.07,STATIC,86.76,STATIC,55.85,STATIC,105.18,STATIC,169.17,STATIC,66.84,STATIC,161.30,STATIC
143.3516666666667,3439,42.09,STATIC,67.02,STATIC,86.75,STATIC,58.32,STATIC,104.85,STATIC,168.53,STATIC,64.73,STATIC,160.20,STATIC
143.39333333333335,3440,42.53,STATIC,66.17,STATIC,86.88,STATIC,59.42,STATIC,104.70,STATIC,168.27,STATIC,64.51,STATIC,159.55,STATIC
143.435,3441,40.72,STATIC,65.82,STATIC,86.84,STATIC,59.62,STATIC,104.58,STATIC,167.97,STATIC,63.60,STATIC,159.11,STATIC
143.4766666666667,3442,40.02,STATIC,65.41,STATIC,86.82,STATIC,59.56,STATIC,104.48,STATIC,167.72,STATIC,63.03,STATIC,158.61,STATIC
143.51833333333335,3443,37.15,STATIC,65.26,STATIC,86.80,STATIC,59.64,STATIC,104.37,STATIC,167.22,STATIC,61.86,STATIC,157.87,STATIC
143.56,3444,36.05,STATIC,65.17,STATIC,86.77,STATIC,60.29,STATIC,104.32,STATIC,166.84,STATIC,61.18,STATIC,157.17,STATIC
143.6016666666667,3445,36.08,STATIC,65.36,STATIC,86.78,STATIC,60.22,STATIC,104.33,STATIC,166.34,STATIC,60.63,STATIC,156.42,STATIC
143.64333333333335,3446,37.62,STATIC,65.24,STATIC,86.81,STATIC,60.11,STATIC,104.34,STATIC,166.04,STATIC,60.46,STATIC,155.84,STATIC
143.685,3447,38.18,STATIC,65.64,STATIC,86.88,STATIC,60.18,STATIC,104.46,STATIC,165.22,STATIC,60.59,STATIC,155.39,STATIC
143.7266666666667,3448,36.81,STATIC,66.83,STATIC,86.85,STATIC,60.33,STATIC,104.53,STATIC,164.24,STATIC,59.56,STATIC,154.62,STATIC
143.76833333333335,3449,37.41,STATIC,66.48,STATIC,87.05,STATIC,59.32,STATIC,104.49,STATIC,164.48,STATIC,60.14,STATIC,154.55,STATIC
143.81,3450,34.63,STATIC,65.07,STATIC,86.99,STATIC,56.50,STATIC,104.48,STATIC,165.79,STATIC,61.95,STATIC,155.26,STATIC
143.8516666666667,3451,34.73,STATIC,67.82,STATIC,87.02,STATIC,55.69,STATIC,104.37,STATIC,165.54,STATIC,61.26,STATIC,155.29,STATIC
143.89333333333335,3452,31.08,STATIC,71.16,STATIC,86.93,STATIC,55.89,STATIC,104.19,STATIC,165.56,STATIC,61.04,STATIC,155.56,STATIC
143.935,3453,29.24,STATIC,71.63,STATIC,86.79,STATIC,53.27,STATIC,104.21,STATIC,166.19,STATIC,60.39,STATIC,155.85,STATIC
143.9766666666667,3454,33.93,STATIC,74.70,STATIC,86.04,STATIC,52.09,STATIC,104.12,STATIC,166.51,STATIC,59.69,STATIC,156.00,STATIC
144.01833333333335,3455,39.47,EXTENSION,77.01,STATIC,85.45,STATIC,51.06,STATIC,104.09,STATIC,166.93,STATIC,59.32,STATIC,156.51,STATIC
144.06,3456,39.55,STATIC,79.48,STATIC,85.14,STATIC,48.35,STATIC,104.01,STATIC,166.81,STATIC,59.22,STATIC,156.82,STATIC
144.1016666666667,3457,42.01,STATIC,87.22,EXTENSION,85.01,STATIC,43.14,FLEXION,104.15,STATIC,167.00,STATIC,59.51,STATIC,156.86,STATIC
144.14333333333335,3458,40.80,STATIC,93.66,EXTENSION,85.05,STATIC,43.91,STATIC,104.14,STATIC,166.99,STATIC,60.88,STATIC,157.92,STATIC
144.185,3459,42.46,STATIC,96.55,STATIC,85.12,STATIC,43.33,STATIC,104.15,STATIC,167.22,STATIC,61.06,STATIC,158.06,STATIC
144.2266666666667,3460,42.56,STATIC,100.43,STATIC,85.11,STATIC,43.59,STATIC,104.20,STATIC,167.44,STATIC,61.59,STATIC,158.77,STATIC
144.26833333333335,3461,41.96,STATIC,101.35,STATIC,85.06,STATIC,44.66,STATIC,104.34,STATIC,167.96,STATIC,62.57,STATIC,159.46,STATIC
144.31,3462,39.69,STATIC,100.69,STATIC,85.02,STATIC,42.79,STATIC,104.48,STATIC,168.37,STATIC,63.26,STATIC,160.08,STATIC
144.3516666666667,3463,38.90,STATIC,102.12,STATIC,84.98,STATIC,41.75,STATIC,104.52,STATIC,168.46,STATIC,64.09,STATIC,160.84,STATIC
144.39333333333335,3464,38.83,STATIC,102.94,STATIC,84.89,STATIC,41.06,STATIC,104.65,STATIC,168.54,STATIC,65.28,STATIC,161.66,STATIC
144.435,3465,39.71,STATIC,101.89,STATIC,84.82,STATIC,40.84,STATIC,104.71,STATIC,168.41,STATIC,66.01,STATIC,162.33,STATIC
144.4766666666667,3466,39.63,STATIC,100.47,STATIC,84.77,STATIC,40.35,STATIC,104.74,STATIC,168.61,STATIC,66.22,STATIC,162.73,STATIC
144.51833333333335,3467,40.14,STATIC,100.36,STATIC,84.70,STATIC,41.40,STATIC,104.87,STATIC,169.71,STATIC,66.98,STATIC,163.24,STATIC
144.56,3468,39.20,STATIC,99.74,STATIC,84.74,STATIC,43.25,STATIC,105.02,STATIC,170.24,STATIC,68.30,STATIC,164.04,STATIC
144.6016666666667,3469,38.34,STATIC,97.59,STATIC,84.66,STATIC,42.35,STATIC,105.17,STATIC,170.36,STATIC,69.41,STATIC,164.61,STATIC
144.64333333333335,3470,36.81,STATIC,96.56,STATIC,84.73,STATIC,41.96,STATIC,105.11,STATIC,170.07,STATIC,70.17,STATIC,165.21,STATIC
144.685,3471,33.75,STATIC,95.77,STATIC,84.76,STATIC,42.03,STATIC,105.18,STATIC,170.24,STATIC,70.30,STATIC,165.46,STATIC
144.7266666666667,3472,33.69,STATIC,94.86,STATIC,84.71,STATIC,41.85,STATIC,105.33,STATIC,170.04,STATIC,71.01,STATIC,165.62,STATIC
144.76833333333335,3473,33.23,STATIC,95.39,STATIC,84.70,STATIC,41.89,STATIC,105.56,STATIC,170.02,STATIC,71.74,STATIC,165.80,STATIC
144.81,3474,32.92,STATIC,96.09,STATIC,84.66,STATIC,42.28,STATIC,105.74,STATIC,169.68,STATIC,73.14,STATIC,165.97,STATIC
144.8516666666667,3475,32.71,STATIC,94.50,STATIC,84.63,STATIC,42.17,STATIC,105.95,STATIC,169.71,STATIC,74.82,STATIC,166.42,STATIC
144.89333333333335,3476,32.47,STATIC,93.91,STATIC,84.62,STATIC,41.30,STATIC,106.02,STATIC,169.40,STATIC,74.83,STATIC,166.41,STATIC
144.935,3477,33.71,STATIC,92.91,STATIC,84.65,STATIC,41.17,STATIC,105.97,STATIC,169.19,STATIC,75.42,STATIC,166.40,STATIC
144.9766666666667,3478,38.71,EXTENSION,90.75,STATIC,84.61,STATIC,39.94,STATIC,105.99,STATIC,169.08,STATIC,77.05,STATIC,166.05,STATIC
145.01833333333335,3479,41.71,STATIC,89.86,STATIC,84.52,STATIC,39.71,STATIC,106.29,STATIC,168.77,STATIC,78.78,STATIC,166.43,STATIC
145.06,3480,42.38,STATIC,90.49,STATIC,84.44,STATIC,39.34,STATIC,106.54,STATIC,168.92,STATIC,80.08,STATIC,166.99,STATIC
145.1016666666667,3481,41.33,STATIC,89.30,STATIC,84.43,STATIC,38.90,STATIC,107.08,STATIC,169.47,STATIC,81.17,STATIC,167.13,STATIC
145.14333333333335,3482,42.40,STATIC,88.52,STATIC,84.40,STATIC,39.48,STATIC,107.99,STATIC,170.15,STATIC,83.51,STATIC,167.12,STATIC
145.185,3483,43.33,STATIC,87.11,STATIC,84.44,STATIC,41.14,STATIC,108.03,STATIC,169.94,STATIC,84.66,STATIC,167.37,STATIC
145.2266666666667,3484,44.46,STATIC,87.34,STATIC,84.53,STATIC,42.34,STATIC,107.99,STATIC,169.95,STATIC,84.58,STATIC,167.25,STATIC
145.26833333333335,3485,44.94,STATIC,87.25,STATIC,84.55,STATIC,41.94,STATIC,107.98,STATIC,169.71,STATIC,84.49,STATIC,167.03,STATIC
145.31,3486,43.63,STATIC,87.75,STATIC,84.57,STATIC,41.24,STATIC,108.05,STATIC,170.14,STATIC,84.09,STATIC,167.57,STATIC
145.3516666666667,3487,40.05,STATIC,87.54,STATIC,84.57,STATIC,41.31,STATIC,108.04,STATIC,170.38,STATIC,83.79,STATIC,167.57,STATIC
145.39333333333335,3488,39.94,STATIC,87.71,STATIC,84.59,STATIC,40.67,STATIC,108.27,STATIC,170.86,STATIC,83.75,STATIC,167.44,STATIC
145.435,3489,41.23,STATIC,86.34,STATIC,84.60,STATIC,39.41,STATIC,108.42,STATIC,171.00,STATIC,83.73,STATIC,167.49,STATIC
145.4766666666667,3490,42.89,STATIC,85.72,STATIC,84.62,STATIC,39.19,STATIC,108.80,STATIC,171.11,STATIC,84.69,STATIC,167.55,STATIC
145.51833333333335,3491,43.50,STATIC,84.63,STATIC,84.67,STATIC,37.23,STATIC,108.93,STATIC,171.30,STATIC,85.21,STATIC,167.54,STATIC
145.56,3492,44.49,STATIC,82.55,STATIC,84.74,STATIC,37.12,STATIC,109.21,STATIC,170.79,STATIC,86.44,STATIC,167.92,STATIC
145.6016666666667,3493,48.35,STATIC,80.08,STATIC,84.87,STATIC,37.66,STATIC,109.44,STATIC,169.83,STATIC,86.61,STATIC,167.44,STATIC
145.64333333333335,3494,52.25,STATIC,80.05,STATIC,85.08,STATIC,35.92,STATIC,109.61,STATIC,169.61,STATIC,87.89,STATIC,167.52,STATIC
145.685,3495,53.92,STATIC,82.04,STATIC,85.17,STATIC,31.46,STATIC,110.40,STATIC,168.85,STATIC,90.59,STATIC,167.14,STATIC
145.7266666666667,3496,52.91,STATIC,82.66,STATIC,85.15,STATIC,28.78,STATIC,111.13,STATIC,168.46,STATIC,92.69,STATIC,165.61,STATIC
145.76833333333335,3497,58.91,EXTENSION,82.68,STATIC,85.16,STATIC,26.80,STATIC,111.70,STATIC,168.15,STATIC,94.67,STATIC,165.01,STATIC
145.81,3498,66.03,EXTENSION,82.30,STATIC,84.54,STATIC,24.50,STATIC,113.18,STATIC,168.29,STATIC,99.55,STATIC,165.64,STATIC
145.8516666666667,3499,71.87,EXTENSION,78.92,STATIC,84.50,STATIC,25.68,STATIC,114.48,STATIC,169.45,STATIC,102.16,STATIC,164.70,STATIC
145.89333333333335,3500,75.05,STATIC,83.14,STATIC,84.47,STATIC,21.21,STATIC,115.55,STATIC,169.26,STATIC,106.00,STATIC,165.27,STATIC
145.935,3501,79.71,STATIC,81.30,STATIC,84.91,STATIC,21.92,STATIC,116.23,STATIC,169.74,STATIC,109.78,STATIC,165.84,STATIC
145.97833333333335,3502,82.93,STATIC,87.59,EXTENSION,84.94,STATIC,16.57,FLEXION,117.47,STATIC,168.74,STATIC,114.24,STATIC,166.30,STATIC
146.02,3503,85.61,STATIC,92.52,STATIC,85.21,STATIC,11.25,FLEXION,118.71,STATIC,167.26,STATIC,117.81,STATIC,163.27,STATIC
146.06166666666667,3504,86.31,STATIC,94.49,STATIC,85.18,STATIC,10.00,STATIC,120.32,STATIC,166.86,STATIC,121.64,STATIC,160.08,STATIC
146.10333333333335,3505,88.25,STATIC,101.50,EXTENSION,84.71,STATIC,10.97,STATIC,123.94,STATIC,165.20,STATIC,125.29,STATIC,162.53,STATIC
146.145,3506,89.46,STATIC,103.57,STATIC,84.59,STATIC,13.17,STATIC,125.49,STATIC,163.77,STATIC,127.03,STATIC,161.64,STATIC
146.18666666666667,3507,91.56,STATIC,107.13,STATIC,84.31,STATIC,14.98,STATIC,128.90,STATIC,161.73,STATIC,129.74,STATIC,165.42,STATIC
146.22833333333335,3508,93.61,STATIC,110.38,STATIC,83.97,STATIC,16.49,STATIC,131.01,STATIC,160.27,STATIC,132.62,STATIC,167.32,STATIC
146.27,3509,95.06,STATIC,109.64,STATIC,84.07,STATIC,18.76,STATIC,130.19,STATIC,159.40,STATIC,134.33,STATIC,168.60,STATIC
146.31166666666667,3510,95.86,STATIC,113.47,STATIC,84.59,STATIC,21.14,STATIC,130.00,STATIC,160.51,STATIC,135.36,STATIC,169.61,STATIC
146.35333333333335,3511,96.89,STATIC,115.64,STATIC,84.53,STATIC,23.43,STATIC,131.36,STATIC,159.95,STATIC,136.80,STATIC,171.65,STATIC
146.395,3512,98.67,STATIC,120.01,STATIC,84.70,STATIC,27.35,STATIC,131.53,STATIC,160.97,STATIC,136.83,STATIC,171.75,STATIC
146.43666666666667,3513,99.09,STATIC,122.26,STATIC,84.96,STATIC,29.89,STATIC,132.01,STATIC,164.57,STATIC,135.75,STATIC,169.64,STATIC
146.47833333333335,3514,99.95,STATIC,124.91,STATIC,84.81,STATIC,33.59,STATIC,133.26,STATIC,166.78,STATIC,135.87,STATIC,171.25,STATIC
146.52,3515,100.29,STATIC,125.74,STATIC,85.23,STATIC,35.12,STATIC,129.54,STATIC,168.18,STATIC,136.45,STATIC,172.76,STATIC
146.56166666666667,3516,99.80,STATIC,126.15,STATIC,85.26,STATIC,35.40,STATIC,130.24,STATIC,167.12,STATIC,136.70,STATIC,173.02,STATIC
146.60333333333335,3517,99.68,STATIC,126.25,STATIC,85.40,STATIC,35.29,STATIC,129.94,STATIC,168.28,STATIC,136.93,STATIC,173.11,STATIC
146.645,3518,100.05,STATIC,125.12,STATIC,85.11,STATIC,34.88,STATIC,130.04,STATIC,168.04,STATIC,137.48,STATIC,172.64,STATIC
146.68666666666667,3519,99.65,STATIC,124.31,STATIC,85.18,STATIC,33.95,STATIC,128.39,STATIC,169.13,STATIC,137.79,STATIC,172.59,STATIC
146.72833333333335,3520,99.45,STATIC,122.87,STATIC,85.00,STATIC,32.85,STATIC,128.80,STATIC,168.70,STATIC,138.21,STATIC,172.66,STATIC
146.77,3521,99.19,STATIC,121.25,STATIC,84.91,STATIC,32.24,STATIC,128.90,STATIC,167.49,STATIC,139.31,STATIC,172.62,STATIC
146.81166666666667,3522,99.08,STATIC,121.48,STATIC,85.31,STATIC,32.15,STATIC,127.27,STATIC,167.32,STATIC,140.19,STATIC,173.33,STATIC
146.85333333333335,3523,98.43,STATIC,120.57,STATIC,85.24,STATIC,31.95,STATIC,126.26,STATIC,162.16,FLEXION,144.02,STATIC,173.05,STATIC
146.895,3524,98.25,STATIC,119.40,STATIC,85.44,STATIC,35.49,STATIC,124.06,STATIC,162.97,STATIC,144.24,STATIC,170.81,STATIC
146.93666666666667,3525,99.39,STATIC,120.40,STATIC,84.93,STATIC,35.88,STATIC,124.89,STATIC,161.90,STATIC,145.18,STATIC,172.03,STATIC
146.97833333333335,3526,100.19,STATIC,122.82,STATIC,84.96,STATIC,36.06,STATIC,125.87,STATIC,163.20,STATIC,143.70,STATIC,171.35,STATIC
147.02,3527,102.19,STATIC,125.61,STATIC,85.09,STATIC,34.37,STATIC,125.20,STATIC,165.06,STATIC,142.53,STATIC,169.84,STATIC
147.06166666666667,3528,102.46,STATIC,127.62,STATIC,85.06,STATIC,32.74,STATIC,124.75,STATIC,163.63,STATIC,142.76,STATIC,171.41,STATIC
147.10333333333335,3529,102.79,STATIC,129.46,STATIC,84.77,STATIC,32.51,STATIC,125.80,STATIC,163.74,STATIC,141.43,STATIC,172.35,STATIC
147.145,3530,102.74,STATIC,131.38,STATIC,84.67,STATIC,32.98,STATIC,127.91,STATIC,167.01,STATIC,137.61,STATIC,172.88,STATIC
147.18666666666667,3531,104.20,STATIC,133.48,STATIC,84.54,STATIC,30.92,STATIC,128.82,STATIC,166.22,STATIC,135.58,STATIC,172.34,STATIC
147.22833333333335,3532,105.26,STATIC,133.80,STATIC,84.62,STATIC,32.55,STATIC,129.00,STATIC,165.67,STATIC,135.64,STATIC,171.83,STATIC
147.27,3533,105.64,STATIC,134.26,STATIC,84.48,STATIC,33.03,STATIC,129.63,STATIC,165.50,STATIC,135.90,STATIC,171.34,STATIC
147.31166666666667,3534,106.84,STATIC,133.54,STATIC,84.50,STATIC,31.21,STATIC,129.55,STATIC,164.55,STATIC,134.87,STATIC,169.03,STATIC
147.35333333333335,3535,108.56,STATIC,134.10,STATIC,84.39,STATIC,29.20,STATIC,130.26,STATIC,163.78,STATIC,130.71,STATIC,167.89,STATIC
147.395,3536,111.95,STATIC,134.17,STATIC,84.31,STATIC,28.30,STATIC,128.59,STATIC,163.98,STATIC,126.84,STATIC,167.12,STATIC
147.43666666666667,3537,115.31,STATIC,134.66,STATIC,84.26,STATIC,28.68,STATIC,128.37,STATIC,164.03,STATIC,122.26,STATIC,166.39,STATIC
147.47833333333335,3538,117.00,STATIC,134.96,STATIC,84.20,STATIC,30.64,STATIC,128.01,STATIC,164.94,STATIC,120.57,STATIC,165.29,STATIC
147.52,3539,118.17,STATIC,134.99,STATIC,84.17,STATIC,30.10,STATIC,126.97,STATIC,165.29,STATIC,120.33,STATIC,164.15,STATIC
147.56166666666667,3540,118.01,STATIC,136.01,STATIC,84.11,STATIC,29.39,STATIC,126.64,STATIC,162.91,STATIC,121.88,STATIC,163.24,STATIC
147.60333333333335,3541,117.26,STATIC,137.16,STATIC,84.11,STATIC,29.10,STATIC,125.72,STATIC,162.96,STATIC,120.90,STATIC,161.40,STATIC
147.645,3542,116.06,STATIC,137.95,STATIC,84.14,STATIC,30.10,STATIC,125.54,STATIC,161.37,STATIC,120.25,STATIC,161.64,STATIC
147.68666666666667,3543,116.67,STATIC,137.26,STATIC,84.11,STATIC,29.62,STATIC,125.30,STATIC,161.12,STATIC,119.50,STATIC,163.01,STATIC
147.72833333333335,3544,115.55,STATIC,137.01,STATIC,84.11,STATIC,29.69,STATIC,124.54,STATIC,160.48,STATIC,118.54,STATIC,164.30,STATIC
147.77,3545,116.49,STATIC,135.95,STATIC,84.18,STATIC,29.26,STATIC,123.04,STATIC,160.72,STATIC,114.67,STATIC,163.18,STATIC
147.81166666666667,3546,116.93,STATIC,133.11,STATIC,84.27,STATIC,28.61,STATIC,120.54,STATIC,164.96,STATIC,107.34,FLEXION,165.87,STATIC
147.85333333333335,3547,116.77,STATIC,132.00,STATIC,84.19,STATIC,28.28,STATIC,119.22,STATIC,166.81,STATIC,101.42,FLEXION,167.32,STATIC
147.895,3548,114.57,STATIC,131.23,STATIC,84.07,STATIC,29.21,STATIC,117.77,STATIC,168.50,STATIC,95.82,FLEXION,167.57,STATIC
147.93666666666667,3549,112.40,STATIC,131.08,STATIC,83.93,STATIC,30.01,STATIC,116.09,STATIC,169.37,STATIC,90.57,FLEXION,166.55,STATIC
147.97833333333335,3550,110.91,STATIC,131.32,STATIC,83.88,STATIC,31.22,STATIC,114.43,STATIC,169.17,STATIC,85.70,STATIC,165.07,STATIC
148.02,3551,109.44,STATIC,132.30,STATIC,83.80,STATIC,31.30,STATIC,113.20,STATIC,167.95,STATIC,82.62,STATIC,163.12,STATIC
148.06166666666667,3552,107.50,STATIC,133.70,STATIC,83.77,STATIC,32.03,STATIC,112.30,STATIC,167.41,STATIC,80.57,STATIC,162.62,STATIC
148.10333333333335,3553,104.86,STATIC,135.16,STATIC,83.66,STATIC,31.74,STATIC,111.67,STATIC,167.36,STATIC,76.96,STATIC,160.67,STATIC
148.145,3554,103.57,STATIC,135.96,STATIC,83.57,STATIC,34.13,STATIC,110.90,STATIC,167.01,STATIC,72.14,STATIC,158.40,STATIC
148.18666666666667,3555,102.65,STATIC,137.43,STATIC,83.43,STATIC,36.41,STATIC,110.23,STATIC,166.30,STATIC,69.55,STATIC,156.86,STATIC
148.22833333333335,3556,101.81,STATIC,138.90,STATIC,83.28,STATIC,36.80,STATIC,109.93,STATIC,165.70,STATIC,68.76,STATIC,155.01,STATIC
148.27,3557,101.62,STATIC,140.43,STATIC,83.22,STATIC,36.27,STATIC,109.76,STATIC,165.68,STATIC,68.46,STATIC,153.91,STATIC
148.31166666666667,3558,100.98,STATIC,137.87,STATIC,83.18,STATIC,37.01,STATIC,110.04,STATIC,165.75,STATIC,68.87,STATIC,152.25,STATIC
148.35333333333335,3559,100.47,STATIC,139.91,STATIC,83.11,STATIC,36.77,STATIC,110.57,STATIC,166.12,STATIC,70.44,STATIC,151.16,STATIC
148.395,3560,100.23,STATIC,140.95,STATIC,83.08,STATIC,37.25,STATIC,111.14,STATIC,166.17,STATIC,73.05,STATIC,150.50,STATIC
148.43666666666667,3561,99.43,STATIC,142.77,STATIC,83.06,STATIC,37.82,STATIC,111.73,STATIC,166.46,STATIC,76.39,STATIC,150.19,STATIC
148.47833333333335,3562,98.39,STATIC,143.62,STATIC,83.06,STATIC,37.77,STATIC,112.47,STATIC,166.68,STATIC,79.42,STATIC,150.88,STATIC
148.52,3563,97.75,STATIC,141.55,STATIC,83.11,STATIC,37.60,STATIC,112.88,STATIC,166.63,STATIC,81.10,STATIC,151.78,STATIC
148.56166666666667,3564,97.03,STATIC,142.31,STATIC,83.17,STATIC,36.74,STATIC,113.04,STATIC,165.03,STATIC,83.12,STATIC,154.33,STATIC
148.60333333333335,3565,96.03,STATIC,141.53,STATIC,83.30,STATIC,36.70,STATIC,113.56,STATIC,163.99,STATIC,85.86,STATIC,158.34,STATIC
148.645,3566,94.06,STATIC,142.45,STATIC,83.64,STATIC,34.66,STATIC,113.27,STATIC,162.55,STATIC,88.53,STATIC,161.28,STATIC
148.68666666666667,3567,89.84,STATIC,143.54,STATIC,84.18,STATIC,34.89,STATIC,113.18,STATIC,161.41,STATIC,90.50,STATIC,164.39,STATIC
148.72833333333335,3568,88.36,STATIC,142.71,STATIC,84.75,STATIC,36.34,STATIC,113.20,STATIC,160.63,STATIC,92.00,STATIC,165.62,STATIC
148.77,3569,89.18,STATIC,143.97,STATIC,86.13,STATIC,37.32,STATIC,113.99,STATIC,161.11,STATIC,92.49,STATIC,166.44,STATIC
148.81166666666667,3570,85.76,STATIC,147.68,STATIC,86.09,STATIC,39.52,STATIC,114.29,STATIC,161.27,STATIC,93.81,STATIC,166.17,STATIC
148.85333333333335,3571,85.57,STATIC,144.95,STATIC,86.25,STATIC,40.40,STATIC,115.53,STATIC,160.68,STATIC,95.31,STATIC,165.81,STATIC
148.895,3572,76.63,FLEXION,151.63,EXTENSION,86.00,STATIC,41.94,STATIC,114.64,STATIC,162.20,STATIC,95.05,STATIC,165.11,STATIC
148.93666666666667,3573,71.86,STATIC,151.00,STATIC,85.87,STATIC,41.63,STATIC,114.99,STATIC,161.16,STATIC,96.03,STATIC,165.36,STATIC
148.97833333333335,3574,71.18,STATIC,149.95,STATIC,85.75,STATIC,41.62,STATIC,115.85,STATIC,162.10,STATIC,98.00,STATIC,165.25,STATIC
149.02,3575,69.59,STATIC,149.28,STATIC,85.98,STATIC,43.64,STATIC,115.39,STATIC,161.82,STATIC,98.72,STATIC,164.94,STATIC
149.06166666666667,3576,62.17,FLEXION,147.86,STATIC,86.22,STATIC,44.20,STATIC,114.90,STATIC,162.32,STATIC,96.19,STATIC,163.80,STATIC
149.10333333333335,3577,55.41,FLEXION,150.74,STATIC,86.40,STATIC,45.19,STATIC,115.11,STATIC,163.08,STATIC,94.73,STATIC,162.66,STATIC
149.145,3578,56.49,STATIC,148.98,STATIC,86.39,STATIC,46.22,STATIC,116.34,STATIC,162.58,STATIC,99.14,STATIC,163.67,STATIC
149.18666666666667,3579,53.87,STATIC,148.18,STATIC,86.47,STATIC,48.05,STATIC,116.95,STATIC,162.53,STATIC,99.21,STATIC,162.71,STATIC
149.22833333333335,3580,53.03,STATIC,147.01,STATIC,86.41,STATIC,46.92,STATIC,117.26,STATIC,162.52,STATIC,99.91,STATIC,162.44,STATIC
149.27,3581,45.83,FLEXION,146.13,STATIC,85.81,STATIC,46.86,STATIC,117.23,STATIC,162.61,STATIC,100.14,STATIC,161.32,STATIC
149.31166666666667,3582,54.30,EXTENSION,136.96,FLEXION,86.07,STATIC,47.08,STATIC,116.41,STATIC,161.47,STATIC,99.15,STATIC,159.91,STATIC
149.35333333333335,3583,53.18,STATIC,138.87,STATIC,86.32,STATIC,46.03,STATIC,115.90,STATIC,160.59,STATIC,98.12,STATIC,157.97,STATIC
149.395,3584,53.67,STATIC,137.82,STATIC,86.42,STATIC,45.14,STATIC,115.76,STATIC,161.00,STATIC,96.79,STATIC,156.29,STATIC
149.43666666666667,3585,52.31,STATIC,137.30,STATIC,86.65,STATIC,45.64,STATIC,114.15,STATIC,160.72,STATIC,92.78,STATIC,153.50,STATIC
149.47833333333335,3586,54.02,STATIC,136.06,STATIC,86.59,STATIC,45.09,STATIC,113.49,STATIC,159.02,STATIC,91.14,STATIC,151.22,STATIC
149.52,3587,55.21,STATIC,135.99,STATIC,86.52,STATIC,43.14,STATIC,113.09,STATIC,159.21,STATIC,93.86,STATIC,152.42,STATIC
149.56166666666667,3588,59.03,STATIC,136.53,STATIC,86.47,STATIC,43.06,STATIC,113.22,STATIC,159.25,STATIC,98.93,EXTENSION,154.30,STATIC
149.60333333333335,3589,60.37,STATIC,136.74,STATIC,86.46,STATIC,43.62,STATIC,113.68,STATIC,159.32,STATIC,102.02,STATIC,155.20,STATIC
149.645,3590,61.04,STATIC,138.96,STATIC,86.40,STATIC,43.13,STATIC,114.44,STATIC,160.45,STATIC,103.09,STATIC,157.46,STATIC
149.68666666666667,3591,60.67,STATIC,140.67,STATIC,86.53,STATIC,43.31,STATIC,114.51,STATIC,161.29,STATIC,102.97,STATIC,159.27,STATIC
149.72833333333335,3592,60.38,STATIC,144.66,STATIC,86.38,STATIC,43.41,STATIC,115.05,STATIC,163.05,STATIC,101.93,STATIC,161.50,STATIC
149.77,3593,61.73,STATIC,150.30,EXTENSION,86.29,STATIC,47.16,STATIC,115.87,STATIC,165.40,STATIC,101.50,STATIC,163.39,STATIC
149.81166666666667,3594,60.88,STATIC,146.35,STATIC,86.45,STATIC,47.26,STATIC,115.38,STATIC,166.05,STATIC,100.36,STATIC,164.53,STATIC
149.85333333333335,3595,61.30,STATIC,144.85,STATIC,86.62,STATIC,47.32,STATIC,115.27,STATIC,166.64,STATIC,100.42,STATIC,165.48,STATIC
149.895,3596,61.30,STATIC,151.06,EXTENSION,86.20,STATIC,51.26,STATIC,115.77,STATIC,168.31,STATIC,97.02,STATIC,166.79,STATIC
149.93666666666667,3597,61.14,STATIC,146.83,STATIC,86.24,STATIC,50.03,STATIC,115.20,STATIC,167.66,STATIC,96.71,STATIC,167.61,STATIC
149.98000000000002,3598,60.78,STATIC,146.68,STATIC,86.14,STATIC,49.44,STATIC,115.56,STATIC,168.01,STATIC,97.07,STATIC,168.37,STATIC
150.02166666666668,3599,60.11,STATIC,146.08,STATIC,86.51,STATIC,49.53,STATIC,114.96,STATIC,168.66,STATIC,95.70,STATIC,168.59,STATIC
150.06333333333333,3600,58.98,STATIC,146.08,STATIC,86.75,STATIC,48.65,STATIC,114.36,STATIC,169.04,STATIC,94.38,STATIC,168.98,STATIC
150.10500000000002,3601,58.06,STATIC,144.87,STATIC,86.82,STATIC,45.79,STATIC,114.39,STATIC,168.90,STATIC,94.53,STATIC,169.37,STATIC
150.14666666666668,3602,57.06,STATIC,146.62,STATIC,86.86,STATIC,44.35,STATIC,114.76,STATIC,168.30,STATIC,96.01,STATIC,170.19,STATIC
150.18833333333333,3603,56.26,STATIC,147.25,STATIC,86.88,STATIC,43.29,STATIC,115.12,STATIC,167.32,STATIC,97.68,STATIC,170.37,STATIC
150.23000000000002,3604,55.77,STATIC,148.41,STATIC,86.91,STATIC,43.37,STATIC,115.46,STATIC,167.99,STATIC,98.73,STATIC,170.61,STATIC
150.27166666666668,3605,55.47,STATIC,149.10,STATIC,86.94,STATIC,43.30,STATIC,115.76,STATIC,168.47,STATIC,99.82,STATIC,170.97,STATIC
150.31333333333333,3606,56.15,STATIC,148.54,STATIC,86.83,STATIC,45.56,STATIC,116.37,STATIC,169.37,STATIC,100.90,STATIC,171.72,STATIC
150.35500000000002,3607,56.70,STATIC,147.46,STATIC,86.80,STATIC,45.96,STATIC,116.75,STATIC,169.04,STATIC,101.25,STATIC,172.23,STATIC
150.39666666666668,3608,57.29,STATIC,146.94,STATIC,86.83,STATIC,46.59,STATIC,116.75,STATIC,168.20,STATIC,101.48,STATIC,172.36,STATIC
150.43833333333333,3609,57.61,STATIC,146.47,STATIC,86.84,STATIC,46.68,STATIC,116.87,STATIC,168.56,STATIC,101.36,STATIC,172.34,STATIC
150.48000000000002,3610,58.55,STATIC,145.75,STATIC,86.88,STATIC,47.07,STATIC,117.01,STATIC,167.83,STATIC,101.92,STATIC,172.67,STATIC
150.52166666666668,3611,59.26,STATIC,145.68,STATIC,86.89,STATIC,47.22,STATIC,116.92,STATIC,167.22,STATIC,102.67,STATIC,172.66,STATIC
150.56333333333333,3612,59.64,STATIC,147.36,STATIC,86.96,STATIC,47.95,STATIC,116.78,STATIC,167.33,STATIC,102.46,STATIC,172.42,STATIC
150.60500000000002,3613,59.20,STATIC,147.20,STATIC,87.09,STATIC,48.38,STATIC,116.38,STATIC,167.16,STATIC,101.30,STATIC,171.82,STATIC
150.64666666666668,3614,58.89,STATIC,147.23,STATIC,87.09,STATIC,49.75,STATIC,115.73,STATIC,167.52,STATIC,98.84,STATIC,172.12,STATIC
150.68833333333333,3615,58.04,STATIC,147.93,STATIC,87.09,STATIC,49.52,STATIC,115.41,STATIC,167.34,STATIC,97.85,STATIC,172.22,STATIC
150.73000000000002,3616,57.58,STATIC,148.19,STATIC,86.99,STATIC,50.06,STATIC,115.36,STATIC,167.72,STATIC,96.68,STATIC,172.48,STATIC
150.77166666666668,3617,56.95,STATIC,147.91,STATIC,86.92,STATIC,50.45,STATIC,115.32,STATIC,167.52,STATIC,95.98,STATIC,173.13,STATIC
150.81333333333333,3618,56.03,STATIC,147.95,STATIC,87.28,STATIC,49.97,STATIC,115.42,STATIC,167.18,STATIC,95.28,STATIC,172.75,STATIC
150.85500000000002,3619,54.67,STATIC,147.79,STATIC,87.51,STATIC,49.75,STATIC,115.21,STATIC,167.20,STATIC,95.04,STATIC,172.45,STATIC
150.89666666666668,3620,53.01,STATIC,146.96,STATIC,87.32,STATIC,49.77,STATIC,114.75,STATIC,167.89,STATIC,93.91,STATIC,171.40,STATIC
150.93833333333333,3621,52.28,STATIC,147.40,STATIC,87.23,STATIC,49.20,STATIC,114.63,STATIC,167.04,STATIC,94.35,STATIC,171.50,STATIC
150.98000000000002,3622,51.91,STATIC,147.03,STATIC,87.08,STATIC,49.36,STATIC,114.33,STATIC,166.62,STATIC,93.98,STATIC,171.92,STATIC
151.02166666666668,3623,51.70,STATIC,145.56,STATIC,87.02,STATIC,48.81,STATIC,113.78,STATIC,166.04,STATIC,93.85,STATIC,171.62,STATIC
151.06333333333333,3624,51.54,STATIC,144.17,STATIC,87.16,STATIC,47.69,STATIC,113.09,STATIC,165.26,STATIC,93.93,STATIC,171.41,STATIC
151.10500000000002,3625,49.23,STATIC,148.45,STATIC,87.16,STATIC,47.21,STATIC,112.62,STATIC,167.39,STATIC,91.38,STATIC,171.33,STATIC
151.14666666666668,3626,47.80,STATIC,149.21,STATIC,87.29,STATIC,47.02,STATIC,111.76,STATIC,167.57,STATIC,89.92,STATIC,171.68,STATIC
151.18833333333333,3627,47.11,STATIC,151.92,STATIC,87.96,STATIC,49.48,STATIC,111.26,STATIC,168.21,STATIC,87.93,STATIC,171.00,STATIC
151.23000000000002,3628,44.89,STATIC,155.26,STATIC,88.22,STATIC,50.97,STATIC,110.63,STATIC,167.52,STATIC,86.55,STATIC,170.75,STATIC
151.27166666666668,3629,40.77,STATIC,156.41,STATIC,88.54,STATIC,52.00,STATIC,109.70,STATIC,167.42,STATIC,84.87,STATIC,170.30,STATIC
151.31333333333333,3630,35.94,STATIC,157.05,STATIC,88.90,STATIC,51.05,STATIC,109.17,STATIC,168.49,STATIC,83.06,STATIC,170.02,STATIC
151.35500000000002,3631,32.71,STATIC,155.99,STATIC,89.00,STATIC,51.29,STATIC,108.66,STATIC,169.48,STATIC,80.37,STATIC,169.71,STATIC
151.39666666666668,3632,31.01,STATIC,156.23,STATIC,88.92,STATIC,49.66,STATIC,108.19,STATIC,168.63,STATIC,77.99,STATIC,168.35,STATIC
151.43833333333333,3633,35.37,STATIC,155.93,STATIC,88.28,STATIC,49.87,STATIC,108.32,STATIC,168.56,STATIC,74.77,STATIC,167.33,STATIC
151.48000000000002,3634,28.57,FLEXION,158.37,STATIC,88.34,STATIC,49.71,STATIC,107.94,STATIC,168.97,STATIC,73.64,STATIC,167.40,STATIC
151.52166666666668,3635,27.21,STATIC,157.82,STATIC,88.49,STATIC,49.63,STATIC,107.23,STATIC,169.04,STATIC,72.36,STATIC,167.71,STATIC
151.56333333333333,3636,27.95,STATIC,158.19,STATIC,88.54,STATIC,49.05,STATIC,106.79,STATIC,169.29,STATIC,68.12,STATIC,167.67,STATIC
151.60500000000002,3637,29.72,STATIC,155.95,STATIC,88.63,STATIC,48.42,STATIC,105.49,STATIC,168.71,STATIC,62.38,FLEXION,166.91,STATIC
151.64666666666668,3638,15.32,FLEXION,148.08,FLEXION,86.18,STATIC,43.85,STATIC,104.86,STATIC,168.33,STATIC,59.01,STATIC,166.58,STATIC
151.68833333333333,3639,27.95,EXTENSION,151.50,STATIC,87.36,STATIC,43.01,STATIC,103.73,STATIC,166.48,STATIC,54.03,STATIC,163.70,STATIC
151.73000000000002,3640,23.33,STATIC,151.06,STATIC,87.36,STATIC,44.84,STATIC,103.09,STATIC,165.19,STATIC,53.54,STATIC,162.09,STATIC
151.77166666666668,3641,28.04,STATIC,154.75,STATIC,87.39,STATIC,44.02,STATIC,102.29,STATIC,164.48,STATIC,51.30,STATIC,161.62,STATIC
151.81333333333333,3642,30.20,STATIC,155.94,STATIC,87.79,STATIC,43.02,STATIC,101.64,STATIC,163.67,STATIC,49.36,STATIC,160.92,STATIC
151.85500000000002,3643,29.46,STATIC,159.77,STATIC,88.52,STATIC,42.82,STATIC,101.38,STATIC,164.54,STATIC,50.62,STATIC,162.57,STATIC
151.89666666666668,3644,26.72,STATIC,159.80,STATIC,88.71,STATIC,44.76,STATIC,101.71,STATIC,165.32,STATIC,50.92,STATIC,163.80,STATIC
151.93833333333333,3645,29.74,STATIC,161.60,STATIC,89.05,STATIC,44.59,STATIC,101.66,STATIC,165.75,STATIC,51.99,STATIC,163.80,STATIC
151.98000000000002,3646,20.28,FLEXION,161.78,STATIC,89.33,STATIC,44.60,STATIC,101.72,STATIC,165.30,STATIC,52.43,STATIC,163.35,STATIC
152.02166666666668,3647,20.26,STATIC,162.76,STATIC,89.54,STATIC,45.05,STATIC,101.59,STATIC,164.81,STATIC,49.60,STATIC,162.64,STATIC
152.06333333333333,3648,21.21,STATIC,162.32,STATIC,89.56,STATIC,47.73,STATIC,101.39,STATIC,163.02,STATIC,50.80,STATIC,159.68,STATIC
152.10500000000002,3649,23.15,STATIC,160.16,STATIC,89.80,STATIC,48.21,STATIC,101.20,STATIC,159.83,STATIC,51.22,STATIC,154.65,FLEXION
152.14666666666668,3650,26.47,STATIC,157.71,STATIC,90.14,STATIC,47.74,STATIC,100.97,STATIC,157.49,STATIC,52.09,STATIC,150.66,STATIC
152.18833333333333,3651,33.27,EXTENSION,152.30,FLEXION,90.23,STATIC,47.30,STATIC,100.54,STATIC,154.48,STATIC,52.19,STATIC,145.68,STATIC
152.23000000000002,3652,39.00,EXTENSION,147.86,STATIC,90.42,STATIC,47.41,STATIC,100.43,STATIC,153.52,STATIC,55.93,STATIC,144.49,STATIC
152.27166666666668,3653,40.65,STATIC,142.38,FLEXION,90.30,STATIC,48.30,STATIC,100.14,STATIC,152.50,STATIC,58.58,STATIC,142.32,STATIC
152.31333333333333,3654,40.28,STATIC,140.11,STATIC,90.17,STATIC,52.07,STATIC,100.11,STATIC,151.97,STATIC,60.32,STATIC,141.21,STATIC
152.35500000000002,3655,39.44,STATIC,134.43,FLEXION,90.02,STATIC,51.65,STATIC,99.81,STATIC,151.08,STATIC,60.92,STATIC,140.11,STATIC
152.39666666666668,3656,39.16,STATIC,128.69,FLEXION,90.00,STATIC,54.55,STATIC,99.31,STATIC,150.00,STATIC,60.57,STATIC,138.48,STATIC
152.43833333333333,3657,38.86,STATIC,104.13,FLEXION,89.75,STATIC,44.51,FLEXION,99.41,STATIC,149.75,STATIC,59.17,STATIC,138.23,STATIC
152.48000000000002,3658,33.95,STATIC,77.04,FLEXION,89.15,STATIC,30.90,FLEXION,99.52,STATIC,148.70,STATIC,55.11,STATIC,134.93,STATIC
152.52166666666668,3659,33.89,STATIC,93.11,EXTENSION,86.71,STATIC,12.12,FLEXION,99.88,STATIC,150.64,STATIC,59.52,STATIC,137.94,STATIC
152.56333333333333,3660,33.23,STATIC,92.45,STATIC,85.92,STATIC,19.09,EXTENSION,100.15,STATIC,152.52,STATIC,61.52,STATIC,140.71,STATIC
152.60500000000002,3661,31.31,STATIC,91.23,STATIC,86.29,STATIC,27.27,EXTENSION,100.50,STATIC,154.32,STATIC,63.29,STATIC,143.67,STATIC
152.64666666666668,3662,26.56,STATIC,85.28,FLEXION,85.78,STATIC,33.86,EXTENSION,101.24,STATIC,155.76,STATIC,65.17,STATIC,146.59,STATIC
152.68833333333333,3663,26.56,STATIC,85.81,STATIC,85.71,STATIC,38.38,STATIC,101.80,STATIC,157.09,STATIC,69.25,STATIC,148.87,STATIC
152.73000000000002,3664,21.68,STATIC,91.06,EXTENSION,85.57,STATIC,41.84,STATIC,102.37,STATIC,158.38,STATIC,71.52,STATIC,150.10,STATIC
152.77166666666668,3665,22.11,STATIC,88.58,STATIC,85.48,STATIC,44.84,STATIC,102.82,STATIC,159.50,STATIC,76.27,STATIC,153.08,STATIC
152.81333333333333,3666,20.54,STATIC,92.58,STATIC,85.40,STATIC,46.56,STATIC,103.54,STATIC,160.81,STATIC,78.21,STATIC,154.47,STATIC
152.85500000000002,3667,20.91,STATIC,95.01,STATIC,85.35,STATIC,47.83,STATIC,104.08,STATIC,162.28,STATIC,81.08,STATIC,155.97,STATIC
152.89666666666668,3668,16.34,STATIC,102.98,EXTENSION,84.98,STATIC,47.46,STATIC,104.91,STATIC,163.71,STATIC,83.41,STATIC,157.58,STATIC
152.93833333333333,3669,18.32,STATIC,107.65,STATIC,85.07,STATIC,48.34,STATIC,105.74,STATIC,164.82,STATIC,85.53,STATIC,159.45,STATIC
152.98000000000002,3670,16.16,STATIC,108.68,STATIC,85.19,STATIC,48.81,STATIC,106.42,STATIC,165.90,STATIC,87.39,STATIC,160.69,STATIC
153.02166666666668,3671,18.94,STATIC,107.97,STATIC,85.24,STATIC,49.42,STATIC,107.13,STATIC,166.71,STATIC,89.92,STATIC,161.88,STATIC
153.06333333333333,3672,20.72,STATIC,108.69,STATIC,85.29,STATIC,50.08,STATIC,107.65,STATIC,167.34,STATIC,92.07,STATIC,163.21,STATIC
153.10500000000002,3673,22.65,STATIC,111.12,STATIC,85.46,STATIC,50.18,STATIC,107.75,STATIC,167.88,STATIC,91.82,STATIC,163.53,STATIC
153.14666666666668,3674,18.79,STATIC,111.02,STATIC,85.36,STATIC,50.85,STATIC,108.16,STATIC,168.15,STATIC,92.39,STATIC,164.24,STATIC
153.18833333333333,3675,19.42,STATIC,111.58,STATIC,85.29,STATIC,50.49,STATIC,108.61,STATIC,168.36,STATIC,94.22,STATIC,165.17,STATIC
153.23000000000002,3676,24.14,STATIC,111.53,STATIC,85.32,STATIC,50.35,STATIC,108.91,STATIC,168.78,STATIC,94.72,STATIC,165.59,STATIC
153.27166666666668,3677,20.58,STATIC,109.39,STATIC,85.34,STATIC,50.10,STATIC,109.46,STATIC,169.19,STATIC,96.26,STATIC,166.48,STATIC
153.31333333333333,3678,20.86,STATIC,108.44,STATIC,85.27,STATIC,49.20,STATIC,110.27,STATIC,169.10,STATIC,97.74,STATIC,166.72,STATIC
153.35500000000002,3679,22.76,STATIC,107.95,STATIC,85.18,STATIC,48.09,STATIC,110.72,STATIC,169.05,STATIC,97.94,STATIC,166.41,STATIC
153.39666666666668,3680,22.45,STATIC,108.01,STATIC,85.08,STATIC,47.30,STATIC,111.16,STATIC,169.07,STATIC,97.71,STATIC,165.70,STATIC
153.43833333333333,3681,22.44,STATIC,109.03,STATIC,85.02,STATIC,46.63,STATIC,111.37,STATIC,169.16,STATIC,97.81,STATIC,165.11,STATIC
153.48000000000002,3682,22.39,STATIC,109.26,STATIC,84.98,STATIC,46.27,STATIC,111.54,STATIC,169.18,STATIC,98.39,STATIC,164.91,STATIC
153.52166666666668,3683,21.65,STATIC,109.45,STATIC,85.10,STATIC,46.02,STATIC,111.37,STATIC,168.83,STATIC,99.78,STATIC,165.07,STATIC
153.56333333333333,3684,22.21,STATIC,109.50,STATIC,85.07,STATIC,46.14,STATIC,111.00,STATIC,168.52,STATIC,99.40,STATIC,164.41,STATIC
153.60500000000002,3685,23.21,STATIC,110.11,STATIC,85.04,STATIC,45.40,STATIC,110.96,STATIC,168.50,STATIC,98.58,STATIC,163.78,STATIC
153.64666666666668,3686,23.53,STATIC,110.74,STATIC,84.98,STATIC,45.37,STATIC,110.80,STATIC,168.33,STATIC,97.74,STATIC,163.05,STATIC
153.68833333333333,3687,22.32,STATIC,110.97,STATIC,85.00,STATIC,44.18,STATIC,110.75,STATIC,168.40,STATIC,97.57,STATIC,162.59,STATIC
153.73000000000002,3688,21.14,STATIC,110.23,STATIC,85.00,STATIC,43.26,STATIC,110.48,STATIC,168.23,STATIC,95.35,STATIC,162.11,STATIC
153.77166666666668,3689,21.63,STATIC,107.29,STATIC,84.96,STATIC,42.69,STATIC,109.81,STATIC,167.00,STATIC,93.00,STATIC,161.40,STATIC
153.81333333333333,3690,22.02,STATIC,105.91,STATIC,84.93,STATIC,41.83,STATIC,109.51,STATIC,166.66,STATIC,91.71,STATIC,160.62,STATIC
153.85500000000002,3691,28.03,EXTENSION,105.31,STATIC,84.98,STATIC,40.66,STATIC,109.25,STATIC,167.28,STATIC,89.56,STATIC,159.89,STATIC
153.89666666666668,3692,33.29,EXTENSION,104.98,STATIC,84.97,STATIC,39.44,STATIC,108.94,STATIC,167.09,STATIC,87.00,STATIC,159.95,STATIC
153.93833333333333,3693,39.41,EXTENSION,104.68,STATIC,84.96,STATIC,38.05,STATIC,108.85,STATIC,167.43,STATIC,86.33,STATIC,160.36,STATIC
153.98166666666668,3694,42.05,STATIC,104.23,STATIC,84.93,STATIC,36.63,STATIC,108.71,STATIC,167.43,STATIC,84.86,STATIC,160.37,STATIC
154.02333333333334,3695,40.40,STATIC,104.14,STATIC,84.88,STATIC,35.60,STATIC,108.78,STATIC,167.55,STATIC,83.90,STATIC,160.61,STATIC
154.065,3696,43.14,STATIC,104.98,STATIC,84.86,STATIC,34.77,STATIC,108.83,STATIC,167.60,STATIC,83.18,STATIC,161.08,STATIC
154.10666666666668,3697,39.82,STATIC,105.16,STATIC,84.82,STATIC,34.09,STATIC,108.24,STATIC,167.55,STATIC,79.87,STATIC,161.00,STATIC
154.14833333333334,3698,40.19,STATIC,105.58,STATIC,84.79,STATIC,33.38,STATIC,108.05,STATIC,168.20,STATIC,79.23,STATIC,161.39,STATIC
154.19,3699,42.08,STATIC,106.04,STATIC,84.88,STATIC,33.15,STATIC,107.98,STATIC,168.41,STATIC,79.17,STATIC,161.53,STATIC
154.23166666666668,3700,40.44,STATIC,104.94,STATIC,84.85,STATIC,32.54,STATIC,108.00,STATIC,168.90,STATIC,78.65,STATIC,161.75,STATIC
154.27333333333334,3701,35.77,STATIC,104.29,STATIC,84.87,STATIC,32.11,STATIC,107.78,STATIC,169.25,STATIC,77.96,STATIC,162.02,STATIC
154.315,3702,40.01,STATIC,101.43,STATIC,84.86,STATIC,32.05,STATIC,107.33,STATIC,168.86,STATIC,76.03,STATIC,161.43,STATIC
154.35666666666668,3703,37.87,STATIC,101.69,STATIC,84.92,STATIC,30.85,STATIC,107.30,STATIC,169.49,STATIC,76.76,STATIC,161.59,STATIC
154.39833333333334,3704,37.33,STATIC,101.02,STATIC,85.00,STATIC,29.96,STATIC,107.34,STATIC,169.58,STATIC,78.54,STATIC,160.61,STATIC
154.44,3705,44.70,EXTENSION,100.05,STATIC,84.95,STATIC,29.28,STATIC,107.70,STATIC,169.47,STATIC,80.50,STATIC,161.40,STATIC
154.48166666666668,3706,45.40,STATIC,97.09,STATIC,84.96,STATIC,29.16,STATIC,107.90,STATIC,170.28,STATIC,82.09,STATIC,161.65,STATIC
154.52333333333334,3707,46.79,STATIC,96.74,STATIC,84.98,STATIC,28.38,STATIC,107.68,STATIC,169.67,STATIC,82.36,STATIC,160.93,STATIC
154.565,3708,46.90,STATIC,94.77,STATIC,84.96,STATIC,28.08,STATIC,107.91,STATIC,170.64,STATIC,82.80,STATIC,161.14,STATIC
154.60666666666668,3709,40.16,FLEXION,95.38,STATIC,84.97,STATIC,27.76,STATIC,108.13,STATIC,171.07,STATIC,82.96,STATIC,161.63,STATIC
154.64833333333334,3710,39.00,STATIC,96.56,STATIC,84.98,STATIC,27.44,STATIC,108.68,STATIC,171.73,STATIC,82.98,STATIC,162.00,STATIC
154.69,3711,43.50,STATIC,97.55,STATIC,84.92,STATIC,26.73,STATIC,109.14,STATIC,172.41,STATIC,82.66,STATIC,162.42,STATIC
154.73166666666668,3712,47.58,STATIC,97.86,STATIC,84.90,STATIC,26.39,STATIC,109.14,STATIC,172.59,STATIC,81.84,STATIC,162.28,STATIC
154.77333333333334,3713,44.92,STATIC,98.10,STATIC,84.90,STATIC,26.30,STATIC,109.21,STATIC,172.78,STATIC,82.25,STATIC,162.50,STATIC
154.815,3714,36.70,FLEXION,100.55,STATIC,84.88,STATIC,26.59,STATIC,109.63,STATIC,173.25,STATIC,83.95,STATIC,162.90,STATIC
154.85666666666668,3715,34.92,STATIC,101.82,STATIC,84.90,STATIC,27.00,STATIC,109.67,STATIC,173.48,STATIC,83.92,STATIC,163.01,STATIC
154.89833333333334,3716,34.45,STATIC,103.22,STATIC,84.93,STATIC,27.83,STATIC,109.73,STATIC,173.51,STATIC,82.96,STATIC,162.89,STATIC
154.94,3717,34.30,STATIC,104.95,STATIC,84.93,STATIC,28.87,STATIC,109.33,STATIC,173.49,STATIC,81.46,STATIC,162.90,STATIC
154.98166666666668,3718,34.87,STATIC,105.73,STATIC,84.94,STATIC,29.60,STATIC,109.08,STATIC,172.08,STATIC,80.20,STATIC,163.01,STATIC
155.02333333333334,3719,33.84,STATIC,106.02,STATIC,84.98,STATIC,30.36,STATIC,108.89,STATIC,169.96,STATIC,79.02,STATIC,163.29,STATIC
155.065,3720,32.68,STATIC,103.59,STATIC,84.97,STATIC,31.76,STATIC,108.88,STATIC,171.28,STATIC,78.83,STATIC,163.82,STATIC
155.10666666666668,3721,31.50,STATIC,102.77,STATIC,84.92,STATIC,31.38,STATIC,108.74,STATIC,171.94,STATIC,77.39,STATIC,164.11,STATIC
155.14833333333334,3722,31.18,STATIC,102.06,STATIC,84.90,STATIC,30.73,STATIC,108.46,STATIC,172.34,STATIC,75.12,STATIC,164.38,STATIC
155.19,3723,36.26,EXTENSION,100.81,STATIC,84.85,STATIC,29.96,STATIC,108.20,STATIC,171.73,STATIC,72.57,STATIC,164.44,STATIC
155.23166666666668,3724,33.50,STATIC,98.81,STATIC,84.82,STATIC,29.79,STATIC,108.09,STATIC,171.95,STATIC,71.81,STATIC,164.57,STATIC
155.27333333333334,3725,39.79,EXTENSION,97.38,STATIC,84.74,STATIC,28.86,STATIC,108.14,STATIC,171.93,STATIC,71.46,STATIC,164.60,STATIC
155.315,3726,34.76,FLEXION,96.84,STATIC,84.73,STATIC,28.65,STATIC,108.19,STATIC,171.81,STATIC,71.38,STATIC,164.70,STATIC
155.35666666666668,3727,38.09,STATIC,96.73,STATIC,84.65,STATIC,28.49,STATIC,108.39,STATIC,172.07,STATIC,71.56,STATIC,164.95,STATIC
155.39833333333334,3728,44.73,EXTENSION,96.01,STATIC,84.56,STATIC,27.96,STATIC,108.83,STATIC,172.21,STATIC,72.48,STATIC,164.96,STATIC
155.44,3729,44.82,STATIC,96.07,STATIC,84.56,STATIC,26.82,STATIC,109.16,STATIC,172.28,STATIC,72.80,STATIC,165.01,STATIC
155.48166666666668,3730,44.25,STATIC,93.86,STATIC,84.58,STATIC,26.41,STATIC,109.46,STATIC,172.55,STATIC,73.45,STATIC,165.00,STATIC
155.52333333333334,3731,43.31,STATIC,95.37,STATIC,84.61,STATIC,25.45,STATIC,109.72,STATIC,172.54,STATIC,73.25,STATIC,165.10,STATIC
155.565,3732,45.13,STATIC,92.60,STATIC,84.64,STATIC,25.48,STATIC,109.93,STATIC,172.73,STATIC,74.36,STATIC,165.13,STATIC
155.60666666666668,3733,55.95,EXTENSION,94.60,STATIC,84.54,STATIC,24.32,STATIC,110.14,STATIC,172.44,STATIC,73.86,STATIC,164.84,STATIC
155.64833333333334,3734,59.60,STATIC,96.16,STATIC,84.48,STATIC,23.78,STATIC,110.59,STATIC,172.26,STATIC,74.56,STATIC,164.96,STATIC
155.69,3735,60.28,STATIC,95.72,STATIC,84.49,STATIC,23.65,STATIC,111.41,STATIC,171.79,STATIC,76.62,STATIC,165.24,STATIC
155.73166666666668,3736,52.74,FLEXION,93.95,STATIC,84.56,STATIC,23.84,STATIC,112.26,STATIC,173.33,STATIC,79.09,STATIC,166.38,STATIC
155.77333333333334,3737,52.51,STATIC,94.01,STATIC,84.56,STATIC,24.12,STATIC,112.99,STATIC,174.73,STATIC,80.08,STATIC,167.49,STATIC
155.815,3738,54.07,STATIC,93.78,STATIC,84.55,STATIC,24.74,STATIC,113.29,STATIC,175.83,STATIC,79.18,STATIC,168.51,STATIC
155.85666666666668,3739,58.42,STATIC,92.74,STATIC,84.57,STATIC,24.75,STATIC,113.67,STATIC,175.09,STATIC,79.56,STATIC,168.58,STATIC
155.89833333333334,3740,58.11,STATIC,92.01,STATIC,84.57,STATIC,26.09,STATIC,114.03,STATIC,174.41,STATIC,80.34,STATIC,169.68,STATIC
155.94,3741,56.95,STATIC,90.71,STATIC,84.59,STATIC,27.39,STATIC,114.75,STATIC,173.60,STATIC,81.13,STATIC,170.03,STATIC
155.98166666666668,3742,56.57,STATIC,85.94,STATIC,84.61,STATIC,29.20,STATIC,114.83,STATIC,170.97,STATIC,81.60,STATIC,169.46,STATIC
156.02333333333334,3743,61.80,EXTENSION,86.58,STATIC,84.59,STATIC,29.56,STATIC,115.30,STATIC,167.70,STATIC,83.33,STATIC,169.37,STATIC
156.065,3744,64.27,STATIC,83.00,STATIC,84.60,STATIC,29.63,STATIC,116.07,STATIC,167.58,STATIC,84.66,STATIC,169.42,STATIC
156.10666666666668,3745,61.43,STATIC,74.57,FLEXION,84.57,STATIC,32.37,STATIC,117.31,STATIC,166.74,STATIC,88.29,STATIC,168.63,STATIC
156.14833333333334,3746,57.87,STATIC,69.69,STATIC,84.57,STATIC,34.23,STATIC,118.02,STATIC,166.49,STATIC,89.42,STATIC,169.11,STATIC
156.19,3747,51.98,FLEXION,64.19,FLEXION,84.56,STATIC,35.49,STATIC,119.86,STATIC,166.42,STATIC,92.08,STATIC,168.13,STATIC
156.23166666666668,3748,54.90,STATIC,64.71,STATIC,84.61,STATIC,31.33,STATIC,120.53,STATIC,163.60,STATIC,93.18,STATIC,168.74,STATIC
156.27333333333334,3749,51.76,STATIC,61.69,STATIC,84.65,STATIC,31.25,STATIC,120.91,STATIC,161.97,STATIC,93.65,STATIC,169.06,STATIC
156.315,3750,47.20,STATIC,56.77,STATIC,84.88,STATIC,31.35,STATIC,121.51,STATIC,160.25,STATIC,94.77,STATIC,168.41,STATIC
156.35666666666668,3751,43.77,STATIC,54.51,STATIC,84.98,STATIC,30.98,STATIC,121.94,STATIC,160.47,STATIC,95.95,STATIC,168.00,STATIC
156.39833333333334,3752,41.31,STATIC,68.09,EXTENSION,84.98,STATIC,38.00,EXTENSION,122.14,STATIC,162.24,STATIC,95.91,STATIC,167.55,STATIC
156.44,3753,26.48,FLEXION,71.30,STATIC,84.77,STATIC,39.99,STATIC,122.80,STATIC,160.76,STATIC,95.19,STATIC,166.77,STATIC
156.48166666666668,3754,33.07,EXTENSION,60.00,FLEXION,84.90,STATIC,37.16,STATIC,122.57,STATIC,158.41,STATIC,95.78,STATIC,166.02,STATIC
156.52333333333334,3755,30.24,STATIC,69.29,EXTENSION,84.89,STATIC,38.35,STATIC,122.44,STATIC,157.06,STATIC,95.51,STATIC,166.89,STATIC
156.565,3756,27.09,STATIC,75.87,EXTENSION,84.70,STATIC,39.41,STATIC,122.50,STATIC,155.65,STATIC,92.39,STATIC,164.90,STATIC
156.60666666666668,3757,29.63,STATIC,70.66,FLEXION,84.77,STATIC,38.99,STATIC,121.64,STATIC,156.66,STATIC,88.93,STATIC,164.76,STATIC
156.64833333333334,3758,27.69,STATIC,72.22,STATIC,84.77,STATIC,39.07,STATIC,120.59,STATIC,157.30,STATIC,86.73,STATIC,165.07,STATIC
156.69,3759,26.54,STATIC,79.06,EXTENSION,84.80,STATIC,41.46,STATIC,120.40,STATIC,157.92,STATIC,86.64,STATIC,165.20,STATIC
156.73166666666668,3760,26.51,STATIC,75.24,STATIC,84.80,STATIC,40.48,STATIC,120.34,STATIC,158.43,STATIC,86.28,STATIC,164.38,STATIC
156.77333333333334,3761,26.22,STATIC,77.82,STATIC,84.81,STATIC,41.14,STATIC,120.10,STATIC,158.36,STATIC,84.56,STATIC,164.59,STATIC
156.815,3762,26.62,STATIC,75.09,STATIC,84.89,STATIC,41.06,STATIC,119.37,STATIC,158.09,STATIC,83.38,STATIC,165.05,STATIC
156.85666666666668,3763,26.36,STATIC,76.64,STATIC,84.83,STATIC,40.82,STATIC,119.29,STATIC,158.63,STATIC,84.06,STATIC,165.57,STATIC
156.89833333333334,3764,26.18,STATIC,71.98,STATIC,84.83,STATIC,39.60,STATIC,119.35,STATIC,157.29,STATIC,84.67,STATIC,165.06,STATIC
156.94,3765,25.30,STATIC,61.16,FLEXION,84.79,STATIC,35.65,STATIC,119.55,STATIC,157.59,STATIC,84.97,STATIC,165.22,STATIC
156.98166666666668,3766,25.86,STATIC,59.94,STATIC,84.71,STATIC,34.75,STATIC,119.25,STATIC,157.13,STATIC,84.83,STATIC,165.49,STATIC
157.02333333333334,3767,26.13,STATIC,58.45,STATIC,84.49,STATIC,35.48,STATIC,118.90,STATIC,156.99,STATIC,86.16,STATIC,165.37,STATIC
157.065,3768,28.70,STATIC,55.50,STATIC,84.32,STATIC,31.19,STATIC,118.42,STATIC,156.27,STATIC,86.19,STATIC,166.48,STATIC
157.10666666666668,3769,28.02,STATIC,54.63,STATIC,84.25,STATIC,33.66,STATIC,118.28,STATIC,159.98,STATIC,85.22,STATIC,168.44,STATIC
157.14833333333334,3770,23.28,STATIC,59.23,STATIC,84.11,STATIC,31.53,STATIC,118.23,STATIC,164.43,STATIC,84.24,STATIC,170.89,STATIC
157.19,3771,24.63,STATIC,63.06,STATIC,84.15,STATIC,29.98,STATIC,117.51,STATIC,164.18,STATIC,82.95,STATIC,172.49,STATIC
157.23166666666668,3772,26.77,STATIC,65.18,STATIC,84.19,STATIC,28.96,STATIC,116.88,STATIC,166.06,STATIC,81.37,STATIC,173.14,STATIC
157.27333333333334,3773,29.35,STATIC,79.18,EXTENSION,84.11,STATIC,20.21,FLEXION,116.68,STATIC,167.46,STATIC,80.67,STATIC,173.70,STATIC
157.315,3774,23.07,FLEXION,91.72,EXTENSION,84.12,STATIC,16.21,STATIC,116.12,STATIC,170.65,STATIC,81.63,STATIC,175.25,STATIC
157.35666666666668,3775,24.95,STATIC,103.60,EXTENSION,84.18,STATIC,11.64,STATIC,115.20,STATIC,173.06,STATIC,80.36,STATIC,173.96,STATIC
157.39833333333334,3776,28.32,STATIC,104.41,STATIC,84.20,STATIC,14.50,STATIC,114.70,STATIC,174.73,STATIC,83.41,STATIC,173.19,STATIC
157.44,3777,34.90,EXTENSION,106.42,STATIC,84.25,STATIC,16.63,STATIC,114.34,STATIC,173.06,STATIC,83.67,STATIC,173.13,STATIC
157.48166666666668,3778,27.69,FLEXION,107.38,STATIC,84.28,STATIC,20.78,STATIC,114.47,STATIC,174.75,STATIC,84.79,STATIC,172.64,STATIC
157.52333333333334,3779,12.66,FLEXION,105.37,STATIC,84.51,STATIC,24.30,STATIC,115.59,STATIC,174.18,STATIC,85.59,STATIC,166.90,FLEXION
157.565,3780,20.27,EXTENSION,114.77,EXTENSION,84.58,STATIC,33.15,EXTENSION,117.76,STATIC,175.54,STATIC,90.24,STATIC,169.31,STATIC
157.60666666666668,3781,27.57,EXTENSION,123.58,EXTENSION,84.70,STATIC,37.65,STATIC,119.14,STATIC,175.52,STATIC,90.34,STATIC,165.98,STATIC
157.64833333333334,3782,26.11,STATIC,129.98,EXTENSION,84.59,STATIC,40.97,STATIC,121.57,STATIC,174.10,STATIC,95.88,EXTENSION,162.45,STATIC
157.69,3783,52.09,EXTENSION,137.28,EXTENSION,84.71,STATIC,47.42,EXTENSION,122.16,STATIC,173.86,STATIC,97.65,STATIC,160.08,STATIC
157.73166666666668,3784,59.87,EXTENSION,140.37,STATIC,84.77,STATIC,50.03,STATIC,123.08,STATIC,174.38,STATIC,102.63,STATIC,163.33,STATIC
157.77333333333334,3785,65.80,EXTENSION,144.29,STATIC,84.92,STATIC,51.58,STATIC,124.28,STATIC,174.47,STATIC,105.67,STATIC,165.85,STATIC
157.815,3786,86.07,EXTENSION,145.89,STATIC,84.69,STATIC,51.59,STATIC,125.14,STATIC,173.70,STATIC,111.60,EXTENSION,171.51,EXTENSION
157.85666666666668,3787,94.05,EXTENSION,145.80,STATIC,84.73,STATIC,49.83,STATIC,125.37,STATIC,174.91,STATIC,115.46,STATIC,171.63,STATIC
157.89833333333334,3788,99.76,EXTENSION,145.05,STATIC,84.30,STATIC,49.08,STATIC,127.83,STATIC,170.51,STATIC,123.20,EXTENSION,169.00,STATIC
157.94,3789,101.98,STATIC,145.16,STATIC,84.60,STATIC,47.91,STATIC,126.53,STATIC,170.96,STATIC,127.89,STATIC,168.13,STATIC
157.98333333333335,3790,108.82,EXTENSION,145.04,STATIC,84.22,STATIC,48.52,STATIC,129.96,STATIC,169.72,STATIC,132.56,STATIC,166.85,STATIC
158.025,3791,110.93,STATIC,143.74,STATIC,84.34,STATIC,49.81,STATIC,131.06,STATIC,169.42,STATIC,136.46,STATIC,166.87,STATIC
158.06666666666666,3792,118.59,EXTENSION,144.74,STATIC,83.76,STATIC,51.20,STATIC,135.20,STATIC,167.87,STATIC,140.72,STATIC,166.19,STATIC
158.10833333333335,3793,126.77,EXTENSION,147.81,STATIC,83.18,STATIC,54.24,STATIC,137.52,STATIC,166.16,STATIC,144.80,STATIC,166.13,STATIC
158.15,3794,133.91,EXTENSION,150.63,STATIC,82.99,STATIC,56.70,STATIC,138.84,STATIC,168.51,STATIC,147.45,STATIC,164.20,STATIC
158.19166666666666,3795,140.31,EXTENSION,154.48,STATIC,83.02,STATIC,60.90,STATIC,137.81,STATIC,166.09,STATIC,150.22,STATIC,165.96,STATIC
158.23333333333335,3796,148.53,EXTENSION,156.44,STATIC,83.15,STATIC,63.83,STATIC,137.43,STATIC,162.81,STATIC,152.34,STATIC,165.27,STATIC
158.275,3797,152.13,STATIC,158.76,STATIC,83.10,STATIC,66.72,STATIC,136.53,STATIC,161.14,STATIC,154.94,STATIC,164.97,STATIC
158.31666666666666,3798,152.38,STATIC,158.91,STATIC,83.17,STATIC,68.22,STATIC,134.04,STATIC,159.82,STATIC,156.93,STATIC,164.85,STATIC
158.35833333333335,3799,152.96,STATIC,158.83,STATIC,83.20,STATIC,69.37,STATIC,134.24,STATIC,160.11,STATIC,159.15,STATIC,164.92,STATIC
158.4,3800,152.07,STATIC,158.87,STATIC,83.42,STATIC,69.96,STATIC,134.59,STATIC,160.97,STATIC,160.66,STATIC,163.94,STATIC
158.44166666666666,3801,148.27,STATIC,159.79,STATIC,83.58,STATIC,70.78,STATIC,134.78,STATIC,161.42,STATIC,162.06,STATIC,162.53,STATIC
158.48333333333335,3802,148.34,STATIC,160.47,STATIC,83.62,STATIC,70.92,STATIC,132.94,STATIC,159.55,STATIC,162.95,STATIC,159.43,STATIC
158.525,3803,149.37,STATIC,160.35,STATIC,83.75,STATIC,71.35,STATIC,132.20,STATIC,158.52,STATIC,163.49,STATIC,158.31,STATIC
158.56666666666666,3804,150.66,STATIC,159.89,STATIC,83.66,STATIC,71.35,STATIC,131.92,STATIC,156.91,STATIC,164.56,STATIC,158.07,STATIC
158.60833333333335,3805,156.15,EXTENSION,159.67,STATIC,83.66,STATIC,72.18,STATIC,130.17,STATIC,153.22,STATIC,167.31,STATIC,161.85,STATIC
158.65,3806,158.49,STATIC,159.28,STATIC,83.53,STATIC,72.17,STATIC,129.90,STATIC,153.34,STATIC,167.83,STATIC,162.83,STATIC
158.69166666666666,3807,159.95,STATIC,160.18,STATIC,83.58,STATIC,72.82,STATIC,127.84,STATIC,150.88,STATIC,168.92,STATIC,163.59,STATIC
158.73333333333335,3808,156.97,STATIC,159.51,STATIC,83.47,STATIC,71.54,STATIC,129.55,STATIC,152.98,STATIC,169.82,STATIC,163.89,STATIC
158.775,3809,155.94,STATIC,159.78,STATIC,83.47,STATIC,70.05,STATIC,130.58,STATIC,155.89,STATIC,169.84,STATIC,163.48,STATIC
158.81666666666666,3810,153.45,STATIC,158.24,STATIC,83.50,STATIC,68.15,STATIC,132.28,STATIC,159.47,STATIC,168.85,STATIC,160.99,STATIC
158.85833333333335,3811,154.16,STATIC,157.65,STATIC,83.66,STATIC,67.60,STATIC,134.09,STATIC,161.08,STATIC,169.39,STATIC,159.94,STATIC
158.9,3812,153.65,STATIC,157.36,STATIC,83.70,STATIC,67.14,STATIC,133.88,STATIC,160.96,STATIC,169.96,STATIC,160.73,STATIC
158.94166666666666,3813,153.02,STATIC,157.02,STATIC,83.69,STATIC,66.74,STATIC,135.37,STATIC,160.75,STATIC,170.70,STATIC,164.12,STATIC
158.98333333333335,3814,153.32,STATIC,157.07,STATIC,83.86,STATIC,67.16,STATIC,135.19,STATIC,160.01,STATIC,169.59,STATIC,164.62,STATIC
159.025,3815,150.98,STATIC,157.20,STATIC,84.02,STATIC,67.28,STATIC,135.27,STATIC,162.53,STATIC,167.81,STATIC,162.56,STATIC
159.06666666666666,3816,146.46,STATIC,156.92,STATIC,84.39,STATIC,67.19,STATIC,135.09,STATIC,164.35,STATIC,165.28,STATIC,161.33,STATIC
159.10833333333335,3817,144.75,STATIC,156.99,STATIC,84.48,STATIC,67.27,STATIC,134.84,STATIC,165.01,STATIC,164.18,STATIC,162.72,STATIC
159.15,3818,142.70,STATIC,156.71,STATIC,84.54,STATIC,66.90,STATIC,135.93,STATIC,165.63,STATIC,163.69,STATIC,163.52,STATIC
159.19166666666666,3819,142.52,STATIC,156.34,STATIC,84.59,STATIC,66.60,STATIC,135.99,STATIC,167.25,STATIC,162.84,STATIC,162.55,STATIC
159.23333333333335,3820,141.14,STATIC,155.94,STATIC,84.95,STATIC,66.39,STATIC,133.56,STATIC,170.66,STATIC,159.33,STATIC,162.47,STATIC
159.275,3821,139.64,STATIC,155.39,STATIC,85.15,STATIC,65.89,STATIC,133.53,STATIC,174.95,STATIC,151.89,FLEXION,165.83,STATIC
159.31666666666666,3822,136.94,STATIC,154.65,STATIC,85.27,STATIC,65.91,STATIC,132.57,STATIC,174.73,STATIC,144.49,FLEXION,168.11,STATIC
159.35833333333335,3823,133.84,STATIC,153.72,STATIC,85.39,STATIC,65.38,STATIC,129.28,STATIC,176.61,STATIC,135.48,FLEXION,168.97,STATIC
159.4,3824,127.58,FLEXION,152.53,STATIC,85.79,STATIC,64.34,STATIC,126.88,STATIC,176.17,STATIC,127.98,FLEXION,169.52,STATIC
159.44166666666666,3825,124.97,STATIC,151.56,STATIC,85.80,STATIC,63.45,STATIC,126.04,STATIC,177.50,STATIC,124.45,STATIC,170.16,STATIC
159.48333333333335,3826,119.31,FLEXION,150.29,STATIC,85.90,STATIC,62.18,STATIC,126.67,STATIC,176.73,STATIC,120.49,STATIC,170.63,STATIC
159.525,3827,114.03,FLEXION,148.44,STATIC,85.96,STATIC,59.74,STATIC,125.40,STATIC,175.24,STATIC,118.11,STATIC,170.45,STATIC
159.56666666666666,3828,111.47,STATIC,145.69,STATIC,85.80,STATIC,57.34,STATIC,124.00,STATIC,174.44,STATIC,115.77,STATIC,169.63,STATIC
159.60833333333335,3829,107.45,STATIC,142.68,STATIC,85.13,STATIC,54.73,STATIC,123.31,STATIC,170.57,STATIC,114.83,STATIC,172.45,STATIC
159.65,3830,105.10,STATIC,141.76,STATIC,84.87,STATIC,55.03,STATIC,122.87,STATIC,169.49,STATIC,112.94,STATIC,172.30,STATIC
159.69166666666666,3831,100.85,STATIC,139.82,STATIC,84.31,STATIC,54.16,STATIC,123.12,STATIC,172.78,STATIC,111.93,STATIC,172.11,STATIC
159.73333333333335,3832,90.05,FLEXION,136.39,STATIC,84.56,STATIC,53.19,STATIC,121.67,STATIC,173.28,STATIC,111.76,STATIC,174.83,STATIC
159.775,3833,64.75,FLEXION,131.71,STATIC,84.34,STATIC,51.33,STATIC,121.07,STATIC,172.01,STATIC,113.12,STATIC,174.14,STATIC
159.81666666666666,3834,46.37,FLEXION,128.18,STATIC,84.21,STATIC,51.51,STATIC,122.10,STATIC,173.10,STATIC,113.04,STATIC,172.93,STATIC
159.85833333333335,3835,46.80,STATIC,125.62,STATIC,84.31,STATIC,49.56,STATIC,123.00,STATIC,172.78,STATIC,111.22,STATIC,172.26,STATIC
159.9,3836,55.45,EXTENSION,121.87,STATIC,84.73,STATIC,49.84,STATIC,123.77,STATIC,172.09,STATIC,113.38,STATIC,172.22,STATIC
159.94166666666666,3837,58.94,STATIC,119.76,STATIC,84.67,STATIC,48.19,STATIC,123.26,STATIC,171.55,STATIC,113.67,STATIC,172.34,STATIC
159.98333333333335,3838,47.25,FLEXION,118.09,STATIC,84.49,STATIC,43.69,STATIC,122.86,STATIC,171.28,STATIC,114.92,STATIC,172.74,STATIC
160.025,3839,46.89,STATIC,113.73,STATIC,84.57,STATIC,44.09,STATIC,123.10,STATIC,170.67,STATIC,112.82,STATIC,167.98,STATIC
160.06666666666666,3840,46.08,STATIC,110.06,STATIC,84.56,STATIC,43.93,STATIC,124.19,STATIC,171.13,STATIC,114.02,STATIC,168.15,STATIC
160.10833333333335,3841,36.58,FLEXION,107.83,STATIC,84.39,STATIC,50.16,EXTENSION,125.67,STATIC,169.41,STATIC,110.85,STATIC,162.52,FLEXION
160.15,3842,29.29,FLEXION,104.73,STATIC,84.22,STATIC,49.25,STATIC,127.05,STATIC,169.22,STATIC,111.28,STATIC,161.82,STATIC
160.19166666666666,3843,27.28,STATIC,102.42,STATIC,84.26,STATIC,48.91,STATIC,127.17,STATIC,166.47,STATIC,108.90,STATIC,159.02,STATIC
160.23333333333335,3844,31.41,STATIC,98.92,STATIC,84.44,STATIC,47.59,STATIC,127.30,STATIC,166.77,STATIC,107.57,STATIC,159.65,STATIC
160.275,3845,29.45,STATIC,95.73,STATIC,84.41,STATIC,47.97,STATIC,126.52,STATIC,166.30,STATIC,104.62,STATIC,155.72,STATIC
160.31666666666666,3846,33.76,STATIC,94.43,STATIC,84.63,STATIC,48.02,STATIC,126.52,STATIC,166.67,STATIC,104.57,STATIC,156.71,STATIC
160.35833333333335,3847,32.02,STATIC,93.06,STATIC,84.56,STATIC,47.99,STATIC,125.97,STATIC,165.23,STATIC,101.85,STATIC,152.90,STATIC
160.4,3848,30.95,STATIC,90.23,STATIC,84.57,STATIC,46.04,STATIC,126.71,STATIC,163.49,STATIC,102.04,STATIC,151.41,STATIC
160.44166666666666,3849,29.19,STATIC,87.10,STATIC,84.51,STATIC,44.87,STATIC,127.39,STATIC,160.71,STATIC,102.39,STATIC,148.35,STATIC
160.48333333333335,3850,29.65,STATIC,86.16,STATIC,84.56,STATIC,44.44,STATIC,129.07,STATIC,160.74,STATIC,105.17,STATIC,148.73,STATIC
160.525,3851,32.54,STATIC,84.68,STATIC,84.78,STATIC,43.74,STATIC,130.70,STATIC,160.68,STATIC,106.92,STATIC,148.85,STATIC
160.56666666666666,3852,31.46,STATIC,83.39,STATIC,84.67,STATIC,43.44,STATIC,132.44,STATIC,159.82,STATIC,108.61,STATIC,148.34,STATIC
160.60833333333335,3853,32.75,STATIC,82.74,STATIC,84.72,STATIC,43.12,STATIC,134.70,STATIC,160.94,STATIC,112.26,STATIC,148.76,STATIC
160.65,3854,33.71,STATIC,82.87,STATIC,84.65,STATIC,42.56,STATIC,135.49,STATIC,161.40,STATIC,111.48,STATIC,148.83,STATIC
160.69166666666666,3855,32.51,STATIC,82.40,STATIC,84.63,STATIC,42.20,STATIC,136.26,STATIC,159.82,STATIC,110.75,STATIC,147.10,STATIC
160.73333333333335,3856,30.21,STATIC,80.23,STATIC,84.54,STATIC,42.02,STATIC,138.55,STATIC,158.78,STATIC,113.51,STATIC,147.17,STATIC
160.775,3857,29.40,STATIC,79.95,STATIC,84.33,STATIC,41.51,STATIC,141.19,STATIC,159.28,STATIC,117.39,STATIC,147.05,STATIC
160.81666666666666,3858,27.56,STATIC,79.82,STATIC,84.16,STATIC,41.65,STATIC,142.12,STATIC,159.02,STATIC,114.67,STATIC,145.41,STATIC
160.85833333333335,3859,26.83,STATIC,79.22,STATIC,84.12,STATIC,41.58,STATIC,143.51,STATIC,157.97,STATIC,114.52,STATIC,145.39,STATIC
160.9,3860,26.68,STATIC,78.71,STATIC,84.10,STATIC,41.18,STATIC,141.99,STATIC,156.81,STATIC,108.63,FLEXION,144.00,STATIC
160.94166666666666,3861,25.18,STATIC,76.01,STATIC,84.15,STATIC,40.17,STATIC,143.77,STATIC,156.14,STATIC,109.47,STATIC,143.41,STATIC
160.98333333333335,3862,24.14,STATIC,73.88,STATIC,84.03,STATIC,39.51,STATIC,147.75,STATIC,155.75,STATIC,117.58,EXTENSION,142.09,STATIC
161.025,3863,17.79,FLEXION,72.77,STATIC,83.68,STATIC,38.86,STATIC,149.96,STATIC,161.42,EXTENSION,136.27,EXTENSION,147.12,EXTENSION
161.06666666666666,3864,15.32,STATIC,72.77,STATIC,83.44,STATIC,38.98,STATIC,147.53,STATIC,164.74,STATIC,144.09,EXTENSION,151.63,STATIC
161.10833333333335,3865,14.86,STATIC,72.11,STATIC,83.44,STATIC,39.09,STATIC,145.83,STATIC,167.22,STATIC,148.79,STATIC,155.81,STATIC
161.15,3866,16.13,STATIC,71.88,STATIC,83.54,STATIC,38.66,STATIC,143.12,STATIC,168.52,STATIC,151.55,STATIC,159.48,STATIC
161.19166666666666,3867,12.28,STATIC,67.89,STATIC,83.33,STATIC,35.85,STATIC,141.78,STATIC,169.46,STATIC,151.67,STATIC,160.19,STATIC
161.23333333333335,3868,9.78,STATIC,66.40,STATIC,83.11,STATIC,34.46,STATIC,138.17,STATIC,171.17,STATIC,155.81,STATIC,163.16,STATIC
161.275,3869,4.97,STATIC,66.31,STATIC,82.62,STATIC,33.80,STATIC,134.94,STATIC,172.33,STATIC,155.14,STATIC,167.01,STATIC
161.31666666666666,3870,4.90,STATIC,67.88,STATIC,82.42,STATIC,36.82,STATIC,134.43,STATIC,172.02,STATIC,152.41,STATIC,169.63,STATIC
161.35833333333335,3871,4.76,STATIC,64.34,STATIC,82.38,STATIC,35.56,STATIC,134.34,STATIC,173.06,STATIC,147.48,STATIC,169.02,STATIC
161.4,3872,4.82,STATIC,63.37,STATIC,82.41,STATIC,36.53,STATIC,132.99,STATIC,173.68,STATIC,143.32,STATIC,167.49,STATIC
161.44166666666666,3873,5.95,STATIC,59.42,STATIC,82.54,STATIC,36.11,STATIC,132.88,STATIC,174.80,STATIC,141.77,STATIC,169.04,STATIC
161.48333333333335,3874,5.46,STATIC,58.56,STATIC,82.74,STATIC,39.33,STATIC,133.43,STATIC,173.22,STATIC,139.26,STATIC,171.92,STATIC
161.525,3875,6.00,STATIC,56.07,STATIC,83.01,STATIC,37.21,STATIC,134.14,STATIC,170.93,STATIC,137.54,STATIC,171.65,STATIC
161.56666666666666,3876,5.90,STATIC,57.63,STATIC,83.26,STATIC,36.29,STATIC,134.41,STATIC,165.94,STATIC,135.84,STATIC,169.57,STATIC
161.60833333333335,3877,6.24,STATIC,66.10,EXTENSION,83.50,STATIC,28.56,FLEXION,134.81,STATIC,162.16,STATIC,134.57,STATIC,168.24,STATIC
161.65,3878,8.48,STATIC,74.61,EXTENSION,83.82,STATIC,22.71,FLEXION,134.21,STATIC,163.97,STATIC,134.00,STATIC,169.62,STATIC
161.69166666666666,3879,8.06,STATIC,76.59,STATIC,83.86,STATIC,20.51,STATIC,133.63,STATIC,162.57,STATIC,132.90,STATIC,170.42,STATIC
161.73333333333335,3880,8.98,STATIC,79.12,STATIC,84.16,STATIC,19.56,STATIC,132.40,STATIC,163.61,STATIC,132.01,STATIC,171.14,STATIC
161.775,3881,8.97,STATIC,77.85,STATIC,84.14,STATIC,20.05,STATIC,131.69,STATIC,163.89,STATIC,130.79,STATIC,172.52,STATIC
161.81666666666666,3882,7.98,STATIC,74.33,STATIC,84.22,STATIC,19.55,STATIC,131.00,STATIC,164.38,STATIC,130.28,STATIC,173.36,STATIC
161.85833333333335,3883,8.12,STATIC,76.93,STATIC,84.34,STATIC,19.45,STATIC,130.37,STATIC,167.21,STATIC,128.65,STATIC,174.34,STATIC
161.9,3884,11.60,STATIC,74.09,STATIC,84.49,STATIC,19.46,STATIC,127.76,STATIC,166.56,STATIC,123.86,STATIC,174.48,STATIC
161.94166666666666,3885,12.68,STATIC,76.41,STATIC,84.46,STATIC,19.18,STATIC,127.67,STATIC,164.97,STATIC,120.79,STATIC,174.64,STATIC
161.985,3886,18.46,EXTENSION,79.08,STATIC,84.36,STATIC,17.35,STATIC,127.73,STATIC,164.87,STATIC,120.49,STATIC,174.61,STATIC
162.02666666666667,3887,18.22,STATIC,78.54,STATIC,84.27,STATIC,17.74,STATIC,127.41,STATIC,165.29,STATIC,120.11,STATIC,173.84,STATIC
162.06833333333336,3888,10.54,FLEXION,80.56,STATIC,83.98,STATIC,16.89,STATIC,127.78,STATIC,166.35,STATIC,121.64,STATIC,173.56,STATIC
162.11,3889,8.39,STATIC,84.46,STATIC,83.82,STATIC,15.51,STATIC,127.30,STATIC,169.27,STATIC,122.98,STATIC,172.63,STATIC
162.15166666666667,3890,9.04,STATIC,83.75,STATIC,83.76,STATIC,15.12,STATIC,127.88,STATIC,169.57,STATIC,123.54,STATIC,171.33,STATIC
162.19333333333336,3891,11.11,STATIC,82.46,STATIC,83.88,STATIC,15.29,STATIC,127.72,STATIC,168.55,STATIC,123.45,STATIC,168.49,STATIC
162.235,3892,10.70,STATIC,85.56,STATIC,83.77,STATIC,14.87,STATIC,128.01,STATIC,165.74,STATIC,123.15,STATIC,166.30,STATIC
162.27666666666667,3893,12.31,STATIC,93.36,EXTENSION,83.77,STATIC,12.59,STATIC,128.56,STATIC,156.02,FLEXION,124.30,STATIC,163.18,STATIC
162.31833333333336,3894,23.16,EXTENSION,93.29,STATIC,84.15,STATIC,13.52,STATIC,128.31,STATIC,155.96,STATIC,124.76,STATIC,161.92,STATIC
162.36,3895,12.21,FLEXION,91.75,STATIC,83.99,STATIC,14.48,STATIC,127.56,STATIC,155.74,STATIC,122.97,STATIC,161.37,STATIC
162.40166666666667,3896,12.79,STATIC,93.32,STATIC,84.12,STATIC,14.51,STATIC,126.21,STATIC,155.96,STATIC,118.64,STATIC,161.15,STATIC
162.44333333333336,3897,12.32,STATIC,93.51,STATIC,84.07,STATIC,16.00,STATIC,125.03,STATIC,159.38,STATIC,114.59,STATIC,161.63,STATIC
162.485,3898,13.29,STATIC,96.97,STATIC,84.31,STATIC,18.09,STATIC,123.60,STATIC,161.00,STATIC,111.08,STATIC,162.10,STATIC
162.52666666666667,3899,29.82,EXTENSION,99.78,STATIC,84.72,STATIC,20.33,STATIC,122.09,STATIC,161.77,STATIC,110.27,STATIC,162.39,STATIC
162.56833333333336,3900,30.38,STATIC,103.04,STATIC,84.77,STATIC,21.63,STATIC,121.57,STATIC,165.25,STATIC,111.00,STATIC,162.53,STATIC
162.61,3901,35.49,EXTENSION,103.06,STATIC,84.81,STATIC,23.22,STATIC,121.50,STATIC,162.75,STATIC,110.04,STATIC,162.23,STATIC
162.65166666666667,3902,37.29,STATIC,104.92,STATIC,84.81,STATIC,24.28,STATIC,120.65,STATIC,163.46,STATIC,106.94,STATIC,162.34,STATIC
162.69333333333336,3903,36.12,STATIC,104.45,STATIC,84.81,STATIC,25.39,STATIC,120.79,STATIC,163.37,STATIC,107.56,STATIC,162.35,STATIC
162.735,3904,34.83,STATIC,103.99,STATIC,84.82,STATIC,26.34,STATIC,120.97,STATIC,163.22,STATIC,108.01,STATIC,162.35,STATIC
162.77666666666667,3905,46.10,EXTENSION,105.52,STATIC,84.94,STATIC,26.86,STATIC,120.84,STATIC,162.88,STATIC,108.86,STATIC,162.43,STATIC
162.81833333333336,3906,50.07,STATIC,106.58,STATIC,84.98,STATIC,27.45,STATIC,120.14,STATIC,163.02,STATIC,107.47,STATIC,162.40,STATIC
162.86,3907,49.33,STATIC,104.36,STATIC,84.96,STATIC,28.21,STATIC,119.50,STATIC,161.33,STATIC,106.71,STATIC,162.31,STATIC
162.90166666666667,3908,51.35,STATIC,105.24,STATIC,84.98,STATIC,28.73,STATIC,117.56,STATIC,163.11,STATIC,104.14,STATIC,162.73,STATIC
162.94333333333336,3909,54.56,STATIC,107.57,STATIC,84.88,STATIC,29.03,STATIC,114.58,STATIC,167.14,STATIC,103.95,STATIC,162.70,STATIC
162.985,3910,57.17,STATIC,106.96,STATIC,85.02,STATIC,29.33,STATIC,113.59,STATIC,163.08,STATIC,99.63,STATIC,162.65,STATIC
163.02666666666667,3911,58.54,STATIC,106.55,STATIC,85.10,STATIC,29.54,STATIC,113.88,STATIC,164.82,STATIC,96.98,STATIC,163.27,STATIC
163.06833333333336,3912,59.54,STATIC,107.66,STATIC,85.13,STATIC,29.46,STATIC,113.89,STATIC,165.27,STATIC,98.80,STATIC,163.37,STATIC
163.11,3913,58.84,STATIC,108.28,STATIC,85.30,STATIC,29.73,STATIC,114.68,STATIC,165.91,STATIC,101.53,STATIC,163.24,STATIC
163.15166666666667,3914,60.04,STATIC,109.87,STATIC,85.31,STATIC,29.96,STATIC,115.32,STATIC,167.05,STATIC,104.28,STATIC,162.53,STATIC
163.19333333333336,3915,43.85,FLEXION,112.30,STATIC,85.59,STATIC,31.16,STATIC,115.51,STATIC,172.50,EXTENSION,110.00,EXTENSION,161.47,STATIC
163.235,3916,34.33,FLEXION,113.41,STATIC,85.66,STATIC,32.78,STATIC,115.83,STATIC,174.63,STATIC,114.85,STATIC,160.66,STATIC
163.27666666666667,3917,43.18,EXTENSION,116.99,STATIC,85.68,STATIC,33.93,STATIC,116.65,STATIC,174.14,STATIC,115.63,STATIC,160.85,STATIC
163.31833333333336,3918,48.70,EXTENSION,119.86,STATIC,85.68,STATIC,35.02,STATIC,116.85,STATIC,173.58,STATIC,116.89,STATIC,160.86,STATIC
163.36,3919,50.61,STATIC,120.89,STATIC,85.67,STATIC,35.90,STATIC,117.32,STATIC,173.61,STATIC,118.08,STATIC,160.89,STATIC
163.40166666666667,3920,38.67,FLEXION,123.24,STATIC,85.73,STATIC,37.35,STATIC,117.65,STATIC,174.38,STATIC,118.62,STATIC,160.71,STATIC
163.44333333333336,3921,34.85,STATIC,124.16,STATIC,85.76,STATIC,38.84,STATIC,117.80,STATIC,174.53,STATIC,118.96,STATIC,160.65,STATIC
163.485,3922,40.96,EXTENSION,125.22,STATIC,85.79,STATIC,40.06,STATIC,117.81,STATIC,174.50,STATIC,119.36,STATIC,160.49,STATIC
163.52666666666667,3923,48.87,EXTENSION,125.25,STATIC,85.79,STATIC,40.47,STATIC,118.13,STATIC,174.41,STATIC,119.21,STATIC,159.76,STATIC
163.56833333333336,3924,56.34,EXTENSION,125.04,STATIC,85.77,STATIC,40.61,STATIC,118.63,STATIC,174.18,STATIC,120.35,STATIC,159.31,STATIC
163.61,3925,61.52,EXTENSION,124.64,STATIC,85.77,STATIC,40.58,STATIC,119.02,STATIC,173.42,STATIC,121.06,STATIC,159.57,STATIC
163.65166666666667,3926,66.19,STATIC,124.44,STATIC,85.76,STATIC,40.64,STATIC,119.29,STATIC,172.57,STATIC,121.55,STATIC,159.90,STATIC
163.69333333333336,3927,68.05,STATIC,124.07,STATIC,85.74,STATIC,40.66,STATIC,119.63,STATIC,171.83,STATIC,122.13,STATIC,160.07,STATIC
163.735,3928,69.53,STATIC,123.47,STATIC,85.74,STATIC,40.51,STATIC,120.05,STATIC,171.11,STATIC,123.08,STATIC,160.03,STATIC
163.77666666666667,3929,71.75,STATIC,122.90,STATIC,85.72,STATIC,40.31,STATIC,120.35,STATIC,170.25,STATIC,124.18,STATIC,160.14,STATIC
163.81833333333336,3930,76.02,STATIC,122.34,STATIC,85.70,STATIC,40.01,STATIC,120.21,STATIC,167.78,STATIC,124.82,STATIC,160.56,STATIC
163.86,3931,78.68,STATIC,121.75,STATIC,85.68,STATIC,39.73,STATIC,120.15,STATIC,167.69,STATIC,125.40,STATIC,160.83,STATIC
163.90166666666667,3932,79.37,STATIC,121.15,STATIC,85.67,STATIC,39.40,STATIC,119.85,STATIC,166.40,STATIC,127.07,STATIC,160.71,STATIC
163.94333333333336,3933,79.61,STATIC,120.59,STATIC,85.68,STATIC,39.03,STATIC,119.87,STATIC,166.71,STATIC,128.30,STATIC,160.83,STATIC
163.985,3934,78.24,STATIC,119.86,STATIC,85.69,STATIC,38.68,STATIC,119.96,STATIC,166.79,STATIC,128.81,STATIC,160.83,STATIC
164.02666666666667,3935,74.13,STATIC,120.17,STATIC,85.74,STATIC,38.59,STATIC,120.91,STATIC,171.41,STATIC,129.33,STATIC,160.69,STATIC
164.06833333333336,3936,71.36,STATIC,121.39,STATIC,85.82,STATIC,39.22,STATIC,121.01,STATIC,172.57,STATIC,129.79,STATIC,159.76,STATIC
164.11,3937,72.29,STATIC,121.85,STATIC,85.85,STATIC,39.64,STATIC,120.98,STATIC,172.16,STATIC,129.84,STATIC,159.61,STATIC
164.15166666666667,3938,64.97,FLEXION,126.11,STATIC,86.07,STATIC,42.00,STATIC,121.74,STATIC,172.49,STATIC,128.17,STATIC,159.75,STATIC
164.19333333333336,3939,65.90,STATIC,128.95,STATIC,86.16,STATIC,44.40,STATIC,121.91,STATIC,170.87,STATIC,124.92,STATIC,159.15,STATIC
164.235,3940,53.38,FLEXION,131.53,STATIC,86.22,STATIC,47.08,STATIC,121.65,STATIC,168.44,STATIC,120.12,STATIC,160.07,STATIC
164.27666666666667,3941,65.46,EXTENSION,133.06,STATIC,86.29,STATIC,48.51,STATIC,121.09,STATIC,166.56,STATIC,117.90,STATIC,160.64,STATIC
164.31833333333336,3942,64.53,STATIC,136.95,STATIC,85.94,STATIC,50.51,STATIC,120.31,STATIC,167.45,STATIC,113.08,STATIC,162.44,STATIC
164.36,3943,82.29,EXTENSION,143.71,EXTENSION,85.45,STATIC,53.51,STATIC,122.85,STATIC,171.58,STATIC,112.57,STATIC,162.30,STATIC
164.40166666666667,3944,89.96,EXTENSION,145.63,STATIC,85.25,STATIC,56.76,STATIC,123.58,STATIC,170.69,STATIC,112.08,STATIC,161.97,STATIC
164.44333333333336,3945,98.68,EXTENSION,147.92,STATIC,84.29,STATIC,59.19,STATIC,122.99,STATIC,168.49,STATIC,112.23,STATIC,163.07,STATIC
164.485,3946,102.50,STATIC,150.17,STATIC,84.34,STATIC,60.92,STATIC,125.34,STATIC,166.59,STATIC,113.76,STATIC,160.99,STATIC
164.52666666666667,3947,104.35,STATIC,151.46,STATIC,84.37,STATIC,61.82,STATIC,124.13,STATIC,167.46,STATIC,113.70,STATIC,161.17,STATIC
164.56833333333336,3948,104.49,STATIC,152.97,STATIC,84.41,STATIC,63.26,STATIC,124.29,STATIC,168.53,STATIC,114.10,STATIC,160.56,STATIC
164.61,3949,100.65,STATIC,154.10,STATIC,84.75,STATIC,64.86,STATIC,124.16,STATIC,168.51,STATIC,115.35,STATIC,159.96,STATIC
164.65166666666667,3950,100.49,STATIC,154.38,STATIC,85.31,STATIC,65.90,STATIC,123.57,STATIC,168.20,STATIC,116.63,STATIC,159.75,STATIC
164.69333333333336,3951,100.28,STATIC,155.06,STATIC,85.69,STATIC,66.89,STATIC,123.07,STATIC,168.33,STATIC,116.80,STATIC,158.51,STATIC
164.735,3952,100.42,STATIC,155.41,STATIC,85.91,STATIC,67.82,STATIC,123.21,STATIC,168.25,STATIC,116.69,STATIC,156.26,STATIC
164.77666666666667,3953,101.93,STATIC,155.89,STATIC,86.09,STATIC,68.69,STATIC,122.50,STATIC,168.31,STATIC,116.20,STATIC,157.69,STATIC
164.81833333333336,3954,103.46,STATIC,156.24,STATIC,86.15,STATIC,69.32,STATIC,121.99,STATIC,168.58,STATIC,115.25,STATIC,159.03,STATIC
164.86,3955,104.29,STATIC,156.70,STATIC,86.15,STATIC,69.77,STATIC,122.02,STATIC,168.55,STATIC,116.00,STATIC,159.26,STATIC
164.90166666666667,3956,104.87,STATIC,157.09,STATIC,86.15,STATIC,70.08,STATIC,121.83,STATIC,168.54,STATIC,116.28,STATIC,160.12,STATIC
164.94333333333336,3957,106.28,STATIC,157.32,STATIC,86.18,STATIC,70.41,STATIC,121.50,STATIC,168.32,STATIC,115.63,STATIC,159.85,STATIC
164.985,3958,107.10,STATIC,157.75,STATIC,86.15,STATIC,70.28,STATIC,121.33,STATIC,168.13,STATIC,116.60,STATIC,159.18,STATIC
165.02666666666667,3959,108.16,STATIC,158.37,STATIC,86.05,STATIC,70.36,STATIC,121.74,STATIC,168.04,STATIC,117.39,STATIC,159.54,STATIC
165.06833333333336,3960,109.07,STATIC,158.72,STATIC,85.93,STATIC,70.35,STATIC,121.63,STATIC,167.98,STATIC,117.93,STATIC,159.52,STATIC
165.11,3961,112.19,STATIC,159.49,STATIC,85.80,STATIC,70.20,STATIC,121.59,STATIC,167.27,STATIC,118.96,STATIC,160.45,STATIC
165.15166666666667,3962,117.24,EXTENSION,160.38,STATIC,85.61,STATIC,69.90,STATIC,121.59,STATIC,167.32,STATIC,118.69,STATIC,160.71,STATIC
165.19333333333336,3963,117.59,STATIC,160.06,STATIC,85.56,STATIC,69.77,STATIC,121.21,STATIC,167.32,STATIC,117.92,STATIC,160.47,STATIC
165.235,3964,123.73,EXTENSION,159.47,STATIC,85.54,STATIC,69.42,STATIC,120.88,STATIC,167.67,STATIC,116.56,STATIC,160.08,STATIC
165.27666666666667,3965,121.78,STATIC,159.18,STATIC,85.57,STATIC,69.25,STATIC,120.02,STATIC,167.06,STATIC,116.10,STATIC,158.61,STATIC
165.31833333333336,3966,115.57,FLEXION,158.49,STATIC,85.75,STATIC,69.12,STATIC,119.51,STATIC,167.23,STATIC,116.52,STATIC,157.36,STATIC
165.36,3967,114.22,STATIC,157.66,STATIC,85.80,STATIC,68.89,STATIC,119.52,STATIC,168.48,STATIC,115.97,STATIC,159.39,STATIC
165.40166666666667,3968,115.92,STATIC,156.16,STATIC,85.57,STATIC,67.99,STATIC,119.49,STATIC,169.10,STATIC,114.39,STATIC,159.37,STATIC
165.44333333333336,3969,114.76,STATIC,154.82,STATIC,85.39,STATIC,66.83,STATIC,119.42,STATIC,168.35,STATIC,113.99,STATIC,160.88,STATIC
165.485,3970,116.03,STATIC,153.73,STATIC,85.35,STATIC,65.68,STATIC,118.64,STATIC,169.28,STATIC,110.81,STATIC,160.66,STATIC
165.52666666666667,3971,114.52,STATIC,153.21,STATIC,85.39,STATIC,65.01,STATIC,117.65,STATIC,169.65,STATIC,106.62,STATIC,160.02,STATIC
165.56833333333336,3972,112.69,STATIC,153.00,STATIC,85.38,STATIC,64.58,STATIC,117.21,STATIC,170.54,STATIC,102.66,STATIC,160.78,STATIC
165.61,3973,118.17,EXTENSION,152.80,STATIC,85.29,STATIC,64.02,STATIC,117.02,STATIC,170.65,STATIC,99.20,STATIC,161.77,STATIC
165.65166666666667,3974,116.33,STATIC,152.60,STATIC,85.41,STATIC,63.80,STATIC,115.47,STATIC,171.78,STATIC,96.39,STATIC,162.35,STATIC
165.69333333333336,3975,115.16,STATIC,152.09,STATIC,85.49,STATIC,63.47,STATIC,114.68,STATIC,172.44,STATIC,93.66,STATIC,162.96,STATIC
165.735,3976,108.12,FLEXION,151.17,STATIC,85.59,STATIC,63.26,STATIC,113.47,STATIC,173.26,STATIC,89.30,STATIC,164.63,STATIC
165.77666666666667,3977,102.20,FLEXION,150.13,STATIC,85.67,STATIC,62.55,STATIC,113.35,STATIC,173.52,STATIC,87.75,STATIC,165.05,STATIC
165.81833333333336,3978,100.68,STATIC,148.83,STATIC,85.66,STATIC,61.67,STATIC,113.24,STATIC,173.02,STATIC,87.01,STATIC,165.43,STATIC
165.86,3979,96.33,STATIC,147.06,STATIC,85.66,STATIC,60.55,STATIC,113.28,STATIC,172.79,STATIC,88.15,STATIC,166.48,STATIC
165.90166666666667,3980,92.55,STATIC,145.35,STATIC,85.87,STATIC,59.40,STATIC,112.81,STATIC,173.45,STATIC,87.74,STATIC,166.96,STATIC
165.94500000000002,3981,91.56,STATIC,143.92,STATIC,85.93,STATIC,58.32,STATIC,111.98,STATIC,173.84,STATIC,86.95,STATIC,167.82,STATIC
165.98666666666668,3982,89.16,STATIC,141.72,STATIC,86.48,STATIC,56.98,STATIC,112.29,STATIC,174.58,STATIC,88.29,STATIC,167.60,STATIC
166.02833333333334,3983,86.07,STATIC,139.84,STATIC,87.07,STATIC,55.83,STATIC,112.19,STATIC,174.40,STATIC,88.40,STATIC,169.00,STATIC
166.07000000000002,3984,79.82,FLEXION,138.49,STATIC,87.17,STATIC,54.64,STATIC,112.13,STATIC,173.71,STATIC,88.80,STATIC,169.14,STATIC
166.11166666666668,3985,75.55,STATIC,136.81,STATIC,87.25,STATIC,53.26,STATIC,112.06,STATIC,173.61,STATIC,88.32,STATIC,169.43,STATIC
166.15333333333334,3986,72.77,STATIC,134.98,STATIC,87.57,STATIC,51.51,STATIC,111.89,STATIC,173.10,STATIC,86.65,STATIC,169.06,STATIC
166.19500000000002,3987,64.75,FLEXION,132.13,STATIC,87.61,STATIC,51.81,STATIC,111.87,STATIC,173.50,STATIC,84.55,STATIC,169.99,STATIC
166.23666666666668,3988,58.83,FLEXION,129.04,STATIC,87.90,STATIC,49.02,STATIC,111.60,STATIC,173.26,STATIC,82.35,STATIC,170.11,STATIC
166.27833333333334,3989,51.83,FLEXION,125.94,STATIC,88.61,STATIC,52.25,STATIC,110.70,STATIC,172.99,STATIC,79.03,STATIC,169.54,STATIC
166.32000000000002,3990,40.75,FLEXION,123.58,STATIC,88.63,STATIC,57.59,EXTENSION,109.68,STATIC,171.42,STATIC,75.08,STATIC,168.60,STATIC
166.36166666666668,3991,27.14,FLEXION,119.52,STATIC,88.74,STATIC,55.23,STATIC,108.71,STATIC,169.79,STATIC,71.36,STATIC,167.11,STATIC
166.40333333333334,3992,24.62,STATIC,115.76,STATIC,88.41,STATIC,52.62,STATIC,108.25,STATIC,168.98,STATIC,69.25,STATIC,165.80,STATIC
166.44500000000002,3993,22.63,STATIC,113.31,STATIC,88.44,STATIC,52.65,STATIC,107.53,STATIC,168.05,STATIC,67.19,STATIC,164.19,STATIC
166.48666666666668,3994,17.52,FLEXION,112.60,STATIC,88.92,STATIC,56.28,STATIC,106.17,STATIC,164.79,STATIC,64.63,STATIC,159.78,STATIC
166.52833333333334,3995,15.10,STATIC,113.88,STATIC,88.94,STATIC,62.16,EXTENSION,105.45,STATIC,162.62,STATIC,63.77,STATIC,156.18,STATIC
166.57000000000002,3996,15.76,STATIC,107.74,FLEXION,89.07,STATIC,55.66,FLEXION,104.46,STATIC,159.14,STATIC,60.58,STATIC,151.81,STATIC
166.61166666666668,3997,16.18,STATIC,103.79,STATIC,88.95,STATIC,55.24,STATIC,104.11,STATIC,158.48,STATIC,60.81,STATIC,149.87,STATIC
166.65333333333334,3998,16.22,STATIC,108.92,EXTENSION,88.84,STATIC,61.38,EXTENSION,103.69,STATIC,157.07,STATIC,60.70,STATIC,147.06,STATIC
166.69500000000002,3999,16.19,STATIC,108.65,STATIC,88.75,STATIC,61.36,STATIC,103.32,STATIC,155.40,STATIC,59.20,STATIC,144.20,STATIC
166.73666666666668,4000,17.73,STATIC,100.85,FLEXION,88.75,STATIC,57.21,STATIC,103.01,STATIC,154.88,STATIC,59.27,STATIC,142.56,STATIC
166.77833333333334,4001,17.44,STATIC,100.61,STATIC,88.73,STATIC,57.26,STATIC,102.65,STATIC,154.05,STATIC,59.30,STATIC,140.89,STATIC
166.82000000000002,4002,16.00,STATIC,96.49,STATIC,88.50,STATIC,55.96,STATIC,102.34,STATIC,151.03,STATIC,58.73,STATIC,136.86,STATIC
166.86166666666668,4003,18.31,STATIC,103.15,EXTENSION,88.34,STATIC,58.99,STATIC,101.89,STATIC,148.69,STATIC,58.56,STATIC,133.81,STATIC
166.90333333333334,4004,18.35,STATIC,97.85,FLEXION,88.22,STATIC,57.78,STATIC,101.54,STATIC,146.56,STATIC,59.04,STATIC,130.29,STATIC
166.94500000000002,4005,18.63,STATIC,89.23,FLEXION,88.16,STATIC,55.83,STATIC,101.25,STATIC,144.83,STATIC,59.27,STATIC,126.55,STATIC
166.98666666666668,4006,20.60,STATIC,89.45,STATIC,88.37,STATIC,55.60,STATIC,100.85,STATIC,143.99,STATIC,59.07,STATIC,124.01,STATIC
167.02833333333334,4007,22.99,STATIC,97.12,EXTENSION,88.33,STATIC,58.82,STATIC,100.76,STATIC,143.53,STATIC,60.59,STATIC,122.84,STATIC
167.07000000000002,4008,22.21,STATIC,88.07,FLEXION,88.44,STATIC,55.02,STATIC,100.62,STATIC,142.79,STATIC,60.35,STATIC,121.19,STATIC
167.11166666666668,4009,21.78,STATIC,77.49,FLEXION,88.43,STATIC,49.56,FLEXION,100.52,STATIC,141.80,STATIC,60.39,STATIC,119.36,STATIC
167.15333333333334,4010,17.05,STATIC,72.19,FLEXION,88.36,STATIC,43.17,FLEXION,100.54,STATIC,141.16,STATIC,59.98,STATIC,118.20,STATIC
167.19500000000002,4011,16.80,STATIC,72.81,STATIC,88.26,STATIC,44.18,STATIC,100.64,STATIC,139.78,STATIC,58.35,STATIC,116.53,STATIC
167.23666666666668,4012,19.12,STATIC,73.25,STATIC,88.22,STATIC,43.76,STATIC,100.66,STATIC,138.47,STATIC,56.56,STATIC,114.88,STATIC
167.27833333333334,4013,20.25,STATIC,73.87,STATIC,88.14,STATIC,41.95,STATIC,100.61,STATIC,138.58,STATIC,55.69,STATIC,115.08,STATIC
167.32000000000002,4014,21.79,STATIC,74.04,STATIC,88.07,STATIC,40.88,STATIC,100.56,STATIC,139.33,STATIC,54.70,STATIC,115.93,STATIC
167.36166666666668,4015,22.89,STATIC,74.20,STATIC,88.01,STATIC,41.78,STATIC,100.59,STATIC,140.25,STATIC,54.89,STATIC,117.06,STATIC
167.40333333333334,4016,28.58,EXTENSION,74.32,STATIC,87.96,STATIC,41.77,STATIC,100.60,STATIC,141.51,STATIC,54.63,STATIC,118.60,STATIC
167.44500000000002,4017,30.87,STATIC,74.70,STATIC,87.83,STATIC,41.04,STATIC,100.72,STATIC,142.29,STATIC,53.83,STATIC,120.04,STATIC
167.48666666666668,4018,32.96,STATIC,75.16,STATIC,87.86,STATIC,40.80,STATIC,100.76,STATIC,142.92,STATIC,53.09,STATIC,121.19,STATIC
167.52833333333334,4019,35.81,STATIC,75.60,STATIC,87.79,STATIC,40.75,STATIC,100.87,STATIC,144.22,STATIC,53.09,STATIC,122.87,STATIC
167.57000000000002,4020,41.48,EXTENSION,75.86,STATIC,87.49,STATIC,40.02,STATIC,101.30,STATIC,146.93,STATIC,54.22,STATIC,126.74,STATIC
167.61166666666668,4021,42.70,STATIC,75.72,STATIC,87.50,STATIC,40.53,STATIC,101.58,STATIC,147.87,STATIC,54.00,STATIC,128.76,STATIC
167.65333333333334,4022,51.26,EXTENSION,75.45,STATIC,87.60,STATIC,41.48,STATIC,101.64,STATIC,148.05,STATIC,53.10,STATIC,129.48,STATIC
167.69500000000002,4023,61.09,EXTENSION,75.15,STATIC,87.68,STATIC,41.42,STATIC,101.61,STATIC,148.58,STATIC,52.38,STATIC,130.82,STATIC
167.73666666666668,4024,73.59,EXTENSION,74.64,STATIC,87.59,STATIC,41.51,STATIC,101.83,STATIC,151.08,STATIC,53.30,STATIC,134.42,STATIC
167.77833333333334,4025,85.93,EXTENSION,74.34,STATIC,87.70,STATIC,43.69,STATIC,101.96,STATIC,150.90,STATIC,52.06,STATIC,134.81,STATIC
167.82000000000002,4026,101.17,EXTENSION,74.59,STATIC,87.78,STATIC,43.36,STATIC,102.15,STATIC,150.98,STATIC,52.18,STATIC,136.04,STATIC
167.86166666666668,4027,110.78,EXTENSION,74.36,STATIC,87.79,STATIC,43.94,STATIC,102.23,STATIC,152.11,STATIC,51.94,STATIC,138.38,STATIC
167.90333333333334,4028,112.86,STATIC,74.04,STATIC,87.84,STATIC,43.37,STATIC,102.24,STATIC,152.84,STATIC,50.71,STATIC,140.54,STATIC
167.94500000000002,4029,115.82,STATIC,75.81,STATIC,87.88,STATIC,46.51,STATIC,102.67,STATIC,153.90,STATIC,50.72,STATIC,143.58,STATIC
167.98666666666668,4030,115.12,STATIC,75.84,STATIC,87.89,STATIC,45.77,STATIC,102.65,STATIC,155.26,STATIC,50.40,STATIC,145.64,STATIC
168.02833333333334,4031,103.85,FLEXION,77.14,STATIC,88.17,STATIC,46.27,STATIC,101.87,STATIC,157.21,STATIC,48.14,STATIC,147.44,STATIC
168.07000000000002,4032,84.99,FLEXION,78.44,STATIC,88.31,STATIC,45.28,STATIC,101.50,STATIC,157.22,STATIC,47.26,STATIC,147.80,STATIC
168.11166666666668,4033,60.29,FLEXION,79.32,STATIC,87.73,STATIC,43.40,STATIC,101.41,STATIC,155.97,STATIC,47.42,STATIC,146.36,STATIC
168.15333333333334,4034,47.70,FLEXION,79.35,STATIC,87.61,STATIC,42.31,STATIC,101.47,STATIC,154.69,STATIC,47.10,STATIC,144.76,STATIC
168.19500000000002,4035,47.77,STATIC,94.42,EXTENSION,88.04,STATIC,48.00,EXTENSION,101.27,STATIC,153.41,STATIC,47.75,STATIC,142.13,STATIC
168.23666666666668,4036,46.65,STATIC,107.29,EXTENSION,88.42,STATIC,53.90,EXTENSION,101.19,STATIC,151.75,STATIC,49.20,STATIC,140.26,STATIC
168.27833333333334,4037,43.56,STATIC,108.12,STATIC,88.02,STATIC,53.60,STATIC,101.57,STATIC,152.95,STATIC,52.47,STATIC,140.85,STATIC
168.32000000000002,4038,31.78,FLEXION,107.94,STATIC,86.84,STATIC,51.78,STATIC,101.54,STATIC,152.78,STATIC,57.07,STATIC,142.10,STATIC
168.36166666666668,4039,22.53,FLEXION,108.40,STATIC,86.48,STATIC,51.46,STATIC,101.49,STATIC,155.71,STATIC,58.35,STATIC,144.78,STATIC
168.40333333333334,4040,19.37,STATIC,106.55,STATIC,86.09,STATIC,48.19,STATIC,101.64,STATIC,157.78,STATIC,58.41,STATIC,147.27,STATIC
168.44500000000002,4041,31.44,EXTENSION,118.20,EXTENSION,85.24,STATIC,55.96,EXTENSION,101.97,STATIC,156.23,STATIC,59.67,STATIC,149.14,STATIC
168.48666666666668,4042,26.90,STATIC,98.91,FLEXION,85.27,STATIC,48.96,FLEXION,102.06,STATIC,155.44,STATIC,62.52,STATIC,150.94,STATIC
168.52833333333334,4043,27.97,STATIC,86.04,FLEXION,85.08,STATIC,45.13,STATIC,102.53,STATIC,158.87,STATIC,69.42,EXTENSION,153.32,STATIC
168.57000000000002,4044,18.56,FLEXION,70.12,FLEXION,84.89,STATIC,29.76,FLEXION,102.58,STATIC,160.42,STATIC,70.76,STATIC,154.97,STATIC
168.61166666666668,4045,15.18,STATIC,84.92,EXTENSION,84.34,STATIC,19.91,FLEXION,103.21,STATIC,160.91,STATIC,69.96,STATIC,156.35,STATIC
168.65333333333334,4046,13.49,STATIC,83.88,STATIC,83.37,STATIC,22.12,STATIC,103.43,STATIC,161.49,STATIC,69.26,STATIC,158.08,STATIC
168.69500000000002,4047,7.73,FLEXION,87.65,STATIC,83.00,STATIC,21.30,STATIC,104.04,STATIC,163.06,STATIC,69.56,STATIC,159.64,STATIC
168.73666666666668,4048,12.33,STATIC,88.64,STATIC,82.76,STATIC,21.72,STATIC,104.61,STATIC,166.75,STATIC,72.88,STATIC,161.61,STATIC
168.77833333333334,4049,12.84,STATIC,90.76,STATIC,82.61,STATIC,20.79,STATIC,104.98,STATIC,167.78,STATIC,73.37,STATIC,163.02,STATIC
168.82000000000002,4050,14.24,STATIC,91.10,STATIC,82.88,STATIC,21.07,STATIC,105.56,STATIC,167.35,STATIC,72.54,STATIC,163.59,STATIC
168.86166666666668,4051,14.97,STATIC,89.89,STATIC,82.81,STATIC,23.09,STATIC,106.18,STATIC,167.75,STATIC,72.21,STATIC,164.38,STATIC
168.90333333333334,4052,17.09,STATIC,88.44,STATIC,82.97,STATIC,26.85,STATIC,106.20,STATIC,167.36,STATIC,71.17,STATIC,164.57,STATIC
168.94500000000002,4053,17.96,STATIC,87.01,STATIC,82.87,STATIC,31.20,STATIC,106.96,STATIC,167.45,STATIC,72.58,STATIC,165.39,STATIC
168.98666666666668,4054,18.73,STATIC,87.52,STATIC,83.05,STATIC,34.12,STATIC,107.98,STATIC,168.52,STATIC,75.25,STATIC,166.50,STATIC
169.02833333333334,4055,19.15,STATIC,87.90,STATIC,82.76,STATIC,33.43,STATIC,109.98,STATIC,171.00,STATIC,82.76,EXTENSION,168.16,STATIC
169.07000000000002,4056,19.30,STATIC,85.59,STATIC,82.73,STATIC,33.65,STATIC,112.02,STATIC,170.48,STATIC,85.10,STATIC,168.23,STATIC
169.11166666666668,4057,19.06,STATIC,85.52,STATIC,82.71,STATIC,36.33,STATIC,112.52,STATIC,170.99,STATIC,88.38,STATIC,168.02,STATIC
169.15333333333334,4058,20.16,STATIC,83.27,STATIC,82.88,STATIC,39.46,STATIC,114.22,STATIC,170.18,STATIC,92.54,STATIC,168.95,STATIC
169.19500000000002,4059,18.38,STATIC,86.34,STATIC,82.86,STATIC,41.94,STATIC,116.38,STATIC,168.00,STATIC,94.57,STATIC,169.08,STATIC
169.23666666666668,4060,16.46,STATIC,85.50,STATIC,82.86,STATIC,44.52,STATIC,118.75,STATIC,167.41,STATIC,97.14,STATIC,167.01,STATIC
169.27833333333334,4061,16.56,STATIC,87.33,STATIC,83.27,STATIC,45.85,STATIC,121.62,STATIC,169.61,STATIC,101.04,STATIC,167.37,STATIC
169.32000000000002,4062,15.98,STATIC,90.98,STATIC,83.21,STATIC,46.29,STATIC,124.48,STATIC,169.36,STATIC,104.92,STATIC,164.94,STATIC
169.36166666666668,4063,15.59,STATIC,93.92,STATIC,83.27,STATIC,47.12,STATIC,127.21,STATIC,172.32,STATIC,111.06,EXTENSION,161.16,STATIC
169.40333333333334,4064,15.81,STATIC,97.90,STATIC,83.46,STATIC,49.20,STATIC,131.05,STATIC,169.74,STATIC,113.04,STATIC,156.24,STATIC
169.44500000000002,4065,16.43,STATIC,101.79,STATIC,83.46,STATIC,51.07,STATIC,134.96,STATIC,169.34,STATIC,118.94,EXTENSION,153.40,STATIC
169.48666666666668,4066,16.16,STATIC,101.66,STATIC,83.91,STATIC,51.86,STATIC,138.29,STATIC,172.38,STATIC,119.51,STATIC,151.23,STATIC
169.52833333333334,4067,17.31,STATIC,101.02,STATIC,84.31,STATIC,54.03,STATIC,142.09,STATIC,172.15,STATIC,120.67,STATIC,145.29,FLEXION
169.57000000000002,4068,22.52,EXTENSION,104.19,STATIC,84.26,STATIC,50.44,STATIC,145.01,STATIC,172.06,STATIC,122.08,STATIC,142.41,STATIC
169.61166666666668,4069,23.01,STATIC,106.65,STATIC,83.96,STATIC,46.51,STATIC,147.90,STATIC,170.61,STATIC,125.42,STATIC,143.18,STATIC
169.65333333333334,4070,25.03,STATIC,106.42,STATIC,83.37,STATIC,44.38,STATIC,148.92,STATIC,171.13,STATIC,123.70,STATIC,139.07,STATIC
169.69500000000002,4071,27.76,STATIC,104.51,STATIC,82.38,STATIC,38.64,FLEXION,151.42,STATIC,170.87,STATIC,123.79,STATIC,128.35,FLEXION
169.73666666666668,4072,29.72,STATIC,107.21,STATIC,81.55,STATIC,38.20,STATIC,152.23,STATIC,167.43,STATIC,123.16,STATIC,120.09,FLEXION
169.77833333333334,4073,32.08,STATIC,107.47,STATIC,80.48,STATIC,35.88,STATIC,152.62,STATIC,171.24,STATIC,125.42,STATIC,129.60,EXTENSION
169.82000000000002,4074,35.96,STATIC,110.25,STATIC,79.23,STATIC,32.84,STATIC,148.54,STATIC,171.28,STATIC,119.18,FLEXION,131.84,STATIC
169.86166666666668,4075,39.58,STATIC,114.27,STATIC,78.05,STATIC,31.86,STATIC,147.13,STATIC,171.27,STATIC,121.00,STATIC,134.73,STATIC
169.90333333333334,4076,43.99,STATIC,123.45,EXTENSION,76.64,STATIC,33.12,STATIC,144.85,STATIC,169.63,STATIC,124.89,STATIC,140.47,EXTENSION
169.9466666666667,4077,49.40,EXTENSION,134.48,EXTENSION,74.94,STATIC,33.95,STATIC,148.47,STATIC,167.84,STATIC,130.53,EXTENSION,142.86,STATIC
169.98833333333334,4078,53.03,STATIC,134.48,STATIC,73.01,STATIC,29.48,STATIC,146.50,STATIC,172.97,EXTENSION,130.00,STATIC,134.83,FLEXION
170.03,4079,57.80,STATIC,132.86,STATIC,71.30,STATIC,24.85,STATIC,145.46,STATIC,172.68,STATIC,125.27,STATIC,127.45,FLEXION
170.0716666666667,4080,63.07,EXTENSION,129.04,STATIC,69.23,STATIC,17.43,FLEXION,146.98,STATIC,148.68,FLEXION,122.12,STATIC,99.09,FLEXION
170.11333333333334,4081,67.91,STATIC,124.89,STATIC,67.06,STATIC,11.70,FLEXION,151.12,STATIC,136.66,FLEXION,118.98,STATIC,85.12,FLEXION
170.155,4082,74.80,EXTENSION,121.74,STATIC,64.89,STATIC,10.61,STATIC,148.50,STATIC,145.03,EXTENSION,118.82,STATIC,96.95,EXTENSION
170.1966666666667,4083,79.92,EXTENSION,122.41,STATIC,62.34,STATIC,12.52,STATIC,147.08,STATIC,142.17,STATIC,118.93,STATIC,94.86,STATIC
170.23833333333334,4084,85.56,EXTENSION,118.25,STATIC,59.88,STATIC,11.02,STATIC,148.60,STATIC,143.69,STATIC,113.13,FLEXION,98.17,STATIC
170.28,4085,91.37,EXTENSION,116.40,STATIC,56.98,STATIC,11.81,STATIC,149.35,STATIC,140.02,STATIC,114.82,STATIC,100.80,STATIC
170.3216666666667,4086,95.95,STATIC,112.38,STATIC,53.62,STATIC,12.09,STATIC,152.46,STATIC,144.89,STATIC,120.47,EXTENSION,100.36,STATIC
170.36333333333334,4087,102.63,EXTENSION,114.35,STATIC,51.61,STATIC,12.74,STATIC,159.47,EXTENSION,148.73,STATIC,128.85,EXTENSION,112.13,EXTENSION
170.405,4088,107.42,STATIC,120.50,EXTENSION,48.58,STATIC,12.45,STATIC,162.29,STATIC,153.70,STATIC,135.81,EXTENSION,115.51,STATIC
170.4466666666667,4089,114.45,EXTENSION,120.61,STATIC,45.77,STATIC,11.66,STATIC,159.36,STATIC,152.05,STATIC,136.55,STATIC,117.75,STATIC
170.48833333333334,4090,117.83,STATIC,110.13,FLEXION,42.50,STATIC,10.01,STATIC,154.96,STATIC,151.83,STATIC,136.81,STATIC,120.21,STATIC
170.53,4091,121.33,STATIC,106.71,STATIC,41.07,STATIC,7.78,STATIC,152.08,STATIC,147.03,STATIC,136.18,STATIC,116.91,STATIC
170.5716666666667,4092,125.84,STATIC,106.60,STATIC,38.33,STATIC,13.93,EXTENSION,149.67,STATIC,142.04,STATIC,136.38,STATIC,110.75,FLEXION
170.61333333333334,4093,129.32,STATIC,108.64,STATIC,34.99,STATIC,14.66,STATIC,143.12,FLEXION,141.45,STATIC,133.97,STATIC,110.93,STATIC
170.655,4094,135.01,EXTENSION,108.41,STATIC,33.08,STATIC,15.79,STATIC,136.10,FLEXION,141.66,STATIC,128.07,FLEXION,108.39,STATIC
170.6966666666667,4095,136.78,STATIC,110.54,STATIC,30.03,STATIC,20.90,EXTENSION,134.25,STATIC,143.80,STATIC,131.13,STATIC,111.38,STATIC
170.73833333333334,4096,137.88,STATIC,111.50,STATIC,29.01,STATIC,20.85,STATIC,134.43,STATIC,145.81,STATIC,140.78,EXTENSION,116.93,EXTENSION
170.78,4097,143.45,EXTENSION,115.39,STATIC,30.50,STATIC,18.82,STATIC,135.33,STATIC,146.17,STATIC,145.08,STATIC,124.08,EXTENSION
170.8216666666667,4098,143.70,STATIC,109.16,FLEXION,34.48,STATIC,17.71,STATIC,131.50,STATIC,141.25,STATIC,148.00,STATIC,127.79,STATIC
170.86333333333334,4099,146.43,STATIC,114.14,STATIC,33.90,STATIC,16.67,STATIC,127.41,STATIC,139.19,STATIC,150.44,STATIC,134.74,EXTENSION
170.905,4100,149.15,STATIC,118.19,STATIC,34.00,STATIC,16.32,STATIC,125.58,STATIC,136.77,STATIC,153.06,STATIC,144.85,EXTENSION
170.9466666666667,4101,151.31,STATIC,120.41,STATIC,37.71,STATIC,16.16,STATIC,122.86,STATIC,135.00,STATIC,151.13,STATIC,142.30,STATIC
170.98833333333334,4102,150.28,STATIC,126.73,EXTENSION,36.39,STATIC,14.53,STATIC,120.05,STATIC,129.57,FLEXION,148.82,STATIC,142.30,STATIC
171.03,4103,153.96,STATIC,125.57,STATIC,39.48,STATIC,15.04,STATIC,119.39,STATIC,128.99,STATIC,145.98,STATIC,146.47,STATIC
171.0716666666667,4104,153.01,STATIC,126.69,STATIC,39.38,STATIC,15.63,STATIC,120.06,STATIC,127.04,STATIC,148.92,STATIC,153.03,EXTENSION
171.11333333333334,4105,156.39,STATIC,128.11,STATIC,40.74,STATIC,16.21,STATIC,120.27,STATIC,126.05,STATIC,150.85,STATIC,155.59,STATIC
171.155,4106,152.77,STATIC,127.02,STATIC,38.32,STATIC,13.22,STATIC,123.72,STATIC,128.61,STATIC,146.88,STATIC,149.32,FLEXION
171.1966666666667,4107,150.06,STATIC,127.78,STATIC,35.79,STATIC,12.57,STATIC,132.26,EXTENSION,138.65,EXTENSION,145.22,STATIC,145.57,STATIC
171.23833333333334,4108,147.38,STATIC,119.71,FLEXION,35.93,STATIC,14.03,STATIC,141.68,EXTENSION,148.05,EXTENSION,143.27,STATIC,145.22,STATIC
171.28,4109,141.98,FLEXION,124.24,STATIC,40.54,STATIC,18.63,STATIC,149.07,EXTENSION,156.43,EXTENSION,142.49,STATIC,147.21,STATIC
171.3216666666667,4110,143.47,STATIC,124.55,STATIC,42.00,STATIC,20.07,STATIC,153.69,STATIC,165.24,EXTENSION,142.84,STATIC,149.01,STATIC
171.36333333333334,4111,143.80,STATIC,121.27,STATIC,41.65,STATIC,18.90,STATIC,154.22,STATIC,173.68,EXTENSION,141.47,STATIC,155.88,EXTENSION
171.405,4112,138.49,FLEXION,123.95,STATIC,42.10,STATIC,15.83,STATIC,159.64,EXTENSION,175.40,STATIC,144.83,STATIC,149.09,FLEXION
171.4466666666667,4113,137.77,STATIC,125.28,STATIC,43.90,STATIC,16.00,STATIC,163.48,STATIC,176.18,STATIC,144.45,STATIC,148.04,STATIC
171.48833333333334,4114,136.82,STATIC,127.34,STATIC,44.06,STATIC,15.73,STATIC,164.73,STATIC,170.10,FLEXION,142.19,STATIC,148.06,STATIC
171.53,4115,135.73,STATIC,125.07,STATIC,44.01,STATIC,5.85,FLEXION,166.66,STATIC,164.76,FLEXION,144.55,STATIC,148.53,STATIC
171.5716666666667,4116,134.10,STATIC,134.69,EXTENSION,45.03,STATIC,7.49,STATIC,162.77,STATIC,160.69,STATIC,144.03,STATIC,148.52,STATIC
171.61333333333334,4117,131.21,STATIC,128.88,FLEXION,44.06,STATIC,7.40,STATIC,160.13,STATIC,155.63,FLEXION,144.29,STATIC,148.32,STATIC
171.655,4118,137.50,EXTENSION,135.75,EXTENSION,48.86,STATIC,14.46,EXTENSION,155.11,FLEXION,151.38,STATIC,143.69,STATIC,148.13,STATIC
171.6966666666667,4119,140.25,STATIC,130.56,FLEXION,46.05,STATIC,6.32,FLEXION,155.43,STATIC,149.14,STATIC,147.71,STATIC,155.56,EXTENSION
171.73833333333334,4120,145.52,EXTENSION,129.20,STATIC,51.83,EXTENSION,9.18,STATIC,152.42,STATIC,148.60,STATIC,150.52,STATIC,156.55,STATIC
171.78,4121,141.91,STATIC,132.56,STATIC,52.17,STATIC,14.94,EXTENSION,149.30,STATIC,147.73,STATIC,149.30,STATIC,152.48,STATIC
171.8216666666667,4122,140.64,STATIC,130.09,STATIC,47.18,STATIC,10.90,STATIC,145.01,STATIC,142.68,FLEXION,142.47,FLEXION,150.87,STATIC
171.98833333333334,4126,151.51,EXTENSION,142.35,EXTENSION,19.92,FLEXION,18.78,EXTENSION,146.16,STATIC,121.85,FLEXION,93.21,FLEXION,109.52,FLEXION
172.11333333333334,4129,165.81,EXTENSION,146.22,STATIC,27.42,EXTENSION,26.52,EXTENSION,155.21,EXTENSION,139.11,EXTENSION,80.38,FLEXION,133.49,EXTENSION
172.48833333333334,4138,163.71,STATIC,145.05,STATIC,27.36,STATIC,13.22,FLEXION,167.43,EXTENSION,153.58,EXTENSION,91.65,EXTENSION,152.25,EXTENSION
172.53,4139,154.13,FLEXION,146.74,STATIC,6.74,FLEXION,9.51,STATIC,171.09,STATIC,154.67,STATIC,85.32,FLEXION,151.67,STATIC
172.5716666666667,4140,154.25,STATIC,144.63,STATIC,20.07,EXTENSION,5.93,STATIC,172.82,STATIC,160.59,EXTENSION,80.40,STATIC,141.79,FLEXION
172.61333333333334,4141,152.51,STATIC,142.53,STATIC,23.44,STATIC,5.73,STATIC,175.54,STATIC,153.59,FLEXION,77.36,STATIC,126.67,FLEXION
172.655,4142,147.64,STATIC,138.70,STATIC,24.93,STATIC,6.98,STATIC,176.65,STATIC,158.37,STATIC,75.64,STATIC,146.86,EXTENSION
172.6966666666667,4143,145.50,STATIC,130.80,FLEXION,23.93,STATIC,8.22,STATIC,176.69,STATIC,156.44,STATIC,72.18,STATIC,133.16,FLEXION
172.73833333333334,4144,143.95,STATIC,126.24,STATIC,25.10,STATIC,9.21,STATIC,174.19,STATIC,150.17,FLEXION,76.35,STATIC,117.54,FLEXION
172.78,4145,142.00,STATIC,124.31,STATIC,27.08,STATIC,10.23,STATIC,173.06,STATIC,137.78,FLEXION,79.04,STATIC,106.03,FLEXION
172.8216666666667,4146,143.30,STATIC,125.78,STATIC,28.45,STATIC,11.74,STATIC,172.83,STATIC,137.86,STATIC,74.01,FLEXION,104.74,STATIC
172.86333333333334,4147,141.11,STATIC,123.17,STATIC,26.20,STATIC,13.78,STATIC,172.23,STATIC,146.39,EXTENSION,76.08,STATIC,120.03,EXTENSION
172.905,4148,140.54,STATIC,124.02,STATIC,26.21,STATIC,15.09,STATIC,170.27,STATIC,133.66,FLEXION,81.29,EXTENSION,103.42,FLEXION
172.9466666666667,4149,133.13,FLEXION,125.06,STATIC,18.97,FLEXION,18.13,STATIC,168.84,STATIC,139.97,EXTENSION,75.03,FLEXION,120.73,EXTENSION
172.98833333333334,4150,133.24,STATIC,124.41,STATIC,14.91,STATIC,20.97,STATIC,164.70,STATIC,128.33,FLEXION,69.72,FLEXION,142.25,EXTENSION
173.03,4151,131.62,STATIC,132.76,EXTENSION,19.52,STATIC,17.70,STATIC,165.09,STATIC,125.38,STATIC,73.55,STATIC,122.23,FLEXION
173.0716666666667,4152,124.22,FLEXION,146.40,EXTENSION,23.06,STATIC,14.53,STATIC,163.04,STATIC,118.47,FLEXION,69.73,STATIC,121.90,STATIC
173.11333333333334,4153,129.71,EXTENSION,130.05,FLEXION,41.98,EXTENSION,15.10,STATIC,155.00,FLEXION,112.54,FLEXION,73.02,STATIC,80.99,FLEXION
173.155,4154,119.72,FLEXION,137.28,EXTENSION,31.27,FLEXION,18.38,STATIC,153.60,STATIC,141.53,EXTENSION,76.59,STATIC,108.30,EXTENSION
173.1966666666667,4155,121.97,STATIC,132.10,FLEXION,31.14,STATIC,20.52,STATIC,154.12,STATIC,138.52,STATIC,81.13,STATIC,111.57,STATIC
173.23833333333334,4156,123.71,STATIC,129.96,STATIC,26.72,STATIC,22.40,STATIC,153.13,STATIC,141.46,STATIC,85.44,STATIC,120.72,EXTENSION
173.28,4157,121.66,STATIC,133.43,STATIC,26.62,STATIC,26.03,STATIC,152.78,STATIC,133.06,FLEXION,92.86,EXTENSION,118.31,STATIC
173.3216666666667,4158,126.92,EXTENSION,140.76,EXTENSION,25.84,STATIC,30.90,STATIC,150.61,STATIC,131.08,STATIC,96.61,STATIC,126.19,EXTENSION
173.36333333333334,4159,133.36,EXTENSION,144.11,STATIC,25.85,STATIC,34.84,STATIC,151.20,STATIC,128.15,STATIC,100.54,STATIC,129.15,STATIC
173.405,4160,134.87,STATIC,146.17,STATIC,28.52,STATIC,37.59,STATIC,146.81,STATIC,126.63,STATIC,99.81,STATIC,122.69,FLEXION
173.4466666666667,4161,138.35,STATIC,146.95,STATIC,28.06,STATIC,40.63,STATIC,148.74,STATIC,122.55,STATIC,104.48,STATIC,118.36,STATIC
173.48833333333334,4162,146.61,EXTENSION,153.07,EXTENSION,32.08,STATIC,46.35,EXTENSION,148.74,STATIC,125.48,STATIC,108.45,STATIC,116.37,STATIC
173.53,4163,157.51,EXTENSION,158.40,EXTENSION,35.35,STATIC,52.13,EXTENSION,149.62,STATIC,135.72,EXTENSION,111.30,STATIC,121.32,STATIC
173.5716666666667,4164,159.41,STATIC,159.22,STATIC,35.50,STATIC,57.34,EXTENSION,144.97,STATIC,139.20,STATIC,110.53,STATIC,124.46,STATIC
173.61333333333334,4165,163.54,STATIC,158.60,STATIC,36.01,STATIC,61.39,STATIC,146.60,STATIC,148.13,EXTENSION,113.56,STATIC,129.75,EXTENSION
173.655,4166,165.66,STATIC,158.05,STATIC,36.56,STATIC,64.80,STATIC,145.17,STATIC,147.84,STATIC,113.90,STATIC,126.34,STATIC
