timestamp,RIGHT_ELBOW_ANGLE,RIGHT_ELBOW_STATE,LEFT_ELBOW_ANGLE,LEFT_ELBOW_STATE,RIGHT_SHOULDER_ANGLE,RIGHT_SHOULDER_STATE,LEFT_SHOULDER_ANGLE,LEFT_SHOULDER_STATE,RIGHT_HIP_ANGLE,RIGHT_HIP_STATE,LEFT_HIP_ANGLE,LEFT_HIP_STATE,RIGHT_KNEE_ANGLE,RIGHT_KNEE_STATE,LEFT_KNEE_ANGLE,LEFT_KNEE_STATE,BODY_TILT_ANGLE,BODY_TILT_STATE,NECK_TRUNK_ANGLE_ANGLE,NECK_TRUNK_ANGLE_STATE
3.7,109,105.34,STATIC,121.36,STATIC,14.86,STATIC,13.06,STATIC,124.30,STATIC,127.23,STATIC,162.55,STATIC,147.14,STATIC
3.7333333333333334,110,112.25,EXTENSION,127.80,EXTENSION,13.88,STATIC,13.65,STATIC,126.05,STATIC,128.89,STATIC,158.93,STATIC,151.89,STATIC
3.766666666666667,111,111.63,STATIC,119.89,FLEXION,14.13,STATIC,15.46,STATIC,124.61,STATIC,129.07,STATIC,168.61,EXTENSION,157.64,EXTENSION
3.8000000000000003,112,110.30,STATIC,117.93,STATIC,15.78,STATIC,12.37,STATIC,78.44,FLEXION,71.87,FLEXION,111.63,FLEXION,92.10,FLEXION
3.8333333333333335,113,112.49,STATIC,123.23,EXTENSION,13.23,STATIC,12.68,STATIC,126.11,EXTENSION,125.66,EXTENSION,168.59,EXTENSION,159.52,EXTENSION
3.8666666666666667,114,113.46,STATIC,123.46,STATIC,12.90,STATIC,13.28,STATIC,125.92,STATIC,126.82,STATIC,166.24,STATIC,156.37,STATIC
3.9000000000000004,115,113.37,STATIC,121.91,STATIC,14.21,STATIC,10.68,STATIC,127.17,STATIC,126.24,STATIC,163.34,STATIC,154.16,STATIC
3.9333333333333336,116,112.85,STATIC,118.97,STATIC,14.08,STATIC,10.63,STATIC,127.06,STATIC,124.90,STATIC,164.83,STATIC,153.99,STATIC
3.966666666666667,117,112.84,STATIC,119.24,STATIC,14.42,STATIC,10.87,STATIC,126.80,STATIC,123.79,STATIC,163.14,STATIC,155.10,STATIC
4.0,118,112.43,STATIC,120.23,STATIC,14.78,STATIC,10.05,STATIC,126.55,STATIC,123.91,STATIC,163.14,STATIC,159.99,STATIC
4.033333333333333,119,102.49,FLEXION,110.69,FLEXION,17.74,STATIC,11.59,STATIC,125.63,STATIC,121.90,STATIC,164.96,STATIC,165.83,EXTENSION
4.066666666666667,120,103.70,STATIC,110.81,STATIC,22.66,STATIC,9.61,STATIC,124.77,STATIC,121.92,STATIC,166.78,STATIC,167.30,STATIC
4.1000000000000005,121,104.16,STATIC,115.10,STATIC,26.39,STATIC,13.32,STATIC,125.39,STATIC,123.62,STATIC,168.73,STATIC,167.01,STATIC
4.133333333333334,122,104.22,STATIC,116.49,STATIC,27.57,STATIC,10.78,STATIC,126.77,STATIC,124.68,STATIC,171.29,STATIC,170.20,STATIC
4.166666666666667,123,106.76,STATIC,136.82,EXTENSION,22.05,FLEXION,13.47,STATIC,128.08,STATIC,126.17,STATIC,171.09,STATIC,166.78,STATIC
4.2,124,105.18,STATIC,137.15,STATIC,20.85,STATIC,13.49,STATIC,128.12,STATIC,125.78,STATIC,170.26,STATIC,164.61,STATIC
4.233333333333333,125,110.35,EXTENSION,142.90,EXTENSION,17.40,STATIC,13.66,STATIC,127.85,STATIC,125.56,STATIC,171.07,STATIC,165.25,STATIC
4.266666666666667,126,110.95,STATIC,145.83,STATIC,17.37,STATIC,13.19,STATIC,127.33,STATIC,125.24,STATIC,169.74,STATIC,165.93,STATIC
4.300000000000001,127,108.17,STATIC,143.29,STATIC,19.13,STATIC,12.88,STATIC,132.20,STATIC,127.41,STATIC,167.20,STATIC,164.79,STATIC
4.333333333333334,128,109.23,STATIC,146.68,STATIC,19.13,STATIC,12.58,STATIC,135.63,STATIC,127.10,STATIC,165.48,STATIC,166.83,STATIC
4.366666666666667,129,113.06,STATIC,149.84,STATIC,20.65,STATIC,11.58,STATIC,138.63,STATIC,127.05,STATIC,164.95,STATIC,168.99,STATIC
4.4,130,106.65,FLEXION,148.66,STATIC,23.55,STATIC,10.36,STATIC,140.60,STATIC,125.44,STATIC,162.80,STATIC,166.35,STATIC
4.433333333333334,131,107.36,STATIC,146.56,STATIC,22.09,STATIC,7.81,STATIC,144.86,STATIC,124.84,STATIC,154.63,FLEXION,162.01,STATIC
4.466666666666667,132,103.91,STATIC,145.44,STATIC,24.85,STATIC,4.21,STATIC,148.24,STATIC,122.17,STATIC,131.14,FLEXION,158.86,STATIC
4.5,133,104.91,STATIC,150.35,STATIC,22.92,STATIC,6.40,STATIC,139.92,FLEXION,114.87,FLEXION,119.38,FLEXION,150.58,FLEXION
4.533333333333333,134,105.34,STATIC,147.84,STATIC,23.77,STATIC,6.54,STATIC,112.87,FLEXION,65.50,FLEXION,89.90,FLEXION,70.03,FLEXION
4.566666666666667,135,109.14,STATIC,147.69,STATIC,22.31,STATIC,6.47,STATIC,97.70,FLEXION,58.55,FLEXION,79.15,FLEXION,61.63,FLEXION
4.6000000000000005,136,111.95,STATIC,151.84,STATIC,20.01,STATIC,8.13,STATIC,104.43,EXTENSION,56.59,STATIC,86.49,EXTENSION,66.44,STATIC
4.633333333333334,137,111.36,STATIC,156.22,STATIC,18.13,STATIC,11.35,STATIC,126.33,EXTENSION,54.71,STATIC,98.83,EXTENSION,75.11,EXTENSION
4.666666666666667,138,109.06,STATIC,156.80,STATIC,16.52,STATIC,15.53,STATIC,121.55,STATIC,64.34,EXTENSION,100.91,STATIC,78.39,STATIC
4.7,139,111.37,STATIC,157.49,STATIC,15.61,STATIC,18.69,STATIC,148.96,EXTENSION,142.13,EXTENSION,129.99,EXTENSION,167.23,EXTENSION
4.733333333333333,140,115.78,STATIC,156.23,STATIC,16.23,STATIC,22.23,STATIC,150.38,STATIC,139.62,STATIC,148.95,EXTENSION,166.08,STATIC
4.766666666666667,141,124.35,EXTENSION,155.41,STATIC,16.42,STATIC,21.57,STATIC,152.76,STATIC,141.37,STATIC,150.36,STATIC,165.72,STATIC
4.800000000000001,142,128.99,STATIC,158.92,STATIC,17.01,STATIC,21.02,STATIC,161.30,EXTENSION,152.27,EXTENSION,143.42,FLEXION,159.51,FLEXION
4.833333333333334,143,132.13,STATIC,152.66,FLEXION,19.07,STATIC,22.36,STATIC,166.06,STATIC,153.78,STATIC,139.63,STATIC,157.10,STATIC
4.866666666666667,144,136.34,STATIC,152.88,STATIC,16.50,STATIC,19.64,STATIC,139.10,FLEXION,139.47,FLEXION,97.86,FLEXION,101.26,FLEXION
4.9,145,143.38,EXTENSION,146.73,FLEXION,14.37,STATIC,19.76,STATIC,123.51,FLEXION,106.50,FLEXION,105.17,EXTENSION,90.01,FLEXION
4.933333333333334,146,141.21,STATIC,146.13,STATIC,13.65,STATIC,18.94,STATIC,123.20,STATIC,103.74,STATIC,108.23,STATIC,95.05,EXTENSION
4.966666666666667,147,137.91,STATIC,139.77,FLEXION,16.08,STATIC,21.57,STATIC,123.58,STATIC,107.49,STATIC,107.51,STATIC,90.06,STATIC
5.0,148,137.42,STATIC,143.57,STATIC,15.64,STATIC,20.66,STATIC,124.04,STATIC,102.94,STATIC,107.45,STATIC,85.58,STATIC
5.033333333333333,149,134.86,STATIC,142.11,STATIC,15.39,STATIC,22.79,STATIC,132.99,EXTENSION,119.83,EXTENSION,105.10,STATIC,98.90,EXTENSION
5.066666666666667,150,128.93,FLEXION,142.80,STATIC,14.22,STATIC,21.15,STATIC,126.93,FLEXION,91.42,FLEXION,109.38,STATIC,86.80,FLEXION
5.1000000000000005,151,128.88,STATIC,141.23,STATIC,13.11,STATIC,21.00,STATIC,117.64,FLEXION,83.62,FLEXION,115.96,EXTENSION,91.06,STATIC
5.133333333333334,152,126.71,STATIC,143.05,STATIC,13.53,STATIC,19.69,STATIC,110.41,FLEXION,79.71,STATIC,122.58,EXTENSION,98.92,EXTENSION
5.166666666666667,153,122.27,STATIC,143.48,STATIC,14.54,STATIC,20.06,STATIC,102.71,FLEXION,78.59,STATIC,126.53,STATIC,107.71,EXTENSION
5.2,154,120.99,STATIC,139.66,STATIC,16.00,STATIC,20.96,STATIC,102.83,STATIC,74.96,STATIC,111.12,FLEXION,87.69,FLEXION
5.233333333333333,155,124.14,STATIC,143.20,STATIC,12.12,STATIC,22.18,STATIC,110.30,EXTENSION,80.96,EXTENSION,126.17,EXTENSION,107.45,EXTENSION
5.266666666666667,156,123.15,STATIC,143.70,STATIC,11.39,STATIC,22.88,STATIC,106.14,STATIC,78.69,STATIC,130.93,STATIC,111.52,STATIC
5.300000000000001,157,127.58,STATIC,146.68,STATIC,9.60,STATIC,20.73,STATIC,110.37,STATIC,80.27,STATIC,127.64,STATIC,103.54,FLEXION
5.333333333333334,158,126.35,STATIC,149.39,STATIC,10.24,STATIC,19.69,STATIC,117.69,EXTENSION,91.05,EXTENSION,127.26,STATIC,109.39,EXTENSION
5.366666666666667,159,125.70,STATIC,151.77,STATIC,11.03,STATIC,18.29,STATIC,132.37,EXTENSION,113.34,EXTENSION,142.85,EXTENSION,143.82,EXTENSION
5.4,160,128.35,STATIC,153.34,STATIC,12.13,STATIC,14.40,STATIC,155.13,EXTENSION,170.67,EXTENSION,124.55,FLEXION,130.97,FLEXION
5.433333333333334,161,131.01,STATIC,154.00,STATIC,13.37,STATIC,14.34,STATIC,156.61,STATIC,156.19,FLEXION,126.42,STATIC,134.04,STATIC
5.466666666666667,162,132.27,STATIC,152.16,STATIC,15.84,STATIC,15.89,STATIC,160.90,STATIC,163.11,EXTENSION,128.22,STATIC,145.21,EXTENSION
5.5,163,128.99,STATIC,153.09,STATIC,18.70,STATIC,18.61,STATIC,162.99,STATIC,169.24,EXTENSION,123.37,STATIC,142.12,STATIC
5.533333333333334,164,130.62,STATIC,149.64,STATIC,20.49,STATIC,20.13,STATIC,168.70,EXTENSION,175.07,EXTENSION,126.59,STATIC,147.55,EXTENSION
5.566666666666667,165,136.99,EXTENSION,149.06,STATIC,21.66,STATIC,21.94,STATIC,176.21,EXTENSION,176.36,STATIC,125.48,STATIC,147.76,STATIC
5.6000000000000005,166,136.31,STATIC,151.70,STATIC,22.79,STATIC,24.30,STATIC,171.88,STATIC,174.39,STATIC,121.84,STATIC,143.27,STATIC
5.633333333333334,167,135.46,STATIC,147.82,STATIC,25.00,STATIC,23.79,STATIC,166.35,FLEXION,170.66,STATIC,119.66,STATIC,141.93,STATIC
5.666666666666667,168,132.61,STATIC,147.02,STATIC,27.34,STATIC,26.74,STATIC,163.46,STATIC,166.27,STATIC,118.56,STATIC,139.57,STATIC
5.7,169,130.82,STATIC,147.58,STATIC,29.23,STATIC,25.29,STATIC,159.03,STATIC,160.49,FLEXION,116.87,STATIC,137.44,STATIC
5.733333333333333,170,130.84,STATIC,144.87,STATIC,31.96,STATIC,26.06,STATIC,156.27,STATIC,157.74,STATIC,116.60,STATIC,137.71,STATIC
5.766666666666667,171,127.89,STATIC,145.62,STATIC,34.18,STATIC,25.53,STATIC,152.00,STATIC,154.32,STATIC,116.06,STATIC,138.95,STATIC
5.800000000000001,172,130.53,STATIC,143.55,STATIC,39.59,EXTENSION,20.61,STATIC,143.99,FLEXION,149.99,STATIC,114.29,STATIC,139.44,STATIC
5.833333333333334,173,125.88,STATIC,142.16,STATIC,40.67,STATIC,32.70,EXTENSION,143.32,STATIC,147.15,STATIC,113.27,STATIC,138.88,STATIC
5.866666666666667,174,122.62,STATIC,139.51,STATIC,43.38,STATIC,28.48,STATIC,140.86,STATIC,143.58,STATIC,113.63,STATIC,138.53,STATIC
5.9,175,120.75,STATIC,139.80,STATIC,45.05,STATIC,26.96,STATIC,138.53,STATIC,140.70,STATIC,113.04,STATIC,139.23,STATIC
5.933333333333334,176,118.12,STATIC,137.68,STATIC,46.32,STATIC,31.10,STATIC,137.57,STATIC,139.33,STATIC,112.80,STATIC,138.10,STATIC
5.966666666666667,177,114.38,STATIC,136.16,STATIC,47.88,STATIC,39.05,EXTENSION,137.32,STATIC,137.86,STATIC,113.51,STATIC,137.85,STATIC
6.0,178,113.30,STATIC,135.38,STATIC,49.00,STATIC,36.71,STATIC,136.68,STATIC,136.09,STATIC,113.19,STATIC,137.58,STATIC
6.033333333333334,179,113.20,STATIC,131.92,STATIC,49.43,STATIC,38.22,STATIC,136.22,STATIC,134.45,STATIC,112.48,STATIC,137.78,STATIC
6.066666666666667,180,112.67,STATIC,131.92,STATIC,51.31,STATIC,40.89,STATIC,133.24,STATIC,132.62,STATIC,112.05,STATIC,137.41,STATIC
6.1000000000000005,181,109.19,STATIC,134.30,STATIC,53.60,STATIC,40.16,STATIC,130.69,STATIC,130.42,STATIC,111.29,STATIC,136.49,STATIC
6.133333333333334,182,107.61,STATIC,137.61,STATIC,53.41,STATIC,34.33,FLEXION,128.43,STATIC,127.89,STATIC,107.98,STATIC,136.18,STATIC
6.166666666666667,183,105.77,STATIC,137.51,STATIC,55.21,STATIC,34.00,STATIC,125.89,STATIC,126.03,STATIC,107.08,STATIC,135.59,STATIC
6.2,184,104.15,STATIC,137.68,STATIC,55.29,STATIC,35.25,STATIC,125.30,STATIC,123.41,STATIC,106.35,STATIC,135.25,STATIC
6.233333333333333,185,105.30,STATIC,140.06,STATIC,55.87,STATIC,37.83,STATIC,123.54,STATIC,121.85,STATIC,107.97,STATIC,135.19,STATIC
6.2666666666666675,186,101.68,STATIC,140.85,STATIC,61.23,EXTENSION,39.77,STATIC,121.93,STATIC,120.49,STATIC,107.95,STATIC,134.17,STATIC
6.300000000000001,187,102.23,STATIC,141.14,STATIC,61.14,STATIC,38.66,STATIC,120.30,STATIC,118.22,STATIC,108.63,STATIC,132.49,STATIC
6.333333333333334,188,102.77,STATIC,140.62,STATIC,62.73,STATIC,36.84,STATIC,118.34,STATIC,116.93,STATIC,109.64,STATIC,131.11,STATIC
6.366666666666667,189,103.91,STATIC,144.46,STATIC,63.25,STATIC,32.64,STATIC,117.54,STATIC,115.63,STATIC,113.27,STATIC,134.00,STATIC
6.4,190,103.35,STATIC,137.96,FLEXION,64.56,STATIC,37.04,STATIC,116.14,STATIC,114.38,STATIC,114.07,STATIC,133.05,STATIC
6.433333333333334,191,101.07,STATIC,138.76,STATIC,65.73,STATIC,37.88,STATIC,115.11,STATIC,113.66,STATIC,116.07,STATIC,134.99,STATIC
6.466666666666667,192,99.10,STATIC,141.59,STATIC,67.10,STATIC,38.96,STATIC,113.85,STATIC,112.76,STATIC,117.80,STATIC,136.53,STATIC
6.5,193,97.46,STATIC,142.23,STATIC,68.30,STATIC,39.20,STATIC,111.76,STATIC,111.85,STATIC,117.87,STATIC,137.86,STATIC
6.533333333333334,194,95.24,STATIC,143.45,STATIC,69.47,STATIC,39.70,STATIC,110.53,STATIC,111.49,STATIC,119.09,STATIC,140.87,STATIC
6.566666666666667,195,93.01,STATIC,144.48,STATIC,70.49,STATIC,39.79,STATIC,109.65,STATIC,111.36,STATIC,120.33,STATIC,143.95,STATIC
6.6000000000000005,196,91.90,STATIC,146.65,STATIC,71.64,STATIC,39.20,STATIC,108.09,STATIC,110.63,STATIC,120.08,STATIC,145.13,STATIC
6.633333333333334,197,91.87,STATIC,147.29,STATIC,72.53,STATIC,38.01,STATIC,107.32,STATIC,110.04,STATIC,120.15,STATIC,145.80,STATIC
6.666666666666667,198,92.85,STATIC,144.80,STATIC,73.23,STATIC,34.47,STATIC,107.15,STATIC,110.12,STATIC,121.16,STATIC,147.70,STATIC
6.7,199,93.84,STATIC,144.95,STATIC,74.01,STATIC,34.07,STATIC,106.42,STATIC,109.83,STATIC,123.79,STATIC,148.47,STATIC
6.733333333333333,200,94.60,STATIC,144.82,STATIC,74.78,STATIC,34.30,STATIC,105.74,STATIC,109.60,STATIC,122.71,STATIC,149.75,STATIC
6.7666666666666675,201,95.29,STATIC,143.96,STATIC,75.41,STATIC,35.76,STATIC,105.21,STATIC,109.49,STATIC,122.46,STATIC,151.69,STATIC
6.800000000000001,202,96.45,STATIC,142.90,STATIC,75.91,STATIC,34.74,STATIC,104.81,STATIC,109.71,STATIC,122.36,STATIC,158.93,EXTENSION
6.833333333333334,203,97.18,STATIC,140.11,STATIC,76.36,STATIC,33.32,STATIC,104.39,STATIC,109.39,STATIC,122.35,STATIC,159.88,STATIC
6.866666666666667,204,98.03,STATIC,139.43,STATIC,76.79,STATIC,33.59,STATIC,104.26,STATIC,109.46,STATIC,122.71,STATIC,160.21,STATIC
6.9,205,98.55,STATIC,141.09,STATIC,76.71,STATIC,33.71,STATIC,103.95,STATIC,109.70,STATIC,122.92,STATIC,161.53,STATIC
6.933333333333334,206,97.90,STATIC,140.33,STATIC,77.20,STATIC,33.61,STATIC,103.51,STATIC,109.65,STATIC,123.19,STATIC,161.95,STATIC
6.966666666666667,207,96.98,STATIC,142.51,STATIC,77.91,STATIC,37.97,STATIC,103.08,STATIC,109.33,STATIC,123.32,STATIC,160.29,STATIC
7.000000000000001,208,96.34,STATIC,140.99,STATIC,78.30,STATIC,37.84,STATIC,102.94,STATIC,109.34,STATIC,123.39,STATIC,160.78,STATIC
7.033333333333334,209,95.01,STATIC,141.71,STATIC,78.95,STATIC,38.39,STATIC,102.82,STATIC,109.24,STATIC,123.87,STATIC,161.43,STATIC
7.066666666666667,210,94.30,STATIC,140.37,STATIC,79.15,STATIC,38.12,STATIC,102.69,STATIC,108.99,STATIC,124.58,STATIC,159.88,STATIC
7.1000000000000005,211,93.95,STATIC,140.57,STATIC,79.40,STATIC,37.66,STATIC,102.58,STATIC,108.98,STATIC,125.44,STATIC,160.95,STATIC
7.133333333333334,212,92.95,STATIC,141.27,STATIC,79.62,STATIC,37.53,STATIC,102.63,STATIC,108.85,STATIC,126.69,STATIC,159.56,STATIC
7.166666666666667,213,88.50,STATIC,145.60,STATIC,79.96,STATIC,38.59,STATIC,102.21,STATIC,108.51,STATIC,127.15,STATIC,157.76,STATIC
7.2,214,84.27,STATIC,145.30,STATIC,80.06,STATIC,38.94,STATIC,102.11,STATIC,108.40,STATIC,127.73,STATIC,156.60,STATIC
7.233333333333333,215,82.84,STATIC,144.18,STATIC,80.18,STATIC,38.49,STATIC,102.25,STATIC,108.45,STATIC,127.74,STATIC,157.11,STATIC
7.2666666666666675,216,79.04,STATIC,145.56,STATIC,80.40,STATIC,38.09,STATIC,102.07,STATIC,108.02,STATIC,127.69,STATIC,155.19,STATIC
7.300000000000001,217,71.43,FLEXION,147.61,STATIC,80.51,STATIC,37.61,STATIC,102.10,STATIC,107.66,STATIC,127.96,STATIC,155.57,STATIC
7.333333333333334,218,60.85,FLEXION,150.03,STATIC,80.42,STATIC,36.33,STATIC,102.28,STATIC,107.64,STATIC,128.89,STATIC,158.11,STATIC
7.366666666666667,219,56.35,STATIC,151.12,STATIC,80.53,STATIC,34.96,STATIC,102.09,STATIC,108.26,STATIC,128.16,STATIC,160.60,STATIC
7.4,220,53.03,STATIC,151.82,STATIC,80.44,STATIC,33.77,STATIC,102.11,STATIC,108.64,STATIC,128.22,STATIC,162.86,STATIC
7.433333333333334,221,49.29,STATIC,152.51,STATIC,80.65,STATIC,34.27,STATIC,101.72,STATIC,108.98,STATIC,127.94,STATIC,163.42,STATIC
7.466666666666667,222,49.86,STATIC,151.86,STATIC,80.93,STATIC,34.39,STATIC,101.58,STATIC,109.06,STATIC,127.42,STATIC,165.22,STATIC
7.500000000000001,223,44.78,FLEXION,151.46,STATIC,81.02,STATIC,33.73,STATIC,101.56,STATIC,109.91,STATIC,126.52,STATIC,168.26,STATIC
7.533333333333334,224,45.49,STATIC,151.22,STATIC,80.87,STATIC,32.34,STATIC,101.54,STATIC,111.28,STATIC,126.23,STATIC,171.35,STATIC
7.566666666666667,225,41.61,STATIC,150.40,STATIC,80.89,STATIC,32.58,STATIC,101.38,STATIC,112.69,STATIC,125.62,STATIC,173.38,STATIC
7.6000000000000005,226,40.14,STATIC,149.57,STATIC,81.13,STATIC,33.27,STATIC,101.30,STATIC,113.81,STATIC,125.65,STATIC,174.70,STATIC
7.633333333333334,227,37.95,STATIC,149.16,STATIC,81.11,STATIC,33.71,STATIC,101.47,STATIC,115.06,STATIC,125.38,STATIC,174.72,STATIC
7.666666666666667,228,37.40,STATIC,150.00,STATIC,81.07,STATIC,33.99,STATIC,101.73,STATIC,116.27,STATIC,124.86,STATIC,173.64,STATIC
7.7,229,38.29,STATIC,151.14,STATIC,80.83,STATIC,35.47,STATIC,102.11,STATIC,117.39,STATIC,124.02,STATIC,173.17,STATIC
7.733333333333333,230,38.29,STATIC,152.46,STATIC,80.60,STATIC,36.58,STATIC,102.56,STATIC,118.57,STATIC,123.53,STATIC,172.01,STATIC
7.7666666666666675,231,37.99,STATIC,151.89,STATIC,80.22,STATIC,36.11,STATIC,103.06,STATIC,119.87,STATIC,123.46,STATIC,169.96,STATIC
7.800000000000001,232,34.72,STATIC,153.15,STATIC,79.63,STATIC,36.55,STATIC,103.84,STATIC,120.66,STATIC,122.64,STATIC,169.20,STATIC
7.833333333333334,233,33.52,STATIC,153.25,STATIC,78.89,STATIC,38.02,STATIC,104.62,STATIC,121.25,STATIC,121.55,STATIC,168.79,STATIC
7.866666666666667,234,28.93,STATIC,152.51,STATIC,78.47,STATIC,37.21,STATIC,105.28,STATIC,122.01,STATIC,121.10,STATIC,167.09,STATIC
7.9,235,29.25,STATIC,151.28,STATIC,78.17,STATIC,37.60,STATIC,105.68,STATIC,124.02,STATIC,120.46,STATIC,164.55,STATIC
7.933333333333334,236,29.37,STATIC,151.40,STATIC,78.03,STATIC,37.62,STATIC,105.85,STATIC,125.91,STATIC,120.43,STATIC,162.45,STATIC
7.966666666666667,237,30.17,STATIC,152.76,STATIC,78.00,STATIC,38.43,STATIC,105.95,STATIC,127.52,STATIC,120.19,STATIC,160.54,STATIC
8.0,238,30.69,STATIC,152.54,STATIC,77.99,STATIC,38.44,STATIC,106.11,STATIC,129.25,STATIC,120.08,STATIC,158.65,STATIC
8.033333333333333,239,30.24,STATIC,152.39,STATIC,77.91,STATIC,38.44,STATIC,106.25,STATIC,131.21,STATIC,120.15,STATIC,156.25,STATIC
8.066666666666666,240,28.53,STATIC,152.28,STATIC,77.88,STATIC,38.49,STATIC,106.29,STATIC,133.10,STATIC,120.21,STATIC,154.10,STATIC
8.1,241,27.35,STATIC,151.36,STATIC,78.05,STATIC,38.39,STATIC,106.18,STATIC,135.35,STATIC,120.28,STATIC,151.55,STATIC
8.133333333333335,242,28.12,STATIC,149.46,STATIC,78.23,STATIC,38.25,STATIC,106.03,STATIC,137.27,STATIC,119.97,STATIC,149.39,STATIC
8.166666666666668,243,28.73,STATIC,147.02,STATIC,78.45,STATIC,38.02,STATIC,105.80,STATIC,138.98,STATIC,119.60,STATIC,147.60,STATIC
8.200000000000001,244,32.05,STATIC,144.73,STATIC,78.78,STATIC,38.34,STATIC,105.48,STATIC,139.83,STATIC,119.16,STATIC,146.69,STATIC
8.233333333333334,245,32.33,STATIC,141.63,STATIC,78.94,STATIC,37.64,STATIC,105.22,STATIC,140.73,STATIC,118.75,STATIC,145.89,STATIC
8.266666666666667,246,32.16,STATIC,139.98,STATIC,79.09,STATIC,36.77,STATIC,104.91,STATIC,140.90,STATIC,119.07,STATIC,145.92,STATIC
8.3,247,33.08,STATIC,138.35,STATIC,79.25,STATIC,36.61,STATIC,104.49,STATIC,139.81,STATIC,118.89,STATIC,147.04,STATIC
8.333333333333334,248,24.88,FLEXION,132.92,FLEXION,79.13,STATIC,32.42,STATIC,104.17,STATIC,137.67,STATIC,119.99,STATIC,149.09,STATIC
8.366666666666667,249,25.69,STATIC,118.82,FLEXION,78.85,STATIC,28.24,STATIC,104.21,STATIC,136.23,STATIC,121.77,STATIC,150.51,STATIC
8.4,250,26.83,STATIC,114.35,STATIC,78.75,STATIC,28.64,STATIC,104.02,STATIC,133.95,STATIC,122.48,STATIC,152.82,STATIC
8.433333333333334,251,26.01,STATIC,109.68,STATIC,78.70,STATIC,26.43,STATIC,103.86,STATIC,133.79,STATIC,123.96,STATIC,153.73,STATIC
8.466666666666667,252,28.38,STATIC,106.14,STATIC,78.64,STATIC,24.83,STATIC,103.83,STATIC,134.51,STATIC,125.34,STATIC,153.24,STATIC
8.5,253,32.30,STATIC,97.91,FLEXION,78.57,STATIC,21.04,STATIC,103.97,STATIC,134.59,STATIC,126.57,STATIC,153.06,STATIC
8.533333333333333,254,35.59,STATIC,96.10,STATIC,78.50,STATIC,16.05,STATIC,104.06,STATIC,133.97,STATIC,127.12,STATIC,153.96,STATIC
8.566666666666666,255,39.41,STATIC,93.99,STATIC,78.88,STATIC,15.79,STATIC,104.18,STATIC,133.83,STATIC,128.48,STATIC,154.36,STATIC
8.600000000000001,256,47.94,EXTENSION,94.14,STATIC,78.86,STATIC,14.58,STATIC,104.33,STATIC,132.55,STATIC,129.67,STATIC,155.12,STATIC
8.633333333333335,257,50.70,STATIC,94.73,STATIC,78.85,STATIC,13.49,STATIC,104.46,STATIC,131.44,STATIC,131.03,STATIC,156.54,STATIC
8.666666666666668,258,57.69,EXTENSION,95.18,STATIC,78.78,STATIC,13.80,STATIC,104.63,STATIC,129.55,STATIC,131.43,STATIC,158.86,STATIC
8.700000000000001,259,60.66,STATIC,95.98,STATIC,78.69,STATIC,14.35,STATIC,104.87,STATIC,127.79,STATIC,132.21,STATIC,161.06,STATIC
8.733333333333334,260,64.58,STATIC,97.32,STATIC,78.64,STATIC,15.96,STATIC,105.05,STATIC,125.47,STATIC,133.07,STATIC,163.92,STATIC
8.766666666666667,261,66.28,STATIC,97.38,STATIC,78.68,STATIC,17.66,STATIC,104.94,STATIC,123.25,STATIC,132.46,STATIC,167.37,STATIC
8.8,262,69.02,STATIC,97.51,STATIC,78.73,STATIC,17.96,STATIC,104.94,STATIC,121.44,STATIC,133.14,STATIC,170.29,STATIC
8.833333333333334,263,72.71,STATIC,97.35,STATIC,78.82,STATIC,18.79,STATIC,104.86,STATIC,119.75,STATIC,133.30,STATIC,173.18,STATIC
8.866666666666667,264,76.48,STATIC,98.19,STATIC,78.86,STATIC,18.23,STATIC,104.80,STATIC,118.19,STATIC,133.37,STATIC,175.62,STATIC
8.9,265,78.56,STATIC,98.67,STATIC,78.87,STATIC,18.34,STATIC,104.72,STATIC,117.15,STATIC,133.65,STATIC,177.19,STATIC
8.933333333333334,266,80.97,STATIC,100.27,STATIC,78.85,STATIC,17.43,STATIC,104.60,STATIC,116.10,STATIC,133.69,STATIC,177.76,STATIC
8.966666666666667,267,82.20,STATIC,103.10,STATIC,78.79,STATIC,16.20,STATIC,104.39,STATIC,115.25,STATIC,133.92,STATIC,177.07,STATIC
9.0,268,84.18,STATIC,104.13,STATIC,78.76,STATIC,16.61,STATIC,104.27,STATIC,114.25,STATIC,133.46,STATIC,175.86,STATIC
9.033333333333333,269,85.16,STATIC,103.56,STATIC,78.80,STATIC,17.71,STATIC,104.16,STATIC,114.16,STATIC,133.20,STATIC,175.65,STATIC
9.066666666666666,270,86.31,STATIC,103.23,STATIC,78.85,STATIC,18.13,STATIC,104.08,STATIC,114.14,STATIC,132.77,STATIC,175.61,STATIC
9.100000000000001,271,87.83,STATIC,102.84,STATIC,78.93,STATIC,18.22,STATIC,104.04,STATIC,113.99,STATIC,132.18,STATIC,174.89,STATIC
9.133333333333335,272,88.71,STATIC,101.21,STATIC,79.03,STATIC,19.31,STATIC,104.05,STATIC,114.03,STATIC,131.89,STATIC,174.44,STATIC
9.166666666666668,273,89.73,STATIC,100.75,STATIC,79.13,STATIC,19.06,STATIC,104.06,STATIC,114.15,STATIC,132.13,STATIC,174.52,STATIC
9.200000000000001,274,90.88,STATIC,100.07,STATIC,79.16,STATIC,19.04,STATIC,104.01,STATIC,114.15,STATIC,132.16,STATIC,174.60,STATIC
9.233333333333334,275,91.80,STATIC,98.87,STATIC,79.20,STATIC,19.64,STATIC,104.05,STATIC,114.06,STATIC,132.65,STATIC,174.30,STATIC
9.266666666666667,276,92.45,STATIC,97.92,STATIC,79.23,STATIC,20.20,STATIC,104.09,STATIC,113.98,STATIC,132.96,STATIC,174.24,STATIC
9.3,277,93.24,STATIC,97.08,STATIC,79.29,STATIC,20.73,STATIC,104.10,STATIC,113.68,STATIC,132.79,STATIC,173.78,STATIC
9.333333333333334,278,93.93,STATIC,96.65,STATIC,79.28,STATIC,21.02,STATIC,104.10,STATIC,113.75,STATIC,132.87,STATIC,173.83,STATIC
9.366666666666667,279,94.21,STATIC,96.67,STATIC,79.28,STATIC,20.53,STATIC,104.04,STATIC,113.95,STATIC,132.89,STATIC,174.49,STATIC
9.4,280,94.67,STATIC,96.69,STATIC,79.27,STATIC,20.09,STATIC,104.01,STATIC,113.91,STATIC,132.74,STATIC,174.57,STATIC
9.433333333333334,281,95.40,STATIC,96.96,STATIC,79.12,STATIC,19.56,STATIC,103.97,STATIC,113.74,STATIC,132.15,STATIC,174.29,STATIC
9.466666666666667,282,95.75,STATIC,96.82,STATIC,79.02,STATIC,19.43,STATIC,103.96,STATIC,113.67,STATIC,131.68,STATIC,174.16,STATIC
9.5,283,96.13,STATIC,96.71,STATIC,78.95,STATIC,19.36,STATIC,103.94,STATIC,113.32,STATIC,131.20,STATIC,173.60,STATIC
9.533333333333333,284,96.68,STATIC,97.28,STATIC,78.87,STATIC,18.75,STATIC,103.92,STATIC,113.08,STATIC,130.64,STATIC,173.27,STATIC
9.566666666666666,285,97.04,STATIC,97.64,STATIC,78.84,STATIC,18.24,STATIC,103.91,STATIC,112.83,STATIC,130.41,STATIC,172.85,STATIC
9.600000000000001,286,97.29,STATIC,97.54,STATIC,78.82,STATIC,18.15,STATIC,103.88,STATIC,112.61,STATIC,129.83,STATIC,172.33,STATIC
9.633333333333335,287,97.51,STATIC,97.55,STATIC,78.77,STATIC,17.75,STATIC,103.89,STATIC,112.19,STATIC,129.43,STATIC,171.45,STATIC
9.666666666666668,288,97.70,STATIC,97.57,STATIC,78.75,STATIC,17.38,STATIC,103.90,STATIC,111.80,STATIC,129.34,STATIC,170.72,STATIC
9.700000000000001,289,98.19,STATIC,97.45,STATIC,78.64,STATIC,17.24,STATIC,103.90,STATIC,111.57,STATIC,129.05,STATIC,170.24,STATIC
9.733333333333334,290,98.21,STATIC,97.07,STATIC,78.64,STATIC,17.29,STATIC,103.89,STATIC,111.47,STATIC,128.61,STATIC,170.02,STATIC
9.766666666666667,291,98.38,STATIC,96.77,STATIC,78.65,STATIC,17.16,STATIC,103.88,STATIC,111.42,STATIC,128.39,STATIC,170.03,STATIC
9.8,292,98.54,STATIC,96.48,STATIC,78.66,STATIC,17.25,STATIC,103.84,STATIC,111.39,STATIC,128.37,STATIC,169.94,STATIC
9.833333333333334,293,98.50,STATIC,96.13,STATIC,78.67,STATIC,17.28,STATIC,103.80,STATIC,111.29,STATIC,127.95,STATIC,169.77,STATIC
9.866666666666667,294,98.65,STATIC,96.82,STATIC,78.63,STATIC,16.62,STATIC,103.74,STATIC,110.97,STATIC,127.66,STATIC,169.00,STATIC
9.9,295,98.73,STATIC,96.82,STATIC,78.61,STATIC,16.49,STATIC,103.70,STATIC,110.78,STATIC,127.50,STATIC,168.53,STATIC
9.933333333333334,296,98.88,STATIC,96.48,STATIC,78.60,STATIC,16.76,STATIC,103.66,STATIC,110.68,STATIC,127.12,STATIC,168.26,STATIC
9.966666666666667,297,98.85,STATIC,96.09,STATIC,78.62,STATIC,16.95,STATIC,103.63,STATIC,110.71,STATIC,127.04,STATIC,168.46,STATIC
10.0,298,98.80,STATIC,95.87,STATIC,78.62,STATIC,17.02,STATIC,103.62,STATIC,110.77,STATIC,126.88,STATIC,168.69,STATIC
10.033333333333333,299,99.12,STATIC,95.92,STATIC,78.65,STATIC,16.80,STATIC,103.60,STATIC,110.77,STATIC,126.95,STATIC,168.73,STATIC
10.066666666666666,300,99.39,STATIC,96.72,STATIC,78.65,STATIC,16.25,STATIC,103.61,STATIC,110.57,STATIC,127.03,STATIC,168.27,STATIC
10.100000000000001,301,99.27,STATIC,96.85,STATIC,78.65,STATIC,16.34,STATIC,103.65,STATIC,110.50,STATIC,127.04,STATIC,167.85,STATIC
10.133333333333335,302,99.18,STATIC,96.87,STATIC,78.64,STATIC,16.75,STATIC,103.69,STATIC,110.34,STATIC,126.66,STATIC,166.59,STATIC
10.166666666666668,303,99.13,STATIC,96.92,STATIC,78.64,STATIC,17.00,STATIC,103.70,STATIC,110.33,STATIC,126.43,STATIC,166.25,STATIC
10.200000000000001,304,99.13,STATIC,97.26,STATIC,78.63,STATIC,16.96,STATIC,103.69,STATIC,110.13,STATIC,126.02,STATIC,165.64,STATIC
10.233333333333334,305,99.17,STATIC,97.94,STATIC,78.63,STATIC,16.66,STATIC,103.71,STATIC,109.82,STATIC,125.96,STATIC,164.55,STATIC
10.266666666666667,306,99.18,STATIC,98.38,STATIC,78.62,STATIC,16.83,STATIC,103.74,STATIC,109.59,STATIC,125.80,STATIC,163.45,STATIC
10.3,307,99.15,STATIC,98.90,STATIC,78.54,STATIC,17.09,STATIC,103.87,STATIC,109.35,STATIC,125.63,STATIC,162.25,STATIC
10.333333333333334,308,99.26,STATIC,98.96,STATIC,78.50,STATIC,17.30,STATIC,103.95,STATIC,109.21,STATIC,125.69,STATIC,161.38,STATIC
10.366666666666667,309,99.13,STATIC,99.90,STATIC,78.53,STATIC,17.56,STATIC,104.04,STATIC,109.13,STATIC,125.47,STATIC,160.71,STATIC
10.4,310,99.12,STATIC,100.51,STATIC,78.52,STATIC,17.98,STATIC,104.12,STATIC,109.08,STATIC,125.38,STATIC,160.43,STATIC
10.433333333333334,311,99.13,STATIC,100.84,STATIC,78.57,STATIC,18.16,STATIC,104.18,STATIC,109.07,STATIC,125.44,STATIC,160.54,STATIC
10.466666666666667,312,99.38,STATIC,100.25,STATIC,78.60,STATIC,18.77,STATIC,104.16,STATIC,109.19,STATIC,125.37,STATIC,161.10,STATIC
10.5,313,99.46,STATIC,99.48,STATIC,78.63,STATIC,19.25,STATIC,104.14,STATIC,109.23,STATIC,125.38,STATIC,161.28,STATIC
10.533333333333333,314,99.46,STATIC,99.05,STATIC,78.65,STATIC,19.52,STATIC,104.10,STATIC,109.27,STATIC,125.25,STATIC,161.37,STATIC
10.566666666666668,315,99.25,STATIC,99.44,STATIC,78.74,STATIC,19.62,STATIC,104.04,STATIC,109.19,STATIC,125.19,STATIC,161.21,STATIC
10.600000000000001,316,99.16,STATIC,100.01,STATIC,78.79,STATIC,19.92,STATIC,104.04,STATIC,108.75,STATIC,125.45,STATIC,159.95,STATIC
10.633333333333335,317,99.30,STATIC,100.38,STATIC,78.77,STATIC,19.96,STATIC,104.05,STATIC,108.71,STATIC,125.54,STATIC,160.20,STATIC
10.666666666666668,318,99.37,STATIC,100.52,STATIC,78.89,STATIC,19.96,STATIC,103.93,STATIC,108.68,STATIC,125.49,STATIC,159.86,STATIC
10.700000000000001,319,99.56,STATIC,101.72,STATIC,79.09,STATIC,19.65,STATIC,103.67,STATIC,108.38,STATIC,125.58,STATIC,159.42,STATIC
10.733333333333334,320,99.58,STATIC,103.42,STATIC,79.27,STATIC,19.07,STATIC,103.50,STATIC,108.04,STATIC,125.73,STATIC,158.29,STATIC
10.766666666666667,321,99.57,STATIC,105.67,STATIC,79.40,STATIC,18.68,STATIC,103.40,STATIC,107.98,STATIC,126.00,STATIC,158.28,STATIC
10.8,322,99.57,STATIC,108.04,STATIC,79.54,STATIC,18.42,STATIC,103.28,STATIC,107.92,STATIC,126.14,STATIC,160.60,STATIC
10.833333333333334,323,100.00,STATIC,109.38,STATIC,79.62,STATIC,19.18,STATIC,103.16,STATIC,107.98,STATIC,126.01,STATIC,162.53,STATIC
10.866666666666667,324,99.98,STATIC,109.54,STATIC,79.73,STATIC,19.71,STATIC,103.07,STATIC,108.26,STATIC,125.99,STATIC,161.42,STATIC
10.9,325,99.88,STATIC,109.28,STATIC,79.89,STATIC,20.14,STATIC,102.95,STATIC,108.70,STATIC,126.19,STATIC,161.99,STATIC
10.933333333333334,326,99.66,STATIC,109.03,STATIC,80.06,STATIC,20.24,STATIC,102.83,STATIC,109.29,STATIC,126.67,STATIC,163.08,STATIC
10.966666666666667,327,99.56,STATIC,109.78,STATIC,80.24,STATIC,19.94,STATIC,102.66,STATIC,110.16,STATIC,126.85,STATIC,164.58,STATIC
11.0,328,99.46,STATIC,109.55,STATIC,80.38,STATIC,19.88,STATIC,102.46,STATIC,111.08,STATIC,127.19,STATIC,166.40,STATIC
11.033333333333333,329,100.03,STATIC,107.90,STATIC,80.43,STATIC,20.50,STATIC,102.32,STATIC,111.72,STATIC,127.37,STATIC,167.56,STATIC
11.066666666666668,330,100.82,STATIC,107.83,STATIC,80.37,STATIC,20.07,STATIC,102.25,STATIC,112.29,STATIC,126.84,STATIC,170.02,STATIC
11.100000000000001,331,100.53,STATIC,107.29,STATIC,80.39,STATIC,19.74,STATIC,102.29,STATIC,112.86,STATIC,126.73,STATIC,171.64,STATIC
11.133333333333335,332,100.56,STATIC,106.42,STATIC,80.47,STATIC,19.04,STATIC,102.27,STATIC,113.53,STATIC,126.42,STATIC,173.39,STATIC
11.166666666666668,333,100.05,STATIC,104.44,STATIC,80.55,STATIC,19.48,STATIC,102.39,STATIC,114.36,STATIC,126.52,STATIC,174.97,STATIC
11.200000000000001,334,99.44,STATIC,103.19,STATIC,80.56,STATIC,19.42,STATIC,102.50,STATIC,114.74,STATIC,126.50,STATIC,175.77,STATIC
11.233333333333334,335,99.49,STATIC,103.47,STATIC,80.47,STATIC,18.60,STATIC,102.63,STATIC,115.30,STATIC,126.45,STATIC,176.23,STATIC
11.266666666666667,336,99.20,STATIC,105.04,STATIC,80.44,STATIC,16.45,STATIC,102.70,STATIC,115.96,STATIC,126.87,STATIC,176.26,STATIC
11.3,337,98.60,STATIC,105.19,STATIC,80.40,STATIC,15.57,STATIC,102.77,STATIC,116.69,STATIC,126.65,STATIC,175.51,STATIC
11.333333333333334,338,98.04,STATIC,106.13,STATIC,80.48,STATIC,14.68,STATIC,102.68,STATIC,117.32,STATIC,126.31,STATIC,174.84,STATIC
11.366666666666667,339,97.83,STATIC,106.18,STATIC,80.56,STATIC,14.52,STATIC,102.62,STATIC,117.90,STATIC,125.84,STATIC,174.05,STATIC
11.4,340,97.41,STATIC,106.04,STATIC,80.66,STATIC,15.40,STATIC,102.57,STATIC,118.27,STATIC,125.37,STATIC,173.37,STATIC
11.433333333333334,341,96.95,STATIC,105.70,STATIC,80.69,STATIC,16.22,STATIC,102.62,STATIC,118.91,STATIC,125.11,STATIC,172.42,STATIC
11.466666666666667,342,96.49,STATIC,105.19,STATIC,80.69,STATIC,16.81,STATIC,102.66,STATIC,119.09,STATIC,125.20,STATIC,171.95,STATIC
11.5,343,95.73,STATIC,103.26,STATIC,80.76,STATIC,20.22,STATIC,102.66,STATIC,119.33,STATIC,125.75,STATIC,171.23,STATIC
11.533333333333333,344,94.84,STATIC,101.71,STATIC,80.80,STATIC,24.35,STATIC,102.68,STATIC,119.76,STATIC,126.36,STATIC,170.59,STATIC
11.566666666666668,345,94.32,STATIC,101.18,STATIC,80.78,STATIC,25.61,STATIC,102.61,STATIC,120.55,STATIC,126.31,STATIC,169.62,STATIC
11.600000000000001,346,93.01,STATIC,106.05,STATIC,80.73,STATIC,35.81,EXTENSION,102.64,STATIC,121.61,STATIC,127.23,STATIC,168.20,STATIC
11.633333333333335,347,92.01,STATIC,107.95,STATIC,80.57,STATIC,38.61,STATIC,102.72,STATIC,121.99,STATIC,128.57,STATIC,167.34,STATIC
11.666666666666668,348,90.93,STATIC,103.04,STATIC,80.48,STATIC,34.75,STATIC,102.83,STATIC,122.46,STATIC,129.61,STATIC,166.62,STATIC
11.700000000000001,349,87.27,STATIC,109.45,EXTENSION,80.36,STATIC,36.14,STATIC,102.89,STATIC,122.96,STATIC,130.66,STATIC,162.54,STATIC
11.733333333333334,350,84.02,STATIC,112.70,STATIC,80.43,STATIC,36.87,STATIC,102.77,STATIC,123.17,STATIC,130.56,STATIC,164.34,STATIC
11.766666666666667,351,80.45,STATIC,121.05,EXTENSION,80.45,STATIC,40.85,STATIC,102.78,STATIC,122.83,STATIC,131.00,STATIC,162.65,STATIC
11.8,352,71.91,FLEXION,130.03,EXTENSION,80.53,STATIC,44.51,STATIC,102.53,STATIC,122.52,STATIC,129.93,STATIC,165.76,STATIC
11.833333333333334,353,69.48,STATIC,115.49,FLEXION,80.48,STATIC,33.45,FLEXION,102.56,STATIC,122.80,STATIC,128.84,STATIC,166.18,STATIC
11.866666666666667,354,63.54,FLEXION,134.02,EXTENSION,80.51,STATIC,39.64,EXTENSION,102.84,STATIC,124.25,STATIC,129.52,STATIC,164.34,STATIC
11.9,355,57.59,FLEXION,145.78,EXTENSION,80.84,STATIC,51.19,EXTENSION,102.77,STATIC,123.46,STATIC,128.15,STATIC,165.10,STATIC
11.933333333333334,356,49.59,FLEXION,148.47,STATIC,81.13,STATIC,51.49,STATIC,102.51,STATIC,120.94,STATIC,126.77,STATIC,167.91,STATIC
11.966666666666667,357,47.44,STATIC,145.30,STATIC,80.74,STATIC,49.45,STATIC,102.99,STATIC,120.66,STATIC,126.19,STATIC,168.93,STATIC
12.0,358,47.99,STATIC,134.14,FLEXION,80.29,STATIC,50.33,STATIC,103.50,STATIC,119.97,STATIC,125.08,STATIC,170.13,STATIC
12.033333333333335,359,47.65,STATIC,130.53,STATIC,80.01,STATIC,44.58,FLEXION,103.87,STATIC,120.16,STATIC,123.68,STATIC,169.64,STATIC
12.066666666666668,360,46.47,STATIC,124.05,FLEXION,79.77,STATIC,36.48,FLEXION,104.17,STATIC,119.35,STATIC,122.85,STATIC,170.71,STATIC
12.100000000000001,361,43.50,STATIC,126.48,STATIC,79.84,STATIC,37.01,STATIC,104.14,STATIC,119.23,STATIC,121.48,STATIC,171.08,STATIC
12.133333333333335,362,40.49,STATIC,128.68,STATIC,80.00,STATIC,38.99,STATIC,104.25,STATIC,118.59,STATIC,121.44,STATIC,172.40,STATIC
12.166666666666668,363,42.35,STATIC,120.74,FLEXION,79.43,STATIC,18.68,FLEXION,104.49,STATIC,117.39,STATIC,119.89,STATIC,174.76,STATIC
12.200000000000001,364,50.44,EXTENSION,125.56,STATIC,78.74,STATIC,21.05,STATIC,104.81,STATIC,116.72,STATIC,118.45,STATIC,176.09,STATIC
12.233333333333334,365,65.37,EXTENSION,131.31,EXTENSION,78.26,STATIC,26.42,EXTENSION,104.72,STATIC,116.24,STATIC,116.71,STATIC,176.75,STATIC
12.266666666666667,366,61.78,STATIC,130.64,STATIC,78.15,STATIC,25.37,STATIC,104.93,STATIC,115.94,STATIC,115.78,STATIC,176.59,STATIC
12.3,367,58.53,STATIC,130.32,STATIC,77.97,STATIC,27.69,STATIC,104.90,STATIC,115.42,STATIC,114.71,STATIC,175.84,STATIC
12.333333333333334,368,65.12,EXTENSION,128.06,STATIC,77.75,STATIC,31.45,STATIC,104.87,STATIC,114.95,STATIC,113.75,STATIC,175.20,STATIC
12.366666666666667,369,69.32,STATIC,124.61,STATIC,77.85,STATIC,34.32,STATIC,104.49,STATIC,113.68,STATIC,112.38,STATIC,172.54,STATIC
12.4,370,94.21,EXTENSION,122.22,STATIC,77.66,STATIC,33.77,STATIC,105.02,STATIC,112.97,STATIC,112.56,STATIC,169.68,STATIC
12.433333333333334,371,108.51,EXTENSION,122.84,STATIC,77.28,STATIC,35.27,STATIC,105.56,STATIC,112.87,STATIC,112.29,STATIC,167.84,STATIC
12.466666666666667,372,123.85,EXTENSION,120.07,STATIC,76.91,STATIC,31.82,STATIC,105.56,STATIC,112.57,STATIC,112.13,STATIC,166.50,STATIC
12.5,373,131.49,EXTENSION,119.48,STATIC,76.82,STATIC,30.69,STATIC,105.68,STATIC,112.50,STATIC,111.93,STATIC,165.21,STATIC
12.533333333333335,374,124.95,FLEXION,121.33,STATIC,76.81,STATIC,30.61,STATIC,105.80,STATIC,112.38,STATIC,111.33,STATIC,163.48,STATIC
12.566666666666668,375,114.89,FLEXION,122.33,STATIC,76.58,STATIC,30.75,STATIC,105.79,STATIC,112.67,STATIC,110.36,STATIC,162.89,STATIC
12.600000000000001,376,116.43,STATIC,124.12,STATIC,76.26,STATIC,29.67,STATIC,105.98,STATIC,112.90,STATIC,109.60,STATIC,161.88,STATIC
12.633333333333335,377,114.50,STATIC,124.13,STATIC,75.96,STATIC,28.62,STATIC,106.11,STATIC,113.04,STATIC,109.00,STATIC,161.35,STATIC
12.666666666666668,378,117.54,STATIC,124.41,STATIC,75.83,STATIC,27.96,STATIC,106.46,STATIC,113.03,STATIC,109.08,STATIC,159.54,STATIC
12.700000000000001,379,115.97,STATIC,124.87,STATIC,75.60,STATIC,27.78,STATIC,106.80,STATIC,113.07,STATIC,108.98,STATIC,158.58,STATIC
12.733333333333334,380,116.87,STATIC,125.18,STATIC,75.51,STATIC,27.81,STATIC,107.00,STATIC,113.03,STATIC,108.70,STATIC,157.57,STATIC
12.766666666666667,381,119.30,STATIC,126.02,STATIC,75.42,STATIC,28.12,STATIC,107.13,STATIC,113.03,STATIC,108.50,STATIC,156.27,STATIC
12.8,382,113.71,FLEXION,126.51,STATIC,75.41,STATIC,28.44,STATIC,107.33,STATIC,113.16,STATIC,108.37,STATIC,155.46,STATIC
12.833333333333334,383,114.61,STATIC,126.66,STATIC,75.44,STATIC,28.54,STATIC,107.20,STATIC,113.16,STATIC,107.97,STATIC,155.33,STATIC
12.866666666666667,384,116.90,STATIC,127.09,STATIC,75.34,STATIC,28.73,STATIC,107.31,STATIC,113.18,STATIC,107.72,STATIC,154.18,STATIC
12.9,385,115.06,STATIC,127.11,STATIC,75.35,STATIC,28.76,STATIC,107.22,STATIC,113.08,STATIC,107.43,STATIC,153.65,STATIC
12.933333333333334,386,115.79,STATIC,127.19,STATIC,75.40,STATIC,28.85,STATIC,107.22,STATIC,113.06,STATIC,107.49,STATIC,153.29,STATIC
12.966666666666667,387,116.48,STATIC,127.77,STATIC,75.40,STATIC,29.33,STATIC,107.29,STATIC,113.00,STATIC,107.70,STATIC,153.31,STATIC
13.0,388,117.27,STATIC,128.25,STATIC,75.43,STATIC,29.72,STATIC,107.26,STATIC,112.85,STATIC,107.46,STATIC,152.50,STATIC
13.033333333333335,389,117.25,STATIC,128.78,STATIC,75.51,STATIC,30.24,STATIC,107.17,STATIC,112.70,STATIC,107.11,STATIC,152.31,STATIC
13.066666666666668,390,117.24,STATIC,129.42,STATIC,75.58,STATIC,30.73,STATIC,107.14,STATIC,112.59,STATIC,106.71,STATIC,151.73,STATIC
13.100000000000001,391,115.46,STATIC,129.85,STATIC,75.61,STATIC,31.13,STATIC,107.09,STATIC,112.51,STATIC,106.30,STATIC,151.12,STATIC
13.133333333333335,392,114.74,STATIC,130.25,STATIC,75.64,STATIC,31.40,STATIC,107.06,STATIC,112.50,STATIC,105.93,STATIC,150.62,STATIC
13.166666666666668,393,117.54,STATIC,130.59,STATIC,75.57,STATIC,31.58,STATIC,107.20,STATIC,112.52,STATIC,105.70,STATIC,149.75,STATIC
13.200000000000001,394,119.93,STATIC,131.04,STATIC,75.55,STATIC,32.02,STATIC,107.21,STATIC,112.40,STATIC,105.48,STATIC,149.24,STATIC
13.233333333333334,395,123.25,STATIC,131.49,STATIC,75.51,STATIC,32.32,STATIC,107.29,STATIC,112.54,STATIC,105.37,STATIC,149.39,STATIC
13.266666666666667,396,120.56,STATIC,131.80,STATIC,75.47,STATIC,32.61,STATIC,107.29,STATIC,112.53,STATIC,105.15,STATIC,149.54,STATIC
13.3,397,119.32,STATIC,131.84,STATIC,75.40,STATIC,32.65,STATIC,107.37,STATIC,112.66,STATIC,104.92,STATIC,150.22,STATIC
13.333333333333334,398,119.39,STATIC,131.79,STATIC,75.46,STATIC,32.77,STATIC,107.05,STATIC,112.57,STATIC,104.69,STATIC,150.54,STATIC
13.366666666666667,399,121.53,STATIC,131.92,STATIC,75.54,STATIC,33.09,STATIC,106.85,STATIC,112.37,STATIC,104.56,STATIC,150.56,STATIC
13.4,400,121.61,STATIC,131.87,STATIC,75.60,STATIC,33.20,STATIC,106.71,STATIC,112.22,STATIC,104.42,STATIC,150.98,STATIC
13.433333333333334,401,121.20,STATIC,131.53,STATIC,75.73,STATIC,33.09,STATIC,106.58,STATIC,112.11,STATIC,104.48,STATIC,151.53,STATIC
13.466666666666667,402,123.60,STATIC,131.32,STATIC,75.80,STATIC,33.05,STATIC,106.56,STATIC,112.11,STATIC,104.44,STATIC,152.81,STATIC
13.5,403,121.00,STATIC,130.94,STATIC,75.86,STATIC,32.83,STATIC,106.47,STATIC,112.12,STATIC,104.47,STATIC,154.22,STATIC
13.533333333333335,404,119.78,STATIC,130.69,STATIC,75.86,STATIC,32.74,STATIC,106.44,STATIC,112.19,STATIC,104.48,STATIC,155.27,STATIC
13.566666666666668,405,117.08,STATIC,130.30,STATIC,75.95,STATIC,32.50,STATIC,106.32,STATIC,112.22,STATIC,104.44,STATIC,156.88,STATIC
13.600000000000001,406,113.69,STATIC,129.56,STATIC,76.11,STATIC,31.97,STATIC,106.13,STATIC,112.57,STATIC,104.49,STATIC,159.32,STATIC
13.633333333333335,407,114.24,STATIC,129.28,STATIC,76.28,STATIC,31.67,STATIC,106.02,STATIC,112.88,STATIC,104.48,STATIC,161.04,STATIC
13.666666666666668,408,115.40,STATIC,129.17,STATIC,76.42,STATIC,31.50,STATIC,105.85,STATIC,113.11,STATIC,104.46,STATIC,162.32,STATIC
13.700000000000001,409,118.59,STATIC,129.14,STATIC,76.42,STATIC,31.37,STATIC,105.93,STATIC,113.48,STATIC,104.63,STATIC,163.01,STATIC
13.733333333333334,410,117.93,STATIC,129.11,STATIC,76.40,STATIC,31.14,STATIC,106.00,STATIC,113.90,STATIC,104.71,STATIC,164.24,STATIC
13.766666666666667,411,116.84,STATIC,128.89,STATIC,76.36,STATIC,30.87,STATIC,106.03,STATIC,114.20,STATIC,104.90,STATIC,165.32,STATIC
13.8,412,116.61,STATIC,128.89,STATIC,76.26,STATIC,30.77,STATIC,106.09,STATIC,114.47,STATIC,105.14,STATIC,165.81,STATIC
13.833333333333334,413,118.02,STATIC,128.62,STATIC,76.19,STATIC,30.47,STATIC,106.16,STATIC,114.74,STATIC,105.20,STATIC,167.12,STATIC
13.866666666666667,414,117.77,STATIC,128.39,STATIC,76.11,STATIC,30.20,STATIC,106.23,STATIC,115.13,STATIC,105.34,STATIC,168.24,STATIC
13.9,415,117.61,STATIC,128.22,STATIC,76.03,STATIC,30.09,STATIC,106.23,STATIC,115.27,STATIC,105.47,STATIC,168.83,STATIC
13.933333333333334,416,123.23,EXTENSION,128.24,STATIC,76.04,STATIC,30.19,STATIC,106.26,STATIC,115.28,STATIC,105.60,STATIC,169.00,STATIC
13.966666666666667,417,120.94,STATIC,128.24,STATIC,76.12,STATIC,30.26,STATIC,106.19,STATIC,115.23,STATIC,105.61,STATIC,169.50,STATIC
14.000000000000002,418,122.41,STATIC,128.47,STATIC,76.05,STATIC,30.30,STATIC,106.32,STATIC,115.24,STATIC,105.57,STATIC,169.51,STATIC
14.033333333333335,419,121.52,STATIC,128.66,STATIC,76.07,STATIC,30.50,STATIC,106.29,STATIC,115.23,STATIC,105.61,STATIC,169.34,STATIC
14.066666666666668,420,121.48,STATIC,128.88,STATIC,76.03,STATIC,30.71,STATIC,106.31,STATIC,115.14,STATIC,105.76,STATIC,168.93,STATIC
14.100000000000001,421,124.88,STATIC,129.18,STATIC,75.92,STATIC,30.90,STATIC,106.44,STATIC,115.06,STATIC,106.00,STATIC,168.23,STATIC
14.133333333333335,422,131.74,EXTENSION,129.84,STATIC,75.88,STATIC,31.36,STATIC,106.60,STATIC,115.00,STATIC,106.23,STATIC,167.55,STATIC
14.166666666666668,423,123.46,FLEXION,130.42,STATIC,75.80,STATIC,31.90,STATIC,106.63,STATIC,114.70,STATIC,106.43,STATIC,166.84,STATIC
14.200000000000001,424,118.09,FLEXION,131.01,STATIC,75.67,STATIC,32.33,STATIC,106.74,STATIC,114.52,STATIC,106.51,STATIC,166.27,STATIC
14.233333333333334,425,120.06,STATIC,131.41,STATIC,75.51,STATIC,32.58,STATIC,106.93,STATIC,114.52,STATIC,106.66,STATIC,165.78,STATIC
14.266666666666667,426,127.10,EXTENSION,131.82,STATIC,75.39,STATIC,32.87,STATIC,107.12,STATIC,114.57,STATIC,106.77,STATIC,164.89,STATIC
14.3,427,121.39,FLEXION,132.38,STATIC,75.29,STATIC,33.35,STATIC,107.22,STATIC,114.34,STATIC,106.85,STATIC,163.60,STATIC
14.333333333333334,428,119.58,STATIC,133.19,STATIC,75.13,STATIC,33.84,STATIC,107.36,STATIC,114.17,STATIC,106.76,STATIC,162.47,STATIC
14.366666666666667,429,117.51,STATIC,133.32,STATIC,75.09,STATIC,33.95,STATIC,107.36,STATIC,114.13,STATIC,106.77,STATIC,162.38,STATIC
14.4,430,117.43,STATIC,133.71,STATIC,74.96,STATIC,34.20,STATIC,107.46,STATIC,114.10,STATIC,106.68,STATIC,161.71,STATIC
14.433333333333334,431,115.40,STATIC,133.69,STATIC,74.95,STATIC,34.27,STATIC,107.47,STATIC,114.24,STATIC,106.67,STATIC,162.33,STATIC
14.466666666666667,432,116.56,STATIC,133.48,STATIC,75.09,STATIC,34.16,STATIC,107.38,STATIC,114.53,STATIC,106.91,STATIC,163.39,STATIC
14.500000000000002,433,115.96,STATIC,133.19,STATIC,75.28,STATIC,33.93,STATIC,107.25,STATIC,114.76,STATIC,106.89,STATIC,164.00,STATIC
14.533333333333335,434,116.23,STATIC,132.89,STATIC,75.56,STATIC,33.83,STATIC,106.98,STATIC,114.82,STATIC,107.36,STATIC,164.78,STATIC
14.566666666666668,435,112.80,STATIC,132.38,STATIC,75.48,STATIC,33.38,STATIC,106.98,STATIC,115.01,STATIC,107.29,STATIC,165.59,STATIC
14.600000000000001,436,113.28,STATIC,132.29,STATIC,75.50,STATIC,33.21,STATIC,106.92,STATIC,115.00,STATIC,107.21,STATIC,165.29,STATIC
14.633333333333335,437,114.60,STATIC,132.34,STATIC,75.47,STATIC,33.14,STATIC,107.00,STATIC,114.89,STATIC,107.21,STATIC,164.37,STATIC
14.666666666666668,438,113.05,STATIC,132.28,STATIC,75.55,STATIC,33.16,STATIC,106.98,STATIC,114.85,STATIC,107.22,STATIC,164.24,STATIC
14.700000000000001,439,110.71,STATIC,131.95,STATIC,75.57,STATIC,32.95,STATIC,106.94,STATIC,114.74,STATIC,107.13,STATIC,163.91,STATIC
14.733333333333334,440,111.61,STATIC,131.52,STATIC,75.38,STATIC,32.43,STATIC,107.12,STATIC,113.79,STATIC,107.09,STATIC,160.74,STATIC
14.766666666666667,441,112.41,STATIC,131.67,STATIC,75.25,STATIC,32.32,STATIC,107.26,STATIC,113.26,STATIC,107.07,STATIC,159.11,STATIC
14.8,442,111.67,STATIC,131.45,STATIC,75.20,STATIC,32.03,STATIC,107.28,STATIC,113.19,STATIC,107.10,STATIC,158.24,STATIC
14.833333333333334,443,111.51,STATIC,131.24,STATIC,75.28,STATIC,31.84,STATIC,107.17,STATIC,113.01,STATIC,107.21,STATIC,157.49,STATIC
14.866666666666667,444,111.80,STATIC,131.59,STATIC,75.14,STATIC,31.82,STATIC,107.33,STATIC,112.98,STATIC,107.08,STATIC,156.25,STATIC
14.9,445,109.22,STATIC,131.21,STATIC,75.14,STATIC,31.44,STATIC,107.25,STATIC,113.00,STATIC,106.87,STATIC,155.53,STATIC
14.933333333333334,446,108.86,STATIC,129.93,STATIC,75.31,STATIC,30.88,STATIC,106.87,STATIC,112.91,STATIC,106.85,STATIC,155.29,STATIC
14.966666666666667,447,107.84,STATIC,128.92,STATIC,75.52,STATIC,30.51,STATIC,106.59,STATIC,112.89,STATIC,106.82,STATIC,155.42,STATIC
15.000000000000002,448,107.81,STATIC,128.78,STATIC,75.70,STATIC,30.49,STATIC,106.39,STATIC,112.80,STATIC,106.70,STATIC,155.16,STATIC
15.033333333333335,449,107.20,STATIC,128.59,STATIC,75.88,STATIC,30.51,STATIC,106.16,STATIC,112.69,STATIC,106.60,STATIC,154.77,STATIC
15.066666666666668,450,106.74,STATIC,128.58,STATIC,76.05,STATIC,30.60,STATIC,105.95,STATIC,112.67,STATIC,106.34,STATIC,154.26,STATIC
15.100000000000001,451,106.74,STATIC,128.51,STATIC,76.18,STATIC,30.62,STATIC,106.05,STATIC,112.77,STATIC,106.63,STATIC,154.14,STATIC
15.133333333333335,452,106.50,STATIC,129.00,STATIC,76.32,STATIC,30.97,STATIC,105.93,STATIC,112.69,STATIC,106.65,STATIC,153.70,STATIC
15.166666666666668,453,106.59,STATIC,129.93,STATIC,76.45,STATIC,31.62,STATIC,105.76,STATIC,112.51,STATIC,106.66,STATIC,153.20,STATIC
15.200000000000001,454,106.79,STATIC,129.96,STATIC,76.48,STATIC,31.67,STATIC,105.70,STATIC,113.24,STATIC,106.66,STATIC,154.81,STATIC
15.233333333333334,455,106.62,STATIC,130.04,STATIC,76.47,STATIC,31.69,STATIC,105.71,STATIC,113.01,STATIC,106.34,STATIC,153.39,STATIC
15.266666666666667,456,107.17,STATIC,129.82,STATIC,76.52,STATIC,31.44,STATIC,105.63,STATIC,113.50,STATIC,106.14,STATIC,154.23,STATIC
15.3,457,106.95,STATIC,130.14,STATIC,76.58,STATIC,31.57,STATIC,105.49,STATIC,113.58,STATIC,106.06,STATIC,154.26,STATIC
15.333333333333334,458,108.58,STATIC,130.73,STATIC,76.42,STATIC,31.52,STATIC,105.27,STATIC,113.61,STATIC,107.66,STATIC,153.89,STATIC
15.366666666666667,459,108.97,STATIC,131.29,STATIC,76.08,STATIC,30.87,STATIC,105.59,STATIC,114.19,STATIC,106.23,STATIC,153.32,STATIC
15.4,460,110.74,STATIC,132.70,STATIC,75.76,STATIC,30.51,STATIC,106.10,STATIC,114.53,STATIC,105.92,STATIC,152.28,STATIC
15.433333333333334,461,109.27,STATIC,132.88,STATIC,75.89,STATIC,29.86,STATIC,106.16,STATIC,114.72,STATIC,105.86,STATIC,151.83,STATIC
15.466666666666667,462,109.89,STATIC,132.25,STATIC,76.17,STATIC,29.15,STATIC,106.12,STATIC,114.64,STATIC,106.22,STATIC,151.69,STATIC
15.500000000000002,463,110.14,STATIC,131.30,STATIC,76.43,STATIC,28.49,STATIC,105.86,STATIC,114.35,STATIC,106.68,STATIC,152.23,STATIC
15.533333333333335,464,110.03,STATIC,130.99,STATIC,76.58,STATIC,28.11,STATIC,105.82,STATIC,114.31,STATIC,106.75,STATIC,151.74,STATIC
15.566666666666668,465,109.77,STATIC,129.98,STATIC,76.66,STATIC,27.68,STATIC,105.82,STATIC,114.21,STATIC,107.17,STATIC,152.43,STATIC
15.600000000000001,466,110.11,STATIC,129.56,STATIC,76.34,STATIC,27.63,STATIC,105.43,STATIC,113.72,STATIC,107.36,STATIC,152.35,STATIC
15.633333333333335,467,110.08,STATIC,129.09,STATIC,76.08,STATIC,27.41,STATIC,105.42,STATIC,113.54,STATIC,107.30,STATIC,152.12,STATIC
15.666666666666668,468,112.68,STATIC,129.37,STATIC,75.99,STATIC,27.57,STATIC,105.46,STATIC,113.43,STATIC,107.24,STATIC,151.43,STATIC
15.700000000000001,469,111.59,STATIC,129.37,STATIC,75.86,STATIC,27.74,STATIC,105.56,STATIC,113.52,STATIC,107.64,STATIC,151.43,STATIC
15.733333333333334,470,111.10,STATIC,129.67,STATIC,75.76,STATIC,28.12,STATIC,105.71,STATIC,113.61,STATIC,107.82,STATIC,151.40,STATIC
15.766666666666667,471,111.70,STATIC,129.43,STATIC,75.84,STATIC,28.35,STATIC,105.43,STATIC,113.56,STATIC,110.94,STATIC,152.47,STATIC
15.8,472,112.80,STATIC,129.13,STATIC,75.88,STATIC,28.48,STATIC,105.37,STATIC,113.51,STATIC,111.84,STATIC,153.42,STATIC
15.833333333333334,473,111.75,STATIC,129.12,STATIC,75.76,STATIC,28.52,STATIC,105.43,STATIC,113.55,STATIC,109.60,STATIC,153.39,STATIC
15.866666666666667,474,109.90,STATIC,128.70,STATIC,75.60,STATIC,28.47,STATIC,105.51,STATIC,113.67,STATIC,109.01,STATIC,153.66,STATIC
15.9,475,107.52,STATIC,128.21,STATIC,75.61,STATIC,28.57,STATIC,105.59,STATIC,113.46,STATIC,109.21,STATIC,153.50,STATIC
15.933333333333334,476,106.69,STATIC,128.22,STATIC,75.69,STATIC,28.82,STATIC,105.43,STATIC,113.17,STATIC,109.14,STATIC,152.93,STATIC
15.966666666666669,477,106.99,STATIC,128.06,STATIC,75.89,STATIC,28.98,STATIC,105.25,STATIC,112.79,STATIC,109.37,STATIC,152.74,STATIC
16.0,478,107.37,STATIC,127.63,STATIC,75.97,STATIC,28.69,STATIC,105.17,STATIC,112.84,STATIC,109.72,STATIC,152.75,STATIC
16.033333333333335,479,107.97,STATIC,127.63,STATIC,76.65,STATIC,29.16,STATIC,105.03,STATIC,112.84,STATIC,110.30,STATIC,153.64,STATIC
16.066666666666666,480,107.61,STATIC,126.80,STATIC,76.96,STATIC,29.10,STATIC,104.70,STATIC,112.45,STATIC,110.68,STATIC,153.99,STATIC
16.1,481,107.11,STATIC,126.86,STATIC,77.10,STATIC,29.24,STATIC,104.76,STATIC,112.14,STATIC,110.62,STATIC,153.83,STATIC
16.133333333333333,482,107.26,STATIC,126.62,STATIC,76.85,STATIC,29.23,STATIC,104.79,STATIC,112.03,STATIC,110.78,STATIC,153.94,STATIC
16.166666666666668,483,107.93,STATIC,126.11,STATIC,77.03,STATIC,29.06,STATIC,104.76,STATIC,111.86,STATIC,111.14,STATIC,153.91,STATIC
16.2,484,110.47,STATIC,125.96,STATIC,77.28,STATIC,29.08,STATIC,104.50,STATIC,111.67,STATIC,111.43,STATIC,153.96,STATIC
16.233333333333334,485,110.43,STATIC,125.75,STATIC,77.61,STATIC,29.06,STATIC,104.38,STATIC,111.33,STATIC,111.55,STATIC,154.29,STATIC
16.26666666666667,486,114.72,STATIC,125.92,STATIC,77.67,STATIC,29.04,STATIC,104.50,STATIC,111.41,STATIC,112.09,STATIC,154.97,STATIC
16.3,487,115.55,STATIC,126.20,STATIC,77.10,STATIC,29.02,STATIC,104.72,STATIC,111.50,STATIC,112.13,STATIC,154.90,STATIC
16.333333333333336,488,118.11,STATIC,126.82,STATIC,76.48,STATIC,29.21,STATIC,105.13,STATIC,111.67,STATIC,112.11,STATIC,154.14,STATIC
16.366666666666667,489,120.20,STATIC,127.39,STATIC,76.20,STATIC,29.51,STATIC,105.35,STATIC,111.68,STATIC,112.22,STATIC,153.79,STATIC
16.400000000000002,490,120.61,STATIC,127.49,STATIC,76.07,STATIC,29.98,STATIC,105.47,STATIC,111.56,STATIC,112.39,STATIC,153.55,STATIC
16.433333333333334,491,120.21,STATIC,128.04,STATIC,75.89,STATIC,30.19,STATIC,105.65,STATIC,111.72,STATIC,112.53,STATIC,153.52,STATIC
16.46666666666667,492,126.72,EXTENSION,128.80,STATIC,75.65,STATIC,30.43,STATIC,105.93,STATIC,111.82,STATIC,112.34,STATIC,153.03,STATIC
16.5,493,133.99,EXTENSION,129.61,STATIC,75.98,STATIC,30.67,STATIC,106.54,STATIC,112.00,STATIC,112.90,STATIC,152.46,STATIC
16.533333333333335,494,128.30,FLEXION,130.20,STATIC,75.69,STATIC,30.84,STATIC,106.79,STATIC,112.06,STATIC,112.96,STATIC,152.28,STATIC
16.566666666666666,495,128.10,STATIC,130.46,STATIC,75.55,STATIC,30.92,STATIC,106.92,STATIC,112.09,STATIC,113.02,STATIC,152.26,STATIC
16.6,496,127.74,STATIC,130.64,STATIC,75.68,STATIC,31.06,STATIC,106.92,STATIC,112.09,STATIC,113.05,STATIC,152.12,STATIC
16.633333333333333,497,130.82,STATIC,130.79,STATIC,75.64,STATIC,31.01,STATIC,107.05,STATIC,112.32,STATIC,113.40,STATIC,152.58,STATIC
16.666666666666668,498,130.22,STATIC,130.70,STATIC,75.65,STATIC,31.02,STATIC,107.02,STATIC,112.36,STATIC,113.63,STATIC,152.99,STATIC
16.700000000000003,499,130.68,STATIC,130.66,STATIC,75.62,STATIC,31.02,STATIC,107.03,STATIC,112.46,STATIC,114.11,STATIC,153.89,STATIC
16.733333333333334,500,133.51,STATIC,130.92,STATIC,75.51,STATIC,31.13,STATIC,107.21,STATIC,112.58,STATIC,114.30,STATIC,154.29,STATIC
16.76666666666667,501,135.23,STATIC,130.69,STATIC,74.90,STATIC,31.20,STATIC,107.33,STATIC,112.62,STATIC,114.45,STATIC,154.51,STATIC
16.8,502,130.61,STATIC,130.93,STATIC,74.49,STATIC,31.16,STATIC,107.43,STATIC,113.00,STATIC,114.13,STATIC,155.07,STATIC
16.833333333333336,503,129.28,STATIC,131.11,STATIC,74.26,STATIC,31.17,STATIC,107.54,STATIC,113.19,STATIC,114.37,STATIC,155.46,STATIC
16.866666666666667,504,129.14,STATIC,131.20,STATIC,74.21,STATIC,31.26,STATIC,107.54,STATIC,113.34,STATIC,114.75,STATIC,156.02,STATIC
16.900000000000002,505,129.70,STATIC,130.94,STATIC,74.27,STATIC,31.22,STATIC,107.45,STATIC,113.35,STATIC,115.30,STATIC,157.06,STATIC
16.933333333333334,506,130.50,STATIC,130.92,STATIC,74.15,STATIC,31.09,STATIC,107.59,STATIC,113.58,STATIC,115.50,STATIC,157.47,STATIC
16.96666666666667,507,134.70,STATIC,130.97,STATIC,74.10,STATIC,31.05,STATIC,107.72,STATIC,113.64,STATIC,115.39,STATIC,157.32,STATIC
17.0,508,127.33,FLEXION,130.78,STATIC,73.96,STATIC,30.76,STATIC,107.92,STATIC,113.84,STATIC,115.25,STATIC,157.83,STATIC
17.033333333333335,509,132.18,STATIC,130.00,STATIC,74.13,STATIC,30.97,STATIC,107.83,STATIC,113.73,STATIC,115.33,STATIC,158.04,STATIC
17.066666666666666,510,131.67,STATIC,129.93,STATIC,74.19,STATIC,30.88,STATIC,107.84,STATIC,113.79,STATIC,115.49,STATIC,158.15,STATIC
17.1,511,128.22,STATIC,130.02,STATIC,74.21,STATIC,30.84,STATIC,107.88,STATIC,113.94,STATIC,115.25,STATIC,158.23,STATIC
17.133333333333333,512,130.35,STATIC,129.81,STATIC,74.24,STATIC,30.72,STATIC,107.86,STATIC,113.99,STATIC,115.36,STATIC,158.33,STATIC
17.166666666666668,513,122.05,FLEXION,129.16,STATIC,74.37,STATIC,30.36,STATIC,107.64,STATIC,113.91,STATIC,115.01,STATIC,158.21,STATIC
17.200000000000003,514,123.56,STATIC,129.14,STATIC,74.39,STATIC,30.33,STATIC,107.61,STATIC,113.92,STATIC,114.92,STATIC,158.33,STATIC
17.233333333333334,515,117.81,FLEXION,128.58,STATIC,74.52,STATIC,30.06,STATIC,107.50,STATIC,113.94,STATIC,114.97,STATIC,158.53,STATIC
17.26666666666667,516,114.91,STATIC,128.59,STATIC,74.55,STATIC,30.05,STATIC,107.34,STATIC,113.99,STATIC,114.83,STATIC,158.84,STATIC
17.3,517,114.82,STATIC,129.21,STATIC,74.60,STATIC,30.44,STATIC,107.13,STATIC,114.02,STATIC,114.64,STATIC,159.12,STATIC
17.333333333333336,518,112.02,STATIC,129.51,STATIC,74.64,STATIC,30.67,STATIC,106.94,STATIC,114.04,STATIC,114.20,STATIC,159.19,STATIC
17.366666666666667,519,112.29,STATIC,129.61,STATIC,74.73,STATIC,30.80,STATIC,106.77,STATIC,114.08,STATIC,114.44,STATIC,159.70,STATIC
17.400000000000002,520,108.16,STATIC,129.62,STATIC,74.72,STATIC,30.75,STATIC,106.67,STATIC,114.18,STATIC,114.21,STATIC,159.94,STATIC
17.433333333333334,521,109.33,STATIC,129.60,STATIC,74.79,STATIC,30.81,STATIC,106.61,STATIC,114.34,STATIC,114.43,STATIC,160.49,STATIC
17.46666666666667,522,112.28,STATIC,129.49,STATIC,74.83,STATIC,30.85,STATIC,106.60,STATIC,114.56,STATIC,114.42,STATIC,160.79,STATIC
17.5,523,111.77,STATIC,129.11,STATIC,74.79,STATIC,30.50,STATIC,106.66,STATIC,114.91,STATIC,114.40,STATIC,161.35,STATIC
17.533333333333335,524,111.88,STATIC,128.54,STATIC,74.73,STATIC,30.10,STATIC,106.72,STATIC,115.19,STATIC,114.51,STATIC,161.62,STATIC
17.566666666666666,525,110.85,STATIC,128.62,STATIC,74.64,STATIC,29.91,STATIC,106.79,STATIC,115.37,STATIC,114.08,STATIC,162.07,STATIC
17.6,526,109.69,STATIC,128.47,STATIC,74.51,STATIC,29.61,STATIC,106.92,STATIC,115.60,STATIC,113.82,STATIC,162.37,STATIC
17.633333333333333,527,108.64,STATIC,128.55,STATIC,74.48,STATIC,29.53,STATIC,107.07,STATIC,115.63,STATIC,113.55,STATIC,161.93,STATIC
17.666666666666668,528,110.74,STATIC,129.15,STATIC,74.50,STATIC,29.80,STATIC,107.04,STATIC,115.73,STATIC,113.27,STATIC,161.61,STATIC
17.700000000000003,529,111.50,STATIC,129.47,STATIC,74.59,STATIC,30.11,STATIC,106.92,STATIC,115.67,STATIC,113.04,STATIC,161.53,STATIC
17.733333333333334,530,114.28,STATIC,130.30,STATIC,74.74,STATIC,30.83,STATIC,106.74,STATIC,115.44,STATIC,112.69,STATIC,161.10,STATIC
17.76666666666667,531,114.14,STATIC,130.67,STATIC,74.91,STATIC,31.22,STATIC,106.65,STATIC,115.31,STATIC,112.43,STATIC,160.70,STATIC
17.8,532,111.57,STATIC,130.89,STATIC,74.96,STATIC,31.48,STATIC,106.69,STATIC,115.35,STATIC,112.34,STATIC,160.56,STATIC
17.833333333333336,533,111.66,STATIC,131.00,STATIC,75.08,STATIC,31.70,STATIC,106.45,STATIC,115.27,STATIC,112.13,STATIC,160.31,STATIC
17.866666666666667,534,115.17,STATIC,130.89,STATIC,75.18,STATIC,31.74,STATIC,106.40,STATIC,115.21,STATIC,112.19,STATIC,159.90,STATIC
17.900000000000002,535,117.09,STATIC,130.67,STATIC,75.27,STATIC,31.83,STATIC,106.35,STATIC,115.19,STATIC,112.23,STATIC,160.06,STATIC
17.933333333333334,536,116.60,STATIC,130.63,STATIC,75.29,STATIC,31.94,STATIC,106.34,STATIC,115.15,STATIC,112.17,STATIC,160.26,STATIC
17.96666666666667,537,116.13,STATIC,130.16,STATIC,75.34,STATIC,31.74,STATIC,106.42,STATIC,115.09,STATIC,112.26,STATIC,160.39,STATIC
18.0,538,115.96,STATIC,129.13,STATIC,75.48,STATIC,31.37,STATIC,106.25,STATIC,114.94,STATIC,112.55,STATIC,160.61,STATIC
18.033333333333335,539,115.86,STATIC,128.77,STATIC,75.64,STATIC,31.30,STATIC,106.07,STATIC,114.67,STATIC,112.65,STATIC,160.43,STATIC
18.066666666666666,540,115.60,STATIC,127.84,STATIC,75.71,STATIC,30.88,STATIC,105.98,STATIC,114.62,STATIC,113.14,STATIC,161.06,STATIC
18.1,541,122.24,EXTENSION,126.33,STATIC,75.81,STATIC,30.40,STATIC,105.90,STATIC,114.65,STATIC,113.77,STATIC,161.43,STATIC
18.133333333333333,542,123.27,STATIC,124.95,STATIC,75.94,STATIC,29.92,STATIC,105.77,STATIC,114.59,STATIC,114.63,STATIC,162.18,STATIC
18.166666666666668,543,127.39,STATIC,123.65,STATIC,76.10,STATIC,29.41,STATIC,105.55,STATIC,114.50,STATIC,115.28,STATIC,162.71,STATIC
18.200000000000003,544,127.92,STATIC,123.16,STATIC,76.25,STATIC,29.29,STATIC,105.30,STATIC,114.30,STATIC,115.85,STATIC,163.26,STATIC
18.233333333333334,545,125.90,STATIC,122.76,STATIC,76.44,STATIC,29.28,STATIC,105.05,STATIC,114.11,STATIC,116.55,STATIC,163.76,STATIC
18.26666666666667,546,125.11,STATIC,122.26,STATIC,76.58,STATIC,29.21,STATIC,104.91,STATIC,114.00,STATIC,117.34,STATIC,164.38,STATIC
18.3,547,121.18,STATIC,121.63,STATIC,76.67,STATIC,28.97,STATIC,104.78,STATIC,113.89,STATIC,117.99,STATIC,164.81,STATIC
18.333333333333336,548,122.17,STATIC,121.25,STATIC,76.78,STATIC,28.85,STATIC,104.65,STATIC,113.80,STATIC,118.44,STATIC,165.10,STATIC
18.366666666666667,549,127.72,EXTENSION,120.83,STATIC,76.89,STATIC,28.70,STATIC,104.51,STATIC,113.56,STATIC,118.85,STATIC,165.18,STATIC
18.400000000000002,550,121.32,FLEXION,120.41,STATIC,76.97,STATIC,28.59,STATIC,104.28,STATIC,113.49,STATIC,119.21,STATIC,165.60,STATIC
18.433333333333334,551,126.14,STATIC,120.58,STATIC,77.11,STATIC,28.69,STATIC,104.06,STATIC,113.21,STATIC,119.70,STATIC,165.80,STATIC
18.46666666666667,552,122.84,STATIC,121.14,STATIC,77.21,STATIC,29.00,STATIC,104.00,STATIC,113.04,STATIC,120.07,STATIC,165.99,STATIC
18.5,553,117.98,STATIC,121.21,STATIC,77.20,STATIC,28.98,STATIC,104.03,STATIC,112.94,STATIC,119.91,STATIC,165.82,STATIC
18.533333333333335,554,118.39,STATIC,121.18,STATIC,77.21,STATIC,28.91,STATIC,104.09,STATIC,113.02,STATIC,120.14,STATIC,166.03,STATIC
18.566666666666666,555,121.08,STATIC,121.75,STATIC,77.19,STATIC,28.93,STATIC,104.15,STATIC,113.01,STATIC,120.15,STATIC,165.86,STATIC
18.6,556,121.75,STATIC,121.97,STATIC,77.13,STATIC,28.89,STATIC,104.22,STATIC,113.05,STATIC,120.14,STATIC,165.79,STATIC
18.633333333333333,557,120.02,STATIC,122.12,STATIC,76.97,STATIC,28.70,STATIC,104.32,STATIC,113.17,STATIC,119.22,STATIC,165.31,STATIC
18.666666666666668,558,123.37,STATIC,122.20,STATIC,76.92,STATIC,28.61,STATIC,104.43,STATIC,113.25,STATIC,118.92,STATIC,165.11,STATIC
18.700000000000003,559,122.95,STATIC,122.19,STATIC,76.79,STATIC,28.33,STATIC,104.62,STATIC,113.46,STATIC,118.62,STATIC,164.95,STATIC
18.733333333333334,560,130.81,EXTENSION,122.49,STATIC,76.75,STATIC,28.40,STATIC,104.70,STATIC,113.67,STATIC,118.69,STATIC,164.57,STATIC
18.76666666666667,561,138.01,EXTENSION,122.69,STATIC,76.60,STATIC,28.42,STATIC,104.93,STATIC,113.96,STATIC,119.01,STATIC,164.71,STATIC
18.8,562,136.17,STATIC,122.77,STATIC,76.57,STATIC,28.52,STATIC,104.97,STATIC,113.96,STATIC,119.13,STATIC,164.73,STATIC
18.833333333333336,563,135.32,STATIC,122.87,STATIC,76.50,STATIC,28.55,STATIC,105.06,STATIC,113.96,STATIC,119.18,STATIC,164.86,STATIC
18.866666666666667,564,134.73,STATIC,122.95,STATIC,76.44,STATIC,28.64,STATIC,105.13,STATIC,114.00,STATIC,119.09,STATIC,164.71,STATIC
18.900000000000002,565,143.96,EXTENSION,123.24,STATIC,76.50,STATIC,28.92,STATIC,105.11,STATIC,113.96,STATIC,119.23,STATIC,164.24,STATIC
18.933333333333334,566,140.50,STATIC,123.28,STATIC,76.47,STATIC,28.92,STATIC,105.16,STATIC,114.10,STATIC,119.81,STATIC,164.60,STATIC
18.96666666666667,567,137.56,STATIC,123.07,STATIC,76.36,STATIC,28.69,STATIC,105.27,STATIC,114.12,STATIC,120.24,STATIC,164.70,STATIC
19.0,568,135.81,STATIC,122.98,STATIC,76.28,STATIC,28.52,STATIC,105.35,STATIC,114.25,STATIC,120.62,STATIC,164.74,STATIC
19.033333333333335,569,132.86,STATIC,123.35,STATIC,76.31,STATIC,28.71,STATIC,105.33,STATIC,114.11,STATIC,120.34,STATIC,164.09,STATIC
19.066666666666666,570,143.19,EXTENSION,123.43,STATIC,76.19,STATIC,28.79,STATIC,105.36,STATIC,114.16,STATIC,120.63,STATIC,164.11,STATIC
19.1,571,134.14,FLEXION,123.69,STATIC,76.00,STATIC,28.85,STATIC,105.59,STATIC,114.10,STATIC,120.86,STATIC,163.78,STATIC
19.133333333333333,572,141.60,EXTENSION,123.85,STATIC,75.85,STATIC,28.89,STATIC,105.79,STATIC,114.14,STATIC,120.95,STATIC,163.47,STATIC
19.166666666666668,573,137.73,STATIC,123.78,STATIC,75.67,STATIC,28.85,STATIC,106.02,STATIC,114.11,STATIC,121.00,STATIC,163.29,STATIC
19.200000000000003,574,141.72,STATIC,123.74,STATIC,75.48,STATIC,28.79,STATIC,106.24,STATIC,114.28,STATIC,121.31,STATIC,163.20,STATIC
19.233333333333334,575,142.47,STATIC,124.06,STATIC,75.38,STATIC,28.94,STATIC,106.26,STATIC,114.29,STATIC,126.25,STATIC,163.03,STATIC
19.26666666666667,576,137.67,STATIC,124.40,STATIC,75.28,STATIC,29.07,STATIC,106.25,STATIC,114.10,STATIC,124.37,STATIC,163.02,STATIC
19.3,577,138.19,STATIC,124.29,STATIC,75.24,STATIC,29.04,STATIC,106.29,STATIC,113.99,STATIC,126.63,STATIC,162.98,STATIC
19.333333333333336,578,140.54,STATIC,124.44,STATIC,75.19,STATIC,29.15,STATIC,106.31,STATIC,113.88,STATIC,126.41,STATIC,163.14,STATIC
19.366666666666667,579,128.55,FLEXION,124.40,STATIC,75.06,STATIC,29.15,STATIC,106.53,STATIC,113.88,STATIC,126.09,STATIC,162.92,STATIC
19.400000000000002,580,129.02,STATIC,124.62,STATIC,74.97,STATIC,29.31,STATIC,106.68,STATIC,113.80,STATIC,125.95,STATIC,162.92,STATIC
19.433333333333334,581,132.92,STATIC,124.52,STATIC,74.88,STATIC,29.44,STATIC,106.76,STATIC,113.76,STATIC,124.71,STATIC,162.86,STATIC
19.46666666666667,582,127.55,FLEXION,124.60,STATIC,74.74,STATIC,29.59,STATIC,106.93,STATIC,113.75,STATIC,127.34,STATIC,162.53,STATIC
19.5,583,127.92,STATIC,124.48,STATIC,74.61,STATIC,29.48,STATIC,107.08,STATIC,113.78,STATIC,127.79,STATIC,162.32,STATIC
19.533333333333335,584,128.06,STATIC,124.32,STATIC,74.40,STATIC,29.22,STATIC,107.30,STATIC,113.88,STATIC,128.22,STATIC,162.30,STATIC
19.566666666666666,585,129.19,STATIC,124.28,STATIC,74.20,STATIC,29.15,STATIC,107.52,STATIC,114.02,STATIC,128.59,STATIC,162.33,STATIC
19.6,586,129.79,STATIC,124.55,STATIC,74.14,STATIC,29.21,STATIC,107.60,STATIC,114.14,STATIC,124.36,STATIC,162.27,STATIC
19.633333333333333,587,126.92,STATIC,124.49,STATIC,74.08,STATIC,29.22,STATIC,107.66,STATIC,114.06,STATIC,123.75,STATIC,161.84,STATIC
19.666666666666668,588,124.81,STATIC,124.50,STATIC,73.88,STATIC,29.33,STATIC,107.92,STATIC,114.14,STATIC,123.69,STATIC,161.41,STATIC
19.700000000000003,589,124.02,STATIC,124.74,STATIC,73.80,STATIC,29.37,STATIC,107.84,STATIC,114.19,STATIC,122.90,STATIC,161.52,STATIC
19.733333333333334,590,124.32,STATIC,124.56,STATIC,73.66,STATIC,29.20,STATIC,107.90,STATIC,114.17,STATIC,122.78,STATIC,161.60,STATIC
19.76666666666667,591,125.28,STATIC,124.45,STATIC,73.62,STATIC,29.17,STATIC,107.98,STATIC,114.17,STATIC,123.03,STATIC,161.61,STATIC
19.8,592,125.45,STATIC,124.11,STATIC,73.51,STATIC,28.94,STATIC,108.10,STATIC,114.14,STATIC,123.13,STATIC,161.47,STATIC
19.833333333333336,593,125.22,STATIC,123.99,STATIC,73.46,STATIC,28.92,STATIC,108.19,STATIC,114.15,STATIC,123.20,STATIC,161.34,STATIC
19.866666666666667,594,124.26,STATIC,123.81,STATIC,73.51,STATIC,29.00,STATIC,108.16,STATIC,114.02,STATIC,123.74,STATIC,161.47,STATIC
19.900000000000002,595,128.26,STATIC,123.60,STATIC,73.53,STATIC,28.87,STATIC,108.10,STATIC,113.95,STATIC,124.05,STATIC,161.72,STATIC
19.933333333333334,596,128.49,STATIC,123.37,STATIC,73.65,STATIC,28.81,STATIC,107.99,STATIC,113.87,STATIC,124.38,STATIC,162.06,STATIC
19.96666666666667,597,127.71,STATIC,123.39,STATIC,73.54,STATIC,28.65,STATIC,108.18,STATIC,113.92,STATIC,124.87,STATIC,162.22,STATIC
20.0,598,127.33,STATIC,123.16,STATIC,73.52,STATIC,28.53,STATIC,108.21,STATIC,113.82,STATIC,125.11,STATIC,162.22,STATIC
20.033333333333335,599,127.04,STATIC,122.95,STATIC,73.59,STATIC,28.46,STATIC,108.17,STATIC,113.65,STATIC,125.28,STATIC,162.29,STATIC
20.066666666666666,600,128.48,STATIC,122.82,STATIC,73.58,STATIC,28.32,STATIC,108.17,STATIC,113.58,STATIC,125.25,STATIC,162.24,STATIC
20.1,601,128.17,STATIC,122.59,STATIC,73.59,STATIC,28.18,STATIC,108.19,STATIC,113.59,STATIC,125.48,STATIC,162.40,STATIC
20.133333333333333,602,128.31,STATIC,122.31,STATIC,73.51,STATIC,28.02,STATIC,108.29,STATIC,113.75,STATIC,125.49,STATIC,162.09,STATIC
20.166666666666668,603,129.36,STATIC,121.98,STATIC,73.54,STATIC,27.88,STATIC,108.27,STATIC,113.77,STATIC,125.52,STATIC,161.99,STATIC
20.200000000000003,604,135.44,EXTENSION,121.80,STATIC,73.46,STATIC,27.58,STATIC,108.34,STATIC,113.87,STATIC,125.02,STATIC,161.64,STATIC
20.233333333333334,605,135.27,STATIC,121.66,STATIC,73.48,STATIC,27.42,STATIC,108.32,STATIC,113.96,STATIC,125.06,STATIC,161.46,STATIC
20.26666666666667,606,138.78,STATIC,121.71,STATIC,73.54,STATIC,27.20,STATIC,108.26,STATIC,114.05,STATIC,125.46,STATIC,161.97,STATIC
20.3,607,141.08,STATIC,121.50,STATIC,73.46,STATIC,26.80,STATIC,108.35,STATIC,114.21,STATIC,125.79,STATIC,162.19,STATIC
20.333333333333336,608,141.73,STATIC,121.28,STATIC,73.44,STATIC,26.53,STATIC,108.30,STATIC,114.43,STATIC,126.10,STATIC,162.63,STATIC
20.366666666666667,609,139.87,STATIC,121.30,STATIC,73.70,STATIC,26.79,STATIC,107.95,STATIC,114.32,STATIC,125.73,STATIC,162.46,STATIC
20.400000000000002,610,137.62,STATIC,121.32,STATIC,73.89,STATIC,26.85,STATIC,107.69,STATIC,114.17,STATIC,125.38,STATIC,162.10,STATIC
20.433333333333334,611,131.55,FLEXION,121.54,STATIC,74.14,STATIC,26.99,STATIC,107.33,STATIC,114.01,STATIC,125.26,STATIC,162.27,STATIC
20.46666666666667,612,135.41,STATIC,121.79,STATIC,74.40,STATIC,27.19,STATIC,107.05,STATIC,113.85,STATIC,124.74,STATIC,162.34,STATIC
20.5,613,135.33,STATIC,122.05,STATIC,74.66,STATIC,27.47,STATIC,106.77,STATIC,113.77,STATIC,125.10,STATIC,163.01,STATIC
20.533333333333335,614,138.33,STATIC,122.19,STATIC,74.83,STATIC,27.66,STATIC,106.60,STATIC,113.68,STATIC,125.03,STATIC,163.27,STATIC
20.566666666666666,615,139.44,STATIC,122.12,STATIC,74.95,STATIC,27.79,STATIC,106.48,STATIC,113.71,STATIC,124.92,STATIC,163.43,STATIC
20.6,616,139.05,STATIC,122.22,STATIC,75.13,STATIC,28.02,STATIC,106.31,STATIC,113.70,STATIC,124.87,STATIC,163.70,STATIC
20.633333333333336,617,140.53,STATIC,122.39,STATIC,75.19,STATIC,28.14,STATIC,106.26,STATIC,113.68,STATIC,124.90,STATIC,163.70,STATIC
20.666666666666668,618,139.73,STATIC,122.54,STATIC,75.30,STATIC,28.15,STATIC,106.16,STATIC,113.65,STATIC,125.09,STATIC,164.21,STATIC
20.700000000000003,619,139.63,STATIC,122.59,STATIC,75.37,STATIC,28.25,STATIC,106.09,STATIC,113.62,STATIC,124.96,STATIC,164.24,STATIC
20.733333333333334,620,138.93,STATIC,122.64,STATIC,75.48,STATIC,28.44,STATIC,105.97,STATIC,113.56,STATIC,124.81,STATIC,164.25,STATIC
20.76666666666667,621,138.05,STATIC,122.70,STATIC,75.55,STATIC,28.58,STATIC,105.88,STATIC,113.17,STATIC,124.60,STATIC,163.66,STATIC
20.8,622,135.76,STATIC,122.51,STATIC,75.51,STATIC,28.57,STATIC,105.92,STATIC,113.35,STATIC,124.35,STATIC,163.73,STATIC
20.833333333333336,623,139.26,STATIC,122.60,STATIC,75.57,STATIC,28.80,STATIC,105.67,STATIC,113.19,STATIC,123.98,STATIC,163.73,STATIC
20.866666666666667,624,138.53,STATIC,122.56,STATIC,75.54,STATIC,28.83,STATIC,105.74,STATIC,112.76,STATIC,123.79,STATIC,162.93,STATIC
20.900000000000002,625,135.78,STATIC,122.63,STATIC,75.63,STATIC,29.05,STATIC,105.53,STATIC,112.20,STATIC,123.72,STATIC,162.25,STATIC
20.933333333333334,626,131.30,STATIC,123.15,STATIC,75.52,STATIC,29.27,STATIC,105.70,STATIC,112.19,STATIC,123.55,STATIC,161.92,STATIC
20.96666666666667,627,133.18,STATIC,123.79,STATIC,75.30,STATIC,29.32,STATIC,105.97,STATIC,112.29,STATIC,123.12,STATIC,161.54,STATIC
21.0,628,128.62,STATIC,124.66,STATIC,74.96,STATIC,29.53,STATIC,106.39,STATIC,112.45,STATIC,122.26,STATIC,160.60,STATIC
21.033333333333335,629,137.47,EXTENSION,125.00,STATIC,74.67,STATIC,28.99,STATIC,107.11,STATIC,112.95,STATIC,121.05,STATIC,159.62,STATIC
21.066666666666666,630,133.72,STATIC,125.22,STATIC,74.39,STATIC,28.78,STATIC,107.40,STATIC,113.33,STATIC,120.93,STATIC,159.10,STATIC
21.1,631,136.58,STATIC,125.27,STATIC,74.18,STATIC,28.59,STATIC,107.57,STATIC,113.53,STATIC,120.77,STATIC,158.87,STATIC
21.133333333333336,632,138.77,STATIC,125.58,STATIC,74.11,STATIC,28.78,STATIC,107.63,STATIC,113.60,STATIC,120.46,STATIC,158.18,STATIC
21.166666666666668,633,132.75,FLEXION,125.85,STATIC,73.95,STATIC,28.86,STATIC,107.78,STATIC,113.53,STATIC,120.26,STATIC,157.17,STATIC
21.200000000000003,634,133.52,STATIC,126.05,STATIC,73.81,STATIC,29.00,STATIC,107.88,STATIC,113.54,STATIC,119.83,STATIC,156.60,STATIC
21.233333333333334,635,142.29,EXTENSION,125.98,STATIC,73.72,STATIC,28.95,STATIC,107.93,STATIC,113.71,STATIC,119.45,STATIC,156.68,STATIC
21.26666666666667,636,143.09,STATIC,125.89,STATIC,73.57,STATIC,28.83,STATIC,108.06,STATIC,113.89,STATIC,119.15,STATIC,156.33,STATIC
21.3,637,136.58,FLEXION,126.01,STATIC,73.52,STATIC,28.95,STATIC,108.10,STATIC,113.93,STATIC,118.85,STATIC,155.68,STATIC
21.333333333333336,638,139.20,STATIC,126.19,STATIC,73.42,STATIC,29.01,STATIC,108.20,STATIC,113.99,STATIC,118.80,STATIC,155.69,STATIC
21.366666666666667,639,144.79,EXTENSION,126.22,STATIC,73.31,STATIC,28.92,STATIC,108.25,STATIC,114.08,STATIC,118.83,STATIC,155.71,STATIC
21.400000000000002,640,145.00,STATIC,126.31,STATIC,73.03,STATIC,28.62,STATIC,108.53,STATIC,114.37,STATIC,118.73,STATIC,155.99,STATIC
21.433333333333334,641,141.90,STATIC,126.23,STATIC,72.85,STATIC,28.35,STATIC,108.88,STATIC,114.60,STATIC,118.88,STATIC,156.17,STATIC
21.46666666666667,642,134.83,FLEXION,125.99,STATIC,72.87,STATIC,28.19,STATIC,108.77,STATIC,114.66,STATIC,118.92,STATIC,156.73,STATIC
21.5,643,128.35,FLEXION,125.32,STATIC,72.83,STATIC,27.67,STATIC,108.90,STATIC,114.90,STATIC,119.46,STATIC,157.29,STATIC
21.533333333333335,644,133.08,STATIC,124.81,STATIC,72.72,STATIC,27.22,STATIC,109.07,STATIC,115.13,STATIC,119.84,STATIC,157.35,STATIC
21.566666666666666,645,132.35,STATIC,124.49,STATIC,72.64,STATIC,26.80,STATIC,109.16,STATIC,115.37,STATIC,120.06,STATIC,157.73,STATIC
21.6,646,133.91,STATIC,124.34,STATIC,72.62,STATIC,26.61,STATIC,109.16,STATIC,115.51,STATIC,120.21,STATIC,157.99,STATIC
21.633333333333336,647,134.68,STATIC,124.17,STATIC,72.54,STATIC,26.42,STATIC,109.11,STATIC,115.73,STATIC,120.23,STATIC,158.24,STATIC
21.666666666666668,648,136.86,STATIC,124.05,STATIC,72.58,STATIC,26.32,STATIC,108.95,STATIC,115.70,STATIC,120.49,STATIC,158.60,STATIC
21.700000000000003,649,133.67,STATIC,123.76,STATIC,72.49,STATIC,26.09,STATIC,109.01,STATIC,115.89,STATIC,120.59,STATIC,159.07,STATIC
21.733333333333334,650,133.95,STATIC,123.62,STATIC,72.78,STATIC,26.27,STATIC,108.63,STATIC,115.74,STATIC,120.78,STATIC,159.44,STATIC
21.76666666666667,651,136.50,STATIC,123.40,STATIC,72.99,STATIC,26.37,STATIC,108.37,STATIC,115.54,STATIC,121.14,STATIC,159.85,STATIC
21.8,652,142.02,EXTENSION,122.88,STATIC,73.00,STATIC,26.25,STATIC,108.36,STATIC,115.51,STATIC,121.44,STATIC,159.90,STATIC
21.833333333333336,653,141.47,STATIC,122.89,STATIC,73.12,STATIC,26.40,STATIC,108.23,STATIC,115.40,STATIC,121.71,STATIC,160.13,STATIC
21.866666666666667,654,144.67,STATIC,123.01,STATIC,73.37,STATIC,26.74,STATIC,107.94,STATIC,115.16,STATIC,121.96,STATIC,160.34,STATIC
21.900000000000002,655,143.69,STATIC,123.02,STATIC,73.55,STATIC,26.96,STATIC,107.65,STATIC,115.08,STATIC,122.06,STATIC,160.80,STATIC
21.933333333333334,656,146.11,STATIC,123.18,STATIC,73.76,STATIC,27.30,STATIC,107.38,STATIC,114.84,STATIC,122.14,STATIC,160.86,STATIC
21.96666666666667,657,132.92,FLEXION,123.08,STATIC,74.00,STATIC,27.42,STATIC,107.12,STATIC,114.58,STATIC,122.17,STATIC,161.00,STATIC
22.0,658,134.31,STATIC,122.95,STATIC,74.25,STATIC,27.59,STATIC,106.87,STATIC,114.32,STATIC,122.35,STATIC,161.22,STATIC
22.033333333333335,659,142.27,EXTENSION,122.88,STATIC,74.37,STATIC,27.63,STATIC,106.78,STATIC,114.22,STATIC,122.16,STATIC,160.90,STATIC
22.066666666666666,660,140.05,STATIC,122.68,STATIC,74.58,STATIC,27.69,STATIC,106.56,STATIC,113.98,STATIC,122.22,STATIC,161.13,STATIC
22.1,661,138.11,STATIC,122.46,STATIC,74.82,STATIC,27.73,STATIC,106.35,STATIC,113.81,STATIC,122.72,STATIC,161.60,STATIC
22.133333333333336,662,139.21,STATIC,122.22,STATIC,74.98,STATIC,27.77,STATIC,106.21,STATIC,113.64,STATIC,122.81,STATIC,161.72,STATIC
22.166666666666668,663,140.26,STATIC,122.00,STATIC,75.05,STATIC,27.66,STATIC,106.18,STATIC,113.66,STATIC,123.14,STATIC,162.13,STATIC
22.200000000000003,664,137.62,STATIC,121.44,STATIC,75.06,STATIC,27.49,STATIC,106.11,STATIC,113.84,STATIC,123.24,STATIC,162.44,STATIC
22.233333333333334,665,133.97,STATIC,120.98,STATIC,75.09,STATIC,27.18,STATIC,106.06,STATIC,113.80,STATIC,123.59,STATIC,163.10,STATIC
22.26666666666667,666,135.90,STATIC,120.50,STATIC,75.09,STATIC,26.84,STATIC,106.14,STATIC,113.80,STATIC,124.07,STATIC,163.53,STATIC
22.3,667,136.03,STATIC,119.82,STATIC,75.06,STATIC,26.45,STATIC,106.18,STATIC,113.86,STATIC,124.92,STATIC,163.87,STATIC
22.333333333333336,668,136.09,STATIC,119.36,STATIC,75.01,STATIC,26.12,STATIC,106.18,STATIC,113.65,STATIC,125.20,STATIC,163.87,STATIC
22.366666666666667,669,133.55,STATIC,118.94,STATIC,74.99,STATIC,25.76,STATIC,106.21,STATIC,113.59,STATIC,125.73,STATIC,164.15,STATIC
22.400000000000002,670,134.32,STATIC,118.53,STATIC,75.00,STATIC,25.51,STATIC,106.19,STATIC,113.46,STATIC,126.09,STATIC,164.07,STATIC
22.433333333333334,671,136.06,STATIC,118.13,STATIC,75.00,STATIC,25.23,STATIC,106.20,STATIC,113.40,STATIC,126.38,STATIC,164.10,STATIC
22.46666666666667,672,138.70,STATIC,117.80,STATIC,75.12,STATIC,25.08,STATIC,105.94,STATIC,113.25,STATIC,126.46,STATIC,164.14,STATIC
22.5,673,135.67,STATIC,117.58,STATIC,75.09,STATIC,24.80,STATIC,106.02,STATIC,113.35,STATIC,126.69,STATIC,164.11,STATIC
22.533333333333335,674,136.08,STATIC,117.31,STATIC,75.15,STATIC,24.60,STATIC,105.97,STATIC,113.32,STATIC,126.83,STATIC,164.22,STATIC
22.566666666666666,675,144.60,EXTENSION,117.08,STATIC,75.24,STATIC,24.52,STATIC,105.88,STATIC,113.48,STATIC,127.20,STATIC,164.95,STATIC
22.6,676,144.31,STATIC,116.80,STATIC,75.21,STATIC,24.32,STATIC,105.89,STATIC,113.36,STATIC,127.29,STATIC,164.99,STATIC
22.633333333333336,677,146.21,STATIC,116.82,STATIC,75.13,STATIC,24.28,STATIC,105.93,STATIC,113.24,STATIC,127.22,STATIC,164.76,STATIC
22.666666666666668,678,143.90,STATIC,116.78,STATIC,75.08,STATIC,24.21,STATIC,105.99,STATIC,113.32,STATIC,127.11,STATIC,164.83,STATIC
22.700000000000003,679,138.46,FLEXION,116.67,STATIC,75.21,STATIC,24.25,STATIC,105.86,STATIC,113.25,STATIC,127.34,STATIC,164.97,STATIC
22.733333333333334,680,139.94,STATIC,116.54,STATIC,75.31,STATIC,24.26,STATIC,105.78,STATIC,113.23,STATIC,127.49,STATIC,165.13,STATIC
22.76666666666667,681,142.19,STATIC,116.24,STATIC,75.28,STATIC,24.08,STATIC,105.97,STATIC,113.69,STATIC,128.39,STATIC,165.94,STATIC
22.8,682,139.59,STATIC,116.11,STATIC,75.14,STATIC,24.01,STATIC,106.24,STATIC,113.93,STATIC,128.66,STATIC,165.82,STATIC
22.833333333333336,683,134.46,FLEXION,116.02,STATIC,75.11,STATIC,23.99,STATIC,106.30,STATIC,114.42,STATIC,128.56,STATIC,166.22,STATIC
22.866666666666667,684,136.49,STATIC,116.17,STATIC,75.16,STATIC,24.08,STATIC,106.29,STATIC,114.41,STATIC,128.56,STATIC,166.11,STATIC
22.900000000000002,685,145.66,EXTENSION,116.26,STATIC,75.10,STATIC,24.11,STATIC,106.37,STATIC,114.49,STATIC,128.30,STATIC,165.90,STATIC
22.933333333333334,686,145.04,STATIC,116.40,STATIC,74.95,STATIC,24.02,STATIC,106.53,STATIC,114.62,STATIC,128.05,STATIC,165.57,STATIC
22.96666666666667,687,144.00,STATIC,116.55,STATIC,74.70,STATIC,23.87,STATIC,106.82,STATIC,114.83,STATIC,127.56,STATIC,165.04,STATIC
23.0,688,144.39,STATIC,116.75,STATIC,74.57,STATIC,23.86,STATIC,106.98,STATIC,114.90,STATIC,127.50,STATIC,164.45,STATIC
23.033333333333335,689,144.68,STATIC,116.86,STATIC,74.27,STATIC,23.79,STATIC,107.30,STATIC,115.25,STATIC,126.86,STATIC,163.92,STATIC
23.066666666666666,690,144.62,STATIC,116.98,STATIC,74.01,STATIC,23.61,STATIC,107.55,STATIC,115.46,STATIC,126.63,STATIC,163.52,STATIC
23.1,691,142.33,STATIC,117.24,STATIC,74.13,STATIC,23.94,STATIC,107.37,STATIC,115.47,STATIC,126.20,STATIC,163.13,STATIC
23.133333333333336,692,142.21,STATIC,117.36,STATIC,74.13,STATIC,24.16,STATIC,107.36,STATIC,115.35,STATIC,126.50,STATIC,162.94,STATIC
23.166666666666668,693,141.06,STATIC,117.41,STATIC,74.14,STATIC,24.24,STATIC,107.33,STATIC,115.52,STATIC,126.84,STATIC,163.46,STATIC
23.200000000000003,694,140.89,STATIC,117.05,STATIC,74.09,STATIC,24.26,STATIC,107.39,STATIC,115.52,STATIC,127.19,STATIC,163.56,STATIC
23.233333333333334,695,139.80,STATIC,116.30,STATIC,73.98,STATIC,24.49,STATIC,107.52,STATIC,115.70,STATIC,127.31,STATIC,163.71,STATIC
23.26666666666667,696,133.65,FLEXION,116.44,STATIC,74.23,STATIC,24.59,STATIC,107.15,STATIC,115.53,STATIC,127.18,STATIC,163.82,STATIC
23.3,697,133.29,STATIC,116.47,STATIC,74.40,STATIC,24.67,STATIC,106.95,STATIC,115.55,STATIC,127.42,STATIC,164.37,STATIC
23.333333333333336,698,133.38,STATIC,116.46,STATIC,74.56,STATIC,24.79,STATIC,106.77,STATIC,115.45,STATIC,127.64,STATIC,164.60,STATIC
23.366666666666667,699,135.14,STATIC,116.57,STATIC,74.66,STATIC,24.76,STATIC,106.64,STATIC,115.38,STATIC,127.90,STATIC,164.70,STATIC
23.400000000000002,700,138.52,STATIC,116.59,STATIC,74.77,STATIC,24.86,STATIC,106.52,STATIC,115.24,STATIC,127.67,STATIC,164.60,STATIC
23.433333333333334,701,141.50,STATIC,116.62,STATIC,74.84,STATIC,25.01,STATIC,106.48,STATIC,115.16,STATIC,127.49,STATIC,164.44,STATIC
23.46666666666667,702,143.69,STATIC,116.77,STATIC,74.93,STATIC,25.24,STATIC,106.40,STATIC,115.21,STATIC,127.79,STATIC,164.86,STATIC
23.5,703,145.25,STATIC,116.75,STATIC,74.96,STATIC,25.16,STATIC,106.37,STATIC,115.02,STATIC,128.22,STATIC,164.73,STATIC
23.533333333333335,704,145.73,STATIC,116.77,STATIC,74.76,STATIC,24.95,STATIC,106.60,STATIC,115.09,STATIC,128.18,STATIC,165.08,STATIC
23.566666666666666,705,146.64,STATIC,116.94,STATIC,74.54,STATIC,24.78,STATIC,106.87,STATIC,115.11,STATIC,128.10,STATIC,164.71,STATIC
23.6,706,145.61,STATIC,117.09,STATIC,74.47,STATIC,24.73,STATIC,106.87,STATIC,115.11,STATIC,128.09,STATIC,164.87,STATIC
23.633333333333336,707,143.21,STATIC,117.06,STATIC,74.13,STATIC,24.59,STATIC,107.26,STATIC,114.96,STATIC,128.12,STATIC,164.16,STATIC
23.666666666666668,708,138.19,FLEXION,117.19,STATIC,73.64,STATIC,24.37,STATIC,107.93,STATIC,114.92,STATIC,128.04,STATIC,163.18,STATIC
23.700000000000003,709,139.31,STATIC,117.48,STATIC,73.27,STATIC,24.34,STATIC,108.35,STATIC,115.08,STATIC,127.71,STATIC,162.38,STATIC
23.733333333333334,710,138.03,STATIC,117.90,STATIC,73.06,STATIC,24.44,STATIC,108.60,STATIC,115.11,STATIC,127.44,STATIC,161.90,STATIC
23.76666666666667,711,139.39,STATIC,118.10,STATIC,72.87,STATIC,24.46,STATIC,108.80,STATIC,115.31,STATIC,127.23,STATIC,161.89,STATIC
23.8,712,141.44,STATIC,118.01,STATIC,72.78,STATIC,24.43,STATIC,108.84,STATIC,115.41,STATIC,127.16,STATIC,162.05,STATIC
23.833333333333336,713,142.85,STATIC,118.30,STATIC,72.87,STATIC,24.52,STATIC,108.71,STATIC,115.36,STATIC,127.23,STATIC,162.31,STATIC
23.866666666666667,714,144.21,STATIC,118.57,STATIC,73.11,STATIC,24.81,STATIC,108.48,STATIC,115.12,STATIC,127.30,STATIC,162.43,STATIC
23.900000000000002,715,144.96,STATIC,118.70,STATIC,73.38,STATIC,25.14,STATIC,108.23,STATIC,114.88,STATIC,127.51,STATIC,162.80,STATIC
23.933333333333334,716,136.52,FLEXION,118.69,STATIC,73.71,STATIC,25.43,STATIC,107.82,STATIC,114.84,STATIC,127.60,STATIC,163.42,STATIC
23.96666666666667,717,133.69,STATIC,118.40,STATIC,74.10,STATIC,25.64,STATIC,107.39,STATIC,114.75,STATIC,127.68,STATIC,164.23,STATIC
24.0,718,134.46,STATIC,118.10,STATIC,74.55,STATIC,25.78,STATIC,106.88,STATIC,114.58,STATIC,128.07,STATIC,164.97,STATIC
24.033333333333335,719,139.35,STATIC,117.86,STATIC,74.80,STATIC,25.77,STATIC,106.69,STATIC,114.49,STATIC,128.88,STATIC,166.01,STATIC
24.06666666666667,720,132.44,FLEXION,117.77,STATIC,75.08,STATIC,25.99,STATIC,106.36,STATIC,114.45,STATIC,129.08,STATIC,166.43,STATIC
24.1,721,128.30,STATIC,117.69,STATIC,75.34,STATIC,26.18,STATIC,106.00,STATIC,114.11,STATIC,128.93,STATIC,166.26,STATIC
24.133333333333336,722,128.21,STATIC,117.51,STATIC,75.59,STATIC,26.33,STATIC,105.69,STATIC,113.89,STATIC,128.57,STATIC,166.20,STATIC
24.166666666666668,723,132.29,STATIC,117.53,STATIC,75.87,STATIC,26.28,STATIC,105.41,STATIC,113.69,STATIC,128.53,STATIC,166.23,STATIC
24.200000000000003,724,136.48,STATIC,117.76,STATIC,76.10,STATIC,26.34,STATIC,105.16,STATIC,113.14,STATIC,128.10,STATIC,166.06,STATIC
24.233333333333334,725,130.96,FLEXION,117.81,STATIC,76.25,STATIC,26.30,STATIC,104.95,STATIC,112.48,STATIC,127.41,STATIC,164.88,STATIC
24.26666666666667,726,127.24,STATIC,117.95,STATIC,76.47,STATIC,26.15,STATIC,104.68,STATIC,111.85,STATIC,127.17,STATIC,164.67,STATIC
24.3,727,129.39,STATIC,118.07,STATIC,76.54,STATIC,26.11,STATIC,104.59,STATIC,111.66,STATIC,126.64,STATIC,164.36,STATIC
24.333333333333336,728,131.93,STATIC,118.67,STATIC,76.64,STATIC,26.36,STATIC,104.50,STATIC,111.54,STATIC,125.89,STATIC,163.61,STATIC
24.366666666666667,729,136.80,STATIC,119.15,STATIC,76.73,STATIC,26.56,STATIC,104.49,STATIC,111.50,STATIC,124.80,STATIC,162.95,STATIC
24.400000000000002,730,136.57,STATIC,119.72,STATIC,76.66,STATIC,26.20,STATIC,104.54,STATIC,111.51,STATIC,123.89,STATIC,162.27,STATIC
24.433333333333334,731,150.42,EXTENSION,120.16,STATIC,76.72,STATIC,26.25,STATIC,104.62,STATIC,111.42,STATIC,123.24,STATIC,160.74,STATIC
24.46666666666667,732,133.27,FLEXION,120.12,STATIC,76.51,STATIC,26.18,STATIC,105.00,STATIC,111.65,STATIC,122.36,STATIC,160.44,STATIC
24.5,733,137.50,STATIC,120.43,STATIC,76.40,STATIC,26.32,STATIC,105.20,STATIC,111.64,STATIC,121.55,STATIC,159.65,STATIC
24.533333333333335,734,139.31,STATIC,120.81,STATIC,76.25,STATIC,26.46,STATIC,105.55,STATIC,111.73,STATIC,120.72,STATIC,158.84,STATIC
24.56666666666667,735,149.46,EXTENSION,121.33,STATIC,75.99,STATIC,26.59,STATIC,105.95,STATIC,111.95,STATIC,119.96,STATIC,157.55,STATIC
24.6,736,150.36,STATIC,122.03,STATIC,75.62,STATIC,26.63,STATIC,106.40,STATIC,112.27,STATIC,118.51,STATIC,155.84,STATIC
24.633333333333336,737,147.83,STATIC,122.90,STATIC,75.06,STATIC,26.77,STATIC,107.08,STATIC,112.65,STATIC,117.96,STATIC,154.59,STATIC
24.666666666666668,738,148.70,STATIC,123.55,STATIC,74.52,STATIC,26.76,STATIC,107.59,STATIC,112.90,STATIC,117.41,STATIC,153.50,STATIC
24.700000000000003,739,134.64,FLEXION,124.65,STATIC,74.03,STATIC,26.86,STATIC,108.05,STATIC,112.97,STATIC,116.63,STATIC,153.12,STATIC
24.733333333333334,740,144.89,EXTENSION,125.79,STATIC,73.52,STATIC,26.90,STATIC,108.61,STATIC,113.25,STATIC,116.36,STATIC,151.63,STATIC
24.76666666666667,741,127.61,FLEXION,125.97,STATIC,72.96,STATIC,26.49,STATIC,109.07,STATIC,113.61,STATIC,115.67,STATIC,151.27,STATIC
24.8,742,124.96,STATIC,126.16,STATIC,72.39,STATIC,25.82,STATIC,109.56,STATIC,114.03,STATIC,115.03,STATIC,149.87,STATIC
24.833333333333336,743,130.01,EXTENSION,126.62,STATIC,71.96,STATIC,25.57,STATIC,109.97,STATIC,114.35,STATIC,114.17,STATIC,148.55,STATIC
24.866666666666667,744,116.42,FLEXION,126.14,STATIC,71.83,STATIC,25.15,STATIC,110.03,STATIC,114.53,STATIC,113.73,STATIC,147.96,STATIC
24.900000000000002,745,114.17,STATIC,125.41,STATIC,71.73,STATIC,24.61,STATIC,110.06,STATIC,114.81,STATIC,113.38,STATIC,147.92,STATIC
24.933333333333334,746,114.52,STATIC,124.61,STATIC,71.91,STATIC,24.32,STATIC,109.92,STATIC,114.90,STATIC,113.46,STATIC,148.79,STATIC
24.96666666666667,747,117.04,STATIC,123.70,STATIC,72.13,STATIC,24.10,STATIC,109.67,STATIC,114.89,STATIC,113.42,STATIC,149.03,STATIC
25.0,748,117.19,STATIC,123.51,STATIC,72.31,STATIC,24.12,STATIC,109.50,STATIC,115.06,STATIC,113.59,STATIC,149.87,STATIC
25.033333333333335,749,131.96,EXTENSION,124.64,STATIC,72.20,STATIC,24.49,STATIC,109.91,STATIC,115.45,STATIC,113.54,STATIC,149.52,STATIC
25.06666666666667,750,132.17,STATIC,125.04,STATIC,72.02,STATIC,24.28,STATIC,110.19,STATIC,115.95,STATIC,113.57,STATIC,150.00,STATIC
25.1,751,133.28,STATIC,125.49,STATIC,71.93,STATIC,24.28,STATIC,110.28,STATIC,116.07,STATIC,113.13,STATIC,149.83,STATIC
25.133333333333336,752,146.14,EXTENSION,126.08,STATIC,71.49,STATIC,24.16,STATIC,110.85,STATIC,116.51,STATIC,113.07,STATIC,149.31,STATIC
25.166666666666668,753,147.77,STATIC,126.49,STATIC,70.99,STATIC,24.02,STATIC,111.49,STATIC,117.10,STATIC,113.26,STATIC,149.75,STATIC
25.200000000000003,754,147.72,STATIC,127.11,STATIC,70.61,STATIC,24.20,STATIC,112.00,STATIC,117.38,STATIC,113.60,STATIC,149.34,STATIC
25.233333333333334,755,143.74,STATIC,127.65,STATIC,70.26,STATIC,24.49,STATIC,112.20,STATIC,117.62,STATIC,114.09,STATIC,149.37,STATIC
25.26666666666667,756,144.21,STATIC,128.85,STATIC,70.10,STATIC,25.12,STATIC,112.55,STATIC,117.68,STATIC,114.35,STATIC,148.89,STATIC
25.3,757,144.83,STATIC,129.53,STATIC,70.03,STATIC,25.52,STATIC,112.72,STATIC,117.81,STATIC,114.65,STATIC,148.74,STATIC
25.333333333333336,758,144.62,STATIC,130.45,STATIC,69.90,STATIC,25.93,STATIC,112.95,STATIC,117.66,STATIC,114.84,STATIC,147.71,STATIC
25.366666666666667,759,135.95,FLEXION,130.53,STATIC,69.83,STATIC,25.79,STATIC,113.07,STATIC,117.94,STATIC,114.94,STATIC,148.81,STATIC
25.400000000000002,760,123.53,FLEXION,130.29,STATIC,69.72,STATIC,25.41,STATIC,113.00,STATIC,118.24,STATIC,114.51,STATIC,149.98,STATIC
25.433333333333334,761,131.14,EXTENSION,130.63,STATIC,69.57,STATIC,25.42,STATIC,113.13,STATIC,118.52,STATIC,114.08,STATIC,149.47,STATIC
25.46666666666667,762,129.06,STATIC,130.89,STATIC,69.31,STATIC,25.29,STATIC,113.36,STATIC,119.02,STATIC,113.83,STATIC,149.29,STATIC
25.5,763,132.61,STATIC,131.59,STATIC,68.90,STATIC,25.22,STATIC,113.83,STATIC,119.49,STATIC,113.43,STATIC,148.70,STATIC
25.56666666666667,764,125.90,FLEXION,132.41,STATIC,68.48,STATIC,25.37,STATIC,114.16,STATIC,119.85,STATIC,112.72,STATIC,147.86,STATIC
25.6,765,127.81,STATIC,132.64,STATIC,68.23,STATIC,25.50,STATIC,114.47,STATIC,120.33,STATIC,112.24,STATIC,147.36,STATIC
25.633333333333336,766,119.93,FLEXION,132.61,STATIC,68.20,STATIC,25.49,STATIC,114.51,STATIC,120.36,STATIC,112.00,STATIC,147.50,STATIC
25.666666666666668,767,112.04,FLEXION,132.11,STATIC,68.20,STATIC,25.41,STATIC,114.13,STATIC,120.35,STATIC,111.23,STATIC,147.21,STATIC
25.700000000000003,768,114.19,STATIC,131.86,STATIC,68.17,STATIC,25.19,STATIC,114.21,STATIC,120.35,STATIC,111.08,STATIC,146.77,STATIC
25.733333333333334,769,115.27,STATIC,131.56,STATIC,67.97,STATIC,24.69,STATIC,114.51,STATIC,120.62,STATIC,110.89,STATIC,146.36,STATIC
25.76666666666667,770,111.01,STATIC,131.03,STATIC,67.97,STATIC,24.56,STATIC,114.33,STATIC,120.70,STATIC,110.37,STATIC,146.64,STATIC
25.8,771,110.63,STATIC,130.45,STATIC,68.24,STATIC,24.51,STATIC,114.02,STATIC,120.52,STATIC,109.99,STATIC,147.06,STATIC
25.833333333333336,772,114.25,STATIC,130.33,STATIC,68.44,STATIC,24.49,STATIC,113.86,STATIC,120.18,STATIC,109.92,STATIC,147.21,STATIC
25.866666666666667,773,123.30,EXTENSION,129.72,STATIC,68.15,STATIC,23.83,STATIC,114.38,STATIC,120.36,STATIC,110.06,STATIC,147.75,STATIC
25.900000000000002,774,122.27,STATIC,129.18,STATIC,67.94,STATIC,23.19,STATIC,114.60,STATIC,120.57,STATIC,109.88,STATIC,147.88,STATIC
25.933333333333334,775,121.98,STATIC,128.99,STATIC,67.71,STATIC,22.79,STATIC,114.89,STATIC,120.69,STATIC,109.67,STATIC,147.46,STATIC
25.96666666666667,776,114.79,FLEXION,128.37,STATIC,67.58,STATIC,22.33,STATIC,114.91,STATIC,120.77,STATIC,109.35,STATIC,147.90,STATIC
26.0,777,115.00,STATIC,128.11,STATIC,67.73,STATIC,22.25,STATIC,114.74,STATIC,120.58,STATIC,109.04,STATIC,147.53,STATIC
26.033333333333335,778,115.49,STATIC,128.25,STATIC,68.00,STATIC,22.43,STATIC,114.41,STATIC,120.26,STATIC,108.76,STATIC,147.31,STATIC
26.06666666666667,779,118.21,STATIC,128.09,STATIC,68.23,STATIC,22.46,STATIC,114.17,STATIC,119.90,STATIC,108.69,STATIC,147.51,STATIC
26.1,780,125.09,EXTENSION,128.05,STATIC,68.54,STATIC,22.63,STATIC,113.94,STATIC,119.54,STATIC,108.68,STATIC,147.69,STATIC
26.133333333333336,781,125.95,STATIC,127.95,STATIC,68.74,STATIC,22.63,STATIC,113.77,STATIC,119.40,STATIC,108.77,STATIC,148.28,STATIC
26.166666666666668,782,124.68,STATIC,127.84,STATIC,68.90,STATIC,22.51,STATIC,113.70,STATIC,119.45,STATIC,108.93,STATIC,149.09,STATIC
26.200000000000003,783,124.55,STATIC,127.40,STATIC,69.14,STATIC,22.57,STATIC,113.50,STATIC,119.26,STATIC,108.90,STATIC,149.17,STATIC
26.233333333333334,784,130.10,EXTENSION,127.24,STATIC,69.21,STATIC,22.58,STATIC,113.43,STATIC,119.14,STATIC,108.88,STATIC,149.14,STATIC
26.26666666666667,785,126.78,STATIC,127.09,STATIC,69.48,STATIC,22.76,STATIC,113.13,STATIC,118.89,STATIC,108.91,STATIC,149.39,STATIC
26.333333333333336,786,141.95,EXTENSION,127.49,STATIC,69.57,STATIC,23.15,STATIC,113.15,STATIC,118.87,STATIC,109.33,STATIC,150.16,STATIC
26.366666666666667,787,143.97,STATIC,127.99,STATIC,69.54,STATIC,23.53,STATIC,113.26,STATIC,118.75,STATIC,109.38,STATIC,149.92,STATIC
26.400000000000002,788,135.20,FLEXION,127.66,STATIC,69.41,STATIC,23.17,STATIC,113.42,STATIC,118.82,STATIC,109.15,STATIC,150.41,STATIC
26.433333333333334,789,135.06,STATIC,127.36,STATIC,69.12,STATIC,22.78,STATIC,113.75,STATIC,119.10,STATIC,109.30,STATIC,150.63,STATIC
26.46666666666667,790,130.92,STATIC,126.75,STATIC,68.97,STATIC,22.26,STATIC,113.91,STATIC,119.29,STATIC,109.11,STATIC,151.46,STATIC
26.5,791,135.54,STATIC,126.38,STATIC,68.90,STATIC,21.91,STATIC,114.05,STATIC,119.44,STATIC,109.03,STATIC,151.96,STATIC
26.533333333333335,792,138.41,STATIC,126.37,STATIC,68.76,STATIC,21.76,STATIC,114.23,STATIC,119.55,STATIC,108.97,STATIC,151.98,STATIC
26.56666666666667,793,126.96,FLEXION,126.16,STATIC,68.93,STATIC,21.73,STATIC,114.12,STATIC,119.49,STATIC,108.80,STATIC,151.95,STATIC
26.6,794,122.82,STATIC,125.47,STATIC,68.98,STATIC,21.36,STATIC,114.01,STATIC,119.42,STATIC,108.69,STATIC,151.45,STATIC
26.633333333333336,795,123.40,STATIC,125.00,STATIC,68.89,STATIC,21.04,STATIC,114.19,STATIC,119.48,STATIC,108.52,STATIC,150.92,STATIC
26.666666666666668,796,127.70,STATIC,124.39,STATIC,69.13,STATIC,20.90,STATIC,113.97,STATIC,119.10,STATIC,108.45,STATIC,150.36,STATIC
26.700000000000003,797,123.13,STATIC,123.69,STATIC,69.31,STATIC,20.60,STATIC,113.72,STATIC,119.01,STATIC,108.48,STATIC,150.81,STATIC
26.733333333333334,798,119.31,STATIC,122.97,STATIC,69.63,STATIC,20.47,STATIC,113.29,STATIC,118.72,STATIC,108.33,STATIC,150.76,STATIC
26.76666666666667,799,120.01,STATIC,122.43,STATIC,70.00,STATIC,20.30,STATIC,112.92,STATIC,118.61,STATIC,108.25,STATIC,152.18,STATIC
26.8,800,117.54,STATIC,121.69,STATIC,70.34,STATIC,20.16,STATIC,112.51,STATIC,118.41,STATIC,108.11,STATIC,152.96,STATIC
26.833333333333336,801,118.07,STATIC,121.09,STATIC,70.66,STATIC,20.15,STATIC,111.86,STATIC,118.09,STATIC,107.82,STATIC,153.61,STATIC
26.866666666666667,802,119.86,STATIC,120.51,STATIC,70.87,STATIC,19.90,STATIC,111.61,STATIC,117.80,STATIC,107.85,STATIC,155.27,STATIC
26.900000000000002,803,118.70,STATIC,119.74,STATIC,71.25,STATIC,19.77,STATIC,111.22,STATIC,117.81,STATIC,107.92,STATIC,157.29,STATIC
26.933333333333334,804,120.91,STATIC,119.45,STATIC,71.44,STATIC,19.74,STATIC,110.96,STATIC,117.81,STATIC,107.81,STATIC,158.11,STATIC
26.96666666666667,805,123.00,STATIC,118.99,STATIC,71.54,STATIC,19.54,STATIC,110.84,STATIC,117.77,STATIC,108.11,STATIC,158.79,STATIC
27.0,806,127.89,STATIC,118.61,STATIC,71.65,STATIC,19.37,STATIC,110.82,STATIC,117.73,STATIC,108.32,STATIC,159.33,STATIC
27.033333333333335,807,136.58,EXTENSION,118.04,STATIC,71.67,STATIC,19.05,STATIC,110.94,STATIC,118.04,STATIC,109.45,STATIC,161.66,STATIC
27.06666666666667,808,131.37,FLEXION,117.66,STATIC,71.65,STATIC,18.94,STATIC,110.98,STATIC,118.10,STATIC,110.04,STATIC,162.13,STATIC
27.1,809,135.18,STATIC,117.18,STATIC,71.71,STATIC,18.78,STATIC,110.93,STATIC,118.14,STATIC,110.75,STATIC,163.32,STATIC
27.133333333333336,810,147.26,EXTENSION,117.48,STATIC,71.70,STATIC,18.92,STATIC,111.07,STATIC,118.36,STATIC,111.67,STATIC,164.30,STATIC
27.166666666666668,811,145.01,STATIC,117.88,STATIC,71.61,STATIC,19.07,STATIC,111.22,STATIC,118.54,STATIC,112.48,STATIC,165.31,STATIC
27.200000000000003,812,145.77,STATIC,118.52,STATIC,71.37,STATIC,19.13,STATIC,111.55,STATIC,118.86,STATIC,113.47,STATIC,166.09,STATIC
27.233333333333334,813,142.25,STATIC,118.84,STATIC,71.25,STATIC,19.22,STATIC,111.71,STATIC,119.13,STATIC,113.50,STATIC,166.63,STATIC
27.26666666666667,814,133.16,FLEXION,118.72,STATIC,71.18,STATIC,19.09,STATIC,111.85,STATIC,119.25,STATIC,113.71,STATIC,166.87,STATIC
27.3,815,129.69,STATIC,118.58,STATIC,70.96,STATIC,18.88,STATIC,112.09,STATIC,119.50,STATIC,113.85,STATIC,166.76,STATIC
27.333333333333336,816,122.97,FLEXION,118.48,STATIC,70.70,STATIC,18.67,STATIC,112.24,STATIC,119.65,STATIC,113.30,STATIC,165.37,STATIC
27.366666666666667,817,134.66,EXTENSION,118.67,STATIC,70.32,STATIC,18.57,STATIC,112.73,STATIC,119.83,STATIC,113.39,STATIC,164.55,STATIC
27.400000000000002,818,150.47,EXTENSION,118.85,STATIC,70.08,STATIC,18.54,STATIC,113.16,STATIC,120.06,STATIC,114.37,STATIC,165.02,STATIC
27.433333333333334,819,149.65,STATIC,119.16,STATIC,69.87,STATIC,18.67,STATIC,113.38,STATIC,120.21,STATIC,115.81,STATIC,164.80,STATIC
27.46666666666667,820,148.95,STATIC,119.62,STATIC,69.61,STATIC,18.71,STATIC,113.73,STATIC,120.31,STATIC,116.07,STATIC,164.81,STATIC
27.5,821,148.09,STATIC,119.93,STATIC,69.34,STATIC,18.73,STATIC,114.05,STATIC,120.40,STATIC,116.40,STATIC,164.40,STATIC
27.533333333333335,822,151.45,STATIC,120.71,STATIC,69.36,STATIC,19.13,STATIC,114.03,STATIC,120.22,STATIC,117.05,STATIC,163.98,STATIC
27.56666666666667,823,150.68,STATIC,121.18,STATIC,69.35,STATIC,19.38,STATIC,114.01,STATIC,120.14,STATIC,117.51,STATIC,163.81,STATIC
27.6,824,150.85,STATIC,122.08,STATIC,69.38,STATIC,19.84,STATIC,113.96,STATIC,120.05,STATIC,117.83,STATIC,163.48,STATIC
27.633333333333336,825,149.40,STATIC,122.91,STATIC,69.20,STATIC,20.15,STATIC,114.17,STATIC,120.16,STATIC,117.75,STATIC,162.80,STATIC
27.666666666666668,826,140.43,FLEXION,124.05,STATIC,69.10,STATIC,20.59,STATIC,114.28,STATIC,120.24,STATIC,117.17,STATIC,161.68,STATIC
27.700000000000003,827,144.67,STATIC,125.18,STATIC,68.83,STATIC,21.02,STATIC,114.58,STATIC,120.56,STATIC,116.76,STATIC,161.18,STATIC
27.733333333333334,828,146.49,STATIC,126.32,STATIC,68.86,STATIC,21.73,STATIC,114.56,STATIC,120.80,STATIC,117.11,STATIC,160.88,STATIC
27.76666666666667,829,131.79,FLEXION,126.54,STATIC,69.10,STATIC,22.09,STATIC,114.23,STATIC,120.56,STATIC,116.61,STATIC,160.79,STATIC
27.8,830,136.84,EXTENSION,126.52,STATIC,69.48,STATIC,22.40,STATIC,113.86,STATIC,120.29,STATIC,116.65,STATIC,161.24,STATIC
27.833333333333336,831,134.75,STATIC,126.77,STATIC,69.82,STATIC,22.82,STATIC,113.50,STATIC,120.09,STATIC,116.58,STATIC,161.48,STATIC
27.866666666666667,832,127.32,FLEXION,126.60,STATIC,70.18,STATIC,23.03,STATIC,113.12,STATIC,119.91,STATIC,116.16,STATIC,161.83,STATIC
27.900000000000002,833,131.56,STATIC,126.95,STATIC,70.22,STATIC,23.26,STATIC,113.15,STATIC,119.88,STATIC,115.87,STATIC,161.17,STATIC
27.933333333333334,834,133.63,STATIC,127.25,STATIC,70.39,STATIC,23.60,STATIC,112.94,STATIC,119.64,STATIC,115.42,STATIC,160.89,STATIC
27.96666666666667,835,143.30,EXTENSION,127.67,STATIC,70.58,STATIC,24.08,STATIC,112.77,STATIC,119.45,STATIC,115.55,STATIC,160.65,STATIC
28.000000000000004,836,151.29,EXTENSION,128.20,STATIC,70.95,STATIC,24.82,STATIC,112.34,STATIC,119.16,STATIC,116.06,STATIC,161.54,STATIC
28.033333333333335,837,150.50,STATIC,128.77,STATIC,71.29,STATIC,25.65,STATIC,111.90,STATIC,118.70,STATIC,116.64,STATIC,161.50,STATIC
28.06666666666667,838,148.62,STATIC,129.42,STATIC,71.38,STATIC,26.29,STATIC,111.88,STATIC,118.03,STATIC,116.22,STATIC,160.78,STATIC
28.1,839,136.87,FLEXION,129.23,STATIC,71.66,STATIC,26.64,STATIC,111.49,STATIC,117.32,STATIC,115.49,STATIC,158.95,STATIC
28.133333333333336,840,138.20,STATIC,129.19,STATIC,71.99,STATIC,27.00,STATIC,111.09,STATIC,116.86,STATIC,114.97,STATIC,158.61,STATIC
28.166666666666668,841,144.66,EXTENSION,129.04,STATIC,72.15,STATIC,27.02,STATIC,110.91,STATIC,116.72,STATIC,114.74,STATIC,158.94,STATIC
28.200000000000003,842,138.91,FLEXION,128.58,STATIC,72.40,STATIC,26.85,STATIC,110.61,STATIC,116.82,STATIC,113.96,STATIC,159.79,STATIC
28.233333333333334,843,137.62,STATIC,128.26,STATIC,72.60,STATIC,26.82,STATIC,110.34,STATIC,116.55,STATIC,113.35,STATIC,159.56,STATIC
28.26666666666667,844,135.28,STATIC,127.99,STATIC,72.75,STATIC,26.73,STATIC,110.17,STATIC,116.50,STATIC,112.76,STATIC,159.94,STATIC
28.3,845,135.69,STATIC,127.91,STATIC,72.89,STATIC,26.74,STATIC,110.01,STATIC,116.53,STATIC,112.41,STATIC,160.52,STATIC
28.333333333333336,846,134.55,STATIC,127.72,STATIC,72.87,STATIC,26.58,STATIC,110.03,STATIC,116.71,STATIC,112.18,STATIC,161.07,STATIC
28.366666666666667,847,134.25,STATIC,127.49,STATIC,72.87,STATIC,26.30,STATIC,110.14,STATIC,117.01,STATIC,112.08,STATIC,162.24,STATIC
28.400000000000002,848,132.71,STATIC,127.43,STATIC,72.87,STATIC,26.25,STATIC,110.14,STATIC,117.17,STATIC,111.84,STATIC,162.65,STATIC
28.433333333333334,849,133.58,STATIC,127.77,STATIC,72.71,STATIC,26.31,STATIC,110.30,STATIC,117.56,STATIC,111.80,STATIC,162.97,STATIC
28.46666666666667,850,130.09,STATIC,128.19,STATIC,72.69,STATIC,26.36,STATIC,110.29,STATIC,117.87,STATIC,111.60,STATIC,163.53,STATIC
28.500000000000004,851,128.79,STATIC,128.67,STATIC,72.58,STATIC,26.54,STATIC,110.37,STATIC,118.12,STATIC,111.40,STATIC,163.52,STATIC
28.533333333333335,852,123.49,FLEXION,128.88,STATIC,72.58,STATIC,26.45,STATIC,110.38,STATIC,118.44,STATIC,111.10,STATIC,164.16,STATIC
28.56666666666667,853,122.50,STATIC,129.14,STATIC,72.56,STATIC,26.50,STATIC,110.33,STATIC,118.66,STATIC,110.77,STATIC,164.45,STATIC
28.6,854,120.75,STATIC,129.49,STATIC,72.62,STATIC,26.75,STATIC,110.24,STATIC,118.68,STATIC,110.34,STATIC,164.20,STATIC
28.633333333333336,855,120.34,STATIC,129.86,STATIC,72.58,STATIC,26.84,STATIC,110.27,STATIC,118.91,STATIC,109.91,STATIC,164.20,STATIC
28.666666666666668,856,120.80,STATIC,129.95,STATIC,72.57,STATIC,26.74,STATIC,110.37,STATIC,119.04,STATIC,109.47,STATIC,164.46,STATIC
28.700000000000003,857,120.58,STATIC,130.03,STATIC,72.61,STATIC,26.56,STATIC,110.39,STATIC,119.21,STATIC,109.06,STATIC,164.20,STATIC
28.733333333333334,858,123.08,STATIC,129.96,STATIC,72.66,STATIC,26.41,STATIC,110.37,STATIC,119.33,STATIC,108.89,STATIC,164.48,STATIC
28.76666666666667,859,124.47,STATIC,130.28,STATIC,72.55,STATIC,26.51,STATIC,110.49,STATIC,119.51,STATIC,108.79,STATIC,164.42,STATIC
28.8,860,125.06,STATIC,130.46,STATIC,72.60,STATIC,26.68,STATIC,110.44,STATIC,119.64,STATIC,108.80,STATIC,164.95,STATIC
28.833333333333336,861,127.89,STATIC,130.39,STATIC,72.72,STATIC,26.71,STATIC,110.32,STATIC,119.86,STATIC,108.99,STATIC,165.67,STATIC
28.866666666666667,862,128.76,STATIC,130.47,STATIC,72.88,STATIC,26.85,STATIC,110.11,STATIC,119.95,STATIC,109.25,STATIC,166.14,STATIC
28.900000000000002,863,123.85,STATIC,130.70,STATIC,73.06,STATIC,26.99,STATIC,109.91,STATIC,120.05,STATIC,109.60,STATIC,166.66,STATIC
28.933333333333334,864,123.15,STATIC,131.05,STATIC,73.29,STATIC,27.39,STATIC,109.66,STATIC,120.06,STATIC,109.94,STATIC,166.84,STATIC
28.96666666666667,865,126.98,STATIC,132.12,STATIC,73.47,STATIC,28.26,STATIC,109.46,STATIC,119.92,STATIC,110.40,STATIC,166.34,STATIC
29.000000000000004,866,135.73,EXTENSION,133.42,STATIC,73.54,STATIC,29.21,STATIC,109.46,STATIC,119.71,STATIC,111.00,STATIC,165.43,STATIC
29.033333333333335,867,137.05,STATIC,134.74,STATIC,73.56,STATIC,30.35,STATIC,109.40,STATIC,119.10,STATIC,111.31,STATIC,163.51,STATIC
29.06666666666667,868,134.53,STATIC,136.01,STATIC,73.43,STATIC,31.04,STATIC,109.64,STATIC,119.13,STATIC,111.04,STATIC,163.22,STATIC
29.1,869,133.55,STATIC,136.81,STATIC,73.32,STATIC,31.64,STATIC,109.85,STATIC,119.22,STATIC,110.79,STATIC,162.77,STATIC
29.133333333333336,870,127.48,FLEXION,136.62,STATIC,73.20,STATIC,31.68,STATIC,109.86,STATIC,118.95,STATIC,110.48,STATIC,162.69,STATIC
29.166666666666668,871,130.32,STATIC,136.53,STATIC,72.97,STATIC,31.65,STATIC,110.12,STATIC,118.79,STATIC,109.81,STATIC,162.08,STATIC
29.200000000000003,872,129.32,STATIC,136.38,STATIC,72.68,STATIC,31.51,STATIC,110.42,STATIC,118.97,STATIC,109.00,STATIC,161.40,STATIC
29.233333333333334,873,133.99,STATIC,136.18,STATIC,72.51,STATIC,31.48,STATIC,110.70,STATIC,119.42,STATIC,108.99,STATIC,162.76,STATIC
29.26666666666667,874,131.61,STATIC,136.14,STATIC,72.27,STATIC,31.45,STATIC,111.05,STATIC,119.82,STATIC,109.02,STATIC,162.98,STATIC
29.3,875,129.84,STATIC,136.28,STATIC,72.02,STATIC,31.39,STATIC,111.27,STATIC,120.24,STATIC,109.18,STATIC,163.56,STATIC
29.333333333333336,876,124.74,FLEXION,136.29,STATIC,71.91,STATIC,31.51,STATIC,111.38,STATIC,120.46,STATIC,109.67,STATIC,164.32,STATIC
29.366666666666667,877,124.31,STATIC,137.01,STATIC,72.08,STATIC,32.26,STATIC,111.14,STATIC,120.30,STATIC,109.81,STATIC,164.17,STATIC
29.400000000000002,878,125.19,STATIC,137.39,STATIC,72.26,STATIC,32.75,STATIC,111.00,STATIC,119.90,STATIC,110.05,STATIC,163.53,STATIC
29.433333333333334,879,126.43,STATIC,137.29,STATIC,72.49,STATIC,32.77,STATIC,110.80,STATIC,119.87,STATIC,110.10,STATIC,164.30,STATIC
29.46666666666667,880,122.75,STATIC,137.82,STATIC,72.60,STATIC,33.46,STATIC,110.69,STATIC,119.74,STATIC,110.30,STATIC,164.37,STATIC
29.500000000000004,881,122.56,STATIC,138.34,STATIC,72.80,STATIC,33.85,STATIC,110.52,STATIC,119.37,STATIC,110.27,STATIC,162.99,STATIC
29.533333333333335,882,121.80,STATIC,138.59,STATIC,73.06,STATIC,34.05,STATIC,110.28,STATIC,118.97,STATIC,110.17,STATIC,161.95,STATIC
29.56666666666667,883,121.59,STATIC,138.68,STATIC,73.27,STATIC,34.40,STATIC,110.06,STATIC,118.63,STATIC,110.18,STATIC,161.39,STATIC
29.6,884,124.00,STATIC,138.30,STATIC,73.44,STATIC,34.43,STATIC,109.90,STATIC,118.17,STATIC,110.39,STATIC,160.99,STATIC
29.633333333333336,885,127.53,STATIC,137.39,STATIC,73.56,STATIC,34.07,STATIC,109.73,STATIC,117.96,STATIC,110.44,STATIC,161.48,STATIC
29.666666666666668,886,127.38,STATIC,136.41,STATIC,73.60,STATIC,33.62,STATIC,109.55,STATIC,117.81,STATIC,110.61,STATIC,162.35,STATIC
29.700000000000003,887,125.78,STATIC,135.78,STATIC,73.77,STATIC,33.25,STATIC,109.22,STATIC,117.64,STATIC,110.61,STATIC,163.23,STATIC
29.733333333333334,888,125.46,STATIC,135.34,STATIC,73.90,STATIC,33.11,STATIC,109.00,STATIC,117.39,STATIC,110.38,STATIC,162.72,STATIC
29.76666666666667,889,125.49,STATIC,134.90,STATIC,74.15,STATIC,33.18,STATIC,108.72,STATIC,117.00,STATIC,110.42,STATIC,162.44,STATIC
29.8,890,125.47,STATIC,134.23,STATIC,74.45,STATIC,32.90,STATIC,108.22,STATIC,115.94,STATIC,110.33,STATIC,161.10,STATIC
29.833333333333336,891,132.66,EXTENSION,133.60,STATIC,74.69,STATIC,32.95,STATIC,107.97,STATIC,115.26,STATIC,110.79,STATIC,160.46,STATIC
29.866666666666667,892,128.75,STATIC,132.47,STATIC,74.78,STATIC,32.52,STATIC,107.76,STATIC,114.65,STATIC,110.86,STATIC,159.67,STATIC
29.900000000000002,893,143.36,EXTENSION,130.74,STATIC,74.78,STATIC,32.09,STATIC,107.85,STATIC,114.33,STATIC,110.90,STATIC,158.63,STATIC
29.933333333333334,894,143.55,STATIC,129.84,STATIC,74.51,STATIC,31.42,STATIC,108.06,STATIC,114.39,STATIC,110.52,STATIC,157.85,STATIC
29.96666666666667,895,146.19,STATIC,128.73,STATIC,74.42,STATIC,30.85,STATIC,108.11,STATIC,114.19,STATIC,110.11,STATIC,156.67,STATIC
30.000000000000004,896,146.54,STATIC,127.93,STATIC,74.16,STATIC,30.30,STATIC,108.43,STATIC,113.93,STATIC,110.03,STATIC,154.79,STATIC
30.033333333333335,897,141.33,FLEXION,126.96,STATIC,74.08,STATIC,29.46,STATIC,108.49,STATIC,113.75,STATIC,109.59,STATIC,153.24,STATIC
30.06666666666667,898,129.25,FLEXION,126.61,STATIC,73.80,STATIC,29.13,STATIC,108.68,STATIC,113.72,STATIC,108.95,STATIC,150.80,STATIC
30.1,899,134.60,EXTENSION,125.98,STATIC,73.71,STATIC,28.70,STATIC,109.02,STATIC,113.92,STATIC,108.66,STATIC,148.68,STATIC
30.133333333333336,900,131.42,STATIC,125.38,STATIC,73.69,STATIC,28.16,STATIC,109.16,STATIC,113.88,STATIC,108.48,STATIC,147.44,STATIC
30.166666666666668,901,138.75,EXTENSION,124.99,STATIC,73.83,STATIC,27.95,STATIC,109.02,STATIC,113.16,STATIC,108.18,STATIC,145.73,STATIC
30.200000000000003,902,132.42,FLEXION,124.69,STATIC,73.94,STATIC,27.53,STATIC,108.86,STATIC,112.93,STATIC,107.85,STATIC,144.47,STATIC
30.233333333333334,903,137.35,STATIC,124.86,STATIC,73.96,STATIC,27.40,STATIC,108.83,STATIC,112.78,STATIC,107.53,STATIC,142.82,STATIC
30.26666666666667,904,131.12,FLEXION,124.82,STATIC,74.14,STATIC,27.31,STATIC,108.73,STATIC,112.56,STATIC,107.28,STATIC,141.19,STATIC
30.3,905,127.49,STATIC,125.30,STATIC,74.27,STATIC,27.52,STATIC,108.61,STATIC,112.59,STATIC,106.84,STATIC,139.68,STATIC
30.333333333333336,906,130.09,STATIC,125.26,STATIC,74.45,STATIC,27.78,STATIC,108.44,STATIC,112.45,STATIC,106.49,STATIC,139.00,STATIC
30.366666666666667,907,131.77,STATIC,125.16,STATIC,74.47,STATIC,27.97,STATIC,108.41,STATIC,112.40,STATIC,106.19,STATIC,138.15,STATIC
30.400000000000002,908,131.00,STATIC,124.98,STATIC,74.50,STATIC,27.80,STATIC,108.36,STATIC,112.45,STATIC,105.92,STATIC,137.91,STATIC
30.433333333333334,909,129.50,STATIC,124.98,STATIC,74.60,STATIC,27.75,STATIC,108.22,STATIC,112.38,STATIC,105.61,STATIC,137.46,STATIC
30.46666666666667,910,130.33,STATIC,125.24,STATIC,74.57,STATIC,27.54,STATIC,108.20,STATIC,112.31,STATIC,105.40,STATIC,137.11,STATIC
30.500000000000004,911,130.75,STATIC,125.52,STATIC,74.63,STATIC,27.57,STATIC,108.10,STATIC,112.57,STATIC,105.15,STATIC,137.71,STATIC
30.533333333333335,912,125.83,STATIC,124.90,STATIC,74.72,STATIC,27.03,STATIC,107.81,STATIC,112.13,STATIC,105.25,STATIC,138.16,STATIC
30.56666666666667,913,123.40,STATIC,123.95,STATIC,74.95,STATIC,26.70,STATIC,107.46,STATIC,112.04,STATIC,105.28,STATIC,139.05,STATIC
30.6,914,121.24,STATIC,122.56,STATIC,75.30,STATIC,26.34,STATIC,107.01,STATIC,111.79,STATIC,105.36,STATIC,140.31,STATIC
30.633333333333336,915,120.29,STATIC,121.43,STATIC,75.65,STATIC,26.18,STATIC,106.63,STATIC,111.86,STATIC,105.39,STATIC,142.05,STATIC
30.666666666666668,916,120.26,STATIC,120.51,STATIC,75.99,STATIC,26.15,STATIC,106.22,STATIC,111.64,STATIC,105.34,STATIC,142.12,STATIC
30.700000000000003,917,122.38,STATIC,119.80,STATIC,76.27,STATIC,25.90,STATIC,105.91,STATIC,111.52,STATIC,105.59,STATIC,143.11,STATIC
30.733333333333334,918,123.27,STATIC,119.23,STATIC,76.46,STATIC,25.74,STATIC,105.76,STATIC,111.40,STATIC,105.51,STATIC,142.88,STATIC
30.76666666666667,919,122.95,STATIC,118.68,STATIC,76.60,STATIC,25.53,STATIC,105.63,STATIC,111.39,STATIC,105.57,STATIC,143.41,STATIC
30.8,920,123.88,STATIC,118.17,STATIC,76.71,STATIC,25.33,STATIC,105.49,STATIC,111.32,STATIC,105.56,STATIC,143.76,STATIC
30.833333333333336,921,124.49,STATIC,117.76,STATIC,76.98,STATIC,25.11,STATIC,105.28,STATIC,110.28,STATIC,105.69,STATIC,142.58,STATIC
30.866666666666667,922,124.66,STATIC,117.24,STATIC,77.16,STATIC,24.96,STATIC,105.13,STATIC,110.49,STATIC,105.66,STATIC,143.79,STATIC
30.900000000000002,923,124.65,STATIC,116.86,STATIC,77.39,STATIC,25.03,STATIC,104.93,STATIC,110.37,STATIC,105.46,STATIC,144.01,STATIC
30.933333333333334,924,124.76,STATIC,116.65,STATIC,77.52,STATIC,25.09,STATIC,104.71,STATIC,109.73,STATIC,105.36,STATIC,143.28,STATIC
30.96666666666667,925,125.31,STATIC,116.47,STATIC,77.58,STATIC,25.22,STATIC,104.52,STATIC,109.42,STATIC,105.21,STATIC,143.13,STATIC
31.000000000000004,926,124.93,STATIC,117.45,STATIC,77.64,STATIC,26.02,STATIC,104.50,STATIC,109.93,STATIC,104.87,STATIC,142.46,STATIC
31.033333333333335,927,124.51,STATIC,118.02,STATIC,77.91,STATIC,26.74,STATIC,104.42,STATIC,109.99,STATIC,104.61,STATIC,142.56,STATIC
31.06666666666667,928,127.16,STATIC,118.59,STATIC,78.15,STATIC,27.77,STATIC,104.29,STATIC,109.75,STATIC,104.44,STATIC,142.44,STATIC
31.1,929,126.98,STATIC,118.71,STATIC,78.22,STATIC,27.64,STATIC,104.28,STATIC,109.60,STATIC,104.31,STATIC,142.43,STATIC
31.133333333333336,930,131.25,STATIC,119.50,STATIC,78.15,STATIC,27.92,STATIC,104.38,STATIC,109.57,STATIC,104.04,STATIC,141.60,STATIC
31.166666666666668,931,132.77,STATIC,120.01,STATIC,77.99,STATIC,28.10,STATIC,104.59,STATIC,109.61,STATIC,103.90,STATIC,140.73,STATIC
31.200000000000003,932,130.32,STATIC,120.32,STATIC,77.83,STATIC,28.07,STATIC,104.73,STATIC,109.43,STATIC,103.74,STATIC,139.42,STATIC
31.233333333333334,933,129.77,STATIC,120.45,STATIC,77.75,STATIC,28.06,STATIC,104.78,STATIC,109.31,STATIC,103.57,STATIC,138.73,STATIC
31.26666666666667,934,130.06,STATIC,120.46,STATIC,77.60,STATIC,27.74,STATIC,104.85,STATIC,109.43,STATIC,103.48,STATIC,138.27,STATIC
31.3,935,132.41,STATIC,120.73,STATIC,77.51,STATIC,27.61,STATIC,104.90,STATIC,109.38,STATIC,103.47,STATIC,138.14,STATIC
31.333333333333336,936,137.21,STATIC,121.35,STATIC,77.28,STATIC,27.58,STATIC,104.99,STATIC,109.08,STATIC,103.73,STATIC,138.04,STATIC
31.366666666666667,937,136.51,STATIC,122.37,STATIC,77.26,STATIC,28.01,STATIC,105.17,STATIC,109.39,STATIC,103.67,STATIC,138.42,STATIC
31.400000000000002,938,140.36,STATIC,123.44,STATIC,77.00,STATIC,28.40,STATIC,105.35,STATIC,109.73,STATIC,103.73,STATIC,139.06,STATIC
31.433333333333337,939,140.90,STATIC,124.63,STATIC,76.75,STATIC,28.97,STATIC,105.50,STATIC,109.61,STATIC,103.77,STATIC,137.92,STATIC
31.46666666666667,940,139.52,STATIC,125.93,STATIC,76.50,STATIC,29.22,STATIC,105.75,STATIC,110.05,STATIC,103.91,STATIC,138.49,STATIC
31.500000000000004,941,139.78,STATIC,127.81,STATIC,76.30,STATIC,30.02,STATIC,105.94,STATIC,110.34,STATIC,104.08,STATIC,138.35,STATIC
31.533333333333335,942,138.46,STATIC,128.89,STATIC,76.18,STATIC,30.38,STATIC,106.12,STATIC,110.58,STATIC,104.22,STATIC,138.52,STATIC
31.56666666666667,943,137.91,STATIC,130.06,STATIC,76.24,STATIC,31.14,STATIC,105.99,STATIC,110.09,STATIC,104.46,STATIC,136.68,STATIC
31.6,944,137.55,STATIC,131.36,STATIC,76.10,STATIC,31.80,STATIC,106.14,STATIC,110.25,STATIC,104.36,STATIC,135.53,STATIC
31.633333333333336,945,136.05,STATIC,132.20,STATIC,75.96,STATIC,32.01,STATIC,106.42,STATIC,110.54,STATIC,104.54,STATIC,134.63,STATIC
31.666666666666668,946,135.01,STATIC,133.05,STATIC,75.90,STATIC,32.35,STATIC,106.63,STATIC,110.58,STATIC,104.62,STATIC,133.84,STATIC
31.700000000000003,947,134.78,STATIC,132.93,STATIC,75.73,STATIC,31.90,STATIC,106.83,STATIC,111.44,STATIC,104.53,STATIC,134.82,STATIC
31.733333333333334,948,128.99,FLEXION,132.73,STATIC,75.53,STATIC,31.47,STATIC,106.99,STATIC,112.02,STATIC,104.40,STATIC,134.03,STATIC
31.76666666666667,949,125.70,STATIC,132.13,STATIC,75.37,STATIC,30.93,STATIC,107.15,STATIC,112.19,STATIC,104.42,STATIC,133.89,STATIC
31.8,950,127.46,STATIC,131.88,STATIC,75.33,STATIC,30.87,STATIC,107.20,STATIC,112.29,STATIC,104.24,STATIC,133.61,STATIC
31.833333333333336,951,126.24,STATIC,131.50,STATIC,75.29,STATIC,30.80,STATIC,107.17,STATIC,112.26,STATIC,104.07,STATIC,133.96,STATIC
31.866666666666667,952,126.85,STATIC,131.36,STATIC,75.10,STATIC,30.82,STATIC,107.31,STATIC,112.25,STATIC,103.96,STATIC,133.88,STATIC
31.900000000000002,953,127.43,STATIC,130.92,STATIC,75.02,STATIC,30.66,STATIC,107.30,STATIC,112.23,STATIC,103.79,STATIC,135.19,STATIC
31.933333333333337,954,127.28,STATIC,130.86,STATIC,74.90,STATIC,30.54,STATIC,107.41,STATIC,112.34,STATIC,103.70,STATIC,135.66,STATIC
31.96666666666667,955,130.11,STATIC,129.87,STATIC,74.66,STATIC,30.48,STATIC,107.20,STATIC,111.72,STATIC,103.62,STATIC,135.19,STATIC
32.0,956,131.87,STATIC,129.18,STATIC,74.84,STATIC,30.37,STATIC,106.70,STATIC,110.83,STATIC,103.24,STATIC,134.89,STATIC
32.03333333333334,957,130.84,STATIC,128.38,STATIC,75.05,STATIC,30.25,STATIC,106.58,STATIC,110.59,STATIC,103.18,STATIC,134.89,STATIC
32.06666666666667,958,125.61,FLEXION,127.55,STATIC,75.39,STATIC,30.45,STATIC,106.31,STATIC,110.37,STATIC,103.07,STATIC,134.96,STATIC
32.1,959,127.81,STATIC,126.77,STATIC,75.59,STATIC,30.21,STATIC,106.10,STATIC,110.06,STATIC,102.90,STATIC,134.69,STATIC
32.13333333333333,960,129.14,STATIC,126.76,STATIC,75.73,STATIC,30.45,STATIC,106.00,STATIC,109.75,STATIC,102.75,STATIC,133.95,STATIC
32.16666666666667,961,132.71,STATIC,127.14,STATIC,75.82,STATIC,30.71,STATIC,105.94,STATIC,109.58,STATIC,102.72,STATIC,133.60,STATIC
32.2,962,132.38,STATIC,127.05,STATIC,75.87,STATIC,30.79,STATIC,105.89,STATIC,109.42,STATIC,102.60,STATIC,133.43,STATIC
32.233333333333334,963,132.33,STATIC,126.89,STATIC,76.01,STATIC,30.89,STATIC,105.74,STATIC,109.15,STATIC,102.50,STATIC,132.97,STATIC
32.266666666666666,964,129.12,STATIC,126.36,STATIC,76.03,STATIC,30.76,STATIC,105.55,STATIC,109.10,STATIC,102.35,STATIC,133.27,STATIC
32.300000000000004,965,129.50,STATIC,126.00,STATIC,76.12,STATIC,30.42,STATIC,105.48,STATIC,108.97,STATIC,102.27,STATIC,133.10,STATIC
32.333333333333336,966,130.77,STATIC,125.76,STATIC,76.15,STATIC,30.39,STATIC,105.41,STATIC,108.79,STATIC,102.16,STATIC,132.46,STATIC
32.36666666666667,967,131.37,STATIC,125.63,STATIC,76.24,STATIC,30.50,STATIC,105.46,STATIC,108.60,STATIC,102.00,STATIC,131.43,STATIC
32.4,968,128.53,STATIC,124.99,STATIC,76.25,STATIC,29.91,STATIC,105.43,STATIC,108.71,STATIC,101.92,STATIC,132.44,STATIC
32.43333333333334,969,128.20,STATIC,124.91,STATIC,76.39,STATIC,30.00,STATIC,105.26,STATIC,108.63,STATIC,101.75,STATIC,132.48,STATIC
32.46666666666667,970,128.59,STATIC,125.10,STATIC,76.29,STATIC,29.93,STATIC,105.40,STATIC,108.80,STATIC,101.68,STATIC,132.00,STATIC
32.5,971,130.19,STATIC,125.24,STATIC,76.28,STATIC,29.91,STATIC,105.52,STATIC,109.00,STATIC,101.58,STATIC,131.93,STATIC
32.53333333333334,972,128.64,STATIC,125.17,STATIC,76.37,STATIC,29.93,STATIC,105.57,STATIC,108.94,STATIC,101.59,STATIC,131.32,STATIC
32.56666666666667,973,128.34,STATIC,124.83,STATIC,76.46,STATIC,29.86,STATIC,105.50,STATIC,108.76,STATIC,101.52,STATIC,130.84,STATIC
32.6,974,129.53,STATIC,124.68,STATIC,76.53,STATIC,29.75,STATIC,105.46,STATIC,108.39,STATIC,101.54,STATIC,130.16,STATIC
32.63333333333333,975,130.85,STATIC,124.82,STATIC,76.55,STATIC,29.81,STATIC,105.48,STATIC,108.36,STATIC,101.56,STATIC,129.56,STATIC
32.66666666666667,976,130.00,STATIC,124.46,STATIC,76.69,STATIC,30.39,STATIC,105.40,STATIC,108.32,STATIC,101.61,STATIC,129.09,STATIC
32.7,977,133.91,STATIC,124.53,STATIC,76.18,STATIC,30.40,STATIC,105.46,STATIC,108.29,STATIC,101.64,STATIC,128.90,STATIC
32.733333333333334,978,136.88,STATIC,124.92,STATIC,76.00,STATIC,30.54,STATIC,105.55,STATIC,108.42,STATIC,101.71,STATIC,128.56,STATIC
32.766666666666666,979,132.57,STATIC,125.22,STATIC,76.06,STATIC,30.46,STATIC,105.49,STATIC,108.42,STATIC,101.73,STATIC,128.60,STATIC
32.800000000000004,980,129.58,STATIC,124.81,STATIC,76.05,STATIC,30.27,STATIC,105.57,STATIC,108.44,STATIC,101.92,STATIC,128.62,STATIC
32.833333333333336,981,126.76,STATIC,124.32,STATIC,76.07,STATIC,29.84,STATIC,105.49,STATIC,108.32,STATIC,101.93,STATIC,128.81,STATIC
32.86666666666667,982,124.86,STATIC,123.76,STATIC,76.26,STATIC,29.32,STATIC,105.36,STATIC,108.23,STATIC,101.89,STATIC,129.24,STATIC
32.9,983,127.20,STATIC,123.47,STATIC,76.26,STATIC,29.07,STATIC,105.39,STATIC,108.30,STATIC,101.89,STATIC,129.88,STATIC
32.93333333333334,984,121.86,FLEXION,122.17,STATIC,76.47,STATIC,28.40,STATIC,105.35,STATIC,108.49,STATIC,101.93,STATIC,131.24,STATIC
32.96666666666667,985,122.78,STATIC,121.42,STATIC,76.67,STATIC,27.91,STATIC,105.22,STATIC,108.32,STATIC,101.89,STATIC,132.08,STATIC
33.0,986,120.99,STATIC,120.58,STATIC,76.77,STATIC,27.34,STATIC,105.12,STATIC,108.27,STATIC,101.97,STATIC,132.60,STATIC
33.03333333333334,987,123.01,STATIC,120.07,STATIC,76.79,STATIC,27.04,STATIC,105.13,STATIC,108.38,STATIC,102.02,STATIC,133.03,STATIC
33.06666666666667,988,123.47,STATIC,119.62,STATIC,77.02,STATIC,27.59,STATIC,105.01,STATIC,108.41,STATIC,102.11,STATIC,133.05,STATIC
33.1,989,122.67,STATIC,118.72,STATIC,77.03,STATIC,27.36,STATIC,104.86,STATIC,108.29,STATIC,102.16,STATIC,133.94,STATIC
33.13333333333333,990,122.20,STATIC,117.99,STATIC,77.12,STATIC,27.00,STATIC,104.71,STATIC,108.14,STATIC,102.22,STATIC,134.71,STATIC
33.16666666666667,991,124.58,STATIC,117.29,STATIC,77.16,STATIC,26.25,STATIC,104.71,STATIC,107.79,STATIC,102.35,STATIC,136.00,STATIC
33.2,992,125.15,STATIC,116.80,STATIC,77.23,STATIC,26.07,STATIC,104.64,STATIC,107.74,STATIC,102.36,STATIC,136.59,STATIC
33.233333333333334,993,125.62,STATIC,116.22,STATIC,77.17,STATIC,25.69,STATIC,104.72,STATIC,107.85,STATIC,102.44,STATIC,136.72,STATIC
33.266666666666666,994,129.62,STATIC,115.91,STATIC,76.99,STATIC,25.26,STATIC,104.93,STATIC,108.06,STATIC,102.56,STATIC,136.84,STATIC
33.300000000000004,995,133.74,STATIC,115.70,STATIC,76.91,STATIC,25.30,STATIC,105.04,STATIC,108.11,STATIC,102.59,STATIC,136.52,STATIC
33.333333333333336,996,131.96,STATIC,115.58,STATIC,76.90,STATIC,25.55,STATIC,105.06,STATIC,108.24,STATIC,102.57,STATIC,135.76,STATIC
33.36666666666667,997,130.70,STATIC,115.35,STATIC,76.93,STATIC,25.51,STATIC,105.00,STATIC,108.19,STATIC,102.54,STATIC,135.82,STATIC
33.400000000000006,998,130.35,STATIC,115.03,STATIC,76.94,STATIC,25.37,STATIC,105.00,STATIC,108.22,STATIC,102.60,STATIC,136.14,STATIC
33.43333333333334,999,130.64,STATIC,114.82,STATIC,76.97,STATIC,25.31,STATIC,104.94,STATIC,108.21,STATIC,102.63,STATIC,136.30,STATIC
33.46666666666667,1000,130.73,STATIC,114.85,STATIC,77.07,STATIC,25.63,STATIC,104.85,STATIC,108.07,STATIC,102.62,STATIC,136.26,STATIC
33.5,1001,131.26,STATIC,114.49,STATIC,77.15,STATIC,25.67,STATIC,104.72,STATIC,107.95,STATIC,102.62,STATIC,136.59,STATIC
33.53333333333334,1002,131.78,STATIC,114.02,STATIC,77.30,STATIC,25.98,STATIC,104.55,STATIC,107.74,STATIC,102.59,STATIC,137.13,STATIC
33.56666666666667,1003,132.80,STATIC,114.02,STATIC,76.99,STATIC,26.02,STATIC,104.53,STATIC,107.67,STATIC,102.60,STATIC,137.09,STATIC
33.6,1004,132.04,STATIC,114.13,STATIC,76.96,STATIC,25.52,STATIC,104.49,STATIC,107.51,STATIC,102.60,STATIC,136.77,STATIC
33.63333333333333,1005,134.82,STATIC,114.95,STATIC,76.87,STATIC,25.47,STATIC,104.54,STATIC,107.33,STATIC,102.72,STATIC,137.03,STATIC
33.66666666666667,1006,138.97,STATIC,115.03,STATIC,76.92,STATIC,25.42,STATIC,104.49,STATIC,107.08,STATIC,102.96,STATIC,137.58,STATIC
33.7,1007,139.17,STATIC,114.95,STATIC,76.89,STATIC,25.49,STATIC,104.42,STATIC,107.13,STATIC,103.00,STATIC,137.49,STATIC
33.733333333333334,1008,136.93,STATIC,115.06,STATIC,77.15,STATIC,25.57,STATIC,104.36,STATIC,107.14,STATIC,103.09,STATIC,137.60,STATIC
33.766666666666666,1009,136.02,STATIC,115.76,STATIC,77.35,STATIC,25.43,STATIC,104.30,STATIC,107.15,STATIC,103.11,STATIC,137.83,STATIC
33.800000000000004,1010,137.82,STATIC,116.51,STATIC,77.40,STATIC,25.33,STATIC,104.33,STATIC,107.16,STATIC,103.14,STATIC,137.76,STATIC
33.833333333333336,1011,137.38,STATIC,117.43,STATIC,77.29,STATIC,25.33,STATIC,104.44,STATIC,107.25,STATIC,103.12,STATIC,137.54,STATIC
33.86666666666667,1012,136.72,STATIC,118.32,STATIC,77.20,STATIC,25.38,STATIC,104.58,STATIC,107.21,STATIC,103.17,STATIC,137.41,STATIC
33.900000000000006,1013,136.15,STATIC,119.73,STATIC,77.12,STATIC,25.98,STATIC,104.69,STATIC,107.72,STATIC,103.08,STATIC,136.55,STATIC
33.93333333333334,1014,134.93,STATIC,120.58,STATIC,77.10,STATIC,26.47,STATIC,104.72,STATIC,108.03,STATIC,102.89,STATIC,136.73,STATIC
33.96666666666667,1015,128.32,FLEXION,121.69,STATIC,77.26,STATIC,26.91,STATIC,104.74,STATIC,108.31,STATIC,102.84,STATIC,136.69,STATIC
34.0,1016,124.61,STATIC,122.51,STATIC,77.53,STATIC,27.99,STATIC,104.43,STATIC,108.38,STATIC,102.69,STATIC,137.17,STATIC
34.03333333333334,1017,122.49,STATIC,124.01,STATIC,77.84,STATIC,29.17,STATIC,104.23,STATIC,107.87,STATIC,102.51,STATIC,135.32,STATIC
34.06666666666667,1018,123.17,STATIC,124.31,STATIC,77.85,STATIC,29.46,STATIC,104.19,STATIC,107.90,STATIC,102.38,STATIC,134.89,STATIC
34.1,1019,124.02,STATIC,124.23,STATIC,77.90,STATIC,29.52,STATIC,104.07,STATIC,107.83,STATIC,102.29,STATIC,134.98,STATIC
34.13333333333333,1020,121.87,STATIC,123.88,STATIC,77.97,STATIC,29.60,STATIC,104.05,STATIC,107.98,STATIC,102.26,STATIC,135.69,STATIC
34.16666666666667,1021,122.96,STATIC,123.17,STATIC,78.13,STATIC,30.05,STATIC,103.87,STATIC,107.83,STATIC,102.20,STATIC,136.14,STATIC
34.2,1022,121.99,STATIC,122.64,STATIC,78.32,STATIC,29.87,STATIC,103.65,STATIC,107.63,STATIC,102.17,STATIC,136.20,STATIC
34.233333333333334,1023,118.04,STATIC,122.36,STATIC,78.74,STATIC,29.98,STATIC,103.44,STATIC,107.55,STATIC,102.14,STATIC,137.21,STATIC
34.266666666666666,1024,118.16,STATIC,122.25,STATIC,79.03,STATIC,30.13,STATIC,103.22,STATIC,107.34,STATIC,101.97,STATIC,137.33,STATIC
34.300000000000004,1025,118.36,STATIC,121.93,STATIC,79.32,STATIC,30.22,STATIC,103.00,STATIC,107.17,STATIC,101.90,STATIC,138.11,STATIC
34.333333333333336,1026,119.04,STATIC,121.64,STATIC,79.42,STATIC,30.19,STATIC,102.90,STATIC,107.09,STATIC,101.98,STATIC,138.64,STATIC
34.36666666666667,1027,120.45,STATIC,121.55,STATIC,79.52,STATIC,30.27,STATIC,102.77,STATIC,106.98,STATIC,102.00,STATIC,139.42,STATIC
34.400000000000006,1028,120.50,STATIC,121.08,STATIC,79.61,STATIC,30.12,STATIC,102.70,STATIC,106.86,STATIC,102.02,STATIC,139.82,STATIC
34.43333333333334,1029,121.13,STATIC,120.69,STATIC,79.69,STATIC,29.93,STATIC,102.61,STATIC,106.69,STATIC,102.07,STATIC,139.64,STATIC
34.46666666666667,1030,122.93,STATIC,120.36,STATIC,79.73,STATIC,29.93,STATIC,102.52,STATIC,106.53,STATIC,102.13,STATIC,139.58,STATIC
34.5,1031,123.34,STATIC,120.21,STATIC,79.71,STATIC,29.92,STATIC,102.48,STATIC,106.40,STATIC,102.11,STATIC,139.22,STATIC
34.53333333333334,1032,123.61,STATIC,120.03,STATIC,79.57,STATIC,29.94,STATIC,102.48,STATIC,106.26,STATIC,102.08,STATIC,138.78,STATIC
34.56666666666667,1033,124.63,STATIC,119.97,STATIC,79.41,STATIC,29.91,STATIC,102.49,STATIC,106.17,STATIC,102.07,STATIC,138.07,STATIC
34.6,1034,125.04,STATIC,120.03,STATIC,79.34,STATIC,30.46,STATIC,102.45,STATIC,105.98,STATIC,102.10,STATIC,137.75,STATIC
34.63333333333333,1035,123.76,STATIC,119.86,STATIC,79.39,STATIC,30.46,STATIC,102.42,STATIC,105.87,STATIC,102.13,STATIC,137.56,STATIC
34.66666666666667,1036,123.32,STATIC,119.75,STATIC,79.35,STATIC,29.88,STATIC,102.39,STATIC,105.80,STATIC,102.16,STATIC,136.91,STATIC
34.7,1037,127.67,STATIC,120.22,STATIC,79.18,STATIC,30.13,STATIC,102.45,STATIC,105.74,STATIC,102.25,STATIC,136.27,STATIC
34.733333333333334,1038,130.30,STATIC,120.64,STATIC,79.07,STATIC,30.41,STATIC,102.45,STATIC,105.65,STATIC,102.29,STATIC,135.62,STATIC
34.766666666666666,1039,129.04,STATIC,120.53,STATIC,78.97,STATIC,30.52,STATIC,102.42,STATIC,105.51,STATIC,102.34,STATIC,135.12,STATIC
34.800000000000004,1040,128.64,STATIC,120.35,STATIC,78.97,STATIC,30.59,STATIC,102.37,STATIC,105.36,STATIC,102.40,STATIC,134.83,STATIC
34.833333333333336,1041,128.52,STATIC,120.42,STATIC,79.08,STATIC,31.20,STATIC,102.33,STATIC,105.19,STATIC,102.43,STATIC,134.82,STATIC
34.86666666666667,1042,131.19,STATIC,120.66,STATIC,78.92,STATIC,31.30,STATIC,102.36,STATIC,105.13,STATIC,102.38,STATIC,134.21,STATIC
34.900000000000006,1043,130.21,STATIC,120.71,STATIC,79.00,STATIC,31.34,STATIC,102.29,STATIC,104.99,STATIC,102.39,STATIC,134.12,STATIC
34.93333333333334,1044,130.36,STATIC,120.71,STATIC,79.02,STATIC,31.36,STATIC,102.25,STATIC,104.91,STATIC,102.44,STATIC,133.82,STATIC
34.96666666666667,1045,129.84,STATIC,120.70,STATIC,79.07,STATIC,31.41,STATIC,102.19,STATIC,104.82,STATIC,102.38,STATIC,133.82,STATIC
35.0,1046,129.28,STATIC,121.11,STATIC,79.09,STATIC,31.58,STATIC,102.18,STATIC,104.76,STATIC,102.34,STATIC,133.50,STATIC
35.03333333333334,1047,129.76,STATIC,121.16,STATIC,79.05,STATIC,31.36,STATIC,102.15,STATIC,104.71,STATIC,102.40,STATIC,133.30,STATIC
35.06666666666667,1048,134.09,STATIC,121.58,STATIC,78.96,STATIC,31.50,STATIC,102.25,STATIC,104.77,STATIC,102.52,STATIC,133.04,STATIC
35.1,1049,132.72,STATIC,121.96,STATIC,78.83,STATIC,31.39,STATIC,102.37,STATIC,104.88,STATIC,102.57,STATIC,133.09,STATIC
35.13333333333333,1050,131.72,STATIC,122.30,STATIC,78.67,STATIC,31.22,STATIC,102.49,STATIC,105.07,STATIC,102.58,STATIC,132.98,STATIC
35.16666666666667,1051,132.31,STATIC,122.71,STATIC,78.47,STATIC,30.91,STATIC,102.71,STATIC,105.16,STATIC,102.62,STATIC,133.16,STATIC
35.2,1052,132.36,STATIC,123.29,STATIC,78.30,STATIC,31.15,STATIC,102.88,STATIC,105.39,STATIC,102.60,STATIC,132.92,STATIC
35.233333333333334,1053,132.50,STATIC,123.74,STATIC,78.12,STATIC,31.20,STATIC,103.07,STATIC,105.58,STATIC,102.60,STATIC,132.62,STATIC
35.266666666666666,1054,131.60,STATIC,124.19,STATIC,78.06,STATIC,31.31,STATIC,103.18,STATIC,105.78,STATIC,102.58,STATIC,132.61,STATIC
35.300000000000004,1055,131.18,STATIC,124.84,STATIC,77.97,STATIC,31.29,STATIC,103.35,STATIC,106.00,STATIC,102.62,STATIC,132.26,STATIC
35.333333333333336,1056,130.30,STATIC,125.27,STATIC,77.99,STATIC,31.18,STATIC,103.33,STATIC,106.15,STATIC,102.72,STATIC,132.40,STATIC
35.36666666666667,1057,130.16,STATIC,126.04,STATIC,77.86,STATIC,31.34,STATIC,103.45,STATIC,106.56,STATIC,102.85,STATIC,132.65,STATIC
35.400000000000006,1058,130.71,STATIC,126.38,STATIC,77.81,STATIC,31.39,STATIC,103.47,STATIC,106.65,STATIC,103.31,STATIC,132.67,STATIC
35.43333333333334,1059,128.75,STATIC,126.54,STATIC,77.72,STATIC,31.44,STATIC,103.68,STATIC,106.86,STATIC,103.55,STATIC,132.63,STATIC
35.46666666666667,1060,129.76,STATIC,126.33,STATIC,77.67,STATIC,31.27,STATIC,103.73,STATIC,106.84,STATIC,103.86,STATIC,133.89,STATIC
35.5,1061,129.86,STATIC,126.47,STATIC,77.60,STATIC,31.36,STATIC,103.76,STATIC,106.92,STATIC,103.97,STATIC,133.97,STATIC
35.53333333333334,1062,129.63,STATIC,126.52,STATIC,77.70,STATIC,31.47,STATIC,103.54,STATIC,106.80,STATIC,104.05,STATIC,133.84,STATIC
35.56666666666667,1063,128.51,STATIC,126.18,STATIC,77.68,STATIC,31.27,STATIC,103.58,STATIC,106.82,STATIC,104.16,STATIC,134.41,STATIC
35.6,1064,128.54,STATIC,125.77,STATIC,77.71,STATIC,31.05,STATIC,103.55,STATIC,106.88,STATIC,104.31,STATIC,134.92,STATIC
35.63333333333333,1065,128.96,STATIC,125.29,STATIC,77.69,STATIC,30.68,STATIC,103.54,STATIC,106.99,STATIC,104.51,STATIC,135.25,STATIC
35.66666666666667,1066,128.79,STATIC,125.10,STATIC,77.70,STATIC,30.52,STATIC,103.53,STATIC,107.13,STATIC,104.65,STATIC,135.95,STATIC
35.7,1067,129.24,STATIC,124.85,STATIC,77.70,STATIC,30.37,STATIC,103.50,STATIC,107.17,STATIC,104.83,STATIC,136.35,STATIC
35.733333333333334,1068,130.64,STATIC,124.88,STATIC,77.62,STATIC,30.43,STATIC,103.50,STATIC,107.18,STATIC,104.88,STATIC,136.36,STATIC
35.766666666666666,1069,130.96,STATIC,125.06,STATIC,77.49,STATIC,30.52,STATIC,103.56,STATIC,107.24,STATIC,104.78,STATIC,136.29,STATIC
35.800000000000004,1070,131.08,STATIC,125.19,STATIC,77.32,STATIC,30.62,STATIC,103.65,STATIC,107.27,STATIC,104.65,STATIC,135.93,STATIC
35.833333333333336,1071,133.77,STATIC,125.70,STATIC,77.20,STATIC,31.13,STATIC,103.65,STATIC,107.24,STATIC,104.54,STATIC,135.50,STATIC
35.86666666666667,1072,133.18,STATIC,126.09,STATIC,77.16,STATIC,31.47,STATIC,103.66,STATIC,107.19,STATIC,104.56,STATIC,135.11,STATIC
35.900000000000006,1073,132.01,STATIC,126.32,STATIC,77.15,STATIC,31.71,STATIC,103.68,STATIC,107.59,STATIC,104.48,STATIC,136.26,STATIC
35.93333333333334,1074,133.65,STATIC,126.49,STATIC,77.07,STATIC,32.07,STATIC,103.69,STATIC,107.62,STATIC,104.41,STATIC,136.44,STATIC
35.96666666666667,1075,132.56,STATIC,126.26,STATIC,77.01,STATIC,32.08,STATIC,103.64,STATIC,107.42,STATIC,104.26,STATIC,136.15,STATIC
36.0,1076,131.00,STATIC,126.22,STATIC,76.92,STATIC,32.16,STATIC,103.77,STATIC,107.45,STATIC,104.06,STATIC,135.70,STATIC
36.03333333333334,1077,130.66,STATIC,126.08,STATIC,76.78,STATIC,32.04,STATIC,103.90,STATIC,107.56,STATIC,103.96,STATIC,135.57,STATIC
36.06666666666667,1078,127.81,STATIC,126.04,STATIC,77.12,STATIC,31.91,STATIC,104.05,STATIC,107.73,STATIC,103.85,STATIC,135.87,STATIC
36.1,1079,127.87,STATIC,125.84,STATIC,77.05,STATIC,31.66,STATIC,104.09,STATIC,107.84,STATIC,103.83,STATIC,136.04,STATIC
36.13333333333333,1080,128.20,STATIC,125.32,STATIC,77.10,STATIC,31.44,STATIC,104.00,STATIC,107.71,STATIC,103.79,STATIC,136.67,STATIC
36.16666666666667,1081,129.02,STATIC,125.00,STATIC,77.15,STATIC,31.32,STATIC,103.92,STATIC,107.63,STATIC,103.73,STATIC,136.83,STATIC
36.2,1082,129.36,STATIC,124.80,STATIC,77.18,STATIC,31.23,STATIC,103.87,STATIC,107.62,STATIC,103.64,STATIC,137.24,STATIC
36.233333333333334,1083,129.47,STATIC,124.53,STATIC,77.19,STATIC,31.12,STATIC,103.88,STATIC,107.60,STATIC,103.55,STATIC,137.22,STATIC
36.266666666666666,1084,130.11,STATIC,123.89,STATIC,77.26,STATIC,31.26,STATIC,103.75,STATIC,107.38,STATIC,103.40,STATIC,136.94,STATIC
36.300000000000004,1085,130.41,STATIC,123.37,STATIC,77.39,STATIC,31.29,STATIC,103.60,STATIC,107.15,STATIC,103.31,STATIC,136.90,STATIC
36.333333333333336,1086,130.67,STATIC,122.94,STATIC,77.46,STATIC,31.10,STATIC,103.57,STATIC,107.11,STATIC,103.26,STATIC,136.87,STATIC
36.36666666666667,1087,131.87,STATIC,122.45,STATIC,77.39,STATIC,31.06,STATIC,103.58,STATIC,107.17,STATIC,103.25,STATIC,136.94,STATIC
36.400000000000006,1088,131.98,STATIC,122.09,STATIC,77.59,STATIC,30.88,STATIC,103.61,STATIC,107.07,STATIC,103.19,STATIC,136.66,STATIC
36.43333333333334,1089,132.63,STATIC,121.68,STATIC,77.37,STATIC,30.64,STATIC,103.69,STATIC,107.04,STATIC,103.14,STATIC,136.55,STATIC
36.46666666666667,1090,133.28,STATIC,121.51,STATIC,77.40,STATIC,30.52,STATIC,103.80,STATIC,107.01,STATIC,103.07,STATIC,136.23,STATIC
36.5,1091,135.17,STATIC,121.52,STATIC,77.00,STATIC,30.41,STATIC,103.90,STATIC,107.07,STATIC,103.04,STATIC,135.74,STATIC
36.53333333333334,1092,137.28,STATIC,121.73,STATIC,76.95,STATIC,30.19,STATIC,104.06,STATIC,107.16,STATIC,103.06,STATIC,134.86,STATIC
36.56666666666667,1093,138.02,STATIC,122.07,STATIC,76.79,STATIC,30.22,STATIC,104.34,STATIC,107.37,STATIC,103.10,STATIC,134.97,STATIC
36.6,1094,138.15,STATIC,122.52,STATIC,76.64,STATIC,30.36,STATIC,104.54,STATIC,107.52,STATIC,103.14,STATIC,135.37,STATIC
36.63333333333333,1095,138.16,STATIC,122.75,STATIC,76.41,STATIC,30.30,STATIC,104.76,STATIC,107.73,STATIC,103.15,STATIC,135.60,STATIC
36.66666666666667,1096,139.42,STATIC,123.28,STATIC,76.25,STATIC,30.46,STATIC,104.96,STATIC,107.89,STATIC,103.16,STATIC,135.50,STATIC
36.7,1097,139.06,STATIC,124.27,STATIC,76.10,STATIC,30.77,STATIC,105.14,STATIC,107.86,STATIC,103.19,STATIC,135.16,STATIC
36.733333333333334,1098,139.80,STATIC,125.08,STATIC,76.14,STATIC,31.10,STATIC,104.96,STATIC,107.50,STATIC,103.27,STATIC,134.31,STATIC
36.766666666666666,1099,139.95,STATIC,125.48,STATIC,76.22,STATIC,31.26,STATIC,104.91,STATIC,107.67,STATIC,103.63,STATIC,135.44,STATIC
36.800000000000004,1100,139.84,STATIC,125.25,STATIC,75.86,STATIC,31.26,STATIC,104.75,STATIC,107.64,STATIC,103.57,STATIC,135.95,STATIC
36.833333333333336,1101,137.85,STATIC,125.31,STATIC,76.44,STATIC,31.50,STATIC,104.53,STATIC,107.26,STATIC,103.53,STATIC,135.72,STATIC
36.86666666666667,1102,142.60,STATIC,125.92,STATIC,76.55,STATIC,31.96,STATIC,104.38,STATIC,106.84,STATIC,103.74,STATIC,135.67,STATIC
36.900000000000006,1103,142.09,STATIC,126.45,STATIC,76.81,STATIC,32.32,STATIC,104.31,STATIC,106.90,STATIC,103.90,STATIC,135.63,STATIC
36.93333333333334,1104,143.21,STATIC,127.10,STATIC,76.84,STATIC,32.77,STATIC,104.19,STATIC,106.72,STATIC,104.07,STATIC,135.38,STATIC
36.96666666666667,1105,144.02,STATIC,127.52,STATIC,76.60,STATIC,33.12,STATIC,104.22,STATIC,106.79,STATIC,103.98,STATIC,135.26,STATIC
37.0,1106,144.17,STATIC,128.29,STATIC,76.57,STATIC,33.75,STATIC,104.18,STATIC,106.68,STATIC,104.04,STATIC,135.31,STATIC
37.03333333333334,1107,143.38,STATIC,128.66,STATIC,76.53,STATIC,33.97,STATIC,104.23,STATIC,106.63,STATIC,103.93,STATIC,134.73,STATIC
37.06666666666667,1108,139.73,STATIC,129.27,STATIC,76.69,STATIC,34.30,STATIC,104.17,STATIC,106.57,STATIC,103.71,STATIC,134.84,STATIC
37.1,1109,140.05,STATIC,130.02,STATIC,76.73,STATIC,34.66,STATIC,104.25,STATIC,106.75,STATIC,103.51,STATIC,134.50,STATIC
37.13333333333333,1110,139.04,STATIC,130.86,STATIC,76.67,STATIC,34.93,STATIC,104.35,STATIC,106.92,STATIC,103.35,STATIC,134.01,STATIC
37.16666666666667,1111,134.52,STATIC,131.10,STATIC,76.74,STATIC,35.03,STATIC,104.32,STATIC,106.99,STATIC,103.23,STATIC,133.92,STATIC
37.2,1112,132.22,STATIC,131.14,STATIC,76.99,STATIC,35.09,STATIC,104.18,STATIC,106.96,STATIC,103.16,STATIC,133.97,STATIC
37.233333333333334,1113,135.30,STATIC,131.84,STATIC,76.99,STATIC,35.36,STATIC,104.29,STATIC,107.14,STATIC,103.23,STATIC,133.48,STATIC
37.266666666666666,1114,132.79,STATIC,132.30,STATIC,77.11,STATIC,35.56,STATIC,104.21,STATIC,107.19,STATIC,103.29,STATIC,133.75,STATIC
37.300000000000004,1115,129.90,STATIC,132.77,STATIC,77.23,STATIC,35.83,STATIC,104.16,STATIC,107.26,STATIC,103.28,STATIC,134.06,STATIC
37.333333333333336,1116,126.86,STATIC,132.89,STATIC,77.32,STATIC,35.92,STATIC,104.07,STATIC,107.29,STATIC,103.26,STATIC,134.71,STATIC
37.36666666666667,1117,126.63,STATIC,133.45,STATIC,77.39,STATIC,36.30,STATIC,104.12,STATIC,107.48,STATIC,103.37,STATIC,135.09,STATIC
37.400000000000006,1118,125.58,STATIC,133.96,STATIC,77.54,STATIC,36.77,STATIC,103.99,STATIC,107.43,STATIC,103.24,STATIC,135.16,STATIC
37.43333333333334,1119,120.29,FLEXION,133.90,STATIC,77.71,STATIC,36.83,STATIC,103.79,STATIC,107.60,STATIC,103.18,STATIC,136.99,STATIC
37.46666666666667,1120,117.66,STATIC,134.38,STATIC,78.07,STATIC,37.30,STATIC,103.59,STATIC,107.46,STATIC,103.13,STATIC,137.53,STATIC
37.5,1121,118.69,STATIC,135.68,STATIC,78.23,STATIC,38.34,STATIC,103.50,STATIC,107.43,STATIC,103.00,STATIC,137.29,STATIC
37.53333333333334,1122,116.05,STATIC,136.60,STATIC,78.34,STATIC,39.08,STATIC,103.40,STATIC,107.40,STATIC,102.84,STATIC,136.77,STATIC
37.56666666666667,1123,115.84,STATIC,137.12,STATIC,78.41,STATIC,39.47,STATIC,103.36,STATIC,107.44,STATIC,102.83,STATIC,136.91,STATIC
37.6,1124,114.16,STATIC,137.38,STATIC,78.50,STATIC,39.63,STATIC,103.41,STATIC,107.56,STATIC,102.91,STATIC,137.00,STATIC
37.63333333333333,1125,109.38,STATIC,137.26,STATIC,78.54,STATIC,39.52,STATIC,103.31,STATIC,107.65,STATIC,102.90,STATIC,137.64,STATIC
37.66666666666667,1126,108.71,STATIC,137.15,STATIC,78.63,STATIC,39.38,STATIC,103.22,STATIC,107.73,STATIC,102.82,STATIC,138.13,STATIC
37.7,1127,108.12,STATIC,137.20,STATIC,78.85,STATIC,39.47,STATIC,103.14,STATIC,107.78,STATIC,102.76,STATIC,138.58,STATIC
37.733333333333334,1128,107.54,STATIC,137.26,STATIC,79.02,STATIC,39.54,STATIC,103.10,STATIC,107.78,STATIC,102.72,STATIC,139.03,STATIC
37.766666666666666,1129,106.98,STATIC,137.47,STATIC,79.25,STATIC,40.00,STATIC,102.90,STATIC,107.69,STATIC,102.55,STATIC,139.39,STATIC
37.800000000000004,1130,106.70,STATIC,137.95,STATIC,79.33,STATIC,40.33,STATIC,102.83,STATIC,107.75,STATIC,102.44,STATIC,139.34,STATIC
37.833333333333336,1131,106.17,STATIC,138.44,STATIC,79.27,STATIC,40.60,STATIC,102.88,STATIC,107.91,STATIC,102.47,STATIC,139.19,STATIC
37.86666666666667,1132,105.63,STATIC,138.75,STATIC,79.25,STATIC,40.72,STATIC,102.92,STATIC,108.09,STATIC,102.64,STATIC,139.33,STATIC
37.900000000000006,1133,104.90,STATIC,139.13,STATIC,79.24,STATIC,40.98,STATIC,102.90,STATIC,108.16,STATIC,102.72,STATIC,139.36,STATIC
37.93333333333334,1134,105.26,STATIC,139.72,STATIC,79.21,STATIC,41.20,STATIC,102.94,STATIC,108.29,STATIC,102.77,STATIC,139.24,STATIC
37.96666666666667,1135,106.40,STATIC,140.46,STATIC,79.14,STATIC,41.60,STATIC,103.01,STATIC,108.58,STATIC,102.79,STATIC,139.56,STATIC
38.0,1136,104.88,STATIC,140.76,STATIC,79.05,STATIC,41.75,STATIC,103.13,STATIC,108.65,STATIC,102.96,STATIC,139.35,STATIC
38.03333333333334,1137,103.27,STATIC,140.31,STATIC,78.93,STATIC,41.44,STATIC,103.27,STATIC,108.73,STATIC,103.05,STATIC,138.80,STATIC
38.06666666666667,1138,103.56,STATIC,139.73,STATIC,78.80,STATIC,41.11,STATIC,103.36,STATIC,108.96,STATIC,103.34,STATIC,139.51,STATIC
38.1,1139,102.77,STATIC,139.30,STATIC,78.71,STATIC,40.77,STATIC,103.42,STATIC,109.14,STATIC,103.40,STATIC,140.01,STATIC
38.13333333333333,1140,102.46,STATIC,138.91,STATIC,78.60,STATIC,40.30,STATIC,103.49,STATIC,109.43,STATIC,103.44,STATIC,140.21,STATIC
38.16666666666667,1141,102.28,STATIC,138.36,STATIC,78.59,STATIC,39.81,STATIC,103.46,STATIC,109.49,STATIC,103.58,STATIC,140.72,STATIC
38.2,1142,102.35,STATIC,137.40,STATIC,78.62,STATIC,39.11,STATIC,103.36,STATIC,109.59,STATIC,103.60,STATIC,140.91,STATIC
38.233333333333334,1143,102.39,STATIC,136.67,STATIC,78.63,STATIC,38.52,STATIC,103.33,STATIC,109.64,STATIC,103.63,STATIC,141.31,STATIC
38.266666666666666,1144,102.56,STATIC,135.69,STATIC,78.56,STATIC,37.60,STATIC,103.35,STATIC,109.86,STATIC,103.68,STATIC,142.00,STATIC
38.300000000000004,1145,103.17,STATIC,134.98,STATIC,78.55,STATIC,36.78,STATIC,103.35,STATIC,110.02,STATIC,103.71,STATIC,142.22,STATIC
38.333333333333336,1146,103.69,STATIC,134.98,STATIC,78.51,STATIC,36.37,STATIC,103.43,STATIC,110.30,STATIC,103.65,STATIC,142.38,STATIC
38.36666666666667,1147,103.82,STATIC,134.61,STATIC,78.41,STATIC,35.69,STATIC,103.49,STATIC,110.62,STATIC,103.57,STATIC,142.33,STATIC
38.400000000000006,1148,103.81,STATIC,135.33,STATIC,78.37,STATIC,35.69,STATIC,103.65,STATIC,111.07,STATIC,103.59,STATIC,142.30,STATIC
38.43333333333334,1149,103.74,STATIC,135.79,STATIC,78.24,STATIC,35.63,STATIC,103.85,STATIC,111.55,STATIC,103.59,STATIC,142.42,STATIC
38.46666666666667,1150,103.57,STATIC,136.30,STATIC,78.24,STATIC,35.66,STATIC,103.95,STATIC,112.01,STATIC,103.57,STATIC,143.17,STATIC
38.5,1151,103.72,STATIC,136.44,STATIC,78.25,STATIC,35.64,STATIC,104.07,STATIC,112.11,STATIC,103.65,STATIC,142.96,STATIC
38.53333333333334,1152,103.75,STATIC,136.70,STATIC,78.16,STATIC,35.51,STATIC,104.25,STATIC,112.52,STATIC,103.80,STATIC,142.98,STATIC
38.56666666666667,1153,103.01,STATIC,136.33,STATIC,78.05,STATIC,35.21,STATIC,104.37,STATIC,112.93,STATIC,103.82,STATIC,143.19,STATIC
38.6,1154,103.04,STATIC,136.15,STATIC,78.03,STATIC,34.98,STATIC,104.42,STATIC,113.03,STATIC,103.90,STATIC,143.39,STATIC
38.63333333333333,1155,103.44,STATIC,135.45,STATIC,77.94,STATIC,34.40,STATIC,104.53,STATIC,113.29,STATIC,104.11,STATIC,143.97,STATIC
38.66666666666667,1156,103.66,STATIC,134.90,STATIC,77.94,STATIC,34.11,STATIC,104.51,STATIC,113.41,STATIC,104.27,STATIC,144.91,STATIC
38.7,1157,103.74,STATIC,133.90,STATIC,78.04,STATIC,33.74,STATIC,104.34,STATIC,113.10,STATIC,104.42,STATIC,145.59,STATIC
38.733333333333334,1158,104.05,STATIC,132.57,STATIC,78.19,STATIC,33.33,STATIC,104.15,STATIC,112.67,STATIC,104.67,STATIC,146.41,STATIC
38.766666666666666,1159,104.27,STATIC,130.66,STATIC,78.23,STATIC,32.45,STATIC,104.01,STATIC,112.53,STATIC,105.10,STATIC,147.84,STATIC
38.800000000000004,1160,104.39,STATIC,129.22,STATIC,78.26,STATIC,31.79,STATIC,103.86,STATIC,112.57,STATIC,105.72,STATIC,149.42,STATIC
38.833333333333336,1161,104.30,STATIC,128.46,STATIC,78.40,STATIC,31.44,STATIC,103.82,STATIC,112.39,STATIC,106.29,STATIC,150.33,STATIC
38.86666666666667,1162,104.26,STATIC,127.89,STATIC,78.50,STATIC,31.13,STATIC,103.77,STATIC,112.21,STATIC,106.76,STATIC,151.03,STATIC
38.900000000000006,1163,104.74,STATIC,127.05,STATIC,78.58,STATIC,30.79,STATIC,103.63,STATIC,112.02,STATIC,107.40,STATIC,151.78,STATIC
38.93333333333334,1164,105.13,STATIC,126.20,STATIC,78.63,STATIC,30.31,STATIC,103.55,STATIC,111.92,STATIC,108.06,STATIC,152.66,STATIC
38.96666666666667,1165,105.66,STATIC,125.34,STATIC,78.67,STATIC,29.91,STATIC,103.44,STATIC,111.87,STATIC,108.64,STATIC,153.58,STATIC
39.0,1166,105.76,STATIC,124.59,STATIC,78.75,STATIC,29.55,STATIC,103.19,STATIC,111.84,STATIC,109.12,STATIC,154.40,STATIC
39.03333333333334,1167,105.95,STATIC,123.42,STATIC,78.82,STATIC,29.01,STATIC,102.99,STATIC,111.84,STATIC,109.65,STATIC,155.31,STATIC
39.06666666666667,1168,107.28,STATIC,121.99,STATIC,78.84,STATIC,28.13,STATIC,102.86,STATIC,111.92,STATIC,110.23,STATIC,155.87,STATIC
39.1,1169,107.35,STATIC,121.55,STATIC,78.86,STATIC,27.79,STATIC,102.99,STATIC,111.87,STATIC,111.06,STATIC,156.54,STATIC
39.13333333333333,1170,107.27,STATIC,121.07,STATIC,78.89,STATIC,27.52,STATIC,102.91,STATIC,111.76,STATIC,111.65,STATIC,157.11,STATIC
39.16666666666667,1171,107.32,STATIC,120.72,STATIC,78.96,STATIC,27.37,STATIC,102.49,STATIC,111.57,STATIC,111.17,STATIC,157.72,STATIC
39.2,1172,107.74,STATIC,120.56,STATIC,78.96,STATIC,27.10,STATIC,102.34,STATIC,111.63,STATIC,111.12,STATIC,158.36,STATIC
39.233333333333334,1173,108.57,STATIC,120.66,STATIC,79.02,STATIC,27.08,STATIC,102.29,STATIC,111.69,STATIC,111.34,STATIC,159.29,STATIC
39.266666666666666,1174,108.98,STATIC,121.01,STATIC,79.04,STATIC,27.16,STATIC,102.26,STATIC,111.52,STATIC,111.27,STATIC,158.92,STATIC
39.300000000000004,1175,109.41,STATIC,121.14,STATIC,79.01,STATIC,26.91,STATIC,102.31,STATIC,111.67,STATIC,111.74,STATIC,158.60,STATIC
39.333333333333336,1176,109.54,STATIC,121.27,STATIC,79.03,STATIC,26.86,STATIC,102.19,STATIC,111.56,STATIC,111.89,STATIC,158.53,STATIC
39.36666666666667,1177,109.95,STATIC,121.23,STATIC,79.08,STATIC,26.80,STATIC,102.16,STATIC,111.63,STATIC,112.37,STATIC,158.15,STATIC
39.400000000000006,1178,110.41,STATIC,121.36,STATIC,79.09,STATIC,26.90,STATIC,102.14,STATIC,111.54,STATIC,112.75,STATIC,158.24,STATIC
39.43333333333334,1179,111.25,STATIC,121.20,STATIC,79.06,STATIC,26.84,STATIC,102.19,STATIC,111.65,STATIC,113.27,STATIC,158.02,STATIC
39.46666666666667,1180,111.10,STATIC,121.34,STATIC,79.04,STATIC,26.92,STATIC,102.24,STATIC,111.58,STATIC,113.35,STATIC,158.07,STATIC
39.5,1181,111.20,STATIC,121.74,STATIC,79.05,STATIC,27.15,STATIC,102.23,STATIC,111.52,STATIC,113.33,STATIC,157.98,STATIC
39.53333333333334,1182,111.23,STATIC,121.84,STATIC,79.09,STATIC,27.29,STATIC,102.23,STATIC,111.40,STATIC,113.31,STATIC,157.95,STATIC
39.56666666666667,1183,111.16,STATIC,121.97,STATIC,79.08,STATIC,27.31,STATIC,102.20,STATIC,111.43,STATIC,113.24,STATIC,157.78,STATIC
39.6,1184,111.32,STATIC,122.16,STATIC,79.15,STATIC,27.42,STATIC,102.07,STATIC,111.28,STATIC,113.18,STATIC,157.74,STATIC
39.63333333333333,1185,111.78,STATIC,122.23,STATIC,79.23,STATIC,27.55,STATIC,101.89,STATIC,111.24,STATIC,113.54,STATIC,157.77,STATIC
39.66666666666667,1186,111.56,STATIC,121.98,STATIC,79.20,STATIC,27.44,STATIC,101.90,STATIC,111.26,STATIC,114.07,STATIC,158.57,STATIC
39.7,1187,111.89,STATIC,121.73,STATIC,79.10,STATIC,27.44,STATIC,101.94,STATIC,111.37,STATIC,114.17,STATIC,158.48,STATIC
39.733333333333334,1188,111.71,STATIC,121.58,STATIC,79.01,STATIC,27.26,STATIC,102.09,STATIC,111.43,STATIC,114.14,STATIC,158.81,STATIC
39.766666666666666,1189,111.41,STATIC,121.49,STATIC,78.99,STATIC,27.12,STATIC,102.14,STATIC,111.38,STATIC,113.82,STATIC,158.50,STATIC
39.800000000000004,1190,111.36,STATIC,121.32,STATIC,78.84,STATIC,26.91,STATIC,102.39,STATIC,111.64,STATIC,113.79,STATIC,158.21,STATIC
39.833333333333336,1191,110.92,STATIC,121.27,STATIC,78.76,STATIC,26.77,STATIC,102.50,STATIC,111.78,STATIC,113.52,STATIC,157.91,STATIC
39.86666666666667,1192,110.43,STATIC,121.13,STATIC,78.67,STATIC,26.60,STATIC,102.67,STATIC,111.88,STATIC,113.42,STATIC,157.92,STATIC
39.900000000000006,1193,110.13,STATIC,121.08,STATIC,78.66,STATIC,26.52,STATIC,102.69,STATIC,111.84,STATIC,113.29,STATIC,157.80,STATIC
39.93333333333334,1194,109.45,STATIC,121.04,STATIC,78.66,STATIC,26.61,STATIC,102.64,STATIC,111.51,STATIC,112.79,STATIC,157.20,STATIC
39.96666666666667,1195,109.96,STATIC,121.03,STATIC,78.66,STATIC,26.60,STATIC,102.59,STATIC,111.47,STATIC,112.72,STATIC,157.31,STATIC
40.0,1196,110.19,STATIC,120.88,STATIC,78.64,STATIC,26.46,STATIC,102.59,STATIC,111.51,STATIC,112.79,STATIC,157.25,STATIC
40.03333333333334,1197,110.73,STATIC,120.60,STATIC,78.60,STATIC,26.22,STATIC,102.66,STATIC,111.58,STATIC,112.93,STATIC,157.31,STATIC
40.06666666666667,1198,110.40,STATIC,120.15,STATIC,78.62,STATIC,26.08,STATIC,102.57,STATIC,111.50,STATIC,112.63,STATIC,156.64,STATIC
40.1,1199,110.63,STATIC,119.65,STATIC,78.71,STATIC,25.92,STATIC,102.41,STATIC,111.45,STATIC,112.30,STATIC,156.95,STATIC
40.13333333333333,1200,111.56,STATIC,119.58,STATIC,78.70,STATIC,25.76,STATIC,102.49,STATIC,111.51,STATIC,112.40,STATIC,157.13,STATIC
40.16666666666667,1201,112.06,STATIC,119.34,STATIC,78.70,STATIC,25.64,STATIC,102.51,STATIC,111.54,STATIC,112.43,STATIC,157.10,STATIC
40.2,1202,112.53,STATIC,119.24,STATIC,78.70,STATIC,25.60,STATIC,102.52,STATIC,111.67,STATIC,112.68,STATIC,157.26,STATIC
40.233333333333334,1203,112.77,STATIC,119.20,STATIC,78.77,STATIC,25.62,STATIC,102.45,STATIC,111.61,STATIC,112.69,STATIC,157.33,STATIC
40.266666666666666,1204,113.10,STATIC,119.30,STATIC,78.82,STATIC,25.72,STATIC,102.37,STATIC,111.55,STATIC,112.62,STATIC,157.38,STATIC
40.300000000000004,1205,113.01,STATIC,119.72,STATIC,78.88,STATIC,26.00,STATIC,102.33,STATIC,111.50,STATIC,112.55,STATIC,157.38,STATIC
40.333333333333336,1206,113.18,STATIC,120.30,STATIC,78.90,STATIC,26.25,STATIC,102.23,STATIC,111.44,STATIC,112.12,STATIC,157.10,STATIC
40.36666666666667,1207,113.34,STATIC,120.56,STATIC,78.94,STATIC,26.38,STATIC,102.21,STATIC,111.32,STATIC,111.85,STATIC,156.69,STATIC
40.400000000000006,1208,113.51,STATIC,121.18,STATIC,78.99,STATIC,26.66,STATIC,102.14,STATIC,111.24,STATIC,111.41,STATIC,156.20,STATIC
40.43333333333334,1209,113.43,STATIC,121.70,STATIC,79.06,STATIC,26.87,STATIC,102.10,STATIC,111.09,STATIC,111.00,STATIC,155.85,STATIC
40.46666666666667,1210,113.19,STATIC,121.87,STATIC,78.97,STATIC,26.82,STATIC,102.24,STATIC,111.16,STATIC,110.80,STATIC,155.46,STATIC
40.5,1211,112.91,STATIC,122.26,STATIC,78.93,STATIC,26.71,STATIC,102.28,STATIC,111.03,STATIC,110.18,STATIC,154.78,STATIC
40.53333333333334,1212,113.04,STATIC,122.10,STATIC,78.73,STATIC,26.36,STATIC,102.64,STATIC,111.34,STATIC,110.02,STATIC,153.96,STATIC
40.56666666666667,1213,113.19,STATIC,122.11,STATIC,78.51,STATIC,26.13,STATIC,102.85,STATIC,111.71,STATIC,109.84,STATIC,153.54,STATIC
40.6,1214,112.97,STATIC,121.99,STATIC,78.46,STATIC,25.86,STATIC,102.92,STATIC,111.71,STATIC,109.46,STATIC,153.36,STATIC
40.63333333333333,1215,113.31,STATIC,122.44,STATIC,78.31,STATIC,25.43,STATIC,103.07,STATIC,111.96,STATIC,109.27,STATIC,153.25,STATIC
40.66666666666667,1216,113.75,STATIC,122.32,STATIC,78.15,STATIC,25.01,STATIC,103.13,STATIC,112.13,STATIC,109.21,STATIC,153.50,STATIC
40.7,1217,113.75,STATIC,122.13,STATIC,77.93,STATIC,24.71,STATIC,103.31,STATIC,112.47,STATIC,109.05,STATIC,153.13,STATIC
40.733333333333334,1218,114.69,STATIC,122.19,STATIC,77.90,STATIC,24.63,STATIC,103.25,STATIC,112.62,STATIC,108.87,STATIC,153.18,STATIC
40.76666666666667,1219,114.75,STATIC,121.92,STATIC,77.94,STATIC,24.49,STATIC,103.20,STATIC,112.57,STATIC,108.87,STATIC,153.33,STATIC
40.800000000000004,1220,114.72,STATIC,121.72,STATIC,77.91,STATIC,24.47,STATIC,103.43,STATIC,112.75,STATIC,109.61,STATIC,153.78,STATIC
40.833333333333336,1221,114.88,STATIC,121.34,STATIC,77.86,STATIC,24.45,STATIC,103.44,STATIC,112.81,STATIC,109.86,STATIC,154.18,STATIC
40.86666666666667,1222,114.67,STATIC,121.19,STATIC,77.93,STATIC,24.45,STATIC,103.25,STATIC,112.67,STATIC,109.59,STATIC,154.57,STATIC
40.900000000000006,1223,114.45,STATIC,121.26,STATIC,77.97,STATIC,24.51,STATIC,103.20,STATIC,112.66,STATIC,109.53,STATIC,154.70,STATIC
40.93333333333334,1224,114.54,STATIC,121.25,STATIC,77.99,STATIC,24.55,STATIC,103.20,STATIC,112.64,STATIC,109.47,STATIC,154.99,STATIC
40.96666666666667,1225,114.56,STATIC,121.07,STATIC,77.96,STATIC,24.51,STATIC,103.33,STATIC,112.67,STATIC,109.62,STATIC,154.79,STATIC
41.0,1226,114.48,STATIC,121.00,STATIC,77.90,STATIC,24.41,STATIC,103.37,STATIC,112.80,STATIC,109.49,STATIC,154.80,STATIC
41.03333333333334,1227,114.58,STATIC,121.10,STATIC,77.89,STATIC,24.37,STATIC,103.29,STATIC,112.79,STATIC,109.29,STATIC,154.51,STATIC
41.06666666666667,1228,117.13,STATIC,122.64,STATIC,77.86,STATIC,24.47,STATIC,103.43,STATIC,112.63,STATIC,108.93,STATIC,152.68,STATIC
41.1,1229,114.97,STATIC,122.53,STATIC,77.61,STATIC,24.17,STATIC,103.70,STATIC,112.93,STATIC,108.99,STATIC,152.57,STATIC
41.13333333333333,1230,114.42,STATIC,122.59,STATIC,77.54,STATIC,24.08,STATIC,103.74,STATIC,112.87,STATIC,108.63,STATIC,151.79,STATIC
41.16666666666667,1231,113.80,STATIC,122.82,STATIC,77.50,STATIC,24.10,STATIC,103.77,STATIC,112.86,STATIC,108.41,STATIC,151.29,STATIC
41.2,1232,113.32,STATIC,123.37,STATIC,77.46,STATIC,24.28,STATIC,103.78,STATIC,112.85,STATIC,108.19,STATIC,150.71,STATIC
41.233333333333334,1233,112.82,STATIC,123.35,STATIC,77.42,STATIC,24.25,STATIC,103.84,STATIC,112.93,STATIC,108.39,STATIC,150.55,STATIC
41.26666666666667,1234,112.78,STATIC,123.58,STATIC,77.49,STATIC,24.44,STATIC,103.79,STATIC,112.85,STATIC,109.17,STATIC,150.97,STATIC
41.300000000000004,1235,112.58,STATIC,123.48,STATIC,77.40,STATIC,24.48,STATIC,103.88,STATIC,112.85,STATIC,109.49,STATIC,151.29,STATIC
41.333333333333336,1236,112.28,STATIC,123.62,STATIC,77.33,STATIC,24.54,STATIC,103.96,STATIC,112.89,STATIC,109.49,STATIC,151.08,STATIC
41.36666666666667,1237,111.39,STATIC,123.63,STATIC,77.43,STATIC,24.73,STATIC,103.84,STATIC,112.82,STATIC,109.89,STATIC,151.31,STATIC
41.400000000000006,1238,111.82,STATIC,123.79,STATIC,77.55,STATIC,25.02,STATIC,103.64,STATIC,112.80,STATIC,110.78,STATIC,151.93,STATIC
41.43333333333334,1239,110.56,STATIC,123.34,STATIC,77.61,STATIC,25.19,STATIC,103.56,STATIC,112.75,STATIC,111.36,STATIC,153.04,STATIC
41.46666666666667,1240,111.35,STATIC,123.44,STATIC,77.63,STATIC,25.37,STATIC,103.55,STATIC,112.66,STATIC,111.80,STATIC,153.25,STATIC
41.5,1241,110.17,STATIC,123.52,STATIC,77.68,STATIC,25.61,STATIC,103.50,STATIC,112.68,STATIC,112.17,STATIC,153.88,STATIC
41.53333333333334,1242,109.71,STATIC,123.92,STATIC,77.72,STATIC,26.00,STATIC,103.44,STATIC,112.59,STATIC,112.49,STATIC,153.82,STATIC
41.56666666666667,1243,109.96,STATIC,124.10,STATIC,77.70,STATIC,26.22,STATIC,103.46,STATIC,112.56,STATIC,113.04,STATIC,154.21,STATIC
41.6,1244,109.98,STATIC,124.10,STATIC,77.63,STATIC,26.20,STATIC,103.62,STATIC,112.65,STATIC,113.11,STATIC,154.47,STATIC
41.63333333333333,1245,108.97,STATIC,124.51,STATIC,77.66,STATIC,26.61,STATIC,103.52,STATIC,112.59,STATIC,113.21,STATIC,154.56,STATIC
41.66666666666667,1246,108.77,STATIC,124.75,STATIC,77.68,STATIC,26.84,STATIC,103.44,STATIC,112.65,STATIC,113.35,STATIC,154.97,STATIC
41.7,1247,108.76,STATIC,125.09,STATIC,77.74,STATIC,27.14,STATIC,103.38,STATIC,112.71,STATIC,113.70,STATIC,155.42,STATIC
41.733333333333334,1248,108.89,STATIC,125.29,STATIC,77.72,STATIC,27.27,STATIC,103.39,STATIC,112.83,STATIC,113.89,STATIC,155.86,STATIC
41.76666666666667,1249,108.59,STATIC,125.71,STATIC,77.76,STATIC,27.59,STATIC,103.33,STATIC,112.86,STATIC,114.02,STATIC,156.07,STATIC
41.800000000000004,1250,108.66,STATIC,126.03,STATIC,77.81,STATIC,27.80,STATIC,103.26,STATIC,112.86,STATIC,114.15,STATIC,156.29,STATIC
41.833333333333336,1251,108.51,STATIC,126.44,STATIC,77.88,STATIC,28.01,STATIC,103.22,STATIC,112.77,STATIC,113.91,STATIC,156.32,STATIC
41.86666666666667,1252,108.05,STATIC,127.08,STATIC,77.98,STATIC,28.60,STATIC,103.14,STATIC,112.79,STATIC,114.17,STATIC,156.48,STATIC
41.900000000000006,1253,107.67,STATIC,127.59,STATIC,78.08,STATIC,29.17,STATIC,103.05,STATIC,112.78,STATIC,114.39,STATIC,156.43,STATIC
41.93333333333334,1254,107.59,STATIC,127.81,STATIC,78.12,STATIC,29.43,STATIC,103.02,STATIC,112.65,STATIC,114.05,STATIC,156.30,STATIC
41.96666666666667,1255,107.45,STATIC,127.97,STATIC,78.22,STATIC,29.63,STATIC,102.94,STATIC,112.57,STATIC,113.89,STATIC,156.25,STATIC
42.0,1256,107.27,STATIC,127.93,STATIC,78.15,STATIC,29.59,STATIC,103.08,STATIC,112.54,STATIC,113.19,STATIC,155.26,STATIC
42.03333333333334,1257,107.28,STATIC,127.89,STATIC,78.20,STATIC,29.59,STATIC,103.03,STATIC,112.48,STATIC,113.19,STATIC,155.29,STATIC
42.06666666666667,1258,106.86,STATIC,127.63,STATIC,78.22,STATIC,29.45,STATIC,103.00,STATIC,112.63,STATIC,113.12,STATIC,155.40,STATIC
42.1,1259,107.04,STATIC,127.53,STATIC,78.24,STATIC,29.53,STATIC,102.96,STATIC,112.56,STATIC,113.05,STATIC,155.21,STATIC
42.13333333333333,1260,107.23,STATIC,126.97,STATIC,78.24,STATIC,29.33,STATIC,102.95,STATIC,112.67,STATIC,113.50,STATIC,155.67,STATIC
42.16666666666667,1261,107.05,STATIC,126.72,STATIC,78.16,STATIC,29.25,STATIC,103.04,STATIC,112.65,STATIC,113.33,STATIC,155.38,STATIC
42.2,1262,107.19,STATIC,126.69,STATIC,78.17,STATIC,29.40,STATIC,103.04,STATIC,112.70,STATIC,113.53,STATIC,155.48,STATIC
42.233333333333334,1263,107.22,STATIC,126.58,STATIC,78.21,STATIC,29.51,STATIC,102.96,STATIC,112.66,STATIC,113.87,STATIC,155.70,STATIC
42.26666666666667,1264,107.43,STATIC,126.59,STATIC,78.21,STATIC,29.59,STATIC,102.98,STATIC,112.75,STATIC,114.07,STATIC,156.05,STATIC
42.300000000000004,1265,108.21,STATIC,126.73,STATIC,78.25,STATIC,29.72,STATIC,103.01,STATIC,112.73,STATIC,114.45,STATIC,156.21,STATIC
42.333333333333336,1266,108.61,STATIC,126.28,STATIC,78.22,STATIC,29.46,STATIC,103.21,STATIC,112.88,STATIC,114.48,STATIC,156.29,STATIC
42.36666666666667,1267,108.86,STATIC,126.33,STATIC,78.29,STATIC,29.52,STATIC,103.12,STATIC,112.76,STATIC,114.45,STATIC,156.54,STATIC
42.400000000000006,1268,109.51,STATIC,126.12,STATIC,78.25,STATIC,29.27,STATIC,103.19,STATIC,112.88,STATIC,114.34,STATIC,156.72,STATIC
42.43333333333334,1269,109.99,STATIC,125.82,STATIC,78.37,STATIC,29.23,STATIC,103.01,STATIC,112.84,STATIC,115.22,STATIC,157.50,STATIC
42.46666666666667,1270,110.19,STATIC,125.53,STATIC,78.33,STATIC,29.05,STATIC,103.03,STATIC,112.88,STATIC,115.35,STATIC,157.72,STATIC
42.5,1271,110.92,STATIC,125.38,STATIC,78.29,STATIC,28.99,STATIC,103.05,STATIC,112.84,STATIC,115.69,STATIC,157.68,STATIC
42.53333333333334,1272,111.01,STATIC,125.13,STATIC,78.21,STATIC,28.89,STATIC,103.12,STATIC,112.92,STATIC,115.64,STATIC,157.56,STATIC
42.56666666666667,1273,111.09,STATIC,125.22,STATIC,78.17,STATIC,28.95,STATIC,103.12,STATIC,112.91,STATIC,115.47,STATIC,157.58,STATIC
42.6,1274,110.86,STATIC,125.62,STATIC,78.22,STATIC,28.59,STATIC,103.10,STATIC,112.85,STATIC,115.57,STATIC,157.69,STATIC
42.63333333333333,1275,111.07,STATIC,125.43,STATIC,78.26,STATIC,28.63,STATIC,103.07,STATIC,112.90,STATIC,116.05,STATIC,157.91,STATIC
42.66666666666667,1276,111.28,STATIC,125.26,STATIC,78.25,STATIC,28.52,STATIC,103.06,STATIC,112.93,STATIC,116.31,STATIC,158.26,STATIC
42.7,1277,111.44,STATIC,125.13,STATIC,78.25,STATIC,28.53,STATIC,103.09,STATIC,113.00,STATIC,116.66,STATIC,158.66,STATIC
42.733333333333334,1278,111.60,STATIC,125.33,STATIC,78.39,STATIC,28.89,STATIC,102.95,STATIC,112.81,STATIC,117.14,STATIC,158.73,STATIC
42.76666666666667,1279,111.42,STATIC,125.13,STATIC,78.37,STATIC,28.80,STATIC,103.00,STATIC,112.85,STATIC,116.89,STATIC,158.73,STATIC
42.800000000000004,1280,111.46,STATIC,125.25,STATIC,78.37,STATIC,28.88,STATIC,102.99,STATIC,112.84,STATIC,116.62,STATIC,158.63,STATIC
42.833333333333336,1281,111.21,STATIC,124.95,STATIC,78.41,STATIC,28.94,STATIC,102.97,STATIC,112.77,STATIC,116.78,STATIC,158.58,STATIC
42.86666666666667,1282,111.46,STATIC,124.89,STATIC,78.45,STATIC,29.03,STATIC,102.96,STATIC,112.67,STATIC,116.65,STATIC,158.39,STATIC
42.900000000000006,1283,111.68,STATIC,124.72,STATIC,78.44,STATIC,28.99,STATIC,103.02,STATIC,112.73,STATIC,116.71,STATIC,158.38,STATIC
42.93333333333334,1284,111.32,STATIC,125.10,STATIC,78.40,STATIC,29.15,STATIC,103.05,STATIC,112.73,STATIC,116.39,STATIC,158.29,STATIC
42.96666666666667,1285,111.30,STATIC,125.06,STATIC,78.45,STATIC,29.34,STATIC,103.04,STATIC,112.70,STATIC,116.54,STATIC,158.41,STATIC
43.0,1286,111.20,STATIC,125.48,STATIC,78.45,STATIC,29.61,STATIC,103.02,STATIC,112.73,STATIC,116.44,STATIC,158.45,STATIC
43.03333333333334,1287,111.63,STATIC,125.73,STATIC,78.42,STATIC,29.73,STATIC,103.06,STATIC,112.77,STATIC,116.30,STATIC,158.29,STATIC
43.06666666666667,1288,111.81,STATIC,125.81,STATIC,78.40,STATIC,29.73,STATIC,103.01,STATIC,112.81,STATIC,115.95,STATIC,158.56,STATIC
43.1,1289,111.91,STATIC,125.59,STATIC,78.37,STATIC,29.64,STATIC,103.00,STATIC,112.83,STATIC,115.96,STATIC,158.71,STATIC
43.13333333333333,1290,111.92,STATIC,125.43,STATIC,78.42,STATIC,29.60,STATIC,103.01,STATIC,112.70,STATIC,115.94,STATIC,158.84,STATIC
43.16666666666667,1291,111.56,STATIC,125.49,STATIC,78.47,STATIC,29.67,STATIC,102.87,STATIC,112.57,STATIC,115.66,STATIC,158.62,STATIC
43.2,1292,112.25,STATIC,125.39,STATIC,78.49,STATIC,29.63,STATIC,102.89,STATIC,112.65,STATIC,115.94,STATIC,158.84,STATIC
43.233333333333334,1293,112.18,STATIC,125.32,STATIC,78.42,STATIC,29.47,STATIC,103.04,STATIC,112.72,STATIC,115.32,STATIC,158.38,STATIC
43.26666666666667,1294,111.92,STATIC,125.39,STATIC,78.41,STATIC,29.34,STATIC,103.08,STATIC,112.79,STATIC,114.76,STATIC,157.86,STATIC
43.300000000000004,1295,111.74,STATIC,125.41,STATIC,78.45,STATIC,29.34,STATIC,102.96,STATIC,112.73,STATIC,114.52,STATIC,157.92,STATIC
43.333333333333336,1296,111.66,STATIC,125.93,STATIC,78.44,STATIC,29.48,STATIC,102.90,STATIC,112.81,STATIC,114.27,STATIC,157.70,STATIC
43.36666666666667,1297,111.77,STATIC,125.99,STATIC,78.41,STATIC,29.40,STATIC,102.89,STATIC,112.85,STATIC,114.08,STATIC,157.57,STATIC
43.400000000000006,1298,111.86,STATIC,126.11,STATIC,78.37,STATIC,29.38,STATIC,102.94,STATIC,112.97,STATIC,114.11,STATIC,157.55,STATIC
43.43333333333334,1299,111.75,STATIC,126.19,STATIC,78.43,STATIC,29.50,STATIC,102.85,STATIC,112.93,STATIC,114.13,STATIC,157.64,STATIC
43.46666666666667,1300,112.17,STATIC,126.47,STATIC,78.53,STATIC,29.80,STATIC,102.68,STATIC,112.76,STATIC,114.65,STATIC,157.78,STATIC
43.5,1301,112.30,STATIC,126.60,STATIC,78.56,STATIC,29.93,STATIC,102.65,STATIC,112.67,STATIC,114.82,STATIC,157.81,STATIC
43.53333333333334,1302,111.84,STATIC,126.86,STATIC,78.58,STATIC,30.02,STATIC,102.75,STATIC,112.54,STATIC,114.78,STATIC,157.63,STATIC
43.56666666666667,1303,112.50,STATIC,126.60,STATIC,78.59,STATIC,29.88,STATIC,102.62,STATIC,112.47,STATIC,114.43,STATIC,157.60,STATIC
43.6,1304,112.70,STATIC,126.37,STATIC,78.53,STATIC,29.63,STATIC,102.70,STATIC,112.53,STATIC,114.19,STATIC,157.60,STATIC
43.63333333333333,1305,113.80,STATIC,126.27,STATIC,78.50,STATIC,29.51,STATIC,102.77,STATIC,112.47,STATIC,114.52,STATIC,157.78,STATIC
43.66666666666667,1306,113.76,STATIC,126.08,STATIC,78.48,STATIC,29.48,STATIC,102.75,STATIC,112.50,STATIC,114.29,STATIC,157.70,STATIC
43.7,1307,113.88,STATIC,126.05,STATIC,78.48,STATIC,29.42,STATIC,102.79,STATIC,112.52,STATIC,114.09,STATIC,157.67,STATIC
43.733333333333334,1308,113.61,STATIC,125.62,STATIC,78.36,STATIC,29.14,STATIC,102.92,STATIC,112.73,STATIC,113.73,STATIC,157.43,STATIC
43.76666666666667,1309,113.51,STATIC,125.46,STATIC,78.33,STATIC,29.05,STATIC,102.94,STATIC,112.87,STATIC,113.67,STATIC,157.66,STATIC
43.800000000000004,1310,113.85,STATIC,125.16,STATIC,78.24,STATIC,28.86,STATIC,103.12,STATIC,112.92,STATIC,113.63,STATIC,157.35,STATIC
43.833333333333336,1311,114.61,STATIC,125.04,STATIC,78.08,STATIC,28.71,STATIC,103.32,STATIC,113.21,STATIC,113.77,STATIC,157.60,STATIC
43.86666666666667,1312,114.71,STATIC,124.81,STATIC,78.04,STATIC,28.54,STATIC,103.38,STATIC,113.39,STATIC,114.77,STATIC,158.27,STATIC
43.900000000000006,1313,114.77,STATIC,124.84,STATIC,77.99,STATIC,28.47,STATIC,103.43,STATIC,113.40,STATIC,114.74,STATIC,158.53,STATIC
43.93333333333334,1314,115.18,STATIC,124.72,STATIC,77.81,STATIC,28.21,STATIC,103.59,STATIC,113.59,STATIC,114.79,STATIC,158.38,STATIC
43.96666666666667,1315,115.23,STATIC,124.51,STATIC,77.80,STATIC,27.99,STATIC,103.56,STATIC,113.59,STATIC,114.61,STATIC,158.56,STATIC
44.0,1316,115.60,STATIC,124.49,STATIC,77.72,STATIC,27.92,STATIC,103.67,STATIC,113.69,STATIC,114.44,STATIC,158.44,STATIC
44.03333333333334,1317,116.18,STATIC,124.68,STATIC,77.62,STATIC,27.87,STATIC,103.76,STATIC,113.58,STATIC,114.41,STATIC,158.02,STATIC
44.06666666666667,1318,116.99,STATIC,124.73,STATIC,77.54,STATIC,27.78,STATIC,103.87,STATIC,113.68,STATIC,114.80,STATIC,158.09,STATIC
44.1,1319,117.09,STATIC,124.45,STATIC,77.56,STATIC,27.59,STATIC,103.85,STATIC,113.63,STATIC,114.83,STATIC,158.06,STATIC
44.13333333333333,1320,116.99,STATIC,124.24,STATIC,77.50,STATIC,27.38,STATIC,103.90,STATIC,113.66,STATIC,115.12,STATIC,158.29,STATIC
44.16666666666667,1321,117.44,STATIC,124.16,STATIC,77.53,STATIC,27.33,STATIC,103.76,STATIC,113.76,STATIC,115.76,STATIC,158.88,STATIC
44.2,1322,117.57,STATIC,123.95,STATIC,77.62,STATIC,27.29,STATIC,103.63,STATIC,113.83,STATIC,116.92,STATIC,159.62,STATIC
44.233333333333334,1323,117.74,STATIC,123.99,STATIC,77.60,STATIC,27.19,STATIC,103.65,STATIC,113.82,STATIC,116.68,STATIC,158.95,STATIC
44.26666666666667,1324,117.36,STATIC,123.74,STATIC,77.54,STATIC,26.95,STATIC,103.66,STATIC,113.81,STATIC,116.58,STATIC,159.07,STATIC
44.300000000000004,1325,116.69,STATIC,123.51,STATIC,77.49,STATIC,26.82,STATIC,103.67,STATIC,113.68,STATIC,115.95,STATIC,159.22,STATIC
44.333333333333336,1326,116.27,STATIC,123.43,STATIC,77.47,STATIC,26.69,STATIC,103.73,STATIC,113.78,STATIC,115.83,STATIC,158.97,STATIC
44.36666666666667,1327,116.43,STATIC,123.45,STATIC,77.53,STATIC,26.67,STATIC,103.67,STATIC,113.79,STATIC,116.22,STATIC,159.34,STATIC
44.400000000000006,1328,116.35,STATIC,123.29,STATIC,77.59,STATIC,26.64,STATIC,103.60,STATIC,113.74,STATIC,116.36,STATIC,159.48,STATIC
44.43333333333334,1329,116.10,STATIC,123.30,STATIC,77.70,STATIC,26.76,STATIC,103.43,STATIC,113.51,STATIC,115.93,STATIC,159.31,STATIC
44.46666666666667,1330,116.30,STATIC,123.05,STATIC,77.78,STATIC,26.76,STATIC,103.33,STATIC,113.32,STATIC,116.28,STATIC,159.29,STATIC
44.5,1331,116.28,STATIC,122.97,STATIC,77.79,STATIC,26.67,STATIC,103.32,STATIC,113.28,STATIC,116.14,STATIC,159.15,STATIC
44.53333333333334,1332,116.07,STATIC,123.05,STATIC,77.88,STATIC,26.78,STATIC,103.27,STATIC,113.33,STATIC,115.84,STATIC,158.95,STATIC
44.56666666666667,1333,115.45,STATIC,123.04,STATIC,77.90,STATIC,26.73,STATIC,103.23,STATIC,113.36,STATIC,115.53,STATIC,158.78,STATIC
44.6,1334,115.73,STATIC,122.75,STATIC,77.78,STATIC,26.39,STATIC,103.34,STATIC,113.62,STATIC,115.58,STATIC,158.86,STATIC
44.63333333333333,1335,114.83,STATIC,122.64,STATIC,77.79,STATIC,26.32,STATIC,103.54,STATIC,113.52,STATIC,115.22,STATIC,158.71,STATIC
44.66666666666667,1336,114.73,STATIC,122.35,STATIC,77.80,STATIC,26.11,STATIC,103.57,STATIC,113.57,STATIC,114.95,STATIC,158.59,STATIC
44.7,1337,114.97,STATIC,122.33,STATIC,77.76,STATIC,25.99,STATIC,103.60,STATIC,113.80,STATIC,115.37,STATIC,159.16,STATIC
44.733333333333334,1338,115.10,STATIC,122.37,STATIC,77.71,STATIC,25.78,STATIC,103.60,STATIC,113.94,STATIC,115.57,STATIC,159.65,STATIC
44.76666666666667,1339,115.27,STATIC,122.46,STATIC,77.64,STATIC,25.68,STATIC,103.60,STATIC,114.07,STATIC,115.33,STATIC,159.67,STATIC
44.800000000000004,1340,115.22,STATIC,122.53,STATIC,77.59,STATIC,25.65,STATIC,103.61,STATIC,114.07,STATIC,114.90,STATIC,159.36,STATIC
44.833333333333336,1341,115.19,STATIC,122.33,STATIC,77.61,STATIC,25.68,STATIC,103.57,STATIC,114.07,STATIC,114.74,STATIC,159.25,STATIC
44.86666666666667,1342,115.35,STATIC,122.28,STATIC,77.62,STATIC,25.63,STATIC,103.56,STATIC,114.11,STATIC,114.76,STATIC,159.22,STATIC
44.900000000000006,1343,115.57,STATIC,122.12,STATIC,77.65,STATIC,25.56,STATIC,103.55,STATIC,114.13,STATIC,115.41,STATIC,159.62,STATIC
44.93333333333334,1344,115.75,STATIC,121.96,STATIC,77.60,STATIC,25.38,STATIC,103.55,STATIC,114.18,STATIC,115.42,STATIC,159.75,STATIC
44.96666666666667,1345,115.69,STATIC,122.20,STATIC,77.52,STATIC,25.37,STATIC,103.59,STATIC,114.23,STATIC,115.26,STATIC,159.68,STATIC
45.0,1346,115.10,STATIC,122.39,STATIC,77.57,STATIC,25.34,STATIC,103.59,STATIC,113.88,STATIC,114.62,STATIC,159.11,STATIC
45.03333333333334,1347,114.88,STATIC,122.68,STATIC,77.62,STATIC,25.45,STATIC,103.58,STATIC,114.02,STATIC,115.02,STATIC,159.39,STATIC
45.06666666666667,1348,114.76,STATIC,123.22,STATIC,77.71,STATIC,25.65,STATIC,103.50,STATIC,113.70,STATIC,113.94,STATIC,157.66,STATIC
45.1,1349,115.75,STATIC,124.20,STATIC,77.64,STATIC,26.02,STATIC,103.60,STATIC,113.74,STATIC,113.34,STATIC,156.75,STATIC
45.13333333333333,1350,114.30,STATIC,124.63,STATIC,77.55,STATIC,26.09,STATIC,103.68,STATIC,113.84,STATIC,112.96,STATIC,156.16,STATIC
45.16666666666667,1351,114.00,STATIC,125.01,STATIC,77.49,STATIC,26.18,STATIC,103.75,STATIC,113.86,STATIC,112.62,STATIC,155.50,STATIC
45.2,1352,114.49,STATIC,125.32,STATIC,77.40,STATIC,26.33,STATIC,103.87,STATIC,113.89,STATIC,112.30,STATIC,154.98,STATIC
45.233333333333334,1353,113.64,STATIC,125.47,STATIC,77.44,STATIC,26.52,STATIC,103.84,STATIC,113.75,STATIC,112.05,STATIC,154.65,STATIC
45.26666666666667,1354,113.29,STATIC,125.78,STATIC,77.42,STATIC,26.76,STATIC,103.90,STATIC,113.78,STATIC,111.93,STATIC,154.23,STATIC
45.300000000000004,1355,114.53,STATIC,126.02,STATIC,77.25,STATIC,26.83,STATIC,104.11,STATIC,113.92,STATIC,111.90,STATIC,153.94,STATIC
45.333333333333336,1356,113.33,STATIC,125.80,STATIC,77.14,STATIC,26.71,STATIC,104.20,STATIC,113.96,STATIC,111.79,STATIC,153.92,STATIC
45.36666666666667,1357,113.75,STATIC,125.69,STATIC,77.11,STATIC,26.72,STATIC,104.26,STATIC,114.05,STATIC,112.35,STATIC,154.27,STATIC
45.400000000000006,1358,114.01,STATIC,125.65,STATIC,77.03,STATIC,26.67,STATIC,104.34,STATIC,114.05,STATIC,112.32,STATIC,154.23,STATIC
45.43333333333334,1359,113.45,STATIC,125.37,STATIC,76.93,STATIC,26.48,STATIC,104.42,STATIC,114.16,STATIC,112.52,STATIC,154.54,STATIC
45.46666666666667,1360,112.82,STATIC,124.90,STATIC,76.91,STATIC,26.25,STATIC,104.37,STATIC,114.09,STATIC,112.69,STATIC,155.02,STATIC
45.5,1361,112.18,STATIC,124.27,STATIC,77.01,STATIC,26.16,STATIC,104.21,STATIC,113.98,STATIC,112.76,STATIC,155.98,STATIC
45.53333333333334,1362,116.69,STATIC,124.06,STATIC,77.07,STATIC,26.06,STATIC,104.26,STATIC,114.02,STATIC,113.23,STATIC,156.19,STATIC
45.56666666666667,1363,117.48,STATIC,123.91,STATIC,77.19,STATIC,26.12,STATIC,103.97,STATIC,113.79,STATIC,113.35,STATIC,156.23,STATIC
45.6,1364,114.18,STATIC,123.48,STATIC,77.25,STATIC,26.09,STATIC,103.87,STATIC,113.63,STATIC,113.47,STATIC,156.42,STATIC
45.63333333333333,1365,113.48,STATIC,123.26,STATIC,77.27,STATIC,26.02,STATIC,103.78,STATIC,113.47,STATIC,113.10,STATIC,156.26,STATIC
45.66666666666667,1366,113.31,STATIC,123.29,STATIC,77.24,STATIC,26.02,STATIC,103.76,STATIC,113.46,STATIC,112.94,STATIC,156.20,STATIC
45.7,1367,113.92,STATIC,123.33,STATIC,77.19,STATIC,25.95,STATIC,103.87,STATIC,113.60,STATIC,113.13,STATIC,156.13,STATIC
45.733333333333334,1368,113.65,STATIC,123.27,STATIC,77.22,STATIC,25.95,STATIC,103.86,STATIC,113.65,STATIC,113.46,STATIC,156.57,STATIC
45.76666666666667,1369,113.82,STATIC,123.14,STATIC,77.31,STATIC,25.93,STATIC,103.79,STATIC,113.75,STATIC,113.83,STATIC,157.26,STATIC
45.800000000000004,1370,114.25,STATIC,123.02,STATIC,77.33,STATIC,25.90,STATIC,103.81,STATIC,113.84,STATIC,114.03,STATIC,157.62,STATIC
45.833333333333336,1371,116.13,STATIC,123.06,STATIC,77.31,STATIC,25.84,STATIC,103.84,STATIC,113.99,STATIC,114.34,STATIC,157.71,STATIC
45.86666666666667,1372,114.67,STATIC,123.11,STATIC,77.36,STATIC,25.83,STATIC,103.79,STATIC,113.97,STATIC,114.54,STATIC,158.06,STATIC
45.900000000000006,1373,115.10,STATIC,122.96,STATIC,77.41,STATIC,25.77,STATIC,103.69,STATIC,113.88,STATIC,114.73,STATIC,158.41,STATIC
45.93333333333334,1374,114.84,STATIC,122.89,STATIC,77.48,STATIC,25.82,STATIC,103.60,STATIC,113.75,STATIC,114.44,STATIC,158.19,STATIC
45.96666666666667,1375,114.66,STATIC,123.06,STATIC,77.50,STATIC,25.85,STATIC,103.56,STATIC,113.62,STATIC,114.17,STATIC,158.16,STATIC
46.0,1376,115.65,STATIC,123.17,STATIC,77.57,STATIC,25.95,STATIC,103.51,STATIC,113.45,STATIC,114.29,STATIC,157.89,STATIC
46.03333333333334,1377,115.17,STATIC,123.49,STATIC,77.64,STATIC,26.15,STATIC,103.44,STATIC,113.34,STATIC,114.36,STATIC,157.91,STATIC
46.06666666666667,1378,114.79,STATIC,123.48,STATIC,77.62,STATIC,26.22,STATIC,103.47,STATIC,113.30,STATIC,114.01,STATIC,157.49,STATIC
46.1,1379,114.77,STATIC,123.62,STATIC,77.64,STATIC,26.27,STATIC,103.46,STATIC,113.45,STATIC,114.26,STATIC,157.71,STATIC
46.13333333333333,1380,114.50,STATIC,123.85,STATIC,77.60,STATIC,26.35,STATIC,103.48,STATIC,113.45,STATIC,114.02,STATIC,157.40,STATIC
46.16666666666667,1381,115.31,STATIC,124.02,STATIC,77.66,STATIC,26.44,STATIC,103.52,STATIC,113.53,STATIC,114.42,STATIC,157.73,STATIC
46.2,1382,114.78,STATIC,124.20,STATIC,77.68,STATIC,26.57,STATIC,103.51,STATIC,113.52,STATIC,114.26,STATIC,157.72,STATIC
46.233333333333334,1383,114.46,STATIC,124.31,STATIC,77.82,STATIC,26.83,STATIC,103.38,STATIC,113.44,STATIC,114.95,STATIC,157.96,STATIC
46.26666666666667,1384,114.15,STATIC,124.58,STATIC,77.82,STATIC,27.01,STATIC,103.38,STATIC,113.37,STATIC,114.74,STATIC,157.96,STATIC
46.300000000000004,1385,113.73,STATIC,124.43,STATIC,77.75,STATIC,26.81,STATIC,103.44,STATIC,113.47,STATIC,114.40,STATIC,157.89,STATIC
46.333333333333336,1386,113.08,STATIC,124.54,STATIC,77.69,STATIC,26.82,STATIC,103.48,STATIC,113.51,STATIC,114.03,STATIC,157.66,STATIC
46.36666666666667,1387,113.82,STATIC,124.66,STATIC,77.69,STATIC,26.89,STATIC,103.49,STATIC,113.34,STATIC,113.81,STATIC,156.99,STATIC
46.400000000000006,1388,113.65,STATIC,124.72,STATIC,77.69,STATIC,26.97,STATIC,103.50,STATIC,113.34,STATIC,114.03,STATIC,156.95,STATIC
46.43333333333334,1389,112.90,STATIC,124.86,STATIC,77.62,STATIC,27.00,STATIC,103.57,STATIC,113.44,STATIC,113.98,STATIC,156.99,STATIC
46.46666666666667,1390,112.84,STATIC,124.69,STATIC,77.58,STATIC,26.87,STATIC,103.58,STATIC,113.42,STATIC,113.76,STATIC,157.11,STATIC
46.5,1391,112.23,STATIC,124.40,STATIC,77.59,STATIC,26.67,STATIC,103.68,STATIC,113.37,STATIC,113.52,STATIC,156.76,STATIC
46.53333333333334,1392,112.39,STATIC,123.96,STATIC,77.63,STATIC,26.57,STATIC,103.63,STATIC,113.27,STATIC,113.39,STATIC,156.89,STATIC
46.56666666666667,1393,112.74,STATIC,123.63,STATIC,77.63,STATIC,26.46,STATIC,103.63,STATIC,113.20,STATIC,113.41,STATIC,157.31,STATIC
46.6,1394,112.72,STATIC,123.66,STATIC,77.64,STATIC,26.50,STATIC,103.58,STATIC,113.18,STATIC,113.16,STATIC,157.37,STATIC
46.63333333333333,1395,112.68,STATIC,123.56,STATIC,77.64,STATIC,26.49,STATIC,103.55,STATIC,113.20,STATIC,113.13,STATIC,157.64,STATIC
46.66666666666667,1396,112.32,STATIC,123.68,STATIC,77.60,STATIC,26.57,STATIC,103.67,STATIC,113.15,STATIC,112.75,STATIC,157.33,STATIC
46.7,1397,112.51,STATIC,123.65,STATIC,77.51,STATIC,26.46,STATIC,103.73,STATIC,113.19,STATIC,112.29,STATIC,156.92,STATIC
46.733333333333334,1398,112.26,STATIC,123.64,STATIC,77.47,STATIC,26.38,STATIC,103.74,STATIC,113.16,STATIC,111.75,STATIC,156.65,STATIC
46.76666666666667,1399,112.14,STATIC,123.58,STATIC,77.42,STATIC,26.34,STATIC,103.80,STATIC,113.13,STATIC,111.35,STATIC,156.26,STATIC
46.800000000000004,1400,111.56,STATIC,123.34,STATIC,77.43,STATIC,26.33,STATIC,103.88,STATIC,113.11,STATIC,111.29,STATIC,155.97,STATIC
46.833333333333336,1401,111.65,STATIC,122.70,STATIC,77.48,STATIC,26.25,STATIC,103.77,STATIC,112.96,STATIC,111.26,STATIC,155.88,STATIC
46.86666666666667,1402,110.96,STATIC,122.44,STATIC,77.57,STATIC,26.23,STATIC,103.64,STATIC,112.80,STATIC,111.04,STATIC,156.04,STATIC
46.900000000000006,1403,110.42,STATIC,121.97,STATIC,77.72,STATIC,26.24,STATIC,103.60,STATIC,112.76,STATIC,111.16,STATIC,156.49,STATIC
46.93333333333334,1404,110.28,STATIC,121.51,STATIC,77.79,STATIC,26.18,STATIC,103.61,STATIC,112.57,STATIC,111.34,STATIC,156.29,STATIC
46.96666666666667,1405,110.53,STATIC,121.12,STATIC,77.90,STATIC,26.09,STATIC,103.42,STATIC,112.57,STATIC,111.82,STATIC,156.75,STATIC
47.0,1406,110.75,STATIC,120.81,STATIC,77.98,STATIC,25.99,STATIC,103.24,STATIC,112.46,STATIC,111.76,STATIC,157.29,STATIC
47.03333333333334,1407,110.81,STATIC,120.64,STATIC,78.06,STATIC,25.93,STATIC,103.02,STATIC,112.46,STATIC,112.12,STATIC,158.10,STATIC
47.06666666666667,1408,111.92,STATIC,120.32,STATIC,78.15,STATIC,25.80,STATIC,102.79,STATIC,112.33,STATIC,112.14,STATIC,158.26,STATIC
47.1,1409,114.99,STATIC,120.21,STATIC,78.18,STATIC,25.67,STATIC,102.79,STATIC,112.50,STATIC,113.33,STATIC,158.58,STATIC
47.13333333333333,1410,114.07,STATIC,119.99,STATIC,78.14,STATIC,25.53,STATIC,102.90,STATIC,112.46,STATIC,113.15,STATIC,158.94,STATIC
47.16666666666667,1411,113.42,STATIC,119.79,STATIC,78.04,STATIC,25.36,STATIC,102.91,STATIC,112.43,STATIC,112.88,STATIC,158.43,STATIC
47.2,1412,114.04,STATIC,119.89,STATIC,77.92,STATIC,25.22,STATIC,103.06,STATIC,112.55,STATIC,112.68,STATIC,157.98,STATIC
47.233333333333334,1413,113.86,STATIC,119.65,STATIC,77.91,STATIC,25.07,STATIC,103.10,STATIC,112.61,STATIC,112.56,STATIC,158.11,STATIC
47.26666666666667,1414,114.15,STATIC,119.64,STATIC,77.85,STATIC,24.96,STATIC,103.22,STATIC,112.76,STATIC,112.72,STATIC,158.04,STATIC
47.300000000000004,1415,114.29,STATIC,119.52,STATIC,77.76,STATIC,24.79,STATIC,103.30,STATIC,112.94,STATIC,112.78,STATIC,157.96,STATIC
47.333333333333336,1416,114.62,STATIC,119.61,STATIC,77.76,STATIC,24.81,STATIC,103.34,STATIC,112.92,STATIC,112.56,STATIC,157.75,STATIC
47.36666666666667,1417,114.36,STATIC,119.80,STATIC,77.75,STATIC,24.89,STATIC,103.36,STATIC,112.79,STATIC,112.30,STATIC,157.51,STATIC
47.400000000000006,1418,116.48,STATIC,120.38,STATIC,77.67,STATIC,24.99,STATIC,103.54,STATIC,112.99,STATIC,112.29,STATIC,157.29,STATIC
47.43333333333334,1419,116.14,STATIC,120.83,STATIC,77.57,STATIC,25.09,STATIC,103.65,STATIC,113.14,STATIC,112.39,STATIC,156.90,STATIC
47.46666666666667,1420,115.33,STATIC,121.39,STATIC,77.48,STATIC,25.26,STATIC,103.74,STATIC,113.25,STATIC,112.15,STATIC,156.70,STATIC
47.5,1421,115.43,STATIC,122.12,STATIC,77.46,STATIC,25.42,STATIC,103.80,STATIC,113.22,STATIC,111.75,STATIC,156.05,STATIC
47.53333333333334,1422,114.98,STATIC,122.54,STATIC,77.40,STATIC,25.55,STATIC,103.87,STATIC,113.22,STATIC,111.35,STATIC,155.27,STATIC
47.56666666666667,1423,114.53,STATIC,123.13,STATIC,77.42,STATIC,25.85,STATIC,103.84,STATIC,113.18,STATIC,110.93,STATIC,154.64,STATIC
47.6,1424,115.61,STATIC,123.26,STATIC,77.33,STATIC,25.92,STATIC,103.94,STATIC,113.34,STATIC,110.82,STATIC,154.17,STATIC
47.63333333333333,1425,114.19,STATIC,123.13,STATIC,77.32,STATIC,25.93,STATIC,103.92,STATIC,113.38,STATIC,111.12,STATIC,154.46,STATIC
47.66666666666667,1426,115.04,STATIC,123.21,STATIC,77.25,STATIC,25.97,STATIC,103.92,STATIC,113.43,STATIC,111.04,STATIC,154.47,STATIC
47.7,1427,113.77,STATIC,123.00,STATIC,77.28,STATIC,25.94,STATIC,103.91,STATIC,113.33,STATIC,110.94,STATIC,154.58,STATIC
47.733333333333334,1428,113.62,STATIC,122.49,STATIC,77.31,STATIC,25.83,STATIC,103.88,STATIC,113.32,STATIC,110.67,STATIC,154.42,STATIC
47.76666666666667,1429,112.70,STATIC,122.09,STATIC,77.37,STATIC,25.75,STATIC,103.90,STATIC,113.23,STATIC,110.43,STATIC,154.41,STATIC
47.800000000000004,1430,114.05,STATIC,121.80,STATIC,77.34,STATIC,25.60,STATIC,103.93,STATIC,113.22,STATIC,110.44,STATIC,154.13,STATIC
47.833333333333336,1431,114.26,STATIC,121.49,STATIC,77.32,STATIC,25.39,STATIC,103.95,STATIC,113.31,STATIC,110.48,STATIC,154.24,STATIC
47.86666666666667,1432,114.62,STATIC,121.07,STATIC,77.33,STATIC,25.14,STATIC,104.01,STATIC,113.45,STATIC,110.73,STATIC,154.73,STATIC
47.900000000000006,1433,114.10,STATIC,120.80,STATIC,77.41,STATIC,25.09,STATIC,103.94,STATIC,113.28,STATIC,110.51,STATIC,154.92,STATIC
47.93333333333334,1434,115.19,STATIC,120.91,STATIC,77.40,STATIC,25.05,STATIC,103.99,STATIC,113.34,STATIC,110.67,STATIC,155.15,STATIC
47.96666666666667,1435,115.04,STATIC,120.96,STATIC,77.43,STATIC,25.01,STATIC,103.93,STATIC,113.30,STATIC,110.66,STATIC,155.08,STATIC
48.0,1436,114.72,STATIC,121.08,STATIC,77.47,STATIC,25.10,STATIC,103.87,STATIC,113.22,STATIC,110.58,STATIC,154.89,STATIC
48.03333333333334,1437,114.48,STATIC,120.97,STATIC,77.45,STATIC,25.04,STATIC,103.82,STATIC,113.17,STATIC,110.46,STATIC,154.62,STATIC
48.06666666666667,1438,114.70,STATIC,121.01,STATIC,77.49,STATIC,25.08,STATIC,103.76,STATIC,113.00,STATIC,110.42,STATIC,154.45,STATIC
48.1,1439,114.20,STATIC,121.24,STATIC,77.47,STATIC,25.20,STATIC,103.77,STATIC,112.96,STATIC,110.37,STATIC,154.32,STATIC
48.13333333333334,1440,115.40,STATIC,121.44,STATIC,77.35,STATIC,25.22,STATIC,103.93,STATIC,113.08,STATIC,110.40,STATIC,154.08,STATIC
48.16666666666667,1441,114.76,STATIC,121.48,STATIC,77.27,STATIC,25.20,STATIC,104.01,STATIC,113.04,STATIC,110.12,STATIC,153.79,STATIC
48.2,1442,114.09,STATIC,121.30,STATIC,77.30,STATIC,25.18,STATIC,103.95,STATIC,112.80,STATIC,109.80,STATIC,153.49,STATIC
48.233333333333334,1443,113.61,STATIC,121.12,STATIC,77.36,STATIC,25.22,STATIC,103.86,STATIC,112.63,STATIC,109.81,STATIC,153.24,STATIC
48.26666666666667,1444,112.97,STATIC,121.06,STATIC,77.32,STATIC,25.20,STATIC,103.87,STATIC,112.58,STATIC,109.57,STATIC,152.79,STATIC
48.300000000000004,1445,112.85,STATIC,121.15,STATIC,77.28,STATIC,25.23,STATIC,103.89,STATIC,112.51,STATIC,109.35,STATIC,152.30,STATIC
48.333333333333336,1446,112.55,STATIC,121.13,STATIC,77.19,STATIC,25.20,STATIC,103.96,STATIC,112.47,STATIC,109.07,STATIC,151.78,STATIC
48.36666666666667,1447,113.22,STATIC,121.19,STATIC,77.10,STATIC,25.23,STATIC,104.07,STATIC,112.42,STATIC,108.82,STATIC,151.13,STATIC
48.400000000000006,1448,114.41,STATIC,121.13,STATIC,77.01,STATIC,25.21,STATIC,104.20,STATIC,112.38,STATIC,108.70,STATIC,150.58,STATIC
48.43333333333334,1449,113.16,STATIC,121.24,STATIC,77.04,STATIC,25.33,STATIC,104.12,STATIC,112.13,STATIC,108.19,STATIC,149.65,STATIC
48.46666666666667,1450,111.96,STATIC,121.51,STATIC,76.99,STATIC,25.38,STATIC,104.15,STATIC,112.09,STATIC,107.99,STATIC,149.26,STATIC
48.5,1451,111.44,STATIC,121.39,STATIC,76.94,STATIC,25.29,STATIC,104.18,STATIC,112.05,STATIC,107.82,STATIC,148.96,STATIC
48.53333333333334,1452,111.48,STATIC,121.63,STATIC,76.88,STATIC,25.36,STATIC,104.23,STATIC,111.97,STATIC,107.79,STATIC,148.72,STATIC
48.56666666666667,1453,111.71,STATIC,121.73,STATIC,76.86,STATIC,25.34,STATIC,104.25,STATIC,112.02,STATIC,107.87,STATIC,148.89,STATIC
48.6,1454,110.42,STATIC,121.48,STATIC,76.86,STATIC,25.21,STATIC,104.25,STATIC,111.96,STATIC,107.79,STATIC,149.22,STATIC
48.63333333333334,1455,109.63,STATIC,121.16,STATIC,76.87,STATIC,25.07,STATIC,104.26,STATIC,112.00,STATIC,107.64,STATIC,149.18,STATIC
48.66666666666667,1456,109.90,STATIC,120.88,STATIC,76.86,STATIC,24.94,STATIC,104.26,STATIC,112.00,STATIC,107.62,STATIC,149.46,STATIC
48.7,1457,109.96,STATIC,120.67,STATIC,76.92,STATIC,24.87,STATIC,104.18,STATIC,111.93,STATIC,107.50,STATIC,149.49,STATIC
48.733333333333334,1458,109.56,STATIC,120.80,STATIC,76.95,STATIC,24.89,STATIC,104.14,STATIC,111.89,STATIC,107.45,STATIC,149.42,STATIC
48.76666666666667,1459,109.87,STATIC,120.72,STATIC,76.97,STATIC,24.86,STATIC,104.12,STATIC,111.89,STATIC,107.42,STATIC,149.40,STATIC
48.800000000000004,1460,109.85,STATIC,120.86,STATIC,77.08,STATIC,24.97,STATIC,104.02,STATIC,111.76,STATIC,107.39,STATIC,149.52,STATIC
48.833333333333336,1461,109.40,STATIC,120.95,STATIC,77.16,STATIC,25.02,STATIC,103.91,STATIC,111.73,STATIC,107.39,STATIC,149.91,STATIC
48.86666666666667,1462,109.17,STATIC,120.89,STATIC,77.17,STATIC,24.93,STATIC,103.90,STATIC,111.76,STATIC,107.40,STATIC,150.19,STATIC
48.900000000000006,1463,109.93,STATIC,121.22,STATIC,77.08,STATIC,24.86,STATIC,104.01,STATIC,111.94,STATIC,107.56,STATIC,150.08,STATIC
48.93333333333334,1464,110.35,STATIC,121.44,STATIC,76.98,STATIC,24.85,STATIC,104.15,STATIC,112.22,STATIC,107.91,STATIC,150.50,STATIC
48.96666666666667,1465,110.10,STATIC,121.44,STATIC,77.03,STATIC,24.85,STATIC,104.12,STATIC,112.36,STATIC,108.28,STATIC,151.03,STATIC
49.0,1466,109.45,STATIC,121.56,STATIC,77.02,STATIC,24.89,STATIC,104.15,STATIC,112.39,STATIC,108.33,STATIC,151.02,STATIC
49.03333333333334,1467,109.69,STATIC,121.73,STATIC,76.96,STATIC,24.89,STATIC,104.26,STATIC,112.66,STATIC,108.62,STATIC,151.26,STATIC
49.06666666666667,1468,109.73,STATIC,122.23,STATIC,76.90,STATIC,24.95,STATIC,104.24,STATIC,112.73,STATIC,108.95,STATIC,151.50,STATIC
49.1,1469,108.78,STATIC,122.49,STATIC,76.85,STATIC,24.94,STATIC,104.27,STATIC,112.72,STATIC,108.82,STATIC,151.56,STATIC
49.13333333333334,1470,108.67,STATIC,122.64,STATIC,76.86,STATIC,24.98,STATIC,104.24,STATIC,112.76,STATIC,108.61,STATIC,151.30,STATIC
49.16666666666667,1471,108.15,STATIC,122.88,STATIC,76.96,STATIC,25.19,STATIC,104.14,STATIC,112.71,STATIC,108.29,STATIC,151.37,STATIC
49.2,1472,108.19,STATIC,123.16,STATIC,77.04,STATIC,25.37,STATIC,104.09,STATIC,112.64,STATIC,108.10,STATIC,151.31,STATIC
49.233333333333334,1473,107.92,STATIC,123.02,STATIC,77.11,STATIC,25.35,STATIC,104.02,STATIC,112.55,STATIC,108.11,STATIC,151.49,STATIC
49.26666666666667,1474,108.10,STATIC,122.98,STATIC,77.09,STATIC,25.29,STATIC,104.00,STATIC,112.43,STATIC,108.00,STATIC,151.10,STATIC
49.300000000000004,1475,108.16,STATIC,122.78,STATIC,77.05,STATIC,25.13,STATIC,104.04,STATIC,112.49,STATIC,108.01,STATIC,151.13,STATIC
49.333333333333336,1476,107.94,STATIC,122.67,STATIC,77.11,STATIC,25.12,STATIC,103.94,STATIC,112.39,STATIC,107.88,STATIC,151.20,STATIC
49.36666666666667,1477,109.19,STATIC,122.91,STATIC,77.06,STATIC,25.19,STATIC,104.09,STATIC,112.47,STATIC,107.74,STATIC,150.62,STATIC
49.400000000000006,1478,108.62,STATIC,122.55,STATIC,77.12,STATIC,25.16,STATIC,104.01,STATIC,112.35,STATIC,107.69,STATIC,150.59,STATIC
49.43333333333334,1479,108.65,STATIC,122.55,STATIC,77.16,STATIC,25.14,STATIC,103.98,STATIC,112.39,STATIC,107.72,STATIC,150.86,STATIC
49.46666666666667,1480,109.06,STATIC,122.18,STATIC,77.19,STATIC,25.04,STATIC,103.94,STATIC,112.40,STATIC,107.82,STATIC,151.16,STATIC
49.5,1481,108.50,STATIC,122.03,STATIC,77.27,STATIC,25.17,STATIC,103.86,STATIC,112.29,STATIC,107.69,STATIC,151.45,STATIC
49.53333333333334,1482,108.76,STATIC,121.82,STATIC,77.24,STATIC,25.02,STATIC,103.88,STATIC,112.42,STATIC,107.84,STATIC,151.49,STATIC
49.56666666666667,1483,108.73,STATIC,121.71,STATIC,77.26,STATIC,24.95,STATIC,103.84,STATIC,112.46,STATIC,107.99,STATIC,151.84,STATIC
49.6,1484,109.92,STATIC,121.58,STATIC,77.17,STATIC,24.76,STATIC,103.92,STATIC,112.74,STATIC,108.58,STATIC,152.53,STATIC
49.63333333333334,1485,109.73,STATIC,121.41,STATIC,77.11,STATIC,24.56,STATIC,103.99,STATIC,112.80,STATIC,108.68,STATIC,152.40,STATIC
49.66666666666667,1486,109.25,STATIC,121.50,STATIC,77.14,STATIC,24.63,STATIC,103.93,STATIC,112.75,STATIC,108.69,STATIC,152.72,STATIC
49.7,1487,109.33,STATIC,121.40,STATIC,77.17,STATIC,24.58,STATIC,103.87,STATIC,112.72,STATIC,108.80,STATIC,153.04,STATIC
49.733333333333334,1488,109.69,STATIC,121.44,STATIC,77.16,STATIC,24.58,STATIC,103.93,STATIC,112.72,STATIC,109.02,STATIC,153.46,STATIC
49.76666666666667,1489,110.52,STATIC,121.69,STATIC,77.10,STATIC,24.59,STATIC,104.03,STATIC,112.85,STATIC,109.11,STATIC,153.48,STATIC
49.800000000000004,1490,110.39,STATIC,121.72,STATIC,77.03,STATIC,24.49,STATIC,104.16,STATIC,112.96,STATIC,109.32,STATIC,153.72,STATIC
49.833333333333336,1491,111.35,STATIC,121.92,STATIC,76.93,STATIC,24.44,STATIC,104.27,STATIC,113.06,STATIC,109.39,STATIC,153.13,STATIC
49.86666666666667,1492,111.38,STATIC,121.91,STATIC,76.88,STATIC,24.45,STATIC,104.33,STATIC,113.13,STATIC,109.60,STATIC,153.28,STATIC
49.900000000000006,1493,110.21,STATIC,121.89,STATIC,76.90,STATIC,24.46,STATIC,104.27,STATIC,113.18,STATIC,109.77,STATIC,153.91,STATIC
49.93333333333334,1494,109.72,STATIC,121.56,STATIC,76.96,STATIC,24.43,STATIC,104.19,STATIC,113.19,STATIC,109.94,STATIC,154.38,STATIC
49.96666666666667,1495,109.10,STATIC,121.31,STATIC,77.08,STATIC,24.48,STATIC,104.02,STATIC,113.09,STATIC,110.11,STATIC,155.01,STATIC
50.0,1496,110.87,STATIC,121.45,STATIC,77.01,STATIC,24.39,STATIC,104.16,STATIC,113.38,STATIC,110.48,STATIC,155.14,STATIC
50.03333333333334,1497,111.22,STATIC,121.48,STATIC,76.97,STATIC,24.36,STATIC,104.20,STATIC,113.49,STATIC,110.62,STATIC,155.32,STATIC
50.06666666666667,1498,109.11,STATIC,121.51,STATIC,77.11,STATIC,24.59,STATIC,104.03,STATIC,113.21,STATIC,110.24,STATIC,155.44,STATIC
50.1,1499,108.62,STATIC,121.49,STATIC,77.23,STATIC,24.82,STATIC,103.92,STATIC,113.03,STATIC,109.93,STATIC,155.25,STATIC
50.13333333333334,1500,108.62,STATIC,121.50,STATIC,77.33,STATIC,25.01,STATIC,103.83,STATIC,113.02,STATIC,109.95,STATIC,155.28,STATIC
50.16666666666667,1501,109.19,STATIC,121.64,STATIC,77.35,STATIC,25.06,STATIC,103.86,STATIC,113.04,STATIC,110.01,STATIC,155.34,STATIC
50.2,1502,109.11,STATIC,121.78,STATIC,77.40,STATIC,25.18,STATIC,103.78,STATIC,113.02,STATIC,110.10,STATIC,155.74,STATIC
50.233333333333334,1503,108.57,STATIC,121.88,STATIC,77.47,STATIC,25.32,STATIC,103.73,STATIC,112.91,STATIC,110.07,STATIC,155.68,STATIC
50.26666666666667,1504,109.03,STATIC,122.07,STATIC,77.50,STATIC,25.46,STATIC,103.75,STATIC,112.88,STATIC,110.13,STATIC,155.37,STATIC
50.300000000000004,1505,108.82,STATIC,122.30,STATIC,77.49,STATIC,25.48,STATIC,103.76,STATIC,112.91,STATIC,110.22,STATIC,155.44,STATIC
50.333333333333336,1506,107.73,STATIC,121.98,STATIC,77.59,STATIC,25.42,STATIC,103.62,STATIC,112.63,STATIC,110.27,STATIC,155.75,STATIC
50.36666666666667,1507,108.06,STATIC,121.81,STATIC,77.68,STATIC,25.31,STATIC,103.50,STATIC,112.51,STATIC,110.26,STATIC,155.98,STATIC
50.400000000000006,1508,108.27,STATIC,121.87,STATIC,77.76,STATIC,25.34,STATIC,103.40,STATIC,112.41,STATIC,110.29,STATIC,156.18,STATIC
50.43333333333334,1509,108.79,STATIC,121.52,STATIC,77.79,STATIC,25.15,STATIC,103.34,STATIC,112.63,STATIC,110.72,STATIC,156.90,STATIC
50.46666666666667,1510,108.82,STATIC,121.12,STATIC,77.87,STATIC,24.99,STATIC,103.22,STATIC,112.41,STATIC,110.66,STATIC,157.31,STATIC
50.5,1511,109.01,STATIC,120.72,STATIC,77.94,STATIC,24.86,STATIC,103.11,STATIC,112.19,STATIC,110.49,STATIC,157.24,STATIC
50.53333333333334,1512,108.93,STATIC,120.30,STATIC,78.02,STATIC,24.79,STATIC,103.02,STATIC,112.01,STATIC,110.26,STATIC,157.11,STATIC
50.56666666666667,1513,108.67,STATIC,120.07,STATIC,78.13,STATIC,24.85,STATIC,102.89,STATIC,111.79,STATIC,110.08,STATIC,157.14,STATIC
50.6,1514,109.01,STATIC,119.87,STATIC,78.07,STATIC,24.81,STATIC,102.96,STATIC,111.88,STATIC,110.05,STATIC,157.04,STATIC
50.63333333333334,1515,109.04,STATIC,119.82,STATIC,78.04,STATIC,24.78,STATIC,102.98,STATIC,111.93,STATIC,110.02,STATIC,156.78,STATIC
50.66666666666667,1516,109.01,STATIC,119.84,STATIC,78.15,STATIC,24.94,STATIC,102.81,STATIC,111.78,STATIC,110.08,STATIC,157.07,STATIC
50.7,1517,109.04,STATIC,119.67,STATIC,78.27,STATIC,25.00,STATIC,102.68,STATIC,111.59,STATIC,110.11,STATIC,157.13,STATIC
50.733333333333334,1518,109.66,STATIC,119.73,STATIC,78.28,STATIC,25.02,STATIC,102.69,STATIC,111.68,STATIC,110.43,STATIC,157.17,STATIC
50.76666666666667,1519,109.83,STATIC,119.52,STATIC,78.24,STATIC,24.99,STATIC,102.74,STATIC,111.69,STATIC,110.32,STATIC,156.80,STATIC
50.800000000000004,1520,110.00,STATIC,119.31,STATIC,78.22,STATIC,24.95,STATIC,102.75,STATIC,111.68,STATIC,110.30,STATIC,156.62,STATIC
50.833333333333336,1521,109.83,STATIC,119.08,STATIC,78.22,STATIC,24.90,STATIC,102.74,STATIC,111.67,STATIC,110.40,STATIC,156.83,STATIC
50.86666666666667,1522,110.09,STATIC,119.02,STATIC,78.14,STATIC,24.82,STATIC,102.84,STATIC,111.80,STATIC,110.57,STATIC,156.66,STATIC
50.900000000000006,1523,110.13,STATIC,119.11,STATIC,78.12,STATIC,24.87,STATIC,102.85,STATIC,111.82,STATIC,110.66,STATIC,156.49,STATIC
50.93333333333334,1524,109.81,STATIC,119.47,STATIC,78.16,STATIC,25.12,STATIC,102.80,STATIC,111.79,STATIC,110.59,STATIC,156.40,STATIC
50.96666666666667,1525,109.45,STATIC,119.65,STATIC,78.20,STATIC,25.31,STATIC,102.74,STATIC,111.77,STATIC,110.79,STATIC,156.33,STATIC
51.0,1526,109.64,STATIC,120.24,STATIC,78.19,STATIC,25.56,STATIC,102.80,STATIC,111.69,STATIC,110.78,STATIC,156.12,STATIC
51.03333333333334,1527,108.73,STATIC,120.55,STATIC,78.15,STATIC,25.69,STATIC,102.83,STATIC,111.62,STATIC,110.54,STATIC,156.20,STATIC
51.06666666666667,1528,108.37,STATIC,120.78,STATIC,78.08,STATIC,25.65,STATIC,103.00,STATIC,111.71,STATIC,110.15,STATIC,155.67,STATIC
51.1,1529,107.50,STATIC,120.93,STATIC,78.12,STATIC,25.83,STATIC,102.94,STATIC,111.60,STATIC,109.70,STATIC,155.24,STATIC
51.13333333333334,1530,106.66,STATIC,120.93,STATIC,78.23,STATIC,26.02,STATIC,102.84,STATIC,111.51,STATIC,109.28,STATIC,155.14,STATIC
51.16666666666667,1531,106.54,STATIC,120.95,STATIC,78.32,STATIC,26.19,STATIC,102.75,STATIC,111.47,STATIC,108.99,STATIC,155.00,STATIC
51.2,1532,106.41,STATIC,121.24,STATIC,78.35,STATIC,26.34,STATIC,102.74,STATIC,111.51,STATIC,108.92,STATIC,155.27,STATIC
51.233333333333334,1533,106.20,STATIC,121.48,STATIC,78.38,STATIC,26.53,STATIC,102.70,STATIC,111.44,STATIC,108.72,STATIC,155.20,STATIC
51.26666666666667,1534,105.81,STATIC,121.86,STATIC,78.38,STATIC,26.79,STATIC,102.88,STATIC,111.40,STATIC,108.55,STATIC,154.57,STATIC
51.300000000000004,1535,105.93,STATIC,122.16,STATIC,78.46,STATIC,27.01,STATIC,102.83,STATIC,111.36,STATIC,108.38,STATIC,154.34,STATIC
51.333333333333336,1536,106.37,STATIC,122.13,STATIC,78.43,STATIC,26.92,STATIC,102.82,STATIC,111.41,STATIC,108.27,STATIC,154.45,STATIC
51.36666666666667,1537,106.87,STATIC,122.03,STATIC,78.39,STATIC,26.83,STATIC,102.82,STATIC,111.47,STATIC,108.25,STATIC,154.54,STATIC
51.400000000000006,1538,107.63,STATIC,122.02,STATIC,78.37,STATIC,26.75,STATIC,102.83,STATIC,111.59,STATIC,108.21,STATIC,154.44,STATIC
51.43333333333334,1539,107.89,STATIC,122.18,STATIC,78.38,STATIC,26.88,STATIC,102.83,STATIC,111.54,STATIC,108.13,STATIC,154.54,STATIC
51.46666666666667,1540,107.84,STATIC,122.23,STATIC,78.36,STATIC,26.89,STATIC,102.87,STATIC,111.51,STATIC,108.10,STATIC,154.70,STATIC
51.5,1541,107.55,STATIC,122.74,STATIC,78.42,STATIC,27.23,STATIC,102.88,STATIC,111.34,STATIC,107.74,STATIC,154.14,STATIC
51.53333333333334,1542,107.70,STATIC,122.90,STATIC,78.31,STATIC,27.24,STATIC,103.00,STATIC,111.46,STATIC,107.66,STATIC,153.78,STATIC
51.56666666666667,1543,107.96,STATIC,123.63,STATIC,78.22,STATIC,27.52,STATIC,103.11,STATIC,111.63,STATIC,107.52,STATIC,153.58,STATIC
51.6,1544,108.31,STATIC,123.98,STATIC,78.10,STATIC,27.60,STATIC,103.25,STATIC,111.84,STATIC,107.84,STATIC,153.81,STATIC
51.63333333333334,1545,108.62,STATIC,124.46,STATIC,78.04,STATIC,27.77,STATIC,103.36,STATIC,112.05,STATIC,107.87,STATIC,153.54,STATIC
51.66666666666667,1546,108.03,STATIC,124.96,STATIC,78.00,STATIC,28.07,STATIC,103.45,STATIC,112.11,STATIC,107.94,STATIC,153.72,STATIC
51.7,1547,109.61,STATIC,125.43,STATIC,77.90,STATIC,28.24,STATIC,103.60,STATIC,112.28,STATIC,108.32,STATIC,153.18,STATIC
51.733333333333334,1548,109.56,STATIC,125.99,STATIC,77.78,STATIC,28.53,STATIC,103.74,STATIC,112.44,STATIC,108.50,STATIC,153.27,STATIC
51.76666666666667,1549,108.68,STATIC,126.33,STATIC,77.68,STATIC,28.74,STATIC,103.86,STATIC,112.51,STATIC,108.53,STATIC,153.15,STATIC
51.800000000000004,1550,108.73,STATIC,126.60,STATIC,77.67,STATIC,28.92,STATIC,103.91,STATIC,112.54,STATIC,108.34,STATIC,152.72,STATIC
51.833333333333336,1551,108.43,STATIC,126.71,STATIC,77.72,STATIC,29.12,STATIC,103.84,STATIC,112.53,STATIC,108.17,STATIC,152.67,STATIC
51.86666666666667,1552,107.00,STATIC,126.41,STATIC,77.80,STATIC,29.19,STATIC,103.77,STATIC,112.39,STATIC,108.23,STATIC,153.28,STATIC
51.900000000000006,1553,105.46,STATIC,126.08,STATIC,77.89,STATIC,29.29,STATIC,103.68,STATIC,112.19,STATIC,108.23,STATIC,153.51,STATIC
51.93333333333334,1554,105.32,STATIC,125.87,STATIC,77.93,STATIC,29.35,STATIC,103.67,STATIC,112.20,STATIC,108.39,STATIC,153.95,STATIC
51.96666666666667,1555,105.44,STATIC,125.91,STATIC,78.03,STATIC,29.46,STATIC,103.48,STATIC,112.03,STATIC,108.32,STATIC,154.18,STATIC
52.0,1556,106.83,STATIC,126.11,STATIC,78.14,STATIC,29.59,STATIC,103.41,STATIC,111.81,STATIC,108.37,STATIC,153.74,STATIC
52.03333333333334,1557,107.49,STATIC,126.34,STATIC,78.15,STATIC,29.69,STATIC,103.39,STATIC,111.84,STATIC,108.83,STATIC,154.23,STATIC
52.06666666666667,1558,106.43,STATIC,126.12,STATIC,78.20,STATIC,29.53,STATIC,103.29,STATIC,111.78,STATIC,108.93,STATIC,154.57,STATIC
52.1,1559,105.89,STATIC,126.33,STATIC,78.23,STATIC,29.59,STATIC,103.25,STATIC,111.83,STATIC,109.08,STATIC,155.09,STATIC
52.13333333333334,1560,105.46,STATIC,126.33,STATIC,78.24,STATIC,29.62,STATIC,103.21,STATIC,111.89,STATIC,109.21,STATIC,155.73,STATIC
52.16666666666667,1561,104.48,STATIC,126.28,STATIC,78.27,STATIC,29.57,STATIC,103.12,STATIC,111.82,STATIC,109.30,STATIC,156.15,STATIC
52.2,1562,105.77,STATIC,126.71,STATIC,78.11,STATIC,29.76,STATIC,103.32,STATIC,112.04,STATIC,109.80,STATIC,156.20,STATIC
52.233333333333334,1563,105.63,STATIC,126.57,STATIC,78.03,STATIC,29.61,STATIC,103.37,STATIC,112.14,STATIC,109.87,STATIC,156.54,STATIC
52.26666666666667,1564,103.79,STATIC,126.29,STATIC,78.10,STATIC,29.56,STATIC,103.27,STATIC,112.08,STATIC,110.14,STATIC,157.09,STATIC
52.300000000000004,1565,103.40,STATIC,126.10,STATIC,78.14,STATIC,29.47,STATIC,103.18,STATIC,112.23,STATIC,110.83,STATIC,157.66,STATIC
52.333333333333336,1566,103.01,STATIC,125.91,STATIC,78.11,STATIC,29.33,STATIC,103.11,STATIC,112.32,STATIC,111.25,STATIC,158.24,STATIC
52.36666666666667,1567,102.34,STATIC,125.61,STATIC,78.15,STATIC,29.11,STATIC,103.01,STATIC,112.33,STATIC,111.88,STATIC,159.33,STATIC
52.400000000000006,1568,102.27,STATIC,125.45,STATIC,78.16,STATIC,28.98,STATIC,102.98,STATIC,112.39,STATIC,112.04,STATIC,159.81,STATIC
52.43333333333334,1569,102.01,STATIC,125.34,STATIC,78.16,STATIC,28.99,STATIC,102.93,STATIC,112.44,STATIC,112.40,STATIC,160.29,STATIC
52.46666666666667,1570,101.97,STATIC,125.18,STATIC,78.15,STATIC,28.83,STATIC,102.91,STATIC,112.51,STATIC,112.47,STATIC,160.55,STATIC
52.5,1571,101.81,STATIC,125.25,STATIC,78.16,STATIC,28.92,STATIC,102.90,STATIC,112.44,STATIC,112.34,STATIC,160.46,STATIC
52.53333333333334,1572,101.68,STATIC,125.62,STATIC,78.15,STATIC,29.03,STATIC,102.94,STATIC,112.52,STATIC,112.15,STATIC,160.19,STATIC
52.56666666666667,1573,102.13,STATIC,126.05,STATIC,78.07,STATIC,29.10,STATIC,103.10,STATIC,112.70,STATIC,112.19,STATIC,160.01,STATIC
52.6,1574,102.37,STATIC,126.13,STATIC,78.00,STATIC,29.02,STATIC,103.20,STATIC,112.80,STATIC,112.33,STATIC,159.99,STATIC
52.63333333333334,1575,104.21,STATIC,127.11,STATIC,78.00,STATIC,29.43,STATIC,103.33,STATIC,113.12,STATIC,112.92,STATIC,160.12,STATIC
52.66666666666667,1576,104.95,STATIC,127.65,STATIC,77.96,STATIC,29.36,STATIC,103.37,STATIC,113.22,STATIC,112.68,STATIC,160.31,STATIC
52.7,1577,104.36,STATIC,127.59,STATIC,77.97,STATIC,29.35,STATIC,103.36,STATIC,113.30,STATIC,113.06,STATIC,160.66,STATIC
52.733333333333334,1578,104.01,STATIC,127.51,STATIC,77.87,STATIC,29.21,STATIC,103.49,STATIC,113.55,STATIC,113.63,STATIC,160.97,STATIC
52.76666666666667,1579,104.48,STATIC,127.76,STATIC,77.81,STATIC,29.26,STATIC,103.58,STATIC,113.72,STATIC,114.17,STATIC,161.06,STATIC
52.800000000000004,1580,106.43,STATIC,128.50,STATIC,77.66,STATIC,29.42,STATIC,103.84,STATIC,114.16,STATIC,114.63,STATIC,161.01,STATIC
52.833333333333336,1581,105.33,STATIC,128.57,STATIC,77.60,STATIC,29.51,STATIC,103.97,STATIC,114.24,STATIC,114.93,STATIC,160.99,STATIC
52.86666666666667,1582,104.10,STATIC,127.92,STATIC,77.64,STATIC,29.56,STATIC,103.92,STATIC,114.19,STATIC,114.55,STATIC,160.83,STATIC
52.900000000000006,1583,104.04,STATIC,127.70,STATIC,77.71,STATIC,29.88,STATIC,103.91,STATIC,114.15,STATIC,114.37,STATIC,160.41,STATIC
52.93333333333334,1584,103.79,STATIC,127.76,STATIC,77.76,STATIC,30.08,STATIC,103.86,STATIC,114.08,STATIC,114.18,STATIC,160.20,STATIC
52.96666666666667,1585,106.95,STATIC,128.08,STATIC,77.72,STATIC,30.33,STATIC,104.05,STATIC,114.22,STATIC,114.45,STATIC,159.93,STATIC
53.0,1586,106.18,STATIC,128.42,STATIC,77.51,STATIC,30.48,STATIC,104.30,STATIC,114.39,STATIC,114.34,STATIC,159.48,STATIC
53.03333333333334,1587,107.24,STATIC,128.69,STATIC,77.39,STATIC,30.63,STATIC,104.54,STATIC,114.68,STATIC,114.69,STATIC,159.67,STATIC
53.06666666666667,1588,105.51,STATIC,128.93,STATIC,77.18,STATIC,30.42,STATIC,104.75,STATIC,114.81,STATIC,114.59,STATIC,159.72,STATIC
53.1,1589,105.73,STATIC,129.44,STATIC,76.97,STATIC,30.49,STATIC,104.95,STATIC,114.96,STATIC,114.36,STATIC,159.01,STATIC
53.13333333333334,1590,105.74,STATIC,129.29,STATIC,76.80,STATIC,30.34,STATIC,105.19,STATIC,115.15,STATIC,114.37,STATIC,159.31,STATIC
53.16666666666667,1591,107.68,STATIC,129.46,STATIC,76.79,STATIC,30.33,STATIC,105.27,STATIC,115.41,STATIC,114.82,STATIC,159.22,STATIC
53.2,1592,109.28,STATIC,129.97,STATIC,76.87,STATIC,30.44,STATIC,105.39,STATIC,115.69,STATIC,115.04,STATIC,159.69,STATIC
53.233333333333334,1593,109.30,STATIC,131.16,STATIC,76.82,STATIC,30.58,STATIC,105.57,STATIC,115.73,STATIC,114.72,STATIC,158.95,STATIC
53.26666666666667,1594,108.38,STATIC,131.42,STATIC,76.81,STATIC,30.49,STATIC,105.62,STATIC,115.64,STATIC,114.40,STATIC,158.32,STATIC
53.300000000000004,1595,107.07,STATIC,131.70,STATIC,76.84,STATIC,30.24,STATIC,105.57,STATIC,115.54,STATIC,113.93,STATIC,157.60,STATIC
53.333333333333336,1596,107.42,STATIC,132.12,STATIC,76.84,STATIC,30.13,STATIC,105.60,STATIC,115.42,STATIC,113.74,STATIC,157.28,STATIC
53.36666666666667,1597,110.67,STATIC,132.72,STATIC,76.78,STATIC,30.27,STATIC,105.79,STATIC,115.34,STATIC,113.67,STATIC,156.71,STATIC
53.400000000000006,1598,109.92,STATIC,133.28,STATIC,77.01,STATIC,30.38,STATIC,105.78,STATIC,115.26,STATIC,113.49,STATIC,156.43,STATIC
53.43333333333334,1599,109.05,STATIC,133.40,STATIC,76.92,STATIC,30.50,STATIC,105.69,STATIC,115.09,STATIC,113.45,STATIC,156.44,STATIC
53.46666666666667,1600,108.45,STATIC,133.35,STATIC,76.93,STATIC,30.60,STATIC,105.58,STATIC,115.01,STATIC,113.71,STATIC,156.42,STATIC
53.5,1601,108.41,STATIC,133.35,STATIC,76.84,STATIC,30.66,STATIC,105.59,STATIC,114.83,STATIC,113.93,STATIC,156.01,STATIC
53.53333333333334,1602,108.48,STATIC,133.27,STATIC,76.90,STATIC,30.70,STATIC,105.47,STATIC,114.63,STATIC,113.84,STATIC,155.98,STATIC
53.56666666666667,1603,106.75,STATIC,133.05,STATIC,76.92,STATIC,30.60,STATIC,105.51,STATIC,114.58,STATIC,113.82,STATIC,155.87,STATIC
53.6,1604,106.82,STATIC,132.42,STATIC,77.06,STATIC,30.76,STATIC,105.32,STATIC,114.27,STATIC,113.80,STATIC,155.74,STATIC
53.63333333333334,1605,107.27,STATIC,132.24,STATIC,77.07,STATIC,30.85,STATIC,105.30,STATIC,114.16,STATIC,113.77,STATIC,155.59,STATIC
53.66666666666667,1606,105.72,STATIC,131.73,STATIC,77.08,STATIC,30.73,STATIC,105.50,STATIC,113.91,STATIC,113.62,STATIC,155.34,STATIC
53.7,1607,107.80,STATIC,131.70,STATIC,77.13,STATIC,30.74,STATIC,105.52,STATIC,114.05,STATIC,113.94,STATIC,155.54,STATIC
53.733333333333334,1608,109.32,STATIC,131.99,STATIC,77.11,STATIC,30.76,STATIC,105.63,STATIC,114.34,STATIC,114.02,STATIC,155.42,STATIC
53.76666666666667,1609,108.38,STATIC,132.24,STATIC,76.98,STATIC,30.65,STATIC,105.75,STATIC,114.58,STATIC,113.59,STATIC,155.40,STATIC
53.800000000000004,1610,109.83,STATIC,132.35,STATIC,76.84,STATIC,30.49,STATIC,105.91,STATIC,114.90,STATIC,113.52,STATIC,155.89,STATIC
53.833333333333336,1611,110.59,STATIC,133.14,STATIC,76.63,STATIC,30.50,STATIC,106.20,STATIC,115.17,STATIC,113.10,STATIC,155.34,STATIC
53.86666666666667,1612,109.33,STATIC,133.63,STATIC,76.37,STATIC,30.44,STATIC,106.41,STATIC,115.44,STATIC,112.67,STATIC,154.90,STATIC
53.900000000000006,1613,107.81,STATIC,133.97,STATIC,76.23,STATIC,30.31,STATIC,106.51,STATIC,115.68,STATIC,112.12,STATIC,154.68,STATIC
53.93333333333334,1614,106.76,STATIC,134.02,STATIC,76.12,STATIC,30.12,STATIC,106.64,STATIC,115.89,STATIC,111.79,STATIC,154.41,STATIC
53.96666666666667,1615,105.66,STATIC,133.80,STATIC,76.08,STATIC,29.86,STATIC,106.68,STATIC,115.97,STATIC,111.63,STATIC,154.42,STATIC
54.0,1616,104.80,STATIC,133.46,STATIC,76.04,STATIC,29.50,STATIC,106.75,STATIC,116.12,STATIC,111.55,STATIC,154.74,STATIC
54.03333333333334,1617,104.88,STATIC,133.32,STATIC,76.03,STATIC,29.28,STATIC,106.79,STATIC,116.29,STATIC,111.41,STATIC,155.24,STATIC
54.06666666666667,1618,102.60,STATIC,133.00,STATIC,76.03,STATIC,28.87,STATIC,106.98,STATIC,116.13,STATIC,111.75,STATIC,154.98,STATIC
54.1,1619,99.59,STATIC,132.61,STATIC,76.11,STATIC,28.60,STATIC,106.86,STATIC,115.90,STATIC,111.52,STATIC,154.70,STATIC
54.13333333333334,1620,96.83,STATIC,132.06,STATIC,76.22,STATIC,28.20,STATIC,106.71,STATIC,115.62,STATIC,111.30,STATIC,154.47,STATIC
54.16666666666667,1621,94.04,STATIC,131.65,STATIC,76.37,STATIC,27.91,STATIC,106.70,STATIC,115.21,STATIC,111.32,STATIC,153.75,STATIC
54.2,1622,93.02,STATIC,131.24,STATIC,76.33,STATIC,27.53,STATIC,106.85,STATIC,115.16,STATIC,111.05,STATIC,153.09,STATIC
54.233333333333334,1623,92.52,STATIC,131.03,STATIC,76.15,STATIC,27.16,STATIC,106.95,STATIC,115.22,STATIC,110.67,STATIC,152.61,STATIC
54.26666666666667,1624,92.92,STATIC,130.86,STATIC,75.81,STATIC,26.71,STATIC,107.25,STATIC,115.58,STATIC,110.32,STATIC,152.10,STATIC
54.300000000000004,1625,92.84,STATIC,130.82,STATIC,75.57,STATIC,26.46,STATIC,107.36,STATIC,115.67,STATIC,110.00,STATIC,151.53,STATIC
54.333333333333336,1626,92.06,STATIC,130.78,STATIC,75.56,STATIC,26.37,STATIC,107.30,STATIC,115.52,STATIC,109.79,STATIC,151.32,STATIC
54.36666666666667,1627,92.69,STATIC,130.64,STATIC,75.41,STATIC,26.17,STATIC,107.41,STATIC,115.55,STATIC,109.63,STATIC,150.67,STATIC
54.400000000000006,1628,93.40,STATIC,130.68,STATIC,75.22,STATIC,26.04,STATIC,107.53,STATIC,115.70,STATIC,109.39,STATIC,150.05,STATIC
54.43333333333334,1629,94.30,STATIC,130.98,STATIC,75.02,STATIC,26.13,STATIC,107.70,STATIC,115.98,STATIC,109.34,STATIC,150.00,STATIC
54.46666666666667,1630,94.77,STATIC,131.19,STATIC,74.92,STATIC,26.10,STATIC,107.74,STATIC,115.99,STATIC,109.01,STATIC,149.45,STATIC
54.5,1631,95.77,STATIC,131.06,STATIC,74.68,STATIC,25.84,STATIC,108.01,STATIC,116.40,STATIC,109.00,STATIC,149.48,STATIC
54.53333333333334,1632,96.52,STATIC,131.29,STATIC,74.49,STATIC,25.82,STATIC,108.20,STATIC,116.67,STATIC,109.03,STATIC,149.42,STATIC
54.56666666666667,1633,97.84,STATIC,131.58,STATIC,74.26,STATIC,26.08,STATIC,108.49,STATIC,117.03,STATIC,109.29,STATIC,149.72,STATIC
54.6,1634,98.86,STATIC,131.74,STATIC,74.01,STATIC,26.56,STATIC,108.57,STATIC,117.20,STATIC,109.26,STATIC,149.52,STATIC
54.63333333333334,1635,99.57,STATIC,131.82,STATIC,73.90,STATIC,26.75,STATIC,108.62,STATIC,117.27,STATIC,109.17,STATIC,149.56,STATIC
54.66666666666667,1636,99.85,STATIC,131.75,STATIC,73.93,STATIC,26.91,STATIC,108.56,STATIC,117.18,STATIC,109.10,STATIC,149.69,STATIC
54.7,1637,101.62,STATIC,131.86,STATIC,73.94,STATIC,27.09,STATIC,108.57,STATIC,117.20,STATIC,109.04,STATIC,149.57,STATIC
54.733333333333334,1638,102.44,STATIC,132.17,STATIC,73.86,STATIC,27.33,STATIC,108.52,STATIC,117.37,STATIC,108.83,STATIC,149.81,STATIC
54.76666666666667,1639,103.44,STATIC,132.55,STATIC,73.89,STATIC,27.71,STATIC,108.51,STATIC,117.30,STATIC,108.78,STATIC,149.53,STATIC
54.800000000000004,1640,104.10,STATIC,133.05,STATIC,73.88,STATIC,28.04,STATIC,108.53,STATIC,117.30,STATIC,108.67,STATIC,149.48,STATIC
54.833333333333336,1641,104.73,STATIC,133.58,STATIC,73.81,STATIC,28.40,STATIC,108.60,STATIC,117.35,STATIC,108.68,STATIC,149.12,STATIC
54.86666666666667,1642,104.97,STATIC,133.62,STATIC,73.75,STATIC,28.45,STATIC,108.63,STATIC,117.43,STATIC,108.68,STATIC,149.10,STATIC
54.900000000000006,1643,105.53,STATIC,133.77,STATIC,73.75,STATIC,28.59,STATIC,108.63,STATIC,117.40,STATIC,108.65,STATIC,148.91,STATIC
54.93333333333334,1644,105.65,STATIC,133.48,STATIC,73.80,STATIC,28.70,STATIC,108.53,STATIC,117.23,STATIC,108.50,STATIC,148.64,STATIC
54.96666666666667,1645,105.76,STATIC,133.35,STATIC,73.88,STATIC,28.87,STATIC,108.42,STATIC,117.04,STATIC,108.41,STATIC,148.55,STATIC
55.0,1646,104.81,STATIC,133.27,STATIC,73.97,STATIC,29.03,STATIC,108.28,STATIC,116.83,STATIC,108.20,STATIC,148.19,STATIC
55.03333333333334,1647,105.79,STATIC,133.39,STATIC,74.02,STATIC,29.24,STATIC,108.24,STATIC,116.75,STATIC,108.09,STATIC,148.27,STATIC
55.06666666666667,1648,106.33,STATIC,132.99,STATIC,74.09,STATIC,29.21,STATIC,108.18,STATIC,116.72,STATIC,107.95,STATIC,148.83,STATIC
55.1,1649,106.07,STATIC,132.67,STATIC,74.08,STATIC,29.18,STATIC,108.16,STATIC,116.69,STATIC,107.68,STATIC,148.55,STATIC
55.13333333333334,1650,105.96,STATIC,132.51,STATIC,74.11,STATIC,29.11,STATIC,108.17,STATIC,116.71,STATIC,107.57,STATIC,148.42,STATIC
55.16666666666667,1651,106.11,STATIC,132.20,STATIC,74.23,STATIC,28.90,STATIC,108.06,STATIC,116.63,STATIC,107.57,STATIC,149.27,STATIC
55.2,1652,106.19,STATIC,131.89,STATIC,74.22,STATIC,28.69,STATIC,108.09,STATIC,116.76,STATIC,107.56,STATIC,150.04,STATIC
55.233333333333334,1653,105.93,STATIC,131.86,STATIC,74.33,STATIC,28.59,STATIC,108.00,STATIC,116.65,STATIC,107.49,STATIC,150.56,STATIC
55.26666666666667,1654,105.65,STATIC,131.93,STATIC,74.46,STATIC,28.65,STATIC,107.92,STATIC,116.50,STATIC,107.41,STATIC,150.47,STATIC
55.300000000000004,1655,104.86,STATIC,131.84,STATIC,74.67,STATIC,28.74,STATIC,107.72,STATIC,116.43,STATIC,107.20,STATIC,151.00,STATIC
55.333333333333336,1656,105.20,STATIC,131.91,STATIC,74.63,STATIC,28.74,STATIC,107.74,STATIC,116.48,STATIC,107.08,STATIC,150.54,STATIC
55.36666666666667,1657,103.93,STATIC,131.86,STATIC,74.65,STATIC,28.75,STATIC,107.65,STATIC,116.46,STATIC,106.96,STATIC,150.72,STATIC
55.400000000000006,1658,104.19,STATIC,132.06,STATIC,74.62,STATIC,28.80,STATIC,107.68,STATIC,116.12,STATIC,106.99,STATIC,150.04,STATIC
55.43333333333334,1659,104.11,STATIC,131.99,STATIC,74.61,STATIC,28.77,STATIC,107.64,STATIC,116.12,STATIC,106.91,STATIC,150.39,STATIC
55.46666666666667,1660,104.72,STATIC,131.88,STATIC,74.70,STATIC,28.74,STATIC,107.53,STATIC,116.12,STATIC,106.86,STATIC,150.86,STATIC
55.50000000000001,1661,105.15,STATIC,131.85,STATIC,74.77,STATIC,28.79,STATIC,107.47,STATIC,115.98,STATIC,106.78,STATIC,150.69,STATIC
55.53333333333334,1662,104.24,STATIC,131.69,STATIC,75.01,STATIC,28.95,STATIC,107.24,STATIC,115.53,STATIC,106.65,STATIC,150.62,STATIC
55.56666666666667,1663,104.15,STATIC,131.63,STATIC,75.19,STATIC,29.15,STATIC,107.08,STATIC,115.56,STATIC,106.51,STATIC,151.30,STATIC
55.6,1664,104.90,STATIC,131.80,STATIC,75.27,STATIC,29.11,STATIC,107.11,STATIC,115.80,STATIC,106.37,STATIC,151.95,STATIC
55.63333333333334,1665,104.81,STATIC,132.03,STATIC,75.25,STATIC,29.03,STATIC,107.17,STATIC,115.76,STATIC,106.20,STATIC,151.36,STATIC
55.66666666666667,1666,104.21,STATIC,132.16,STATIC,75.40,STATIC,29.10,STATIC,107.16,STATIC,115.77,STATIC,106.26,STATIC,152.07,STATIC
55.7,1667,102.92,STATIC,132.29,STATIC,75.62,STATIC,29.28,STATIC,106.90,STATIC,115.30,STATIC,106.08,STATIC,151.24,STATIC
55.733333333333334,1668,102.50,STATIC,132.34,STATIC,75.84,STATIC,29.46,STATIC,106.67,STATIC,114.90,STATIC,105.98,STATIC,150.72,STATIC
55.76666666666667,1669,101.38,STATIC,132.13,STATIC,76.05,STATIC,29.57,STATIC,106.52,STATIC,114.47,STATIC,106.01,STATIC,150.15,STATIC
55.800000000000004,1670,100.39,STATIC,131.93,STATIC,76.24,STATIC,29.64,STATIC,106.35,STATIC,114.14,STATIC,106.02,STATIC,149.92,STATIC
55.833333333333336,1671,99.15,STATIC,131.79,STATIC,76.40,STATIC,29.74,STATIC,106.12,STATIC,113.79,STATIC,106.01,STATIC,149.70,STATIC
55.86666666666667,1672,98.15,STATIC,131.53,STATIC,76.57,STATIC,29.75,STATIC,105.96,STATIC,113.48,STATIC,106.13,STATIC,149.72,STATIC
55.900000000000006,1673,97.57,STATIC,131.50,STATIC,76.71,STATIC,29.92,STATIC,105.78,STATIC,113.19,STATIC,106.04,STATIC,149.42,STATIC
55.93333333333334,1674,97.09,STATIC,131.45,STATIC,76.81,STATIC,30.03,STATIC,105.63,STATIC,112.96,STATIC,105.95,STATIC,149.22,STATIC
55.96666666666667,1675,98.32,STATIC,131.64,STATIC,76.76,STATIC,30.12,STATIC,105.64,STATIC,112.95,STATIC,105.83,STATIC,148.69,STATIC
56.00000000000001,1676,98.61,STATIC,131.76,STATIC,76.78,STATIC,30.21,STATIC,105.61,STATIC,112.84,STATIC,105.80,STATIC,148.64,STATIC
56.03333333333334,1677,98.48,STATIC,131.84,STATIC,76.78,STATIC,30.23,STATIC,105.61,STATIC,112.87,STATIC,105.80,STATIC,148.65,STATIC
56.06666666666667,1678,98.04,STATIC,131.96,STATIC,76.78,STATIC,30.19,STATIC,105.62,STATIC,112.99,STATIC,105.87,STATIC,149.19,STATIC
56.1,1679,97.10,STATIC,131.93,STATIC,76.83,STATIC,30.13,STATIC,105.54,STATIC,113.03,STATIC,105.88,STATIC,149.58,STATIC
56.13333333333334,1680,97.53,STATIC,131.58,STATIC,76.86,STATIC,29.74,STATIC,105.48,STATIC,113.32,STATIC,105.82,STATIC,151.33,STATIC
56.16666666666667,1681,96.91,STATIC,131.16,STATIC,76.99,STATIC,29.38,STATIC,105.35,STATIC,113.36,STATIC,105.87,STATIC,153.00,STATIC
56.2,1682,96.04,STATIC,130.87,STATIC,77.17,STATIC,29.21,STATIC,105.13,STATIC,113.33,STATIC,105.93,STATIC,154.16,STATIC
56.233333333333334,1683,96.71,STATIC,130.71,STATIC,77.16,STATIC,28.96,STATIC,105.14,STATIC,113.64,STATIC,105.98,STATIC,154.90,STATIC
56.26666666666667,1684,96.17,STATIC,130.66,STATIC,77.16,STATIC,28.78,STATIC,105.06,STATIC,113.72,STATIC,105.99,STATIC,155.29,STATIC
56.300000000000004,1685,96.06,STATIC,130.44,STATIC,77.22,STATIC,28.84,STATIC,104.97,STATIC,113.63,STATIC,106.07,STATIC,155.23,STATIC
56.333333333333336,1686,96.15,STATIC,130.12,STATIC,77.21,STATIC,28.72,STATIC,104.92,STATIC,113.81,STATIC,106.19,STATIC,155.73,STATIC
56.36666666666667,1687,96.21,STATIC,129.92,STATIC,77.27,STATIC,28.65,STATIC,104.88,STATIC,113.90,STATIC,106.28,STATIC,156.23,STATIC
56.400000000000006,1688,96.47,STATIC,129.84,STATIC,77.29,STATIC,28.64,STATIC,104.79,STATIC,113.77,STATIC,106.22,STATIC,155.87,STATIC
56.43333333333334,1689,95.94,STATIC,129.72,STATIC,77.40,STATIC,28.63,STATIC,104.69,STATIC,113.57,STATIC,106.28,STATIC,155.57,STATIC
56.46666666666667,1690,96.47,STATIC,129.54,STATIC,77.35,STATIC,28.46,STATIC,104.72,STATIC,113.75,STATIC,106.25,STATIC,155.81,STATIC
56.50000000000001,1691,95.86,STATIC,129.37,STATIC,77.47,STATIC,28.45,STATIC,104.62,STATIC,113.61,STATIC,106.25,STATIC,156.07,STATIC
56.53333333333334,1692,95.65,STATIC,129.23,STATIC,77.55,STATIC,28.42,STATIC,104.49,STATIC,113.53,STATIC,106.19,STATIC,156.39,STATIC
56.56666666666667,1693,95.49,STATIC,129.25,STATIC,77.61,STATIC,28.20,STATIC,104.46,STATIC,113.72,STATIC,106.22,STATIC,157.50,STATIC
56.6,1694,95.26,STATIC,128.99,STATIC,77.68,STATIC,28.07,STATIC,104.37,STATIC,113.77,STATIC,106.25,STATIC,158.03,STATIC
56.63333333333334,1695,95.70,STATIC,128.82,STATIC,77.64,STATIC,27.87,STATIC,104.43,STATIC,113.99,STATIC,106.32,STATIC,158.44,STATIC
56.66666666666667,1696,95.84,STATIC,128.68,STATIC,77.64,STATIC,27.79,STATIC,104.43,STATIC,114.06,STATIC,106.31,STATIC,158.55,STATIC
56.7,1697,96.57,STATIC,128.73,STATIC,77.56,STATIC,27.82,STATIC,104.50,STATIC,114.13,STATIC,106.46,STATIC,158.45,STATIC
56.733333333333334,1698,97.22,STATIC,128.69,STATIC,77.58,STATIC,27.87,STATIC,104.47,STATIC,114.12,STATIC,106.57,STATIC,158.46,STATIC
56.76666666666667,1699,97.49,STATIC,128.72,STATIC,77.46,STATIC,27.77,STATIC,104.60,STATIC,114.33,STATIC,106.64,STATIC,158.65,STATIC
56.800000000000004,1700,97.03,STATIC,128.94,STATIC,77.49,STATIC,27.82,STATIC,104.57,STATIC,114.29,STATIC,106.65,STATIC,158.84,STATIC
56.833333333333336,1701,97.72,STATIC,129.19,STATIC,77.39,STATIC,27.69,STATIC,104.67,STATIC,114.53,STATIC,106.72,STATIC,158.80,STATIC
56.86666666666667,1702,98.50,STATIC,129.47,STATIC,77.29,STATIC,27.79,STATIC,104.77,STATIC,114.65,STATIC,106.83,STATIC,158.52,STATIC
56.900000000000006,1703,98.90,STATIC,129.54,STATIC,77.22,STATIC,27.61,STATIC,104.87,STATIC,114.94,STATIC,107.00,STATIC,159.17,STATIC
56.93333333333334,1704,99.15,STATIC,129.62,STATIC,77.11,STATIC,27.43,STATIC,104.97,STATIC,115.23,STATIC,107.07,STATIC,159.54,STATIC
56.96666666666667,1705,99.58,STATIC,129.69,STATIC,77.07,STATIC,27.30,STATIC,105.02,STATIC,115.40,STATIC,107.17,STATIC,159.89,STATIC
57.00000000000001,1706,99.84,STATIC,129.59,STATIC,77.03,STATIC,27.33,STATIC,105.04,STATIC,115.38,STATIC,107.17,STATIC,159.86,STATIC
57.03333333333334,1707,100.21,STATIC,129.45,STATIC,76.98,STATIC,27.29,STATIC,105.08,STATIC,115.48,STATIC,107.30,STATIC,159.94,STATIC
57.06666666666667,1708,100.29,STATIC,129.40,STATIC,76.98,STATIC,27.49,STATIC,105.09,STATIC,115.51,STATIC,107.35,STATIC,159.60,STATIC
57.1,1709,100.92,STATIC,129.32,STATIC,76.88,STATIC,27.60,STATIC,105.20,STATIC,115.50,STATIC,107.40,STATIC,158.88,STATIC
57.13333333333334,1710,102.09,STATIC,129.71,STATIC,76.81,STATIC,27.86,STATIC,105.39,STATIC,115.52,STATIC,107.61,STATIC,158.30,STATIC
57.16666666666667,1711,103.32,STATIC,130.13,STATIC,76.60,STATIC,28.05,STATIC,105.67,STATIC,115.64,STATIC,107.94,STATIC,157.81,STATIC
57.2,1712,104.47,STATIC,130.61,STATIC,76.47,STATIC,28.37,STATIC,105.85,STATIC,115.72,STATIC,108.25,STATIC,157.40,STATIC
57.233333333333334,1713,104.89,STATIC,131.22,STATIC,76.31,STATIC,28.77,STATIC,106.02,STATIC,115.69,STATIC,108.35,STATIC,156.57,STATIC
57.26666666666667,1714,105.33,STATIC,131.64,STATIC,76.13,STATIC,28.97,STATIC,106.23,STATIC,115.83,STATIC,108.49,STATIC,156.06,STATIC
57.300000000000004,1715,104.73,STATIC,132.04,STATIC,76.00,STATIC,29.29,STATIC,106.35,STATIC,115.77,STATIC,108.57,STATIC,155.18,STATIC
57.333333333333336,1716,103.50,STATIC,132.29,STATIC,75.95,STATIC,29.53,STATIC,106.36,STATIC,115.66,STATIC,108.43,STATIC,154.46,STATIC
57.36666666666667,1717,103.63,STATIC,132.71,STATIC,75.80,STATIC,29.81,STATIC,106.50,STATIC,115.71,STATIC,108.43,STATIC,153.74,STATIC
57.400000000000006,1718,103.21,STATIC,132.85,STATIC,75.78,STATIC,30.00,STATIC,106.48,STATIC,115.61,STATIC,108.42,STATIC,153.38,STATIC
57.43333333333334,1719,102.17,STATIC,132.73,STATIC,75.83,STATIC,30.03,STATIC,106.30,STATIC,115.51,STATIC,107.94,STATIC,153.51,STATIC
57.46666666666667,1720,102.17,STATIC,132.68,STATIC,75.88,STATIC,30.18,STATIC,106.21,STATIC,115.36,STATIC,107.79,STATIC,153.19,STATIC
57.50000000000001,1721,102.17,STATIC,132.72,STATIC,76.00,STATIC,30.34,STATIC,106.10,STATIC,115.22,STATIC,107.57,STATIC,153.04,STATIC
57.53333333333334,1722,102.20,STATIC,132.79,STATIC,76.02,STATIC,30.45,STATIC,106.08,STATIC,114.97,STATIC,107.50,STATIC,152.26,STATIC
57.56666666666667,1723,101.82,STATIC,132.80,STATIC,76.08,STATIC,30.53,STATIC,106.05,STATIC,114.84,STATIC,107.44,STATIC,151.86,STATIC
57.6,1724,101.86,STATIC,132.67,STATIC,76.19,STATIC,30.56,STATIC,105.94,STATIC,114.79,STATIC,107.33,STATIC,151.98,STATIC
57.63333333333334,1725,102.29,STATIC,132.75,STATIC,76.25,STATIC,30.64,STATIC,105.91,STATIC,114.79,STATIC,107.43,STATIC,151.63,STATIC
57.66666666666667,1726,102.34,STATIC,132.94,STATIC,76.25,STATIC,30.68,STATIC,105.97,STATIC,114.85,STATIC,107.38,STATIC,151.53,STATIC
57.7,1727,102.65,STATIC,133.02,STATIC,76.18,STATIC,30.57,STATIC,106.10,STATIC,115.03,STATIC,107.54,STATIC,151.94,STATIC
57.733333333333334,1728,102.52,STATIC,133.14,STATIC,76.18,STATIC,30.49,STATIC,106.11,STATIC,115.09,STATIC,107.39,STATIC,152.26,STATIC
57.76666666666667,1729,102.68,STATIC,133.42,STATIC,76.17,STATIC,30.60,STATIC,106.14,STATIC,114.78,STATIC,107.33,STATIC,151.25,STATIC
57.800000000000004,1730,102.83,STATIC,133.47,STATIC,76.11,STATIC,30.60,STATIC,106.21,STATIC,114.95,STATIC,107.52,STATIC,151.45,STATIC
57.833333333333336,1731,102.71,STATIC,133.32,STATIC,76.14,STATIC,30.59,STATIC,106.14,STATIC,114.91,STATIC,107.74,STATIC,151.69,STATIC
57.86666666666667,1732,103.29,STATIC,133.27,STATIC,76.11,STATIC,30.53,STATIC,106.21,STATIC,115.00,STATIC,107.89,STATIC,151.59,STATIC
57.900000000000006,1733,103.60,STATIC,133.36,STATIC,76.14,STATIC,30.65,STATIC,106.22,STATIC,114.83,STATIC,107.92,STATIC,151.01,STATIC
57.93333333333334,1734,103.79,STATIC,133.41,STATIC,76.22,STATIC,30.76,STATIC,106.26,STATIC,114.67,STATIC,108.12,STATIC,150.48,STATIC
57.96666666666667,1735,103.02,STATIC,133.27,STATIC,76.33,STATIC,30.83,STATIC,106.13,STATIC,114.46,STATIC,108.08,STATIC,150.09,STATIC
58.00000000000001,1736,103.37,STATIC,133.25,STATIC,76.38,STATIC,30.84,STATIC,106.07,STATIC,114.62,STATIC,108.06,STATIC,150.61,STATIC
58.03333333333334,1737,104.65,STATIC,133.21,STATIC,76.41,STATIC,30.76,STATIC,106.10,STATIC,114.64,STATIC,108.22,STATIC,150.54,STATIC
58.06666666666667,1738,102.51,STATIC,132.78,STATIC,76.52,STATIC,30.66,STATIC,105.80,STATIC,114.34,STATIC,108.27,STATIC,150.86,STATIC
58.1,1739,103.46,STATIC,132.62,STATIC,76.61,STATIC,30.70,STATIC,105.63,STATIC,114.46,STATIC,108.58,STATIC,151.40,STATIC
58.13333333333334,1740,104.12,STATIC,132.60,STATIC,76.75,STATIC,30.92,STATIC,105.41,STATIC,114.33,STATIC,108.89,STATIC,151.82,STATIC
58.16666666666667,1741,104.84,STATIC,132.85,STATIC,76.87,STATIC,31.32,STATIC,105.22,STATIC,113.87,STATIC,109.39,STATIC,151.19,STATIC
58.2,1742,106.25,STATIC,133.26,STATIC,77.08,STATIC,31.78,STATIC,105.02,STATIC,113.51,STATIC,109.63,STATIC,150.85,STATIC
58.233333333333334,1743,113.87,EXTENSION,134.16,STATIC,77.21,STATIC,32.57,STATIC,105.08,STATIC,113.06,STATIC,110.27,STATIC,149.75,STATIC
58.26666666666667,1744,112.17,STATIC,134.87,STATIC,77.10,STATIC,32.88,STATIC,105.10,STATIC,112.88,STATIC,109.98,STATIC,149.36,STATIC
58.300000000000004,1745,118.87,EXTENSION,134.10,STATIC,76.84,STATIC,32.59,STATIC,104.97,STATIC,112.81,STATIC,110.14,STATIC,150.06,STATIC
58.333333333333336,1746,119.17,STATIC,133.46,STATIC,76.69,STATIC,32.26,STATIC,104.99,STATIC,112.77,STATIC,110.24,STATIC,150.58,STATIC
58.36666666666667,1747,119.12,STATIC,133.57,STATIC,76.66,STATIC,32.99,STATIC,105.21,STATIC,112.97,STATIC,110.64,STATIC,151.90,STATIC
58.400000000000006,1748,121.76,STATIC,134.17,STATIC,76.41,STATIC,33.35,STATIC,105.48,STATIC,112.84,STATIC,110.50,STATIC,150.89,STATIC
58.43333333333334,1749,123.92,STATIC,134.05,STATIC,76.27,STATIC,33.74,STATIC,105.71,STATIC,112.64,STATIC,110.15,STATIC,150.99,STATIC
58.46666666666667,1750,123.78,STATIC,135.02,STATIC,76.29,STATIC,35.28,STATIC,105.77,STATIC,112.57,STATIC,110.36,STATIC,150.11,STATIC
58.50000000000001,1751,127.19,STATIC,135.41,STATIC,76.12,STATIC,35.86,STATIC,105.80,STATIC,111.82,STATIC,110.34,STATIC,147.89,STATIC
58.53333333333334,1752,128.77,STATIC,135.53,STATIC,76.19,STATIC,36.28,STATIC,105.79,STATIC,111.74,STATIC,109.80,STATIC,149.05,STATIC
58.56666666666667,1753,130.81,STATIC,134.21,STATIC,76.08,STATIC,35.96,STATIC,106.01,STATIC,111.75,STATIC,109.78,STATIC,149.57,STATIC
58.6,1754,131.95,STATIC,133.08,STATIC,75.92,STATIC,36.22,STATIC,106.11,STATIC,111.43,STATIC,110.29,STATIC,149.37,STATIC
58.63333333333334,1755,128.04,STATIC,133.05,STATIC,75.89,STATIC,36.80,STATIC,106.10,STATIC,111.21,STATIC,111.20,STATIC,148.94,STATIC
58.66666666666667,1756,136.01,EXTENSION,133.18,STATIC,76.02,STATIC,37.34,STATIC,105.79,STATIC,111.11,STATIC,111.99,STATIC,148.93,STATIC
58.7,1757,139.58,STATIC,133.16,STATIC,76.16,STATIC,37.73,STATIC,105.54,STATIC,110.85,STATIC,112.93,STATIC,150.19,STATIC
58.733333333333334,1758,142.38,STATIC,132.47,STATIC,76.33,STATIC,37.71,STATIC,105.27,STATIC,110.66,STATIC,113.92,STATIC,150.46,STATIC
58.76666666666667,1759,134.49,FLEXION,131.87,STATIC,76.55,STATIC,38.07,STATIC,104.99,STATIC,110.60,STATIC,116.45,STATIC,152.43,STATIC
58.800000000000004,1760,135.46,STATIC,132.54,STATIC,76.95,STATIC,38.59,STATIC,104.70,STATIC,110.57,STATIC,119.99,STATIC,158.24,EXTENSION
58.833333333333336,1761,141.29,EXTENSION,131.56,STATIC,77.17,STATIC,38.60,STATIC,104.46,STATIC,110.59,STATIC,119.12,STATIC,159.05,STATIC
58.86666666666667,1762,141.33,STATIC,131.07,STATIC,77.32,STATIC,38.36,STATIC,104.32,STATIC,110.45,STATIC,120.28,STATIC,159.20,STATIC
58.900000000000006,1763,143.34,STATIC,130.62,STATIC,77.41,STATIC,38.44,STATIC,104.15,STATIC,109.93,STATIC,119.76,STATIC,158.84,STATIC
58.93333333333334,1764,146.72,STATIC,129.81,STATIC,77.56,STATIC,38.18,STATIC,104.08,STATIC,109.62,STATIC,119.53,STATIC,159.53,STATIC
58.96666666666667,1765,148.32,STATIC,128.92,STATIC,77.61,STATIC,37.61,STATIC,104.03,STATIC,109.49,STATIC,119.02,STATIC,159.69,STATIC
59.00000000000001,1766,148.16,STATIC,129.83,STATIC,77.51,STATIC,38.31,STATIC,104.12,STATIC,109.38,STATIC,118.60,STATIC,158.40,STATIC
59.03333333333334,1767,150.35,STATIC,130.36,STATIC,77.49,STATIC,38.76,STATIC,104.18,STATIC,109.11,STATIC,118.40,STATIC,157.62,STATIC
59.06666666666667,1768,152.03,STATIC,130.68,STATIC,77.20,STATIC,38.95,STATIC,104.24,STATIC,109.11,STATIC,117.72,STATIC,157.41,STATIC
59.1,1769,150.59,STATIC,130.55,STATIC,77.14,STATIC,38.46,STATIC,104.48,STATIC,109.39,STATIC,117.40,STATIC,158.12,STATIC
59.13333333333334,1770,149.19,STATIC,130.24,STATIC,77.05,STATIC,38.00,STATIC,104.76,STATIC,109.52,STATIC,117.11,STATIC,158.19,STATIC
59.16666666666667,1771,149.34,STATIC,129.49,STATIC,76.83,STATIC,36.95,STATIC,105.22,STATIC,109.89,STATIC,115.94,STATIC,158.23,STATIC
59.2,1772,154.75,EXTENSION,128.73,STATIC,76.68,STATIC,36.07,STATIC,105.51,STATIC,110.08,STATIC,115.12,STATIC,158.20,STATIC
59.233333333333334,1773,158.45,STATIC,127.50,STATIC,76.52,STATIC,34.93,STATIC,105.79,STATIC,110.01,STATIC,113.82,STATIC,156.46,STATIC
59.26666666666667,1774,133.62,FLEXION,126.00,STATIC,76.57,STATIC,33.76,STATIC,105.53,STATIC,109.90,STATIC,112.82,STATIC,156.56,STATIC
59.300000000000004,1775,131.51,STATIC,124.93,STATIC,76.82,STATIC,33.07,STATIC,105.29,STATIC,109.65,STATIC,112.11,STATIC,155.61,STATIC
59.333333333333336,1776,131.10,STATIC,123.66,STATIC,77.05,STATIC,32.25,STATIC,105.00,STATIC,109.42,STATIC,111.38,STATIC,155.23,STATIC
59.36666666666667,1777,131.69,STATIC,122.50,STATIC,77.29,STATIC,31.32,STATIC,104.87,STATIC,109.27,STATIC,110.90,STATIC,154.51,STATIC
59.400000000000006,1778,124.85,FLEXION,121.61,STATIC,77.43,STATIC,30.26,STATIC,104.64,STATIC,109.28,STATIC,110.26,STATIC,153.98,STATIC
59.43333333333334,1779,125.55,STATIC,121.14,STATIC,77.75,STATIC,29.56,STATIC,104.64,STATIC,109.37,STATIC,109.88,STATIC,153.33,STATIC
59.46666666666667,1780,122.15,STATIC,119.65,STATIC,77.86,STATIC,28.67,STATIC,104.54,STATIC,109.44,STATIC,110.09,STATIC,153.69,STATIC
59.50000000000001,1781,121.00,STATIC,118.11,STATIC,78.21,STATIC,28.00,STATIC,104.28,STATIC,109.43,STATIC,110.28,STATIC,154.40,STATIC
59.53333333333334,1782,121.27,STATIC,116.53,STATIC,78.48,STATIC,27.55,STATIC,104.06,STATIC,109.52,STATIC,110.46,STATIC,155.39,STATIC
59.56666666666667,1783,123.51,STATIC,115.53,STATIC,78.68,STATIC,27.23,STATIC,103.78,STATIC,109.46,STATIC,110.60,STATIC,155.79,STATIC
59.6,1784,124.97,STATIC,114.58,STATIC,78.77,STATIC,26.82,STATIC,103.50,STATIC,109.30,STATIC,110.93,STATIC,155.97,STATIC
59.63333333333334,1785,125.97,STATIC,114.22,STATIC,78.89,STATIC,26.42,STATIC,103.39,STATIC,109.31,STATIC,111.16,STATIC,156.54,STATIC
59.66666666666667,1786,127.64,STATIC,113.85,STATIC,79.11,STATIC,25.90,STATIC,103.25,STATIC,109.39,STATIC,111.77,STATIC,156.90,STATIC
59.7,1787,125.74,STATIC,114.17,STATIC,79.18,STATIC,25.74,STATIC,102.96,STATIC,109.27,STATIC,111.94,STATIC,156.83,STATIC
59.733333333333334,1788,127.70,STATIC,113.89,STATIC,79.23,STATIC,25.00,STATIC,102.80,STATIC,109.33,STATIC,112.51,STATIC,156.92,STATIC
59.76666666666667,1789,130.08,STATIC,115.45,STATIC,79.39,STATIC,25.58,STATIC,102.57,STATIC,109.10,STATIC,112.61,STATIC,157.17,STATIC
59.800000000000004,1790,125.23,STATIC,115.49,STATIC,79.52,STATIC,25.68,STATIC,102.14,STATIC,108.90,STATIC,112.44,STATIC,157.57,STATIC
59.833333333333336,1791,122.41,STATIC,113.43,STATIC,79.67,STATIC,25.06,STATIC,101.68,STATIC,108.90,STATIC,114.67,STATIC,159.58,STATIC
59.86666666666667,1792,121.46,STATIC,112.66,STATIC,79.56,STATIC,24.74,STATIC,101.34,STATIC,108.88,STATIC,115.13,STATIC,160.48,STATIC
59.900000000000006,1793,121.67,STATIC,111.96,STATIC,79.59,STATIC,24.54,STATIC,101.02,STATIC,108.81,STATIC,116.46,STATIC,160.96,STATIC
59.93333333333334,1794,123.08,STATIC,111.49,STATIC,79.65,STATIC,24.40,STATIC,100.90,STATIC,109.01,STATIC,117.35,STATIC,162.55,STATIC
59.96666666666667,1795,123.76,STATIC,110.83,STATIC,79.69,STATIC,24.19,STATIC,100.86,STATIC,109.06,STATIC,117.51,STATIC,163.31,STATIC
60.00000000000001,1796,130.33,EXTENSION,110.91,STATIC,79.77,STATIC,24.01,STATIC,101.00,STATIC,109.11,STATIC,114.54,STATIC,162.83,STATIC
60.03333333333334,1797,128.74,STATIC,110.59,STATIC,79.71,STATIC,23.72,STATIC,101.05,STATIC,109.27,STATIC,117.30,STATIC,166.05,STATIC
60.06666666666667,1798,126.87,STATIC,111.12,STATIC,79.67,STATIC,23.40,STATIC,100.86,STATIC,109.04,STATIC,118.90,STATIC,165.60,STATIC
60.1,1799,125.30,STATIC,110.93,STATIC,79.61,STATIC,23.03,STATIC,100.56,STATIC,109.21,STATIC,120.61,STATIC,166.28,STATIC
60.13333333333334,1800,125.54,STATIC,111.34,STATIC,79.59,STATIC,22.82,STATIC,100.41,STATIC,109.27,STATIC,121.98,STATIC,166.71,STATIC
60.16666666666667,1801,125.95,STATIC,111.60,STATIC,79.56,STATIC,23.24,STATIC,100.56,STATIC,109.21,STATIC,118.92,STATIC,167.07,STATIC
60.2,1802,125.99,STATIC,112.07,STATIC,79.60,STATIC,23.10,STATIC,100.63,STATIC,109.13,STATIC,118.45,STATIC,166.90,STATIC
60.233333333333334,1803,127.62,STATIC,113.16,STATIC,79.63,STATIC,22.71,STATIC,100.69,STATIC,108.73,STATIC,118.26,STATIC,166.20,STATIC
60.26666666666667,1804,128.11,STATIC,113.18,STATIC,79.54,STATIC,23.00,STATIC,101.10,STATIC,108.77,STATIC,118.24,STATIC,166.54,STATIC
60.300000000000004,1805,126.91,STATIC,113.95,STATIC,79.57,STATIC,23.41,STATIC,101.24,STATIC,108.56,STATIC,116.59,STATIC,166.37,STATIC
60.333333333333336,1806,125.30,STATIC,114.68,STATIC,79.57,STATIC,23.58,STATIC,101.56,STATIC,108.59,STATIC,114.85,STATIC,165.25,STATIC
60.36666666666667,1807,124.28,STATIC,114.73,STATIC,79.28,STATIC,23.96,STATIC,101.80,STATIC,108.69,STATIC,113.61,STATIC,163.69,STATIC
60.400000000000006,1808,122.11,STATIC,114.22,STATIC,79.01,STATIC,23.80,STATIC,101.94,STATIC,108.71,STATIC,112.67,STATIC,162.04,STATIC
60.43333333333334,1809,120.47,STATIC,113.95,STATIC,78.87,STATIC,23.40,STATIC,102.15,STATIC,108.89,STATIC,113.60,STATIC,161.31,STATIC
60.46666666666667,1810,119.64,STATIC,114.48,STATIC,78.78,STATIC,23.48,STATIC,102.22,STATIC,108.70,STATIC,111.53,STATIC,160.32,STATIC
60.50000000000001,1811,118.63,STATIC,115.34,STATIC,78.63,STATIC,23.79,STATIC,102.48,STATIC,108.66,STATIC,110.78,STATIC,159.00,STATIC
60.53333333333334,1812,118.61,STATIC,115.29,STATIC,78.68,STATIC,23.82,STATIC,102.47,STATIC,108.79,STATIC,110.38,STATIC,159.11,STATIC
60.56666666666667,1813,120.23,STATIC,114.34,STATIC,79.26,STATIC,23.03,STATIC,102.56,STATIC,109.46,STATIC,110.31,STATIC,161.92,STATIC
60.6,1814,120.35,STATIC,113.96,STATIC,79.07,STATIC,22.74,STATIC,102.90,STATIC,109.91,STATIC,110.20,STATIC,162.80,STATIC
60.63333333333334,1815,120.73,STATIC,114.80,STATIC,78.66,STATIC,22.98,STATIC,103.43,STATIC,110.33,STATIC,109.85,STATIC,161.81,STATIC
60.66666666666667,1816,120.91,STATIC,114.50,STATIC,78.32,STATIC,22.70,STATIC,103.75,STATIC,110.79,STATIC,109.89,STATIC,162.69,STATIC
60.7,1817,120.49,STATIC,114.57,STATIC,78.21,STATIC,22.56,STATIC,103.74,STATIC,111.10,STATIC,110.00,STATIC,164.01,STATIC
60.733333333333334,1818,119.55,STATIC,114.40,STATIC,78.09,STATIC,22.57,STATIC,103.79,STATIC,111.67,STATIC,110.16,STATIC,165.44,STATIC
60.76666666666667,1819,118.14,STATIC,114.45,STATIC,78.07,STATIC,22.83,STATIC,103.75,STATIC,111.97,STATIC,110.40,STATIC,166.37,STATIC
60.800000000000004,1820,118.22,STATIC,114.42,STATIC,78.05,STATIC,22.98,STATIC,103.75,STATIC,112.42,STATIC,110.56,STATIC,167.70,STATIC
60.833333333333336,1821,129.07,EXTENSION,115.95,STATIC,77.94,STATIC,23.26,STATIC,104.00,STATIC,112.84,STATIC,110.69,STATIC,168.73,STATIC
60.86666666666667,1822,137.94,EXTENSION,116.43,STATIC,77.78,STATIC,23.92,STATIC,104.56,STATIC,113.55,STATIC,111.24,STATIC,170.67,STATIC
60.900000000000006,1823,123.90,FLEXION,116.94,STATIC,77.32,STATIC,23.96,STATIC,105.14,STATIC,114.25,STATIC,111.21,STATIC,171.32,STATIC
60.93333333333334,1824,120.85,STATIC,118.88,STATIC,77.09,STATIC,24.39,STATIC,105.15,STATIC,114.30,STATIC,110.97,STATIC,171.65,STATIC
60.96666666666667,1825,118.99,STATIC,119.21,STATIC,77.04,STATIC,24.94,STATIC,105.12,STATIC,114.50,STATIC,110.70,STATIC,172.04,STATIC
61.00000000000001,1826,114.78,STATIC,117.88,STATIC,77.14,STATIC,25.02,STATIC,104.87,STATIC,114.77,STATIC,110.79,STATIC,172.97,STATIC
61.03333333333334,1827,119.79,EXTENSION,117.96,STATIC,77.43,STATIC,25.55,STATIC,104.71,STATIC,115.13,STATIC,110.62,STATIC,173.51,STATIC
61.06666666666667,1828,122.66,STATIC,117.47,STATIC,77.37,STATIC,25.48,STATIC,104.77,STATIC,115.67,STATIC,110.42,STATIC,174.16,STATIC
61.1,1829,136.44,EXTENSION,116.86,STATIC,77.37,STATIC,25.23,STATIC,104.92,STATIC,116.74,STATIC,110.74,STATIC,174.75,STATIC
61.13333333333334,1830,118.67,FLEXION,115.80,STATIC,77.35,STATIC,24.90,STATIC,104.65,STATIC,116.93,STATIC,110.68,STATIC,175.25,STATIC
61.16666666666667,1831,119.16,STATIC,115.20,STATIC,77.36,STATIC,24.50,STATIC,104.50,STATIC,117.72,STATIC,110.69,STATIC,174.97,STATIC
61.2,1832,119.17,STATIC,114.14,STATIC,77.50,STATIC,24.38,STATIC,104.52,STATIC,119.24,STATIC,110.61,STATIC,173.97,STATIC
61.233333333333334,1833,118.24,STATIC,112.92,STATIC,77.67,STATIC,23.97,STATIC,104.18,STATIC,120.14,STATIC,110.23,STATIC,173.85,STATIC
61.26666666666667,1834,120.95,STATIC,112.45,STATIC,77.87,STATIC,23.60,STATIC,103.99,STATIC,120.12,STATIC,110.76,STATIC,174.10,STATIC
61.300000000000004,1835,132.51,EXTENSION,112.14,STATIC,77.92,STATIC,23.88,STATIC,104.12,STATIC,118.93,STATIC,111.36,STATIC,175.94,STATIC
61.333333333333336,1836,131.39,STATIC,113.17,STATIC,77.90,STATIC,24.08,STATIC,104.14,STATIC,117.43,STATIC,110.39,STATIC,177.57,STATIC
61.36666666666667,1837,140.78,EXTENSION,113.56,STATIC,78.09,STATIC,24.34,STATIC,104.18,STATIC,116.02,STATIC,109.51,STATIC,177.22,STATIC
61.400000000000006,1838,145.58,STATIC,114.25,STATIC,78.07,STATIC,24.45,STATIC,104.35,STATIC,115.33,STATIC,109.06,STATIC,176.19,STATIC
61.43333333333334,1839,142.28,STATIC,113.74,STATIC,78.06,STATIC,24.24,STATIC,104.39,STATIC,114.93,STATIC,108.44,STATIC,175.49,STATIC
61.46666666666667,1840,130.01,FLEXION,112.90,STATIC,78.00,STATIC,24.05,STATIC,104.24,STATIC,114.14,STATIC,108.39,STATIC,174.21,STATIC
61.50000000000001,1841,130.39,STATIC,112.00,STATIC,78.04,STATIC,23.80,STATIC,104.13,STATIC,113.69,STATIC,108.30,STATIC,173.48,STATIC
61.53333333333334,1842,133.63,STATIC,111.28,STATIC,78.20,STATIC,23.85,STATIC,104.01,STATIC,112.99,STATIC,108.19,STATIC,172.19,STATIC
61.56666666666667,1843,132.37,STATIC,110.80,STATIC,78.43,STATIC,23.77,STATIC,103.77,STATIC,112.57,STATIC,108.10,STATIC,171.36,STATIC
61.6,1844,134.40,STATIC,110.52,STATIC,78.66,STATIC,23.86,STATIC,103.60,STATIC,112.08,STATIC,108.07,STATIC,170.31,STATIC
61.63333333333334,1845,133.27,STATIC,110.02,STATIC,78.81,STATIC,23.85,STATIC,103.43,STATIC,111.71,STATIC,108.07,STATIC,169.58,STATIC
61.66666666666667,1846,134.14,STATIC,109.20,STATIC,78.96,STATIC,23.78,STATIC,103.28,STATIC,111.36,STATIC,108.18,STATIC,168.99,STATIC
61.7,1847,136.24,STATIC,108.32,STATIC,79.12,STATIC,23.65,STATIC,103.18,STATIC,111.25,STATIC,108.06,STATIC,169.25,STATIC
61.733333333333334,1848,134.80,STATIC,107.74,STATIC,79.20,STATIC,23.59,STATIC,103.02,STATIC,111.14,STATIC,107.65,STATIC,169.40,STATIC
61.76666666666667,1849,135.00,STATIC,107.18,STATIC,79.25,STATIC,23.47,STATIC,102.94,STATIC,111.04,STATIC,107.36,STATIC,169.24,STATIC
61.800000000000004,1850,135.16,STATIC,106.58,STATIC,79.36,STATIC,23.35,STATIC,102.85,STATIC,111.17,STATIC,107.18,STATIC,169.76,STATIC
61.833333333333336,1851,135.62,STATIC,106.40,STATIC,79.45,STATIC,23.34,STATIC,102.75,STATIC,110.86,STATIC,107.10,STATIC,168.97,STATIC
61.86666666666667,1852,134.59,STATIC,106.51,STATIC,79.56,STATIC,23.47,STATIC,102.48,STATIC,110.66,STATIC,106.74,STATIC,168.72,STATIC
61.900000000000006,1853,132.01,STATIC,106.89,STATIC,79.58,STATIC,23.74,STATIC,102.35,STATIC,110.30,STATIC,106.41,STATIC,167.81,STATIC
61.93333333333334,1854,131.92,STATIC,107.21,STATIC,79.64,STATIC,23.91,STATIC,102.22,STATIC,109.96,STATIC,106.14,STATIC,166.87,STATIC
61.96666666666667,1855,131.39,STATIC,107.54,STATIC,79.69,STATIC,24.12,STATIC,102.15,STATIC,109.54,STATIC,106.00,STATIC,165.66,STATIC
62.00000000000001,1856,131.28,STATIC,107.88,STATIC,79.75,STATIC,24.27,STATIC,102.11,STATIC,109.29,STATIC,105.84,STATIC,164.87,STATIC
62.03333333333334,1857,131.36,STATIC,108.42,STATIC,79.80,STATIC,24.18,STATIC,102.07,STATIC,109.13,STATIC,105.89,STATIC,163.87,STATIC
62.06666666666667,1858,130.38,STATIC,108.99,STATIC,79.78,STATIC,24.44,STATIC,102.07,STATIC,108.86,STATIC,105.80,STATIC,162.89,STATIC
62.1,1859,130.04,STATIC,109.46,STATIC,79.75,STATIC,24.62,STATIC,102.09,STATIC,108.67,STATIC,105.78,STATIC,162.08,STATIC
62.13333333333334,1860,129.48,STATIC,109.79,STATIC,79.70,STATIC,24.73,STATIC,102.13,STATIC,108.84,STATIC,105.72,STATIC,161.91,STATIC
62.16666666666667,1861,129.23,STATIC,110.26,STATIC,79.74,STATIC,24.97,STATIC,102.10,STATIC,108.70,STATIC,105.72,STATIC,161.53,STATIC
62.2,1862,128.75,STATIC,110.90,STATIC,79.76,STATIC,25.09,STATIC,102.07,STATIC,108.51,STATIC,105.59,STATIC,160.83,STATIC
62.233333333333334,1863,128.58,STATIC,111.48,STATIC,79.80,STATIC,25.39,STATIC,102.04,STATIC,108.31,STATIC,105.43,STATIC,160.27,STATIC
62.26666666666667,1864,129.12,STATIC,111.76,STATIC,79.87,STATIC,25.53,STATIC,102.06,STATIC,108.30,STATIC,105.47,STATIC,160.06,STATIC
62.300000000000004,1865,128.15,STATIC,112.24,STATIC,79.85,STATIC,25.77,STATIC,102.05,STATIC,108.06,STATIC,105.28,STATIC,159.26,STATIC
62.333333333333336,1866,127.37,STATIC,112.73,STATIC,79.86,STATIC,26.01,STATIC,102.04,STATIC,107.83,STATIC,105.05,STATIC,158.28,STATIC
62.36666666666667,1867,128.71,STATIC,113.25,STATIC,79.82,STATIC,26.18,STATIC,102.12,STATIC,107.71,STATIC,104.94,STATIC,157.48,STATIC
62.400000000000006,1868,127.57,STATIC,113.37,STATIC,79.85,STATIC,26.22,STATIC,102.08,STATIC,107.65,STATIC,104.85,STATIC,157.47,STATIC
62.43333333333334,1869,127.88,STATIC,113.64,STATIC,79.89,STATIC,26.40,STATIC,102.05,STATIC,107.55,STATIC,104.73,STATIC,156.85,STATIC
62.46666666666667,1870,127.13,STATIC,113.69,STATIC,79.90,STATIC,26.47,STATIC,102.04,STATIC,107.44,STATIC,104.56,STATIC,156.29,STATIC
62.50000000000001,1871,128.86,STATIC,113.88,STATIC,79.94,STATIC,26.57,STATIC,102.04,STATIC,107.37,STATIC,104.55,STATIC,155.77,STATIC
62.53333333333334,1872,127.76,STATIC,114.01,STATIC,79.93,STATIC,26.61,STATIC,102.06,STATIC,107.34,STATIC,104.52,STATIC,155.44,STATIC
62.56666666666667,1873,127.22,STATIC,114.21,STATIC,79.93,STATIC,26.70,STATIC,102.06,STATIC,107.27,STATIC,104.39,STATIC,155.03,STATIC
62.6,1874,126.38,STATIC,114.33,STATIC,79.91,STATIC,26.76,STATIC,102.05,STATIC,107.25,STATIC,104.30,STATIC,154.85,STATIC
62.63333333333334,1875,126.23,STATIC,114.41,STATIC,79.92,STATIC,26.79,STATIC,102.04,STATIC,107.26,STATIC,104.22,STATIC,154.83,STATIC
62.66666666666667,1876,125.54,STATIC,114.34,STATIC,79.95,STATIC,26.82,STATIC,102.01,STATIC,107.24,STATIC,104.18,STATIC,154.86,STATIC
62.7,1877,125.82,STATIC,114.50,STATIC,79.99,STATIC,26.81,STATIC,101.97,STATIC,107.23,STATIC,104.15,STATIC,154.72,STATIC
62.733333333333334,1878,125.80,STATIC,114.49,STATIC,79.98,STATIC,26.80,STATIC,101.85,STATIC,107.32,STATIC,103.88,STATIC,154.94,STATIC
62.76666666666667,1879,124.70,STATIC,114.67,STATIC,80.02,STATIC,26.97,STATIC,101.80,STATIC,107.25,STATIC,103.79,STATIC,154.78,STATIC
62.800000000000004,1880,125.96,STATIC,114.57,STATIC,80.06,STATIC,26.90,STATIC,101.81,STATIC,107.40,STATIC,103.75,STATIC,155.30,STATIC
62.833333333333336,1881,126.11,STATIC,114.68,STATIC,80.09,STATIC,26.99,STATIC,101.72,STATIC,107.46,STATIC,103.84,STATIC,155.06,STATIC
62.866666666666674,1882,126.81,STATIC,114.57,STATIC,80.19,STATIC,26.98,STATIC,101.69,STATIC,107.55,STATIC,104.16,STATIC,155.65,STATIC
62.900000000000006,1883,127.61,STATIC,114.62,STATIC,80.27,STATIC,27.06,STATIC,101.67,STATIC,107.65,STATIC,104.36,STATIC,156.16,STATIC
62.93333333333334,1884,127.81,STATIC,114.64,STATIC,80.34,STATIC,27.14,STATIC,101.54,STATIC,107.71,STATIC,104.54,STATIC,156.60,STATIC
62.96666666666667,1885,128.06,STATIC,114.56,STATIC,80.37,STATIC,27.18,STATIC,101.38,STATIC,107.77,STATIC,104.43,STATIC,156.90,STATIC
63.00000000000001,1886,128.98,STATIC,114.34,STATIC,80.42,STATIC,27.06,STATIC,101.34,STATIC,107.77,STATIC,104.71,STATIC,156.92,STATIC
63.03333333333334,1887,129.55,STATIC,114.19,STATIC,80.41,STATIC,26.94,STATIC,101.32,STATIC,107.78,STATIC,105.09,STATIC,156.87,STATIC
63.06666666666667,1888,130.31,STATIC,113.93,STATIC,80.39,STATIC,26.76,STATIC,101.39,STATIC,107.82,STATIC,105.47,STATIC,156.93,STATIC
63.1,1889,130.85,STATIC,113.69,STATIC,80.28,STATIC,26.51,STATIC,101.50,STATIC,107.88,STATIC,105.67,STATIC,157.02,STATIC
63.13333333333334,1890,131.85,STATIC,113.21,STATIC,80.26,STATIC,26.27,STATIC,101.45,STATIC,107.90,STATIC,106.96,STATIC,157.12,STATIC
63.16666666666667,1891,132.45,STATIC,112.93,STATIC,80.29,STATIC,26.11,STATIC,101.39,STATIC,107.97,STATIC,106.84,STATIC,157.54,STATIC
63.2,1892,133.55,STATIC,112.73,STATIC,80.29,STATIC,26.00,STATIC,101.28,STATIC,107.88,STATIC,107.37,STATIC,157.42,STATIC
63.233333333333334,1893,135.97,STATIC,112.55,STATIC,80.33,STATIC,25.98,STATIC,101.17,STATIC,107.81,STATIC,107.47,STATIC,157.67,STATIC
63.26666666666667,1894,135.74,STATIC,112.78,STATIC,80.36,STATIC,26.11,STATIC,101.17,STATIC,107.73,STATIC,107.37,STATIC,157.44,STATIC
63.300000000000004,1895,135.45,STATIC,112.85,STATIC,80.37,STATIC,26.15,STATIC,101.17,STATIC,107.68,STATIC,107.25,STATIC,157.22,STATIC
63.333333333333336,1896,134.87,STATIC,112.84,STATIC,80.38,STATIC,26.17,STATIC,101.15,STATIC,107.60,STATIC,107.05,STATIC,156.95,STATIC
63.366666666666674,1897,134.72,STATIC,112.68,STATIC,80.32,STATIC,26.01,STATIC,101.19,STATIC,107.54,STATIC,106.75,STATIC,156.70,STATIC
63.400000000000006,1898,133.81,STATIC,112.61,STATIC,80.31,STATIC,25.95,STATIC,101.30,STATIC,107.49,STATIC,106.87,STATIC,156.64,STATIC
63.43333333333334,1899,133.42,STATIC,112.57,STATIC,80.33,STATIC,25.92,STATIC,101.32,STATIC,107.44,STATIC,108.12,STATIC,156.53,STATIC
63.46666666666667,1900,133.37,STATIC,112.44,STATIC,80.38,STATIC,25.92,STATIC,101.30,STATIC,107.37,STATIC,107.77,STATIC,156.44,STATIC
63.50000000000001,1901,133.59,STATIC,112.44,STATIC,80.43,STATIC,25.99,STATIC,101.28,STATIC,107.32,STATIC,107.69,STATIC,156.22,STATIC
63.53333333333334,1902,134.00,STATIC,112.39,STATIC,80.49,STATIC,26.08,STATIC,101.25,STATIC,107.35,STATIC,109.35,STATIC,156.44,STATIC
63.56666666666667,1903,133.98,STATIC,112.18,STATIC,80.56,STATIC,26.03,STATIC,101.23,STATIC,107.40,STATIC,108.37,STATIC,157.07,STATIC
63.6,1904,134.00,STATIC,112.17,STATIC,80.63,STATIC,26.05,STATIC,101.18,STATIC,107.42,STATIC,109.40,STATIC,157.48,STATIC
63.63333333333334,1905,134.61,STATIC,112.07,STATIC,80.69,STATIC,25.97,STATIC,101.19,STATIC,107.43,STATIC,108.82,STATIC,157.92,STATIC
63.66666666666667,1906,134.35,STATIC,111.84,STATIC,80.69,STATIC,25.87,STATIC,101.18,STATIC,107.41,STATIC,108.56,STATIC,157.97,STATIC
63.7,1907,134.83,STATIC,111.85,STATIC,80.70,STATIC,25.81,STATIC,101.11,STATIC,107.43,STATIC,108.30,STATIC,158.23,STATIC
63.733333333333334,1908,135.59,STATIC,111.76,STATIC,80.72,STATIC,25.73,STATIC,101.06,STATIC,107.48,STATIC,108.10,STATIC,158.43,STATIC
63.76666666666667,1909,134.97,STATIC,111.86,STATIC,80.70,STATIC,25.70,STATIC,101.06,STATIC,107.47,STATIC,107.94,STATIC,158.35,STATIC
63.800000000000004,1910,134.97,STATIC,111.76,STATIC,80.64,STATIC,25.55,STATIC,101.10,STATIC,107.45,STATIC,107.89,STATIC,157.92,STATIC
63.833333333333336,1911,135.13,STATIC,111.59,STATIC,80.57,STATIC,25.38,STATIC,101.14,STATIC,107.39,STATIC,107.96,STATIC,157.55,STATIC
63.866666666666674,1912,134.74,STATIC,111.51,STATIC,80.52,STATIC,25.32,STATIC,101.19,STATIC,107.35,STATIC,108.12,STATIC,157.35,STATIC
63.900000000000006,1913,134.65,STATIC,111.27,STATIC,80.46,STATIC,25.17,STATIC,101.21,STATIC,107.25,STATIC,108.03,STATIC,157.24,STATIC
63.93333333333334,1914,134.58,STATIC,110.88,STATIC,80.45,STATIC,25.12,STATIC,101.24,STATIC,107.20,STATIC,108.01,STATIC,157.17,STATIC
63.96666666666667,1915,134.49,STATIC,110.50,STATIC,80.39,STATIC,25.02,STATIC,101.29,STATIC,107.14,STATIC,108.04,STATIC,157.21,STATIC
64.0,1916,134.04,STATIC,110.30,STATIC,80.35,STATIC,24.92,STATIC,101.20,STATIC,107.13,STATIC,107.76,STATIC,157.11,STATIC
64.03333333333333,1917,133.49,STATIC,110.19,STATIC,80.33,STATIC,24.80,STATIC,101.28,STATIC,107.31,STATIC,107.85,STATIC,157.96,STATIC
64.06666666666668,1918,132.85,STATIC,110.32,STATIC,80.26,STATIC,24.83,STATIC,101.43,STATIC,107.41,STATIC,107.93,STATIC,157.98,STATIC
64.10000000000001,1919,132.67,STATIC,110.31,STATIC,80.20,STATIC,24.78,STATIC,101.50,STATIC,107.47,STATIC,107.96,STATIC,158.02,STATIC
64.13333333333334,1920,134.06,STATIC,110.24,STATIC,80.19,STATIC,24.75,STATIC,101.55,STATIC,107.37,STATIC,108.00,STATIC,157.50,STATIC
64.16666666666667,1921,133.60,STATIC,110.20,STATIC,80.18,STATIC,24.72,STATIC,101.55,STATIC,107.23,STATIC,107.98,STATIC,156.97,STATIC
64.2,1922,133.32,STATIC,110.37,STATIC,80.16,STATIC,24.74,STATIC,101.55,STATIC,107.16,STATIC,107.87,STATIC,156.37,STATIC
64.23333333333333,1923,133.47,STATIC,110.46,STATIC,80.15,STATIC,24.82,STATIC,101.51,STATIC,107.06,STATIC,107.89,STATIC,156.00,STATIC
64.26666666666667,1924,135.08,STATIC,110.49,STATIC,80.19,STATIC,24.87,STATIC,101.24,STATIC,106.88,STATIC,109.35,STATIC,155.56,STATIC
64.3,1925,135.00,STATIC,110.75,STATIC,80.21,STATIC,25.08,STATIC,101.12,STATIC,106.69,STATIC,108.72,STATIC,154.96,STATIC
64.33333333333334,1926,134.97,STATIC,110.75,STATIC,80.25,STATIC,25.12,STATIC,101.06,STATIC,106.56,STATIC,108.60,STATIC,154.58,STATIC
64.36666666666667,1927,135.24,STATIC,110.88,STATIC,80.28,STATIC,25.28,STATIC,100.96,STATIC,106.42,STATIC,108.42,STATIC,154.07,STATIC
64.4,1928,135.15,STATIC,110.82,STATIC,80.33,STATIC,25.28,STATIC,100.95,STATIC,106.45,STATIC,108.26,STATIC,154.57,STATIC
64.43333333333334,1929,134.65,STATIC,110.90,STATIC,80.36,STATIC,25.41,STATIC,101.09,STATIC,106.50,STATIC,108.32,STATIC,154.43,STATIC
64.46666666666667,1930,134.34,STATIC,110.78,STATIC,80.43,STATIC,25.46,STATIC,101.10,STATIC,106.53,STATIC,108.50,STATIC,154.53,STATIC
64.5,1931,133.99,STATIC,110.82,STATIC,80.50,STATIC,25.60,STATIC,101.01,STATIC,106.54,STATIC,108.39,STATIC,154.76,STATIC
64.53333333333333,1932,134.27,STATIC,110.77,STATIC,80.57,STATIC,25.71,STATIC,100.89,STATIC,106.49,STATIC,108.46,STATIC,154.72,STATIC
64.56666666666668,1933,133.84,STATIC,110.89,STATIC,80.63,STATIC,25.87,STATIC,100.77,STATIC,106.42,STATIC,108.56,STATIC,154.56,STATIC
64.60000000000001,1934,133.73,STATIC,111.00,STATIC,80.66,STATIC,26.00,STATIC,100.71,STATIC,106.36,STATIC,108.85,STATIC,154.56,STATIC
64.63333333333334,1935,134.27,STATIC,110.81,STATIC,80.70,STATIC,25.95,STATIC,100.66,STATIC,106.47,STATIC,108.96,STATIC,155.66,STATIC
64.66666666666667,1936,138.11,STATIC,110.92,STATIC,80.85,STATIC,25.96,STATIC,100.60,STATIC,106.55,STATIC,109.36,STATIC,156.49,STATIC
64.7,1937,136.66,STATIC,111.16,STATIC,80.90,STATIC,25.90,STATIC,100.55,STATIC,106.58,STATIC,109.57,STATIC,157.11,STATIC
64.73333333333333,1938,136.28,STATIC,111.30,STATIC,80.93,STATIC,25.97,STATIC,100.49,STATIC,106.52,STATIC,111.33,STATIC,156.89,STATIC
64.76666666666667,1939,135.07,STATIC,111.35,STATIC,80.86,STATIC,25.86,STATIC,100.45,STATIC,106.57,STATIC,110.49,STATIC,156.73,STATIC
64.8,1940,135.92,STATIC,111.73,STATIC,80.81,STATIC,25.82,STATIC,100.48,STATIC,106.60,STATIC,109.91,STATIC,156.49,STATIC
64.83333333333334,1941,136.72,STATIC,111.94,STATIC,80.80,STATIC,25.89,STATIC,100.48,STATIC,106.52,STATIC,109.62,STATIC,156.08,STATIC
64.86666666666667,1942,137.07,STATIC,111.96,STATIC,80.77,STATIC,25.85,STATIC,100.47,STATIC,106.59,STATIC,109.44,STATIC,156.25,STATIC
64.9,1943,137.91,STATIC,111.85,STATIC,80.79,STATIC,25.83,STATIC,100.47,STATIC,106.64,STATIC,109.21,STATIC,156.17,STATIC
64.93333333333334,1944,137.81,STATIC,111.84,STATIC,80.79,STATIC,25.75,STATIC,100.48,STATIC,106.77,STATIC,109.19,STATIC,156.18,STATIC
64.96666666666667,1945,138.19,STATIC,111.88,STATIC,80.80,STATIC,25.73,STATIC,100.53,STATIC,106.91,STATIC,110.71,STATIC,156.15,STATIC
65.0,1946,137.71,STATIC,111.99,STATIC,80.82,STATIC,25.72,STATIC,100.51,STATIC,106.96,STATIC,111.20,STATIC,156.05,STATIC
65.03333333333333,1947,137.24,STATIC,112.19,STATIC,80.83,STATIC,25.78,STATIC,100.50,STATIC,107.04,STATIC,109.44,STATIC,155.87,STATIC
65.06666666666668,1948,137.05,STATIC,112.22,STATIC,80.78,STATIC,25.71,STATIC,100.70,STATIC,107.04,STATIC,109.42,STATIC,155.53,STATIC
65.10000000000001,1949,137.07,STATIC,112.22,STATIC,80.76,STATIC,25.66,STATIC,100.84,STATIC,107.03,STATIC,109.60,STATIC,155.30,STATIC
65.13333333333334,1950,136.91,STATIC,112.34,STATIC,80.71,STATIC,25.65,STATIC,100.90,STATIC,107.08,STATIC,109.65,STATIC,155.31,STATIC
65.16666666666667,1951,136.93,STATIC,112.37,STATIC,80.72,STATIC,25.71,STATIC,100.86,STATIC,107.09,STATIC,111.77,STATIC,155.31,STATIC
65.2,1952,137.71,STATIC,112.16,STATIC,80.76,STATIC,25.65,STATIC,100.84,STATIC,107.14,STATIC,110.82,STATIC,155.52,STATIC
65.23333333333333,1953,137.74,STATIC,112.07,STATIC,80.81,STATIC,25.65,STATIC,100.80,STATIC,107.16,STATIC,110.73,STATIC,155.66,STATIC
65.26666666666667,1954,137.18,STATIC,112.12,STATIC,80.82,STATIC,25.83,STATIC,100.77,STATIC,107.17,STATIC,110.52,STATIC,155.64,STATIC
65.3,1955,135.75,STATIC,112.04,STATIC,80.71,STATIC,25.88,STATIC,100.82,STATIC,107.18,STATIC,112.49,STATIC,155.80,STATIC
65.33333333333334,1956,136.32,STATIC,111.76,STATIC,80.75,STATIC,25.91,STATIC,100.76,STATIC,107.41,STATIC,111.72,STATIC,157.31,STATIC
65.36666666666667,1957,136.24,STATIC,111.84,STATIC,80.74,STATIC,25.98,STATIC,100.70,STATIC,107.59,STATIC,112.53,STATIC,158.17,STATIC
65.4,1958,136.24,STATIC,111.85,STATIC,80.73,STATIC,26.02,STATIC,100.67,STATIC,107.74,STATIC,112.74,STATIC,158.76,STATIC
65.43333333333334,1959,135.82,STATIC,111.73,STATIC,80.68,STATIC,25.90,STATIC,100.68,STATIC,107.83,STATIC,110.85,STATIC,159.19,STATIC
65.46666666666667,1960,135.39,STATIC,111.62,STATIC,80.66,STATIC,25.74,STATIC,100.79,STATIC,107.91,STATIC,110.40,STATIC,159.21,STATIC
65.5,1961,135.59,STATIC,111.70,STATIC,80.69,STATIC,25.78,STATIC,100.75,STATIC,108.11,STATIC,110.71,STATIC,159.52,STATIC
65.53333333333333,1962,136.27,STATIC,111.69,STATIC,80.71,STATIC,25.78,STATIC,100.73,STATIC,108.23,STATIC,112.46,STATIC,159.62,STATIC
65.56666666666668,1963,136.49,STATIC,111.83,STATIC,80.72,STATIC,25.96,STATIC,100.61,STATIC,108.24,STATIC,110.98,STATIC,159.75,STATIC
65.60000000000001,1964,136.54,STATIC,111.85,STATIC,80.85,STATIC,26.05,STATIC,100.54,STATIC,108.30,STATIC,110.29,STATIC,159.86,STATIC
65.63333333333334,1965,136.96,STATIC,111.86,STATIC,80.92,STATIC,26.13,STATIC,100.45,STATIC,108.31,STATIC,109.70,STATIC,160.10,STATIC
65.66666666666667,1966,137.01,STATIC,111.91,STATIC,80.97,STATIC,26.29,STATIC,100.41,STATIC,108.42,STATIC,109.45,STATIC,160.39,STATIC
65.7,1967,135.66,STATIC,112.04,STATIC,80.98,STATIC,26.44,STATIC,100.39,STATIC,108.47,STATIC,111.14,STATIC,160.59,STATIC
65.73333333333333,1968,136.29,STATIC,112.12,STATIC,80.98,STATIC,26.65,STATIC,100.40,STATIC,108.49,STATIC,109.79,STATIC,160.67,STATIC
65.76666666666667,1969,137.61,STATIC,112.21,STATIC,81.00,STATIC,26.77,STATIC,100.41,STATIC,108.49,STATIC,110.67,STATIC,160.65,STATIC
65.8,1970,137.33,STATIC,112.18,STATIC,81.02,STATIC,26.74,STATIC,100.41,STATIC,108.53,STATIC,110.58,STATIC,160.59,STATIC
65.83333333333334,1971,136.79,STATIC,112.30,STATIC,81.02,STATIC,26.81,STATIC,100.41,STATIC,108.57,STATIC,108.56,STATIC,160.44,STATIC
65.86666666666667,1972,136.05,STATIC,112.16,STATIC,81.00,STATIC,26.69,STATIC,100.44,STATIC,108.64,STATIC,107.60,STATIC,160.31,STATIC
65.9,1973,135.35,STATIC,112.19,STATIC,80.97,STATIC,26.59,STATIC,100.43,STATIC,108.53,STATIC,107.17,STATIC,159.50,STATIC
65.93333333333334,1974,134.93,STATIC,112.14,STATIC,80.98,STATIC,26.45,STATIC,100.46,STATIC,108.46,STATIC,106.89,STATIC,158.98,STATIC
65.96666666666667,1975,135.09,STATIC,112.42,STATIC,80.99,STATIC,26.58,STATIC,100.44,STATIC,108.37,STATIC,106.86,STATIC,158.52,STATIC
66.0,1976,134.74,STATIC,112.89,STATIC,80.99,STATIC,26.84,STATIC,100.41,STATIC,108.16,STATIC,106.85,STATIC,157.78,STATIC
66.03333333333333,1977,134.89,STATIC,113.08,STATIC,80.96,STATIC,26.91,STATIC,100.44,STATIC,108.11,STATIC,106.72,STATIC,157.49,STATIC
66.06666666666668,1978,134.34,STATIC,113.40,STATIC,80.93,STATIC,26.93,STATIC,100.44,STATIC,107.94,STATIC,106.36,STATIC,156.88,STATIC
66.10000000000001,1979,133.45,STATIC,113.70,STATIC,80.96,STATIC,27.09,STATIC,100.41,STATIC,107.76,STATIC,106.29,STATIC,156.53,STATIC
66.13333333333334,1980,133.02,STATIC,113.75,STATIC,81.00,STATIC,27.16,STATIC,100.39,STATIC,107.71,STATIC,106.28,STATIC,156.43,STATIC
66.16666666666667,1981,132.72,STATIC,113.66,STATIC,81.06,STATIC,27.20,STATIC,100.38,STATIC,107.65,STATIC,107.73,STATIC,156.49,STATIC
66.2,1982,132.45,STATIC,113.81,STATIC,81.06,STATIC,27.27,STATIC,100.37,STATIC,107.61,STATIC,107.05,STATIC,156.59,STATIC
66.23333333333333,1983,131.58,STATIC,113.78,STATIC,81.09,STATIC,27.27,STATIC,100.35,STATIC,107.65,STATIC,106.61,STATIC,156.98,STATIC
66.26666666666667,1984,130.60,STATIC,113.92,STATIC,81.14,STATIC,27.38,STATIC,100.34,STATIC,107.59,STATIC,107.70,STATIC,156.79,STATIC
66.3,1985,130.07,STATIC,113.92,STATIC,81.16,STATIC,27.42,STATIC,100.35,STATIC,107.58,STATIC,106.85,STATIC,156.62,STATIC
66.33333333333334,1986,129.57,STATIC,113.86,STATIC,81.21,STATIC,27.47,STATIC,100.35,STATIC,107.59,STATIC,106.59,STATIC,156.58,STATIC
66.36666666666667,1987,129.29,STATIC,113.79,STATIC,81.25,STATIC,27.54,STATIC,100.34,STATIC,107.52,STATIC,106.50,STATIC,156.29,STATIC
66.4,1988,129.13,STATIC,113.52,STATIC,81.30,STATIC,27.49,STATIC,100.31,STATIC,107.58,STATIC,106.23,STATIC,156.12,STATIC
66.43333333333334,1989,128.60,STATIC,113.44,STATIC,81.34,STATIC,27.48,STATIC,100.30,STATIC,107.64,STATIC,106.04,STATIC,156.05,STATIC
66.46666666666667,1990,128.27,STATIC,113.37,STATIC,81.38,STATIC,27.48,STATIC,100.25,STATIC,107.57,STATIC,105.75,STATIC,155.90,STATIC
66.5,1991,128.06,STATIC,113.50,STATIC,81.40,STATIC,27.57,STATIC,100.18,STATIC,107.38,STATIC,105.38,STATIC,155.34,STATIC
66.53333333333333,1992,127.78,STATIC,113.54,STATIC,81.43,STATIC,27.60,STATIC,100.14,STATIC,107.34,STATIC,105.31,STATIC,155.32,STATIC
66.56666666666668,1993,127.50,STATIC,113.61,STATIC,81.47,STATIC,27.64,STATIC,100.09,STATIC,107.30,STATIC,105.29,STATIC,155.14,STATIC
66.60000000000001,1994,127.60,STATIC,113.70,STATIC,81.48,STATIC,27.69,STATIC,100.09,STATIC,107.38,STATIC,105.44,STATIC,155.13,STATIC
66.63333333333334,1995,127.86,STATIC,113.61,STATIC,81.49,STATIC,27.65,STATIC,100.08,STATIC,107.37,STATIC,105.39,STATIC,155.08,STATIC
66.66666666666667,1996,127.78,STATIC,113.84,STATIC,81.51,STATIC,27.78,STATIC,100.07,STATIC,107.40,STATIC,105.65,STATIC,155.37,STATIC
66.7,1997,127.51,STATIC,114.17,STATIC,81.53,STATIC,28.03,STATIC,100.03,STATIC,107.33,STATIC,105.70,STATIC,155.16,STATIC
66.73333333333333,1998,127.30,STATIC,114.34,STATIC,81.55,STATIC,28.18,STATIC,100.01,STATIC,107.31,STATIC,105.67,STATIC,155.22,STATIC
66.76666666666667,1999,126.72,STATIC,114.38,STATIC,81.59,STATIC,28.26,STATIC,99.99,STATIC,107.25,STATIC,105.44,STATIC,155.27,STATIC
66.80000000000001,2000,126.22,STATIC,114.53,STATIC,81.61,STATIC,28.38,STATIC,99.96,STATIC,107.15,STATIC,105.33,STATIC,155.23,STATIC
66.83333333333334,2001,126.05,STATIC,114.51,STATIC,81.62,STATIC,28.37,STATIC,99.97,STATIC,107.21,STATIC,105.24,STATIC,155.41,STATIC
66.86666666666667,2002,125.99,STATIC,114.64,STATIC,81.63,STATIC,28.45,STATIC,99.96,STATIC,107.26,STATIC,105.16,STATIC,155.53,STATIC
66.9,2003,125.58,STATIC,114.83,STATIC,81.61,STATIC,28.54,STATIC,99.98,STATIC,107.21,STATIC,104.96,STATIC,155.48,STATIC
66.93333333333334,2004,125.73,STATIC,114.83,STATIC,81.56,STATIC,28.51,STATIC,100.02,STATIC,107.24,STATIC,104.81,STATIC,155.59,STATIC
66.96666666666667,2005,126.25,STATIC,114.97,STATIC,81.51,STATIC,28.55,STATIC,100.04,STATIC,107.16,STATIC,105.90,STATIC,155.47,STATIC
67.0,2006,126.40,STATIC,114.88,STATIC,81.48,STATIC,28.47,STATIC,100.09,STATIC,107.16,STATIC,106.44,STATIC,155.76,STATIC
67.03333333333333,2007,126.73,STATIC,114.89,STATIC,81.48,STATIC,28.43,STATIC,100.11,STATIC,107.29,STATIC,106.70,STATIC,161.14,EXTENSION
67.06666666666668,2008,125.84,STATIC,114.80,STATIC,81.48,STATIC,28.43,STATIC,100.09,STATIC,107.38,STATIC,106.28,STATIC,160.17,STATIC
67.10000000000001,2009,125.11,STATIC,114.80,STATIC,81.49,STATIC,28.47,STATIC,100.08,STATIC,107.50,STATIC,107.01,STATIC,158.96,STATIC
67.13333333333334,2010,124.53,STATIC,115.01,STATIC,81.47,STATIC,28.61,STATIC,100.09,STATIC,107.53,STATIC,107.10,STATIC,158.65,STATIC
67.16666666666667,2011,124.30,STATIC,115.04,STATIC,81.46,STATIC,28.65,STATIC,100.09,STATIC,107.64,STATIC,106.06,STATIC,158.19,STATIC
67.2,2012,124.08,STATIC,114.96,STATIC,81.46,STATIC,28.62,STATIC,100.13,STATIC,107.63,STATIC,105.86,STATIC,157.84,STATIC
67.23333333333333,2013,123.98,STATIC,114.75,STATIC,81.45,STATIC,28.48,STATIC,100.12,STATIC,107.56,STATIC,105.81,STATIC,157.62,STATIC
67.26666666666667,2014,123.95,STATIC,114.40,STATIC,81.47,STATIC,28.30,STATIC,100.11,STATIC,107.61,STATIC,107.51,STATIC,157.55,STATIC
67.30000000000001,2015,123.11,STATIC,114.20,STATIC,81.48,STATIC,28.18,STATIC,100.10,STATIC,107.60,STATIC,108.19,STATIC,157.46,STATIC
67.33333333333334,2016,122.28,STATIC,113.88,STATIC,81.44,STATIC,28.00,STATIC,100.08,STATIC,107.56,STATIC,106.72,STATIC,157.06,STATIC
67.36666666666667,2017,122.54,STATIC,113.68,STATIC,81.45,STATIC,27.89,STATIC,100.06,STATIC,107.63,STATIC,106.46,STATIC,157.27,STATIC
67.4,2018,122.54,STATIC,113.53,STATIC,81.47,STATIC,27.83,STATIC,100.06,STATIC,107.69,STATIC,106.47,STATIC,157.30,STATIC
67.43333333333334,2019,123.20,STATIC,113.47,STATIC,81.50,STATIC,27.85,STATIC,100.04,STATIC,107.76,STATIC,106.68,STATIC,157.32,STATIC
67.46666666666667,2020,123.45,STATIC,113.35,STATIC,81.52,STATIC,27.82,STATIC,100.03,STATIC,107.82,STATIC,106.89,STATIC,157.53,STATIC
67.5,2021,123.95,STATIC,113.36,STATIC,81.56,STATIC,27.83,STATIC,100.04,STATIC,107.99,STATIC,107.22,STATIC,157.92,STATIC
67.53333333333333,2022,124.02,STATIC,113.27,STATIC,81.59,STATIC,27.78,STATIC,100.03,STATIC,108.11,STATIC,107.30,STATIC,158.49,STATIC
67.56666666666668,2023,124.38,STATIC,113.40,STATIC,81.60,STATIC,27.80,STATIC,100.03,STATIC,108.11,STATIC,107.11,STATIC,158.44,STATIC
67.60000000000001,2024,124.37,STATIC,113.28,STATIC,81.63,STATIC,27.75,STATIC,100.00,STATIC,108.09,STATIC,107.07,STATIC,159.08,STATIC
67.63333333333334,2025,124.75,STATIC,113.34,STATIC,81.63,STATIC,27.78,STATIC,99.99,STATIC,108.00,STATIC,107.13,STATIC,158.67,STATIC
67.66666666666667,2026,127.02,STATIC,113.03,STATIC,81.64,STATIC,27.72,STATIC,99.95,STATIC,107.88,STATIC,107.06,STATIC,159.12,STATIC
67.7,2027,128.31,STATIC,112.80,STATIC,81.61,STATIC,27.58,STATIC,99.99,STATIC,107.92,STATIC,107.27,STATIC,159.09,STATIC
67.73333333333333,2028,129.46,STATIC,112.82,STATIC,81.62,STATIC,27.58,STATIC,99.99,STATIC,107.80,STATIC,107.50,STATIC,158.75,STATIC
67.76666666666667,2029,129.99,STATIC,112.73,STATIC,81.62,STATIC,27.58,STATIC,99.97,STATIC,107.62,STATIC,107.50,STATIC,158.28,STATIC
67.80000000000001,2030,130.45,STATIC,112.96,STATIC,81.61,STATIC,27.72,STATIC,99.96,STATIC,107.52,STATIC,107.40,STATIC,158.20,STATIC
67.83333333333334,2031,130.86,STATIC,113.27,STATIC,81.58,STATIC,27.92,STATIC,99.97,STATIC,107.58,STATIC,109.19,STATIC,158.21,STATIC
67.86666666666667,2032,131.31,STATIC,113.69,STATIC,81.55,STATIC,28.06,STATIC,99.98,STATIC,107.63,STATIC,108.73,STATIC,158.19,STATIC
67.9,2033,130.85,STATIC,113.79,STATIC,81.54,STATIC,28.10,STATIC,99.98,STATIC,107.62,STATIC,108.27,STATIC,158.17,STATIC
67.93333333333334,2034,131.33,STATIC,113.79,STATIC,81.54,STATIC,28.02,STATIC,99.98,STATIC,107.64,STATIC,108.20,STATIC,158.29,STATIC
67.96666666666667,2035,131.31,STATIC,113.84,STATIC,81.56,STATIC,27.98,STATIC,100.00,STATIC,107.66,STATIC,108.22,STATIC,158.37,STATIC
68.0,2036,130.78,STATIC,113.84,STATIC,81.58,STATIC,27.95,STATIC,100.02,STATIC,107.75,STATIC,108.07,STATIC,158.60,STATIC
68.03333333333333,2037,130.39,STATIC,113.77,STATIC,81.61,STATIC,27.84,STATIC,100.05,STATIC,107.88,STATIC,108.14,STATIC,158.99,STATIC
68.06666666666668,2038,130.25,STATIC,114.05,STATIC,81.62,STATIC,27.86,STATIC,100.03,STATIC,107.74,STATIC,109.77,STATIC,158.88,STATIC
68.10000000000001,2039,130.63,STATIC,114.22,STATIC,81.59,STATIC,27.78,STATIC,100.01,STATIC,107.63,STATIC,110.17,STATIC,158.68,STATIC
68.13333333333334,2040,130.39,STATIC,114.29,STATIC,81.57,STATIC,27.72,STATIC,99.99,STATIC,107.41,STATIC,109.18,STATIC,158.39,STATIC
68.16666666666667,2041,130.01,STATIC,114.32,STATIC,81.57,STATIC,27.66,STATIC,99.96,STATIC,107.22,STATIC,108.48,STATIC,157.89,STATIC
68.2,2042,129.59,STATIC,114.51,STATIC,81.58,STATIC,27.74,STATIC,99.97,STATIC,107.18,STATIC,108.64,STATIC,157.72,STATIC
68.23333333333333,2043,129.16,STATIC,114.65,STATIC,81.61,STATIC,27.85,STATIC,99.97,STATIC,107.12,STATIC,108.77,STATIC,157.57,STATIC
68.26666666666667,2044,128.91,STATIC,114.75,STATIC,81.65,STATIC,27.95,STATIC,99.94,STATIC,107.09,STATIC,110.68,STATIC,157.26,STATIC
68.30000000000001,2045,128.65,STATIC,114.78,STATIC,81.69,STATIC,27.95,STATIC,99.92,STATIC,107.24,STATIC,110.09,STATIC,158.01,STATIC
68.33333333333334,2046,128.29,STATIC,114.93,STATIC,81.72,STATIC,28.05,STATIC,99.90,STATIC,107.26,STATIC,109.63,STATIC,158.43,STATIC
68.36666666666667,2047,128.01,STATIC,115.17,STATIC,81.76,STATIC,28.18,STATIC,99.85,STATIC,107.38,STATIC,109.49,STATIC,159.11,STATIC
68.4,2048,127.75,STATIC,115.37,STATIC,81.79,STATIC,28.32,STATIC,99.84,STATIC,107.46,STATIC,109.41,STATIC,159.59,STATIC
68.43333333333334,2049,127.41,STATIC,115.52,STATIC,81.82,STATIC,28.47,STATIC,99.82,STATIC,107.44,STATIC,109.39,STATIC,159.79,STATIC
68.46666666666667,2050,127.01,STATIC,115.65,STATIC,81.81,STATIC,28.59,STATIC,99.80,STATIC,107.27,STATIC,109.22,STATIC,159.50,STATIC
68.5,2051,126.45,STATIC,115.79,STATIC,81.77,STATIC,28.65,STATIC,99.83,STATIC,107.13,STATIC,108.97,STATIC,159.20,STATIC
68.53333333333333,2052,126.17,STATIC,116.09,STATIC,81.70,STATIC,28.73,STATIC,99.86,STATIC,106.85,STATIC,108.58,STATIC,158.56,STATIC
68.56666666666668,2053,126.16,STATIC,116.24,STATIC,81.65,STATIC,28.80,STATIC,99.90,STATIC,106.69,STATIC,108.22,STATIC,158.06,STATIC
68.60000000000001,2054,125.93,STATIC,116.45,STATIC,81.60,STATIC,28.87,STATIC,99.91,STATIC,106.55,STATIC,107.97,STATIC,157.47,STATIC
68.63333333333334,2055,126.69,STATIC,116.39,STATIC,81.62,STATIC,28.65,STATIC,99.90,STATIC,106.43,STATIC,107.98,STATIC,156.95,STATIC
68.66666666666667,2056,127.57,STATIC,116.12,STATIC,81.64,STATIC,28.38,STATIC,99.92,STATIC,106.29,STATIC,107.99,STATIC,156.18,STATIC
68.7,2057,127.42,STATIC,115.82,STATIC,81.59,STATIC,28.06,STATIC,99.97,STATIC,106.24,STATIC,108.04,STATIC,155.86,STATIC
68.73333333333333,2058,127.32,STATIC,115.50,STATIC,81.56,STATIC,27.79,STATIC,100.01,STATIC,106.18,STATIC,108.10,STATIC,155.53,STATIC
68.76666666666667,2059,126.97,STATIC,115.34,STATIC,81.52,STATIC,27.58,STATIC,100.07,STATIC,106.13,STATIC,108.11,STATIC,155.18,STATIC
68.80000000000001,2060,126.59,STATIC,115.41,STATIC,81.49,STATIC,27.48,STATIC,100.09,STATIC,106.07,STATIC,107.95,STATIC,154.79,STATIC
68.83333333333334,2061,125.95,STATIC,115.54,STATIC,81.45,STATIC,27.42,STATIC,100.10,STATIC,106.03,STATIC,107.78,STATIC,154.44,STATIC
68.86666666666667,2062,125.64,STATIC,115.40,STATIC,81.42,STATIC,27.33,STATIC,100.10,STATIC,106.06,STATIC,107.68,STATIC,154.51,STATIC
68.9,2063,125.49,STATIC,115.25,STATIC,81.41,STATIC,27.24,STATIC,100.13,STATIC,106.08,STATIC,107.81,STATIC,154.50,STATIC
68.93333333333334,2064,124.76,STATIC,115.36,STATIC,81.44,STATIC,27.30,STATIC,100.11,STATIC,106.19,STATIC,107.91,STATIC,154.71,STATIC
68.96666666666667,2065,124.64,STATIC,115.46,STATIC,81.44,STATIC,27.36,STATIC,100.09,STATIC,106.28,STATIC,108.16,STATIC,154.87,STATIC
69.0,2066,124.38,STATIC,115.68,STATIC,81.48,STATIC,27.50,STATIC,100.08,STATIC,106.38,STATIC,108.44,STATIC,155.37,STATIC
69.03333333333333,2067,124.18,STATIC,116.59,STATIC,81.50,STATIC,27.84,STATIC,100.09,STATIC,106.50,STATIC,108.65,STATIC,155.42,STATIC
69.06666666666668,2068,124.53,STATIC,116.62,STATIC,81.46,STATIC,27.74,STATIC,100.15,STATIC,106.68,STATIC,108.69,STATIC,155.74,STATIC
69.10000000000001,2069,123.36,STATIC,116.52,STATIC,81.41,STATIC,27.71,STATIC,100.18,STATIC,106.73,STATIC,108.46,STATIC,155.91,STATIC
69.13333333333334,2070,122.05,STATIC,116.04,STATIC,81.38,STATIC,27.59,STATIC,100.20,STATIC,106.72,STATIC,108.35,STATIC,156.25,STATIC
69.16666666666667,2071,121.02,STATIC,115.04,STATIC,81.32,STATIC,27.21,STATIC,100.25,STATIC,106.82,STATIC,108.73,STATIC,157.02,STATIC
69.2,2072,119.38,STATIC,115.23,STATIC,81.31,STATIC,26.04,STATIC,100.29,STATIC,106.83,STATIC,109.22,STATIC,157.47,STATIC
69.23333333333333,2073,115.19,STATIC,116.34,STATIC,81.24,STATIC,24.48,STATIC,100.32,STATIC,106.81,STATIC,110.03,STATIC,157.84,STATIC
69.26666666666667,2074,112.25,STATIC,116.23,STATIC,81.06,STATIC,22.54,STATIC,100.20,STATIC,106.90,STATIC,110.83,STATIC,158.93,STATIC
69.30000000000001,2075,111.20,STATIC,115.30,STATIC,80.92,STATIC,20.86,STATIC,100.13,STATIC,107.32,STATIC,111.28,STATIC,161.07,STATIC
69.33333333333334,2076,107.86,STATIC,112.76,STATIC,80.87,STATIC,18.42,STATIC,100.05,STATIC,107.77,STATIC,111.60,STATIC,163.26,STATIC
69.36666666666667,2077,106.21,STATIC,110.64,STATIC,80.76,STATIC,17.62,STATIC,100.27,STATIC,108.17,STATIC,111.49,STATIC,164.67,STATIC
69.4,2078,109.91,STATIC,110.02,STATIC,80.84,STATIC,18.74,STATIC,100.48,STATIC,108.31,STATIC,111.55,STATIC,164.43,STATIC
69.43333333333334,2079,93.97,FLEXION,110.58,STATIC,81.34,STATIC,24.56,EXTENSION,100.46,STATIC,108.33,STATIC,111.16,STATIC,164.77,STATIC
69.46666666666667,2080,69.65,FLEXION,112.93,STATIC,81.58,STATIC,30.39,EXTENSION,100.60,STATIC,107.99,STATIC,110.67,STATIC,163.10,STATIC
69.5,2081,51.67,FLEXION,116.10,STATIC,81.78,STATIC,31.92,STATIC,100.75,STATIC,107.72,STATIC,111.75,STATIC,164.89,STATIC
69.53333333333333,2082,39.57,FLEXION,119.78,STATIC,82.02,STATIC,33.44,STATIC,100.83,STATIC,107.61,STATIC,110.47,STATIC,165.69,STATIC
69.56666666666668,2083,29.30,FLEXION,122.44,STATIC,82.04,STATIC,35.71,STATIC,100.86,STATIC,107.48,STATIC,110.91,STATIC,167.37,STATIC
69.60000000000001,2084,23.80,FLEXION,126.61,STATIC,81.92,STATIC,36.47,STATIC,101.10,STATIC,108.32,STATIC,111.44,STATIC,169.87,STATIC
69.63333333333334,2085,22.22,STATIC,131.06,STATIC,81.80,STATIC,35.49,STATIC,101.15,STATIC,109.32,STATIC,110.44,STATIC,172.42,STATIC
69.66666666666667,2086,22.11,STATIC,135.78,STATIC,82.27,STATIC,32.09,STATIC,101.22,STATIC,109.81,STATIC,110.09,STATIC,172.85,STATIC
69.7,2087,16.71,FLEXION,140.34,STATIC,82.50,STATIC,31.59,STATIC,101.31,STATIC,109.47,STATIC,110.54,STATIC,172.29,STATIC
69.73333333333333,2088,17.00,STATIC,143.11,STATIC,82.74,STATIC,32.18,STATIC,101.75,STATIC,109.65,STATIC,110.97,STATIC,172.36,STATIC
69.76666666666667,2089,15.69,STATIC,146.43,STATIC,83.10,STATIC,32.58,STATIC,101.94,STATIC,109.48,STATIC,111.45,STATIC,172.01,STATIC
69.80000000000001,2090,14.95,STATIC,148.34,STATIC,84.28,STATIC,34.20,STATIC,101.62,STATIC,109.18,STATIC,111.71,STATIC,171.07,STATIC
69.83333333333334,2091,15.90,STATIC,150.66,STATIC,84.77,STATIC,35.22,STATIC,101.62,STATIC,108.84,STATIC,112.15,STATIC,170.34,STATIC
69.86666666666667,2092,16.63,STATIC,152.98,STATIC,85.10,STATIC,35.56,STATIC,101.58,STATIC,108.35,STATIC,112.27,STATIC,169.40,STATIC
69.9,2093,16.27,STATIC,155.52,STATIC,85.37,STATIC,35.14,STATIC,101.52,STATIC,108.13,STATIC,112.53,STATIC,168.69,STATIC
69.93333333333334,2094,17.88,STATIC,154.57,STATIC,85.42,STATIC,39.82,STATIC,101.50,STATIC,107.61,STATIC,115.18,STATIC,167.31,STATIC
69.96666666666667,2095,17.02,STATIC,155.46,STATIC,85.31,STATIC,40.38,STATIC,101.60,STATIC,107.34,STATIC,116.25,STATIC,167.50,STATIC
70.0,2096,18.59,STATIC,156.67,STATIC,85.07,STATIC,40.11,STATIC,101.58,STATIC,106.87,STATIC,116.41,STATIC,167.90,STATIC
70.03333333333333,2097,18.71,STATIC,157.61,STATIC,84.28,STATIC,39.01,STATIC,101.71,STATIC,106.59,STATIC,116.80,STATIC,168.20,STATIC
70.06666666666668,2098,16.49,STATIC,158.27,STATIC,83.96,STATIC,38.62,STATIC,101.88,STATIC,106.68,STATIC,118.24,STATIC,168.13,STATIC
70.10000000000001,2099,15.43,STATIC,157.99,STATIC,83.73,STATIC,38.65,STATIC,102.10,STATIC,106.64,STATIC,119.02,STATIC,167.66,STATIC
70.13333333333334,2100,17.52,STATIC,158.57,STATIC,82.37,STATIC,40.35,STATIC,102.28,STATIC,106.68,STATIC,118.50,STATIC,167.83,STATIC
70.16666666666667,2101,17.36,STATIC,158.14,STATIC,81.76,STATIC,40.92,STATIC,102.43,STATIC,106.90,STATIC,118.24,STATIC,168.59,STATIC
70.2,2102,17.15,STATIC,157.62,STATIC,81.50,STATIC,40.98,STATIC,102.62,STATIC,107.31,STATIC,118.37,STATIC,169.70,STATIC
70.23333333333333,2103,15.30,STATIC,156.55,STATIC,81.49,STATIC,40.80,STATIC,102.77,STATIC,107.71,STATIC,118.61,STATIC,171.07,STATIC
70.26666666666667,2104,12.77,STATIC,156.96,STATIC,81.19,STATIC,39.94,STATIC,102.90,STATIC,108.34,STATIC,119.00,STATIC,172.77,STATIC
70.30000000000001,2105,12.89,STATIC,157.21,STATIC,80.70,STATIC,39.39,STATIC,103.07,STATIC,108.99,STATIC,118.85,STATIC,173.70,STATIC
70.33333333333334,2106,12.49,STATIC,157.04,STATIC,80.23,STATIC,38.92,STATIC,103.19,STATIC,109.55,STATIC,118.99,STATIC,174.07,STATIC
70.36666666666667,2107,13.23,STATIC,157.16,STATIC,79.71,STATIC,38.75,STATIC,103.36,STATIC,110.03,STATIC,119.11,STATIC,174.62,STATIC
70.4,2108,13.50,STATIC,157.02,STATIC,79.51,STATIC,38.92,STATIC,103.52,STATIC,110.48,STATIC,119.01,STATIC,174.85,STATIC
70.43333333333334,2109,13.26,STATIC,157.47,STATIC,79.31,STATIC,39.02,STATIC,103.67,STATIC,110.97,STATIC,118.92,STATIC,173.63,STATIC
70.46666666666667,2110,13.70,STATIC,158.01,STATIC,79.10,STATIC,39.19,STATIC,103.76,STATIC,111.36,STATIC,118.94,STATIC,173.71,STATIC
70.5,2111,14.33,STATIC,158.13,STATIC,78.91,STATIC,39.25,STATIC,103.78,STATIC,112.05,STATIC,118.70,STATIC,171.81,STATIC
70.53333333333333,2112,14.12,STATIC,157.97,STATIC,78.97,STATIC,39.67,STATIC,103.79,STATIC,112.42,STATIC,118.73,STATIC,171.09,STATIC
70.56666666666668,2113,14.59,STATIC,158.81,STATIC,78.70,STATIC,39.30,STATIC,103.86,STATIC,112.78,STATIC,118.95,STATIC,171.96,STATIC
70.60000000000001,2114,15.40,STATIC,158.83,STATIC,78.82,STATIC,39.36,STATIC,103.87,STATIC,113.11,STATIC,118.95,STATIC,170.63,STATIC
70.63333333333334,2115,15.32,STATIC,158.40,STATIC,78.82,STATIC,39.33,STATIC,103.86,STATIC,113.52,STATIC,119.47,STATIC,171.78,STATIC
70.66666666666667,2116,15.12,STATIC,158.12,STATIC,78.95,STATIC,39.09,STATIC,103.81,STATIC,113.77,STATIC,119.85,STATIC,170.01,STATIC
70.7,2117,14.59,STATIC,157.95,STATIC,78.93,STATIC,39.20,STATIC,103.98,STATIC,113.57,STATIC,120.11,STATIC,169.85,STATIC
70.73333333333333,2118,14.89,STATIC,157.68,STATIC,78.96,STATIC,39.68,STATIC,103.94,STATIC,113.82,STATIC,119.75,STATIC,169.03,STATIC
70.76666666666667,2119,13.99,STATIC,156.53,STATIC,79.20,STATIC,39.73,STATIC,104.02,STATIC,114.02,STATIC,119.40,STATIC,168.82,STATIC
70.80000000000001,2120,14.07,STATIC,156.47,STATIC,79.26,STATIC,39.66,STATIC,104.00,STATIC,114.44,STATIC,120.19,STATIC,171.21,STATIC
70.83333333333334,2121,14.02,STATIC,157.59,STATIC,78.68,STATIC,39.06,STATIC,103.92,STATIC,115.26,STATIC,120.70,STATIC,170.11,STATIC
70.86666666666667,2122,13.40,STATIC,156.84,STATIC,78.71,STATIC,38.71,STATIC,103.87,STATIC,115.83,STATIC,121.30,STATIC,169.45,STATIC
70.9,2123,12.92,STATIC,156.56,STATIC,78.78,STATIC,39.00,STATIC,103.84,STATIC,116.31,STATIC,121.89,STATIC,168.68,STATIC
70.93333333333334,2124,12.99,STATIC,156.59,STATIC,78.79,STATIC,39.17,STATIC,103.85,STATIC,116.90,STATIC,122.54,STATIC,167.97,STATIC
70.96666666666667,2125,12.87,STATIC,156.32,STATIC,78.74,STATIC,40.16,STATIC,103.91,STATIC,117.32,STATIC,123.42,STATIC,166.92,STATIC
71.0,2126,12.86,STATIC,156.44,STATIC,78.58,STATIC,39.90,STATIC,103.93,STATIC,117.82,STATIC,123.91,STATIC,166.20,STATIC
71.03333333333333,2127,13.21,STATIC,156.35,STATIC,78.68,STATIC,39.98,STATIC,103.93,STATIC,118.12,STATIC,124.25,STATIC,165.58,STATIC
71.06666666666668,2128,13.07,STATIC,157.03,STATIC,78.70,STATIC,41.53,STATIC,103.96,STATIC,118.59,STATIC,124.64,STATIC,164.83,STATIC
71.10000000000001,2129,13.61,STATIC,156.47,STATIC,78.72,STATIC,42.83,STATIC,103.86,STATIC,119.15,STATIC,124.77,STATIC,163.63,STATIC
71.13333333333334,2130,13.30,STATIC,155.84,STATIC,78.74,STATIC,44.15,STATIC,103.86,STATIC,119.67,STATIC,125.02,STATIC,162.96,STATIC
71.16666666666667,2131,13.60,STATIC,155.19,STATIC,78.76,STATIC,45.04,STATIC,103.86,STATIC,120.15,STATIC,121.91,STATIC,162.47,STATIC
71.2,2132,13.78,STATIC,155.58,STATIC,78.59,STATIC,45.48,STATIC,103.89,STATIC,120.90,STATIC,121.83,STATIC,161.86,STATIC
71.23333333333333,2133,15.08,STATIC,156.01,STATIC,78.07,STATIC,46.22,STATIC,103.87,STATIC,120.61,STATIC,122.27,STATIC,161.51,STATIC
71.26666666666667,2134,15.15,STATIC,156.38,STATIC,77.96,STATIC,45.80,STATIC,103.88,STATIC,120.66,STATIC,122.35,STATIC,161.95,STATIC
71.30000000000001,2135,14.68,STATIC,155.10,STATIC,78.29,STATIC,45.69,STATIC,103.94,STATIC,121.08,STATIC,122.37,STATIC,162.27,STATIC
71.33333333333334,2136,15.42,STATIC,154.97,STATIC,78.46,STATIC,45.56,STATIC,103.94,STATIC,121.50,STATIC,122.40,STATIC,162.19,STATIC
71.36666666666667,2137,16.45,STATIC,155.12,STATIC,78.56,STATIC,45.36,STATIC,103.92,STATIC,122.17,STATIC,122.90,STATIC,161.38,STATIC
71.4,2138,16.59,STATIC,155.05,STATIC,78.67,STATIC,45.16,STATIC,103.94,STATIC,122.84,STATIC,123.43,STATIC,161.60,STATIC
71.43333333333334,2139,16.05,STATIC,154.79,STATIC,79.18,STATIC,44.27,STATIC,103.94,STATIC,123.60,STATIC,125.97,STATIC,161.85,STATIC
71.46666666666667,2140,15.31,STATIC,154.32,STATIC,79.49,STATIC,42.61,STATIC,103.95,STATIC,124.54,STATIC,125.38,STATIC,161.75,STATIC
71.5,2141,16.11,STATIC,153.97,STATIC,79.94,STATIC,42.25,STATIC,103.89,STATIC,124.61,STATIC,125.98,STATIC,161.93,STATIC
71.53333333333333,2142,16.69,STATIC,154.73,STATIC,79.52,STATIC,42.08,STATIC,103.87,STATIC,124.44,STATIC,129.40,STATIC,159.86,STATIC
71.56666666666668,2143,15.90,STATIC,154.54,STATIC,80.27,STATIC,40.50,STATIC,103.85,STATIC,124.94,STATIC,130.65,STATIC,161.04,STATIC
71.60000000000001,2144,16.53,STATIC,154.14,STATIC,80.48,STATIC,41.16,STATIC,103.81,STATIC,124.80,STATIC,128.27,STATIC,161.63,STATIC
71.63333333333334,2145,16.47,STATIC,154.44,STATIC,80.37,STATIC,41.35,STATIC,103.83,STATIC,124.67,STATIC,127.94,STATIC,161.85,STATIC
71.66666666666667,2146,16.58,STATIC,154.60,STATIC,80.38,STATIC,41.56,STATIC,103.76,STATIC,124.54,STATIC,127.76,STATIC,162.25,STATIC
71.7,2147,16.67,STATIC,154.25,STATIC,80.74,STATIC,40.08,STATIC,103.56,STATIC,124.76,STATIC,127.70,STATIC,162.24,STATIC
71.73333333333333,2148,16.92,STATIC,154.28,STATIC,81.02,STATIC,39.99,STATIC,103.43,STATIC,124.79,STATIC,127.79,STATIC,162.52,STATIC
71.76666666666667,2149,17.68,STATIC,154.24,STATIC,81.33,STATIC,39.60,STATIC,103.36,STATIC,124.96,STATIC,128.34,STATIC,162.70,STATIC
71.80000000000001,2150,19.68,STATIC,154.62,STATIC,81.39,STATIC,39.90,STATIC,103.26,STATIC,124.74,STATIC,128.66,STATIC,162.79,STATIC
71.83333333333334,2151,20.33,STATIC,155.08,STATIC,81.83,STATIC,38.49,STATIC,103.06,STATIC,125.27,STATIC,129.09,STATIC,162.11,STATIC
71.86666666666667,2152,20.28,STATIC,155.15,STATIC,82.10,STATIC,37.66,STATIC,102.92,STATIC,125.89,STATIC,132.82,STATIC,160.34,STATIC
71.9,2153,21.33,STATIC,154.23,STATIC,82.81,STATIC,37.81,STATIC,102.70,STATIC,126.36,STATIC,131.37,STATIC,160.48,STATIC
71.93333333333334,2154,21.40,STATIC,155.03,STATIC,82.37,STATIC,36.39,STATIC,102.68,STATIC,126.53,STATIC,134.21,STATIC,160.47,STATIC
71.96666666666667,2155,21.05,STATIC,154.75,STATIC,82.59,STATIC,34.83,STATIC,102.52,STATIC,126.90,STATIC,132.20,STATIC,160.34,STATIC
72.0,2156,21.42,STATIC,155.26,STATIC,82.53,STATIC,33.71,STATIC,102.49,STATIC,127.41,STATIC,132.41,STATIC,159.66,STATIC
72.03333333333333,2157,21.71,STATIC,155.35,STATIC,82.62,STATIC,32.34,STATIC,102.46,STATIC,128.42,STATIC,133.21,STATIC,158.38,STATIC
72.06666666666668,2158,22.33,STATIC,155.35,STATIC,82.09,STATIC,34.03,STATIC,102.39,STATIC,129.05,STATIC,137.37,STATIC,157.13,STATIC
72.10000000000001,2159,22.53,STATIC,155.96,STATIC,82.19,STATIC,33.41,STATIC,102.34,STATIC,130.31,STATIC,137.65,STATIC,155.15,STATIC
72.13333333333334,2160,23.00,STATIC,155.64,STATIC,82.45,STATIC,33.67,STATIC,102.28,STATIC,131.35,STATIC,135.93,STATIC,153.85,STATIC
72.16666666666667,2161,23.13,STATIC,155.67,STATIC,82.48,STATIC,32.40,STATIC,102.29,STATIC,132.35,STATIC,137.25,STATIC,152.80,STATIC
72.2,2162,22.46,STATIC,156.01,STATIC,82.39,STATIC,30.02,STATIC,102.27,STATIC,132.61,STATIC,138.28,STATIC,152.63,STATIC
72.23333333333333,2163,22.98,STATIC,154.81,STATIC,82.32,STATIC,31.20,STATIC,102.24,STATIC,132.39,STATIC,139.13,STATIC,152.60,STATIC
72.26666666666667,2164,23.22,STATIC,155.06,STATIC,81.92,STATIC,32.35,STATIC,102.28,STATIC,132.43,STATIC,138.59,STATIC,152.39,STATIC
72.30000000000001,2165,23.22,STATIC,155.45,STATIC,81.43,STATIC,33.68,STATIC,102.27,STATIC,132.14,STATIC,139.44,STATIC,152.22,STATIC
72.33333333333334,2166,24.42,STATIC,155.66,STATIC,81.08,STATIC,34.74,STATIC,101.99,STATIC,132.07,STATIC,138.18,STATIC,151.42,STATIC
72.36666666666667,2167,24.54,STATIC,155.77,STATIC,80.53,STATIC,34.80,STATIC,101.93,STATIC,131.93,STATIC,139.58,STATIC,150.02,STATIC
72.4,2168,24.48,STATIC,155.75,STATIC,80.60,STATIC,35.75,STATIC,101.85,STATIC,131.72,STATIC,138.62,STATIC,150.80,STATIC
72.43333333333334,2169,24.58,STATIC,155.56,STATIC,81.13,STATIC,36.33,STATIC,101.68,STATIC,131.91,STATIC,138.49,STATIC,150.55,STATIC
72.46666666666667,2170,24.19,STATIC,156.53,STATIC,80.69,STATIC,37.57,STATIC,101.81,STATIC,132.69,STATIC,138.41,STATIC,149.46,STATIC
72.5,2171,22.88,STATIC,156.53,STATIC,80.51,STATIC,37.58,STATIC,101.86,STATIC,134.31,STATIC,138.87,STATIC,146.90,STATIC
72.53333333333333,2172,22.17,STATIC,157.25,STATIC,80.94,STATIC,35.46,STATIC,101.80,STATIC,136.23,STATIC,138.97,STATIC,144.83,STATIC
72.56666666666668,2173,22.11,STATIC,158.33,STATIC,80.86,STATIC,37.29,STATIC,101.85,STATIC,137.35,STATIC,138.68,STATIC,143.16,STATIC
72.60000000000001,2174,21.24,STATIC,159.20,STATIC,81.26,STATIC,35.48,STATIC,101.72,STATIC,138.68,STATIC,138.52,STATIC,141.80,STATIC
72.63333333333334,2175,20.27,STATIC,159.65,STATIC,81.42,STATIC,34.50,STATIC,101.61,STATIC,139.96,STATIC,138.50,STATIC,139.75,STATIC
72.66666666666667,2176,20.05,STATIC,159.28,STATIC,81.53,STATIC,32.64,STATIC,101.61,STATIC,141.74,STATIC,139.01,STATIC,137.52,STATIC
72.7,2177,20.25,STATIC,159.61,STATIC,81.23,STATIC,32.57,STATIC,101.63,STATIC,142.50,STATIC,138.83,STATIC,135.19,STATIC
72.73333333333333,2178,21.65,STATIC,160.42,STATIC,80.45,STATIC,33.69,STATIC,101.70,STATIC,142.56,STATIC,138.07,STATIC,133.20,STATIC
72.76666666666667,2179,20.74,STATIC,160.33,STATIC,80.87,STATIC,32.38,STATIC,101.58,STATIC,143.46,STATIC,137.72,STATIC,131.63,STATIC
72.80000000000001,2180,21.32,STATIC,159.93,STATIC,80.94,STATIC,32.49,STATIC,101.54,STATIC,143.62,STATIC,137.78,STATIC,130.06,STATIC
72.83333333333334,2181,22.03,STATIC,159.58,STATIC,80.96,STATIC,33.34,STATIC,101.39,STATIC,144.33,STATIC,137.62,STATIC,129.57,STATIC
72.86666666666667,2182,23.23,STATIC,158.78,STATIC,80.71,STATIC,35.04,STATIC,101.34,STATIC,144.69,STATIC,137.22,STATIC,128.44,STATIC
72.9,2183,22.87,STATIC,158.64,STATIC,80.55,STATIC,34.74,STATIC,101.15,STATIC,146.10,STATIC,140.07,STATIC,127.31,STATIC
72.93333333333334,2184,22.74,STATIC,158.88,STATIC,80.40,STATIC,34.36,STATIC,100.97,STATIC,148.02,STATIC,140.93,STATIC,126.40,STATIC
72.96666666666667,2185,21.19,STATIC,159.21,STATIC,79.85,STATIC,33.44,STATIC,100.91,STATIC,150.18,STATIC,138.41,STATIC,126.13,STATIC
73.0,2186,20.87,STATIC,159.51,STATIC,79.78,STATIC,33.25,STATIC,100.88,STATIC,151.31,STATIC,139.46,STATIC,125.33,STATIC
73.03333333333333,2187,22.05,STATIC,160.39,STATIC,79.40,STATIC,32.75,STATIC,100.91,STATIC,151.83,STATIC,138.21,STATIC,124.36,STATIC
73.06666666666668,2188,21.57,STATIC,160.63,STATIC,79.65,STATIC,33.15,STATIC,100.93,STATIC,152.34,STATIC,134.71,STATIC,123.42,STATIC
73.10000000000001,2189,21.36,STATIC,161.26,STATIC,79.74,STATIC,32.57,STATIC,100.96,STATIC,153.08,STATIC,133.36,STATIC,122.51,STATIC
73.13333333333334,2190,20.44,STATIC,161.71,STATIC,79.54,STATIC,31.33,STATIC,101.00,STATIC,153.85,STATIC,136.54,STATIC,121.70,STATIC
73.16666666666667,2191,21.05,STATIC,162.43,STATIC,79.44,STATIC,31.23,STATIC,101.05,STATIC,154.61,STATIC,137.68,STATIC,121.10,STATIC
73.2,2192,20.66,STATIC,162.71,STATIC,79.65,STATIC,31.38,STATIC,101.02,STATIC,155.08,STATIC,137.65,STATIC,120.25,STATIC
73.23333333333333,2193,21.10,STATIC,162.99,STATIC,79.53,STATIC,31.63,STATIC,101.05,STATIC,155.40,STATIC,134.04,STATIC,119.76,STATIC
73.26666666666667,2194,22.22,STATIC,163.05,STATIC,79.52,STATIC,31.51,STATIC,101.10,STATIC,155.95,STATIC,133.07,STATIC,119.00,STATIC
73.30000000000001,2195,24.06,STATIC,163.68,STATIC,79.80,STATIC,32.38,STATIC,101.04,STATIC,156.56,STATIC,132.58,STATIC,118.13,STATIC
73.33333333333334,2196,23.33,STATIC,164.13,STATIC,79.90,STATIC,31.70,STATIC,101.03,STATIC,157.57,STATIC,132.98,STATIC,117.50,STATIC
73.36666666666667,2197,22.98,STATIC,164.44,STATIC,80.16,STATIC,30.89,STATIC,101.03,STATIC,157.83,STATIC,133.34,STATIC,117.27,STATIC
73.4,2198,23.45,STATIC,164.89,STATIC,80.08,STATIC,30.59,STATIC,100.99,STATIC,158.41,STATIC,133.13,STATIC,116.76,STATIC
73.43333333333334,2199,23.44,STATIC,164.94,STATIC,80.11,STATIC,30.72,STATIC,101.01,STATIC,158.40,STATIC,132.96,STATIC,116.07,STATIC
73.46666666666667,2200,23.70,STATIC,165.21,STATIC,80.23,STATIC,29.49,STATIC,100.95,STATIC,158.95,STATIC,133.44,STATIC,115.44,STATIC
73.5,2201,24.60,STATIC,165.37,STATIC,80.27,STATIC,29.74,STATIC,100.90,STATIC,159.87,STATIC,132.95,STATIC,115.11,STATIC
73.53333333333333,2202,26.40,STATIC,165.26,STATIC,80.42,STATIC,29.73,STATIC,101.02,STATIC,160.14,STATIC,132.45,STATIC,114.45,STATIC
73.56666666666668,2203,26.80,STATIC,165.13,STATIC,80.51,STATIC,29.82,STATIC,101.06,STATIC,160.36,STATIC,131.88,STATIC,114.01,STATIC
73.60000000000001,2204,26.77,STATIC,165.14,STATIC,80.40,STATIC,30.20,STATIC,101.03,STATIC,160.35,STATIC,131.07,STATIC,113.42,STATIC
73.63333333333334,2205,25.45,STATIC,165.29,STATIC,80.15,STATIC,29.98,STATIC,101.09,STATIC,160.72,STATIC,130.39,STATIC,112.63,STATIC
73.66666666666667,2206,24.64,STATIC,165.42,STATIC,80.00,STATIC,30.22,STATIC,101.19,STATIC,159.77,STATIC,129.34,STATIC,111.96,STATIC
73.7,2207,24.53,STATIC,165.40,STATIC,80.01,STATIC,30.95,STATIC,101.26,STATIC,159.12,STATIC,128.78,STATIC,111.24,STATIC
73.73333333333333,2208,24.44,STATIC,165.36,STATIC,80.05,STATIC,30.91,STATIC,101.33,STATIC,158.40,STATIC,128.99,STATIC,110.30,STATIC
73.76666666666667,2209,24.42,STATIC,165.32,STATIC,80.17,STATIC,30.66,STATIC,101.33,STATIC,158.99,STATIC,128.91,STATIC,109.85,STATIC
73.80000000000001,2210,24.24,STATIC,165.23,STATIC,80.53,STATIC,30.56,STATIC,101.32,STATIC,160.38,STATIC,128.66,STATIC,109.59,STATIC
73.83333333333334,2211,23.67,STATIC,165.08,STATIC,80.64,STATIC,30.51,STATIC,101.33,STATIC,159.96,STATIC,127.99,STATIC,109.21,STATIC
73.86666666666667,2212,23.84,STATIC,164.93,STATIC,80.78,STATIC,30.87,STATIC,101.33,STATIC,159.41,STATIC,127.34,STATIC,108.79,STATIC
73.9,2213,22.87,STATIC,164.99,STATIC,81.01,STATIC,30.84,STATIC,101.46,STATIC,159.84,STATIC,126.29,STATIC,108.43,STATIC
73.93333333333334,2214,21.06,STATIC,164.60,STATIC,81.24,STATIC,30.32,STATIC,101.53,STATIC,162.14,STATIC,126.56,STATIC,108.67,STATIC
73.96666666666667,2215,20.56,STATIC,164.29,STATIC,81.40,STATIC,30.75,STATIC,101.55,STATIC,163.13,STATIC,125.95,STATIC,108.71,STATIC
74.0,2216,20.21,STATIC,164.18,STATIC,81.35,STATIC,30.79,STATIC,101.57,STATIC,163.27,STATIC,124.81,STATIC,108.81,STATIC
74.03333333333333,2217,20.08,STATIC,164.23,STATIC,81.33,STATIC,30.59,STATIC,101.56,STATIC,163.70,STATIC,124.22,STATIC,108.91,STATIC
74.06666666666668,2218,19.89,STATIC,163.85,STATIC,81.59,STATIC,30.79,STATIC,101.56,STATIC,164.57,STATIC,123.37,STATIC,109.43,STATIC
74.10000000000001,2219,21.18,STATIC,163.71,STATIC,81.64,STATIC,32.56,STATIC,101.56,STATIC,164.48,STATIC,122.14,STATIC,109.77,STATIC
74.13333333333334,2220,21.61,STATIC,164.19,STATIC,81.28,STATIC,32.30,STATIC,101.45,STATIC,163.12,STATIC,121.86,STATIC,110.24,STATIC
74.16666666666667,2221,22.05,STATIC,164.10,STATIC,81.68,STATIC,32.92,STATIC,101.51,STATIC,163.02,STATIC,121.75,STATIC,110.42,STATIC
74.2,2222,20.80,STATIC,163.87,STATIC,82.03,STATIC,32.70,STATIC,101.53,STATIC,163.21,STATIC,121.31,STATIC,111.66,STATIC
74.23333333333333,2223,20.97,STATIC,162.88,STATIC,82.24,STATIC,34.94,STATIC,101.42,STATIC,162.19,STATIC,120.77,STATIC,113.80,STATIC
74.26666666666667,2224,18.87,STATIC,162.79,STATIC,82.61,STATIC,34.05,STATIC,101.35,STATIC,161.74,STATIC,120.04,STATIC,115.18,STATIC
74.30000000000001,2225,17.15,STATIC,163.15,STATIC,82.53,STATIC,32.69,STATIC,101.35,STATIC,161.69,STATIC,119.24,STATIC,116.76,STATIC
74.33333333333334,2226,18.92,STATIC,164.04,STATIC,82.41,STATIC,33.78,STATIC,101.27,STATIC,158.64,STATIC,118.82,STATIC,121.11,STATIC
74.36666666666667,2227,20.36,STATIC,164.27,STATIC,82.49,STATIC,34.89,STATIC,101.33,STATIC,153.28,FLEXION,118.71,STATIC,127.65,EXTENSION
74.4,2228,18.41,STATIC,165.51,STATIC,81.77,STATIC,34.75,STATIC,101.52,STATIC,149.89,STATIC,118.34,STATIC,130.37,STATIC
74.43333333333334,2229,18.79,STATIC,165.41,STATIC,81.75,STATIC,36.06,STATIC,101.51,STATIC,141.84,FLEXION,118.26,STATIC,139.65,EXTENSION
74.46666666666667,2230,17.51,STATIC,165.40,STATIC,82.00,STATIC,35.69,STATIC,101.28,STATIC,135.15,FLEXION,117.41,STATIC,146.80,EXTENSION
74.5,2231,17.50,STATIC,164.62,STATIC,82.14,STATIC,35.41,STATIC,101.26,STATIC,128.85,FLEXION,116.78,STATIC,153.53,EXTENSION
74.53333333333333,2232,17.07,STATIC,164.17,STATIC,81.70,STATIC,36.40,STATIC,101.16,STATIC,124.14,STATIC,115.79,STATIC,158.77,EXTENSION
74.56666666666668,2233,17.05,STATIC,163.00,STATIC,81.82,STATIC,37.48,STATIC,101.06,STATIC,120.39,STATIC,114.38,STATIC,164.09,EXTENSION
74.60000000000001,2234,16.00,STATIC,163.44,STATIC,82.02,STATIC,36.24,STATIC,100.80,STATIC,117.38,STATIC,113.86,STATIC,167.34,STATIC
74.63333333333334,2235,16.27,STATIC,162.60,STATIC,81.93,STATIC,35.40,STATIC,100.79,STATIC,115.07,STATIC,113.55,STATIC,169.78,STATIC
74.66666666666667,2236,15.92,STATIC,163.08,STATIC,81.79,STATIC,34.94,STATIC,100.62,STATIC,113.30,STATIC,112.84,STATIC,171.75,STATIC
74.7,2237,16.95,STATIC,163.00,STATIC,81.83,STATIC,35.29,STATIC,100.60,STATIC,112.10,STATIC,112.05,STATIC,172.61,STATIC
74.73333333333333,2238,17.29,STATIC,162.82,STATIC,81.90,STATIC,37.67,STATIC,100.74,STATIC,111.80,STATIC,111.92,STATIC,173.10,STATIC
74.76666666666667,2239,20.11,STATIC,162.63,STATIC,82.02,STATIC,40.14,STATIC,100.85,STATIC,111.30,STATIC,111.55,STATIC,173.16,STATIC
74.80000000000001,2240,19.48,STATIC,162.96,STATIC,81.64,STATIC,39.69,STATIC,100.89,STATIC,111.46,STATIC,111.66,STATIC,172.96,STATIC
74.83333333333334,2241,18.89,STATIC,163.24,STATIC,81.64,STATIC,40.12,STATIC,100.94,STATIC,111.90,STATIC,111.80,STATIC,172.65,STATIC
74.86666666666667,2242,18.94,STATIC,163.41,STATIC,81.79,STATIC,42.52,STATIC,100.91,STATIC,111.97,STATIC,111.66,STATIC,172.02,STATIC
74.9,2243,19.58,STATIC,164.43,STATIC,81.48,STATIC,42.13,STATIC,100.89,STATIC,112.22,STATIC,111.39,STATIC,171.47,STATIC
74.93333333333334,2244,19.41,STATIC,164.32,STATIC,81.82,STATIC,41.01,STATIC,100.89,STATIC,111.95,STATIC,111.15,STATIC,171.76,STATIC
74.96666666666667,2245,20.88,STATIC,163.00,STATIC,82.06,STATIC,42.63,STATIC,100.90,STATIC,111.88,STATIC,110.95,STATIC,171.44,STATIC
75.0,2246,21.07,STATIC,163.32,STATIC,82.18,STATIC,42.46,STATIC,100.98,STATIC,112.23,STATIC,110.85,STATIC,171.29,STATIC
75.03333333333333,2247,20.85,STATIC,162.94,STATIC,82.67,STATIC,42.72,STATIC,101.16,STATIC,112.81,STATIC,110.97,STATIC,171.23,STATIC
75.06666666666668,2248,20.61,STATIC,158.82,STATIC,83.16,STATIC,43.56,STATIC,101.24,STATIC,113.04,STATIC,111.05,STATIC,171.62,STATIC
75.10000000000001,2249,21.05,STATIC,160.12,STATIC,83.17,STATIC,43.34,STATIC,101.24,STATIC,113.38,STATIC,110.93,STATIC,171.37,STATIC
75.13333333333334,2250,21.61,STATIC,160.30,STATIC,83.12,STATIC,43.19,STATIC,101.26,STATIC,114.06,STATIC,110.83,STATIC,171.03,STATIC
75.16666666666667,2251,21.02,STATIC,160.35,STATIC,83.46,STATIC,42.85,STATIC,101.30,STATIC,114.55,STATIC,110.73,STATIC,170.89,STATIC
75.2,2252,22.45,STATIC,160.29,STATIC,83.56,STATIC,42.58,STATIC,101.32,STATIC,114.82,STATIC,110.53,STATIC,170.90,STATIC
75.23333333333333,2253,26.21,STATIC,159.08,STATIC,83.55,STATIC,43.04,STATIC,101.30,STATIC,114.63,STATIC,109.98,STATIC,171.39,STATIC
75.26666666666667,2254,27.21,STATIC,156.46,STATIC,83.83,STATIC,42.90,STATIC,101.29,STATIC,114.36,STATIC,109.46,STATIC,172.08,STATIC
75.30000000000001,2255,27.01,STATIC,155.69,STATIC,83.80,STATIC,42.56,STATIC,101.27,STATIC,114.18,STATIC,109.08,STATIC,172.65,STATIC
75.33333333333334,2256,26.58,STATIC,155.68,STATIC,83.49,STATIC,42.18,STATIC,101.27,STATIC,113.98,STATIC,108.79,STATIC,173.16,STATIC
75.36666666666667,2257,27.30,STATIC,154.99,STATIC,83.72,STATIC,41.85,STATIC,101.26,STATIC,113.73,STATIC,108.45,STATIC,173.73,STATIC
75.4,2258,26.90,STATIC,155.64,STATIC,83.57,STATIC,41.18,STATIC,101.40,STATIC,113.72,STATIC,108.27,STATIC,174.02,STATIC
75.43333333333334,2259,22.54,STATIC,156.31,STATIC,83.19,STATIC,40.71,STATIC,101.58,STATIC,113.67,STATIC,108.26,STATIC,174.07,STATIC
75.46666666666667,2260,22.04,STATIC,156.68,STATIC,83.13,STATIC,40.72,STATIC,101.69,STATIC,113.88,STATIC,108.05,STATIC,173.80,STATIC
75.5,2261,22.70,STATIC,156.91,STATIC,83.17,STATIC,41.06,STATIC,101.76,STATIC,114.03,STATIC,107.88,STATIC,173.95,STATIC
75.53333333333333,2262,23.11,STATIC,157.17,STATIC,83.21,STATIC,41.13,STATIC,101.75,STATIC,114.04,STATIC,107.65,STATIC,174.04,STATIC
75.56666666666668,2263,21.93,STATIC,157.31,STATIC,83.09,STATIC,41.09,STATIC,101.81,STATIC,114.34,STATIC,107.50,STATIC,173.60,STATIC
75.60000000000001,2264,22.43,STATIC,158.04,STATIC,83.09,STATIC,41.32,STATIC,101.85,STATIC,114.31,STATIC,107.44,STATIC,173.62,STATIC
75.63333333333334,2265,22.12,STATIC,158.74,STATIC,83.12,STATIC,41.55,STATIC,101.86,STATIC,114.51,STATIC,107.44,STATIC,173.21,STATIC
75.66666666666667,2266,21.97,STATIC,159.29,STATIC,83.00,STATIC,41.74,STATIC,101.97,STATIC,114.95,STATIC,107.46,STATIC,172.80,STATIC
75.7,2267,22.25,STATIC,160.10,STATIC,82.93,STATIC,42.32,STATIC,101.96,STATIC,115.21,STATIC,107.44,STATIC,172.35,STATIC
75.73333333333333,2268,21.87,STATIC,159.88,STATIC,82.81,STATIC,42.18,STATIC,101.95,STATIC,114.93,STATIC,107.54,STATIC,172.61,STATIC
75.76666666666667,2269,23.51,STATIC,159.83,STATIC,82.82,STATIC,42.22,STATIC,101.90,STATIC,114.80,STATIC,107.48,STATIC,172.77,STATIC
75.80000000000001,2270,23.32,STATIC,160.27,STATIC,82.58,STATIC,42.14,STATIC,101.91,STATIC,115.17,STATIC,107.68,STATIC,172.40,STATIC
75.83333333333334,2271,22.81,STATIC,160.66,STATIC,82.54,STATIC,41.41,STATIC,101.87,STATIC,115.63,STATIC,107.74,STATIC,171.98,STATIC
75.86666666666667,2272,23.09,STATIC,161.17,STATIC,82.37,STATIC,40.95,STATIC,101.77,STATIC,115.60,STATIC,107.82,STATIC,172.14,STATIC
75.9,2273,23.00,STATIC,162.36,STATIC,82.43,STATIC,41.61,STATIC,101.66,STATIC,115.30,STATIC,107.93,STATIC,172.02,STATIC
75.93333333333334,2274,23.80,STATIC,163.33,STATIC,82.92,STATIC,42.89,STATIC,101.43,STATIC,114.65,STATIC,108.79,STATIC,172.02,STATIC
75.96666666666667,2275,23.87,STATIC,164.45,STATIC,83.04,STATIC,44.02,STATIC,101.28,STATIC,113.91,STATIC,108.55,STATIC,172.60,STATIC
76.0,2276,24.59,STATIC,163.89,STATIC,83.27,STATIC,44.78,STATIC,101.11,STATIC,113.04,STATIC,108.86,STATIC,173.08,STATIC
76.03333333333333,2277,24.63,STATIC,165.30,STATIC,83.25,STATIC,45.77,STATIC,100.92,STATIC,112.52,STATIC,108.83,STATIC,173.42,STATIC
76.06666666666668,2278,25.43,STATIC,166.31,STATIC,82.99,STATIC,45.57,STATIC,100.82,STATIC,112.43,STATIC,108.72,STATIC,173.37,STATIC
76.10000000000001,2279,23.11,STATIC,167.31,STATIC,82.99,STATIC,43.59,STATIC,100.79,STATIC,112.30,STATIC,109.65,STATIC,173.60,STATIC
76.13333333333334,2280,24.38,STATIC,166.55,STATIC,82.99,STATIC,44.54,STATIC,100.74,STATIC,112.00,STATIC,109.14,STATIC,174.03,STATIC
76.16666666666667,2281,22.85,STATIC,165.93,STATIC,82.71,STATIC,44.02,STATIC,100.74,STATIC,111.67,STATIC,109.20,STATIC,174.04,STATIC
76.2,2282,22.95,STATIC,165.83,STATIC,82.27,STATIC,43.71,STATIC,100.73,STATIC,111.52,STATIC,109.56,STATIC,174.15,STATIC
76.23333333333333,2283,21.63,STATIC,166.61,STATIC,81.88,STATIC,40.61,STATIC,100.73,STATIC,111.23,STATIC,110.00,STATIC,174.44,STATIC
76.26666666666667,2284,23.05,STATIC,165.95,STATIC,81.48,STATIC,40.26,STATIC,100.80,STATIC,111.39,STATIC,110.39,STATIC,174.65,STATIC
76.30000000000001,2285,21.98,STATIC,165.00,STATIC,80.93,STATIC,39.29,STATIC,100.80,STATIC,111.75,STATIC,111.48,STATIC,173.30,STATIC
76.33333333333334,2286,23.01,STATIC,164.75,STATIC,80.43,STATIC,40.30,STATIC,100.78,STATIC,111.49,STATIC,111.79,STATIC,173.56,STATIC
76.36666666666667,2287,22.68,STATIC,164.71,STATIC,80.51,STATIC,40.12,STATIC,100.80,STATIC,110.68,STATIC,111.97,STATIC,173.80,STATIC
76.4,2288,22.39,STATIC,165.03,STATIC,80.72,STATIC,39.19,STATIC,100.63,STATIC,109.64,STATIC,111.78,STATIC,173.76,STATIC
76.43333333333334,2289,21.35,STATIC,165.01,STATIC,81.41,STATIC,37.81,STATIC,100.39,STATIC,109.06,STATIC,111.64,STATIC,173.50,STATIC
76.46666666666667,2290,22.87,STATIC,165.62,STATIC,81.13,STATIC,39.10,STATIC,100.25,STATIC,108.86,STATIC,111.04,STATIC,173.39,STATIC
76.5,2291,21.38,STATIC,165.32,STATIC,80.91,STATIC,38.64,STATIC,100.14,STATIC,108.32,STATIC,111.01,STATIC,172.52,STATIC
76.53333333333333,2292,21.85,STATIC,164.55,STATIC,81.61,STATIC,39.20,STATIC,99.90,STATIC,107.65,STATIC,110.81,STATIC,171.24,STATIC
76.56666666666668,2293,17.20,STATIC,163.46,STATIC,81.81,STATIC,39.06,STATIC,99.66,STATIC,107.18,STATIC,110.20,STATIC,171.01,STATIC
76.60000000000001,2294,13.85,STATIC,162.88,STATIC,81.74,STATIC,37.88,STATIC,99.50,STATIC,106.53,STATIC,109.65,STATIC,170.79,STATIC
76.63333333333334,2295,14.20,STATIC,161.99,STATIC,82.02,STATIC,37.55,STATIC,99.29,STATIC,106.17,STATIC,109.24,STATIC,170.33,STATIC
76.66666666666667,2296,13.63,STATIC,161.34,STATIC,81.74,STATIC,36.40,STATIC,99.25,STATIC,105.55,STATIC,109.12,STATIC,169.91,STATIC
76.7,2297,17.64,STATIC,157.66,STATIC,80.97,STATIC,34.77,STATIC,99.27,STATIC,105.18,STATIC,108.23,STATIC,170.15,STATIC
76.73333333333333,2298,20.58,STATIC,161.64,STATIC,80.45,STATIC,34.65,STATIC,99.44,STATIC,105.98,STATIC,107.52,STATIC,171.83,STATIC
76.76666666666667,2299,22.75,STATIC,157.14,STATIC,80.21,STATIC,34.54,STATIC,99.58,STATIC,106.67,STATIC,107.05,STATIC,172.76,STATIC
76.80000000000001,2300,23.33,STATIC,157.82,STATIC,79.77,STATIC,35.64,STATIC,99.80,STATIC,107.49,STATIC,107.14,STATIC,174.07,STATIC
76.83333333333334,2301,24.22,STATIC,158.92,STATIC,79.42,STATIC,36.30,STATIC,100.24,STATIC,109.01,STATIC,107.00,STATIC,174.92,STATIC
76.86666666666667,2302,25.48,STATIC,160.02,STATIC,79.25,STATIC,35.99,STATIC,100.37,STATIC,110.53,STATIC,106.89,STATIC,174.47,STATIC
76.9,2303,26.31,STATIC,158.86,STATIC,79.01,STATIC,36.89,STATIC,100.60,STATIC,111.59,STATIC,106.79,STATIC,173.27,STATIC
76.93333333333334,2304,27.48,STATIC,158.64,STATIC,78.82,STATIC,36.36,STATIC,100.94,STATIC,113.02,STATIC,106.27,STATIC,171.89,STATIC
76.96666666666667,2305,28.96,STATIC,158.85,STATIC,78.75,STATIC,36.29,STATIC,101.40,STATIC,114.70,STATIC,106.37,STATIC,169.90,STATIC
77.0,2306,30.75,STATIC,158.70,STATIC,78.60,STATIC,35.03,STATIC,101.70,STATIC,116.10,STATIC,106.23,STATIC,167.05,STATIC
77.03333333333333,2307,32.11,STATIC,159.29,STATIC,78.47,STATIC,34.28,STATIC,101.90,STATIC,117.39,STATIC,106.23,STATIC,165.13,STATIC
77.06666666666668,2308,34.09,STATIC,159.73,STATIC,78.44,STATIC,34.13,STATIC,102.01,STATIC,118.86,STATIC,106.07,STATIC,165.18,STATIC
77.10000000000001,2309,33.97,STATIC,159.02,STATIC,78.39,STATIC,32.79,STATIC,102.15,STATIC,120.24,STATIC,106.35,STATIC,164.45,STATIC
77.13333333333334,2310,34.17,STATIC,155.93,STATIC,78.22,STATIC,32.93,STATIC,102.32,STATIC,119.32,STATIC,106.08,STATIC,166.47,STATIC
77.16666666666667,2311,35.39,STATIC,155.80,STATIC,78.07,STATIC,34.21,STATIC,102.82,STATIC,119.21,STATIC,106.56,STATIC,166.54,STATIC
77.2,2312,37.79,STATIC,153.28,STATIC,78.02,STATIC,34.55,STATIC,103.07,STATIC,117.45,STATIC,106.63,STATIC,169.04,STATIC
77.23333333333333,2313,40.20,STATIC,152.32,STATIC,77.91,STATIC,32.18,STATIC,103.29,STATIC,117.96,STATIC,107.04,STATIC,168.82,STATIC
77.26666666666667,2314,43.08,STATIC,153.71,STATIC,77.78,STATIC,32.67,STATIC,103.58,STATIC,118.05,STATIC,107.11,STATIC,168.58,STATIC
77.30000000000001,2315,46.22,STATIC,153.65,STATIC,77.78,STATIC,32.89,STATIC,103.65,STATIC,118.60,STATIC,107.05,STATIC,167.62,STATIC
77.33333333333334,2316,49.65,STATIC,153.01,STATIC,77.90,STATIC,33.01,STATIC,103.50,STATIC,119.23,STATIC,106.83,STATIC,166.47,STATIC
77.36666666666667,2317,52.86,STATIC,153.05,STATIC,78.11,STATIC,32.91,STATIC,103.36,STATIC,120.74,STATIC,106.69,STATIC,164.50,STATIC
77.4,2318,56.12,STATIC,151.70,STATIC,78.29,STATIC,32.39,STATIC,103.25,STATIC,121.84,STATIC,106.38,STATIC,163.43,STATIC
77.43333333333334,2319,59.26,STATIC,151.13,STATIC,78.38,STATIC,32.74,STATIC,103.21,STATIC,122.25,STATIC,105.36,STATIC,163.20,STATIC
77.46666666666667,2320,62.37,STATIC,150.92,STATIC,78.47,STATIC,32.71,STATIC,103.17,STATIC,123.42,STATIC,104.91,STATIC,161.90,STATIC
77.5,2321,65.79,STATIC,151.25,STATIC,78.49,STATIC,32.86,STATIC,103.28,STATIC,124.87,STATIC,105.08,STATIC,160.24,STATIC
77.53333333333333,2322,67.90,STATIC,151.15,STATIC,78.59,STATIC,33.01,STATIC,103.26,STATIC,126.28,STATIC,105.26,STATIC,156.99,STATIC
77.56666666666668,2323,69.94,STATIC,150.85,STATIC,78.72,STATIC,33.21,STATIC,103.22,STATIC,127.92,STATIC,105.53,STATIC,154.49,STATIC
77.60000000000001,2324,71.55,STATIC,152.59,STATIC,78.87,STATIC,33.27,STATIC,103.11,STATIC,129.48,STATIC,105.62,STATIC,152.34,STATIC
77.63333333333334,2325,72.71,STATIC,153.84,STATIC,79.06,STATIC,33.62,STATIC,103.01,STATIC,130.74,STATIC,106.06,STATIC,151.76,STATIC
77.66666666666667,2326,73.75,STATIC,153.94,STATIC,79.19,STATIC,33.55,STATIC,103.01,STATIC,131.64,STATIC,106.15,STATIC,149.89,STATIC
77.7,2327,74.92,STATIC,154.52,STATIC,79.20,STATIC,33.02,STATIC,102.99,STATIC,131.58,STATIC,105.77,STATIC,151.07,STATIC
77.73333333333333,2328,75.62,STATIC,154.49,STATIC,79.34,STATIC,33.08,STATIC,102.83,STATIC,130.10,STATIC,106.25,STATIC,152.74,STATIC
77.76666666666667,2329,75.74,STATIC,154.40,STATIC,79.45,STATIC,33.19,STATIC,102.68,STATIC,128.95,STATIC,106.64,STATIC,153.94,STATIC
77.80000000000001,2330,75.94,STATIC,154.32,STATIC,79.55,STATIC,33.29,STATIC,102.57,STATIC,127.15,STATIC,106.95,STATIC,156.19,STATIC
77.83333333333334,2331,75.27,STATIC,154.57,STATIC,79.74,STATIC,33.51,STATIC,102.31,STATIC,124.19,STATIC,106.67,STATIC,159.30,STATIC
77.86666666666667,2332,74.68,STATIC,155.10,STATIC,79.89,STATIC,33.86,STATIC,102.09,STATIC,122.14,STATIC,106.98,STATIC,161.76,STATIC
77.9,2333,73.80,STATIC,155.97,STATIC,79.96,STATIC,34.02,STATIC,102.00,STATIC,120.90,STATIC,107.48,STATIC,163.27,STATIC
77.93333333333334,2334,72.44,STATIC,156.34,STATIC,80.03,STATIC,34.20,STATIC,101.85,STATIC,119.88,STATIC,107.72,STATIC,164.68,STATIC
77.96666666666667,2335,71.47,STATIC,156.26,STATIC,80.00,STATIC,34.72,STATIC,101.82,STATIC,119.20,STATIC,107.87,STATIC,163.39,STATIC
78.0,2336,70.58,STATIC,156.29,STATIC,79.91,STATIC,34.55,STATIC,101.89,STATIC,117.88,STATIC,107.87,STATIC,164.60,STATIC
78.03333333333333,2337,69.22,STATIC,156.24,STATIC,79.89,STATIC,34.56,STATIC,101.90,STATIC,116.39,STATIC,108.03,STATIC,166.84,STATIC
78.06666666666668,2338,67.67,STATIC,156.24,STATIC,79.85,STATIC,34.46,STATIC,101.88,STATIC,114.71,STATIC,108.41,STATIC,170.62,STATIC
78.10000000000001,2339,63.82,STATIC,156.06,STATIC,79.86,STATIC,34.26,STATIC,101.78,STATIC,113.12,STATIC,108.46,STATIC,172.84,STATIC
78.13333333333334,2340,59.11,STATIC,157.43,STATIC,79.94,STATIC,34.04,STATIC,101.58,STATIC,113.00,STATIC,108.79,STATIC,173.09,STATIC
78.16666666666667,2341,56.14,STATIC,158.30,STATIC,79.95,STATIC,33.75,STATIC,101.45,STATIC,113.16,STATIC,108.91,STATIC,171.15,STATIC
78.2,2342,52.91,STATIC,159.15,STATIC,79.92,STATIC,33.65,STATIC,101.42,STATIC,113.79,STATIC,109.27,STATIC,169.96,STATIC
78.23333333333333,2343,50.00,STATIC,158.04,STATIC,79.91,STATIC,33.48,STATIC,101.35,STATIC,114.39,STATIC,109.82,STATIC,171.25,STATIC
78.26666666666667,2344,47.38,STATIC,158.35,STATIC,79.93,STATIC,33.31,STATIC,101.27,STATIC,114.81,STATIC,110.26,STATIC,169.86,STATIC
78.30000000000001,2345,44.38,STATIC,158.66,STATIC,80.01,STATIC,32.57,STATIC,101.20,STATIC,115.27,STATIC,111.04,STATIC,170.47,STATIC
78.33333333333334,2346,41.55,STATIC,159.21,STATIC,80.09,STATIC,32.60,STATIC,101.19,STATIC,115.56,STATIC,111.66,STATIC,170.25,STATIC
78.36666666666667,2347,38.77,STATIC,160.76,STATIC,80.16,STATIC,32.71,STATIC,101.13,STATIC,114.97,STATIC,111.92,STATIC,168.86,STATIC
78.4,2348,36.17,STATIC,162.33,STATIC,80.24,STATIC,31.93,STATIC,101.11,STATIC,114.60,STATIC,112.65,STATIC,170.49,STATIC
78.43333333333334,2349,33.71,STATIC,162.80,STATIC,80.36,STATIC,31.97,STATIC,101.03,STATIC,114.01,STATIC,113.02,STATIC,171.35,STATIC
78.46666666666667,2350,30.82,STATIC,164.06,STATIC,80.51,STATIC,31.90,STATIC,100.84,STATIC,113.68,STATIC,113.15,STATIC,170.18,STATIC
78.5,2351,28.11,STATIC,165.53,STATIC,80.63,STATIC,31.18,STATIC,100.66,STATIC,113.30,STATIC,113.42,STATIC,171.02,STATIC
78.53333333333333,2352,25.92,STATIC,166.72,STATIC,80.77,STATIC,31.01,STATIC,100.64,STATIC,112.99,STATIC,113.61,STATIC,171.29,STATIC
78.56666666666668,2353,24.08,STATIC,167.54,STATIC,80.91,STATIC,30.61,STATIC,100.46,STATIC,112.24,STATIC,113.94,STATIC,171.17,STATIC
78.60000000000001,2354,22.68,STATIC,168.16,STATIC,81.00,STATIC,30.23,STATIC,100.28,STATIC,111.88,STATIC,114.23,STATIC,171.10,STATIC
78.63333333333334,2355,21.63,STATIC,168.64,STATIC,81.08,STATIC,30.27,STATIC,100.08,STATIC,111.47,STATIC,114.29,STATIC,171.01,STATIC
78.66666666666667,2356,20.75,STATIC,168.86,STATIC,81.15,STATIC,30.15,STATIC,99.93,STATIC,111.26,STATIC,114.51,STATIC,170.93,STATIC
78.7,2357,20.06,STATIC,169.43,STATIC,81.21,STATIC,29.93,STATIC,99.77,STATIC,110.62,STATIC,113.28,STATIC,169.68,STATIC
78.73333333333333,2358,19.65,STATIC,169.32,STATIC,81.19,STATIC,29.63,STATIC,99.65,STATIC,110.69,STATIC,114.01,STATIC,169.78,STATIC
78.76666666666667,2359,19.25,STATIC,169.29,STATIC,81.13,STATIC,29.73,STATIC,99.60,STATIC,110.67,STATIC,114.86,STATIC,169.96,STATIC
78.80000000000001,2360,18.95,STATIC,169.00,STATIC,81.09,STATIC,29.89,STATIC,99.55,STATIC,110.50,STATIC,115.73,STATIC,170.10,STATIC
78.83333333333334,2361,18.67,STATIC,168.43,STATIC,81.11,STATIC,30.09,STATIC,99.45,STATIC,110.03,STATIC,116.97,STATIC,170.41,STATIC
78.86666666666667,2362,18.53,STATIC,168.07,STATIC,81.11,STATIC,30.04,STATIC,99.41,STATIC,109.80,STATIC,117.79,STATIC,170.81,STATIC
78.9,2363,18.38,STATIC,167.25,STATIC,81.16,STATIC,30.56,STATIC,99.42,STATIC,109.55,STATIC,118.63,STATIC,169.30,STATIC
78.93333333333334,2364,18.39,STATIC,166.15,STATIC,81.04,STATIC,31.19,STATIC,99.45,STATIC,109.72,STATIC,119.92,STATIC,170.11,STATIC
78.96666666666667,2365,18.47,STATIC,165.73,STATIC,80.75,STATIC,30.71,STATIC,99.59,STATIC,110.42,STATIC,122.27,STATIC,170.43,STATIC
79.0,2366,18.74,STATIC,165.51,STATIC,80.69,STATIC,31.56,STATIC,99.69,STATIC,110.79,STATIC,123.75,STATIC,170.22,STATIC
79.03333333333333,2367,19.00,STATIC,165.30,STATIC,80.56,STATIC,31.64,STATIC,99.77,STATIC,111.12,STATIC,124.99,STATIC,168.98,STATIC
79.06666666666668,2368,19.22,STATIC,165.10,STATIC,80.43,STATIC,32.60,STATIC,99.89,STATIC,111.38,STATIC,126.21,STATIC,168.42,STATIC
79.10000000000001,2369,19.45,STATIC,164.98,STATIC,80.35,STATIC,32.56,STATIC,100.07,STATIC,111.88,STATIC,128.52,STATIC,168.28,STATIC
79.13333333333334,2370,19.63,STATIC,165.12,STATIC,80.21,STATIC,32.66,STATIC,100.17,STATIC,112.91,STATIC,129.57,STATIC,167.68,STATIC
79.16666666666667,2371,19.80,STATIC,165.23,STATIC,80.05,STATIC,32.65,STATIC,100.36,STATIC,113.61,STATIC,130.63,STATIC,166.97,STATIC
79.2,2372,19.96,STATIC,165.30,STATIC,79.88,STATIC,32.72,STATIC,100.41,STATIC,113.93,STATIC,131.54,STATIC,166.84,STATIC
79.23333333333333,2373,20.12,STATIC,165.61,STATIC,79.74,STATIC,32.70,STATIC,100.46,STATIC,114.41,STATIC,132.39,STATIC,166.59,STATIC
79.26666666666667,2374,20.33,STATIC,165.89,STATIC,79.54,STATIC,32.87,STATIC,100.46,STATIC,114.86,STATIC,133.35,STATIC,165.99,STATIC
79.30000000000001,2375,20.52,STATIC,166.05,STATIC,79.17,STATIC,33.62,STATIC,100.65,STATIC,115.96,STATIC,135.16,STATIC,165.18,STATIC
79.33333333333334,2376,20.59,STATIC,166.06,STATIC,79.09,STATIC,33.86,STATIC,100.71,STATIC,117.11,STATIC,136.39,STATIC,164.17,STATIC
79.36666666666667,2377,20.74,STATIC,165.93,STATIC,79.02,STATIC,33.67,STATIC,100.73,STATIC,118.53,STATIC,138.40,STATIC,163.04,STATIC
79.4,2378,20.99,STATIC,165.94,STATIC,78.79,STATIC,33.43,STATIC,100.81,STATIC,119.44,STATIC,140.34,STATIC,161.86,STATIC
79.43333333333334,2379,21.24,STATIC,165.73,STATIC,78.50,STATIC,32.85,STATIC,100.92,STATIC,119.74,STATIC,141.89,STATIC,160.73,STATIC
79.46666666666667,2380,21.38,STATIC,165.61,STATIC,78.46,STATIC,33.32,STATIC,100.93,STATIC,120.13,STATIC,141.61,STATIC,159.94,STATIC
79.5,2381,21.43,STATIC,165.69,STATIC,78.34,STATIC,35.73,STATIC,100.92,STATIC,119.79,STATIC,141.80,STATIC,159.05,STATIC
79.53333333333333,2382,21.53,STATIC,165.83,STATIC,78.19,STATIC,35.01,STATIC,100.93,STATIC,120.37,STATIC,142.27,STATIC,158.49,STATIC
79.56666666666668,2383,21.43,STATIC,165.83,STATIC,78.17,STATIC,35.51,STATIC,100.88,STATIC,119.90,STATIC,143.12,STATIC,158.20,STATIC
79.60000000000001,2384,21.24,STATIC,166.05,STATIC,78.14,STATIC,35.53,STATIC,100.87,STATIC,119.29,STATIC,141.65,STATIC,159.02,STATIC
79.63333333333334,2385,20.94,STATIC,166.25,STATIC,78.16,STATIC,36.53,STATIC,100.79,STATIC,118.16,STATIC,139.74,STATIC,159.71,STATIC
79.66666666666667,2386,20.72,STATIC,166.37,STATIC,78.19,STATIC,36.94,STATIC,100.85,STATIC,117.95,STATIC,138.68,STATIC,159.61,STATIC
79.7,2387,20.54,STATIC,166.50,STATIC,78.24,STATIC,35.90,STATIC,100.78,STATIC,118.29,STATIC,138.53,STATIC,159.30,STATIC
79.73333333333333,2388,20.17,STATIC,166.58,STATIC,78.32,STATIC,35.07,STATIC,100.61,STATIC,118.39,STATIC,137.67,STATIC,159.17,STATIC
79.76666666666667,2389,19.95,STATIC,166.40,STATIC,78.36,STATIC,34.68,STATIC,100.54,STATIC,118.70,STATIC,137.65,STATIC,158.86,STATIC
79.80000000000001,2390,19.69,STATIC,166.26,STATIC,78.45,STATIC,35.31,STATIC,100.50,STATIC,118.50,STATIC,136.85,STATIC,158.95,STATIC
79.83333333333334,2391,19.52,STATIC,166.08,STATIC,78.50,STATIC,35.38,STATIC,100.50,STATIC,118.86,STATIC,136.89,STATIC,158.90,STATIC
79.86666666666667,2392,19.41,STATIC,166.05,STATIC,78.56,STATIC,35.72,STATIC,100.54,STATIC,119.07,STATIC,136.61,STATIC,158.75,STATIC
79.9,2393,19.21,STATIC,165.96,STATIC,78.73,STATIC,35.98,STATIC,100.62,STATIC,119.41,STATIC,136.30,STATIC,158.55,STATIC
79.93333333333334,2394,19.15,STATIC,165.83,STATIC,78.88,STATIC,35.72,STATIC,100.54,STATIC,118.38,STATIC,135.44,STATIC,159.06,STATIC
79.96666666666667,2395,18.91,STATIC,165.74,STATIC,78.89,STATIC,35.85,STATIC,100.56,STATIC,118.13,STATIC,135.21,STATIC,159.24,STATIC
80.0,2396,18.74,STATIC,165.76,STATIC,78.87,STATIC,35.96,STATIC,100.51,STATIC,117.86,STATIC,134.34,STATIC,160.44,STATIC
80.03333333333333,2397,18.68,STATIC,165.76,STATIC,78.78,STATIC,36.24,STATIC,100.55,STATIC,117.83,STATIC,134.28,STATIC,161.63,STATIC
80.06666666666668,2398,18.57,STATIC,166.00,STATIC,78.70,STATIC,36.61,STATIC,100.63,STATIC,117.50,STATIC,134.25,STATIC,161.75,STATIC
80.10000000000001,2399,18.54,STATIC,166.24,STATIC,78.72,STATIC,36.91,STATIC,100.68,STATIC,116.93,STATIC,133.93,STATIC,162.41,STATIC
80.13333333333334,2400,18.55,STATIC,166.60,STATIC,78.75,STATIC,36.86,STATIC,100.75,STATIC,116.04,STATIC,134.37,STATIC,164.05,STATIC
80.16666666666667,2401,18.55,STATIC,166.84,STATIC,78.76,STATIC,36.83,STATIC,100.77,STATIC,114.73,STATIC,133.90,STATIC,164.66,STATIC
80.2,2402,18.54,STATIC,167.05,STATIC,78.75,STATIC,36.81,STATIC,100.76,STATIC,114.00,STATIC,133.62,STATIC,165.17,STATIC
80.23333333333333,2403,18.56,STATIC,167.50,STATIC,78.72,STATIC,36.74,STATIC,100.80,STATIC,113.79,STATIC,132.79,STATIC,165.43,STATIC
80.26666666666667,2404,18.59,STATIC,167.80,STATIC,78.69,STATIC,36.77,STATIC,100.84,STATIC,113.88,STATIC,133.04,STATIC,166.47,STATIC
80.30000000000001,2405,18.57,STATIC,167.95,STATIC,78.71,STATIC,36.74,STATIC,100.75,STATIC,113.17,STATIC,133.46,STATIC,166.82,STATIC
80.33333333333334,2406,18.57,STATIC,167.92,STATIC,78.71,STATIC,36.75,STATIC,100.66,STATIC,112.19,STATIC,132.67,STATIC,166.25,STATIC
80.36666666666667,2407,18.54,STATIC,167.83,STATIC,78.69,STATIC,36.82,STATIC,100.65,STATIC,111.43,STATIC,132.06,STATIC,166.64,STATIC
80.4,2408,18.55,STATIC,167.82,STATIC,78.64,STATIC,36.82,STATIC,100.63,STATIC,111.07,STATIC,131.67,STATIC,167.20,STATIC
80.43333333333334,2409,18.58,STATIC,167.87,STATIC,78.63,STATIC,37.07,STATIC,100.58,STATIC,110.51,STATIC,131.13,STATIC,167.70,STATIC
80.46666666666667,2410,18.66,STATIC,167.82,STATIC,78.60,STATIC,37.54,STATIC,100.46,STATIC,109.57,STATIC,129.72,STATIC,166.85,STATIC
80.5,2411,18.68,STATIC,167.77,STATIC,78.69,STATIC,37.52,STATIC,100.38,STATIC,108.88,STATIC,128.80,STATIC,167.00,STATIC
80.53333333333333,2412,18.71,STATIC,167.51,STATIC,78.66,STATIC,37.89,STATIC,100.33,STATIC,108.53,STATIC,128.01,STATIC,167.08,STATIC
80.56666666666668,2413,18.73,STATIC,167.41,STATIC,78.63,STATIC,37.88,STATIC,100.27,STATIC,108.09,STATIC,127.40,STATIC,167.20,STATIC
80.60000000000001,2414,18.77,STATIC,167.35,STATIC,78.60,STATIC,37.78,STATIC,100.23,STATIC,107.81,STATIC,126.84,STATIC,167.65,STATIC
80.63333333333334,2415,18.85,STATIC,167.18,STATIC,78.55,STATIC,37.89,STATIC,100.20,STATIC,107.49,STATIC,125.93,STATIC,168.13,STATIC
80.66666666666667,2416,18.90,STATIC,167.13,STATIC,78.50,STATIC,37.80,STATIC,100.14,STATIC,106.93,STATIC,125.34,STATIC,167.61,STATIC
80.7,2417,18.93,STATIC,167.06,STATIC,78.51,STATIC,37.87,STATIC,100.09,STATIC,106.80,STATIC,124.86,STATIC,167.57,STATIC
80.73333333333333,2418,19.01,STATIC,167.02,STATIC,78.46,STATIC,37.81,STATIC,100.06,STATIC,106.69,STATIC,124.48,STATIC,167.72,STATIC
80.76666666666667,2419,19.03,STATIC,167.00,STATIC,78.41,STATIC,37.77,STATIC,100.03,STATIC,106.65,STATIC,124.29,STATIC,168.26,STATIC
80.80000000000001,2420,19.04,STATIC,167.00,STATIC,78.36,STATIC,37.82,STATIC,100.02,STATIC,106.69,STATIC,124.28,STATIC,168.35,STATIC
80.83333333333334,2421,19.07,STATIC,167.01,STATIC,78.32,STATIC,38.29,STATIC,100.01,STATIC,106.47,STATIC,124.04,STATIC,167.83,STATIC
80.86666666666667,2422,19.11,STATIC,167.01,STATIC,78.29,STATIC,38.23,STATIC,100.06,STATIC,106.50,STATIC,123.87,STATIC,167.94,STATIC
80.9,2423,19.15,STATIC,166.93,STATIC,78.22,STATIC,38.89,STATIC,100.16,STATIC,106.54,STATIC,124.02,STATIC,168.17,STATIC
80.93333333333334,2424,19.17,STATIC,166.89,STATIC,78.17,STATIC,38.79,STATIC,100.24,STATIC,106.74,STATIC,124.16,STATIC,168.49,STATIC
80.96666666666667,2425,19.20,STATIC,166.99,STATIC,78.15,STATIC,38.73,STATIC,100.28,STATIC,106.76,STATIC,124.23,STATIC,168.16,STATIC
81.0,2426,19.26,STATIC,166.87,STATIC,78.16,STATIC,39.04,STATIC,100.28,STATIC,106.68,STATIC,121.75,STATIC,168.07,STATIC
81.03333333333333,2427,19.29,STATIC,166.70,STATIC,78.21,STATIC,39.21,STATIC,100.31,STATIC,106.30,STATIC,120.99,STATIC,167.03,STATIC
81.06666666666668,2428,19.28,STATIC,166.48,STATIC,78.20,STATIC,38.61,STATIC,100.35,STATIC,106.13,STATIC,122.93,STATIC,166.44,STATIC
81.10000000000001,2429,19.27,STATIC,166.48,STATIC,78.21,STATIC,38.49,STATIC,100.42,STATIC,106.07,STATIC,123.13,STATIC,166.69,STATIC
81.13333333333334,2430,19.30,STATIC,166.60,STATIC,78.16,STATIC,38.39,STATIC,100.52,STATIC,106.23,STATIC,124.14,STATIC,168.05,STATIC
81.16666666666667,2431,19.27,STATIC,166.69,STATIC,78.11,STATIC,38.30,STATIC,100.55,STATIC,106.24,STATIC,124.41,STATIC,168.35,STATIC
81.2,2432,19.28,STATIC,167.04,STATIC,78.00,STATIC,38.08,STATIC,100.62,STATIC,106.07,STATIC,124.98,STATIC,168.56,STATIC
81.23333333333333,2433,19.25,STATIC,167.07,STATIC,77.95,STATIC,37.56,STATIC,100.69,STATIC,106.21,STATIC,124.81,STATIC,168.70,STATIC
81.26666666666667,2434,19.28,STATIC,167.18,STATIC,77.87,STATIC,37.33,STATIC,100.76,STATIC,106.35,STATIC,125.00,STATIC,169.54,STATIC
81.30000000000001,2435,19.34,STATIC,167.25,STATIC,77.76,STATIC,37.33,STATIC,100.84,STATIC,106.16,STATIC,124.96,STATIC,170.06,STATIC
81.33333333333334,2436,19.35,STATIC,167.25,STATIC,77.72,STATIC,37.30,STATIC,100.85,STATIC,105.97,STATIC,124.81,STATIC,169.84,STATIC
81.36666666666667,2437,19.41,STATIC,167.21,STATIC,77.66,STATIC,37.10,STATIC,100.92,STATIC,106.01,STATIC,124.76,STATIC,170.35,STATIC
81.4,2438,19.43,STATIC,167.26,STATIC,77.67,STATIC,37.84,STATIC,100.87,STATIC,105.97,STATIC,124.39,STATIC,170.60,STATIC
81.43333333333334,2439,19.40,STATIC,167.22,STATIC,77.69,STATIC,37.87,STATIC,100.87,STATIC,106.06,STATIC,121.21,STATIC,170.49,STATIC
81.46666666666667,2440,19.29,STATIC,167.38,STATIC,77.71,STATIC,37.85,STATIC,100.79,STATIC,106.22,STATIC,122.01,STATIC,170.38,STATIC
81.5,2441,19.04,STATIC,167.59,STATIC,77.79,STATIC,37.49,STATIC,100.73,STATIC,106.64,STATIC,121.43,STATIC,170.16,STATIC
81.53333333333335,2442,18.76,STATIC,167.71,STATIC,77.96,STATIC,37.31,STATIC,100.58,STATIC,106.55,STATIC,119.69,STATIC,168.76,STATIC
81.56666666666668,2443,18.46,STATIC,168.06,STATIC,77.98,STATIC,36.67,STATIC,100.53,STATIC,106.83,STATIC,120.72,STATIC,169.91,STATIC
81.60000000000001,2444,18.27,STATIC,167.79,STATIC,77.95,STATIC,36.51,STATIC,100.57,STATIC,107.41,STATIC,121.86,STATIC,170.49,STATIC
81.63333333333334,2445,18.17,STATIC,167.37,STATIC,77.98,STATIC,36.44,STATIC,100.62,STATIC,108.03,STATIC,121.79,STATIC,171.64,STATIC
81.66666666666667,2446,17.92,STATIC,166.65,STATIC,78.10,STATIC,36.17,STATIC,100.30,STATIC,107.62,STATIC,118.82,STATIC,171.45,STATIC
81.7,2447,17.75,STATIC,165.99,STATIC,77.68,STATIC,35.56,STATIC,100.17,STATIC,107.44,STATIC,118.06,STATIC,170.68,STATIC
81.73333333333333,2448,17.84,STATIC,166.12,STATIC,77.52,STATIC,35.81,STATIC,100.26,STATIC,106.99,STATIC,117.85,STATIC,169.82,STATIC
81.76666666666667,2449,17.82,STATIC,165.47,STATIC,77.76,STATIC,36.33,STATIC,100.14,STATIC,106.45,STATIC,116.78,STATIC,168.95,STATIC
81.80000000000001,2450,17.89,STATIC,165.47,STATIC,77.86,STATIC,36.65,STATIC,100.04,STATIC,106.12,STATIC,118.07,STATIC,168.96,STATIC
81.83333333333334,2451,18.28,STATIC,166.11,STATIC,78.04,STATIC,37.88,STATIC,99.96,STATIC,105.45,STATIC,115.90,STATIC,167.69,STATIC
81.86666666666667,2452,18.15,STATIC,164.49,STATIC,78.34,STATIC,38.65,STATIC,99.65,STATIC,105.06,STATIC,114.46,STATIC,167.30,STATIC
81.9,2453,18.11,STATIC,164.36,STATIC,78.49,STATIC,38.58,STATIC,99.65,STATIC,104.97,STATIC,113.55,STATIC,165.82,STATIC
81.93333333333334,2454,18.36,STATIC,164.17,STATIC,78.69,STATIC,38.52,STATIC,99.48,STATIC,104.63,STATIC,113.81,STATIC,164.58,STATIC
81.96666666666667,2455,18.56,STATIC,163.86,STATIC,78.85,STATIC,39.35,STATIC,99.14,STATIC,104.07,STATIC,113.50,STATIC,163.00,STATIC
82.0,2456,19.02,STATIC,162.74,STATIC,78.95,STATIC,39.61,STATIC,99.15,STATIC,104.21,STATIC,112.75,STATIC,161.67,STATIC
82.03333333333335,2457,21.00,STATIC,162.33,STATIC,79.02,STATIC,39.58,STATIC,99.40,STATIC,104.63,STATIC,111.88,STATIC,160.94,STATIC
82.06666666666668,2458,21.35,STATIC,161.25,STATIC,79.10,STATIC,39.38,STATIC,99.76,STATIC,104.23,STATIC,112.00,STATIC,160.05,STATIC
82.10000000000001,2459,21.85,STATIC,161.25,STATIC,79.04,STATIC,39.38,STATIC,99.87,STATIC,104.20,STATIC,111.36,STATIC,158.82,STATIC
82.13333333333334,2460,22.92,STATIC,161.66,STATIC,79.04,STATIC,39.01,STATIC,100.00,STATIC,104.27,STATIC,111.18,STATIC,158.16,STATIC
82.16666666666667,2461,24.41,STATIC,160.26,STATIC,78.99,STATIC,39.84,STATIC,100.19,STATIC,104.13,STATIC,110.62,STATIC,157.22,STATIC
82.2,2462,24.58,STATIC,159.25,STATIC,78.96,STATIC,41.22,STATIC,100.59,STATIC,104.25,STATIC,110.42,STATIC,156.55,STATIC
82.23333333333333,2463,26.75,STATIC,158.65,STATIC,78.72,STATIC,40.82,STATIC,101.06,STATIC,104.49,STATIC,110.03,STATIC,155.97,STATIC
82.26666666666667,2464,29.22,STATIC,155.59,STATIC,78.53,STATIC,41.20,STATIC,101.36,STATIC,104.56,STATIC,110.14,STATIC,155.24,STATIC
82.30000000000001,2465,31.62,STATIC,154.82,STATIC,78.09,STATIC,41.49,STATIC,101.63,STATIC,104.39,STATIC,109.56,STATIC,156.53,STATIC
82.33333333333334,2466,33.71,STATIC,153.91,STATIC,77.82,STATIC,41.76,STATIC,101.95,STATIC,104.34,STATIC,109.18,STATIC,155.21,STATIC
82.36666666666667,2467,35.60,STATIC,153.57,STATIC,77.58,STATIC,41.21,STATIC,102.24,STATIC,104.27,STATIC,109.15,STATIC,154.84,STATIC
82.4,2468,38.07,STATIC,151.90,STATIC,77.29,STATIC,38.88,STATIC,102.68,STATIC,104.09,STATIC,109.44,STATIC,154.98,STATIC
82.43333333333334,2469,40.32,STATIC,151.12,STATIC,76.91,STATIC,36.56,STATIC,103.11,STATIC,104.29,STATIC,109.30,STATIC,153.62,STATIC
82.46666666666667,2470,42.73,STATIC,150.66,STATIC,76.85,STATIC,35.04,STATIC,103.36,STATIC,104.17,STATIC,109.07,STATIC,154.26,STATIC
82.5,2471,44.83,STATIC,149.46,STATIC,76.82,STATIC,34.42,STATIC,103.78,STATIC,104.28,STATIC,109.15,STATIC,153.29,STATIC
82.53333333333335,2472,46.14,STATIC,146.50,STATIC,76.80,STATIC,32.26,STATIC,103.98,STATIC,105.02,STATIC,109.15,STATIC,154.59,STATIC
82.56666666666668,2473,48.71,STATIC,143.32,STATIC,76.69,STATIC,31.40,STATIC,104.30,STATIC,105.90,STATIC,108.17,STATIC,158.14,STATIC
82.60000000000001,2474,49.73,STATIC,139.88,STATIC,76.60,STATIC,31.39,STATIC,104.42,STATIC,107.13,STATIC,108.08,STATIC,162.36,STATIC
82.63333333333334,2475,51.29,STATIC,139.49,STATIC,76.78,STATIC,29.34,STATIC,104.25,STATIC,108.34,STATIC,108.31,STATIC,167.81,EXTENSION
82.66666666666667,2476,53.76,STATIC,138.24,STATIC,76.91,STATIC,28.74,STATIC,104.22,STATIC,109.67,STATIC,109.79,STATIC,170.47,STATIC
82.7,2477,55.12,STATIC,139.27,STATIC,77.06,STATIC,29.13,STATIC,104.21,STATIC,111.10,STATIC,111.06,STATIC,172.20,STATIC
82.73333333333333,2478,56.84,STATIC,139.40,STATIC,77.31,STATIC,27.20,STATIC,104.01,STATIC,112.67,STATIC,112.87,STATIC,173.30,STATIC
82.76666666666667,2479,59.61,STATIC,138.92,STATIC,77.61,STATIC,27.49,STATIC,103.92,STATIC,114.45,STATIC,116.29,STATIC,172.98,STATIC
82.80000000000001,2480,62.54,STATIC,139.76,STATIC,77.72,STATIC,27.66,STATIC,103.94,STATIC,116.18,STATIC,116.50,STATIC,172.33,STATIC
82.83333333333334,2481,65.60,STATIC,139.48,STATIC,77.73,STATIC,27.75,STATIC,104.06,STATIC,117.87,STATIC,117.45,STATIC,172.48,STATIC
82.86666666666667,2482,68.38,STATIC,137.92,STATIC,77.74,STATIC,27.15,STATIC,104.12,STATIC,119.21,STATIC,118.38,STATIC,170.28,STATIC
82.9,2483,71.20,STATIC,137.58,STATIC,77.97,STATIC,26.38,STATIC,104.13,STATIC,120.70,STATIC,118.43,STATIC,169.54,STATIC
82.93333333333334,2484,73.75,STATIC,138.25,STATIC,78.18,STATIC,25.85,STATIC,104.04,STATIC,122.17,STATIC,118.47,STATIC,167.13,STATIC
82.96666666666667,2485,76.07,STATIC,138.19,STATIC,78.35,STATIC,25.97,STATIC,103.95,STATIC,123.71,STATIC,117.84,STATIC,165.06,STATIC
83.0,2486,78.33,STATIC,138.51,STATIC,78.52,STATIC,25.63,STATIC,103.82,STATIC,125.21,STATIC,117.56,STATIC,163.18,STATIC
83.03333333333335,2487,79.89,STATIC,138.93,STATIC,78.64,STATIC,24.58,STATIC,103.85,STATIC,126.88,STATIC,117.32,STATIC,161.09,STATIC
83.06666666666668,2488,82.70,STATIC,139.49,STATIC,78.71,STATIC,23.47,STATIC,103.86,STATIC,128.31,STATIC,117.21,STATIC,159.42,STATIC
83.10000000000001,2489,85.15,STATIC,139.38,STATIC,78.77,STATIC,23.66,STATIC,103.86,STATIC,129.34,STATIC,117.43,STATIC,158.04,STATIC
83.13333333333334,2490,88.02,STATIC,139.87,STATIC,78.88,STATIC,24.00,STATIC,103.83,STATIC,130.64,STATIC,117.60,STATIC,156.62,STATIC
83.16666666666667,2491,90.55,STATIC,140.17,STATIC,78.96,STATIC,23.67,STATIC,103.77,STATIC,131.92,STATIC,117.61,STATIC,155.21,STATIC
83.2,2492,92.78,STATIC,140.97,STATIC,79.00,STATIC,23.76,STATIC,103.76,STATIC,133.11,STATIC,117.29,STATIC,153.87,STATIC
83.23333333333333,2493,94.48,STATIC,140.81,STATIC,79.08,STATIC,24.31,STATIC,103.64,STATIC,133.85,STATIC,116.74,STATIC,153.05,STATIC
83.26666666666667,2494,96.55,STATIC,141.49,STATIC,79.13,STATIC,24.40,STATIC,103.59,STATIC,134.80,STATIC,116.52,STATIC,152.19,STATIC
83.30000000000001,2495,97.52,STATIC,144.05,STATIC,79.16,STATIC,24.50,STATIC,103.53,STATIC,135.47,STATIC,117.74,STATIC,151.63,STATIC
83.33333333333334,2496,99.02,STATIC,143.98,STATIC,79.20,STATIC,24.77,STATIC,103.53,STATIC,135.37,STATIC,119.08,STATIC,151.83,STATIC
83.36666666666667,2497,99.94,STATIC,144.82,STATIC,79.24,STATIC,25.58,STATIC,103.45,STATIC,134.53,STATIC,119.81,STATIC,152.87,STATIC
83.4,2498,100.49,STATIC,144.19,STATIC,79.28,STATIC,26.72,STATIC,103.45,STATIC,133.83,STATIC,118.95,STATIC,153.66,STATIC
83.43333333333334,2499,100.69,STATIC,144.36,STATIC,79.33,STATIC,27.24,STATIC,103.42,STATIC,133.60,STATIC,119.43,STATIC,154.18,STATIC
83.46666666666667,2500,100.91,STATIC,144.38,STATIC,79.36,STATIC,27.14,STATIC,103.45,STATIC,133.47,STATIC,119.36,STATIC,154.35,STATIC
83.5,2501,100.75,STATIC,144.74,STATIC,79.44,STATIC,27.11,STATIC,103.50,STATIC,134.17,STATIC,119.44,STATIC,153.95,STATIC
83.53333333333335,2502,101.38,STATIC,146.50,STATIC,79.47,STATIC,26.39,STATIC,103.56,STATIC,134.66,STATIC,119.83,STATIC,153.49,STATIC
83.56666666666668,2503,102.02,STATIC,147.24,STATIC,79.57,STATIC,25.83,STATIC,103.50,STATIC,135.45,STATIC,120.07,STATIC,152.80,STATIC
83.60000000000001,2504,102.66,STATIC,147.32,STATIC,79.68,STATIC,25.33,STATIC,103.45,STATIC,136.01,STATIC,120.17,STATIC,152.37,STATIC
83.63333333333334,2505,103.60,STATIC,147.07,STATIC,79.78,STATIC,24.79,STATIC,103.41,STATIC,136.23,STATIC,120.33,STATIC,152.32,STATIC
83.66666666666667,2506,104.65,STATIC,146.88,STATIC,79.84,STATIC,24.75,STATIC,103.36,STATIC,136.56,STATIC,120.25,STATIC,152.08,STATIC
83.7,2507,105.61,STATIC,146.59,STATIC,79.90,STATIC,24.69,STATIC,103.28,STATIC,137.10,STATIC,120.27,STATIC,151.61,STATIC
83.73333333333333,2508,107.37,STATIC,146.34,STATIC,80.01,STATIC,24.98,STATIC,103.28,STATIC,137.46,STATIC,120.69,STATIC,151.55,STATIC
83.76666666666667,2509,109.08,STATIC,146.19,STATIC,80.15,STATIC,24.65,STATIC,103.32,STATIC,138.67,STATIC,120.72,STATIC,150.58,STATIC
83.80000000000001,2510,113.00,STATIC,145.15,STATIC,79.78,STATIC,24.89,STATIC,103.33,STATIC,139.04,STATIC,121.13,STATIC,150.44,STATIC
83.83333333333334,2511,114.23,STATIC,143.36,STATIC,79.73,STATIC,24.76,STATIC,103.38,STATIC,139.98,STATIC,121.07,STATIC,149.66,STATIC
83.86666666666667,2512,116.08,STATIC,142.77,STATIC,79.80,STATIC,24.58,STATIC,103.39,STATIC,140.98,STATIC,120.95,STATIC,148.78,STATIC
83.9,2513,117.41,STATIC,142.54,STATIC,79.93,STATIC,24.36,STATIC,103.38,STATIC,142.05,STATIC,120.68,STATIC,147.88,STATIC
83.93333333333334,2514,118.59,STATIC,141.99,STATIC,80.03,STATIC,24.17,STATIC,103.38,STATIC,142.96,STATIC,120.68,STATIC,146.76,STATIC
83.96666666666667,2515,119.41,STATIC,142.27,STATIC,80.14,STATIC,24.09,STATIC,103.36,STATIC,144.13,STATIC,120.02,STATIC,145.65,STATIC
84.0,2516,120.35,STATIC,142.41,STATIC,80.23,STATIC,24.01,STATIC,103.36,STATIC,145.06,STATIC,119.59,STATIC,144.87,STATIC
84.03333333333335,2517,120.06,STATIC,142.49,STATIC,80.30,STATIC,23.59,STATIC,103.27,STATIC,145.99,STATIC,119.21,STATIC,143.93,STATIC
84.06666666666668,2518,120.91,STATIC,142.26,STATIC,80.38,STATIC,23.50,STATIC,103.21,STATIC,145.98,STATIC,119.14,STATIC,144.07,STATIC
84.10000000000001,2519,121.18,STATIC,142.31,STATIC,80.44,STATIC,23.62,STATIC,103.10,STATIC,146.14,STATIC,118.59,STATIC,143.87,STATIC
84.13333333333334,2520,121.59,STATIC,142.26,STATIC,80.51,STATIC,23.73,STATIC,103.06,STATIC,146.58,STATIC,117.81,STATIC,143.54,STATIC
84.16666666666667,2521,121.10,STATIC,142.00,STATIC,80.56,STATIC,23.88,STATIC,102.99,STATIC,146.46,STATIC,117.51,STATIC,143.52,STATIC
84.2,2522,120.59,STATIC,142.16,STATIC,80.63,STATIC,24.30,STATIC,102.91,STATIC,146.44,STATIC,117.08,STATIC,143.55,STATIC
84.23333333333333,2523,118.56,STATIC,142.63,STATIC,81.06,STATIC,25.29,STATIC,102.84,STATIC,146.27,STATIC,117.21,STATIC,143.63,STATIC
84.26666666666667,2524,117.52,STATIC,143.00,STATIC,81.15,STATIC,25.87,STATIC,102.78,STATIC,146.33,STATIC,117.41,STATIC,143.40,STATIC
84.30000000000001,2525,118.19,STATIC,143.18,STATIC,80.84,STATIC,25.73,STATIC,102.73,STATIC,146.33,STATIC,117.94,STATIC,145.01,STATIC
84.33333333333334,2526,118.39,STATIC,143.48,STATIC,80.67,STATIC,25.59,STATIC,102.69,STATIC,146.30,STATIC,118.24,STATIC,144.61,STATIC
84.36666666666667,2527,118.15,STATIC,143.44,STATIC,80.61,STATIC,25.50,STATIC,102.64,STATIC,146.32,STATIC,118.30,STATIC,143.80,STATIC
84.4,2528,118.26,STATIC,143.44,STATIC,80.60,STATIC,25.49,STATIC,102.60,STATIC,146.22,STATIC,118.46,STATIC,143.58,STATIC
84.43333333333334,2529,116.42,STATIC,144.23,STATIC,81.06,STATIC,25.70,STATIC,102.58,STATIC,145.93,STATIC,118.46,STATIC,143.73,STATIC
84.46666666666667,2530,114.96,STATIC,144.10,STATIC,81.31,STATIC,25.72,STATIC,102.52,STATIC,146.42,STATIC,117.84,STATIC,143.11,STATIC
84.5,2531,114.21,STATIC,143.77,STATIC,81.46,STATIC,25.78,STATIC,102.52,STATIC,146.92,STATIC,117.52,STATIC,142.08,STATIC
84.53333333333335,2532,114.26,STATIC,143.45,STATIC,81.52,STATIC,25.59,STATIC,102.50,STATIC,147.52,STATIC,117.78,STATIC,141.41,STATIC
84.56666666666668,2533,115.49,STATIC,142.95,STATIC,81.29,STATIC,25.49,STATIC,102.48,STATIC,147.76,STATIC,117.61,STATIC,140.99,STATIC
84.60000000000001,2534,115.35,STATIC,142.98,STATIC,81.47,STATIC,25.12,STATIC,102.48,STATIC,148.21,STATIC,117.62,STATIC,140.58,STATIC
84.63333333333334,2535,115.06,STATIC,142.45,STATIC,81.63,STATIC,24.19,STATIC,102.45,STATIC,148.64,STATIC,117.39,STATIC,140.11,STATIC
84.66666666666667,2536,114.40,STATIC,142.16,STATIC,81.71,STATIC,24.02,STATIC,102.41,STATIC,148.99,STATIC,117.26,STATIC,139.86,STATIC
84.7,2537,114.53,STATIC,141.72,STATIC,81.74,STATIC,23.69,STATIC,102.42,STATIC,149.14,STATIC,117.32,STATIC,139.66,STATIC
84.73333333333333,2538,114.71,STATIC,141.87,STATIC,81.77,STATIC,23.48,STATIC,102.37,STATIC,149.68,STATIC,117.00,STATIC,139.32,STATIC
84.76666666666667,2539,114.73,STATIC,141.75,STATIC,81.81,STATIC,23.08,STATIC,102.36,STATIC,149.99,STATIC,116.94,STATIC,139.11,STATIC
84.80000000000001,2540,114.44,STATIC,141.40,STATIC,81.83,STATIC,22.70,STATIC,102.32,STATIC,149.63,STATIC,117.20,STATIC,139.60,STATIC
84.83333333333334,2541,113.78,STATIC,141.61,STATIC,81.85,STATIC,22.56,STATIC,102.30,STATIC,149.67,STATIC,117.12,STATIC,139.63,STATIC
84.86666666666667,2542,112.81,STATIC,141.81,STATIC,81.85,STATIC,22.97,STATIC,102.23,STATIC,149.60,STATIC,116.89,STATIC,142.60,STATIC
84.9,2543,111.81,STATIC,141.55,STATIC,81.84,STATIC,23.68,STATIC,102.15,STATIC,149.52,STATIC,116.74,STATIC,142.90,STATIC
84.93333333333334,2544,111.00,STATIC,141.61,STATIC,81.84,STATIC,23.72,STATIC,102.12,STATIC,150.00,STATIC,116.46,STATIC,142.54,STATIC
84.96666666666667,2545,110.35,STATIC,141.94,STATIC,81.83,STATIC,23.82,STATIC,102.09,STATIC,150.20,STATIC,116.09,STATIC,141.22,STATIC
85.0,2546,109.68,STATIC,142.33,STATIC,81.78,STATIC,23.93,STATIC,102.08,STATIC,149.84,STATIC,116.47,STATIC,140.45,STATIC
85.03333333333335,2547,109.14,STATIC,142.99,STATIC,81.75,STATIC,24.02,STATIC,102.07,STATIC,149.67,STATIC,116.86,STATIC,142.13,STATIC
85.06666666666668,2548,109.02,STATIC,142.86,STATIC,81.73,STATIC,24.18,STATIC,102.14,STATIC,148.99,STATIC,117.27,STATIC,141.59,STATIC
85.10000000000001,2549,109.00,STATIC,142.50,STATIC,81.71,STATIC,24.15,STATIC,102.22,STATIC,148.80,STATIC,117.20,STATIC,141.21,STATIC
85.13333333333334,2550,109.31,STATIC,142.56,STATIC,81.71,STATIC,24.08,STATIC,102.30,STATIC,148.80,STATIC,117.41,STATIC,140.86,STATIC
85.16666666666667,2551,109.05,STATIC,142.52,STATIC,81.71,STATIC,24.14,STATIC,102.32,STATIC,148.77,STATIC,117.16,STATIC,140.88,STATIC
85.2,2552,108.80,STATIC,142.45,STATIC,81.73,STATIC,24.02,STATIC,102.35,STATIC,148.89,STATIC,116.95,STATIC,140.45,STATIC
85.23333333333333,2553,108.75,STATIC,142.35,STATIC,81.74,STATIC,23.94,STATIC,102.35,STATIC,149.14,STATIC,116.92,STATIC,140.27,STATIC
85.26666666666667,2554,108.91,STATIC,142.04,STATIC,81.75,STATIC,23.62,STATIC,102.37,STATIC,149.08,STATIC,116.99,STATIC,140.37,STATIC
85.30000000000001,2555,108.90,STATIC,142.16,STATIC,81.75,STATIC,23.54,STATIC,102.42,STATIC,149.50,STATIC,117.01,STATIC,139.82,STATIC
85.33333333333334,2556,108.93,STATIC,142.27,STATIC,81.75,STATIC,23.34,STATIC,102.44,STATIC,149.79,STATIC,116.96,STATIC,139.50,STATIC
85.36666666666667,2557,109.10,STATIC,142.40,STATIC,81.74,STATIC,23.02,STATIC,102.45,STATIC,150.00,STATIC,117.21,STATIC,139.29,STATIC
85.4,2558,109.30,STATIC,142.12,STATIC,81.74,STATIC,22.89,STATIC,102.46,STATIC,150.34,STATIC,117.17,STATIC,139.08,STATIC
85.43333333333334,2559,109.44,STATIC,141.72,STATIC,81.74,STATIC,22.74,STATIC,102.46,STATIC,150.63,STATIC,117.22,STATIC,138.74,STATIC
85.46666666666667,2560,109.70,STATIC,141.46,STATIC,81.71,STATIC,22.61,STATIC,102.48,STATIC,150.62,STATIC,117.16,STATIC,138.31,STATIC
85.5,2561,109.78,STATIC,141.72,STATIC,81.70,STATIC,22.54,STATIC,102.46,STATIC,150.95,STATIC,116.74,STATIC,137.93,STATIC
85.53333333333335,2562,109.73,STATIC,141.44,STATIC,81.68,STATIC,22.68,STATIC,102.46,STATIC,150.97,STATIC,116.80,STATIC,137.84,STATIC
85.56666666666668,2563,109.83,STATIC,141.17,STATIC,81.66,STATIC,22.52,STATIC,102.49,STATIC,151.15,STATIC,116.41,STATIC,137.71,STATIC
85.60000000000001,2564,109.98,STATIC,141.17,STATIC,81.64,STATIC,22.43,STATIC,102.54,STATIC,151.38,STATIC,116.44,STATIC,137.53,STATIC
85.63333333333334,2565,110.08,STATIC,141.36,STATIC,81.62,STATIC,22.09,STATIC,102.58,STATIC,151.70,STATIC,116.85,STATIC,137.27,STATIC
85.66666666666667,2566,110.04,STATIC,141.42,STATIC,81.60,STATIC,22.01,STATIC,102.59,STATIC,151.88,STATIC,116.73,STATIC,136.83,STATIC
85.7,2567,109.90,STATIC,141.54,STATIC,81.59,STATIC,22.00,STATIC,102.57,STATIC,151.96,STATIC,116.26,STATIC,136.74,STATIC
85.73333333333333,2568,109.90,STATIC,141.69,STATIC,81.59,STATIC,21.92,STATIC,102.52,STATIC,151.97,STATIC,115.99,STATIC,136.74,STATIC
85.76666666666667,2569,109.98,STATIC,141.67,STATIC,81.59,STATIC,22.00,STATIC,102.50,STATIC,151.99,STATIC,115.68,STATIC,136.75,STATIC
85.80000000000001,2570,110.01,STATIC,141.55,STATIC,81.57,STATIC,22.37,STATIC,102.49,STATIC,151.77,STATIC,115.76,STATIC,136.97,STATIC
85.83333333333334,2571,109.89,STATIC,141.88,STATIC,81.56,STATIC,22.45,STATIC,102.46,STATIC,151.52,STATIC,115.85,STATIC,137.06,STATIC
85.86666666666667,2572,109.69,STATIC,141.93,STATIC,81.53,STATIC,22.65,STATIC,102.39,STATIC,150.79,STATIC,115.91,STATIC,137.65,STATIC
85.9,2573,109.35,STATIC,141.38,STATIC,81.49,STATIC,23.19,STATIC,102.33,STATIC,150.13,STATIC,115.62,STATIC,138.28,STATIC
85.93333333333334,2574,109.07,STATIC,140.69,STATIC,81.43,STATIC,23.81,STATIC,102.26,STATIC,149.22,STATIC,115.26,STATIC,139.13,STATIC
85.96666666666667,2575,108.91,STATIC,140.46,STATIC,81.38,STATIC,23.75,STATIC,102.25,STATIC,148.12,STATIC,115.71,STATIC,140.21,STATIC
86.0,2576,108.89,STATIC,140.55,STATIC,81.33,STATIC,23.53,STATIC,102.27,STATIC,147.43,STATIC,116.27,STATIC,140.81,STATIC
86.03333333333335,2577,108.84,STATIC,140.15,STATIC,81.32,STATIC,23.83,STATIC,102.27,STATIC,146.31,STATIC,116.64,STATIC,141.90,STATIC
86.06666666666668,2578,109.06,STATIC,139.46,STATIC,81.29,STATIC,23.70,STATIC,102.29,STATIC,145.48,STATIC,116.96,STATIC,142.69,STATIC
86.10000000000001,2579,109.20,STATIC,139.23,STATIC,81.25,STATIC,23.68,STATIC,102.31,STATIC,144.59,STATIC,117.45,STATIC,143.44,STATIC
86.13333333333334,2580,109.54,STATIC,139.39,STATIC,81.20,STATIC,23.47,STATIC,102.31,STATIC,143.83,STATIC,117.48,STATIC,144.18,STATIC
86.16666666666667,2581,109.83,STATIC,139.49,STATIC,81.18,STATIC,23.44,STATIC,102.34,STATIC,144.07,STATIC,117.56,STATIC,143.92,STATIC
86.2,2582,110.20,STATIC,140.04,STATIC,81.12,STATIC,23.17,STATIC,102.37,STATIC,144.38,STATIC,117.82,STATIC,143.82,STATIC
86.23333333333333,2583,110.20,STATIC,140.25,STATIC,81.13,STATIC,23.17,STATIC,102.37,STATIC,144.61,STATIC,117.66,STATIC,143.61,STATIC
86.26666666666667,2584,110.24,STATIC,140.43,STATIC,81.14,STATIC,23.09,STATIC,102.38,STATIC,144.77,STATIC,117.67,STATIC,143.32,STATIC
86.30000000000001,2585,110.26,STATIC,140.71,STATIC,81.11,STATIC,23.06,STATIC,102.42,STATIC,144.89,STATIC,117.24,STATIC,142.82,STATIC
86.33333333333334,2586,110.41,STATIC,140.77,STATIC,81.12,STATIC,23.08,STATIC,102.41,STATIC,144.78,STATIC,117.14,STATIC,142.78,STATIC
86.36666666666667,2587,110.84,STATIC,140.83,STATIC,81.11,STATIC,23.12,STATIC,102.39,STATIC,144.03,STATIC,117.61,STATIC,143.72,STATIC
86.4,2588,111.19,STATIC,141.08,STATIC,81.11,STATIC,23.07,STATIC,102.35,STATIC,144.14,STATIC,117.66,STATIC,143.61,STATIC
86.43333333333334,2589,111.61,STATIC,141.08,STATIC,81.11,STATIC,23.04,STATIC,102.34,STATIC,143.96,STATIC,117.45,STATIC,143.80,STATIC
86.46666666666667,2590,112.01,STATIC,141.18,STATIC,81.09,STATIC,22.96,STATIC,102.33,STATIC,144.18,STATIC,117.20,STATIC,143.56,STATIC
86.5,2591,112.33,STATIC,141.55,STATIC,81.11,STATIC,22.92,STATIC,102.33,STATIC,144.53,STATIC,116.56,STATIC,143.02,STATIC
86.53333333333335,2592,112.41,STATIC,141.98,STATIC,81.08,STATIC,23.00,STATIC,102.34,STATIC,144.69,STATIC,115.83,STATIC,143.05,STATIC
86.56666666666668,2593,112.37,STATIC,142.31,STATIC,81.09,STATIC,23.16,STATIC,102.32,STATIC,145.25,STATIC,115.03,STATIC,142.42,STATIC
86.60000000000001,2594,112.22,STATIC,142.46,STATIC,81.07,STATIC,23.64,STATIC,102.29,STATIC,145.44,STATIC,114.32,STATIC,142.07,STATIC
86.63333333333334,2595,111.91,STATIC,142.01,STATIC,81.03,STATIC,24.01,STATIC,102.28,STATIC,145.50,STATIC,113.57,STATIC,141.82,STATIC
86.66666666666667,2596,111.70,STATIC,141.79,STATIC,81.01,STATIC,23.82,STATIC,102.26,STATIC,145.74,STATIC,113.15,STATIC,141.48,STATIC
86.7,2597,111.52,STATIC,141.29,STATIC,80.99,STATIC,23.59,STATIC,102.22,STATIC,145.60,STATIC,112.74,STATIC,141.58,STATIC
86.73333333333333,2598,111.30,STATIC,141.02,STATIC,80.94,STATIC,23.53,STATIC,102.21,STATIC,145.27,STATIC,112.56,STATIC,141.89,STATIC
86.76666666666667,2599,111.17,STATIC,141.90,STATIC,80.91,STATIC,23.83,STATIC,102.17,STATIC,144.64,STATIC,112.32,STATIC,142.61,STATIC
86.80000000000001,2600,110.86,STATIC,142.34,STATIC,80.88,STATIC,24.21,STATIC,102.14,STATIC,144.05,STATIC,112.00,STATIC,143.08,STATIC
86.83333333333334,2601,110.53,STATIC,142.22,STATIC,80.84,STATIC,24.19,STATIC,102.09,STATIC,142.55,STATIC,111.94,STATIC,144.70,STATIC
86.86666666666667,2602,109.92,STATIC,141.88,STATIC,80.82,STATIC,24.57,STATIC,102.02,STATIC,141.18,STATIC,111.77,STATIC,145.97,STATIC
86.9,2603,108.87,STATIC,142.26,STATIC,80.77,STATIC,25.30,STATIC,101.95,STATIC,139.26,STATIC,111.23,STATIC,147.90,STATIC
86.93333333333334,2604,108.45,STATIC,141.87,STATIC,80.80,STATIC,25.02,STATIC,101.97,STATIC,137.88,STATIC,110.79,STATIC,149.43,STATIC
86.96666666666667,2605,107.83,STATIC,142.95,STATIC,80.79,STATIC,25.60,STATIC,101.98,STATIC,136.84,STATIC,110.31,STATIC,150.66,STATIC
87.0,2606,107.20,STATIC,142.75,STATIC,80.79,STATIC,26.19,STATIC,101.96,STATIC,135.98,STATIC,110.11,STATIC,151.88,STATIC
87.03333333333335,2607,106.16,STATIC,143.21,STATIC,80.73,STATIC,28.53,STATIC,101.95,STATIC,135.16,STATIC,109.88,STATIC,152.66,STATIC
87.06666666666668,2608,105.62,STATIC,144.03,STATIC,80.68,STATIC,28.53,STATIC,102.13,STATIC,134.78,STATIC,109.57,STATIC,152.68,STATIC
87.10000000000001,2609,105.23,STATIC,144.98,STATIC,80.61,STATIC,28.87,STATIC,102.24,STATIC,134.42,STATIC,108.90,STATIC,152.71,STATIC
87.13333333333334,2610,104.96,STATIC,145.72,STATIC,80.59,STATIC,28.79,STATIC,102.26,STATIC,134.38,STATIC,108.29,STATIC,151.79,STATIC
87.16666666666667,2611,104.67,STATIC,147.03,STATIC,80.51,STATIC,29.69,STATIC,102.37,STATIC,135.24,STATIC,108.15,STATIC,150.22,STATIC
87.2,2612,104.34,STATIC,146.45,STATIC,80.40,STATIC,29.48,STATIC,102.51,STATIC,137.13,STATIC,107.91,STATIC,149.53,STATIC
87.23333333333333,2613,103.34,STATIC,146.74,STATIC,80.40,STATIC,29.90,STATIC,102.58,STATIC,138.99,STATIC,107.42,STATIC,146.70,STATIC
87.26666666666667,2614,101.84,STATIC,148.04,STATIC,80.46,STATIC,30.08,STATIC,102.52,STATIC,140.28,STATIC,107.05,STATIC,145.62,STATIC
87.30000000000001,2615,100.88,STATIC,148.55,STATIC,80.43,STATIC,29.87,STATIC,102.55,STATIC,141.76,STATIC,106.80,STATIC,144.39,STATIC
87.33333333333334,2616,100.12,STATIC,149.17,STATIC,80.45,STATIC,30.03,STATIC,102.49,STATIC,142.97,STATIC,106.36,STATIC,143.09,STATIC
87.36666666666667,2617,99.54,STATIC,150.25,STATIC,80.40,STATIC,29.73,STATIC,102.57,STATIC,142.89,STATIC,106.17,STATIC,143.14,STATIC
87.4,2618,99.19,STATIC,150.55,STATIC,80.38,STATIC,29.30,STATIC,102.43,STATIC,138.95,STATIC,106.14,STATIC,147.27,STATIC
87.43333333333334,2619,98.40,STATIC,151.23,STATIC,80.40,STATIC,28.69,STATIC,102.31,STATIC,134.40,STATIC,107.00,STATIC,152.37,EXTENSION
87.46666666666667,2620,97.79,STATIC,151.86,STATIC,80.39,STATIC,28.40,STATIC,102.23,STATIC,130.11,STATIC,107.49,STATIC,157.05,STATIC
87.5,2621,97.00,STATIC,152.52,STATIC,80.30,STATIC,28.64,STATIC,102.30,STATIC,125.94,STATIC,107.92,STATIC,159.97,STATIC
87.53333333333335,2622,96.72,STATIC,153.52,STATIC,80.13,STATIC,29.21,STATIC,102.38,STATIC,122.03,STATIC,108.00,STATIC,165.49,EXTENSION
87.56666666666668,2623,96.30,STATIC,153.54,STATIC,80.00,STATIC,29.82,STATIC,102.47,STATIC,119.12,STATIC,108.34,STATIC,169.59,STATIC
87.60000000000001,2624,95.31,STATIC,154.48,STATIC,79.84,STATIC,30.12,STATIC,102.46,STATIC,116.64,STATIC,108.38,STATIC,172.15,STATIC
87.63333333333334,2625,94.03,STATIC,154.40,STATIC,79.73,STATIC,30.39,STATIC,102.50,STATIC,115.03,STATIC,108.60,STATIC,173.36,STATIC
87.66666666666667,2626,92.39,STATIC,154.35,STATIC,79.56,STATIC,31.00,STATIC,102.54,STATIC,113.46,STATIC,108.86,STATIC,173.57,STATIC
87.7,2627,90.53,STATIC,155.03,STATIC,79.43,STATIC,31.07,STATIC,102.59,STATIC,112.18,STATIC,109.24,STATIC,172.87,STATIC
87.73333333333333,2628,89.10,STATIC,155.80,STATIC,79.24,STATIC,32.21,STATIC,102.70,STATIC,111.21,STATIC,109.12,STATIC,171.12,STATIC
87.76666666666667,2629,87.84,STATIC,155.98,STATIC,79.03,STATIC,32.66,STATIC,102.68,STATIC,110.04,STATIC,108.81,STATIC,168.76,STATIC
87.80000000000001,2630,86.07,STATIC,157.05,STATIC,78.97,STATIC,33.31,STATIC,102.68,STATIC,109.65,STATIC,109.05,STATIC,168.35,STATIC
87.83333333333334,2631,82.79,STATIC,158.56,STATIC,78.95,STATIC,34.11,STATIC,102.58,STATIC,109.12,STATIC,109.28,STATIC,167.93,STATIC
87.86666666666667,2632,80.48,STATIC,157.89,STATIC,78.95,STATIC,34.23,STATIC,102.48,STATIC,108.70,STATIC,109.12,STATIC,167.07,STATIC
87.9,2633,77.25,STATIC,158.15,STATIC,78.93,STATIC,34.12,STATIC,102.43,STATIC,108.35,STATIC,109.46,STATIC,166.59,STATIC
87.93333333333334,2634,73.76,STATIC,157.99,STATIC,79.07,STATIC,33.23,STATIC,102.27,STATIC,108.28,STATIC,108.54,STATIC,167.33,STATIC
87.96666666666667,2635,68.77,STATIC,160.04,STATIC,79.21,STATIC,33.20,STATIC,102.06,STATIC,108.07,STATIC,108.83,STATIC,167.35,STATIC
88.0,2636,64.11,STATIC,160.76,STATIC,79.28,STATIC,32.69,STATIC,101.84,STATIC,107.87,STATIC,109.18,STATIC,166.44,STATIC
88.03333333333335,2637,61.37,STATIC,161.11,STATIC,79.36,STATIC,32.52,STATIC,101.62,STATIC,107.61,STATIC,109.27,STATIC,166.75,STATIC
88.06666666666668,2638,59.04,STATIC,161.87,STATIC,79.39,STATIC,33.21,STATIC,101.75,STATIC,107.61,STATIC,110.20,STATIC,167.71,STATIC
88.10000000000001,2639,57.07,STATIC,161.44,STATIC,79.46,STATIC,33.38,STATIC,101.78,STATIC,107.49,STATIC,110.57,STATIC,167.49,STATIC
88.13333333333334,2640,55.57,STATIC,161.63,STATIC,79.53,STATIC,33.28,STATIC,101.59,STATIC,107.03,STATIC,110.05,STATIC,166.36,STATIC
88.16666666666667,2641,53.71,STATIC,161.92,STATIC,79.61,STATIC,33.33,STATIC,101.34,STATIC,106.58,STATIC,109.67,STATIC,165.07,STATIC
88.2,2642,51.93,STATIC,161.96,STATIC,79.68,STATIC,33.31,STATIC,101.19,STATIC,106.17,STATIC,109.29,STATIC,164.22,STATIC
88.23333333333333,2643,50.64,STATIC,162.02,STATIC,79.77,STATIC,33.17,STATIC,101.03,STATIC,105.72,STATIC,108.73,STATIC,163.01,STATIC
88.26666666666667,2644,49.95,STATIC,161.37,STATIC,79.83,STATIC,33.16,STATIC,100.94,STATIC,105.39,STATIC,108.43,STATIC,161.64,STATIC
88.30000000000001,2645,49.75,STATIC,161.28,STATIC,79.78,STATIC,32.89,STATIC,101.15,STATIC,105.20,STATIC,108.64,STATIC,160.40,STATIC
88.33333333333334,2646,49.87,STATIC,161.01,STATIC,79.77,STATIC,32.93,STATIC,101.26,STATIC,105.15,STATIC,108.39,STATIC,160.09,STATIC
88.36666666666667,2647,50.22,STATIC,160.08,STATIC,79.63,STATIC,33.16,STATIC,101.32,STATIC,105.01,STATIC,108.41,STATIC,159.48,STATIC
88.4,2648,51.01,STATIC,159.13,STATIC,79.52,STATIC,32.85,STATIC,101.20,STATIC,104.85,STATIC,108.11,STATIC,158.59,STATIC
88.43333333333334,2649,52.26,STATIC,158.03,STATIC,79.27,STATIC,33.08,STATIC,101.35,STATIC,104.99,STATIC,107.97,STATIC,158.57,STATIC
88.46666666666667,2650,53.56,STATIC,157.68,STATIC,79.07,STATIC,33.66,STATIC,101.63,STATIC,105.24,STATIC,108.03,STATIC,158.83,STATIC
88.5,2651,54.69,STATIC,157.52,STATIC,78.85,STATIC,33.40,STATIC,101.74,STATIC,105.60,STATIC,108.01,STATIC,158.50,STATIC
88.53333333333335,2652,55.58,STATIC,156.60,STATIC,78.75,STATIC,33.22,STATIC,101.79,STATIC,105.52,STATIC,107.41,STATIC,159.10,STATIC
88.56666666666668,2653,56.65,STATIC,155.19,STATIC,78.61,STATIC,33.31,STATIC,101.88,STATIC,105.55,STATIC,107.74,STATIC,159.52,STATIC
88.60000000000001,2654,57.07,STATIC,154.76,STATIC,78.51,STATIC,33.21,STATIC,101.92,STATIC,105.42,STATIC,107.06,STATIC,158.65,STATIC
88.63333333333334,2655,57.25,STATIC,154.97,STATIC,78.39,STATIC,32.70,STATIC,101.93,STATIC,105.25,STATIC,106.86,STATIC,157.20,STATIC
88.66666666666667,2656,57.63,STATIC,155.11,STATIC,78.35,STATIC,32.40,STATIC,102.02,STATIC,105.20,STATIC,107.36,STATIC,156.54,STATIC
88.7,2657,58.27,STATIC,154.59,STATIC,78.29,STATIC,32.60,STATIC,102.11,STATIC,105.20,STATIC,108.15,STATIC,156.79,STATIC
88.73333333333333,2658,58.98,STATIC,154.72,STATIC,78.29,STATIC,32.51,STATIC,102.08,STATIC,105.33,STATIC,108.35,STATIC,157.52,STATIC
88.76666666666667,2659,58.95,STATIC,154.78,STATIC,78.31,STATIC,32.45,STATIC,102.12,STATIC,105.57,STATIC,107.49,STATIC,158.71,STATIC
88.80000000000001,2660,59.08,STATIC,155.12,STATIC,78.33,STATIC,32.42,STATIC,102.11,STATIC,105.61,STATIC,108.30,STATIC,159.29,STATIC
88.83333333333334,2661,59.52,STATIC,155.91,STATIC,78.29,STATIC,32.68,STATIC,102.16,STATIC,105.82,STATIC,108.59,STATIC,159.83,STATIC
88.86666666666667,2662,60.20,STATIC,156.99,STATIC,78.17,STATIC,33.63,STATIC,102.30,STATIC,106.04,STATIC,108.69,STATIC,160.70,STATIC
88.9,2663,60.70,STATIC,157.54,STATIC,78.10,STATIC,33.84,STATIC,102.38,STATIC,106.33,STATIC,109.10,STATIC,162.12,STATIC
88.93333333333334,2664,60.48,STATIC,158.28,STATIC,78.11,STATIC,33.83,STATIC,102.33,STATIC,106.47,STATIC,109.31,STATIC,163.06,STATIC
88.96666666666667,2665,59.86,STATIC,159.77,STATIC,78.13,STATIC,33.89,STATIC,102.31,STATIC,106.71,STATIC,109.71,STATIC,163.87,STATIC
89.0,2666,59.35,STATIC,160.47,STATIC,78.14,STATIC,33.67,STATIC,102.32,STATIC,107.11,STATIC,110.26,STATIC,165.18,STATIC
89.03333333333335,2667,58.71,STATIC,160.85,STATIC,78.20,STATIC,33.90,STATIC,102.26,STATIC,107.10,STATIC,110.73,STATIC,165.61,STATIC
89.06666666666668,2668,57.61,STATIC,161.06,STATIC,78.34,STATIC,33.80,STATIC,102.15,STATIC,106.85,STATIC,109.84,STATIC,165.81,STATIC
89.10000000000001,2669,56.93,STATIC,160.94,STATIC,78.44,STATIC,33.87,STATIC,102.08,STATIC,106.76,STATIC,109.75,STATIC,166.05,STATIC
89.13333333333334,2670,56.71,STATIC,160.48,STATIC,78.48,STATIC,33.86,STATIC,102.04,STATIC,106.76,STATIC,109.87,STATIC,166.21,STATIC
89.16666666666667,2671,56.17,STATIC,160.22,STATIC,78.51,STATIC,33.98,STATIC,102.03,STATIC,106.78,STATIC,109.84,STATIC,166.44,STATIC
89.2,2672,56.07,STATIC,160.20,STATIC,78.55,STATIC,33.95,STATIC,102.01,STATIC,106.99,STATIC,111.35,STATIC,167.06,STATIC
89.23333333333333,2673,55.76,STATIC,160.34,STATIC,78.57,STATIC,33.74,STATIC,101.98,STATIC,107.23,STATIC,111.78,STATIC,167.80,STATIC
89.26666666666667,2674,55.99,STATIC,160.20,STATIC,78.62,STATIC,33.82,STATIC,101.80,STATIC,107.30,STATIC,112.20,STATIC,167.98,STATIC
89.30000000000001,2675,56.01,STATIC,160.08,STATIC,78.64,STATIC,33.86,STATIC,101.64,STATIC,107.46,STATIC,112.21,STATIC,168.14,STATIC
89.33333333333334,2676,55.89,STATIC,159.46,STATIC,78.68,STATIC,33.73,STATIC,101.52,STATIC,107.35,STATIC,112.28,STATIC,167.98,STATIC
89.36666666666667,2677,55.86,STATIC,159.15,STATIC,78.72,STATIC,33.75,STATIC,101.42,STATIC,107.22,STATIC,111.03,STATIC,167.70,STATIC
89.4,2678,55.93,STATIC,158.87,STATIC,78.73,STATIC,33.74,STATIC,101.40,STATIC,107.31,STATIC,112.04,STATIC,168.03,STATIC
89.43333333333334,2679,55.73,STATIC,158.69,STATIC,78.79,STATIC,33.79,STATIC,101.35,STATIC,107.22,STATIC,110.98,STATIC,167.90,STATIC
89.46666666666667,2680,55.61,STATIC,158.66,STATIC,78.82,STATIC,33.82,STATIC,101.39,STATIC,107.17,STATIC,110.76,STATIC,168.33,STATIC
89.5,2681,55.11,STATIC,158.91,STATIC,78.89,STATIC,33.74,STATIC,101.30,STATIC,106.99,STATIC,111.46,STATIC,168.01,STATIC
89.53333333333335,2682,54.45,STATIC,158.75,STATIC,78.99,STATIC,33.87,STATIC,101.23,STATIC,106.61,STATIC,110.54,STATIC,167.25,STATIC
89.56666666666668,2683,53.66,STATIC,158.78,STATIC,79.07,STATIC,33.79,STATIC,101.26,STATIC,106.55,STATIC,110.27,STATIC,167.14,STATIC
89.60000000000001,2684,52.17,STATIC,158.76,STATIC,79.14,STATIC,33.75,STATIC,101.24,STATIC,106.52,STATIC,110.13,STATIC,166.95,STATIC
89.63333333333334,2685,51.15,STATIC,159.01,STATIC,79.22,STATIC,33.44,STATIC,101.20,STATIC,106.48,STATIC,110.04,STATIC,166.99,STATIC
89.66666666666667,2686,50.50,STATIC,159.09,STATIC,79.28,STATIC,33.29,STATIC,101.13,STATIC,106.53,STATIC,110.08,STATIC,167.15,STATIC
89.7,2687,49.98,STATIC,159.20,STATIC,79.30,STATIC,32.74,STATIC,101.12,STATIC,106.62,STATIC,110.17,STATIC,167.31,STATIC
89.73333333333333,2688,48.86,STATIC,159.32,STATIC,79.36,STATIC,32.67,STATIC,101.04,STATIC,106.56,STATIC,110.24,STATIC,167.33,STATIC
89.76666666666667,2689,48.68,STATIC,159.22,STATIC,79.37,STATIC,32.61,STATIC,101.03,STATIC,106.64,STATIC,110.35,STATIC,167.70,STATIC
89.80000000000001,2690,48.02,STATIC,159.24,STATIC,79.42,STATIC,32.60,STATIC,100.95,STATIC,106.55,STATIC,110.29,STATIC,167.54,STATIC
89.83333333333334,2691,47.83,STATIC,159.45,STATIC,79.44,STATIC,32.35,STATIC,100.93,STATIC,106.50,STATIC,111.88,STATIC,167.49,STATIC
89.86666666666667,2692,47.57,STATIC,159.54,STATIC,79.44,STATIC,32.19,STATIC,100.93,STATIC,106.52,STATIC,112.41,STATIC,167.59,STATIC
89.9,2693,47.21,STATIC,159.76,STATIC,79.49,STATIC,32.09,STATIC,100.87,STATIC,106.38,STATIC,111.20,STATIC,167.27,STATIC
89.93333333333334,2694,47.31,STATIC,159.67,STATIC,79.51,STATIC,32.17,STATIC,100.85,STATIC,106.25,STATIC,110.86,STATIC,166.77,STATIC
89.96666666666667,2695,47.28,STATIC,159.86,STATIC,79.46,STATIC,32.45,STATIC,100.77,STATIC,106.10,STATIC,111.65,STATIC,166.60,STATIC
90.0,2696,47.34,STATIC,159.99,STATIC,79.40,STATIC,32.97,STATIC,100.77,STATIC,106.00,STATIC,111.51,STATIC,166.72,STATIC
90.03333333333335,2697,47.36,STATIC,160.17,STATIC,79.37,STATIC,33.11,STATIC,100.82,STATIC,105.99,STATIC,111.44,STATIC,167.00,STATIC
90.06666666666668,2698,47.53,STATIC,160.19,STATIC,79.32,STATIC,33.10,STATIC,100.88,STATIC,105.89,STATIC,111.49,STATIC,165.81,STATIC
90.10000000000001,2699,47.77,STATIC,159.93,STATIC,79.25,STATIC,33.06,STATIC,100.96,STATIC,105.88,STATIC,111.50,STATIC,165.22,STATIC
90.13333333333334,2700,48.23,STATIC,159.91,STATIC,79.19,STATIC,33.04,STATIC,101.02,STATIC,105.80,STATIC,111.44,STATIC,164.54,STATIC
90.16666666666667,2701,48.53,STATIC,159.98,STATIC,79.12,STATIC,32.97,STATIC,101.12,STATIC,105.77,STATIC,111.54,STATIC,164.45,STATIC
90.2,2702,49.18,STATIC,160.04,STATIC,78.99,STATIC,32.94,STATIC,101.28,STATIC,105.87,STATIC,110.86,STATIC,164.50,STATIC
90.23333333333333,2703,49.75,STATIC,159.88,STATIC,78.90,STATIC,32.96,STATIC,101.39,STATIC,105.89,STATIC,110.81,STATIC,165.10,STATIC
90.26666666666667,2704,50.19,STATIC,159.70,STATIC,78.83,STATIC,32.99,STATIC,101.49,STATIC,105.91,STATIC,110.95,STATIC,164.45,STATIC
90.30000000000001,2705,50.36,STATIC,159.97,STATIC,78.75,STATIC,32.99,STATIC,101.60,STATIC,105.89,STATIC,112.27,STATIC,164.25,STATIC
90.33333333333334,2706,50.92,STATIC,159.70,STATIC,78.63,STATIC,33.18,STATIC,101.75,STATIC,105.98,STATIC,112.98,STATIC,163.74,STATIC
90.36666666666667,2707,51.40,STATIC,159.56,STATIC,78.55,STATIC,33.24,STATIC,101.84,STATIC,105.95,STATIC,113.57,STATIC,163.53,STATIC
90.4,2708,51.61,STATIC,159.57,STATIC,78.52,STATIC,33.25,STATIC,101.89,STATIC,105.94,STATIC,113.49,STATIC,163.65,STATIC
90.43333333333334,2709,51.32,STATIC,159.21,STATIC,78.54,STATIC,33.45,STATIC,101.87,STATIC,105.85,STATIC,113.56,STATIC,163.41,STATIC
90.46666666666667,2710,51.36,STATIC,159.23,STATIC,78.54,STATIC,33.43,STATIC,101.87,STATIC,105.82,STATIC,113.62,STATIC,162.94,STATIC
90.5,2711,51.46,STATIC,159.18,STATIC,78.57,STATIC,33.43,STATIC,101.85,STATIC,105.79,STATIC,113.98,STATIC,163.00,STATIC
90.53333333333335,2712,51.52,STATIC,159.16,STATIC,78.58,STATIC,33.39,STATIC,101.81,STATIC,105.74,STATIC,113.88,STATIC,162.99,STATIC
90.56666666666668,2713,51.73,STATIC,159.32,STATIC,78.58,STATIC,34.48,STATIC,101.83,STATIC,105.71,STATIC,112.15,STATIC,162.85,STATIC
90.60000000000001,2714,52.09,STATIC,159.76,STATIC,78.57,STATIC,35.31,STATIC,101.89,STATIC,105.85,STATIC,111.86,STATIC,162.75,STATIC
90.63333333333334,2715,52.10,STATIC,159.79,STATIC,78.62,STATIC,35.74,STATIC,101.87,STATIC,105.88,STATIC,112.48,STATIC,162.98,STATIC
90.66666666666667,2716,52.03,STATIC,159.79,STATIC,78.62,STATIC,35.61,STATIC,101.87,STATIC,105.93,STATIC,111.82,STATIC,163.07,STATIC
90.7,2717,51.98,STATIC,159.68,STATIC,78.68,STATIC,35.74,STATIC,101.81,STATIC,105.95,STATIC,111.75,STATIC,162.86,STATIC
90.73333333333333,2718,51.75,STATIC,159.68,STATIC,78.72,STATIC,35.57,STATIC,101.77,STATIC,106.01,STATIC,112.85,STATIC,162.82,STATIC
90.76666666666667,2719,52.01,STATIC,159.57,STATIC,78.72,STATIC,35.40,STATIC,101.72,STATIC,106.02,STATIC,113.16,STATIC,163.13,STATIC
90.80000000000001,2720,51.67,STATIC,159.97,STATIC,78.74,STATIC,35.51,STATIC,101.64,STATIC,106.12,STATIC,113.15,STATIC,163.76,STATIC
90.83333333333334,2721,51.07,STATIC,159.89,STATIC,78.77,STATIC,35.38,STATIC,101.60,STATIC,106.11,STATIC,113.03,STATIC,164.24,STATIC
90.86666666666667,2722,50.51,STATIC,159.87,STATIC,78.79,STATIC,35.34,STATIC,101.57,STATIC,106.28,STATIC,113.07,STATIC,164.92,STATIC
90.9,2723,49.53,STATIC,159.83,STATIC,78.86,STATIC,35.26,STATIC,101.70,STATIC,106.25,STATIC,111.88,STATIC,164.77,STATIC
90.93333333333334,2724,48.56,STATIC,159.71,STATIC,78.92,STATIC,35.10,STATIC,101.67,STATIC,106.18,STATIC,111.81,STATIC,164.67,STATIC
90.96666666666667,2725,47.65,STATIC,159.66,STATIC,78.96,STATIC,35.13,STATIC,101.67,STATIC,106.01,STATIC,111.72,STATIC,164.01,STATIC
91.0,2726,46.69,STATIC,159.59,STATIC,79.03,STATIC,35.65,STATIC,101.58,STATIC,105.84,STATIC,111.60,STATIC,163.42,STATIC
91.03333333333335,2727,46.06,STATIC,159.59,STATIC,79.07,STATIC,35.58,STATIC,101.58,STATIC,105.71,STATIC,111.59,STATIC,162.83,STATIC
91.06666666666668,2728,45.83,STATIC,159.42,STATIC,79.09,STATIC,35.74,STATIC,101.46,STATIC,105.62,STATIC,111.41,STATIC,162.50,STATIC
91.10000000000001,2729,45.33,STATIC,159.33,STATIC,79.10,STATIC,35.74,STATIC,101.47,STATIC,105.50,STATIC,111.22,STATIC,162.40,STATIC
91.13333333333334,2730,44.70,STATIC,159.23,STATIC,79.11,STATIC,35.71,STATIC,101.46,STATIC,105.46,STATIC,111.21,STATIC,162.11,STATIC
91.16666666666667,2731,44.03,STATIC,159.36,STATIC,79.14,STATIC,35.71,STATIC,101.35,STATIC,105.50,STATIC,111.16,STATIC,162.30,STATIC
91.2,2732,43.70,STATIC,159.42,STATIC,79.20,STATIC,35.62,STATIC,101.26,STATIC,105.42,STATIC,111.09,STATIC,162.05,STATIC
91.23333333333333,2733,42.77,STATIC,159.54,STATIC,79.28,STATIC,35.10,STATIC,101.20,STATIC,105.27,STATIC,111.21,STATIC,161.95,STATIC
91.26666666666667,2734,41.89,STATIC,159.76,STATIC,79.32,STATIC,34.83,STATIC,101.06,STATIC,105.20,STATIC,111.15,STATIC,162.09,STATIC
91.30000000000001,2735,41.36,STATIC,159.87,STATIC,79.36,STATIC,34.53,STATIC,100.96,STATIC,105.06,STATIC,111.12,STATIC,161.77,STATIC
91.33333333333334,2736,40.56,STATIC,160.32,STATIC,79.40,STATIC,34.63,STATIC,100.84,STATIC,105.01,STATIC,112.54,STATIC,161.58,STATIC
91.36666666666667,2737,40.83,STATIC,160.04,STATIC,79.42,STATIC,34.61,STATIC,100.79,STATIC,105.08,STATIC,112.28,STATIC,161.92,STATIC
91.4,2738,40.99,STATIC,159.89,STATIC,79.42,STATIC,34.67,STATIC,100.81,STATIC,105.18,STATIC,112.07,STATIC,162.30,STATIC
91.43333333333334,2739,41.54,STATIC,159.93,STATIC,79.35,STATIC,34.72,STATIC,100.94,STATIC,105.60,STATIC,112.20,STATIC,163.26,STATIC
91.46666666666667,2740,41.88,STATIC,160.03,STATIC,79.33,STATIC,34.80,STATIC,100.95,STATIC,105.76,STATIC,112.92,STATIC,163.96,STATIC
91.5,2741,42.40,STATIC,159.98,STATIC,79.33,STATIC,34.92,STATIC,101.00,STATIC,105.87,STATIC,112.29,STATIC,164.28,STATIC
91.53333333333335,2742,43.08,STATIC,159.90,STATIC,79.31,STATIC,35.11,STATIC,101.07,STATIC,105.96,STATIC,111.92,STATIC,164.46,STATIC
91.56666666666668,2743,43.50,STATIC,159.89,STATIC,79.27,STATIC,35.16,STATIC,101.13,STATIC,106.07,STATIC,111.84,STATIC,164.62,STATIC
91.60000000000001,2744,43.64,STATIC,160.14,STATIC,79.24,STATIC,35.14,STATIC,101.19,STATIC,106.30,STATIC,111.97,STATIC,165.18,STATIC
91.63333333333334,2745,43.75,STATIC,160.30,STATIC,79.21,STATIC,35.25,STATIC,101.26,STATIC,106.54,STATIC,112.02,STATIC,165.64,STATIC
91.66666666666667,2746,43.51,STATIC,160.31,STATIC,79.25,STATIC,35.28,STATIC,101.24,STATIC,106.61,STATIC,112.05,STATIC,165.91,STATIC
91.7,2747,43.29,STATIC,160.58,STATIC,79.27,STATIC,35.37,STATIC,101.23,STATIC,106.73,STATIC,112.02,STATIC,165.46,STATIC
91.73333333333333,2748,43.09,STATIC,160.75,STATIC,79.23,STATIC,35.94,STATIC,101.29,STATIC,106.72,STATIC,113.40,STATIC,165.10,STATIC
91.76666666666667,2749,42.54,STATIC,160.62,STATIC,79.22,STATIC,35.98,STATIC,101.20,STATIC,106.52,STATIC,113.69,STATIC,164.61,STATIC
91.80000000000001,2750,42.52,STATIC,160.48,STATIC,79.25,STATIC,36.14,STATIC,101.16,STATIC,106.23,STATIC,113.92,STATIC,164.32,STATIC
91.83333333333334,2751,42.41,STATIC,160.58,STATIC,79.27,STATIC,35.88,STATIC,101.14,STATIC,105.97,STATIC,112.81,STATIC,164.15,STATIC
91.86666666666667,2752,42.15,STATIC,160.50,STATIC,79.29,STATIC,35.46,STATIC,101.10,STATIC,105.71,STATIC,113.93,STATIC,163.98,STATIC
91.9,2753,42.06,STATIC,160.56,STATIC,79.30,STATIC,35.46,STATIC,101.08,STATIC,105.49,STATIC,113.99,STATIC,163.49,STATIC
91.93333333333334,2754,42.43,STATIC,160.31,STATIC,79.27,STATIC,35.50,STATIC,101.13,STATIC,105.39,STATIC,113.97,STATIC,162.95,STATIC
91.96666666666667,2755,42.95,STATIC,160.36,STATIC,79.21,STATIC,35.50,STATIC,101.16,STATIC,105.23,STATIC,113.71,STATIC,162.08,STATIC
92.0,2756,43.82,STATIC,160.24,STATIC,79.12,STATIC,35.97,STATIC,101.11,STATIC,105.18,STATIC,113.23,STATIC,161.56,STATIC
92.03333333333335,2757,44.67,STATIC,160.36,STATIC,79.02,STATIC,36.64,STATIC,101.10,STATIC,105.16,STATIC,112.87,STATIC,161.26,STATIC
92.06666666666668,2758,45.73,STATIC,159.78,STATIC,78.85,STATIC,36.59,STATIC,101.16,STATIC,105.11,STATIC,112.60,STATIC,160.79,STATIC
92.10000000000001,2759,46.87,STATIC,158.92,STATIC,78.68,STATIC,36.51,STATIC,101.35,STATIC,105.10,STATIC,112.54,STATIC,160.42,STATIC
92.13333333333334,2760,47.81,STATIC,159.04,STATIC,78.53,STATIC,35.66,STATIC,101.49,STATIC,105.04,STATIC,112.52,STATIC,160.31,STATIC
92.16666666666667,2761,48.75,STATIC,159.20,STATIC,78.37,STATIC,35.68,STATIC,101.70,STATIC,105.07,STATIC,112.30,STATIC,159.86,STATIC
92.2,2762,49.34,STATIC,159.30,STATIC,78.29,STATIC,35.48,STATIC,101.82,STATIC,104.86,STATIC,112.41,STATIC,159.52,STATIC
92.23333333333333,2763,49.97,STATIC,159.56,STATIC,78.28,STATIC,35.29,STATIC,101.88,STATIC,104.83,STATIC,112.29,STATIC,159.15,STATIC
92.26666666666667,2764,50.62,STATIC,159.53,STATIC,78.33,STATIC,35.09,STATIC,101.85,STATIC,104.68,STATIC,110.45,STATIC,158.77,STATIC
92.30000000000001,2765,51.18,STATIC,160.03,STATIC,78.33,STATIC,35.03,STATIC,101.86,STATIC,104.50,STATIC,111.12,STATIC,157.90,STATIC
92.33333333333334,2766,52.14,STATIC,160.40,STATIC,78.24,STATIC,35.28,STATIC,101.91,STATIC,104.59,STATIC,110.88,STATIC,156.72,STATIC
92.36666666666667,2767,52.83,STATIC,160.69,STATIC,78.17,STATIC,35.29,STATIC,101.93,STATIC,104.52,STATIC,110.67,STATIC,155.93,STATIC
92.4,2768,53.07,STATIC,161.39,STATIC,78.05,STATIC,36.39,STATIC,102.04,STATIC,104.55,STATIC,110.40,STATIC,155.30,STATIC
92.43333333333334,2769,53.56,STATIC,161.41,STATIC,77.96,STATIC,37.05,STATIC,102.11,STATIC,104.50,STATIC,110.19,STATIC,154.97,STATIC
92.46666666666667,2770,53.87,STATIC,161.45,STATIC,77.83,STATIC,36.76,STATIC,102.26,STATIC,104.29,STATIC,110.35,STATIC,155.39,STATIC
92.5,2771,54.36,STATIC,160.75,STATIC,77.70,STATIC,36.48,STATIC,102.55,STATIC,104.24,STATIC,110.23,STATIC,154.96,STATIC
92.53333333333335,2772,54.84,STATIC,160.37,STATIC,77.59,STATIC,35.96,STATIC,102.64,STATIC,104.33,STATIC,110.15,STATIC,155.01,STATIC
92.56666666666668,2773,55.14,STATIC,159.65,STATIC,77.55,STATIC,36.09,STATIC,102.81,STATIC,104.34,STATIC,110.11,STATIC,154.33,STATIC
92.60000000000001,2774,55.38,STATIC,159.49,STATIC,77.53,STATIC,35.49,STATIC,102.94,STATIC,104.35,STATIC,110.17,STATIC,153.92,STATIC
92.63333333333334,2775,55.61,STATIC,159.46,STATIC,77.54,STATIC,35.64,STATIC,103.01,STATIC,104.35,STATIC,110.14,STATIC,153.60,STATIC
92.66666666666667,2776,56.36,STATIC,159.32,STATIC,77.44,STATIC,35.60,STATIC,103.04,STATIC,104.44,STATIC,109.92,STATIC,153.91,STATIC
92.7,2777,57.09,STATIC,158.80,STATIC,77.39,STATIC,35.17,STATIC,103.00,STATIC,104.45,STATIC,109.70,STATIC,153.42,STATIC
92.73333333333333,2778,57.03,STATIC,158.64,STATIC,77.47,STATIC,35.18,STATIC,103.01,STATIC,104.37,STATIC,109.68,STATIC,152.77,STATIC
92.76666666666667,2779,57.34,STATIC,158.04,STATIC,77.45,STATIC,34.89,STATIC,103.07,STATIC,104.32,STATIC,109.60,STATIC,152.33,STATIC
92.80000000000001,2780,57.70,STATIC,157.53,STATIC,77.48,STATIC,34.80,STATIC,102.90,STATIC,104.25,STATIC,109.15,STATIC,151.68,STATIC
92.83333333333334,2781,57.97,STATIC,157.30,STATIC,77.50,STATIC,34.71,STATIC,102.81,STATIC,104.20,STATIC,108.91,STATIC,151.38,STATIC
92.86666666666667,2782,58.40,STATIC,157.28,STATIC,77.55,STATIC,34.87,STATIC,102.80,STATIC,104.16,STATIC,108.89,STATIC,151.22,STATIC
92.9,2783,58.49,STATIC,157.15,STATIC,77.58,STATIC,35.08,STATIC,102.81,STATIC,104.09,STATIC,108.78,STATIC,150.69,STATIC
92.93333333333334,2784,58.92,STATIC,156.96,STATIC,77.64,STATIC,35.30,STATIC,102.75,STATIC,104.05,STATIC,108.54,STATIC,150.23,STATIC
92.96666666666667,2785,59.35,STATIC,157.01,STATIC,77.64,STATIC,35.32,STATIC,102.75,STATIC,104.02,STATIC,108.38,STATIC,150.02,STATIC
93.0,2786,60.08,STATIC,156.86,STATIC,77.60,STATIC,35.32,STATIC,102.78,STATIC,104.05,STATIC,108.21,STATIC,149.90,STATIC
93.03333333333335,2787,60.85,STATIC,156.50,STATIC,77.56,STATIC,35.52,STATIC,102.76,STATIC,104.13,STATIC,107.95,STATIC,149.69,STATIC
93.06666666666668,2788,61.83,STATIC,156.49,STATIC,77.53,STATIC,35.45,STATIC,102.77,STATIC,104.32,STATIC,107.62,STATIC,151.11,STATIC
93.10000000000001,2789,62.79,STATIC,156.27,STATIC,77.49,STATIC,35.27,STATIC,102.85,STATIC,104.26,STATIC,107.50,STATIC,150.74,STATIC
93.13333333333334,2790,63.42,STATIC,156.37,STATIC,77.48,STATIC,35.22,STATIC,103.02,STATIC,104.21,STATIC,107.46,STATIC,150.48,STATIC
93.16666666666667,2791,64.12,STATIC,156.33,STATIC,77.46,STATIC,35.31,STATIC,103.07,STATIC,104.33,STATIC,107.34,STATIC,150.84,STATIC
93.2,2792,64.33,STATIC,156.20,STATIC,77.53,STATIC,35.42,STATIC,103.10,STATIC,104.26,STATIC,107.63,STATIC,150.05,STATIC
93.23333333333333,2793,64.57,STATIC,156.19,STATIC,77.56,STATIC,35.47,STATIC,103.12,STATIC,104.07,STATIC,107.68,STATIC,149.31,STATIC
93.26666666666667,2794,64.35,STATIC,155.93,STATIC,77.61,STATIC,35.28,STATIC,103.02,STATIC,104.00,STATIC,107.57,STATIC,150.09,STATIC
93.30000000000001,2795,64.64,STATIC,155.84,STATIC,77.64,STATIC,35.00,STATIC,103.04,STATIC,103.89,STATIC,107.52,STATIC,149.99,STATIC
93.33333333333334,2796,64.74,STATIC,155.85,STATIC,77.67,STATIC,35.04,STATIC,103.03,STATIC,103.79,STATIC,107.43,STATIC,149.91,STATIC
93.36666666666667,2797,64.48,STATIC,155.66,STATIC,77.78,STATIC,34.77,STATIC,102.92,STATIC,103.70,STATIC,107.33,STATIC,149.76,STATIC
93.4,2798,64.35,STATIC,155.32,STATIC,77.91,STATIC,34.30,STATIC,102.74,STATIC,103.68,STATIC,107.29,STATIC,148.73,STATIC
93.43333333333334,2799,63.72,STATIC,155.39,STATIC,78.03,STATIC,34.25,STATIC,102.63,STATIC,103.68,STATIC,107.39,STATIC,148.64,STATIC
93.46666666666667,2800,63.22,STATIC,155.76,STATIC,78.15,STATIC,33.59,STATIC,102.54,STATIC,103.72,STATIC,107.49,STATIC,150.15,STATIC
93.5,2801,63.37,STATIC,155.63,STATIC,78.15,STATIC,33.39,STATIC,102.62,STATIC,103.94,STATIC,107.68,STATIC,150.95,STATIC
93.53333333333335,2802,63.49,STATIC,155.16,STATIC,78.08,STATIC,33.72,STATIC,102.69,STATIC,104.33,STATIC,107.83,STATIC,151.33,STATIC
93.56666666666668,2803,63.05,STATIC,155.07,STATIC,78.11,STATIC,33.72,STATIC,102.65,STATIC,104.35,STATIC,107.89,STATIC,153.72,STATIC
93.60000000000001,2804,63.39,STATIC,154.30,STATIC,78.07,STATIC,33.28,STATIC,102.62,STATIC,104.33,STATIC,107.96,STATIC,153.45,STATIC
93.63333333333334,2805,63.85,STATIC,153.81,STATIC,78.01,STATIC,33.31,STATIC,102.71,STATIC,104.33,STATIC,108.06,STATIC,153.57,STATIC
93.66666666666667,2806,64.95,STATIC,153.11,STATIC,77.95,STATIC,33.51,STATIC,102.86,STATIC,104.52,STATIC,108.30,STATIC,154.61,STATIC
93.7,2807,65.90,STATIC,152.40,STATIC,77.99,STATIC,33.28,STATIC,102.96,STATIC,104.76,STATIC,108.49,STATIC,157.75,STATIC
93.73333333333333,2808,67.03,STATIC,152.07,STATIC,78.05,STATIC,32.59,STATIC,103.06,STATIC,105.10,STATIC,108.76,STATIC,159.60,STATIC
93.76666666666667,2809,67.94,STATIC,152.17,STATIC,78.06,STATIC,32.83,STATIC,103.14,STATIC,105.36,STATIC,109.32,STATIC,161.49,STATIC
93.80000000000001,2810,69.34,STATIC,151.61,STATIC,77.99,STATIC,32.60,STATIC,103.31,STATIC,105.86,STATIC,109.60,STATIC,163.56,STATIC
93.83333333333334,2811,70.78,STATIC,150.43,STATIC,77.99,STATIC,31.79,STATIC,103.36,STATIC,106.49,STATIC,109.63,STATIC,164.42,STATIC
93.86666666666667,2812,71.89,STATIC,150.51,STATIC,78.05,STATIC,31.02,STATIC,103.35,STATIC,106.97,STATIC,109.89,STATIC,165.48,STATIC
93.9,2813,73.26,STATIC,150.30,STATIC,78.02,STATIC,31.19,STATIC,103.43,STATIC,107.61,STATIC,110.02,STATIC,168.17,STATIC
93.93333333333334,2814,74.92,STATIC,150.27,STATIC,77.91,STATIC,31.57,STATIC,103.58,STATIC,108.16,STATIC,110.14,STATIC,169.34,STATIC
93.96666666666667,2815,76.46,STATIC,150.02,STATIC,77.93,STATIC,31.57,STATIC,103.58,STATIC,108.92,STATIC,110.17,STATIC,170.61,STATIC
94.0,2816,77.88,STATIC,150.18,STATIC,78.03,STATIC,30.92,STATIC,103.52,STATIC,110.15,STATIC,110.12,STATIC,172.11,STATIC
94.03333333333335,2817,79.65,STATIC,149.77,STATIC,78.18,STATIC,30.35,STATIC,103.45,STATIC,111.50,STATIC,109.75,STATIC,172.92,STATIC
94.06666666666668,2818,81.09,STATIC,149.12,STATIC,78.37,STATIC,30.14,STATIC,103.32,STATIC,112.89,STATIC,109.16,STATIC,172.57,STATIC
94.10000000000001,2819,82.04,STATIC,149.10,STATIC,78.53,STATIC,30.32,STATIC,103.09,STATIC,114.17,STATIC,107.88,STATIC,170.30,STATIC
94.13333333333334,2820,82.58,STATIC,149.37,STATIC,78.68,STATIC,30.43,STATIC,102.94,STATIC,115.85,STATIC,107.17,STATIC,168.54,STATIC
94.16666666666667,2821,83.16,STATIC,148.44,STATIC,78.76,STATIC,31.44,STATIC,102.89,STATIC,117.49,STATIC,106.40,STATIC,166.36,STATIC
94.2,2822,83.79,STATIC,148.37,STATIC,78.86,STATIC,31.65,STATIC,102.81,STATIC,119.18,STATIC,105.80,STATIC,165.75,STATIC
94.23333333333333,2823,84.08,STATIC,148.08,STATIC,78.97,STATIC,32.30,STATIC,102.75,STATIC,120.97,STATIC,105.05,STATIC,162.99,STATIC
94.26666666666667,2824,84.53,STATIC,148.23,STATIC,79.06,STATIC,32.39,STATIC,102.68,STATIC,122.87,STATIC,104.50,STATIC,160.69,STATIC
94.30000000000001,2825,84.96,STATIC,149.18,STATIC,79.14,STATIC,32.37,STATIC,102.55,STATIC,124.84,STATIC,103.88,STATIC,160.16,STATIC
94.33333333333334,2826,85.38,STATIC,149.83,STATIC,79.22,STATIC,32.49,STATIC,102.49,STATIC,126.54,STATIC,103.21,STATIC,158.66,STATIC
94.36666666666667,2827,85.74,STATIC,149.85,STATIC,79.32,STATIC,32.37,STATIC,102.43,STATIC,128.61,STATIC,102.28,STATIC,155.14,STATIC
94.4,2828,86.10,STATIC,151.02,STATIC,79.42,STATIC,32.44,STATIC,102.33,STATIC,130.46,STATIC,101.61,STATIC,154.23,STATIC
94.43333333333334,2829,86.69,STATIC,150.46,STATIC,79.49,STATIC,32.80,STATIC,102.29,STATIC,131.82,STATIC,101.07,STATIC,151.01,STATIC
94.46666666666667,2830,87.07,STATIC,151.00,STATIC,79.53,STATIC,32.85,STATIC,102.25,STATIC,133.22,STATIC,100.80,STATIC,148.99,STATIC
94.5,2831,87.59,STATIC,151.33,STATIC,79.46,STATIC,33.02,STATIC,102.32,STATIC,134.73,STATIC,100.90,STATIC,147.17,STATIC
94.53333333333335,2832,88.18,STATIC,151.89,STATIC,79.50,STATIC,33.10,STATIC,102.31,STATIC,136.38,STATIC,100.91,STATIC,145.06,STATIC
94.56666666666668,2833,88.79,STATIC,152.54,STATIC,79.44,STATIC,33.76,STATIC,102.39,STATIC,137.71,STATIC,100.86,STATIC,144.77,STATIC
94.60000000000001,2834,89.24,STATIC,152.65,STATIC,79.34,STATIC,35.04,STATIC,102.51,STATIC,137.53,STATIC,100.89,STATIC,143.10,STATIC
94.63333333333334,2835,89.58,STATIC,153.15,STATIC,79.16,STATIC,36.58,STATIC,102.68,STATIC,137.25,STATIC,101.23,STATIC,142.26,STATIC
94.66666666666667,2836,89.42,STATIC,154.57,STATIC,79.13,STATIC,36.15,STATIC,102.84,STATIC,137.99,STATIC,101.42,STATIC,142.16,STATIC
94.7,2837,88.79,STATIC,157.04,STATIC,79.20,STATIC,37.90,STATIC,102.76,STATIC,137.53,STATIC,101.58,STATIC,140.96,STATIC
94.73333333333333,2838,88.66,STATIC,155.30,STATIC,79.24,STATIC,37.38,STATIC,102.71,STATIC,137.99,STATIC,101.89,STATIC,139.66,STATIC
94.76666666666667,2839,88.27,STATIC,156.00,STATIC,79.25,STATIC,37.11,STATIC,102.73,STATIC,138.91,STATIC,102.27,STATIC,138.89,STATIC
94.80000000000001,2840,87.80,STATIC,156.76,STATIC,79.28,STATIC,37.36,STATIC,102.68,STATIC,138.51,STATIC,102.47,STATIC,140.49,STATIC
94.83333333333334,2841,87.37,STATIC,156.59,STATIC,79.30,STATIC,37.87,STATIC,102.64,STATIC,138.50,STATIC,102.67,STATIC,140.69,STATIC
94.86666666666667,2842,86.87,STATIC,156.10,STATIC,79.36,STATIC,37.51,STATIC,102.54,STATIC,139.19,STATIC,102.93,STATIC,140.13,STATIC
94.9,2843,86.37,STATIC,155.59,STATIC,79.40,STATIC,37.16,STATIC,102.45,STATIC,139.40,STATIC,103.12,STATIC,139.93,STATIC
94.93333333333334,2844,85.89,STATIC,156.10,STATIC,79.44,STATIC,37.54,STATIC,102.40,STATIC,140.67,STATIC,103.15,STATIC,137.18,STATIC
94.96666666666667,2845,85.81,STATIC,155.38,STATIC,79.47,STATIC,37.24,STATIC,102.34,STATIC,142.04,STATIC,102.96,STATIC,137.06,STATIC
95.0,2846,85.60,STATIC,154.65,STATIC,79.47,STATIC,37.52,STATIC,102.34,STATIC,142.99,STATIC,102.96,STATIC,135.91,STATIC
95.03333333333335,2847,85.31,STATIC,154.96,STATIC,79.48,STATIC,37.42,STATIC,102.29,STATIC,144.28,STATIC,102.56,STATIC,134.70,STATIC
95.06666666666668,2848,84.99,STATIC,154.74,STATIC,79.42,STATIC,37.55,STATIC,102.39,STATIC,145.90,STATIC,102.20,STATIC,134.61,STATIC
95.10000000000001,2849,84.79,STATIC,154.45,STATIC,79.32,STATIC,37.08,STATIC,102.47,STATIC,146.47,STATIC,101.96,STATIC,134.14,STATIC
95.13333333333334,2850,84.96,STATIC,154.53,STATIC,79.18,STATIC,35.66,STATIC,102.59,STATIC,146.51,STATIC,101.64,STATIC,134.24,STATIC
95.16666666666667,2851,85.20,STATIC,154.01,STATIC,79.03,STATIC,34.54,STATIC,102.71,STATIC,146.68,STATIC,101.47,STATIC,136.35,STATIC
95.2,2852,85.35,STATIC,154.72,STATIC,78.88,STATIC,33.80,STATIC,102.89,STATIC,145.53,STATIC,101.46,STATIC,138.28,STATIC
95.23333333333333,2853,84.32,STATIC,155.86,STATIC,78.61,STATIC,31.24,STATIC,103.22,STATIC,144.20,STATIC,101.92,STATIC,141.21,STATIC
95.26666666666667,2854,74.26,FLEXION,155.83,STATIC,78.63,STATIC,27.74,STATIC,103.28,STATIC,138.34,FLEXION,102.42,STATIC,148.66,EXTENSION
95.30000000000001,2855,64.13,FLEXION,153.79,STATIC,78.74,STATIC,26.44,STATIC,103.31,STATIC,132.34,FLEXION,102.90,STATIC,155.61,EXTENSION
95.33333333333334,2856,55.51,FLEXION,153.87,STATIC,78.84,STATIC,26.78,STATIC,103.29,STATIC,129.95,STATIC,103.32,STATIC,158.06,STATIC
95.36666666666667,2857,45.27,FLEXION,154.92,STATIC,79.17,STATIC,27.57,STATIC,103.14,STATIC,128.14,STATIC,103.80,STATIC,159.98,STATIC
95.4,2858,40.53,STATIC,152.62,STATIC,79.13,STATIC,27.78,STATIC,103.27,STATIC,127.98,STATIC,103.85,STATIC,160.15,STATIC
95.43333333333334,2859,41.85,STATIC,150.86,STATIC,79.96,STATIC,28.39,STATIC,103.52,STATIC,125.40,STATIC,104.14,STATIC,163.43,STATIC
95.46666666666667,2860,44.44,STATIC,152.25,STATIC,79.52,STATIC,28.66,STATIC,103.94,STATIC,123.67,STATIC,103.88,STATIC,165.68,STATIC
95.5,2861,45.64,STATIC,159.94,EXTENSION,80.90,STATIC,29.66,STATIC,103.82,STATIC,120.71,STATIC,103.97,STATIC,169.10,STATIC
95.53333333333335,2862,41.67,STATIC,163.84,STATIC,81.35,STATIC,30.39,STATIC,103.54,STATIC,118.66,STATIC,104.27,STATIC,170.99,STATIC
95.56666666666668,2863,37.44,STATIC,164.64,STATIC,81.64,STATIC,32.80,STATIC,103.35,STATIC,116.23,STATIC,104.43,STATIC,172.67,STATIC
95.60000000000001,2864,32.25,FLEXION,168.07,STATIC,81.60,STATIC,34.14,STATIC,103.12,STATIC,114.62,STATIC,104.33,STATIC,173.19,STATIC
95.63333333333334,2865,31.40,STATIC,168.53,STATIC,81.69,STATIC,35.19,STATIC,103.15,STATIC,113.53,STATIC,104.98,STATIC,173.87,STATIC
95.66666666666667,2866,31.11,STATIC,168.61,STATIC,81.67,STATIC,36.99,STATIC,102.93,STATIC,112.63,STATIC,105.49,STATIC,172.85,STATIC
95.7,2867,27.24,STATIC,168.60,STATIC,81.72,STATIC,35.91,STATIC,102.54,STATIC,111.11,STATIC,105.83,STATIC,171.35,STATIC
95.73333333333333,2868,24.96,STATIC,168.75,STATIC,81.89,STATIC,35.52,STATIC,102.24,STATIC,109.86,STATIC,106.26,STATIC,169.86,STATIC
95.76666666666667,2869,23.04,STATIC,168.54,STATIC,82.23,STATIC,35.77,STATIC,102.01,STATIC,108.80,STATIC,106.55,STATIC,168.50,STATIC
95.80000000000001,2870,21.41,STATIC,167.26,STATIC,82.39,STATIC,35.53,STATIC,101.68,STATIC,108.09,STATIC,107.03,STATIC,167.68,STATIC
95.83333333333334,2871,19.91,STATIC,168.40,STATIC,82.55,STATIC,34.16,STATIC,101.31,STATIC,107.35,STATIC,107.10,STATIC,166.39,STATIC
95.86666666666667,2872,20.10,STATIC,168.00,STATIC,82.63,STATIC,34.34,STATIC,101.08,STATIC,106.82,STATIC,107.46,STATIC,165.55,STATIC
95.9,2873,21.16,STATIC,169.10,STATIC,83.18,STATIC,33.73,STATIC,100.86,STATIC,106.80,STATIC,108.07,STATIC,165.25,STATIC
95.93333333333334,2874,21.63,STATIC,169.31,STATIC,83.25,STATIC,34.35,STATIC,100.72,STATIC,106.58,STATIC,108.65,STATIC,165.55,STATIC
95.96666666666667,2875,20.96,STATIC,169.77,STATIC,83.38,STATIC,34.38,STATIC,100.57,STATIC,106.44,STATIC,109.07,STATIC,165.59,STATIC
96.0,2876,20.47,STATIC,170.06,STATIC,83.34,STATIC,34.48,STATIC,100.44,STATIC,106.39,STATIC,109.36,STATIC,166.23,STATIC
96.03333333333335,2877,19.96,STATIC,170.10,STATIC,83.54,STATIC,34.59,STATIC,100.28,STATIC,106.16,STATIC,109.63,STATIC,166.72,STATIC
96.06666666666668,2878,19.05,STATIC,169.42,STATIC,83.52,STATIC,35.46,STATIC,100.19,STATIC,105.86,STATIC,110.57,STATIC,168.49,STATIC
96.10000000000001,2879,18.97,STATIC,168.07,STATIC,83.61,STATIC,37.13,STATIC,100.08,STATIC,105.92,STATIC,110.14,STATIC,168.35,STATIC
96.13333333333334,2880,17.43,STATIC,168.07,STATIC,83.66,STATIC,37.74,STATIC,99.72,STATIC,105.62,STATIC,109.64,STATIC,168.43,STATIC
96.16666666666667,2881,17.09,STATIC,168.57,STATIC,83.92,STATIC,38.03,STATIC,99.67,STATIC,105.60,STATIC,109.12,STATIC,167.65,STATIC
96.2,2882,15.77,STATIC,168.98,STATIC,84.51,STATIC,36.39,STATIC,99.50,STATIC,105.20,STATIC,109.02,STATIC,166.41,STATIC
96.23333333333333,2883,16.94,STATIC,168.19,STATIC,84.47,STATIC,36.58,STATIC,99.34,STATIC,104.34,STATIC,108.66,STATIC,164.00,STATIC
96.26666666666668,2884,17.14,STATIC,169.25,STATIC,84.12,STATIC,37.92,STATIC,99.20,STATIC,103.80,STATIC,109.25,STATIC,163.14,STATIC
96.30000000000001,2885,18.51,STATIC,168.91,STATIC,83.27,STATIC,38.86,STATIC,99.15,STATIC,103.41,STATIC,109.62,STATIC,162.94,STATIC
96.33333333333334,2886,20.93,STATIC,168.72,STATIC,83.14,STATIC,40.68,STATIC,99.07,STATIC,103.30,STATIC,108.91,STATIC,164.35,STATIC
96.36666666666667,2887,21.81,STATIC,169.38,STATIC,83.09,STATIC,40.09,STATIC,98.96,STATIC,103.19,STATIC,109.11,STATIC,164.57,STATIC
96.4,2888,20.63,STATIC,168.89,STATIC,83.11,STATIC,39.86,STATIC,98.91,STATIC,103.30,STATIC,109.45,STATIC,165.41,STATIC
96.43333333333334,2889,20.18,STATIC,169.13,STATIC,83.03,STATIC,39.97,STATIC,98.87,STATIC,103.74,STATIC,109.94,STATIC,167.55,STATIC
96.46666666666667,2890,17.20,STATIC,169.34,STATIC,82.85,STATIC,37.19,STATIC,98.94,STATIC,104.63,STATIC,111.53,STATIC,170.61,STATIC
96.5,2891,17.04,STATIC,169.95,STATIC,82.71,STATIC,35.15,STATIC,98.96,STATIC,105.57,STATIC,112.84,STATIC,172.47,STATIC
96.53333333333335,2892,16.23,STATIC,170.09,STATIC,82.45,STATIC,34.21,STATIC,99.01,STATIC,106.49,STATIC,114.15,STATIC,173.82,STATIC
96.56666666666668,2893,16.37,STATIC,170.50,STATIC,82.39,STATIC,34.75,STATIC,99.07,STATIC,107.45,STATIC,114.11,STATIC,174.41,STATIC
96.60000000000001,2894,16.40,STATIC,170.41,STATIC,81.96,STATIC,34.70,STATIC,99.26,STATIC,108.45,STATIC,115.92,STATIC,173.69,STATIC
96.63333333333334,2895,16.97,STATIC,169.93,STATIC,81.77,STATIC,34.82,STATIC,99.35,STATIC,109.43,STATIC,116.54,STATIC,172.78,STATIC
96.66666666666667,2896,17.19,STATIC,169.85,STATIC,81.79,STATIC,34.51,STATIC,99.29,STATIC,110.78,STATIC,115.86,STATIC,171.67,STATIC
96.7,2897,16.50,STATIC,170.06,STATIC,81.95,STATIC,32.80,STATIC,99.24,STATIC,112.24,STATIC,116.03,STATIC,170.53,STATIC
96.73333333333333,2898,14.38,STATIC,170.38,STATIC,81.92,STATIC,31.05,STATIC,99.41,STATIC,113.93,STATIC,117.31,STATIC,168.61,STATIC
96.76666666666668,2899,13.28,STATIC,170.44,STATIC,81.83,STATIC,29.33,STATIC,99.60,STATIC,115.86,STATIC,118.23,STATIC,166.53,STATIC
96.80000000000001,2900,13.34,STATIC,170.42,STATIC,81.60,STATIC,29.89,STATIC,99.86,STATIC,117.69,STATIC,118.54,STATIC,164.60,STATIC
96.83333333333334,2901,12.98,STATIC,170.34,STATIC,81.22,STATIC,29.83,STATIC,100.12,STATIC,119.90,STATIC,120.75,STATIC,162.34,STATIC
96.86666666666667,2902,12.01,STATIC,170.30,STATIC,81.15,STATIC,27.90,STATIC,100.31,STATIC,122.31,STATIC,122.10,STATIC,158.34,STATIC
96.9,2903,11.45,STATIC,170.64,STATIC,81.03,STATIC,28.21,STATIC,100.47,STATIC,124.58,STATIC,122.74,STATIC,156.29,STATIC
96.93333333333334,2904,12.04,STATIC,170.64,STATIC,80.96,STATIC,28.74,STATIC,100.62,STATIC,126.82,STATIC,121.25,STATIC,154.13,STATIC
96.96666666666667,2905,12.15,STATIC,170.51,STATIC,80.97,STATIC,29.50,STATIC,100.74,STATIC,128.93,STATIC,121.21,STATIC,152.00,STATIC
97.0,2906,13.35,STATIC,169.89,STATIC,80.88,STATIC,31.37,STATIC,100.84,STATIC,130.49,STATIC,119.83,STATIC,150.43,STATIC
97.03333333333335,2907,13.54,STATIC,169.54,STATIC,80.89,STATIC,31.40,STATIC,100.83,STATIC,132.59,STATIC,119.93,STATIC,148.61,STATIC
97.06666666666668,2908,14.70,STATIC,168.85,STATIC,81.01,STATIC,32.67,STATIC,100.82,STATIC,134.47,STATIC,119.79,STATIC,147.13,STATIC
97.10000000000001,2909,14.79,STATIC,168.56,STATIC,81.14,STATIC,33.49,STATIC,100.75,STATIC,136.31,STATIC,119.46,STATIC,145.53,STATIC
97.13333333333334,2910,14.70,STATIC,167.84,STATIC,81.22,STATIC,34.67,STATIC,100.71,STATIC,137.88,STATIC,118.94,STATIC,144.08,STATIC
97.16666666666667,2911,14.02,STATIC,168.48,STATIC,81.27,STATIC,34.23,STATIC,100.71,STATIC,139.37,STATIC,118.85,STATIC,142.22,STATIC
97.2,2912,13.91,STATIC,168.85,STATIC,81.26,STATIC,34.07,STATIC,100.70,STATIC,141.00,STATIC,118.52,STATIC,140.26,STATIC
97.23333333333333,2913,13.54,STATIC,168.46,STATIC,81.29,STATIC,34.60,STATIC,100.67,STATIC,142.29,STATIC,117.95,STATIC,138.72,STATIC
97.26666666666668,2914,13.39,STATIC,168.21,STATIC,81.23,STATIC,34.98,STATIC,100.56,STATIC,143.06,STATIC,117.36,STATIC,137.66,STATIC
97.30000000000001,2915,14.33,STATIC,167.67,STATIC,81.34,STATIC,35.59,STATIC,100.55,STATIC,143.96,STATIC,116.64,STATIC,136.96,STATIC
97.33333333333334,2916,13.87,STATIC,167.93,STATIC,81.37,STATIC,35.71,STATIC,100.56,STATIC,144.96,STATIC,116.41,STATIC,135.84,STATIC
97.36666666666667,2917,13.51,STATIC,168.70,STATIC,81.39,STATIC,35.64,STATIC,100.58,STATIC,145.79,STATIC,116.29,STATIC,134.56,STATIC
97.4,2918,13.31,STATIC,168.51,STATIC,81.39,STATIC,35.52,STATIC,100.62,STATIC,146.67,STATIC,116.05,STATIC,133.53,STATIC
97.43333333333334,2919,13.07,STATIC,168.28,STATIC,81.39,STATIC,35.58,STATIC,100.68,STATIC,147.14,STATIC,115.86,STATIC,132.86,STATIC
97.46666666666667,2920,11.54,STATIC,168.30,STATIC,81.37,STATIC,35.57,STATIC,100.76,STATIC,147.67,STATIC,115.96,STATIC,131.64,STATIC
97.5,2921,10.99,STATIC,168.65,STATIC,81.35,STATIC,34.85,STATIC,100.84,STATIC,148.05,STATIC,115.77,STATIC,130.72,STATIC
97.53333333333335,2922,10.16,STATIC,168.70,STATIC,81.38,STATIC,32.99,STATIC,100.96,STATIC,148.64,STATIC,115.76,STATIC,129.78,STATIC
97.56666666666668,2923,10.15,STATIC,168.06,STATIC,81.65,STATIC,33.63,STATIC,100.92,STATIC,149.21,STATIC,115.63,STATIC,129.42,STATIC
97.60000000000001,2924,10.18,STATIC,168.18,STATIC,81.63,STATIC,33.42,STATIC,100.93,STATIC,149.22,STATIC,115.58,STATIC,129.67,STATIC
97.63333333333334,2925,10.64,STATIC,167.30,STATIC,81.78,STATIC,33.41,STATIC,100.92,STATIC,149.44,STATIC,115.52,STATIC,129.90,STATIC
97.66666666666667,2926,10.15,STATIC,167.35,STATIC,81.87,STATIC,32.70,STATIC,100.93,STATIC,149.28,STATIC,115.93,STATIC,129.92,STATIC
97.7,2927,10.54,STATIC,167.39,STATIC,81.88,STATIC,32.89,STATIC,101.02,STATIC,148.36,STATIC,116.05,STATIC,130.90,STATIC
97.73333333333333,2928,10.00,STATIC,166.27,STATIC,81.90,STATIC,33.09,STATIC,101.08,STATIC,147.05,STATIC,116.21,STATIC,132.46,STATIC
97.76666666666668,2929,8.54,STATIC,165.36,STATIC,81.73,STATIC,32.62,STATIC,101.21,STATIC,145.72,STATIC,116.54,STATIC,133.94,STATIC
97.80000000000001,2930,8.02,STATIC,166.04,STATIC,81.60,STATIC,31.98,STATIC,101.32,STATIC,145.29,STATIC,116.76,STATIC,134.32,STATIC
97.83333333333334,2931,7.84,STATIC,166.48,STATIC,81.48,STATIC,32.07,STATIC,101.40,STATIC,144.57,STATIC,116.99,STATIC,134.72,STATIC
97.86666666666667,2932,7.93,STATIC,165.69,STATIC,81.46,STATIC,32.29,STATIC,101.46,STATIC,143.59,STATIC,117.22,STATIC,136.01,STATIC
97.9,2933,7.43,STATIC,164.95,STATIC,81.42,STATIC,32.56,STATIC,101.52,STATIC,142.94,STATIC,117.44,STATIC,136.96,STATIC
97.93333333333334,2934,7.70,STATIC,165.23,STATIC,81.39,STATIC,32.51,STATIC,101.57,STATIC,142.33,STATIC,117.67,STATIC,137.70,STATIC
97.96666666666667,2935,8.08,STATIC,165.25,STATIC,81.29,STATIC,32.54,STATIC,101.60,STATIC,141.71,STATIC,117.68,STATIC,138.01,STATIC
98.0,2936,8.71,STATIC,165.54,STATIC,81.25,STATIC,32.62,STATIC,101.62,STATIC,140.84,STATIC,117.58,STATIC,138.96,STATIC
98.03333333333335,2937,8.75,STATIC,165.53,STATIC,81.24,STATIC,32.62,STATIC,101.62,STATIC,140.58,STATIC,117.72,STATIC,139.12,STATIC
98.06666666666668,2938,8.77,STATIC,165.64,STATIC,81.16,STATIC,33.44,STATIC,101.66,STATIC,139.98,STATIC,118.24,STATIC,139.24,STATIC
98.10000000000001,2939,8.86,STATIC,165.95,STATIC,81.17,STATIC,33.68,STATIC,101.65,STATIC,139.49,STATIC,118.75,STATIC,139.25,STATIC
98.13333333333334,2940,8.72,STATIC,166.80,STATIC,81.22,STATIC,33.13,STATIC,101.56,STATIC,139.99,STATIC,119.28,STATIC,138.39,STATIC
98.16666666666667,2941,8.75,STATIC,166.79,STATIC,81.29,STATIC,33.03,STATIC,101.46,STATIC,139.84,STATIC,119.52,STATIC,138.41,STATIC
98.2,2942,8.86,STATIC,167.32,STATIC,81.39,STATIC,31.87,STATIC,101.36,STATIC,140.39,STATIC,119.99,STATIC,137.86,STATIC
98.23333333333333,2943,9.54,STATIC,167.20,STATIC,81.50,STATIC,30.87,STATIC,101.25,STATIC,140.61,STATIC,120.22,STATIC,137.74,STATIC
98.26666666666668,2944,9.27,STATIC,167.40,STATIC,81.50,STATIC,30.39,STATIC,101.19,STATIC,140.85,STATIC,120.60,STATIC,137.53,STATIC
98.30000000000001,2945,9.19,STATIC,167.18,STATIC,81.48,STATIC,30.56,STATIC,101.16,STATIC,140.92,STATIC,120.97,STATIC,137.66,STATIC
98.33333333333334,2946,8.90,STATIC,167.19,STATIC,81.41,STATIC,30.68,STATIC,101.14,STATIC,140.98,STATIC,121.18,STATIC,137.86,STATIC
98.36666666666667,2947,8.93,STATIC,167.11,STATIC,81.37,STATIC,30.86,STATIC,101.16,STATIC,140.13,STATIC,120.91,STATIC,139.23,STATIC
98.4,2948,8.62,STATIC,167.92,STATIC,81.22,STATIC,30.46,STATIC,101.21,STATIC,138.64,STATIC,120.72,STATIC,140.92,STATIC
98.43333333333334,2949,8.63,STATIC,166.89,STATIC,81.16,STATIC,31.32,STATIC,101.29,STATIC,137.45,STATIC,120.58,STATIC,142.11,STATIC
98.46666666666667,2950,8.11,STATIC,166.64,STATIC,81.14,STATIC,31.82,STATIC,101.31,STATIC,137.50,STATIC,120.72,STATIC,141.82,STATIC
98.5,2951,8.49,STATIC,167.61,STATIC,81.11,STATIC,32.02,STATIC,101.28,STATIC,137.66,STATIC,120.60,STATIC,141.29,STATIC
98.53333333333335,2952,9.14,STATIC,169.63,STATIC,80.89,STATIC,32.22,STATIC,101.25,STATIC,138.69,STATIC,120.04,STATIC,139.94,STATIC
98.56666666666668,2953,9.06,STATIC,169.37,STATIC,80.88,STATIC,32.46,STATIC,101.21,STATIC,139.62,STATIC,119.89,STATIC,138.63,STATIC
98.60000000000001,2954,9.20,STATIC,168.57,STATIC,80.93,STATIC,32.87,STATIC,101.16,STATIC,140.33,STATIC,119.98,STATIC,137.54,STATIC
98.63333333333334,2955,9.05,STATIC,168.59,STATIC,80.91,STATIC,32.74,STATIC,101.17,STATIC,141.01,STATIC,120.28,STATIC,136.70,STATIC
98.66666666666667,2956,8.97,STATIC,168.50,STATIC,80.95,STATIC,32.72,STATIC,101.16,STATIC,141.09,STATIC,120.40,STATIC,136.87,STATIC
98.7,2957,9.33,STATIC,168.60,STATIC,80.84,STATIC,32.47,STATIC,101.16,STATIC,141.35,STATIC,120.96,STATIC,136.20,STATIC
98.73333333333333,2958,10.08,STATIC,169.45,STATIC,80.93,STATIC,32.54,STATIC,101.08,STATIC,141.62,STATIC,121.29,STATIC,135.27,STATIC
98.76666666666668,2959,10.17,STATIC,169.41,STATIC,80.98,STATIC,32.40,STATIC,100.99,STATIC,142.17,STATIC,121.51,STATIC,134.43,STATIC
98.80000000000001,2960,10.81,STATIC,169.17,STATIC,81.04,STATIC,33.31,STATIC,100.93,STATIC,142.20,STATIC,121.69,STATIC,134.11,STATIC
98.83333333333334,2961,10.67,STATIC,168.89,STATIC,81.09,STATIC,33.34,STATIC,100.87,STATIC,142.73,STATIC,122.04,STATIC,133.52,STATIC
98.86666666666667,2962,10.18,STATIC,168.18,STATIC,81.27,STATIC,30.70,STATIC,100.83,STATIC,143.98,STATIC,122.47,STATIC,132.58,STATIC
98.9,2963,9.90,STATIC,167.77,STATIC,81.36,STATIC,30.50,STATIC,100.79,STATIC,144.69,STATIC,122.76,STATIC,131.96,STATIC
98.93333333333334,2964,9.88,STATIC,168.06,STATIC,81.40,STATIC,30.05,STATIC,100.77,STATIC,145.33,STATIC,123.03,STATIC,131.30,STATIC
98.96666666666667,2965,9.67,STATIC,168.09,STATIC,81.51,STATIC,28.85,STATIC,100.77,STATIC,146.72,STATIC,123.62,STATIC,130.00,STATIC
99.0,2966,9.57,STATIC,168.14,STATIC,81.55,STATIC,29.30,STATIC,100.75,STATIC,147.15,STATIC,123.91,STATIC,129.25,STATIC
99.03333333333335,2967,9.57,STATIC,167.89,STATIC,81.57,STATIC,29.58,STATIC,100.73,STATIC,147.51,STATIC,123.93,STATIC,128.70,STATIC
99.06666666666668,2968,9.68,STATIC,168.22,STATIC,81.59,STATIC,31.27,STATIC,100.71,STATIC,147.00,STATIC,123.75,STATIC,129.03,STATIC
99.10000000000001,2969,9.77,STATIC,168.19,STATIC,81.60,STATIC,32.06,STATIC,100.66,STATIC,146.52,STATIC,123.69,STATIC,129.64,STATIC
99.13333333333334,2970,10.42,STATIC,167.83,STATIC,81.67,STATIC,33.39,STATIC,100.62,STATIC,145.92,STATIC,123.43,STATIC,130.91,STATIC
99.16666666666667,2971,10.25,STATIC,167.69,STATIC,81.70,STATIC,33.06,STATIC,100.56,STATIC,145.48,STATIC,123.33,STATIC,131.72,STATIC
99.2,2972,9.95,STATIC,167.46,STATIC,81.79,STATIC,32.74,STATIC,100.50,STATIC,145.18,STATIC,123.42,STATIC,132.11,STATIC
99.23333333333333,2973,9.85,STATIC,167.41,STATIC,81.80,STATIC,32.55,STATIC,100.48,STATIC,145.28,STATIC,123.38,STATIC,132.00,STATIC
99.26666666666668,2974,9.82,STATIC,167.27,STATIC,81.80,STATIC,32.57,STATIC,100.46,STATIC,145.21,STATIC,123.36,STATIC,132.10,STATIC
99.30000000000001,2975,9.82,STATIC,167.27,STATIC,81.82,STATIC,32.51,STATIC,100.46,STATIC,145.65,STATIC,123.43,STATIC,131.63,STATIC
99.33333333333334,2976,9.93,STATIC,167.28,STATIC,81.82,STATIC,32.44,STATIC,100.45,STATIC,145.54,STATIC,123.42,STATIC,131.99,STATIC
99.36666666666667,2977,9.73,STATIC,167.29,STATIC,81.81,STATIC,32.21,STATIC,100.43,STATIC,145.38,STATIC,123.58,STATIC,132.13,STATIC
99.4,2978,9.61,STATIC,167.42,STATIC,81.79,STATIC,32.24,STATIC,100.43,STATIC,144.71,STATIC,123.78,STATIC,132.77,STATIC
99.43333333333334,2979,9.87,STATIC,167.39,STATIC,81.78,STATIC,32.42,STATIC,100.40,STATIC,143.01,STATIC,123.67,STATIC,134.72,STATIC
99.46666666666667,2980,9.73,STATIC,167.89,STATIC,81.63,STATIC,31.92,STATIC,100.42,STATIC,142.96,STATIC,123.74,STATIC,134.53,STATIC
99.5,2981,9.79,STATIC,168.03,STATIC,81.67,STATIC,31.62,STATIC,100.40,STATIC,141.68,STATIC,123.69,STATIC,136.04,STATIC
99.53333333333335,2982,9.60,STATIC,168.25,STATIC,81.66,STATIC,30.87,STATIC,100.40,STATIC,141.35,STATIC,123.54,STATIC,136.27,STATIC
99.56666666666668,2983,9.85,STATIC,168.21,STATIC,81.70,STATIC,31.07,STATIC,100.36,STATIC,140.80,STATIC,123.37,STATIC,136.81,STATIC
99.60000000000001,2984,10.00,STATIC,168.06,STATIC,81.84,STATIC,31.38,STATIC,100.29,STATIC,139.93,STATIC,123.42,STATIC,137.64,STATIC
99.63333333333334,2985,9.94,STATIC,168.16,STATIC,81.93,STATIC,31.43,STATIC,100.30,STATIC,139.69,STATIC,123.73,STATIC,137.48,STATIC
99.66666666666667,2986,9.87,STATIC,168.12,STATIC,81.99,STATIC,31.02,STATIC,100.30,STATIC,140.11,STATIC,124.43,STATIC,136.56,STATIC
99.7,2987,9.65,STATIC,168.08,STATIC,82.03,STATIC,30.57,STATIC,100.28,STATIC,140.87,STATIC,125.20,STATIC,135.37,STATIC
99.73333333333333,2988,9.74,STATIC,168.35,STATIC,82.04,STATIC,31.04,STATIC,100.27,STATIC,141.82,STATIC,125.63,STATIC,134.09,STATIC
99.76666666666668,2989,10.24,STATIC,168.48,STATIC,82.07,STATIC,32.24,STATIC,100.21,STATIC,141.91,STATIC,125.85,STATIC,133.83,STATIC
99.80000000000001,2990,10.19,STATIC,168.49,STATIC,82.07,STATIC,32.23,STATIC,100.24,STATIC,142.62,STATIC,126.20,STATIC,132.80,STATIC
99.83333333333334,2991,10.32,STATIC,168.40,STATIC,82.07,STATIC,32.35,STATIC,100.21,STATIC,142.22,STATIC,126.25,STATIC,133.36,STATIC
99.86666666666667,2992,10.20,STATIC,168.36,STATIC,81.99,STATIC,32.29,STATIC,100.22,STATIC,142.43,STATIC,126.24,STATIC,133.09,STATIC
99.9,2993,10.08,STATIC,168.04,STATIC,81.98,STATIC,32.03,STATIC,100.23,STATIC,142.61,STATIC,126.30,STATIC,132.99,STATIC
99.93333333333334,2994,9.91,STATIC,168.07,STATIC,81.95,STATIC,31.86,STATIC,100.25,STATIC,142.96,STATIC,126.32,STATIC,132.61,STATIC
99.96666666666667,2995,9.74,STATIC,168.38,STATIC,81.86,STATIC,31.53,STATIC,100.29,STATIC,143.27,STATIC,126.27,STATIC,132.05,STATIC
100.0,2996,9.82,STATIC,168.44,STATIC,81.85,STATIC,31.56,STATIC,100.30,STATIC,143.67,STATIC,126.73,STATIC,131.43,STATIC
100.03333333333335,2997,9.90,STATIC,168.47,STATIC,81.84,STATIC,31.75,STATIC,100.30,STATIC,143.87,STATIC,126.69,STATIC,131.30,STATIC
100.06666666666668,2998,9.92,STATIC,168.50,STATIC,81.82,STATIC,31.72,STATIC,100.30,STATIC,144.55,STATIC,126.58,STATIC,131.00,STATIC
100.10000000000001,2999,9.94,STATIC,168.60,STATIC,81.79,STATIC,31.64,STATIC,100.32,STATIC,145.18,STATIC,126.55,STATIC,130.28,STATIC
100.13333333333334,3000,9.80,STATIC,168.79,STATIC,81.80,STATIC,31.04,STATIC,100.37,STATIC,146.29,STATIC,126.76,STATIC,128.84,STATIC
100.16666666666667,3001,9.83,STATIC,168.55,STATIC,81.93,STATIC,31.17,STATIC,100.40,STATIC,146.93,STATIC,126.49,STATIC,128.19,STATIC
100.2,3002,10.18,STATIC,168.33,STATIC,82.01,STATIC,31.98,STATIC,100.39,STATIC,147.28,STATIC,126.31,STATIC,127.98,STATIC
100.23333333333333,3003,10.17,STATIC,168.16,STATIC,82.07,STATIC,32.03,STATIC,100.37,STATIC,147.22,STATIC,126.21,STATIC,128.34,STATIC
100.26666666666668,3004,10.17,STATIC,168.32,STATIC,82.03,STATIC,32.09,STATIC,100.35,STATIC,147.31,STATIC,126.12,STATIC,128.22,STATIC
100.30000000000001,3005,10.26,STATIC,168.12,STATIC,82.04,STATIC,32.71,STATIC,100.35,STATIC,147.29,STATIC,125.75,STATIC,128.50,STATIC
100.33333333333334,3006,10.17,STATIC,168.05,STATIC,82.05,STATIC,32.79,STATIC,100.35,STATIC,146.28,STATIC,125.45,STATIC,129.83,STATIC
100.36666666666667,3007,10.15,STATIC,168.05,STATIC,82.14,STATIC,32.89,STATIC,100.29,STATIC,145.48,STATIC,125.63,STATIC,130.77,STATIC
100.4,3008,10.26,STATIC,167.99,STATIC,82.18,STATIC,32.90,STATIC,100.23,STATIC,144.37,STATIC,125.50,STATIC,132.28,STATIC
100.43333333333334,3009,10.54,STATIC,167.94,STATIC,82.18,STATIC,33.38,STATIC,100.20,STATIC,143.14,STATIC,125.03,STATIC,133.69,STATIC
100.46666666666667,3010,11.36,STATIC,167.78,STATIC,82.19,STATIC,33.48,STATIC,100.25,STATIC,140.93,STATIC,124.79,STATIC,136.59,STATIC
100.5,3011,11.17,STATIC,167.20,STATIC,82.12,STATIC,33.85,STATIC,100.27,STATIC,140.18,STATIC,124.32,STATIC,137.32,STATIC
100.53333333333335,3012,11.22,STATIC,166.77,STATIC,82.02,STATIC,34.21,STATIC,100.29,STATIC,139.45,STATIC,124.22,STATIC,137.89,STATIC
100.56666666666668,3013,11.55,STATIC,166.85,STATIC,81.84,STATIC,33.85,STATIC,100.30,STATIC,139.53,STATIC,123.95,STATIC,137.96,STATIC
100.60000000000001,3014,10.69,STATIC,166.98,STATIC,81.73,STATIC,33.55,STATIC,100.42,STATIC,140.74,STATIC,124.48,STATIC,136.29,STATIC
100.63333333333334,3015,10.63,STATIC,167.07,STATIC,81.70,STATIC,33.70,STATIC,100.47,STATIC,141.69,STATIC,124.60,STATIC,134.81,STATIC
100.66666666666667,3016,10.67,STATIC,167.27,STATIC,81.60,STATIC,33.50,STATIC,100.53,STATIC,142.23,STATIC,124.31,STATIC,134.49,STATIC
100.7,3017,10.57,STATIC,166.85,STATIC,81.62,STATIC,31.77,STATIC,100.59,STATIC,141.25,STATIC,124.36,STATIC,136.10,STATIC
100.73333333333333,3018,10.83,STATIC,167.06,STATIC,81.63,STATIC,31.70,STATIC,100.66,STATIC,140.59,STATIC,124.12,STATIC,137.00,STATIC
100.76666666666668,3019,10.73,STATIC,167.55,STATIC,81.64,STATIC,31.39,STATIC,100.72,STATIC,141.58,STATIC,124.05,STATIC,134.43,STATIC
100.80000000000001,3020,11.59,STATIC,167.73,STATIC,81.71,STATIC,31.40,STATIC,100.75,STATIC,140.75,STATIC,123.37,STATIC,136.21,STATIC
100.83333333333334,3021,11.62,STATIC,167.95,STATIC,81.60,STATIC,31.36,STATIC,100.80,STATIC,140.61,STATIC,123.18,STATIC,136.59,STATIC
100.86666666666667,3022,10.89,STATIC,167.88,STATIC,81.48,STATIC,31.94,STATIC,100.85,STATIC,140.14,STATIC,122.99,STATIC,137.49,STATIC
100.9,3023,9.90,STATIC,168.37,STATIC,81.38,STATIC,32.02,STATIC,100.91,STATIC,139.64,STATIC,123.18,STATIC,138.15,STATIC
100.93333333333334,3024,10.71,STATIC,167.98,STATIC,81.39,STATIC,32.37,STATIC,100.80,STATIC,137.30,STATIC,122.41,STATIC,141.11,STATIC
100.96666666666667,3025,10.71,STATIC,167.83,STATIC,81.39,STATIC,32.39,STATIC,100.81,STATIC,136.66,STATIC,120.57,STATIC,142.08,STATIC
101.0,3026,10.69,STATIC,167.65,STATIC,81.36,STATIC,32.29,STATIC,100.71,STATIC,134.14,STATIC,119.76,STATIC,145.25,STATIC
101.03333333333335,3027,10.56,STATIC,167.69,STATIC,81.37,STATIC,32.20,STATIC,100.62,STATIC,131.21,STATIC,119.20,STATIC,148.66,STATIC
101.06666666666668,3028,10.29,STATIC,167.64,STATIC,81.48,STATIC,32.26,STATIC,100.61,STATIC,128.84,STATIC,119.07,STATIC,151.54,STATIC
101.10000000000001,3029,9.44,STATIC,167.41,STATIC,81.43,STATIC,32.24,STATIC,100.61,STATIC,128.21,STATIC,119.04,STATIC,152.08,STATIC
101.13333333333334,3030,9.67,STATIC,167.93,STATIC,81.39,STATIC,32.67,STATIC,100.65,STATIC,126.82,STATIC,120.50,STATIC,153.67,STATIC
101.16666666666667,3031,10.40,STATIC,167.69,STATIC,81.41,STATIC,33.59,STATIC,100.70,STATIC,125.49,STATIC,120.79,STATIC,155.31,STATIC
101.2,3032,11.00,STATIC,167.51,STATIC,81.50,STATIC,33.35,STATIC,100.74,STATIC,124.39,STATIC,119.66,STATIC,156.71,STATIC
101.23333333333333,3033,11.18,STATIC,167.25,STATIC,81.50,STATIC,33.29,STATIC,100.72,STATIC,123.34,STATIC,119.28,STATIC,158.07,STATIC
101.26666666666668,3034,11.04,STATIC,167.13,STATIC,81.37,STATIC,33.16,STATIC,100.76,STATIC,122.49,STATIC,119.36,STATIC,159.16,STATIC
101.30000000000001,3035,11.04,STATIC,167.17,STATIC,81.29,STATIC,33.15,STATIC,100.79,STATIC,121.73,STATIC,119.51,STATIC,160.02,STATIC
101.33333333333334,3036,11.03,STATIC,167.84,STATIC,81.21,STATIC,32.95,STATIC,100.82,STATIC,120.97,STATIC,119.52,STATIC,160.91,STATIC
101.36666666666667,3037,11.89,STATIC,168.07,STATIC,81.26,STATIC,32.94,STATIC,100.79,STATIC,120.14,STATIC,119.26,STATIC,161.92,STATIC
101.4,3038,12.04,STATIC,168.29,STATIC,81.25,STATIC,32.92,STATIC,100.80,STATIC,119.64,STATIC,120.87,STATIC,162.52,STATIC
101.43333333333334,3039,11.94,STATIC,168.80,STATIC,81.21,STATIC,33.02,STATIC,100.80,STATIC,118.92,STATIC,121.36,STATIC,163.32,STATIC
101.46666666666667,3040,11.92,STATIC,169.26,STATIC,81.16,STATIC,33.18,STATIC,100.82,STATIC,118.32,STATIC,121.43,STATIC,163.99,STATIC
101.5,3041,11.98,STATIC,169.39,STATIC,81.13,STATIC,33.79,STATIC,100.84,STATIC,117.62,STATIC,121.11,STATIC,164.74,STATIC
101.53333333333335,3042,12.33,STATIC,169.67,STATIC,81.07,STATIC,33.87,STATIC,100.88,STATIC,117.28,STATIC,119.58,STATIC,165.10,STATIC
101.56666666666668,3043,13.19,STATIC,170.15,STATIC,80.99,STATIC,34.29,STATIC,100.85,STATIC,116.60,STATIC,120.26,STATIC,165.83,STATIC
101.60000000000001,3044,13.48,STATIC,170.40,STATIC,80.88,STATIC,34.29,STATIC,100.85,STATIC,116.01,STATIC,120.29,STATIC,166.52,STATIC
101.63333333333334,3045,13.70,STATIC,170.81,STATIC,80.82,STATIC,34.25,STATIC,100.81,STATIC,115.08,STATIC,120.27,STATIC,167.69,STATIC
101.66666666666667,3046,13.89,STATIC,170.99,STATIC,80.72,STATIC,34.33,STATIC,100.79,STATIC,114.69,STATIC,120.11,STATIC,168.08,STATIC
101.7,3047,14.28,STATIC,170.81,STATIC,80.72,STATIC,34.29,STATIC,100.73,STATIC,114.13,STATIC,119.53,STATIC,168.79,STATIC
101.73333333333333,3048,14.01,STATIC,170.91,STATIC,80.69,STATIC,34.28,STATIC,100.73,STATIC,114.04,STATIC,118.01,STATIC,168.84,STATIC
101.76666666666668,3049,13.82,STATIC,171.16,STATIC,80.57,STATIC,34.42,STATIC,100.74,STATIC,114.22,STATIC,119.36,STATIC,168.44,STATIC
101.80000000000001,3050,14.20,STATIC,171.03,STATIC,80.51,STATIC,34.49,STATIC,100.73,STATIC,114.42,STATIC,119.58,STATIC,168.21,STATIC
101.83333333333334,3051,14.96,STATIC,170.67,STATIC,80.62,STATIC,34.49,STATIC,100.71,STATIC,114.65,STATIC,118.50,STATIC,167.96,STATIC
101.86666666666667,3052,15.34,STATIC,170.40,STATIC,80.63,STATIC,34.57,STATIC,100.71,STATIC,114.73,STATIC,119.08,STATIC,167.78,STATIC
101.9,3053,16.20,STATIC,169.75,STATIC,80.75,STATIC,35.23,STATIC,100.65,STATIC,115.05,STATIC,118.09,STATIC,167.34,STATIC
101.93333333333334,3054,17.57,STATIC,169.35,STATIC,80.82,STATIC,36.46,STATIC,100.42,STATIC,115.37,STATIC,117.45,STATIC,166.98,STATIC
101.96666666666667,3055,17.65,STATIC,168.91,STATIC,80.71,STATIC,37.16,STATIC,100.31,STATIC,116.10,STATIC,117.27,STATIC,166.05,STATIC
102.0,3056,17.58,STATIC,168.70,STATIC,80.70,STATIC,37.98,STATIC,100.27,STATIC,116.93,STATIC,117.44,STATIC,165.12,STATIC
102.03333333333335,3057,18.19,STATIC,168.66,STATIC,80.80,STATIC,37.97,STATIC,100.41,STATIC,117.97,STATIC,118.00,STATIC,164.11,STATIC
102.06666666666668,3058,18.82,STATIC,169.01,STATIC,80.92,STATIC,37.96,STATIC,100.46,STATIC,118.91,STATIC,118.57,STATIC,163.05,STATIC
102.10000000000001,3059,19.10,STATIC,169.22,STATIC,81.04,STATIC,38.18,STATIC,100.52,STATIC,119.63,STATIC,119.02,STATIC,162.23,STATIC
102.13333333333334,3060,18.85,STATIC,169.58,STATIC,81.09,STATIC,37.89,STATIC,100.53,STATIC,120.48,STATIC,119.37,STATIC,161.21,STATIC
102.16666666666667,3061,19.80,STATIC,169.48,STATIC,81.06,STATIC,37.71,STATIC,100.30,STATIC,120.85,STATIC,119.30,STATIC,160.69,STATIC
102.2,3062,19.67,STATIC,169.53,STATIC,81.08,STATIC,37.74,STATIC,100.28,STATIC,120.72,STATIC,121.28,STATIC,160.65,STATIC
102.23333333333333,3063,19.75,STATIC,169.72,STATIC,81.11,STATIC,37.67,STATIC,100.28,STATIC,120.29,STATIC,121.94,STATIC,161.05,STATIC
102.26666666666668,3064,19.62,STATIC,169.78,STATIC,81.09,STATIC,37.83,STATIC,100.30,STATIC,119.53,STATIC,121.84,STATIC,161.98,STATIC
102.30000000000001,3065,19.62,STATIC,169.80,STATIC,81.05,STATIC,38.35,STATIC,100.31,STATIC,119.10,STATIC,121.70,STATIC,162.25,STATIC
102.33333333333334,3066,20.59,STATIC,169.82,STATIC,81.03,STATIC,38.42,STATIC,100.31,STATIC,118.82,STATIC,121.21,STATIC,160.00,STATIC
102.36666666666667,3067,20.79,STATIC,169.79,STATIC,81.08,STATIC,38.47,STATIC,100.29,STATIC,118.23,STATIC,120.84,STATIC,162.00,STATIC
102.4,3068,20.51,STATIC,169.78,STATIC,81.09,STATIC,38.42,STATIC,100.18,STATIC,118.01,STATIC,118.81,STATIC,163.07,STATIC
102.43333333333334,3069,19.97,STATIC,169.82,STATIC,80.94,STATIC,38.20,STATIC,100.11,STATIC,118.03,STATIC,119.53,STATIC,163.15,STATIC
102.46666666666667,3070,19.55,STATIC,169.75,STATIC,80.90,STATIC,38.27,STATIC,100.09,STATIC,118.25,STATIC,119.76,STATIC,162.98,STATIC
102.5,3071,19.24,STATIC,169.63,STATIC,80.83,STATIC,38.15,STATIC,100.13,STATIC,118.61,STATIC,118.53,STATIC,162.68,STATIC
102.53333333333335,3072,19.26,STATIC,169.55,STATIC,80.86,STATIC,38.16,STATIC,100.13,STATIC,118.83,STATIC,118.07,STATIC,162.61,STATIC
102.56666666666668,3073,19.36,STATIC,169.57,STATIC,80.87,STATIC,38.08,STATIC,100.15,STATIC,119.32,STATIC,117.93,STATIC,162.19,STATIC
102.60000000000001,3074,19.37,STATIC,169.17,STATIC,80.88,STATIC,37.92,STATIC,100.12,STATIC,119.90,STATIC,117.98,STATIC,161.70,STATIC
102.63333333333334,3075,17.64,STATIC,168.74,STATIC,80.84,STATIC,37.33,STATIC,100.16,STATIC,120.54,STATIC,120.02,STATIC,160.70,STATIC
102.66666666666667,3076,18.37,STATIC,168.90,STATIC,80.83,STATIC,37.29,STATIC,100.32,STATIC,121.18,STATIC,119.40,STATIC,159.88,STATIC
102.7,3077,18.30,STATIC,169.35,STATIC,80.93,STATIC,37.51,STATIC,100.41,STATIC,121.32,STATIC,120.24,STATIC,159.59,STATIC
102.73333333333333,3078,18.94,STATIC,169.61,STATIC,81.04,STATIC,37.73,STATIC,100.46,STATIC,121.26,STATIC,120.18,STATIC,159.57,STATIC
102.76666666666668,3079,18.57,STATIC,169.06,STATIC,81.38,STATIC,38.35,STATIC,100.52,STATIC,120.94,STATIC,119.76,STATIC,160.24,STATIC
102.80000000000001,3080,21.59,STATIC,168.43,STATIC,81.41,STATIC,39.70,STATIC,100.38,STATIC,120.64,STATIC,116.94,STATIC,161.18,STATIC
102.83333333333334,3081,20.28,STATIC,167.92,STATIC,81.23,STATIC,40.15,STATIC,100.46,STATIC,120.24,STATIC,115.82,STATIC,162.00,STATIC
102.86666666666667,3082,16.44,STATIC,168.73,STATIC,80.78,STATIC,39.15,STATIC,100.45,STATIC,120.25,STATIC,115.54,STATIC,161.79,STATIC
102.9,3083,16.10,STATIC,169.79,STATIC,80.29,STATIC,38.11,STATIC,100.53,STATIC,120.47,STATIC,115.32,STATIC,161.45,STATIC
102.93333333333334,3084,16.56,STATIC,168.93,STATIC,80.10,STATIC,35.38,STATIC,100.45,STATIC,120.34,STATIC,114.86,STATIC,161.44,STATIC
102.96666666666667,3085,17.25,STATIC,168.50,STATIC,80.00,STATIC,34.80,STATIC,100.46,STATIC,119.86,STATIC,114.23,STATIC,162.20,STATIC
103.0,3086,17.74,STATIC,168.46,STATIC,80.38,STATIC,35.61,STATIC,100.12,STATIC,116.95,STATIC,112.97,STATIC,166.20,STATIC
103.03333333333335,3087,16.48,STATIC,168.01,STATIC,80.83,STATIC,35.78,STATIC,99.85,STATIC,114.37,STATIC,112.02,STATIC,169.63,STATIC
103.06666666666668,3088,13.36,STATIC,167.41,STATIC,80.90,STATIC,35.03,STATIC,99.66,STATIC,113.22,STATIC,111.48,STATIC,170.43,STATIC
103.10000000000001,3089,12.45,STATIC,165.88,STATIC,81.06,STATIC,33.66,STATIC,99.75,STATIC,111.23,STATIC,111.73,STATIC,172.29,STATIC
103.13333333333334,3090,12.71,STATIC,165.36,STATIC,80.91,STATIC,33.42,STATIC,99.85,STATIC,110.12,STATIC,111.20,STATIC,173.36,STATIC
103.16666666666667,3091,12.96,STATIC,165.12,STATIC,80.84,STATIC,32.98,STATIC,99.94,STATIC,109.06,STATIC,112.09,STATIC,174.23,STATIC
103.2,3092,13.26,STATIC,162.58,STATIC,80.87,STATIC,32.55,STATIC,99.92,STATIC,108.20,STATIC,110.31,STATIC,174.32,STATIC
103.23333333333333,3093,13.54,STATIC,161.48,STATIC,80.79,STATIC,31.90,STATIC,99.84,STATIC,107.23,STATIC,109.50,STATIC,173.36,STATIC
103.26666666666668,3094,14.04,STATIC,161.82,STATIC,80.54,STATIC,31.71,STATIC,99.84,STATIC,106.61,STATIC,109.19,STATIC,172.27,STATIC
103.30000000000001,3095,15.66,STATIC,159.83,STATIC,80.44,STATIC,31.76,STATIC,99.90,STATIC,106.00,STATIC,108.74,STATIC,170.40,STATIC
103.33333333333334,3096,19.52,STATIC,157.65,STATIC,79.96,STATIC,31.05,STATIC,100.22,STATIC,105.60,STATIC,108.18,STATIC,169.05,STATIC
103.36666666666667,3097,21.49,STATIC,156.11,STATIC,79.55,STATIC,30.95,STATIC,100.77,STATIC,105.67,STATIC,107.98,STATIC,167.67,STATIC
103.4,3098,24.65,STATIC,157.44,STATIC,79.20,STATIC,31.92,STATIC,101.19,STATIC,105.49,STATIC,108.71,STATIC,166.31,STATIC
103.43333333333334,3099,25.69,STATIC,156.79,STATIC,78.91,STATIC,32.06,STATIC,101.51,STATIC,105.52,STATIC,107.99,STATIC,164.82,STATIC
103.46666666666667,3100,27.05,STATIC,154.25,STATIC,78.69,STATIC,31.97,STATIC,101.82,STATIC,105.71,STATIC,107.76,STATIC,163.26,STATIC
103.5,3101,28.77,STATIC,154.34,STATIC,78.57,STATIC,32.84,STATIC,102.10,STATIC,105.64,STATIC,107.83,STATIC,161.77,STATIC
103.53333333333335,3102,33.18,STATIC,153.14,STATIC,78.33,STATIC,34.11,STATIC,102.43,STATIC,105.76,STATIC,107.84,STATIC,159.91,STATIC
103.56666666666668,3103,35.88,STATIC,153.81,STATIC,78.04,STATIC,34.28,STATIC,102.76,STATIC,105.90,STATIC,107.95,STATIC,159.05,STATIC
103.60000000000001,3104,38.28,STATIC,154.02,STATIC,77.57,STATIC,34.31,STATIC,103.26,STATIC,106.09,STATIC,107.85,STATIC,157.68,STATIC
103.63333333333334,3105,41.22,STATIC,152.88,STATIC,77.25,STATIC,33.89,STATIC,103.52,STATIC,106.20,STATIC,107.84,STATIC,156.61,STATIC
103.66666666666667,3106,43.40,STATIC,151.71,STATIC,77.04,STATIC,33.78,STATIC,103.71,STATIC,106.48,STATIC,107.74,STATIC,155.45,STATIC
103.7,3107,45.61,STATIC,150.09,STATIC,77.00,STATIC,32.21,STATIC,103.60,STATIC,106.63,STATIC,108.83,STATIC,155.49,STATIC
103.73333333333333,3108,48.44,STATIC,149.05,STATIC,76.98,STATIC,31.79,STATIC,103.60,STATIC,106.36,STATIC,109.04,STATIC,155.04,STATIC
103.76666666666668,3109,51.87,STATIC,150.91,STATIC,76.90,STATIC,32.30,STATIC,103.68,STATIC,106.24,STATIC,108.93,STATIC,154.95,STATIC
103.80000000000001,3110,55.50,STATIC,150.44,STATIC,76.83,STATIC,32.79,STATIC,103.78,STATIC,106.13,STATIC,108.49,STATIC,152.61,STATIC
103.83333333333334,3111,56.32,STATIC,147.10,STATIC,76.64,STATIC,33.04,STATIC,103.98,STATIC,106.03,STATIC,108.45,STATIC,153.22,STATIC
103.86666666666667,3112,58.09,STATIC,145.89,STATIC,76.64,STATIC,31.06,STATIC,103.70,STATIC,106.98,STATIC,108.30,STATIC,157.98,STATIC
103.9,3113,64.59,EXTENSION,145.64,STATIC,77.51,STATIC,30.24,STATIC,103.47,STATIC,107.92,STATIC,108.04,STATIC,162.28,STATIC
103.93333333333334,3114,71.18,EXTENSION,145.52,STATIC,77.86,STATIC,30.86,STATIC,103.42,STATIC,109.08,STATIC,109.35,STATIC,167.88,EXTENSION
103.96666666666667,3115,76.25,EXTENSION,145.27,STATIC,78.11,STATIC,31.35,STATIC,103.22,STATIC,109.62,STATIC,110.31,STATIC,169.34,STATIC
104.0,3116,80.69,STATIC,145.31,STATIC,78.34,STATIC,30.26,STATIC,103.03,STATIC,110.55,STATIC,112.06,STATIC,171.25,STATIC
104.03333333333335,3117,84.67,STATIC,143.88,STATIC,78.52,STATIC,29.82,STATIC,103.10,STATIC,111.69,STATIC,115.03,STATIC,173.47,STATIC
104.06666666666668,3118,87.96,STATIC,143.47,STATIC,78.68,STATIC,28.34,STATIC,103.04,STATIC,112.25,STATIC,118.27,STATIC,175.53,STATIC
104.10000000000001,3119,91.38,STATIC,142.73,STATIC,78.96,STATIC,27.40,STATIC,102.89,STATIC,113.02,STATIC,123.07,STATIC,176.68,STATIC
104.13333333333334,3120,94.45,STATIC,141.53,STATIC,79.22,STATIC,27.18,STATIC,102.95,STATIC,113.77,STATIC,128.67,EXTENSION,177.88,STATIC
104.16666666666667,3121,98.58,STATIC,141.44,STATIC,79.46,STATIC,26.86,STATIC,103.07,STATIC,113.91,STATIC,132.96,STATIC,178.11,STATIC
104.2,3122,100.35,STATIC,141.03,STATIC,79.77,STATIC,27.03,STATIC,102.66,STATIC,114.53,STATIC,135.20,STATIC,178.00,STATIC
104.23333333333333,3123,102.19,STATIC,140.53,STATIC,80.08,STATIC,26.01,STATIC,102.57,STATIC,115.50,STATIC,136.51,STATIC,176.43,STATIC
104.26666666666668,3124,104.72,STATIC,139.90,STATIC,80.33,STATIC,26.36,STATIC,102.32,STATIC,116.11,STATIC,137.48,STATIC,175.82,STATIC
104.30000000000001,3125,106.84,STATIC,140.81,STATIC,80.52,STATIC,26.08,STATIC,102.43,STATIC,115.84,STATIC,138.34,STATIC,175.90,STATIC
104.33333333333334,3126,108.57,STATIC,141.57,STATIC,80.69,STATIC,25.86,STATIC,102.64,STATIC,116.01,STATIC,139.14,STATIC,175.36,STATIC
104.36666666666667,3127,109.98,STATIC,141.60,STATIC,80.83,STATIC,24.84,STATIC,102.67,STATIC,116.38,STATIC,139.86,STATIC,175.82,STATIC
104.4,3128,112.24,STATIC,140.81,STATIC,80.91,STATIC,22.69,STATIC,102.85,STATIC,115.87,STATIC,140.78,STATIC,175.38,STATIC
104.43333333333334,3129,113.21,STATIC,140.91,STATIC,81.44,STATIC,22.75,STATIC,102.89,STATIC,116.62,STATIC,140.55,STATIC,174.13,STATIC
104.46666666666667,3130,114.55,STATIC,140.43,STATIC,81.71,STATIC,22.97,STATIC,102.74,STATIC,117.34,STATIC,139.70,STATIC,173.03,STATIC
104.5,3131,115.80,STATIC,140.38,STATIC,81.87,STATIC,22.49,STATIC,102.77,STATIC,118.47,STATIC,138.64,STATIC,171.98,STATIC
104.53333333333335,3132,118.60,STATIC,140.82,STATIC,81.99,STATIC,22.15,STATIC,102.90,STATIC,119.96,STATIC,137.79,STATIC,170.20,STATIC
104.56666666666668,3133,120.08,STATIC,139.98,STATIC,82.10,STATIC,22.31,STATIC,102.88,STATIC,121.45,STATIC,135.91,STATIC,168.80,STATIC
104.60000000000001,3134,120.20,STATIC,139.69,STATIC,82.16,STATIC,21.80,STATIC,102.83,STATIC,123.11,STATIC,133.03,STATIC,167.03,STATIC
104.63333333333334,3135,123.38,STATIC,137.93,STATIC,82.14,STATIC,22.15,STATIC,102.90,STATIC,124.44,STATIC,131.73,STATIC,165.25,STATIC
104.66666666666667,3136,124.42,STATIC,137.56,STATIC,82.18,STATIC,20.26,STATIC,103.12,STATIC,125.60,STATIC,130.68,STATIC,163.70,STATIC
104.7,3137,123.89,STATIC,138.71,STATIC,82.29,STATIC,19.72,STATIC,103.00,STATIC,126.78,STATIC,128.57,STATIC,162.69,STATIC
104.73333333333333,3138,124.16,STATIC,137.95,STATIC,82.32,STATIC,19.85,STATIC,102.89,STATIC,127.67,STATIC,126.13,STATIC,162.03,STATIC
104.76666666666668,3139,127.99,STATIC,138.67,STATIC,82.29,STATIC,19.85,STATIC,102.79,STATIC,129.17,STATIC,123.79,STATIC,160.81,STATIC
104.80000000000001,3140,128.96,STATIC,138.14,STATIC,82.29,STATIC,20.07,STATIC,102.54,STATIC,129.68,STATIC,121.76,STATIC,160.82,STATIC
104.83333333333334,3141,127.77,STATIC,139.13,STATIC,82.21,STATIC,20.27,STATIC,102.37,STATIC,129.78,STATIC,120.44,STATIC,161.55,STATIC
104.86666666666667,3142,126.43,STATIC,139.52,STATIC,82.19,STATIC,20.22,STATIC,102.30,STATIC,130.32,STATIC,118.23,STATIC,161.92,STATIC
104.9,3143,124.76,STATIC,139.24,STATIC,82.25,STATIC,20.55,STATIC,102.20,STATIC,131.40,STATIC,116.10,STATIC,161.79,STATIC
104.93333333333334,3144,123.79,STATIC,139.62,STATIC,82.24,STATIC,20.72,STATIC,102.05,STATIC,131.45,STATIC,114.32,STATIC,162.54,STATIC
104.96666666666667,3145,123.44,STATIC,140.10,STATIC,82.29,STATIC,21.03,STATIC,101.97,STATIC,132.09,STATIC,111.87,STATIC,162.78,STATIC
105.0,3146,122.31,STATIC,140.53,STATIC,82.31,STATIC,21.70,STATIC,101.88,STATIC,132.07,STATIC,110.30,STATIC,163.03,STATIC
105.03333333333335,3147,121.92,STATIC,140.19,STATIC,82.28,STATIC,21.99,STATIC,101.82,STATIC,132.25,STATIC,109.72,STATIC,162.92,STATIC
105.06666666666668,3148,121.32,STATIC,141.09,STATIC,82.24,STATIC,22.77,STATIC,101.78,STATIC,132.47,STATIC,108.75,STATIC,162.22,STATIC
105.10000000000001,3149,120.41,STATIC,140.98,STATIC,82.18,STATIC,24.16,STATIC,101.73,STATIC,132.79,STATIC,108.05,STATIC,161.86,STATIC
105.13333333333334,3150,120.74,STATIC,141.20,STATIC,82.15,STATIC,23.72,STATIC,101.70,STATIC,133.00,STATIC,107.92,STATIC,161.87,STATIC
105.16666666666667,3151,121.34,STATIC,140.67,STATIC,82.18,STATIC,23.54,STATIC,101.63,STATIC,133.59,STATIC,107.32,STATIC,161.49,STATIC
105.2,3152,121.44,STATIC,140.43,STATIC,82.17,STATIC,23.52,STATIC,101.62,STATIC,133.61,STATIC,106.80,STATIC,161.66,STATIC
105.23333333333333,3153,121.59,STATIC,140.68,STATIC,82.19,STATIC,23.03,STATIC,101.46,STATIC,134.25,STATIC,105.69,STATIC,161.13,STATIC
105.26666666666668,3154,121.22,STATIC,140.71,STATIC,82.21,STATIC,23.07,STATIC,101.41,STATIC,134.70,STATIC,104.56,STATIC,160.84,STATIC
105.30000000000001,3155,120.87,STATIC,141.25,STATIC,82.22,STATIC,22.84,STATIC,101.38,STATIC,135.42,STATIC,103.33,STATIC,160.15,STATIC
105.33333333333334,3156,121.13,STATIC,141.37,STATIC,82.23,STATIC,23.07,STATIC,101.33,STATIC,135.92,STATIC,102.56,STATIC,159.43,STATIC
105.36666666666667,3157,119.90,STATIC,141.96,STATIC,82.24,STATIC,23.24,STATIC,101.21,STATIC,136.73,STATIC,101.83,STATIC,158.49,STATIC
105.4,3158,120.36,STATIC,141.80,STATIC,82.28,STATIC,23.54,STATIC,101.16,STATIC,136.98,STATIC,101.18,STATIC,158.26,STATIC
105.43333333333334,3159,122.02,STATIC,141.64,STATIC,82.31,STATIC,23.66,STATIC,101.10,STATIC,137.26,STATIC,100.53,STATIC,157.90,STATIC
105.46666666666667,3160,122.45,STATIC,141.91,STATIC,82.43,STATIC,23.74,STATIC,101.13,STATIC,137.82,STATIC,100.26,STATIC,157.44,STATIC
105.5,3161,123.33,STATIC,142.12,STATIC,82.48,STATIC,24.15,STATIC,101.14,STATIC,138.28,STATIC,99.34,STATIC,157.07,STATIC
105.53333333333335,3162,124.15,STATIC,142.66,STATIC,82.52,STATIC,24.69,STATIC,101.14,STATIC,138.04,STATIC,98.78,STATIC,157.60,STATIC
105.56666666666668,3163,124.71,STATIC,142.05,STATIC,82.53,STATIC,25.16,STATIC,101.17,STATIC,138.01,STATIC,98.25,STATIC,157.70,STATIC
105.60000000000001,3164,124.87,STATIC,142.40,STATIC,82.56,STATIC,25.48,STATIC,101.18,STATIC,136.81,STATIC,98.09,STATIC,158.90,STATIC
105.63333333333334,3165,125.82,STATIC,141.90,STATIC,82.57,STATIC,25.67,STATIC,101.16,STATIC,136.09,STATIC,97.11,STATIC,159.72,STATIC
105.66666666666667,3166,126.18,STATIC,141.87,STATIC,82.56,STATIC,25.76,STATIC,101.20,STATIC,135.60,STATIC,96.30,STATIC,160.46,STATIC
105.7,3167,126.49,STATIC,141.91,STATIC,82.54,STATIC,25.81,STATIC,101.27,STATIC,135.72,STATIC,95.79,STATIC,160.47,STATIC
105.73333333333333,3168,127.20,STATIC,141.71,STATIC,82.43,STATIC,25.52,STATIC,101.28,STATIC,135.79,STATIC,94.96,STATIC,160.71,STATIC
105.76666666666668,3169,127.72,STATIC,142.03,STATIC,82.42,STATIC,25.34,STATIC,101.31,STATIC,135.78,STATIC,94.31,STATIC,160.90,STATIC
105.80000000000001,3170,127.58,STATIC,141.56,STATIC,82.43,STATIC,25.14,STATIC,101.37,STATIC,135.91,STATIC,94.81,STATIC,160.82,STATIC
105.83333333333334,3171,127.48,STATIC,141.55,STATIC,82.45,STATIC,25.08,STATIC,101.36,STATIC,136.03,STATIC,94.86,STATIC,160.72,STATIC
105.86666666666667,3172,127.53,STATIC,141.51,STATIC,82.46,STATIC,25.05,STATIC,101.33,STATIC,135.81,STATIC,94.92,STATIC,161.02,STATIC
105.9,3173,127.77,STATIC,141.66,STATIC,82.47,STATIC,25.03,STATIC,101.25,STATIC,136.10,STATIC,94.19,STATIC,161.03,STATIC
105.93333333333334,3174,127.86,STATIC,141.75,STATIC,82.51,STATIC,25.74,STATIC,101.20,STATIC,135.98,STATIC,93.84,STATIC,161.19,STATIC
105.96666666666667,3175,127.63,STATIC,141.91,STATIC,82.53,STATIC,25.92,STATIC,101.12,STATIC,135.41,STATIC,93.79,STATIC,161.45,STATIC
106.0,3176,127.90,STATIC,142.02,STATIC,82.52,STATIC,25.86,STATIC,101.07,STATIC,135.16,STATIC,94.08,STATIC,161.35,STATIC
106.03333333333335,3177,127.60,STATIC,142.27,STATIC,82.50,STATIC,25.48,STATIC,101.14,STATIC,135.58,STATIC,94.00,STATIC,161.06,STATIC
106.06666666666668,3178,126.84,STATIC,142.57,STATIC,82.46,STATIC,25.66,STATIC,101.24,STATIC,136.37,STATIC,95.17,STATIC,159.90,STATIC
106.10000000000001,3179,125.79,STATIC,143.33,STATIC,82.39,STATIC,24.91,STATIC,101.32,STATIC,137.33,STATIC,96.16,STATIC,158.26,STATIC
106.13333333333334,3180,125.57,STATIC,143.46,STATIC,82.37,STATIC,24.52,STATIC,101.48,STATIC,137.90,STATIC,97.69,STATIC,157.17,STATIC
106.16666666666667,3181,124.56,STATIC,142.61,STATIC,82.33,STATIC,24.18,STATIC,101.68,STATIC,138.88,STATIC,99.01,STATIC,156.47,STATIC
106.2,3182,123.07,STATIC,142.06,STATIC,82.26,STATIC,23.78,STATIC,101.74,STATIC,139.80,STATIC,100.39,STATIC,155.64,STATIC
106.23333333333333,3183,122.63,STATIC,142.04,STATIC,82.21,STATIC,23.49,STATIC,101.65,STATIC,140.56,STATIC,101.18,STATIC,154.41,STATIC
106.26666666666668,3184,122.71,STATIC,142.31,STATIC,82.15,STATIC,24.19,STATIC,101.60,STATIC,140.53,STATIC,102.37,STATIC,153.91,STATIC
106.30000000000001,3185,123.13,STATIC,141.68,STATIC,82.09,STATIC,24.14,STATIC,101.57,STATIC,140.90,STATIC,102.92,STATIC,153.05,STATIC
106.33333333333334,3186,123.68,STATIC,141.87,STATIC,82.06,STATIC,24.31,STATIC,101.55,STATIC,141.41,STATIC,103.65,STATIC,152.09,STATIC
106.36666666666667,3187,123.39,STATIC,142.20,STATIC,82.03,STATIC,25.87,STATIC,101.68,STATIC,141.06,STATIC,105.74,STATIC,152.08,STATIC
106.4,3188,123.63,STATIC,141.79,STATIC,82.02,STATIC,25.77,STATIC,101.90,STATIC,141.60,STATIC,107.62,STATIC,151.04,STATIC
106.43333333333334,3189,123.66,STATIC,141.55,STATIC,82.00,STATIC,25.78,STATIC,102.00,STATIC,142.32,STATIC,108.37,STATIC,149.78,STATIC
106.46666666666667,3190,123.50,STATIC,141.46,STATIC,81.96,STATIC,26.04,STATIC,102.07,STATIC,143.27,STATIC,107.99,STATIC,148.46,STATIC
106.5,3191,123.19,STATIC,142.00,STATIC,81.94,STATIC,25.34,STATIC,102.13,STATIC,144.72,STATIC,107.84,STATIC,147.10,STATIC
106.53333333333335,3192,122.89,STATIC,142.93,STATIC,81.92,STATIC,24.85,STATIC,102.17,STATIC,146.43,STATIC,107.91,STATIC,145.69,STATIC
106.56666666666668,3193,122.20,STATIC,143.58,STATIC,81.98,STATIC,25.25,STATIC,102.19,STATIC,148.28,STATIC,107.61,STATIC,143.78,STATIC
106.60000000000001,3194,121.10,STATIC,144.80,STATIC,82.02,STATIC,25.51,STATIC,102.15,STATIC,149.72,STATIC,107.89,STATIC,141.88,STATIC
106.63333333333334,3195,120.87,STATIC,143.66,STATIC,82.03,STATIC,25.26,STATIC,102.24,STATIC,150.81,STATIC,108.21,STATIC,141.11,STATIC
106.66666666666667,3196,120.01,STATIC,142.91,STATIC,82.06,STATIC,25.49,STATIC,102.27,STATIC,152.42,STATIC,108.81,STATIC,139.80,STATIC
106.7,3197,118.81,STATIC,141.81,STATIC,82.04,STATIC,25.84,STATIC,102.25,STATIC,153.26,STATIC,109.15,STATIC,138.50,STATIC
106.73333333333333,3198,117.52,STATIC,143.62,STATIC,81.93,STATIC,26.28,STATIC,102.41,STATIC,153.43,STATIC,108.43,STATIC,137.13,STATIC
106.76666666666668,3199,116.02,STATIC,145.65,STATIC,81.85,STATIC,28.76,STATIC,102.35,STATIC,153.07,STATIC,107.78,STATIC,135.25,STATIC
106.80000000000001,3200,114.76,STATIC,145.98,STATIC,81.74,STATIC,28.95,STATIC,102.35,STATIC,153.12,STATIC,107.36,STATIC,134.52,STATIC
106.83333333333334,3201,113.81,STATIC,145.83,STATIC,81.58,STATIC,29.29,STATIC,102.40,STATIC,152.90,STATIC,107.13,STATIC,134.48,STATIC
106.86666666666667,3202,113.23,STATIC,144.85,STATIC,81.49,STATIC,28.75,STATIC,102.58,STATIC,152.74,STATIC,107.30,STATIC,133.90,STATIC
106.9,3203,112.49,STATIC,146.05,STATIC,81.27,STATIC,30.13,STATIC,102.74,STATIC,150.72,STATIC,107.12,STATIC,137.39,STATIC
106.93333333333334,3204,111.42,STATIC,146.39,STATIC,81.09,STATIC,31.31,STATIC,102.82,STATIC,149.57,STATIC,107.24,STATIC,137.19,STATIC
106.96666666666667,3205,111.53,STATIC,145.54,STATIC,80.80,STATIC,30.60,STATIC,102.92,STATIC,149.66,STATIC,107.67,STATIC,136.23,STATIC
107.0,3206,111.13,STATIC,146.05,STATIC,80.77,STATIC,30.86,STATIC,103.10,STATIC,149.08,STATIC,107.92,STATIC,138.23,STATIC
107.03333333333335,3207,110.62,STATIC,146.90,STATIC,80.71,STATIC,30.21,STATIC,103.23,STATIC,147.60,STATIC,108.10,STATIC,138.89,STATIC
107.06666666666668,3208,111.66,STATIC,145.12,STATIC,80.26,STATIC,30.17,STATIC,103.33,STATIC,145.41,STATIC,108.15,STATIC,141.35,STATIC
107.10000000000001,3209,111.40,STATIC,146.91,STATIC,80.30,STATIC,29.71,STATIC,103.34,STATIC,143.58,STATIC,108.31,STATIC,143.12,STATIC
107.13333333333334,3210,111.07,STATIC,149.00,STATIC,80.18,STATIC,29.32,STATIC,103.43,STATIC,140.42,STATIC,108.39,STATIC,148.24,EXTENSION
107.16666666666667,3211,110.66,STATIC,151.53,STATIC,80.11,STATIC,28.68,STATIC,103.29,STATIC,137.05,STATIC,107.96,STATIC,150.31,STATIC
107.2,3212,110.69,STATIC,151.46,STATIC,79.88,STATIC,28.61,STATIC,103.22,STATIC,131.41,FLEXION,107.68,STATIC,156.38,EXTENSION
107.23333333333333,3213,110.39,STATIC,151.50,STATIC,79.79,STATIC,28.56,STATIC,103.17,STATIC,125.41,FLEXION,107.81,STATIC,162.86,EXTENSION
107.26666666666668,3214,109.85,STATIC,152.10,STATIC,79.65,STATIC,29.12,STATIC,103.22,STATIC,122.41,STATIC,108.28,STATIC,166.04,STATIC
107.30000000000001,3215,110.43,STATIC,151.45,STATIC,79.25,STATIC,30.21,STATIC,103.03,STATIC,120.25,STATIC,108.98,STATIC,169.74,STATIC
107.33333333333334,3216,109.35,STATIC,151.21,STATIC,79.51,STATIC,31.20,STATIC,102.68,STATIC,118.50,STATIC,109.92,STATIC,172.34,STATIC
107.36666666666667,3217,107.49,STATIC,145.50,FLEXION,79.27,STATIC,31.05,STATIC,102.51,STATIC,117.13,STATIC,110.85,STATIC,174.36,STATIC
107.4,3218,104.55,STATIC,144.79,STATIC,79.49,STATIC,29.37,STATIC,102.24,STATIC,115.50,STATIC,111.28,STATIC,176.10,STATIC
107.43333333333334,3219,102.41,STATIC,145.89,STATIC,79.73,STATIC,23.63,FLEXION,101.90,STATIC,115.36,STATIC,112.58,STATIC,176.53,STATIC
107.46666666666667,3220,101.26,STATIC,144.87,STATIC,80.04,STATIC,21.15,STATIC,101.57,STATIC,115.08,STATIC,113.48,STATIC,176.57,STATIC
107.5,3221,101.22,STATIC,145.79,STATIC,80.35,STATIC,23.05,STATIC,101.36,STATIC,114.45,STATIC,114.09,STATIC,177.05,STATIC
107.53333333333335,3222,100.73,STATIC,145.81,STATIC,80.56,STATIC,24.93,STATIC,100.76,STATIC,114.04,STATIC,113.25,STATIC,177.40,STATIC
107.56666666666668,3223,100.63,STATIC,146.83,STATIC,80.74,STATIC,24.78,STATIC,100.63,STATIC,114.80,STATIC,114.56,STATIC,177.07,STATIC
107.60000000000001,3224,100.95,STATIC,147.29,STATIC,81.02,STATIC,24.19,STATIC,100.30,STATIC,115.05,STATIC,116.22,STATIC,176.96,STATIC
107.63333333333334,3225,101.47,STATIC,146.37,STATIC,81.32,STATIC,25.01,STATIC,100.23,STATIC,114.51,STATIC,117.10,STATIC,177.03,STATIC
107.66666666666667,3226,102.30,STATIC,145.03,STATIC,81.03,STATIC,24.16,STATIC,100.11,STATIC,114.51,STATIC,117.80,STATIC,177.03,STATIC
107.7,3227,101.68,STATIC,144.87,STATIC,81.50,STATIC,23.74,STATIC,100.12,STATIC,115.18,STATIC,119.84,STATIC,176.55,STATIC
107.73333333333333,3228,101.31,STATIC,144.88,STATIC,81.84,STATIC,24.92,STATIC,100.10,STATIC,115.60,STATIC,121.63,STATIC,176.39,STATIC
107.76666666666668,3229,101.65,STATIC,145.34,STATIC,82.03,STATIC,27.03,STATIC,100.09,STATIC,115.39,STATIC,124.27,STATIC,176.64,STATIC
107.80000000000001,3230,100.70,STATIC,144.37,STATIC,82.22,STATIC,28.99,STATIC,99.98,STATIC,115.59,STATIC,125.41,STATIC,176.67,STATIC
107.83333333333334,3231,99.57,STATIC,143.64,STATIC,82.36,STATIC,29.95,STATIC,100.04,STATIC,116.17,STATIC,127.75,STATIC,176.69,STATIC
107.86666666666667,3232,99.12,STATIC,143.20,STATIC,82.48,STATIC,29.66,STATIC,100.07,STATIC,116.56,STATIC,130.32,STATIC,176.76,STATIC
107.9,3233,98.80,STATIC,142.97,STATIC,82.61,STATIC,29.64,STATIC,100.27,STATIC,117.42,STATIC,132.27,STATIC,176.73,STATIC
107.93333333333334,3234,99.58,STATIC,143.47,STATIC,82.71,STATIC,29.45,STATIC,100.34,STATIC,117.93,STATIC,133.98,STATIC,177.01,STATIC
107.96666666666667,3235,100.31,STATIC,145.27,STATIC,82.72,STATIC,28.61,STATIC,100.38,STATIC,118.57,STATIC,134.42,STATIC,176.80,STATIC
108.0,3236,100.51,STATIC,146.87,STATIC,82.71,STATIC,28.48,STATIC,100.57,STATIC,119.06,STATIC,133.17,STATIC,176.25,STATIC
108.03333333333335,3237,99.30,STATIC,147.99,STATIC,82.76,STATIC,27.91,STATIC,100.94,STATIC,120.16,STATIC,134.21,STATIC,174.68,STATIC
108.06666666666668,3238,97.10,STATIC,150.26,STATIC,82.88,STATIC,27.40,STATIC,101.05,STATIC,121.87,STATIC,133.65,STATIC,175.40,STATIC
108.10000000000001,3239,93.98,STATIC,150.61,STATIC,82.96,STATIC,26.44,STATIC,101.01,STATIC,123.48,STATIC,131.50,STATIC,173.54,STATIC
108.13333333333334,3240,89.80,STATIC,150.81,STATIC,82.88,STATIC,26.49,STATIC,100.94,STATIC,124.92,STATIC,128.42,STATIC,171.78,STATIC
108.16666666666667,3241,86.62,STATIC,149.58,STATIC,82.27,STATIC,26.58,STATIC,100.88,STATIC,124.33,STATIC,126.18,STATIC,172.34,STATIC
108.2,3242,83.90,STATIC,150.95,STATIC,82.26,STATIC,25.55,STATIC,100.88,STATIC,126.08,STATIC,121.77,STATIC,169.98,STATIC
108.23333333333333,3243,82.24,STATIC,150.25,STATIC,82.24,STATIC,27.94,STATIC,100.81,STATIC,126.46,STATIC,118.78,STATIC,167.68,STATIC
108.26666666666668,3244,81.62,STATIC,151.29,STATIC,82.17,STATIC,26.87,STATIC,100.87,STATIC,127.39,STATIC,116.36,STATIC,165.92,STATIC
108.30000000000001,3245,79.79,STATIC,151.48,STATIC,82.01,STATIC,26.98,STATIC,100.96,STATIC,127.99,STATIC,114.51,STATIC,164.55,STATIC
108.33333333333334,3246,78.16,STATIC,151.04,STATIC,81.87,STATIC,29.06,STATIC,100.98,STATIC,127.85,STATIC,113.53,STATIC,164.56,STATIC
108.36666666666667,3247,76.57,STATIC,151.55,STATIC,81.79,STATIC,29.59,STATIC,100.95,STATIC,128.34,STATIC,111.51,STATIC,163.68,STATIC
108.4,3248,75.27,STATIC,147.14,STATIC,81.76,STATIC,30.39,STATIC,100.92,STATIC,128.74,STATIC,110.70,STATIC,162.82,STATIC
108.43333333333334,3249,74.94,STATIC,149.94,STATIC,81.84,STATIC,26.90,STATIC,100.82,STATIC,130.55,STATIC,110.01,STATIC,160.96,STATIC
108.46666666666667,3250,75.68,STATIC,148.41,STATIC,81.93,STATIC,24.91,STATIC,100.73,STATIC,132.47,STATIC,108.74,STATIC,158.89,STATIC
108.5,3251,76.71,STATIC,148.00,STATIC,81.94,STATIC,24.73,STATIC,100.74,STATIC,134.13,STATIC,106.92,STATIC,157.04,STATIC
108.53333333333335,3252,76.90,STATIC,148.39,STATIC,81.95,STATIC,24.39,STATIC,100.74,STATIC,135.64,STATIC,104.25,STATIC,155.50,STATIC
108.56666666666668,3253,77.90,STATIC,148.91,STATIC,81.97,STATIC,22.84,STATIC,100.83,STATIC,138.13,STATIC,100.67,STATIC,153.38,STATIC
108.60000000000001,3254,78.99,STATIC,145.30,STATIC,82.04,STATIC,24.24,STATIC,100.76,STATIC,140.67,STATIC,97.57,STATIC,151.80,STATIC
108.63333333333334,3255,80.24,STATIC,143.42,STATIC,82.08,STATIC,24.99,STATIC,100.83,STATIC,142.64,STATIC,95.82,STATIC,151.49,STATIC
108.66666666666667,3256,81.53,STATIC,143.19,STATIC,82.13,STATIC,25.23,STATIC,100.87,STATIC,145.02,STATIC,93.42,STATIC,149.67,STATIC
108.7,3257,83.20,STATIC,142.91,STATIC,82.25,STATIC,24.78,STATIC,100.91,STATIC,147.08,STATIC,92.39,STATIC,148.32,STATIC
108.73333333333333,3258,84.34,STATIC,141.75,STATIC,82.32,STATIC,25.37,STATIC,101.02,STATIC,149.00,STATIC,91.10,STATIC,147.33,STATIC
108.76666666666668,3259,85.24,STATIC,142.55,STATIC,82.44,STATIC,26.18,STATIC,100.94,STATIC,150.76,STATIC,90.31,STATIC,146.11,STATIC
108.80000000000001,3260,86.22,STATIC,143.23,STATIC,82.53,STATIC,26.82,STATIC,100.95,STATIC,152.21,STATIC,89.45,STATIC,144.73,STATIC
108.83333333333334,3261,87.18,STATIC,143.99,STATIC,82.65,STATIC,26.97,STATIC,100.96,STATIC,153.35,STATIC,87.65,STATIC,143.35,STATIC
108.86666666666667,3262,88.44,STATIC,144.30,STATIC,82.71,STATIC,27.14,STATIC,100.91,STATIC,154.38,STATIC,86.68,STATIC,141.33,STATIC
108.9,3263,89.05,STATIC,146.22,STATIC,82.77,STATIC,27.64,STATIC,100.85,STATIC,155.74,STATIC,85.48,STATIC,140.40,STATIC
108.93333333333334,3264,88.93,STATIC,148.43,STATIC,82.76,STATIC,29.70,STATIC,100.86,STATIC,156.69,STATIC,84.68,STATIC,138.97,STATIC
108.96666666666667,3265,87.67,STATIC,149.05,STATIC,82.67,STATIC,32.33,STATIC,100.77,STATIC,157.12,STATIC,83.74,STATIC,137.93,STATIC
109.0,3266,86.45,STATIC,150.06,STATIC,82.62,STATIC,32.96,STATIC,100.70,STATIC,157.44,STATIC,82.95,STATIC,136.66,STATIC
109.03333333333335,3267,85.29,STATIC,151.30,STATIC,82.61,STATIC,31.58,STATIC,100.65,STATIC,158.17,STATIC,82.33,STATIC,135.17,STATIC
109.06666666666668,3268,84.40,STATIC,152.04,STATIC,82.58,STATIC,32.09,STATIC,100.60,STATIC,158.57,STATIC,82.29,STATIC,134.11,STATIC
109.10000000000001,3269,84.37,STATIC,148.91,STATIC,82.53,STATIC,32.61,STATIC,100.52,STATIC,159.27,STATIC,82.22,STATIC,133.66,STATIC
109.13333333333334,3270,84.74,STATIC,147.51,STATIC,82.43,STATIC,32.90,STATIC,100.50,STATIC,159.56,STATIC,83.14,STATIC,134.07,STATIC
109.16666666666667,3271,85.01,STATIC,149.09,STATIC,82.35,STATIC,32.20,STATIC,100.60,STATIC,159.47,STATIC,83.48,STATIC,134.57,STATIC
109.2,3272,85.71,STATIC,150.26,STATIC,82.27,STATIC,30.94,STATIC,100.81,STATIC,158.67,STATIC,83.34,STATIC,135.67,STATIC
109.23333333333333,3273,86.46,STATIC,151.66,STATIC,82.16,STATIC,30.06,STATIC,100.94,STATIC,157.08,STATIC,83.64,STATIC,137.71,STATIC
109.26666666666668,3274,86.97,STATIC,152.10,STATIC,82.03,STATIC,30.09,STATIC,101.03,STATIC,154.29,STATIC,84.06,STATIC,141.19,STATIC
109.30000000000001,3275,87.42,STATIC,151.60,STATIC,81.91,STATIC,30.39,STATIC,101.06,STATIC,149.91,STATIC,84.59,STATIC,146.59,EXTENSION
109.33333333333334,3276,87.64,STATIC,150.12,STATIC,81.85,STATIC,31.24,STATIC,101.04,STATIC,147.11,STATIC,84.35,STATIC,150.48,STATIC
109.36666666666667,3277,87.53,STATIC,149.66,STATIC,81.84,STATIC,31.62,STATIC,100.96,STATIC,144.34,STATIC,84.67,STATIC,155.75,EXTENSION
109.4,3278,87.37,STATIC,149.62,STATIC,81.88,STATIC,31.39,STATIC,100.87,STATIC,142.06,STATIC,84.04,STATIC,159.31,STATIC
109.43333333333334,3279,87.36,STATIC,149.22,STATIC,81.90,STATIC,31.49,STATIC,100.80,STATIC,137.79,STATIC,84.14,STATIC,164.56,EXTENSION
109.46666666666667,3280,87.57,STATIC,148.52,STATIC,81.92,STATIC,31.45,STATIC,100.79,STATIC,132.89,STATIC,84.34,STATIC,170.36,EXTENSION
109.5,3281,88.13,STATIC,147.42,STATIC,81.96,STATIC,31.49,STATIC,100.81,STATIC,129.28,STATIC,84.86,STATIC,172.66,STATIC
109.53333333333335,3282,88.83,STATIC,146.21,STATIC,81.92,STATIC,31.63,STATIC,100.92,STATIC,126.23,STATIC,85.23,STATIC,172.23,STATIC
109.56666666666668,3283,89.19,STATIC,145.65,STATIC,81.94,STATIC,31.75,STATIC,100.86,STATIC,123.69,STATIC,84.89,STATIC,167.42,STATIC
109.60000000000001,3284,89.81,STATIC,144.64,STATIC,82.00,STATIC,32.13,STATIC,100.81,STATIC,122.07,STATIC,84.18,STATIC,162.23,FLEXION
109.63333333333334,3285,90.70,STATIC,144.15,STATIC,82.02,STATIC,32.39,STATIC,100.77,STATIC,120.61,STATIC,83.62,STATIC,156.62,FLEXION
109.66666666666667,3286,91.54,STATIC,143.80,STATIC,82.06,STATIC,32.38,STATIC,100.73,STATIC,120.51,STATIC,82.24,STATIC,155.09,STATIC
109.7,3287,91.80,STATIC,143.38,STATIC,82.11,STATIC,32.63,STATIC,100.68,STATIC,120.38,STATIC,81.41,STATIC,153.06,STATIC
109.73333333333333,3288,92.34,STATIC,143.51,STATIC,82.13,STATIC,32.67,STATIC,100.65,STATIC,120.04,STATIC,80.85,STATIC,150.87,STATIC
109.76666666666668,3289,92.51,STATIC,145.58,STATIC,82.15,STATIC,33.09,STATIC,100.58,STATIC,118.98,STATIC,81.16,STATIC,146.45,STATIC
109.80000000000001,3290,92.11,STATIC,147.06,STATIC,82.20,STATIC,33.46,STATIC,100.52,STATIC,118.39,STATIC,81.35,STATIC,142.15,STATIC
109.83333333333334,3291,91.67,STATIC,147.57,STATIC,82.26,STATIC,33.59,STATIC,100.48,STATIC,118.47,STATIC,81.00,STATIC,139.79,STATIC
109.86666666666667,3292,91.54,STATIC,147.69,STATIC,82.29,STATIC,33.53,STATIC,100.45,STATIC,118.50,STATIC,80.69,STATIC,137.97,STATIC
109.9,3293,91.45,STATIC,147.65,STATIC,82.33,STATIC,33.81,STATIC,100.45,STATIC,119.07,STATIC,80.11,STATIC,138.25,STATIC
109.93333333333334,3294,90.90,STATIC,149.59,STATIC,82.38,STATIC,34.77,STATIC,100.41,STATIC,119.81,STATIC,79.57,STATIC,138.07,STATIC
109.96666666666667,3295,90.08,STATIC,151.62,STATIC,82.40,STATIC,34.49,STATIC,100.35,STATIC,120.40,STATIC,79.37,STATIC,137.72,STATIC
110.0,3296,89.49,STATIC,152.53,STATIC,82.40,STATIC,34.33,STATIC,100.31,STATIC,120.46,STATIC,79.74,STATIC,136.09,STATIC
110.03333333333335,3297,89.29,STATIC,153.05,STATIC,82.38,STATIC,33.84,STATIC,100.29,STATIC,119.91,STATIC,80.13,STATIC,133.79,STATIC
110.06666666666668,3298,88.79,STATIC,152.83,STATIC,82.39,STATIC,34.13,STATIC,100.27,STATIC,119.92,STATIC,80.66,STATIC,132.43,STATIC
110.10000000000001,3299,88.76,STATIC,153.69,STATIC,82.40,STATIC,33.87,STATIC,100.23,STATIC,119.81,STATIC,80.88,STATIC,131.23,STATIC
110.13333333333334,3300,88.41,STATIC,154.58,STATIC,82.39,STATIC,33.94,STATIC,100.23,STATIC,119.54,STATIC,81.58,STATIC,130.55,STATIC
110.16666666666667,3301,88.25,STATIC,154.78,STATIC,82.39,STATIC,33.99,STATIC,100.20,STATIC,119.40,STATIC,82.06,STATIC,130.59,STATIC
110.2,3302,87.84,STATIC,154.93,STATIC,82.37,STATIC,34.08,STATIC,100.19,STATIC,119.41,STATIC,82.33,STATIC,130.44,STATIC
110.23333333333333,3303,87.32,STATIC,154.93,STATIC,82.39,STATIC,34.24,STATIC,100.15,STATIC,119.87,STATIC,82.79,STATIC,132.44,STATIC
110.26666666666668,3304,86.95,STATIC,154.29,STATIC,82.42,STATIC,34.30,STATIC,100.09,STATIC,119.73,STATIC,82.95,STATIC,133.29,STATIC
110.30000000000001,3305,86.75,STATIC,154.52,STATIC,82.43,STATIC,33.69,STATIC,100.04,STATIC,119.11,STATIC,83.17,STATIC,131.71,STATIC
110.33333333333334,3306,86.40,STATIC,154.25,STATIC,82.45,STATIC,33.62,STATIC,99.99,STATIC,118.75,STATIC,83.46,STATIC,131.46,STATIC
110.36666666666667,3307,86.20,STATIC,153.38,STATIC,82.46,STATIC,33.49,STATIC,99.96,STATIC,118.43,STATIC,83.52,STATIC,131.53,STATIC
110.4,3308,86.01,STATIC,152.96,STATIC,82.49,STATIC,33.50,STATIC,99.92,STATIC,118.34,STATIC,83.40,STATIC,130.97,STATIC
110.43333333333334,3309,85.84,STATIC,152.42,STATIC,82.51,STATIC,33.47,STATIC,99.87,STATIC,117.95,STATIC,83.36,STATIC,129.29,STATIC
110.46666666666667,3310,85.54,STATIC,151.92,STATIC,82.55,STATIC,33.66,STATIC,99.84,STATIC,118.22,STATIC,83.09,STATIC,128.94,STATIC
110.5,3311,85.20,STATIC,151.79,STATIC,82.58,STATIC,33.57,STATIC,99.81,STATIC,118.67,STATIC,82.58,STATIC,130.27,STATIC
110.53333333333335,3312,84.98,STATIC,151.04,STATIC,82.59,STATIC,33.68,STATIC,99.79,STATIC,118.69,STATIC,82.38,STATIC,130.12,STATIC
110.56666666666668,3313,84.73,STATIC,150.56,STATIC,82.62,STATIC,33.66,STATIC,99.77,STATIC,118.90,STATIC,81.68,STATIC,130.63,STATIC
110.60000000000001,3314,84.64,STATIC,150.31,STATIC,82.62,STATIC,33.67,STATIC,99.75,STATIC,118.76,STATIC,81.70,STATIC,130.81,STATIC
110.63333333333334,3315,84.48,STATIC,150.22,STATIC,82.65,STATIC,33.52,STATIC,99.72,STATIC,119.15,STATIC,81.27,STATIC,131.09,STATIC
110.66666666666667,3316,84.31,STATIC,150.10,STATIC,82.65,STATIC,33.48,STATIC,99.72,STATIC,119.30,STATIC,81.06,STATIC,131.55,STATIC
110.7,3317,84.13,STATIC,149.85,STATIC,82.62,STATIC,33.59,STATIC,99.75,STATIC,118.91,STATIC,81.46,STATIC,132.00,STATIC
110.73333333333333,3318,83.95,STATIC,149.84,STATIC,82.60,STATIC,33.57,STATIC,99.76,STATIC,118.81,STATIC,81.74,STATIC,133.78,STATIC
110.76666666666668,3319,83.82,STATIC,149.64,STATIC,82.61,STATIC,33.54,STATIC,99.75,STATIC,118.72,STATIC,81.69,STATIC,134.65,STATIC
110.80000000000001,3320,83.67,STATIC,149.64,STATIC,82.64,STATIC,33.58,STATIC,99.73,STATIC,118.93,STATIC,81.43,STATIC,134.68,STATIC
110.83333333333334,3321,83.64,STATIC,149.64,STATIC,82.66,STATIC,33.66,STATIC,99.70,STATIC,118.63,STATIC,81.40,STATIC,134.10,STATIC
110.86666666666667,3322,83.46,STATIC,149.98,STATIC,82.66,STATIC,33.65,STATIC,99.66,STATIC,118.68,STATIC,81.41,STATIC,135.47,STATIC
110.9,3323,83.26,STATIC,151.55,STATIC,82.68,STATIC,32.75,STATIC,99.66,STATIC,119.32,STATIC,81.26,STATIC,138.14,STATIC
110.93333333333334,3324,83.13,STATIC,151.75,STATIC,82.69,STATIC,32.48,STATIC,99.66,STATIC,119.90,STATIC,81.26,STATIC,139.73,STATIC
110.96666666666667,3325,83.36,STATIC,152.79,STATIC,82.71,STATIC,31.23,STATIC,99.66,STATIC,120.29,STATIC,80.87,STATIC,140.95,STATIC
111.00000000000001,3326,83.61,STATIC,153.11,STATIC,82.73,STATIC,31.02,STATIC,99.68,STATIC,120.69,STATIC,80.36,STATIC,142.46,STATIC
111.03333333333335,3327,83.84,STATIC,152.99,STATIC,82.73,STATIC,31.32,STATIC,99.67,STATIC,120.84,STATIC,80.34,STATIC,143.18,STATIC
111.06666666666668,3328,83.77,STATIC,153.75,STATIC,82.74,STATIC,31.33,STATIC,99.67,STATIC,121.13,STATIC,80.11,STATIC,143.73,STATIC
111.10000000000001,3329,83.65,STATIC,154.87,STATIC,82.75,STATIC,31.29,STATIC,99.64,STATIC,121.14,STATIC,80.01,STATIC,143.63,STATIC
111.13333333333334,3330,83.82,STATIC,155.76,STATIC,82.77,STATIC,31.18,STATIC,99.60,STATIC,120.67,STATIC,79.93,STATIC,142.66,STATIC
111.16666666666667,3331,83.50,STATIC,155.42,STATIC,82.79,STATIC,32.16,STATIC,99.57,STATIC,120.96,STATIC,79.68,STATIC,142.84,STATIC
111.2,3332,83.60,STATIC,155.03,STATIC,82.81,STATIC,32.26,STATIC,99.57,STATIC,121.35,STATIC,79.22,STATIC,143.43,STATIC
111.23333333333333,3333,83.50,STATIC,154.68,STATIC,82.82,STATIC,32.33,STATIC,99.57,STATIC,121.76,STATIC,78.51,STATIC,142.56,STATIC
111.26666666666668,3334,83.15,STATIC,154.52,STATIC,82.82,STATIC,32.41,STATIC,99.57,STATIC,121.98,STATIC,78.18,STATIC,142.93,STATIC
111.30000000000001,3335,82.60,STATIC,154.46,STATIC,82.82,STATIC,33.32,STATIC,99.57,STATIC,121.89,STATIC,77.96,STATIC,143.37,STATIC
111.33333333333334,3336,82.09,STATIC,154.53,STATIC,82.82,STATIC,33.28,STATIC,99.58,STATIC,122.14,STATIC,77.62,STATIC,144.53,STATIC
111.36666666666667,3337,81.48,STATIC,154.18,STATIC,82.85,STATIC,34.00,STATIC,99.57,STATIC,122.29,STATIC,77.39,STATIC,144.26,STATIC
111.4,3338,80.76,STATIC,154.05,STATIC,82.86,STATIC,34.05,STATIC,99.56,STATIC,122.87,STATIC,77.07,STATIC,145.83,STATIC
111.43333333333334,3339,80.19,STATIC,153.78,STATIC,82.89,STATIC,34.21,STATIC,99.57,STATIC,123.27,STATIC,76.81,STATIC,146.05,STATIC
111.46666666666667,3340,79.78,STATIC,153.47,STATIC,82.89,STATIC,34.21,STATIC,99.56,STATIC,123.66,STATIC,76.62,STATIC,147.27,STATIC
111.50000000000001,3341,79.05,STATIC,153.31,STATIC,82.89,STATIC,35.06,STATIC,99.58,STATIC,124.14,STATIC,76.73,STATIC,148.48,STATIC
111.53333333333335,3342,78.50,STATIC,153.08,STATIC,82.89,STATIC,34.77,STATIC,99.58,STATIC,125.00,STATIC,76.72,STATIC,149.86,STATIC
111.56666666666668,3343,77.82,STATIC,153.22,STATIC,82.89,STATIC,34.65,STATIC,99.55,STATIC,125.49,STATIC,76.76,STATIC,151.04,STATIC
111.60000000000001,3344,77.06,STATIC,153.18,STATIC,82.90,STATIC,34.50,STATIC,99.57,STATIC,126.50,STATIC,76.18,STATIC,151.44,STATIC
111.63333333333334,3345,76.53,STATIC,152.96,STATIC,82.92,STATIC,34.49,STATIC,99.61,STATIC,127.60,STATIC,75.27,STATIC,151.38,STATIC
111.66666666666667,3346,76.02,STATIC,152.58,STATIC,82.92,STATIC,35.16,STATIC,99.64,STATIC,127.93,STATIC,75.23,STATIC,150.14,STATIC
111.7,3347,75.39,STATIC,152.98,STATIC,82.93,STATIC,35.05,STATIC,99.69,STATIC,128.84,STATIC,74.69,STATIC,150.69,STATIC
111.73333333333333,3348,75.24,STATIC,153.18,STATIC,82.94,STATIC,34.85,STATIC,99.69,STATIC,129.12,STATIC,74.51,STATIC,150.65,STATIC
111.76666666666668,3349,75.01,STATIC,152.82,STATIC,82.96,STATIC,34.64,STATIC,99.71,STATIC,129.65,STATIC,74.13,STATIC,150.85,STATIC
111.80000000000001,3350,74.98,STATIC,152.71,STATIC,82.98,STATIC,34.14,STATIC,99.72,STATIC,130.17,STATIC,73.13,STATIC,150.85,STATIC
111.83333333333334,3351,75.12,STATIC,152.60,STATIC,82.99,STATIC,34.27,STATIC,99.72,STATIC,129.85,STATIC,72.97,STATIC,148.54,STATIC
111.86666666666667,3352,75.37,STATIC,152.60,STATIC,83.00,STATIC,34.48,STATIC,99.70,STATIC,129.21,STATIC,72.88,STATIC,146.30,STATIC
111.9,3353,75.52,STATIC,152.34,STATIC,83.01,STATIC,34.80,STATIC,99.68,STATIC,128.78,STATIC,73.49,STATIC,145.02,STATIC
111.93333333333334,3354,75.50,STATIC,152.12,STATIC,82.99,STATIC,35.02,STATIC,99.68,STATIC,128.02,STATIC,73.90,STATIC,142.65,STATIC
111.96666666666667,3355,75.42,STATIC,152.13,STATIC,82.98,STATIC,35.29,STATIC,99.66,STATIC,127.06,STATIC,74.55,STATIC,140.24,STATIC
112.00000000000001,3356,75.15,STATIC,152.16,STATIC,82.97,STATIC,36.32,STATIC,99.69,STATIC,126.82,STATIC,75.08,STATIC,138.13,STATIC
112.03333333333335,3357,75.09,STATIC,152.25,STATIC,82.95,STATIC,36.72,STATIC,99.72,STATIC,126.49,STATIC,75.63,STATIC,135.93,STATIC
112.06666666666668,3358,74.30,STATIC,152.54,STATIC,82.92,STATIC,36.94,STATIC,99.71,STATIC,125.76,STATIC,76.02,STATIC,133.63,STATIC
112.10000000000001,3359,73.31,STATIC,152.79,STATIC,82.92,STATIC,36.68,STATIC,99.70,STATIC,125.57,STATIC,76.32,STATIC,132.32,STATIC
112.13333333333334,3360,71.94,STATIC,153.20,STATIC,82.91,STATIC,36.61,STATIC,99.74,STATIC,126.00,STATIC,76.47,STATIC,131.73,STATIC
112.16666666666667,3361,70.47,STATIC,153.70,STATIC,82.90,STATIC,36.53,STATIC,99.76,STATIC,126.33,STATIC,76.59,STATIC,131.63,STATIC
112.2,3362,68.61,STATIC,154.44,STATIC,82.90,STATIC,36.83,STATIC,99.79,STATIC,126.55,STATIC,76.74,STATIC,131.34,STATIC
112.23333333333333,3363,66.80,STATIC,154.91,STATIC,82.89,STATIC,36.86,STATIC,99.82,STATIC,126.76,STATIC,77.09,STATIC,131.20,STATIC
112.26666666666668,3364,65.15,STATIC,155.44,STATIC,82.89,STATIC,36.85,STATIC,99.84,STATIC,127.09,STATIC,77.52,STATIC,131.10,STATIC
112.30000000000001,3365,63.76,STATIC,155.81,STATIC,82.91,STATIC,36.39,STATIC,99.84,STATIC,127.37,STATIC,77.77,STATIC,131.14,STATIC
112.33333333333334,3366,62.35,STATIC,156.45,STATIC,82.92,STATIC,36.36,STATIC,99.87,STATIC,127.80,STATIC,77.64,STATIC,130.81,STATIC
112.36666666666667,3367,59.39,STATIC,157.92,STATIC,82.91,STATIC,36.04,STATIC,99.95,STATIC,128.60,STATIC,77.87,STATIC,132.01,STATIC
112.4,3368,56.00,STATIC,159.37,STATIC,82.89,STATIC,35.43,STATIC,100.05,STATIC,129.53,STATIC,78.03,STATIC,133.66,STATIC
112.43333333333334,3369,53.24,STATIC,160.01,STATIC,82.85,STATIC,35.63,STATIC,100.22,STATIC,130.64,STATIC,78.26,STATIC,134.83,STATIC
112.46666666666667,3370,50.96,STATIC,159.92,STATIC,82.85,STATIC,35.60,STATIC,100.24,STATIC,131.62,STATIC,78.03,STATIC,137.24,STATIC
112.50000000000001,3371,49.11,STATIC,159.26,STATIC,82.87,STATIC,35.90,STATIC,100.18,STATIC,132.00,STATIC,78.48,STATIC,138.69,STATIC
112.53333333333335,3372,47.79,STATIC,159.72,STATIC,82.86,STATIC,35.51,STATIC,100.14,STATIC,132.14,STATIC,79.42,STATIC,140.81,STATIC
112.56666666666668,3373,46.02,STATIC,161.17,STATIC,82.84,STATIC,34.62,STATIC,100.16,STATIC,132.61,STATIC,79.97,STATIC,143.18,STATIC
112.60000000000001,3374,43.98,STATIC,161.62,STATIC,82.82,STATIC,34.40,STATIC,100.16,STATIC,132.41,STATIC,80.64,STATIC,143.39,STATIC
112.63333333333334,3375,41.96,STATIC,161.69,STATIC,82.82,STATIC,35.49,STATIC,100.15,STATIC,131.18,STATIC,81.81,STATIC,141.10,STATIC
112.66666666666667,3376,40.57,STATIC,161.60,STATIC,82.81,STATIC,35.58,STATIC,100.10,STATIC,130.21,STATIC,82.25,STATIC,139.44,STATIC
112.7,3377,39.24,STATIC,161.13,STATIC,82.81,STATIC,35.62,STATIC,100.12,STATIC,130.73,STATIC,81.88,STATIC,139.14,STATIC
112.73333333333333,3378,38.11,STATIC,161.74,STATIC,82.82,STATIC,34.99,STATIC,100.16,STATIC,131.11,STATIC,81.42,STATIC,138.45,STATIC
112.76666666666668,3379,36.66,STATIC,161.74,STATIC,82.81,STATIC,35.03,STATIC,100.16,STATIC,131.43,STATIC,81.20,STATIC,138.55,STATIC
112.80000000000001,3380,35.38,STATIC,161.98,STATIC,82.79,STATIC,35.14,STATIC,100.18,STATIC,132.06,STATIC,81.36,STATIC,139.74,STATIC
112.83333333333334,3381,34.02,STATIC,162.82,STATIC,82.76,STATIC,34.99,STATIC,100.32,STATIC,133.43,STATIC,81.16,STATIC,142.00,STATIC
112.86666666666667,3382,33.04,STATIC,163.54,STATIC,82.73,STATIC,34.35,STATIC,100.47,STATIC,135.10,STATIC,81.68,STATIC,144.74,STATIC
112.9,3383,31.96,STATIC,164.34,STATIC,82.70,STATIC,33.86,STATIC,100.60,STATIC,136.60,STATIC,81.82,STATIC,147.11,STATIC
112.93333333333334,3384,30.07,STATIC,164.64,STATIC,82.69,STATIC,33.99,STATIC,100.77,STATIC,138.68,STATIC,82.50,STATIC,150.10,STATIC
112.96666666666667,3385,28.60,STATIC,165.80,STATIC,82.70,STATIC,34.09,STATIC,100.77,STATIC,139.55,STATIC,83.51,STATIC,152.72,STATIC
113.00000000000001,3386,27.35,STATIC,166.16,STATIC,82.69,STATIC,35.41,STATIC,100.79,STATIC,140.12,STATIC,84.85,STATIC,154.47,STATIC
113.03333333333335,3387,25.98,STATIC,166.32,STATIC,82.68,STATIC,36.04,STATIC,100.98,STATIC,141.81,STATIC,86.77,STATIC,156.92,STATIC
113.06666666666668,3388,24.84,STATIC,166.28,STATIC,82.66,STATIC,35.95,STATIC,101.18,STATIC,142.92,STATIC,88.34,STATIC,158.35,STATIC
113.10000000000001,3389,23.80,STATIC,166.20,STATIC,82.60,STATIC,36.00,STATIC,101.49,STATIC,144.39,STATIC,90.04,STATIC,160.34,STATIC
113.13333333333334,3390,22.97,STATIC,166.83,STATIC,82.54,STATIC,35.43,STATIC,101.61,STATIC,145.38,STATIC,91.80,STATIC,161.52,STATIC
113.16666666666667,3391,22.15,STATIC,167.03,STATIC,82.52,STATIC,35.68,STATIC,101.63,STATIC,146.54,STATIC,92.95,STATIC,162.67,STATIC
113.2,3392,21.57,STATIC,167.79,STATIC,82.51,STATIC,35.15,STATIC,101.78,STATIC,148.11,STATIC,95.07,STATIC,163.93,STATIC
113.23333333333333,3393,21.06,STATIC,168.02,STATIC,82.49,STATIC,35.24,STATIC,101.92,STATIC,149.61,STATIC,96.96,STATIC,165.14,STATIC
113.26666666666668,3394,20.56,STATIC,168.28,STATIC,82.46,STATIC,35.31,STATIC,102.03,STATIC,150.83,STATIC,98.22,STATIC,166.74,STATIC
113.30000000000001,3395,20.02,STATIC,168.65,STATIC,82.43,STATIC,35.60,STATIC,102.12,STATIC,152.12,STATIC,99.85,STATIC,167.67,STATIC
113.33333333333334,3396,19.56,STATIC,168.75,STATIC,82.39,STATIC,35.91,STATIC,102.26,STATIC,153.19,STATIC,101.77,STATIC,168.26,STATIC
113.36666666666667,3397,19.18,STATIC,168.94,STATIC,82.34,STATIC,36.35,STATIC,102.35,STATIC,153.41,STATIC,102.80,STATIC,168.34,STATIC
113.4,3398,18.69,STATIC,169.17,STATIC,82.26,STATIC,36.95,STATIC,102.52,STATIC,154.33,STATIC,104.22,STATIC,167.85,STATIC
113.43333333333334,3399,18.38,STATIC,169.31,STATIC,82.23,STATIC,36.96,STATIC,102.65,STATIC,154.99,STATIC,105.73,STATIC,167.85,STATIC
113.46666666666667,3400,18.16,STATIC,169.43,STATIC,82.18,STATIC,37.07,STATIC,102.73,STATIC,155.39,STATIC,106.96,STATIC,167.07,STATIC
113.50000000000001,3401,17.99,STATIC,169.40,STATIC,82.15,STATIC,36.95,STATIC,102.90,STATIC,156.70,STATIC,108.58,STATIC,167.23,STATIC
113.53333333333335,3402,17.87,STATIC,169.20,STATIC,82.13,STATIC,37.34,STATIC,103.03,STATIC,156.86,STATIC,110.86,STATIC,166.91,STATIC
113.56666666666668,3403,17.74,STATIC,169.21,STATIC,82.13,STATIC,37.71,STATIC,103.20,STATIC,157.25,STATIC,112.81,STATIC,166.10,STATIC
113.60000000000001,3404,17.63,STATIC,169.09,STATIC,82.08,STATIC,37.72,STATIC,103.49,STATIC,157.58,STATIC,115.27,STATIC,165.97,STATIC
113.63333333333334,3405,17.47,STATIC,169.47,STATIC,82.01,STATIC,37.78,STATIC,103.98,STATIC,157.99,STATIC,117.07,STATIC,166.05,STATIC
113.66666666666667,3406,17.20,STATIC,169.65,STATIC,81.97,STATIC,37.88,STATIC,104.37,STATIC,158.54,STATIC,118.65,STATIC,165.82,STATIC
113.7,3407,17.02,STATIC,169.71,STATIC,81.97,STATIC,37.96,STATIC,104.49,STATIC,159.13,STATIC,119.72,STATIC,165.56,STATIC
113.73333333333333,3408,16.84,STATIC,169.77,STATIC,81.94,STATIC,37.78,STATIC,104.66,STATIC,159.79,STATIC,120.63,STATIC,165.50,STATIC
113.76666666666668,3409,16.65,STATIC,169.89,STATIC,81.90,STATIC,37.66,STATIC,104.97,STATIC,161.77,STATIC,121.93,STATIC,164.96,STATIC
113.80000000000001,3410,16.40,STATIC,169.62,STATIC,81.89,STATIC,37.58,STATIC,105.05,STATIC,161.28,STATIC,123.66,STATIC,164.44,STATIC
113.83333333333334,3411,16.17,STATIC,169.60,STATIC,81.86,STATIC,37.66,STATIC,105.02,STATIC,161.31,STATIC,124.83,STATIC,164.00,STATIC
113.86666666666667,3412,16.02,STATIC,169.66,STATIC,81.81,STATIC,37.52,STATIC,104.88,STATIC,161.02,STATIC,125.35,STATIC,162.13,STATIC
113.9,3413,15.92,STATIC,169.54,STATIC,81.81,STATIC,36.47,STATIC,104.99,STATIC,161.15,STATIC,126.69,STATIC,161.82,STATIC
113.93333333333334,3414,15.83,STATIC,169.71,STATIC,81.77,STATIC,36.94,STATIC,105.19,STATIC,161.09,STATIC,127.31,STATIC,160.76,STATIC
113.96666666666667,3415,15.75,STATIC,169.96,STATIC,81.73,STATIC,38.00,STATIC,105.25,STATIC,160.88,STATIC,128.47,STATIC,159.73,STATIC
114.00000000000001,3416,15.70,STATIC,170.22,STATIC,81.74,STATIC,37.98,STATIC,105.29,STATIC,161.57,STATIC,129.52,STATIC,158.98,STATIC
114.03333333333335,3417,15.68,STATIC,170.63,STATIC,81.77,STATIC,38.05,STATIC,105.28,STATIC,161.76,STATIC,130.78,STATIC,158.15,STATIC
114.06666666666668,3418,15.69,STATIC,170.77,STATIC,81.72,STATIC,38.10,STATIC,105.11,STATIC,162.00,STATIC,132.00,STATIC,157.66,STATIC
114.10000000000001,3419,15.68,STATIC,170.31,STATIC,81.64,STATIC,38.37,STATIC,105.47,STATIC,163.11,STATIC,132.26,STATIC,157.23,STATIC
114.13333333333334,3420,15.62,STATIC,170.09,STATIC,81.58,STATIC,38.09,STATIC,105.70,STATIC,164.36,STATIC,133.54,STATIC,157.47,STATIC
114.16666666666667,3421,15.57,STATIC,170.03,STATIC,81.58,STATIC,38.15,STATIC,105.89,STATIC,164.83,STATIC,134.49,STATIC,157.31,STATIC
114.2,3422,15.58,STATIC,170.02,STATIC,81.55,STATIC,38.56,STATIC,106.00,STATIC,165.20,STATIC,135.94,STATIC,157.61,STATIC
114.23333333333333,3423,15.60,STATIC,170.02,STATIC,81.48,STATIC,39.34,STATIC,106.06,STATIC,165.31,STATIC,136.96,STATIC,157.91,STATIC
114.26666666666668,3424,15.58,STATIC,169.99,STATIC,81.43,STATIC,39.86,STATIC,105.85,STATIC,166.70,STATIC,137.95,STATIC,158.46,STATIC
114.30000000000001,3425,15.54,STATIC,169.91,STATIC,81.32,STATIC,40.16,STATIC,105.52,STATIC,168.36,STATIC,138.91,STATIC,160.12,STATIC
114.33333333333334,3426,15.56,STATIC,170.01,STATIC,81.26,STATIC,39.87,STATIC,105.45,STATIC,167.60,STATIC,140.77,STATIC,161.82,STATIC
114.36666666666667,3427,15.57,STATIC,170.30,STATIC,81.20,STATIC,39.52,STATIC,105.36,STATIC,166.32,STATIC,142.05,STATIC,162.13,STATIC
114.4,3428,15.63,STATIC,170.12,STATIC,81.08,STATIC,39.66,STATIC,105.44,STATIC,165.68,STATIC,142.80,STATIC,161.71,STATIC
114.43333333333334,3429,15.74,STATIC,169.87,STATIC,81.01,STATIC,40.15,STATIC,105.51,STATIC,165.25,STATIC,143.65,STATIC,161.57,STATIC
114.46666666666667,3430,15.84,STATIC,170.09,STATIC,80.95,STATIC,40.84,STATIC,105.73,STATIC,164.94,STATIC,144.39,STATIC,161.88,STATIC
114.50000000000001,3431,15.93,STATIC,169.93,STATIC,80.88,STATIC,41.43,STATIC,106.04,STATIC,164.47,STATIC,145.44,STATIC,162.29,STATIC
114.53333333333335,3432,16.00,STATIC,169.88,STATIC,80.82,STATIC,41.39,STATIC,106.14,STATIC,163.89,STATIC,146.11,STATIC,162.60,STATIC
114.56666666666668,3433,16.08,STATIC,169.80,STATIC,80.76,STATIC,41.22,STATIC,106.24,STATIC,163.29,STATIC,146.51,STATIC,162.49,STATIC
114.60000000000001,3434,16.17,STATIC,169.84,STATIC,80.70,STATIC,41.22,STATIC,106.67,STATIC,163.38,STATIC,146.79,STATIC,162.63,STATIC
114.63333333333334,3435,16.24,STATIC,169.79,STATIC,80.62,STATIC,41.07,STATIC,107.09,STATIC,163.32,STATIC,147.36,STATIC,162.80,STATIC
114.66666666666667,3436,16.28,STATIC,169.81,STATIC,80.58,STATIC,41.50,STATIC,107.33,STATIC,163.19,STATIC,148.32,STATIC,162.19,STATIC
114.7,3437,16.33,STATIC,169.85,STATIC,80.55,STATIC,41.19,STATIC,107.31,STATIC,163.27,STATIC,148.99,STATIC,162.56,STATIC
114.73333333333333,3438,16.35,STATIC,169.66,STATIC,80.50,STATIC,40.82,STATIC,107.43,STATIC,163.32,STATIC,149.63,STATIC,162.48,STATIC
114.76666666666668,3439,16.40,STATIC,169.61,STATIC,80.38,STATIC,41.07,STATIC,107.55,STATIC,163.64,STATIC,149.73,STATIC,161.98,STATIC
114.80000000000001,3440,16.46,STATIC,169.29,STATIC,80.21,STATIC,42.54,STATIC,107.99,STATIC,164.01,STATIC,149.15,STATIC,161.88,STATIC
114.83333333333334,3441,16.48,STATIC,169.06,STATIC,80.14,STATIC,42.26,STATIC,108.04,STATIC,164.11,STATIC,149.47,STATIC,161.30,STATIC
114.86666666666667,3442,16.48,STATIC,169.09,STATIC,80.11,STATIC,42.62,STATIC,107.95,STATIC,164.00,STATIC,149.64,STATIC,160.68,STATIC
114.9,3443,16.47,STATIC,169.18,STATIC,80.14,STATIC,42.77,STATIC,107.77,STATIC,163.72,STATIC,149.68,STATIC,160.02,STATIC
114.93333333333334,3444,16.47,STATIC,169.36,STATIC,80.14,STATIC,42.63,STATIC,107.62,STATIC,163.45,STATIC,149.89,STATIC,159.28,STATIC
114.96666666666667,3445,16.48,STATIC,169.45,STATIC,80.16,STATIC,42.59,STATIC,107.37,STATIC,162.50,STATIC,150.33,STATIC,158.31,STATIC
115.00000000000001,3446,16.50,STATIC,169.53,STATIC,80.15,STATIC,42.50,STATIC,107.24,STATIC,162.36,STATIC,150.52,STATIC,158.03,STATIC
115.03333333333335,3447,16.54,STATIC,169.68,STATIC,80.14,STATIC,42.64,STATIC,107.25,STATIC,162.15,STATIC,151.09,STATIC,157.71,STATIC
115.06666666666668,3448,16.59,STATIC,169.65,STATIC,80.08,STATIC,43.21,STATIC,107.32,STATIC,162.28,STATIC,150.78,STATIC,157.44,STATIC
115.10000000000001,3449,16.62,STATIC,169.68,STATIC,80.06,STATIC,43.63,STATIC,107.29,STATIC,162.55,STATIC,150.82,STATIC,157.66,STATIC
115.13333333333334,3450,16.66,STATIC,169.67,STATIC,80.05,STATIC,43.59,STATIC,107.35,STATIC,162.56,STATIC,151.08,STATIC,157.66,STATIC
115.16666666666667,3451,16.75,STATIC,169.63,STATIC,80.02,STATIC,43.61,STATIC,107.44,STATIC,162.55,STATIC,151.39,STATIC,157.93,STATIC
115.2,3452,16.74,STATIC,169.55,STATIC,80.01,STATIC,43.49,STATIC,107.65,STATIC,162.77,STATIC,151.57,STATIC,158.15,STATIC
115.23333333333333,3453,16.76,STATIC,169.42,STATIC,79.99,STATIC,43.65,STATIC,107.76,STATIC,162.67,STATIC,151.78,STATIC,158.38,STATIC
115.26666666666668,3454,16.76,STATIC,169.33,STATIC,79.97,STATIC,43.83,STATIC,107.99,STATIC,162.86,STATIC,151.80,STATIC,158.57,STATIC
115.30000000000001,3455,16.79,STATIC,169.27,STATIC,79.97,STATIC,43.97,STATIC,108.17,STATIC,162.75,STATIC,151.88,STATIC,158.46,STATIC
115.33333333333334,3456,16.80,STATIC,169.11,STATIC,79.96,STATIC,44.06,STATIC,108.33,STATIC,162.90,STATIC,151.70,STATIC,158.34,STATIC
115.36666666666667,3457,16.85,STATIC,168.90,STATIC,79.94,STATIC,44.05,STATIC,108.57,STATIC,162.96,STATIC,151.53,STATIC,158.02,STATIC
115.4,3458,16.90,STATIC,168.89,STATIC,79.90,STATIC,44.03,STATIC,108.72,STATIC,163.44,STATIC,151.46,STATIC,157.53,STATIC
115.43333333333334,3459,16.94,STATIC,168.76,STATIC,79.89,STATIC,43.70,STATIC,108.72,STATIC,163.65,STATIC,151.39,STATIC,157.12,STATIC
115.46666666666667,3460,17.01,STATIC,168.69,STATIC,79.85,STATIC,43.72,STATIC,108.70,STATIC,163.87,STATIC,151.22,STATIC,156.77,STATIC
115.50000000000001,3461,17.06,STATIC,168.58,STATIC,79.83,STATIC,43.70,STATIC,108.67,STATIC,163.99,STATIC,151.32,STATIC,156.35,STATIC
115.53333333333335,3462,17.11,STATIC,168.48,STATIC,79.80,STATIC,43.83,STATIC,108.77,STATIC,164.24,STATIC,151.18,STATIC,156.21,STATIC
115.56666666666668,3463,17.17,STATIC,168.59,STATIC,79.77,STATIC,44.07,STATIC,108.75,STATIC,164.07,STATIC,151.35,STATIC,155.97,STATIC
115.60000000000001,3464,17.20,STATIC,168.54,STATIC,79.76,STATIC,44.07,STATIC,108.87,STATIC,164.18,STATIC,151.43,STATIC,155.83,STATIC
115.63333333333334,3465,17.19,STATIC,168.52,STATIC,79.76,STATIC,44.49,STATIC,109.18,STATIC,164.45,STATIC,151.26,STATIC,156.04,STATIC
115.66666666666667,3466,17.20,STATIC,168.47,STATIC,79.77,STATIC,44.53,STATIC,109.28,STATIC,164.87,STATIC,151.12,STATIC,156.34,STATIC
115.7,3467,17.21,STATIC,168.44,STATIC,79.77,STATIC,44.53,STATIC,109.42,STATIC,165.38,STATIC,151.03,STATIC,156.70,STATIC
115.73333333333333,3468,17.30,STATIC,168.41,STATIC,79.76,STATIC,44.29,STATIC,109.35,STATIC,165.47,STATIC,151.02,STATIC,156.56,STATIC
115.76666666666668,3469,17.37,STATIC,168.39,STATIC,79.77,STATIC,43.84,STATIC,109.27,STATIC,165.39,STATIC,151.27,STATIC,156.12,STATIC
115.80000000000001,3470,17.38,STATIC,168.37,STATIC,79.76,STATIC,43.79,STATIC,109.05,STATIC,165.20,STATIC,151.13,STATIC,155.60,STATIC
115.83333333333334,3471,17.39,STATIC,168.40,STATIC,79.78,STATIC,43.70,STATIC,109.01,STATIC,165.64,STATIC,150.93,STATIC,155.78,STATIC
115.86666666666667,3472,17.40,STATIC,168.50,STATIC,79.77,STATIC,43.17,STATIC,109.03,STATIC,166.09,STATIC,150.84,STATIC,156.02,STATIC
115.9,3473,17.39,STATIC,168.40,STATIC,79.78,STATIC,42.70,STATIC,108.89,STATIC,166.09,STATIC,151.27,STATIC,156.24,STATIC
115.93333333333334,3474,17.41,STATIC,168.50,STATIC,79.77,STATIC,42.86,STATIC,108.87,STATIC,165.93,STATIC,151.27,STATIC,156.60,STATIC
115.96666666666667,3475,17.43,STATIC,168.50,STATIC,79.76,STATIC,42.90,STATIC,108.84,STATIC,165.87,STATIC,151.45,STATIC,157.01,STATIC
116.00000000000001,3476,17.41,STATIC,168.47,STATIC,79.76,STATIC,42.93,STATIC,108.99,STATIC,165.98,STATIC,151.11,STATIC,157.16,STATIC
116.03333333333335,3477,17.35,STATIC,168.54,STATIC,79.79,STATIC,43.18,STATIC,109.16,STATIC,165.96,STATIC,151.16,STATIC,157.25,STATIC
116.06666666666668,3478,17.39,STATIC,168.41,STATIC,79.77,STATIC,42.97,STATIC,109.34,STATIC,165.35,STATIC,151.30,STATIC,157.02,STATIC
116.10000000000001,3479,17.42,STATIC,168.37,STATIC,79.79,STATIC,43.15,STATIC,109.48,STATIC,164.88,STATIC,151.37,STATIC,156.90,STATIC
116.13333333333334,3480,17.44,STATIC,168.39,STATIC,79.80,STATIC,43.36,STATIC,109.55,STATIC,164.51,STATIC,151.61,STATIC,156.76,STATIC
116.16666666666667,3481,17.47,STATIC,168.41,STATIC,79.81,STATIC,43.61,STATIC,109.71,STATIC,164.53,STATIC,151.75,STATIC,156.53,STATIC
116.2,3482,17.52,STATIC,168.31,STATIC,79.81,STATIC,43.83,STATIC,109.94,STATIC,164.47,STATIC,151.98,STATIC,156.24,STATIC
116.23333333333333,3483,17.54,STATIC,168.20,STATIC,79.84,STATIC,44.29,STATIC,110.44,STATIC,164.37,STATIC,152.08,STATIC,156.06,STATIC
116.26666666666668,3484,17.55,STATIC,168.06,STATIC,79.87,STATIC,44.64,STATIC,110.82,STATIC,164.47,STATIC,152.66,STATIC,156.29,STATIC
116.30000000000001,3485,17.61,STATIC,167.90,STATIC,79.88,STATIC,44.84,STATIC,111.38,STATIC,164.40,STATIC,153.01,STATIC,156.08,STATIC
116.33333333333334,3486,17.67,STATIC,167.78,STATIC,79.89,STATIC,44.78,STATIC,111.72,STATIC,164.29,STATIC,153.51,STATIC,155.55,STATIC
116.36666666666667,3487,17.75,STATIC,167.67,STATIC,79.92,STATIC,44.70,STATIC,112.05,STATIC,163.95,STATIC,154.10,STATIC,155.22,STATIC
116.4,3488,17.84,STATIC,167.73,STATIC,79.91,STATIC,44.74,STATIC,112.52,STATIC,162.39,STATIC,154.48,STATIC,154.31,STATIC
116.43333333333334,3489,17.98,STATIC,167.70,STATIC,79.90,STATIC,44.58,STATIC,112.96,STATIC,162.03,STATIC,154.94,STATIC,153.91,STATIC
116.46666666666667,3490,18.11,STATIC,167.73,STATIC,79.87,STATIC,44.43,STATIC,113.48,STATIC,162.12,STATIC,155.25,STATIC,153.50,STATIC
116.50000000000001,3491,18.22,STATIC,167.69,STATIC,79.85,STATIC,44.40,STATIC,114.08,STATIC,161.38,STATIC,155.59,STATIC,153.33,STATIC
116.53333333333335,3492,18.29,STATIC,167.81,STATIC,79.84,STATIC,44.45,STATIC,114.54,STATIC,161.77,STATIC,155.74,STATIC,153.43,STATIC
116.56666666666668,3493,18.35,STATIC,167.98,STATIC,79.83,STATIC,44.94,STATIC,114.93,STATIC,162.21,STATIC,155.85,STATIC,153.01,STATIC
116.60000000000001,3494,18.44,STATIC,167.99,STATIC,79.82,STATIC,44.93,STATIC,115.58,STATIC,162.37,STATIC,155.94,STATIC,153.12,STATIC
116.63333333333334,3495,18.55,STATIC,168.07,STATIC,79.82,STATIC,45.02,STATIC,116.27,STATIC,162.31,STATIC,156.01,STATIC,153.88,STATIC
116.66666666666667,3496,18.67,STATIC,168.16,STATIC,79.83,STATIC,45.06,STATIC,117.13,STATIC,161.45,STATIC,156.10,STATIC,154.09,STATIC
116.7,3497,18.72,STATIC,168.48,STATIC,79.89,STATIC,44.79,STATIC,117.74,STATIC,160.32,STATIC,156.46,STATIC,153.41,STATIC
116.73333333333333,3498,18.85,STATIC,168.40,STATIC,79.87,STATIC,44.86,STATIC,118.59,STATIC,159.71,STATIC,156.43,STATIC,156.67,STATIC
116.76666666666668,3499,19.01,STATIC,168.44,STATIC,79.84,STATIC,44.70,STATIC,119.56,STATIC,155.96,STATIC,155.79,STATIC,156.96,STATIC
116.80000000000001,3500,19.06,STATIC,168.39,STATIC,79.81,STATIC,43.48,STATIC,120.24,STATIC,158.46,STATIC,155.93,STATIC,157.00,STATIC
116.83333333333334,3501,19.16,STATIC,168.21,STATIC,79.79,STATIC,44.12,STATIC,121.28,STATIC,155.47,STATIC,155.91,STATIC,158.07,STATIC
116.86666666666667,3502,19.26,STATIC,168.43,STATIC,79.90,STATIC,43.99,STATIC,121.12,STATIC,150.48,STATIC,154.50,STATIC,151.61,FLEXION
116.9,3503,19.30,STATIC,168.31,STATIC,79.93,STATIC,44.01,STATIC,122.23,STATIC,153.42,STATIC,154.85,STATIC,153.78,STATIC
116.93333333333334,3504,19.40,STATIC,168.01,STATIC,79.90,STATIC,43.94,STATIC,123.08,STATIC,153.96,STATIC,155.85,STATIC,154.23,STATIC
116.96666666666667,3505,19.56,STATIC,167.70,STATIC,79.90,STATIC,44.07,STATIC,123.59,STATIC,154.28,STATIC,157.29,STATIC,155.02,STATIC
117.00000000000001,3506,19.70,STATIC,167.35,STATIC,80.00,STATIC,44.71,STATIC,124.56,STATIC,148.86,FLEXION,155.96,STATIC,151.52,STATIC
117.03333333333335,3507,19.92,STATIC,166.92,STATIC,80.01,STATIC,44.79,STATIC,125.24,STATIC,142.60,FLEXION,155.24,STATIC,148.45,STATIC
117.06666666666668,3508,20.27,STATIC,166.48,STATIC,79.88,STATIC,43.68,STATIC,125.75,STATIC,139.27,STATIC,152.92,STATIC,144.36,STATIC
117.10000000000001,3509,20.52,STATIC,165.83,STATIC,79.83,STATIC,42.06,STATIC,126.86,STATIC,138.34,STATIC,150.93,STATIC,137.59,FLEXION
117.13333333333334,3510,20.78,STATIC,165.26,STATIC,79.81,STATIC,41.24,STATIC,128.60,STATIC,136.13,STATIC,148.62,STATIC,131.90,FLEXION
117.16666666666667,3511,20.92,STATIC,165.26,STATIC,79.90,STATIC,40.99,STATIC,129.52,STATIC,136.44,STATIC,145.87,STATIC,129.09,STATIC
117.2,3512,21.11,STATIC,166.14,STATIC,80.07,STATIC,41.14,STATIC,130.35,STATIC,136.64,STATIC,143.09,STATIC,126.06,STATIC
117.23333333333333,3513,21.20,STATIC,167.43,STATIC,80.13,STATIC,40.75,STATIC,131.38,STATIC,136.05,STATIC,140.82,STATIC,122.34,STATIC
117.26666666666668,3514,21.50,STATIC,168.91,STATIC,80.34,STATIC,39.64,STATIC,131.28,STATIC,133.63,STATIC,137.77,STATIC,118.42,STATIC
117.30000000000001,3515,21.96,STATIC,170.09,STATIC,80.21,STATIC,39.07,STATIC,131.52,STATIC,131.75,STATIC,137.80,STATIC,117.39,STATIC
117.33333333333334,3516,22.43,STATIC,170.91,STATIC,80.04,STATIC,38.39,STATIC,132.19,STATIC,130.81,STATIC,138.02,STATIC,117.48,STATIC
117.36666666666667,3517,23.01,STATIC,171.47,STATIC,79.80,STATIC,37.97,STATIC,131.72,STATIC,128.28,STATIC,136.62,STATIC,116.88,STATIC
117.4,3518,23.61,STATIC,171.18,STATIC,79.59,STATIC,37.09,STATIC,131.95,STATIC,126.45,STATIC,134.84,STATIC,116.36,STATIC
117.43333333333334,3519,24.25,STATIC,170.78,STATIC,79.14,STATIC,36.12,STATIC,132.76,STATIC,126.28,STATIC,137.84,STATIC,119.17,STATIC
117.46666666666667,3520,24.97,STATIC,171.12,STATIC,78.69,STATIC,35.65,STATIC,133.05,STATIC,126.34,STATIC,140.55,STATIC,123.15,STATIC
117.50000000000001,3521,25.65,STATIC,171.18,STATIC,78.26,STATIC,35.56,STATIC,133.47,STATIC,125.87,STATIC,140.60,STATIC,124.64,STATIC
117.53333333333335,3522,26.19,STATIC,171.77,STATIC,77.91,STATIC,35.21,STATIC,133.48,STATIC,125.64,STATIC,141.89,STATIC,126.38,STATIC
117.56666666666668,3523,26.71,STATIC,171.85,STATIC,77.60,STATIC,35.54,STATIC,133.24,STATIC,125.00,STATIC,143.39,STATIC,128.04,STATIC
117.60000000000001,3524,27.18,STATIC,171.90,STATIC,77.42,STATIC,35.37,STATIC,133.29,STATIC,124.96,STATIC,143.64,STATIC,129.00,STATIC
117.63333333333334,3525,27.68,STATIC,171.79,STATIC,77.29,STATIC,35.02,STATIC,133.12,STATIC,124.92,STATIC,143.85,STATIC,130.16,STATIC
117.66666666666667,3526,28.00,STATIC,171.90,STATIC,77.12,STATIC,35.50,STATIC,134.02,STATIC,124.55,STATIC,143.21,STATIC,128.92,STATIC
117.7,3527,28.27,STATIC,171.72,STATIC,76.96,STATIC,35.53,STATIC,134.31,STATIC,125.23,STATIC,143.99,STATIC,130.78,STATIC
117.73333333333333,3528,28.51,STATIC,171.79,STATIC,76.94,STATIC,35.90,STATIC,133.93,STATIC,124.66,STATIC,144.33,STATIC,131.97,STATIC
117.76666666666668,3529,28.58,STATIC,171.59,STATIC,76.98,STATIC,36.04,STATIC,134.02,STATIC,124.48,STATIC,144.35,STATIC,132.59,STATIC
117.80000000000001,3530,28.59,STATIC,171.26,STATIC,76.91,STATIC,35.93,STATIC,134.39,STATIC,124.67,STATIC,144.58,STATIC,132.38,STATIC
117.83333333333334,3531,28.45,STATIC,170.66,STATIC,76.95,STATIC,35.91,STATIC,134.57,STATIC,125.29,STATIC,145.28,STATIC,132.70,STATIC
117.86666666666667,3532,28.27,STATIC,170.01,STATIC,76.92,STATIC,36.21,STATIC,134.29,STATIC,125.53,STATIC,145.35,STATIC,132.90,STATIC
117.9,3533,28.07,STATIC,169.08,STATIC,76.94,STATIC,36.88,STATIC,133.96,STATIC,125.27,STATIC,145.40,STATIC,132.97,STATIC
117.93333333333334,3534,27.83,STATIC,168.53,STATIC,76.98,STATIC,37.60,STATIC,133.78,STATIC,125.17,STATIC,145.22,STATIC,132.83,STATIC
117.96666666666667,3535,27.70,STATIC,168.33,STATIC,76.98,STATIC,37.91,STATIC,133.47,STATIC,124.73,STATIC,145.12,STATIC,132.38,STATIC
118.00000000000001,3536,27.60,STATIC,168.44,STATIC,77.03,STATIC,37.74,STATIC,133.00,STATIC,124.04,STATIC,145.38,STATIC,132.45,STATIC
118.03333333333335,3537,27.52,STATIC,168.75,STATIC,77.13,STATIC,37.61,STATIC,132.59,STATIC,123.48,STATIC,144.76,STATIC,132.22,STATIC
118.06666666666668,3538,27.47,STATIC,168.79,STATIC,77.15,STATIC,37.57,STATIC,132.98,STATIC,123.67,STATIC,144.24,STATIC,131.61,STATIC
118.10000000000001,3539,27.44,STATIC,168.74,STATIC,77.23,STATIC,37.17,STATIC,133.12,STATIC,123.73,STATIC,143.54,STATIC,130.98,STATIC
118.13333333333334,3540,27.33,STATIC,168.53,STATIC,77.28,STATIC,37.37,STATIC,133.02,STATIC,123.41,STATIC,142.85,STATIC,132.42,STATIC
118.16666666666667,3541,27.26,STATIC,168.19,STATIC,77.33,STATIC,38.01,STATIC,133.07,STATIC,123.66,STATIC,143.62,STATIC,132.90,STATIC
118.2,3542,27.08,STATIC,167.68,STATIC,77.43,STATIC,38.79,STATIC,133.51,STATIC,123.96,STATIC,144.35,STATIC,132.41,STATIC
118.23333333333333,3543,27.06,STATIC,167.58,STATIC,77.39,STATIC,38.89,STATIC,133.54,STATIC,124.01,STATIC,145.44,STATIC,131.97,STATIC
118.26666666666668,3544,27.05,STATIC,167.70,STATIC,77.23,STATIC,38.71,STATIC,133.75,STATIC,124.46,STATIC,145.63,STATIC,131.64,STATIC
118.30000000000001,3545,26.93,STATIC,167.65,STATIC,77.28,STATIC,39.21,STATIC,134.25,STATIC,124.79,STATIC,145.23,STATIC,131.39,STATIC
118.33333333333334,3546,26.88,STATIC,167.75,STATIC,77.27,STATIC,39.13,STATIC,134.73,STATIC,125.79,STATIC,144.87,STATIC,131.01,STATIC
118.36666666666667,3547,26.91,STATIC,167.96,STATIC,77.24,STATIC,38.67,STATIC,134.97,STATIC,125.72,STATIC,144.78,STATIC,130.84,STATIC
118.4,3548,27.04,STATIC,167.94,STATIC,77.20,STATIC,37.21,STATIC,135.20,STATIC,125.65,STATIC,144.77,STATIC,130.57,STATIC
118.43333333333334,3549,27.16,STATIC,167.90,STATIC,77.09,STATIC,37.10,STATIC,135.46,STATIC,125.55,STATIC,144.72,STATIC,130.25,STATIC
118.46666666666667,3550,27.37,STATIC,167.72,STATIC,76.98,STATIC,36.55,STATIC,135.24,STATIC,125.15,STATIC,143.80,STATIC,130.76,STATIC
118.50000000000001,3551,27.53,STATIC,167.83,STATIC,76.88,STATIC,36.43,STATIC,135.07,STATIC,124.50,STATIC,142.48,STATIC,130.04,STATIC
118.53333333333335,3552,27.62,STATIC,168.16,STATIC,76.76,STATIC,36.52,STATIC,135.23,STATIC,124.67,STATIC,141.79,STATIC,129.59,STATIC
118.56666666666668,3553,27.84,STATIC,168.05,STATIC,76.52,STATIC,36.50,STATIC,135.36,STATIC,124.54,STATIC,140.68,STATIC,129.07,STATIC
118.60000000000001,3554,28.06,STATIC,167.95,STATIC,76.41,STATIC,36.56,STATIC,135.43,STATIC,124.61,STATIC,140.17,STATIC,128.85,STATIC
118.63333333333334,3555,28.14,STATIC,167.97,STATIC,76.43,STATIC,36.56,STATIC,135.28,STATIC,124.47,STATIC,140.50,STATIC,128.99,STATIC
118.66666666666667,3556,28.24,STATIC,168.12,STATIC,76.38,STATIC,36.53,STATIC,135.44,STATIC,124.58,STATIC,140.30,STATIC,128.53,STATIC
118.7,3557,28.51,STATIC,168.24,STATIC,76.24,STATIC,36.09,STATIC,135.41,STATIC,124.69,STATIC,140.44,STATIC,128.86,STATIC
118.73333333333333,3558,28.83,STATIC,168.42,STATIC,76.09,STATIC,35.54,STATIC,135.58,STATIC,124.91,STATIC,140.25,STATIC,128.85,STATIC
118.76666666666668,3559,29.11,STATIC,168.74,STATIC,75.97,STATIC,35.47,STATIC,135.40,STATIC,124.70,STATIC,140.39,STATIC,128.88,STATIC
118.80000000000001,3560,29.37,STATIC,168.96,STATIC,75.91,STATIC,35.07,STATIC,135.26,STATIC,124.63,STATIC,140.45,STATIC,129.01,STATIC
118.83333333333334,3561,29.67,STATIC,169.00,STATIC,75.78,STATIC,34.36,STATIC,135.16,STATIC,124.48,STATIC,140.65,STATIC,131.57,STATIC
118.86666666666667,3562,29.86,STATIC,169.30,STATIC,75.70,STATIC,34.46,STATIC,134.99,STATIC,124.00,STATIC,140.82,STATIC,130.47,STATIC
118.9,3563,30.17,STATIC,169.50,STATIC,75.56,STATIC,34.47,STATIC,133.80,STATIC,122.71,STATIC,141.11,STATIC,130.58,STATIC
118.93333333333334,3564,30.36,STATIC,169.69,STATIC,75.48,STATIC,34.56,STATIC,133.22,STATIC,122.12,STATIC,141.38,STATIC,131.47,STATIC
118.96666666666667,3565,30.65,STATIC,169.82,STATIC,75.29,STATIC,34.59,STATIC,132.76,STATIC,121.70,STATIC,141.80,STATIC,132.30,STATIC
119.00000000000001,3566,30.82,STATIC,169.88,STATIC,75.16,STATIC,34.50,STATIC,132.42,STATIC,121.55,STATIC,142.35,STATIC,132.71,STATIC
119.03333333333335,3567,30.89,STATIC,169.80,STATIC,75.07,STATIC,34.31,STATIC,132.26,STATIC,121.58,STATIC,142.47,STATIC,133.38,STATIC
119.06666666666668,3568,30.92,STATIC,170.31,STATIC,74.91,STATIC,34.98,STATIC,131.77,STATIC,121.30,STATIC,144.70,STATIC,134.30,STATIC
119.10000000000001,3569,30.97,STATIC,170.35,STATIC,74.86,STATIC,35.20,STATIC,130.99,STATIC,121.05,STATIC,145.24,STATIC,135.09,STATIC
119.13333333333334,3570,31.04,STATIC,170.24,STATIC,74.87,STATIC,35.18,STATIC,130.38,STATIC,120.65,STATIC,145.60,STATIC,135.40,STATIC
119.16666666666667,3571,30.88,STATIC,170.27,STATIC,74.97,STATIC,35.32,STATIC,130.41,STATIC,120.85,STATIC,145.58,STATIC,135.51,STATIC
119.2,3572,30.85,STATIC,170.26,STATIC,74.98,STATIC,35.59,STATIC,130.41,STATIC,121.00,STATIC,146.30,STATIC,136.14,STATIC
119.23333333333333,3573,30.75,STATIC,170.18,STATIC,75.06,STATIC,35.77,STATIC,130.24,STATIC,121.11,STATIC,146.85,STATIC,136.73,STATIC
119.26666666666668,3574,30.65,STATIC,170.07,STATIC,75.11,STATIC,35.94,STATIC,129.99,STATIC,121.20,STATIC,147.79,STATIC,137.08,STATIC
119.30000000000001,3575,30.53,STATIC,169.97,STATIC,75.23,STATIC,35.87,STATIC,129.72,STATIC,121.38,STATIC,148.42,STATIC,137.76,STATIC
119.33333333333334,3576,30.34,STATIC,169.89,STATIC,75.42,STATIC,35.84,STATIC,129.63,STATIC,121.46,STATIC,148.38,STATIC,137.58,STATIC
119.36666666666667,3577,30.03,STATIC,169.80,STATIC,75.65,STATIC,36.10,STATIC,129.97,STATIC,121.91,STATIC,148.21,STATIC,137.30,STATIC
119.4,3578,29.78,STATIC,169.75,STATIC,75.87,STATIC,36.07,STATIC,130.37,STATIC,122.29,STATIC,147.91,STATIC,136.84,STATIC
119.43333333333334,3579,29.68,STATIC,169.69,STATIC,76.06,STATIC,36.06,STATIC,130.34,STATIC,122.36,STATIC,147.95,STATIC,136.71,STATIC
119.46666666666667,3580,29.57,STATIC,169.67,STATIC,76.14,STATIC,36.08,STATIC,129.97,STATIC,122.24,STATIC,148.17,STATIC,136.67,STATIC
119.50000000000001,3581,29.64,STATIC,169.72,STATIC,76.13,STATIC,36.04,STATIC,129.44,STATIC,121.41,STATIC,147.11,STATIC,135.58,STATIC
119.53333333333335,3582,29.65,STATIC,169.68,STATIC,75.99,STATIC,35.94,STATIC,129.39,STATIC,121.95,STATIC,148.26,STATIC,136.53,STATIC
119.56666666666668,3583,29.59,STATIC,169.69,STATIC,75.87,STATIC,35.74,STATIC,129.34,STATIC,122.19,STATIC,148.65,STATIC,136.32,STATIC
119.60000000000001,3584,29.55,STATIC,169.72,STATIC,75.88,STATIC,35.51,STATIC,129.21,STATIC,122.13,STATIC,148.42,STATIC,138.16,STATIC
119.63333333333334,3585,29.45,STATIC,169.75,STATIC,75.91,STATIC,35.52,STATIC,129.13,STATIC,122.21,STATIC,147.94,STATIC,137.05,STATIC
119.66666666666667,3586,29.40,STATIC,169.83,STATIC,75.92,STATIC,35.65,STATIC,129.19,STATIC,122.22,STATIC,147.89,STATIC,136.82,STATIC
119.7,3587,29.36,STATIC,169.94,STATIC,76.00,STATIC,35.65,STATIC,129.07,STATIC,121.64,STATIC,147.09,STATIC,135.93,STATIC
119.73333333333333,3588,29.33,STATIC,170.12,STATIC,76.05,STATIC,35.66,STATIC,129.25,STATIC,121.73,STATIC,146.81,STATIC,135.46,STATIC
119.76666666666668,3589,29.35,STATIC,170.36,STATIC,76.13,STATIC,35.55,STATIC,129.19,STATIC,121.59,STATIC,146.49,STATIC,135.15,STATIC
119.80000000000001,3590,29.54,STATIC,170.51,STATIC,76.08,STATIC,35.41,STATIC,129.00,STATIC,121.41,STATIC,146.77,STATIC,135.34,STATIC
119.83333333333334,3591,29.67,STATIC,170.56,STATIC,76.17,STATIC,34.37,STATIC,129.36,STATIC,121.61,STATIC,146.35,STATIC,135.40,STATIC
119.86666666666667,3592,29.81,STATIC,170.78,STATIC,76.15,STATIC,34.42,STATIC,129.57,STATIC,121.68,STATIC,146.29,STATIC,135.97,STATIC
119.9,3593,29.92,STATIC,171.03,STATIC,76.08,STATIC,34.56,STATIC,129.68,STATIC,121.88,STATIC,147.43,STATIC,137.07,STATIC
119.93333333333334,3594,29.97,STATIC,171.10,STATIC,76.03,STATIC,34.55,STATIC,129.68,STATIC,121.79,STATIC,148.02,STATIC,137.47,STATIC
119.96666666666667,3595,30.04,STATIC,171.08,STATIC,75.82,STATIC,34.84,STATIC,129.08,STATIC,121.15,STATIC,147.85,STATIC,137.39,STATIC
120.00000000000001,3596,30.12,STATIC,171.17,STATIC,75.67,STATIC,35.27,STATIC,129.29,STATIC,121.13,STATIC,147.59,STATIC,137.46,STATIC
120.03333333333335,3597,30.29,STATIC,171.10,STATIC,75.53,STATIC,35.23,STATIC,129.45,STATIC,121.74,STATIC,146.98,STATIC,137.56,STATIC
120.06666666666668,3598,30.40,STATIC,171.09,STATIC,75.64,STATIC,35.39,STATIC,129.52,STATIC,121.65,STATIC,145.75,STATIC,137.38,STATIC
120.10000000000001,3599,30.37,STATIC,171.02,STATIC,75.61,STATIC,35.88,STATIC,129.56,STATIC,121.46,STATIC,145.02,STATIC,137.68,STATIC
120.13333333333334,3600,30.21,STATIC,171.18,STATIC,75.66,STATIC,36.27,STATIC,129.36,STATIC,121.60,STATIC,145.78,STATIC,138.74,STATIC
120.16666666666667,3601,30.17,STATIC,171.31,STATIC,75.66,STATIC,36.89,STATIC,128.63,STATIC,121.06,STATIC,146.98,STATIC,139.76,STATIC
120.2,3602,29.76,STATIC,171.28,STATIC,75.76,STATIC,37.18,STATIC,128.26,STATIC,121.14,STATIC,149.48,STATIC,140.08,STATIC
120.23333333333333,3603,29.30,STATIC,171.06,STATIC,75.85,STATIC,37.09,STATIC,127.79,STATIC,121.18,STATIC,151.70,STATIC,140.58,STATIC
120.26666666666668,3604,28.92,STATIC,170.66,STATIC,76.12,STATIC,36.71,STATIC,127.29,STATIC,121.20,STATIC,153.21,STATIC,140.75,STATIC
120.30000000000001,3605,28.60,STATIC,170.34,STATIC,76.09,STATIC,36.44,STATIC,126.40,STATIC,120.94,STATIC,156.07,STATIC,141.98,STATIC
120.33333333333334,3606,28.25,STATIC,169.39,STATIC,76.08,STATIC,36.44,STATIC,125.23,STATIC,120.57,STATIC,157.09,STATIC,143.14,STATIC
120.36666666666667,3607,27.50,STATIC,169.13,STATIC,76.06,STATIC,36.10,STATIC,124.43,STATIC,120.54,STATIC,158.74,STATIC,144.26,STATIC
120.4,3608,26.05,STATIC,168.94,STATIC,76.20,STATIC,35.77,STATIC,123.28,STATIC,120.02,STATIC,161.39,STATIC,147.42,STATIC
120.43333333333334,3609,25.65,STATIC,169.09,STATIC,76.22,STATIC,35.16,STATIC,122.29,STATIC,119.73,STATIC,162.65,STATIC,149.56,STATIC
120.46666666666667,3610,24.04,STATIC,168.85,STATIC,76.21,STATIC,34.05,STATIC,120.33,STATIC,118.95,STATIC,164.46,STATIC,150.30,STATIC
120.50000000000001,3611,21.93,STATIC,168.34,STATIC,76.71,STATIC,34.22,STATIC,119.74,STATIC,119.04,STATIC,165.90,STATIC,151.11,STATIC
120.53333333333335,3612,20.30,STATIC,168.16,STATIC,76.87,STATIC,33.89,STATIC,119.93,STATIC,119.64,STATIC,165.93,STATIC,151.21,STATIC
120.56666666666668,3613,19.58,STATIC,167.65,STATIC,76.92,STATIC,33.89,STATIC,119.42,STATIC,119.79,STATIC,167.11,STATIC,151.87,STATIC
120.60000000000001,3614,19.61,STATIC,166.94,STATIC,78.11,STATIC,33.30,STATIC,118.65,STATIC,120.88,STATIC,166.42,STATIC,152.84,STATIC
120.63333333333334,3615,19.49,STATIC,167.31,STATIC,78.54,STATIC,33.66,STATIC,117.75,STATIC,121.20,STATIC,165.94,STATIC,153.39,STATIC
120.66666666666667,3616,18.88,STATIC,168.01,STATIC,78.82,STATIC,33.36,STATIC,117.03,STATIC,121.17,STATIC,165.15,STATIC,152.89,STATIC
120.7,3617,19.13,STATIC,167.96,STATIC,79.50,STATIC,33.47,STATIC,116.13,STATIC,121.95,STATIC,164.22,STATIC,152.10,STATIC
120.73333333333333,3618,19.06,STATIC,169.05,STATIC,79.70,STATIC,32.51,STATIC,115.64,STATIC,122.34,STATIC,163.46,STATIC,151.13,STATIC
120.76666666666668,3619,19.19,STATIC,170.22,STATIC,79.58,STATIC,30.15,STATIC,115.48,STATIC,122.20,STATIC,163.27,STATIC,151.63,STATIC
120.80000000000001,3620,18.72,STATIC,171.40,STATIC,79.30,STATIC,27.68,STATIC,115.85,STATIC,121.95,STATIC,163.07,STATIC,151.84,STATIC
120.83333333333334,3621,18.23,STATIC,171.67,STATIC,78.92,STATIC,27.11,STATIC,115.89,STATIC,121.72,STATIC,163.12,STATIC,152.10,STATIC
120.86666666666667,3622,19.26,STATIC,171.60,STATIC,78.79,STATIC,27.75,STATIC,115.85,STATIC,121.07,STATIC,163.59,STATIC,153.46,STATIC
120.9,3623,20.02,STATIC,171.63,STATIC,78.79,STATIC,28.47,STATIC,115.78,STATIC,120.57,STATIC,163.64,STATIC,154.26,STATIC
120.93333333333334,3624,20.70,STATIC,171.80,STATIC,78.40,STATIC,28.08,STATIC,115.93,STATIC,120.20,STATIC,164.01,STATIC,154.94,STATIC
120.96666666666667,3625,20.40,STATIC,171.33,STATIC,77.19,STATIC,28.00,STATIC,116.04,STATIC,119.87,STATIC,164.81,STATIC,155.15,STATIC
121.00000000000001,3626,22.00,STATIC,170.67,STATIC,77.16,STATIC,27.65,STATIC,115.90,STATIC,119.85,STATIC,165.10,STATIC,155.63,STATIC
121.03333333333335,3627,23.59,STATIC,170.63,STATIC,77.30,STATIC,27.86,STATIC,116.04,STATIC,119.64,STATIC,165.61,STATIC,156.09,STATIC
121.06666666666668,3628,25.19,STATIC,170.51,STATIC,77.00,STATIC,27.47,STATIC,115.93,STATIC,120.10,STATIC,166.24,STATIC,156.87,STATIC
121.10000000000001,3629,26.77,STATIC,170.52,STATIC,76.47,STATIC,27.46,STATIC,115.60,STATIC,120.31,STATIC,166.61,STATIC,157.36,STATIC
121.13333333333334,3630,28.02,STATIC,169.93,STATIC,76.28,STATIC,26.27,STATIC,115.22,STATIC,120.71,STATIC,167.20,STATIC,157.88,STATIC
121.16666666666667,3631,30.04,STATIC,170.25,STATIC,76.49,STATIC,25.76,STATIC,115.24,STATIC,121.22,STATIC,167.63,STATIC,157.66,STATIC
121.2,3632,31.21,STATIC,170.49,STATIC,76.25,STATIC,25.11,STATIC,115.56,STATIC,122.00,STATIC,168.06,STATIC,157.28,STATIC
121.23333333333333,3633,33.34,STATIC,170.25,STATIC,75.89,STATIC,25.11,STATIC,115.61,STATIC,122.38,STATIC,168.29,STATIC,157.01,STATIC
121.26666666666668,3634,37.36,STATIC,170.18,STATIC,76.40,STATIC,25.04,STATIC,115.41,STATIC,122.93,STATIC,167.46,STATIC,156.13,STATIC
121.30000000000001,3635,38.57,STATIC,170.31,STATIC,76.49,STATIC,26.13,STATIC,115.30,STATIC,122.70,STATIC,167.04,STATIC,155.43,STATIC
121.33333333333334,3636,39.55,STATIC,170.13,STATIC,75.67,STATIC,26.47,STATIC,114.77,STATIC,122.18,STATIC,166.88,STATIC,155.78,STATIC
121.36666666666667,3637,40.72,STATIC,169.90,STATIC,75.10,STATIC,25.08,STATIC,114.20,STATIC,122.16,STATIC,167.15,STATIC,156.44,STATIC
121.4,3638,44.06,STATIC,170.02,STATIC,74.91,STATIC,25.01,STATIC,113.49,STATIC,121.94,STATIC,166.88,STATIC,156.13,STATIC
121.43333333333334,3639,44.99,STATIC,169.77,STATIC,74.34,STATIC,24.23,STATIC,112.87,STATIC,121.69,STATIC,167.17,STATIC,156.41,STATIC
121.46666666666667,3640,46.06,STATIC,169.46,STATIC,73.89,STATIC,24.31,STATIC,112.17,STATIC,121.34,STATIC,167.14,STATIC,156.47,STATIC
121.50000000000001,3641,47.43,STATIC,169.43,STATIC,73.44,STATIC,23.85,STATIC,111.61,STATIC,120.66,STATIC,167.22,STATIC,156.64,STATIC
121.53333333333335,3642,47.64,STATIC,169.34,STATIC,72.18,STATIC,24.27,STATIC,111.29,STATIC,120.86,STATIC,166.96,STATIC,156.26,STATIC
121.56666666666668,3643,49.50,STATIC,169.33,STATIC,71.70,STATIC,24.33,STATIC,111.05,STATIC,121.25,STATIC,166.44,STATIC,155.26,STATIC
121.60000000000001,3644,50.47,STATIC,169.88,STATIC,71.24,STATIC,24.20,STATIC,110.75,STATIC,121.25,STATIC,165.92,STATIC,155.37,STATIC
121.63333333333334,3645,50.77,STATIC,170.01,STATIC,71.05,STATIC,24.42,STATIC,110.27,STATIC,121.11,STATIC,165.73,STATIC,155.37,STATIC
121.66666666666667,3646,49.78,STATIC,170.10,STATIC,70.44,STATIC,25.39,STATIC,109.06,STATIC,119.36,STATIC,164.84,STATIC,156.05,STATIC
121.7,3647,50.46,STATIC,170.08,STATIC,69.80,STATIC,26.36,STATIC,108.41,STATIC,117.82,STATIC,164.09,STATIC,156.91,STATIC
121.73333333333333,3648,49.24,STATIC,170.14,STATIC,69.21,STATIC,26.22,STATIC,107.90,STATIC,116.82,STATIC,163.77,STATIC,157.86,STATIC
121.76666666666668,3649,51.91,STATIC,170.13,STATIC,70.76,STATIC,25.94,STATIC,107.50,STATIC,116.03,STATIC,163.48,STATIC,159.12,STATIC
121.80000000000001,3650,52.84,STATIC,170.09,STATIC,71.02,STATIC,25.87,STATIC,107.01,STATIC,114.88,STATIC,163.18,STATIC,159.77,STATIC
121.83333333333334,3651,53.14,STATIC,169.91,STATIC,71.05,STATIC,24.84,STATIC,106.56,STATIC,114.25,STATIC,163.02,STATIC,160.36,STATIC
121.86666666666667,3652,53.13,STATIC,169.94,STATIC,70.73,STATIC,24.92,STATIC,106.15,STATIC,113.66,STATIC,162.65,STATIC,160.04,STATIC
121.9,3653,52.62,STATIC,170.01,STATIC,70.53,STATIC,24.93,STATIC,105.81,STATIC,112.83,STATIC,162.17,STATIC,160.46,STATIC
121.93333333333334,3654,52.69,STATIC,170.08,STATIC,70.40,STATIC,25.05,STATIC,105.58,STATIC,112.05,STATIC,161.87,STATIC,160.98,STATIC
121.96666666666667,3655,53.12,STATIC,170.22,STATIC,70.56,STATIC,24.88,STATIC,105.48,STATIC,111.72,STATIC,161.99,STATIC,161.27,STATIC
122.00000000000001,3656,54.10,STATIC,170.43,STATIC,70.89,STATIC,24.84,STATIC,105.43,STATIC,111.74,STATIC,162.17,STATIC,161.42,STATIC
122.03333333333335,3657,54.69,STATIC,170.63,STATIC,71.20,STATIC,24.80,STATIC,105.34,STATIC,111.70,STATIC,162.13,STATIC,161.47,STATIC
122.06666666666668,3658,54.31,STATIC,170.74,STATIC,71.24,STATIC,24.99,STATIC,105.34,STATIC,111.52,STATIC,162.33,STATIC,161.58,STATIC
122.10000000000001,3659,54.07,STATIC,170.77,STATIC,71.14,STATIC,24.83,STATIC,105.35,STATIC,111.55,STATIC,162.44,STATIC,161.55,STATIC
122.13333333333334,3660,54.77,STATIC,170.67,STATIC,71.11,STATIC,24.63,STATIC,105.40,STATIC,111.50,STATIC,162.67,STATIC,161.71,STATIC
122.16666666666667,3661,57.09,STATIC,170.61,STATIC,71.40,STATIC,24.58,STATIC,105.51,STATIC,111.84,STATIC,162.74,STATIC,161.65,STATIC
122.2,3662,56.76,STATIC,170.62,STATIC,71.37,STATIC,24.62,STATIC,105.57,STATIC,111.92,STATIC,162.88,STATIC,161.76,STATIC
122.23333333333333,3663,56.52,STATIC,170.56,STATIC,70.95,STATIC,24.12,STATIC,105.67,STATIC,112.16,STATIC,163.30,STATIC,161.77,STATIC
122.26666666666668,3664,56.59,STATIC,170.50,STATIC,71.17,STATIC,24.16,STATIC,106.00,STATIC,112.72,STATIC,163.47,STATIC,160.91,STATIC
122.30000000000001,3665,56.90,STATIC,170.42,STATIC,71.29,STATIC,24.29,STATIC,106.26,STATIC,112.88,STATIC,163.65,STATIC,160.07,STATIC
122.33333333333334,3666,55.90,STATIC,170.50,STATIC,71.22,STATIC,24.32,STATIC,106.47,STATIC,113.00,STATIC,163.94,STATIC,160.02,STATIC
122.36666666666667,3667,57.95,STATIC,170.47,STATIC,72.03,STATIC,24.43,STATIC,106.66,STATIC,113.27,STATIC,164.00,STATIC,159.78,STATIC
122.4,3668,57.92,STATIC,170.46,STATIC,72.16,STATIC,24.04,STATIC,106.77,STATIC,113.60,STATIC,164.17,STATIC,159.63,STATIC
122.43333333333334,3669,56.65,STATIC,170.32,STATIC,72.47,STATIC,23.72,STATIC,106.91,STATIC,113.93,STATIC,164.19,STATIC,159.23,STATIC
122.46666666666667,3670,55.45,STATIC,170.23,STATIC,72.83,STATIC,23.67,STATIC,107.01,STATIC,114.31,STATIC,163.78,STATIC,158.84,STATIC
122.50000000000001,3671,55.07,STATIC,170.43,STATIC,72.53,STATIC,23.46,STATIC,106.99,STATIC,114.85,STATIC,163.47,STATIC,158.54,STATIC
122.53333333333335,3672,51.64,STATIC,170.34,STATIC,72.16,STATIC,23.38,STATIC,107.04,STATIC,115.63,STATIC,163.61,STATIC,158.00,STATIC
122.56666666666668,3673,49.64,STATIC,170.24,STATIC,71.42,STATIC,23.33,STATIC,106.84,STATIC,115.62,STATIC,163.18,STATIC,157.99,STATIC
122.60000000000001,3674,48.63,STATIC,170.01,STATIC,71.12,STATIC,23.23,STATIC,106.58,STATIC,115.24,STATIC,162.83,STATIC,158.74,STATIC
122.63333333333334,3675,44.40,STATIC,169.77,STATIC,69.70,STATIC,23.07,STATIC,106.27,STATIC,114.84,STATIC,162.35,STATIC,159.45,STATIC
122.66666666666667,3676,45.21,STATIC,169.62,STATIC,69.73,STATIC,22.35,STATIC,105.90,STATIC,114.67,STATIC,161.86,STATIC,160.44,STATIC
122.7,3677,44.99,STATIC,169.58,STATIC,69.57,STATIC,22.48,STATIC,105.35,STATIC,113.75,STATIC,160.91,STATIC,161.33,STATIC
122.73333333333333,3678,44.32,STATIC,169.62,STATIC,69.09,STATIC,21.80,STATIC,104.89,STATIC,112.72,STATIC,160.30,STATIC,162.76,STATIC
122.76666666666668,3679,45.23,STATIC,169.39,STATIC,69.36,STATIC,21.38,STATIC,104.56,STATIC,112.08,STATIC,159.67,STATIC,163.42,STATIC
122.80000000000001,3680,43.25,STATIC,169.25,STATIC,68.59,STATIC,21.71,STATIC,104.23,STATIC,111.79,STATIC,158.89,STATIC,163.84,STATIC
122.83333333333334,3681,44.52,STATIC,169.14,STATIC,69.17,STATIC,21.91,STATIC,104.15,STATIC,111.93,STATIC,158.64,STATIC,164.08,STATIC
122.86666666666667,3682,50.74,EXTENSION,169.00,STATIC,70.61,STATIC,22.61,STATIC,103.91,STATIC,111.71,STATIC,157.57,STATIC,164.07,STATIC
122.9,3683,57.01,EXTENSION,168.97,STATIC,71.95,STATIC,24.82,STATIC,103.55,STATIC,111.29,STATIC,155.85,STATIC,164.36,STATIC
122.93333333333334,3684,56.24,STATIC,169.04,STATIC,72.17,STATIC,24.88,STATIC,103.32,STATIC,110.95,STATIC,155.36,STATIC,164.83,STATIC
122.96666666666667,3685,56.04,STATIC,168.98,STATIC,73.02,STATIC,24.77,STATIC,103.10,STATIC,110.77,STATIC,154.58,STATIC,165.30,STATIC
123.00000000000001,3686,55.72,STATIC,169.02,STATIC,73.93,STATIC,25.65,STATIC,102.88,STATIC,110.24,STATIC,153.67,STATIC,165.20,STATIC
123.03333333333335,3687,54.17,STATIC,168.73,STATIC,73.92,STATIC,26.20,STATIC,102.73,STATIC,110.34,STATIC,152.77,STATIC,165.04,STATIC
123.06666666666668,3688,54.02,STATIC,168.68,STATIC,71.61,STATIC,27.07,STATIC,102.60,STATIC,110.36,STATIC,152.12,STATIC,164.50,STATIC
123.10000000000001,3689,54.14,STATIC,168.71,STATIC,71.25,STATIC,28.30,STATIC,102.38,STATIC,110.68,STATIC,150.90,STATIC,163.92,STATIC
123.13333333333334,3690,53.83,STATIC,168.39,STATIC,71.35,STATIC,28.67,STATIC,102.25,STATIC,111.12,STATIC,149.96,STATIC,163.40,STATIC
123.16666666666667,3691,52.99,STATIC,167.88,STATIC,70.80,STATIC,29.89,STATIC,102.14,STATIC,111.63,STATIC,149.47,STATIC,163.12,STATIC
123.2,3692,52.27,STATIC,167.56,STATIC,69.99,STATIC,29.56,STATIC,101.98,STATIC,112.23,STATIC,148.63,STATIC,162.86,STATIC
123.23333333333333,3693,51.46,STATIC,167.37,STATIC,69.97,STATIC,29.28,STATIC,101.89,STATIC,112.96,STATIC,148.47,STATIC,162.27,STATIC
123.26666666666668,3694,51.11,STATIC,167.35,STATIC,70.17,STATIC,31.44,STATIC,101.93,STATIC,113.33,STATIC,147.47,STATIC,160.59,STATIC
123.30000000000001,3695,55.09,STATIC,167.46,STATIC,70.62,STATIC,32.62,STATIC,101.87,STATIC,114.41,STATIC,146.19,STATIC,159.14,STATIC
123.33333333333334,3696,56.58,STATIC,167.57,STATIC,70.81,STATIC,31.95,STATIC,101.78,STATIC,115.70,STATIC,145.50,STATIC,157.84,STATIC
123.36666666666667,3697,55.98,STATIC,167.53,STATIC,70.77,STATIC,31.67,STATIC,101.87,STATIC,118.09,STATIC,145.21,STATIC,156.84,STATIC
123.4,3698,55.43,STATIC,167.40,STATIC,70.53,STATIC,31.57,STATIC,101.96,STATIC,120.10,STATIC,144.04,STATIC,154.84,STATIC
123.43333333333334,3699,53.86,STATIC,167.28,STATIC,70.04,STATIC,31.29,STATIC,101.98,STATIC,121.87,STATIC,143.18,STATIC,152.35,STATIC
123.46666666666667,3700,52.06,STATIC,167.29,STATIC,69.65,STATIC,31.44,STATIC,101.92,STATIC,123.77,STATIC,142.09,STATIC,150.03,STATIC
123.50000000000001,3701,51.47,STATIC,167.10,STATIC,69.62,STATIC,31.24,STATIC,101.94,STATIC,125.57,STATIC,141.19,STATIC,148.07,STATIC
123.53333333333335,3702,50.63,STATIC,166.94,STATIC,69.65,STATIC,31.41,STATIC,101.89,STATIC,127.30,STATIC,141.71,STATIC,145.75,STATIC
123.56666666666668,3703,50.41,STATIC,166.66,STATIC,69.82,STATIC,31.66,STATIC,101.83,STATIC,128.47,STATIC,140.38,STATIC,142.96,STATIC
123.60000000000001,3704,50.28,STATIC,166.47,STATIC,69.96,STATIC,32.18,STATIC,101.82,STATIC,129.87,STATIC,138.75,STATIC,140.97,STATIC
123.63333333333334,3705,50.60,STATIC,166.72,STATIC,70.20,STATIC,32.00,STATIC,101.82,STATIC,131.12,STATIC,137.49,STATIC,138.75,STATIC
123.66666666666667,3706,49.83,STATIC,166.89,STATIC,69.45,STATIC,31.71,STATIC,101.84,STATIC,132.31,STATIC,136.69,STATIC,136.05,STATIC
123.7,3707,49.82,STATIC,167.05,STATIC,69.34,STATIC,31.20,STATIC,101.76,STATIC,133.70,STATIC,136.31,STATIC,134.10,STATIC
123.73333333333333,3708,48.34,STATIC,167.20,STATIC,69.22,STATIC,31.19,STATIC,101.81,STATIC,135.46,STATIC,135.84,STATIC,132.07,STATIC
123.76666666666668,3709,48.51,STATIC,167.26,STATIC,69.18,STATIC,31.28,STATIC,101.81,STATIC,136.70,STATIC,135.89,STATIC,130.22,STATIC
123.80000000000001,3710,48.01,STATIC,167.37,STATIC,69.08,STATIC,31.49,STATIC,101.75,STATIC,137.65,STATIC,135.24,STATIC,130.58,STATIC
123.83333333333334,3711,48.25,STATIC,167.48,STATIC,68.96,STATIC,31.77,STATIC,101.68,STATIC,138.74,STATIC,134.99,STATIC,128.10,STATIC
123.86666666666667,3712,48.34,STATIC,167.58,STATIC,68.89,STATIC,31.78,STATIC,101.61,STATIC,139.47,STATIC,134.52,STATIC,126.32,STATIC
123.9,3713,47.88,STATIC,167.69,STATIC,69.49,STATIC,31.21,STATIC,101.53,STATIC,140.17,STATIC,134.04,STATIC,126.55,STATIC
123.93333333333334,3714,48.04,STATIC,167.60,STATIC,69.37,STATIC,31.16,STATIC,101.43,STATIC,140.38,STATIC,133.45,STATIC,124.63,STATIC
123.96666666666667,3715,49.24,STATIC,167.61,STATIC,70.23,STATIC,31.06,STATIC,101.32,STATIC,140.99,STATIC,133.05,STATIC,125.22,STATIC
124.00000000000001,3716,48.57,STATIC,167.62,STATIC,70.38,STATIC,31.29,STATIC,101.25,STATIC,141.40,STATIC,132.35,STATIC,125.31,STATIC
124.03333333333335,3717,48.41,STATIC,167.69,STATIC,71.42,STATIC,31.47,STATIC,101.11,STATIC,141.31,STATIC,132.23,STATIC,124.21,STATIC
124.06666666666668,3718,47.15,STATIC,167.70,STATIC,72.33,STATIC,31.78,STATIC,100.95,STATIC,141.41,STATIC,132.01,STATIC,126.00,STATIC
124.10000000000001,3719,46.98,STATIC,167.74,STATIC,72.84,STATIC,31.47,STATIC,100.81,STATIC,141.06,STATIC,131.71,STATIC,127.31,STATIC
124.13333333333334,3720,48.53,STATIC,167.95,STATIC,72.11,STATIC,31.16,STATIC,100.75,STATIC,140.30,STATIC,131.46,STATIC,126.54,STATIC
124.16666666666667,3721,43.44,FLEXION,168.28,STATIC,71.90,STATIC,30.65,STATIC,100.66,STATIC,139.40,STATIC,130.98,STATIC,128.94,STATIC
124.2,3722,45.34,STATIC,168.61,STATIC,72.06,STATIC,30.24,STATIC,100.54,STATIC,137.36,STATIC,130.57,STATIC,131.68,STATIC
124.23333333333333,3723,45.71,STATIC,168.89,STATIC,72.24,STATIC,29.21,STATIC,100.46,STATIC,136.21,STATIC,130.62,STATIC,133.84,STATIC
124.26666666666668,3724,45.76,STATIC,169.18,STATIC,72.77,STATIC,27.26,STATIC,100.41,STATIC,135.31,STATIC,131.57,STATIC,136.29,STATIC
124.30000000000001,3725,40.60,FLEXION,169.39,STATIC,72.15,STATIC,25.67,STATIC,100.43,STATIC,136.14,STATIC,132.42,STATIC,135.54,STATIC
124.33333333333334,3726,46.19,EXTENSION,169.19,STATIC,72.79,STATIC,26.55,STATIC,100.36,STATIC,135.56,STATIC,132.52,STATIC,136.04,STATIC
124.36666666666667,3727,48.11,STATIC,168.94,STATIC,73.78,STATIC,27.25,STATIC,100.25,STATIC,133.84,STATIC,132.29,STATIC,138.06,STATIC
124.4,3728,46.73,STATIC,168.58,STATIC,72.79,STATIC,27.39,STATIC,100.16,STATIC,132.14,STATIC,132.01,STATIC,139.99,STATIC
124.43333333333334,3729,47.26,STATIC,168.18,STATIC,73.91,STATIC,27.50,STATIC,100.10,STATIC,131.05,STATIC,132.28,STATIC,141.51,STATIC
124.46666666666667,3730,46.39,STATIC,167.77,STATIC,74.99,STATIC,28.00,STATIC,100.03,STATIC,129.38,STATIC,132.60,STATIC,143.99,STATIC
124.50000000000001,3731,43.14,STATIC,166.83,STATIC,74.28,STATIC,29.88,STATIC,100.01,STATIC,127.74,STATIC,132.12,STATIC,145.88,STATIC
124.53333333333335,3732,42.94,STATIC,165.47,STATIC,74.17,STATIC,31.77,STATIC,99.88,STATIC,125.29,STATIC,131.03,STATIC,148.70,STATIC
124.56666666666668,3733,39.68,STATIC,162.63,STATIC,73.81,STATIC,33.07,STATIC,99.73,STATIC,124.76,STATIC,129.87,STATIC,149.33,STATIC
124.60000000000001,3734,33.67,FLEXION,158.06,STATIC,72.41,STATIC,34.24,STATIC,99.62,STATIC,124.39,STATIC,128.76,STATIC,148.98,STATIC
124.63333333333334,3735,30.92,STATIC,153.66,STATIC,72.29,STATIC,37.03,STATIC,99.57,STATIC,123.41,STATIC,127.82,STATIC,149.39,STATIC
124.66666666666667,3736,32.56,STATIC,148.48,FLEXION,73.82,STATIC,42.70,EXTENSION,99.43,STATIC,122.21,STATIC,125.87,STATIC,150.64,STATIC
124.7,3737,30.70,STATIC,141.48,FLEXION,75.13,STATIC,41.62,STATIC,99.24,STATIC,121.21,STATIC,123.97,STATIC,152.22,STATIC
124.73333333333333,3738,28.88,STATIC,135.64,FLEXION,76.08,STATIC,42.34,STATIC,99.09,STATIC,120.09,STATIC,122.31,STATIC,153.68,STATIC
124.76666666666668,3739,24.60,STATIC,128.80,FLEXION,76.77,STATIC,39.65,STATIC,98.98,STATIC,118.34,STATIC,121.54,STATIC,157.87,STATIC
124.80000000000001,3740,20.84,STATIC,117.41,FLEXION,78.29,STATIC,39.08,STATIC,98.78,STATIC,116.70,STATIC,120.58,STATIC,161.52,STATIC
124.83333333333334,3741,16.08,STATIC,102.91,FLEXION,79.34,STATIC,35.97,STATIC,98.44,STATIC,114.18,STATIC,119.56,STATIC,164.66,STATIC
124.86666666666667,3742,16.64,STATIC,92.96,FLEXION,79.65,STATIC,31.08,STATIC,98.29,STATIC,112.34,STATIC,118.50,STATIC,169.13,STATIC
124.9,3743,17.04,STATIC,91.50,STATIC,79.60,STATIC,31.88,STATIC,98.23,STATIC,111.03,STATIC,117.83,STATIC,171.96,STATIC
124.93333333333334,3744,16.92,STATIC,89.37,STATIC,79.50,STATIC,34.11,STATIC,98.28,STATIC,110.38,STATIC,117.39,STATIC,172.94,STATIC
124.96666666666667,3745,17.95,STATIC,90.55,STATIC,79.42,STATIC,32.24,STATIC,98.33,STATIC,110.00,STATIC,116.75,STATIC,173.70,STATIC
125.00000000000001,3746,19.19,STATIC,90.54,STATIC,79.65,STATIC,31.75,STATIC,98.44,STATIC,109.72,STATIC,115.95,STATIC,173.98,STATIC
125.03333333333335,3747,16.17,STATIC,95.86,EXTENSION,80.33,STATIC,34.38,STATIC,98.46,STATIC,109.31,STATIC,115.21,STATIC,173.82,STATIC
125.06666666666668,3748,14.17,STATIC,102.63,EXTENSION,81.19,STATIC,36.50,STATIC,98.49,STATIC,108.51,STATIC,114.25,STATIC,173.63,STATIC
125.10000000000001,3749,13.53,STATIC,107.43,STATIC,81.73,STATIC,37.85,STATIC,98.49,STATIC,107.73,STATIC,113.15,STATIC,172.56,STATIC
125.13333333333334,3750,12.80,STATIC,113.33,EXTENSION,82.11,STATIC,40.38,STATIC,98.51,STATIC,107.11,STATIC,112.58,STATIC,171.42,STATIC
125.16666666666667,3751,12.81,STATIC,121.27,EXTENSION,82.51,STATIC,44.66,STATIC,98.54,STATIC,106.43,STATIC,111.97,STATIC,169.71,STATIC
125.2,3752,12.97,STATIC,120.98,STATIC,82.77,STATIC,45.18,STATIC,98.54,STATIC,105.91,STATIC,111.47,STATIC,168.42,STATIC
125.23333333333333,3753,12.94,STATIC,121.98,STATIC,83.01,STATIC,44.36,STATIC,98.64,STATIC,105.48,STATIC,110.92,STATIC,166.94,STATIC
125.26666666666668,3754,13.13,STATIC,125.59,STATIC,83.14,STATIC,46.87,STATIC,98.62,STATIC,104.96,STATIC,110.13,STATIC,164.90,STATIC
125.30000000000001,3755,13.04,STATIC,125.68,STATIC,83.23,STATIC,47.87,STATIC,98.64,STATIC,104.52,STATIC,109.49,STATIC,162.88,STATIC
125.33333333333334,3756,12.92,STATIC,126.34,STATIC,83.43,STATIC,49.21,STATIC,98.62,STATIC,104.11,STATIC,108.97,STATIC,160.82,STATIC
125.36666666666667,3757,12.89,STATIC,127.48,STATIC,83.46,STATIC,49.49,STATIC,98.59,STATIC,103.80,STATIC,108.58,STATIC,159.24,STATIC
125.4,3758,12.87,STATIC,128.58,STATIC,83.43,STATIC,50.03,STATIC,98.57,STATIC,103.49,STATIC,108.09,STATIC,157.59,STATIC
125.43333333333334,3759,13.02,STATIC,131.98,STATIC,83.48,STATIC,51.88,STATIC,98.54,STATIC,103.24,STATIC,107.71,STATIC,156.05,STATIC
125.46666666666667,3760,13.01,STATIC,131.62,STATIC,83.56,STATIC,52.07,STATIC,98.47,STATIC,102.97,STATIC,107.38,STATIC,154.63,STATIC
125.50000000000001,3761,12.90,STATIC,131.71,STATIC,83.69,STATIC,50.87,STATIC,98.48,STATIC,102.86,STATIC,107.26,STATIC,153.55,STATIC
125.53333333333335,3762,12.82,STATIC,130.06,STATIC,83.74,STATIC,48.87,STATIC,98.50,STATIC,102.85,STATIC,107.09,STATIC,152.76,STATIC
125.56666666666668,3763,12.93,STATIC,133.52,STATIC,83.74,STATIC,51.87,STATIC,98.53,STATIC,103.03,STATIC,106.77,STATIC,152.69,STATIC
125.60000000000001,3764,13.25,STATIC,133.69,STATIC,83.84,STATIC,53.45,STATIC,98.56,STATIC,102.93,STATIC,106.74,STATIC,152.01,STATIC
125.63333333333334,3765,13.81,STATIC,134.33,STATIC,83.86,STATIC,54.55,STATIC,98.58,STATIC,102.90,STATIC,106.81,STATIC,151.99,STATIC
125.66666666666667,3766,13.87,STATIC,136.82,STATIC,83.73,STATIC,57.44,STATIC,98.61,STATIC,102.94,STATIC,106.80,STATIC,151.79,STATIC
125.7,3767,13.75,STATIC,136.69,STATIC,83.60,STATIC,57.54,STATIC,98.65,STATIC,103.12,STATIC,107.16,STATIC,152.47,STATIC
125.73333333333335,3768,13.92,STATIC,136.76,STATIC,83.65,STATIC,58.63,STATIC,98.66,STATIC,103.21,STATIC,107.40,STATIC,152.89,STATIC
125.76666666666668,3769,13.62,STATIC,137.37,STATIC,83.45,STATIC,58.46,STATIC,98.73,STATIC,103.38,STATIC,107.53,STATIC,152.80,STATIC
125.80000000000001,3770,13.37,STATIC,130.96,FLEXION,83.34,STATIC,55.72,STATIC,98.87,STATIC,103.78,STATIC,108.20,STATIC,154.86,STATIC
125.83333333333334,3771,12.98,STATIC,133.98,STATIC,83.43,STATIC,56.57,STATIC,98.93,STATIC,104.12,STATIC,109.02,STATIC,155.84,STATIC
125.86666666666667,3772,12.65,STATIC,130.04,STATIC,83.44,STATIC,53.29,STATIC,99.05,STATIC,104.69,STATIC,111.14,STATIC,157.95,STATIC
125.9,3773,12.62,STATIC,127.94,STATIC,83.56,STATIC,49.36,STATIC,99.21,STATIC,105.64,STATIC,113.63,STATIC,159.88,STATIC
125.93333333333334,3774,12.54,STATIC,126.09,STATIC,83.44,STATIC,48.92,STATIC,99.41,STATIC,106.26,STATIC,115.03,STATIC,161.66,STATIC
125.96666666666667,3775,12.10,STATIC,119.14,FLEXION,83.32,STATIC,44.06,STATIC,99.65,STATIC,106.88,STATIC,116.91,STATIC,162.47,STATIC
126.00000000000001,3776,12.43,STATIC,120.49,STATIC,83.04,STATIC,43.09,STATIC,99.84,STATIC,107.05,STATIC,119.12,STATIC,161.80,STATIC
126.03333333333335,3777,21.17,EXTENSION,112.93,FLEXION,81.88,STATIC,39.66,STATIC,100.22,STATIC,107.81,STATIC,120.06,STATIC,162.70,STATIC
126.06666666666668,3778,18.41,STATIC,111.31,STATIC,81.70,STATIC,37.39,STATIC,100.64,STATIC,108.98,STATIC,123.16,STATIC,162.60,STATIC
126.10000000000001,3779,18.21,STATIC,109.85,STATIC,81.52,STATIC,36.85,STATIC,100.98,STATIC,110.06,STATIC,125.61,STATIC,164.48,STATIC
126.13333333333334,3780,18.39,STATIC,108.20,STATIC,81.24,STATIC,34.11,STATIC,101.11,STATIC,110.22,STATIC,126.40,STATIC,166.63,STATIC
126.16666666666667,3781,19.01,STATIC,110.28,STATIC,80.49,STATIC,30.11,STATIC,101.55,STATIC,111.23,STATIC,127.35,STATIC,169.04,STATIC
126.2,3782,20.25,STATIC,116.88,EXTENSION,79.85,STATIC,30.15,STATIC,102.10,STATIC,111.73,STATIC,126.31,STATIC,169.37,STATIC
126.23333333333335,3783,21.45,STATIC,130.25,EXTENSION,79.35,STATIC,31.73,STATIC,102.79,STATIC,112.83,STATIC,127.36,STATIC,170.07,STATIC
126.26666666666668,3784,22.29,STATIC,145.59,EXTENSION,78.87,STATIC,30.98,STATIC,103.37,STATIC,112.97,STATIC,131.00,STATIC,168.92,STATIC
126.30000000000001,3785,22.74,STATIC,158.16,EXTENSION,78.85,STATIC,33.21,STATIC,103.33,STATIC,113.19,STATIC,130.87,STATIC,169.20,STATIC
126.33333333333334,3786,23.40,STATIC,163.57,EXTENSION,78.49,STATIC,33.83,STATIC,103.41,STATIC,113.85,STATIC,130.66,STATIC,169.56,STATIC
126.36666666666667,3787,23.15,STATIC,166.45,STATIC,78.56,STATIC,34.80,STATIC,103.23,STATIC,113.00,STATIC,130.55,STATIC,164.23,FLEXION
126.4,3788,21.65,STATIC,166.83,STATIC,78.81,STATIC,36.81,STATIC,103.75,STATIC,112.77,STATIC,133.58,STATIC,161.75,STATIC
126.43333333333334,3789,20.47,STATIC,167.89,STATIC,78.79,STATIC,36.68,STATIC,103.90,STATIC,113.55,STATIC,135.55,STATIC,161.68,STATIC
126.46666666666667,3790,19.39,STATIC,171.37,STATIC,78.13,STATIC,35.14,STATIC,103.82,STATIC,114.37,STATIC,135.92,STATIC,163.88,STATIC
126.50000000000001,3791,19.02,STATIC,172.89,STATIC,77.78,STATIC,34.23,STATIC,104.07,STATIC,114.04,STATIC,138.97,STATIC,165.72,STATIC
126.53333333333335,3792,19.25,STATIC,172.40,STATIC,77.64,STATIC,33.10,STATIC,104.33,STATIC,114.88,STATIC,141.18,STATIC,166.56,STATIC
126.56666666666668,3793,19.32,STATIC,171.60,STATIC,77.45,STATIC,33.03,STATIC,104.54,STATIC,116.34,STATIC,144.63,STATIC,168.14,STATIC
126.60000000000001,3794,19.52,STATIC,172.84,STATIC,77.49,STATIC,32.68,STATIC,104.80,STATIC,117.34,STATIC,147.16,STATIC,164.73,STATIC
126.63333333333334,3795,19.80,STATIC,173.21,STATIC,77.59,STATIC,32.79,STATIC,105.12,STATIC,118.30,STATIC,148.68,STATIC,162.69,STATIC
126.66666666666667,3796,19.98,STATIC,173.72,STATIC,77.27,STATIC,34.72,STATIC,105.48,STATIC,118.66,STATIC,150.58,STATIC,162.96,STATIC
126.7,3797,20.13,STATIC,173.32,STATIC,77.27,STATIC,36.17,STATIC,105.81,STATIC,119.20,STATIC,151.77,STATIC,162.38,STATIC
126.73333333333335,3798,20.46,STATIC,172.74,STATIC,77.10,STATIC,35.84,STATIC,105.79,STATIC,119.07,STATIC,154.21,STATIC,162.30,STATIC
126.76666666666668,3799,21.02,STATIC,171.96,STATIC,76.95,STATIC,32.35,STATIC,105.99,STATIC,118.15,STATIC,156.44,STATIC,163.11,STATIC
126.80000000000001,3800,21.12,STATIC,172.47,STATIC,76.79,STATIC,35.14,STATIC,106.43,STATIC,118.99,STATIC,157.48,STATIC,161.55,STATIC
126.83333333333334,3801,21.39,STATIC,171.78,STATIC,76.51,STATIC,35.67,STATIC,106.50,STATIC,116.28,STATIC,155.85,STATIC,155.30,FLEXION
126.86666666666667,3802,21.90,STATIC,172.35,STATIC,76.29,STATIC,34.99,STATIC,106.34,STATIC,115.06,STATIC,154.85,STATIC,154.42,STATIC
126.9,3803,22.36,STATIC,173.41,STATIC,76.06,STATIC,34.67,STATIC,106.18,STATIC,112.62,STATIC,153.62,STATIC,152.44,STATIC
126.93333333333334,3804,22.01,STATIC,171.61,STATIC,75.74,STATIC,35.05,STATIC,106.26,STATIC,112.44,STATIC,154.05,STATIC,154.91,STATIC
126.96666666666667,3805,22.14,STATIC,168.89,STATIC,75.60,STATIC,35.19,STATIC,106.58,STATIC,112.85,STATIC,156.21,STATIC,156.74,STATIC
127.00000000000001,3806,22.57,STATIC,166.46,STATIC,75.70,STATIC,36.94,STATIC,106.73,STATIC,113.54,STATIC,156.86,STATIC,157.46,STATIC
127.03333333333335,3807,22.90,STATIC,164.52,STATIC,75.54,STATIC,38.84,STATIC,106.65,STATIC,114.17,STATIC,157.76,STATIC,157.73,STATIC
127.06666666666668,3808,23.08,STATIC,163.31,STATIC,75.67,STATIC,38.30,STATIC,106.86,STATIC,114.63,STATIC,157.44,STATIC,157.09,STATIC
127.10000000000001,3809,23.19,STATIC,162.75,STATIC,75.97,STATIC,37.87,STATIC,106.62,STATIC,115.14,STATIC,156.11,STATIC,157.15,STATIC
127.13333333333334,3810,23.64,STATIC,161.35,STATIC,76.12,STATIC,37.79,STATIC,106.17,STATIC,115.78,STATIC,155.10,STATIC,159.63,STATIC
127.16666666666667,3811,24.53,STATIC,160.87,STATIC,75.91,STATIC,36.27,STATIC,106.01,STATIC,117.63,STATIC,154.33,STATIC,162.53,STATIC
127.2,3812,25.02,STATIC,160.65,STATIC,75.72,STATIC,35.79,STATIC,105.67,STATIC,118.44,STATIC,153.86,STATIC,164.53,STATIC
127.23333333333335,3813,24.88,STATIC,160.87,STATIC,75.81,STATIC,36.22,STATIC,105.27,STATIC,117.79,STATIC,150.60,STATIC,165.91,STATIC
127.26666666666668,3814,24.64,STATIC,161.45,STATIC,75.98,STATIC,39.98,STATIC,105.29,STATIC,117.55,STATIC,151.34,STATIC,165.32,STATIC
127.30000000000001,3815,24.48,STATIC,162.89,STATIC,76.02,STATIC,38.87,STATIC,105.49,STATIC,117.48,STATIC,151.22,STATIC,163.47,STATIC
127.33333333333334,3816,24.29,STATIC,163.71,STATIC,76.07,STATIC,39.76,STATIC,105.31,STATIC,116.09,STATIC,150.52,STATIC,163.69,STATIC
127.36666666666667,3817,23.90,STATIC,164.85,STATIC,76.23,STATIC,39.21,STATIC,105.02,STATIC,114.54,STATIC,150.47,STATIC,162.28,STATIC
127.4,3818,23.64,STATIC,166.15,STATIC,76.33,STATIC,39.13,STATIC,104.86,STATIC,113.28,STATIC,150.48,STATIC,161.77,STATIC
127.43333333333334,3819,23.50,STATIC,166.53,STATIC,76.44,STATIC,40.19,STATIC,104.98,STATIC,113.29,STATIC,150.50,STATIC,160.52,STATIC
127.46666666666667,3820,23.00,STATIC,168.26,STATIC,76.60,STATIC,40.10,STATIC,104.95,STATIC,112.99,STATIC,150.01,STATIC,159.80,STATIC
127.50000000000001,3821,22.47,STATIC,168.63,STATIC,76.76,STATIC,40.28,STATIC,104.97,STATIC,113.16,STATIC,148.32,STATIC,160.39,STATIC
127.53333333333335,3822,21.98,STATIC,169.50,STATIC,76.81,STATIC,39.99,STATIC,104.80,STATIC,112.62,STATIC,148.91,STATIC,160.35,STATIC
127.56666666666668,3823,21.68,STATIC,169.91,STATIC,76.79,STATIC,40.03,STATIC,104.61,STATIC,112.24,STATIC,148.77,STATIC,160.00,STATIC
127.60000000000001,3824,21.43,STATIC,169.76,STATIC,76.71,STATIC,40.56,STATIC,104.66,STATIC,112.86,STATIC,150.17,STATIC,160.50,STATIC
127.63333333333334,3825,21.13,STATIC,169.69,STATIC,76.83,STATIC,40.77,STATIC,104.35,STATIC,112.62,STATIC,150.94,STATIC,160.51,STATIC
127.66666666666667,3826,20.83,STATIC,168.65,STATIC,76.90,STATIC,41.12,STATIC,104.42,STATIC,113.15,STATIC,150.52,STATIC,160.46,STATIC
127.7,3827,20.58,STATIC,168.45,STATIC,77.02,STATIC,40.87,STATIC,104.53,STATIC,115.27,STATIC,151.99,STATIC,164.30,STATIC
127.73333333333335,3828,20.42,STATIC,166.83,STATIC,77.16,STATIC,41.63,STATIC,104.61,STATIC,115.60,STATIC,152.82,STATIC,163.55,STATIC
127.76666666666668,3829,20.33,STATIC,166.43,STATIC,77.13,STATIC,41.74,STATIC,104.58,STATIC,114.53,STATIC,152.81,STATIC,163.31,STATIC
127.80000000000001,3830,20.33,STATIC,164.40,STATIC,77.02,STATIC,43.20,STATIC,104.62,STATIC,115.00,STATIC,150.68,STATIC,162.28,STATIC
127.83333333333334,3831,20.93,STATIC,164.18,STATIC,76.88,STATIC,43.20,STATIC,104.92,STATIC,117.55,STATIC,147.49,STATIC,169.28,EXTENSION
127.86666666666667,3832,21.95,STATIC,161.87,STATIC,77.02,STATIC,44.05,STATIC,105.13,STATIC,111.95,FLEXION,150.99,STATIC,159.25,FLEXION
127.93333333333334,3833,22.88,STATIC,161.70,STATIC,76.76,STATIC,44.17,STATIC,105.26,STATIC,114.96,STATIC,150.62,STATIC,166.09,EXTENSION
127.96666666666667,3834,23.73,STATIC,160.42,STATIC,76.56,STATIC,43.39,STATIC,105.72,STATIC,117.19,STATIC,150.39,STATIC,170.16,STATIC
128.0,3835,24.68,STATIC,158.97,STATIC,76.41,STATIC,42.76,STATIC,106.10,STATIC,117.20,STATIC,151.16,STATIC,170.25,STATIC
128.03333333333333,3836,26.45,STATIC,158.36,STATIC,76.24,STATIC,42.59,STATIC,106.67,STATIC,117.80,STATIC,150.63,STATIC,169.12,STATIC
128.06666666666666,3837,28.61,STATIC,154.79,STATIC,76.19,STATIC,41.80,STATIC,107.34,STATIC,118.36,STATIC,151.34,STATIC,168.62,STATIC
128.1,3838,34.26,EXTENSION,158.58,STATIC,76.31,STATIC,35.69,FLEXION,107.73,STATIC,119.57,STATIC,152.81,STATIC,169.55,STATIC
128.13333333333335,3839,37.82,STATIC,160.46,STATIC,76.38,STATIC,36.55,STATIC,107.74,STATIC,120.63,STATIC,151.51,STATIC,168.54,STATIC
128.16666666666669,3840,38.24,STATIC,160.90,STATIC,76.44,STATIC,37.11,STATIC,108.06,STATIC,122.16,STATIC,152.43,STATIC,168.02,STATIC
128.20000000000002,3841,36.98,STATIC,162.72,STATIC,76.54,STATIC,36.30,STATIC,108.23,STATIC,123.24,STATIC,153.28,STATIC,166.32,STATIC
128.23333333333335,3842,37.83,STATIC,162.23,STATIC,76.74,STATIC,36.15,STATIC,108.07,STATIC,121.66,STATIC,153.96,STATIC,162.79,STATIC
128.26666666666668,3843,38.68,STATIC,161.10,STATIC,77.01,STATIC,37.02,STATIC,107.95,STATIC,120.22,STATIC,153.51,STATIC,159.09,STATIC
128.3,3844,33.54,FLEXION,164.60,STATIC,76.95,STATIC,34.24,STATIC,107.81,STATIC,121.69,STATIC,154.82,STATIC,159.90,STATIC
128.33333333333334,3845,30.18,STATIC,166.73,STATIC,77.16,STATIC,33.99,STATIC,107.59,STATIC,121.13,STATIC,154.11,STATIC,158.62,STATIC
128.36666666666667,3846,27.96,STATIC,166.55,STATIC,77.46,STATIC,33.93,STATIC,107.46,STATIC,121.24,STATIC,155.60,STATIC,158.19,STATIC
128.4,3847,26.99,STATIC,167.16,STATIC,77.60,STATIC,33.60,STATIC,107.35,STATIC,122.63,STATIC,157.12,STATIC,158.66,STATIC
128.43333333333334,3848,26.58,STATIC,167.27,STATIC,77.82,STATIC,33.97,STATIC,106.78,STATIC,120.30,STATIC,155.14,STATIC,155.35,STATIC
128.46666666666667,3849,25.77,STATIC,168.30,STATIC,77.79,STATIC,33.19,STATIC,106.61,STATIC,119.91,STATIC,155.37,STATIC,155.96,STATIC
128.5,3850,24.51,STATIC,168.88,STATIC,77.85,STATIC,32.79,STATIC,106.36,STATIC,119.36,STATIC,154.75,STATIC,156.25,STATIC
128.53333333333333,3851,23.70,STATIC,168.82,STATIC,77.68,STATIC,33.35,STATIC,106.27,STATIC,118.46,STATIC,154.15,STATIC,155.31,STATIC
128.56666666666666,3852,22.86,STATIC,168.70,STATIC,77.57,STATIC,33.04,STATIC,106.59,STATIC,118.16,STATIC,154.01,STATIC,156.54,STATIC
128.6,3853,22.37,STATIC,168.46,STATIC,77.48,STATIC,32.94,STATIC,106.48,STATIC,119.39,STATIC,154.46,STATIC,156.96,STATIC
128.63333333333335,3854,20.59,STATIC,167.78,STATIC,77.75,STATIC,33.87,STATIC,106.56,STATIC,120.75,STATIC,154.42,STATIC,157.13,STATIC
128.66666666666669,3855,18.88,STATIC,167.76,STATIC,78.04,STATIC,33.37,STATIC,106.82,STATIC,121.55,STATIC,155.29,STATIC,155.68,STATIC
128.70000000000002,3856,17.41,STATIC,167.43,STATIC,78.01,STATIC,33.26,STATIC,107.03,STATIC,122.12,STATIC,154.89,STATIC,154.69,STATIC
128.73333333333335,3857,16.66,STATIC,167.88,STATIC,78.24,STATIC,32.60,STATIC,106.77,STATIC,123.05,STATIC,154.81,STATIC,155.61,STATIC
128.76666666666668,3858,16.82,STATIC,168.27,STATIC,78.25,STATIC,32.66,STATIC,105.77,STATIC,122.69,STATIC,153.33,STATIC,155.92,STATIC
128.8,3859,17.56,STATIC,167.73,STATIC,78.39,STATIC,34.67,STATIC,105.04,STATIC,120.76,STATIC,150.75,STATIC,157.42,STATIC
128.83333333333334,3860,17.14,STATIC,167.28,STATIC,78.58,STATIC,35.92,STATIC,104.43,STATIC,118.97,STATIC,150.04,STATIC,157.30,STATIC
128.86666666666667,3861,16.63,STATIC,167.01,STATIC,78.63,STATIC,35.97,STATIC,104.02,STATIC,117.90,STATIC,149.10,STATIC,156.45,STATIC
128.9,3862,16.01,STATIC,166.22,STATIC,78.13,STATIC,33.44,STATIC,103.05,STATIC,118.37,STATIC,147.31,STATIC,161.01,STATIC
128.93333333333334,3863,17.18,STATIC,166.19,STATIC,78.18,STATIC,34.04,STATIC,102.77,STATIC,116.91,STATIC,145.36,STATIC,160.53,STATIC
128.96666666666667,3864,17.99,STATIC,165.51,STATIC,78.09,STATIC,34.22,STATIC,102.15,STATIC,116.04,STATIC,142.26,STATIC,160.81,STATIC
129.0,3865,18.91,STATIC,165.15,STATIC,77.99,STATIC,34.25,STATIC,101.87,STATIC,114.58,STATIC,140.74,STATIC,161.90,STATIC
129.03333333333333,3866,20.01,STATIC,164.09,STATIC,78.02,STATIC,34.52,STATIC,101.45,STATIC,112.55,STATIC,138.09,STATIC,159.81,STATIC
129.06666666666666,3867,19.42,STATIC,163.49,STATIC,78.36,STATIC,34.31,STATIC,101.55,STATIC,111.22,STATIC,136.04,STATIC,160.83,STATIC
129.1,3868,19.93,STATIC,163.49,STATIC,78.77,STATIC,34.84,STATIC,101.12,STATIC,110.42,STATIC,133.64,STATIC,160.05,STATIC
129.13333333333335,3869,20.15,STATIC,163.05,STATIC,79.17,STATIC,35.20,STATIC,101.08,STATIC,109.73,STATIC,132.05,STATIC,160.25,STATIC
129.16666666666669,3870,20.15,STATIC,162.59,STATIC,79.41,STATIC,34.76,STATIC,100.86,STATIC,109.46,STATIC,131.02,STATIC,159.51,STATIC
129.20000000000002,3871,20.20,STATIC,162.98,STATIC,79.46,STATIC,33.79,STATIC,100.50,STATIC,108.78,STATIC,129.08,STATIC,159.26,STATIC
129.23333333333335,3872,20.55,STATIC,163.12,STATIC,79.90,STATIC,34.34,STATIC,100.19,STATIC,108.11,STATIC,127.46,STATIC,158.10,STATIC
129.26666666666668,3873,20.63,STATIC,163.71,STATIC,80.05,STATIC,34.63,STATIC,99.95,STATIC,107.79,STATIC,126.10,STATIC,158.38,STATIC
129.3,3874,20.47,STATIC,164.71,STATIC,80.28,STATIC,34.73,STATIC,99.69,STATIC,107.59,STATIC,124.46,STATIC,159.26,STATIC
129.33333333333334,3875,19.42,STATIC,165.13,STATIC,80.28,STATIC,34.56,STATIC,99.90,STATIC,106.95,STATIC,123.88,STATIC,157.81,STATIC
129.36666666666667,3876,18.66,STATIC,165.89,STATIC,80.16,STATIC,33.90,STATIC,99.75,STATIC,106.59,STATIC,121.96,STATIC,157.81,STATIC
129.4,3877,18.55,STATIC,165.91,STATIC,80.20,STATIC,34.05,STATIC,99.58,STATIC,106.29,STATIC,120.26,STATIC,159.76,STATIC
129.43333333333334,3878,18.86,STATIC,165.95,STATIC,80.08,STATIC,35.17,STATIC,99.45,STATIC,106.09,STATIC,119.32,STATIC,158.90,STATIC
129.46666666666667,3879,18.73,STATIC,166.38,STATIC,80.10,STATIC,37.55,STATIC,99.34,STATIC,105.30,STATIC,118.19,STATIC,157.13,STATIC
129.5,3880,18.48,STATIC,166.81,STATIC,79.98,STATIC,36.87,STATIC,99.36,STATIC,105.26,STATIC,117.54,STATIC,158.52,STATIC
129.53333333333333,3881,18.58,STATIC,166.70,STATIC,79.92,STATIC,36.82,STATIC,99.28,STATIC,104.92,STATIC,117.05,STATIC,157.41,STATIC
129.56666666666666,3882,18.60,STATIC,166.40,STATIC,79.95,STATIC,36.61,STATIC,99.16,STATIC,105.08,STATIC,116.37,STATIC,158.49,STATIC
129.6,3883,18.74,STATIC,166.03,STATIC,79.95,STATIC,36.33,STATIC,99.05,STATIC,105.19,STATIC,115.75,STATIC,159.34,STATIC
129.63333333333335,3884,18.30,STATIC,165.73,STATIC,79.84,STATIC,35.49,STATIC,98.97,STATIC,105.37,STATIC,115.29,STATIC,159.59,STATIC
129.66666666666669,3885,17.69,STATIC,165.55,STATIC,79.59,STATIC,35.08,STATIC,98.94,STATIC,105.54,STATIC,114.95,STATIC,160.38,STATIC
129.70000000000002,3886,17.51,STATIC,165.37,STATIC,79.49,STATIC,34.22,STATIC,98.86,STATIC,105.48,STATIC,114.64,STATIC,160.68,STATIC
129.73333333333335,3887,17.91,STATIC,165.26,STATIC,79.51,STATIC,34.22,STATIC,98.79,STATIC,105.63,STATIC,114.34,STATIC,160.86,STATIC
129.76666666666668,3888,18.37,STATIC,165.19,STATIC,79.57,STATIC,35.13,STATIC,98.72,STATIC,105.73,STATIC,114.30,STATIC,160.16,STATIC
129.8,3889,18.47,STATIC,165.01,STATIC,79.58,STATIC,35.22,STATIC,98.63,STATIC,105.77,STATIC,113.98,STATIC,160.19,STATIC
129.83333333333334,3890,18.86,STATIC,164.96,STATIC,79.67,STATIC,35.33,STATIC,98.52,STATIC,105.64,STATIC,113.64,STATIC,159.96,STATIC
129.86666666666667,3891,18.65,STATIC,164.89,STATIC,79.70,STATIC,35.09,STATIC,98.50,STATIC,105.51,STATIC,113.34,STATIC,161.13,STATIC
129.9,3892,18.74,STATIC,164.89,STATIC,79.57,STATIC,35.00,STATIC,98.49,STATIC,105.46,STATIC,113.14,STATIC,161.88,STATIC
129.93333333333334,3893,18.74,STATIC,165.02,STATIC,79.59,STATIC,34.99,STATIC,98.45,STATIC,105.25,STATIC,112.94,STATIC,161.33,STATIC
129.96666666666667,3894,18.82,STATIC,165.20,STATIC,79.47,STATIC,34.85,STATIC,98.38,STATIC,105.20,STATIC,112.64,STATIC,161.27,STATIC
130.0,3895,18.74,STATIC,165.33,STATIC,79.49,STATIC,34.50,STATIC,98.31,STATIC,105.00,STATIC,112.38,STATIC,161.38,STATIC
130.03333333333333,3896,18.76,STATIC,165.43,STATIC,79.53,STATIC,34.32,STATIC,98.29,STATIC,104.99,STATIC,112.00,STATIC,161.75,STATIC
130.06666666666666,3897,18.74,STATIC,165.34,STATIC,79.56,STATIC,34.37,STATIC,98.29,STATIC,104.89,STATIC,111.70,STATIC,161.73,STATIC
130.1,3898,18.82,STATIC,165.24,STATIC,79.51,STATIC,34.43,STATIC,98.33,STATIC,104.71,STATIC,111.63,STATIC,160.95,STATIC
130.13333333333335,3899,18.70,STATIC,165.21,STATIC,79.56,STATIC,34.53,STATIC,98.33,STATIC,104.46,STATIC,111.55,STATIC,159.50,STATIC
130.16666666666669,3900,18.63,STATIC,165.18,STATIC,79.55,STATIC,34.52,STATIC,98.34,STATIC,104.58,STATIC,111.56,STATIC,159.73,STATIC
130.20000000000002,3901,18.44,STATIC,165.24,STATIC,79.49,STATIC,34.37,STATIC,98.34,STATIC,104.72,STATIC,111.47,STATIC,160.66,STATIC
130.23333333333335,3902,18.59,STATIC,165.37,STATIC,79.35,STATIC,34.14,STATIC,98.35,STATIC,104.96,STATIC,111.27,STATIC,162.50,STATIC
130.26666666666668,3903,18.20,STATIC,165.66,STATIC,79.32,STATIC,34.05,STATIC,98.35,STATIC,104.85,STATIC,111.28,STATIC,161.87,STATIC
130.3,3904,18.16,STATIC,166.16,STATIC,79.32,STATIC,33.89,STATIC,98.40,STATIC,104.63,STATIC,111.18,STATIC,161.21,STATIC
130.33333333333334,3905,18.43,STATIC,166.40,STATIC,79.41,STATIC,34.04,STATIC,98.49,STATIC,104.17,STATIC,111.25,STATIC,159.12,STATIC
130.36666666666667,3906,18.67,STATIC,166.21,STATIC,79.86,STATIC,34.59,STATIC,98.53,STATIC,104.05,STATIC,111.36,STATIC,158.43,STATIC
130.4,3907,18.77,STATIC,165.92,STATIC,80.03,STATIC,34.84,STATIC,98.61,STATIC,104.08,STATIC,111.83,STATIC,157.64,STATIC
130.43333333333334,3908,18.64,STATIC,165.89,STATIC,80.06,STATIC,34.73,STATIC,98.72,STATIC,104.19,STATIC,112.14,STATIC,157.95,STATIC
130.46666666666667,3909,18.57,STATIC,166.23,STATIC,80.09,STATIC,34.87,STATIC,98.84,STATIC,104.27,STATIC,112.29,STATIC,158.06,STATIC
130.5,3910,18.68,STATIC,166.71,STATIC,80.19,STATIC,34.89,STATIC,98.79,STATIC,104.43,STATIC,112.39,STATIC,157.70,STATIC
130.53333333333333,3911,18.45,STATIC,166.91,STATIC,80.39,STATIC,35.22,STATIC,98.66,STATIC,104.51,STATIC,112.68,STATIC,156.75,STATIC
130.56666666666666,3912,19.18,STATIC,166.81,STATIC,80.65,STATIC,35.45,STATIC,98.58,STATIC,104.68,STATIC,112.58,STATIC,156.28,STATIC
130.6,3913,19.13,STATIC,166.62,STATIC,80.52,STATIC,37.51,STATIC,98.52,STATIC,105.05,STATIC,112.51,STATIC,157.33,STATIC
130.63333333333335,3914,18.65,STATIC,166.13,STATIC,80.47,STATIC,38.06,STATIC,98.56,STATIC,105.29,STATIC,112.40,STATIC,159.16,STATIC
130.66666666666669,3915,17.67,STATIC,166.18,STATIC,80.45,STATIC,38.21,STATIC,98.54,STATIC,105.92,STATIC,112.38,STATIC,161.57,STATIC
130.70000000000002,3916,17.26,STATIC,166.42,STATIC,80.24,STATIC,38.13,STATIC,98.50,STATIC,106.67,STATIC,112.27,STATIC,164.54,STATIC
130.73333333333335,3917,16.46,STATIC,166.36,STATIC,80.37,STATIC,37.75,STATIC,98.59,STATIC,107.26,STATIC,111.87,STATIC,167.12,STATIC
130.76666666666668,3918,15.94,STATIC,165.95,STATIC,80.43,STATIC,37.60,STATIC,98.50,STATIC,107.97,STATIC,112.07,STATIC,168.33,STATIC
130.8,3919,15.11,STATIC,165.69,STATIC,80.48,STATIC,37.55,STATIC,98.46,STATIC,108.22,STATIC,111.86,STATIC,168.98,STATIC
130.83333333333334,3920,14.83,STATIC,165.62,STATIC,80.88,STATIC,37.59,STATIC,98.45,STATIC,108.12,STATIC,111.53,STATIC,169.44,STATIC
130.86666666666667,3921,15.24,STATIC,165.36,STATIC,80.69,STATIC,37.47,STATIC,98.52,STATIC,108.49,STATIC,111.08,STATIC,172.10,STATIC
130.9,3922,14.44,STATIC,165.29,STATIC,80.71,STATIC,37.54,STATIC,98.69,STATIC,108.12,STATIC,110.98,STATIC,172.07,STATIC
130.93333333333334,3923,14.55,STATIC,165.10,STATIC,80.84,STATIC,37.75,STATIC,99.07,STATIC,108.02,STATIC,111.20,STATIC,172.18,STATIC
130.96666666666667,3924,14.50,STATIC,164.98,STATIC,80.84,STATIC,38.60,STATIC,99.10,STATIC,107.84,STATIC,110.97,STATIC,171.84,STATIC
131.0,3925,14.54,STATIC,164.15,STATIC,81.16,STATIC,39.07,STATIC,99.00,STATIC,107.67,STATIC,110.68,STATIC,171.35,STATIC
131.03333333333333,3926,14.77,STATIC,163.97,STATIC,81.24,STATIC,38.52,STATIC,98.86,STATIC,107.77,STATIC,110.25,STATIC,170.80,STATIC
131.06666666666666,3927,14.87,STATIC,163.24,STATIC,81.47,STATIC,37.65,STATIC,98.86,STATIC,107.77,STATIC,110.04,STATIC,170.74,STATIC
131.1,3928,14.89,STATIC,162.57,STATIC,81.46,STATIC,37.76,STATIC,98.96,STATIC,107.73,STATIC,109.77,STATIC,170.82,STATIC
131.13333333333335,3929,14.94,STATIC,162.18,STATIC,81.45,STATIC,37.04,STATIC,98.88,STATIC,108.05,STATIC,109.63,STATIC,170.69,STATIC
131.16666666666669,3930,15.01,STATIC,161.63,STATIC,81.26,STATIC,35.23,STATIC,99.14,STATIC,108.28,STATIC,110.15,STATIC,170.13,STATIC
131.20000000000002,3931,15.11,STATIC,161.21,STATIC,81.11,STATIC,35.08,STATIC,99.12,STATIC,109.11,STATIC,110.06,STATIC,170.63,STATIC
131.23333333333335,3932,15.26,STATIC,160.13,STATIC,81.17,STATIC,35.49,STATIC,99.04,STATIC,108.83,STATIC,109.57,STATIC,171.67,STATIC
131.26666666666668,3933,14.79,STATIC,157.46,STATIC,80.93,STATIC,36.31,STATIC,99.73,STATIC,109.04,STATIC,109.75,STATIC,174.64,STATIC
131.3,3934,15.22,STATIC,154.21,STATIC,80.83,STATIC,36.52,STATIC,100.14,STATIC,108.49,STATIC,109.19,STATIC,173.93,STATIC
131.33333333333334,3935,18.38,STATIC,149.22,STATIC,80.44,STATIC,36.65,STATIC,100.56,STATIC,108.12,STATIC,108.93,STATIC,172.69,STATIC
131.36666666666667,3936,18.66,STATIC,149.12,STATIC,80.10,STATIC,36.16,STATIC,100.75,STATIC,107.93,STATIC,108.45,STATIC,170.22,STATIC
131.4,3937,19.92,STATIC,147.41,STATIC,81.01,STATIC,36.82,STATIC,100.73,STATIC,107.78,STATIC,110.75,STATIC,169.67,STATIC
131.43333333333334,3938,21.67,STATIC,146.49,STATIC,80.98,STATIC,36.03,STATIC,100.54,STATIC,107.39,STATIC,110.58,STATIC,167.55,STATIC
131.46666666666667,3939,22.73,STATIC,141.02,FLEXION,80.87,STATIC,34.42,STATIC,100.74,STATIC,107.19,STATIC,110.27,STATIC,166.17,STATIC
131.5,3940,26.25,STATIC,133.35,FLEXION,80.62,STATIC,34.73,STATIC,101.00,STATIC,106.91,STATIC,110.01,STATIC,163.72,STATIC
131.53333333333333,3941,26.57,STATIC,125.67,FLEXION,80.16,STATIC,35.03,STATIC,101.16,STATIC,106.45,STATIC,110.10,STATIC,162.30,STATIC
131.56666666666666,3942,32.54,EXTENSION,116.34,FLEXION,80.02,STATIC,35.78,STATIC,101.23,STATIC,106.19,STATIC,111.04,STATIC,160.58,STATIC
131.6,3943,36.64,STATIC,108.01,FLEXION,79.83,STATIC,38.74,STATIC,101.48,STATIC,106.00,STATIC,110.21,STATIC,159.15,STATIC
131.63333333333335,3944,40.08,STATIC,99.80,FLEXION,79.71,STATIC,38.47,STATIC,101.59,STATIC,105.86,STATIC,110.32,STATIC,158.47,STATIC
131.66666666666669,3945,42.01,STATIC,92.96,FLEXION,79.39,STATIC,38.44,STATIC,101.78,STATIC,106.06,STATIC,111.01,STATIC,158.35,STATIC
131.70000000000002,3946,45.34,STATIC,86.95,FLEXION,79.25,STATIC,38.30,STATIC,102.01,STATIC,106.25,STATIC,111.92,STATIC,159.19,STATIC
131.73333333333335,3947,48.17,STATIC,81.21,FLEXION,79.09,STATIC,37.55,STATIC,102.16,STATIC,106.78,STATIC,112.76,STATIC,159.62,STATIC
131.76666666666668,3948,52.31,STATIC,79.08,STATIC,78.68,STATIC,37.24,STATIC,102.51,STATIC,107.09,STATIC,113.72,STATIC,160.22,STATIC
131.8,3949,52.88,STATIC,76.16,STATIC,78.53,STATIC,35.78,STATIC,102.60,STATIC,107.56,STATIC,114.61,STATIC,161.17,STATIC
131.83333333333334,3950,53.45,STATIC,74.97,STATIC,78.34,STATIC,36.04,STATIC,103.01,STATIC,108.00,STATIC,118.09,STATIC,162.65,STATIC
131.86666666666667,3951,54.91,STATIC,74.35,STATIC,78.28,STATIC,36.37,STATIC,103.04,STATIC,108.47,STATIC,116.87,STATIC,163.32,STATIC
131.9,3952,56.83,STATIC,72.86,STATIC,78.22,STATIC,36.86,STATIC,103.22,STATIC,108.90,STATIC,116.31,STATIC,163.79,STATIC
131.93333333333334,3953,58.10,STATIC,71.89,STATIC,78.10,STATIC,36.91,STATIC,103.34,STATIC,109.27,STATIC,116.27,STATIC,164.22,STATIC
131.96666666666667,3954,62.66,STATIC,71.59,STATIC,78.05,STATIC,36.50,STATIC,103.32,STATIC,109.21,STATIC,115.98,STATIC,164.17,STATIC
132.0,3955,67.01,STATIC,71.37,STATIC,78.06,STATIC,36.64,STATIC,103.34,STATIC,109.05,STATIC,116.05,STATIC,164.40,STATIC
132.03333333333333,3956,69.70,STATIC,71.42,STATIC,78.12,STATIC,38.30,STATIC,103.36,STATIC,108.78,STATIC,115.48,STATIC,163.05,STATIC
132.06666666666666,3957,69.69,STATIC,71.65,STATIC,78.08,STATIC,37.48,STATIC,103.48,STATIC,108.91,STATIC,115.71,STATIC,163.02,STATIC
132.1,3958,71.59,STATIC,70.78,STATIC,78.02,STATIC,38.37,STATIC,103.59,STATIC,109.03,STATIC,115.77,STATIC,162.99,STATIC
132.13333333333335,3959,72.98,STATIC,70.94,STATIC,77.86,STATIC,38.69,STATIC,103.79,STATIC,109.27,STATIC,115.95,STATIC,163.24,STATIC
132.16666666666669,3960,75.41,STATIC,71.63,STATIC,77.78,STATIC,37.48,STATIC,103.97,STATIC,109.39,STATIC,116.29,STATIC,163.19,STATIC
132.20000000000002,3961,77.07,STATIC,71.82,STATIC,77.75,STATIC,36.89,STATIC,104.05,STATIC,109.39,STATIC,116.69,STATIC,163.16,STATIC
132.23333333333335,3962,80.24,STATIC,71.72,STATIC,77.79,STATIC,38.04,STATIC,103.88,STATIC,109.29,STATIC,116.71,STATIC,163.14,STATIC
132.26666666666668,3963,81.12,STATIC,70.17,STATIC,77.74,STATIC,41.14,STATIC,103.98,STATIC,109.40,STATIC,117.24,STATIC,163.34,STATIC
132.3,3964,81.75,STATIC,69.99,STATIC,77.80,STATIC,41.30,STATIC,103.99,STATIC,109.55,STATIC,117.53,STATIC,163.32,STATIC
132.33333333333334,3965,83.08,STATIC,69.59,STATIC,78.03,STATIC,41.65,STATIC,103.93,STATIC,109.52,STATIC,117.68,STATIC,163.29,STATIC
132.36666666666667,3966,83.70,STATIC,69.45,STATIC,78.11,STATIC,41.75,STATIC,103.89,STATIC,109.36,STATIC,117.81,STATIC,163.03,STATIC
132.4,3967,84.67,STATIC,69.27,STATIC,78.11,STATIC,41.78,STATIC,103.87,STATIC,109.03,STATIC,117.82,STATIC,162.70,STATIC
132.43333333333334,3968,85.44,STATIC,69.49,STATIC,78.12,STATIC,41.63,STATIC,103.86,STATIC,108.76,STATIC,117.61,STATIC,162.27,STATIC
132.46666666666667,3969,85.84,STATIC,69.53,STATIC,78.13,STATIC,41.58,STATIC,103.83,STATIC,108.68,STATIC,117.88,STATIC,162.43,STATIC
132.5,3970,85.22,STATIC,70.18,STATIC,78.22,STATIC,39.47,STATIC,103.79,STATIC,108.62,STATIC,118.22,STATIC,162.89,STATIC
132.53333333333333,3971,85.41,STATIC,70.29,STATIC,78.30,STATIC,38.59,STATIC,103.77,STATIC,108.65,STATIC,118.59,STATIC,163.13,STATIC
132.56666666666666,3972,85.67,STATIC,70.22,STATIC,78.28,STATIC,37.95,STATIC,103.81,STATIC,108.78,STATIC,118.92,STATIC,163.47,STATIC
132.6,3973,85.73,STATIC,70.39,STATIC,78.31,STATIC,37.13,STATIC,103.83,STATIC,108.80,STATIC,119.05,STATIC,163.68,STATIC
132.63333333333335,3974,85.85,STATIC,69.61,STATIC,78.30,STATIC,37.51,STATIC,103.86,STATIC,108.97,STATIC,118.93,STATIC,163.71,STATIC
132.66666666666669,3975,86.24,STATIC,69.23,STATIC,78.26,STATIC,37.83,STATIC,103.89,STATIC,109.11,STATIC,118.99,STATIC,163.64,STATIC
132.70000000000002,3976,86.01,STATIC,69.34,STATIC,78.18,STATIC,36.82,STATIC,104.01,STATIC,109.32,STATIC,119.43,STATIC,164.03,STATIC
132.73333333333335,3977,86.36,STATIC,69.62,STATIC,78.16,STATIC,36.00,STATIC,104.09,STATIC,109.39,STATIC,119.91,STATIC,164.24,STATIC
132.76666666666668,3978,86.67,STATIC,70.88,STATIC,78.16,STATIC,34.61,STATIC,104.13,STATIC,109.42,STATIC,120.25,STATIC,164.23,STATIC
132.8,3979,86.73,STATIC,69.79,STATIC,78.08,STATIC,35.41,STATIC,104.23,STATIC,109.51,STATIC,120.53,STATIC,164.36,STATIC
132.83333333333334,3980,86.89,STATIC,69.94,STATIC,78.10,STATIC,35.51,STATIC,104.23,STATIC,109.51,STATIC,120.71,STATIC,164.32,STATIC
132.86666666666667,3981,86.96,STATIC,70.55,STATIC,78.18,STATIC,34.09,STATIC,104.17,STATIC,109.46,STATIC,121.16,STATIC,164.40,STATIC
132.9,3982,86.80,STATIC,70.75,STATIC,78.36,STATIC,33.09,STATIC,103.94,STATIC,109.34,STATIC,121.35,STATIC,164.48,STATIC
132.93333333333334,3983,86.31,STATIC,71.00,STATIC,78.49,STATIC,31.15,STATIC,103.81,STATIC,109.45,STATIC,121.87,STATIC,165.08,STATIC
132.96666666666667,3984,86.04,STATIC,70.85,STATIC,78.60,STATIC,30.72,STATIC,103.69,STATIC,109.49,STATIC,122.14,STATIC,165.23,STATIC
133.0,3985,85.63,STATIC,70.44,STATIC,78.69,STATIC,30.91,STATIC,103.49,STATIC,109.57,STATIC,122.34,STATIC,165.40,STATIC
133.03333333333333,3986,85.09,STATIC,70.79,STATIC,78.74,STATIC,30.52,STATIC,103.29,STATIC,109.65,STATIC,122.51,STATIC,165.79,STATIC
133.06666666666666,3987,84.26,STATIC,70.52,STATIC,78.64,STATIC,31.13,STATIC,103.25,STATIC,109.85,STATIC,122.72,STATIC,166.41,STATIC
133.10000000000002,3988,83.56,STATIC,70.34,STATIC,78.70,STATIC,30.20,STATIC,103.19,STATIC,109.92,STATIC,122.97,STATIC,166.96,STATIC
133.13333333333335,3989,83.25,STATIC,70.55,STATIC,78.79,STATIC,30.48,STATIC,103.11,STATIC,109.98,STATIC,122.87,STATIC,167.17,STATIC
133.16666666666669,3990,83.66,STATIC,70.53,STATIC,78.95,STATIC,30.41,STATIC,102.90,STATIC,109.53,STATIC,122.07,STATIC,166.13,STATIC
133.20000000000002,3991,84.54,STATIC,72.54,STATIC,78.88,STATIC,29.69,STATIC,102.95,STATIC,109.27,STATIC,121.45,STATIC,165.34,STATIC
133.23333333333335,3992,84.43,STATIC,72.91,STATIC,78.78,STATIC,29.26,STATIC,102.98,STATIC,109.32,STATIC,121.15,STATIC,165.20,STATIC
133.26666666666668,3993,85.03,STATIC,72.43,STATIC,78.73,STATIC,29.49,STATIC,103.03,STATIC,109.66,STATIC,121.07,STATIC,165.49,STATIC
133.3,3994,85.46,STATIC,72.13,STATIC,78.63,STATIC,30.40,STATIC,103.20,STATIC,110.19,STATIC,121.35,STATIC,166.34,STATIC
133.33333333333334,3995,86.29,STATIC,74.18,STATIC,78.66,STATIC,29.75,STATIC,103.16,STATIC,110.29,STATIC,121.63,STATIC,166.74,STATIC
133.36666666666667,3996,86.67,STATIC,74.60,STATIC,78.73,STATIC,29.72,STATIC,103.05,STATIC,110.25,STATIC,121.46,STATIC,166.73,STATIC
133.4,3997,87.10,STATIC,76.79,STATIC,78.64,STATIC,28.30,STATIC,102.99,STATIC,110.65,STATIC,121.31,STATIC,167.28,STATIC
133.43333333333334,3998,87.06,STATIC,77.50,STATIC,78.45,STATIC,28.78,STATIC,103.31,STATIC,110.70,STATIC,120.94,STATIC,166.52,STATIC
133.46666666666667,3999,87.19,STATIC,79.42,STATIC,78.52,STATIC,29.01,STATIC,103.36,STATIC,110.80,STATIC,121.08,STATIC,166.41,STATIC
133.5,4000,87.26,STATIC,81.06,STATIC,78.61,STATIC,28.85,STATIC,103.38,STATIC,111.01,STATIC,121.21,STATIC,166.69,STATIC
133.53333333333333,4001,87.56,STATIC,82.16,STATIC,78.67,STATIC,29.59,STATIC,103.39,STATIC,111.32,STATIC,121.42,STATIC,166.67,STATIC
133.56666666666666,4002,88.12,STATIC,83.98,STATIC,78.65,STATIC,29.36,STATIC,103.43,STATIC,111.29,STATIC,121.55,STATIC,167.31,STATIC
133.60000000000002,4003,89.32,STATIC,87.77,STATIC,78.94,STATIC,29.73,STATIC,103.34,STATIC,111.17,STATIC,121.39,STATIC,166.94,STATIC
133.63333333333335,4004,91.79,STATIC,93.02,EXTENSION,79.24,STATIC,28.30,STATIC,103.13,STATIC,111.58,STATIC,122.31,STATIC,168.20,STATIC
133.66666666666669,4005,92.46,STATIC,98.82,EXTENSION,79.91,STATIC,28.27,STATIC,102.64,STATIC,112.09,STATIC,122.30,STATIC,169.42,STATIC
133.70000000000002,4006,92.45,STATIC,105.65,EXTENSION,79.83,STATIC,27.25,STATIC,102.70,STATIC,112.45,STATIC,123.75,STATIC,171.55,STATIC
133.73333333333335,4007,92.32,STATIC,110.56,STATIC,79.90,STATIC,27.44,STATIC,102.62,STATIC,112.78,STATIC,124.18,STATIC,172.93,STATIC
133.76666666666668,4008,91.58,STATIC,124.87,EXTENSION,80.17,STATIC,28.77,STATIC,102.28,STATIC,113.12,STATIC,123.81,STATIC,173.28,STATIC
133.8,4009,92.24,STATIC,128.65,STATIC,80.06,STATIC,28.69,STATIC,102.24,STATIC,112.94,STATIC,123.69,STATIC,173.35,STATIC
133.83333333333334,4010,92.33,STATIC,136.05,EXTENSION,79.52,STATIC,28.83,STATIC,102.02,STATIC,113.00,STATIC,123.53,STATIC,173.98,STATIC
133.86666666666667,4011,91.75,STATIC,142.40,EXTENSION,79.34,STATIC,31.11,STATIC,101.54,STATIC,112.45,STATIC,121.91,STATIC,172.45,STATIC
133.9,4012,94.96,STATIC,143.75,STATIC,79.11,STATIC,33.15,STATIC,101.47,STATIC,112.33,STATIC,121.63,STATIC,171.91,STATIC
133.93333333333334,4013,95.35,STATIC,145.78,STATIC,79.11,STATIC,33.59,STATIC,101.27,STATIC,111.95,STATIC,121.33,STATIC,171.26,STATIC
133.96666666666667,4014,96.11,STATIC,146.30,STATIC,79.36,STATIC,33.96,STATIC,100.92,STATIC,111.33,STATIC,121.25,STATIC,170.31,STATIC
134.0,4015,97.26,STATIC,147.27,STATIC,79.66,STATIC,33.37,STATIC,101.17,STATIC,110.01,STATIC,121.75,STATIC,167.72,STATIC
134.03333333333333,4016,100.37,STATIC,147.67,STATIC,79.72,STATIC,33.19,STATIC,101.21,STATIC,109.82,STATIC,122.91,STATIC,167.49,STATIC
134.06666666666666,4017,102.68,STATIC,147.30,STATIC,79.39,STATIC,32.82,STATIC,101.40,STATIC,109.70,STATIC,121.41,STATIC,167.84,STATIC
134.10000000000002,4018,104.52,STATIC,146.23,STATIC,79.25,STATIC,32.65,STATIC,101.68,STATIC,109.92,STATIC,120.84,STATIC,168.59,STATIC
134.13333333333335,4019,106.33,STATIC,145.55,STATIC,78.40,STATIC,32.85,STATIC,102.06,STATIC,109.75,STATIC,121.05,STATIC,169.17,STATIC
134.16666666666669,4020,106.89,STATIC,144.06,STATIC,78.15,STATIC,33.30,STATIC,102.18,STATIC,110.00,STATIC,121.49,STATIC,170.72,STATIC
134.20000000000002,4021,107.85,STATIC,144.21,STATIC,78.06,STATIC,33.26,STATIC,102.37,STATIC,110.47,STATIC,121.21,STATIC,171.08,STATIC
134.23333333333335,4022,109.08,STATIC,143.64,STATIC,77.91,STATIC,33.32,STATIC,102.45,STATIC,110.50,STATIC,121.25,STATIC,171.28,STATIC
134.26666666666668,4023,111.88,STATIC,142.58,STATIC,77.71,STATIC,32.89,STATIC,102.80,STATIC,110.42,STATIC,122.84,STATIC,171.83,STATIC
134.3,4024,113.94,STATIC,143.39,STATIC,77.61,STATIC,31.96,STATIC,102.99,STATIC,110.57,STATIC,123.14,STATIC,172.56,STATIC
134.33333333333334,4025,116.60,STATIC,143.03,STATIC,77.93,STATIC,32.50,STATIC,103.27,STATIC,111.03,STATIC,124.96,STATIC,174.01,STATIC
134.36666666666667,4026,116.75,STATIC,141.85,STATIC,78.00,STATIC,31.76,STATIC,103.46,STATIC,111.86,STATIC,124.95,STATIC,175.91,STATIC
134.4,4027,117.67,STATIC,141.50,STATIC,78.08,STATIC,31.77,STATIC,103.53,STATIC,112.53,STATIC,124.45,STATIC,175.99,STATIC
134.43333333333334,4028,118.21,STATIC,140.85,STATIC,78.15,STATIC,31.92,STATIC,103.59,STATIC,113.18,STATIC,125.64,STATIC,176.16,STATIC
134.46666666666667,4029,118.76,STATIC,140.23,STATIC,78.17,STATIC,32.00,STATIC,103.69,STATIC,113.42,STATIC,126.34,STATIC,175.94,STATIC
134.5,4030,120.09,STATIC,140.08,STATIC,78.20,STATIC,31.85,STATIC,103.70,STATIC,113.36,STATIC,127.43,STATIC,176.20,STATIC
134.53333333333333,4031,121.86,STATIC,139.05,STATIC,78.55,STATIC,32.04,STATIC,103.48,STATIC,113.02,STATIC,128.47,STATIC,175.61,STATIC
134.56666666666666,4032,122.35,STATIC,137.76,STATIC,78.76,STATIC,31.10,STATIC,103.49,STATIC,112.80,STATIC,129.20,STATIC,175.33,STATIC
134.60000000000002,4033,122.67,STATIC,137.60,STATIC,78.79,STATIC,30.56,STATIC,103.40,STATIC,112.81,STATIC,130.00,STATIC,174.90,STATIC
134.63333333333335,4034,123.99,STATIC,138.09,STATIC,78.88,STATIC,30.21,STATIC,103.34,STATIC,112.78,STATIC,130.32,STATIC,174.83,STATIC
134.66666666666669,4035,123.73,STATIC,136.32,STATIC,79.02,STATIC,29.52,STATIC,103.28,STATIC,112.59,STATIC,131.37,STATIC,174.21,STATIC
134.70000000000002,4036,126.09,STATIC,136.35,STATIC,79.08,STATIC,27.75,STATIC,103.15,STATIC,112.29,STATIC,131.44,STATIC,174.00,STATIC
134.73333333333335,4037,126.17,STATIC,136.64,STATIC,79.08,STATIC,28.28,STATIC,103.04,STATIC,112.24,STATIC,131.83,STATIC,173.55,STATIC
134.76666666666668,4038,127.74,STATIC,137.94,STATIC,79.20,STATIC,27.95,STATIC,102.87,STATIC,112.15,STATIC,132.44,STATIC,173.46,STATIC
134.8,4039,127.70,STATIC,138.70,STATIC,79.23,STATIC,27.27,STATIC,102.93,STATIC,112.20,STATIC,133.01,STATIC,174.02,STATIC
134.83333333333334,4040,128.05,STATIC,139.16,STATIC,79.13,STATIC,27.86,STATIC,102.78,STATIC,112.06,STATIC,132.68,STATIC,174.87,STATIC
134.86666666666667,4041,128.71,STATIC,141.19,STATIC,79.09,STATIC,28.40,STATIC,102.79,STATIC,111.90,STATIC,132.88,STATIC,174.95,STATIC
134.9,4042,131.69,STATIC,140.94,STATIC,79.11,STATIC,28.83,STATIC,102.87,STATIC,112.27,STATIC,134.24,STATIC,175.29,STATIC
134.93333333333334,4043,130.68,STATIC,140.80,STATIC,79.13,STATIC,28.92,STATIC,102.92,STATIC,112.74,STATIC,134.95,STATIC,175.73,STATIC
134.96666666666667,4044,131.77,STATIC,141.96,STATIC,78.92,STATIC,29.25,STATIC,102.99,STATIC,111.94,STATIC,134.73,STATIC,175.30,STATIC
135.0,4045,131.48,STATIC,142.53,STATIC,78.89,STATIC,29.46,STATIC,102.93,STATIC,111.52,STATIC,135.57,STATIC,173.33,STATIC
135.03333333333333,4046,131.14,STATIC,143.12,STATIC,78.84,STATIC,29.44,STATIC,102.99,STATIC,111.88,STATIC,135.67,STATIC,173.54,STATIC
135.06666666666666,4047,130.21,STATIC,143.03,STATIC,78.79,STATIC,29.82,STATIC,103.09,STATIC,112.23,STATIC,135.96,STATIC,173.67,STATIC
135.10000000000002,4048,128.38,STATIC,143.10,STATIC,78.82,STATIC,29.58,STATIC,103.33,STATIC,112.61,STATIC,137.57,STATIC,174.14,STATIC
135.13333333333335,4049,128.18,STATIC,143.12,STATIC,78.82,STATIC,29.51,STATIC,103.36,STATIC,113.48,STATIC,137.67,STATIC,173.14,STATIC
135.16666666666669,4050,127.99,STATIC,143.42,STATIC,78.93,STATIC,29.32,STATIC,103.37,STATIC,113.98,STATIC,139.91,STATIC,171.79,STATIC
135.20000000000002,4051,127.41,STATIC,143.70,STATIC,79.06,STATIC,29.64,STATIC,103.39,STATIC,114.49,STATIC,141.13,STATIC,170.77,STATIC
135.23333333333335,4052,127.19,STATIC,143.98,STATIC,79.08,STATIC,30.54,STATIC,103.37,STATIC,114.93,STATIC,141.65,STATIC,170.27,STATIC
135.26666666666668,4053,125.33,STATIC,143.32,STATIC,79.24,STATIC,29.91,STATIC,103.49,STATIC,115.76,STATIC,142.19,STATIC,169.57,STATIC
135.3,4054,124.94,STATIC,144.36,STATIC,79.35,STATIC,29.22,STATIC,103.57,STATIC,116.44,STATIC,142.51,STATIC,168.52,STATIC
135.33333333333334,4055,124.12,STATIC,144.21,STATIC,79.65,STATIC,29.10,STATIC,103.54,STATIC,116.33,STATIC,143.13,STATIC,165.25,STATIC
135.36666666666667,4056,125.24,STATIC,142.43,STATIC,79.77,STATIC,27.53,STATIC,103.59,STATIC,116.49,STATIC,144.26,STATIC,166.12,STATIC
135.4,4057,123.55,STATIC,142.11,STATIC,79.89,STATIC,27.11,STATIC,103.63,STATIC,116.37,STATIC,144.51,STATIC,165.69,STATIC
135.43333333333334,4058,122.56,STATIC,141.82,STATIC,80.10,STATIC,26.74,STATIC,103.64,STATIC,116.42,STATIC,145.12,STATIC,165.06,STATIC
135.46666666666667,4059,122.58,STATIC,142.18,STATIC,80.25,STATIC,26.24,STATIC,103.77,STATIC,116.86,STATIC,145.29,STATIC,166.85,STATIC
135.5,4060,122.52,STATIC,142.52,STATIC,80.41,STATIC,25.48,STATIC,103.85,STATIC,117.57,STATIC,145.41,STATIC,164.26,STATIC
135.53333333333333,4061,121.56,STATIC,142.33,STATIC,80.49,STATIC,24.98,STATIC,103.88,STATIC,118.27,STATIC,145.49,STATIC,165.67,STATIC
135.56666666666666,4062,118.01,STATIC,142.79,STATIC,81.01,STATIC,25.15,STATIC,103.91,STATIC,119.07,STATIC,146.74,STATIC,165.44,STATIC
135.60000000000002,4063,118.66,STATIC,142.55,STATIC,81.14,STATIC,24.62,STATIC,103.83,STATIC,119.10,STATIC,147.77,STATIC,165.30,STATIC
135.63333333333335,4064,118.00,STATIC,143.71,STATIC,81.64,STATIC,24.50,STATIC,103.94,STATIC,119.26,STATIC,149.91,STATIC,162.99,STATIC
135.66666666666669,4065,122.09,STATIC,143.81,STATIC,81.36,STATIC,25.10,STATIC,103.92,STATIC,118.57,STATIC,150.59,STATIC,164.01,STATIC
135.70000000000002,4066,119.24,STATIC,145.41,STATIC,81.38,STATIC,25.21,STATIC,104.07,STATIC,118.53,STATIC,151.82,STATIC,164.17,STATIC
135.73333333333335,4067,119.88,STATIC,145.38,STATIC,81.22,STATIC,25.46,STATIC,103.97,STATIC,118.71,STATIC,151.53,STATIC,163.43,STATIC
135.76666666666668,4068,118.11,STATIC,144.50,STATIC,81.26,STATIC,26.08,STATIC,103.96,STATIC,118.92,STATIC,151.64,STATIC,164.71,STATIC
135.8,4069,117.62,STATIC,144.33,STATIC,81.10,STATIC,26.32,STATIC,103.95,STATIC,119.15,STATIC,151.57,STATIC,164.17,STATIC
135.83333333333334,4070,117.42,STATIC,144.95,STATIC,81.04,STATIC,26.17,STATIC,103.90,STATIC,119.45,STATIC,151.75,STATIC,166.10,STATIC
135.86666666666667,4071,115.81,STATIC,144.42,STATIC,81.24,STATIC,26.36,STATIC,103.96,STATIC,120.13,STATIC,152.55,STATIC,165.31,STATIC
135.9,4072,115.33,STATIC,144.71,STATIC,81.52,STATIC,26.47,STATIC,104.10,STATIC,121.06,STATIC,152.53,STATIC,163.63,STATIC
135.93333333333334,4073,117.60,STATIC,145.22,STATIC,81.49,STATIC,25.80,STATIC,104.11,STATIC,121.69,STATIC,151.92,STATIC,162.71,STATIC
135.96666666666667,4074,119.34,STATIC,144.34,STATIC,81.33,STATIC,26.32,STATIC,104.08,STATIC,122.26,STATIC,151.28,STATIC,161.81,STATIC
136.0,4075,120.33,STATIC,144.84,STATIC,81.25,STATIC,26.21,STATIC,104.14,STATIC,122.88,STATIC,150.10,STATIC,161.16,STATIC
136.03333333333333,4076,121.64,STATIC,145.34,STATIC,81.27,STATIC,26.13,STATIC,104.15,STATIC,123.18,STATIC,149.51,STATIC,160.90,STATIC
136.06666666666666,4077,124.99,STATIC,146.25,STATIC,81.31,STATIC,26.06,STATIC,104.43,STATIC,123.66,STATIC,149.70,STATIC,160.33,STATIC
136.10000000000002,4078,124.81,STATIC,146.80,STATIC,81.46,STATIC,25.69,STATIC,104.54,STATIC,123.65,STATIC,149.32,STATIC,160.69,STATIC
136.13333333333335,4079,126.65,STATIC,146.60,STATIC,81.54,STATIC,26.02,STATIC,104.66,STATIC,123.61,STATIC,149.71,STATIC,161.31,STATIC
136.16666666666669,4080,129.13,STATIC,146.25,STATIC,81.43,STATIC,26.12,STATIC,105.01,STATIC,122.98,STATIC,151.25,STATIC,162.46,STATIC
136.20000000000002,4081,133.95,STATIC,145.46,STATIC,81.69,STATIC,26.40,STATIC,105.46,STATIC,123.46,STATIC,151.76,STATIC,162.11,STATIC
136.23333333333335,4082,137.46,STATIC,145.16,STATIC,81.56,STATIC,26.33,STATIC,106.02,STATIC,123.83,STATIC,152.37,STATIC,162.04,STATIC
136.26666666666668,4083,139.46,STATIC,144.78,STATIC,81.11,STATIC,26.98,STATIC,106.49,STATIC,123.73,STATIC,152.90,STATIC,162.76,STATIC
136.3,4084,145.71,EXTENSION,144.55,STATIC,80.72,STATIC,26.94,STATIC,106.49,STATIC,123.19,STATIC,152.32,STATIC,163.44,STATIC
136.33333333333334,4085,146.98,STATIC,144.18,STATIC,80.49,STATIC,27.14,STATIC,106.40,STATIC,122.56,STATIC,151.96,STATIC,164.31,STATIC
136.36666666666667,4086,148.28,STATIC,143.52,STATIC,80.47,STATIC,27.75,STATIC,106.33,STATIC,122.59,STATIC,151.11,STATIC,163.73,STATIC
136.4,4087,148.00,STATIC,143.19,STATIC,80.37,STATIC,27.97,STATIC,106.31,STATIC,122.46,STATIC,150.46,STATIC,163.80,STATIC
136.43333333333334,4088,149.77,STATIC,143.68,STATIC,79.96,STATIC,26.46,STATIC,106.29,STATIC,121.79,STATIC,150.46,STATIC,164.42,STATIC
136.46666666666667,4089,150.97,STATIC,144.00,STATIC,79.85,STATIC,25.59,STATIC,106.17,STATIC,120.86,STATIC,150.56,STATIC,165.73,STATIC
136.5,4090,149.45,STATIC,142.74,STATIC,79.76,STATIC,25.53,STATIC,106.34,STATIC,121.16,STATIC,150.69,STATIC,165.46,STATIC
136.53333333333333,4091,147.79,STATIC,141.95,STATIC,79.77,STATIC,25.55,STATIC,106.46,STATIC,121.40,STATIC,152.15,STATIC,165.59,STATIC
136.56666666666666,4092,148.30,STATIC,140.27,STATIC,79.90,STATIC,26.20,STATIC,106.43,STATIC,121.41,STATIC,152.48,STATIC,165.47,STATIC
136.60000000000002,4093,147.81,STATIC,139.06,STATIC,80.03,STATIC,27.03,STATIC,106.47,STATIC,120.76,STATIC,153.44,STATIC,166.61,STATIC
136.63333333333335,4094,150.36,STATIC,139.25,STATIC,80.07,STATIC,26.87,STATIC,106.63,STATIC,120.63,STATIC,154.20,STATIC,166.90,STATIC
136.66666666666669,4095,149.61,STATIC,139.47,STATIC,80.03,STATIC,27.95,STATIC,106.81,STATIC,120.67,STATIC,154.80,STATIC,167.00,STATIC
136.70000000000002,4096,146.62,STATIC,139.58,STATIC,80.00,STATIC,27.68,STATIC,107.04,STATIC,120.46,STATIC,155.45,STATIC,167.50,STATIC
136.73333333333335,4097,146.51,STATIC,140.15,STATIC,79.67,STATIC,28.85,STATIC,107.35,STATIC,119.94,STATIC,156.25,STATIC,168.37,STATIC
136.76666666666668,4098,145.27,STATIC,141.23,STATIC,79.64,STATIC,28.46,STATIC,107.25,STATIC,119.38,STATIC,156.60,STATIC,169.26,STATIC
136.8,4099,145.96,STATIC,141.97,STATIC,79.25,STATIC,28.35,STATIC,107.06,STATIC,118.89,STATIC,156.60,STATIC,167.82,STATIC
136.83333333333334,4100,144.15,STATIC,142.89,STATIC,79.19,STATIC,28.20,STATIC,107.01,STATIC,118.60,STATIC,156.33,STATIC,169.19,STATIC
136.86666666666667,4101,143.11,STATIC,142.66,STATIC,79.15,STATIC,28.78,STATIC,106.75,STATIC,118.74,STATIC,155.44,STATIC,167.54,STATIC
136.9,4102,141.76,STATIC,142.29,STATIC,79.15,STATIC,29.41,STATIC,106.66,STATIC,118.75,STATIC,154.34,STATIC,168.60,STATIC
136.93333333333334,4103,140.19,STATIC,142.24,STATIC,78.91,STATIC,29.43,STATIC,106.56,STATIC,118.59,STATIC,153.84,STATIC,167.82,STATIC
136.96666666666667,4104,140.48,STATIC,142.94,STATIC,78.88,STATIC,29.43,STATIC,106.35,STATIC,118.31,STATIC,153.14,STATIC,166.87,STATIC
137.0,4105,138.73,STATIC,142.74,STATIC,78.95,STATIC,29.84,STATIC,106.26,STATIC,118.52,STATIC,152.83,STATIC,166.59,STATIC
137.03333333333333,4106,140.15,STATIC,143.35,STATIC,78.92,STATIC,29.93,STATIC,106.17,STATIC,118.22,STATIC,151.87,STATIC,169.09,STATIC
137.06666666666666,4107,140.51,STATIC,143.68,STATIC,78.84,STATIC,30.08,STATIC,106.04,STATIC,118.38,STATIC,150.36,STATIC,169.31,STATIC
137.10000000000002,4108,137.34,STATIC,143.08,STATIC,78.79,STATIC,30.18,STATIC,105.84,STATIC,118.37,STATIC,149.16,STATIC,167.74,STATIC
137.13333333333335,4109,134.14,STATIC,142.49,STATIC,78.80,STATIC,29.64,STATIC,105.66,STATIC,117.77,STATIC,148.93,STATIC,167.93,STATIC
137.16666666666669,4110,132.74,STATIC,142.45,STATIC,78.81,STATIC,29.84,STATIC,105.45,STATIC,117.16,STATIC,148.55,STATIC,168.50,STATIC
137.20000000000002,4111,133.17,STATIC,142.93,STATIC,78.81,STATIC,30.26,STATIC,105.29,STATIC,116.75,STATIC,147.83,STATIC,168.97,STATIC
137.23333333333335,4112,131.24,STATIC,142.94,STATIC,78.80,STATIC,30.04,STATIC,105.04,STATIC,116.00,STATIC,147.02,STATIC,169.50,STATIC
137.26666666666668,4113,128.13,STATIC,143.10,STATIC,78.89,STATIC,29.95,STATIC,104.92,STATIC,115.54,STATIC,146.76,STATIC,170.11,STATIC
137.3,4114,126.02,STATIC,142.43,STATIC,78.96,STATIC,30.01,STATIC,104.86,STATIC,115.44,STATIC,146.73,STATIC,170.51,STATIC
137.33333333333334,4115,124.88,STATIC,142.22,STATIC,79.05,STATIC,30.65,STATIC,104.74,STATIC,115.10,STATIC,146.72,STATIC,170.93,STATIC
137.36666666666667,4116,124.20,STATIC,142.46,STATIC,79.01,STATIC,30.46,STATIC,104.70,STATIC,114.55,STATIC,147.00,STATIC,173.92,STATIC
137.4,4117,123.56,STATIC,142.66,STATIC,79.02,STATIC,30.34,STATIC,104.69,STATIC,113.99,STATIC,147.12,STATIC,175.10,STATIC
137.43333333333334,4118,122.32,STATIC,143.41,STATIC,79.00,STATIC,30.33,STATIC,104.68,STATIC,113.19,STATIC,147.06,STATIC,176.39,STATIC
137.46666666666667,4119,121.49,STATIC,143.52,STATIC,78.97,STATIC,30.20,STATIC,104.72,STATIC,112.58,STATIC,147.50,STATIC,176.41,STATIC
137.5,4120,120.22,STATIC,143.42,STATIC,79.44,STATIC,30.07,STATIC,104.69,STATIC,112.38,STATIC,147.00,STATIC,176.31,STATIC
137.53333333333333,4121,119.68,STATIC,143.55,STATIC,79.47,STATIC,29.78,STATIC,104.60,STATIC,111.74,STATIC,146.32,STATIC,175.99,STATIC
137.56666666666666,4122,120.61,STATIC,145.00,STATIC,78.79,STATIC,28.52,STATIC,104.54,STATIC,111.29,STATIC,145.07,STATIC,175.91,STATIC
137.60000000000002,4123,118.09,STATIC,147.31,STATIC,79.01,STATIC,27.90,STATIC,104.07,STATIC,111.05,STATIC,143.86,STATIC,174.61,STATIC
137.63333333333335,4124,118.90,STATIC,148.26,STATIC,79.09,STATIC,27.70,STATIC,103.74,STATIC,110.37,STATIC,142.44,STATIC,173.88,STATIC
137.66666666666669,4125,116.86,STATIC,149.26,STATIC,79.09,STATIC,27.62,STATIC,103.45,STATIC,109.76,STATIC,140.14,STATIC,172.66,STATIC
137.70000000000002,4126,113.87,STATIC,149.56,STATIC,79.12,STATIC,28.34,STATIC,103.04,STATIC,109.16,STATIC,138.05,STATIC,171.39,STATIC
137.73333333333335,4127,111.95,STATIC,148.55,STATIC,78.86,STATIC,29.45,STATIC,103.24,STATIC,108.55,STATIC,135.23,STATIC,169.30,STATIC
137.76666666666668,4128,111.16,STATIC,148.45,STATIC,78.58,STATIC,30.78,STATIC,103.79,STATIC,108.27,STATIC,133.71,STATIC,166.72,STATIC
137.8,4129,109.96,STATIC,150.75,STATIC,78.21,STATIC,31.55,STATIC,103.91,STATIC,108.15,STATIC,131.36,STATIC,166.02,STATIC
137.83333333333334,4130,109.02,STATIC,150.39,STATIC,77.67,STATIC,32.25,STATIC,104.20,STATIC,108.29,STATIC,128.10,STATIC,162.41,STATIC
137.86666666666667,4131,106.77,STATIC,152.06,STATIC,77.26,STATIC,34.86,STATIC,104.42,STATIC,107.84,STATIC,125.92,STATIC,160.10,STATIC
137.9,4132,105.72,STATIC,153.25,STATIC,76.88,STATIC,35.09,STATIC,104.65,STATIC,107.63,STATIC,124.06,STATIC,157.91,STATIC
137.93333333333334,4133,104.72,STATIC,152.41,STATIC,76.71,STATIC,34.54,STATIC,104.73,STATIC,107.28,STATIC,122.50,STATIC,156.14,STATIC
137.96666666666667,4134,103.89,STATIC,152.29,STATIC,76.20,STATIC,34.54,STATIC,105.22,STATIC,107.00,STATIC,121.42,STATIC,154.18,STATIC
138.0,4135,102.65,STATIC,153.32,STATIC,75.88,STATIC,34.86,STATIC,105.39,STATIC,106.88,STATIC,119.57,STATIC,152.69,STATIC
138.03333333333333,4136,102.17,STATIC,154.41,STATIC,75.26,STATIC,35.43,STATIC,105.51,STATIC,106.82,STATIC,118.23,STATIC,150.72,STATIC
138.06666666666666,4137,101.51,STATIC,156.30,STATIC,74.64,STATIC,36.34,STATIC,105.76,STATIC,106.85,STATIC,116.98,STATIC,149.09,STATIC
138.10000000000002,4138,100.60,STATIC,157.45,STATIC,74.17,STATIC,37.61,STATIC,106.11,STATIC,106.93,STATIC,115.81,STATIC,147.69,STATIC
138.13333333333335,4139,99.86,STATIC,157.45,STATIC,73.99,STATIC,38.72,STATIC,106.18,STATIC,106.67,STATIC,114.75,STATIC,146.34,STATIC
138.16666666666669,4140,99.36,STATIC,157.70,STATIC,73.41,STATIC,39.94,STATIC,106.99,STATIC,106.51,STATIC,114.38,STATIC,144.86,STATIC
138.20000000000002,4141,99.02,STATIC,157.78,STATIC,73.22,STATIC,39.63,STATIC,107.22,STATIC,106.45,STATIC,113.64,STATIC,143.05,STATIC
138.23333333333335,4142,98.46,STATIC,158.26,STATIC,73.10,STATIC,40.15,STATIC,107.37,STATIC,106.28,STATIC,113.15,STATIC,142.15,STATIC
138.26666666666668,4143,97.90,STATIC,157.92,STATIC,73.21,STATIC,39.15,STATIC,107.32,STATIC,105.93,STATIC,112.76,STATIC,141.11,STATIC
138.3,4144,97.85,STATIC,157.34,STATIC,73.44,STATIC,39.03,STATIC,107.09,STATIC,105.94,STATIC,112.32,STATIC,140.84,STATIC
138.33333333333334,4145,97.49,STATIC,157.26,STATIC,73.60,STATIC,39.09,STATIC,106.64,STATIC,105.44,STATIC,111.78,STATIC,140.13,STATIC
138.36666666666667,4146,96.95,STATIC,157.50,STATIC,73.84,STATIC,39.04,STATIC,106.15,STATIC,105.23,STATIC,111.24,STATIC,140.05,STATIC
138.4,4147,96.28,STATIC,158.27,STATIC,74.10,STATIC,39.12,STATIC,105.15,STATIC,105.09,STATIC,110.13,STATIC,140.05,STATIC
138.43333333333334,4148,95.63,STATIC,158.82,STATIC,74.40,STATIC,39.24,STATIC,105.03,STATIC,105.11,STATIC,110.16,STATIC,140.72,STATIC
138.46666666666667,4149,95.46,STATIC,159.62,STATIC,74.59,STATIC,38.41,STATIC,104.18,STATIC,104.81,STATIC,109.17,STATIC,141.16,STATIC
138.5,4150,95.58,STATIC,159.07,STATIC,74.76,STATIC,38.38,STATIC,103.82,STATIC,104.75,STATIC,108.65,STATIC,141.64,STATIC
138.53333333333333,4151,95.51,STATIC,159.63,STATIC,74.97,STATIC,38.16,STATIC,103.68,STATIC,104.78,STATIC,108.37,STATIC,141.50,STATIC
138.56666666666666,4152,95.38,STATIC,159.61,STATIC,75.11,STATIC,38.05,STATIC,103.52,STATIC,104.76,STATIC,108.14,STATIC,143.89,STATIC
138.60000000000002,4153,95.11,STATIC,159.50,STATIC,75.17,STATIC,38.08,STATIC,103.72,STATIC,104.63,STATIC,108.26,STATIC,143.36,STATIC
138.63333333333335,4154,94.89,STATIC,158.60,STATIC,75.05,STATIC,36.74,STATIC,103.81,STATIC,104.50,STATIC,108.40,STATIC,143.43,STATIC
138.66666666666669,4155,94.55,STATIC,157.93,STATIC,75.01,STATIC,36.82,STATIC,104.14,STATIC,104.44,STATIC,108.86,STATIC,142.17,STATIC
138.70000000000002,4156,95.03,STATIC,156.10,STATIC,74.92,STATIC,36.49,STATIC,104.50,STATIC,104.70,STATIC,108.85,STATIC,142.75,STATIC
138.73333333333335,4157,95.22,STATIC,156.44,STATIC,74.52,STATIC,36.21,STATIC,104.94,STATIC,104.65,STATIC,108.48,STATIC,142.52,STATIC
138.76666666666668,4158,95.65,STATIC,157.40,STATIC,74.32,STATIC,35.76,STATIC,105.22,STATIC,104.68,STATIC,108.33,STATIC,141.78,STATIC
138.8,4159,95.53,STATIC,157.12,STATIC,74.27,STATIC,35.91,STATIC,105.25,STATIC,105.06,STATIC,108.10,STATIC,142.32,STATIC
138.83333333333334,4160,95.38,STATIC,156.73,STATIC,74.37,STATIC,37.13,STATIC,105.05,STATIC,105.26,STATIC,108.07,STATIC,143.25,STATIC
138.86666666666667,4161,95.11,STATIC,156.45,STATIC,74.33,STATIC,37.32,STATIC,105.04,STATIC,105.26,STATIC,107.88,STATIC,144.49,STATIC
138.9,4162,94.83,STATIC,156.37,STATIC,74.38,STATIC,37.26,STATIC,104.96,STATIC,105.46,STATIC,107.81,STATIC,145.00,STATIC
138.93333333333334,4163,94.61,STATIC,156.10,STATIC,74.39,STATIC,37.36,STATIC,104.95,STATIC,105.50,STATIC,107.69,STATIC,145.64,STATIC
138.96666666666667,4164,94.52,STATIC,155.07,STATIC,74.24,STATIC,36.84,STATIC,105.12,STATIC,105.34,STATIC,107.57,STATIC,145.24,STATIC
139.0,4165,94.25,STATIC,154.99,STATIC,74.30,STATIC,36.53,STATIC,105.19,STATIC,105.21,STATIC,107.38,STATIC,144.92,STATIC
139.03333333333333,4166,94.16,STATIC,155.18,STATIC,74.45,STATIC,36.73,STATIC,105.17,STATIC,104.93,STATIC,107.28,STATIC,144.10,STATIC
139.06666666666666,4167,94.29,STATIC,154.90,STATIC,74.58,STATIC,37.06,STATIC,105.18,STATIC,104.74,STATIC,107.18,STATIC,142.87,STATIC
139.10000000000002,4168,94.45,STATIC,154.99,STATIC,74.61,STATIC,37.18,STATIC,105.15,STATIC,104.40,STATIC,107.00,STATIC,142.09,STATIC
139.13333333333335,4169,94.65,STATIC,153.95,STATIC,74.65,STATIC,36.97,STATIC,105.34,STATIC,104.59,STATIC,106.99,STATIC,141.61,STATIC
139.16666666666669,4170,94.85,STATIC,154.30,STATIC,74.67,STATIC,37.04,STATIC,105.36,STATIC,104.58,STATIC,106.95,STATIC,140.56,STATIC
139.20000000000002,4171,95.05,STATIC,154.96,STATIC,74.73,STATIC,37.72,STATIC,105.32,STATIC,104.46,STATIC,106.86,STATIC,139.53,STATIC
139.23333333333335,4172,95.23,STATIC,155.09,STATIC,74.88,STATIC,38.89,STATIC,105.17,STATIC,104.53,STATIC,106.88,STATIC,138.65,STATIC
139.26666666666668,4173,95.44,STATIC,155.31,STATIC,75.01,STATIC,39.26,STATIC,105.02,STATIC,104.50,STATIC,106.87,STATIC,138.43,STATIC
139.3,4174,95.55,STATIC,156.27,STATIC,75.11,STATIC,39.78,STATIC,104.88,STATIC,104.44,STATIC,106.84,STATIC,138.04,STATIC
139.33333333333334,4175,95.66,STATIC,156.06,STATIC,75.12,STATIC,39.87,STATIC,104.87,STATIC,104.35,STATIC,106.71,STATIC,137.35,STATIC
139.36666666666667,4176,95.59,STATIC,156.18,STATIC,75.03,STATIC,40.85,STATIC,104.94,STATIC,104.22,STATIC,106.61,STATIC,136.58,STATIC
139.4,4177,95.57,STATIC,156.36,STATIC,74.99,STATIC,40.87,STATIC,104.96,STATIC,104.31,STATIC,106.60,STATIC,135.58,STATIC
139.43333333333334,4178,95.57,STATIC,155.94,STATIC,75.13,STATIC,40.52,STATIC,104.82,STATIC,104.56,STATIC,106.65,STATIC,137.00,STATIC
139.46666666666667,4179,95.59,STATIC,156.34,STATIC,75.20,STATIC,40.26,STATIC,104.76,STATIC,104.52,STATIC,106.57,STATIC,136.56,STATIC
139.5,4180,95.46,STATIC,156.53,STATIC,75.18,STATIC,40.26,STATIC,104.73,STATIC,104.48,STATIC,106.41,STATIC,135.90,STATIC
139.53333333333333,4181,95.17,STATIC,156.90,STATIC,74.92,STATIC,40.64,STATIC,104.91,STATIC,104.04,STATIC,106.09,STATIC,134.49,STATIC
139.56666666666666,4182,95.08,STATIC,156.96,STATIC,74.77,STATIC,40.40,STATIC,105.08,STATIC,104.04,STATIC,106.00,STATIC,132.90,STATIC
139.60000000000002,4183,94.94,STATIC,156.66,STATIC,74.82,STATIC,40.34,STATIC,105.06,STATIC,104.07,STATIC,105.81,STATIC,131.33,STATIC
139.63333333333335,4184,94.73,STATIC,156.86,STATIC,74.87,STATIC,40.58,STATIC,105.04,STATIC,104.16,STATIC,105.76,STATIC,130.56,STATIC
139.66666666666669,4185,94.52,STATIC,157.08,STATIC,74.82,STATIC,40.41,STATIC,105.08,STATIC,104.04,STATIC,105.68,STATIC,130.82,STATIC
139.70000000000002,4186,94.10,STATIC,157.01,STATIC,74.79,STATIC,40.38,STATIC,104.88,STATIC,103.97,STATIC,105.39,STATIC,130.98,STATIC
139.73333333333335,4187,93.92,STATIC,156.97,STATIC,74.58,STATIC,40.39,STATIC,105.10,STATIC,103.83,STATIC,105.20,STATIC,130.93,STATIC
139.76666666666668,4188,93.64,STATIC,156.78,STATIC,74.40,STATIC,40.32,STATIC,105.21,STATIC,103.77,STATIC,104.98,STATIC,130.80,STATIC
139.8,4189,93.47,STATIC,156.20,STATIC,74.37,STATIC,40.10,STATIC,105.25,STATIC,103.83,STATIC,104.89,STATIC,130.75,STATIC
139.83333333333334,4190,93.31,STATIC,156.33,STATIC,74.45,STATIC,40.25,STATIC,105.29,STATIC,103.96,STATIC,104.94,STATIC,130.94,STATIC
139.86666666666667,4191,92.88,STATIC,155.88,STATIC,74.56,STATIC,39.87,STATIC,105.21,STATIC,104.04,STATIC,104.93,STATIC,131.35,STATIC
139.9,4192,92.69,STATIC,155.65,STATIC,74.95,STATIC,39.02,STATIC,105.12,STATIC,104.11,STATIC,105.03,STATIC,132.73,STATIC
139.93333333333334,4193,92.60,STATIC,155.89,STATIC,75.02,STATIC,38.75,STATIC,104.99,STATIC,104.22,STATIC,105.16,STATIC,134.44,STATIC
139.96666666666667,4194,92.61,STATIC,154.83,STATIC,75.21,STATIC,38.19,STATIC,104.83,STATIC,104.45,STATIC,105.32,STATIC,135.73,STATIC
140.0,4195,93.09,STATIC,152.50,STATIC,75.43,STATIC,37.94,STATIC,104.69,STATIC,104.68,STATIC,105.51,STATIC,136.66,STATIC
140.03333333333333,4196,93.67,STATIC,149.34,STATIC,75.70,STATIC,35.91,STATIC,104.42,STATIC,105.03,STATIC,106.06,STATIC,138.37,STATIC
140.06666666666666,4197,94.47,STATIC,146.13,STATIC,75.95,STATIC,33.18,STATIC,104.07,STATIC,105.19,STATIC,107.07,STATIC,139.39,STATIC
140.10000000000002,4198,96.49,STATIC,140.30,FLEXION,76.13,STATIC,28.07,FLEXION,104.16,STATIC,104.85,STATIC,108.14,STATIC,140.21,STATIC
140.13333333333335,4199,99.25,STATIC,132.66,FLEXION,76.20,STATIC,25.54,STATIC,104.07,STATIC,104.63,STATIC,108.98,STATIC,140.17,STATIC
140.16666666666669,4200,100.11,STATIC,122.82,FLEXION,76.12,STATIC,24.66,STATIC,104.00,STATIC,104.83,STATIC,109.78,STATIC,141.72,STATIC
140.20000000000002,4201,101.10,STATIC,113.26,FLEXION,76.27,STATIC,21.52,STATIC,103.86,STATIC,104.76,STATIC,110.77,STATIC,143.44,STATIC
140.23333333333335,4202,103.66,STATIC,114.49,STATIC,76.31,STATIC,14.09,FLEXION,103.75,STATIC,104.40,STATIC,112.35,STATIC,144.79,STATIC
140.26666666666668,4203,104.69,STATIC,120.36,EXTENSION,76.81,STATIC,13.67,STATIC,102.92,STATIC,104.06,STATIC,113.68,STATIC,145.13,STATIC
140.3,4204,104.85,STATIC,127.54,EXTENSION,77.12,STATIC,16.50,STATIC,102.52,STATIC,104.31,STATIC,113.98,STATIC,146.19,STATIC
140.33333333333334,4205,105.33,STATIC,132.84,EXTENSION,77.15,STATIC,18.06,STATIC,102.47,STATIC,104.65,STATIC,114.16,STATIC,146.79,STATIC
140.36666666666667,4206,105.23,STATIC,135.25,STATIC,76.93,STATIC,21.04,STATIC,102.93,STATIC,104.83,STATIC,114.69,STATIC,147.66,STATIC
140.4,4207,105.37,STATIC,142.42,EXTENSION,77.01,STATIC,28.24,EXTENSION,102.77,STATIC,104.68,STATIC,113.70,STATIC,146.65,STATIC
140.43333333333334,4208,105.26,STATIC,140.28,STATIC,77.08,STATIC,33.25,EXTENSION,102.65,STATIC,104.46,STATIC,113.57,STATIC,147.00,STATIC
140.46666666666667,4209,103.42,STATIC,138.35,STATIC,77.71,STATIC,41.40,EXTENSION,102.60,STATIC,104.10,STATIC,113.47,STATIC,146.54,STATIC
140.5,4210,101.94,STATIC,136.55,STATIC,78.00,STATIC,41.45,STATIC,102.74,STATIC,103.89,STATIC,113.31,STATIC,145.63,STATIC
140.53333333333333,4211,100.35,STATIC,130.30,FLEXION,77.83,STATIC,32.36,FLEXION,102.98,STATIC,104.63,STATIC,113.38,STATIC,147.10,STATIC
140.56666666666666,4212,99.53,STATIC,130.73,STATIC,77.78,STATIC,37.65,EXTENSION,103.23,STATIC,104.87,STATIC,113.76,STATIC,146.63,STATIC
140.60000000000002,4213,101.28,STATIC,128.67,STATIC,77.70,STATIC,31.69,FLEXION,103.63,STATIC,105.06,STATIC,113.64,STATIC,144.49,STATIC
140.63333333333335,4214,106.38,EXTENSION,126.96,STATIC,77.53,STATIC,31.30,STATIC,103.97,STATIC,105.23,STATIC,114.05,STATIC,144.80,STATIC
140.66666666666669,4215,111.11,STATIC,126.09,STATIC,77.16,STATIC,31.43,STATIC,104.61,STATIC,105.60,STATIC,114.85,STATIC,147.09,STATIC
140.70000000000002,4216,117.78,EXTENSION,124.15,STATIC,76.76,STATIC,31.22,STATIC,104.62,STATIC,105.90,STATIC,114.74,STATIC,149.37,STATIC
140.73333333333335,4217,120.87,STATIC,124.95,STATIC,76.62,STATIC,32.32,STATIC,104.86,STATIC,106.25,STATIC,114.66,STATIC,149.65,STATIC
140.76666666666668,4218,127.33,EXTENSION,125.27,STATIC,76.16,STATIC,33.01,STATIC,105.24,STATIC,106.39,STATIC,115.14,STATIC,149.97,STATIC
140.8,4219,138.56,EXTENSION,123.85,STATIC,76.02,STATIC,32.72,STATIC,105.23,STATIC,106.51,STATIC,115.53,STATIC,151.57,STATIC
140.83333333333334,4220,142.49,STATIC,122.75,STATIC,75.70,STATIC,32.29,STATIC,105.87,STATIC,107.00,STATIC,117.84,STATIC,153.89,STATIC
140.86666666666667,4221,127.24,FLEXION,121.86,STATIC,75.58,STATIC,31.79,STATIC,106.31,STATIC,107.51,STATIC,118.46,STATIC,155.41,STATIC
140.9,4222,112.12,FLEXION,119.71,STATIC,74.92,STATIC,30.98,STATIC,106.72,STATIC,107.96,STATIC,118.16,STATIC,156.39,STATIC
140.93333333333334,4223,130.05,EXTENSION,118.41,STATIC,74.13,STATIC,29.77,STATIC,107.60,STATIC,108.93,STATIC,115.95,STATIC,155.72,STATIC
140.96666666666667,4224,127.20,STATIC,120.95,STATIC,73.58,STATIC,31.02,STATIC,108.66,STATIC,109.55,STATIC,116.87,STATIC,153.71,STATIC
141.0,4225,127.30,STATIC,122.73,STATIC,73.21,STATIC,31.86,STATIC,109.50,STATIC,110.24,STATIC,119.24,STATIC,155.36,STATIC
141.03333333333333,4226,130.19,STATIC,124.60,STATIC,72.04,STATIC,30.85,STATIC,110.98,STATIC,111.35,STATIC,119.79,STATIC,155.02,STATIC
141.06666666666666,4227,133.79,STATIC,124.73,STATIC,72.11,STATIC,32.98,STATIC,110.84,STATIC,112.01,STATIC,120.77,STATIC,156.47,STATIC
141.10000000000002,4228,121.71,FLEXION,123.96,STATIC,72.06,STATIC,32.99,STATIC,110.73,STATIC,112.43,STATIC,121.90,STATIC,158.23,STATIC
141.13333333333335,4229,145.67,EXTENSION,125.14,STATIC,71.86,STATIC,33.20,STATIC,111.14,STATIC,113.07,STATIC,122.53,STATIC,157.76,STATIC
141.16666666666669,4230,140.97,STATIC,127.96,STATIC,71.86,STATIC,34.19,STATIC,110.97,STATIC,113.34,STATIC,123.73,STATIC,159.48,STATIC
141.20000000000002,4231,122.66,FLEXION,127.56,STATIC,71.24,STATIC,34.07,STATIC,111.63,STATIC,113.84,STATIC,125.30,STATIC,162.13,STATIC
141.23333333333335,4232,138.64,EXTENSION,128.40,STATIC,70.35,STATIC,34.56,STATIC,112.90,STATIC,114.71,STATIC,125.16,STATIC,161.97,STATIC
141.26666666666668,4233,112.90,FLEXION,128.98,STATIC,69.42,STATIC,34.19,STATIC,113.47,STATIC,115.41,STATIC,124.53,STATIC,162.67,STATIC
141.3,4234,109.04,STATIC,128.54,STATIC,69.56,STATIC,34.53,STATIC,113.08,STATIC,116.01,STATIC,124.51,STATIC,162.93,STATIC
141.33333333333334,4235,110.75,STATIC,128.63,STATIC,69.58,STATIC,33.95,STATIC,113.11,STATIC,116.69,STATIC,124.66,STATIC,164.77,STATIC
141.36666666666667,4236,110.86,STATIC,128.47,STATIC,68.54,STATIC,32.97,STATIC,114.29,STATIC,117.61,STATIC,122.43,STATIC,165.62,STATIC
141.4,4237,106.81,STATIC,129.47,STATIC,68.38,STATIC,33.66,STATIC,114.13,STATIC,117.29,STATIC,122.18,STATIC,165.85,STATIC
141.43333333333334,4238,105.16,STATIC,131.44,STATIC,68.90,STATIC,35.47,STATIC,113.00,STATIC,116.79,STATIC,125.69,STATIC,163.79,STATIC
141.46666666666667,4239,106.61,STATIC,134.58,STATIC,69.33,STATIC,37.26,STATIC,112.43,STATIC,116.13,STATIC,123.11,STATIC,164.00,STATIC
141.5,4240,104.54,STATIC,135.94,STATIC,69.41,STATIC,38.88,STATIC,111.91,STATIC,115.48,STATIC,123.03,STATIC,163.00,STATIC
141.53333333333333,4241,103.21,STATIC,137.63,STATIC,69.94,STATIC,40.55,STATIC,110.77,STATIC,115.05,STATIC,129.20,EXTENSION,162.37,STATIC
141.56666666666666,4242,102.25,STATIC,139.37,STATIC,70.23,STATIC,42.11,STATIC,110.30,STATIC,115.03,STATIC,127.48,STATIC,163.01,STATIC
141.60000000000002,4243,101.22,STATIC,139.49,STATIC,70.38,STATIC,42.76,STATIC,110.11,STATIC,114.61,STATIC,125.43,STATIC,161.74,STATIC
141.63333333333335,4244,100.95,STATIC,141.09,STATIC,71.02,STATIC,44.36,STATIC,108.84,STATIC,114.34,STATIC,127.75,STATIC,159.75,STATIC
141.66666666666669,4245,100.47,STATIC,142.30,STATIC,71.24,STATIC,45.98,STATIC,108.59,STATIC,114.34,STATIC,130.45,STATIC,160.31,STATIC
141.70000000000002,4246,99.92,STATIC,143.99,STATIC,71.79,STATIC,47.65,STATIC,108.23,STATIC,113.55,STATIC,126.16,STATIC,157.66,STATIC
141.73333333333335,4247,99.50,STATIC,145.28,STATIC,72.46,STATIC,49.45,STATIC,107.56,STATIC,113.13,STATIC,125.04,STATIC,155.63,STATIC
141.76666666666668,4248,99.15,STATIC,146.42,STATIC,72.95,STATIC,50.80,STATIC,107.21,STATIC,113.44,STATIC,123.51,STATIC,157.35,STATIC
141.8,4249,99.05,STATIC,146.84,STATIC,73.35,STATIC,51.37,STATIC,106.87,STATIC,113.92,STATIC,121.72,STATIC,157.93,STATIC
141.83333333333334,4250,98.86,STATIC,147.83,STATIC,73.77,STATIC,52.43,STATIC,106.31,STATIC,113.96,STATIC,122.36,STATIC,157.25,STATIC
141.86666666666667,4251,98.68,STATIC,149.20,STATIC,74.36,STATIC,53.67,STATIC,105.62,STATIC,113.93,STATIC,123.56,STATIC,156.75,STATIC
141.9,4252,98.75,STATIC,150.01,STATIC,74.61,STATIC,54.74,STATIC,105.48,STATIC,113.73,STATIC,122.72,STATIC,156.08,STATIC
141.93333333333334,4253,98.47,STATIC,150.65,STATIC,74.69,STATIC,55.32,STATIC,105.22,STATIC,113.64,STATIC,121.49,STATIC,158.54,STATIC
141.96666666666667,4254,98.31,STATIC,150.94,STATIC,74.91,STATIC,55.92,STATIC,105.15,STATIC,113.58,STATIC,120.95,STATIC,157.69,STATIC
142.0,4255,98.18,STATIC,151.17,STATIC,74.88,STATIC,55.94,STATIC,105.48,STATIC,114.11,STATIC,122.56,STATIC,156.87,STATIC
142.03333333333333,4256,98.09,STATIC,151.21,STATIC,74.80,STATIC,56.19,STATIC,105.53,STATIC,114.87,STATIC,123.00,STATIC,155.82,STATIC
142.06666666666666,4257,98.04,STATIC,151.59,STATIC,74.88,STATIC,56.24,STATIC,105.71,STATIC,115.45,STATIC,120.18,STATIC,156.61,STATIC
142.10000000000002,4258,97.98,STATIC,151.96,STATIC,75.12,STATIC,56.77,STATIC,105.35,STATIC,115.75,STATIC,122.68,STATIC,154.99,STATIC
142.13333333333335,4259,97.93,STATIC,151.97,STATIC,75.57,STATIC,57.23,STATIC,102.45,STATIC,115.51,STATIC,123.31,STATIC,150.51,STATIC
142.16666666666669,4260,97.70,STATIC,152.33,STATIC,75.61,STATIC,57.97,STATIC,102.37,STATIC,115.61,STATIC,123.13,STATIC,151.62,STATIC
142.20000000000002,4261,97.69,STATIC,152.62,STATIC,75.51,STATIC,58.25,STATIC,101.74,STATIC,115.84,STATIC,124.48,STATIC,151.84,STATIC
142.23333333333335,4262,97.36,STATIC,152.79,STATIC,75.54,STATIC,58.61,STATIC,102.00,STATIC,116.27,STATIC,125.11,STATIC,150.60,STATIC
142.26666666666668,4263,97.18,STATIC,152.81,STATIC,75.76,STATIC,58.97,STATIC,101.82,STATIC,116.53,STATIC,125.71,STATIC,149.05,STATIC
142.3,4264,97.00,STATIC,153.24,STATIC,75.77,STATIC,59.20,STATIC,102.18,STATIC,117.09,STATIC,125.77,STATIC,148.92,STATIC
142.33333333333334,4265,96.84,STATIC,153.54,STATIC,76.02,STATIC,59.77,STATIC,101.56,STATIC,117.21,STATIC,129.36,STATIC,146.59,STATIC
142.36666666666667,4266,96.60,STATIC,153.88,STATIC,75.66,STATIC,59.93,STATIC,102.77,STATIC,118.07,STATIC,129.93,STATIC,148.46,STATIC
142.4,4267,96.45,STATIC,153.78,STATIC,75.69,STATIC,60.16,STATIC,104.15,STATIC,118.43,STATIC,131.98,STATIC,149.11,STATIC
142.43333333333334,4268,96.43,STATIC,153.92,STATIC,75.24,STATIC,59.95,STATIC,104.84,STATIC,119.28,STATIC,125.16,FLEXION,150.74,STATIC
142.46666666666667,4269,96.41,STATIC,154.06,STATIC,75.13,STATIC,60.16,STATIC,104.46,STATIC,119.14,STATIC,122.82,STATIC,150.41,STATIC
142.5,4270,96.19,STATIC,154.09,STATIC,75.12,STATIC,60.36,STATIC,104.26,STATIC,119.53,STATIC,122.24,STATIC,150.23,STATIC
142.53333333333333,4271,95.93,STATIC,154.17,STATIC,75.08,STATIC,60.58,STATIC,104.21,STATIC,120.02,STATIC,122.62,STATIC,149.21,STATIC
142.56666666666666,4272,95.68,STATIC,154.35,STATIC,74.80,STATIC,60.67,STATIC,104.36,STATIC,120.15,STATIC,122.57,STATIC,148.60,STATIC
142.60000000000002,4273,95.53,STATIC,154.54,STATIC,74.69,STATIC,60.70,STATIC,104.35,STATIC,120.33,STATIC,122.89,STATIC,146.97,STATIC
142.63333333333335,4274,95.39,STATIC,154.71,STATIC,74.43,STATIC,60.55,STATIC,104.79,STATIC,120.89,STATIC,122.22,STATIC,146.72,STATIC
142.66666666666669,4275,95.23,STATIC,154.76,STATIC,74.21,STATIC,60.36,STATIC,105.02,STATIC,121.30,STATIC,121.89,STATIC,146.75,STATIC
142.70000000000002,4276,95.14,STATIC,154.82,STATIC,73.98,STATIC,60.06,STATIC,105.35,STATIC,121.65,STATIC,121.52,STATIC,147.12,STATIC
142.73333333333335,4277,94.98,STATIC,154.91,STATIC,73.79,STATIC,59.82,STATIC,106.58,STATIC,122.11,STATIC,125.30,STATIC,147.29,STATIC
142.76666666666668,4278,94.89,STATIC,154.91,STATIC,73.83,STATIC,59.79,STATIC,106.34,STATIC,122.61,STATIC,126.91,STATIC,145.83,STATIC
142.8,4279,94.78,STATIC,154.99,STATIC,73.76,STATIC,59.79,STATIC,106.35,STATIC,122.65,STATIC,126.87,STATIC,145.88,STATIC
142.83333333333334,4280,94.75,STATIC,154.83,STATIC,73.54,STATIC,59.53,STATIC,106.42,STATIC,123.09,STATIC,125.13,STATIC,145.80,STATIC
142.86666666666667,4281,94.64,STATIC,154.85,STATIC,73.64,STATIC,59.62,STATIC,105.98,STATIC,123.31,STATIC,123.81,STATIC,145.22,STATIC
142.9,4282,94.51,STATIC,154.94,STATIC,73.86,STATIC,59.92,STATIC,105.24,STATIC,123.09,STATIC,124.31,STATIC,144.14,STATIC
142.93333333333334,4283,94.35,STATIC,155.01,STATIC,74.20,STATIC,60.27,STATIC,104.35,STATIC,122.68,STATIC,125.17,STATIC,143.01,STATIC
142.96666666666667,4284,94.26,STATIC,154.97,STATIC,74.53,STATIC,60.65,STATIC,103.95,STATIC,122.60,STATIC,125.71,STATIC,141.88,STATIC
143.0,4285,94.25,STATIC,154.96,STATIC,74.53,STATIC,60.68,STATIC,103.82,STATIC,122.80,STATIC,124.81,STATIC,142.57,STATIC
143.03333333333333,4286,94.18,STATIC,154.89,STATIC,74.50,STATIC,60.70,STATIC,103.56,STATIC,123.19,STATIC,123.40,STATIC,143.11,STATIC
143.06666666666666,4287,94.02,STATIC,154.92,STATIC,74.68,STATIC,60.93,STATIC,103.22,STATIC,123.31,STATIC,124.41,STATIC,142.57,STATIC
143.10000000000002,4288,94.04,STATIC,154.82,STATIC,74.83,STATIC,61.13,STATIC,103.17,STATIC,123.35,STATIC,124.44,STATIC,141.29,STATIC
143.13333333333335,4289,94.01,STATIC,154.98,STATIC,74.89,STATIC,61.22,STATIC,103.03,STATIC,123.22,STATIC,125.13,STATIC,140.95,STATIC
143.16666666666669,4290,94.14,STATIC,154.93,STATIC,74.20,STATIC,60.72,STATIC,103.79,STATIC,123.80,STATIC,125.82,STATIC,142.16,STATIC
143.20000000000002,4291,94.08,STATIC,154.97,STATIC,73.74,STATIC,60.42,STATIC,104.25,STATIC,123.94,STATIC,125.24,STATIC,142.74,STATIC
143.23333333333335,4292,94.12,STATIC,154.98,STATIC,73.08,STATIC,59.80,STATIC,105.19,STATIC,124.41,STATIC,123.20,STATIC,143.76,STATIC
143.26666666666668,4293,94.17,STATIC,155.01,STATIC,73.06,STATIC,59.61,STATIC,105.27,STATIC,124.53,STATIC,123.23,STATIC,143.46,STATIC
143.3,4294,94.20,STATIC,155.04,STATIC,73.49,STATIC,59.86,STATIC,104.74,STATIC,123.97,STATIC,124.12,STATIC,142.00,STATIC
143.33333333333334,4295,94.34,STATIC,154.98,STATIC,73.33,STATIC,59.69,STATIC,105.27,STATIC,123.59,STATIC,121.90,STATIC,143.05,STATIC
143.36666666666667,4296,94.33,STATIC,154.95,STATIC,73.29,STATIC,59.66,STATIC,105.34,STATIC,123.64,STATIC,121.43,STATIC,143.32,STATIC
143.4,4297,94.38,STATIC,154.92,STATIC,72.76,STATIC,59.38,STATIC,105.90,STATIC,123.87,STATIC,121.36,STATIC,144.59,STATIC
143.43333333333334,4298,94.35,STATIC,154.93,STATIC,72.55,STATIC,59.24,STATIC,106.09,STATIC,123.84,STATIC,121.11,STATIC,144.79,STATIC
143.46666666666667,4299,94.37,STATIC,155.27,STATIC,72.70,STATIC,59.46,STATIC,105.47,STATIC,123.39,STATIC,122.70,STATIC,144.32,STATIC
143.5,4300,94.42,STATIC,155.37,STATIC,73.00,STATIC,59.85,STATIC,105.27,STATIC,123.79,STATIC,121.63,STATIC,145.15,STATIC
143.53333333333333,4301,94.54,STATIC,155.36,STATIC,73.47,STATIC,60.25,STATIC,104.66,STATIC,123.33,STATIC,123.10,STATIC,143.50,STATIC
143.56666666666666,4302,94.41,STATIC,155.32,STATIC,73.75,STATIC,60.43,STATIC,103.84,STATIC,123.25,STATIC,124.85,STATIC,142.61,STATIC
143.60000000000002,4303,94.23,STATIC,155.37,STATIC,74.37,STATIC,60.92,STATIC,101.78,STATIC,123.20,STATIC,134.30,EXTENSION,139.72,STATIC
143.63333333333335,4304,94.29,STATIC,155.36,STATIC,75.03,STATIC,61.52,STATIC,99.94,STATIC,122.27,STATIC,144.39,EXTENSION,136.87,STATIC
143.66666666666669,4305,94.45,STATIC,155.23,STATIC,75.54,STATIC,61.95,STATIC,100.23,STATIC,122.39,STATIC,141.41,STATIC,134.44,STATIC
143.70000000000002,4306,94.53,STATIC,155.25,STATIC,76.10,STATIC,62.36,STATIC,99.75,STATIC,122.56,STATIC,144.05,STATIC,132.07,STATIC
143.73333333333335,4307,94.58,STATIC,155.26,STATIC,76.73,STATIC,62.69,STATIC,98.61,STATIC,123.04,STATIC,147.92,STATIC,131.28,STATIC
143.76666666666668,4308,94.57,STATIC,154.91,STATIC,76.84,STATIC,62.68,STATIC,100.28,STATIC,123.51,STATIC,136.31,FLEXION,132.69,STATIC
143.8,4309,94.55,STATIC,154.88,STATIC,77.26,STATIC,62.90,STATIC,99.59,STATIC,123.71,STATIC,142.89,EXTENSION,131.58,STATIC
143.83333333333334,4310,94.56,STATIC,154.82,STATIC,77.72,STATIC,63.19,STATIC,99.40,STATIC,123.27,STATIC,142.74,STATIC,130.76,STATIC
143.86666666666667,4311,94.52,STATIC,154.69,STATIC,78.10,STATIC,63.34,STATIC,99.79,STATIC,122.78,STATIC,140.51,STATIC,131.54,STATIC
143.9,4312,94.55,STATIC,154.49,STATIC,78.18,STATIC,63.35,STATIC,99.85,STATIC,122.16,STATIC,139.82,STATIC,132.08,STATIC
143.93333333333334,4313,94.55,STATIC,154.42,STATIC,78.30,STATIC,63.36,STATIC,99.79,STATIC,122.70,STATIC,137.32,STATIC,133.29,STATIC
143.96666666666667,4314,94.47,STATIC,154.75,STATIC,78.13,STATIC,63.42,STATIC,99.84,STATIC,122.23,STATIC,138.16,STATIC,134.15,STATIC
144.0,4315,94.42,STATIC,154.76,STATIC,77.94,STATIC,63.41,STATIC,100.47,STATIC,122.27,STATIC,133.64,STATIC,135.07,STATIC
144.03333333333333,4316,94.45,STATIC,154.42,STATIC,77.68,STATIC,63.27,STATIC,101.07,STATIC,122.44,STATIC,131.23,STATIC,136.01,STATIC
144.06666666666666,4317,94.50,STATIC,154.46,STATIC,77.67,STATIC,63.20,STATIC,101.01,STATIC,122.31,STATIC,133.07,STATIC,136.04,STATIC
144.10000000000002,4318,94.62,STATIC,154.16,STATIC,77.69,STATIC,62.84,STATIC,100.97,STATIC,122.16,STATIC,134.02,STATIC,135.28,STATIC
144.13333333333335,4319,94.63,STATIC,154.04,STATIC,77.84,STATIC,62.64,STATIC,100.73,STATIC,122.34,STATIC,134.69,STATIC,134.41,STATIC
144.16666666666669,4320,94.66,STATIC,153.47,STATIC,77.58,STATIC,62.27,STATIC,101.11,STATIC,122.42,STATIC,132.21,STATIC,135.11,STATIC
144.20000000000002,4321,94.60,STATIC,153.60,STATIC,77.24,STATIC,61.95,STATIC,101.27,STATIC,122.66,STATIC,132.99,STATIC,135.30,STATIC
144.23333333333335,4322,94.50,STATIC,153.74,STATIC,76.80,STATIC,61.63,STATIC,101.70,STATIC,122.88,STATIC,133.29,STATIC,135.50,STATIC
144.26666666666668,4323,94.39,STATIC,153.89,STATIC,76.69,STATIC,61.47,STATIC,101.55,STATIC,123.00,STATIC,133.28,STATIC,135.35,STATIC
144.3,4324,94.32,STATIC,153.91,STATIC,76.71,STATIC,61.43,STATIC,101.37,STATIC,123.01,STATIC,136.56,STATIC,134.00,STATIC
144.33333333333334,4325,94.18,STATIC,153.89,STATIC,77.10,STATIC,61.64,STATIC,100.94,STATIC,122.85,STATIC,136.06,STATIC,132.21,STATIC
144.36666666666667,4326,94.10,STATIC,153.84,STATIC,77.22,STATIC,61.62,STATIC,100.85,STATIC,122.81,STATIC,135.60,STATIC,132.37,STATIC
144.4,4327,94.01,STATIC,153.67,STATIC,76.99,STATIC,61.30,STATIC,101.59,STATIC,122.84,STATIC,132.24,STATIC,134.48,STATIC
144.43333333333334,4328,93.79,STATIC,153.76,STATIC,77.01,STATIC,61.08,STATIC,101.58,STATIC,123.13,STATIC,131.83,STATIC,134.37,STATIC
144.46666666666667,4329,93.64,STATIC,153.73,STATIC,76.71,STATIC,60.60,STATIC,102.11,STATIC,123.48,STATIC,130.49,STATIC,135.17,STATIC
144.5,4330,93.49,STATIC,153.63,STATIC,76.50,STATIC,60.20,STATIC,102.41,STATIC,123.40,STATIC,130.44,STATIC,135.29,STATIC
144.53333333333333,4331,93.31,STATIC,153.58,STATIC,76.44,STATIC,60.02,STATIC,102.39,STATIC,123.38,STATIC,131.31,STATIC,134.76,STATIC
144.56666666666666,4332,92.96,STATIC,153.53,STATIC,76.67,STATIC,60.01,STATIC,102.16,STATIC,123.34,STATIC,130.85,STATIC,134.76,STATIC
144.60000000000002,4333,92.80,STATIC,152.99,STATIC,76.94,STATIC,60.05,STATIC,101.83,STATIC,123.30,STATIC,131.96,STATIC,134.29,STATIC
144.63333333333335,4334,92.73,STATIC,152.85,STATIC,76.65,STATIC,59.86,STATIC,102.35,STATIC,123.22,STATIC,131.12,STATIC,135.95,STATIC
144.66666666666669,4335,92.54,STATIC,152.60,STATIC,76.88,STATIC,59.84,STATIC,102.21,STATIC,123.39,STATIC,131.23,STATIC,136.20,STATIC
144.70000000000002,4336,92.57,STATIC,152.65,STATIC,76.55,STATIC,59.59,STATIC,102.74,STATIC,123.68,STATIC,130.02,STATIC,137.56,STATIC
144.73333333333335,4337,92.62,STATIC,152.62,STATIC,76.34,STATIC,59.46,STATIC,103.18,STATIC,123.73,STATIC,129.44,STATIC,138.56,STATIC
144.76666666666668,4338,92.68,STATIC,152.65,STATIC,76.33,STATIC,59.38,STATIC,103.13,STATIC,123.50,STATIC,129.54,STATIC,138.81,STATIC
144.8,4339,92.68,STATIC,152.69,STATIC,76.22,STATIC,59.40,STATIC,103.19,STATIC,123.52,STATIC,129.69,STATIC,139.17,STATIC
144.83333333333334,4340,92.68,STATIC,152.52,STATIC,76.35,STATIC,59.42,STATIC,102.90,STATIC,123.45,STATIC,130.76,STATIC,139.10,STATIC
144.86666666666667,4341,92.78,STATIC,152.36,STATIC,76.33,STATIC,59.35,STATIC,102.87,STATIC,123.50,STATIC,131.22,STATIC,139.01,STATIC
144.9,4342,92.82,STATIC,152.29,STATIC,76.15,STATIC,59.16,STATIC,103.07,STATIC,123.46,STATIC,131.61,STATIC,139.22,STATIC
144.93333333333334,4343,92.77,STATIC,152.26,STATIC,76.13,STATIC,59.06,STATIC,103.10,STATIC,123.41,STATIC,131.41,STATIC,138.96,STATIC
144.96666666666667,4344,92.65,STATIC,152.26,STATIC,76.37,STATIC,59.26,STATIC,102.74,STATIC,123.46,STATIC,130.49,STATIC,138.11,STATIC
145.0,4345,92.63,STATIC,152.22,STATIC,76.34,STATIC,59.29,STATIC,102.77,STATIC,123.44,STATIC,130.39,STATIC,137.94,STATIC
145.03333333333333,4346,92.77,STATIC,152.22,STATIC,75.96,STATIC,59.26,STATIC,103.42,STATIC,123.19,STATIC,129.17,STATIC,139.95,STATIC
145.06666666666666,4347,92.77,STATIC,152.20,STATIC,75.80,STATIC,59.21,STATIC,103.62,STATIC,123.46,STATIC,129.38,STATIC,139.75,STATIC
145.10000000000002,4348,92.82,STATIC,152.25,STATIC,75.76,STATIC,59.09,STATIC,103.44,STATIC,123.44,STATIC,129.41,STATIC,138.59,STATIC
145.13333333333335,4349,92.80,STATIC,152.23,STATIC,75.70,STATIC,59.03,STATIC,103.42,STATIC,123.50,STATIC,129.61,STATIC,138.49,STATIC
145.16666666666669,4350,92.86,STATIC,152.15,STATIC,75.69,STATIC,58.85,STATIC,103.52,STATIC,123.91,STATIC,128.94,STATIC,138.32,STATIC
145.20000000000002,4351,92.91,STATIC,152.25,STATIC,75.69,STATIC,58.84,STATIC,103.54,STATIC,123.99,STATIC,128.30,STATIC,138.25,STATIC
145.23333333333335,4352,92.90,STATIC,152.25,STATIC,75.74,STATIC,58.87,STATIC,103.43,STATIC,123.95,STATIC,128.30,STATIC,137.85,STATIC
145.26666666666668,4353,92.89,STATIC,152.37,STATIC,75.64,STATIC,58.87,STATIC,103.41,STATIC,124.19,STATIC,129.48,STATIC,137.97,STATIC
145.3,4354,92.84,STATIC,152.47,STATIC,75.25,STATIC,58.58,STATIC,103.84,STATIC,124.91,STATIC,128.37,STATIC,139.11,STATIC
145.33333333333334,4355,92.89,STATIC,152.61,STATIC,74.65,STATIC,58.23,STATIC,104.50,STATIC,125.24,STATIC,127.01,STATIC,140.35,STATIC
145.36666666666667,4356,92.89,STATIC,152.63,STATIC,74.81,STATIC,58.33,STATIC,104.36,STATIC,124.75,STATIC,127.67,STATIC,138.46,STATIC
145.4,4357,92.90,STATIC,152.66,STATIC,74.82,STATIC,58.44,STATIC,104.19,STATIC,124.90,STATIC,129.58,STATIC,137.24,STATIC
145.43333333333334,4358,92.88,STATIC,152.72,STATIC,74.46,STATIC,58.29,STATIC,104.31,STATIC,124.87,STATIC,130.31,STATIC,137.86,STATIC
145.46666666666667,4359,92.79,STATIC,152.66,STATIC,74.24,STATIC,58.15,STATIC,104.39,STATIC,124.75,STATIC,130.29,STATIC,138.18,STATIC
145.5,4360,92.74,STATIC,152.55,STATIC,74.15,STATIC,58.13,STATIC,104.55,STATIC,124.53,STATIC,128.75,STATIC,138.47,STATIC
145.53333333333333,4361,92.71,STATIC,152.43,STATIC,74.32,STATIC,58.22,STATIC,104.14,STATIC,124.38,STATIC,129.03,STATIC,137.55,STATIC
145.56666666666666,4362,92.56,STATIC,152.40,STATIC,74.24,STATIC,58.15,STATIC,104.34,STATIC,124.62,STATIC,128.60,STATIC,138.52,STATIC
145.60000000000002,4363,92.27,STATIC,152.27,STATIC,74.73,STATIC,58.39,STATIC,103.58,STATIC,124.37,STATIC,131.15,STATIC,136.02,STATIC
145.63333333333335,4364,92.18,STATIC,152.14,STATIC,74.76,STATIC,58.34,STATIC,103.67,STATIC,124.27,STATIC,130.79,STATIC,137.21,STATIC
145.66666666666669,4365,92.10,STATIC,152.42,STATIC,74.62,STATIC,58.16,STATIC,103.85,STATIC,124.23,STATIC,130.94,STATIC,138.59,STATIC
145.70000000000002,4366,91.90,STATIC,152.12,STATIC,74.82,STATIC,58.10,STATIC,103.66,STATIC,124.10,STATIC,131.31,STATIC,138.34,STATIC
145.73333333333335,4367,91.83,STATIC,152.03,STATIC,75.04,STATIC,58.04,STATIC,103.11,STATIC,123.83,STATIC,133.40,STATIC,137.22,STATIC
145.76666666666668,4368,91.94,STATIC,151.83,STATIC,74.72,STATIC,57.84,STATIC,103.18,STATIC,123.90,STATIC,133.68,STATIC,137.52,STATIC
145.8,4369,92.13,STATIC,151.69,STATIC,74.17,STATIC,57.47,STATIC,103.89,STATIC,123.92,STATIC,132.21,STATIC,138.34,STATIC
145.83333333333334,4370,92.24,STATIC,151.52,STATIC,73.89,STATIC,57.32,STATIC,104.24,STATIC,123.83,STATIC,132.87,STATIC,138.04,STATIC
145.86666666666667,4371,92.31,STATIC,151.30,STATIC,74.48,STATIC,57.67,STATIC,103.61,STATIC,123.43,STATIC,133.59,STATIC,133.20,STATIC
145.9,4372,92.38,STATIC,151.20,STATIC,74.64,STATIC,57.72,STATIC,103.50,STATIC,123.71,STATIC,133.49,STATIC,133.43,STATIC
145.93333333333334,4373,92.48,STATIC,151.02,STATIC,74.49,STATIC,57.55,STATIC,103.69,STATIC,124.16,STATIC,132.64,STATIC,134.09,STATIC
145.96666666666667,4374,92.55,STATIC,151.06,STATIC,74.12,STATIC,57.44,STATIC,104.04,STATIC,124.45,STATIC,132.76,STATIC,135.81,STATIC
146.0,4375,92.69,STATIC,151.09,STATIC,73.80,STATIC,57.24,STATIC,104.51,STATIC,124.48,STATIC,130.99,STATIC,137.58,STATIC
146.03333333333333,4376,92.82,STATIC,151.24,STATIC,73.36,STATIC,57.07,STATIC,105.32,STATIC,124.49,STATIC,130.10,STATIC,139.74,STATIC
146.06666666666666,4377,92.94,STATIC,151.24,STATIC,73.45,STATIC,56.91,STATIC,105.53,STATIC,124.83,STATIC,129.49,STATIC,139.82,STATIC
146.10000000000002,4378,93.05,STATIC,150.97,STATIC,73.39,STATIC,56.98,STATIC,106.45,STATIC,124.74,STATIC,127.83,STATIC,140.08,STATIC
146.13333333333335,4379,93.02,STATIC,151.03,STATIC,73.37,STATIC,57.05,STATIC,106.37,STATIC,125.14,STATIC,128.81,STATIC,140.23,STATIC
146.16666666666669,4380,93.20,STATIC,151.20,STATIC,72.39,STATIC,56.73,STATIC,107.63,STATIC,125.65,STATIC,125.86,STATIC,143.66,STATIC
146.20000000000002,4381,93.20,STATIC,151.53,STATIC,72.22,STATIC,56.74,STATIC,107.58,STATIC,125.79,STATIC,126.79,STATIC,143.27,STATIC
146.23333333333335,4382,93.17,STATIC,151.70,STATIC,72.21,STATIC,56.63,STATIC,107.54,STATIC,125.95,STATIC,127.66,STATIC,143.26,STATIC
146.26666666666668,4383,93.21,STATIC,151.51,STATIC,72.54,STATIC,56.58,STATIC,107.50,STATIC,125.51,STATIC,128.12,STATIC,142.50,STATIC
146.3,4384,93.18,STATIC,152.01,STATIC,72.60,STATIC,56.64,STATIC,106.46,STATIC,125.22,STATIC,132.99,STATIC,139.63,STATIC
146.33333333333334,4385,93.19,STATIC,152.26,STATIC,72.45,STATIC,56.79,STATIC,106.35,STATIC,125.01,STATIC,132.57,STATIC,140.06,STATIC
146.36666666666667,4386,93.19,STATIC,152.02,STATIC,72.43,STATIC,56.80,STATIC,105.86,STATIC,124.09,STATIC,135.69,STATIC,139.98,STATIC
146.4,4387,93.10,STATIC,151.72,STATIC,72.70,STATIC,56.79,STATIC,105.61,STATIC,124.28,STATIC,135.73,STATIC,137.08,STATIC
146.43333333333334,4388,93.24,STATIC,151.59,STATIC,72.54,STATIC,56.66,STATIC,105.88,STATIC,124.72,STATIC,134.05,STATIC,137.59,STATIC
146.46666666666667,4389,93.32,STATIC,151.98,STATIC,71.93,STATIC,56.51,STATIC,107.27,STATIC,125.20,STATIC,127.45,FLEXION,142.63,EXTENSION
146.5,4390,93.34,STATIC,152.13,STATIC,72.16,STATIC,56.78,STATIC,107.10,STATIC,125.22,STATIC,128.69,STATIC,141.04,STATIC
146.53333333333333,4391,93.32,STATIC,152.33,STATIC,72.20,STATIC,56.69,STATIC,107.35,STATIC,125.22,STATIC,129.54,STATIC,141.54,STATIC
146.56666666666666,4392,93.35,STATIC,152.50,STATIC,71.44,STATIC,56.15,STATIC,108.52,STATIC,125.58,STATIC,126.51,STATIC,146.75,EXTENSION
146.60000000000002,4393,93.38,STATIC,152.69,STATIC,70.90,STATIC,55.46,STATIC,109.51,STATIC,125.84,STATIC,125.04,STATIC,147.43,STATIC
146.63333333333335,4394,93.47,STATIC,152.59,STATIC,71.27,STATIC,55.34,STATIC,109.12,STATIC,125.78,STATIC,126.68,STATIC,146.08,STATIC
146.66666666666669,4395,93.54,STATIC,152.49,STATIC,71.38,STATIC,55.29,STATIC,108.78,STATIC,126.03,STATIC,127.01,STATIC,146.08,STATIC
146.70000000000002,4396,93.35,STATIC,152.43,STATIC,71.49,STATIC,55.53,STATIC,108.57,STATIC,125.44,STATIC,125.94,STATIC,147.03,STATIC
146.73333333333335,4397,93.38,STATIC,152.36,STATIC,71.02,STATIC,55.63,STATIC,108.49,STATIC,125.03,STATIC,127.24,STATIC,148.32,STATIC
146.76666666666668,4398,93.13,STATIC,152.47,STATIC,71.15,STATIC,56.05,STATIC,108.49,STATIC,124.84,STATIC,128.55,STATIC,148.29,STATIC
146.8,4399,92.94,STATIC,152.56,STATIC,70.67,STATIC,55.71,STATIC,109.67,STATIC,125.12,STATIC,123.33,FLEXION,151.64,STATIC
146.83333333333334,4400,92.94,STATIC,152.68,STATIC,70.70,STATIC,55.67,STATIC,109.70,STATIC,124.98,STATIC,124.89,STATIC,151.49,STATIC
146.86666666666667,4401,93.16,STATIC,152.68,STATIC,70.57,STATIC,55.10,STATIC,110.11,STATIC,125.66,STATIC,121.87,STATIC,152.19,STATIC
146.9,4402,93.69,STATIC,152.33,STATIC,70.69,STATIC,54.45,STATIC,110.18,STATIC,126.68,STATIC,121.07,STATIC,151.93,STATIC
146.93333333333334,4403,93.92,STATIC,151.84,STATIC,70.97,STATIC,53.83,STATIC,109.79,STATIC,127.95,STATIC,120.65,STATIC,150.85,STATIC
146.96666666666667,4404,94.52,STATIC,151.35,STATIC,71.41,STATIC,53.35,STATIC,109.53,STATIC,128.89,STATIC,120.36,STATIC,151.55,STATIC
147.0,4405,94.69,STATIC,151.94,STATIC,71.73,STATIC,53.34,STATIC,108.91,STATIC,129.05,STATIC,122.23,STATIC,148.97,STATIC
147.03333333333333,4406,94.96,STATIC,151.74,STATIC,72.16,STATIC,53.19,STATIC,108.74,STATIC,130.00,STATIC,122.62,STATIC,148.13,STATIC
147.06666666666666,4407,94.67,STATIC,151.92,STATIC,72.51,STATIC,53.07,STATIC,108.29,STATIC,130.08,STATIC,123.53,STATIC,146.86,STATIC
147.10000000000002,4408,94.41,STATIC,151.85,STATIC,72.88,STATIC,53.12,STATIC,107.75,STATIC,129.69,STATIC,123.80,STATIC,146.22,STATIC
147.13333333333335,4409,93.80,STATIC,152.02,STATIC,73.11,STATIC,53.19,STATIC,107.36,STATIC,130.26,STATIC,124.96,STATIC,146.80,STATIC
147.16666666666669,4410,93.37,STATIC,152.32,STATIC,73.56,STATIC,53.84,STATIC,104.97,STATIC,129.40,STATIC,127.60,STATIC,146.06,STATIC
147.20000000000002,4411,93.29,STATIC,152.13,STATIC,73.88,STATIC,54.22,STATIC,105.11,STATIC,128.80,STATIC,128.60,STATIC,146.45,STATIC
147.23333333333335,4412,93.22,STATIC,151.69,STATIC,74.27,STATIC,54.10,STATIC,106.26,STATIC,129.89,STATIC,126.18,STATIC,148.92,STATIC
147.26666666666668,4413,92.91,STATIC,151.16,STATIC,74.48,STATIC,54.28,STATIC,105.95,STATIC,128.90,STATIC,125.86,STATIC,151.00,STATIC
147.3,4414,93.14,STATIC,151.15,STATIC,74.96,STATIC,54.36,STATIC,105.88,STATIC,128.19,STATIC,126.25,STATIC,152.88,STATIC
147.33333333333334,4415,93.46,STATIC,151.12,STATIC,75.37,STATIC,54.41,STATIC,105.79,STATIC,126.93,STATIC,124.39,STATIC,154.94,STATIC
147.36666666666667,4416,93.71,STATIC,150.83,STATIC,75.59,STATIC,54.02,STATIC,105.66,STATIC,126.70,STATIC,123.62,STATIC,158.05,STATIC
147.4,4417,93.90,STATIC,149.53,STATIC,75.81,STATIC,52.75,STATIC,105.38,STATIC,126.60,STATIC,123.60,STATIC,159.34,STATIC
147.43333333333334,4418,94.20,STATIC,148.83,STATIC,75.98,STATIC,51.74,STATIC,105.31,STATIC,126.80,STATIC,123.16,STATIC,160.98,STATIC
147.46666666666667,4419,94.30,STATIC,148.23,STATIC,76.03,STATIC,50.75,STATIC,105.43,STATIC,127.10,STATIC,123.89,STATIC,161.90,STATIC
147.5,4420,94.44,STATIC,148.74,STATIC,76.27,STATIC,50.87,STATIC,105.30,STATIC,126.31,STATIC,124.09,STATIC,162.51,STATIC
147.53333333333333,4421,94.42,STATIC,148.90,STATIC,76.22,STATIC,50.56,STATIC,105.43,STATIC,126.90,STATIC,124.27,STATIC,164.89,STATIC
147.56666666666666,4422,94.43,STATIC,148.23,STATIC,76.29,STATIC,50.09,STATIC,105.38,STATIC,126.50,STATIC,124.66,STATIC,164.61,STATIC
147.60000000000002,4423,94.49,STATIC,146.59,STATIC,76.13,STATIC,48.53,STATIC,105.87,STATIC,126.73,STATIC,125.21,STATIC,165.76,STATIC
147.63333333333335,4424,94.19,STATIC,144.73,STATIC,75.93,STATIC,46.65,STATIC,106.60,STATIC,127.89,STATIC,126.71,STATIC,166.41,STATIC
147.66666666666669,4425,94.71,STATIC,142.89,STATIC,75.90,STATIC,45.43,STATIC,106.40,STATIC,128.66,STATIC,128.92,STATIC,165.69,STATIC
147.70000000000002,4426,94.99,STATIC,140.52,STATIC,76.03,STATIC,43.76,STATIC,106.10,STATIC,128.31,STATIC,128.33,STATIC,166.00,STATIC
147.73333333333335,4427,95.31,STATIC,138.54,STATIC,76.30,STATIC,42.41,STATIC,105.67,STATIC,127.25,STATIC,127.27,STATIC,167.23,STATIC
147.76666666666668,4428,95.38,STATIC,137.41,STATIC,76.66,STATIC,41.60,STATIC,105.09,STATIC,126.35,STATIC,126.84,STATIC,168.00,STATIC
147.8,4429,95.22,STATIC,135.62,STATIC,77.05,STATIC,40.93,STATIC,104.64,STATIC,125.69,STATIC,126.81,STATIC,167.93,STATIC
147.83333333333334,4430,95.46,STATIC,134.55,STATIC,77.45,STATIC,40.06,STATIC,104.26,STATIC,125.04,STATIC,127.61,STATIC,168.17,STATIC
147.86666666666667,4431,96.34,STATIC,133.73,STATIC,77.85,STATIC,39.17,STATIC,103.88,STATIC,124.78,STATIC,128.61,STATIC,167.97,STATIC
147.9,4432,96.18,STATIC,132.40,STATIC,78.17,STATIC,37.90,STATIC,103.26,STATIC,123.22,STATIC,128.11,STATIC,169.19,STATIC
147.93333333333334,4433,96.34,STATIC,131.44,STATIC,78.54,STATIC,37.56,STATIC,102.99,STATIC,122.42,STATIC,129.37,STATIC,169.88,STATIC
147.96666666666667,4434,98.68,STATIC,130.82,STATIC,78.94,STATIC,36.91,STATIC,102.80,STATIC,121.66,STATIC,130.05,STATIC,170.19,STATIC
148.0,4435,100.29,STATIC,129.77,STATIC,79.20,STATIC,36.17,STATIC,102.49,STATIC,120.26,STATIC,131.06,STATIC,171.62,STATIC
148.03333333333333,4436,100.58,STATIC,128.05,STATIC,79.52,STATIC,35.16,STATIC,102.25,STATIC,120.46,STATIC,131.76,STATIC,171.13,STATIC
148.06666666666666,4437,102.28,STATIC,127.16,STATIC,79.65,STATIC,34.31,STATIC,102.03,STATIC,120.53,STATIC,131.87,STATIC,171.11,STATIC
148.10000000000002,4438,103.73,STATIC,125.02,STATIC,79.91,STATIC,33.27,STATIC,101.55,STATIC,121.07,STATIC,137.38,EXTENSION,170.81,STATIC
148.13333333333335,4439,104.44,STATIC,123.67,STATIC,80.10,STATIC,32.17,STATIC,101.45,STATIC,121.94,STATIC,137.71,STATIC,170.35,STATIC
148.16666666666669,4440,108.18,STATIC,122.70,STATIC,80.38,STATIC,31.60,STATIC,101.13,STATIC,122.16,STATIC,139.28,STATIC,169.99,STATIC
148.20000000000002,4441,109.10,STATIC,121.13,STATIC,80.49,STATIC,30.82,STATIC,101.02,STATIC,122.80,STATIC,139.11,STATIC,169.44,STATIC
148.23333333333335,4442,111.95,STATIC,121.18,STATIC,80.62,STATIC,30.37,STATIC,100.85,STATIC,122.69,STATIC,140.69,STATIC,169.47,STATIC
148.26666666666668,4443,112.59,STATIC,121.28,STATIC,80.79,STATIC,29.86,STATIC,100.76,STATIC,122.64,STATIC,144.56,STATIC,169.10,STATIC
148.3,4444,112.26,STATIC,122.42,STATIC,81.03,STATIC,30.16,STATIC,100.58,STATIC,121.98,STATIC,144.75,STATIC,169.39,STATIC
148.33333333333334,4445,112.81,STATIC,122.54,STATIC,81.14,STATIC,29.83,STATIC,100.44,STATIC,121.89,STATIC,141.35,STATIC,169.65,STATIC
148.36666666666667,4446,116.29,STATIC,122.94,STATIC,81.21,STATIC,29.48,STATIC,100.48,STATIC,121.41,STATIC,139.90,STATIC,170.40,STATIC
148.4,4447,118.56,STATIC,122.64,STATIC,81.19,STATIC,28.83,STATIC,100.73,STATIC,120.55,STATIC,139.87,STATIC,172.04,STATIC
148.43333333333334,4448,124.42,EXTENSION,122.71,STATIC,81.16,STATIC,28.61,STATIC,100.62,STATIC,119.56,STATIC,139.37,STATIC,173.32,STATIC
148.46666666666667,4449,127.51,STATIC,121.85,STATIC,81.16,STATIC,28.22,STATIC,100.78,STATIC,119.37,STATIC,140.19,STATIC,173.45,STATIC
148.5,4450,130.47,STATIC,121.51,STATIC,81.19,STATIC,28.22,STATIC,100.91,STATIC,118.78,STATIC,141.13,STATIC,173.76,STATIC
148.53333333333333,4451,135.36,STATIC,121.82,STATIC,81.28,STATIC,28.20,STATIC,101.01,STATIC,118.62,STATIC,144.92,STATIC,174.55,STATIC
148.56666666666666,4452,134.52,STATIC,121.96,STATIC,81.24,STATIC,28.06,STATIC,101.19,STATIC,117.81,STATIC,145.91,STATIC,175.24,STATIC
148.60000000000002,4453,135.93,STATIC,120.69,STATIC,81.28,STATIC,27.73,STATIC,101.37,STATIC,117.79,STATIC,145.79,STATIC,175.27,STATIC
148.63333333333335,4454,142.06,EXTENSION,120.17,STATIC,81.53,STATIC,27.69,STATIC,101.57,STATIC,117.59,STATIC,145.99,STATIC,175.48,STATIC
148.66666666666669,4455,133.47,FLEXION,120.20,STATIC,81.66,STATIC,27.63,STATIC,102.12,STATIC,117.33,STATIC,146.57,STATIC,175.56,STATIC
148.70000000000002,4456,130.22,STATIC,120.72,STATIC,81.75,STATIC,28.37,STATIC,102.03,STATIC,117.08,STATIC,146.61,STATIC,175.71,STATIC
148.73333333333335,4457,123.01,FLEXION,119.89,STATIC,81.78,STATIC,28.36,STATIC,101.86,STATIC,116.66,STATIC,146.57,STATIC,175.49,STATIC
148.76666666666668,4458,121.21,STATIC,119.30,STATIC,81.77,STATIC,28.32,STATIC,101.67,STATIC,116.27,STATIC,146.68,STATIC,175.32,STATIC
148.8,4459,130.69,EXTENSION,120.13,STATIC,81.79,STATIC,28.99,STATIC,101.65,STATIC,115.71,STATIC,147.21,STATIC,175.47,STATIC
148.83333333333334,4460,134.07,STATIC,120.14,STATIC,81.75,STATIC,29.14,STATIC,101.66,STATIC,115.61,STATIC,147.56,STATIC,174.89,STATIC
148.86666666666667,4461,142.91,EXTENSION,119.36,STATIC,81.44,STATIC,28.75,STATIC,102.39,STATIC,115.79,STATIC,143.60,STATIC,175.96,STATIC
148.9,4462,141.17,STATIC,120.19,STATIC,81.21,STATIC,29.15,STATIC,102.83,STATIC,115.97,STATIC,140.89,STATIC,175.00,STATIC
148.93333333333334,4463,141.67,STATIC,119.28,STATIC,80.97,STATIC,29.04,STATIC,102.98,STATIC,115.64,STATIC,141.10,STATIC,175.06,STATIC
148.96666666666667,4464,141.37,STATIC,119.45,STATIC,80.85,STATIC,29.45,STATIC,103.06,STATIC,115.71,STATIC,141.47,STATIC,174.44,STATIC
149.0,4465,142.50,STATIC,118.03,STATIC,80.73,STATIC,29.31,STATIC,103.25,STATIC,115.53,STATIC,141.31,STATIC,174.32,STATIC
149.03333333333333,4466,135.27,FLEXION,115.84,STATIC,80.57,STATIC,29.13,STATIC,103.33,STATIC,115.32,STATIC,141.47,STATIC,173.90,STATIC
149.06666666666666,4467,130.64,STATIC,114.09,STATIC,80.43,STATIC,28.39,STATIC,103.42,STATIC,115.22,STATIC,141.55,STATIC,173.41,STATIC
149.10000000000002,4468,135.23,STATIC,112.62,STATIC,80.33,STATIC,27.70,STATIC,103.50,STATIC,115.14,STATIC,142.00,STATIC,172.78,STATIC
149.13333333333335,4469,136.09,STATIC,111.27,STATIC,80.18,STATIC,27.09,STATIC,103.62,STATIC,114.93,STATIC,141.79,STATIC,172.54,STATIC
149.16666666666669,4470,133.30,STATIC,110.19,STATIC,80.07,STATIC,26.52,STATIC,103.66,STATIC,114.50,STATIC,141.12,STATIC,172.09,STATIC
149.20000000000002,4471,134.51,STATIC,110.10,STATIC,79.95,STATIC,26.24,STATIC,103.71,STATIC,113.99,STATIC,139.87,STATIC,170.45,STATIC
149.23333333333335,4472,136.61,STATIC,109.79,STATIC,79.84,STATIC,26.00,STATIC,103.61,STATIC,113.55,STATIC,138.22,STATIC,169.72,STATIC
149.26666666666668,4473,138.35,STATIC,109.24,STATIC,79.68,STATIC,25.73,STATIC,103.68,STATIC,113.20,STATIC,137.41,STATIC,169.14,STATIC
149.3,4474,138.87,STATIC,108.52,STATIC,79.48,STATIC,25.40,STATIC,103.78,STATIC,113.06,STATIC,136.03,STATIC,168.68,STATIC
149.33333333333334,4475,141.18,STATIC,107.98,STATIC,79.03,STATIC,24.97,STATIC,104.22,STATIC,113.16,STATIC,135.42,STATIC,168.69,STATIC
149.36666666666667,4476,150.27,EXTENSION,107.79,STATIC,78.48,STATIC,24.38,STATIC,104.74,STATIC,113.12,STATIC,134.88,STATIC,168.76,STATIC
149.4,4477,152.05,STATIC,108.42,STATIC,78.04,STATIC,23.92,STATIC,105.23,STATIC,113.33,STATIC,134.30,STATIC,168.75,STATIC
149.43333333333334,4478,144.21,FLEXION,109.46,STATIC,77.67,STATIC,23.99,STATIC,105.63,STATIC,113.53,STATIC,133.38,STATIC,168.76,STATIC
149.46666666666667,4479,140.98,STATIC,110.53,STATIC,77.09,STATIC,24.26,STATIC,106.23,STATIC,113.49,STATIC,132.76,STATIC,167.59,STATIC
149.5,4480,143.69,STATIC,111.43,STATIC,76.47,STATIC,24.29,STATIC,106.85,STATIC,113.53,STATIC,131.81,STATIC,166.70,STATIC
149.53333333333333,4481,145.39,STATIC,112.05,STATIC,76.01,STATIC,24.08,STATIC,107.37,STATIC,114.01,STATIC,130.86,STATIC,166.78,STATIC
149.56666666666666,4482,146.69,STATIC,111.05,STATIC,75.89,STATIC,23.58,STATIC,107.41,STATIC,114.34,STATIC,130.32,STATIC,167.48,STATIC
149.60000000000002,4483,145.10,STATIC,111.63,STATIC,75.47,STATIC,23.37,STATIC,107.90,STATIC,114.94,STATIC,129.92,STATIC,167.83,STATIC
149.63333333333335,4484,146.00,STATIC,111.65,STATIC,74.99,STATIC,23.01,STATIC,108.37,STATIC,115.76,STATIC,129.25,STATIC,169.24,STATIC
149.66666666666669,4485,148.60,STATIC,112.17,STATIC,74.68,STATIC,22.86,STATIC,108.70,STATIC,116.30,STATIC,128.20,STATIC,169.96,STATIC
149.70000000000002,4486,143.45,FLEXION,111.62,STATIC,74.79,STATIC,22.44,STATIC,108.41,STATIC,116.64,STATIC,127.23,STATIC,170.65,STATIC
149.73333333333335,4487,134.90,FLEXION,110.64,STATIC,74.75,STATIC,21.91,STATIC,108.17,STATIC,117.36,STATIC,126.39,STATIC,171.63,STATIC
149.76666666666668,4488,148.84,EXTENSION,110.56,STATIC,74.75,STATIC,21.43,STATIC,108.20,STATIC,117.64,STATIC,126.21,STATIC,172.57,STATIC
149.8,4489,140.73,FLEXION,109.85,STATIC,74.76,STATIC,21.00,STATIC,108.06,STATIC,117.52,STATIC,125.50,STATIC,172.55,STATIC
149.83333333333334,4490,137.49,STATIC,109.95,STATIC,74.97,STATIC,21.14,STATIC,107.86,STATIC,117.48,STATIC,124.68,STATIC,173.00,STATIC
149.86666666666667,4491,129.22,FLEXION,110.42,STATIC,75.27,STATIC,21.09,STATIC,107.31,STATIC,116.95,STATIC,123.31,STATIC,172.52,STATIC
149.9,4492,127.34,STATIC,110.09,STATIC,75.71,STATIC,21.29,STATIC,106.68,STATIC,116.40,STATIC,122.29,STATIC,171.67,STATIC
149.93333333333334,4493,126.94,STATIC,109.33,STATIC,76.12,STATIC,21.50,STATIC,106.00,STATIC,115.48,STATIC,123.52,STATIC,170.62,STATIC
149.96666666666667,4494,128.22,STATIC,109.29,STATIC,76.56,STATIC,22.21,STATIC,105.55,STATIC,114.75,STATIC,120.97,STATIC,169.93,STATIC
150.0,4495,131.35,STATIC,109.08,STATIC,76.99,STATIC,22.60,STATIC,105.13,STATIC,113.89,STATIC,120.09,STATIC,169.36,STATIC
150.03333333333333,4496,133.63,STATIC,108.94,STATIC,77.50,STATIC,23.29,STATIC,104.62,STATIC,113.17,STATIC,119.38,STATIC,168.88,STATIC
150.06666666666666,4497,132.31,STATIC,109.10,STATIC,77.89,STATIC,23.89,STATIC,104.13,STATIC,112.33,STATIC,121.08,STATIC,168.10,STATIC
150.10000000000002,4498,133.65,STATIC,109.06,STATIC,78.22,STATIC,24.19,STATIC,103.62,STATIC,112.39,STATIC,117.99,STATIC,169.11,STATIC
150.13333333333335,4499,133.58,STATIC,109.11,STATIC,78.49,STATIC,24.74,STATIC,103.19,STATIC,111.96,STATIC,116.23,STATIC,168.64,STATIC
150.16666666666669,4500,135.97,STATIC,109.01,STATIC,78.76,STATIC,24.80,STATIC,102.90,STATIC,111.25,STATIC,115.42,STATIC,167.78,STATIC
150.20000000000002,4501,136.64,STATIC,108.56,STATIC,79.00,STATIC,24.84,STATIC,102.58,STATIC,110.98,STATIC,115.21,STATIC,167.13,STATIC
150.23333333333335,4502,138.68,STATIC,108.30,STATIC,79.23,STATIC,25.25,STATIC,102.28,STATIC,110.75,STATIC,115.24,STATIC,166.47,STATIC
150.26666666666668,4503,139.84,STATIC,108.23,STATIC,79.48,STATIC,25.30,STATIC,102.02,STATIC,110.43,STATIC,114.64,STATIC,166.74,STATIC
150.3,4504,141.95,STATIC,108.46,STATIC,79.53,STATIC,25.34,STATIC,101.94,STATIC,110.24,STATIC,114.30,STATIC,166.97,STATIC
150.33333333333334,4505,141.97,STATIC,109.00,STATIC,79.65,STATIC,25.33,STATIC,101.77,STATIC,109.92,STATIC,113.84,STATIC,166.28,STATIC
150.36666666666667,4506,141.87,STATIC,109.56,STATIC,79.71,STATIC,25.51,STATIC,101.73,STATIC,109.61,STATIC,113.67,STATIC,165.86,STATIC
150.4,4507,143.34,STATIC,110.27,STATIC,79.80,STATIC,25.73,STATIC,101.72,STATIC,109.32,STATIC,113.56,STATIC,165.20,STATIC
150.43333333333334,4508,142.34,STATIC,110.95,STATIC,79.82,STATIC,26.14,STATIC,101.55,STATIC,108.98,STATIC,112.99,STATIC,163.38,STATIC
150.46666666666667,4509,142.64,STATIC,111.15,STATIC,79.82,STATIC,26.31,STATIC,101.53,STATIC,108.91,STATIC,112.74,STATIC,162.40,STATIC
150.5,4510,143.04,STATIC,110.84,STATIC,79.71,STATIC,26.75,STATIC,101.53,STATIC,108.48,STATIC,112.43,STATIC,161.01,STATIC
150.53333333333333,4511,143.03,STATIC,110.92,STATIC,79.66,STATIC,26.88,STATIC,101.57,STATIC,108.49,STATIC,112.44,STATIC,160.32,STATIC
150.56666666666666,4512,142.54,STATIC,110.79,STATIC,79.58,STATIC,26.80,STATIC,101.95,STATIC,108.46,STATIC,113.19,STATIC,159.75,STATIC
150.60000000000002,4513,142.36,STATIC,111.39,STATIC,79.57,STATIC,26.44,STATIC,102.10,STATIC,108.44,STATIC,113.17,STATIC,159.03,STATIC
150.63333333333335,4514,143.59,STATIC,113.25,STATIC,79.60,STATIC,24.93,STATIC,102.28,STATIC,108.09,STATIC,112.59,STATIC,157.40,STATIC
150.66666666666669,4515,141.09,STATIC,114.47,STATIC,79.51,STATIC,24.40,STATIC,102.31,STATIC,108.01,STATIC,112.22,STATIC,155.97,STATIC
150.70000000000002,4516,139.30,STATIC,115.10,STATIC,79.53,STATIC,24.20,STATIC,102.17,STATIC,108.08,STATIC,111.82,STATIC,155.82,STATIC
150.73333333333335,4517,137.91,STATIC,114.65,STATIC,79.44,STATIC,24.14,STATIC,102.13,STATIC,108.06,STATIC,111.36,STATIC,155.67,STATIC
150.76666666666668,4518,136.76,STATIC,115.11,STATIC,79.56,STATIC,24.15,STATIC,101.99,STATIC,107.91,STATIC,111.18,STATIC,155.67,STATIC
150.8,4519,135.45,STATIC,116.18,STATIC,79.52,STATIC,24.48,STATIC,102.01,STATIC,108.18,STATIC,110.81,STATIC,156.06,STATIC
150.83333333333334,4520,135.40,STATIC,117.22,STATIC,79.48,STATIC,24.76,STATIC,101.88,STATIC,108.56,STATIC,110.42,STATIC,156.61,STATIC
150.86666666666667,4521,135.15,STATIC,118.25,STATIC,79.32,STATIC,24.88,STATIC,101.80,STATIC,108.80,STATIC,109.85,STATIC,156.41,STATIC
150.9,4522,132.51,STATIC,119.43,STATIC,79.31,STATIC,25.51,STATIC,101.68,STATIC,109.06,STATIC,110.29,STATIC,157.31,STATIC
150.93333333333334,4523,131.69,STATIC,119.51,STATIC,79.18,STATIC,25.30,STATIC,101.67,STATIC,109.32,STATIC,110.27,STATIC,158.06,STATIC
150.96666666666667,4524,132.12,STATIC,119.23,STATIC,79.09,STATIC,24.66,STATIC,101.78,STATIC,109.61,STATIC,110.56,STATIC,158.36,STATIC
151.0,4525,132.79,STATIC,120.22,STATIC,79.02,STATIC,24.61,STATIC,101.95,STATIC,110.16,STATIC,112.79,STATIC,158.12,STATIC
151.03333333333333,4526,132.59,STATIC,121.08,STATIC,78.96,STATIC,24.82,STATIC,102.33,STATIC,111.25,STATIC,118.21,EXTENSION,159.85,STATIC
151.06666666666666,4527,133.39,STATIC,121.28,STATIC,78.84,STATIC,25.06,STATIC,102.47,STATIC,112.11,STATIC,121.48,STATIC,162.57,STATIC
151.10000000000002,4528,131.72,STATIC,121.12,STATIC,78.90,STATIC,25.68,STATIC,102.55,STATIC,112.76,STATIC,125.94,STATIC,164.76,STATIC
151.13333333333335,4529,130.41,STATIC,121.05,STATIC,78.80,STATIC,25.49,STATIC,102.89,STATIC,113.79,STATIC,129.20,STATIC,166.10,STATIC
151.16666666666669,4530,130.85,STATIC,120.69,STATIC,78.45,STATIC,25.10,STATIC,103.26,STATIC,114.39,STATIC,129.24,STATIC,166.98,STATIC
151.20000000000002,4531,130.22,STATIC,120.23,STATIC,78.03,STATIC,25.36,STATIC,103.66,STATIC,114.55,STATIC,129.05,STATIC,168.07,STATIC
151.23333333333335,4532,127.08,STATIC,119.92,STATIC,77.78,STATIC,25.06,STATIC,103.78,STATIC,114.75,STATIC,128.28,STATIC,168.34,STATIC
151.26666666666668,4533,127.04,STATIC,119.75,STATIC,77.55,STATIC,24.91,STATIC,103.93,STATIC,115.24,STATIC,128.18,STATIC,168.59,STATIC
151.3,4534,125.54,STATIC,120.49,STATIC,77.34,STATIC,25.31,STATIC,104.09,STATIC,115.70,STATIC,128.55,STATIC,169.15,STATIC
151.33333333333334,4535,125.74,STATIC,121.50,STATIC,77.03,STATIC,25.82,STATIC,104.37,STATIC,116.17,STATIC,128.51,STATIC,169.50,STATIC
151.36666666666667,4536,125.08,STATIC,122.86,STATIC,76.97,STATIC,26.47,STATIC,104.44,STATIC,116.52,STATIC,129.02,STATIC,170.23,STATIC
151.4,4537,124.31,STATIC,124.61,STATIC,76.87,STATIC,27.34,STATIC,104.53,STATIC,116.19,STATIC,128.22,STATIC,169.22,STATIC
151.43333333333334,4538,123.05,STATIC,126.15,STATIC,77.00,STATIC,28.61,STATIC,104.42,STATIC,115.74,STATIC,130.32,STATIC,167.24,STATIC
151.46666666666667,4539,122.92,STATIC,127.39,STATIC,77.46,STATIC,30.03,STATIC,103.87,STATIC,116.49,STATIC,132.62,STATIC,170.43,STATIC
151.5,4540,124.11,STATIC,128.08,STATIC,77.40,STATIC,30.30,STATIC,103.85,STATIC,115.81,STATIC,132.24,STATIC,168.92,STATIC
151.53333333333333,4541,124.03,STATIC,128.06,STATIC,77.58,STATIC,30.39,STATIC,103.58,STATIC,114.96,STATIC,131.42,STATIC,169.07,STATIC
151.56666666666666,4542,123.65,STATIC,127.75,STATIC,77.57,STATIC,30.57,STATIC,103.62,STATIC,114.26,STATIC,129.90,STATIC,168.85,STATIC
151.60000000000002,4543,124.40,STATIC,126.59,STATIC,77.48,STATIC,30.62,STATIC,104.48,STATIC,114.07,STATIC,131.80,STATIC,169.14,STATIC
151.63333333333335,4544,124.71,STATIC,126.26,STATIC,77.59,STATIC,30.80,STATIC,104.92,STATIC,113.68,STATIC,126.62,FLEXION,167.86,STATIC
151.66666666666669,4545,125.22,STATIC,125.33,STATIC,77.69,STATIC,30.50,STATIC,105.09,STATIC,113.38,STATIC,124.87,STATIC,166.64,STATIC
151.70000000000002,4546,125.39,STATIC,123.30,STATIC,77.83,STATIC,30.06,STATIC,104.92,STATIC,113.10,STATIC,123.33,STATIC,165.66,STATIC
151.73333333333335,4547,126.03,STATIC,120.63,STATIC,77.88,STATIC,29.69,STATIC,104.71,STATIC,112.61,STATIC,122.50,STATIC,164.17,STATIC
151.76666666666668,4548,126.26,STATIC,119.73,STATIC,78.03,STATIC,29.15,STATIC,104.36,STATIC,112.21,STATIC,120.88,STATIC,163.04,STATIC
151.8,4549,130.71,STATIC,119.80,STATIC,78.13,STATIC,28.56,STATIC,104.21,STATIC,112.00,STATIC,120.95,STATIC,162.77,STATIC
151.83333333333334,4550,130.87,STATIC,120.04,STATIC,78.36,STATIC,28.43,STATIC,104.01,STATIC,111.66,STATIC,121.02,STATIC,162.11,STATIC
151.86666666666667,4551,132.03,STATIC,120.49,STATIC,78.59,STATIC,28.94,STATIC,103.78,STATIC,111.30,STATIC,121.01,STATIC,161.19,STATIC
151.9,4552,132.91,STATIC,120.95,STATIC,78.73,STATIC,29.54,STATIC,103.58,STATIC,111.05,STATIC,120.67,STATIC,160.58,STATIC
151.93333333333334,4553,132.81,STATIC,121.81,STATIC,78.85,STATIC,29.89,STATIC,103.39,STATIC,110.80,STATIC,120.54,STATIC,160.18,STATIC
151.96666666666667,4554,129.39,STATIC,122.80,STATIC,78.94,STATIC,30.39,STATIC,103.22,STATIC,110.68,STATIC,120.74,STATIC,159.92,STATIC
152.0,4555,129.14,STATIC,122.99,STATIC,78.94,STATIC,30.10,STATIC,103.07,STATIC,110.65,STATIC,121.09,STATIC,159.43,STATIC
152.03333333333333,4556,128.94,STATIC,122.80,STATIC,79.29,STATIC,30.38,STATIC,102.96,STATIC,110.39,STATIC,120.97,STATIC,158.91,STATIC
152.06666666666666,4557,128.61,STATIC,122.79,STATIC,79.42,STATIC,30.90,STATIC,102.89,STATIC,110.30,STATIC,120.64,STATIC,158.66,STATIC
152.10000000000002,4558,128.21,STATIC,123.70,STATIC,79.36,STATIC,31.69,STATIC,102.67,STATIC,110.16,STATIC,120.20,STATIC,158.26,STATIC
152.13333333333335,4559,126.49,STATIC,124.16,STATIC,79.26,STATIC,32.08,STATIC,102.68,STATIC,110.13,STATIC,119.84,STATIC,157.84,STATIC
152.16666666666669,4560,126.33,STATIC,125.37,STATIC,79.19,STATIC,32.55,STATIC,102.56,STATIC,110.00,STATIC,119.21,STATIC,157.43,STATIC
152.20000000000002,4561,126.61,STATIC,125.43,STATIC,79.15,STATIC,32.81,STATIC,102.46,STATIC,109.93,STATIC,119.06,STATIC,157.55,STATIC
152.23333333333335,4562,127.83,STATIC,125.81,STATIC,79.19,STATIC,33.21,STATIC,102.36,STATIC,109.83,STATIC,118.94,STATIC,157.68,STATIC
152.26666666666668,4563,128.94,STATIC,125.74,STATIC,79.41,STATIC,33.18,STATIC,102.40,STATIC,109.67,STATIC,118.58,STATIC,157.66,STATIC
152.3,4564,129.36,STATIC,126.03,STATIC,79.46,STATIC,33.38,STATIC,102.48,STATIC,109.55,STATIC,118.58,STATIC,157.74,STATIC
152.33333333333334,4565,129.76,STATIC,125.57,STATIC,79.53,STATIC,33.04,STATIC,102.48,STATIC,109.28,STATIC,118.36,STATIC,157.08,STATIC
152.36666666666667,4566,130.63,STATIC,126.38,STATIC,79.73,STATIC,33.62,STATIC,102.32,STATIC,108.87,STATIC,117.67,STATIC,156.09,STATIC
152.4,4567,130.82,STATIC,126.66,STATIC,79.85,STATIC,34.11,STATIC,102.19,STATIC,108.41,STATIC,117.12,STATIC,155.32,STATIC
152.43333333333334,4568,131.94,STATIC,125.86,STATIC,80.00,STATIC,33.98,STATIC,102.00,STATIC,108.01,STATIC,116.74,STATIC,154.60,STATIC
152.46666666666667,4569,131.86,STATIC,124.92,STATIC,80.15,STATIC,33.56,STATIC,101.79,STATIC,107.58,STATIC,116.35,STATIC,153.66,STATIC
152.5,4570,131.96,STATIC,124.42,STATIC,80.28,STATIC,33.52,STATIC,101.61,STATIC,107.26,STATIC,115.86,STATIC,152.98,STATIC
152.53333333333333,4571,131.75,STATIC,124.45,STATIC,80.45,STATIC,33.48,STATIC,101.48,STATIC,107.01,STATIC,115.71,STATIC,152.61,STATIC
152.56666666666666,4572,132.78,STATIC,124.72,STATIC,80.60,STATIC,33.59,STATIC,101.38,STATIC,106.86,STATIC,115.65,STATIC,152.34,STATIC
152.60000000000002,4573,132.62,STATIC,124.86,STATIC,80.69,STATIC,33.66,STATIC,101.30,STATIC,106.70,STATIC,117.57,STATIC,152.26,STATIC
152.63333333333335,4574,132.23,STATIC,125.17,STATIC,80.82,STATIC,33.65,STATIC,101.11,STATIC,106.58,STATIC,116.96,STATIC,153.59,STATIC
152.66666666666669,4575,131.05,STATIC,125.01,STATIC,80.92,STATIC,33.44,STATIC,101.00,STATIC,106.51,STATIC,117.45,STATIC,153.81,STATIC
152.70000000000002,4576,129.76,STATIC,124.92,STATIC,81.05,STATIC,33.39,STATIC,100.85,STATIC,106.37,STATIC,117.21,STATIC,153.71,STATIC
152.73333333333335,4577,128.54,STATIC,124.85,STATIC,81.21,STATIC,33.44,STATIC,100.72,STATIC,106.31,STATIC,116.78,STATIC,154.74,STATIC
152.76666666666668,4578,127.96,STATIC,124.49,STATIC,81.31,STATIC,33.32,STATIC,100.58,STATIC,106.24,STATIC,116.77,STATIC,155.82,STATIC
152.8,4579,127.34,STATIC,123.89,STATIC,81.39,STATIC,33.09,STATIC,100.55,STATIC,106.20,STATIC,116.44,STATIC,156.20,STATIC
152.83333333333334,4580,127.05,STATIC,123.21,STATIC,81.54,STATIC,32.61,STATIC,100.47,STATIC,106.24,STATIC,117.00,STATIC,155.02,STATIC
152.86666666666667,4581,126.96,STATIC,122.34,STATIC,81.65,STATIC,32.02,STATIC,100.42,STATIC,106.40,STATIC,117.63,STATIC,155.19,STATIC
152.9,4582,126.36,STATIC,121.69,STATIC,81.78,STATIC,31.72,STATIC,100.42,STATIC,106.65,STATIC,117.94,STATIC,155.63,STATIC
152.93333333333334,4583,125.64,STATIC,121.15,STATIC,81.88,STATIC,31.32,STATIC,100.23,STATIC,106.71,STATIC,115.35,STATIC,155.74,STATIC
152.96666666666667,4584,125.01,STATIC,120.64,STATIC,81.96,STATIC,31.02,STATIC,100.03,STATIC,106.76,STATIC,113.97,STATIC,155.80,STATIC
153.0,4585,124.65,STATIC,120.54,STATIC,82.01,STATIC,31.14,STATIC,99.89,STATIC,106.66,STATIC,114.64,STATIC,155.52,STATIC
153.03333333333333,4586,125.17,STATIC,120.16,STATIC,82.02,STATIC,30.99,STATIC,99.80,STATIC,106.69,STATIC,112.90,STATIC,155.79,STATIC
153.06666666666666,4587,125.38,STATIC,119.71,STATIC,82.05,STATIC,30.79,STATIC,99.76,STATIC,106.83,STATIC,112.56,STATIC,156.02,STATIC
153.10000000000002,4588,126.43,STATIC,118.94,STATIC,82.07,STATIC,30.26,STATIC,99.72,STATIC,106.72,STATIC,113.55,STATIC,155.51,STATIC
153.13333333333335,4589,127.16,STATIC,118.09,STATIC,82.08,STATIC,29.68,STATIC,99.71,STATIC,106.72,STATIC,113.91,STATIC,155.25,STATIC
153.16666666666669,4590,127.20,STATIC,117.54,STATIC,82.20,STATIC,29.24,STATIC,99.69,STATIC,106.79,STATIC,114.11,STATIC,155.47,STATIC
153.20000000000002,4591,126.65,STATIC,118.06,STATIC,82.25,STATIC,28.87,STATIC,99.65,STATIC,106.80,STATIC,112.60,STATIC,158.12,STATIC
153.23333333333335,4592,126.35,STATIC,117.41,STATIC,82.27,STATIC,28.46,STATIC,99.64,STATIC,106.89,STATIC,112.18,STATIC,158.60,STATIC
153.26666666666668,4593,125.85,STATIC,117.22,STATIC,82.29,STATIC,28.01,STATIC,99.61,STATIC,106.98,STATIC,112.04,STATIC,157.04,STATIC
153.3,4594,124.80,STATIC,117.32,STATIC,82.35,STATIC,27.74,STATIC,99.56,STATIC,107.04,STATIC,112.06,STATIC,158.09,STATIC
153.33333333333334,4595,123.72,STATIC,117.27,STATIC,82.42,STATIC,27.48,STATIC,99.54,STATIC,107.18,STATIC,112.13,STATIC,159.24,STATIC
153.36666666666667,4596,122.31,STATIC,117.15,STATIC,82.48,STATIC,27.16,STATIC,99.52,STATIC,107.42,STATIC,112.31,STATIC,158.61,STATIC
153.4,4597,121.03,STATIC,116.94,STATIC,82.53,STATIC,26.81,STATIC,99.53,STATIC,107.76,STATIC,112.64,STATIC,159.02,STATIC
153.43333333333334,4598,119.75,STATIC,116.69,STATIC,82.56,STATIC,26.54,STATIC,99.51,STATIC,107.98,STATIC,112.82,STATIC,159.58,STATIC
153.46666666666667,4599,118.64,STATIC,116.50,STATIC,82.58,STATIC,26.38,STATIC,99.49,STATIC,108.22,STATIC,112.99,STATIC,160.16,STATIC
153.5,4600,118.45,STATIC,116.13,STATIC,82.62,STATIC,26.27,STATIC,99.47,STATIC,108.32,STATIC,113.01,STATIC,160.59,STATIC
153.53333333333333,4601,117.63,STATIC,115.99,STATIC,82.64,STATIC,26.23,STATIC,99.42,STATIC,108.42,STATIC,112.99,STATIC,160.91,STATIC
153.56666666666666,4602,116.58,STATIC,115.85,STATIC,82.57,STATIC,26.15,STATIC,99.39,STATIC,108.50,STATIC,113.19,STATIC,161.40,STATIC
153.60000000000002,4603,115.51,STATIC,116.00,STATIC,82.53,STATIC,26.17,STATIC,99.35,STATIC,108.59,STATIC,113.22,STATIC,161.83,STATIC
153.63333333333335,4604,114.59,STATIC,116.44,STATIC,82.54,STATIC,26.30,STATIC,99.28,STATIC,108.64,STATIC,115.15,STATIC,163.69,STATIC
153.66666666666669,4605,113.71,STATIC,116.89,STATIC,82.59,STATIC,26.41,STATIC,99.28,STATIC,108.89,STATIC,114.37,STATIC,163.28,STATIC
153.70000000000002,4606,113.08,STATIC,117.33,STATIC,82.64,STATIC,26.82,STATIC,99.26,STATIC,109.10,STATIC,113.97,STATIC,163.08,STATIC
153.73333333333335,4607,112.50,STATIC,117.60,STATIC,82.64,STATIC,27.02,STATIC,99.25,STATIC,109.20,STATIC,115.66,STATIC,163.01,STATIC
153.76666666666668,4608,112.23,STATIC,117.62,STATIC,82.68,STATIC,27.00,STATIC,99.24,STATIC,109.39,STATIC,116.09,STATIC,163.15,STATIC
153.8,4609,111.35,STATIC,117.56,STATIC,82.71,STATIC,26.87,STATIC,99.19,STATIC,109.64,STATIC,114.40,STATIC,163.64,STATIC
153.83333333333334,4610,111.26,STATIC,117.27,STATIC,82.69,STATIC,26.57,STATIC,99.20,STATIC,109.85,STATIC,115.91,STATIC,163.93,STATIC
153.86666666666667,4611,111.37,STATIC,117.79,STATIC,82.63,STATIC,26.93,STATIC,99.15,STATIC,109.64,STATIC,114.24,STATIC,164.04,STATIC
153.9,4612,111.75,STATIC,117.30,STATIC,82.66,STATIC,26.78,STATIC,99.18,STATIC,109.12,STATIC,113.77,STATIC,163.25,STATIC
153.93333333333334,4613,111.50,STATIC,117.23,STATIC,82.63,STATIC,27.10,STATIC,99.25,STATIC,108.61,STATIC,114.55,STATIC,165.28,STATIC
153.96666666666667,4614,110.99,STATIC,117.25,STATIC,82.77,STATIC,26.74,STATIC,99.18,STATIC,108.15,STATIC,115.45,STATIC,164.92,STATIC
154.0,4615,111.37,STATIC,117.35,STATIC,82.70,STATIC,26.57,STATIC,98.99,STATIC,107.67,STATIC,115.43,STATIC,164.32,STATIC
154.03333333333333,4616,112.75,STATIC,117.52,STATIC,82.68,STATIC,26.61,STATIC,98.92,STATIC,107.81,STATIC,116.10,STATIC,165.66,STATIC
154.06666666666666,4617,114.24,STATIC,116.56,STATIC,82.63,STATIC,25.85,STATIC,98.97,STATIC,108.45,STATIC,116.42,STATIC,166.71,STATIC
154.10000000000002,4618,115.50,STATIC,115.30,STATIC,82.69,STATIC,24.65,STATIC,99.09,STATIC,109.57,STATIC,116.02,STATIC,167.75,STATIC
154.13333333333335,4619,116.13,STATIC,114.48,STATIC,82.69,STATIC,23.95,STATIC,99.39,STATIC,110.78,STATIC,113.09,STATIC,169.46,STATIC
154.16666666666669,4620,117.16,STATIC,114.40,STATIC,82.79,STATIC,23.68,STATIC,99.70,STATIC,112.35,STATIC,107.34,FLEXION,171.84,STATIC
154.20000000000002,4621,117.85,STATIC,114.78,STATIC,82.85,STATIC,23.58,STATIC,99.94,STATIC,113.76,STATIC,103.74,STATIC,172.60,STATIC
154.23333333333335,4622,120.92,STATIC,115.48,STATIC,82.62,STATIC,24.02,STATIC,100.18,STATIC,114.68,STATIC,99.60,STATIC,173.40,STATIC
154.26666666666668,4623,123.97,STATIC,116.00,STATIC,82.57,STATIC,24.41,STATIC,100.44,STATIC,114.87,STATIC,94.33,FLEXION,172.70,STATIC
154.3,4624,123.36,STATIC,116.28,STATIC,82.48,STATIC,24.56,STATIC,100.69,STATIC,114.69,STATIC,89.97,STATIC,172.83,STATIC
154.33333333333334,4625,126.62,STATIC,116.37,STATIC,82.60,STATIC,24.57,STATIC,100.92,STATIC,114.22,STATIC,85.84,STATIC,172.24,STATIC
154.36666666666667,4626,141.01,EXTENSION,116.92,STATIC,82.76,STATIC,26.13,STATIC,101.20,STATIC,113.92,STATIC,85.46,STATIC,170.79,STATIC
154.4,4627,142.53,STATIC,115.00,STATIC,82.57,STATIC,32.54,EXTENSION,101.33,STATIC,113.76,STATIC,85.54,STATIC,168.72,STATIC
154.43333333333334,4628,147.33,STATIC,117.19,STATIC,82.39,STATIC,30.55,STATIC,101.46,STATIC,114.15,STATIC,83.43,STATIC,166.46,STATIC
154.46666666666667,4629,142.56,STATIC,118.44,STATIC,82.20,STATIC,30.54,STATIC,101.69,STATIC,114.69,STATIC,80.95,STATIC,165.34,STATIC
154.5,4630,154.14,EXTENSION,119.16,STATIC,82.15,STATIC,29.51,STATIC,101.86,STATIC,115.29,STATIC,75.53,FLEXION,163.54,STATIC
154.53333333333333,4631,153.15,STATIC,117.93,STATIC,82.05,STATIC,29.38,STATIC,102.28,STATIC,116.20,STATIC,71.09,STATIC,162.36,STATIC
154.56666666666666,4632,154.26,STATIC,119.07,STATIC,81.97,STATIC,28.98,STATIC,102.66,STATIC,116.78,STATIC,70.23,STATIC,161.40,STATIC
154.60000000000002,4633,161.01,EXTENSION,118.68,STATIC,82.00,STATIC,28.84,STATIC,102.69,STATIC,117.85,STATIC,68.48,STATIC,160.60,STATIC
154.63333333333335,4634,168.01,EXTENSION,120.35,STATIC,81.93,STATIC,29.65,STATIC,102.55,STATIC,118.62,STATIC,67.41,STATIC,159.68,STATIC
154.66666666666669,4635,169.38,STATIC,119.00,STATIC,81.61,STATIC,29.13,STATIC,102.73,STATIC,120.29,STATIC,61.88,FLEXION,160.68,STATIC
154.70000000000002,4636,168.39,STATIC,119.93,STATIC,81.24,STATIC,29.33,STATIC,102.86,STATIC,121.40,STATIC,63.10,STATIC,159.12,STATIC
154.73333333333335,4637,170.94,STATIC,119.83,STATIC,80.88,STATIC,29.27,STATIC,103.40,STATIC,122.25,STATIC,59.50,STATIC,158.77,STATIC
154.76666666666668,4638,169.41,STATIC,119.74,STATIC,80.66,STATIC,29.61,STATIC,103.80,STATIC,122.37,STATIC,59.86,STATIC,156.83,STATIC
154.8,4639,170.07,STATIC,120.34,STATIC,80.47,STATIC,30.38,STATIC,104.23,STATIC,122.87,STATIC,58.25,STATIC,154.19,STATIC
154.83333333333334,4640,170.87,STATIC,121.32,STATIC,80.37,STATIC,31.17,STATIC,104.52,STATIC,122.17,STATIC,57.53,STATIC,152.69,STATIC
154.86666666666667,4641,170.46,STATIC,118.97,STATIC,79.98,STATIC,31.52,STATIC,104.88,STATIC,122.33,STATIC,59.20,STATIC,154.01,STATIC
154.9,4642,167.14,STATIC,120.08,STATIC,79.22,STATIC,31.10,STATIC,105.75,STATIC,122.28,STATIC,56.34,STATIC,154.78,STATIC
154.93333333333334,4643,169.90,STATIC,123.98,STATIC,78.53,STATIC,32.18,STATIC,106.58,STATIC,121.70,STATIC,58.19,STATIC,153.92,STATIC
154.96666666666667,4644,169.13,STATIC,125.74,STATIC,78.22,STATIC,33.56,STATIC,106.96,STATIC,121.49,STATIC,58.37,STATIC,153.90,STATIC
155.0,4645,166.90,STATIC,129.13,STATIC,78.12,STATIC,36.71,STATIC,106.76,STATIC,121.36,STATIC,56.91,STATIC,154.59,STATIC
155.03333333333333,4646,166.25,STATIC,132.80,STATIC,78.80,STATIC,54.65,EXTENSION,106.55,STATIC,120.81,STATIC,59.70,STATIC,155.75,STATIC
155.06666666666666,4647,155.19,FLEXION,138.26,EXTENSION,80.07,STATIC,65.58,EXTENSION,105.73,STATIC,121.96,STATIC,61.32,STATIC,157.58,STATIC
155.10000000000002,4648,158.15,STATIC,144.15,EXTENSION,79.87,STATIC,61.96,STATIC,105.73,STATIC,122.76,STATIC,61.75,STATIC,157.93,STATIC
155.13333333333335,4649,161.48,STATIC,149.15,STATIC,79.32,STATIC,55.89,FLEXION,106.09,STATIC,123.44,STATIC,62.01,STATIC,158.93,STATIC
155.16666666666669,4650,162.44,STATIC,151.15,STATIC,79.13,STATIC,55.64,STATIC,105.81,STATIC,123.99,STATIC,62.26,STATIC,156.78,STATIC
155.20000000000002,4651,161.50,STATIC,153.06,STATIC,78.91,STATIC,57.55,STATIC,105.62,STATIC,125.51,STATIC,61.89,STATIC,158.01,STATIC
155.23333333333335,4652,129.37,FLEXION,146.26,FLEXION,78.36,STATIC,52.97,STATIC,105.39,STATIC,126.67,STATIC,62.12,STATIC,159.90,STATIC
155.26666666666668,4653,127.35,STATIC,144.40,STATIC,78.63,STATIC,51.56,STATIC,105.10,STATIC,128.19,STATIC,61.89,STATIC,161.27,STATIC
155.3,4654,135.26,EXTENSION,143.51,STATIC,78.95,STATIC,50.14,STATIC,105.14,STATIC,129.08,STATIC,61.04,STATIC,162.09,STATIC
155.33333333333334,4655,152.11,EXTENSION,143.48,STATIC,79.29,STATIC,49.77,STATIC,104.95,STATIC,130.12,STATIC,60.48,STATIC,162.94,STATIC
155.36666666666667,4656,146.80,FLEXION,144.42,STATIC,79.71,STATIC,49.90,STATIC,104.41,STATIC,130.38,STATIC,61.22,STATIC,163.19,STATIC
155.4,4657,153.87,EXTENSION,144.48,STATIC,80.22,STATIC,50.33,STATIC,104.21,STATIC,131.40,STATIC,59.32,STATIC,163.10,STATIC
155.43333333333334,4658,134.22,FLEXION,143.74,STATIC,80.45,STATIC,50.12,STATIC,104.12,STATIC,131.96,STATIC,59.34,STATIC,163.17,STATIC
155.46666666666667,4659,120.06,FLEXION,143.13,STATIC,80.47,STATIC,49.94,STATIC,103.94,STATIC,132.96,STATIC,60.33,STATIC,160.96,STATIC
155.5,4660,116.34,STATIC,141.59,STATIC,80.51,STATIC,49.37,STATIC,103.74,STATIC,134.11,STATIC,60.74,STATIC,162.66,STATIC
155.53333333333333,4661,114.28,STATIC,140.57,STATIC,80.59,STATIC,48.87,STATIC,103.60,STATIC,136.50,STATIC,61.11,STATIC,164.95,STATIC
155.56666666666666,4662,113.80,STATIC,139.40,STATIC,80.83,STATIC,48.47,STATIC,103.46,STATIC,137.76,STATIC,60.45,STATIC,166.75,STATIC
155.60000000000002,4663,113.17,STATIC,138.79,STATIC,80.93,STATIC,48.17,STATIC,103.59,STATIC,139.88,STATIC,59.32,STATIC,167.85,STATIC
155.63333333333335,4664,111.75,STATIC,138.50,STATIC,81.08,STATIC,47.90,STATIC,103.44,STATIC,140.76,STATIC,58.56,STATIC,169.92,STATIC
155.66666666666669,4665,109.85,STATIC,138.51,STATIC,81.19,STATIC,47.62,STATIC,103.33,STATIC,141.12,STATIC,57.78,STATIC,169.69,STATIC
155.70000000000002,4666,111.03,STATIC,138.44,STATIC,81.37,STATIC,47.72,STATIC,103.33,STATIC,141.87,STATIC,56.45,STATIC,169.38,STATIC
155.73333333333335,4667,108.80,STATIC,138.66,STATIC,81.41,STATIC,48.55,STATIC,103.29,STATIC,141.85,STATIC,53.99,STATIC,170.12,STATIC
155.76666666666668,4668,106.92,STATIC,139.11,STATIC,81.48,STATIC,49.18,STATIC,103.30,STATIC,141.67,STATIC,53.35,STATIC,169.20,STATIC
155.8,4669,106.26,STATIC,140.03,STATIC,81.50,STATIC,49.85,STATIC,103.12,STATIC,141.07,STATIC,53.15,STATIC,169.13,STATIC
155.83333333333334,4670,105.05,STATIC,140.63,STATIC,81.53,STATIC,50.45,STATIC,102.72,STATIC,140.85,STATIC,52.99,STATIC,169.26,STATIC
155.86666666666667,4671,104.22,STATIC,140.82,STATIC,81.57,STATIC,50.53,STATIC,102.59,STATIC,141.52,STATIC,52.58,STATIC,168.95,STATIC
155.9,4672,103.62,STATIC,140.75,STATIC,81.61,STATIC,50.57,STATIC,102.54,STATIC,142.27,STATIC,53.74,STATIC,167.42,STATIC
155.93333333333334,4673,103.13,STATIC,141.07,STATIC,81.64,STATIC,50.82,STATIC,102.68,STATIC,142.37,STATIC,53.52,STATIC,167.82,STATIC
155.96666666666667,4674,102.10,STATIC,141.60,STATIC,81.72,STATIC,51.19,STATIC,102.47,STATIC,142.35,STATIC,53.68,STATIC,168.95,STATIC
156.0,4675,101.80,STATIC,142.37,STATIC,81.79,STATIC,51.73,STATIC,102.37,STATIC,142.01,STATIC,53.40,STATIC,169.88,STATIC
156.03333333333333,4676,101.65,STATIC,143.14,STATIC,81.80,STATIC,52.77,STATIC,102.24,STATIC,142.13,STATIC,53.27,STATIC,170.21,STATIC
156.06666666666666,4677,101.30,STATIC,143.57,STATIC,81.86,STATIC,53.28,STATIC,102.14,STATIC,141.95,STATIC,53.48,STATIC,170.39,STATIC
156.10000000000002,4678,101.12,STATIC,143.87,STATIC,81.81,STATIC,53.46,STATIC,102.14,STATIC,141.44,STATIC,52.45,STATIC,168.27,STATIC
156.13333333333335,4679,100.78,STATIC,144.23,STATIC,81.84,STATIC,53.52,STATIC,102.24,STATIC,141.24,STATIC,52.47,STATIC,168.27,STATIC
156.16666666666669,4680,100.44,STATIC,144.78,STATIC,81.87,STATIC,53.65,STATIC,102.48,STATIC,140.61,STATIC,52.27,STATIC,165.57,STATIC
156.20000000000002,4681,101.09,STATIC,145.30,STATIC,81.94,STATIC,54.06,STATIC,102.69,STATIC,141.20,STATIC,51.74,STATIC,164.86,STATIC
156.23333333333335,4682,101.21,STATIC,145.77,STATIC,82.03,STATIC,54.46,STATIC,102.69,STATIC,141.35,STATIC,51.64,STATIC,166.21,STATIC
156.26666666666668,4683,101.20,STATIC,146.34,STATIC,82.16,STATIC,54.95,STATIC,102.61,STATIC,141.43,STATIC,51.18,STATIC,166.66,STATIC
156.3,4684,100.21,STATIC,146.51,STATIC,82.20,STATIC,55.17,STATIC,102.57,STATIC,141.25,STATIC,50.73,STATIC,167.50,STATIC
156.33333333333334,4685,99.35,STATIC,146.72,STATIC,82.20,STATIC,55.38,STATIC,102.56,STATIC,141.07,STATIC,50.70,STATIC,167.12,STATIC
156.36666666666667,4686,99.26,STATIC,147.05,STATIC,82.18,STATIC,55.66,STATIC,102.60,STATIC,141.44,STATIC,50.55,STATIC,166.41,STATIC
156.4,4687,99.47,STATIC,147.47,STATIC,82.21,STATIC,56.11,STATIC,102.54,STATIC,141.98,STATIC,50.47,STATIC,167.26,STATIC
156.43333333333334,4688,100.27,STATIC,147.84,STATIC,82.27,STATIC,56.59,STATIC,102.56,STATIC,142.43,STATIC,50.10,STATIC,167.49,STATIC
156.46666666666667,4689,100.25,STATIC,148.17,STATIC,82.30,STATIC,56.90,STATIC,102.61,STATIC,142.29,STATIC,49.77,STATIC,167.76,STATIC
156.5,4690,100.34,STATIC,148.49,STATIC,82.35,STATIC,57.25,STATIC,102.58,STATIC,142.19,STATIC,49.54,STATIC,169.25,STATIC
156.53333333333333,4691,100.09,STATIC,148.72,STATIC,82.33,STATIC,57.52,STATIC,102.60,STATIC,142.04,STATIC,49.22,STATIC,169.64,STATIC
156.56666666666666,4692,100.95,STATIC,149.00,STATIC,82.38,STATIC,57.74,STATIC,102.55,STATIC,142.07,STATIC,49.42,STATIC,170.34,STATIC
156.60000000000002,4693,99.99,STATIC,148.79,STATIC,82.38,STATIC,57.61,STATIC,102.51,STATIC,142.30,STATIC,49.63,STATIC,169.42,STATIC
156.63333333333335,4694,99.84,STATIC,148.43,STATIC,82.38,STATIC,57.37,STATIC,102.38,STATIC,142.38,STATIC,50.02,STATIC,170.60,STATIC
156.66666666666669,4695,99.18,STATIC,147.99,STATIC,82.30,STATIC,56.98,STATIC,102.34,STATIC,143.09,STATIC,50.70,STATIC,170.19,STATIC
156.70000000000002,4696,99.05,STATIC,147.85,STATIC,82.28,STATIC,56.89,STATIC,102.40,STATIC,143.35,STATIC,49.85,STATIC,170.26,STATIC
156.73333333333335,4697,98.42,STATIC,147.64,STATIC,82.25,STATIC,56.85,STATIC,102.39,STATIC,143.34,STATIC,49.23,STATIC,171.71,STATIC
156.76666666666668,4698,98.14,STATIC,147.29,STATIC,82.13,STATIC,56.66,STATIC,102.31,STATIC,141.89,STATIC,47.60,STATIC,172.46,STATIC
156.8,4699,99.19,STATIC,147.70,STATIC,82.19,STATIC,57.37,STATIC,102.36,STATIC,141.99,STATIC,47.55,STATIC,171.71,STATIC
156.83333333333334,4700,98.26,STATIC,147.88,STATIC,82.13,STATIC,57.78,STATIC,102.34,STATIC,141.93,STATIC,47.73,STATIC,171.80,STATIC
156.86666666666667,4701,98.38,STATIC,148.14,STATIC,82.16,STATIC,57.97,STATIC,102.32,STATIC,142.21,STATIC,48.53,STATIC,170.19,STATIC
156.9,4702,98.04,STATIC,148.20,STATIC,82.15,STATIC,58.23,STATIC,102.27,STATIC,142.04,STATIC,48.48,STATIC,171.31,STATIC
156.93333333333334,4703,97.81,STATIC,148.16,STATIC,82.21,STATIC,58.24,STATIC,102.18,STATIC,141.98,STATIC,48.59,STATIC,171.08,STATIC
156.96666666666667,4704,97.67,STATIC,148.00,STATIC,82.19,STATIC,58.09,STATIC,102.22,STATIC,141.98,STATIC,48.68,STATIC,171.30,STATIC
157.0,4705,97.64,STATIC,148.19,STATIC,82.17,STATIC,58.31,STATIC,102.19,STATIC,141.90,STATIC,48.74,STATIC,171.44,STATIC
157.03333333333333,4706,97.49,STATIC,148.51,STATIC,82.17,STATIC,58.65,STATIC,102.16,STATIC,141.68,STATIC,48.31,STATIC,172.61,STATIC
157.06666666666666,4707,99.16,STATIC,149.36,STATIC,82.27,STATIC,59.46,STATIC,102.19,STATIC,142.06,STATIC,47.90,STATIC,173.23,STATIC
157.10000000000002,4708,97.81,STATIC,149.72,STATIC,82.29,STATIC,60.00,STATIC,102.04,STATIC,141.47,STATIC,46.87,STATIC,174.86,STATIC
157.13333333333335,4709,97.89,STATIC,150.17,STATIC,82.23,STATIC,60.41,STATIC,102.16,STATIC,141.39,STATIC,46.34,STATIC,173.35,STATIC
157.16666666666669,4710,97.71,STATIC,150.58,STATIC,82.13,STATIC,60.78,STATIC,102.31,STATIC,141.24,STATIC,45.64,STATIC,172.65,STATIC
157.20000000000002,4711,100.18,STATIC,151.63,STATIC,82.15,STATIC,61.74,STATIC,102.41,STATIC,141.30,STATIC,45.61,STATIC,174.95,STATIC
157.23333333333335,4712,99.73,STATIC,152.26,STATIC,82.07,STATIC,62.32,STATIC,102.50,STATIC,141.31,STATIC,45.23,STATIC,174.55,STATIC
157.26666666666668,4713,98.98,STATIC,152.54,STATIC,82.03,STATIC,62.61,STATIC,102.55,STATIC,141.37,STATIC,44.59,STATIC,176.10,STATIC
157.3,4714,98.52,STATIC,152.80,STATIC,82.05,STATIC,62.95,STATIC,102.47,STATIC,140.75,STATIC,43.61,STATIC,174.47,STATIC
157.33333333333334,4715,98.86,STATIC,153.13,STATIC,82.12,STATIC,63.26,STATIC,102.38,STATIC,140.48,STATIC,43.14,STATIC,172.66,STATIC
157.36666666666667,4716,98.94,STATIC,153.38,STATIC,82.18,STATIC,63.57,STATIC,102.29,STATIC,140.21,STATIC,42.63,STATIC,172.13,STATIC
157.4,4717,102.51,STATIC,153.74,STATIC,82.34,STATIC,64.03,STATIC,102.19,STATIC,140.58,STATIC,42.31,STATIC,173.24,STATIC
157.43333333333334,4718,103.69,STATIC,154.39,STATIC,82.44,STATIC,64.64,STATIC,102.09,STATIC,140.31,STATIC,41.69,STATIC,174.17,STATIC
157.46666666666667,4719,106.53,STATIC,155.27,STATIC,82.46,STATIC,65.49,STATIC,102.14,STATIC,139.46,STATIC,41.34,STATIC,174.54,STATIC
157.5,4720,105.70,STATIC,155.58,STATIC,82.42,STATIC,65.86,STATIC,102.07,STATIC,138.73,STATIC,40.81,STATIC,173.33,STATIC
157.53333333333333,4721,104.44,STATIC,155.95,STATIC,82.45,STATIC,66.27,STATIC,101.74,STATIC,138.82,STATIC,41.15,STATIC,172.54,STATIC
157.56666666666666,4722,105.05,STATIC,156.45,STATIC,82.50,STATIC,66.80,STATIC,101.54,STATIC,138.64,STATIC,41.77,STATIC,172.76,STATIC
157.60000000000002,4723,104.99,STATIC,156.68,STATIC,82.57,STATIC,67.10,STATIC,101.50,STATIC,138.77,STATIC,41.16,STATIC,172.56,STATIC
157.63333333333335,4724,104.44,STATIC,156.66,STATIC,82.59,STATIC,67.16,STATIC,101.46,STATIC,139.38,STATIC,41.51,STATIC,171.41,STATIC
157.66666666666669,4725,103.62,STATIC,156.42,STATIC,82.56,STATIC,66.96,STATIC,101.58,STATIC,139.40,STATIC,41.32,STATIC,172.23,STATIC
157.70000000000002,4726,102.97,STATIC,156.44,STATIC,82.44,STATIC,67.04,STATIC,101.65,STATIC,139.19,STATIC,41.59,STATIC,171.83,STATIC
157.73333333333335,4727,103.29,STATIC,156.51,STATIC,82.32,STATIC,67.03,STATIC,101.65,STATIC,139.06,STATIC,41.66,STATIC,172.10,STATIC
157.76666666666668,4728,102.48,STATIC,156.32,STATIC,82.29,STATIC,66.90,STATIC,101.59,STATIC,139.06,STATIC,41.70,STATIC,172.09,STATIC
157.8,4729,102.83,STATIC,156.31,STATIC,82.17,STATIC,66.91,STATIC,101.68,STATIC,139.02,STATIC,41.73,STATIC,171.88,STATIC
157.83333333333334,4730,103.50,STATIC,156.75,STATIC,82.03,STATIC,67.19,STATIC,101.71,STATIC,138.51,STATIC,41.04,STATIC,171.34,STATIC
157.86666666666667,4731,102.28,STATIC,156.59,STATIC,81.91,STATIC,67.16,STATIC,101.78,STATIC,138.28,STATIC,40.90,STATIC,170.70,STATIC
157.9,4732,101.33,STATIC,156.65,STATIC,81.81,STATIC,67.20,STATIC,101.84,STATIC,138.08,STATIC,40.92,STATIC,170.52,STATIC
157.93333333333334,4733,101.59,STATIC,156.77,STATIC,81.69,STATIC,67.26,STATIC,101.62,STATIC,137.92,STATIC,41.60,STATIC,170.05,STATIC
157.96666666666667,4734,101.72,STATIC,157.03,STATIC,81.41,STATIC,67.33,STATIC,101.91,STATIC,137.54,STATIC,41.34,STATIC,169.91,STATIC
158.0,4735,101.74,STATIC,156.91,STATIC,81.33,STATIC,67.37,STATIC,101.83,STATIC,137.23,STATIC,40.67,STATIC,169.90,STATIC
158.03333333333333,4736,101.46,STATIC,156.76,STATIC,81.32,STATIC,67.43,STATIC,101.81,STATIC,136.96,STATIC,41.15,STATIC,169.45,STATIC
158.06666666666666,4737,100.29,STATIC,156.64,STATIC,81.25,STATIC,67.47,STATIC,101.83,STATIC,136.44,STATIC,40.64,STATIC,168.98,STATIC
158.10000000000002,4738,97.05,STATIC,156.11,STATIC,80.93,STATIC,67.23,STATIC,101.77,STATIC,135.36,STATIC,39.83,STATIC,168.58,STATIC
158.13333333333335,4739,98.11,STATIC,155.80,STATIC,80.83,STATIC,66.96,STATIC,101.86,STATIC,135.43,STATIC,40.07,STATIC,168.24,STATIC
158.16666666666669,4740,97.81,STATIC,155.32,STATIC,80.74,STATIC,66.62,STATIC,101.87,STATIC,135.62,STATIC,40.35,STATIC,168.34,STATIC
158.20000000000002,4741,98.10,STATIC,154.88,STATIC,80.86,STATIC,66.42,STATIC,101.71,STATIC,134.88,STATIC,40.11,STATIC,169.03,STATIC
158.23333333333335,4742,101.38,STATIC,154.97,STATIC,81.06,STATIC,66.51,STATIC,101.65,STATIC,135.11,STATIC,39.41,STATIC,168.22,STATIC
158.26666666666668,4743,100.33,STATIC,154.90,STATIC,81.23,STATIC,66.30,STATIC,101.53,STATIC,135.28,STATIC,39.08,STATIC,168.26,STATIC
158.3,4744,99.65,STATIC,154.91,STATIC,81.34,STATIC,66.23,STATIC,101.40,STATIC,135.07,STATIC,38.64,STATIC,168.19,STATIC
158.33333333333334,4745,99.56,STATIC,154.98,STATIC,81.48,STATIC,66.36,STATIC,101.09,STATIC,134.85,STATIC,38.21,STATIC,167.93,STATIC
158.36666666666667,4746,100.75,STATIC,155.45,STATIC,81.66,STATIC,66.66,STATIC,100.92,STATIC,134.61,STATIC,37.63,STATIC,167.11,STATIC
158.4,4747,100.44,STATIC,155.60,STATIC,81.83,STATIC,66.90,STATIC,100.67,STATIC,134.55,STATIC,37.29,STATIC,166.40,STATIC
158.43333333333334,4748,99.75,STATIC,155.74,STATIC,81.98,STATIC,67.08,STATIC,100.63,STATIC,134.08,STATIC,36.29,STATIC,165.95,STATIC
158.46666666666667,4749,100.07,STATIC,155.89,STATIC,82.10,STATIC,67.18,STATIC,100.54,STATIC,134.04,STATIC,36.09,STATIC,165.56,STATIC
158.5,4750,99.88,STATIC,156.22,STATIC,82.11,STATIC,67.42,STATIC,100.39,STATIC,133.77,STATIC,36.20,STATIC,165.53,STATIC
158.53333333333333,4751,100.62,STATIC,156.74,STATIC,82.26,STATIC,67.79,STATIC,100.28,STATIC,133.61,STATIC,35.34,STATIC,164.58,STATIC
158.56666666666666,4752,101.50,STATIC,156.91,STATIC,82.36,STATIC,68.03,STATIC,100.04,STATIC,133.84,STATIC,35.11,STATIC,163.82,STATIC
158.60000000000002,4753,100.62,STATIC,156.83,STATIC,82.42,STATIC,68.16,STATIC,100.00,STATIC,133.65,STATIC,34.58,STATIC,163.14,STATIC
158.63333333333335,4754,99.24,STATIC,156.76,STATIC,82.44,STATIC,68.20,STATIC,100.07,STATIC,132.83,STATIC,33.46,STATIC,162.67,STATIC
158.66666666666669,4755,98.33,STATIC,156.42,STATIC,82.49,STATIC,68.14,STATIC,100.10,STATIC,132.73,STATIC,35.01,STATIC,162.59,STATIC
158.70000000000002,4756,98.13,STATIC,156.17,STATIC,82.56,STATIC,67.94,STATIC,99.99,STATIC,132.72,STATIC,35.56,STATIC,162.39,STATIC
158.73333333333335,4757,97.53,STATIC,156.09,STATIC,82.52,STATIC,67.90,STATIC,100.25,STATIC,131.83,STATIC,36.49,STATIC,162.20,STATIC
158.76666666666668,4758,97.49,STATIC,156.11,STATIC,82.49,STATIC,67.81,STATIC,100.23,STATIC,132.11,STATIC,36.62,STATIC,162.19,STATIC
158.8,4759,97.47,STATIC,156.06,STATIC,82.49,STATIC,67.74,STATIC,100.24,STATIC,132.19,STATIC,36.51,STATIC,162.04,STATIC
158.83333333333334,4760,98.63,STATIC,156.04,STATIC,82.56,STATIC,67.70,STATIC,100.29,STATIC,132.31,STATIC,36.51,STATIC,161.98,STATIC
158.86666666666667,4761,98.39,STATIC,156.16,STATIC,82.46,STATIC,67.67,STATIC,100.44,STATIC,131.66,STATIC,36.08,STATIC,162.15,STATIC
158.9,4762,99.16,STATIC,156.28,STATIC,82.41,STATIC,67.66,STATIC,100.47,STATIC,131.83,STATIC,36.40,STATIC,161.69,STATIC
158.93333333333334,4763,99.42,STATIC,156.43,STATIC,82.41,STATIC,67.73,STATIC,100.52,STATIC,132.10,STATIC,36.41,STATIC,161.52,STATIC
158.96666666666667,4764,101.67,STATIC,156.46,STATIC,82.36,STATIC,67.79,STATIC,100.38,STATIC,133.42,STATIC,36.67,STATIC,163.12,STATIC
159.0,4765,102.02,STATIC,156.76,STATIC,82.27,STATIC,68.00,STATIC,100.50,STATIC,133.20,STATIC,36.06,STATIC,163.51,STATIC
159.03333333333333,4766,101.92,STATIC,156.83,STATIC,82.11,STATIC,68.14,STATIC,100.81,STATIC,132.90,STATIC,36.42,STATIC,163.87,STATIC
159.06666666666666,4767,101.49,STATIC,156.78,STATIC,82.11,STATIC,68.16,STATIC,100.52,STATIC,133.42,STATIC,36.94,STATIC,164.60,STATIC
159.10000000000002,4768,100.44,STATIC,156.90,STATIC,81.99,STATIC,68.33,STATIC,100.60,STATIC,133.21,STATIC,36.25,STATIC,164.88,STATIC
159.13333333333335,4769,100.46,STATIC,156.96,STATIC,81.88,STATIC,68.45,STATIC,100.62,STATIC,132.74,STATIC,36.26,STATIC,164.82,STATIC
159.16666666666669,4770,101.30,STATIC,157.22,STATIC,81.78,STATIC,68.68,STATIC,100.49,STATIC,132.51,STATIC,36.88,STATIC,164.58,STATIC
159.20000000000002,4771,100.25,STATIC,157.27,STATIC,81.73,STATIC,68.70,STATIC,100.50,STATIC,132.26,STATIC,36.54,STATIC,164.18,STATIC
159.23333333333335,4772,99.05,STATIC,157.25,STATIC,81.72,STATIC,68.53,STATIC,100.48,STATIC,131.71,STATIC,36.27,STATIC,163.18,STATIC
159.26666666666668,4773,98.74,STATIC,157.22,STATIC,81.64,STATIC,68.42,STATIC,100.62,STATIC,131.65,STATIC,36.60,STATIC,163.14,STATIC
159.3,4774,98.87,STATIC,157.01,STATIC,81.61,STATIC,68.20,STATIC,100.75,STATIC,131.52,STATIC,37.16,STATIC,163.22,STATIC
159.33333333333334,4775,99.38,STATIC,156.89,STATIC,81.67,STATIC,68.09,STATIC,100.76,STATIC,131.45,STATIC,37.15,STATIC,163.14,STATIC
159.36666666666667,4776,99.26,STATIC,156.77,STATIC,81.64,STATIC,67.93,STATIC,100.93,STATIC,131.22,STATIC,37.29,STATIC,163.50,STATIC
159.4,4777,99.18,STATIC,156.76,STATIC,81.55,STATIC,67.81,STATIC,101.08,STATIC,131.52,STATIC,37.71,STATIC,164.03,STATIC
159.43333333333334,4778,98.83,STATIC,156.67,STATIC,81.49,STATIC,67.66,STATIC,101.14,STATIC,131.50,STATIC,37.97,STATIC,164.51,STATIC
159.46666666666667,4779,98.95,STATIC,156.42,STATIC,81.44,STATIC,67.38,STATIC,101.28,STATIC,131.56,STATIC,38.02,STATIC,165.12,STATIC
159.5,4780,98.79,STATIC,156.33,STATIC,81.46,STATIC,67.30,STATIC,101.19,STATIC,131.34,STATIC,38.04,STATIC,165.38,STATIC
159.53333333333333,4781,98.79,STATIC,156.35,STATIC,81.46,STATIC,67.26,STATIC,101.20,STATIC,131.07,STATIC,38.06,STATIC,165.42,STATIC
159.56666666666666,4782,98.91,STATIC,156.44,STATIC,81.56,STATIC,67.29,STATIC,101.06,STATIC,131.01,STATIC,38.02,STATIC,165.02,STATIC
159.60000000000002,4783,98.26,STATIC,156.38,STATIC,81.59,STATIC,67.27,STATIC,100.81,STATIC,131.13,STATIC,38.12,STATIC,164.62,STATIC
159.63333333333335,4784,98.04,STATIC,156.39,STATIC,81.67,STATIC,67.20,STATIC,100.77,STATIC,131.33,STATIC,37.87,STATIC,164.76,STATIC
159.66666666666669,4785,96.91,STATIC,156.09,STATIC,81.48,STATIC,66.87,STATIC,100.85,STATIC,131.49,STATIC,37.59,STATIC,165.35,STATIC
159.70000000000002,4786,96.96,STATIC,155.69,STATIC,81.37,STATIC,66.57,STATIC,100.96,STATIC,131.62,STATIC,37.82,STATIC,165.76,STATIC
159.73333333333335,4787,96.55,STATIC,155.21,STATIC,81.14,STATIC,66.04,STATIC,100.89,STATIC,131.62,STATIC,38.10,STATIC,166.38,STATIC
159.76666666666668,4788,96.53,STATIC,154.65,STATIC,80.96,STATIC,65.38,STATIC,101.09,STATIC,131.93,STATIC,38.46,STATIC,166.72,STATIC
159.8,4789,96.76,STATIC,153.79,STATIC,81.02,STATIC,64.81,STATIC,101.16,STATIC,132.50,STATIC,38.61,STATIC,167.68,STATIC
159.83333333333334,4790,97.01,STATIC,152.85,STATIC,80.85,STATIC,63.90,STATIC,101.29,STATIC,133.02,STATIC,38.96,STATIC,168.86,STATIC
159.86666666666667,4791,97.09,STATIC,152.13,STATIC,80.80,STATIC,63.01,STATIC,101.37,STATIC,133.14,STATIC,39.18,STATIC,169.83,STATIC
159.9,4792,97.23,STATIC,151.78,STATIC,80.89,STATIC,62.28,STATIC,101.36,STATIC,133.46,STATIC,38.86,STATIC,170.78,STATIC
159.93333333333334,4793,97.29,STATIC,151.34,STATIC,80.94,STATIC,61.59,STATIC,101.35,STATIC,133.59,STATIC,38.50,STATIC,171.03,STATIC
159.96666666666667,4794,98.03,STATIC,151.30,STATIC,81.06,STATIC,61.20,STATIC,101.21,STATIC,133.19,STATIC,38.78,STATIC,170.30,STATIC
160.0,4795,98.24,STATIC,151.05,STATIC,81.09,STATIC,60.65,STATIC,101.28,STATIC,133.72,STATIC,38.52,STATIC,170.58,STATIC
160.03333333333333,4796,100.78,STATIC,151.01,STATIC,81.35,STATIC,60.47,STATIC,101.63,STATIC,133.05,STATIC,38.44,STATIC,170.18,STATIC
160.06666666666666,4797,99.04,STATIC,150.99,STATIC,81.23,STATIC,60.29,STATIC,101.64,STATIC,133.06,STATIC,38.61,STATIC,169.97,STATIC
160.10000000000002,4798,99.42,STATIC,150.63,STATIC,81.09,STATIC,59.91,STATIC,101.63,STATIC,132.81,STATIC,38.42,STATIC,169.83,STATIC
160.13333333333335,4799,99.31,STATIC,149.83,STATIC,80.90,STATIC,59.22,STATIC,101.98,STATIC,132.88,STATIC,37.92,STATIC,169.96,STATIC
160.16666666666669,4800,98.43,STATIC,149.22,STATIC,80.79,STATIC,58.37,STATIC,102.20,STATIC,133.16,STATIC,37.86,STATIC,170.20,STATIC
160.20000000000002,4801,100.26,STATIC,149.24,STATIC,80.78,STATIC,58.03,STATIC,102.29,STATIC,133.35,STATIC,38.37,STATIC,170.26,STATIC
160.23333333333335,4802,100.20,STATIC,148.68,STATIC,80.66,STATIC,57.45,STATIC,102.15,STATIC,133.64,STATIC,38.22,STATIC,170.25,STATIC
160.26666666666668,4803,100.46,STATIC,147.69,STATIC,80.58,STATIC,56.73,STATIC,102.10,STATIC,133.95,STATIC,38.38,STATIC,170.24,STATIC
160.3,4804,100.12,STATIC,146.83,STATIC,80.52,STATIC,55.98,STATIC,102.14,STATIC,134.16,STATIC,38.70,STATIC,170.53,STATIC
160.33333333333334,4805,99.90,STATIC,146.15,STATIC,80.54,STATIC,55.21,STATIC,102.11,STATIC,134.54,STATIC,39.38,STATIC,170.76,STATIC
160.36666666666667,4806,100.68,STATIC,145.14,STATIC,80.61,STATIC,54.41,STATIC,102.20,STATIC,134.64,STATIC,40.29,STATIC,171.13,STATIC
160.4,4807,104.54,STATIC,144.98,STATIC,81.18,STATIC,54.10,STATIC,102.08,STATIC,134.67,STATIC,40.46,STATIC,170.46,STATIC
160.43333333333334,4808,102.73,STATIC,144.60,STATIC,81.30,STATIC,53.69,STATIC,101.87,STATIC,134.89,STATIC,40.85,STATIC,170.25,STATIC
160.46666666666667,4809,106.64,STATIC,144.63,STATIC,81.74,STATIC,53.77,STATIC,101.70,STATIC,134.44,STATIC,41.34,STATIC,169.71,STATIC
160.5,4810,101.67,STATIC,143.49,STATIC,81.79,STATIC,53.10,STATIC,101.27,STATIC,134.53,STATIC,41.29,STATIC,169.33,STATIC
160.53333333333333,4811,101.70,STATIC,142.31,STATIC,81.82,STATIC,52.36,STATIC,100.87,STATIC,134.64,STATIC,41.25,STATIC,169.99,STATIC
160.56666666666666,4812,103.01,STATIC,141.64,STATIC,82.00,STATIC,51.87,STATIC,100.66,STATIC,134.64,STATIC,41.24,STATIC,170.27,STATIC
160.60000000000002,4813,106.46,STATIC,141.69,STATIC,82.38,STATIC,52.03,STATIC,100.51,STATIC,134.60,STATIC,41.34,STATIC,170.68,STATIC
160.63333333333335,4814,105.40,STATIC,141.16,STATIC,82.44,STATIC,52.08,STATIC,100.51,STATIC,134.51,STATIC,42.32,STATIC,171.02,STATIC
160.66666666666669,4815,109.59,STATIC,140.87,STATIC,82.87,STATIC,51.93,STATIC,100.38,STATIC,134.98,STATIC,42.90,STATIC,170.21,STATIC
160.70000000000002,4816,111.49,STATIC,141.18,STATIC,83.08,STATIC,52.59,STATIC,99.81,STATIC,135.20,STATIC,43.88,STATIC,170.89,STATIC
160.73333333333335,4817,111.22,STATIC,141.10,STATIC,83.31,STATIC,52.52,STATIC,99.78,STATIC,135.54,STATIC,44.59,STATIC,171.01,STATIC
160.76666666666668,4818,126.04,EXTENSION,141.77,STATIC,83.84,STATIC,53.38,STATIC,100.05,STATIC,135.03,STATIC,45.86,STATIC,170.10,STATIC
160.8,4819,128.77,STATIC,141.56,STATIC,84.01,STATIC,53.50,STATIC,100.27,STATIC,134.59,STATIC,47.60,STATIC,169.44,STATIC
160.83333333333334,4820,123.95,STATIC,141.63,STATIC,84.10,STATIC,53.55,STATIC,100.37,STATIC,134.92,STATIC,48.51,STATIC,169.05,STATIC
160.86666666666667,4821,119.06,STATIC,141.35,STATIC,84.14,STATIC,53.47,STATIC,100.24,STATIC,135.03,STATIC,48.68,STATIC,169.62,STATIC
160.9,4822,121.67,STATIC,142.19,STATIC,84.36,STATIC,54.20,STATIC,100.10,STATIC,135.14,STATIC,48.89,STATIC,168.72,STATIC
160.93333333333334,4823,118.71,STATIC,142.52,STATIC,84.40,STATIC,54.26,STATIC,99.96,STATIC,135.27,STATIC,48.74,STATIC,168.10,STATIC
160.96666666666667,4824,120.06,STATIC,142.95,STATIC,84.51,STATIC,54.53,STATIC,99.85,STATIC,135.23,STATIC,49.06,STATIC,168.11,STATIC
161.0,4825,122.33,STATIC,143.17,STATIC,84.65,STATIC,54.71,STATIC,99.79,STATIC,135.30,STATIC,49.37,STATIC,167.85,STATIC
161.03333333333333,4826,116.39,FLEXION,142.96,STATIC,84.61,STATIC,54.39,STATIC,99.65,STATIC,135.26,STATIC,48.90,STATIC,167.27,STATIC
161.06666666666666,4827,112.93,STATIC,142.48,STATIC,84.67,STATIC,53.93,STATIC,99.46,STATIC,135.09,STATIC,48.68,STATIC,166.86,STATIC
161.10000000000002,4828,104.42,FLEXION,141.70,STATIC,84.12,STATIC,52.96,STATIC,99.18,STATIC,135.47,STATIC,48.57,STATIC,168.62,STATIC
161.13333333333335,4829,103.18,STATIC,140.76,STATIC,83.98,STATIC,52.25,STATIC,99.05,STATIC,135.62,STATIC,48.46,STATIC,169.18,STATIC
161.16666666666669,4830,103.02,STATIC,141.16,STATIC,84.16,STATIC,52.58,STATIC,98.71,STATIC,135.58,STATIC,47.82,STATIC,169.35,STATIC
161.20000000000002,4831,102.22,STATIC,142.21,STATIC,84.48,STATIC,53.62,STATIC,98.43,STATIC,135.45,STATIC,46.78,STATIC,169.02,STATIC
161.23333333333335,4832,101.14,STATIC,141.98,STATIC,84.52,STATIC,53.43,STATIC,98.22,STATIC,135.48,STATIC,46.28,STATIC,168.73,STATIC
161.26666666666668,4833,100.35,STATIC,141.10,STATIC,84.48,STATIC,52.71,STATIC,98.07,STATIC,135.13,STATIC,46.05,STATIC,168.16,STATIC
161.3,4834,100.71,STATIC,140.22,STATIC,84.59,STATIC,52.20,STATIC,97.93,STATIC,135.11,STATIC,45.66,STATIC,168.35,STATIC
161.33333333333334,4835,101.92,STATIC,139.62,STATIC,84.77,STATIC,51.89,STATIC,97.90,STATIC,135.26,STATIC,45.44,STATIC,167.04,STATIC
161.36666666666667,4836,100.94,STATIC,138.64,STATIC,84.82,STATIC,51.11,STATIC,97.84,STATIC,135.32,STATIC,45.67,STATIC,167.42,STATIC
161.4,4837,99.54,STATIC,137.28,STATIC,84.67,STATIC,49.87,STATIC,97.66,STATIC,134.91,STATIC,45.78,STATIC,169.11,STATIC
161.43333333333334,4838,98.89,STATIC,136.05,STATIC,84.55,STATIC,48.84,STATIC,97.58,STATIC,135.18,STATIC,45.80,STATIC,168.60,STATIC
161.46666666666667,4839,98.76,STATIC,134.98,STATIC,84.33,STATIC,47.97,STATIC,97.50,STATIC,135.52,STATIC,45.78,STATIC,168.22,STATIC
161.5,4840,99.12,STATIC,133.89,STATIC,84.41,STATIC,47.02,STATIC,97.64,STATIC,136.10,STATIC,45.85,STATIC,168.02,STATIC
161.53333333333333,4841,98.97,STATIC,132.59,STATIC,84.22,STATIC,45.85,STATIC,97.75,STATIC,136.52,STATIC,46.30,STATIC,168.26,STATIC
161.56666666666666,4842,101.28,STATIC,132.18,STATIC,84.78,STATIC,45.40,STATIC,97.83,STATIC,136.61,STATIC,46.48,STATIC,167.29,STATIC
161.60000000000002,4843,101.85,STATIC,132.17,STATIC,85.07,STATIC,45.58,STATIC,97.93,STATIC,136.57,STATIC,46.90,STATIC,167.14,STATIC
161.63333333333335,4844,101.41,STATIC,132.03,STATIC,85.05,STATIC,45.56,STATIC,97.73,STATIC,136.51,STATIC,47.46,STATIC,168.69,STATIC
161.66666666666669,4845,101.99,STATIC,131.86,STATIC,85.16,STATIC,45.61,STATIC,97.59,STATIC,136.39,STATIC,47.80,STATIC,168.77,STATIC
161.70000000000002,4846,102.15,STATIC,132.06,STATIC,85.18,STATIC,46.09,STATIC,97.82,STATIC,136.40,STATIC,48.61,STATIC,168.58,STATIC
161.73333333333335,4847,102.18,STATIC,131.96,STATIC,85.14,STATIC,46.07,STATIC,98.01,STATIC,136.57,STATIC,49.79,STATIC,168.74,STATIC
161.76666666666668,4848,104.89,STATIC,132.55,STATIC,85.27,STATIC,46.60,STATIC,98.11,STATIC,136.65,STATIC,50.01,STATIC,169.14,STATIC
161.8,4849,104.52,STATIC,132.23,STATIC,85.26,STATIC,46.49,STATIC,98.13,STATIC,136.65,STATIC,50.94,STATIC,169.26,STATIC
161.83333333333334,4850,104.51,STATIC,131.47,STATIC,85.27,STATIC,46.12,STATIC,98.13,STATIC,136.71,STATIC,51.72,STATIC,169.30,STATIC
161.86666666666667,4851,105.58,STATIC,130.82,STATIC,85.33,STATIC,45.90,STATIC,98.15,STATIC,136.76,STATIC,52.61,STATIC,169.37,STATIC
161.9,4852,106.47,STATIC,130.79,STATIC,85.43,STATIC,45.70,STATIC,98.43,STATIC,136.88,STATIC,54.71,STATIC,170.29,STATIC
161.93333333333334,4853,108.77,STATIC,130.61,STATIC,85.47,STATIC,45.37,STATIC,98.49,STATIC,137.16,STATIC,56.32,STATIC,169.94,STATIC
161.96666666666667,4854,109.20,STATIC,131.40,STATIC,85.47,STATIC,45.70,STATIC,98.46,STATIC,137.31,STATIC,56.67,STATIC,169.93,STATIC
162.0,4855,109.10,STATIC,133.46,STATIC,85.52,STATIC,46.93,STATIC,98.20,STATIC,137.27,STATIC,55.02,STATIC,169.94,STATIC
162.03333333333333,4856,109.37,STATIC,134.74,STATIC,85.71,STATIC,47.56,STATIC,97.96,STATIC,137.37,STATIC,54.08,STATIC,169.34,STATIC
162.06666666666666,4857,109.09,STATIC,135.07,STATIC,85.63,STATIC,47.52,STATIC,97.83,STATIC,137.45,STATIC,53.42,STATIC,169.09,STATIC
162.10000000000002,4858,111.27,STATIC,135.38,STATIC,85.75,STATIC,47.89,STATIC,97.87,STATIC,137.64,STATIC,52.32,STATIC,169.11,STATIC
162.13333333333335,4859,125.41,EXTENSION,136.41,STATIC,86.28,STATIC,49.03,STATIC,98.00,STATIC,137.63,STATIC,52.14,STATIC,167.14,STATIC
162.16666666666669,4860,111.91,FLEXION,135.42,STATIC,85.91,STATIC,47.78,STATIC,97.82,STATIC,137.79,STATIC,52.04,STATIC,167.40,STATIC
162.20000000000002,4861,115.34,STATIC,134.56,STATIC,85.87,STATIC,47.19,STATIC,98.00,STATIC,138.25,STATIC,52.15,STATIC,167.42,STATIC
162.23333333333335,4862,117.82,STATIC,134.06,STATIC,85.99,STATIC,47.06,STATIC,98.13,STATIC,138.90,STATIC,53.03,STATIC,168.60,STATIC
162.26666666666668,4863,112.47,FLEXION,133.84,STATIC,85.87,STATIC,46.90,STATIC,98.49,STATIC,139.45,STATIC,54.14,STATIC,166.85,STATIC
162.3,4864,109.82,STATIC,134.29,STATIC,85.88,STATIC,46.85,STATIC,98.72,STATIC,140.44,STATIC,55.14,STATIC,165.27,STATIC
162.33333333333334,4865,110.47,STATIC,134.29,STATIC,86.09,STATIC,46.91,STATIC,99.10,STATIC,141.10,STATIC,56.59,STATIC,165.70,STATIC
162.36666666666667,4866,109.67,STATIC,132.84,STATIC,85.94,STATIC,45.43,STATIC,99.51,STATIC,142.50,STATIC,57.90,STATIC,166.05,STATIC
162.4,4867,104.83,STATIC,132.19,STATIC,85.46,STATIC,44.69,STATIC,99.86,STATIC,143.66,STATIC,59.48,STATIC,167.32,STATIC
162.43333333333334,4868,105.39,STATIC,130.08,STATIC,85.25,STATIC,43.29,STATIC,100.33,STATIC,145.12,STATIC,63.43,STATIC,167.91,STATIC
162.46666666666667,4869,108.19,STATIC,129.42,STATIC,85.25,STATIC,42.35,STATIC,100.63,STATIC,146.32,STATIC,63.35,STATIC,168.89,STATIC
162.5,4870,114.64,EXTENSION,131.56,STATIC,85.38,STATIC,43.62,STATIC,100.63,STATIC,146.88,STATIC,62.17,STATIC,168.18,STATIC
162.53333333333333,4871,105.31,FLEXION,131.38,STATIC,85.26,STATIC,43.36,STATIC,101.12,STATIC,147.82,STATIC,61.36,STATIC,168.14,STATIC
162.5666666666667,4872,104.09,STATIC,130.68,STATIC,85.14,STATIC,42.62,STATIC,101.54,STATIC,149.34,STATIC,60.69,STATIC,168.76,STATIC
162.60000000000002,4873,101.87,STATIC,129.68,STATIC,84.91,STATIC,41.28,STATIC,101.61,STATIC,149.55,STATIC,60.51,STATIC,171.11,STATIC
162.63333333333335,4874,106.94,EXTENSION,129.52,STATIC,85.07,STATIC,41.00,STATIC,102.17,STATIC,150.58,STATIC,59.22,STATIC,171.20,STATIC
162.66666666666669,4875,126.61,EXTENSION,129.27,STATIC,85.32,STATIC,40.70,STATIC,102.95,STATIC,152.72,STATIC,58.82,STATIC,169.85,STATIC
162.70000000000002,4876,109.95,FLEXION,127.95,STATIC,84.72,STATIC,39.25,STATIC,103.79,STATIC,153.72,STATIC,58.21,STATIC,168.00,STATIC
162.73333333333335,4877,114.70,STATIC,127.15,STATIC,84.63,STATIC,38.44,STATIC,104.26,STATIC,154.33,STATIC,58.30,STATIC,168.35,STATIC
162.76666666666668,4878,121.00,EXTENSION,125.80,STATIC,84.66,STATIC,37.22,STATIC,104.88,STATIC,155.02,STATIC,58.81,STATIC,167.99,STATIC
162.8,4879,159.41,EXTENSION,126.35,STATIC,84.84,STATIC,37.55,STATIC,105.09,STATIC,155.09,STATIC,58.50,STATIC,168.04,STATIC
162.83333333333334,4880,149.05,FLEXION,127.63,STATIC,84.90,STATIC,38.04,STATIC,105.36,STATIC,155.76,STATIC,56.82,STATIC,167.18,STATIC
162.86666666666667,4881,136.77,FLEXION,131.67,STATIC,84.96,STATIC,40.95,STATIC,105.57,STATIC,156.32,STATIC,56.89,STATIC,167.26,STATIC
162.9,4882,143.90,EXTENSION,135.52,STATIC,85.06,STATIC,43.97,STATIC,105.72,STATIC,156.22,STATIC,56.68,STATIC,166.03,STATIC
162.93333333333334,4883,132.99,FLEXION,134.83,STATIC,84.88,STATIC,43.42,STATIC,105.90,STATIC,155.11,STATIC,57.47,STATIC,165.79,STATIC
162.96666666666667,4884,124.18,FLEXION,133.64,STATIC,84.72,STATIC,41.79,STATIC,106.26,STATIC,154.50,STATIC,59.33,STATIC,166.23,STATIC
163.0,4885,120.29,STATIC,132.27,STATIC,84.62,STATIC,40.41,STATIC,106.88,STATIC,154.33,STATIC,62.20,STATIC,166.20,STATIC
163.03333333333333,4886,114.69,FLEXION,131.63,STATIC,84.54,STATIC,39.69,STATIC,107.15,STATIC,155.60,STATIC,63.89,STATIC,165.26,STATIC
163.0666666666667,4887,107.09,FLEXION,132.55,STATIC,84.36,STATIC,40.01,STATIC,106.91,STATIC,157.62,STATIC,62.55,STATIC,164.78,STATIC
163.10000000000002,4888,107.28,STATIC,132.90,STATIC,84.29,STATIC,40.29,STATIC,106.48,STATIC,162.45,STATIC,58.77,STATIC,163.88,STATIC
163.13333333333335,4889,107.52,STATIC,133.01,STATIC,84.25,STATIC,39.98,STATIC,105.83,STATIC,163.57,STATIC,56.96,STATIC,162.91,STATIC
163.16666666666669,4890,109.08,STATIC,130.63,STATIC,84.24,STATIC,38.14,STATIC,105.46,STATIC,163.60,STATIC,57.23,STATIC,162.67,STATIC
163.20000000000002,4891,110.97,STATIC,129.60,STATIC,84.26,STATIC,36.99,STATIC,104.84,STATIC,163.85,STATIC,57.87,STATIC,162.27,STATIC
163.23333333333335,4892,111.43,STATIC,128.43,STATIC,84.21,STATIC,36.05,STATIC,104.40,STATIC,163.34,STATIC,58.40,STATIC,161.96,STATIC
163.26666666666668,4893,110.97,STATIC,128.28,STATIC,84.15,STATIC,35.98,STATIC,104.03,STATIC,162.56,STATIC,58.99,STATIC,162.48,STATIC
163.3,4894,111.24,STATIC,127.58,STATIC,84.21,STATIC,35.36,STATIC,103.60,STATIC,161.33,STATIC,60.31,STATIC,162.44,STATIC
163.33333333333334,4895,110.31,STATIC,126.95,STATIC,84.14,STATIC,34.72,STATIC,103.04,STATIC,159.43,STATIC,61.99,STATIC,162.03,STATIC
163.36666666666667,4896,109.94,STATIC,126.06,STATIC,83.92,STATIC,33.86,STATIC,102.88,STATIC,159.41,STATIC,65.66,STATIC,161.97,STATIC
163.4,4897,108.73,STATIC,125.59,STATIC,83.90,STATIC,33.19,STATIC,102.97,STATIC,159.22,STATIC,68.47,STATIC,161.84,STATIC
163.43333333333334,4898,107.91,STATIC,125.75,STATIC,83.87,STATIC,32.99,STATIC,103.00,STATIC,158.84,STATIC,69.90,STATIC,161.45,STATIC
163.46666666666667,4899,106.44,STATIC,126.06,STATIC,83.89,STATIC,33.48,STATIC,103.11,STATIC,157.88,STATIC,69.89,STATIC,160.03,STATIC
163.5,4900,105.42,STATIC,126.56,STATIC,84.30,STATIC,33.59,STATIC,103.10,STATIC,156.81,STATIC,69.79,STATIC,158.64,STATIC
163.53333333333333,4901,104.08,STATIC,126.50,STATIC,84.41,STATIC,33.51,STATIC,103.11,STATIC,155.90,STATIC,70.10,STATIC,157.43,STATIC
163.5666666666667,4902,102.58,STATIC,126.60,STATIC,84.50,STATIC,33.34,STATIC,103.08,STATIC,154.83,STATIC,70.82,STATIC,156.12,STATIC
163.60000000000002,4903,100.71,STATIC,125.38,STATIC,84.55,STATIC,33.22,STATIC,103.07,STATIC,153.49,STATIC,70.45,STATIC,154.47,STATIC
163.63333333333335,4904,99.97,STATIC,124.75,STATIC,84.69,STATIC,33.20,STATIC,103.09,STATIC,152.66,STATIC,70.55,STATIC,153.20,STATIC
163.66666666666669,4905,98.73,STATIC,121.44,STATIC,84.67,STATIC,33.08,STATIC,103.23,STATIC,152.28,STATIC,69.54,STATIC,152.21,STATIC
163.70000000000002,4906,97.17,STATIC,122.37,STATIC,84.48,STATIC,33.76,STATIC,103.43,STATIC,151.57,STATIC,67.82,STATIC,151.01,STATIC
163.73333333333335,4907,95.24,STATIC,123.90,STATIC,84.28,STATIC,34.50,STATIC,103.56,STATIC,150.42,STATIC,67.41,STATIC,149.54,STATIC
163.76666666666668,4908,95.22,STATIC,122.95,STATIC,84.69,STATIC,34.34,STATIC,103.51,STATIC,149.41,STATIC,67.57,STATIC,148.69,STATIC
163.8,4909,96.54,STATIC,122.01,STATIC,84.71,STATIC,33.33,STATIC,103.44,STATIC,148.85,STATIC,68.14,STATIC,148.65,STATIC
163.83333333333334,4910,97.77,STATIC,121.90,STATIC,84.72,STATIC,32.59,STATIC,103.45,STATIC,148.22,STATIC,68.76,STATIC,148.70,STATIC
163.86666666666667,4911,99.67,STATIC,121.11,STATIC,84.63,STATIC,31.82,STATIC,103.20,STATIC,148.00,STATIC,69.56,STATIC,148.43,STATIC
163.9,4912,101.25,STATIC,120.87,STATIC,84.63,STATIC,31.34,STATIC,103.14,STATIC,147.86,STATIC,70.89,STATIC,148.62,STATIC
163.93333333333334,4913,104.80,STATIC,120.49,STATIC,84.57,STATIC,31.03,STATIC,103.11,STATIC,148.01,STATIC,71.68,STATIC,149.33,STATIC
163.96666666666667,4914,108.09,STATIC,119.80,STATIC,84.46,STATIC,30.40,STATIC,102.95,STATIC,147.59,STATIC,73.42,STATIC,149.84,STATIC
164.0,4915,109.98,STATIC,119.37,STATIC,84.39,STATIC,30.25,STATIC,102.75,STATIC,146.47,STATIC,73.94,STATIC,148.31,STATIC
164.03333333333333,4916,110.84,STATIC,119.43,STATIC,84.28,STATIC,30.22,STATIC,102.60,STATIC,145.81,STATIC,73.37,STATIC,147.40,STATIC
164.0666666666667,4917,111.81,STATIC,119.22,STATIC,84.24,STATIC,30.24,STATIC,102.58,STATIC,145.44,STATIC,72.01,STATIC,146.57,STATIC
164.10000000000002,4918,112.86,STATIC,119.20,STATIC,84.26,STATIC,30.33,STATIC,102.39,STATIC,144.56,STATIC,70.54,STATIC,145.43,STATIC
164.13333333333335,4919,112.88,STATIC,119.05,STATIC,84.26,STATIC,30.26,STATIC,102.34,STATIC,144.38,STATIC,68.59,STATIC,144.35,STATIC
164.16666666666669,4920,112.26,STATIC,118.79,STATIC,84.27,STATIC,30.30,STATIC,102.36,STATIC,144.46,STATIC,67.41,STATIC,143.79,STATIC
164.20000000000002,4921,111.70,STATIC,118.31,STATIC,84.32,STATIC,30.27,STATIC,102.39,STATIC,143.97,STATIC,66.39,STATIC,142.60,STATIC
164.23333333333335,4922,110.84,STATIC,117.61,STATIC,84.30,STATIC,30.17,STATIC,102.37,STATIC,144.23,STATIC,65.62,STATIC,142.44,STATIC
164.26666666666668,4923,110.15,STATIC,117.22,STATIC,84.30,STATIC,30.12,STATIC,102.37,STATIC,144.27,STATIC,64.38,STATIC,141.99,STATIC
164.3,4924,109.70,STATIC,116.94,STATIC,84.31,STATIC,30.14,STATIC,102.38,STATIC,144.02,STATIC,63.37,STATIC,141.30,STATIC
164.33333333333334,4925,108.86,STATIC,116.55,STATIC,84.39,STATIC,29.89,STATIC,102.49,STATIC,144.12,STATIC,62.83,STATIC,141.27,STATIC
164.36666666666667,4926,108.05,STATIC,116.47,STATIC,84.47,STATIC,29.80,STATIC,102.54,STATIC,144.19,STATIC,62.34,STATIC,141.19,STATIC
164.4,4927,106.66,STATIC,116.11,STATIC,84.19,STATIC,29.46,STATIC,102.48,STATIC,143.66,STATIC,61.59,STATIC,140.34,STATIC
164.43333333333334,4928,105.54,STATIC,115.62,STATIC,84.26,STATIC,29.12,STATIC,102.33,STATIC,143.04,STATIC,60.42,STATIC,139.41,STATIC
164.46666666666667,4929,104.62,STATIC,115.39,STATIC,84.04,STATIC,29.35,STATIC,102.42,STATIC,143.56,STATIC,59.21,STATIC,139.76,STATIC
164.5,4930,103.95,STATIC,115.56,STATIC,84.00,STATIC,29.54,STATIC,102.55,STATIC,144.40,STATIC,58.60,STATIC,140.71,STATIC
164.53333333333333,4931,103.91,STATIC,116.18,STATIC,84.29,STATIC,30.07,STATIC,102.62,STATIC,145.02,STATIC,57.99,STATIC,141.52,STATIC
164.5666666666667,4932,103.51,STATIC,117.06,STATIC,84.23,STATIC,30.44,STATIC,102.73,STATIC,145.57,STATIC,57.72,STATIC,142.20,STATIC
164.60000000000002,4933,103.02,STATIC,117.65,STATIC,84.19,STATIC,30.28,STATIC,102.79,STATIC,146.08,STATIC,57.56,STATIC,142.67,STATIC
164.63333333333335,4934,103.09,STATIC,118.14,STATIC,84.15,STATIC,30.60,STATIC,102.94,STATIC,146.85,STATIC,57.25,STATIC,143.44,STATIC
164.66666666666669,4935,102.66,STATIC,118.44,STATIC,84.16,STATIC,30.83,STATIC,103.13,STATIC,147.81,STATIC,57.28,STATIC,144.47,STATIC
164.70000000000002,4936,102.18,STATIC,118.28,STATIC,84.19,STATIC,30.68,STATIC,103.42,STATIC,148.75,STATIC,57.64,STATIC,145.78,STATIC
164.73333333333335,4937,101.80,STATIC,118.46,STATIC,84.20,STATIC,30.74,STATIC,103.69,STATIC,149.63,STATIC,57.88,STATIC,147.07,STATIC
164.76666666666668,4938,101.50,STATIC,118.49,STATIC,84.26,STATIC,30.66,STATIC,104.06,STATIC,150.65,STATIC,58.29,STATIC,148.26,STATIC
164.8,4939,101.19,STATIC,118.47,STATIC,84.28,STATIC,30.62,STATIC,104.37,STATIC,151.62,STATIC,58.41,STATIC,149.22,STATIC
164.83333333333334,4940,100.80,STATIC,118.54,STATIC,84.29,STATIC,30.65,STATIC,104.66,STATIC,152.48,STATIC,58.51,STATIC,150.11,STATIC
164.86666666666667,4941,100.64,STATIC,118.80,STATIC,84.30,STATIC,30.89,STATIC,104.93,STATIC,153.24,STATIC,58.63,STATIC,151.07,STATIC
164.9,4942,100.39,STATIC,118.94,STATIC,84.32,STATIC,30.98,STATIC,105.19,STATIC,154.00,STATIC,58.82,STATIC,151.90,STATIC
164.93333333333334,4943,100.02,STATIC,119.44,STATIC,84.37,STATIC,31.20,STATIC,105.51,STATIC,154.82,STATIC,59.03,STATIC,152.71,STATIC
164.96666666666667,4944,99.72,STATIC,119.96,STATIC,84.36,STATIC,30.90,STATIC,105.85,STATIC,155.49,STATIC,59.36,STATIC,153.46,STATIC
165.0,4945,99.65,STATIC,120.28,STATIC,84.36,STATIC,30.93,STATIC,106.13,STATIC,156.13,STATIC,59.54,STATIC,154.06,STATIC
165.03333333333333,4946,99.72,STATIC,120.46,STATIC,84.34,STATIC,31.00,STATIC,106.48,STATIC,156.58,STATIC,60.01,STATIC,154.70,STATIC
165.0666666666667,4947,99.98,STATIC,120.78,STATIC,84.34,STATIC,31.40,STATIC,106.67,STATIC,157.16,STATIC,60.09,STATIC,155.14,STATIC
165.10000000000002,4948,100.20,STATIC,120.45,STATIC,84.33,STATIC,31.29,STATIC,106.76,STATIC,157.61,STATIC,59.95,STATIC,155.46,STATIC
165.13333333333335,4949,100.55,STATIC,119.99,STATIC,84.28,STATIC,31.19,STATIC,106.84,STATIC,158.56,STATIC,59.90,STATIC,155.96,STATIC
165.16666666666669,4950,100.68,STATIC,119.68,STATIC,84.28,STATIC,30.82,STATIC,106.83,STATIC,158.96,STATIC,59.62,STATIC,156.17,STATIC
165.20000000000002,4951,101.49,STATIC,119.27,STATIC,84.26,STATIC,30.42,STATIC,106.81,STATIC,159.28,STATIC,59.39,STATIC,156.35,STATIC
165.23333333333335,4952,103.31,STATIC,118.95,STATIC,84.56,STATIC,30.38,STATIC,106.84,STATIC,159.62,STATIC,58.87,STATIC,156.36,STATIC
165.26666666666668,4953,104.38,STATIC,118.59,STATIC,84.71,STATIC,30.08,STATIC,106.78,STATIC,159.97,STATIC,58.24,STATIC,156.18,STATIC
165.3,4954,105.18,STATIC,118.43,STATIC,84.78,STATIC,30.01,STATIC,106.60,STATIC,160.38,STATIC,56.92,STATIC,155.54,STATIC
165.33333333333334,4955,105.89,STATIC,118.04,STATIC,84.86,STATIC,29.73,STATIC,106.30,STATIC,160.10,STATIC,55.96,STATIC,155.37,STATIC
165.36666666666667,4956,106.51,STATIC,117.91,STATIC,84.98,STATIC,29.41,STATIC,105.62,STATIC,159.51,STATIC,54.82,STATIC,154.19,STATIC
165.4,4957,108.54,STATIC,118.67,STATIC,85.10,STATIC,29.85,STATIC,105.11,STATIC,158.91,STATIC,55.39,STATIC,153.97,STATIC
165.43333333333334,4958,110.67,STATIC,119.51,STATIC,85.06,STATIC,30.21,STATIC,104.85,STATIC,159.08,STATIC,54.90,STATIC,153.76,STATIC
165.46666666666667,4959,112.12,STATIC,120.24,STATIC,84.94,STATIC,30.70,STATIC,104.80,STATIC,158.85,STATIC,55.68,STATIC,154.80,STATIC
165.5,4960,114.58,STATIC,120.59,STATIC,84.84,STATIC,31.18,STATIC,105.18,STATIC,159.07,STATIC,55.87,STATIC,155.79,STATIC
165.53333333333333,4961,118.56,STATIC,121.19,STATIC,84.65,STATIC,32.19,STATIC,105.07,STATIC,158.97,STATIC,57.10,STATIC,156.16,STATIC
165.5666666666667,4962,122.66,STATIC,121.88,STATIC,84.55,STATIC,33.30,STATIC,104.98,STATIC,158.31,STATIC,58.27,STATIC,156.77,STATIC
165.60000000000002,4963,125.22,STATIC,123.07,STATIC,84.43,STATIC,34.13,STATIC,105.09,STATIC,157.91,STATIC,60.37,STATIC,157.16,STATIC
165.63333333333335,4964,127.78,STATIC,124.30,STATIC,84.27,STATIC,35.25,STATIC,105.42,STATIC,157.94,STATIC,62.43,STATIC,157.87,STATIC
165.66666666666669,4965,130.16,STATIC,125.13,STATIC,84.14,STATIC,35.89,STATIC,106.08,STATIC,158.67,STATIC,64.74,STATIC,158.54,STATIC
165.70000000000002,4966,132.21,STATIC,126.06,STATIC,83.97,STATIC,36.73,STATIC,107.09,STATIC,159.94,STATIC,67.53,STATIC,159.25,STATIC
165.73333333333335,4967,133.68,STATIC,126.22,STATIC,83.86,STATIC,36.65,STATIC,108.08,STATIC,160.65,STATIC,70.75,STATIC,160.44,STATIC
165.76666666666668,4968,135.66,STATIC,126.49,STATIC,83.76,STATIC,36.51,STATIC,109.21,STATIC,161.19,STATIC,73.72,STATIC,161.36,STATIC
165.8,4969,138.01,STATIC,126.82,STATIC,83.58,STATIC,36.85,STATIC,110.29,STATIC,161.61,STATIC,76.81,STATIC,162.16,STATIC
165.83333333333334,4970,140.11,STATIC,127.14,STATIC,83.41,STATIC,37.01,STATIC,111.45,STATIC,161.96,STATIC,80.28,STATIC,162.59,STATIC
165.86666666666667,4971,143.50,STATIC,127.71,STATIC,83.30,STATIC,37.23,STATIC,112.93,STATIC,162.97,STATIC,83.83,STATIC,162.40,STATIC
165.9,4972,145.62,STATIC,127.52,STATIC,83.07,STATIC,36.84,STATIC,114.36,STATIC,163.59,STATIC,87.74,STATIC,163.19,STATIC
165.93333333333334,4973,146.36,STATIC,128.00,STATIC,82.91,STATIC,36.69,STATIC,115.69,STATIC,164.21,STATIC,91.57,STATIC,163.43,STATIC
165.96666666666667,4974,147.36,STATIC,128.08,STATIC,82.76,STATIC,36.55,STATIC,116.63,STATIC,163.77,STATIC,94.60,STATIC,163.99,STATIC
166.0,4975,147.73,STATIC,128.70,STATIC,82.69,STATIC,36.82,STATIC,117.78,STATIC,163.76,STATIC,97.53,STATIC,164.04,STATIC
166.03333333333333,4976,148.45,STATIC,128.61,STATIC,82.59,STATIC,36.59,STATIC,119.20,STATIC,164.05,STATIC,100.76,STATIC,163.39,STATIC
166.0666666666667,4977,149.05,STATIC,128.42,STATIC,82.49,STATIC,36.24,STATIC,120.60,STATIC,164.05,STATIC,104.02,STATIC,163.83,STATIC
166.10000000000002,4978,149.29,STATIC,128.59,STATIC,82.32,STATIC,36.22,STATIC,121.55,STATIC,163.97,STATIC,107.01,STATIC,164.77,STATIC
166.13333333333335,4979,149.95,STATIC,128.43,STATIC,82.16,STATIC,36.24,STATIC,122.44,STATIC,164.78,STATIC,109.29,STATIC,165.23,STATIC
166.16666666666669,4980,149.93,STATIC,128.34,STATIC,82.03,STATIC,36.37,STATIC,123.60,STATIC,165.32,STATIC,111.60,STATIC,165.95,STATIC
166.20000000000002,4981,151.42,STATIC,127.30,STATIC,81.88,STATIC,35.79,STATIC,124.59,STATIC,164.34,STATIC,114.09,STATIC,166.39,STATIC
166.23333333333335,4982,151.09,STATIC,125.91,STATIC,81.66,STATIC,34.72,STATIC,125.10,STATIC,163.73,STATIC,115.48,STATIC,166.42,STATIC
166.26666666666668,4983,150.00,STATIC,124.56,STATIC,81.49,STATIC,33.74,STATIC,125.73,STATIC,163.80,STATIC,117.11,STATIC,166.24,STATIC
166.3,4984,149.79,STATIC,123.37,STATIC,81.36,STATIC,32.93,STATIC,125.61,STATIC,163.93,STATIC,117.46,STATIC,166.66,STATIC
166.33333333333334,4985,147.45,STATIC,123.06,STATIC,81.28,STATIC,32.60,STATIC,125.74,STATIC,163.88,STATIC,118.38,STATIC,166.81,STATIC
166.36666666666667,4986,147.88,STATIC,123.23,STATIC,81.27,STATIC,32.84,STATIC,126.18,STATIC,164.00,STATIC,119.73,STATIC,166.91,STATIC
166.4,4987,149.33,STATIC,123.92,STATIC,81.20,STATIC,33.54,STATIC,127.08,STATIC,164.27,STATIC,121.78,STATIC,164.89,STATIC
166.43333333333334,4988,149.48,STATIC,124.60,STATIC,81.12,STATIC,34.28,STATIC,127.63,STATIC,163.96,STATIC,123.79,STATIC,165.40,STATIC
166.46666666666667,4989,150.12,STATIC,125.46,STATIC,81.10,STATIC,35.13,STATIC,128.17,STATIC,164.03,STATIC,125.14,STATIC,165.73,STATIC
166.5,4990,149.73,STATIC,126.02,STATIC,81.09,STATIC,35.70,STATIC,128.50,STATIC,164.04,STATIC,126.36,STATIC,166.06,STATIC
166.53333333333333,4991,150.21,STATIC,126.29,STATIC,81.15,STATIC,35.99,STATIC,128.75,STATIC,164.15,STATIC,127.05,STATIC,166.76,STATIC
166.5666666666667,4992,150.73,STATIC,126.34,STATIC,81.25,STATIC,35.96,STATIC,129.27,STATIC,163.73,STATIC,127.73,STATIC,166.82,STATIC
166.60000000000002,4993,150.77,STATIC,126.91,STATIC,81.32,STATIC,35.89,STATIC,129.11,STATIC,163.46,STATIC,128.12,STATIC,166.96,STATIC
166.63333333333335,4994,150.12,STATIC,126.94,STATIC,81.36,STATIC,35.94,STATIC,129.40,STATIC,163.73,STATIC,129.16,STATIC,166.82,STATIC
166.66666666666669,4995,150.54,STATIC,127.54,STATIC,81.41,STATIC,36.65,STATIC,129.46,STATIC,163.63,STATIC,129.77,STATIC,166.85,STATIC
166.70000000000002,4996,150.24,STATIC,127.56,STATIC,81.49,STATIC,36.40,STATIC,129.24,STATIC,163.27,STATIC,129.64,STATIC,168.27,STATIC
166.73333333333335,4997,152.15,STATIC,127.92,STATIC,81.52,STATIC,36.53,STATIC,129.41,STATIC,163.09,STATIC,129.89,STATIC,167.80,STATIC
166.76666666666668,4998,153.33,STATIC,128.82,STATIC,81.59,STATIC,37.24,STATIC,129.23,STATIC,162.95,STATIC,130.42,STATIC,167.53,STATIC
166.8,4999,153.51,STATIC,129.17,STATIC,81.59,STATIC,37.34,STATIC,129.32,STATIC,163.03,STATIC,131.15,STATIC,167.46,STATIC
166.83333333333334,5000,154.07,STATIC,129.60,STATIC,81.62,STATIC,37.51,STATIC,129.48,STATIC,163.27,STATIC,131.81,STATIC,166.39,STATIC
166.86666666666667,5001,153.58,STATIC,130.01,STATIC,81.64,STATIC,37.71,STATIC,129.77,STATIC,163.51,STATIC,132.07,STATIC,164.92,STATIC
166.9,5002,154.04,STATIC,130.00,STATIC,81.81,STATIC,37.77,STATIC,129.82,STATIC,163.66,STATIC,131.81,STATIC,165.07,STATIC
166.93333333333334,5003,153.92,STATIC,130.09,STATIC,81.50,STATIC,37.72,STATIC,129.99,STATIC,163.60,STATIC,131.94,STATIC,164.70,STATIC
166.96666666666667,5004,154.72,STATIC,130.02,STATIC,81.73,STATIC,37.78,STATIC,129.87,STATIC,163.30,STATIC,131.88,STATIC,165.45,STATIC
167.0,5005,156.29,STATIC,129.54,STATIC,81.65,STATIC,37.68,STATIC,129.94,STATIC,162.99,STATIC,132.58,STATIC,165.54,STATIC
167.03333333333333,5006,156.31,STATIC,128.46,STATIC,81.59,STATIC,37.35,STATIC,130.23,STATIC,162.66,STATIC,133.27,STATIC,165.34,STATIC
167.0666666666667,5007,155.31,STATIC,127.52,STATIC,81.07,STATIC,36.86,STATIC,130.07,STATIC,162.42,STATIC,132.84,STATIC,164.83,STATIC
167.10000000000002,5008,154.39,STATIC,126.49,STATIC,80.82,STATIC,36.37,STATIC,128.90,STATIC,161.30,STATIC,131.79,STATIC,165.13,STATIC
167.13333333333335,5009,155.64,STATIC,126.22,STATIC,80.88,STATIC,36.31,STATIC,127.81,STATIC,160.69,STATIC,130.22,STATIC,164.66,STATIC
167.16666666666669,5010,156.80,STATIC,126.79,STATIC,80.94,STATIC,36.74,STATIC,127.33,STATIC,160.34,STATIC,129.71,STATIC,164.49,STATIC
167.20000000000002,5011,158.79,STATIC,127.18,STATIC,80.98,STATIC,37.16,STATIC,127.22,STATIC,160.42,STATIC,129.49,STATIC,164.11,STATIC
167.23333333333335,5012,160.30,STATIC,127.82,STATIC,81.05,STATIC,37.78,STATIC,126.96,STATIC,160.60,STATIC,129.31,STATIC,164.00,STATIC
167.26666666666668,5013,161.07,STATIC,128.25,STATIC,80.93,STATIC,38.26,STATIC,127.12,STATIC,160.55,STATIC,130.07,STATIC,163.65,STATIC
167.3,5014,161.52,STATIC,128.62,STATIC,80.82,STATIC,38.63,STATIC,127.02,STATIC,160.38,STATIC,130.07,STATIC,163.54,STATIC
167.33333333333334,5015,161.94,STATIC,128.57,STATIC,80.70,STATIC,38.60,STATIC,126.94,STATIC,160.01,STATIC,130.25,STATIC,162.68,STATIC
167.36666666666667,5016,163.60,STATIC,130.02,STATIC,80.58,STATIC,39.80,STATIC,127.62,STATIC,160.12,STATIC,130.81,STATIC,162.17,STATIC
167.4,5017,164.28,STATIC,130.99,STATIC,80.51,STATIC,40.52,STATIC,128.40,STATIC,160.54,STATIC,131.39,STATIC,162.38,STATIC
167.43333333333334,5018,164.88,STATIC,131.66,STATIC,80.34,STATIC,41.01,STATIC,128.27,STATIC,160.22,STATIC,130.98,STATIC,162.44,STATIC
167.46666666666667,5019,165.05,STATIC,132.13,STATIC,80.24,STATIC,41.34,STATIC,128.20,STATIC,160.03,STATIC,130.71,STATIC,162.44,STATIC
167.5,5020,165.11,STATIC,132.49,STATIC,80.09,STATIC,41.65,STATIC,128.41,STATIC,159.97,STATIC,130.71,STATIC,162.48,STATIC
167.53333333333333,5021,165.15,STATIC,132.66,STATIC,79.93,STATIC,41.85,STATIC,128.68,STATIC,159.88,STATIC,130.62,STATIC,162.74,STATIC
167.5666666666667,5022,164.87,STATIC,132.74,STATIC,79.91,STATIC,41.75,STATIC,128.38,STATIC,159.19,STATIC,130.00,STATIC,162.40,STATIC
167.60000000000002,5023,164.93,STATIC,133.02,STATIC,79.96,STATIC,41.87,STATIC,128.15,STATIC,158.85,STATIC,129.44,STATIC,161.91,STATIC
167.63333333333335,5024,165.22,STATIC,133.53,STATIC,79.86,STATIC,42.33,STATIC,128.46,STATIC,159.14,STATIC,129.69,STATIC,161.36,STATIC
167.66666666666669,5025,165.37,STATIC,133.88,STATIC,79.81,STATIC,42.58,STATIC,128.65,STATIC,159.13,STATIC,129.73,STATIC,161.27,STATIC
167.70000000000002,5026,165.06,STATIC,133.63,STATIC,79.53,STATIC,42.34,STATIC,129.05,STATIC,159.00,STATIC,129.89,STATIC,160.42,STATIC
167.73333333333335,5027,164.74,STATIC,133.38,STATIC,79.37,STATIC,42.05,STATIC,129.40,STATIC,158.82,STATIC,130.06,STATIC,160.48,STATIC
167.76666666666668,5028,164.11,STATIC,132.87,STATIC,79.28,STATIC,41.61,STATIC,129.84,STATIC,158.95,STATIC,130.80,STATIC,159.94,STATIC
167.8,5029,164.18,STATIC,132.67,STATIC,79.24,STATIC,41.50,STATIC,130.59,STATIC,159.52,STATIC,132.11,STATIC,159.97,STATIC
167.83333333333334,5030,164.63,STATIC,132.75,STATIC,79.24,STATIC,41.59,STATIC,131.42,STATIC,159.62,STATIC,133.53,STATIC,160.59,STATIC
167.86666666666667,5031,164.73,STATIC,132.85,STATIC,79.29,STATIC,41.67,STATIC,132.03,STATIC,159.64,STATIC,134.54,STATIC,160.75,STATIC
167.9,5032,164.44,STATIC,132.67,STATIC,79.30,STATIC,41.58,STATIC,132.20,STATIC,159.82,STATIC,134.01,STATIC,160.36,STATIC
167.93333333333334,5033,164.35,STATIC,132.71,STATIC,79.39,STATIC,41.63,STATIC,132.53,STATIC,159.98,STATIC,134.30,STATIC,160.46,STATIC
167.96666666666667,5034,164.17,STATIC,132.54,STATIC,79.31,STATIC,41.54,STATIC,132.89,STATIC,160.42,STATIC,134.59,STATIC,159.66,STATIC
168.0,5035,163.87,STATIC,132.75,STATIC,79.33,STATIC,41.65,STATIC,133.13,STATIC,160.39,STATIC,134.84,STATIC,160.02,STATIC
168.03333333333333,5036,163.32,STATIC,132.55,STATIC,79.28,STATIC,41.44,STATIC,133.50,STATIC,160.49,STATIC,135.78,STATIC,159.91,STATIC
168.0666666666667,5037,162.87,STATIC,133.05,STATIC,79.21,STATIC,41.67,STATIC,133.68,STATIC,160.42,STATIC,137.02,STATIC,160.46,STATIC
168.10000000000002,5038,163.17,STATIC,133.33,STATIC,79.08,STATIC,41.98,STATIC,134.17,STATIC,160.42,STATIC,138.07,STATIC,160.49,STATIC
168.13333333333335,5039,163.23,STATIC,133.59,STATIC,78.88,STATIC,42.23,STATIC,135.07,STATIC,161.18,STATIC,139.62,STATIC,160.08,STATIC
168.16666666666669,5040,163.55,STATIC,133.80,STATIC,78.76,STATIC,42.40,STATIC,136.11,STATIC,161.65,STATIC,140.65,STATIC,159.88,STATIC
168.20000000000002,5041,163.56,STATIC,133.78,STATIC,78.63,STATIC,42.39,STATIC,137.32,STATIC,162.24,STATIC,142.01,STATIC,159.59,STATIC
168.23333333333335,5042,162.65,STATIC,133.26,STATIC,78.33,STATIC,42.10,STATIC,138.48,STATIC,163.41,STATIC,143.73,STATIC,159.53,STATIC
168.26666666666668,5043,161.59,STATIC,133.20,STATIC,78.21,STATIC,42.02,STATIC,139.77,STATIC,163.68,STATIC,145.11,STATIC,159.48,STATIC
168.3,5044,160.94,STATIC,133.25,STATIC,78.08,STATIC,42.10,STATIC,140.89,STATIC,164.18,STATIC,146.24,STATIC,158.47,STATIC
168.33333333333334,5045,161.22,STATIC,134.18,STATIC,78.27,STATIC,42.59,STATIC,141.53,STATIC,163.17,STATIC,147.55,STATIC,158.61,STATIC
168.36666666666667,5046,161.24,STATIC,135.02,STATIC,78.37,STATIC,43.01,STATIC,142.73,STATIC,163.55,STATIC,149.18,STATIC,158.17,STATIC
168.4,5047,160.58,STATIC,135.09,STATIC,78.50,STATIC,43.03,STATIC,143.83,STATIC,164.01,STATIC,150.35,STATIC,157.80,STATIC
168.43333333333334,5048,160.81,STATIC,135.59,STATIC,78.44,STATIC,43.26,STATIC,144.99,STATIC,164.35,STATIC,151.58,STATIC,157.23,STATIC
168.46666666666667,5049,160.77,STATIC,135.63,STATIC,78.35,STATIC,43.37,STATIC,145.86,STATIC,164.37,STATIC,152.39,STATIC,157.77,STATIC
168.5,5050,160.78,STATIC,135.03,STATIC,78.38,STATIC,42.95,STATIC,146.03,STATIC,163.28,STATIC,153.45,STATIC,158.33,STATIC
168.53333333333333,5051,160.96,STATIC,134.33,STATIC,78.45,STATIC,42.67,STATIC,145.68,STATIC,162.19,STATIC,154.70,STATIC,158.63,STATIC
168.5666666666667,5052,161.38,STATIC,133.49,STATIC,78.69,STATIC,42.36,STATIC,145.82,STATIC,159.91,STATIC,155.87,STATIC,158.86,STATIC
168.60000000000002,5053,162.23,STATIC,132.80,STATIC,78.78,STATIC,42.16,STATIC,147.09,STATIC,158.38,STATIC,156.29,STATIC,158.37,STATIC
168.63333333333335,5054,162.52,STATIC,131.46,STATIC,78.72,STATIC,41.55,STATIC,147.03,STATIC,158.01,STATIC,156.92,STATIC,158.23,STATIC
168.66666666666669,5055,162.29,STATIC,131.32,STATIC,78.50,STATIC,40.97,STATIC,147.56,STATIC,159.33,STATIC,157.87,STATIC,157.45,STATIC
168.70000000000002,5056,162.35,STATIC,130.75,STATIC,78.63,STATIC,40.56,STATIC,151.99,STATIC,159.93,STATIC,158.43,STATIC,157.49,STATIC
168.73333333333335,5057,160.98,STATIC,129.90,STATIC,78.36,STATIC,40.15,STATIC,154.90,STATIC,160.53,STATIC,158.61,STATIC,156.64,STATIC
168.76666666666668,5058,160.45,STATIC,130.09,STATIC,78.44,STATIC,39.74,STATIC,160.01,EXTENSION,157.78,STATIC,156.94,STATIC,156.21,STATIC
168.8,5059,160.77,STATIC,129.47,STATIC,78.32,STATIC,39.96,STATIC,157.82,STATIC,158.81,STATIC,156.64,STATIC,155.93,STATIC
168.83333333333334,5060,160.25,STATIC,129.33,STATIC,77.92,STATIC,39.64,STATIC,154.66,STATIC,160.79,STATIC,156.55,STATIC,151.52,STATIC
168.86666666666667,5061,161.15,STATIC,129.84,STATIC,77.65,STATIC,39.31,STATIC,153.96,STATIC,161.06,STATIC,157.96,STATIC,150.44,STATIC
168.9,5062,161.34,STATIC,129.59,STATIC,77.42,STATIC,38.67,STATIC,152.36,STATIC,161.58,STATIC,158.70,STATIC,150.64,STATIC
168.93333333333334,5063,162.32,STATIC,130.28,STATIC,77.02,STATIC,38.96,STATIC,151.98,STATIC,161.31,STATIC,157.60,STATIC,146.92,STATIC
168.96666666666667,5064,162.39,STATIC,129.10,STATIC,76.89,STATIC,37.71,STATIC,149.22,STATIC,160.96,STATIC,159.31,STATIC,148.79,STATIC
169.0,5065,163.63,STATIC,128.86,STATIC,77.15,STATIC,37.32,STATIC,147.99,STATIC,160.53,STATIC,158.61,STATIC,148.78,STATIC
169.03333333333333,5066,163.95,STATIC,128.06,STATIC,76.88,STATIC,36.01,STATIC,145.88,STATIC,159.93,STATIC,159.89,STATIC,148.18,STATIC
169.0666666666667,5067,164.63,STATIC,127.70,STATIC,76.09,STATIC,35.40,STATIC,141.52,STATIC,158.82,STATIC,157.69,STATIC,150.51,STATIC
169.10000000000002,5068,164.44,STATIC,127.01,STATIC,75.50,STATIC,34.36,STATIC,140.40,STATIC,156.20,STATIC,159.15,STATIC,150.68,STATIC
169.13333333333335,5069,164.86,STATIC,125.97,STATIC,75.11,STATIC,33.50,STATIC,138.73,STATIC,154.91,STATIC,159.83,STATIC,151.17,STATIC
169.16666666666669,5070,165.18,STATIC,125.33,STATIC,74.71,STATIC,32.61,STATIC,137.24,STATIC,153.92,STATIC,160.78,STATIC,151.47,STATIC
169.20000000000002,5071,164.79,STATIC,125.18,STATIC,73.98,STATIC,32.02,STATIC,134.41,STATIC,152.60,STATIC,160.77,STATIC,152.32,STATIC
169.23333333333335,5072,164.85,STATIC,124.67,STATIC,73.53,STATIC,31.32,STATIC,131.94,STATIC,150.95,STATIC,161.02,STATIC,152.98,STATIC
169.26666666666668,5073,164.21,STATIC,124.30,STATIC,73.05,STATIC,30.83,STATIC,130.05,STATIC,150.91,STATIC,160.54,STATIC,153.29,STATIC
169.3,5074,163.31,STATIC,124.13,STATIC,72.33,STATIC,30.21,STATIC,127.32,STATIC,149.45,STATIC,159.68,STATIC,154.40,STATIC
169.33333333333334,5075,163.13,STATIC,123.11,STATIC,71.94,STATIC,28.99,STATIC,125.18,STATIC,147.06,STATIC,158.70,STATIC,155.80,STATIC
169.36666666666667,5076,162.47,STATIC,122.69,STATIC,71.19,STATIC,28.44,STATIC,123.22,STATIC,145.08,STATIC,157.78,STATIC,157.01,STATIC
169.4,5077,161.66,STATIC,122.26,STATIC,70.14,STATIC,28.51,STATIC,121.58,STATIC,144.30,STATIC,156.56,STATIC,157.49,STATIC
169.43333333333334,5078,161.33,STATIC,121.77,STATIC,69.31,STATIC,28.37,STATIC,119.69,STATIC,142.61,STATIC,154.74,STATIC,158.53,STATIC
169.46666666666667,5079,160.22,STATIC,121.24,STATIC,68.40,STATIC,28.36,STATIC,118.79,STATIC,141.80,STATIC,153.75,STATIC,158.45,STATIC
169.5,5080,159.68,STATIC,120.78,STATIC,67.14,STATIC,28.17,STATIC,117.83,STATIC,141.30,STATIC,152.59,STATIC,158.26,STATIC
169.53333333333333,5081,159.13,STATIC,120.24,STATIC,66.58,STATIC,27.22,STATIC,117.25,STATIC,140.17,STATIC,153.21,STATIC,158.80,STATIC
169.5666666666667,5082,158.62,STATIC,119.69,STATIC,66.08,STATIC,26.94,STATIC,116.12,STATIC,138.37,STATIC,152.27,STATIC,160.25,STATIC
169.60000000000002,5083,158.86,STATIC,119.28,STATIC,65.22,STATIC,27.25,STATIC,114.72,STATIC,137.67,STATIC,150.17,STATIC,161.27,STATIC
169.63333333333335,5084,159.07,STATIC,118.57,STATIC,65.10,STATIC,26.79,STATIC,113.58,STATIC,136.12,STATIC,148.29,STATIC,164.34,STATIC
169.66666666666669,5085,159.46,STATIC,118.40,STATIC,65.21,STATIC,26.81,STATIC,113.17,STATIC,136.20,STATIC,147.97,STATIC,163.50,STATIC
169.70000000000002,5086,159.34,STATIC,117.85,STATIC,65.49,STATIC,25.82,STATIC,112.78,STATIC,135.98,STATIC,147.02,STATIC,162.73,STATIC
169.73333333333335,5087,159.68,STATIC,117.93,STATIC,65.33,STATIC,26.28,STATIC,112.27,STATIC,135.50,STATIC,147.21,STATIC,163.07,STATIC
169.76666666666668,5088,159.96,STATIC,117.78,STATIC,65.47,STATIC,26.26,STATIC,111.56,STATIC,134.38,STATIC,145.94,STATIC,164.07,STATIC
169.8,5089,159.82,STATIC,118.29,STATIC,65.11,STATIC,27.34,STATIC,111.32,STATIC,133.66,STATIC,145.86,STATIC,166.42,STATIC
169.83333333333334,5090,159.91,STATIC,117.97,STATIC,65.56,STATIC,26.59,STATIC,111.25,STATIC,133.62,STATIC,146.33,STATIC,165.59,STATIC
169.86666666666667,5091,159.88,STATIC,117.45,STATIC,65.74,STATIC,25.55,STATIC,111.94,STATIC,134.76,STATIC,147.82,STATIC,163.84,STATIC
169.9,5092,159.39,STATIC,117.26,STATIC,65.50,STATIC,25.25,STATIC,112.21,STATIC,135.17,STATIC,147.74,STATIC,162.82,STATIC
169.93333333333334,5093,158.85,STATIC,117.49,STATIC,65.05,STATIC,26.18,STATIC,112.39,STATIC,135.66,STATIC,147.85,STATIC,161.10,STATIC
169.96666666666667,5094,158.44,STATIC,118.53,STATIC,64.51,STATIC,27.33,STATIC,112.81,STATIC,136.37,STATIC,148.29,STATIC,159.60,STATIC
170.0,5095,158.45,STATIC,118.85,STATIC,63.49,STATIC,28.08,STATIC,112.74,STATIC,136.93,STATIC,148.67,STATIC,159.91,STATIC
170.03333333333333,5096,158.69,STATIC,119.07,STATIC,63.18,STATIC,29.14,STATIC,112.55,STATIC,137.45,STATIC,149.01,STATIC,160.31,STATIC
170.0666666666667,5097,158.91,STATIC,118.48,STATIC,64.01,STATIC,29.05,STATIC,112.32,STATIC,138.07,STATIC,148.25,STATIC,160.33,STATIC
170.10000000000002,5098,158.92,STATIC,118.03,STATIC,64.55,STATIC,29.51,STATIC,112.31,STATIC,137.18,STATIC,148.47,STATIC,163.91,STATIC
170.13333333333335,5099,159.12,STATIC,117.53,STATIC,64.64,STATIC,29.16,STATIC,112.13,STATIC,136.74,STATIC,147.86,STATIC,164.01,STATIC
170.16666666666669,5100,159.25,STATIC,116.98,STATIC,64.54,STATIC,28.96,STATIC,111.70,STATIC,136.68,STATIC,146.86,STATIC,163.37,STATIC
170.20000000000002,5101,159.84,STATIC,116.04,STATIC,64.75,STATIC,28.59,STATIC,111.54,STATIC,136.92,STATIC,146.90,STATIC,163.32,STATIC
170.23333333333335,5102,159.89,STATIC,115.23,STATIC,65.07,STATIC,27.83,STATIC,111.54,STATIC,137.32,STATIC,146.33,STATIC,162.49,STATIC
170.26666666666668,5103,160.17,STATIC,114.60,STATIC,65.29,STATIC,27.18,STATIC,111.47,STATIC,137.50,STATIC,146.18,STATIC,163.62,STATIC
170.3,5104,160.58,STATIC,114.07,STATIC,65.86,STATIC,26.57,STATIC,111.42,STATIC,137.39,STATIC,146.26,STATIC,164.59,STATIC
170.33333333333334,5105,160.98,STATIC,113.89,STATIC,66.79,STATIC,26.10,STATIC,111.62,STATIC,137.97,STATIC,146.52,STATIC,163.77,STATIC
170.36666666666667,5106,161.52,STATIC,113.77,STATIC,67.62,STATIC,25.83,STATIC,111.85,STATIC,138.28,STATIC,147.26,STATIC,162.71,STATIC
170.4,5107,161.89,STATIC,113.77,STATIC,67.61,STATIC,25.66,STATIC,112.13,STATIC,138.48,STATIC,148.44,STATIC,161.40,STATIC
170.43333333333334,5108,161.80,STATIC,113.66,STATIC,67.58,STATIC,25.76,STATIC,112.37,STATIC,138.64,STATIC,149.23,STATIC,160.79,STATIC
170.46666666666667,5109,161.30,STATIC,113.75,STATIC,67.23,STATIC,25.78,STATIC,112.59,STATIC,138.60,STATIC,149.95,STATIC,160.49,STATIC
170.5,5110,161.04,STATIC,114.03,STATIC,67.01,STATIC,25.94,STATIC,112.63,STATIC,138.21,STATIC,150.86,STATIC,160.73,STATIC
170.53333333333333,5111,160.88,STATIC,114.22,STATIC,66.82,STATIC,26.04,STATIC,112.80,STATIC,138.45,STATIC,150.95,STATIC,160.47,STATIC
170.5666666666667,5112,160.66,STATIC,114.25,STATIC,66.55,STATIC,26.19,STATIC,112.98,STATIC,138.87,STATIC,150.71,STATIC,160.22,STATIC
170.60000000000002,5113,160.43,STATIC,114.20,STATIC,66.24,STATIC,26.17,STATIC,112.97,STATIC,138.91,STATIC,150.73,STATIC,160.53,STATIC
170.63333333333335,5114,160.40,STATIC,114.09,STATIC,65.94,STATIC,26.14,STATIC,113.03,STATIC,139.05,STATIC,151.27,STATIC,160.85,STATIC
170.66666666666669,5115,160.26,STATIC,113.99,STATIC,65.84,STATIC,26.01,STATIC,113.35,STATIC,139.65,STATIC,152.10,STATIC,160.84,STATIC
170.70000000000002,5116,160.40,STATIC,113.93,STATIC,65.95,STATIC,25.91,STATIC,113.53,STATIC,139.95,STATIC,152.58,STATIC,160.90,STATIC
170.73333333333335,5117,160.51,STATIC,113.96,STATIC,66.28,STATIC,25.59,STATIC,113.72,STATIC,140.60,STATIC,152.43,STATIC,160.57,STATIC
170.76666666666668,5118,160.65,STATIC,113.57,STATIC,66.37,STATIC,25.22,STATIC,113.95,STATIC,141.55,STATIC,152.45,STATIC,159.91,STATIC
170.8,5119,160.95,STATIC,113.51,STATIC,66.82,STATIC,25.04,STATIC,114.26,STATIC,142.30,STATIC,152.44,STATIC,159.42,STATIC
170.83333333333334,5120,161.30,STATIC,113.49,STATIC,67.23,STATIC,25.00,STATIC,114.16,STATIC,142.82,STATIC,152.09,STATIC,159.18,STATIC
170.86666666666667,5121,161.90,STATIC,113.16,STATIC,68.17,STATIC,24.47,STATIC,114.44,STATIC,143.63,STATIC,151.95,STATIC,158.93,STATIC
170.9,5122,161.98,STATIC,113.13,STATIC,68.40,STATIC,24.51,STATIC,114.71,STATIC,144.11,STATIC,152.27,STATIC,158.99,STATIC
170.93333333333334,5123,161.83,STATIC,112.89,STATIC,68.55,STATIC,24.53,STATIC,114.66,STATIC,144.50,STATIC,152.05,STATIC,158.81,STATIC
170.96666666666667,5124,161.75,STATIC,112.81,STATIC,68.81,STATIC,24.49,STATIC,114.69,STATIC,144.77,STATIC,151.84,STATIC,159.08,STATIC
171.0,5125,161.82,STATIC,112.82,STATIC,69.12,STATIC,24.34,STATIC,114.83,STATIC,145.17,STATIC,152.27,STATIC,158.73,STATIC
171.03333333333333,5126,161.76,STATIC,113.06,STATIC,69.04,STATIC,24.77,STATIC,114.89,STATIC,145.62,STATIC,152.28,STATIC,157.96,STATIC
171.0666666666667,5127,161.45,STATIC,113.40,STATIC,68.71,STATIC,25.32,STATIC,114.74,STATIC,145.77,STATIC,151.98,STATIC,157.75,STATIC
171.10000000000002,5128,160.97,STATIC,112.91,STATIC,68.09,STATIC,26.13,STATIC,113.91,STATIC,145.53,STATIC,151.64,STATIC,157.99,STATIC
171.13333333333335,5129,160.49,STATIC,112.97,STATIC,67.77,STATIC,26.14,STATIC,113.95,STATIC,145.19,STATIC,151.80,STATIC,157.42,STATIC
171.16666666666669,5130,160.32,STATIC,112.23,STATIC,67.54,STATIC,25.68,STATIC,114.17,STATIC,145.99,STATIC,151.39,STATIC,156.78,STATIC
171.20000000000002,5131,159.87,STATIC,111.61,STATIC,67.30,STATIC,25.32,STATIC,114.68,STATIC,147.03,STATIC,151.34,STATIC,156.11,STATIC
171.23333333333335,5132,159.44,STATIC,111.19,STATIC,67.03,STATIC,24.96,STATIC,115.26,STATIC,147.93,STATIC,151.06,STATIC,155.10,STATIC
171.26666666666668,5133,159.18,STATIC,110.32,STATIC,67.18,STATIC,23.78,STATIC,115.72,STATIC,148.69,STATIC,150.49,STATIC,154.92,STATIC
171.3,5134,159.20,STATIC,110.03,STATIC,67.61,STATIC,23.19,STATIC,116.08,STATIC,149.15,STATIC,151.32,STATIC,154.98,STATIC
171.33333333333334,5135,158.57,STATIC,109.97,STATIC,67.95,STATIC,22.75,STATIC,116.53,STATIC,149.75,STATIC,151.81,STATIC,154.34,STATIC
171.36666666666667,5136,158.16,STATIC,109.35,STATIC,67.79,STATIC,22.75,STATIC,117.20,STATIC,150.57,STATIC,152.40,STATIC,153.52,STATIC
171.4,5137,157.74,STATIC,110.20,STATIC,67.32,STATIC,23.97,STATIC,117.80,STATIC,150.49,STATIC,152.46,STATIC,150.64,STATIC
171.43333333333334,5138,157.10,STATIC,110.24,STATIC,66.60,STATIC,23.99,STATIC,118.22,STATIC,149.99,STATIC,152.01,STATIC,149.37,STATIC
171.46666666666667,5139,156.45,STATIC,110.57,STATIC,65.64,STATIC,25.66,STATIC,118.10,STATIC,150.60,STATIC,148.33,STATIC,143.82,FLEXION
171.5,5140,156.06,STATIC,110.65,STATIC,64.63,STATIC,25.23,STATIC,117.75,STATIC,151.00,STATIC,146.56,STATIC,142.43,STATIC
171.53333333333333,5141,154.59,STATIC,110.63,STATIC,64.11,STATIC,25.96,STATIC,116.75,STATIC,151.42,STATIC,146.27,STATIC,140.85,STATIC
171.5666666666667,5142,153.70,STATIC,110.49,STATIC,63.03,STATIC,26.46,STATIC,115.96,STATIC,151.69,STATIC,143.51,STATIC,138.81,STATIC
171.60000000000002,5143,153.49,STATIC,110.66,STATIC,62.57,STATIC,26.92,STATIC,114.95,STATIC,151.77,STATIC,141.22,STATIC,139.03,STATIC
171.63333333333335,5144,152.18,STATIC,111.01,STATIC,62.79,STATIC,23.43,STATIC,115.36,STATIC,151.17,STATIC,140.53,STATIC,136.80,STATIC
171.66666666666669,5145,151.85,STATIC,110.58,STATIC,62.24,STATIC,23.41,STATIC,114.66,STATIC,151.22,STATIC,137.78,STATIC,137.21,STATIC
171.70000000000002,5146,151.05,STATIC,111.82,STATIC,62.04,STATIC,24.13,STATIC,113.00,STATIC,150.23,STATIC,131.47,FLEXION,141.11,STATIC
171.73333333333335,5147,150.30,STATIC,111.58,STATIC,61.12,STATIC,23.15,STATIC,112.19,STATIC,149.37,STATIC,127.32,STATIC,146.23,EXTENSION
171.76666666666668,5148,150.40,STATIC,112.09,STATIC,60.03,STATIC,22.76,STATIC,110.92,STATIC,145.91,STATIC,128.46,STATIC,155.32,EXTENSION
171.8,5149,150.44,STATIC,112.19,STATIC,59.61,STATIC,22.21,STATIC,110.31,STATIC,143.63,STATIC,130.36,STATIC,160.71,EXTENSION
171.83333333333334,5150,151.25,STATIC,112.06,STATIC,60.63,STATIC,20.57,STATIC,110.36,STATIC,141.17,STATIC,133.97,STATIC,162.67,STATIC
171.86666666666667,5151,151.76,STATIC,110.13,STATIC,61.36,STATIC,19.53,STATIC,109.98,STATIC,140.01,STATIC,136.28,STATIC,162.32,STATIC
171.9,5152,151.83,STATIC,108.28,STATIC,60.75,STATIC,18.24,STATIC,110.64,STATIC,140.19,STATIC,138.92,STATIC,160.78,STATIC
171.93333333333334,5153,151.57,STATIC,107.31,STATIC,59.71,STATIC,17.89,STATIC,111.71,STATIC,141.14,STATIC,141.63,STATIC,157.40,STATIC
171.96666666666667,5154,151.72,STATIC,109.69,STATIC,58.70,STATIC,20.53,STATIC,112.54,STATIC,141.70,STATIC,144.47,STATIC,155.21,STATIC
172.0,5155,151.92,STATIC,111.14,STATIC,57.46,STATIC,22.22,STATIC,113.82,STATIC,142.99,STATIC,147.01,STATIC,151.19,STATIC
172.03333333333333,5156,150.16,STATIC,111.23,STATIC,56.65,STATIC,20.89,STATIC,115.39,STATIC,143.57,STATIC,149.01,STATIC,147.59,STATIC
172.0666666666667,5157,147.45,STATIC,110.78,STATIC,55.70,STATIC,18.77,STATIC,116.83,STATIC,141.81,STATIC,151.43,STATIC,145.87,STATIC
172.10000000000002,5158,145.34,STATIC,110.25,STATIC,54.19,STATIC,18.15,STATIC,118.04,STATIC,139.04,STATIC,156.24,STATIC,145.95,STATIC
172.13333333333335,5159,143.93,STATIC,110.02,STATIC,52.57,STATIC,18.81,STATIC,119.29,STATIC,136.46,STATIC,158.67,STATIC,143.35,STATIC
172.16666666666669,5160,141.82,STATIC,108.81,STATIC,50.35,STATIC,19.81,STATIC,122.07,STATIC,136.38,STATIC,155.10,STATIC,135.02,FLEXION
172.20000000000002,5161,140.19,STATIC,110.56,STATIC,49.24,STATIC,21.68,STATIC,123.31,STATIC,134.99,STATIC,154.84,STATIC,137.18,STATIC
172.23333333333335,5162,137.90,STATIC,108.93,STATIC,48.72,STATIC,22.60,STATIC,122.75,STATIC,133.38,STATIC,153.87,STATIC,141.42,STATIC
172.26666666666668,5163,135.12,STATIC,109.59,STATIC,47.90,STATIC,25.01,STATIC,123.25,STATIC,133.59,STATIC,151.82,STATIC,140.11,STATIC
172.3,5164,132.79,STATIC,109.30,STATIC,48.17,STATIC,27.17,STATIC,124.48,STATIC,132.81,STATIC,152.80,STATIC,139.13,STATIC
172.33333333333334,5165,130.21,STATIC,108.60,STATIC,49.87,STATIC,27.13,STATIC,125.46,STATIC,133.38,STATIC,152.32,STATIC,135.50,STATIC
172.36666666666667,5166,126.20,STATIC,109.02,STATIC,46.53,STATIC,27.04,STATIC,127.76,STATIC,134.49,STATIC,149.46,STATIC,128.81,FLEXION
172.4,5167,123.55,STATIC,109.01,STATIC,44.76,STATIC,28.19,STATIC,130.08,STATIC,135.71,STATIC,139.56,FLEXION,125.34,STATIC
172.43333333333334,5168,122.07,STATIC,107.05,STATIC,42.70,STATIC,27.62,STATIC,133.45,STATIC,136.67,STATIC,135.44,STATIC,123.23,STATIC
172.46666666666667,5169,122.32,STATIC,105.21,STATIC,45.32,STATIC,31.46,STATIC,135.47,STATIC,143.02,EXTENSION,133.13,STATIC,127.63,STATIC
172.5,5170,122.50,STATIC,103.31,STATIC,49.06,STATIC,34.38,STATIC,138.74,STATIC,146.44,STATIC,133.45,STATIC,129.07,STATIC
172.53333333333333,5171,120.30,STATIC,100.68,STATIC,48.14,STATIC,32.49,STATIC,139.98,STATIC,151.48,EXTENSION,138.42,STATIC,133.87,STATIC
172.5666666666667,5172,115.99,STATIC,95.64,FLEXION,43.06,FLEXION,30.28,STATIC,143.13,STATIC,151.20,STATIC,141.81,STATIC,136.07,STATIC
172.60000000000002,5173,111.97,STATIC,92.22,STATIC,46.41,STATIC,27.49,STATIC,143.08,STATIC,147.92,STATIC,145.71,STATIC,137.71,STATIC
172.63333333333335,5174,108.20,STATIC,90.67,STATIC,44.14,STATIC,27.40,STATIC,139.98,STATIC,144.46,STATIC,149.05,STATIC,139.57,STATIC
172.66666666666669,5175,106.10,STATIC,88.45,STATIC,43.50,STATIC,27.59,STATIC,135.25,STATIC,139.38,FLEXION,154.64,EXTENSION,143.91,STATIC
172.70000000000002,5176,104.05,STATIC,91.98,STATIC,50.35,EXTENSION,40.98,EXTENSION,130.47,STATIC,136.34,STATIC,159.86,EXTENSION,150.36,EXTENSION
172.73333333333335,5177,100.57,STATIC,88.84,STATIC,46.25,STATIC,36.31,STATIC,127.70,STATIC,132.02,STATIC,166.48,EXTENSION,155.36,EXTENSION
172.76666666666668,5178,96.32,STATIC,87.25,STATIC,45.19,STATIC,37.02,STATIC,125.68,STATIC,130.28,STATIC,168.94,STATIC,155.87,STATIC
172.8,5179,91.47,STATIC,82.19,FLEXION,40.81,STATIC,33.19,STATIC,127.57,STATIC,127.62,STATIC,167.45,STATIC,162.72,EXTENSION
172.83333333333334,5180,90.34,STATIC,79.80,STATIC,36.60,STATIC,31.03,STATIC,125.31,STATIC,126.75,STATIC,169.85,STATIC,160.80,STATIC
172.86666666666667,5181,90.04,STATIC,76.21,STATIC,33.36,STATIC,26.84,STATIC,123.33,STATIC,123.78,STATIC,172.63,STATIC,164.63,STATIC
172.9,5182,95.79,EXTENSION,76.14,STATIC,33.01,STATIC,27.25,STATIC,121.89,STATIC,122.40,STATIC,171.35,STATIC,163.59,STATIC
172.93333333333334,5183,104.41,EXTENSION,88.15,EXTENSION,33.12,STATIC,32.12,STATIC,120.65,STATIC,123.42,STATIC,169.38,STATIC,163.34,STATIC
172.96666666666667,5184,108.44,STATIC,94.40,EXTENSION,27.48,FLEXION,33.86,STATIC,119.33,STATIC,122.74,STATIC,165.75,STATIC,158.34,STATIC
173.0,5185,109.90,STATIC,95.75,STATIC,25.40,STATIC,30.11,STATIC,118.60,STATIC,123.92,STATIC,163.52,STATIC,156.91,STATIC
173.03333333333333,5186,110.71,STATIC,93.71,STATIC,26.93,STATIC,29.43,STATIC,117.38,STATIC,123.93,STATIC,160.63,STATIC,153.98,STATIC
173.0666666666667,5187,113.86,STATIC,94.71,STATIC,26.19,STATIC,31.23,STATIC,117.32,STATIC,124.64,STATIC,159.19,STATIC,153.76,STATIC
173.10000000000002,5188,116.76,STATIC,99.28,STATIC,26.95,STATIC,28.04,STATIC,116.41,STATIC,125.08,STATIC,156.36,STATIC,153.16,STATIC
173.13333333333335,5189,117.64,STATIC,106.13,EXTENSION,33.05,EXTENSION,28.09,STATIC,116.29,STATIC,125.47,STATIC,153.24,STATIC,151.37,STATIC
173.16666666666669,5190,119.90,STATIC,112.48,EXTENSION,37.83,STATIC,29.03,STATIC,115.42,STATIC,123.90,STATIC,152.38,STATIC,150.95,STATIC
173.20000000000002,5191,120.55,STATIC,108.74,STATIC,35.07,STATIC,14.45,FLEXION,112.93,STATIC,124.13,STATIC,148.41,STATIC,147.57,STATIC
173.23333333333335,5192,121.29,STATIC,104.97,STATIC,49.77,EXTENSION,13.12,STATIC,114.99,STATIC,126.26,STATIC,144.65,STATIC,156.27,EXTENSION
173.26666666666668,5193,122.38,STATIC,101.54,STATIC,52.98,STATIC,13.90,STATIC,118.65,STATIC,129.15,STATIC,155.13,EXTENSION,159.84,STATIC
173.3,5194,121.41,STATIC,109.43,EXTENSION,58.06,EXTENSION,21.79,EXTENSION,122.13,STATIC,131.43,STATIC,155.03,STATIC,157.60,STATIC
173.33333333333334,5195,123.10,STATIC,97.05,FLEXION,52.95,FLEXION,16.94,STATIC,125.99,STATIC,142.60,EXTENSION,149.66,FLEXION,154.72,STATIC
173.36666666666667,5196,127.21,STATIC,93.94,STATIC,51.04,STATIC,12.83,STATIC,134.42,EXTENSION,153.89,EXTENSION,151.38,STATIC,155.04,STATIC
173.4,5197,133.79,EXTENSION,93.95,STATIC,49.08,STATIC,13.18,STATIC,144.37,EXTENSION,159.51,EXTENSION,152.95,STATIC,154.00,STATIC
173.43333333333334,5198,141.22,EXTENSION,75.25,FLEXION,53.70,STATIC,10.69,STATIC,148.01,STATIC,168.36,EXTENSION,145.99,FLEXION,152.69,STATIC
173.46666666666667,5199,148.33,EXTENSION,126.98,EXTENSION,54.91,STATIC,13.46,STATIC,157.80,EXTENSION,175.28,EXTENSION,151.03,EXTENSION,151.38,STATIC
173.5,5200,143.05,FLEXION,126.06,STATIC,53.33,STATIC,14.23,STATIC,162.68,STATIC,173.74,STATIC,151.09,STATIC,153.39,STATIC
173.53333333333333,5201,139.52,STATIC,126.44,STATIC,49.51,STATIC,13.21,STATIC,169.44,EXTENSION,168.55,FLEXION,153.14,STATIC,151.34,STATIC
173.5666666666667,5202,132.92,FLEXION,119.71,FLEXION,49.57,STATIC,14.88,STATIC,165.16,STATIC,164.24,STATIC,155.69,STATIC,150.92,STATIC
173.60000000000002,5203,141.91,EXTENSION,114.86,STATIC,51.15,STATIC,15.90,STATIC,161.39,STATIC,159.56,STATIC,152.36,STATIC,150.69,STATIC
173.63333333333335,5204,146.50,STATIC,120.65,EXTENSION,57.03,EXTENSION,15.04,STATIC,161.40,STATIC,153.81,FLEXION,153.13,STATIC,152.61,STATIC
173.66666666666669,5205,148.63,STATIC,127.86,EXTENSION,54.14,STATIC,12.63,STATIC,155.35,FLEXION,152.80,STATIC,152.80,STATIC,151.09,STATIC
173.70000000000002,5206,147.09,STATIC,131.40,STATIC,56.03,STATIC,12.17,STATIC,153.92,STATIC,148.60,STATIC,155.32,STATIC,154.46,STATIC
173.73333333333335,5207,147.22,STATIC,132.76,STATIC,54.33,STATIC,10.72,STATIC,151.86,STATIC,146.01,STATIC,156.49,STATIC,154.38,STATIC
173.76666666666668,5208,136.75,FLEXION,124.11,FLEXION,51.12,STATIC,10.48,STATIC,149.81,STATIC,142.66,STATIC,153.75,STATIC,156.06,STATIC
173.8,5209,133.13,STATIC,121.76,STATIC,47.42,STATIC,14.90,STATIC,144.37,FLEXION,143.98,STATIC,151.21,STATIC,147.40,FLEXION
173.83333333333334,5210,139.24,EXTENSION,142.00,EXTENSION,29.24,FLEXION,20.28,EXTENSION,156.19,EXTENSION,153.50,EXTENSION,164.17,EXTENSION,154.92,EXTENSION
173.86666666666667,5211,148.23,EXTENSION,142.55,STATIC,17.67,FLEXION,18.93,STATIC,127.38,FLEXION,120.34,FLEXION,152.77,FLEXION,150.21,STATIC
