timestamp,frame_number,right_elbow_angle,right_elbow_state,left_elbow_angle,left_elbow_state,right_shoulder_angle,right_shoulder_state,left_shoulder_angle,left_shoulder_state,right_hip_angle,right_hip_state,left_hip_angle,left_hip_state,right_knee_angle,right_knee_state,left_knee_angle,left_knee_state,body_tilt_angle,neck_trunk_angle_angle,neck_trunk_angle_state,body_tilt_state,lateral_tilt_angle,lateral_tilt_state,is_forward_leaning,forward_lean_score,forward_lean_ratio,avg_forward_lean_score,hip_center_x,hip_center_y,stay_duration,hip_confidence,is_long_stay,long_stay_alert,torso_length,shoulder_width,person_scale,normalization_base,normalization_applied
1.0416666666666667,25,173.44628745513262,STATIC,108.81323646866468,STATIC,89.53064832321242,STATIC,95.72859742453394,STATIC,111.3778212846369,STATIC,89.31109263134164,STATIC,166.9135537653358,STATIC,90.2707915104525,STATIC,10.500377072009202,150.9897262502671,STRAIGHT,FORWARD_TILT,5.528734055938617,UPRIGHT,False,0.30999916206220174,0.0,0.30999916206220174,246.45774841308594,153.13627123832703,0.0,0.9948890209197998,False,,111.8070157417673,0.0,111.8070157417673,torso,False
1.4583333333333335,35,172.3776195460308,STATIC,127.89996724360711,EXTENSION,82.8434782271846,FLEXION,92.94119239934456,STATIC,111.50308939148628,STATIC,94.44991007210469,EXTENSION,173.45712359150772,EXTENSION,100.47592591602991,EXTENSION,28.926553979513063,114.27527513093561,HUNCH,FORWARD_TILT,15.018488812547362,RIGHT_TILT,True,0.5151070464212252,0.5,0.41255310424171343,133.19140434265137,106.00990176200867,0.0,0.9944371581077576,False,,135.24840350629663,0.0,135.24840350629663,torso,False
1.5,36,170.74539584664407,STATIC,136.1869101500775,EXTENSION,84.29443591396614,STATIC,91.76054480377313,STATIC,108.26385742474741,STATIC,94.34822354977368,STATIC,176.87843000079957,STATIC,105.01738543925119,STATIC,29.30979654673011,134.65223411426302,HUNCH,FORWARD_TILT,51.72893318584716,LEFT_TILT,False,0.30230659853112635,0.3333333333333333,0.3758042690048511,134.0095853805542,122.38140285015106,0.04166666666666652,0.9931451082229614,False,,126.69257353020645,0.0,126.69257353020645,torso,False
1.5416666666666667,37,161.22409606340184,FLEXION,140.52717489639193,STATIC,86.16505909956761,STATIC,90.02453300930856,STATIC,103.94491464011149,STATIC,93.73996048663129,STATIC,172.423505255952,STATIC,104.47441395905345,STATIC,33.80173165209233,122.75276781906244,HUNCH,FORWARD_TILT,71.38010913050358,LEFT_TILT,False,0.3187677789529894,0.25,0.3615451464918857,133.32611083984375,132.13207483291626,0.08333333333333326,0.9908990561962128,False,,123.54889984233024,0.0,123.54889984233024,torso,False
2.666666666666667,64,174.2570500347774,EXTENSION,147.31077619460905,EXTENSION,80.73349679323853,FLEXION,84.95216939550086,FLEXION,108.04550205688318,STATIC,98.45358853900821,STATIC,160.74858562669684,FLEXION,109.79872589265649,EXTENSION,170.72063269813847,130.33614378633476,HUNCH,UPRIGHT,176.34093308592085,LEFT_TILT,False,0.37703079158592273,0.2,0.3646422755106931,314.3574523925781,668.2105565071106,0.0,0.9874453246593475,False,,154.34287593754297,0.0,154.34287593754297,torso,False
2.7083333333333335,65,168.01905217530938,FLEXION,164.54310075598264,EXTENSION,91.46700833855915,EXTENSION,89.7751196787114,STATIC,103.68324542828097,STATIC,95.64348514344861,STATIC,145.91164403628562,FLEXION,110.66915795597836,STATIC,157.08727089213855,135.65050468890252,HUNCH,UPRIGHT,1.8383186683112567,UPRIGHT,False,0.0318877673579944,0.16666666666666666,0.30918319081857665,344.1239547729492,654.323194026947,0.0,0.9868662655353546,False,,152.72071085624003,0.0,152.72071085624003,torso,False
2.875,69,171.74700707081882,STATIC,161.95603700644108,STATIC,85.03555801888226,FLEXION,86.61048269706224,STATIC,96.14046254738199,FLEXION,93.4169230759438,STATIC,155.29019239281016,EXTENSION,119.13727053579188,EXTENSION,168.97002994730917,123.90412156457121,HUNCH,UPRIGHT,151.46851995855178,LEFT_TILT,False,0.22465750763428619,0.14285714285714285,0.2971080932208209,293.81707191467285,603.3846759796143,0.0,0.9871264398097992,False,,154.4661020548481,0.0,154.4661020548481,torso,False
2.916666666666667,70,168.46285337386556,STATIC,150.3341620201138,FLEXION,81.6207451533576,STATIC,84.4949511137063,STATIC,91.97372831324786,STATIC,91.52556428044828,STATIC,159.20899910304482,STATIC,125.27255405886295,EXTENSION,161.55339139111868,140.67085379106354,HUNCH,UPRIGHT,151.1609369511852,LEFT_TILT,False,0.02073143601985879,0.125,0.2625610110707006,281.1430072784424,600.2222871780396,0.04166666666666696,0.9880771338939667,False,,140.542384685133,0.0,140.542384685133,torso,False
2.9583333333333335,71,162.15935111304154,FLEXION,150.4290831760057,STATIC,79.48211343964981,STATIC,82.88069666147655,STATIC,100.73605399806961,EXTENSION,93.51284645848105,STATIC,154.23372946941777,STATIC,126.89552069326005,STATIC,163.99362622937963,132.45721483605234,HUNCH,UPRIGHT,156.974596864429,LEFT_TILT,False,0.03898396703099479,0.1111111111111111,0.23771911728851108,317.26210594177246,591.7470216751099,0.0,0.9886179566383362,False,,141.96046898179614,0.0,141.96046898179614,torso,False
3.0,72,168.0539058240533,EXTENSION,147.39433180204043,STATIC,79.44427640157045,STATIC,82.00663751900201,STATIC,105.33196755512138,STATIC,96.45597801806309,STATIC,151.3534222948321,STATIC,126.32092874881347,STATIC,165.7543233964028,133.2496102978702,HUNCH,UPRIGHT,161.96942558324974,LEFT_TILT,False,0.037223088226955116,0.1,0.2176695143823555,343.6796188354492,586.2434935569763,0.0,0.9888995885848999,False,,135.68208395650024,0.0,135.68208395650024,torso,False
4.166666666666667,100,176.57847231190044,EXTENSION,153.77094539793964,EXTENSION,94.48220280851011,EXTENSION,92.79462379595877,EXTENSION,84.15512687002013,FLEXION,84.46058522761297,FLEXION,164.74465372171258,EXTENSION,162.80158582506024,EXTENSION,143.07423570072865,97.68970434584938,HUNCH,FORWARD_TILT,164.06552724881442,RIGHT_TILT,False,0.13163568878538215,0.09090909090909091,0.20984825750990338,214.0727424621582,464.2428946495056,0.0,0.9899951219558716,False,,48.477188187300534,0.0,48.477188187300534,torso,False
4.875,117,167.22318525595313,FLEXION,136.33816847724344,FLEXION,87.37669218183277,FLEXION,83.3380556179558,FLEXION,99.27242355570517,EXTENSION,96.94838730010525,EXTENSION,138.6928635066598,FLEXION,136.64245455192108,FLEXION,143.73889758457236,68.27238400745864,HUNCH,FORWARD_TILT,178.57424635971262,LEFT_TILT,True,0.5288638186843756,0.16666666666666666,0.23643288760777606,780.1696014404297,181.39674425125122,0.0,0.9909754693508148,False,,95.7422352081659,0.0,95.7422352081659,torso,False
4.916666666666667,118,160.86451794680994,FLEXION,136.22616341591794,STATIC,85.46732036051678,STATIC,85.43389249218593,STATIC,90.56120497848309,FLEXION,93.40724111461205,STATIC,133.67561827098973,FLEXION,131.83258082114452,STATIC,161.4383990783103,87.40709705070847,HUNCH,UPRIGHT,176.28902824014105,RIGHT_TILT,False,0.1390953398873145,0.15384615384615385,0.22894538393697134,782.1457672119141,174.21381533145905,0.04166666666666696,0.9917479753494263,False,,89.18099099768533,0.0,89.18099099768533,torso,False
4.958333333333334,119,161.81646197573502,STATIC,138.78061115317857,STATIC,86.5396009757321,STATIC,87.09541236546798,STATIC,83.91092379205064,FLEXION,87.28782340948467,FLEXION,120.99099107138666,FLEXION,117.12122852488052,FLEXION,179.1103210060244,103.76647143052844,HUNCH,UPRIGHT,177.4395200913644,RIGHT_TILT,False,0.1027411745988257,0.14285714285714285,0.2199307975556752,783.5275268554688,167.02171325683594,0.08333333333333393,0.9924104511737823,False,,82.83474808118491,0.0,82.83474808118491,torso,False
5.0,120,164.11922194589982,STATIC,140.21485908016913,STATIC,85.77545161692667,STATIC,86.59551305231267,STATIC,85.30043951540758,STATIC,90.69221988053224,STATIC,113.10295901525808,FLEXION,110.69317295188468,FLEXION,174.67189930882455,101.47572158578467,HUNCH,UPRIGHT,177.74470468955553,RIGHT_TILT,False,0.1078317298093674,0.13333333333333333,0.21245752637258802,784.6992874145508,168.25312614440918,0.125,0.9930697381496429,False,,83.82099528248132,0.0,83.82099528248132,torso,False
5.041666666666667,121,163.8993468528406,STATIC,140.64802545887824,STATIC,85.03834003081312,STATIC,85.91506075546967,STATIC,88.90796190680784,STATIC,93.6565365766904,STATIC,113.9605233763118,STATIC,114.31318823792468,STATIC,169.812903379301,94.68510273775749,HUNCH,UPRIGHT,1.5863690605711414,UPRIGHT,False,0.12292199391609449,0.125,0.2068615555940572,785.2584075927734,168.80128920078278,0.16666666666666696,0.9937008321285248,False,,84.30310447034978,0.0,84.30310447034978,torso,False
5.083333333333334,122,165.0769013551867,STATIC,145.49598447853938,STATIC,84.90326409069573,STATIC,85.89747104520934,STATIC,87.3562469070585,STATIC,89.6678608259646,STATIC,110.12636147133558,STATIC,110.96524288239571,STATIC,175.40505097045633,100.08003444223807,HUNCH,UPRIGHT,177.78428287345068,RIGHT_TILT,False,0.11093325679502648,0.11764705882352941,0.20121871448823184,786.7793273925781,167.70482897758484,0.20833333333333393,0.994267612695694,False,,83.17053988762004,0.0,83.17053988762004,torso,False
5.125,123,168.06683036331,STATIC,147.04259887131303,STATIC,84.33332416761196,STATIC,85.46875895415648,STATIC,87.06007059086906,STATIC,91.79156808626966,STATIC,104.72210941408622,FLEXION,106.67908835368995,STATIC,173.4674349295387,99.22167349454621,HUNCH,UPRIGHT,177.41754318241198,RIGHT_TILT,False,0.1128407255676751,0.1111111111111111,0.1963088262148676,786.42822265625,167.98849403858185,0.25,0.994733989238739,False,,83.39715556614182,0.0,83.39715556614182,torso,False
5.166666666666667,124,168.56370432800892,STATIC,148.0543007792786,STATIC,83.92922013141057,STATIC,84.86329754971418,STATIC,88.98283347136007,STATIC,92.74125605492476,STATIC,102.90619576648338,STATIC,105.05148875141175,STATIC,171.1041350271499,96.45433588391715,HUNCH,UPRIGHT,1.7932266365728402,UPRIGHT,False,0.11899036470240631,0.10526315789473684,0.19223943350368541,786.1862945556641,168.48528742790222,0.29166666666666696,0.9951947331428528,False,,83.62593998959674,0.0,83.62593998959674,torso,False
5.208333333333334,125,165.06221031677725,STATIC,150.01197490938446,STATIC,83.95751936677864,STATIC,84.23559124836804,STATIC,92.37847296579261,STATIC,95.11998103166516,STATIC,101.16614964016456,STATIC,103.27631034686465,STATIC,167.43522145684048,91.99035783743231,HUNCH,UPRIGHT,1.1247991185559012,UPRIGHT,False,0.1289103159168171,0.1,0.189072977624342,785.9992599487305,168.74833166599274,0.3333333333333339,0.9955506324768066,False,,83.57792996561807,0.0,83.57792996561807,torso,False
5.25,126,170.49844107352308,EXTENSION,150.45914616404949,STATIC,85.57592312135775,STATIC,84.10363194222928,STATIC,92.97543163144998,STATIC,94.87338571872328,STATIC,106.32631585725196,EXTENSION,108.84819488824878,EXTENSION,167.7595143007622,91.26423308650067,HUNCH,UPRIGHT,0.16082812455083373,UPRIGHT,False,0.13052392647444297,0.09523809523809523,0.1862849275695849,785.4364776611328,169.447540640831,0.375,0.9959098696708679,False,,83.63238627072542,0.0,83.63238627072542,torso,False
5.291666666666667,127,167.99182822573647,STATIC,150.1718714541957,STATIC,85.38792744029747,STATIC,83.17341914133792,STATIC,95.41892071786222,STATIC,94.35630371336784,STATIC,111.49428119062115,EXTENSION,112.26668601431287,STATIC,166.77264251523565,90.47137456297118,HUNCH,UPRIGHT,0.46951956119360955,UPRIGHT,False,0.1322858343045085,0.09090909090909091,0.18383042333026323,784.7355270385742,169.70333755016327,0.41666666666666696,0.9962201416492462,False,,83.25390676528669,0.0,83.25390676528669,torso,False
5.333333333333334,128,169.329904094809,STATIC,153.64620875288782,STATIC,85.58000037352822,STATIC,82.48061375219851,STATIC,96.10212388269062,STATIC,94.10499185326438,STATIC,115.20639520083081,STATIC,115.27318626970718,STATIC,166.79157895483155,90.00030171315755,HUNCH,UPRIGHT,1.4160463657836118,UPRIGHT,False,0.13333266285964987,0.08695652173913043,0.1816348685271931,784.3579864501953,169.56687211990356,0.4583333333333339,0.9964872300624847,False,,82.27087106937798,0.0,82.27087106937798,torso,False
5.375,129,171.19024743966568,STATIC,154.42285582187313,STATIC,84.5159561475884,STATIC,83.704463169059,STATIC,83.71080325591237,FLEXION,84.8199892768416,FLEXION,111.57428247313045,STATIC,112.6107277797011,STATIC,176.7027666986571,108.87784744437633,HUNCH,UPRIGHT,175.16365690577624,RIGHT_TILT,False,0.09138256123471926,0.08333333333333333,0.17787435572334,783.1462478637695,167.8975135087967,0.5,0.9967615306377411,False,,79.94364206674861,0.0,79.94364206674861,torso,False
5.416666666666667,130,172.119861482761,STATIC,156.6110579450903,STATIC,83.7703245698806,STATIC,83.57324828840434,STATIC,79.80749002697941,STATIC,82.1106163642882,STATIC,99.95868823664806,FLEXION,99.28657124320242,FLEXION,173.88939864258484,112.2614978983355,HUNCH,UPRIGHT,177.47430946546717,RIGHT_TILT,False,0.08386333800369887,0.08,0.17411391501455437,783.0868148803711,170.3784066438675,0.541666666666667,0.9969858229160309,False,,81.61703212055977,0.0,81.61703212055977,torso,False
5.458333333333334,131,173.75666709158168,STATIC,155.6499124227282,STATIC,83.86115129555488,STATIC,82.87845420873526,STATIC,79.4218541191697,STATIC,82.42872084542478,STATIC,93.65740745951247,FLEXION,91.36479205834547,FLEXION,174.80381120330213,112.76034515510716,HUNCH,UPRIGHT,177.64647852090454,RIGHT_TILT,False,0.0827547885442063,0.07692307692307693,0.17060010245800253,782.9596328735352,172.45852410793304,0.5833333333333339,0.9972169399261475,False,,83.32347371751453,0.0,83.32347371751453,torso,False
5.5,132,172.99934461530725,STATIC,154.0728304255755,STATIC,82.97156649226024,STATIC,83.00380995846847,STATIC,75.83551633547214,STATIC,76.89346554974215,FLEXION,87.23096409193532,FLEXION,84.44178389560511,FLEXION,169.74343961206733,117.03461337980214,HUNCH,UPRIGHT,177.4174393979959,RIGHT_TILT,False,0.0732564147115508,0.07407407407407407,0.16699478068961543,782.988166809082,173.55283319950104,0.625,0.9973832666873932,False,,83.7849327915822,0.0,83.7849327915822,torso,False
5.541666666666667,133,172.6535051704807,STATIC,152.88409304582248,STATIC,81.96808833841968,STATIC,82.82233911244344,STATIC,74.90093425009721,STATIC,73.88248704198142,STATIC,88.84941348627946,STATIC,87.1910959172943,STATIC,166.59010247168183,117.67656736262336,HUNCH,UPRIGHT,176.84081426382855,RIGHT_TILT,False,0.07182985030528144,0.07142857142857142,0.16359603317588922,782.9195785522461,173.55580508708954,0.666666666666667,0.9975634217262268,False,,82.73655338793405,0.0,82.73655338793405,torso,False
5.583333333333334,134,173.02213879098858,STATIC,158.90150937186883,EXTENSION,82.29186373346853,STATIC,82.36017763599263,STATIC,78.95282308526947,STATIC,78.4510938186265,STATIC,91.24387680771237,STATIC,84.97810259072506,STATIC,170.95939250489957,113.27467164557889,HUNCH,UPRIGHT,176.64151321845594,RIGHT_TILT,False,0.08161184078760246,0.06896551724137931,0.16076899205905176,782.6676559448242,173.34083676338196,0.7083333333333339,0.9977291822433472,False,,81.37791826234306,0.0,81.37791826234306,torso,False
5.625,135,171.57676870706052,STATIC,154.8410457333519,STATIC,79.60387179418639,STATIC,82.15456625144311,STATIC,71.23942130227715,FLEXION,69.76223078549418,FLEXION,85.89451156864487,FLEXION,77.62598802258647,FLEXION,160.3420016416926,123.23102680452124,HUNCH,UPRIGHT,177.002617546136,RIGHT_TILT,False,0.059486607101063904,0.06666666666666667,0.15739291256045218,782.6340484619141,173.24197053909302,0.75,0.9977706372737885,False,,80.51614657480545,0.0,80.51614657480545,torso,False
5.666666666666667,136,170.8053193535729,STATIC,158.22148213016533,STATIC,77.4878810092864,STATIC,80.45034298434399,STATIC,68.75597727921703,STATIC,70.79806913148822,STATIC,87.70862296046742,STATIC,81.017328258665,STATIC,157.51588572212233,124.84699793244141,HUNCH,UPRIGHT,176.42349460336246,RIGHT_TILT,False,0.0558955601501302,0.06451612903225806,0.15411880441818374,782.4554443359375,172.8142762184143,0.791666666666667,0.9978272020816803,False,,79.54311657286769,0.0,79.54311657286769,torso,False
5.708333333333334,137,170.71676542168967,STATIC,156.60028753026955,STATIC,78.497606758649,STATIC,81.68337871190144,STATIC,73.72799977067837,STATIC,73.19411527168636,STATIC,97.2060959061726,EXTENSION,92.89798868816047,EXTENSION,162.09188523591868,121.68605243757214,HUNCH,UPRIGHT,176.2352913784592,RIGHT_TILT,False,0.0629198834720619,0.0625,0.1512688381386174,782.4209213256836,172.37007558345795,0.8333333333333339,0.9979076385498047,False,,78.34988900005821,0.0,78.34988900005821,torso,False
5.75,138,169.49101799934945,STATIC,153.9212416754022,STATIC,77.53773800700029,STATIC,81.5739022164019,STATIC,76.3486494247534,STATIC,75.98283186686146,STATIC,98.08003164703922,STATIC,94.50150577959873,STATIC,164.6577504495831,119.79773752166784,HUNCH,UPRIGHT,175.604216455259,RIGHT_TILT,False,0.06711613884073812,0.06060606060606061,0.148718756341712,782.399787902832,172.7118158340454,0.875,0.9980164766311646,False,,77.60058935736846,0.0,77.60058935736846,torso,False
5.791666666666667,139,166.9968819869309,STATIC,153.0656004208183,STATIC,76.67173766480104,STATIC,79.92733746171871,STATIC,73.5111471955758,STATIC,74.12565454277753,STATIC,92.35747025307307,FLEXION,84.38762584781749,FLEXION,162.09657064402325,121.41523148057874,HUNCH,UPRIGHT,175.63530595789635,RIGHT_TILT,False,0.06352170782093614,0.058823529411764705,0.1462129607969833,782.3967742919922,172.71367728710175,0.916666666666667,0.9981442987918854,False,,76.88107084303405,0.0,76.88107084303405,torso,False
5.833333333333334,140,166.28703044451285,STATIC,151.15390719635863,STATIC,74.27291908809862,STATIC,78.67874282227655,STATIC,73.18012225252862,STATIC,75.12343725833107,STATIC,85.23258564405808,FLEXION,80.27222101192791,STATIC,162.40751865511498,120.51148565393336,HUNCH,UPRIGHT,175.50680639843623,RIGHT_TILT,False,0.0655300318801481,0.05714285714285714,0.14390773425650227,782.40966796875,173.62430334091187,0.9583333333333339,0.9982314705848694,False,,76.3213689359542,0.0,76.3213689359542,torso,False
5.875,141,166.67499956338534,STATIC,148.51832906062785,STATIC,76.59521703714275,STATIC,78.08707171742945,STATIC,77.07963371499571,STATIC,79.53192188881359,STATIC,89.49223770742809,STATIC,84.67943638828363,STATIC,168.64090011632157,116.87406379896578,HUNCH,UPRIGHT,177.54863894349833,RIGHT_TILT,False,0.07361319155785384,0.05555555555555555,0.14195510807042871,782.3147201538086,176.61195158958435,1.0,0.9983520209789276,False,,77.3887861620073,0.0,77.3887861620073,torso,False
5.916666666666667,142,164.97285750783314,STATIC,145.33687893909155,STATIC,73.85134617502791,STATIC,78.10695505624906,STATIC,73.39657184631616,STATIC,73.31576553410817,FLEXION,80.0082063722636,FLEXION,79.29067247221982,FLEXION,162.93016162101497,120.12970301335027,HUNCH,UPRIGHT,177.08106273672033,RIGHT_TILT,False,0.06637843774811052,0.05405405405405406,0.1399124953590147,782.1789932250977,177.57099151611328,1.041666666666667,0.9984374642372131,False,,76.70393287424541,0.0,76.70393287424541,torso,False
5.958333333333334,143,164.46565628928124,STATIC,141.93586510442032,STATIC,73.07627693378431,STATIC,77.30317273943211,STATIC,74.32440181202169,STATIC,73.03710816651316,STATIC,86.17668527122176,EXTENSION,81.96705384413482,STATIC,163.725033343858,118.66764288107116,HUNCH,UPRIGHT,176.53334807972655,RIGHT_TILT,False,0.0696274602642863,0.05263157894736842,0.13806288917231133,782.1322250366211,179.75012004375458,1.083333333333334,0.9985251724720001,False,,77.5320599278699,0.0,77.5320599278699,torso,False
6.0,144,163.89338004759625,STATIC,145.21034245108967,STATIC,71.44314224196977,STATIC,75.11258623734976,STATIC,75.50426468946915,STATIC,80.27311615275772,EXTENSION,84.8694947520367,STATIC,82.49573796948505,STATIC,168.21008301290928,113.90817846800388,HUNCH,UPRIGHT,173.944180376532,RIGHT_TILT,False,0.08020404784888024,0.05128205128205128,0.1365793291383772,782.2300338745117,181.06306672096252,1.125,0.9985907673835754,False,,77.57811916337181,0.0,77.57811916337181,torso,False
6.041666666666667,145,165.0700382909986,STATIC,149.08555276774172,STATIC,69.22295056967543,STATIC,75.51407681538298,STATIC,77.701619217688,STATIC,83.14061427210507,STATIC,93.71916383838297,EXTENSION,94.55581136297135,EXTENSION,172.07047182837562,111.49143403304875,HUNCH,UPRIGHT,175.13224346608482,RIGHT_TILT,False,0.08557459103766944,0.05,0.13530421068585952,783.1326293945312,183.61159443855286,1.166666666666667,0.9986371397972107,False,,79.02485099334983,0.0,79.02485099334983,torso,False
6.083333333333334,146,165.72651909986348,STATIC,148.05360725175177,STATIC,69.26153790863971,STATIC,76.412403477524,STATIC,77.89818427572052,STATIC,80.58815724886092,STATIC,99.36865077804589,EXTENSION,99.68103818156828,EXTENSION,171.30593617085424,113.01720586432356,HUNCH,UPRIGHT,175.18441828051243,RIGHT_TILT,False,0.08218398696816986,0.04878048780487805,0.13400859547323293,783.7128067016602,185.7868766784668,1.208333333333334,0.9985896944999695,False,,79.97938404110859,0.0,79.97938404110859,torso,False
6.125,147,166.87453459312863,STATIC,149.12187881170127,STATIC,67.47462386996162,STATIC,76.16830768675118,STATIC,79.39656591867539,STATIC,80.67150395275121,STATIC,95.85416992436704,STATIC,96.9227902701001,STATIC,171.57833256703987,112.33993302383045,HUNCH,UPRIGHT,176.12188762125606,RIGHT_TILT,False,0.08368903772482121,0.047619047619047616,0.1328105107649374,784.0671920776367,186.9624674320221,1.25,0.9985190629959106,False,,79.87041598822927,0.0,79.87041598822927,torso,False
6.166666666666667,148,165.72091842843705,STATIC,147.19891256234328,STATIC,66.84054040462456,STATIC,75.79119325602309,STATIC,79.52372913058177,STATIC,80.71779346669969,STATIC,94.82248812951505,STATIC,95.25154307519762,STATIC,171.75317337755297,113.4105374194986,HUNCH,UPRIGHT,175.64338788460387,RIGHT_TILT,False,0.08130991684555866,0.046511627906976744,0.1316128225342542,784.1518783569336,188.8836908340454,1.291666666666667,0.9984832406044006,False,,79.98706291629699,0.0,79.98706291629699,torso,False
6.208333333333334,149,165.33708000533423,STATIC,146.88038307697175,STATIC,66.05863631324397,STATIC,75.77876464302754,STATIC,79.75532511652796,STATIC,80.12645662337736,STATIC,92.68321803821642,STATIC,94.27266616406989,STATIC,172.12010424324737,114.08120615198443,HUNCH,UPRIGHT,174.6685852915646,RIGHT_TILT,False,0.07981954188447904,0.045454545454545456,0.13043570251948658,784.7486877441406,190.75395226478577,1.333333333333334,0.9984937906265259,False,,80.54654917100954,0.0,80.54654917100954,torso,False
6.25,150,167.29516960861648,STATIC,142.62469829379197,STATIC,66.30357773566307,STATIC,75.40233214562643,STATIC,79.01162706018286,STATIC,79.16593940564482,STATIC,93.12171549473508,STATIC,94.6597534245483,STATIC,172.27758774490545,113.76233102579639,HUNCH,UPRIGHT,174.68720824579492,RIGHT_TILT,False,0.08052815327600804,0.044444444444444446,0.1293266458696315,784.9869918823242,193.82885813713074,1.375,0.9983923137187958,False,,82.069729232609,0.0,82.069729232609,torso,False
6.291666666666667,151,166.91513581990577,STATIC,141.4487300003673,STATIC,64.82239188386076,STATIC,75.20965823428409,STATIC,79.50262445724914,STATIC,80.54220750951218,STATIC,88.53818342014196,STATIC,92.38638410009946,STATIC,172.29955787097305,113.66718448223823,HUNCH,UPRIGHT,174.58812900407278,RIGHT_TILT,False,0.08073959003947062,0.043478260869565216,0.12827040552549757,784.9588394165039,193.97080063819885,1.416666666666667,0.9982747733592987,False,,80.89727046056512,0.0,80.89727046056512,torso,False
6.333333333333334,152,165.74125237760796,STATIC,140.89511141016925,STATIC,61.24947927771645,STATIC,75.91537927476371,STATIC,79.37104869329116,STATIC,80.99260879031766,STATIC,86.62070063582726,STATIC,87.54781269950438,STATIC,171.989686360966,113.19583378539078,HUNCH,UPRIGHT,174.02865218961122,RIGHT_TILT,False,0.08178703603246495,0.0425531914893617,0.1272813976639437,784.9142074584961,194.95030045509338,1.458333333333334,0.9982089698314667,False,,80.32248407297455,0.0,80.32248407297455,torso,False
6.375,153,164.82717814451627,STATIC,138.41481165305785,STATIC,61.73649535125496,STATIC,75.50612341570425,STATIC,79.55964866847673,STATIC,84.19768395569793,STATIC,88.73819426798306,STATIC,89.90075058783884,STATIC,173.65595281048348,111.77293971001635,HUNCH,UPRIGHT,174.26323387275957,RIGHT_TILT,False,0.08494902286663035,0.041666666666666664,0.12639947318899966,784.8846817016602,196.83419823646545,1.5,0.9981755316257477,False,,80.8335584990524,0.0,80.8335584990524,torso,False
6.416666666666667,154,165.4062424862484,STATIC,138.35012141797438,STATIC,60.559268927151074,STATIC,77.23972847251879,STATIC,80.6479152412195,STATIC,84.06365615598743,STATIC,91.62262564674651,STATIC,93.82322543205863,STATIC,173.27220750900335,112.90810134522079,HUNCH,UPRIGHT,174.6200784043067,RIGHT_TILT,False,0.0824264414550649,0.04081632653061224,0.12550206437810305,784.7259902954102,196.7198932170868,1.541666666666667,0.9981156587600708,False,,79.9379875295256,0.0,79.9379875295256,torso,False
6.458333333333334,155,163.3776279238098,STATIC,138.0900154303364,STATIC,60.45747041893577,STATIC,77.3763399839344,STATIC,78.40307967293127,STATIC,83.82739957842446,STATIC,87.35922993082816,STATIC,91.15298710412183,STATIC,172.51193595817523,114.67290325852808,HUNCH,UPRIGHT,174.12699315947702,RIGHT_TILT,False,0.07850465942549316,0.04,0.12456211627905085,784.7200393676758,198.65930199623108,1.583333333333334,0.9980781972408295,False,,80.55729807288071,0.0,80.55729807288071,torso,False
6.5,156,162.3421627648013,STATIC,138.48466553285868,STATIC,59.83765832276533,STATIC,78.63836675039452,STATIC,78.1684316395744,STATIC,83.65783781693833,STATIC,87.27867328115212,STATIC,89.24476550243365,STATIC,172.5993697036576,112.00087684295393,HUNCH,UPRIGHT,173.98671485721283,RIGHT_TILT,False,0.08444249590454682,0.0392156862745098,0.12377545705602137,784.7679901123047,200.34573554992676,1.625,0.9979929625988007,False,,81.52473443710184,0.0,81.52473443710184,torso,False
6.541666666666667,157,160.64594875529252,STATIC,138.97974236917852,STATIC,59.202625957610174,STATIC,78.71648392916119,STATIC,80.95132416920269,STATIC,82.90511305494755,STATIC,86.8565100332317,STATIC,87.54844773987892,STATIC,174.85853612222013,108.80036990150306,HUNCH,UPRIGHT,174.60984121232846,RIGHT_TILT,False,0.09155473355221544,0.038461538461538464,0.12315582775787126,784.8217010498047,204.52709555625916,1.666666666666667,0.9979955852031708,False,,84.49949110342175,0.0,84.49949110342175,torso,False
6.583333333333334,158,161.80819788560765,STATIC,138.734770902917,STATIC,60.999002638369454,STATIC,79.30466060809816,STATIC,83.72157507158329,STATIC,84.85702728671802,STATIC,88.01368230377436,STATIC,87.94323452115003,STATIC,175.41736520670256,108.42824723795427,HUNCH,UPRIGHT,174.3041107659301,RIGHT_TILT,False,0.09238167280454608,0.03773584905660377,0.12257518332478964,784.7422409057617,203.03743958473206,1.708333333333334,0.9979150295257568,False,,82.47142166746534,0.0,82.47142166746534,torso,False
6.625,159,164.91935556937435,STATIC,140.9576312820757,STATIC,63.00336122203726,STATIC,79.32694487843186,STATIC,84.41738753473011,STATIC,86.77370531401884,STATIC,87.449937324773,STATIC,88.27711709506492,STATIC,175.60474144098103,109.26639007230098,HUNCH,UPRIGHT,174.18918985999284,RIGHT_TILT,False,0.09051913317266451,0.037037037037037035,0.12198155276641696,784.7547912597656,202.59285807609558,1.75,0.9978433549404144,False,,81.05142005889752,0.0,81.05142005889752,torso,False
6.666666666666667,160,166.05863267782058,STATIC,140.72962117895207,STATIC,63.44195604830364,STATIC,79.99220331283645,STATIC,82.94024057960782,STATIC,86.17270206486921,STATIC,89.67902774264054,STATIC,90.29629639035888,STATIC,175.0548305383766,110.5946260453452,HUNCH,UPRIGHT,174.467351475803,RIGHT_TILT,False,0.08756749767701066,0.03636363636363636,0.1213558426738823,784.6950912475586,203.53160977363586,1.791666666666667,0.9976525902748108,False,,80.68338431538055,0.0,80.68338431538055,torso,False
6.708333333333334,161,164.5646504646089,STATIC,142.0562807233526,STATIC,63.180532856471324,STATIC,80.25197850000738,STATIC,79.72312780575228,STATIC,84.68791055561145,STATIC,83.4047909965225,FLEXION,82.6187370620737,FLEXION,173.80934023775322,110.59080306367017,HUNCH,UPRIGHT,174.19900289477704,RIGHT_TILT,False,0.08757599319184406,0.03571428571428571,0.12075263107598877,784.6294021606445,206.54643416404724,1.833333333333334,0.9975915849208832,False,,82.21981741573185,0.0,82.21981741573185,torso,False
6.75,162,163.61792563143257,STATIC,143.4835818344199,STATIC,64.29839202706037,STATIC,80.7737940173373,STATIC,80.39938691452616,STATIC,84.25318503205922,STATIC,83.64648854538007,STATIC,82.34469405331637,STATIC,173.63197971693674,109.83851636890114,HUNCH,UPRIGHT,174.5406129563827,RIGHT_TILT,False,0.08924774140244192,0.03508771929824561,0.12019991371329497,784.6348571777344,207.3189640045166,1.875,0.9975109696388245,False,,82.06325306037094,0.0,82.06325306037094,torso,False
6.791666666666667,163,163.46935011828796,STATIC,142.31429418999758,STATIC,63.88197775522433,STATIC,80.04347740986661,STATIC,81.35551116835798,STATIC,83.83612692060018,STATIC,87.99338902467795,STATIC,88.99411361005167,EXTENSION,174.67037052921245,108.78576933297803,HUNCH,UPRIGHT,174.86309367290855,RIGHT_TILT,False,0.09158717926004882,0.034482758620689655,0.11970659070548038,784.846076965332,211.20267391204834,1.916666666666667,0.9972577691078186,False,,84.4523972127613,0.0,84.4523972127613,torso,False
6.833333333333334,164,165.5434474234517,STATIC,141.48646446731004,STATIC,66.13248456382266,STATIC,80.14623824966313,STATIC,82.78871505828,STATIC,87.3978637115728,STATIC,82.34517375833224,FLEXION,83.2531843481629,FLEXION,175.67376826814177,107.02959556130669,HUNCH,UPRIGHT,173.4184590356171,RIGHT_TILT,False,0.0954897876415407,0.03389830508474576,0.11929613641626108,784.8614501953125,211.86049103736877,1.958333333333334,0.9971916675567627,False,,84.2163528519446,0.0,84.2163528519446,torso,False
6.875,165,169.03269318790572,STATIC,142.2407179972321,STATIC,67.83720367950963,STATIC,79.75540888390405,STATIC,86.57107830855557,STATIC,91.71770235693931,STATIC,84.2290742905513,STATIC,85.04830987529259,STATIC,174.54059890784785,103.46491981108652,HUNCH,UPRIGHT,174.35683140407878,RIGHT_TILT,False,0.10341128930869663,0.03333333333333333,0.11903138896446833,784.9268341064453,213.77432227134705,2.0,0.9971401989459991,False,,85.00057482528001,0.0,85.00057482528001,torso,False
6.916666666666667,166,171.0617644807915,STATIC,138.52453015334322,STATIC,68.43208340753276,STATIC,79.75751969088272,STATIC,92.00572164367556,EXTENSION,96.63508248202125,STATIC,88.57360624359195,STATIC,90.03590290196355,STATIC,170.7288446497582,99.23993481594887,HUNCH,UPRIGHT,174.43055462147458,RIGHT_TILT,False,0.11280014485344696,0.03278688524590164,0.1189292374216647,785.3300857543945,213.09142112731934,2.041666666666667,0.9970654547214508,False,,84.24043681117534,0.0,84.24043681117534,torso,False
6.958333333333334,167,170.25488122679815,STATIC,144.85123290209958,EXTENSION,68.73481398100743,STATIC,79.988804008377,STATIC,95.92073106562741,STATIC,97.55326119885521,STATIC,101.31702521296651,EXTENSION,101.04596219351868,EXTENSION,167.05088098256968,96.28147903109696,HUNCH,UPRIGHT,174.09946429181957,RIGHT_TILT,False,0.11937449104200674,0.03225806451612903,0.11893641893167022,785.8855056762695,216.24815583229065,2.083333333333334,0.9971653521060944,False,,86.43109137010885,0.0,86.43109137010885,torso,False
7.000000000000001,168,169.20126172164709,STATIC,145.96165151804732,STATIC,70.83236336506958,STATIC,80.29191971820387,STATIC,93.8352511479903,STATIC,96.84554945323872,STATIC,95.60151399666803,FLEXION,95.872135400152,FLEXION,169.38892478030462,96.47051191032133,HUNCH,UPRIGHT,174.1234137622378,RIGHT_TILT,False,0.1189544179770637,0.031746031746031744,0.11893670463080344,786.1532974243164,216.52699828147888,2.125000000000001,0.9970451593399048,False,,86.07342218184823,0.0,86.07342218184823,torso,False
7.041666666666667,169,170.25514296107593,STATIC,143.3610862792252,STATIC,72.89602101118642,STATIC,80.51543846572551,STATIC,95.01496538481544,STATIC,98.88904767099427,STATIC,92.78090509478487,STATIC,93.2847513216677,STATIC,166.86317283699796,92.95679492811097,HUNCH,UPRIGHT,173.89282271722968,RIGHT_TILT,False,0.12676267793753118,0.03125,0.11905898546372107,786.3331985473633,220.02610087394714,2.166666666666667,0.9971424639225006,False,,87.58652806971111,0.0,87.58652806971111,torso,False
7.083333333333334,170,171.99926401203484,STATIC,141.03223123398263,STATIC,72.97367340827059,STATIC,80.77637984172489,STATIC,95.66270083469031,STATIC,104.20314634839289,EXTENSION,100.57563163886971,EXTENSION,101.74631447480175,EXTENSION,163.18682361916353,92.01244185807259,HUNCH,UPRIGHT,172.97129628666778,RIGHT_TILT,False,0.12886124031539425,0.03076923076923077,0.11920978938451604,786.4900207519531,221.09147429466248,2.208333333333334,0.9972934424877167,False,,87.79116352876903,0.0,87.79116352876903,torso,False
7.125000000000001,171,173.8201395662778,STATIC,146.4882117166786,EXTENSION,73.88023635390526,STATIC,81.997018308846,STATIC,93.40394637313153,STATIC,99.4069300477137,STATIC,94.40845402047006,FLEXION,97.1872674449905,STATIC,166.46770009487258,95.08287351291517,HUNCH,UPRIGHT,173.3423730424314,RIGHT_TILT,False,0.12203805886018852,0.030303030303030304,0.11925264195232925,786.5704727172852,222.0326292514801,2.250000000000001,0.9974740147590637,False,,87.71796577300843,0.0,87.71796577300843,torso,False
7.166666666666667,172,173.77267193389187,STATIC,146.40749555353955,STATIC,74.84532842421778,STATIC,82.18424828926192,STATIC,92.72447183024633,STATIC,100.59460979488571,STATIC,93.66223675041921,STATIC,97.01445542622147,STATIC,165.9697160079692,95.2529299084774,HUNCH,UPRIGHT,173.6995630966306,RIGHT_TILT,False,0.12166015575893911,0.029850746268656716,0.11928857499421897,786.5115356445312,223.0383825302124,2.291666666666667,0.9976510107517242,False,,87.62540601537098,0.0,87.62540601537098,torso,False
7.208333333333334,173,174.06715080510594,STATIC,146.9715660489648,STATIC,75.54197749940701,STATIC,82.31992565451645,STATIC,92.06695824164704,STATIC,99.51197781384664,STATIC,93.84721225569182,STATIC,98.83151645435318,STATIC,166.14908532062705,97.12541938347873,HUNCH,UPRIGHT,173.40504397308558,RIGHT_TILT,False,0.11749906803671395,0.029411764705882353,0.11926225871543211,786.5338134765625,224.87850666046143,2.333333333333334,0.9978317320346832,False,,88.67607769527119,0.0,88.67607769527119,torso,False
7.250000000000001,174,173.1178150108621,STATIC,148.92937133230896,STATIC,75.83369827133693,STATIC,82.52963808153716,STATIC,90.01692744013951,STATIC,100.1271405395675,STATIC,93.76845693641991,STATIC,96.46346837776014,STATIC,167.6024503191514,95.77342554696942,HUNCH,UPRIGHT,172.3427958779608,RIGHT_TILT,False,0.12050349878451239,0.028985507246376812,0.11928024770194051,786.5279006958008,225.43750047683716,2.375000000000001,0.9978988170623779,False,,88.38703566387663,0.0,88.38703566387663,torso,False
7.291666666666667,175,172.56380740463268,STATIC,149.28555564437616,STATIC,75.54118749414626,STATIC,82.93536420898269,STATIC,89.65891278421172,STATIC,97.91316982237737,STATIC,93.61851474312579,STATIC,96.35677203837858,STATIC,169.76918227003253,98.83466938841863,HUNCH,UPRIGHT,172.8195917954824,RIGHT_TILT,False,0.11370073469240305,0.02857142857142857,0.11920054037323283,786.5317153930664,225.46368956565857,2.416666666666667,0.9979375898838043,False,,87.69369630969756,0.0,87.69369630969756,torso,False
7.333333333333334,176,171.79969652984312,STATIC,152.80966722837033,STATIC,75.15621001482816,STATIC,83.27532981868781,STATIC,84.99170106350103,STATIC,90.70934410669942,FLEXION,92.70755234579445,STATIC,95.10754214857997,STATIC,174.5188184843599,106.17483495289217,HUNCH,UPRIGHT,173.51868111809034,RIGHT_TILT,False,0.09738925566023963,0.028169014084507043,0.11889333918009208,787.3841094970703,225.56312441825867,2.458333333333334,0.9980123043060303,False,,87.27748181022794,0.0,87.27748181022794,torso,False
7.375000000000001,177,171.63204789053177,STATIC,153.12693064958236,STATIC,74.78188558429177,STATIC,83.37487028015427,STATIC,84.95408374355672,STATIC,89.18246867492199,STATIC,93.62790262828528,STATIC,95.83487774217028,STATIC,174.77822292921897,105.38518650013859,HUNCH,UPRIGHT,173.35105078653433,RIGHT_TILT,False,0.09914402999969203,0.027777777777777776,0.11861904321925319,787.4962615966797,226.6287875175476,2.500000000000001,0.9980466365814209,False,,87.68832024822893,0.0,87.68832024822893,torso,False
7.416666666666667,178,171.7106047037695,STATIC,155.23394893076235,STATIC,73.70338247488577,STATIC,83.3271075333389,STATIC,86.11786838979417,STATIC,90.3712111292191,STATIC,94.44812744580913,STATIC,95.91418486837956,STATIC,174.0188348382277,104.72247992310213,HUNCH,UPRIGHT,173.94884172421132,RIGHT_TILT,False,0.10061671128199527,0.0273972602739726,0.11837243593244144,787.4592971801758,227.51218914985657,2.541666666666667,0.9981346726417542,False,,87.37879561167216,0.0,87.37879561167216,torso,False
7.458333333333334,179,171.23354440214626,STATIC,159.75071625316974,STATIC,73.18426869681556,STATIC,83.15170190834432,STATIC,91.11803263560343,EXTENSION,97.38270223422673,EXTENSION,110.94591379355408,EXTENSION,107.32475643919075,EXTENSION,169.95405004210355,100.62037199441438,HUNCH,UPRIGHT,175.0147092150452,RIGHT_TILT,False,0.10973250667907915,0.02702702702702703,0.11825568013172032,787.4875259399414,227.89095997810364,2.583333333333334,0.9982238709926605,False,,86.58068649521118,0.0,86.58068649521118,torso,False
7.500000000000001,180,170.79325044138938,STATIC,156.80773710082238,STATIC,72.25362231794917,STATIC,83.3879285374681,STATIC,89.87777690812437,STATIC,97.32579502083716,STATIC,108.36429894303217,STATIC,101.32991506427078,FLEXION,170.96886476286573,101.9475878796802,HUNCH,UPRIGHT,175.88742029655475,RIGHT_TILT,False,0.10678313804515512,0.02666666666666667,0.11810271290389947,787.2047424316406,228.49979996681213,2.625000000000001,0.9983131587505341,False,,85.9908831071776,0.0,85.9908831071776,torso,False
7.541666666666667,181,170.97867657589904,STATIC,159.2009620641502,STATIC,71.62739103396594,STATIC,83.34378285366678,STATIC,89.79909422252034,STATIC,97.65580480701523,STATIC,107.09727301991009,STATIC,99.39099632252466,STATIC,171.26167365536128,102.3281084337828,HUNCH,UPRIGHT,175.95566635699527,RIGHT_TILT,False,0.10593753681381601,0.02631578947368421,0.117942644797451,787.1951293945312,228.90220642089844,2.666666666666667,0.9984162747859955,False,,85.98682513397415,0.0,85.98682513397415,torso,False
7.583333333333334,182,170.94313361379173,STATIC,160.61527842815912,STATIC,71.19215437527292,STATIC,83.37704684417248,STATIC,91.83711495888072,STATIC,98.40353561275995,STATIC,104.6961758837539,STATIC,98.80693286142588,STATIC,169.50272829788372,99.40906113960979,HUNCH,UPRIGHT,174.71672988335897,RIGHT_TILT,False,0.1124243085786449,0.025974025974025976,0.11787097809331064,787.2395706176758,230.84384679794312,2.708333333333334,0.9985255599021912,False,,87.10360457036057,0.0,87.10360457036057,torso,False
7.625000000000001,183,170.63917225157377,STATIC,160.67357400037838,STATIC,71.0358442727284,STATIC,83.55774430156876,STATIC,92.66904920363606,STATIC,99.1558888654475,STATIC,99.77965511582322,STATIC,98.25299839382153,STATIC,169.1390276796909,99.3611488598556,HUNCH,UPRIGHT,174.5518102260162,RIGHT_TILT,False,0.112530780311432,0.02564102564102564,0.117802514019184,787.2414398193359,231.43706560134888,2.750000000000001,0.9986166059970856,False,,87.09338326031421,0.0,87.09338326031421,torso,False
7.666666666666667,184,171.55351480514696,STATIC,163.4779234500744,STATIC,72.09352429452751,STATIC,83.17898411962061,STATIC,89.82317126561274,STATIC,97.2165164467856,STATIC,95.34385340437615,STATIC,93.74873395361809,STATIC,170.768957568953,101.5606707727172,HUNCH,UPRIGHT,175.3913171738,RIGHT_TILT,False,0.1076429538384062,0.02531645569620253,0.11767391199157921,787.2374725341797,234.23033952713013,2.791666666666667,0.9987170696258545,False,,88.5768566012184,0.0,88.5768566012184,torso,False
7.708333333333334,185,171.21756531767946,STATIC,154.73552011631548,FLEXION,71.82578512522107,STATIC,83.36782761712284,STATIC,89.92649283198068,STATIC,96.8091559115288,STATIC,92.05573196137074,STATIC,95.91054110769748,STATIC,171.44537830289124,99.93056195736686,HUNCH,UPRIGHT,174.81437360499635,RIGHT_TILT,False,0.11126541787251809,0.025,0.11759380581509096,787.04345703125,234.42001461982727,2.833333333333334,0.9986660182476044,False,,88.78771512045533,0.0,88.78771512045533,torso,False
7.750000000000001,186,172.04334981485403,STATIC,156.74663966036817,STATIC,71.71719335771724,STATIC,83.34598393982331,STATIC,90.800488782661,STATIC,98.84940786685097,STATIC,97.77388651004517,EXTENSION,100.96165651997501,EXTENSION,169.78710009429315,98.03869602336705,HUNCH,UPRIGHT,174.81501375959948,RIGHT_TILT,False,0.11546956439251765,0.024691358024691357,0.11756758061234314,786.8572998046875,235.4886496067047,2.875000000000001,0.9986501038074493,False,,89.51456601958846,0.0,89.51456601958846,torso,False
7.791666666666667,187,172.08392222205006,STATIC,150.34502887495546,FLEXION,71.9890400447202,STATIC,84.01060701351119,STATIC,85.11369785176228,FLEXION,93.09867568073825,FLEXION,86.33134472273342,FLEXION,85.94520720993263,FLEXION,174.98277417380024,105.19203225898791,HUNCH,UPRIGHT,174.84173755041974,RIGHT_TILT,False,0.09957326164669356,0.024390243902439025,0.1173481376981279,786.7658996582031,235.9566307067871,2.916666666666667,0.9985973238945007,False,,90.04821878449646,0.0,90.04821878449646,torso,False
7.833333333333334,188,170.58982018078405,STATIC,152.1842419816527,STATIC,71.32291951556282,STATIC,84.02510952715011,STATIC,85.79640677463829,STATIC,91.80058356511165,STATIC,88.45389132328643,STATIC,91.34109358970939,EXTENSION,174.9526313613246,105.57708677988526,HUNCH,UPRIGHT,174.4047785649285,RIGHT_TILT,False,0.09871758493358829,0.024096385542168676,0.11712367320698887,786.8201065063477,236.51127934455872,2.958333333333334,0.9985823333263397,False,,90.12642822971654,0.0,90.12642822971654,torso,False
7.875000000000001,189,170.7274980765145,STATIC,148.74490190882491,STATIC,70.9673894999061,STATIC,83.91108992464757,STATIC,87.83650224094896,STATIC,94.03909590822502,STATIC,89.76251890887887,STATIC,94.64229513610616,STATIC,173.15244468478966,102.92975795936869,HUNCH,UPRIGHT,173.62568511582788,RIGHT_TILT,False,0.1046005378680696,0.023809523809523808,0.11697458826247792,787.2084045410156,238.32175970077515,3.000000000000001,0.9985667765140533,False,,91.0033845393442,0.0,91.0033845393442,torso,False
7.916666666666667,190,170.88703551477474,STATIC,152.2790812990238,STATIC,70.73102314683223,STATIC,83.61760451463769,STATIC,87.37112855778453,STATIC,96.06235262259514,STATIC,87.30068551640215,STATIC,90.68091395974135,STATIC,172.60761707785127,102.34899614613408,HUNCH,UPRIGHT,173.22293071386716,RIGHT_TILT,False,0.10589111967525759,0.023529411764705882,0.11684419451439298,787.5193023681641,238.72971296310425,3.041666666666667,0.9986518919467926,False,,90.86072427262675,0.0,90.86072427262675,torso,False
7.958333333333334,191,169.7152998104776,STATIC,156.31222630547578,STATIC,70.29502554129125,STATIC,83.82135961672216,STATIC,89.79534626926561,STATIC,100.78405721466217,STATIC,96.46301983805974,EXTENSION,97.6871799867093,EXTENSION,169.5004051730541,97.42213296551073,HUNCH,UPRIGHT,173.6432961938928,RIGHT_TILT,False,0.11683970452108727,0.023255813953488372,0.1168441423051685,787.3448181152344,239.8267149925232,3.083333333333334,0.9986942112445831,False,,91.44323949468354,0.0,91.44323949468354,torso,False
8.0,192,170.06102486835422,STATIC,160.95101055572673,STATIC,71.15817761046247,STATIC,83.49520668878252,STATIC,87.26249100848516,STATIC,100.11211465019926,STATIC,89.32221414311437,FLEXION,93.53365709698784,STATIC,171.066479656633,98.0048883474495,HUNCH,UPRIGHT,173.43456657249638,RIGHT_TILT,False,0.11554469256122335,0.022988505747126436,0.11682920610121511,787.3823165893555,240.03957509994507,3.125,0.9987452924251556,False,,90.97399887040869,0.0,90.97399887040869,torso,False
8.043333333333333,193,169.90363834991481,STATIC,161.70482162865687,STATIC,71.1559992307271,STATIC,82.81103085345391,STATIC,86.6184214946139,STATIC,99.88140809171857,STATIC,90.30545901184738,STATIC,93.89118532727254,STATIC,171.50233496244678,99.44370861110106,HUNCH,UPRIGHT,174.03789788893573,RIGHT_TILT,False,0.11234731419755321,0.022727272727272728,0.11677827551140077,787.4586486816406,240.33703207969666,3.168333333333333,0.9988144338130951,False,,90.96744334820862,0.0,90.96744334820862,torso,False
8.085,194,167.47207153043107,STATIC,164.5118241230358,STATIC,70.35858903430672,STATIC,82.82359514810517,STATIC,78.51685528075296,FLEXION,91.11349085023988,FLEXION,82.9742538522483,FLEXION,82.78362948557397,FLEXION,174.81401286440325,105.60837080008862,HUNCH,UPRIGHT,173.90613358557093,RIGHT_TILT,False,0.09864806488869193,0.02247191011235955,0.11657456527968495,787.841796875,240.0351870059967,3.210000000000001,0.9987644553184509,False,,90.95303988604685,0.0,90.95303988604685,torso,False
8.126666666666667,195,165.173220226521,STATIC,159.27882052597153,FLEXION,70.46837085204385,STATIC,83.92417020598404,STATIC,85.3592282966022,EXTENSION,99.86907145929685,EXTENSION,93.41097926322259,EXTENSION,92.65017011827437,EXTENSION,172.3644447052538,97.32060240464632,HUNCH,UPRIGHT,173.4503379842221,RIGHT_TILT,False,0.11706532798967484,0.022222222222222223,0.11658001819868484,788.0105972290039,240.11765956878662,3.251666666666667,0.9986855387687683,False,,91.23682800260636,0.0,91.23682800260636,torso,False
8.168333333333333,196,167.3560490914601,STATIC,156.86532533104696,STATIC,71.02239286816099,STATIC,83.9835869005771,STATIC,89.94206231711225,STATIC,104.03374903568572,STATIC,102.05564559272935,EXTENSION,103.6666865067877,EXTENSION,168.10445115094166,93.42240458316272,HUNCH,UPRIGHT,171.4903584771725,RIGHT_TILT,False,0.12572798981519395,0.02197802197802198,0.11668054535930582,787.5454330444336,240.37798404693604,3.293333333333333,0.9986770749092102,False,,91.41633224939295,0.0,91.41633224939295,torso,False
8.21,197,166.01031489214492,STATIC,152.78989117777,STATIC,71.4466060768838,STATIC,83.7633197829097,STATIC,90.30625291439814,STATIC,102.28034101956011,STATIC,99.06421369088864,STATIC,101.93357785606963,STATIC,169.06613093744082,94.4373674926703,HUNCH,UPRIGHT,171.2344847761758,RIGHT_TILT,False,0.12347251668295489,0.021739130434782608,0.11675437113456288,787.0464706420898,240.2538299560547,3.335000000000001,0.9986724853515625,False,,91.26069394301298,0.0,91.26069394301298,torso,False
8.251666666666667,198,164.46056831879898,STATIC,155.36116422345796,STATIC,72.25875472954917,STATIC,83.84145802631123,STATIC,85.70404568655917,STATIC,95.80717370882155,FLEXION,82.08346342464706,FLEXION,83.11894894523626,FLEXION,173.75483234649525,100.32652895460936,HUNCH,UPRIGHT,170.9119092912614,RIGHT_TILT,False,0.1103854912119792,0.021505376344086023,0.11668588855475015,786.9265365600586,240.14474987983704,3.376666666666667,0.9986258149147034,False,,91.02581271679175,0.0,91.02581271679175,torso,False
8.293333333333333,199,163.3560568160603,STATIC,154.67383049512352,STATIC,72.51065744353873,STATIC,83.80734098097751,STATIC,88.93540666836131,STATIC,96.29696755157356,STATIC,100.19314024353741,EXTENSION,96.32532594765559,EXTENSION,172.303677941767,97.75809592562315,HUNCH,UPRIGHT,171.04555690687826,RIGHT_TILT,False,0.11609312016528188,0.02127659574468085,0.11667958250805367,786.9924545288086,241.0992407798767,3.418333333333333,0.9985728561878204,False,,91.70849565637971,0.0,91.70849565637971,torso,False
8.335,200,161.64985716479933,STATIC,157.25743964196693,STATIC,73.3103279396646,STATIC,83.7812666991555,STATIC,83.37751598340697,FLEXION,92.32696540571729,STATIC,93.04234223003266,FLEXION,90.88707809970174,FLEXION,174.22454334923302,102.4463691211563,HUNCH,UPRIGHT,170.15433039291497,RIGHT_TILT,False,0.10567473528631936,0.021052631578947368,0.11656374201098278,786.6094207763672,241.31366729736328,3.460000000000001,0.9985204041004181,False,,91.81053348848351,0.0,91.81053348848351,torso,False
8.376666666666667,201,161.0113248794872,STATIC,159.78074678311177,STATIC,72.97071560658432,STATIC,83.39725825479113,STATIC,85.06380839595803,STATIC,94.52804382758644,STATIC,99.06437144089443,EXTENSION,98.66085569239775,EXTENSION,173.7760297616628,99.8115484304305,HUNCH,UPRIGHT,169.66447571454987,RIGHT_TILT,False,0.1115298923768211,0.020833333333333332,0.1165113060772936,786.5793991088867,242.12481021881104,3.501666666666667,0.9985332489013672,False,,92.14935743950576,0.0,92.14935743950576,torso,False
8.418333333333333,202,160.14760819643897,STATIC,163.46676650486071,STATIC,73.60935398450835,STATIC,82.87784910464569,STATIC,73.94614163332898,FLEXION,83.73865124531238,FLEXION,80.59188801025188,FLEXION,77.46513909493733,FLEXION,168.491437523043,111.98685055103816,HUNCH,UPRIGHT,169.15664249138894,RIGHT_TILT,False,0.08447366544213741,0.020618556701030927,0.11618102112229199,786.0421752929688,242.61642694473267,3.543333333333333,0.9984557926654816,False,,92.29752757985129,0.0,92.29752757985129,torso,False
8.46,203,160.5706176318356,STATIC,160.61971237961654,STATIC,73.04239988978078,STATIC,83.17136739634526,STATIC,80.35670223916573,EXTENSION,87.80520711564911,STATIC,92.03593856513227,EXTENSION,91.00085139827922,EXTENSION,172.5128507130443,106.2488089652503,HUNCH,UPRIGHT,168.95852738202706,RIGHT_TILT,False,0.09722486896611042,0.02040816326530612,0.11598759099824932,785.579833984375,242.6037883758545,3.585000000000001,0.998499870300293,False,,92.1011077238126,0.0,92.1011077238126,torso,False
8.501666666666667,204,159.9821905292009,STATIC,160.72129559852615,STATIC,71.94220693496057,STATIC,83.21840456486669,STATIC,81.51226410664748,STATIC,90.36812227926629,STATIC,99.35123269595813,EXTENSION,101.03532598807168,EXTENSION,173.3157939024245,104.71084558128783,HUNCH,UPRIGHT,168.31022361692382,RIGHT_TILT,False,0.10064256537491593,0.020202020202020204,0.11583259073942777,784.1810607910156,242.78982639312744,3.626666666666667,0.9985238611698151,False,,91.93206644590046,0.0,91.93206644590046,torso,False
8.543333333333333,205,160.4341365626852,STATIC,162.08882944652777,STATIC,70.95419625483412,STATIC,83.3027879798314,STATIC,86.44939509169403,STATIC,94.08366532353214,STATIC,102.96459738588888,STATIC,102.45276384308862,STATIC,173.76045621454762,100.40387537298732,HUNCH,UPRIGHT,168.47687226031013,RIGHT_TILT,False,0.11021361028225041,0.02,0.11577640093485599,783.6538314819336,243.21671605110168,3.668333333333333,0.9985461831092834,False,,91.98899835515856,0.0,91.98899835515856,torso,False
8.585,206,160.29566734069041,STATIC,160.49583002021393,STATIC,70.73817941510376,STATIC,83.22056006014056,STATIC,86.95578017512955,STATIC,93.417553874608,STATIC,109.53100013843864,EXTENSION,107.41448621396532,STATIC,173.943399880746,100.63914158218284,HUNCH,UPRIGHT,168.47551848626767,RIGHT_TILT,False,0.10969079648403812,0.019801980198019802,0.11571614742544195,783.0885314941406,243.17058205604553,3.710000000000001,0.9985553324222565,False,,91.67283285256856,0.0,91.67283285256856,torso,False
8.626666666666667,207,160.22975917733385,STATIC,161.34531599160965,STATIC,71.0048763413205,STATIC,83.16903026958232,STATIC,85.83818085695856,STATIC,91.4873347040111,STATIC,111.74108314667508,STATIC,109.73197284645539,STATIC,173.92447411545334,102.57593475521777,HUNCH,UPRIGHT,168.28708456780384,RIGHT_TILT,False,0.10538681165507162,0.0196078431372549,0.11561487942769322,782.9245758056641,243.21503162384033,3.751666666666667,0.9985569417476654,False,,91.5110224584768,0.0,91.5110224584768,torso,False
8.668333333333333,208,161.0044818625937,STATIC,161.34814761169815,STATIC,71.63670437421743,STATIC,83.20626118204474,STATIC,85.11213698996936,STATIC,92.09828394995594,STATIC,106.37597081174816,FLEXION,107.0461074834066,STATIC,173.85394056324552,103.44655804946785,HUNCH,UPRIGHT,167.65377391738903,RIGHT_TILT,False,0.10345209322340476,0.019417475728155338,0.11549679412473897,782.5115203857422,243.4551966190338,3.793333333333333,0.9985507428646088,False,,91.3614862685812,0.0,91.3614862685812,torso,False
8.71,209,161.39129425942232,STATIC,162.05749047162732,STATIC,72.05239219955523,STATIC,83.19212729273323,STATIC,84.89457993019359,STATIC,91.99711382121582,STATIC,108.46064884732795,STATIC,108.18686059582366,STATIC,173.95862660138587,103.74395611710202,HUNCH,UPRIGHT,168.0251264603366,RIGHT_TILT,False,0.1027912086286622,0.019230769230769232,0.11537462503343053,781.3824081420898,244.02886748313904,3.835000000000001,0.9985621273517609,False,,91.1183795512478,0.0,91.1183795512478,torso,False
8.751666666666667,210,161.4273642837934,STATIC,161.44618764184193,STATIC,71.54802134177591,STATIC,82.83833777025174,STATIC,92.62214564492736,EXTENSION,101.75125709858364,EXTENSION,116.12725199849764,EXTENSION,115.26623326938855,EXTENSION,170.4437396383165,95.44027737095253,HUNCH,UPRIGHT,169.0034098670901,RIGHT_TILT,False,0.12124382806454992,0.01904761904761905,0.11543052220515548,781.2853622436523,244.6460223197937,3.876666666666667,0.998601645231247,False,,90.90784044130513,0.0,90.90784044130513,torso,False
8.793333333333335,211,162.73070508410643,STATIC,165.06790761224858,STATIC,72.45271987894672,STATIC,82.59537015402208,STATIC,90.6428765391849,STATIC,100.28756735527007,STATIC,113.91781542832902,STATIC,114.58938450404337,STATIC,171.7480195853899,97.78263456353163,HUNCH,UPRIGHT,168.93249872648502,RIGHT_TILT,False,0.11603858985881861,0.018867924528301886,0.11543625869245419,781.3481521606445,244.90519881248474,3.918333333333335,0.9986521601676941,False,,90.99893635105278,0.0,90.99893635105278,torso,False
8.835,212,163.01327227713998,STATIC,162.59987538401296,STATIC,72.17439332243886,STATIC,82.65988237064364,STATIC,90.36941146779223,STATIC,102.08097182048968,STATIC,115.39142900226209,STATIC,115.84658712242091,STATIC,170.96916658760773,98.0635011204817,HUNCH,UPRIGHT,169.61183470278178,RIGHT_TILT,False,0.1154144419544851,0.018691588785046728,0.11543605479770683,781.0826873779297,245.92676639556885,3.960000000000001,0.9987112283706665,False,,91.24060937717925,0.0,91.24060937717925,torso,False
8.876666666666667,213,163.11389953197488,STATIC,159.30800286235925,STATIC,71.76910878384376,STATIC,82.7366072164993,STATIC,91.23039669400373,STATIC,102.63580744682142,STATIC,115.5577208331635,STATIC,114.52911149176845,STATIC,170.4379111355899,97.28214627667104,HUNCH,UPRIGHT,168.94091821373442,RIGHT_TILT,False,0.1171507860518421,0.018518518518518517,0.11545193193894882,781.1371231079102,246.4606761932373,4.001666666666667,0.9987497627735138,False,,91.63583235371645,0.0,91.63583235371645,torso,False
8.918333333333335,214,163.7242979414475,STATIC,160.73580903115084,STATIC,71.73992402521073,STATIC,82.81860734831976,STATIC,92.23993172835333,STATIC,103.03653371262875,STATIC,117.03406380178413,STATIC,115.80674636243322,STATIC,170.01441678364696,96.01019395744571,HUNCH,UPRIGHT,168.86433730649821,RIGHT_TILT,False,0.11997734676123177,0.01834862385321101,0.11549344950612572,781.2809371948242,246.44769430160522,4.043333333333335,0.998769998550415,False,,91.53687117298257,0.0,91.53687117298257,torso,False
8.96,215,163.07407565239126,STATIC,160.96698563057856,STATIC,73.720552955546,STATIC,82.56609791769951,STATIC,84.90209049458188,FLEXION,97.90106595094282,FLEXION,111.87225772422224,FLEXION,112.27371504194679,STATIC,174.1796890132845,103.8859622024492,HUNCH,UPRIGHT,168.88620711107882,RIGHT_TILT,False,0.10247563955011289,0.01818181818181818,0.11537510577925288,781.3278961181641,246.34692907333374,4.085000000000001,0.9987980723381042,False,,91.20608211882454,0.0,91.20608211882454,torso,False
9.001666666666667,216,162.038227618215,STATIC,159.49364436435295,STATIC,73.14011654489897,STATIC,82.70002487058359,STATIC,82.29409372522012,STATIC,95.90573029096335,STATIC,110.85967820376861,STATIC,111.52471247638502,STATIC,174.22004081147557,107.35316630825311,HUNCH,UPRIGHT,168.70560667263237,RIGHT_TILT,False,0.09477074153721532,0.018018018018018018,0.11518948087617147,781.1891174316406,246.3180148601532,4.126666666666667,0.9988313615322113,False,,91.1103864470949,0.0,91.1103864470949,torso,False
9.043333333333335,217,161.59984486501364,STATIC,158.0693193130151,STATIC,71.97190764205975,STATIC,82.79223875500305,STATIC,81.12604267032738,STATIC,94.85887892177769,STATIC,109.33782632164738,STATIC,111.73217113279183,STATIC,173.81834594694732,108.93869253129152,HUNCH,UPRIGHT,167.25766259479013,RIGHT_TILT,False,0.09124734993046328,0.017857142857142856,0.1149757118498705,780.194091796875,245.64247369766235,4.168333333333335,0.9988826513290405,False,,90.30352661819137,0.0,90.30352661819137,torso,False
9.085,218,161.12670118959963,STATIC,158.02848464852096,STATIC,70.93831373047668,STATIC,82.90324034090179,STATIC,81.77815341196012,STATIC,93.31298074568599,STATIC,111.10485815920717,STATIC,112.1511039510013,STATIC,173.30642735379652,109.59418805484708,HUNCH,UPRIGHT,166.7982537654905,RIGHT_TILT,False,0.08979069321145094,0.017699115044247787,0.11475283557873404,779.8722457885742,244.99805688858032,4.210000000000001,0.998929351568222,False,,89.54086312488114,0.0,89.54086312488114,torso,False
9.126666666666667,219,160.52605826504563,STATIC,158.58116228938434,STATIC,69.11424718383573,STATIC,82.4657124582051,STATIC,83.47500332150743,STATIC,93.5322314904083,STATIC,105.24470282657272,FLEXION,110.40738548443414,STATIC,173.69202514580496,110.29352202242715,HUNCH,UPRIGHT,167.03854701005386,RIGHT_TILT,False,0.08823661772793967,0.017543859649122806,0.1145202371765341,779.9543762207031,244.94024991989136,4.251666666666667,0.998988538980484,False,,89.37252847219453,0.0,89.37252847219453,torso,False
9.168333333333335,220,159.68949689363836,STATIC,160.47507234663226,STATIC,67.8633856560465,STATIC,82.18875669768462,STATIC,84.33533802989493,STATIC,95.24299275458203,STATIC,108.82013507971573,STATIC,112.27477996261207,STATIC,173.9757229997402,108.95303030416244,HUNCH,UPRIGHT,167.09657935748726,RIGHT_TILT,False,0.09121548821297236,0.017391304347826087,0.1143175871855466,779.7649002075195,244.76780533790588,4.293333333333335,0.9990480840206146,False,,88.89895637273293,0.0,88.89895637273293,torso,False
9.21,221,160.241680424882,STATIC,161.80670638910635,STATIC,67.69144680244578,STATIC,81.91524351867518,STATIC,84.80308306001213,STATIC,95.39119526720341,STATIC,108.7629638781636,STATIC,111.19536563950489,STATIC,174.08102795795602,107.55999969824401,HUNCH,UPRIGHT,167.35378243512835,RIGHT_TILT,False,0.09431111178167999,0.017241379310344827,0.11414511756999603,779.7215270996094,244.96949672698975,4.335000000000001,0.9991006553173065,False,,88.70856459232878,0.0,88.70856459232878,torso,False
9.251666666666667,222,162.87104689665236,STATIC,165.08026825638518,STATIC,67.73723232356814,STATIC,81.11338819381626,STATIC,91.57438349431466,EXTENSION,98.21744372642168,STATIC,116.50934302147823,EXTENSION,116.1278626139687,STATIC,173.0027885961365,100.4030801005145,HUNCH,UPRIGHT,169.34016860744364,RIGHT_TILT,False,0.1102153775544122,0.017094017094017096,0.11411153004849532,779.8964691162109,246.6401481628418,4.376666666666667,0.9991345703601837,False,,88.82177804063218,0.0,88.82177804063218,torso,False
9.293333333333335,223,163.72837817107308,STATIC,164.58961059371612,STATIC,67.33447266330761,STATIC,81.20953703127905,STATIC,95.41043309995214,STATIC,102.81087561630329,STATIC,115.42439720219208,STATIC,115.82822823852263,STATIC,169.28893777792598,96.30445158637507,HUNCH,UPRIGHT,170.17300355689298,RIGHT_TILT,False,0.11932344091916651,0.01694915254237288,0.11415569878468744,779.8458480834961,247.28624939918518,4.418333333333335,0.9991748631000519,False,,88.82173930883266,0.0,88.82173930883266,torso,False
9.335,224,162.72689121417798,STATIC,164.60316326488018,STATIC,66.61152753097507,STATIC,80.94105395178511,STATIC,92.6743732540145,STATIC,102.34239053852959,STATIC,120.48428189604579,EXTENSION,119.1878874799063,STATIC,171.2219944890733,97.30095133227378,HUNCH,UPRIGHT,170.39539540294965,RIGHT_TILT,False,0.1171089970393916,0.01680672268907563,0.11418051641707991,779.7738265991211,247.54240036010742,4.460000000000001,0.9992099404335022,False,,88.94868369258995,0.0,88.94868369258995,torso,False
9.376666666666667,225,162.2684215763171,STATIC,159.67300682769866,STATIC,65.73976533931061,STATIC,80.838161443088,STATIC,92.48721187777501,STATIC,102.10711793047523,STATIC,120.51551227225416,STATIC,121.16589366865276,STATIC,171.17076407914382,97.86133193552132,HUNCH,UPRIGHT,170.98293866437626,RIGHT_TILT,False,0.11586370680995262,0.016666666666666666,0.11419454300368719,780.1126480102539,249.8127293586731,4.501666666666667,0.9992294907569885,False,,90.40801684116052,0.0,90.40801684116052,torso,False
9.418333333333335,226,162.52548356214808,STATIC,157.67793343930222,STATIC,65.27883488461437,STATIC,80.66039402916566,STATIC,91.81292896836557,STATIC,101.52026920339823,STATIC,122.16068615745891,STATIC,122.05115493527987,STATIC,171.83353805604162,99.31895455735429,HUNCH,UPRIGHT,171.78193432202977,RIGHT_TILT,False,0.11262454542810159,0.01652892561983471,0.11418156781711208,780.1337432861328,251.77209377288818,4.543333333333335,0.9992476105690002,False,,91.26287132741244,0.0,91.26287132741244,torso,False
9.46,227,161.78333595284064,STATIC,156.27823553375026,STATIC,64.46206593116834,STATIC,80.34584301629735,STATIC,91.04208705607081,STATIC,101.34247689813357,STATIC,111.75363279394297,FLEXION,112.66908582405213,FLEXION,172.84785593174558,99.39651180325386,HUNCH,UPRIGHT,170.89489612809334,RIGHT_TILT,False,0.11245219599276919,0.01639344262295082,0.11416739263822404,780.0205993652344,251.4090621471405,4.585000000000001,0.9992854595184326,False,,90.13984155294995,0.0,90.13984155294995,torso,False
9.501666666666667,228,160.79418896784253,STATIC,156.59086110900932,STATIC,62.765783710934954,STATIC,79.86293993115275,STATIC,97.32258425782261,EXTENSION,106.24701294940961,STATIC,114.1389112667909,STATIC,115.25774799193063,STATIC,167.68194737405767,93.10909709572198,HUNCH,UPRIGHT,170.88383128942647,RIGHT_TILT,False,0.1264242286761734,0.016260162601626018,0.1142670417117033,780.7276916503906,252.41825938224792,4.626666666666667,0.9993288218975067,False,,90.78843916463596,0.0,90.78843916463596,torso,False
9.543333333333335,229,161.2761974251634,STATIC,155.38071718376776,STATIC,62.25718413775991,STATIC,79.41241740439834,STATIC,95.6103790394089,STATIC,103.61980235302563,STATIC,110.71536444103877,STATIC,109.06784744550458,FLEXION,170.10488241537158,95.29631706837607,HUNCH,UPRIGHT,170.80409996574235,RIGHT_TILT,False,0.12156373984805317,0.016129032258064516,0.11432588605151257,781.0908889770508,252.00716257095337,4.668333333333335,0.9993563294410706,False,,90.50594136125918,0.0,90.50594136125918,torso,False
9.585,230,161.9725819053564,STATIC,154.59703789798357,STATIC,62.07019165879385,STATIC,78.78096021021061,STATIC,94.52370140378653,STATIC,102.94823367935741,STATIC,114.11604418224414,STATIC,112.3989595146461,STATIC,170.43944156504634,96.4431107579284,HUNCH,UPRIGHT,172.13501127115248,RIGHT_TILT,False,0.11901530942682577,0.016,0.11436340143851509,782.0105361938477,253.1409215927124,4.710000000000001,0.9993782043457031,False,,90.97240553872102,0.0,90.97240553872102,torso,False
9.626666666666667,231,163.15727333978543,STATIC,154.32521298052535,STATIC,62.57062919208364,STATIC,78.20952321247799,STATIC,94.37287547175977,STATIC,104.0527632462876,STATIC,112.53275615716665,STATIC,114.75923905210584,STATIC,169.0687753921789,98.85349586079678,HUNCH,UPRIGHT,173.96227005722957,RIGHT_TILT,False,0.11365889808711827,0.015873015873015872,0.11435781014207543,782.5214004516602,255.72025179862976,4.751666666666667,0.9993955492973328,False,,91.65864436293487,0.0,91.65864436293487,torso,False
9.668333333333335,232,161.4438357251476,STATIC,153.60646708669415,STATIC,68.20936162327294,EXTENSION,79.67249229469755,STATIC,65.36148096840587,FLEXION,74.80737600590928,FLEXION,78.88050402953927,FLEXION,74.39746117002184,FLEXION,157.45102868259443,126.0492077225828,HUNCH,UPRIGHT,175.33416519408595,RIGHT_TILT,False,0.053223982838704886,0.015748031496062992,0.11387644142315126,782.5691986083984,255.66758394241333,4.793333333333335,0.9993642866611481,False,,90.86166647268458,0.0,90.86166647268458,torso,False
9.71,233,162.20976697597476,STATIC,151.28408376054114,STATIC,67.21867994753109,STATIC,80.25840702886246,STATIC,71.19810371966773,EXTENSION,78.45832224052556,STATIC,77.32660641791946,STATIC,74.27659286931454,STATIC,162.69897835446145,123.79265034861788,HUNCH,UPRIGHT,176.44527777994463,RIGHT_TILT,False,0.05823855478084916,0.015625,0.11344177043375828,782.9412078857422,256.1167573928833,4.835000000000001,0.9993580877780914,False,,91.19210698212089,0.0,91.19210698212089,torso,False
9.751666666666667,234,161.81747623774714,STATIC,148.4553533157545,STATIC,62.60635206124064,STATIC,80.94163436302115,STATIC,70.39907267100256,STATIC,77.68962334582359,STATIC,77.82380236580485,STATIC,76.99622063520025,STATIC,161.9568664609444,124.6615412004804,HUNCH,UPRIGHT,175.71249151138912,RIGHT_TILT,False,0.056307686221154674,0.015503875968992248,0.11299887055614119,783.2469177246094,256.1626875400543,4.876666666666667,0.9993213713169098,False,,91.20002092219129,0.0,91.20002092219129,torso,False
9.793333333333335,235,163.03233439646237,STATIC,144.22595407335942,STATIC,64.20910475986372,STATIC,81.10771376769384,STATIC,73.3173163200819,STATIC,83.6067625827379,EXTENSION,78.54789452370674,STATIC,86.2870139925845,EXTENSION,166.4949379897728,120.4421461627281,HUNCH,UPRIGHT,173.78273072328548,RIGHT_TILT,False,0.06568411963838201,0.015384615384615385,0.11263491093369689,783.7233352661133,257.2312581539154,4.918333333333335,0.9992563426494598,False,,91.68587586063204,0.0,91.68587586063204,torso,False
9.835,236,163.50433541473967,STATIC,144.83672228249853,STATIC,63.53362712054126,STATIC,81.85005979006178,STATIC,73.3123999053027,STATIC,83.5195760979796,STATIC,81.5097682159964,STATIC,85.37385692229866,STATIC,166.58779799050888,118.97063245852951,HUNCH,UPRIGHT,172.8618142206477,RIGHT_TILT,False,0.06895415009215666,0.015267175572519083,0.1123014700112424,784.7246551513672,258.60061168670654,4.960000000000001,0.999150276184082,False,,92.89607590716402,0.0,92.89607590716402,torso,False
9.876666666666667,237,166.03264820119,STATIC,135.74480252061397,FLEXION,64.12859043646918,STATIC,81.58916262450585,STATIC,83.07459620725054,EXTENSION,98.93948171552898,EXTENSION,110.24386876395292,EXTENSION,107.74021675414754,EXTENSION,174.55547882511965,107.03949161611837,HUNCH,UPRIGHT,171.09135478390775,RIGHT_TILT,False,0.09546779640862584,0.015151515151515152,0.11217394218091954,785.5730056762695,261.524498462677,5.001666666666667,0.9989074468612671,False,,95.04847765195444,0.0,95.04847765195444,torso,False
9.918333333333335,238,168.86587845425368,STATIC,138.32409986496552,STATIC,67.16901227376955,STATIC,82.5210406358963,STATIC,85.91079592898532,STATIC,104.5879954728318,EXTENSION,98.99024017638571,FLEXION,101.9598857641359,FLEXION,171.46745945124408,102.369307525805,HUNCH,UPRIGHT,170.0366329402587,RIGHT_TILT,False,0.10584598327598889,0.015037593984962405,0.1121263635425366,785.7198333740234,263.22521209716797,5.043333333333335,0.9989073872566223,False,,95.62057233238812,0.0,95.62057233238812,torso,False
9.96,239,168.22258899316452,STATIC,141.6778059247116,STATIC,67.52444558448455,STATIC,83.37328644776385,STATIC,80.55328169254196,FLEXION,98.82509201727784,FLEXION,88.23931015742801,FLEXION,93.18785964700653,FLEXION,174.68957449517228,106.92334220034002,HUNCH,UPRIGHT,170.81282145080772,RIGHT_TILT,False,0.09572590622146664,0.014925373134328358,0.11200397206999131,785.3590393066406,263.7387156486511,5.085000000000001,0.9989318251609802,False,,95.54970951038312,0.0,95.54970951038312,torso,False
10.001666666666667,240,162.23442691378636,FLEXION,140.22678858325105,STATIC,66.16630336698559,STATIC,83.4621698365722,STATIC,71.74325489033419,FLEXION,91.1019055970083,FLEXION,72.96079688970126,FLEXION,79.12724447674819,FLEXION,169.85127766270892,114.44567110807968,HUNCH,UPRIGHT,171.28224350341424,RIGHT_TILT,False,0.07900961975982294,0.014814814814814815,0.11175956946028635,784.6796035766602,263.03582668304443,5.126666666666667,0.9989620745182037,False,,94.87188318669997,0.0,94.87188318669997,torso,False
10.043333333333335,241,169.17833231990787,EXTENSION,138.56368433993518,STATIC,73.25095990919358,EXTENSION,82.66762848162934,STATIC,80.83894255630004,EXTENSION,98.80960676153714,EXTENSION,98.73289012774629,EXTENSION,96.08600520196453,EXTENSION,174.6503602328156,103.50607099543971,HUNCH,UPRIGHT,172.2453183691141,RIGHT_TILT,False,0.1033198422323562,0.014705882352941176,0.11169751264243392,784.5964050292969,266.3116192817688,5.168333333333335,0.9989819228649139,False,,96.54993426671479,0.0,96.54993426671479,torso,False
10.085,242,170.85543747863855,STATIC,136.20006532269403,STATIC,76.02197464664687,STATIC,83.38424480291874,STATIC,81.08195199152703,STATIC,99.13067547636054,STATIC,96.69743073623223,STATIC,94.11719690470733,STATIC,174.39306478427216,105.29208158208696,HUNCH,UPRIGHT,173.23913298409533,RIGHT_TILT,False,0.09935092981758453,0.014598540145985401,0.11160739159991678,783.8423538208008,267.88094758987427,5.210000000000001,0.9990288317203522,False,,96.81871901420743,0.0,96.81871901420743,torso,False
10.126666666666667,243,171.7168355749574,STATIC,135.35771810403077,STATIC,77.88434121470844,STATIC,82.76060863546402,STATIC,82.11824801856261,STATIC,99.33715859853494,STATIC,102.33245824074437,EXTENSION,103.37582857284998,EXTENSION,174.11136354730598,104.99089794974411,HUNCH,UPRIGHT,173.92537572773918,RIGHT_TILT,False,0.10002022677834643,0.014492753623188406,0.11152342663744162,783.9375686645508,268.8549864292145,5.251666666666667,0.9990847408771515,False,,96.80243004101365,0.0,96.80243004101365,torso,False
10.168333333333335,244,173.56311307235106,STATIC,144.74853599218181,EXTENSION,77.49019126228829,STATIC,82.9475387406954,STATIC,79.71257117229771,STATIC,93.47411987660594,FLEXION,87.28054737115933,FLEXION,84.72519334504472,FLEXION,173.91963708071071,106.36885154080414,HUNCH,UPRIGHT,175.65508433891614,RIGHT_TILT,False,0.09695810768710189,0.014388489208633094,0.111418640170173,784.9117660522461,270.6025743484497,5.293333333333335,0.9990602135658264,False,,96.95934202195534,0.0,96.95934202195534,torso,False
10.21,245,171.03294018270668,STATIC,148.31234807090752,STATIC,79.07133933789487,STATIC,83.2983786115232,STATIC,74.94511341632334,STATIC,91.13739482913023,STATIC,83.69920654540628,STATIC,83.32647167499117,STATIC,171.3758010572376,109.76352321303882,HUNCH,UPRIGHT,174.69965344352264,RIGHT_TILT,False,0.08941439285991375,0.014285714285714285,0.11126146697509971,785.3547668457031,269.46929812431335,5.335000000000001,0.9990214109420776,False,,95.78509042177619,0.0,95.78509042177619,torso,False
10.251666666666667,246,171.55008241804038,STATIC,165.09676759930508,EXTENSION,78.45410244606911,STATIC,83.53288653365014,STATIC,68.61692681713176,FLEXION,85.80141747141057,FLEXION,70.21117425230919,FLEXION,76.09200315415549,FLEXION,165.36908693917246,117.67942628166982,HUNCH,UPRIGHT,174.76135115347142,RIGHT_TILT,False,0.07182349715184484,0.014184397163120567,0.11098176506145961,785.6998062133789,269.1177785396576,5.376666666666667,0.998994380235672,False,,95.45882531049516,0.0,95.45882531049516,torso,False
10.293333333333335,247,170.14732765112277,STATIC,138.51995718237575,FLEXION,79.15649026092643,STATIC,84.09393347165489,STATIC,71.25777415839073,STATIC,87.46048256927332,STATIC,74.79379096123424,STATIC,79.80687823213296,STATIC,167.6272214867428,115.418051140442,HUNCH,UPRIGHT,176.93783699211116,RIGHT_TILT,False,0.07684877524346223,0.014084507042253521,0.11074139189372724,786.6986465454102,270.65133690834045,5.418333333333335,0.9988792836666107,False,,95.24279538548656,0.0,95.24279538548656,torso,False
10.335,248,171.17649064805437,STATIC,156.76560214441946,EXTENSION,75.53045897830266,STATIC,84.30904769036121,STATIC,65.9093603331879,FLEXION,82.51013453035166,STATIC,65.64141137153887,FLEXION,69.96851489014492,FLEXION,162.11816821379188,122.15413718637957,HUNCH,UPRIGHT,2.4158899400144564,UPRIGHT,False,0.061879695141378734,0.013986013986013986,0.11039970170664788,786.6272735595703,271.46265149116516,5.460000000000001,0.998829573392868,False,,94.79864837599442,0.0,94.79864837599442,torso,False
10.376666666666667,249,170.91897527694286,STATIC,128.70010095313415,FLEXION,76.89653946771661,STATIC,85.10367507854507,STATIC,73.93323401147299,EXTENSION,98.55040000719917,EXTENSION,88.10591479732763,EXTENSION,86.98232134338103,EXTENSION,173.62726295915527,111.80224707157532,HUNCH,UPRIGHT,176.47917928455766,RIGHT_TILT,False,0.08488389539649928,0.013888888888888888,0.11022250860727184,786.4642715454102,273.31889033317566,5.501666666666667,0.9988469779491425,False,,96.70868381316424,0.0,96.70868381316424,torso,False
10.418333333333335,250,169.43973672066596,STATIC,130.36077424092883,STATIC,73.35792921832264,STATIC,85.4070848818793,STATIC,70.19502864821625,STATIC,93.00890039018243,FLEXION,70.28953260072825,FLEXION,73.57873522094944,FLEXION,169.85575218770987,115.79295191700085,HUNCH,UPRIGHT,176.70694603089117,RIGHT_TILT,False,0.0760156624066648,0.013793103448275862,0.10998659932312972,786.2862396240234,274.511593580246,5.543333333333335,0.9988332986831665,False,,97.80608067852704,0.0,97.80608067852704,torso,False
10.46,251,167.84468274334947,STATIC,121.58217575149449,FLEXION,71.29828512309126,STATIC,85.31727648333373,STATIC,71.979784751537,STATIC,92.17452793497405,STATIC,65.77977653206386,STATIC,68.34253899969893,FLEXION,170.65771027504212,113.94617254503649,HUNCH,UPRIGHT,175.56553513907602,RIGHT_TILT,False,0.08011961656658557,0.0136986301369863,0.10978203094808489,786.2612533569336,275.05154371261597,5.585000000000001,0.9988162219524384,False,,98.51444515785134,0.0,98.51444515785134,torso,False
10.501666666666667,252,163.86456128467685,STATIC,119.6885560410475,STATIC,69.57214580997253,STATIC,84.95108819771092,STATIC,72.50299943518448,STATIC,92.86064849862495,STATIC,65.08795216169062,STATIC,69.46968087353669,STATIC,172.09827172858158,112.80498267776076,HUNCH,UPRIGHT,2.2580123309370594,UPRIGHT,False,0.08265559404942054,0.013605442176870748,0.10959749736374023,786.5922927856445,276.8598139286041,5.626666666666667,0.9987792670726776,False,,99.19451038133651,0.0,99.19451038133651,torso,False
10.543333333333335,253,161.37295118063014,STATIC,130.94499728156276,EXTENSION,66.13076285486659,STATIC,84.44615885047962,STATIC,72.48661512436111,STATIC,89.92323270612286,STATIC,69.66863170270955,STATIC,72.37726321735819,STATIC,170.85967145746562,110.29714575169248,HUNCH,UPRIGHT,176.26182135891722,RIGHT_TILT,False,0.08822856499623892,0.013513513513513514,0.10945311268558144,787.5085067749023,277.75086522102356,5.668333333333335,0.998773455619812,False,,99.52151408195415,0.0,99.52151408195415,torso,False
10.585,254,159.16467831245387,STATIC,140.03448937611662,EXTENSION,62.84152487321245,STATIC,83.53908263230781,STATIC,66.32810704735175,FLEXION,80.97981270495046,FLEXION,66.86648313604704,STATIC,68.33892173508184,STATIC,162.98145206025475,117.31412147850239,HUNCH,UPRIGHT,174.6581802973471,RIGHT_TILT,False,0.07263528560332803,0.013422818791946308,0.1092060131749623,789.6313858032227,277.1622705459595,5.710000000000001,0.998671144247055,False,,99.59227607420414,0.0,99.59227607420414,torso,False
10.626666666666667,255,157.12497620022512,STATIC,148.56848896439175,EXTENSION,58.786651046251585,STATIC,82.93196357923084,STATIC,59.870026079443214,FLEXION,74.7422426161396,FLEXION,62.531130676552664,STATIC,65.74417890594619,STATIC,156.03204117482548,123.33256398221299,HUNCH,UPRIGHT,173.3061535525129,RIGHT_TILT,False,0.05926096892841559,0.013333333333333334,0.10887304621331867,790.7147598266602,276.64470076560974,5.751666666666667,0.998704195022583,False,,100.07112274330781,0.0,100.07112274330781,torso,False
10.668333333333335,256,158.4745399523666,STATIC,139.37040966490804,FLEXION,61.97741538141202,STATIC,83.43304463405161,STATIC,59.53527338820111,STATIC,73.30815079408994,STATIC,59.31977734384175,STATIC,64.51724432403061,STATIC,154.15186264310154,127.28285719952513,HUNCH,UPRIGHT,173.14507510717286,RIGHT_TILT,False,0.05048253955661083,0.013245033112582781,0.10848635411625439,791.7214202880859,278.04020047187805,5.793333333333335,0.9986920952796936,False,,99.44985698368592,0.0,99.44985698368592,torso,False
10.71,257,160.38850717596898,STATIC,136.92412430113745,STATIC,62.742556978485304,STATIC,83.54305927256836,STATIC,82.08422606900294,EXTENSION,97.21256064947596,EXTENSION,88.2269278117501,EXTENSION,90.1447727522007,EXTENSION,175.4660503326248,104.00972616764086,HUNCH,UPRIGHT,173.04981715821395,RIGHT_TILT,False,0.10220060851635364,0.013157894736842105,0.10844500052678137,793.7968063354492,281.15702390670776,5.835000000000001,0.9986879825592041,False,,101.50877164069081,0.0,101.50877164069081,torso,False
10.751666666666667,258,160.83468757603598,STATIC,137.33106612270979,STATIC,62.761551791921455,STATIC,83.62850156239105,STATIC,82.85580370420628,STATIC,99.39348863468722,STATIC,94.95102842464689,EXTENSION,96.85615953726708,EXTENSION,174.68223183858152,103.4198038939975,HUNCH,UPRIGHT,170.94890298321755,RIGHT_TILT,False,0.10351154690222779,0.013071895424836602,0.10841275573184965,796.4066696166992,282.8937757015228,5.876666666666667,0.9987136125564575,False,,102.70526616175671,0.0,102.70526616175671,torso,False
10.793333333333335,259,156.76808152613427,STATIC,140.90524293188585,STATIC,59.04137932631499,STATIC,81.89171239601116,STATIC,60.146872977718346,FLEXION,72.69609154164513,FLEXION,56.35333151045618,FLEXION,58.79570581341284,FLEXION,155.32270094101435,126.10905246905567,HUNCH,UPRIGHT,170.76848857009043,RIGHT_TILT,False,0.05309099451320961,0.012987012987012988,0.1080535235161442,797.8479766845703,283.73979806900024,5.918333333333335,0.9987489879131317,False,,102.71174376158817,0.0,102.71174376158817,torso,False
10.835,260,157.9872345963511,STATIC,142.0107204279802,STATIC,59.560907347855,STATIC,81.8893465438847,STATIC,61.573454708140076,STATIC,76.11232869230365,STATIC,58.78227797618465,STATIC,62.645693540425604,STATIC,156.87920171738426,123.3208317768332,HUNCH,UPRIGHT,170.4981015808157,RIGHT_TILT,False,0.05928704049592622,0.012903225806451613,0.10773890104504602,799.0755081176758,284.0328347682953,5.960000000000001,0.9987683892250061,False,,103.0660537016443,0.0,103.0660537016443,torso,False
10.876666666666667,261,156.51059875683913,STATIC,141.45277111956977,STATIC,59.72936241986756,STATIC,81.9213849951694,STATIC,66.67810913147856,EXTENSION,79.01369408750932,STATIC,70.25834330056169,EXTENSION,80.74688161716345,EXTENSION,160.9066555264945,119.04147803010567,HUNCH,UPRIGHT,169.54319268682445,RIGHT_TILT,False,0.06879671548865407,0.01282051282051282,0.10748927165045377,799.4022750854492,283.53747367858887,6.001666666666667,0.9987547099590302,False,,104.57133888333098,0.0,104.57133888333098,torso,False
10.918333333333335,262,160.5114544430184,STATIC,130.356834259724,FLEXION,61.06348635500205,STATIC,82.97867936164327,STATIC,78.56159831397255,EXTENSION,97.13069135120035,EXTENSION,74.64327982125917,STATIC,87.42890726845127,EXTENSION,174.78049743683016,109.52137812395648,HUNCH,UPRIGHT,168.9173966105939,RIGHT_TILT,False,0.08995249305787449,0.012738853503184714,0.10737757242374946,798.9682388305664,283.6787939071655,6.043333333333335,0.9987863600254059,False,,104.34584727625919,0.0,104.34584727625919,torso,False
10.96,263,162.756669747177,STATIC,122.231476163711,FLEXION,60.25220687150021,STATIC,83.59485213724456,STATIC,86.12463687978926,EXTENSION,102.12151466793522,STATIC,97.22172538312861,EXTENSION,103.54964088241063,EXTENSION,174.23307663015768,104.98488980664206,HUNCH,UPRIGHT,168.58047939744972,RIGHT_TILT,False,0.1000335782074621,0.012658227848101266,0.10733109144769701,799.7372055053711,283.4206688404083,6.085000000000001,0.9986657202243805,False,,103.78261501973101,0.0,103.78261501973101,torso,False
11.001666666666667,264,164.3676975390807,STATIC,121.00408385233563,STATIC,61.73328278197303,STATIC,83.56358442037182,STATIC,90.45563872000706,STATIC,104.46650032047296,STATIC,112.00562985341539,EXTENSION,116.4731449304251,EXTENSION,171.69202202608525,101.46725329947162,HUNCH,UPRIGHT,169.12644129834163,RIGHT_TILT,False,0.10785054822339639,0.012578616352201259,0.10733435847144354,803.9886093139648,285.216600894928,6.126666666666667,0.9985566735267639,False,,103.8575485268651,0.0,103.8575485268651,torso,False
11.043333333333335,265,166.35446304486481,STATIC,117.25536500454257,STATIC,63.58935272380087,STATIC,83.54790429717332,STATIC,85.4694221957745,STATIC,99.54566943359727,STATIC,95.007094916275,FLEXION,106.14316670958448,FLEXION,174.26732759757635,106.57057342892296,HUNCH,UPRIGHT,169.08771279995705,RIGHT_TILT,False,0.09650983682461567,0.0125,0.10726670521115086,806.9793319702148,287.30823040008545,6.168333333333335,0.9983983635902405,False,,105.91156802382928,0.0,105.91156802382928,torso,False
11.085,266,166.9957944446091,STATIC,118.9797811186865,STATIC,64.3943010608623,STATIC,83.42198087392649,STATIC,74.59302703160151,FLEXION,89.80392409875408,FLEXION,97.12144413896493,STATIC,101.6339746144261,STATIC,169.37279687860155,116.65673089763112,HUNCH,UPRIGHT,170.23207071918733,RIGHT_TILT,False,0.07409615356081974,0.012422360248447204,0.1070606769400308,809.1460800170898,288.1890141963959,6.210000000000001,0.9982839524745941,False,,106.1252541674226,0.0,106.1252541674226,torso,False
11.126666666666667,267,167.80196077364943,STATIC,115.11473554940083,STATIC,64.91507029983296,STATIC,83.5614256170719,STATIC,74.57950360610825,STATIC,89.87434991764934,STATIC,107.42927615445956,EXTENSION,108.8612615111113,EXTENSION,168.98593751367588,116.13715107550216,HUNCH,UPRIGHT,169.82987852842243,RIGHT_TILT,False,0.07525077538777299,0.012345679012345678,0.10686431952304155,810.2931594848633,287.9756283760071,6.251666666666667,0.9981969594955444,False,,106.0476676907163,0.0,106.0476676907163,torso,False
11.168333333333335,268,167.45680930532674,STATIC,112.27143684629169,STATIC,64.81054528497761,STATIC,83.67433210576853,STATIC,75.38559511335266,STATIC,90.10103679791091,STATIC,125.82235755466618,EXTENSION,121.45986754177949,EXTENSION,169.08345759543977,116.67337276629091,HUNCH,UPRIGHT,169.34375939905348,RIGHT_TILT,False,0.07405917163046465,0.012269938650306749,0.10666306094701349,811.1416625976562,287.5298023223877,6.293333333333335,0.9980713129043579,False,,105.6124907644007,0.0,105.6124907644007,torso,False
11.21,269,167.72865929387282,STATIC,110.24275999265264,STATIC,63.8762917587849,STATIC,83.6789778016449,STATIC,81.76975939250133,EXTENSION,101.94481186351832,EXTENSION,116.38181040845079,FLEXION,117.05590184252387,STATIC,173.9967121720634,111.73344293996199,HUNCH,UPRIGHT,168.74772145455643,RIGHT_TILT,False,0.08503679346675112,0.012195121951219513,0.10653119346237774,812.7656936645508,287.1879172325134,6.335000000000001,0.9980550408363342,False,,105.6029131684174,0.0,105.6029131684174,torso,False
11.251666666666667,270,167.32365099528062,STATIC,109.14014509620065,STATIC,62.71730255542467,STATIC,83.9750386859653,STATIC,79.32140512393447,STATIC,102.9692678725437,STATIC,107.62337760919429,FLEXION,114.46856945303813,STATIC,173.03705166328018,114.23296456891796,HUNCH,UPRIGHT,166.54400850581453,RIGHT_TILT,False,0.07948230095796009,0.012121212121212121,0.10636726078053278,814.5159530639648,286.26641750335693,6.376666666666667,0.997926265001297,False,,104.64630306702863,0.0,104.64630306702863,torso,False
11.293333333333335,271,167.00721357721608,STATIC,105.00260482893972,STATIC,61.58869685458148,STATIC,83.96766013131452,STATIC,80.92240099829182,STATIC,104.36268119243483,STATIC,121.7474365371381,EXTENSION,120.35983792195852,EXTENSION,173.30396466112228,114.13119732499548,HUNCH,UPRIGHT,166.79632345427643,RIGHT_TILT,False,0.07970845038889891,0.012048192771084338,0.1062066655372097,814.833984375,286.2951171398163,6.418333333333335,0.9979267418384552,False,,103.71540577017683,0.0,103.71540577017683,torso,False
11.335,272,166.20101553740312,STATIC,101.5415648070531,STATIC,62.35431791789472,STATIC,83.77735624043446,STATIC,78.35377281639563,STATIC,102.61946519916309,STATIC,122.96871678405444,STATIC,123.88498789171281,STATIC,172.42292389320707,113.58040705618279,HUNCH,UPRIGHT,166.93195634503277,RIGHT_TILT,False,0.08093242876403824,0.011976047904191617,0.106055322802041,816.6413497924805,286.18247509002686,6.460000000000001,0.99795201420784,False,,103.23039385266362,0.0,103.23039385266362,torso,False
11.376666666666667,273,165.37306064127304,STATIC,92.82000775495689,FLEXION,61.62459023554949,STATIC,83.78177172383609,STATIC,75.2392907847588,STATIC,98.35797255334343,STATIC,85.06718367051253,FLEXION,93.35148769961174,FLEXION,169.09892102706934,121.65058573963199,HUNCH,UPRIGHT,166.43228705731553,RIGHT_TILT,False,0.06299869835637335,0.011904761904761904,0.10579903337081678,817.3383331298828,286.1173403263092,6.501666666666667,0.9979159235954285,False,,103.12399770154666,0.0,103.12399770154666,torso,False
11.418333333333335,274,165.2471106090432,STATIC,88.85843260450581,STATIC,57.704582867014025,STATIC,83.70134097960212,STATIC,86.38261218639123,EXTENSION,104.5072685339246,EXTENSION,119.93275494581498,EXTENSION,116.85839486201914,EXTENSION,173.04897929022044,113.72716621900406,HUNCH,UPRIGHT,166.39342087444942,RIGHT_TILT,False,0.0806062972911021,0.011834319526627219,0.10564996392655811,821.0232543945312,286.93289279937744,6.543333333333335,0.9979478120803833,False,,103.83044007108808,0.0,103.83044007108808,torso,False
11.46,275,165.43800006951835,STATIC,86.2587900152075,STATIC,55.66670690201921,STATIC,83.84126990664589,STATIC,99.13431661350276,EXTENSION,112.55520757824443,EXTENSION,117.56294071446271,STATIC,119.54339328508945,STATIC,166.0642111333299,104.00797680483143,HUNCH,UPRIGHT,168.01559180661818,RIGHT_TILT,False,0.10220449598926347,0.011764705882352941,0.10562969646810344,823.1009292602539,288.51523518562317,6.585000000000001,0.9980165660381317,False,,103.56672118377377,0.0,103.56672118377377,torso,False
11.501666666666667,276,165.16782766694655,STATIC,82.49198870826588,STATIC,55.46849283773589,STATIC,83.80234244256428,STATIC,96.18154311538648,STATIC,111.41123323799589,STATIC,126.65517295189882,EXTENSION,122.6984253116291,STATIC,167.4183847903591,105.8250460154406,HUNCH,UPRIGHT,168.9492821510542,RIGHT_TILT,False,0.09816656441013198,0.011695906432748537,0.10558605242098079,823.9483642578125,291.30104184150696,6.626666666666667,0.9980700314044952,False,,104.96988619958108,0.0,104.96988619958108,torso,False
11.543333333333335,277,165.3282635738128,STATIC,74.0812164250561,FLEXION,54.49801389279382,STATIC,84.33136155907229,STATIC,95.00971552433398,STATIC,115.74870012579032,STATIC,118.32580909556627,FLEXION,118.51257245469314,STATIC,165.98820520140526,106.8622565705611,HUNCH,UPRIGHT,169.2073049596755,RIGHT_TILT,False,0.09586165206541979,0.011627906976744186,0.10552951520961125,825.1840591430664,292.17912197113037,6.668333333333335,0.9980943500995636,False,,106.02931596795267,0.0,106.02931596795267,torso,False
11.585,278,164.39815492059537,STATIC,72.51442526187891,STATIC,54.384288900819215,STATIC,83.93417195570801,STATIC,94.0999839088955,STATIC,113.6954453858371,STATIC,119.96159043047237,STATIC,119.97943877565697,STATIC,167.30540980712814,105.34216613558152,HUNCH,UPRIGHT,169.6317146650843,RIGHT_TILT,False,0.09923963080981883,0.011560693641618497,0.10549315749631766,827.5323486328125,294.26626682281494,6.710000000000001,0.9980894327163696,False,,107.44701034638632,0.0,107.44701034638632,torso,False
11.626666666666667,279,164.53848278767276,STATIC,69.29559611743649,STATIC,54.6589883067336,STATIC,83.97440826757358,STATIC,92.46229180099299,STATIC,111.0442401898016,STATIC,112.40279537937238,FLEXION,116.1243995395499,STATIC,169.20704337130303,107.2921841868094,HUNCH,UPRIGHT,170.33732065789872,RIGHT_TILT,False,0.0949062573626458,0.011494252873563218,0.10543231324267587,829.8384857177734,296.2751019001007,6.751666666666667,0.998075544834137,False,,108.56061928582797,0.0,108.56061928582797,torso,False
11.668333333333335,280,161.56538384271016,STATIC,67.94092336762435,STATIC,54.28340492716651,STATIC,83.81261692466514,STATIC,85.17793403425819,FLEXION,99.6512832126194,FLEXION,105.38595429374118,FLEXION,106.62082808179308,FLEXION,174.4083380005726,110.1775005899948,HUNCH,UPRIGHT,170.04215115266504,RIGHT_TILT,False,0.08849444313334487,0.011428571428571429,0.1053355254134797,832.5048065185547,296.3787317276001,6.793333333333335,0.9980496466159821,False,,108.81014576436188,0.0,108.81014576436188,torso,False
11.71,281,161.88826464060412,STATIC,65.45584076570299,STATIC,53.337711017030685,STATIC,83.99066877608654,STATIC,83.57070099356767,STATIC,101.7508066043162,STATIC,99.5575476730336,FLEXION,109.00572988050781,STATIC,173.93428888801654,112.27196785378752,HUNCH,UPRIGHT,169.3014500593698,RIGHT_TILT,False,0.08384007143602774,0.011363636363636364,0.10521339215224418,835.7648849487305,296.3710391521454,6.835000000000001,0.9980611801147461,False,,108.87726573037894,0.0,108.87726573037894,torso,False
11.751666666666667,282,160.69905900004312,STATIC,71.80389717679604,EXTENSION,59.192310585610706,EXTENSION,84.10958185538212,STATIC,64.89285769818781,FLEXION,78.804702211054,FLEXION,94.8649717071219,STATIC,102.20065147475032,FLEXION,156.0369098627847,130.1931428844362,HUNCH,UPRIGHT,168.4547691382011,RIGHT_TILT,False,0.04401523803458618,0.011299435028248588,0.10486763986909356,838.2413101196289,295.48025608062744,6.876666666666667,0.998100072145462,False,,108.03180580499398,0.0,108.03180580499398,torso,False
11.793333333333335,283,159.1117685333584,STATIC,66.12098807584921,FLEXION,55.455146789270145,STATIC,83.24516633144123,STATIC,62.58573566967777,STATIC,79.47521056719877,STATIC,78.64574116918077,FLEXION,88.84173071545194,FLEXION,154.80344595004732,131.46890692669575,HUNCH,UPRIGHT,167.83784607923184,RIGHT_TILT,False,0.04118020682956499,0.011235955056179775,0.10450984530145577,840.5008697509766,296.44694566726685,6.918333333333335,0.9981472492218018,False,,107.75753518354657,0.0,107.75753518354657,torso,False
11.835,284,158.40070132845213,STATIC,64.2423290499738,STATIC,55.17456942387455,STATIC,83.236674978855,STATIC,62.6997132625604,STATIC,83.24792322853756,STATIC,75.26720799033448,STATIC,81.7352302501813,FLEXION,156.84450870996588,130.69679551479751,HUNCH,UPRIGHT,169.9866552666261,RIGHT_TILT,False,0.04289600996711662,0.0111731843575419,0.10416563393087286,841.6585540771484,299.7142195701599,6.960000000000001,0.9980998933315277,False,,108.82968944062567,0.0,108.82968944062567,torso,False
11.876666666666667,285,158.30986876795998,STATIC,69.96624882227339,EXTENSION,53.75838444071032,STATIC,83.54782649996483,STATIC,66.60750554680449,STATIC,85.70785243419907,STATIC,71.36473499009455,STATIC,77.23878655604926,STATIC,160.84485273277525,127.94832712630527,HUNCH,UPRIGHT,169.5570115957295,RIGHT_TILT,False,0.049003717497099385,0.011111111111111112,0.10385917883957413,844.050407409668,302.9521071910858,7.001666666666667,0.9981603622436523,False,,111.73261160924494,0.0,111.73261160924494,torso,False
11.918333333333335,286,159.3056314836568,STATIC,68.53405886225843,STATIC,52.32270694598308,STATIC,83.4680686862568,STATIC,68.97897458750481,STATIC,88.32198453896127,STATIC,78.86773300308812,EXTENSION,78.09166789204372,STATIC,163.01565163916902,126.8443461650149,HUNCH,UPRIGHT,168.6938974227119,RIGHT_TILT,False,0.05145700852218912,0.011049723756906077,0.1035696640864394,845.1413345336914,305.23900151252747,7.043333333333335,0.9982275366783142,False,,113.84318606128856,0.0,113.84318606128856,torso,False
11.96,287,156.76209490351422,STATIC,68.7274553069055,STATIC,52.65014018726979,STATIC,83.44453366731935,STATIC,62.512055526724865,FLEXION,80.43768331663476,FLEXION,65.45143449576432,FLEXION,71.87927489417798,FLEXION,155.27787765549155,133.3586775342109,HUNCH,UPRIGHT,168.33308256702088,RIGHT_TILT,False,0.03698071659064247,0.01098901098901099,0.10320379074855039,846.544303894043,305.85025548934937,7.085000000000001,0.9982992708683014,False,,113.8357448941889,0.0,113.8357448941889,torso,False
12.001666666666667,288,156.7964920501476,STATIC,72.3491809834862,STATIC,52.42745356827725,STATIC,83.69914698345775,STATIC,66.2750735420038,STATIC,85.70229949721762,EXTENSION,70.59166411510677,EXTENSION,77.60157143580669,EXTENSION,158.94831437869894,129.56664456060335,HUNCH,UPRIGHT,167.49347814703228,RIGHT_TILT,False,0.04540745653199255,0.01092896174863388,0.10288796378561839,848.4921264648438,306.4002585411072,7.126666666666667,0.9983545541763306,False,,114.22760218300597,0.0,114.22760218300597,torso,False
12.043333333333335,289,154.1368579891437,STATIC,69.78529803921306,STATIC,51.46704712771631,STATIC,83.58359290694676,STATIC,64.83060443271579,STATIC,84.00733412191903,STATIC,65.1027385046236,FLEXION,72.73392109465067,STATIC,156.90985289316504,131.57331055637135,HUNCH,UPRIGHT,167.7598004879125,RIGHT_TILT,False,0.040948198763619215,0.010869565217391304,0.10255133462789014,851.333122253418,309.36856269836426,7.168333333333335,0.998382955789566,False,,116.01739645799235,0.0,116.01739645799235,torso,False
12.085,290,153.08098053356784,STATIC,76.68754289258953,EXTENSION,52.374443041717875,STATIC,83.77193646301255,STATIC,63.21026186305946,STATIC,81.5893484883697,STATIC,69.25550555468405,STATIC,81.45627333493607,EXTENSION,155.94304283275255,133.79189345534076,HUNCH,UPRIGHT,166.62534523731608,RIGHT_TILT,False,0.036018014543687214,0.010810810810810811,0.1021916950598674,851.7337417602539,311.6033363342285,7.210000000000001,0.9983747005462646,False,,116.3944990240172,0.0,116.3944990240172,torso,False
12.126666666666667,291,152.20106678866406,STATIC,75.60764296421355,STATIC,47.19179092635669,FLEXION,83.77315254964739,STATIC,66.82917508621118,STATIC,89.36303442750969,EXTENSION,72.0875999350775,STATIC,82.76989503214772,STATIC,161.94714860701228,130.34955619903764,HUNCH,UPRIGHT,167.6508231179575,RIGHT_TILT,False,0.21033431955769413,0.010752688172043012,0.10277310701953314,854.721565246582,314.6199953556061,7.251666666666667,0.9983263611793518,False,,118.18108145319898,0.0,118.18108145319898,torso,False
12.168333333333335,292,152.174236943814,STATIC,79.08225330385923,STATIC,47.105534597893,STATIC,83.43702557096492,STATIC,78.11342932067446,EXTENSION,98.81903888295754,EXTENSION,85.32939510138651,EXTENSION,92.4742643655164,EXTENSION,172.42153085104786,120.97140244594486,HUNCH,UPRIGHT,170.661216394944,RIGHT_TILT,False,0.06450799456456698,0.0106951871657754,0.1025684807497205,859.478645324707,320.50196170806885,7.293333333333335,0.998322993516922,False,,121.85030126560859,0.0,121.85030126560859,torso,False
12.21,293,153.36059224188693,STATIC,83.2188539896184,STATIC,45.11886800939213,STATIC,82.71317488687254,STATIC,83.77703527611324,EXTENSION,100.87332687084705,STATIC,88.82685182012693,STATIC,95.37827660969648,STATIC,173.69937742968276,113.84428648381987,HUNCH,UPRIGHT,168.38853525464626,RIGHT_TILT,False,0.08034603003595582,0.010638297872340425,0.10245027622464728,859.9962615966797,323.00909757614136,7.335000000000001,0.9982495009899139,False,,124.20530656594728,0.0,124.20530656594728,torso,False
12.251666666666667,294,153.16551136897127,STATIC,81.87039217915913,STATIC,44.10572105502775,STATIC,82.88297001913897,STATIC,78.82839504840629,STATIC,96.38046699787658,STATIC,73.22488885382128,FLEXION,87.32922737511254,FLEXION,172.64161177438223,117.51940845159326,HUNCH,UPRIGHT,168.33655892787158,RIGHT_TILT,False,0.07217909232979274,0.010582010582010581,0.10229011123049461,862.4510192871094,326.9872856140137,7.376666666666667,0.9982036352157593,False,,127.4504121525289,0.0,127.4504121525289,torso,False
12.293333333333335,295,154.6535777697039,STATIC,82.3098314001328,STATIC,42.98298766981567,STATIC,82.37360715471901,STATIC,84.15934381714601,EXTENSION,98.88284091591443,STATIC,80.92201024007008,EXTENSION,88.02612090844073,STATIC,173.35892859242185,112.42195823880108,HUNCH,UPRIGHT,166.1514847779672,RIGHT_TILT,False,0.08350675946933091,0.010526315789473684,0.10219125148438322,864.826545715332,328.8777494430542,7.418333333333335,0.9981134235858917,False,,129.38404319017474,0.0,129.38404319017474,torso,False
12.335,296,154.44898694728147,STATIC,82.69177737072125,STATIC,44.731504487667806,STATIC,82.7803204814031,STATIC,81.18626830243622,STATIC,98.015655889513,STATIC,82.06438555113574,STATIC,84.99939926988479,STATIC,172.7315887329789,114.24333863880537,HUNCH,UPRIGHT,166.37573970635046,RIGHT_TILT,False,0.07945924746932138,0.010471204188481676,0.10207223575655566,868.183708190918,330.59515714645386,7.460000000000001,0.9980428218841553,False,,129.90907378189013,0.0,129.90907378189013,torso,False
12.376666666666667,297,154.32650158087102,STATIC,82.79579976236849,STATIC,47.33120939794304,STATIC,82.66479827184078,STATIC,85.61991316956451,STATIC,99.8727640732673,STATIC,84.83207778312212,STATIC,88.61692823801533,STATIC,172.49386040048302,109.32429128873201,HUNCH,UPRIGHT,167.22314383428338,RIGHT_TILT,False,0.09039046380281775,0.010416666666666666,0.10201139319429663,870.7394027709961,333.816694021225,7.501666666666667,0.9980644583702087,False,,131.09572526866742,0.0,131.09572526866742,torso,False
12.418333333333335,298,148.97138166682652,FLEXION,82.39969384200577,STATIC,46.81287661587392,STATIC,83.08303167409605,STATIC,78.58037239160666,FLEXION,91.44073298946104,FLEXION,63.63291447638031,FLEXION,72.97022907826012,FLEXION,170.83740265518767,115.45568023387409,HUNCH,UPRIGHT,165.97361976226546,RIGHT_TILT,False,0.07676515503583536,0.010362694300518135,0.10188058367015952,873.0699157714844,336.1234474182129,7.543333333333335,0.9981141090393066,False,,132.234880411486,0.0,132.234880411486,torso,False
12.46,299,148.6066871556766,STATIC,83.15883416717863,STATIC,47.21077322877112,STATIC,82.93463252552486,STATIC,78.0901970540406,STATIC,91.51346345242386,STATIC,66.54439800120242,STATIC,71.46460853339617,STATIC,170.39441378847332,115.70868607737252,HUNCH,UPRIGHT,164.74463289734467,RIGHT_TILT,False,0.07620291982806109,0.010309278350515464,0.10174822457818994,875.9134674072266,338.23310136795044,7.585000000000001,0.9981879591941833,False,,133.83925918603362,0.0,133.83925918603362,torso,False
12.501666666666667,300,152.40413920984125,STATIC,82.13299787522183,STATIC,47.97739138634316,STATIC,82.70172837566399,STATIC,79.07275428398259,STATIC,94.89276619040045,STATIC,71.11693341970253,STATIC,74.14687724480581,STATIC,171.4028819702005,114.16932246237732,HUNCH,UPRIGHT,165.35657604797228,RIGHT_TILT,False,0.07962372786138372,0.010256410256410256,0.10163476562066785,876.9297409057617,340.7285749912262,7.626666666666667,0.9981847405433655,False,,135.0460144240407,0.0,135.0460144240407,torso,False
12.543333333333335,301,154.43859130507084,STATIC,84.74860545544243,STATIC,48.3820420542888,STATIC,82.38199353216979,STATIC,79.12549941285585,STATIC,90.79248916289998,STATIC,66.94724507505344,STATIC,68.43671705144592,FLEXION,170.2416075137136,116.45412394352506,HUNCH,UPRIGHT,166.10655077210657,RIGHT_TILT,False,0.07454639123661096,0.01020408163265306,0.10149655962891248,878.463134765625,342.43067264556885,7.668333333333335,0.9982473850250244,False,,135.85764103859898,0.0,135.85764103859898,torso,False
12.585,302,156.55756626838237,STATIC,86.8252025113809,STATIC,48.26562174762409,STATIC,82.26280794789544,STATIC,81.62224068180262,STATIC,91.17056125978999,STATIC,75.08398335753097,EXTENSION,78.79636903162262,EXTENSION,170.83986424527873,113.75902917373809,HUNCH,UPRIGHT,165.32500660434636,RIGHT_TILT,False,0.08053549072502648,0.01015228426395939,0.10139015826391813,880.1198959350586,343.1883645057678,7.710000000000001,0.9982187449932098,False,,136.82028257118023,0.0,136.82028257118023,torso,False
12.626666666666667,303,160.5534697323753,STATIC,79.11440301036907,FLEXION,52.93035987716129,STATIC,82.36929949549194,STATIC,77.45302615105771,STATIC,89.7372662756699,STATIC,69.956920113289,FLEXION,71.216776535849,FLEXION,168.74448583756117,119.0617540901338,HUNCH,UPRIGHT,166.3608349576359,RIGHT_TILT,False,0.06875165757748043,0.010101010101010102,0.10122531735136035,881.4638900756836,343.81569027900696,7.751666666666667,0.9982580244541168,False,,136.67614373479378,0.0,136.67614373479378,torso,False
12.668333333333335,304,157.8411114841709,STATIC,75.54882934350927,STATIC,49.41204256467547,STATIC,82.11373383047177,STATIC,81.30324989038618,STATIC,92.11436357771609,STATIC,66.93425621062896,STATIC,73.10662487888088,STATIC,171.16501050201026,116.29136893018348,HUNCH,UPRIGHT,166.765700099354,RIGHT_TILT,False,0.07490806904403673,0.010050251256281407,0.10109306987242908,881.4959716796875,345.00972390174866,7.793333333333335,0.9983246028423309,False,,136.93543582144073,0.0,136.93543582144073,torso,False
12.71,305,156.53480921644922,STATIC,75.15145222551457,STATIC,50.406330280161036,STATIC,82.03028572134542,STATIC,81.80839422709123,STATIC,94.01309149916216,STATIC,71.74957879031666,STATIC,74.88505505579889,STATIC,172.01774235020798,116.15526490651992,HUNCH,UPRIGHT,166.37137874710137,RIGHT_TILT,False,0.07521052242995574,0.01,0.10096365713521671,883.321647644043,345.65159797668457,7.835000000000001,0.9983518719673157,False,,136.97023249363374,0.0,136.97023249363374,torso,False
12.751666666666667,306,156.5154335176683,STATIC,76.96534582187087,STATIC,57.21136578131578,EXTENSION,82.57927225035269,STATIC,75.61123859977654,FLEXION,85.21533376295757,FLEXION,65.98015049755541,FLEXION,68.4932529915454,FLEXION,166.42516388776403,120.91788230508573,HUNCH,UPRIGHT,164.67169986805294,RIGHT_TILT,False,0.0646269282109206,0.009950248756218905,0.10078287738932469,886.1297988891602,347.1792447566986,7.876666666666667,0.9983888268470764,False,,138.1472970442779,0.0,138.1472970442779,torso,False
12.793333333333335,307,160.63072264668685,STATIC,80.92535403960936,STATIC,55.59161287388897,STATIC,82.44910816412671,STATIC,75.82385612343647,STATIC,84.80240675672339,STATIC,64.22035033715473,STATIC,65.21093542814761,STATIC,166.42634976361646,120.71688659914062,HUNCH,UPRIGHT,164.71671890029717,RIGHT_TILT,False,0.06507358533524306,0.009900990099009901,0.10060609871578961,887.6815414428711,349.6963906288147,7.918333333333335,0.998441219329834,False,,139.63234387460528,0.0,139.63234387460528,torso,False
12.835,308,149.21853836914462,FLEXION,84.35295438192668,STATIC,50.737226161435885,STATIC,82.17229256797658,STATIC,74.47883169455518,STATIC,84.40891259413377,STATIC,63.08783366434482,STATIC,64.63504056456671,STATIC,165.36276411097595,120.05490027834063,HUNCH,UPRIGHT,164.92983999763626,RIGHT_TILT,False,0.06654466604813196,0.009852216748768473,0.10043830840708194,888.5224151611328,351.1146569252014,7.960000000000001,0.9984847605228424,False,,139.84718052938436,0.0,139.84718052938436,torso,False
12.876666666666667,309,157.9744836995311,EXTENSION,86.05616268408238,STATIC,51.618588970126666,STATIC,82.37974907880474,STATIC,78.03301369850196,STATIC,85.67735244431947,STATIC,64.51994623959115,STATIC,66.3565176506968,STATIC,167.4204777725096,119.07058007058569,HUNCH,UPRIGHT,165.54570074427693,RIGHT_TILT,False,0.06873204428758735,0.00980392156862745,0.10028288554375107,888.5823059082031,353.0792999267578,8.001666666666667,0.998505175113678,False,,140.44474073403734,0.0,140.44474073403734,torso,False
12.918333333333335,310,158.0390192888084,STATIC,86.1151345165501,STATIC,50.08654677100882,STATIC,82.20799537958732,STATIC,81.8755020460988,STATIC,86.51864087760886,STATIC,71.65578536182961,EXTENSION,73.83442180625015,EXTENSION,169.76696410412234,115.76780486300554,HUNCH,UPRIGHT,164.5343684848856,RIGHT_TILT,False,0.0760715447488766,0.00975609756097561,0.10016478144231267,890.7196807861328,356.9379794597626,8.043333333333335,0.9985076785087585,False,,143.16614084530244,0.0,143.16614084530244,torso,False
12.96,311,160.90120808562034,STATIC,89.77928674859916,STATIC,56.48963827001921,EXTENSION,82.35064421144806,STATIC,79.76320533717725,STATIC,87.15613884622286,STATIC,69.70909373383876,STATIC,73.44548587390884,STATIC,169.23918128835953,115.5847470195308,HUNCH,UPRIGHT,163.8863721467976,RIGHT_TILT,False,0.07647833995659825,0.009708737864077669,0.10004979871665386,891.6939163208008,358.6821448802948,8.085,0.9985259175300598,False,,143.6248167562922,0.0,143.6248167562922,torso,False
13.001666666666667,312,160.5718800991447,STATIC,92.59551535188164,STATIC,58.175007799041296,STATIC,82.4892965850833,STATIC,79.02729716945616,STATIC,86.28432045718394,STATIC,68.15406193256486,STATIC,71.53430758332547,STATIC,168.87343821577684,114.55584391461801,HUNCH,UPRIGHT,164.47579738057453,RIGHT_TILT,False,0.07876479130084886,0.00966183574879227,0.0999469725938722,891.9328689575195,361.42481088638306,8.126666666666667,0.9985463917255402,False,,145.15206068740898,0.0,145.15206068740898,torso,False
13.043333333333335,313,157.296989053052,STATIC,91.40029823575357,STATIC,55.63131814183951,STATIC,83.0236205355514,STATIC,74.22000625476197,STATIC,81.88118288492427,STATIC,65.61027116843663,STATIC,66.39902601146441,FLEXION,165.0345792948182,118.8970599615926,HUNCH,UPRIGHT,165.15422985059024,RIGHT_TILT,False,0.06911764452979423,0.009615384615384616,0.0997987546704872,893.078727722168,363.23766231536865,8.168333333333335,0.99858757853508,False,,145.89762094162856,0.0,145.89762094162856,torso,False
13.085,314,153.88134284531168,STATIC,79.58476529776581,FLEXION,44.74672368603711,FLEXION,81.18568820498544,STATIC,77.74446029982451,STATIC,91.32001938599849,EXTENSION,66.40181947402571,STATIC,65.97620218349914,STATIC,170.28141620577452,112.0546988250323,HUNCH,UPRIGHT,166.6021530645214,RIGHT_TILT,False,0.2509895581665949,0.009569377990430622,0.10052215564415279,892.7577209472656,365.25410413742065,8.21,0.9986489415168762,False,,146.20831884075452,0.0,146.20831884075452,torso,False
13.126666666666667,315,144.8017800104265,FLEXION,79.03653492073359,STATIC,41.76424295019532,STATIC,81.38234472600959,STATIC,81.07662515368027,STATIC,89.8954015314689,STATIC,67.93443752794896,STATIC,64.93530337672867,STATIC,171.4618021755555,110.74054943526905,HUNCH,UPRIGHT,167.79814966297795,RIGHT_TILT,False,0.0872432234771799,0.009523809523809525,0.10045892263383387,893.2453918457031,369.40157175064087,8.251666666666667,0.9986798167228699,False,,148.3334354132204,0.0,148.3334354132204,torso,False
13.168333333333335,316,147.9757560937796,STATIC,76.66175215631175,STATIC,40.03630016343341,STATIC,81.22627632453741,STATIC,77.23226627879002,STATIC,87.32709362370728,STATIC,61.64862013648957,FLEXION,61.322593483352016,STATIC,168.32794535918336,115.48340048231674,HUNCH,UPRIGHT,168.0893702604153,RIGHT_TILT,False,0.0767035544837406,0.009478672985781991,0.10034633795065806,893.4046936035156,368.9298462867737,8.293333333333335,0.9987292587757111,False,,146.29379589480612,0.0,146.29379589480612,torso,False
13.21,317,147.6918382012063,STATIC,77.7764318273196,STATIC,39.76224523199922,STATIC,81.32303700975577,STATIC,76.532533075717,STATIC,88.75875193815233,STATIC,63.135281139366036,STATIC,64.6616050828439,STATIC,168.18600986294803,117.0120144865844,HUNCH,UPRIGHT,167.27048543783513,RIGHT_TILT,False,0.0733066344742569,0.009433962264150943,0.10021879217954296,894.7390365600586,368.9807438850403,8.335,0.9986844956874847,False,,145.20409145427357,0.0,145.20409145427357,torso,False
13.251666666666667,318,147.01680122192124,STATIC,80.39880998392037,STATIC,38.47333007519912,STATIC,83.20698761544601,STATIC,72.43611748011365,STATIC,82.77863828372193,FLEXION,57.866643812376864,FLEXION,61.57343754713537,STATIC,162.56878930372477,123.96893213306242,HUNCH,UPRIGHT,166.9007473740208,RIGHT_TILT,False,0.0578468174820835,0.009389671361502348,0.10001986272086945,897.6976776123047,371.33244037628174,8.376666666666667,0.9986550807952881,False,,145.5445193251541,0.0,145.5445193251541,torso,False
13.293333333333335,319,144.6235221769688,STATIC,84.25878052148734,STATIC,40.554732860655356,STATIC,81.12623784332146,STATIC,78.84899224723141,EXTENSION,91.59851153948235,EXTENSION,60.12637741604154,STATIC,60.77612616603448,STATIC,171.04297155946043,113.19228951471707,HUNCH,UPRIGHT,168.19844794739956,RIGHT_TILT,False,0.08179491218951762,0.009345794392523364,0.09993469940062949,898.3435440063477,378.1354022026062,8.418333333333335,0.9986450970172882,False,,150.51756477252445,0.0,150.51756477252445,torso,False
13.335,320,151.25432106182834,EXTENSION,74.48525123804123,FLEXION,36.88430882112558,STATIC,81.29343827577557,STATIC,67.606786166111,FLEXION,84.31026806311267,FLEXION,58.623046291507315,STATIC,60.155759707031656,STATIC,161.97854188405793,122.6350591576557,HUNCH,UPRIGHT,168.4129933940436,RIGHT_TILT,False,0.060810979649653985,0.009302325581395349,0.09975272861109008,900.7139205932617,377.00037717819214,8.46,0.9986714720726013,False,,148.85884223257224,0.0,148.85884223257224,torso,False
13.376666666666667,321,145.36911998438163,FLEXION,67.23246619412795,FLEXION,36.66675790290737,STATIC,79.81513318265814,STATIC,68.36994494427046,STATIC,87.10838757032008,STATIC,57.33403229750398,STATIC,59.05365615662604,STATIC,163.31005606731753,123.0034934144507,HUNCH,UPRIGHT,167.7940992876941,RIGHT_TILT,False,0.0599922368567762,0.009259259259259259,0.09956865226037566,903.8439559936523,381.0744380950928,8.501666666666667,0.9986796379089355,False,,151.81856760249397,0.0,151.81856760249397,torso,False
13.418333333333335,322,147.72371792045448,STATIC,57.70338865949542,FLEXION,36.47216049913696,STATIC,80.23504832420463,STATIC,69.04879381156024,STATIC,90.27024012516176,STATIC,60.92279779859,STATIC,63.275235620637076,STATIC,165.7444638074233,121.67570571487317,HUNCH,UPRIGHT,167.9669205457652,RIGHT_TILT,False,0.06294287618917072,0.009216589861751152,0.09939986988216734,903.8521575927734,383.6468267440796,8.543333333333335,0.998678982257843,False,,152.2751958807746,0.0,152.2751958807746,torso,False
13.46,323,151.8769154823306,STATIC,68.04935057027855,EXTENSION,35.47859632007284,STATIC,79.82290426236314,STATIC,66.39254910932561,STATIC,84.68873517405751,FLEXION,58.338427294703465,STATIC,60.025736433041,STATIC,161.93515780351785,126.2990179315153,HUNCH,UPRIGHT,168.9605425411434,RIGHT_TILT,False,0.052668849041077125,0.009174311926605505,0.0991855074012449,905.0709533691406,385.7828092575073,8.585,0.998656302690506,False,,153.2582736741108,0.0,153.2582736741108,torso,False
13.501666666666667,324,143.72440980743022,FLEXION,84.01285776833483,EXTENSION,36.3090632545432,STATIC,81.1185603256543,STATIC,68.80925384683819,STATIC,85.57813376227028,STATIC,56.81081838587828,STATIC,57.38723111240551,STATIC,163.98277642074015,123.70637106085744,HUNCH,UPRIGHT,168.90926268933512,RIGHT_TILT,False,0.058430286531427934,0.0091324200913242,0.09899941050229598,906.8582534790039,388.7937927246094,8.626666666666667,0.9986542463302612,False,,155.19731877094222,0.0,155.19731877094222,torso,False
13.543333333333335,325,146.07111556435666,STATIC,78.38987427511016,FLEXION,35.37224683482887,STATIC,80.1075834123356,STATIC,65.30584208487136,STATIC,83.65847210850082,STATIC,56.23301986765579,STATIC,56.39635739819607,STATIC,161.3191939321098,126.93152177477269,HUNCH,UPRIGHT,171.03772041108564,RIGHT_TILT,False,0.05126328494494958,0.00909090909090909,0.09878242811339895,909.2103576660156,390.50686597824097,8.668333333333335,0.9986865520477295,False,,155.3383771487631,0.0,155.3383771487631,torso,False
13.585,326,144.6018178378871,STATIC,81.95059146414215,STATIC,35.22856202995188,STATIC,80.30040426482785,STATIC,68.65912476459367,STATIC,80.08376611313535,STATIC,58.84458443529434,STATIC,58.77144935512875,STATIC,160.3546177249546,126.84919185218043,HUNCH,UPRIGHT,170.32310792277033,RIGHT_TILT,False,0.051446240328487956,0.00904977375565611,0.0985682372184446,909.3544769287109,390.16075372695923,8.71,0.9987190663814545,False,,154.95299332102155,0.0,154.95299332102155,torso,False
13.626666666666667,327,140.94351867620523,STATIC,74.40718987896172,FLEXION,33.75838442469434,STATIC,78.5070352928414,STATIC,69.33711513176937,STATIC,82.85634492477934,STATIC,58.79701552185323,STATIC,60.159054557909705,STATIC,160.96210573606672,125.08836510552239,HUNCH,UPRIGHT,169.24900512780613,RIGHT_TILT,False,0.05535918865439471,0.009009009009009009,0.09837360186455249,908.8239669799805,388.97032499313354,8.751666666666667,0.9987579882144928,False,,152.97365854416805,0.0,152.97365854416805,torso,False
13.668333333333335,328,147.1102161234327,EXTENSION,79.46160418822312,EXTENSION,34.8090704197866,STATIC,78.85021259658357,STATIC,69.13851183328246,STATIC,80.9546091184615,STATIC,56.44343536629569,STATIC,59.44231656046554,STATIC,160.98878927507823,126.0939515812761,HUNCH,UPRIGHT,170.53135580754596,RIGHT_TILT,False,0.05312455204160867,0.008968609865470852,0.09817069132722987,910.4904556274414,394.55318212509155,8.793333333333335,0.9987838268280029,False,,155.82814524159,0.0,155.82814524159,torso,False
13.71,329,141.5001610261597,FLEXION,81.59133147529609,STATIC,37.093679934858486,STATIC,78.23760652189027,STATIC,69.61315804167477,STATIC,81.64869627253132,STATIC,58.17822124678656,STATIC,60.41411944399548,STATIC,161.79210901484032,125.59841831458951,HUNCH,UPRIGHT,171.13825959856467,RIGHT_TILT,False,0.054225737078689974,0.008928571428571428,0.09797450849576317,910.8721542358398,397.02128648757935,8.835,0.9988290071487427,False,,156.05648096695802,0.0,156.05648096695802,torso,False
13.751666666666667,330,142.51448171703439,STATIC,86.44884896548861,STATIC,38.24107584575407,STATIC,78.4033014054277,STATIC,72.6852167198099,STATIC,84.92446369054328,STATIC,58.98769908921486,STATIC,59.68394084295453,STATIC,164.728217688761,122.42253789788847,HUNCH,UPRIGHT,171.65530959323428,RIGHT_TILT,False,0.061283249115803407,0.008888888888888889,0.09781143623185223,913.3827972412109,400.6379985809326,8.876666666666667,0.9988668262958527,False,,158.7834833696041,0.0,158.7834833696041,torso,False
13.793333333333335,331,136.8652337674314,FLEXION,88.75703856746676,STATIC,36.62100926372258,STATIC,78.49341377133487,STATIC,76.28426718588572,STATIC,91.51963369155003,EXTENSION,59.73944074557687,STATIC,60.99857931654528,STATIC,169.80952398661216,116.70766714404911,HUNCH,UPRIGHT,171.33850631390428,RIGHT_TILT,False,0.0739829619021131,0.008849557522123894,0.0977060005047295,913.2302093505859,404.19402837753296,8.918333333333335,0.9988706111907959,False,,161.76446959760105,0.0,161.76446959760105,torso,False
13.835,332,139.40764626607438,STATIC,79.92510210145441,FLEXION,33.63769967366987,STATIC,78.42903616516227,STATIC,69.8579693690102,FLEXION,90.09625584336219,STATIC,53.53334608441814,FLEXION,57.139262796795244,STATIC,164.87490891314076,121.87381671510968,HUNCH,UPRIGHT,171.97317141833142,RIGHT_TILT,False,0.06250262952197849,0.00881057268722467,0.09755091957529008,912.9826736450195,404.4962811470032,8.96,0.9989113807678223,False,,161.56628853366092,0.0,161.56628853366092,torso,False
13.876666666666667,333,146.5882894718397,EXTENSION,83.29066981298453,STATIC,34.100651424451655,STATIC,78.55089593193196,STATIC,70.16473725963324,STATIC,88.59136765758002,STATIC,54.517135974792915,STATIC,57.741531761564154,STATIC,165.05987895163392,122.02691826963783,HUNCH,UPRIGHT,171.56524972136995,RIGHT_TILT,False,0.06216240384524926,0.008771929824561403,0.09739570678700042,913.6244201660156,407.6266551017761,9.001666666666667,0.9989522993564606,False,,163.5765430790556,0.0,163.5765430790556,torso,False
13.918333333333335,334,143.7177343959563,STATIC,91.62675937050723,EXTENSION,34.269510904095455,STATIC,78.48154923684793,STATIC,70.99251941961494,STATIC,85.1945372496851,STATIC,55.406166629312736,STATIC,58.428787652273854,STATIC,163.84044523964477,123.80813358764753,HUNCH,UPRIGHT,171.6184665635894,RIGHT_TILT,False,0.05820414758300548,0.008733624454148471,0.09722456460707031,914.7451019287109,410.30568838119507,9.043333333333335,0.9989588856697083,False,,165.7016224914558,0.0,165.7016224914558,torso,False
13.96,335,146.36677541765425,STATIC,81.6189842664777,FLEXION,33.19941198396279,STATIC,77.5506917967747,STATIC,69.24626870747441,STATIC,85.43437503001917,STATIC,52.999261715366124,STATIC,54.99149134083702,STATIC,162.44779343591344,125.35465445367679,HUNCH,UPRIGHT,172.7651601287748,RIGHT_TILT,False,0.0547674345473849,0.008695652173913044,0.09703996838941951,917.3653411865234,411.07627630233765,9.085,0.9989838004112244,False,,166.1705177969637,0.0,166.1705177969637,torso,False
14.001666666666667,336,148.76829827753122,STATIC,84.10404654659773,STATIC,33.32026957366893,STATIC,77.78351592207461,STATIC,68.53450573512846,STATIC,84.70503957668517,STATIC,53.669428789029155,STATIC,56.8588459379376,STATIC,162.54136324645813,125.32041476596339,HUNCH,UPRIGHT,173.3186424717601,RIGHT_TILT,False,0.054843522742303565,0.008658008658008658,0.09685729979354454,918.1429290771484,416.31203413009644,9.126666666666667,0.998977392911911,False,,169.31370224221249,0.0,169.31370224221249,torso,False
14.043333333333335,337,149.12347607417814,STATIC,87.99149600924105,STATIC,31.13326169414164,STATIC,75.9471501538048,STATIC,64.19452642361989,STATIC,76.70163612774817,FLEXION,50.70498757881916,STATIC,51.05393210452024,FLEXION,155.64378754899826,132.68353583845268,HUNCH,UPRIGHT,174.32594073887006,RIGHT_TILT,False,0.03848103147010514,0.008620689655172414,0.09660567794732283,921.1003494262695,418.46672773361206,9.168333333333335,0.9990004301071167,False,,167.9014761928401,0.0,167.9014761928401,torso,False
14.085,338,154.72175319598895,EXTENSION,99.0128182710404,EXTENSION,33.45075991647023,STATIC,77.37490760157227,STATIC,66.9190659355382,STATIC,79.77439925108094,STATIC,52.060261969228144,STATIC,52.076951662167495,STATIC,159.00580071238204,128.37506419952376,HUNCH,UPRIGHT,173.33449076486474,RIGHT_TILT,False,0.04805541288994719,0.008583690987124463,0.09639730771102509,922.8238677978516,421.63639068603516,9.21,0.9989970326423645,False,,170.25530741774708,0.0,170.25530741774708,torso,False
14.126666666666667,339,155.9489585039468,STATIC,128.47109215874784,EXTENSION,31.89028148430487,STATIC,76.31925014402441,STATIC,64.54682214070579,STATIC,82.43035212735604,STATIC,53.66960943490631,STATIC,53.79044966784067,STATIC,158.46654605427312,128.8412274885002,HUNCH,UPRIGHT,172.04097517546498,RIGHT_TILT,False,0.047019494469999534,0.008547008547008548,0.09618629141512326,923.5756301879883,420.5421781539917,9.251666666666667,0.998988687992096,False,,169.28743458464197,0.0,169.28743458464197,torso,False
14.168333333333335,340,153.67885983385858,STATIC,131.92600025767305,STATIC,32.08200646247805,STATIC,77.66924359886,STATIC,64.90909363789675,STATIC,84.52154780076323,STATIC,55.13280835105754,STATIC,56.68173242885443,STATIC,159.96700754932482,128.13475821201902,HUNCH,UPRIGHT,171.37292069747215,RIGHT_TILT,False,0.048589426195513284,0.00851063829787234,0.09598375156312493,925.3964996337891,421.6283869743347,9.293333333333335,0.9989756941795349,False,,170.11058871850418,0.0,170.11058871850418,torso,False
14.21,341,152.62661713131035,STATIC,148.8896462134167,EXTENSION,32.82455644741018,STATIC,79.16880565172238,STATIC,66.61131643564478,STATIC,88.24102345448404,STATIC,56.15223691399137,STATIC,58.29248060423212,STATIC,162.04370232182012,126.60848501925699,HUNCH,UPRIGHT,170.63190805602858,RIGHT_TILT,False,0.051981144401651136,0.00847457627118644,0.09579729983786443,926.5774536132812,422.7752351760864,9.335,0.9989776909351349,False,,171.1194972626465,0.0,171.1194972626465,torso,False
14.251666666666667,342,145.1025539997323,FLEXION,144.96062118480364,STATIC,33.98938811605577,STATIC,80.55856838756286,STATIC,72.90787511254601,EXTENSION,95.0307121733498,EXTENSION,58.778877483023656,STATIC,63.34660309681311,EXTENSION,168.7790802259388,120.9152670076963,HUNCH,UPRIGHT,170.44843529685917,RIGHT_TILT,False,0.06463273998289709,0.008438818565400843,0.09566580380472112,926.9155883789062,426.1258292198181,9.376666666666667,0.9989220499992371,False,,173.8768694538553,0.0,173.8768694538553,torso,False
14.293333333333335,343,143.59022667175512,STATIC,129.8359317930846,FLEXION,34.34225317612093,STATIC,79.9885948930998,STATIC,73.13104578614782,STATIC,92.27194736394402,STATIC,57.70100423139141,STATIC,61.981987296039115,STATIC,167.55748804551922,121.36007754439713,HUNCH,UPRIGHT,171.63190404201447,RIGHT_TILT,False,0.06364427212356194,0.008403361344537815,0.09553125955395994,928.1394577026367,428.4109854698181,9.418333333333335,0.9989409744739532,False,,175.0103811712424,0.0,175.0103811712424,torso,False
14.335,344,139.89013316379703,STATIC,130.90817669040152,STATIC,30.915868201481246,STATIC,74.88403148215765,FLEXION,61.955181400182546,FLEXION,76.99158912153264,FLEXION,55.441291579201426,STATIC,60.49287784862383,STATIC,154.01408244578585,132.97541277458254,HUNCH,UPRIGHT,172.29581724166755,RIGHT_TILT,False,0.2044990827231499,0.008368200836820083,0.09598719186847537,928.7508010864258,426.80208921432495,9.46,0.9989596903324127,False,,172.75002005802327,0.0,172.75002005802327,torso,False
14.376666666666667,345,141.6632821853563,STATIC,141.27523838494656,EXTENSION,30.416886628118164,STATIC,72.50578379176716,STATIC,62.78232046577161,STATIC,70.14853772966771,FLEXION,57.7841457584459,STATIC,58.21955447634269,STATIC,151.1903751290117,133.60303411526772,HUNCH,UPRIGHT,172.86485680345095,RIGHT_TILT,False,0.03643770196607173,0.008333333333333333,0.09573906899388203,929.1570663452148,427.1134400367737,9.501666666666667,0.9989895820617676,False,,172.08708444752145,0.0,172.08708444752145,torso,False
14.418333333333335,346,147.35281722986687,EXTENSION,128.980804882203,FLEXION,27.3756892353252,STATIC,68.78434785696179,STATIC,54.46550660333749,FLEXION,66.55205264271966,STATIC,59.41412087101529,STATIC,60.01477715870921,STATIC,143.91695905896975,140.4586483494257,HUNCH,FORWARD_TILT,172.76965613527878,RIGHT_TILT,False,0.03472087242578792,0.008298755186721992,0.09548588145625508,930.8076477050781,426.6565418243408,9.543333333333335,0.9990304410457611,False,,171.3019202453197,0.0,171.3019202453197,torso,False
14.46,347,135.54124780577317,FLEXION,129.42113143124507,STATIC,27.38457521409064,STATIC,68.00895456479951,STATIC,55.48803189580793,STATIC,67.28301969057661,STATIC,60.85058676042309,STATIC,60.83891820958423,STATIC,143.5097526551032,138.73880647387415,HUNCH,FORWARD_TILT,172.6674370152732,RIGHT_TILT,False,0.03944764638005035,0.008264462809917356,0.09525431850139474,931.6547393798828,426.2736511230469,9.585,0.9990474581718445,False,,171.02029798079252,0.0,171.02029798079252,torso,False
14.501666666666667,348,138.24383515077886,STATIC,128.29609321919855,STATIC,28.484512250077376,STATIC,68.51739856190258,STATIC,59.26926477254506,STATIC,69.68570896046016,STATIC,63.97708283910099,STATIC,64.54118155888901,STATIC,146.49628649860045,136.62868982304786,HUNCH,FORWARD_TILT,172.46301329620877,RIGHT_TILT,False,0.0375000526185593,0.00823045267489712,0.09501664662533368,933.5957717895508,425.7724857330322,9.626666666666667,0.9990108907222748,False,,170.69041060676574,0.0,170.69041060676574,torso,False
14.543333333333335,349,146.73321240327093,EXTENSION,133.4393494254698,EXTENSION,26.14174935444444,STATIC,61.37074188431442,FLEXION,53.86092267094876,FLEXION,58.06022184616309,FLEXION,57.88631099867283,FLEXION,60.60654630839189,STATIC,138.01603595861252,142.88315860397995,HUNCH,FORWARD_TILT,172.49027297557248,RIGHT_TILT,False,0.20911290097201674,0.00819672131147541,0.09548425422511517,933.2174301147461,425.74313163757324,9.668333333333335,0.9990607798099518,False,,169.3174335993468,0.0,169.3174335993468,torso,False
14.585,350,154.18797706898084,EXTENSION,140.61920292243175,EXTENSION,26.532949633032754,STATIC,60.53058289711871,STATIC,52.72703857256186,STATIC,57.81546098155205,STATIC,60.45747896364794,STATIC,61.582410454589706,STATIC,137.71385632375768,141.87505879120528,HUNCH,FORWARD_TILT,172.37114191826132,RIGHT_TILT,False,0.04535796641119342,0.00816326530612245,0.09527965713199711,933.795051574707,426.51813983917236,9.71,0.999070942401886,False,,168.6847839006151,0.0,168.6847839006151,torso,False
14.626666666666667,351,157.93502508996394,STATIC,140.98677843159302,STATIC,25.565384833141064,STATIC,56.251113841217645,STATIC,49.32663275804491,STATIC,52.360179198675446,FLEXION,57.81366489738413,STATIC,58.11743908097583,STATIC,132.97085405588558,147.02857148212067,HUNCH,FORWARD_TILT,173.2505930670448,RIGHT_TILT,False,0.044445721026652785,0.008130081300813009,0.09507301511530872,937.7101516723633,426.3733434677124,9.751666666666667,0.9990710318088531,False,,167.7527046719859,0.0,167.7527046719859,torso,False
14.668333333333335,352,158.0584669139212,STATIC,139.8013043881003,STATIC,24.9070646536301,STATIC,56.13449119492861,STATIC,48.367939703316786,STATIC,52.99032537002121,STATIC,60.12692703522467,STATIC,61.587227298499215,STATIC,132.07469909111816,146.9536537941564,HUNCH,FORWARD_TILT,172.29266273615232,RIGHT_TILT,False,0.04660366025494541,0.008097165991902834,0.09487678290939631,937.8414154052734,425.87003231048584,9.793333333333335,0.9990975856781006,False,,167.40583159331337,0.0,167.40583159331337,torso,False
14.71,353,161.92330522792437,STATIC,139.0004224538167,STATIC,25.21204925209812,STATIC,55.581010884921746,STATIC,47.33040932044845,STATIC,52.184805652304554,STATIC,58.31351380971259,STATIC,59.33612175068339,STATIC,131.26757929097775,147.53297196165275,HUNCH,FORWARD_TILT,172.5474818294542,RIGHT_TILT,False,0.047109886105265564,0.008064516129032258,0.09468417445454094,939.801139831543,425.93427658081055,9.835,0.9991165399551392,False,,167.7547994540007,0.0,167.7547994540007,torso,False
14.751666666666667,354,162.20763974588516,STATIC,139.6994323010683,STATIC,28.540678519641922,STATIC,57.026494424311245,STATIC,50.185645435998616,STATIC,54.17289787965684,STATIC,63.975214411442884,EXTENSION,64.56890306898252,EXTENSION,132.93426903195999,146.64713151294026,HUNCH,FORWARD_TILT,7.7153183702715005,UPRIGHT,False,0.04537466545577721,0.008032128514056224,0.0944861442979194,940.9160995483398,425.21917819976807,9.876666666666667,0.9990941882133484,False,,166.28177784442025,0.0,166.28177784442025,torso,False
14.793333333333335,355,154.5760859377199,FLEXION,137.8967937333048,STATIC,32.46991817032754,STATIC,62.943904198631955,EXTENSION,57.14869334988233,EXTENSION,66.20308296525444,EXTENSION,64.65911305233716,STATIC,66.22634307934068,STATIC,142.25676727001883,138.31555455338972,HUNCH,FORWARD_TILT,7.829212345239857,UPRIGHT,False,0.043172618170203236,0.008,0.09428089019340855,941.4337158203125,429.1097331047058,9.918333333333335,0.9990652501583099,False,,168.82608918154574,0.0,168.82608918154574,torso,False
14.835,356,156.4041301869063,STATIC,145.10766108343103,EXTENSION,34.92073490170857,STATIC,63.725819859767796,STATIC,57.712756483892065,STATIC,67.32907862412628,STATIC,65.56897313440764,STATIC,67.83837353592449,STATIC,143.61669101978725,136.27084740544095,HUNCH,FORWARD_TILT,170.69798485693286,RIGHT_TILT,False,0.04469435905504845,0.00796812749003984,0.0940833342924589,942.2729110717773,433.0975127220154,9.96,0.9990555644035339,False,,172.77497871747093,0.0,172.77497871747093,torso,False
14.876666666666667,357,156.68816376179402,STATIC,137.6774961497823,FLEXION,34.3066818120205,STATIC,61.41272268082406,STATIC,54.85577587169791,STATIC,62.74832197636457,STATIC,62.92256157954362,STATIC,65.07663298545417,STATIC,139.75583322343257,139.7266188391349,HUNCH,FORWARD_TILT,8.844221954366903,UPRIGHT,False,0.04559455097207229,0.007936507936507936,0.09389091848563196,943.2164001464844,433.1693959236145,10.001666666666667,0.9990250468254089,False,,172.74406829794225,0.0,172.74406829794225,torso,False
14.918333333333335,358,148.97086205581118,FLEXION,152.73079219753913,EXTENSION,38.00635050386159,STATIC,62.54599648546479,STATIC,59.11950595802033,STATIC,64.41895949582906,STATIC,69.62003289207628,EXTENSION,69.27924271422584,STATIC,142.5698917122143,137.745284145049,HUNCH,FORWARD_TILT,5.996423230792828,UPRIGHT,False,0.04374405365052606,0.007905138339920948,0.09369270953371456,943.6614608764648,435.09196043014526,10.043333333333335,0.9989409148693085,False,,169.9112949535084,0.0,169.9112949535084,torso,False
14.96,359,148.09887343112547,STATIC,144.33879691154223,FLEXION,34.91222848245877,STATIC,57.764246449867684,STATIC,55.6317395408679,STATIC,56.476392335116884,FLEXION,66.80052685663038,STATIC,66.21459239271037,STATIC,135.13697073487728,142.6769484279983,HUNCH,FORWARD_TILT,6.175449959266441,UPRIGHT,False,0.04930240186027649,0.007874015748031496,0.09351794454287425,944.3717575073242,434.6229386329651,10.085,0.9989054203033447,False,,169.97748761180617,0.0,169.97748761180617,torso,False
15.001666666666667,360,151.03042557578613,STATIC,144.12756444005055,STATIC,35.86415440661299,STATIC,58.76372101065697,STATIC,57.6343662433339,STATIC,59.82213713964766,STATIC,65.51177342452236,STATIC,66.31074115548009,STATIC,136.6975772991872,140.3191987211617,HUNCH,FORWARD_TILT,8.56066971056014,UPRIGHT,False,0.051073831065891286,0.00784313725490196,0.09335149703904294,944.2764282226562,435.92812299728394,10.126666666666667,0.9989127516746521,False,,169.43239068670943,0.0,169.43239068670943,torso,False
15.043333333333335,361,144.58768254764013,FLEXION,152.12067544424332,EXTENSION,36.29761369695674,STATIC,59.58290098429483,STATIC,57.1858018782795,STATIC,61.20363447528771,STATIC,62.706779942387705,STATIC,68.41895178060135,STATIC,137.79837889628055,139.82402746030044,HUNCH,FORWARD_TILT,9.058301490105228,UPRIGHT,False,0.04972798587426445,0.0078125,0.09318109269855553,944.1659927368164,439.7217321395874,10.168333333333335,0.998837411403656,False,,172.06032144410568,0.0,172.06032144410568,torso,False
15.085,362,142.4362546038591,STATIC,153.19232352123828,STATIC,36.69317058330213,STATIC,59.61118914263195,STATIC,56.95389578531711,STATIC,61.235805560428666,STATIC,67.25708887173826,STATIC,67.25482942650235,STATIC,138.17680834864922,139.01441328419696,HUNCH,FORWARD_TILT,170.57001694873458,RIGHT_TILT,False,0.05068617414923071,0.007782101167315175,0.0930157428209317,944.4614028930664,441.47913694381714,10.21,0.9987779557704926,False,,173.66096536322488,0.0,173.66096536322488,torso,False
15.126666666666667,363,143.63546000404884,STATIC,153.78106953227487,STATIC,35.77255697294177,STATIC,57.60628792017737,STATIC,56.26312847384786,STATIC,59.26167042346862,STATIC,67.55951924244059,STATIC,68.96561396748264,STATIC,136.2647271551128,140.2779897488492,HUNCH,FORWARD_TILT,170.76225923368418,RIGHT_TILT,False,0.05212729576897331,0.007751937984496124,0.09285726046801712,944.3715286254883,440.5034136772156,10.251666666666667,0.998749703168869,False,,172.7588714815111,0.0,172.7588714815111,torso,False
15.168333333333335,364,141.1958917183928,STATIC,159.0041880901422,EXTENSION,42.233684714794904,EXTENSION,65.30678785811658,EXTENSION,65.67451483873005,EXTENSION,75.43096869240982,EXTENSION,67.72505683548867,STATIC,70.33365424773008,STATIC,149.84590081257508,129.54327604587516,HUNCH,FORWARD_TILT,170.69471025193678,RIGHT_TILT,False,0.04580182920344389,0.007722007722007722,0.09267557926622341,944.8112487792969,448.4929633140564,10.293333333333335,0.9986732006072998,False,,178.36501163463248,0.0,178.36501163463248,torso,False
15.21,365,137.3843360779623,STATIC,158.7904604458981,STATIC,40.17502025470707,STATIC,63.50871552238257,STATIC,63.952132837569685,STATIC,71.41479829173062,STATIC,63.69992712074151,STATIC,66.40711296551538,STATIC,145.77333162622577,132.30059650013752,HUNCH,FORWARD_TILT,171.13586328929975,RIGHT_TILT,False,0.04872460416363714,0.007692307692307693,0.09250653705429039,945.2921295166016,448.8696098327637,10.335,0.998628705739975,False,,179.24878936621295,0.0,179.24878936621295,torso,False
15.251666666666667,366,140.44669123307582,STATIC,154.2784669288981,STATIC,38.34191324685277,STATIC,62.84476645536939,STATIC,64.51371647587443,STATIC,70.2835553356685,STATIC,61.69993023297411,STATIC,65.74315751479612,STATIC,144.2787748062603,133.81697431592698,HUNCH,FORWARD_TILT,169.98152659689916,RIGHT_TILT,False,0.04867611306180608,0.007662835249042145,0.09233860439531535,945.0338363647461,448.37711334228516,10.376666666666667,0.9986165463924408,False,,179.01846812456225,0.0,179.01846812456225,torso,False
15.293333333333335,367,140.2524829759263,STATIC,152.36363589011137,STATIC,36.803572613210925,STATIC,61.78778349594354,STATIC,62.508277918905385,STATIC,66.85411230880578,STATIC,62.751324555687425,STATIC,66.77337564342844,STATIC,140.8620695886984,136.16624791979007,HUNCH,FORWARD_TILT,169.4539174608165,RIGHT_TILT,False,0.051048183314470065,0.007633587786259542,0.09218100736828923,945.3955841064453,447.7734446525574,10.418333333333335,0.9985381960868835,False,,178.35284901961134,0.0,178.35284901961134,torso,False
15.335,368,140.19846736593334,STATIC,146.76845033239871,FLEXION,37.19120710240502,STATIC,61.97267251822424,STATIC,61.778546480498356,STATIC,67.55389930343473,STATIC,62.965550328830936,STATIC,66.59365266929458,STATIC,141.19942081462221,136.32393221075816,HUNCH,FORWARD_TILT,168.49236621734892,RIGHT_TILT,False,0.04994810438804361,0.0076045627376425855,0.0920204259881362,945.7403945922852,451.2069296836853,10.46,0.9984642863273621,False,,180.78586229936985,0.0,180.78586229936985,torso,False
15.376666666666667,369,138.2609228938843,STATIC,153.41270383144845,EXTENSION,37.01411628475815,STATIC,61.518606555813676,STATIC,61.833039689874425,STATIC,67.42152407936828,STATIC,65.65984440881769,STATIC,67.9255897426947,STATIC,141.00648286790508,136.70833310301666,HUNCH,FORWARD_TILT,169.08533767609023,RIGHT_TILT,False,0.04952263117572949,0.007575757575757576,0.09185944949263466,946.4624404907227,451.6665315628052,10.501666666666667,0.9983623325824738,False,,181.0774609328579,0.0,181.0774609328579,torso,False
15.418333333333335,370,132.68597053126288,FLEXION,158.37327086451836,STATIC,36.931658993518965,STATIC,62.09451508755877,STATIC,63.08612472916295,STATIC,67.9570778749398,STATIC,65.97312749024293,STATIC,67.00428071713657,STATIC,141.00923860257612,137.20842161758029,HUNCH,FORWARD_TILT,168.5394201715779,RIGHT_TILT,False,0.04840519951076357,0.007547169811320755,0.09169547119081628,946.5301895141602,451.6656732559204,10.543333333333335,0.9982707500457764,False,,180.13197823377058,0.0,180.13197823377058,torso,False
15.46,371,134.95267493809087,STATIC,158.19387305919554,STATIC,37.32057585546214,STATIC,62.67405759498723,STATIC,62.9045443576662,STATIC,67.15352880300838,STATIC,65.276517253436,STATIC,65.80947765191094,STATIC,141.28477019326397,137.27397548899765,HUNCH,FORWARD_TILT,168.26142490828582,RIGHT_TILT,False,0.0476472318171964,0.007518796992481203,0.09152987630595305,947.6041030883789,453.26536417007446,10.585,0.9979787468910217,False,,180.56929567181382,0.0,180.56929567181382,torso,False
15.501666666666667,372,134.2119533942623,STATIC,155.52522199237356,STATIC,38.292423373119306,STATIC,64.50549248280672,STATIC,66.5160133199196,STATIC,71.99473067021502,STATIC,65.60815895067267,STATIC,66.34563810095655,STATIC,144.11071331355183,136.98002081444974,HUNCH,FORWARD_TILT,169.3354972413736,RIGHT_TILT,False,0.04202059082666317,0.00749063670411985,0.0913444482704501,947.8717803955078,456.14511251449585,10.626666666666667,0.9978342056274414,False,,182.1217916918499,0.0,182.1217916918499,torso,False
15.543333333333335,373,133.62038391124545,STATIC,160.17450192217575,STATIC,36.09736650885131,STATIC,63.79108391082142,STATIC,69.55024197385275,STATIC,72.0439155442287,STATIC,67.3598153766378,STATIC,66.62524651525108,STATIC,142.3014101573691,138.66947553439178,HUNCH,FORWARD_TILT,168.51358878905754,RIGHT_TILT,False,0.042286920684975825,0.007462686567164179,0.0911613977943849,947.4432373046875,456.5722918510437,10.668333333333335,0.997660905122757,False,,181.91883294680616,0.0,181.91883294680616,torso,False
15.585,374,128.78025956432845,STATIC,153.8206940989724,FLEXION,37.689163258538876,STATIC,65.30599563908392,STATIC,69.88043665428764,STATIC,75.36111756613757,STATIC,68.20474630783735,STATIC,67.27252874627736,STATIC,144.8512219609316,137.24662990888686,HUNCH,FORWARD_TILT,167.46427214917338,RIGHT_TILT,False,0.0397825514004034,0.007434944237918215,0.09097039836541099,948.4498596191406,459.6764016151428,10.71,0.9976368546485901,False,,184.747286743573,0.0,184.747286743573,torso,False
15.626666666666667,375,132.06712356889736,STATIC,143.94995698893007,FLEXION,39.69828989894425,STATIC,66.39698231500134,STATIC,71.12847433030751,STATIC,76.79756151838751,STATIC,71.36722724074768,STATIC,68.62291625614064,STATIC,145.1757787046093,139.38798482651043,HUNCH,FORWARD_TILT,167.35525124352475,RIGHT_TILT,False,0.03430274770862285,0.007407407407407408,0.09076051817779325,949.2534637451172,460.95163106918335,10.751666666666667,0.9974662661552429,False,,186.5307463923825,0.0,186.5307463923825,torso,False
15.668333333333335,376,137.67344816783196,EXTENSION,142.4854074910784,STATIC,40.591488030341004,STATIC,66.38233618089579,STATIC,76.78984785979583,EXTENSION,78.0175612399885,STATIC,80.86063739721529,EXTENSION,74.05098032433811,EXTENSION,145.1620178071779,140.37919358193557,HUNCH,FORWARD_TILT,167.3005308307507,RIGHT_TILT,False,0.032130641357525636,0.007380073800738007,0.09054417176886237,949.1697692871094,460.7946467399597,10.793333333333335,0.997163861989975,False,,186.64134233265054,0.0,186.64134233265054,torso,False
15.71,377,136.44607321638142,STATIC,134.4026892183027,FLEXION,42.71906395176617,STATIC,68.89358277578378,STATIC,77.02760764649334,STATIC,82.6413945304127,STATIC,80.66692970081844,STATIC,75.95924208671845,STATIC,148.640437868584,139.16856715674544,HUNCH,FORWARD_TILT,168.1266124270316,RIGHT_TILT,False,0.027091099943712355,0.007352941176470588,0.09031088841656403,948.376579284668,464.8829984664917,10.835,0.9970389306545258,False,,189.88972345454036,0.0,189.88972345454036,torso,False
15.751666666666667,378,136.94859346913216,STATIC,137.306224158031,STATIC,40.310178314262195,STATIC,69.94196227138752,STATIC,77.93784395132165,STATIC,80.46372224685115,STATIC,85.33121524331916,STATIC,76.02617412985543,STATIC,147.40877776622915,140.29824989436167,HUNCH,FORWARD_TILT,166.92365310825036,RIGHT_TILT,False,0.02731771630979818,0.007326007326007326,0.09008014419639272,947.9434204101562,467.1387577056885,10.876666666666667,0.9965662658214569,False,,188.21503075662056,0.0,188.21503075662056,torso,False
15.793333333333335,379,136.0015556492989,STATIC,141.73774827366495,STATIC,37.810486885389075,STATIC,66.61780022363396,STATIC,75.19345261534,STATIC,79.90462911552689,STATIC,85.36794551889147,STATIC,74.66059679729376,STATIC,144.0291160748301,142.16933767680692,HUNCH,FORWARD_TILT,165.69153809149734,RIGHT_TILT,False,0.030670102774139913,0.0072992700729927005,0.08986331922769836,947.8412246704102,468.8970422744751,10.918333333333335,0.9963519275188446,False,,189.03481775007322,0.0,189.03481775007322,torso,False
15.835,380,136.97889913847914,STATIC,137.32872138004842,STATIC,36.63821677774117,STATIC,66.38084916792207,STATIC,76.8922104323451,STATIC,80.12341602695929,STATIC,91.7512458879815,EXTENSION,79.02568705996535,STATIC,145.79183059610173,141.82057699672208,HUNCH,FORWARD_TILT,167.3670840980386,RIGHT_TILT,False,0.027527983127058175,0.007272727272727273,0.08963664527824149,947.7878570556641,473.96403551101685,10.96,0.9959456324577332,False,,191.48379732727693,0.0,191.48379732727693,torso,False
15.876666666666667,381,142.81052004323965,EXTENSION,124.73497782323703,FLEXION,41.87396363356388,EXTENSION,69.27414949973621,STATIC,80.94798045662567,STATIC,90.55705359829183,EXTENSION,94.631859765939,STATIC,84.66523988987299,EXTENSION,152.70335060322947,138.65790183545136,HUNCH,UPRIGHT,167.95789482149578,RIGHT_TILT,False,0.025204662587885895,0.007246376811594203,0.08940319606559527,945.2408981323242,476.9476389884949,11.001666666666667,0.9956208765506744,False,,194.35058878958446,0.0,194.35058878958446,torso,False
15.918333333333335,382,144.7175709625671,STATIC,119.04897896436421,FLEXION,44.50919318785909,STATIC,69.71999754663948,STATIC,91.82409692308741,EXTENSION,94.22446374122552,STATIC,102.39410832514231,EXTENSION,86.35472747290173,STATIC,149.11431265333823,141.00394365752842,HUNCH,FORWARD_TILT,168.02575413782654,RIGHT_TILT,False,0.021959430420296317,0.007220216606498195,0.08915971676723679,943.8555145263672,476.4296293258667,11.043333333333335,0.9955263435840607,False,,193.14322343030614,0.0,193.14322343030614,torso,False
15.96,383,147.60568879572628,STATIC,106.59944008553498,FLEXION,39.62384177797907,STATIC,68.77190036972979,STATIC,90.3038514877099,STATIC,88.94448016956964,FLEXION,98.55996444494987,STATIC,82.24566657177463,STATIC,149.6892372120731,141.89972561444006,HUNCH,FORWARD_TILT,166.59352860999664,RIGHT_TILT,False,0.01869119371885967,0.007194244604316547,0.08890623287137932,941.273193359375,479.7525429725647,11.085,0.9957075119018555,False,,194.22053651434427,0.0,194.22053651434427,torso,False
16.00166666666667,384,149.21778044744005,STATIC,97.76439598890076,FLEXION,38.97183367569837,STATIC,70.12488699600935,STATIC,89.68471188928872,STATIC,88.71552357580204,STATIC,100.53973690741557,STATIC,85.80761253685333,STATIC,150.39753900724386,143.38727752405433,HUNCH,UPRIGHT,166.4222713590365,RIGHT_TILT,False,0.014694938835434823,0.007168458781362007,0.08864024257017522,941.4985275268555,485.23107290267944,11.126666666666669,0.9955983757972717,False,,196.05993645592665,0.0,196.05993645592665,torso,False
16.043333333333333,385,150.17993635898176,STATIC,97.77995447550772,STATIC,36.903794802478565,STATIC,69.84845495349424,STATIC,88.04002995565546,STATIC,89.10919434628222,STATIC,104.70528042298092,STATIC,92.87952462375635,EXTENSION,150.10873848780787,141.31512194366002,HUNCH,UPRIGHT,166.24424345282424,RIGHT_TILT,False,0.019299729014088867,0.007142857142857143,0.08839259787890348,940.2671051025391,487.19708919525146,11.168333333333333,0.9951196014881134,False,,196.4492402597355,0.0,196.4492402597355,torso,False
16.085,386,155.9399923884193,EXTENSION,85.43882333715761,FLEXION,42.98091943286423,EXTENSION,71.27271112444582,STATIC,92.71375910247238,STATIC,100.00369440294295,EXTENSION,106.92519224266445,STATIC,94.97671122055375,STATIC,159.24955702014242,137.57583536079426,HUNCH,UPRIGHT,164.57972497725558,RIGHT_TILT,False,0.02760925475379054,0.0071174377224199285,0.08817628704927676,933.7370681762695,492.1982932090759,11.21,0.9942912757396698,False,,202.023907036322,0.0,202.023907036322,torso,False
16.12666666666667,387,156.38317090818458,STATIC,69.97721199987416,FLEXION,44.52560174626218,STATIC,71.34380634909336,STATIC,86.68401262635244,FLEXION,92.81922756419988,FLEXION,97.4474049095024,FLEXION,87.42159629034849,FLEXION,158.73455485239464,135.095997537732,HUNCH,UPRIGHT,165.6934838421331,RIGHT_TILT,False,0.03312000547170668,0.0070921985815602835,0.08798105200822154,934.8996353149414,495.6606602668762,11.251666666666669,0.9939755201339722,False,,205.816049272194,0.0,205.816049272194,torso,False
16.168333333333333,388,156.32579527030802,STATIC,68.18322148753842,STATIC,41.16002278330025,STATIC,72.13296132630312,STATIC,92.14399182178538,EXTENSION,96.90445974303906,STATIC,104.69677321927367,EXTENSION,92.3421112919786,STATIC,162.66507758802206,133.07284603243073,HUNCH,UPRIGHT,164.98114576851833,RIGHT_TILT,False,0.0376158977057095,0.007067137809187279,0.08780308326510311,935.5178451538086,499.28516149520874,11.293333333333333,0.9932563602924347,False,,208.14366690868707,0.0,208.14366690868707,torso,False
16.21,389,155.65567470385486,STATIC,49.109428824316204,FLEXION,45.37485152125316,STATIC,72.45869097736906,STATIC,91.37440089694006,STATIC,97.38277765466503,STATIC,101.67933383235403,STATIC,92.10321714439776,STATIC,161.38703930896176,132.49395630092465,HUNCH,UPRIGHT,170.97085811229357,RIGHT_TILT,False,0.03890231933127856,0.007042253521126761,0.08763089747660373,934.3231964111328,510.1077890396118,11.335,0.9932729005813599,False,,218.7797003336671,0.0,218.7797003336671,torso,False
16.25166666666667,390,153.6348437325816,STATIC,50.69898700705297,STATIC,41.54682286501647,STATIC,73.39349091885481,STATIC,98.20623202299973,EXTENSION,97.94008247839888,STATIC,104.83180196269883,STATIC,95.00988546162273,STATIC,163.9030184559484,128.3072349712332,HUNCH,UPRIGHT,168.09880248782355,RIGHT_TILT,False,0.04820614450837065,0.007017543859649123,0.08749256501004853,927.5966262817383,516.2596607208252,11.376666666666669,0.9932535886764526,False,,221.2056945102901,0.0,221.2056945102901,torso,False
16.293333333333333,391,158.082908554398,STATIC,46.155066595296375,STATIC,40.92336478953689,STATIC,74.99308309190192,STATIC,116.69714638693299,EXTENSION,111.72134301458918,EXTENSION,122.33594593900159,EXTENSION,111.6926811122124,EXTENSION,166.86856403013692,126.17821121811332,HUNCH,UPRIGHT,166.48940928075706,RIGHT_TILT,False,0.05293730840419264,0.006993006993006993,0.08737174243450357,921.649169921875,523.2156801223755,11.418333333333333,0.9925805032253265,False,,223.3518649952999,0.0,223.3518649952999,torso,False
16.335,392,156.84346525193848,STATIC,52.93785650544943,EXTENSION,44.85731733284748,STATIC,76.69362940457997,STATIC,110.80945279409192,FLEXION,116.56278690929997,STATIC,127.48209320729666,EXTENSION,117.04763771405668,EXTENSION,159.6590741327584,128.17855100408303,HUNCH,UPRIGHT,164.56898663986294,RIGHT_TILT,False,0.048492108879815476,0.006968641114982578,0.08723627332804125,919.2402648925781,516.7060446739197,11.46,0.9920604526996613,False,,218.30484077929094,0.0,218.30484077929094,torso,False
16.37666666666667,393,159.57814102129225,STATIC,39.77401503596194,FLEXION,47.56741590465434,STATIC,77.57567630678349,STATIC,102.98304034396345,FLEXION,94.48015078292556,FLEXION,121.93952476505191,FLEXION,93.56318365995057,FLEXION,155.24369146895003,133.49293063836,HUNCH,UPRIGHT,162.12071339652826,RIGHT_TILT,False,0.036682376359199985,0.006944444444444444,0.0870607389635661,936.921501159668,515.0846171379089,11.501666666666669,0.9913360774517059,False,,218.71939628494604,0.0,218.71939628494604,torso,False
16.418333333333333,394,159.44774020899538,STATIC,57.66366691379578,EXTENSION,46.9846087788936,STATIC,77.41886853140235,STATIC,112.91825258278135,EXTENSION,100.82384460611426,EXTENSION,137.33144970796303,EXTENSION,107.82198101031449,EXTENSION,145.77448228159034,141.28619965104008,HUNCH,FORWARD_TILT,161.83157582428979,RIGHT_TILT,False,0.02875404014971017,0.006920415224913495,0.08685898568047318,949.1095733642578,515.1517367362976,11.543333333333333,0.9904633462429047,False,,220.71814076633305,0.0,220.71814076633305,torso,False
16.46,395,161.8884107985285,STATIC,83.71429350170119,EXTENSION,57.750187018044365,EXTENSION,71.40049226578378,FLEXION,138.23767512598943,EXTENSION,133.4181762819248,EXTENSION,153.21932513832147,EXTENSION,147.17285771882098,EXTENSION,143.47064832418963,141.89434416047487,HUNCH,FORWARD_TILT,159.01481971166288,RIGHT_TILT,False,0.19918890558963445,0.006896551724137931,0.08724633023188408,945.2375030517578,518.0538439750671,11.585,0.9905163645744324,False,,223.12673904682046,0.0,223.12673904682046,torso,False
16.50166666666667,396,157.15108775435414,STATIC,77.40256997747613,FLEXION,49.86678444096908,FLEXION,70.97188399032025,STATIC,120.49306910163362,FLEXION,108.33777183185781,FLEXION,148.1866763924037,FLEXION,126.63601634381713,FLEXION,147.37193477805465,138.505920453303,HUNCH,FORWARD_TILT,158.58176078748818,RIGHT_TILT,False,0.198049210596983,0.006872852233676976,0.08762709614379163,955.040283203125,521.461751461029,11.626666666666669,0.9901878833770752,False,,225.25870937794588,0.0,225.25870937794588,torso,False
16.543333333333333,397,159.23862625840053,STATIC,67.39169950901095,FLEXION,48.37665120673165,STATIC,77.95585225352801,EXTENSION,121.13066844749486,STATIC,101.00789199803938,FLEXION,151.56563308325542,STATIC,116.28594566674923,FLEXION,146.38819606535046,139.76194136646149,HUNCH,FORWARD_TILT,159.92164155529835,RIGHT_TILT,False,0.030777472373751242,0.00684931506849315,0.08743240565142847,963.2892990112305,519.6025085449219,11.668333333333333,0.9893762767314911,False,,224.62993026643144,0.0,224.62993026643144,torso,False
16.585,398,160.29374159873743,STATIC,66.0734153143066,STATIC,48.31462583126971,STATIC,73.81342640383801,STATIC,128.80824345915212,EXTENSION,117.0115077701532,EXTENSION,155.93261846911167,STATIC,141.90567181266783,EXTENSION,151.78554543151895,133.86338913634177,HUNCH,UPRIGHT,158.84883277927787,RIGHT_TILT,False,0.03585913525257386,0.006825938566552901,0.08725638766371907,959.8754119873047,522.6803970336914,11.71,0.9882326722145081,False,,227.2252886754289,0.0,227.2252886754289,torso,False
16.62666666666667,399,161.56390873002067,STATIC,63.747896872342594,STATIC,50.25934706332569,STATIC,75.45070792111017,STATIC,122.38644832800816,FLEXION,108.78887074731433,FLEXION,154.46782038402873,STATIC,137.37689089144055,STATIC,159.7060051777542,128.65070803572178,HUNCH,UPRIGHT,158.41661964593987,RIGHT_TILT,False,0.047442871031729394,0.006802721088435374,0.08712096753912046,957.6401901245117,522.6232552528381,11.751666666666669,0.9869097769260406,False,,226.42598680663554,0.0,226.42598680663554,torso,False
16.668333333333333,400,159.95682929626253,STATIC,55.30369567966608,FLEXION,51.34239209430496,STATIC,76.77295952057017,STATIC,119.7163254699845,STATIC,106.40163119380115,STATIC,150.42483779890472,STATIC,134.70909445556254,STATIC,157.72707209210037,125.11808089759593,HUNCH,UPRIGHT,159.12188586133144,RIGHT_TILT,False,0.05529315356089792,0.006779661016949152,0.08701307664427903,964.9131393432617,524.8141050338745,11.793333333333333,0.985478550195694,False,,227.00192058379574,0.0,227.00192058379574,torso,False
16.71,401,157.20354930007184,STATIC,58.19199064704163,STATIC,50.182317977576645,STATIC,76.79767270857077,STATIC,128.13217479734752,EXTENSION,117.68093847102796,EXTENSION,153.78544472707372,STATIC,146.30790135304088,EXTENSION,148.262255394093,133.8821164348634,HUNCH,FORWARD_TILT,162.48223132891073,RIGHT_TILT,False,0.039679173713430216,0.006756756756756757,0.08685316481005319,965.1531982421875,523.8040280342102,11.835,0.9850923120975494,False,,219.9825146983781,0.0,219.9825146983781,torso,False
16.75166666666667,402,157.10460906861502,STATIC,61.14425135571113,STATIC,49.61749044837916,STATIC,77.43615448724222,STATIC,119.35042985552572,FLEXION,111.43087939513359,FLEXION,151.3043609953737,STATIC,145.130385806637,STATIC,149.31728518416935,130.23897029763515,HUNCH,FORWARD_TILT,157.39570602347396,RIGHT_TILT,False,0.045430543373767764,0.006734006734006734,0.08671369470420712,963.4719848632812,513.7717509269714,11.876666666666669,0.9835385680198669,False,,218.47710031679244,0.0,218.47710031679244,torso,False
16.793333333333333,403,157.60889553806356,STATIC,62.92972708926019,STATIC,47.09147747478332,STATIC,77.50786978951001,STATIC,111.65309865391193,FLEXION,108.03898549557363,STATIC,139.14669077846128,FLEXION,136.13148186603368,FLEXION,160.43596937391732,119.72031410062782,HUNCH,UPRIGHT,157.9953717050806,RIGHT_TILT,False,0.06728819088749376,0.006711409395973154,0.08664850844978861,968.3522415161133,514.0632963180542,11.918333333333333,0.9833334386348724,False,,222.28702142242662,0.0,222.28702142242662,torso,False
16.835,404,157.5108295931706,STATIC,61.856347098748145,STATIC,44.40310710339847,STATIC,75.56348883577014,STATIC,114.7259008653081,STATIC,109.81314870211197,STATIC,148.07663016944417,EXTENSION,141.59787598511258,EXTENSION,160.005624696728,119.65476903791713,HUNCH,UPRIGHT,159.2855993491603,RIGHT_TILT,False,0.06743384658240636,0.006688963210702341,0.08658424536662011,968.7685394287109,512.1195101737976,11.96,0.9798436164855957,False,,224.0468432019565,0.0,224.0468432019565,torso,False
16.87666666666667,405,160.33559539017315,STATIC,58.29410152239526,STATIC,43.73288278323114,STATIC,76.30466764417662,STATIC,116.79022826516393,STATIC,108.09865398062746,STATIC,152.0320001642014,STATIC,144.1050558905749,STATIC,166.3714922064668,113.4485345574092,HUNCH,UPRIGHT,160.49148098319293,RIGHT_TILT,False,0.08122547876131288,0.006666666666666667,0.08656638281126908,967.7192306518555,493.8493537902832,12.001666666666669,0.9796203672885895,False,,218.13040129919798,0.0,218.13040129919798,torso,False
16.918333333333333,406,159.200794536534,STATIC,67.75600080374377,EXTENSION,51.76561817257344,EXTENSION,75.16066596517814,STATIC,123.88184506474428,EXTENSION,112.87860701458136,STATIC,160.86044732557363,EXTENSION,149.61420353009055,EXTENSION,157.20088222393258,120.23650646980646,HUNCH,UPRIGHT,161.33578785983522,RIGHT_TILT,False,0.06614109673376341,0.006644518272425249,0.08649852471798833,967.7966690063477,496.0922598838806,12.043333333333333,0.9797607064247131,False,,223.8935268177716,0.0,223.8935268177716,torso,False
16.96,407,157.76382785444375,STATIC,66.4515337552409,STATIC,56.47333241944273,STATIC,72.28245724103766,STATIC,120.58328708337649,STATIC,107.96579897546597,STATIC,158.0763386014962,STATIC,141.27665824577713,FLEXION,148.0171410758492,129.24047466558196,HUNCH,FORWARD_TILT,162.06051669248603,RIGHT_TILT,False,0.050538631685708525,0.006622516556291391,0.08637945222450395,978.8029861450195,495.5843138694763,12.085,0.9781244695186615,False,,225.19093107552015,0.0,225.19093107552015,torso,False
17.00166666666667,408,157.39429800041947,STATIC,79.70212018820207,EXTENSION,52.4315822803096,STATIC,72.57892175075311,STATIC,126.63868027058898,EXTENSION,113.22547851040723,EXTENSION,163.77909126787137,EXTENSION,150.15879331777685,EXTENSION,150.87445327965867,126.35705481064846,HUNCH,UPRIGHT,162.59992345224026,RIGHT_TILT,False,0.05253987819855899,0.006600660066006601,0.08626777046204209,981.7185592651367,496.18109464645386,12.126666666666669,0.9780404567718506,False,,226.09880225467563,0.0,226.09880225467563,torso,False
17.043333333333333,409,156.5659528574943,STATIC,77.69239312180875,STATIC,48.79711820466574,STATIC,74.48666623857689,STATIC,120.99138703631694,FLEXION,110.07863933586547,STATIC,158.37922597705597,FLEXION,144.58262727393515,FLEXION,159.3207814358188,119.0792898141639,HUNCH,UPRIGHT,163.39540379493178,RIGHT_TILT,False,0.06871268930185799,0.006578947368421052,0.08621002348454149,982.3998260498047,497.0995259284973,12.168333333333333,0.9783484041690826,False,,230.1261570404657,0.0,230.1261570404657,torso,False
17.085,410,159.11743193033107,STATIC,77.67133651336879,STATIC,46.867169828231816,STATIC,75.90010610079725,STATIC,116.03893556127457,STATIC,110.9146464581862,STATIC,155.5344200220412,STATIC,146.8301570564632,STATIC,165.54580073541845,112.07684634737768,HUNCH,UPRIGHT,160.34450086797563,RIGHT_TILT,False,0.08427367478360515,0.006557377049180328,0.08620367480027612,978.286247253418,497.762246131897,12.21,0.9785714745521545,False,,235.61317004105268,0.0,235.61317004105268,torso,False
17.12666666666667,411,156.9637145617566,STATIC,78.68553502038488,STATIC,45.717639236068734,STATIC,76.19829686774221,STATIC,112.80665161343028,STATIC,106.52012359067953,STATIC,150.71225722240217,STATIC,141.81547992495516,FLEXION,166.8970532339089,109.79092225256971,HUNCH,UPRIGHT,156.87299559902047,RIGHT_TILT,False,0.08935350610540065,0.006535947712418301,0.08621396836663274,976.1592483520508,498.1408882141113,12.251666666666669,0.9792048037052155,False,,239.88875677793777,0.0,239.88875677793777,torso,False
17.168333333333333,412,155.9118931522205,STATIC,78.62271734233369,STATIC,45.82581526448892,STATIC,75.40082585696356,STATIC,112.2486738864673,STATIC,106.38304019139858,STATIC,149.86885716433002,STATIC,141.4245005243299,STATIC,164.25045804956594,111.7971076560404,HUNCH,UPRIGHT,155.57267393236728,RIGHT_TILT,False,0.08489531631991025,0.006514657980456026,0.08620967308309294,978.4423065185547,498.3655285835266,12.293333333333333,0.9796251058578491,False,,242.15944716621178,0.0,242.15944716621178,torso,False
17.21,413,156.22203282824808,STATIC,69.57322532984084,FLEXION,47.01013362859336,STATIC,75.37309688261712,STATIC,110.31954496590829,STATIC,104.31803648752627,STATIC,148.30492824360027,STATIC,134.50072771462334,FLEXION,165.784886945068,111.97040237860801,HUNCH,UPRIGHT,154.54400304670605,RIGHT_TILT,False,0.08451021693642664,0.006493506493506494,0.08620415536833102,983.6152648925781,494.2799234390259,12.335,0.9782774448394775,False,,237.9441859891764,0.0,237.9441859891764,torso,False
17.25166666666667,414,157.06538536498036,STATIC,70.01218644397733,STATIC,45.541866335557685,STATIC,75.87804410087904,STATIC,109.37485107708595,STATIC,102.84273856287737,STATIC,146.5846790189632,STATIC,132.62010108240298,STATIC,166.2475010602759,113.71925914525919,HUNCH,UPRIGHT,156.10944801516848,RIGHT_TILT,False,0.08062386856609068,0.006472491909385114,0.08618609618774124,981.5993499755859,494.8255705833435,12.376666666666669,0.9776674807071686,False,,238.39097421463762,0.0,238.39097421463762,torso,False
17.293333333333333,415,157.0198222550346,STATIC,69.23269788356765,STATIC,42.28291307467523,STATIC,77.3950402758659,STATIC,108.23470817116853,STATIC,104.35769063935274,STATIC,148.09530867903354,STATIC,136.32745242683248,STATIC,172.15135602514084,111.62626311562803,HUNCH,UPRIGHT,155.21661339209032,RIGHT_TILT,False,0.08527497085415991,0.0064516129032258064,0.08618315707376195,972.8917694091797,494.637451171875,12.418333333333333,0.9779328107833862,False,,238.86975383155334,0.0,238.86975383155334,torso,False
17.335,416,156.71131519239566,STATIC,70.01161069320433,STATIC,42.03520597664542,STATIC,77.14640998049731,STATIC,107.56136243353866,STATIC,103.23637874040658,STATIC,145.15482186491843,STATIC,132.96356996770643,STATIC,172.3423233870614,111.53820547641811,HUNCH,UPRIGHT,155.92091501337046,RIGHT_TILT,False,0.08547065449684865,0.006430868167202572,0.08618086606869149,972.3213958740234,494.99332666397095,12.46,0.9775925278663635,False,,239.8682096966127,0.0,239.8682096966127,torso,False
17.37666666666667,417,156.37757042050575,STATIC,70.26779183413362,STATIC,40.90554165187036,STATIC,77.87388039682955,STATIC,108.50226690608176,STATIC,103.21876992774796,STATIC,145.67662044452584,STATIC,130.7134409101284,STATIC,172.7397892735985,116.20654686153253,HUNCH,UPRIGHT,156.94198081733592,RIGHT_TILT,False,0.07509656252992773,0.00641025641025641,0.08614533945478521,971.7401504516602,494.25702810287476,12.501666666666669,0.9778187274932861,False,,241.61951638663058,0.0,241.61951638663058,torso,False
17.418333333333333,418,157.08855532407725,STATIC,68.9435829045771,STATIC,40.32502402640023,STATIC,78.24407371609564,STATIC,108.33728285904866,STATIC,102.66805014307194,STATIC,144.6305526535947,STATIC,129.8807026056438,STATIC,171.47417739459442,114.58112721450694,HUNCH,UPRIGHT,157.61234169580231,RIGHT_TILT,False,0.07870860618998458,0.006389776357827476,0.08612157992358775,969.9053955078125,489.29107904434204,12.543333333333333,0.9776860475540161,False,,243.0787558244212,0.0,243.0787558244212,torso,False
17.46,419,157.79478997478634,STATIC,64.3374323904039,STATIC,38.119489999658505,STATIC,78.82690067784007,STATIC,109.32699138330322,STATIC,102.03895674935704,STATIC,145.0216218456318,STATIC,128.76424563374775,STATIC,172.63185893429284,114.33525564698905,HUNCH,UPRIGHT,159.28065048726663,RIGHT_TILT,False,0.07925498745113542,0.006369426751592357,0.0860997117946946,970.6562805175781,486.40424966812134,12.585,0.9771451056003571,False,,243.12524388560243,0.0,243.12524388560243,torso,False
17.50166666666667,420,157.7437421572814,STATIC,65.01900508302592,STATIC,38.30876830517036,STATIC,78.71393726117282,STATIC,109.25460024182597,STATIC,103.22371578586922,STATIC,146.23723742824382,STATIC,130.80160391497856,STATIC,173.55360922000216,114.81854440536414,HUNCH,UPRIGHT,159.18462313628936,RIGHT_TILT,False,0.07818101243252414,0.006349206349206349,0.08607457306656073,969.9102020263672,483.9885663986206,12.626666666666669,0.9776757955551147,False,,241.57079788595965,0.0,241.57079788595965,torso,False
17.543333333333333,421,155.96769634771624,STATIC,65.64825506357906,STATIC,38.553125590202065,STATIC,78.76568570193145,STATIC,108.16426446600195,STATIC,102.69080492817832,STATIC,145.4103599629438,STATIC,129.1640540474114,STATIC,174.25044776951535,117.33264963611988,HUNCH,UPRIGHT,156.62961949286066,RIGHT_TILT,False,0.0725941119197336,0.006329113924050633,0.08603191337938722,961.1062622070312,484.11890029907227,12.668333333333333,0.9775613248348236,False,,244.56514575112817,0.0,244.56514575112817,torso,False
17.585,422,157.96018890287732,STATIC,61.562051020370646,STATIC,38.9519821066217,STATIC,78.87348003727634,STATIC,109.34214082761328,STATIC,102.97998197427096,STATIC,146.60863494137814,STATIC,129.48116323418898,STATIC,174.05607614054716,110.97558345261909,HUNCH,UPRIGHT,161.97187916680028,RIGHT_TILT,False,0.08672092566084648,0.006309148264984227,0.08603408691970728,961.1833190917969,480.67487955093384,12.71,0.9780777990818024,False,,243.587855544186,0.0,243.587855544186,torso,False
17.62666666666667,423,156.80048852530916,STATIC,57.015505243481925,STATIC,40.23593849624823,STATIC,79.9338043025282,STATIC,108.18086766645156,STATIC,103.32499076116828,STATIC,144.0969670893819,STATIC,129.35786802378587,STATIC,173.98664390973627,110.56891436589235,HUNCH,UPRIGHT,163.58534357225247,RIGHT_TILT,False,0.08762463474246145,0.006289308176100629,0.08603908864242034,960.2711868286133,480.34327268600464,12.751666666666669,0.9781778156757355,False,,243.6375905629778,0.0,243.6375905629778,torso,False
17.668333333333333,424,155.40503647326446,STATIC,69.79977497980805,EXTENSION,40.37386654605648,STATIC,80.77232719676141,STATIC,108.05276239735441,STATIC,102.10470217403243,STATIC,144.27259225749955,STATIC,127.82421931168786,STATIC,174.33844418161723,110.95317435331725,HUNCH,UPRIGHT,163.78621343332273,RIGHT_TILT,False,0.08677072365929499,0.006269592476489028,0.08604138216911901,957.1034622192383,480.76907873153687,12.793333333333333,0.9785842299461365,False,,244.52395504341382,0.0,244.52395504341382,torso,False
17.71,425,150.53214407607828,STATIC,74.48216366547524,STATIC,42.58661801034413,STATIC,80.55252930829742,STATIC,108.07507974000659,STATIC,102.15516437515204,STATIC,143.49006607608658,STATIC,127.89604521369176,STATIC,174.12885713370014,110.39032193286837,HUNCH,UPRIGHT,160.55665280201882,RIGHT_TILT,False,0.08802150681584804,0.00625,0.08604757005864004,957.1042633056641,480.87387800216675,12.835,0.9789009094238281,False,,247.38095967322369,0.0,247.38095967322369,torso,False
17.75166666666667,426,150.3340956780788,STATIC,75.49707522236058,STATIC,42.802457587736235,STATIC,80.00011699270254,STATIC,106.92410157476273,STATIC,101.16195650512668,STATIC,141.7378027930282,STATIC,128.11944853669806,STATIC,174.07045849419956,112.06478524476582,HUNCH,UPRIGHT,159.9823223557636,RIGHT_TILT,False,0.08430047723385374,0.006230529595015576,0.08604212740186501,957.6293182373047,482.18762397766113,12.876666666666669,0.9784091413021088,False,,247.90633069054752,0.0,247.90633069054752,torso,False
17.793333333333333,427,154.43267877072267,STATIC,72.42109218557975,STATIC,39.5225309313377,STATIC,80.13083665658827,STATIC,109.19236359108568,STATIC,102.15032924807855,STATIC,142.1821804363591,STATIC,128.11176314053813,STATIC,173.4311365546601,107.78064535435863,HUNCH,UPRIGHT,17.954825007161805,LEFT_TILT,False,0.09382078810142529,0.006211180124223602,0.0860662847332301,955.2544021606445,477.0306587219238,12.918333333333333,0.9792134165763855,False,,253.85321269293505,0.0,253.85321269293505,torso,False
17.835,428,157.0652817791107,STATIC,74.88706359372529,STATIC,39.83024012431713,STATIC,80.54594507672891,STATIC,114.04307201425758,STATIC,103.3105244121267,STATIC,144.19776441838985,STATIC,130.8416298231626,STATIC,170.52386637185083,99.2883306607973,HUNCH,UPRIGHT,5.879053566412234,UPRIGHT,False,0.11269259853156155,0.006191950464396285,0.08614871914127448,957.7595138549805,467.5737261772156,12.96,0.979953795671463,False,,251.32285417900852,0.0,251.32285417900852,torso,False
17.87666666666667,429,157.41731122217914,STATIC,80.18678586710152,EXTENSION,30.94653395188217,FLEXION,80.59719773538217,STATIC,120.52055861963038,EXTENSION,104.81307017282944,STATIC,145.7206544571551,STATIC,133.5851742216871,STATIC,157.09182318977804,95.3965022888887,HUNCH,UPRIGHT,1.7466580515495875,UPRIGHT,False,0.28800777269135847,0.006172839506172839,0.08677174091149079,953.6546325683594,453.9810848236084,13.001666666666669,0.9814460873603821,False,,243.1960499730826,0.0,243.1960499730826,torso,False
17.918333333333333,430,157.25809589529325,STATIC,83.10690144380187,STATIC,33.43721275535058,STATIC,78.7562570444462,STATIC,118.61971369326125,STATIC,103.44667041128635,STATIC,142.43484824811517,STATIC,134.55485679701138,STATIC,165.48656527478045,101.0430587937097,HUNCH,UPRIGHT,3.808279325851243,UPRIGHT,False,0.10879320268064512,0.006153846153846154,0.08683949925539587,973.1615447998047,459.53988790512085,13.043333333333333,0.9818747639656067,False,,246.6670482737629,0.0,246.6670482737629,torso,False
17.96,431,151.68547743468113,FLEXION,75.88431345901363,FLEXION,33.56616434240235,STATIC,79.39291914720648,STATIC,115.88580045927253,STATIC,103.42028813022992,STATIC,140.8425291478938,STATIC,135.54678093282368,STATIC,169.0696455554121,98.85727850936506,HUNCH,UPRIGHT,3.6310568526826326,UPRIGHT,False,0.11365049220141099,0.006134969325153374,0.08692174156504623,971.5961456298828,460.30779361724854,13.085,0.9820186793804169,False,,252.26217506921688,0.0,252.26217506921688,torso,False
18.00166666666667,432,153.37980062291808,STATIC,79.13082882265434,STATIC,27.231393274676996,FLEXION,80.70709809797101,STATIC,124.45754040101781,EXTENSION,105.50451916564415,STATIC,150.96170219691734,EXTENSION,135.79850655108393,STATIC,154.9608306637533,95.96230540176911,HUNCH,UPRIGHT,1.392735570393237,UPRIGHT,False,0.28675043244051307,0.0061162079510703364,0.08753283847903848,964.6658325195312,463.2666778564453,13.126666666666669,0.9830682873725891,False,,255.14129359854527,0.0,255.14129359854527,torso,False
18.043333333333333,433,142.7898520588913,FLEXION,66.33094978652424,FLEXION,44.55771800658688,EXTENSION,80.18126646104567,STATIC,108.44751836602349,FLEXION,102.14391116392991,STATIC,141.3497363153628,FLEXION,133.76267622170374,STATIC,175.9224948637183,115.48914378483639,HUNCH,UPRIGHT,9.195690227608718,UPRIGHT,False,0.07669079158925247,0.006097560975609756,0.08749978345803304,996.8429183959961,482.56062269210815,0.0,0.9821291863918304,False,,268.6037349687142,0.0,268.6037349687142,torso,False
18.085,434,139.53320058681226,STATIC,77.47478485749103,EXTENSION,47.35666167893314,STATIC,79.84453232540304,STATIC,114.43612566346602,EXTENSION,101.57922691564609,STATIC,145.23102150781202,STATIC,130.6006720719347,STATIC,175.92786288768232,113.73880673049011,HUNCH,UPRIGHT,12.971989924512563,LEFT_TILT,False,0.08058042948779975,0.0060790273556231,0.08747875198699889,1007.692756652832,492.79571771621704,0.04166666666666785,0.9802186191082001,False,,272.8415238353382,0.0,272.8415238353382,torso,False
18.12666666666667,435,142.01164899754656,STATIC,80.79968827655934,STATIC,43.241934152629376,STATIC,77.46136536371012,STATIC,112.01736890394486,STATIC,106.10620787753152,STATIC,134.67768686551688,FLEXION,129.30267782026203,STATIC,176.65085754763084,114.19325882253314,HUNCH,UPRIGHT,10.725746906310105,LEFT_TILT,False,0.07957053594992636,0.006060606060606061,0.08745478769597746,1003.2279968261719,490.8564591407776,0.0833333333333357,0.9778047800064087,False,,270.756741473065,0.0,270.756741473065,torso,False
18.168333333333333,436,145.57821129053823,STATIC,70.42687730264815,FLEXION,40.18992359425222,STATIC,79.26018598435995,STATIC,112.27963781924642,STATIC,104.98096778661312,STATIC,139.90321679455494,EXTENSION,136.36164241646136,EXTENSION,176.75018981181057,112.72227240658286,HUNCH,UPRIGHT,166.1975402745156,RIGHT_TILT,False,0.08283939465203809,0.006042296072507553,0.08744084391034622,1009.0565490722656,489.08841133117676,0.125,0.9782120585441589,False,,271.9671780328079,0.0,271.9671780328079,torso,False
18.21,437,149.9641845632504,STATIC,82.47184589972377,EXTENSION,34.996029166330494,FLEXION,79.33673795079523,STATIC,112.09566525419629,STATIC,101.00794215860654,STATIC,136.7224051251273,STATIC,129.5720027026592,FLEXION,167.15026670131917,99.03389811546991,HUNCH,UPRIGHT,167.80130629980616,RIGHT_TILT,False,0.2799246708545113,0.006024096385542169,0.08802061447343106,1008.6140441894531,487.9295039176941,0.16666666666666785,0.9793423414230347,False,,270.38238341621974,0.0,270.38238341621974,torso,False
18.25166666666667,438,152.08067772079065,STATIC,83.52935970823417,STATIC,30.19187895992242,STATIC,78.4224467072951,STATIC,108.2232486663554,STATIC,99.98202787869229,STATIC,137.16156037043365,STATIC,129.39853242559178,STATIC,173.47613868115388,107.59244264296515,HUNCH,UPRIGHT,164.49055644494817,RIGHT_TILT,False,0.09423901634896632,0.006006006006006006,0.08803928835293717,1013.1652069091797,487.2367000579834,0.2083333333333357,0.9795824289321899,False,,267.63176294175656,0.0,267.63176294175656,torso,False
18.293333333333333,439,148.07180521999362,STATIC,84.30644223660389,STATIC,34.91841977532383,STATIC,77.34214704123612,STATIC,106.84729558088365,STATIC,101.64097407721805,STATIC,140.90159940071482,STATIC,132.93715337984287,STATIC,174.91143273267363,110.92888599784956,HUNCH,UPRIGHT,160.76993212846395,RIGHT_TILT,False,0.08682469778255653,0.005988023952095809,0.08803565185422346,1019.6197509765625,487.4053359031677,0.25,0.9785251915454865,False,,265.4049895418852,0.0,265.4049895418852,torso,False
18.335,440,148.2865478509098,STATIC,85.47522654639131,STATIC,30.16343266425897,STATIC,77.02380141533513,STATIC,104.91851392247582,STATIC,102.11823469995723,STATIC,138.44839720039778,STATIC,135.8874334421882,STATIC,176.93291002246056,115.26755769517362,HUNCH,UPRIGHT,147.14927036301148,RIGHT_TILT,False,0.0771832051218364,0.005970149253731343,0.0880032564908432,1017.6995849609375,507.01282024383545,0.29166666666666785,0.9799064695835114,False,,278.10732768999037,0.0,278.10732768999037,torso,False
18.37666666666667,441,150.34396090878064,STATIC,86.59894721323744,STATIC,30.033684641192515,STATIC,76.03019865294839,STATIC,105.76067772509481,STATIC,103.85724446668695,STATIC,145.87014281019464,EXTENSION,137.99458802464915,STATIC,170.1908945091795,118.74762022253863,HUNCH,UPRIGHT,137.32263746709435,RIGHT_TILT,False,0.06944973283880303,0.005952380952380952,0.08794803767045022,1027.0729064941406,514.0698409080505,0.3333333333333357,0.9792380332946777,False,,281.46264510630516,0.0,281.46264510630516,torso,False
18.418333333333333,442,148.0874472836635,STATIC,88.8639814023965,STATIC,41.83240976851321,EXTENSION,74.65486161476834,STATIC,112.03054406335134,EXTENSION,103.87633040028983,STATIC,152.61549391655362,EXTENSION,135.7764266511461,STATIC,156.52797041866916,122.11273946191666,HUNCH,UPRIGHT,147.75670533260242,RIGHT_TILT,False,0.06197169008462966,0.005934718100890208,0.08787095652034392,1058.6734771728516,509.30495023727417,0.0,0.9775651693344116,False,,272.6652876272834,0.0,272.6652876272834,torso,False
18.46,443,156.10843693071854,EXTENSION,92.53233775626808,STATIC,37.056004088924354,STATIC,73.32943987739378,STATIC,127.5729424090886,EXTENSION,110.58440464880825,EXTENSION,171.03201651761447,EXTENSION,140.0087124825374,STATIC,151.76395388287213,133.52436806533294,HUNCH,UPRIGHT,158.54439888045434,RIGHT_TILT,False,0.03661251541037125,0.005917159763313609,0.08771930432771087,1054.7400665283203,517.2103428840637,0.04166666666666785,0.9779769778251648,False,,278.4202488312844,0.0,278.4202488312844,torso,False
18.50166666666667,444,155.58269487734074,STATIC,89.27960520969707,STATIC,40.023114084228105,STATIC,74.10647872313261,STATIC,121.4493221004868,FLEXION,107.83656154526669,STATIC,164.26154039032326,FLEXION,130.07132538001386,FLEXION,153.55154129818345,144.13507368009405,HUNCH,UPRIGHT,167.83962700718257,RIGHT_TILT,False,0.013033169599790987,0.0058997050147492625,0.08749899124591759,1060.395278930664,520.2237296104431,0.0833333333333357,0.9715048372745514,False,,277.662536012133,0.0,277.662536012133,torso,False
18.585,446,57.41033255816774,FLEXION,78.61940301454563,FLEXION,29.15605465127153,FLEXION,76.20042001681576,STATIC,103.5482383980321,FLEXION,97.2397975360114,FLEXION,160.1545695470464,STATIC,139.01584387902207,EXTENSION,12.820280592846304,121.0454782458337,HUNCH,FORWARD_TILT,14.845229772545709,LEFT_TILT,True,0.5358538692473777,0.008823529411764706,0.08881768206356895,1046.406478881836,298.37801814079285,0.0,0.9740320444107056,False,,244.10129642792486,0.0,244.10129642792486,torso,False
18.62666666666667,447,85.45640465046702,EXTENSION,76.90894909150215,STATIC,40.11764779106407,EXTENSION,75.99988935646135,STATIC,105.89553947411063,STATIC,96.4233245535914,STATIC,162.3242484908085,STATIC,137.89395702276693,STATIC,27.64934572427792,139.63527684971086,HUNCH,FORWARD_TILT,29.73900843679096,LEFT_TILT,False,0.2949230609466916,0.008797653958944282,0.08942209666439922,1047.3565292358398,298.37895154953003,0.04166666666666785,0.9763977229595184,False,,258.1084417463765,0.0,258.1084417463765,torso,False
18.668333333333333,448,88.72458139349749,STATIC,75.71963704853705,STATIC,37.93763882092328,STATIC,73.76228125892209,STATIC,103.19268251201296,STATIC,96.77578721065922,STATIC,153.88739263560768,FLEXION,138.0163484056129,STATIC,29.112619296655044,150.15994378512525,STRAIGHT,FORWARD_TILT,39.210873996961794,LEFT_TILT,False,0.26863862378521103,0.008771929824561403,0.08994612159750101,1087.5358963012695,291.74779057502747,0.0,0.9783054292201996,False,,263.8050196448717,0.0,263.8050196448717,torso,False
18.71,449,113.40810363803735,EXTENSION,86.55371045267432,EXTENSION,42.71189710032956,STATIC,79.34612184491696,EXTENSION,89.38425727332822,FLEXION,87.7249015819507,FLEXION,100.23631843340694,FLEXION,124.7374255220051,FLEXION,35.52519042671488,147.11925970035196,HUNCH,FORWARD_TILT,34.8537755216867,LEFT_TILT,False,0.2607901108287403,0.008746355685131196,0.09044420902966206,1158.4820556640625,300.64707040786743,0.0,0.9797742068767548,False,,265.6426964198346,0.0,265.6426964198346,torso,False
19.96,479,112.93253001913598,STATIC,82.56580686373748,STATIC,72.75447287707259,EXTENSION,73.82847640925965,FLEXION,90.96296962829621,STATIC,82.32411734679654,FLEXION,157.1437961866073,EXTENSION,137.23531836249873,EXTENSION,30.10865393188928,165.22605190040935,STRAIGHT,FORWARD_TILT,11.086757283940253,LEFT_TILT,False,0.4330918801513572,0.00872093023255814,0.09144027784106233,-46.757689118385315,-105.09220540523529,0.0,0.8837595582008362,False,,421.5367014804024,0.0,421.5367014804024,torso,False
20.00166666666667,480,109.63393217072782,STATIC,102.91607041156614,EXTENSION,71.88614120611248,STATIC,82.37962785123047,EXTENSION,90.46316446462018,STATIC,95.97628977499022,EXTENSION,157.21045570843614,STATIC,144.1801121968416,EXTENSION,39.66389917956077,143.83290205600395,HUNCH,FORWARD_TILT,13.258460329726224,RIGHT_TILT,False,0.2588959972543006,0.008695652173913044,0.0919256567379123,-169.61928367614746,-272.8685796260834,0.0,0.7962538003921509,False,,353.35050051702353,0.0,353.35050051702353,torso,False
20.043333333333333,481,125.70707235530561,EXTENSION,108.0038952116102,EXTENSION,84.31747749146288,EXTENSION,86.51770559176353,STATIC,54.33823596685346,FLEXION,61.38176687767316,FLEXION,137.59777653363682,FLEXION,116.82855989452786,FLEXION,29.057628355268903,163.08156608746702,STRAIGHT,FORWARD_TILT,19.570614546400734,RIGHT_TILT,False,0.26876082587718025,0.008670520231213872,0.09243674104178301,-139.7002649307251,-387.86622047424316,0.0,0.7168214619159698,False,,368.19403620123825,0.0,368.19403620123825,torso,False
20.085,482,109.26438665467755,FLEXION,106.44596753079794,STATIC,86.0032333728112,STATIC,83.77078453527545,STATIC,51.01513583846228,STATIC,62.615314752876856,STATIC,135.9015349813416,STATIC,107.44925383597769,FLEXION,18.156441221462583,149.7009730783987,HUNCH,FORWARD_TILT,18.364342250985853,LEFT_TILT,False,0.29365019044475266,0.008645533141210375,0.09301660689020656,96.60489082336426,-453.0837035179138,0.0,0.6465984880924225,False,,379.578945129705,0.0,379.578945129705,torso,False
20.12666666666667,483,128.49624872391408,EXTENSION,108.85794360007877,STATIC,76.33718747023367,FLEXION,76.6253980099808,FLEXION,64.65858761860609,EXTENSION,74.358644839832,EXTENSION,149.6472514816798,EXTENSION,128.95676195462013,EXTENSION,23.182838227822565,152.995286593467,STRAIGHT,FORWARD_TILT,12.97904502507262,LEFT_TILT,True,0.6151492483826165,0.011494252873563218,0.09451698804392038,154.58858489990234,-414.34582471847534,0.0,0.5832115113735199,False,,380.59535117003026,0.0,380.59535117003026,torso,False
20.168333333333333,484,109.86329864571677,FLEXION,111.74803905552672,STATIC,68.82027107678765,FLEXION,75.77012092161661,STATIC,64.9724234666392,STATIC,76.63184068416948,STATIC,139.59197942157684,FLEXION,131.3884164280398,STATIC,25.67966790529034,161.4969254850404,STRAIGHT,FORWARD_TILT,22.90123889318529,RIGHT_TILT,False,0.442934071321577,0.011461318051575931,0.09551531779543228,98.88148307800293,-409.24503564834595,0.0,0.525630921125412,False,,361.9281189511067,0.0,361.9281189511067,torso,False
21.00166666666667,504,118.49529460864596,EXTENSION,124.50192159517283,EXTENSION,43.83351469418383,FLEXION,34.054557774359075,FLEXION,154.9214333627092,EXTENSION,155.17920121268804,EXTENSION,153.94890641994104,EXTENSION,137.36621586947828,EXTENSION,105.57663184698501,139.41320046542663,HUNCH,FORWARD_TILT,98.20541245824514,RIGHT_TILT,False,0.455578150416863,0.011428571428571429,0.09654406874577921,632.3554992675781,640.144157409668,0.0,0.5720996260643005,False,,177.80904967835394,0.0,177.80904967835394,torso,False
21.043333333333333,505,145.97978897363384,EXTENSION,110.89826218741533,FLEXION,41.14951530289498,STATIC,34.63550008293403,STATIC,161.48572753899182,EXTENSION,153.18175241910112,STATIC,155.85869846281136,STATIC,129.1220843803054,FLEXION,106.56343178237344,130.51255318695095,HUNCH,FORWARD_TILT,102.60713494763135,RIGHT_TILT,False,0.13983114451261244,0.011396011396011397,0.09666739374796393,583.9583587646484,636.3583588600159,0.0,0.6140625178813934,False,,158.2410866982229,0.0,158.2410866982229,torso,False
21.085,506,136.8106909853233,FLEXION,102.61050629530503,FLEXION,41.070400943620065,STATIC,40.6156742948752,EXTENSION,157.5891934187531,STATIC,147.08960740110496,FLEXION,152.2746786483278,STATIC,121.61762861411829,FLEXION,106.34369369269929,130.18744256360085,HUNCH,FORWARD_TILT,99.54112402247868,RIGHT_TILT,False,0.1410419194304441,0.011363636363636364,0.09679345774138005,548.2124328613281,646.8619322776794,0.0,0.6522179841995239,False,,162.8328430099882,0.0,162.8328430099882,torso,False
21.12666666666667,507,138.2178857500779,STATIC,77.89181265599386,FLEXION,42.23895688556909,STATIC,44.141865695639076,STATIC,157.44691663197264,STATIC,143.35460540380953,STATIC,150.71779732560196,STATIC,114.38287610210973,FLEXION,108.85420260688429,128.36153123737253,HUNCH,FORWARD_TILT,93.95290020096824,RIGHT_TILT,False,0.13952059145720708,0.0113314447592068,0.09691449778023509,524.4038772583008,585.5977463722229,0.0,0.6864268481731415,False,,157.6731776472023,0.0,157.6731776472023,torso,False
21.168333333333333,508,152.07325527363383,EXTENSION,73.50426814460252,STATIC,53.13213528160809,EXTENSION,47.86536245647421,STATIC,154.84945473658286,STATIC,143.32176755709787,STATIC,148.91042191410776,STATIC,113.06392173886763,STATIC,103.35061630248465,158.67124868124773,STRAIGHT,FORWARD_TILT,96.19782223522124,RIGHT_TILT,False,0.10366529710558965,0.011299435028248588,0.0969335678348265,515.9983825683594,564.7126293182373,0.0416666666666643,0.7172972559928894,False,,154.80824760306763,0.0,154.80824760306763,torso,False
21.21,509,151.12778718406113,STATIC,53.751686679467404,FLEXION,54.028064309056646,STATIC,50.637952656580325,STATIC,148.5059251043036,FLEXION,137.83594637692266,FLEXION,138.04789748201432,FLEXION,108.10772308032814,STATIC,101.78174363368227,150.37671817872646,STRAIGHT,FORWARD_TILT,2.0247784564821782,UPRIGHT,False,0.1071516808140394,0.011267605633802818,0.09696235125166935,466.94000244140625,578.3744931221008,0.0,0.7453303933143616,False,,156.9074280189259,0.0,156.9074280189259,torso,False
21.25166666666667,510,157.75006852347514,EXTENSION,70.93340582606767,EXTENSION,56.82965633441635,STATIC,53.91060146402752,STATIC,136.8791774746513,FLEXION,134.33781321748913,STATIC,125.47144245855603,FLEXION,104.60459969183881,STATIC,102.15223368527204,135.69989689886864,HUNCH,FORWARD_TILT,25.70003847457776,RIGHT_TILT,False,0.13810637647968738,0.011235955056179775,0.09707792435624245,484.8080635070801,584.062750339508,0.04166666666666785,0.7706411480903625,False,,135.73582021717223,0.0,135.73582021717223,torso,False
21.668333333333333,520,144.00486259264716,FLEXION,60.97685990628501,FLEXION,38.45061145906777,FLEXION,26.389156079697084,FLEXION,141.01199216056463,STATIC,145.1376391208876,EXTENSION,113.23995137628816,FLEXION,102.99975421203395,STATIC,95.85882764472194,140.5766819499044,HUNCH,FORWARD_TILT,90.27337268051939,LEFT_TILT,False,0.4745877564563859,0.011204481792717087,0.09813537486632688,-17.6226407289505,532.8707098960876,0.0,0.6966648995876312,False,,122.05072470336977,0.0,122.05072470336977,torso,False
21.71,521,151.42567847825512,EXTENSION,43.295755001439005,FLEXION,26.420738834799298,FLEXION,18.965304419360137,FLEXION,147.63623854854885,EXTENSION,152.68688961519652,EXTENSION,113.08800428892744,STATIC,109.26768097557337,EXTENSION,98.78434629910129,128.81231386585077,HUNCH,FORWARD_TILT,89.02535613516032,LEFT_TILT,False,0.49422964407788433,0.0111731843575419,0.09924178343954353,-18.890565037727356,533.43989610672,0.04166666666666785,0.6378169655799866,False,,122.82918481570273,0.0,122.82918481570273,torso,False
21.75166666666667,522,155.22979023333423,STATIC,35.765480779880434,FLEXION,28.618599958796874,STATIC,17.084678214545843,STATIC,148.67740549802053,STATIC,155.58674247971777,STATIC,108.80041848503416,STATIC,108.44841072316551,STATIC,101.30475359574265,125.75005029986751,HUNCH,FORWARD_TILT,91.48791853404474,LEFT_TILT,False,0.16210043578753297,0.011142061281337047,0.09941687717867442,-62.33273267745972,524.3031549453735,0.0,0.5758540332317352,False,,107.75334778681118,0.0,107.75334778681118,torso,False
21.793333333333333,523,149.77811146231315,FLEXION,27.33904642045674,FLEXION,13.622858159634733,FLEXION,12.980633496343591,STATIC,150.70024611375229,STATIC,155.7496881132155,STATIC,121.45738239528197,EXTENSION,114.74036708355209,EXTENSION,101.48048536332877,159.69675167793753,STRAIGHT,FORWARD_TILT,95.27886686464632,LEFT_TILT,False,0.2744878103037139,0.011111111111111112,0.09990318532624397,-66.86254501342773,524.4453549385071,0.0416666666666643,0.5199450850486755,False,,97.38312583420903,0.0,97.38312583420903,torso,False
22.418333333333333,538,144.0593948230985,FLEXION,101.69121219043204,EXTENSION,27.24162035903174,EXTENSION,20.362282277227703,EXTENSION,156.37272256225458,EXTENSION,155.12302628674345,STATIC,132.15715482230422,EXTENSION,130.33329054804562,EXTENSION,172.0194527460112,150.4611318709518,STRAIGHT,UPRIGHT,135.10555673076442,LEFT_TILT,False,0.0,0.0110803324099723,0.0996264452006865,618.1300163269043,453.94763231277466,0.0,0.5677220225334167,False,,105.03221181668681,0.0,105.03221181668681,torso,False
22.46,539,136.77226796064295,FLEXION,117.15831072295458,EXTENSION,25.00519456162537,STATIC,28.37860895212928,EXTENSION,149.74532675305278,FLEXION,151.81982666391391,STATIC,119.4763198699971,FLEXION,137.79742573736098,EXTENSION,159.76983519134174,170.3246447509738,STRAIGHT,UPRIGHT,56.087411697502205,LEFT_TILT,False,0.0,0.011049723756906077,0.09935123402609898,593.7591934204102,459.18484926223755,0.04166666666666785,0.6108801662921906,False,,107.32143122340102,0.0,107.32143122340102,torso,False
22.71,545,115.9242987612761,FLEXION,124.73089196018528,EXTENSION,21.081943666425982,STATIC,21.383173518475598,FLEXION,155.54610952929048,EXTENSION,156.71728684958347,STATIC,100.99233538504238,FLEXION,125.16516823013056,FLEXION,151.29506109917028,137.10688118592023,HUNCH,UPRIGHT,151.76893391840775,RIGHT_TILT,False,0.19531804180906617,0.011019283746556474,0.09961560539740191,495.1063919067383,461.1668300628662,0.0,0.6495846211910248,False,,103.68619815811803,0.0,103.68619815811803,torso,False
22.793333333333337,547,110.22140485669524,FLEXION,134.51078105070619,EXTENSION,26.596281577038866,EXTENSION,23.707226857255073,STATIC,154.43650457467564,STATIC,144.74466314794398,FLEXION,118.30444096258164,EXTENSION,129.0773195670561,STATIC,135.8728957231694,147.30320015983108,HUNCH,FORWARD_TILT,126.24193842670287,RIGHT_TILT,False,0.03738645359333229,0.01098901098901099,0.09944464618914899,520.6606674194336,435.3956937789917,0.0,0.6845094561576843,False,,116.8516036468027,0.0,116.8516036468027,torso,False
22.87666666666667,549,143.6955083750613,EXTENSION,116.52340397757564,FLEXION,28.174950721949813,STATIC,26.8967183517928,STATIC,152.5001426047177,STATIC,153.39433868921324,EXTENSION,108.25748849488188,FLEXION,126.7534448139993,STATIC,164.46341192563443,142.0035704174733,HUNCH,UPRIGHT,135.19158118187337,RIGHT_TILT,False,0.01776984351672602,0.010958904109589041,0.0992208796064848,419.33237075805664,489.70072746276855,0.0,0.7148403823375702,False,,107.82214400735396,0.0,107.82214400735396,torso,False
24.83666666666667,596,114.07759056885288,FLEXION,117.48188326354826,STATIC,28.743978875195037,STATIC,39.059511087754025,EXTENSION,124.28108669658265,FLEXION,113.33905564825089,FLEXION,105.22724249304324,STATIC,120.71362511914967,FLEXION,130.25603453518448,158.56914429361018,STRAIGHT,FORWARD_TILT,25.89978356808466,LEFT_TILT,False,0.04387547881070116,0.01092896174863388,0.09906966266441981,834.8531341552734,338.45385789871216,0.0,0.7433401048183441,False,,164.81490714157044,0.0,164.81490714157044,torso,False
24.878333333333334,597,119.35485936033224,EXTENSION,112.9641240846061,STATIC,32.87114670288599,STATIC,47.06246764394486,EXTENSION,122.01830985141935,STATIC,115.73463344739072,STATIC,114.65682827311072,EXTENSION,107.01562199000037,FLEXION,125.09168822747883,128.73246450750344,HUNCH,FORWARD_TILT,65.78061881950472,LEFT_TILT,False,0.10261299392226164,0.010899182561307902,0.09907931751798343,834.5130920410156,333.4821152687073,0.0416666666666643,0.7689274549484253,False,,165.3663809089432,0.0,165.3663809089432,torso,False
25.003333333333334,600,119.20017356221528,STATIC,114.34810017005117,STATIC,45.61915022569416,EXTENSION,56.75328771920719,EXTENSION,142.13157440257112,EXTENSION,132.94694291428974,EXTENSION,118.9142210139108,STATIC,110.72582819808869,STATIC,136.07691909580433,160.47689870227524,STRAIGHT,FORWARD_TILT,147.76089295220413,LEFT_TILT,False,0.030940179787101507,0.010869565217391304,0.09889415681762777,884.5616912841797,391.50269508361816,0.0,0.7919808626174927,False,,168.37714997377086,0.0,168.37714997377086,torso,False
25.045,601,101.8367042640548,FLEXION,117.31820620654933,STATIC,53.147536912403126,EXTENSION,55.83367621574431,STATIC,140.29204586989178,STATIC,139.61796530923792,EXTENSION,130.1628758554902,EXTENSION,127.43460076006625,EXTENSION,148.0369847276245,147.71772577749113,HUNCH,FORWARD_TILT,151.75172652122689,LEFT_TILT,False,0.009433976655298585,0.01084010840108401,0.09865171730499274,864.0057754516602,418.96355867385864,0.0,0.8127179741859436,False,,186.57245173384976,0.0,186.57245173384976,torso,False
25.08666666666667,602,105.83260216251112,STATIC,113.12175650327106,STATIC,64.35026332215082,EXTENSION,61.25459534721802,EXTENSION,137.7636287602451,STATIC,134.56518641666963,FLEXION,122.19887585536854,FLEXION,117.10484153593916,FLEXION,145.76247733919087,147.88142634528592,HUNCH,FORWARD_TILT,159.33137104024217,LEFT_TILT,False,0.014124658478940474,0.010810810810810811,0.09842326579465206,860.6641387939453,425.01837730407715,0.04166666666666785,0.8314092457294464,False,,184.1478425258568,0.0,184.1478425258568,torso,False
25.128333333333334,603,99.96525970509731,FLEXION,115.09391417926639,STATIC,61.58798636290042,STATIC,62.17938844426423,STATIC,135.27575591809853,STATIC,133.74835182936678,STATIC,124.8389634560123,STATIC,120.87098774265435,STATIC,144.93831493778595,153.01372178205227,STRAIGHT,FORWARD_TILT,155.73774585640237,LEFT_TILT,False,0.011248189027142344,0.01078167115902965,0.09818829254190944,861.9722747802734,423.5385060310364,0.08333333333333215,0.848154753446579,False,,185.04946599402956,0.0,185.04946599402956,torso,False
25.17,604,102.83180764151152,STATIC,131.28628025630715,EXTENSION,59.16933858387239,STATIC,54.18444195767479,FLEXION,132.54900846583544,STATIC,130.65026864343238,STATIC,123.10692884955373,STATIC,118.7426745427351,STATIC,134.43948068861005,126.55415617650253,HUNCH,FORWARD_TILT,30.876716421621204,RIGHT_TILT,False,0.2533474736330832,0.010752688172043012,0.09860538711473518,850.7844543457031,432.0438766479492,0.125,0.8632899522781372,False,,180.567142769999,0.0,180.567142769999,torso,False
25.21166666666667,605,126.98496537348575,EXTENSION,132.88008467088343,STATIC,55.05054529250419,STATIC,54.876030783522786,STATIC,128.00680138588393,STATIC,126.29642123710327,STATIC,118.29078774375849,STATIC,114.29633539504678,STATIC,139.46773787101168,96.10208862032906,HUNCH,FORWARD_TILT,21.58491830026277,RIGHT_TILT,False,0.14317816335257613,0.010723860589812333,0.09872488517435406,855.9787750244141,436.6289520263672,0.16666666666666785,0.8768952190876007,False,,186.11145340445114,0.0,186.11145340445114,torso,False
25.253333333333334,606,141.35665292646777,EXTENSION,141.94772238047835,EXTENSION,56.866607085955714,STATIC,58.07010331739776,STATIC,123.5061522821712,STATIC,121.02384036053044,FLEXION,111.39327288590744,FLEXION,105.93333090945193,FLEXION,147.96288762622348,94.11754155844265,HUNCH,FORWARD_TILT,21.349440389552683,RIGHT_TILT,False,0.12871015736740862,0.0106951871657754,0.09880505969893441,858.642578125,436.6597652435303,0.20833333333333215,0.889157623052597,False,,187.52925747636954,0.0,187.52925747636954,torso,False
25.295,607,104.90685578453547,FLEXION,121.68146041694666,FLEXION,61.05342746362062,STATIC,66.36863693450519,EXTENSION,119.97985414514204,STATIC,119.72408075492896,STATIC,112.40173378227739,STATIC,106.66707377250856,STATIC,147.97858487138163,158.11891916102098,STRAIGHT,FORWARD_TILT,120.41767571243555,RIGHT_TILT,False,0.004492033619151921,0.010666666666666666,0.09855355829605499,859.3045043945312,435.24757146835327,0.25,0.9001072943210602,False,,196.9528974740083,0.0,196.9528974740083,torso,False
25.33666666666667,608,98.11170636671358,FLEXION,119.86960835675093,STATIC,61.79425280630584,STATIC,66.1118746100951,STATIC,119.90988198126054,STATIC,119.82398831786692,STATIC,114.14123084504931,STATIC,108.61034430270762,STATIC,148.9353260642013,155.27258235191334,STRAIGHT,FORWARD_TILT,52.44159658165605,LEFT_TILT,False,0.002365942079552689,0.010638297872340425,0.0982977401678196,859.6682357788086,431.2918496131897,0.29166666666666785,0.9099578857421875,False,,199.52436493712133,0.0,199.52436493712133,torso,False
25.378333333333334,609,99.37820833870589,STATIC,119.31098871883324,STATIC,69.2867390377318,EXTENSION,72.33638136188276,EXTENSION,120.9077920253571,STATIC,120.62060803073466,STATIC,114.81878073165625,STATIC,109.5422963164942,STATIC,144.47635638278632,148.46995861084008,HUNCH,FORWARD_TILT,168.50555403585327,LEFT_TILT,False,0.01567485556971911,0.010610079575596816,0.09807858132273181,862.6592636108398,432.475004196167,0.33333333333333215,0.9188539683818817,False,,197.33473357041046,0.0,197.33473357041046,torso,False
25.42,610,99.01874040957254,STATIC,118.84268902684137,STATIC,69.26233640011228,STATIC,73.33481699475927,STATIC,119.71195352740402,STATIC,117.2794642791154,STATIC,112.81650556627498,STATIC,106.69830566411216,STATIC,143.37141248517315,144.57221728011922,HUNCH,FORWARD_TILT,163.05235746246183,LEFT_TILT,False,0.02679193385490582,0.010582010582010581,0.09788999230826667,866.2080001831055,428.8917875289917,0.375,0.9269223213195801,False,,195.02150596590505,0.0,195.02150596590505,torso,False
25.46166666666667,611,94.81110916703604,STATIC,117.86405372744028,STATIC,68.94889728521662,STATIC,75.29954435203113,STATIC,113.81234281043967,FLEXION,110.9816304838944,FLEXION,101.69288258341207,FLEXION,99.41761099309151,FLEXION,142.6874337587828,140.83286092191634,HUNCH,FORWARD_TILT,159.72804345605223,LEFT_TILT,False,0.036621567376224164,0.010554089709762533,0.09772833419498951,867.8178405761719,425.9513998031616,0.41666666666666785,0.9341811537742615,False,,189.03783416642275,0.0,189.03783416642275,torso,False
25.503333333333334,612,93.06578627595383,STATIC,122.52996465419308,STATIC,66.63789580501852,STATIC,74.45140254711862,STATIC,114.6826132991116,STATIC,112.22132326965064,STATIC,102.72888523603525,STATIC,100.55266383470503,STATIC,145.84224699010514,139.8228700749078,HUNCH,FORWARD_TILT,153.9685701640233,LEFT_TILT,False,0.031855295411082375,0.010526315789473684,0.0975549840929266,870.3988265991211,412.19231128692627,0.45833333333333215,0.9407298862934113,False,,180.66572636463897,0.0,180.66572636463897,torso,False
25.545,613,96.87076199772783,STATIC,119.47483727416676,STATIC,70.59560487496088,STATIC,75.61454356410235,STATIC,112.83689878501046,STATIC,110.69892366279694,STATIC,98.20520120489208,STATIC,97.43513694834627,STATIC,155.81731140989132,129.06653470364262,HUNCH,UPRIGHT,155.45828758984788,LEFT_TILT,False,0.04651881176968309,0.010498687664041995,0.0974210308847291,862.8257369995117,428.2995343208313,0.5,0.9465886950492859,False,,182.96142574248597,0.0,182.96142574248597,torso,False
25.58666666666667,614,92.73583648384512,STATIC,115.18676646534482,STATIC,72.09345860536489,STATIC,75.02054067845465,STATIC,113.82380562882466,STATIC,111.3803105685697,STATIC,102.88052240211765,STATIC,102.5742381819002,EXTENSION,150.49300448273502,135.4794739450239,HUNCH,UPRIGHT,156.52179280643156,LEFT_TILT,False,0.032267835677724656,0.010471204188481676,0.09725047278209296,862.3671340942383,427.73333072662354,0.5416666666666679,0.9518682956695557,False,,183.2340582541098,0.0,183.2340582541098,torso,False
25.628333333333334,615,94.92348668863384,STATIC,117.88494415372473,STATIC,75.6132400487087,STATIC,79.25570057790114,STATIC,113.09526203450882,STATIC,110.44760838571611,STATIC,102.0803931403466,STATIC,102.40655459374251,STATIC,148.52998182914055,135.24963618508366,HUNCH,FORWARD_TILT,157.51908716857196,LEFT_TILT,False,0.03604529330172398,0.010443864229765013,0.09709066813593012,858.4135055541992,431.8717432022095,0.5833333333333321,0.9566334784030914,False,,182.34988005393268,0.0,182.34988005393268,torso,False
25.67,616,99.64900577331854,STATIC,120.26662587875755,STATIC,79.3230902124826,STATIC,80.58775313860218,STATIC,109.32419859197782,STATIC,105.76470683444691,STATIC,96.6818236378954,FLEXION,98.31204828736699,STATIC,147.73463773180123,135.14852529929132,HUNCH,FORWARD_TILT,159.0017221781042,LEFT_TILT,False,0.038037415486461,0.010416666666666666,0.09693688362382213,856.987190246582,431.8480324745178,0.625,0.9609053432941437,False,,180.46293505300147,0.0,180.46293505300147,torso,False
25.71166666666667,617,98.2827726842146,STATIC,111.27062941312603,FLEXION,76.8680545803712,STATIC,72.33910113968516,FLEXION,111.387374127297,STATIC,108.31448935489308,STATIC,102.7231339612428,EXTENSION,104.20032900609885,EXTENSION,152.18404135418203,143.25821601487306,HUNCH,UPRIGHT,157.18950699154638,LEFT_TILT,False,0.18164840885583766,0.01038961038961039,0.0971569135594897,855.2906799316406,431.12823486328125,0.6666666666666679,0.9646770358085632,False,,187.07960882027362,0.0,187.07960882027362,torso,False
25.753333333333334,618,100.2627486030402,STATIC,118.80987309375952,EXTENSION,77.22194617404149,STATIC,78.55083490479107,EXTENSION,106.67812975020773,STATIC,104.71016354150674,STATIC,96.03499752533826,FLEXION,100.85726736116169,STATIC,150.61545513981514,142.90592560869968,HUNCH,UPRIGHT,157.3416591260898,LEFT_TILT,False,0.01576460975844518,0.010362694300518135,0.09694605266881341,854.682731628418,430.5767512321472,0.7083333333333321,0.9681349396705627,False,,184.56888707260737,0.0,184.56888707260737,torso,False
25.795,619,100.0458613059558,STATIC,120.39618186589844,STATIC,77.49113063301482,STATIC,79.23099752442916,STATIC,109.07274352293656,STATIC,106.69148812511418,STATIC,102.15867423109552,EXTENSION,106.45777003497308,EXTENSION,147.30020770140308,146.54756781717288,HUNCH,FORWARD_TILT,156.81599285922846,LEFT_TILT,False,0.013671609958720113,0.0103359173126615,0.09673087323028604,854.1213226318359,428.09300422668457,0.75,0.9712460041046143,False,,183.12773227148125,0.0,183.12773227148125,torso,False
25.83666666666667,620,101.50714467173223,STATIC,123.78696754104868,STATIC,77.02688364204407,STATIC,79.65775968478194,STATIC,102.84447987084015,FLEXION,100.04492538300246,FLEXION,92.4032085898215,FLEXION,97.79771957958498,FLEXION,148.22213226238748,145.022200175256,HUNCH,FORWARD_TILT,157.24860916740587,LEFT_TILT,False,0.015012594583014552,0.010309278350515464,0.09652025911006111,853.6669921875,427.9963803291321,0.7916666666666679,0.9739839732646942,False,,183.09336534301804,0.0,183.09336534301804,torso,False
25.878333333333334,621,104.0812073203719,STATIC,123.10222458413064,STATIC,78.48002342978847,STATIC,79.46450629692754,STATIC,102.91632700936066,STATIC,99.63867376968781,STATIC,94.0852350745073,STATIC,99.44665165782557,STATIC,146.48618640047698,146.21203962080267,HUNCH,FORWARD_TILT,157.30166884364434,LEFT_TILT,False,0.016226164397156333,0.010282776349614395,0.09631384755552921,852.07275390625,427.48637437820435,0.8333333333333321,0.9763751029968262,False,,182.73583268767726,0.0,182.73583268767726,torso,False
25.92,622,102.10602339129304,STATIC,122.50665331811415,STATIC,77.9773766316781,STATIC,78.78805148408536,STATIC,105.58123013977527,STATIC,100.22173350323527,STATIC,100.44243830363209,EXTENSION,101.85846406732271,STATIC,146.53298649471515,150.36157749871222,STRAIGHT,FORWARD_TILT,157.0868532477781,LEFT_TILT,False,0.007704474456188566,0.010256410256410256,0.09608664403476168,850.8929824829102,427.40241050720215,0.875,0.9785788357257843,False,,183.40061990897766,0.0,183.40061990897766,torso,False
25.96166666666667,623,99.48538856204334,STATIC,121.59978895316145,STATIC,75.12173551376051,STATIC,74.12936908852649,STATIC,107.4827154209241,STATIC,102.83931326940457,STATIC,105.91289619716656,EXTENSION,107.43402108434181,EXTENSION,148.64722100824062,151.94515274155836,STRAIGHT,FORWARD_TILT,157.553235801181,LEFT_TILT,False,0.0030061755372430645,0.010230179028132993,0.09584858657057366,850.7862091064453,427.3922610282898,0.9166666666666679,0.980561226606369,False,,185.15629192031122,0.0,185.15629192031122,torso,False
26.003333333333334,624,103.04303568217752,STATIC,124.23044188772828,STATIC,76.02874897691082,STATIC,74.062469678405,STATIC,105.40877702983089,STATIC,102.62295158192285,STATIC,103.75875183257807,STATIC,107.20251001543457,STATIC,149.07348263996437,148.92676213575612,HUNCH,FORWARD_TILT,159.09887022826422,LEFT_TILT,False,0.004443900498398934,0.01020408163265306,0.09561541135100178,851.0480499267578,423.89966011047363,0.9583333333333321,0.9822252988815308,False,,185.17566617197642,0.0,185.17566617197642,torso,False
26.045,625,106.28489328304806,STATIC,126.42852862259177,STATIC,77.09575733375952,STATIC,74.20861599924123,STATIC,102.90078522708953,STATIC,100.15851290168723,STATIC,99.53080898188898,STATIC,103.15212445183708,STATIC,151.79879404179007,142.34537965739588,HUNCH,UPRIGHT,161.4082199732458,LEFT_TILT,False,0.01701026742800915,0.010178117048346057,0.0954153982621392,851.9818496704102,423.8573455810547,1.0,0.9837724268436432,False,,182.3047154668567,0.0,182.3047154668567,torso,False
26.08666666666667,626,102.52548802304352,STATIC,127.86176909210492,STATIC,73.22111444620442,STATIC,71.12600974850479,STATIC,98.81803913338162,STATIC,98.20914752981946,STATIC,97.19297339748442,STATIC,100.35097758761133,STATIC,165.7793657971238,126.99586896273098,HUNCH,UPRIGHT,159.4698030858438,LEFT_TILT,False,0.05112029119393117,0.01015228426395939,0.09530297413252446,851.981201171875,422.9602646827698,1.0416666666666679,0.9853157997131348,False,,172.32283734399567,0.0,172.32283734399567,torso,False
26.128333333333334,627,99.73609668429788,STATIC,128.4341973711382,STATIC,76.54046755849008,STATIC,72.43502786365349,STATIC,101.06756169354878,STATIC,99.78296753014224,STATIC,101.54320229975386,STATIC,106.28075792492352,EXTENSION,158.02486655643293,137.65653298074568,HUNCH,UPRIGHT,159.9919895273446,LEFT_TILT,False,0.027429926709454027,0.010126582278481013,0.09513114363271921,853.4021377563477,423.8287854194641,1.0833333333333321,0.986670047044754,False,,167.12264766253642,0.0,167.12264766253642,torso,False
26.17,628,98.83758057011691,STATIC,129.22544347272233,STATIC,77.62444516585765,STATIC,73.21593651568708,STATIC,103.31149524753127,STATIC,102.10402698666908,STATIC,105.33448689852894,STATIC,110.03096443614284,STATIC,157.41101942077677,133.44743821330556,HUNCH,UPRIGHT,160.22564540561737,LEFT_TILT,False,0.03678347063709875,0.010101010101010102,0.09498380102414442,854.6475982666016,422.6702857017517,1.125,0.9879221618175507,False,,166.32314900329473,0.0,166.32314900329473,torso,False
26.21166666666667,629,96.73375737320994,STATIC,128.2366371232849,STATIC,75.8638664854902,STATIC,73.8942825724221,STATIC,103.23836413995292,STATIC,101.92936499570892,STATIC,103.34322410603356,STATIC,108.63518737903179,STATIC,158.39806881066087,131.32597103177596,HUNCH,UPRIGHT,160.45014804165572,LEFT_TILT,False,0.041497842151608975,0.010075566750629723,0.09484907568693399,855.7822418212891,418.969202041626,1.1666666666666679,0.9890327751636505,False,,163.8834978654001,0.0,163.8834978654001,torso,False
26.253333333333334,630,98.03788165328044,STATIC,126.74650540258128,STATIC,78.09937131614673,STATIC,72.79752009859864,STATIC,102.20245543426078,STATIC,101.70420271272889,STATIC,102.87131708651003,STATIC,110.35613145974487,STATIC,154.21904261416552,137.07578217329043,HUNCH,UPRIGHT,161.7785837655884,LEFT_TILT,False,0.028720484059354606,0.010050251256281407,0.0946829234466637,855.6972503662109,431.2770652770996,1.2083333333333321,0.9899967312812805,False,,173.1063171699798,0.0,173.1063171699798,torso,False
26.295,631,87.98229561341097,FLEXION,171.66314614521215,EXTENSION,71.84957437344254,FLEXION,58.674622280901495,FLEXION,107.67046492238856,EXTENSION,105.69948260188448,STATIC,112.66570093883584,EXTENSION,117.94912613929796,EXTENSION,139.25328420940372,127.87303464265122,HUNCH,FORWARD_TILT,34.52550525712827,LEFT_TILT,False,0.40638595810654454,0.010025062656641603,0.09546413405984636,861.0060119628906,427.6148200035095,1.25,0.9909220635890961,False,,172.83860741578266,0.0,172.83860741578266,torso,False
26.33666666666667,632,101.53676728873872,EXTENSION,128.17308501250582,FLEXION,77.06205630909633,EXTENSION,74.60688154424435,EXTENSION,102.42924014526471,FLEXION,102.22023753024288,STATIC,107.46130710276115,FLEXION,118.56894372295206,STATIC,153.90235437904732,140.32307154989093,HUNCH,UPRIGHT,158.28435265131566,LEFT_TILT,False,0.021504285444686817,0.01,0.09527923443830845,858.7911224365234,430.98551988601685,1.2916666666666679,0.9917502403259277,False,,170.4589383496811,0.0,170.4589383496811,torso,False
26.378333333333334,633,104.48242485785576,STATIC,131.63174018093463,STATIC,79.70192058437163,STATIC,78.16865645661076,STATIC,99.47833974431585,STATIC,98.92259739618225,STATIC,101.26748923227146,FLEXION,109.59701458822944,FLEXION,147.66726390280562,145.76262845947355,HUNCH,FORWARD_TILT,157.0037223596698,LEFT_TILT,False,0.014600239194935213,0.00997506234413965,0.09507803993645465,863.6098098754883,433.4418225288391,1.3333333333333321,0.9922709465026855,False,,170.2496524007148,0.0,170.2496524007148,torso,False
26.42,634,97.98972315237702,FLEXION,131.1098546735668,STATIC,77.12691293859567,STATIC,72.82977854933273,FLEXION,100.65099589257676,STATIC,98.39428772315881,STATIC,108.45066732566806,EXTENSION,110.8160530734789,STATIC,150.20793701972016,148.49277652793148,HUNCH,UPRIGHT,157.07362937818334,LEFT_TILT,False,0.17001605216015225,0.009950248756218905,0.09526445290218524,865.3023529052734,433.6355423927307,1.375,0.9928286969661713,False,,169.39875904727288,0.0,169.39875904727288,torso,False
26.46166666666667,635,114.96946908705713,EXTENSION,152.29031928357387,EXTENSION,71.31511928328585,FLEXION,56.54849289771143,FLEXION,102.87759133708582,STATIC,102.05208605060372,STATIC,106.32776705126406,STATIC,112.81049806722163,STATIC,142.8324932905944,134.7692676972252,HUNCH,FORWARD_TILT,17.43482551077761,RIGHT_TILT,False,0.3831071978048453,0.009925558312655087,0.09597870288953675,861.0108947753906,434.468936920166,1.4166666666666679,0.9934855699539185,False,,173.30959891433304,0.0,173.30959891433304,torso,False
26.503333333333334,636,123.9011900543739,EXTENSION,157.27219893726053,STATIC,68.03604118863657,STATIC,56.01082619613487,STATIC,104.13903700062534,STATIC,103.14633556715505,STATIC,100.9686558508687,FLEXION,105.07798009728687,FLEXION,142.82015100722862,99.86845232109641,HUNCH,FORWARD_TILT,25.22105650468693,RIGHT_TILT,False,0.12735865927038884,0.009900990099009901,0.0960563760488953,861.5576553344727,426.7625427246094,1.4583333333333321,0.9941174983978271,False,,165.40122126459087,0.0,165.40122126459087,torso,False
26.545,637,145.95166681996196,EXTENSION,163.31123938609008,EXTENSION,67.43626009649016,STATIC,59.577715873592794,STATIC,100.67094159722217,STATIC,100.27183866103728,STATIC,90.96979175058206,FLEXION,99.36498085178583,FLEXION,157.78495849925415,107.93557982022763,HUNCH,UPRIGHT,25.41095295002643,RIGHT_TILT,False,0.09347648928838304,0.009876543209876543,0.09605000595812861,865.0653457641602,422.5838327407837,1.5,0.9946950972080231,False,,160.59642162833288,0.0,160.59642162833288,torso,False
26.58666666666667,638,150.05605315270054,STATIC,156.70086505332213,FLEXION,64.1583680118161,STATIC,60.858020860262016,STATIC,105.16160023061887,STATIC,101.71274745347371,STATIC,94.6023736243662,STATIC,98.65827999169481,STATIC,150.35465723319248,124.44289951373808,HUNCH,UPRIGHT,28.474325152680027,RIGHT_TILT,False,0.05679355663613761,0.009852216748768473,0.09595331519625179,860.8608627319336,425.1054096221924,1.5416666666666679,0.9949649274349213,False,,163.23608138871617,0.0,163.23608138871617,torso,False
26.628333333333334,639,165.34995614784535,EXTENSION,159.58357878310312,STATIC,63.585744725697346,STATIC,55.71178815830959,FLEXION,106.39033652022627,STATIC,104.2588489745656,STATIC,95.23747984421271,STATIC,96.16968392202774,STATIC,140.57112513390803,109.40080423116785,HUNCH,FORWARD_TILT,28.965573853992716,RIGHT_TILT,False,0.27784015696649805,0.009828009828009828,0.0964002116133777,859.7962188720703,435.3282952308655,1.5833333333333321,0.9951817393302917,False,,164.62481172864238,0.0,164.62481172864238,torso,False
26.67,640,170.78285262118058,EXTENSION,161.5506852223163,STATIC,61.901118102659744,STATIC,53.92606510820846,STATIC,106.14960729357851,STATIC,103.75258147212476,STATIC,92.77957054715053,STATIC,90.3437638360052,FLEXION,138.06953212386964,111.51223127098952,HUNCH,FORWARD_TILT,28.825933403492698,RIGHT_TILT,False,0.11204052578920187,0.00980392156862745,0.09643854571674983,862.5494766235352,434.85820055007935,1.625,0.9954637885093689,False,,162.74282846292428,0.0,162.74282846292428,torso,False
26.71166666666667,641,165.43978445880572,FLEXION,163.95394436644875,STATIC,63.4168989873982,STATIC,56.28958193570207,STATIC,105.46292181563877,STATIC,102.83228710869301,STATIC,90.26503718806521,STATIC,86.16416860128888,STATIC,138.82395379705778,115.90743321137182,HUNCH,FORWARD_TILT,26.873443873256438,RIGHT_TILT,False,0.10059691775904529,0.009779951100244499,0.0964487128855574,863.6457824707031,436.30180835723877,1.6666666666666679,0.9958274364471436,False,,163.30139308097003,0.0,163.30139308097003,torso,False
26.753333333333334,642,166.54930570647883,STATIC,166.63965156401073,STATIC,66.8477815984876,STATIC,64.99369516682937,EXTENSION,105.28822755704569,STATIC,103.8623171283174,STATIC,88.87363563811294,STATIC,85.28080948708799,STATIC,132.32862471870004,101.13435240481168,HUNCH,FORWARD_TILT,24.465529450565235,RIGHT_TILT,False,0.14786005083664064,0.00975609756097561,0.09657410639275517,867.6533508300781,436.6451954841614,1.7083333333333321,0.9961054921150208,False,,155.48360600335036,0.0,155.48360600335036,torso,False
26.795,643,158.73482821508796,FLEXION,161.81371670829165,STATIC,62.21511358197513,STATIC,59.9902443658591,FLEXION,105.41954697110529,STATIC,103.94096707640682,STATIC,87.58420865757563,STATIC,81.64774216587819,STATIC,131.68983397392347,93.78061718706262,HUNCH,FORWARD_TILT,22.346796839370676,RIGHT_TILT,False,0.3322878863089198,0.009732360097323601,0.09714761923926651,867.8034210205078,446.3555645942688,1.75,0.9963831305503845,False,,159.22089974719788,0.0,159.22089974719788,torso,False
26.83666666666667,644,165.04455751211717,EXTENSION,171.05406312964985,EXTENSION,69.12396153190821,EXTENSION,64.71071383872257,STATIC,105.8048408882928,STATIC,103.18553222861533,STATIC,88.92209783307278,STATIC,79.00318750639185,STATIC,128.47145618671914,94.17883196589622,HUNCH,FORWARD_TILT,33.98638617057101,RIGHT_TILT,False,0.1718882485497437,0.009708737864077669,0.09732902853370942,866.8474197387695,450.37776231765747,1.7916666666666679,0.9967060387134552,False,,162.33613445045697,0.0,162.33613445045697,torso,False
26.878333333333334,645,150.12494483816826,FLEXION,151.00246158518215,FLEXION,80.46562610379442,EXTENSION,80.94770508924735,EXTENSION,94.95388889395196,FLEXION,92.67239267615426,FLEXION,78.6533471405822,FLEXION,67.58021299769068,FLEXION,134.89777257486483,166.33466927341433,STRAIGHT,FORWARD_TILT,163.79152250543527,LEFT_TILT,False,0.033560505389189275,0.009685230024213076,0.09717462532996966,873.0402374267578,439.6799325942993,1.8333333333333321,0.9967267513275146,False,,165.6712340509873,0.0,165.6712340509873,torso,False
26.92,646,156.72580675368036,EXTENSION,160.73113605448776,EXTENSION,61.44638179599799,FLEXION,63.855747825127715,FLEXION,105.48589365688035,EXTENSION,103.7748288253071,EXTENSION,88.91388865323927,EXTENSION,78.135116222244,EXTENSION,133.10757708044585,135.57447304616758,HUNCH,FORWARD_TILT,7.192860521958139,UPRIGHT,False,0.40292877749641454,0.00966183574879227,0.09791316192940551,878.9104461669922,443.7038040161133,1.875,0.9970207214355469,False,,161.6388712295894,0.0,161.6388712295894,torso,False
26.96166666666667,647,153.88374499721942,STATIC,164.52549546255955,STATIC,55.16872615200961,FLEXION,63.35191326167544,STATIC,105.42720611303389,STATIC,104.06075895336723,STATIC,86.56086610077448,STATIC,75.78965382631718,STATIC,138.47440984415016,117.97906199500349,HUNCH,FORWARD_TILT,12.475563269892579,RIGHT_TILT,False,0.2634367292463252,0.00963855421686747,0.09831201389884386,875.7942199707031,449.6724271774292,1.9166666666666679,0.9972884058952332,False,,166.8536975545431,0.0,166.8536975545431,torso,False
27.003333333333334,648,148.73034649612654,FLEXION,160.9397590901282,STATIC,53.80551652666217,STATIC,63.21931364801436,STATIC,103.31587327193786,STATIC,103.09539796879714,STATIC,82.41525372736223,STATIC,70.67639198801312,FLEXION,144.5328320249083,106.94572980699986,HUNCH,FORWARD_TILT,10.843514167458839,RIGHT_TILT,False,0.10782541815131523,0.009615384615384616,0.09833488265906615,878.0375289916992,455.25399684906006,1.9583333333333321,0.9975412786006927,False,,167.19259999005325,0.0,167.19259999005325,torso,False
27.045,649,151.67261744636255,STATIC,160.9194282941015,STATIC,54.194224198727184,STATIC,63.45132324114823,STATIC,103.64080368136403,STATIC,103.70741370634596,STATIC,83.9098356006752,STATIC,69.5987543675737,STATIC,144.33042347016854,107.81440246032794,HUNCH,FORWARD_TILT,6.809255527510025,UPRIGHT,False,0.10634483126556338,0.009592326139088728,0.09835409116891387,880.2960968017578,456.55733585357666,2.0,0.9977278709411621,False,,168.68703974409874,0.0,168.68703974409874,torso,False
27.08666666666667,650,156.677943322001,EXTENSION,162.0663139173044,STATIC,76.7852445025666,EXTENSION,67.39013898563817,STATIC,106.43969967273742,STATIC,106.31957996609826,STATIC,89.88267778209234,EXTENSION,74.81070774589465,EXTENSION,138.7695526240173,168.58303379318085,STRAIGHT,FORWARD_TILT,175.10971109853836,RIGHT_TILT,False,0.024956549724405974,0.009569377990430622,0.09817849896450118,882.7957534790039,457.2912526130676,2.041666666666668,0.9978924095630646,False,,171.8564291415754,0.0,171.8564291415754,torso,False
27.128333333333334,651,160.75677842049768,STATIC,157.5636297513361,STATIC,75.33196905194313,STATIC,68.4230983027761,STATIC,108.73769348398956,STATIC,106.98664343816048,STATIC,96.27474670283274,EXTENSION,80.14762434023423,EXTENSION,142.9490722305884,161.48626050025695,STRAIGHT,FORWARD_TILT,0.20761336819973839,UPRIGHT,False,0.015668728376470226,0.00954653937947494,0.09798157827097366,883.5622787475586,460.4140520095825,2.083333333333332,0.998078852891922,False,,175.66528599398677,0.0,175.66528599398677,torso,False
27.17,652,163.148340497973,STATIC,158.4553837504116,STATIC,72.17325896232072,STATIC,68.92417817222423,STATIC,108.07194254125753,STATIC,106.48558419626853,STATIC,97.4487466206545,STATIC,78.09600921259648,STATIC,146.15012645678254,151.672899906047,STRAIGHT,FORWARD_TILT,171.09716602456976,LEFT_TILT,False,0.008555274540483252,0.009523809523809525,0.09776865850018678,890.1496505737305,473.0443811416626,2.125,0.998152881860733,False,,182.721221125545,0.0,182.721221125545,torso,False
27.21166666666667,653,156.18284229823215,FLEXION,173.5718719151804,EXTENSION,74.83044123821523,STATIC,72.86570567712567,STATIC,108.53719954447983,STATIC,108.47635516082423,STATIC,97.40138626513834,STATIC,78.70922380400485,STATIC,142.62534348046108,152.22196182224275,STRAIGHT,FORWARD_TILT,166.7285543939215,LEFT_TILT,False,0.016388125598975362,0.009501187648456057,0.09757535557168033,892.9435348510742,472.4561405181885,2.166666666666668,0.9982644617557526,False,,180.90673416189443,0.0,180.90673416189443,torso,False
27.253333333333334,654,146.9561093138656,FLEXION,174.3440883541529,STATIC,75.02238465322603,STATIC,71.1377070955674,STATIC,109.57852226471168,STATIC,109.16536484067174,STATIC,98.402899883659,STATIC,80.9988209464042,STATIC,135.49428649084837,148.95631503043364,HUNCH,FORWARD_TILT,171.8202027364938,LEFT_TILT,False,0.03455421884159552,0.009478672985781991,0.09742601638511615,902.2312927246094,468.50172758102417,2.208333333333332,0.9983650743961334,False,,178.06341886022574,0.0,178.06341886022574,torso,False
27.295,655,142.34993423092456,STATIC,160.07021370793868,FLEXION,73.45538281107817,STATIC,74.58812136277751,STATIC,110.2159830611925,STATIC,110.35974009038408,STATIC,98.17306180813647,STATIC,80.12892865511054,STATIC,134.6211086424233,158.6885578362795,STRAIGHT,FORWARD_TILT,161.52290815169138,LEFT_TILT,False,0.0341753141279482,0.009456264775413711,0.0972764875381725,904.9889755249023,469.8965835571289,2.25,0.9984448254108429,False,,177.5299237665144,0.0,177.5299237665144,torso,False
27.33666666666667,656,137.44700174037834,STATIC,167.78502483482512,EXTENSION,79.72863840876991,EXTENSION,69.47502813749713,FLEXION,103.98484223908538,FLEXION,106.62072941722526,STATIC,91.18641036877627,FLEXION,81.07848676949153,STATIC,135.84404889393872,147.5242913812514,HUNCH,FORWARD_TILT,169.5547584894969,LEFT_TILT,False,0.20362591049957748,0.009433962264150943,0.09752731164893053,918.9846801757812,469.3343925476074,2.291666666666668,0.9985173046588898,False,,182.7411084224762,0.0,182.7411084224762,torso,False
27.378333333333334,657,115.85286771932245,FLEXION,152.30565438234765,FLEXION,78.57194290920674,STATIC,75.1621739855673,EXTENSION,108.36182075502411,STATIC,109.09370909885138,STATIC,96.46486977236837,EXTENSION,77.88914970254723,STATIC,139.63498128529463,145.44185636951562,HUNCH,FORWARD_TILT,155.24890266733593,LEFT_TILT,False,0.03316258298931055,0.009411764705882352,0.09737586522855494,928.6674499511719,466.28909826278687,2.333333333333332,0.9985958933830261,False,,180.70965683187973,0.0,180.70965683187973,torso,False
27.42,658,142.04490861975543,EXTENSION,154.3588687233639,STATIC,70.28525997467099,FLEXION,73.0760317952167,STATIC,109.25879867355656,STATIC,108.4185560040491,STATIC,90.62133644434907,FLEXION,69.20124698838464,FLEXION,140.60731013169652,131.17806232779913,HUNCH,FORWARD_TILT,57.167634953972765,LEFT_TILT,False,0.22936583897889853,0.009389671361502348,0.09768570084768721,947.8804397583008,448.85566234588623,0.0,0.9987107217311859,False,,174.39550342573173,0.0,174.39550342573173,torso,False
27.46166666666667,659,133.90486788579597,FLEXION,150.4023789693868,STATIC,72.36589766178645,STATIC,71.51400155074971,STATIC,107.44211304301638,STATIC,108.84821214031132,STATIC,78.63334812359875,FLEXION,59.22532742281073,FLEXION,145.13142666738034,122.90562579357103,HUNCH,FORWARD_TILT,52.42960987418625,LEFT_TILT,False,0.07102877230899696,0.00936768149882904,0.09762327244361535,949.9201202392578,446.44137382507324,0.04166666666666785,0.998810201883316,False,,179.95617318779128,0.0,179.95617318779128,torso,False
27.503333333333334,660,125.8025852248297,FLEXION,135.23237541628575,FLEXION,74.09784637773382,STATIC,70.09546255527937,STATIC,106.80468627417174,STATIC,108.64482081343901,STATIC,63.157234793089536,FLEXION,49.75742195769705,FLEXION,145.71884893136573,120.583071291528,HUNCH,FORWARD_TILT,42.15588606955877,LEFT_TILT,False,0.07488462172690284,0.009345794392523364,0.0975701447550249,968.0612945556641,440.20272731781006,0.08333333333333215,0.9989246428012848,False,,177.93955665998652,0.0,177.93955665998652,torso,False
27.545,661,121.76342779955658,STATIC,137.2201208029522,STATIC,74.4990374019256,STATIC,69.37711685831573,STATIC,104.47961471763035,STATIC,107.47843165351011,STATIC,69.96718506649056,EXTENSION,54.780393505280614,EXTENSION,146.7693826530303,132.5416914329276,HUNCH,FORWARD_TILT,47.39612130115721,LEFT_TILT,False,0.04597539092009354,0.009324009324009324,0.09744987726356817,981.0700225830078,427.47392892837524,0.125,0.9990138709545135,False,,175.34331891124097,0.0,175.34331891124097,torso,False
27.58666666666667,662,117.58905797010361,STATIC,133.11118886744146,STATIC,76.44722081048516,STATIC,70.14476307761156,STATIC,103.3177911525383,STATIC,104.77382704075775,STATIC,67.67262713067456,STATIC,52.66329867599712,STATIC,148.97274384563983,131.28272192861164,HUNCH,FORWARD_TILT,47.42010697458989,LEFT_TILT,False,0.04387674272388564,0.009302325581395349,0.09732528857859217,999.542236328125,419.17251348495483,0.16666666666666785,0.9990759789943695,False,,173.37359469254233,0.0,173.37359469254233,torso,False
27.628333333333334,663,114.97367420511502,STATIC,133.41225556805227,STATIC,76.87997497699521,STATIC,63.99559565660262,FLEXION,103.94017053525945,STATIC,105.24498916487175,STATIC,75.25637279615557,EXTENSION,60.02457092747801,EXTENSION,145.77185101457673,127.34239811732125,HUNCH,FORWARD_TILT,46.78385193586694,LEFT_TILT,False,0.22641277970689336,0.009280742459396751,0.09762479551856502,1014.2472457885742,400.1477122306824,0.20833333333333215,0.9991230666637421,False,,174.62407728181535,0.0,174.62407728181535,torso,False
27.67,664,114.19124577221504,STATIC,131.7344304876199,STATIC,77.22589807019907,STATIC,61.410112959584566,STATIC,102.92473929586448,STATIC,105.80067446792052,STATIC,76.18781524607319,STATIC,62.73141194166521,STATIC,147.74025503933186,125.22954259577664,HUNCH,FORWARD_TILT,46.23635754610998,LEFT_TILT,False,0.06006711636642559,0.009259259259259259,0.09753785644645359,1025.0536727905273,396.4811325073242,0.25,0.9991395473480225,False,,173.522820373945,0.0,173.522820373945,torso,False
27.71166666666667,665,110.07424851073166,STATIC,137.72099082490243,EXTENSION,77.9062245376597,STATIC,64.74621665236197,STATIC,103.20186672002076,STATIC,106.48481602577809,STATIC,76.79031173151348,STATIC,63.47967186855201,STATIC,144.6028609913441,131.3423288434353,HUNCH,FORWARD_TILT,48.70608314738095,LEFT_TILT,False,0.05345513370049023,0.009237875288683603,0.09743604877267538,1040.653190612793,380.84707260131836,0.29166666666666785,0.9990715086460114,False,,167.37178279053475,0.0,167.37178279053475,torso,False
27.753333333333334,666,107.3318485577935,STATIC,138.3990802545093,STATIC,79.02722956811249,STATIC,64.83534097947265,STATIC,102.75036243392078,STATIC,106.4275831535425,STATIC,77.62050991924747,STATIC,67.11752261174404,STATIC,141.70990552336374,142.821414095458,HUNCH,FORWARD_TILT,63.10610995455944,LEFT_TILT,False,0.034374845291507215,0.009216589861751152,0.0972907464605068,1062.8175354003906,371.77194714546204,0.33333333333333215,0.9989582002162933,False,,160.67405126698364,0.0,160.67405126698364,torso,False
27.795,667,104.0302553190284,STATIC,136.34917926028282,STATIC,79.9026805843698,STATIC,68.57305352564705,STATIC,102.93837116317809,STATIC,107.53314783593599,STATIC,78.95755865220814,STATIC,68.36533638161028,STATIC,138.04867833831042,139.15605724510385,HUNCH,FORWARD_TILT,68.83078751815378,LEFT_TILT,False,0.050656143147968256,0.009195402298850575,0.09718354047588028,1083.7096786499023,371.4278733730316,0.375,0.998409777879715,False,,156.73521077746338,0.0,156.73521077746338,torso,False
28.003333333333334,672,85.25521037215383,FLEXION,106.7451017201123,FLEXION,79.03594839181456,STATIC,61.359456186173205,FLEXION,95.82152073750237,FLEXION,103.35209869518752,STATIC,87.20684085378835,EXTENSION,74.4622613757552,EXTENSION,49.554633395833314,171.80381270114833,STRAIGHT,FORWARD_TILT,26.415751352389176,LEFT_TILT,False,0.38987859245370377,0.009174311926605505,0.09785485940243492,1148.1977081298828,257.07810401916504,0.0,0.9977114200592041,False,,174.83755342006884,0.0,174.83755342006884,torso,False
28.045,673,87.861725413694,STATIC,132.92944789955314,EXTENSION,80.17587098239017,STATIC,70.49760530047021,EXTENSION,101.61553737833161,EXTENSION,103.03920354082628,STATIC,104.54621811109625,EXTENSION,81.1400250044839,EXTENSION,45.22753790627524,173.08321988632753,STRAIGHT,FORWARD_TILT,50.769770425499416,LEFT_TILT,False,0.23282769354161056,0.009153318077803204,0.09816372172311952,1173.971061706543,235.0626504421234,0.0,0.9950346350669861,False,,179.69070562666906,0.0,179.69070562666906,torso,False
28.08666666666667,674,85.63486207210487,STATIC,104.53476866947398,FLEXION,83.49674073814512,STATIC,81.06020168114593,EXTENSION,100.78893629244551,STATIC,101.20205506510956,STATIC,110.52608924914315,EXTENSION,81.28491308189528,STATIC,44.14316335140406,169.42370422464498,STRAIGHT,FORWARD_TILT,50.594458924134,LEFT_TILT,False,0.23523741477465765,0.0091324200913242,0.09847667536022349,1189.7763061523438,219.16863083839417,0.04166666666666785,0.9951024651527405,False,,183.00925436471294,0.0,183.00925436471294,torso,False
28.128333333333334,675,113.65810424708188,EXTENSION,115.47907454752841,EXTENSION,79.33826849139133,STATIC,73.49461973951253,FLEXION,104.07417426709246,STATIC,104.85959893595854,STATIC,120.821074790581,EXTENSION,85.34248872501,STATIC,57.857395882148026,168.17696107149047,STRAIGHT,FORWARD_TILT,56.407355455527195,LEFT_TILT,False,0.37142800915078217,0.009111617312072893,0.09909843238480336,1218.0997467041016,246.11132383346558,0.0,0.9939523041248322,False,,168.24924603495853,0.0,168.24924603495853,torso,False
28.17,676,126.36751894627895,EXTENSION,119.33846749325345,STATIC,81.67470520109552,STATIC,75.31983159387887,STATIC,105.81854448322395,STATIC,107.80010303228832,STATIC,121.67454898736337,STATIC,94.69155061459536,EXTENSION,61.90198720147395,171.01698894488436,STRAIGHT,FORWARD_TILT,49.2211885059658,LEFT_TILT,False,0.19577336177450233,0.00909090909090909,0.0993181481334163,1278.1702423095703,265.5700743198395,0.0,0.9921431243419647,False,,161.95781930693732,0.0,161.95781930693732,torso,False
28.21166666666667,677,120.57492457610282,FLEXION,131.67335875740133,EXTENSION,82.21519257567189,STATIC,76.55987878939072,STATIC,104.18092704051354,STATIC,107.19164729897534,STATIC,121.8560065845283,STATIC,95.80968981342532,STATIC,58.43063892967431,166.4456858491431,STRAIGHT,FORWARD_TILT,4.6943757250952824,UPRIGHT,False,0.2034874690451682,0.009070294784580499,0.0995543597454611,1327.4214172363281,251.02787733078003,0.0,0.9784371852874756,False,,175.12622138761722,0.0,175.12622138761722,torso,False
28.253333333333334,678,129.74142682927211,EXTENSION,130.50521847644947,STATIC,77.75731485736783,STATIC,68.96746553010009,FLEXION,111.20195960081075,EXTENSION,114.25814167264129,EXTENSION,125.46730742329515,STATIC,103.53672829422,EXTENSION,57.198013893273185,170.70686254382608,STRAIGHT,FORWARD_TILT,26.63484501633981,RIGHT_TILT,False,0.37289330245939295,0.00904977375565611,0.10017277364300393,1377.1942901611328,216.94257974624634,0.0,0.9685653448104858,False,,190.65586830590237,0.0,190.65586830590237,torso,False
28.545,685,120.07469561126936,FLEXION,113.05145404661658,FLEXION,72.01959537287767,FLEXION,70.73455923842896,STATIC,97.42560607541868,FLEXION,79.66479306740104,FLEXION,116.62834296021916,FLEXION,88.52249549848807,FLEXION,146.3730578499549,140.1123041512084,HUNCH,FORWARD_TILT,113.13013937626175,RIGHT_TILT,False,0.19669919555297044,0.009029345372460496,0.10039066624325217,702.005500793457,829.6157026290894,0.0,0.9649405777454376,False,,582.8099495832478,0.0,582.8099495832478,torso,False
28.58666666666667,686,128.41244602069855,EXTENSION,116.35509251590767,STATIC,81.09801865663783,EXTENSION,81.9955033628082,EXTENSION,105.94722438186665,EXTENSION,95.25903167693677,EXTENSION,120.94635627608639,STATIC,89.03033119896565,STATIC,145.06768320731243,133.62090642898897,HUNCH,FORWARD_TILT,129.3371882350595,RIGHT_TILT,False,0.04735868969710799,0.009009009009009009,0.10027122485463473,683.9098739624023,640.7197594642639,0.0,0.9526593685150146,False,,577.596436286715,0.0,577.596436286715,torso,False
28.628333333333334,687,108.88494497547518,FLEXION,91.70754446306533,FLEXION,62.21551585192353,FLEXION,67.55325374768056,FLEXION,101.01975502531027,STATIC,93.84990109958,STATIC,133.74130584864292,EXTENSION,94.43955527772631,EXTENSION,150.14225713490927,116.3229530836391,HUNCH,UPRIGHT,105.93357183532964,RIGHT_TILT,False,0.40817121536969087,0.008988764044943821,0.1009631349456798,780.2422332763672,616.9580054283142,0.0,0.9497442841529846,False,,504.23954935238635,0.0,504.23954935238635,torso,False
30.92,742,112.28144681388558,STATIC,102.9965959694794,EXTENSION,50.87683104682637,FLEXION,60.571142561937435,FLEXION,128.90571620690477,EXTENSION,128.98615262723672,EXTENSION,151.70338657459686,EXTENSION,150.72685234720655,EXTENSION,32.72108230513793,151.03041227899308,STRAIGHT,FORWARD_TILT,47.80256589206219,RIGHT_TILT,True,0.5939531504330269,0.011210762331838564,0.1020684937247994,880.627326965332,-1491.9893217086792,0.0,0.8604862689971924,False,,1459.4565322330845,0.0,1459.4565322330845,torso,False
30.96166666666667,743,127.58911820481538,EXTENSION,97.5177555622605,FLEXION,42.482268916980416,FLEXION,48.042023397767956,FLEXION,142.24070364326624,EXTENSION,140.8917655598682,EXTENSION,161.5894865107481,EXTENSION,159.14157567567736,EXTENSION,35.03011401338892,142.95833158550755,HUNCH,FORWARD_TILT,44.09335016786869,RIGHT_TILT,True,0.6044701208913411,0.013422818791946308,0.10319243472517198,877.6792526245117,-1338.8064336776733,0.0,0.7809701859951019,False,,1393.93712391699,0.0,1393.93712391699,torso,False
31.003333333333334,744,140.14282115240624,EXTENSION,116.47524923195841,EXTENSION,62.244681644827345,EXTENSION,68.76601175986899,EXTENSION,129.15236798100742,FLEXION,129.62184893232077,FLEXION,160.56013908936336,STATIC,160.23211266916857,STATIC,34.85667181278975,152.89416509857926,STRAIGHT,FORWARD_TILT,41.58231033163279,RIGHT_TILT,False,0.255874062638245,0.013392857142857142,0.10353324193033508,994.3546295166016,-1466.243290901184,0.0,0.7108063697814941,False,,1339.8811151386124,0.0,1339.8811151386124,torso,False
31.045,745,141.03335664309407,STATIC,114.69477604872897,STATIC,54.07888517771281,FLEXION,66.10724061033743,STATIC,145.94273042890248,EXTENSION,149.37841939197438,EXTENSION,163.5270992937527,STATIC,160.4085996304678,STATIC,32.50092596095484,145.9999952457571,HUNCH,FORWARD_TILT,41.741202158609994,RIGHT_TILT,False,0.4366646195406401,0.013363028953229399,0.10427518263770771,940.0220108032227,-1505.7917976379395,0.0,0.6460076570510864,False,,1376.7872600204068,0.0,1376.7872600204068,torso,False
31.08666666666667,746,138.15021114142576,STATIC,116.5648616004851,STATIC,50.92510010083728,STATIC,58.02481698093323,FLEXION,154.16694733430796,EXTENSION,159.53256049276817,EXTENSION,165.39905087009328,STATIC,161.8744793368483,STATIC,31.65444447440922,143.39802252740245,HUNCH,FORWARD_TILT,41.19961797052285,RIGHT_TILT,False,0.44432785110708517,0.013333333333333334,0.10503085523430632,925.0627899169922,-1509.1742134094238,0.04166666666666785,0.587260901927948,False,,1408.409803773531,0.0,1408.409803773531,torso,False
31.128333333333334,747,134.51112075486986,STATIC,112.51476387834765,STATIC,50.0980971819107,STATIC,55.78255799388259,STATIC,149.36458388038457,STATIC,153.24439934144144,FLEXION,165.40547774287458,STATIC,163.22177530094822,STATIC,33.026761421367006,143.29134740385982,HUNCH,FORWARD_TILT,43.6867231042025,RIGHT_TILT,False,0.2748486470550515,0.013303769401330377,0.10540739135807738,917.8971862792969,-1511.0755348205566,0.08333333333333215,0.5350124835968018,False,,1392.8730969796727,0.0,1392.8730969796727,torso,False
31.17,748,102.41363364952024,FLEXION,118.70552331168996,EXTENSION,85.0964998062349,EXTENSION,96.71945331026207,EXTENSION,97.60284241228274,FLEXION,91.0487507595043,FLEXION,163.78120443142245,STATIC,155.09519163455994,FLEXION,25.219998533682222,156.15314045004249,STRAIGHT,FORWARD_TILT,49.075259599270055,RIGHT_TILT,False,0.27728889214737285,0.01327433628318584,0.10578766016513334,0,0,0.0,0.0,False,,0.0,0.0,0.0,torso,False
31.295,751,100.71371959944625,STATIC,123.12577676425848,STATIC,73.72439296321623,FLEXION,81.67060214407046,FLEXION,38.81797384044962,FLEXION,60.66687483659993,FLEXION,15.852357797034568,FLEXION,28.105595643865417,FLEXION,13.406457466217258,133.1763003673179,HUNCH,FORWARD_TILT,23.934564584499228,RIGHT_TILT,True,0.6742605381476996,0.01545253863134658,0.1070425671805474,0,0,0.0,0.0,False,,0.0,0.0,0.0,torso,False
31.33666666666667,752,94.0161660508477,FLEXION,99.06049786131138,FLEXION,78.99887296421494,EXTENSION,94.18721044291591,EXTENSION,26.606710768644408,FLEXION,31.307719229201496,FLEXION,48.502681792985584,EXTENSION,63.989678494283666,EXTENSION,19.238992487231688,148.12043681537727,HUNCH,FORWARD_TILT,20.656670991242073,RIGHT_TILT,False,0.2947568237719801,0.015418502202643172,0.10745603470607919,0,0,0.0,0.0,False,,0.0,0.0,0.0,torso,False
31.378333333333334,753,108.18038717052701,EXTENSION,98.34671989905843,STATIC,109.84880287102891,EXTENSION,103.01265704367378,EXTENSION,17.289945418264796,FLEXION,18.769808545938613,FLEXION,77.83897048955542,EXTENSION,83.14009567736959,EXTENSION,18.67308718022215,155.4698983595274,STRAIGHT,FORWARD_TILT,18.982380430187366,RIGHT_TILT,False,0.29183758404395077,0.015384615384615385,0.10786126888044814,0,0,0.0,0.0,False,,0.0,0.0,0.0,torso,False
31.42,754,133.1242199390654,EXTENSION,148.04218724527493,EXTENSION,126.8521648732343,EXTENSION,132.84706778104933,EXTENSION,22.169900326945314,STATIC,22.71407261365515,STATIC,101.1191171624109,EXTENSION,104.12308366998899,EXTENSION,25.086676105326003,176.94839110724348,STRAIGHT,FORWARD_TILT,14.83282729131024,RIGHT_TILT,False,0.27758516421038665,0.015350877192982455,0.1082334704052945,0,0,0.0,0.0,False,,0.0,0.0,0.0,torso,False
31.46166666666667,755,118.24399917032471,FLEXION,148.0927187805735,STATIC,79.88878808495738,FLEXION,93.8117471200499,FLEXION,34.43952274279269,EXTENSION,40.81417037883469,EXTENSION,40.21979094102519,FLEXION,48.63786488592772,FLEXION,28.503100511684696,143.69795258475503,HUNCH,FORWARD_TILT,19.856709331589816,RIGHT_TILT,True,0.6173309931190228,0.0175054704595186,0.10934746936090442,0,0,0.0,0.0,False,,0.0,0.0,0.0,torso,False
