timestamp,frame_number,right_elbow_angle,right_elbow_state,left_elbow_angle,left_elbow_state,right_shoulder_angle,right_shoulder_state,left_shoulder_angle,left_shoulder_state,right_hip_angle,right_hip_state,left_hip_angle,left_hip_state,right_knee_angle,right_knee_state,left_knee_angle,left_knee_state,body_tilt_angle,neck_trunk_angle_angle,neck_trunk_angle_state,body_tilt_state,lateral_tilt_angle,lateral_tilt_state,is_forward_leaning,forward_lean_score,forward_lean_ratio,avg_forward_lean_score,hip_center_x,hip_center_y,stay_duration,hip_confidence,is_long_stay,long_stay_alert,torso_length,shoulder_width,person_scale,normalization_base,normalization_applied
0.8333333333333333,20,130.29719355014325,STATIC,139.0379217393675,STATIC,73.28981978430399,STATIC,67.72865244557347,STATIC,122.43417418793875,STATIC,137.2031493847719,STATIC,103.46027528488327,STATIC,107.70533566798458,STATIC,127.7860150983556,93.32405239253873,HUNCH,FORWARD_TILT,143.78783216064198,LEFT_TILT,False,0.17531096113134592,0.0,0.17531096113134592,492.7309226989746,457.87118911743164,0.0,0.9998389482498169,False,,110.54460301086799,0.0,110.54460301086799,torso,True
0.875,21,115.19848064430336,FLEXION,144.93647480171174,EXTENSION,82.25406929027999,EXTENSION,70.47812499497074,STATIC,114.09185099940011,FLEXION,125.91696661960265,FLEXION,93.70567303975984,FLEXION,101.34143635998723,FLEXION,136.54776586793753,97.16448839413253,HUNCH,FORWARD_TILT,168.41934542134948,LEFT_TILT,False,0.14730610163984428,0.0,0.1613085313855951,498.2858657836914,470.41712522506714,0.0,0.9998375475406647,False,,106.66244679536726,0.0,106.66244679536726,torso,True
1.125,27,111.93907874438085,STATIC,145.1021281910352,STATIC,81.7484537608258,STATIC,79.3110366556886,EXTENSION,94.19195057399818,FLEXION,92.11672827414387,FLEXION,90.22220578686299,STATIC,100.91097816678787,STATIC,144.32616119533628,115.75858084787627,HUNCH,FORWARD_TILT,116.40018452452067,LEFT_TILT,False,0.08870057323730544,0.0,0.13710587866949855,463.27903747558594,502.5969386100769,0.0,0.9998302757740021,False,,111.28001635623428,0.0,111.28001635623428,torso,True
1.7916666666666665,43,95.70522859790293,FLEXION,133.01021335627104,FLEXION,80.25066551958305,STATIC,77.30379161968018,STATIC,95.06498524976747,STATIC,83.83941720327404,FLEXION,82.70294929202944,FLEXION,82.78246122332067,FLEXION,169.37656868365877,109.3696153888941,HUNCH,UPRIGHT,2.3334115395598904,UPRIGHT,False,0.09028974358023534,0.0,0.12540184489718276,527.9286193847656,607.3239398002625,0.0,0.9995628595352173,False,,111.38808703191164,0.0,111.38808703191164,torso,True
1.8333333333333333,44,93.35516119762627,STATIC,129.50815430795595,STATIC,81.52385823091505,STATIC,80.56835915420395,STATIC,83.9953720418483,FLEXION,76.77660999082343,FLEXION,93.49109099293426,EXTENSION,96.96723828016069,EXTENSION,168.93106828270007,121.93309100707509,HUNCH,UPRIGHT,3.7244304554025778,UPRIGHT,False,0.062370908873166465,0.0,0.1127956576923795,532.1585845947266,585.8393812179565,0.0,0.9992169439792633,False,,105.42442270661911,0.0,105.42442270661911,torso,True
1.875,45,91.10168486299035,STATIC,124.75377994295582,STATIC,83.756127009104,STATIC,79.97361776800523,STATIC,76.66522725201145,FLEXION,66.33926387652397,FLEXION,98.8986519700026,EXTENSION,97.72283714792607,STATIC,165.64905832595133,118.39750373833041,HUNCH,UPRIGHT,1.4223026443162012,UPRIGHT,False,0.07022776947037686,0.0,0.10570100965537906,534.9101448059082,577.9614973068237,0.04166666666666674,0.998943567276001,False,,108.53111861234939,0.0,108.53111861234939,torso,True
1.9166666666666665,46,85.55745904991072,FLEXION,107.42217084178694,FLEXION,81.12228584418044,STATIC,69.26921674367433,FLEXION,87.7018606226851,EXTENSION,82.36546548548877,EXTENSION,102.80493583596213,STATIC,98.0037062973805,STATIC,173.45580748722293,109.0533694026673,HUNCH,UPRIGHT,3.3254873701899896,UPRIGHT,False,0.25765917910518377,0.0,0.12740931957677973,542.354736328125,563.3947205543518,0.0,0.9986820220947266,False,,108.35308641898318,0.0,108.35308641898318,torso,True
1.9583333333333333,47,83.59051043839636,STATIC,109.22562429181185,STATIC,81.93358458751065,STATIC,71.23997718146882,STATIC,90.70823683018277,STATIC,74.93491546676036,FLEXION,109.32825941666809,EXTENSION,94.25041817685197,STATIC,174.66650330099534,111.30474814666816,HUNCH,UPRIGHT,2.0226769805050586,UPRIGHT,False,0.08598944856295965,0.0,0.12223183570005222,545.9501075744629,546.2712621688843,0.0,0.998271107673645,False,,107.29269206726015,0.0,107.29269206726015,torso,True
2.0,48,77.78026523121613,FLEXION,107.9537954741152,STATIC,82.35159199590663,STATIC,70.18601741769587,STATIC,90.14990634789437,STATIC,77.83279889613748,STATIC,108.23821379871666,STATIC,91.12842037499362,STATIC,174.2767194067347,117.06496848033571,HUNCH,UPRIGHT,0.523670639018842,UPRIGHT,False,0.07318895893258733,0.0,0.1167826271703339,552.005443572998,530.7334613800049,0.0,0.9975732564926147,False,,104.82808405457413,0.0,104.82808405457413,torso,True
2.0416666666666665,49,85.59395650227515,EXTENSION,128.4239388613928,EXTENSION,89.90266497288447,EXTENSION,99.3507647330898,EXTENSION,64.55632394647218,FLEXION,43.097690762768245,FLEXION,99.58303504605013,FLEXION,70.66458281695402,FLEXION,136.35109872943855,143.07959258120195,HUNCH,FORWARD_TILT,4.8577182310105185,UPRIGHT,False,0.04570957486524333,0.0,0.10967532193982485,548.7068939208984,522.545428276062,0.04166666666666652,0.9976005256175995,False,,102.95312990040131,0.0,102.95312990040131,torso,True
2.083333333333333,50,78.95971474743808,FLEXION,129.745364609423,STATIC,87.1797740069491,STATIC,95.66898140782627,STATIC,69.06071972232832,STATIC,53.17232647145169,EXTENSION,100.5561691652821,STATIC,79.04951452261827,EXTENSION,139.54818761704783,139.45175666093579,HUNCH,FORWARD_TILT,6.828686837010014,UPRIGHT,False,0.04666679049336971,0.0,0.10394727362651075,549.7397232055664,507.68109798431396,0.0,0.9976573884487152,False,,100.24156111403111,0.0,100.24156111403111,torso,True
2.125,51,83.80885145885915,STATIC,130.53936689137893,STATIC,89.61614489365505,STATIC,98.98538534061241,STATIC,63.7781249808966,FLEXION,48.263952181438505,STATIC,100.0058127688678,STATIC,79.88788344466823,STATIC,132.85423820060092,143.60091383520913,HUNCH,FORWARD_TILT,5.307542776994892,UPRIGHT,False,0.05232188436486659,0.0,0.09964515785470707,549.9462890625,493.4733724594116,0.0,0.9975151121616364,False,,94.26669321421781,0.0,94.26669321421781,torso,True
2.1666666666666665,52,82.25049298439616,STATIC,130.14753236473274,STATIC,89.46639336064723,STATIC,101.44420275684178,STATIC,60.21985620439151,STATIC,47.595165279828315,STATIC,91.405240197986,FLEXION,72.44918506844084,FLEXION,127.01822231321106,148.5403086980958,HUNCH,FORWARD_TILT,3.926543505789176,UPRIGHT,False,0.054314375530429206,0.0,0.09615817459899338,551.1088371276855,487.22822427749634,0.04166666666666652,0.9974234998226166,False,,95.69647795264049,0.0,95.69647795264049,torso,True
2.208333333333333,53,84.03935990231976,STATIC,127.02976057926621,STATIC,88.32857132576949,STATIC,95.10746751171274,FLEXION,64.51242171557153,STATIC,52.28960150096011,STATIC,92.82459906323002,STATIC,70.90398603125418,STATIC,135.17368490368904,141.32428623676358,HUNCH,FORWARD_TILT,0.07186497711378816,UPRIGHT,False,0.21889339746566083,0.0,0.10492497623232677,553.0755233764648,485.08546113967896,0.08333333333333304,0.9973759353160858,False,,96.9001083063257,0.0,96.9001083063257,torso,True
2.25,54,82.3662754291882,STATIC,119.98554641073217,FLEXION,88.1236916340487,STATIC,97.8376085582029,STATIC,66.05697226663187,STATIC,52.98156803510271,STATIC,92.93231125582743,STATIC,69.35967238249276,STATIC,133.73192394419064,145.1528737451037,HUNCH,FORWARD_TILT,5.003718916135852,UPRIGHT,False,0.04692267180156814,0.0,0.10105815593694285,554.2470932006836,484.6884298324585,0.125,0.9974708557128906,False,,100.18348304815913,0.0,100.18348304815913,torso,True
2.2916666666666665,55,81.75568329934212,STATIC,132.43490846114375,EXTENSION,89.33806645046387,STATIC,106.18000937480674,EXTENSION,62.398060096868576,STATIC,51.38428588033244,STATIC,91.27183945576617,STATIC,69.28145301587078,STATIC,131.45418780368806,147.0343112095634,HUNCH,FORWARD_TILT,7.471048363631407,UPRIGHT,False,0.04780333552610786,0.0,0.09772972966126567,552.9024124145508,481.44930839538574,0.16666666666666652,0.9975225031375885,False,,100.66656132675597,0.0,100.66656132675597,torso,True
2.333333333333333,56,81.3950387557211,STATIC,130.60289199634096,STATIC,90.47077799101595,STATIC,110.9501442166921,STATIC,58.168063010632764,STATIC,49.29768811175847,STATIC,84.79640624618133,FLEXION,65.37497070757831,STATIC,126.70089795154844,152.22006662780214,STRAIGHT,FORWARD_TILT,11.1778217620099,RIGHT_TILT,False,0.05177578232989236,0.0,0.09502655628883194,552.3335838317871,476.57140016555786,0.20833333333333304,0.9976999461650848,False,,98.85442411234823,0.0,98.85442411234823,torso,True
2.375,57,81.98798898647358,STATIC,123.64202708814004,FLEXION,89.01732999288608,STATIC,103.61014637279384,FLEXION,61.02164614264159,STATIC,50.65364845532452,STATIC,86.27575102529526,STATIC,66.39508127519322,STATIC,131.4607876943407,146.20960872023062,HUNCH,FORWARD_TILT,166.90202297745336,LEFT_TILT,False,0.2162880079676193,0.0,0.10176330360432012,555.5061340332031,473.6657953262329,0.25,0.9976518750190735,False,,100.2950867058184,0.0,100.2950867058184,torso,True
2.4166666666666665,58,82.42935778906156,STATIC,118.2837873221359,FLEXION,88.92831430783153,STATIC,99.5192053944277,STATIC,56.84020818488825,STATIC,47.45569613710161,STATIC,87.07781075489868,STATIC,63.756770154476285,STATIC,124.46215820681255,150.92234786741324,STRAIGHT,FORWARD_TILT,163.34626542000902,LEFT_TILT,False,0.056750759540416564,0.0,0.09939422233779889,551.7374229431152,460.82627534866333,0.0,0.9975863397121429,False,,91.56627374712961,0.0,91.56627374712961,torso,True
2.458333333333333,59,83.81230026917328,STATIC,114.0473738168995,STATIC,83.84267512273713,FLEXION,69.28268635671499,FLEXION,88.03973087324476,EXTENSION,72.34089317656915,EXTENSION,116.7947548432579,EXTENSION,95.27435873810482,EXTENSION,174.49364951663654,116.84761217906843,HUNCH,UPRIGHT,171.40075119777276,LEFT_TILT,False,0.4070053062687368,0.0,0.11477477653434578,553.561840057373,462.5944519042969,0.04166666666666652,0.9969711899757385,False,,91.92480941705497,0.0,91.92480941705497,torso,True
2.5,60,83.76631554463002,STATIC,113.13059955936558,STATIC,90.36592020513433,EXTENSION,98.78294105124067,EXTENSION,57.02767047825693,FLEXION,50.576074377572134,FLEXION,87.71470689946653,FLEXION,60.62045295102953,FLEXION,124.50490522233952,153.5060071009601,STRAIGHT,FORWARD_TILT,161.95820354000043,LEFT_TILT,False,0.056655766172578836,0.0,0.11200720461235687,543.0755805969238,457.6381587982178,0.0,0.9969447255134583,False,,89.80456370711366,0.0,89.80456370711366,torso,True
2.5416666666666665,61,83.81164238180145,STATIC,120.77450722987042,EXTENSION,87.83099295807912,STATIC,99.1404310618135,STATIC,58.97672009829688,STATIC,52.17375570006036,STATIC,93.34660584900018,EXTENSION,65.16422400258269,STATIC,128.59853986878716,149.9442571272851,HUNCH,FORWARD_TILT,163.16819457967907,LEFT_TILT,False,0.04768267334206163,0.0,0.10908336228188892,542.581672668457,455.27764320373535,0.04166666666666652,0.9966205954551697,False,,92.04867370098253,0.0,92.04867370098253,torso,True
2.583333333333333,62,87.44488092493538,STATIC,120.50000657224373,STATIC,88.70194855336324,STATIC,100.76290181916383,STATIC,59.962521790683546,STATIC,50.23041645637881,STATIC,93.98250915373468,STATIC,61.01380227985648,STATIC,127.92504753352257,149.91567420044478,HUNCH,FORWARD_TILT,163.96305529602822,LEFT_TILT,False,0.04924284059118367,0.0,0.10648160046924957,539.8978614807129,448.59100341796875,0.08333333333333304,0.9959790408611298,False,,90.2826871530156,0.0,90.2826871530156,torso,True
2.625,63,85.89563554794069,STATIC,125.64181534244788,EXTENSION,88.98029634773292,STATIC,110.81700426305476,EXTENSION,66.14394414889546,EXTENSION,56.82723781195939,EXTENSION,95.81824543441735,STATIC,63.49927369936662,STATIC,126.74937608268885,152.25970384656455,STRAIGHT,FORWARD_TILT,162.54954046984764,LEFT_TILT,False,0.05166805314958034,0.0,0.10419770266426336,541.2746238708496,441.80222511291504,0.125,0.9959388077259064,False,,94.20461025371439,0.0,94.20461025371439,torso,True
2.6666666666666665,64,76.05369623646219,FLEXION,124.08567809324765,STATIC,86.53157837132409,STATIC,105.80711387907341,FLEXION,68.71801145491843,STATIC,62.62063299970049,EXTENSION,99.82389134155378,STATIC,66.12834829093616,STATIC,128.76861092162406,148.7923341760303,HUNCH,FORWARD_TILT,161.69478965480482,LEFT_TILT,False,0.21653123311632363,0.0,0.10869104388234577,546.3487243652344,436.7771816253662,0.16666666666666652,0.9960455894470215,False,,96.38372753067394,0.0,96.38372753067394,torso,True
2.708333333333333,65,75.0887877455625,STATIC,121.94428456726826,STATIC,86.52781363961861,STATIC,106.75225102175631,STATIC,65.92533010277113,STATIC,59.57915518798591,STATIC,98.56121438332573,STATIC,65.21794978671088,STATIC,124.28881514526879,151.28126528912838,STRAIGHT,FORWARD_TILT,162.85048633212043,LEFT_TILT,False,0.057135966343847135,0.0,0.10670815628471121,546.2768745422363,423.8417458534241,0.0,0.9960915744304657,False,,93.6388540612156,0.0,93.6388540612156,torso,True
2.75,66,76.15919347717339,STATIC,119.72551671490525,STATIC,87.10463721335971,STATIC,106.21622275048239,STATIC,67.20490987934373,STATIC,61.614949641971975,STATIC,99.7511535180628,STATIC,64.36280056681103,STATIC,126.64075560113895,150.40222037132392,STRAIGHT,FORWARD_TILT,164.3400923402925,LEFT_TILT,False,0.051909431997469,0.0,0.10467857390370225,547.8862953186035,417.2641968727112,0.04166666666666696,0.9961415231227875,False,,94.39294197959694,0.0,94.39294197959694,torso,True
2.7916666666666665,67,76.62849742294033,STATIC,121.63864155293037,STATIC,86.51022783649685,STATIC,105.58458373768595,STATIC,65.85739540597655,STATIC,64.06750285890725,STATIC,99.69972613586746,STATIC,65.01498530008602,STATIC,127.48007929219361,149.51871568370214,HUNCH,FORWARD_TILT,167.37669840574716,LEFT_TILT,False,0.051113788942453886,0.0,0.10276554586937195,552.588062286377,411.6707181930542,0.08333333333333348,0.996300607919693,False,,96.20881045605549,0.0,96.20881045605549,torso,True
2.833333333333333,68,77.22778816096503,STATIC,111.88130769103236,FLEXION,86.30622368796534,STATIC,104.6172926454772,STATIC,66.51024104008918,STATIC,61.837283157166524,STATIC,100.29525274548048,STATIC,61.720106100131865,STATIC,125.71414740986401,152.35573186506983,STRAIGHT,FORWARD_TILT,162.3117377510495,LEFT_TILT,False,0.05396856131141329,0.0,0.10108289122944233,555.5172348022461,400.6800127029419,0.0,0.9962546527385712,False,,94.65339630244753,0.0,94.65339630244753,torso,True
2.875,69,83.85908529135612,EXTENSION,129.5399159148792,EXTENSION,89.68487480051053,STATIC,116.27158455370885,EXTENSION,60.77885194426762,FLEXION,62.65674178902512,STATIC,93.96576366975687,FLEXION,62.04375380453285,STATIC,121.95316980129786,153.02707683609668,STRAIGHT,FORWARD_TILT,166.51353077581138,LEFT_TILT,False,0.06232628933044918,0.0,0.0997910044994759,555.0522994995117,392.498996257782,0.04166666666666696,0.9965397715568542,False,,92.46748821637605,0.0,92.46748821637605,torso,True
2.9166666666666665,70,67.69034747076327,FLEXION,117.18637958001172,FLEXION,83.85760613642354,FLEXION,108.15298860668742,FLEXION,61.40342723779301,STATIC,65.8003420790871,STATIC,97.57177217361445,STATIC,64.33921786823754,STATIC,124.89988493343944,150.1653193889233,STRAIGHT,FORWARD_TILT,168.19446718981348,LEFT_TILT,False,0.3891113668145791,0.0,0.10912391941286631,557.6057624816895,390.5871391296387,0.08333333333333348,0.9968094825744629,False,,95.57876836246164,0.0,95.57876836246164,torso,True
2.958333333333333,71,86.78671482101751,EXTENSION,123.34963306904693,EXTENSION,90.15346655461718,EXTENSION,110.12004310694688,STATIC,60.19781143760196,STATIC,65.44048008088313,STATIC,95.24370963943052,STATIC,63.848276844990224,STATIC,124.6239562698648,150.67751763176236,STRAIGHT,FORWARD_TILT,167.27013400042674,LEFT_TILT,False,0.05639120828918931,0.0,0.1074760221902514,556.5895652770996,383.9277935028076,0.125,0.9970392286777496,False,,94.69226221453965,0.0,94.69226221453965,torso,True
3.0,72,87.80536288471062,STATIC,129.83144505549527,EXTENSION,90.32443660443433,STATIC,118.37281763447162,EXTENSION,56.78593287452899,STATIC,65.46391647843876,STATIC,91.47033512742671,STATIC,65.3228128383676,STATIC,119.32604157206474,153.9847405856262,STRAIGHT,FORWARD_TILT,163.04147990173036,LEFT_TILT,False,0.06816435206207834,0.0,0.10628475945909464,555.0927543640137,371.0331058502197,0.0,0.9972867369651794,False,,90.2605318444993,0.0,90.2605318444993,torso,True
3.0416666666666665,73,91.61950073349855,STATIC,114.88289022569792,FLEXION,88.99634027879632,STATIC,101.57383928943466,FLEXION,59.07579821484366,STATIC,74.06971337214055,EXTENSION,95.14455826671934,STATIC,70.27177102958943,STATIC,122.18942777570969,153.60243984952064,STRAIGHT,FORWARD_TILT,162.73185789512695,LEFT_TILT,False,0.22846793827620068,0.0,0.10987838236548012,550.590705871582,369.8862147331238,0.04166666666666652,0.9974331259727478,False,,92.1359743773986,0.0,92.1359743773986,torso,True
3.083333333333333,74,95.88046340541045,STATIC,118.24687466542522,STATIC,88.25882456054794,STATIC,102.98443686804038,STATIC,58.6933836200246,STATIC,70.57980464580835,STATIC,97.0992855292865,STATIC,66.6818900560086,STATIC,124.86597055521257,151.0862067969714,STRAIGHT,FORWARD_TILT,164.16172450853526,LEFT_TILT,False,0.055853398766194294,0.0,0.10833481140550051,548.0932426452637,365.6175971031189,0.08333333333333304,0.997559666633606,False,,91.43084165406871,0.0,91.43084165406871,torso,True
3.125,75,97.98180309764064,STATIC,116.11785491250902,STATIC,88.87971064128841,STATIC,101.32742156889066,STATIC,58.42378969845913,STATIC,74.23336528007863,STATIC,96.81818541586557,STATIC,69.28980897270056,STATIC,126.61467240128108,149.26680909184105,HUNCH,FORWARD_TILT,167.3382685839991,LEFT_TILT,False,0.05359670779306195,0.0,0.10681430852737722,548.3009910583496,362.28339672088623,0.125,0.9977033138275146,False,,92.42635251887825,0.0,92.42635251887825,torso,True
3.1666666666666665,76,99.30640631967724,STATIC,110.66993311615424,FLEXION,87.42679459518223,STATIC,95.19255909664818,FLEXION,63.134211930271405,STATIC,77.23272816444094,STATIC,104.67470825929234,EXTENSION,73.60775764980093,STATIC,130.73195048763515,145.16213747515263,HUNCH,FORWARD_TILT,165.95800439654627,LEFT_TILT,False,0.22023536008269384,0.0,0.10987974235319659,548.5125732421875,358.3244240283966,0.16666666666666652,0.9978188872337341,False,,93.00378871704874,0.0,93.00378871704874,torso,True
3.208333333333333,77,94.98674131594703,STATIC,96.9540491734054,FLEXION,86.3651881099808,STATIC,87.17908883723626,FLEXION,68.03886127580171,STATIC,77.543348280599,STATIC,111.1562609460242,EXTENSION,75.67723203694996,STATIC,134.48380854049256,144.04214782968086,HUNCH,FORWARD_TILT,163.12540057617375,LEFT_TILT,False,0.21438676362183687,0.0,0.11262992712342397,550.4390907287598,354.6972727775574,0.20833333333333304,0.9979345202445984,False,,93.46874072192082,0.0,93.46874072192082,torso,True
3.25,78,91.82436858620702,STATIC,96.9353146390396,STATIC,86.50399261277269,STATIC,89.3319545214947,STATIC,69.87810276718274,STATIC,76.68853961120685,STATIC,112.53975183721138,STATIC,76.00640307078051,STATIC,134.64206838112472,147.83566225006558,HUNCH,FORWARD_TILT,163.61778167792073,LEFT_TILT,False,0.03893837637513268,0.0,0.11074040018116009,550.5903625488281,351.0845947265625,0.25,0.9979067146778107,False,,94.10008108354805,0.0,94.10008108354805,torso,True
3.2916666666666665,79,92.10134546202907,STATIC,120.6531481572711,EXTENSION,88.72569016921881,STATIC,107.46239727753384,EXTENSION,62.783617707406314,FLEXION,72.08400892234184,STATIC,103.71057726456013,FLEXION,70.98652249143562,FLEXION,126.2148746892062,152.91283751672054,STRAIGHT,FORWARD_TILT,165.534827012071,LEFT_TILT,False,0.05285583402398623,0.0,0.10929328602723073,549.5597457885742,345.7374608516693,0.2916666666666665,0.9979174435138702,False,,92.25042616632568,0.0,92.25042616632568,torso,True
3.333333333333333,80,89.14151117823624,STATIC,114.85817370429022,FLEXION,88.12006036777686,STATIC,106.57165977038198,STATIC,66.50051547870959,STATIC,73.59766527549966,STATIC,104.26073136395257,STATIC,69.8541083421716,STATIC,125.23185724094895,155.2942772927871,STRAIGHT,FORWARD_TILT,162.57324517466478,LEFT_TILT,False,0.055040317242335636,0.0,0.10797004288613574,550.2787780761719,344.6586012840271,0.33333333333333304,0.9978382885456085,False,,94.08897601814634,0.0,94.08897601814634,torso,True
3.375,81,90.22827525397273,STATIC,118.56408891124839,STATIC,88.72945409330282,STATIC,108.72905958173544,STATIC,62.897155433684844,STATIC,76.66006551078176,STATIC,99.07514133429716,FLEXION,71.21725761688674,STATIC,122.23861961172982,155.79267621474602,STRAIGHT,FORWARD_TILT,161.9748026107354,LEFT_TILT,False,0.06169195641837818,0.0,0.10686818368452246,549.7965812683105,338.87391328811646,0.375,0.9979701638221741,False,,92.63767009558622,0.0,92.63767009558622,torso,True
3.4166666666666665,82,87.0168185065449,STATIC,101.46126521913324,FLEXION,86.70510158676719,STATIC,85.80710647546844,FLEXION,73.94555526183872,EXTENSION,79.14529602937557,STATIC,116.21896675617559,EXTENSION,73.37861726941804,STATIC,137.6847353903226,145.72172735434006,HUNCH,FORWARD_TILT,165.50800824170943,LEFT_TILT,False,0.20354119390074965,0.0,0.10911639322443473,548.9558982849121,340.979608297348,0.4166666666666665,0.9978795051574707,False,,95.74641370625204,0.0,95.74641370625204,torso,True
3.458333333333333,83,81.3181601782516,FLEXION,90.69425949528086,FLEXION,85.31780617643315,STATIC,76.97412108667127,FLEXION,76.66940328382185,STATIC,80.46730316035428,STATIC,118.87354595210117,STATIC,74.72302565897171,STATIC,143.11087177731474,141.0476634771998,HUNCH,FORWARD_TILT,165.42435108931915,LEFT_TILT,False,0.20186992165663434,0.0,0.11122442796153016,549.3729782104492,340.48736929893494,0.45833333333333304,0.9977512657642365,False,,97.86364031336397,0.0,97.86364031336397,torso,True
3.5,84,78.8790141973015,STATIC,103.25443450122636,EXTENSION,87.00178365555547,STATIC,88.91206874919186,EXTENSION,72.01491605747039,STATIC,81.2320835285949,STATIC,115.41950149720516,STATIC,75.75306397545874,STATIC,135.669878271098,146.1269849753888,HUNCH,FORWARD_TILT,12.608624464234953,RIGHT_TILT,False,0.04045141500780706,0.0,0.10965169434033631,549.4371604919434,339.86729621887207,0.5,0.9977574646472931,False,,97.74961250397219,0.0,97.74961250397219,torso,True
3.5416666666666665,85,80.56440433649284,STATIC,107.25758592872002,STATIC,87.9972124151444,STATIC,94.2105185589229,EXTENSION,71.05641331053374,STATIC,79.20380669392276,STATIC,116.70280924106534,STATIC,74.58840581282035,STATIC,131.12679320150784,148.8972451759702,HUNCH,FORWARD_TILT,13.709954577417218,RIGHT_TILT,False,0.04439102582782661,0.0,0.10823298415528174,549.9485015869141,335.72076201438904,0.5416666666666665,0.9976438879966736,False,,96.03686739531089,0.0,96.03686739531089,torso,True
3.583333333333333,86,74.25992092584976,FLEXION,82.63625688417739,FLEXION,84.93694603624456,STATIC,67.66153388016293,FLEXION,81.51951265314688,EXTENSION,83.68014148031013,STATIC,123.06644979393407,EXTENSION,77.97542273834173,STATIC,149.65998134762586,138.02930405945142,HUNCH,FORWARD_TILT,165.04716789393603,LEFT_TILT,False,0.19402381020649495,0.0,0.11005832087977564,552.1199417114258,336.3462424278259,0.583333333333333,0.9977136254310608,False,,96.885928080033,0.0,96.885928080033,torso,True
3.625,87,74.44230792148062,STATIC,97.8338627772958,EXTENSION,86.72144341038654,STATIC,89.09547854276009,EXTENSION,79.407324691905,STATIC,82.58366222140543,STATIC,116.7204215829944,FLEXION,76.16541950545874,STATIC,138.5610292291729,148.15359496588388,HUNCH,FORWARD_TILT,12.893007272439617,RIGHT_TILT,False,0.02952305734431826,0.0,0.10838050288945361,555.5688095092773,336.9598138332367,0.625,0.9978509247303009,False,,98.8864658658023,0.0,98.8864658658023,torso,True
3.6666666666666665,88,70.76518589075651,STATIC,98.36018346211233,STATIC,85.22512664652794,STATIC,86.27497132898175,STATIC,80.15529000908867,STATIC,82.9583315566636,STATIC,121.97513121976486,EXTENSION,76.95493974313136,STATIC,139.4929683230179,146.78414446961858,HUNCH,FORWARD_TILT,16.05340845470713,RIGHT_TILT,False,0.03049530490525228,0.0,0.10679100905304134,556.4579582214355,336.3578510284424,0.6666666666666665,0.9979070723056793,False,,100.73897485434289,0.0,100.73897485434289,torso,True
3.708333333333333,89,72.09318819037327,STATIC,86.29221331927968,FLEXION,84.06064819524782,STATIC,61.139479499353946,FLEXION,88.10117734067579,EXTENSION,85.10674588319834,STATIC,128.06357950326796,EXTENSION,78.78410075859954,STATIC,166.94207900646907,128.68607937491208,HUNCH,UPRIGHT,12.43930694046444,RIGHT_TILT,False,0.2140309347224176,0.0,0.10893580756642887,558.7433815002441,335.4377031326294,0.708333333333333,0.9978635311126709,False,,101.25092824610918,0.0,101.25092824610918,torso,True
3.75,90,62.541038851872955,FLEXION,77.1093079357403,FLEXION,84.0645317051303,STATIC,50.86875035101907,FLEXION,89.69547095987228,STATIC,84.72017910178818,STATIC,129.41811463739688,STATIC,76.57408027104756,STATIC,175.2233845963955,133.06306941263134,HUNCH,UPRIGHT,15.398019506994881,RIGHT_TILT,False,0.2043042901941526,0.0,0.1108057778140313,563.0602836608887,335.98623633384705,0.75,0.9975662231445312,False,,104.47480640558332,0.0,104.47480640558332,torso,True
3.7916666666666665,91,71.22040240260985,EXTENSION,95.80173707183454,EXTENSION,85.05654616840171,STATIC,66.76998795305619,EXTENSION,83.69096508178633,FLEXION,85.90967476742931,STATIC,124.54177320959789,STATIC,78.49955833877152,STATIC,159.90499908601532,128.30878288834745,HUNCH,UPRIGHT,12.280782199911386,RIGHT_TILT,False,0.048202704692561237,0.0,0.10960187256169533,563.1027412414551,335.6504559516907,0.7916666666666665,0.9976380467414856,False,,102.65652854036121,0.0,102.65652854036121,torso,True
3.833333333333333,92,73.27947623142178,STATIC,89.57459409848508,FLEXION,84.63522851968666,STATIC,59.82432719513038,FLEXION,88.3790682093902,STATIC,85.72446160997228,STATIC,125.48724904506459,STATIC,78.60272242549358,STATIC,169.50898068095057,125.82340400254814,HUNCH,UPRIGHT,8.998564197534922,UPRIGHT,False,0.220392435549893,0.0,0.11169226054260473,562.5411987304688,336.4762222766876,0.833333333333333,0.997710108757019,False,,103.33180226645351,0.0,103.33180226645351,torso,True
3.875,93,74.95151608886223,STATIC,92.1969113884087,STATIC,84.90071426424923,STATIC,59.71753797841435,STATIC,86.69047103796665,STATIC,85.21518935459879,STATIC,126.99117386885108,STATIC,79.22425457990305,STATIC,169.44603114593323,122.44109554238031,HUNCH,UPRIGHT,8.856479243705872,UPRIGHT,False,0.061242009905821515,0.0,0.11075799664192357,561.912784576416,336.6737401485443,0.875,0.9977628290653229,False,,103.30642785203786,0.0,103.30642785203786,torso,True
3.9166666666666665,94,69.52433316012632,FLEXION,77.80123911580257,FLEXION,84.90372701287065,STATIC,41.924605175835666,FLEXION,91.75327159887958,EXTENSION,85.49025591338052,STATIC,131.52210152563183,STATIC,80.25918991081761,STATIC,167.83876620297355,113.33276617746016,HUNCH,UPRIGHT,6.28145307884941,UPRIGHT,False,0.24814940849453296,0.0,0.11325602231197102,562.0693778991699,336.40286922454834,0.9166666666666665,0.9975869953632355,False,,103.35639261289774,0.0,103.35639261289774,torso,True
3.958333333333333,95,56.83076628109956,FLEXION,86.20617487391208,EXTENSION,85.20006999642402,STATIC,46.469712160260165,STATIC,92.01229879987571,STATIC,84.77445083145516,STATIC,135.93746188771945,STATIC,79.34467740201664,STATIC,170.96383881105257,118.4088691636715,HUNCH,UPRIGHT,1.1565838065163458,UPRIGHT,False,0.07020251296961888,0.0,0.11248720964514329,563.7273025512695,337.50816464424133,0.958333333333333,0.9972831606864929,False,,104.86121860991854,0.0,104.86121860991854,torso,True
4.0,96,71.70057569528927,EXTENSION,74.88438804152926,FLEXION,84.44845096632181,STATIC,57.36634409413806,EXTENSION,88.56034347595647,STATIC,84.28515677459454,STATIC,134.85084072173342,STATIC,78.36489593658094,STATIC,173.3873923635865,114.10799594176113,HUNCH,UPRIGHT,3.007784954308824,UPRIGHT,False,0.0797600090183086,0.0,0.11191304823063743,563.309440612793,337.65793919563293,1.0,0.9973727166652679,False,,105.24790630098597,0.0,105.24790630098597,torso,True
4.041666666666666,97,54.92001075121223,FLEXION,91.69710844652111,EXTENSION,84.3033684198947,STATIC,57.81163274827171,STATIC,87.09303109450603,STATIC,84.06758094999726,STATIC,131.49427578076774,STATIC,77.58426130958085,STATIC,170.06921675386806,119.71023553498411,HUNCH,UPRIGHT,2.1465928990293808,UPRIGHT,False,0.06731058770003533,0.0,0.11114404029045463,563.7384033203125,338.14828991889954,1.041666666666666,0.9974214732646942,False,,105.9339052619339,0.0,105.9339052619339,torso,True
4.083333333333333,98,42.920932113476766,FLEXION,98.15278206547825,EXTENSION,84.41211284868983,STATIC,59.9631090945641,STATIC,89.4932182258555,STATIC,85.16874369774814,STATIC,132.02411935283425,STATIC,78.39987839900927,STATIC,173.40991199998888,124.46518941643336,HUNCH,UPRIGHT,2.2042920337417815,UPRIGHT,False,0.05674402351903696,0.0,0.11022200610788822,565.2117919921875,338.4609818458557,1.083333333333333,0.99732705950737,False,,106.67349968316377,0.0,106.67349968316377,torso,True
4.125,99,38.8624014358153,STATIC,95.24017722659897,STATIC,84.46036187436962,STATIC,61.75540138202528,STATIC,91.6621801214171,STATIC,85.15789605505738,STATIC,134.94765183105073,STATIC,76.40751599868247,STATIC,172.78371619286145,129.73874073386466,HUNCH,UPRIGHT,0.5177434102768724,UPRIGHT,False,0.045025020591411856,0.0,0.10913538968261363,569.4724464416504,338.5666286945343,1.125,0.9971840977668762,False,,106.97264365360633,0.0,106.97264365360633,torso,True
4.166666666666666,100,64.87880292969419,EXTENSION,99.64476169168157,STATIC,84.4586189532091,STATIC,62.22086414375866,STATIC,90.77828500271124,STATIC,85.01134684964002,STATIC,132.75380386800424,STATIC,77.0739806824467,STATIC,173.3818343015736,127.03339610539994,HUNCH,UPRIGHT,0.3161613130482483,UPRIGHT,False,0.05103689754355567,0.0,0.10818295538525202,570.4306411743164,338.78286838531494,1.166666666666666,0.9971932470798492,False,,108.02515242739271,0.0,108.02515242739271,torso,True
4.208333333333333,101,69.62605014582444,STATIC,103.31269425062591,STATIC,84.29073949148238,STATIC,71.71111383702781,EXTENSION,88.5079477400973,STATIC,84.90336478076976,STATIC,128.94072784986952,STATIC,75.96392071887179,STATIC,168.1082070557428,134.64804752093218,HUNCH,UPRIGHT,1.3616097871805208,UPRIGHT,False,0.034115449953484034,0.0,0.10698831820086867,569.2509269714355,338.91974687576294,1.208333333333333,0.9972547292709351,False,,108.22084738153636,0.0,108.22084738153636,torso,True
4.25,102,68.44602876942979,STATIC,98.3687936163919,STATIC,84.4935848557347,STATIC,69.31868076760063,STATIC,88.7304371598451,STATIC,84.41538191843406,STATIC,129.94134802690849,STATIC,74.6333559801045,STATIC,171.21020021430482,134.65532689654822,HUNCH,UPRIGHT,1.5141506330901653,UPRIGHT,False,0.03409927356322617,0.0,0.1058313492383664,569.4437789916992,339.37562584877014,1.25,0.9971952736377716,False,,108.92083470313763,0.0,108.92083470313763,torso,True
4.291666666666666,103,71.09724865957911,STATIC,94.63577504363936,STATIC,84.5405157837594,STATIC,67.35374186163232,STATIC,87.76251969844489,STATIC,83.91252120770658,STATIC,127.64670111940801,STATIC,74.92917890709353,STATIC,171.89998245156855,133.07637005040283,HUNCH,UPRIGHT,2.884010796160471,UPRIGHT,False,0.03760806655466039,0.0,0.10476536044643349,569.429817199707,339.39772725105286,1.291666666666666,0.9972717761993408,False,,109.35374943580382,0.0,109.35374943580382,torso,True
4.333333333333333,104,75.62551695722158,STATIC,90.79685950853457,STATIC,84.56344511427305,STATIC,66.88875938895634,STATIC,87.69587366627962,STATIC,83.91458156377921,STATIC,125.87516220597037,STATIC,75.97490071631613,STATIC,170.48281749559075,131.81811466168358,HUNCH,UPRIGHT,8.13124812371125,UPRIGHT,False,0.040404189640703136,0.0,0.10377518858788379,569.2882347106934,338.57712149620056,1.333333333333333,0.997382640838623,False,,109.62559312122066,0.0,109.62559312122066,torso,True
4.375,105,75.19964371154306,STATIC,92.1076293182276,STATIC,84.59610326396538,STATIC,68.6771637479768,STATIC,87.65847479676775,STATIC,83.48050516550312,STATIC,125.3818524630962,STATIC,75.77849640445444,STATIC,170.05129771381698,133.1889361317334,HUNCH,UPRIGHT,8.510119607985551,UPRIGHT,False,0.03735791970725907,0.0,0.10276886633211674,570.2345657348633,338.8873028755188,1.375,0.9974348545074463,False,,109.78579664989891,0.0,109.78579664989891,torso,True
4.416666666666666,106,79.0248916592953,STATIC,97.78451227546721,EXTENSION,84.5402468670663,STATIC,71.81629812352685,STATIC,86.56324306864998,STATIC,81.82461311523137,STATIC,121.20174072358576,STATIC,75.51602885854572,STATIC,169.09856172469546,130.21195781385757,HUNCH,UPRIGHT,7.746597411589518,UPRIGHT,False,0.04397342708031652,0.0,0.10189132246268688,569.7761535644531,339.1736876964569,1.416666666666666,0.9975950717926025,False,,110.21023831970133,0.0,110.21023831970133,torso,True
4.458333333333333,107,77.08973250989895,STATIC,96.97445118927523,STATIC,84.6600483031526,STATIC,71.19397622067845,STATIC,87.05972094455133,STATIC,82.49177343319322,STATIC,120.36310396922855,STATIC,77.25352940599169,STATIC,169.51084963478854,129.0440483957395,HUNCH,UPRIGHT,8.230915768625161,UPRIGHT,False,0.046568781342801104,0.0,0.10107775568151209,569.6530151367188,339.19968366622925,1.458333333333333,0.9977391362190247,False,,110.72949637890515,0.0,110.72949637890515,torso,True
4.5,108,78.19879244428333,STATIC,97.3229810328082,STATIC,84.70552498386354,STATIC,71.95935175622947,STATIC,87.03067670106704,STATIC,82.23056627132875,STATIC,118.18155550256104,STATIC,77.65683875514918,STATIC,168.85504527344398,127.90523662040816,HUNCH,UPRIGHT,8.499209685296288,UPRIGHT,False,0.04909947417687077,0.0,0.1003244472539086,569.6077537536621,339.1887080669403,1.5,0.9979085028171539,False,,111.18408768733576,0.0,111.18408768733576,torso,True
4.541666666666666,109,78.17336764006536,STATIC,91.43801510447433,FLEXION,84.67396017472397,STATIC,67.1002708341231,STATIC,87.85846384161408,STATIC,82.67465775435323,STATIC,115.77953877279737,STATIC,77.68251351474044,STATIC,172.54359224401864,126.1442821090371,HUNCH,UPRIGHT,7.331002604812441,UPRIGHT,False,0.05301270642436199,0.0,0.09964856524205794,569.4967079162598,339.116792678833,1.541666666666666,0.9980549514293671,False,,111.29744221196387,0.0,111.29744221196387,torso,True
4.583333333333333,110,75.9301148428262,STATIC,92.4978833043931,STATIC,84.89499005866512,STATIC,66.74910899249886,STATIC,87.88044138149017,STATIC,82.24390762355382,STATIC,115.36492644215846,STATIC,77.01182229279735,STATIC,172.4964675609156,125.60975523108175,HUNCH,UPRIGHT,6.844523490453164,UPRIGHT,False,0.054200543930929435,0.0,0.09900845226584486,569.3992233276367,339.00853872299194,1.583333333333333,0.9981957376003265,False,,111.47471528489113,0.0,111.47471528489113,torso,True
4.625,111,71.43839667337356,STATIC,89.96385343518752,STATIC,85.22989742161276,STATIC,62.34259425620226,STATIC,88.37833325160217,STATIC,82.26743634172367,STATIC,115.50835734675431,STATIC,77.09391042826621,STATIC,174.65664266228217,125.3445819561313,HUNCH,UPRIGHT,6.040389721910284,UPRIGHT,False,0.05478981787526379,0.0,0.09839430456597568,569.7575569152832,338.998464345932,1.625,0.9982996582984924,False,,111.349832309836,0.0,111.349832309836,torso,True
4.666666666666666,112,74.30326895704013,STATIC,93.71120100885835,STATIC,85.02430775871942,STATIC,64.74281572223126,STATIC,88.1799805524537,STATIC,81.93811559060481,STATIC,115.08504536007956,STATIC,77.14735636369053,STATIC,173.53287969119043,129.60510409606545,HUNCH,UPRIGHT,6.137431766572449,UPRIGHT,False,0.045321990897632336,0.0,0.09766728657051893,569.6809959411621,338.55111479759216,1.666666666666666,0.9983997344970703,False,,111.11169112008795,0.0,111.11169112008795,torso,True
4.708333333333333,113,73.41443109207138,STATIC,96.94669932235207,STATIC,85.11119234092318,STATIC,65.6786181014532,STATIC,88.05755532521889,STATIC,81.9407640827369,STATIC,114.83317057429062,STATIC,77.48678144568488,STATIC,173.6966787117994,127.39425485371254,HUNCH,UPRIGHT,5.856299290295651,UPRIGHT,False,0.050234989213972146,0.0,0.09702630957921424,569.6629905700684,338.5079312324524,1.708333333333333,0.9984656870365143,False,,110.99797496568777,0.0,110.99797496568777,torso,True
4.75,114,74.13382902170433,STATIC,98.34355741717602,STATIC,85.04785025369866,STATIC,66.76267921477378,STATIC,88.4456644958656,STATIC,82.06933093912919,STATIC,114.33500668143988,STATIC,77.7129993184726,STATIC,173.78905639312623,128.83877042618826,HUNCH,UPRIGHT,5.265695994676077,UPRIGHT,False,0.047024954608470525,0.0,0.09635962484627099,569.9044609069824,338.7520444393158,1.75,0.9985309541225433,False,,111.16006242904425,0.0,111.16006242904425,torso,True
4.791666666666666,115,74.8493650698241,STATIC,97.16745112536236,STATIC,85.04866284129919,STATIC,66.89160118801522,STATIC,88.23556899212363,STATIC,81.82157179462442,STATIC,113.36363507952952,STATIC,77.34388625083446,STATIC,173.49475873335143,128.8499446859394,HUNCH,UPRIGHT,4.606514692884066,UPRIGHT,False,0.04700012292013467,0.0,0.09571015771566393,569.8498153686523,338.88272166252136,1.791666666666666,0.9985876679420471,False,,111.08382031011696,0.0,111.08382031011696,torso,True
4.833333333333333,116,76.09543247341668,STATIC,97.9589917458068,STATIC,84.97977421870797,STATIC,68.90220004297495,STATIC,88.50202043527803,STATIC,81.26138529383823,STATIC,112.72773335324476,STATIC,76.3425082803531,STATIC,172.51738193264922,130.47120565097734,HUNCH,UPRIGHT,4.145850617036958,UPRIGHT,False,0.04339732077560591,0.0,0.0950307702229359,569.7708320617676,339.5843553543091,1.833333333333333,0.9986641108989716,False,,111.68912321725564,0.0,111.68912321725564,torso,True
4.875,117,75.31771509113041,STATIC,94.5651808674992,STATIC,85.02046468701215,STATIC,67.95764610216267,STATIC,88.25107486768614,STATIC,81.39650420282238,STATIC,111.68215979139674,STATIC,76.22441696845814,STATIC,172.47285151268025,130.9406836673719,HUNCH,UPRIGHT,3.483501074277263,UPRIGHT,False,0.042354036294729114,0.0,0.09435542748026658,569.6674728393555,339.7737729549408,1.875,0.998731255531311,False,,111.80330530723487,0.0,111.80330530723487,torso,True
4.916666666666666,118,75.43294864711974,STATIC,96.518997071564,STATIC,85.04042501054401,STATIC,67.80450425294843,STATIC,88.21867350980581,STATIC,82.00912052884475,STATIC,110.30061323210406,STATIC,76.8226684288723,STATIC,172.251970318503,130.5523126430758,HUNCH,UPRIGHT,3.1337298953132,UPRIGHT,False,0.043217083015387105,0.0,0.09370810666425546,569.4046592712402,340.0481414794922,1.916666666666666,0.9988060593605042,False,,111.83792459216768,0.0,111.83792459216768,torso,True
4.958333333333333,119,77.45341394750416,STATIC,99.10987911173366,STATIC,84.95796441761134,STATIC,65.21629637814137,STATIC,88.13016869993636,STATIC,82.74101144629002,STATIC,109.53572448526378,STATIC,78.05148479330065,STATIC,173.08479461804373,127.55173640752439,HUNCH,UPRIGHT,1.5797716552209824,UPRIGHT,False,0.049885030205501356,0.0,0.09316031820852103,567.6947021484375,340.0444185733795,1.958333333333333,0.9988694190979004,False,,111.42199990743522,0.0,111.42199990743522,torso,True
5.0,120,81.1131190359512,STATIC,101.61576595720578,STATIC,84.95174883245717,STATIC,66.15963558094832,STATIC,88.11658592001706,STATIC,84.19929222644727,STATIC,106.98957719017456,STATIC,79.1864599826573,STATIC,172.7619364758694,127.84626853167953,HUNCH,UPRIGHT,1.4844552841998166,UPRIGHT,False,0.0492305143740455,0.0,0.09261797495130528,567.1127128601074,339.8680794239044,2.0,0.9989258348941803,False,,110.9011607479149,0.0,110.9011607479149,torso,True
5.041666666666666,121,80.79661964695815,STATIC,99.02818071010982,STATIC,85.37122596629985,STATIC,67.85530503164182,STATIC,86.44631743588403,STATIC,85.05524544642248,STATIC,107.07648720863375,STATIC,76.89082410613563,STATIC,168.54144908646512,125.12526164465227,HUNCH,UPRIGHT,4.393311409880939,UPRIGHT,False,0.05527719634521718,0.0,0.09216259960245053,563.7628173828125,337.9684317111969,2.041666666666666,0.998997300863266,False,,109.02206538256279,0.0,109.02206538256279,torso,True
5.083333333333333,122,76.41361586413579,STATIC,87.00020344183164,FLEXION,84.61786594049016,STATIC,58.77987317976605,FLEXION,89.74020300704514,STATIC,88.16871622009577,STATIC,113.0193869407068,EXTENSION,82.96034652779682,EXTENSION,174.32907711174786,123.11197927576296,HUNCH,UPRIGHT,3.8970274130551754,UPRIGHT,False,0.22641782383163786,0.0,0.09378013242448893,566.2898826599121,338.0772650241852,2.083333333333333,0.9990629553794861,False,,109.27046680255296,0.0,109.27046680255296,torso,True
5.125,123,72.31307924477943,STATIC,92.22629849085168,EXTENSION,84.98996512549321,STATIC,59.925399529820844,STATIC,88.50746907102075,STATIC,87.9530090312988,STATIC,113.63608967180892,STATIC,86.41683640414459,STATIC,173.16452772819207,123.703993563242,HUNCH,UPRIGHT,4.628764586180518,UPRIGHT,False,0.05843556985946222,0.0,0.09335936382252433,567.3116874694824,337.9543447494507,2.125,0.999116986989975,False,,109.40782842611652,0.0,109.40782842611652,torso,True
5.166666666666666,124,70.03866006449933,STATIC,82.5101191960629,FLEXION,85.08917963304835,STATIC,61.68196119934895,STATIC,88.6246431877269,STATIC,88.28024115866378,STATIC,114.60990519386542,STATIC,89.2010108824435,STATIC,173.018852498046,123.82183199802004,HUNCH,UPRIGHT,5.9296450065035815,UPRIGHT,False,0.05817370667106658,0.0,0.09294541491486012,567.6489067077637,337.09192872047424,2.166666666666666,0.9991505742073059,False,,108.9768321025296,0.0,108.9768321025296,torso,True
5.208333333333333,125,67.62455075974131,STATIC,80.51853669516821,STATIC,84.8930140763198,STATIC,60.21202520744043,STATIC,89.9512086795657,STATIC,89.24125892950525,STATIC,115.56471845259732,STATIC,92.07079311956915,STATIC,174.0189838681666,123.51036802214206,HUNCH,UPRIGHT,5.50139645883809,UPRIGHT,False,0.0588658488396843,0.0,0.09254914089073017,567.9229545593262,336.9718408584595,2.208333333333333,0.9991871118545532,False,,109.66150101622328,0.0,109.66150101622328,torso,True
5.25,126,64.37172525241627,STATIC,81.14311490275499,STATIC,84.76176043839942,STATIC,57.697553472154546,STATIC,90.5057007156787,STATIC,90.36837491601295,STATIC,115.92238142954294,STATIC,93.24337691527876,STATIC,174.49754937091888,119.51603390282048,HUNCH,UPRIGHT,4.060029400441098,UPRIGHT,False,0.06774214688262115,0.0,0.092264003028568,568.1004333496094,336.82546734809875,2.25,0.9992272555828094,False,,110.11851994273539,0.0,110.11851994273539,torso,True
5.291666666666666,127,62.65792848366818,STATIC,83.24336423599861,STATIC,84.90611427599829,STATIC,58.97295213929551,STATIC,90.51376046307718,STATIC,89.74053580998914,STATIC,115.92039882603895,STATIC,96.01385865430301,STATIC,174.58661508740354,120.70923662227604,HUNCH,UPRIGHT,3.944455067597643,UPRIGHT,False,0.065090585283831,0.0,0.09195521419055964,568.1567192077637,336.81179881095886,2.291666666666666,0.9992237389087677,False,,110.08789882046264,0.0,110.08789882046264,torso,True
5.333333333333333,128,61.653377710942394,STATIC,88.58247754436437,EXTENSION,85.00564545691317,STATIC,59.90276275472266,STATIC,90.25844465485996,STATIC,88.84106165867894,STATIC,116.40658060128638,STATIC,97.16287830471538,STATIC,174.6703144325329,120.30660214696195,HUNCH,UPRIGHT,4.014909456952901,UPRIGHT,False,0.06598532856230677,0.0,0.09166341772282648,567.5165176391602,337.6227056980133,2.333333333333333,0.9992084503173828,False,,110.61839367554126,0.0,110.61839367554126,torso,True
5.375,129,61.54935107081438,STATIC,85.69906465885175,STATIC,85.39776086754314,STATIC,70.42372722815564,EXTENSION,87.40172421526354,STATIC,84.19784814825532,STATIC,116.71126774242545,STATIC,93.70384564544163,STATIC,168.06466442437986,126.62399087500668,HUNCH,UPRIGHT,5.232573403979935,UPRIGHT,False,0.05194668694442961,0.0,0.09122212071417761,567.4826049804688,338.032751083374,2.375,0.9992146193981171,False,,110.77224292991424,0.0,110.77224292991424,torso,True
5.416666666666666,130,58.73347540650492,STATIC,85.77801571524395,STATIC,86.74141149738985,STATIC,88.61119590436806,EXTENSION,79.78846775416581,FLEXION,75.22054780069182,FLEXION,111.93425920560938,STATIC,85.0422071587423,FLEXION,146.99810531395283,141.9519446824896,HUNCH,FORWARD_TILT,8.772776541417299,UPRIGHT,False,0.024555444452350177,0.0,0.09048951987613556,567.7303504943848,337.5250840187073,2.416666666666666,0.9992574155330658,False,,110.12085276938221,0.0,110.12085276938221,torso,True
5.458333333333333,131,59.25179131800004,STATIC,78.22373647920928,FLEXION,86.00977980158174,STATIC,79.55571283497153,FLEXION,81.88533478107519,STATIC,77.89048878068496,STATIC,112.07583195677452,STATIC,87.37777806520488,STATIC,155.25541910258258,135.697400915642,HUNCH,UPRIGHT,168.63309258541463,LEFT_TILT,False,0.19845022018746225,0.0,0.09166300574908476,567.8482818603516,336.97038173675537,2.458333333333333,0.9992938935756683,False,,109.89494850250169,0.0,109.89494850250169,torso,True
5.5,132,58.87088706507837,STATIC,57.05027186719946,FLEXION,85.59542638650738,STATIC,81.09433636430244,STATIC,83.78312030749639,STATIC,80.25234228015101,STATIC,111.68727115159437,STATIC,88.8737283230973,STATIC,159.6570261982002,132.0642223839279,HUNCH,UPRIGHT,167.7632236438464,LEFT_TILT,False,0.03985728359127135,0.0,0.09110595497319428,568.032169342041,335.31049132347107,2.5,0.9993334114551544,False,,108.40788995089211,0.0,108.40788995089211,torso,True
5.541666666666666,133,57.263868964275325,STATIC,64.23123983213277,EXTENSION,85.89914207836343,STATIC,75.36551405092472,FLEXION,81.79200770557063,STATIC,78.58490428383422,STATIC,110.10710997496005,STATIC,90.54613499933699,STATIC,155.8887617280377,133.58462039224136,HUNCH,UPRIGHT,168.09147638825524,LEFT_TILT,False,0.2031452880172414,0.0,0.0922978627715352,567.1243286132812,332.8144383430481,2.541666666666666,0.999307781457901,False,,106.34029340509666,0.0,106.34029340509666,torso,True
5.583333333333333,134,54.615308188474536,STATIC,67.49606059468333,STATIC,85.7615586588868,STATIC,77.18976143453966,STATIC,82.99623234328128,STATIC,80.10451987177281,STATIC,108.98782104979763,STATIC,88.40623894149725,STATIC,153.96398381541852,133.16211774933763,HUNCH,UPRIGHT,168.27049236590773,LEFT_TILT,False,0.03741751611258304,0.0,0.0917201749119673,567.6667213439941,333.12833189964294,2.583333333333333,0.9993533194065094,False,,106.1186227470296,0.0,106.1186227470296,torso,True
5.625,135,52.38286945384778,STATIC,70.58198399247878,STATIC,86.04523500072509,STATIC,75.97420478169354,STATIC,84.5045404186979,STATIC,83.27855521266686,STATIC,107.16558725393625,STATIC,93.04687279107422,STATIC,156.82452867362912,130.9519987640234,HUNCH,UPRIGHT,167.20210734091864,LEFT_TILT,False,0.042328891635503574,0.0,0.09120568237783748,568.3484840393066,333.89129161834717,2.625,0.9993727803230286,False,,106.74720876681228,0.0,106.74720876681228,torso,True
5.666666666666666,136,53.32712027171096,STATIC,69.25379096349319,STATIC,85.83094094709398,STATIC,72.57151889994533,STATIC,85.74549310051464,STATIC,84.85850875618661,STATIC,106.7473500723281,STATIC,97.65347258648436,STATIC,160.07730435826375,130.1436549202551,HUNCH,UPRIGHT,167.27100240417195,LEFT_TILT,False,0.044125211288321996,0.0,0.09072031669650225,568.6171340942383,334.02114272117615,2.666666666666666,0.9993658363819122,False,,106.84865120083313,0.0,106.84865120083313,torso,True
5.708333333333333,137,53.78094023803301,STATIC,70.65516427394101,STATIC,85.86970502178546,STATIC,70.23026746052673,STATIC,86.16683736018463,STATIC,86.60897589486824,STATIC,106.7887283657218,STATIC,100.68043740019252,STATIC,162.3767533630538,127.94255412560051,HUNCH,UPRIGHT,11.287769030285718,RIGHT_TILT,False,0.049016546387554406,0.0,0.09029476801988033,568.5871887207031,334.2185962200165,2.708333333333333,0.9993528425693512,False,,106.46106203741216,0.0,106.46106203741216,torso,True
5.75,138,51.242766411861425,STATIC,71.79717978298657,STATIC,85.72586972782202,STATIC,70.1307804824802,STATIC,86.37975102834817,STATIC,86.87163147445149,STATIC,106.63423222893663,STATIC,100.66558493235422,STATIC,162.92779282890774,126.79498838606585,HUNCH,UPRIGHT,10.20648954162677,RIGHT_TILT,False,0.0515666924754092,0.0,0.08990357533761295,568.6449432373047,334.340615272522,2.75,0.9993649423122406,False,,106.23071621068247,0.0,106.23071621068247,torso,True
5.791666666666666,139,52.83116325404599,STATIC,74.96296620008692,STATIC,85.5765703605986,STATIC,71.07175326045095,STATIC,86.23801063153158,STATIC,86.68761401099144,STATIC,107.50567912806001,STATIC,103.12165890459514,STATIC,162.811722681703,127.12397831183536,HUNCH,UPRIGHT,9.473290399393347,UPRIGHT,False,0.050835603751477,0.0,0.08951289562175159,568.6869239807129,334.4514012336731,2.791666666666666,0.9993662238121033,False,,106.07738741057415,0.0,106.07738741057415,torso,True
5.833333333333333,140,52.849122156747384,STATIC,73.94747140124144,STATIC,85.35598132246076,STATIC,71.86157635988668,STATIC,83.85595507657558,STATIC,83.9736840302523,STATIC,107.78087541722132,STATIC,103.04373580149117,STATIC,159.49139291326287,128.8051986008012,HUNCH,UPRIGHT,8.3693718987834,UPRIGHT,False,0.04709955866488624,0.0,0.08909296159247569,568.6149787902832,334.52558040618896,2.833333333333333,0.9993679821491241,False,,105.9527416488029,0.0,105.9527416488029,torso,True
5.875,141,54.39874508866739,STATIC,64.65172596175964,FLEXION,85.05430995605126,STATIC,60.93745734943871,FLEXION,86.36957220291397,STATIC,83.68621608357876,STATIC,111.24873336084087,STATIC,107.29136238876468,STATIC,167.75154097263,123.33435432813707,HUNCH,UPRIGHT,7.8329211834828225,UPRIGHT,False,0.2259236570485843,0.0,0.09043443899890813,568.2219505310059,334.48363065719604,2.875,0.9993356466293335,False,,105.88771234522673,0.0,105.88771234522673,torso,True
5.916666666666666,142,57.354427834388034,STATIC,65.92339885356283,STATIC,84.91087417707817,STATIC,50.641239693687275,FLEXION,89.65442051356925,STATIC,86.35830166700867,STATIC,115.91953558516985,STATIC,112.42528752730367,EXTENSION,174.58708897990243,115.69029391810855,HUNCH,UPRIGHT,6.444991086137775,UPRIGHT,False,0.24291045795975877,0.0,0.09191478869755718,567.4545097351074,334.8958647251129,2.916666666666666,0.9993042647838593,False,,105.76662667481293,0.0,105.76662667481293,torso,True
5.958333333333333,143,57.48086022871597,STATIC,64.82226220944283,STATIC,85.06783927905784,STATIC,52.819398973809456,STATIC,88.68730271376529,STATIC,83.20773155592128,STATIC,116.89071631682489,STATIC,112.29250576585572,STATIC,175.0646641356929,117.74647377395165,HUNCH,UPRIGHT,6.486900443375032,UPRIGHT,False,0.07167450272455189,0.0,0.09172017056320135,567.296142578125,335.0081741809845,2.958333333333333,0.9992454648017883,False,,105.65942808140129,0.0,105.65942808140129,torso,True
6.0,144,56.982867771184985,STATIC,64.1969426276215,STATIC,85.24240872212657,STATIC,51.52136593872554,STATIC,87.8075814561914,STATIC,82.66455113397441,STATIC,116.30827159974659,STATIC,112.79694948908285,STATIC,174.5006911584504,117.73574055022624,HUNCH,UPRIGHT,6.205796772224976,UPRIGHT,False,0.07169835433283056,0.0,0.09152948659910258,566.4191627502441,334.7161567211151,3.0,0.9992011785507202,False,,105.27477815198554,0.0,105.27477815198554,torso,True
6.041666666666666,145,60.640131408343464,STATIC,64.17460313269852,STATIC,85.00523261449378,STATIC,48.38312925032637,STATIC,89.71009164073907,STATIC,85.31875604509152,STATIC,117.56722945707025,STATIC,114.20364072080748,STATIC,174.94555585493066,114.48683558538994,HUNCH,UPRIGHT,5.495638563789899,UPRIGHT,False,0.07891814314357792,0.0,0.09141051166084292,566.5938949584961,335.1034140586853,3.041666666666666,0.9992123544216156,False,,105.84121815625875,0.0,105.84121815625875,torso,True
6.083333333333333,146,62.111866318864045,STATIC,70.66243398274528,EXTENSION,84.94226333410575,STATIC,45.42051199568268,STATIC,89.78546149157137,STATIC,85.53077847077114,STATIC,119.81927035591686,STATIC,115.88078229669762,STATIC,172.39859526205575,107.58975203309915,HUNCH,UPRIGHT,4.468115670061923,UPRIGHT,False,0.0942449954820019,0.0,0.09143700216384441,565.3921127319336,334.93502497673035,3.083333333333333,0.9991847276687622,False,,105.54370194912602,0.0,105.54370194912602,torso,True
6.125,147,66.28978061244898,STATIC,75.90901743419948,EXTENSION,84.68052832494985,STATIC,48.60820259648325,STATIC,90.3928448233145,STATIC,86.29733938363083,STATIC,120.89512254477359,STATIC,111.86069823290754,STATIC,171.5508075663172,106.90199044007315,HUNCH,UPRIGHT,2.3209256522067077,UPRIGHT,False,0.09577335457761522,0.0,0.09147715357508303,565.4888534545898,336.05157494544983,3.125,0.9991861283779144,False,,106.77198670252358,0.0,106.77198670252358,torso,True
6.166666666666666,148,66.42211970867488,STATIC,79.5531747581686,STATIC,84.66409492652583,STATIC,47.46543243269052,STATIC,91.75740197614095,STATIC,87.90593838057251,STATIC,123.25172551966497,STATIC,112.88661339932153,STATIC,168.18841019599768,101.70601689816455,HUNCH,UPRIGHT,1.3821828913420198,UPRIGHT,False,0.10731996244852322,0.0,0.09162250044548156,565.5357933044434,336.6030156612396,3.166666666666666,0.9991611838340759,False,,107.22271322783705,0.0,107.22271322783705,torso,True
6.208333333333333,149,65.42139190464242,STATIC,78.43399472361634,STATIC,84.76464807471342,STATIC,44.43177740901941,STATIC,92.43404230987208,STATIC,87.73497593988313,STATIC,125.59795841313502,STATIC,113.95736554962028,STATIC,165.13799330523725,99.1898362232415,HUNCH,UPRIGHT,1.2987491112770213,UPRIGHT,False,0.11291147505946335,0.0,0.09181603657833595,565.6122589111328,336.6130578517914,3.208333333333333,0.9990878105163574,False,,107.36231098765832,0.0,107.36231098765832,torso,True
6.25,150,63.92019096222693,STATIC,85.07972384606931,EXTENSION,84.99713983806159,STATIC,51.480944416252,EXTENSION,90.79231163423097,STATIC,85.21212622365957,STATIC,124.83460953868835,STATIC,105.17151074458742,FLEXION,169.22211586082057,101.86784730423597,HUNCH,UPRIGHT,1.998375696170434,UPRIGHT,False,0.10696033932392009,0.0,0.09195247173820609,565.7955932617188,336.63747668266296,3.25,0.9990517199039459,False,,107.59539258764434,0.0,107.59539258764434,torso,True
6.291666666666666,151,60.5319149401118,STATIC,84.47569763003767,STATIC,85.39492076179496,STATIC,52.053947390268824,STATIC,90.43930699515336,STATIC,85.156447962235,STATIC,123.94866455219788,STATIC,108.86713611306837,STATIC,170.99969451291014,106.5426276086917,HUNCH,UPRIGHT,2.1541147016469666,UPRIGHT,False,0.09657193864735177,0.0,0.0919937169784663,566.9144630432129,336.6223919391632,3.291666666666666,0.9990237951278687,False,,107.52686550306152,0.0,107.52686550306152,torso,True
6.333333333333333,152,59.59401485527571,STATIC,84.6875238530875,STATIC,85.37772277872625,STATIC,56.20231059839009,STATIC,89.88787132430186,STATIC,83.42224844754863,STATIC,122.60354251308834,STATIC,105.37050396159489,STATIC,173.46474615937484,109.72905285496432,HUNCH,UPRIGHT,3.026196393151353,UPRIGHT,False,0.08949099365563484,0.0,0.09197156898445895,567.4854850769043,336.5744984149933,3.333333333333333,0.9990339875221252,False,,107.76723475961194,0.0,107.76723475961194,torso,True
6.375,153,53.18494326528527,FLEXION,83.8266303157802,STATIC,86.04038464984318,STATIC,55.700718280528164,STATIC,89.59610915922082,STATIC,83.73872072566641,STATIC,124.01868807923154,STATIC,107.17435154082101,STATIC,173.26116791633268,112.59534347356451,HUNCH,UPRIGHT,4.038084037601176,UPRIGHT,False,0.08312145894763441,0.0,0.09189393644027627,569.1453552246094,336.65640234947205,3.375,0.9990283250808716,False,,108.01513399094192,0.0,108.01513399094192,torso,True
6.416666666666666,154,54.951379314902866,STATIC,75.51030136002795,FLEXION,85.64884469656717,STATIC,47.41391443120852,FLEXION,91.30705345797774,STATIC,87.57103986801505,STATIC,127.63864210294214,STATIC,112.22117768587974,EXTENSION,167.83621767498173,108.19997541197331,HUNCH,UPRIGHT,4.754062128629853,UPRIGHT,False,0.25955561019561485,0.0,0.0933518640381488,569.1835975646973,336.62286400794983,3.416666666666666,0.9990135729312897,False,,108.24419404102414,0.0,108.24419404102414,torso,True
6.458333333333333,155,54.54571980925985,STATIC,76.1685297702203,STATIC,85.63846235307888,STATIC,44.91995607707353,STATIC,91.88186507952013,STATIC,87.81027837933334,STATIC,128.75902984170892,STATIC,112.44716934605493,STATIC,165.24964387066453,106.94384589657089,HUNCH,UPRIGHT,2.5782117074388617,UPRIGHT,False,0.09568034245206469,0.0,0.09337193712792392,569.0384292602539,335.53536772727966,3.458333333333333,0.9988422691822052,False,,107.36811350993644,0.0,107.36811350993644,torso,True
6.5,156,58.95113295757213,STATIC,74.8656425327529,STATIC,85.1738843135251,STATIC,47.50264072990953,STATIC,91.91540417283014,STATIC,88.73616158794795,STATIC,127.71626990432078,STATIC,109.47051973748391,STATIC,167.3336155409902,111.63844367973073,HUNCH,UPRIGHT,3.9401263221920453,UPRIGHT,False,0.08524790293393174,0.0,0.09330250093823168,569.1540336608887,336.54698967933655,3.5,0.998845100402832,False,,106.17584452681548,0.0,106.17584452681548,torso,True
6.541666666666666,157,55.86829608600313,STATIC,67.18125797894366,FLEXION,84.89274374673666,STATIC,46.645937066652806,STATIC,92.18957183272258,STATIC,88.60197239903174,STATIC,128.39714943417707,STATIC,110.27985096762048,STATIC,167.0271273683819,111.96270526511537,HUNCH,UPRIGHT,3.101226813479325,UPRIGHT,False,0.08452732163307693,0.0,0.09322813501191682,569.5727920532227,336.7171597480774,3.541666666666666,0.9988441169261932,False,,107.14527270560428,0.0,107.14527270560428,torso,True
6.583333333333333,158,56.20978529489644,STATIC,62.622653659214734,STATIC,84.8661494324801,STATIC,44.959964509393465,STATIC,92.32056071426318,STATIC,91.84264989947364,STATIC,126.18734506638118,STATIC,107.23595144340959,STATIC,166.8848868010985,112.33526129767586,HUNCH,UPRIGHT,3.7232275670864845,UPRIGHT,False,0.08369941933849807,0.0,0.09314806177096371,569.5454978942871,336.1107659339905,3.583333333333333,0.9988502264022827,False,,106.84782452110329,0.0,106.84782452110329,torso,True
6.625,159,59.01703364243883,STATIC,83.28970707780466,EXTENSION,84.52602540897274,STATIC,45.62425792987959,STATIC,92.88896061495971,STATIC,91.56939576697837,STATIC,130.00481547181016,STATIC,107.93390994108688,STATIC,166.02018344645967,107.54658473645453,HUNCH,UPRIGHT,3.779988308489171,UPRIGHT,False,0.09434092280787883,0.0,0.09315800227960466,566.8284606933594,336.0476052761078,3.625,0.9988333880901337,False,,106.39610378907823,0.0,106.39610378907823,torso,True
6.666666666666666,160,43.83437635510009,FLEXION,80.55413795740432,STATIC,87.20824631402178,STATIC,70.01763014697364,EXTENSION,85.09060786248384,FLEXION,82.63392657086773,FLEXION,122.89429397827467,FLEXION,97.07297385661299,FLEXION,165.31118804107342,129.05456577062262,HUNCH,UPRIGHT,2.564032808714621,UPRIGHT,False,0.0465454093986164,0.0,0.09277277423926593,567.106819152832,333.861722946167,3.666666666666666,0.9988877177238464,False,,104.21755512937023,0.0,104.21755512937023,torso,True
6.708333333333333,161,25.60317241079659,FLEXION,85.01439071872367,STATIC,88.76990944205788,STATIC,65.31539140266597,STATIC,90.19395442388772,EXTENSION,95.31780006466853,EXTENSION,130.73607725586768,EXTENSION,115.27383643654332,EXTENSION,170.04900423685325,119.2947756048827,HUNCH,UPRIGHT,1.8060191148398919,UPRIGHT,False,0.06823383198914956,0.0,0.09257163536836333,567.8006172180176,333.6314928531647,3.708333333333333,0.9989100992679596,False,,103.93961100216536,0.0,103.93961100216536,torso,True
6.75,162,24.291889609739833,STATIC,116.4433902213688,EXTENSION,87.50986794796853,STATIC,84.44548753453428,EXTENSION,85.01498056460431,FLEXION,89.44493636047982,FLEXION,128.76556902678638,STATIC,110.91980871387923,STATIC,157.021312051944,131.31465117178476,HUNCH,UPRIGHT,7.7714383289531295,UPRIGHT,False,0.04152299739603386,0.0,0.09215660579135253,568.3219909667969,327.8478240966797,3.75,0.9989796876907349,False,,101.97761323843206,0.0,101.97761323843206,torso,True
6.791666666666666,163,12.042029531416606,FLEXION,131.00667406454255,EXTENSION,86.02050784476263,STATIC,91.57440870319212,EXTENSION,84.20506440236417,STATIC,81.08544460597844,FLEXION,126.34517751321968,STATIC,100.88711399504086,FLEXION,148.5171066901325,136.56962015992914,HUNCH,FORWARD_TILT,4.095571697030637,UPRIGHT,False,0.03314060699986302,0.0,0.09168067031722761,567.2869110107422,321.57406210899353,3.791666666666666,0.9989874362945557,False,,97.35362476609116,0.0,97.35362476609116,torso,True
6.833333333333333,164,47.25716629832421,EXTENSION,132.38994569556024,STATIC,86.7519948543947,STATIC,61.279595454457414,FLEXION,90.44058600792465,EXTENSION,89.48317933073965,EXTENSION,133.6872427950696,EXTENSION,101.8204391823808,STATIC,175.0678214831687,115.34996235770411,HUNCH,UPRIGHT,6.832712815060577,UPRIGHT,False,0.24366675031621307,0.0,0.0928965589572195,565.9113883972168,322.7630639076233,3.833333333333333,0.9990212023258209,False,,95.91904369925751,0.0,95.91904369925751,torso,True
6.875,165,28.164471110897228,FLEXION,130.7501206207571,STATIC,86.83953666891357,STATIC,66.08346883471347,STATIC,91.76795989068458,STATIC,89.5895200620882,STATIC,131.50585096547545,STATIC,99.31534779435854,STATIC,174.92734679229633,117.91889405960288,HUNCH,UPRIGHT,12.879930652238883,LEFT_TILT,False,0.07129134653421583,0.0,0.09272508901735438,566.5206146240234,324.8201251029968,3.875,0.999010294675827,False,,97.87260205698068,0.0,97.87260205698068,torso,True
6.916666666666666,166,25.35777738469919,STATIC,134.69290145050792,STATIC,87.55144376649147,STATIC,53.98761836602758,FLEXION,93.08901535340084,STATIC,91.03299240394777,STATIC,135.08971903676255,STATIC,98.42361402228664,STATIC,160.35751276848058,107.94945284226196,HUNCH,UPRIGHT,11.741636513672558,LEFT_TILT,False,0.2601123270171956,0.0,0.09404309876538462,567.2711753845215,325.2687084674835,3.916666666666666,0.9990532100200653,False,,99.12098298634048,0.0,99.12098298634048,torso,True
6.958333333333333,167,32.24262301310457,EXTENSION,136.59240902548632,STATIC,86.85897658695865,STATIC,59.078093737541856,EXTENSION,92.47472279249362,STATIC,89.0966619564981,STATIC,131.80963682857865,STATIC,90.03262936876408,FLEXION,170.3720075538349,112.57008157639324,HUNCH,UPRIGHT,10.547399317068988,LEFT_TILT,False,0.08317759649690393,0.0,0.09395821202891212,567.5730323791504,325.9465563297272,3.958333333333333,0.999052107334137,False,,99.88729432366273,0.0,99.88729432366273,torso,True
7.0,168,31.916571634598668,STATIC,136.9518926521852,STATIC,86.42788739807702,STATIC,57.752500346898415,STATIC,92.74347949544638,STATIC,86.16395017170206,STATIC,136.14494654972245,STATIC,85.34334687533097,STATIC,166.8032705446164,118.98684272333551,HUNCH,UPRIGHT,13.302507779509808,LEFT_TILT,False,0.06891812728147666,0.0,0.09376410284482348,567.9554557800293,327.28841185569763,4.0,0.9990580976009369,False,,101.44742244201726,0.0,101.44742244201726,torso,True
7.041666666666666,169,33.300943926267365,STATIC,137.09942324346352,STATIC,86.34496254510577,STATIC,58.230091344476854,STATIC,93.27168145975908,STATIC,85.73121551140362,STATIC,135.93218664659508,STATIC,81.15057221924053,STATIC,169.9424683895952,126.2462920478749,HUNCH,UPRIGHT,12.13368098596772,LEFT_TILT,False,0.052786017671389095,0.0,0.09344888680502782,567.9651260375977,327.46333479881287,4.041666666666666,0.9990523159503937,False,,101.97596091131494,0.0,101.97596091131494,torso,True
7.083333333333333,170,29.92054506822501,STATIC,135.95246164485744,STATIC,86.40137901487199,STATIC,60.92644075900165,STATIC,93.04445355630959,STATIC,84.74439128154825,STATIC,132.34574947925796,STATIC,75.51023693407475,FLEXION,173.80779969699034,116.02906245205774,HUNCH,UPRIGHT,10.036711356090446,LEFT_TILT,False,0.07549097232876056,0.0,0.09331180348841508,567.9290199279785,328.2698857784271,4.083333333333333,0.999023973941803,False,,103.45712808366565,0.0,103.45712808366565,torso,True
7.125,171,32.39767626925158,STATIC,137.42610943009896,STATIC,86.39891129045925,STATIC,60.23727225198292,STATIC,93.07221715946913,STATIC,85.60496910022238,STATIC,132.8950712780866,STATIC,74.75499441526343,STATIC,172.84184049495084,114.5761737937859,HUNCH,UPRIGHT,9.768500799797865,UPRIGHT,False,0.07871961379158691,0.0,0.09320125659677246,567.40966796875,327.5515043735504,4.125,0.9990158379077911,False,,103.5894556926962,0.0,103.5894556926962,torso,True
7.166666666666666,172,32.04762250113044,STATIC,137.681351067268,STATIC,86.57394566626,STATIC,59.84744421946634,STATIC,93.12165487433491,STATIC,85.96069642443787,STATIC,134.50114325760407,STATIC,73.78367436805392,STATIC,172.87490270480444,114.9495843767631,HUNCH,UPRIGHT,7.886292185344903,UPRIGHT,False,0.077889812496082,0.0,0.09308613295691764,567.2401809692383,326.7947995662689,4.166666666666666,0.9990145266056061,False,,103.4248104855105,0.0,103.4248104855105,torso,True
7.208333333333333,173,35.57610533117617,STATIC,137.97119137158106,STATIC,86.51619458220729,STATIC,59.698382180681484,STATIC,93.18194651277281,STATIC,86.07152274528745,STATIC,134.1202854396464,STATIC,71.66599758416257,STATIC,172.4995286951833,115.25099790285356,HUNCH,UPRIGHT,7.241858101312601,UPRIGHT,False,0.07722000466032541,0.0,0.09296772901440577,566.8568229675293,326.9090723991394,4.208333333333333,0.9989835619926453,False,,103.48530322669566,0.0,103.48530322669566,torso,True
7.25,174,35.94437810969857,STATIC,134.75550067686873,STATIC,87.00795227252577,STATIC,55.37388450113319,STATIC,92.65866139340689,STATIC,86.43041300218046,STATIC,132.51767719965136,STATIC,72.78394771796813,STATIC,169.3587273548855,112.74758832100102,HUNCH,UPRIGHT,4.671059410500609,UPRIGHT,False,0.08278313706444218,0.0,0.09289228759255419,566.3124656677246,326.4746940135956,4.25,0.9989703297615051,False,,103.75897149435923,0.0,103.75897149435923,torso,True
7.291666666666666,175,33.45456258751367,STATIC,133.42872596332424,STATIC,87.09273470248772,STATIC,55.8862668939805,STATIC,92.38961957182958,STATIC,86.09505187662802,STATIC,133.1631346097124,STATIC,70.70615725071784,STATIC,170.39836446452537,112.97118495080521,HUNCH,UPRIGHT,3.857472715522204,UPRIGHT,False,0.08228625566487731,0.0,0.0928143020636742,566.1381721496582,326.54608368873596,4.291666666666666,0.9989145696163177,False,,104.26916160748021,0.0,104.26916160748021,torso,True
7.333333333333333,176,33.30060277348147,STATIC,133.54106992686835,STATIC,87.06905396962314,STATIC,56.592542671063285,STATIC,93.02690726851753,STATIC,85.59394410217264,STATIC,135.3938859351644,STATIC,68.41021485741834,STATIC,172.22179094404223,113.66918079153575,HUNCH,UPRIGHT,2.77515043599508,UPRIGHT,False,0.0807351537965872,0.0,0.09272613309822102,565.2458000183105,325.47518491744995,4.333333333333333,0.9988518059253693,False,,103.77527520224209,0.0,103.77527520224209,torso,True
7.375,177,31.065121416647347,STATIC,133.41257324595477,STATIC,87.18219354650768,STATIC,56.27294487962048,STATIC,93.65562662023663,STATIC,86.37374323274351,STATIC,137.73990845180012,STATIC,67.2157657860592,STATIC,172.0993605030673,113.70994978874309,HUNCH,UPRIGHT,2.4387405324341724,UPRIGHT,False,0.08064455602501537,0.0,0.09263858543827025,565.2228355407715,324.75629925727844,4.375,0.9988028109073639,False,,103.0775261857769,0.0,103.0775261857769,torso,True
7.416666666666666,178,31.47708759943863,STATIC,134.00852771546081,STATIC,87.21282973427356,STATIC,54.67572633519597,STATIC,94.20990928375188,STATIC,87.13072250485641,STATIC,139.39849466927885,STATIC,67.39350901683731,STATIC,170.34851491620495,113.10891250220588,HUNCH,UPRIGHT,3.358374236830542,UPRIGHT,False,0.08198019443954248,0.0,0.09256190636633696,565.0905799865723,324.09258127212524,4.416666666666666,0.9987747967243195,False,,102.37150264424105,0.0,102.37150264424105,torso,True
7.458333333333333,179,31.74382193251764,STATIC,134.5476216537832,STATIC,86.99666813638174,STATIC,55.032704566765204,STATIC,95.21030731270761,STATIC,86.35118330836562,STATIC,141.033820705581,STATIC,67.11416231120103,STATIC,169.06925768454968,116.20544310210363,HUNCH,UPRIGHT,4.372598819065233,UPRIGHT,False,0.07509901532865859,0.0,0.09243717143035356,564.1495323181152,323.90838861465454,4.458333333333333,0.9987758696079254,False,,102.52483311349351,0.0,102.52483311349351,torso,True
7.5,180,28.30082497311704,STATIC,133.24176313005054,STATIC,86.85865450516879,STATIC,55.4355770310081,STATIC,94.97082906468822,STATIC,84.64471033644423,STATIC,142.07845260584304,STATIC,69.08144940577354,STATIC,169.67202493898435,115.7389581956109,HUNCH,UPRIGHT,5.639144189366744,UPRIGHT,False,0.076135648454198,0.0,0.09232155779222478,564.0315818786621,324.25174355506897,4.5,0.998748242855072,False,,102.8725646187978,0.0,102.8725646187978,torso,True
7.541666666666666,181,29.67615370249264,STATIC,132.74108625655498,STATIC,86.75705945531546,STATIC,54.60582142161436,STATIC,95.09283753491073,STATIC,84.1178623972901,STATIC,143.20126258523297,STATIC,71.83138742497803,STATIC,168.99274687594283,115.4977152954667,HUNCH,UPRIGHT,5.994530880837872,UPRIGHT,False,0.07667174378785176,0.0,0.09221134783444751,563.4181213378906,324.26252603530884,4.541666666666666,0.9987083077430725,False,,102.89216669600671,0.0,102.89216669600671,torso,True
7.583333333333333,182,28.578522132224464,STATIC,130.5060441199825,STATIC,86.74025587261025,STATIC,53.96238543241697,STATIC,95.05393707858649,STATIC,84.00170618331072,STATIC,144.0293173081865,STATIC,75.20255470308224,STATIC,169.03116085805175,115.41492343581803,HUNCH,UPRIGHT,5.807095530586566,UPRIGHT,False,0.07685572569818218,0.0,0.09210396586146664,563.0455017089844,324.31203961372375,4.583333333333333,0.9986441135406494,False,,103.02796247280156,0.0,103.02796247280156,torso,True
7.625,183,29.77842305581363,STATIC,130.02848841352233,STATIC,86.58654520832862,STATIC,53.59372416583309,STATIC,95.05156656668817,STATIC,83.85650825330602,STATIC,144.94007071256087,STATIC,77.93421821411405,STATIC,168.8156638721114,116.58654385209451,HUNCH,UPRIGHT,5.647846984035832,UPRIGHT,False,0.0742521247731233,0.0,0.09197999474279758,563.044490814209,324.3756937980652,4.625,0.9985908567905426,False,,103.18853475183802,0.0,103.18853475183802,torso,True
7.666666666666666,184,30.528863952704455,STATIC,129.27160616178543,STATIC,86.4451327039852,STATIC,55.554071543694434,STATIC,94.58373186947148,STATIC,83.91185265905578,STATIC,143.67158441492552,STATIC,79.69955365269838,STATIC,171.90382083703025,119.7271392743304,HUNCH,UPRIGHT,5.4794809859110325,UPRIGHT,False,0.06727302383482132,0.0,0.09180960183998395,562.8755187988281,324.42384481430054,4.666666666666666,0.9985686838626862,False,,103.27481041438541,0.0,103.27481041438541,torso,True
7.708333333333333,185,26.875055933745138,STATIC,126.99217318497628,STATIC,86.45158152831294,STATIC,59.03727544310926,STATIC,95.04512473500203,STATIC,84.00134313501799,STATIC,144.54034547928745,STATIC,80.93067084943291,STATIC,173.97530837929665,123.84618761410572,HUNCH,UPRIGHT,5.815993935814734,UPRIGHT,False,0.05811958307976506,0.0,0.09157884828683177,562.6971435546875,324.4214415550232,4.708333333333333,0.9985921680927277,False,,103.30568790019181,0.0,103.30568790019181,torso,True
7.75,186,26.11587812137322,STATIC,126.40779431725707,STATIC,86.37146101487552,STATIC,61.24795495414807,STATIC,94.8176536975313,STATIC,84.7631014525755,STATIC,143.6578073686628,STATIC,81.83208383276978,STATIC,175.6877148911283,127.05095668951914,HUNCH,UPRIGHT,6.58005533542711,UPRIGHT,False,0.05099787402329081,0.0,0.09130278723741993,562.9608345031738,324.96646642684937,4.75,0.998609870672226,False,,103.82600330928084,0.0,103.82600330928084,torso,True
7.791666666666666,187,34.24056658454158,EXTENSION,127.51612687503581,STATIC,85.92475967778083,STATIC,61.67604272281194,STATIC,94.53312663562438,STATIC,85.62107137932568,STATIC,143.09434555351874,STATIC,82.9832958271655,STATIC,176.25496360798905,129.0949587500138,HUNCH,UPRIGHT,7.2940856776809,UPRIGHT,False,0.046455647222191566,0.0,0.09099976602110083,563.1257629394531,325.38626432418823,4.791666666666666,0.9986398816108704,False,,104.20728763732706,0.0,104.20728763732706,torso,True
7.833333333333333,188,37.47987227988743,STATIC,129.64569225605922,STATIC,85.7939995058697,STATIC,63.089573178970305,STATIC,94.32493916625319,STATIC,86.95156550828044,STATIC,143.26329895079544,STATIC,84.37152927946222,STATIC,176.81829105190718,131.7247448731979,HUNCH,UPRIGHT,7.431751323707529,UPRIGHT,False,0.04061167805956023,0.0,0.09066159093411062,563.8667297363281,325.3449261188507,4.833333333333333,0.9986469149589539,False,,104.13190183979015,0.0,104.13190183979015,torso,True
7.875,189,35.312442174998566,STATIC,129.41479638454612,STATIC,85.85574075634173,STATIC,62.936344243732485,STATIC,93.916297433511,STATIC,87.32830004431997,STATIC,140.6655089600745,STATIC,84.09492711208222,STATIC,177.47801111952555,132.91126354817553,HUNCH,UPRIGHT,7.338594600215974,UPRIGHT,False,0.03797496989294328,0.0,0.09031034679383618,564.1347885131836,325.2693200111389,4.875,0.9986689984798431,False,,104.34763813689604,0.0,104.34763813689604,torso,True
7.916666666666666,190,39.229012263836395,STATIC,129.33164941003454,STATIC,85.78130396470686,STATIC,62.23402749673718,STATIC,93.82961981871625,STATIC,87.39988158789039,STATIC,138.30061206385076,STATIC,83.75208089761173,STATIC,177.4935215157602,131.72397971710208,HUNCH,UPRIGHT,7.524485408706075,UPRIGHT,False,0.040613378406439825,0.0,0.08998122779789315,563.7600326538086,324.6918296813965,4.916666666666666,0.9986870586872101,False,,104.42873476581534,0.0,104.42873476581534,torso,True
7.958333333333333,191,38.534276016111185,STATIC,128.51374033540017,STATIC,85.61090881232992,STATIC,58.23270135043484,STATIC,93.60121841475848,STATIC,87.56395321207168,STATIC,136.45199928183425,STATIC,83.4256141063824,STATIC,172.5549125999073,130.09036336032207,HUNCH,UPRIGHT,8.698416575090915,UPRIGHT,False,0.04424363697706205,0.0,0.08968032259512453,563.7639808654785,324.4889795780182,4.958333333333333,0.9987009763717651,False,,104.3351442566951,0.0,104.3351442566951,torso,True
8.0,192,35.85291552842166,STATIC,128.08406185347565,STATIC,85.80018160511216,STATIC,58.047501787780575,STATIC,93.01065833822864,STATIC,87.40734590049422,STATIC,135.1250729630639,STATIC,83.69507854068466,STATIC,172.85915104679808,128.33024573994746,HUNCH,UPRIGHT,9.486256534482786,UPRIGHT,False,0.048155009466783416,0.0,0.08940891531977589,563.7699317932129,324.2704653739929,5.0,0.9987215101718903,False,,104.35771435399533,0.0,104.35771435399533,torso,True
8.041666666666666,193,33.439780402992156,STATIC,127.42649451464656,STATIC,85.92335797603981,STATIC,58.663384377348656,STATIC,92.96172868854963,STATIC,87.13450298418594,STATIC,133.49212578925054,STATIC,83.33038480850756,STATIC,173.9128788788311,129.4875636799694,HUNCH,UPRIGHT,9.624474171413201,UPRIGHT,False,0.0455831918222902,0.0,0.08912433269966236,564.0626525878906,324.29765224456787,5.041666666666666,0.9987241923809052,False,,104.46280940973173,0.0,104.46280940973173,torso,True
8.083333333333332,194,34.41418167576779,STATIC,126.82827993674142,STATIC,85.95241674070905,STATIC,59.109551516473104,STATIC,92.94151953660638,STATIC,86.9681251231306,STATIC,131.9729048574518,STATIC,82.59106561115472,STATIC,174.60775650931177,129.46214123995853,HUNCH,UPRIGHT,9.80714363011671,UPRIGHT,False,0.045639686133425506,0.0,0.0888437865927834,564.3350410461426,324.33189868927,5.083333333333332,0.9987217783927917,False,,104.52477034781062,0.0,104.52477034781062,torso,True
8.125,195,37.55124451612897,STATIC,127.03102426072019,STATIC,85.78283826623786,STATIC,59.051267486631176,STATIC,92.6507805776026,STATIC,86.86153367511777,STATIC,130.1740515280025,STATIC,81.13525759933388,STATIC,174.93655074683596,131.47113862612974,HUNCH,UPRIGHT,10.253235543296464,LEFT_TILT,False,0.041175247497489464,0.0,0.08853821903448024,564.2753028869629,324.42798614501953,5.125,0.9987371861934662,False,,104.64049923249317,0.0,104.64049923249317,torso,True
8.166666666666666,196,37.344532859313,STATIC,128.21387681192982,STATIC,85.7956068979235,STATIC,59.649582262563165,STATIC,92.82870860831973,STATIC,86.47221454597627,STATIC,129.307707592413,STATIC,78.40863011132684,STATIC,175.40158463972824,131.5847594629311,HUNCH,UPRIGHT,10.233224772838568,LEFT_TILT,False,0.040922756749042034,0.0,0.08823493583520993,564.075984954834,324.4414508342743,5.166666666666666,0.9987460970878601,False,,104.73561205108616,0.0,104.73561205108616,torso,True
8.208333333333332,197,37.27296480696327,STATIC,127.41231563666332,STATIC,85.75977680871706,STATIC,59.70511618021552,STATIC,92.75972022082345,STATIC,86.20597866021109,STATIC,129.09800383744616,STATIC,75.64873652484086,STATIC,175.90849785710756,133.65199079488494,HUNCH,UPRIGHT,10.347470518764526,LEFT_TILT,False,0.03632890934470012,0.0,0.08790641668020671,563.848876953125,324.45898175239563,5.208333333333332,0.9987445771694183,False,,104.82058850936247,0.0,104.82058850936247,torso,True
8.25,198,37.61641914812293,STATIC,124.17585347732185,STATIC,85.75609108403334,STATIC,59.68633778934609,STATIC,92.95144893043735,STATIC,85.95840151100782,STATIC,128.17402556779754,STATIC,74.24312073219004,STATIC,176.42120628929965,135.1100003418953,HUNCH,UPRIGHT,10.520864133780721,LEFT_TILT,False,0.03308888812912155,0.0,0.08756165234969673,563.9524459838867,324.428426027298,5.25,0.9987768232822418,False,,105.07145360011398,0.0,105.07145360011398,torso,True
8.291666666666666,199,38.40990775195881,STATIC,124.11401932421992,STATIC,85.81149962903791,STATIC,60.12082636746667,STATIC,92.86370884826448,STATIC,85.27968070562723,STATIC,127.7620060454124,STATIC,71.48338345247754,STATIC,177.9478932851249,136.40734722389624,HUNCH,UPRIGHT,9.953301192803995,UPRIGHT,False,0.030205895058008376,0.0,0.08720317886662368,563.8156127929688,324.01562333106995,5.291666666666666,0.99870365858078,False,,104.87445183008856,0.0,104.87445183008856,torso,True
8.333333333333332,200,41.79739816013797,STATIC,124.79375945827472,STATIC,85.88067952294362,STATIC,60.600365421461284,STATIC,92.92026738499827,STATIC,84.92886609110023,STATIC,128.54899803937218,STATIC,68.48804727662132,STATIC,178.39573022913206,135.67488175052236,HUNCH,UPRIGHT,9.552653356377041,UPRIGHT,False,0.031833596109950325,0.0,0.08685926841471887,563.2880210876465,323.640478849411,5.333333333333332,0.998595267534256,False,,104.58912191427285,0.0,104.58912191427285,torso,True
8.375,201,43.59689504552904,STATIC,125.57330652231713,STATIC,86.02225949065128,STATIC,60.63464614588672,STATIC,93.04970920077578,STATIC,85.19062269862916,STATIC,127.70255681907858,STATIC,66.41602469691188,STATIC,178.0125098010236,134.42361809352963,HUNCH,UPRIGHT,9.048497733075918,UPRIGHT,False,0.0346141820143786,0.0,0.08653676788138344,562.9133033752441,323.5855793952942,5.375,0.9985600709915161,False,,104.59025626794703,0.0,104.59025626794703,torso,True
8.416666666666666,202,46.721397509222484,STATIC,124.54580261996703,STATIC,85.97259613963877,STATIC,59.73639738776,STATIC,93.03070266644114,STATIC,85.34725121670832,STATIC,129.5331936061115,STATIC,64.48596626115305,STATIC,177.57587520965004,134.73820675315707,HUNCH,UPRIGHT,8.738432081696146,UPRIGHT,False,0.03391509610409538,0.0,0.08621393553919149,562.3435974121094,323.58309030532837,5.416666666666666,0.9984551966190338,False,,104.65429638701222,0.0,104.65429638701222,torso,True
8.458333333333332,203,42.72955142333515,STATIC,125.47564785683171,STATIC,86.10254735758774,STATIC,56.39008125543701,STATIC,91.31460482375847,STATIC,84.94152473154797,STATIC,126.79948005133349,STATIC,64.30982087263632,STATIC,176.02134227477958,128.8169627376161,HUNCH,UPRIGHT,6.540616860696817,UPRIGHT,False,0.047073416138630884,0.0,0.08597527383552954,561.2637519836426,324.3585276603699,5.458333333333332,0.998416930437088,False,,105.39624745818466,0.0,105.39624745818466,torso,True
8.5,204,44.9117187435223,STATIC,125.1054003835985,STATIC,86.10269655908854,STATIC,56.782305721322366,STATIC,90.06892252730611,STATIC,84.81187111749468,STATIC,124.80614267053083,STATIC,65.42405864727557,STATIC,176.03503128412336,128.8190122489647,HUNCH,UPRIGHT,5.499963266989571,UPRIGHT,False,0.04706886166896732,0.0,0.08573947739815643,560.5559730529785,324.6853172779083,5.5,0.9984128177165985,False,,105.79668284809624,0.0,105.79668284809624,torso,True
8.541666666666666,205,33.99634238193052,FLEXION,123.65852885627707,STATIC,86.62870017615032,STATIC,57.65762812153716,STATIC,89.19661719209999,STATIC,86.32166773893712,STATIC,125.63283997921114,STATIC,67.39217849849588,STATIC,178.76765664474502,127.05188944818372,HUNCH,UPRIGHT,4.573506167795128,UPRIGHT,False,0.05099580122625843,0.0,0.08553017814410885,560.4877853393555,325.40310859680176,5.541666666666666,0.9984236061573029,False,,105.82227697618909,0.0,105.82227697618909,torso,True
8.75,210,35.10596851664161,STATIC,114.85404840360387,FLEXION,91.93537959639998,EXTENSION,56.52705493664027,STATIC,92.15410629541277,STATIC,86.62723413549963,STATIC,122.50119091387441,STATIC,68.71113335759863,STATIC,169.73253057167082,103.63643847675314,HUNCH,UPRIGHT,154.0232669683515,LEFT_TILT,False,0.10303013671832635,0.0,0.08563496831521195,562.6111793518066,327.8508388996124,5.75,0.998544454574585,False,,111.51752228369172,0.0,111.51752228369172,torso,True
8.791666666666666,211,20.666196705094045,FLEXION,132.06422039494964,EXTENSION,89.439827809881,STATIC,48.608419958039114,FLEXION,93.22148554822083,STATIC,89.94840339155657,STATIC,126.72162881265147,STATIC,79.27654753409527,EXTENSION,159.51258250166796,116.11836781965215,HUNCH,UPRIGHT,3.0691263958408737,UPRIGHT,False,0.2419591826229952,0.0,0.08656546959085351,562.805061340332,329.41189527511597,5.791666666666666,0.9986199140548706,False,,107.2649957383357,0.0,107.2649957383357,torso,True
8.833333333333332,212,24.670537221878543,STATIC,132.84750526521034,STATIC,88.06251386582301,STATIC,40.738176279910135,FLEXION,88.64069443133218,STATIC,87.53411299764406,STATIC,129.08000924657662,STATIC,85.55430532303846,EXTENSION,148.01197846486593,124.02168988483851,HUNCH,FORWARD_TILT,154.32704926704898,RIGHT_TILT,False,0.22881407033399012,0.0,0.08740717728755848,567.5065040588379,332.1847200393677,5.833333333333332,0.9987373650074005,False,,109.92559547483472,0.0,109.92559547483472,torso,True
9.041666666666666,217,42.91276341864003,EXTENSION,92.43328764466574,FLEXION,85.0421839550841,STATIC,43.675608026237015,STATIC,81.875501241326,FLEXION,90.45046074376118,STATIC,110.5075644197633,FLEXION,86.87240202184215,STATIC,150.43144415548676,128.79366273636043,HUNCH,UPRIGHT,156.4687678517142,LEFT_TILT,False,0.04712519391919904,0.0,0.08717022444421518,556.0217475891113,336.79057717323303,0.0,0.998802661895752,False,,118.43311235151839,0.0,118.43311235151839,torso,True
9.083333333333332,218,55.372916003817515,EXTENSION,141.7444231167991,EXTENSION,87.26233000306263,STATIC,31.555153134029233,FLEXION,92.22249087619282,EXTENSION,89.11370246258774,STATIC,124.6909151951592,EXTENSION,83.28508168723555,STATIC,133.38238871938577,142.39279608834406,HUNCH,FORWARD_TILT,173.555283835262,LEFT_TILT,False,0.22049958931615596,0.0,0.08794992833235518,568.1937026977539,336.5093529224396,0.0,0.9988833963871002,False,,114.89042374505938,0.0,114.89042374505938,torso,True
9.125,219,49.267751808363236,FLEXION,133.73833696212597,FLEXION,88.24428453128236,STATIC,62.22441180950447,EXTENSION,89.40001778652396,STATIC,83.26743674013457,FLEXION,119.07110110075588,FLEXION,76.37540656678165,FLEXION,168.22531623629968,101.54462080534952,HUNCH,UPRIGHT,165.62883147221416,LEFT_TILT,False,0.1076786204325566,0.0,0.08806463003061217,566.414852142334,338.080290555954,0.04166666666666785,0.9988469779491425,False,,116.01927179190604,0.0,116.01927179190604,torso,True
9.166666666666666,220,58.43833801167814,EXTENSION,136.27198033196734,STATIC,87.40394423796891,STATIC,62.086544850195246,STATIC,91.61551224597363,STATIC,85.0129624884268,STATIC,116.01949545029127,STATIC,80.76854843658239,STATIC,165.56456059343702,114.01909410979329,HUNCH,UPRIGHT,2.3420946837366174,UPRIGHT,False,0.07995756864490382,0.0,0.08801776840410518,565.8536338806152,336.3458776473999,0.08333333333333393,0.9987869560718536,False,,113.52746021105453,0.0,113.52746021105453,torso,True
9.208333333333332,221,65.8237838133296,EXTENSION,136.60289454131774,STATIC,86.62426249901814,STATIC,64.12597214056088,STATIC,91.8709215293915,STATIC,86.72121436561656,STATIC,113.16798489582193,STATIC,84.20834400447758,STATIC,170.07373166708854,114.45661498924468,HUNCH,UPRIGHT,178.8721863621921,LEFT_TILT,False,0.0789853000239007,0.0,0.08796585766628791,564.2582702636719,336.44935727119446,0.125,0.9987911283969879,False,,111.93386542077266,0.0,111.93386542077266,torso,True
9.25,222,57.697585457335144,FLEXION,137.00884880189912,STATIC,87.19353670093365,STATIC,62.56478840902165,STATIC,94.08747191670125,STATIC,90.59615577353243,STATIC,118.9303822046781,EXTENSION,86.79225595452907,STATIC,166.21384312639552,121.80656537972952,HUNCH,UPRIGHT,176.7945507017216,LEFT_TILT,False,0.06265207693393442,0.0,0.08782120749067446,569.0320777893066,336.72449827194214,0.16666666666666785,0.9988181293010712,False,,109.07533510342222,0.0,109.07533510342222,torso,True
9.291666666666666,223,45.43277893965584,FLEXION,141.29535655461723,STATIC,87.53050844005257,STATIC,71.78992128739246,EXTENSION,91.52978855049652,STATIC,89.09477289980168,STATIC,118.73260434307468,STATIC,90.2099317419153,STATIC,175.38783246766107,133.17888025953982,HUNCH,UPRIGHT,176.11811197964064,LEFT_TILT,False,0.03738026608991152,0.0,0.08753461123271558,568.8704299926758,337.21128702163696,0.20833333333333393,0.99882772564888,False,,109.96889305724316,0.0,109.96889305724316,torso,True
9.333333333333332,224,17.659106487140313,FLEXION,137.66319054657515,STATIC,88.92104330162755,STATIC,63.94478343632412,FLEXION,93.20386598406624,STATIC,90.74247669400636,STATIC,122.98735265792573,STATIC,91.41935780811478,STATIC,169.75207995427616,123.78647321329136,HUNCH,UPRIGHT,176.99256549056082,LEFT_TILT,False,0.2249189484149081,0.0,0.08831079392866018,568.3587646484375,337.3085331916809,0.25,0.9989033341407776,False,,109.04341058989063,0.0,109.04341058989063,torso,True
9.375,225,25.723226435274135,EXTENSION,136.1478954825504,STATIC,88.6417557816136,STATIC,62.828162474698125,STATIC,93.08507979544362,STATIC,90.37297149423696,STATIC,122.35296724482635,STATIC,89.15299710899284,STATIC,171.8862021723233,123.94317952107663,HUNCH,UPRIGHT,177.10829646448903,LEFT_TILT,False,0.0579040455087186,0.0,0.08813996949933467,567.307300567627,336.9175851345062,0.29166666666666785,0.9989743828773499,False,,107.83101412168368,0.0,107.83101412168368,torso,True
9.416666666666666,226,45.24973590131946,EXTENSION,136.77675871090432,STATIC,87.94731618794725,STATIC,61.487029006788106,STATIC,92.37756662071983,STATIC,89.66916184425163,STATIC,123.09255200685826,STATIC,90.19729506910984,STATIC,167.75562877008676,126.92940112840847,HUNCH,UPRIGHT,175.74347125682038,RIGHT_TILT,False,0.05126799749242561,0.0,0.08793398082890501,567.041072845459,340.12115120887756,0.3333333333333339,0.9990424513816833,False,,108.61310716904198,0.0,108.61310716904198,torso,True
9.458333333333332,227,36.27860063367926,FLEXION,133.34418986297004,STATIC,87.46814315710031,STATIC,57.801386734397624,STATIC,90.68383727954966,STATIC,90.44701082839971,STATIC,125.65505364766325,STATIC,93.0252561076065,STATIC,166.37219376618856,136.33286484607802,HUNCH,UPRIGHT,173.6421608824091,RIGHT_TILT,False,0.03037141145315995,0.0,0.08761418877681754,570.9120559692383,342.01067090034485,0.375,0.9991069138050079,False,,109.06710252257844,0.0,109.06710252257844,torso,True
9.5,228,35.82676637517803,STATIC,133.77992045562237,STATIC,87.37146529920767,STATIC,46.21938483956124,FLEXION,86.64331554729019,STATIC,91.03182690658218,STATIC,127.76423643763101,STATIC,97.96142930930084,STATIC,156.25670411453913,137.16494333808254,HUNCH,UPRIGHT,108.58001225210504,RIGHT_TILT,False,0.195189014804261,0.0,0.08820852483221778,575.920238494873,344.28229808807373,0.41666666666666785,0.9991834759712219,False,,106.84322471655393,0.0,106.84322471655393,torso,True
9.541666666666666,229,25.09975734758676,FLEXION,130.01768979963563,STATIC,87.35889825139512,STATIC,63.976751676808234,EXTENSION,90.40826698014811,STATIC,90.865335384977,STATIC,122.75871023427644,FLEXION,95.19796459359488,STATIC,176.77066845726844,136.55178028115236,HUNCH,UPRIGHT,152.5154296631139,RIGHT_TILT,False,0.029884932708550305,0.0,0.08788806553483498,569.8387336730957,344.2661941051483,0.4583333333333339,0.9990922212600708,False,,106.68057547208748,0.0,106.68057547208748,torso,True
9.625,231,40.712218464126764,EXTENSION,131.70359912969667,STATIC,87.42169439813395,STATIC,76.6444642490492,EXTENSION,88.30610583265802,STATIC,84.37425315386893,FLEXION,110.01678326443815,FLEXION,82.26439261205866,FLEXION,170.82318257956857,122.80819030010285,HUNCH,UPRIGHT,164.3360301647118,LEFT_TILT,False,0.06042624377754924,0.0,0.0877380009350684,564.9813079833984,351.67226672172546,0.5416666666666679,0.99903604388237,False,,114.71377824431337,0.0,114.71377824431337,torso,True
9.666666666666666,232,43.19391113419131,STATIC,133.0548629609324,STATIC,87.01983659820009,STATIC,69.4544376227188,FLEXION,89.40321869894656,STATIC,89.18875670468466,STATIC,113.45600767391134,STATIC,89.30505566108545,EXTENSION,175.93752641084802,120.17021732689527,HUNCH,UPRIGHT,170.13055413501675,LEFT_TILT,False,0.2329550726068994,0.0,0.08852722415067617,561.9101333618164,351.3545322418213,0.5833333333333339,0.9990904927253723,False,,112.50862269125665,0.0,112.50862269125665,torso,True
9.708333333333332,233,42.50769063443257,STATIC,129.64270329594342,STATIC,86.89452945599733,STATIC,62.66010492037829,FLEXION,90.32124620291667,STATIC,91.48558371261645,STATIC,117.25649326520329,STATIC,100.98880635554669,EXTENSION,176.83826773840264,116.12274227891042,HUNCH,UPRIGHT,6.7954986926032435,UPRIGHT,False,0.24194946160242128,0.0,0.08935653354230721,561.6332626342773,350.9215271472931,0.625,0.9991461038589478,False,,111.36856394620249,0.0,111.36856394620249,torso,True
9.75,234,35.52143804316616,FLEXION,130.42713823473287,STATIC,86.76896369254395,STATIC,61.307840758308394,STATIC,91.36150602294576,STATIC,93.15665215630774,STATIC,116.32607787733087,STATIC,101.46626639720927,STATIC,176.33830091448763,115.38878449775976,HUNCH,UPRIGHT,2.738957124261529,UPRIGHT,False,0.07691381222720055,0.0,0.08928963719115073,562.6969528198242,351.8916928768158,0.6666666666666679,0.9991985559463501,False,,111.08763280289457,0.0,111.08763280289457,torso,True
9.791666666666666,235,18.476619484190348,FLEXION,133.5952864374244,STATIC,86.39529366011769,STATIC,67.32076915514487,EXTENSION,91.11247820162316,STATIC,94.63413845720316,STATIC,116.1160821815033,STATIC,103.59780022032108,STATIC,176.83140103243267,117.56574742502087,HUNCH,UPRIGHT,0.3185270692244245,UPRIGHT,False,0.07207611683328696,0.0,0.08919758628014611,563.980598449707,353.96740078926086,0.7083333333333339,0.9992246925830841,False,,110.50538939537988,0.0,110.50538939537988,torso,True
9.833333333333332,236,16.989498339185165,STATIC,131.68427784388908,STATIC,87.63341484735942,STATIC,66.91083880607805,STATIC,91.29240926766767,STATIC,92.58871629489921,STATIC,119.01992645329554,STATIC,99.55755682597724,STATIC,177.3553606481344,124.32480206493722,HUNCH,UPRIGHT,0.6890561338383038,UPRIGHT,False,0.057055995411250615,0.0,0.089026620371269,567.1542739868164,355.40372371673584,0.75,0.9992495775222778,False,,111.13746469255348,0.0,111.13746469255348,torso,True
9.875,237,16.617253980505307,STATIC,133.86413041727465,STATIC,87.55209052497389,STATIC,68.6495346164258,STATIC,91.72264940069195,STATIC,90.54727684599087,STATIC,117.9559154267025,STATIC,97.50716375828179,STATIC,177.4163444914816,126.59214731068083,HUNCH,UPRIGHT,0.5452488422905515,UPRIGHT,False,0.052017450420709266,0.0,0.08883080465724488,567.0655250549316,356.6229057312012,0.7916666666666679,0.9992696940898895,False,,110.29697622638862,0.0,110.29697622638862,torso,True
9.916666666666666,238,36.702023778097924,EXTENSION,131.60270888015728,STATIC,87.60917454802151,STATIC,72.41499685354589,STATIC,91.76048950244189,STATIC,92.04637867651785,STATIC,116.31876242971272,STATIC,97.16307796882941,STATIC,175.61300192232997,140.25085868398634,HUNCH,UPRIGHT,5.510014079330659,UPRIGHT,False,0.021664758480030355,0.0,0.08847729915104903,570.7803344726562,357.4885618686676,0.8333333333333339,0.9992693662643433,False,,108.3883255714255,0.0,108.3883255714255,torso,True
9.958333333333332,239,17.334263480266504,FLEXION,129.5407276892743,STATIC,86.66560268200966,STATIC,73.2100562053871,STATIC,91.81998956347383,STATIC,90.45349437499115,STATIC,116.32503805026046,STATIC,91.91370613206132,FLEXION,170.6028339424605,135.6067705971402,HUNCH,UPRIGHT,7.571208556270394,UPRIGHT,False,0.03198495422857731,0.0,0.08818152771166435,565.9168434143066,357.62431383132935,0.875,0.9992438852787018,False,,108.08506646235045,0.0,108.08506646235045,torso,True
10.0,240,30.84773148148932,EXTENSION,131.06266886465252,STATIC,87.26528684455492,STATIC,67.25884323356777,FLEXION,92.15343028729336,STATIC,90.61189431282581,STATIC,117.33498032299197,STATIC,90.91690704397784,STATIC,177.44817188628727,132.85439436108268,HUNCH,UPRIGHT,3.6759070543184786,UPRIGHT,False,0.20476801253092736,0.0,0.08878874898676468,564.4136428833008,359.4601035118103,0.9166666666666679,0.9992585182189941,False,,103.66335736224724,0.0,103.66335736224724,torso,True
10.041666666666666,241,41.91340289244527,EXTENSION,131.43109618504562,STATIC,87.43536266047631,STATIC,61.520964492619214,FLEXION,92.19339058171333,STATIC,90.07118425681051,STATIC,116.07406490591059,STATIC,88.98064212855685,STATIC,174.03255761100542,126.7964939939157,HUNCH,UPRIGHT,4.582849284587586,UPRIGHT,False,0.218230013346854,0.0,0.08945942911298276,560.4048538208008,360.4907155036926,0.9583333333333339,0.9992675185203552,False,,102.04556659406904,0.0,102.04556659406904,torso,True
10.083333333333332,242,24.91449789770797,FLEXION,131.8004572716807,STATIC,87.02764765612682,STATIC,70.31654628212428,EXTENSION,91.17061488092335,STATIC,92.23006373752773,STATIC,116.43475842538723,STATIC,91.88734841835026,STATIC,174.98874602210856,140.31148577738463,HUNCH,UPRIGHT,3.274225766545078,UPRIGHT,False,0.021530031605811944,0.0,0.08910927757944065,561.0336685180664,362.15956449508667,1.0,0.9992933571338654,False,,103.72040479008838,0.0,103.72040479008838,torso,True
10.125,243,43.105649962089636,EXTENSION,130.11554213447883,STATIC,87.39146702199584,STATIC,65.0097512372412,FLEXION,91.8187771171859,STATIC,94.1458665202595,STATIC,117.52935819652355,STATIC,98.2697258578028,EXTENSION,177.30046376206704,130.3721359558093,HUNCH,UPRIGHT,1.8771589356070477,UPRIGHT,False,0.21028414232042372,0.0,0.08973068714221494,562.1025085449219,366.94496870040894,1.0416666666666679,0.9993315637111664,False,,101.03977474333846,0.0,101.03977474333846,torso,True
10.166666666666666,244,34.5516595345625,FLEXION,130.85247784963977,STATIC,86.92446467812383,STATIC,67.82051014898734,STATIC,91.32324323129366,STATIC,93.92095621145462,STATIC,119.32407916773917,STATIC,103.94499441366447,EXTENSION,176.37314412800697,130.76396732815454,HUNCH,UPRIGHT,5.117406075955701,UPRIGHT,False,0.0427467392707677,0.0,0.08949097312246265,562.859001159668,367.5552034378052,1.083333333333334,0.9993590414524078,False,,102.78384593647911,0.0,102.78384593647911,torso,True
10.208333333333332,245,20.075669084514267,FLEXION,130.7279085995523,STATIC,88.38085237064244,STATIC,66.45759838870036,STATIC,92.36724600864356,STATIC,93.38363876876396,STATIC,121.9889169830506,STATIC,107.66384887685156,STATIC,175.392808568796,134.24750876766424,HUNCH,UPRIGHT,1.582614328431833,UPRIGHT,False,0.035005536071857225,0.0,0.08921439729987074,563.8954162597656,369.28640842437744,1.125,0.9993522465229034,False,,100.05903132783895,0.0,100.05903132783895,torso,True
10.25,246,22.948649062270004,STATIC,126.7546371916957,STATIC,87.60396052491633,STATIC,65.81178296385842,STATIC,91.172454066294,STATIC,92.59267019230535,STATIC,123.46617325454375,STATIC,109.92275099661997,STATIC,174.15546289981302,133.1627561823307,HUNCH,UPRIGHT,11.02011498698924,RIGHT_TILT,False,0.03741609737259847,0.0,0.08895278972448048,563.9877128601074,371.7752408981323,1.1666666666666679,0.9993615448474884,False,,102.78284517413024,0.0,102.78284517413024,torso,True
10.291666666666666,247,29.36275007434983,EXTENSION,126.26056447925532,STATIC,87.91382298450523,STATIC,65.20362875376587,STATIC,90.99871715261226,STATIC,90.71405127465215,STATIC,123.37839322643872,STATIC,109.8070099082204,STATIC,175.6448215622355,139.93082207810932,HUNCH,UPRIGHT,6.797439418052728,UPRIGHT,False,0.02237595093753486,0.0,0.0886182327456516,563.7788963317871,375.3197479248047,1.208333333333334,0.99931800365448,False,,99.83369195623244,0.0,99.83369195623244,torso,True
10.333333333333332,248,35.60911111096409,EXTENSION,127.72136172109211,STATIC,86.82976978875064,STATIC,72.5978641038763,EXTENSION,89.75099548611932,STATIC,94.62295789595805,STATIC,122.39591572591026,STATIC,113.66415136420427,STATIC,165.69232990924863,137.54550702818628,HUNCH,UPRIGHT,5.621103038316337,UPRIGHT,False,0.027676651048474943,0.0,0.08831352483716572,564.2324066162109,378.48599910736084,1.25,0.9993480741977692,False,,99.99016698924976,0.0,99.99016698924976,torso,True
10.375,249,44.70229795681138,EXTENSION,129.05392762032693,STATIC,86.99114021610549,STATIC,72.67264735483194,STATIC,90.6187817302001,STATIC,95.43462832466673,STATIC,119.52150484455771,STATIC,117.02975796233649,STATIC,169.39031616278282,133.8944372482533,HUNCH,UPRIGHT,6.469751908421326,UPRIGHT,False,0.03579013944832602,0.0,0.08805221446209686,562.7515029907227,379.5888376235962,1.2916666666666679,0.9993878304958344,False,,100.41227207736,0.0,100.41227207736,torso,True
10.416666666666666,250,22.81279506114096,FLEXION,135.23076112888083,EXTENSION,88.01556817954209,STATIC,70.84053938706721,STATIC,92.16098141703213,STATIC,98.0372167303287,STATIC,113.24410432373244,FLEXION,115.68164967304419,STATIC,175.0850093754709,139.86944895632513,HUNCH,UPRIGHT,8.46678615376353,UPRIGHT,False,0.02251233565261083,0.0,0.08772775961650535,563.817138671875,384.60551261901855,1.333333333333334,0.9994279444217682,False,,101.36417007515465,0.0,101.36417007515465,torso,True
10.458333333333332,251,38.22832787935001,EXTENSION,134.28850115841146,STATIC,87.8109119800513,STATIC,70.39285311205049,STATIC,90.87754698173698,STATIC,96.00039712502952,STATIC,111.11188317814388,STATIC,114.67984972451043,STATIC,174.43337473343166,132.0780677917413,HUNCH,UPRIGHT,8.776795703413839,UPRIGHT,False,0.03982651601835271,0.0,0.08749179289927306,563.6763572692871,387.5580024719238,1.375,0.9994552135467529,False,,100.81067953097072,0.0,100.81067953097072,torso,True
10.5,252,48.460934526581845,EXTENSION,132.51560184506178,STATIC,87.3537793481843,STATIC,73.09801939307516,STATIC,88.94106282149164,STATIC,91.25338293850997,STATIC,106.40398029242866,STATIC,109.02969562633807,FLEXION,171.50206830903167,126.74298788897342,HUNCH,UPRIGHT,163.1017788996157,LEFT_TILT,False,0.05168224913561462,0.0,0.08731625592003944,559.5496559143066,392.375807762146,1.4166666666666679,0.9994750916957855,False,,103.63528631138324,0.0,103.63528631138324,torso,True
10.541666666666666,253,44.798006306396125,STATIC,127.8012237562962,STATIC,86.78342035119351,STATIC,72.30277201676381,STATIC,87.64463227660326,STATIC,88.94924282910787,STATIC,107.32451873358318,STATIC,107.86887209322727,STATIC,167.6185603209384,126.74602123765689,HUNCH,UPRIGHT,160.3229730406019,LEFT_TILT,False,0.05167550836076248,0.0,0.08714239861487223,557.9501342773438,393.80141258239746,1.458333333333334,0.9994677901268005,False,,103.00738471375482,0.0,103.00738471375482,torso,True
10.583333333333332,254,30.708657737682014,FLEXION,124.43756815978882,STATIC,86.92702533237316,STATIC,68.78683047788613,STATIC,89.40374572550996,STATIC,91.94517229513272,STATIC,107.06410370435222,STATIC,108.82967705991317,STATIC,172.3695657326282,121.43525029804704,HUNCH,UPRIGHT,162.36177079863123,LEFT_TILT,False,0.06347722155989548,0.0,0.08702751911460536,558.170166015625,398.5907006263733,1.5,0.999495655298233,False,,103.91175619425537,0.0,103.91175619425537,torso,True
10.625,255,17.731512211336742,FLEXION,126.07911533131546,STATIC,86.54696760424328,STATIC,70.09826223900917,STATIC,87.83127936015059,STATIC,88.9439798234529,STATIC,106.18377143016788,STATIC,107.78763479425731,STATIC,169.255974801357,120.28527436065026,HUNCH,UPRIGHT,161.16394674239967,LEFT_TILT,False,0.06603272364299943,0.0,0.08692609498189229,557.7785110473633,401.77555561065674,1.5416666666666679,0.9994687139987946,False,,104.1054556484458,0.0,104.1054556484458,torso,True
10.666666666666666,256,37.14574061952354,EXTENSION,120.49571692419745,FLEXION,85.42292649035417,STATIC,76.38417322071487,EXTENSION,88.84777800926616,STATIC,96.96889372695743,EXTENSION,106.4986315670477,STATIC,110.53090520325162,STATIC,159.5101967168142,130.37493762179224,HUNCH,UPRIGHT,158.16309841801473,LEFT_TILT,False,0.043611249729350564,0.0,0.08671785053356276,557.9042053222656,402.3374891281128,1.583333333333334,0.9994863867759705,False,,104.73252686641145,0.0,104.73252686641145,torso,True
10.708333333333332,257,40.174442393194546,STATIC,109.56609028734893,FLEXION,83.97340316035016,STATIC,73.99945548379293,STATIC,88.76326766981076,STATIC,99.18181159412433,STATIC,105.92502240578385,STATIC,110.19884400795071,STATIC,148.929671694756,136.98119286748755,HUNCH,FORWARD_TILT,155.51410017930016,LEFT_TILT,False,0.031309189861681,0.0,0.08645273732460639,557.7260589599609,401.05663776397705,1.625,0.9995001256465912,False,,103.2315690863949,0.0,103.2315690863949,torso,True
10.75,258,30.90962108031832,FLEXION,115.55597095952614,EXTENSION,84.55001197833444,STATIC,77.93114030690677,STATIC,90.1656363862684,STATIC,96.41248876544806,STATIC,104.77467965254417,STATIC,105.64747734131366,STATIC,150.35794870068455,137.13548226638804,HUNCH,UPRIGHT,157.53808157372,LEFT_TILT,False,0.02858781718580435,0.0,0.08617719008585019,558.1062126159668,403.8448691368103,1.6666666666666679,0.9994829893112183,False,,102.50350424603748,0.0,102.50350424603748,torso,True
10.791666666666666,259,26.083713396947168,STATIC,121.39062582188124,EXTENSION,85.40769456751136,STATIC,80.95822336735466,STATIC,89.2654177823739,STATIC,95.24638383038469,STATIC,102.43836071502864,STATIC,101.66243979254253,STATIC,154.06437025730898,135.83928669659784,HUNCH,UPRIGHT,158.48492696362166,LEFT_TILT,False,0.03146825178533815,0.0,0.08591790601807525,560.2097511291504,406.44341468811035,1.708333333333334,0.9994795024394989,False,,103.24737315220735,0.0,103.24737315220735,torso,True
10.833333333333332,260,25.872854781525838,STATIC,125.74435972293385,STATIC,85.34928837476835,STATIC,85.16537843498213,STATIC,88.35063170635979,STATIC,90.21889836898191,FLEXION,100.23332249523416,STATIC,93.1761867407435,FLEXION,152.90515558390922,136.36233115136235,HUNCH,UPRIGHT,157.00748558686848,LEFT_TILT,False,0.03030593077475034,0.0,0.08565558538013504,560.030403137207,407.22792863845825,1.75,0.9994315207004547,False,,102.67976632066879,0.0,102.67976632066879,torso,True
10.875,261,19.604238837011604,FLEXION,126.22598985917308,STATIC,85.33644022818777,STATIC,83.56695132339382,STATIC,87.66761110045788,STATIC,89.43881824925874,STATIC,104.04060516834731,STATIC,93.51637936851903,STATIC,153.03587165281849,136.4324383721134,HUNCH,UPRIGHT,157.51861394480912,LEFT_TILT,False,0.030150136950859108,0.0,0.08539499642037318,555.0948524475098,405.45567512512207,1.7916666666666679,0.9993569552898407,False,,99.83321931889928,0.0,99.83321931889928,torso,True
10.916666666666666,262,14.016391012869773,FLEXION,125.57517661124605,STATIC,84.89247288305455,STATIC,81.35335846273506,STATIC,85.90956158166605,STATIC,87.89519856675774,STATIC,104.8421723985065,STATIC,90.66182257784466,STATIC,154.2277653467942,136.52196448906278,HUNCH,UPRIGHT,155.24802522460786,LEFT_TILT,False,0.029951190024304946,0.0,0.08513591321291493,554.2978858947754,412.14903116226196,1.833333333333334,0.9992403090000153,False,,101.89004220213025,0.0,101.89004220213025,torso,True
10.958333333333332,263,32.746454234263396,EXTENSION,130.59535326085052,EXTENSION,86.26600702525727,STATIC,80.79730019972152,STATIC,89.07387770457376,STATIC,89.27831435356784,STATIC,109.90657284971019,EXTENSION,93.5330860994089,STATIC,163.50129244990094,131.08636490600014,HUNCH,UPRIGHT,157.9197888521788,LEFT_TILT,False,0.04203030020888857,0.0,0.08493542198964038,554.510555267334,412.3380947113037,1.875,0.9992168843746185,False,,101.1480808343233,0.0,101.1480808343233,torso,True
11.0,264,40.65352479479268,EXTENSION,127.28150172709394,STATIC,86.77874038233018,STATIC,69.22270321623401,FLEXION,91.30701428989092,STATIC,92.64261882710814,STATIC,116.36195123195486,EXTENSION,105.10995256557287,EXTENSION,174.28540879212187,116.76171001437471,HUNCH,UPRIGHT,160.13840307348835,LEFT_TILT,False,0.24052953330138951,0.0,0.08565576509756516,554.5441246032715,414.4774889945984,1.9166666666666679,0.9992493689060211,False,,100.63291082724106,0.0,100.63291082724106,torso,True
11.041666666666666,265,24.335532129452996,FLEXION,122.39132815143482,STATIC,87.29172928261417,STATIC,64.63860176100121,STATIC,91.69665508016536,STATIC,93.10090526276092,STATIC,117.85139381725322,STATIC,111.24973597365813,EXTENSION,175.33376162221035,114.07531475058805,HUNCH,UPRIGHT,160.40822881382687,LEFT_TILT,False,0.0798326338875821,0.0,0.08562893039152839,554.5077705383301,416.56182289123535,1.958333333333334,0.9992824196815491,False,,102.29422031261035,0.0,102.29422031261035,torso,True
11.083333333333332,266,24.819544521144714,STATIC,121.70874255701504,STATIC,87.04698318901035,STATIC,66.50065536686381,STATIC,90.32366867069808,STATIC,91.80518452432693,STATIC,119.77804518631407,STATIC,117.30889258896372,EXTENSION,172.83308393710684,118.79721737260219,HUNCH,UPRIGHT,157.97122867150807,LEFT_TILT,False,0.06933951694977292,0.0,0.08555420831152032,554.0601539611816,417.86672830581665,2.0,0.9992881119251251,False,,102.10151724104658,0.0,102.10151724104658,torso,True
11.125,267,45.371370915222464,EXTENSION,125.0644819034327,STATIC,86.83460646094488,STATIC,69.81980712489177,STATIC,89.63567309886746,STATIC,91.18622080260806,STATIC,119.73382894843034,STATIC,119.36269356943635,STATIC,171.5981649838715,120.9684871454688,HUNCH,UPRIGHT,158.02989838493107,LEFT_TILT,False,0.06451447301006934,0.0,0.08545813646082877,554.2258071899414,418.95023345947266,2.041666666666668,0.9992970526218414,False,,101.84284617822584,0.0,101.84284617822584,torso,True
11.166666666666666,268,42.99477764394413,STATIC,125.23379951232897,STATIC,86.94959781181966,STATIC,67.23151271577642,STATIC,91.43641495465566,STATIC,92.39892660630078,STATIC,121.91294854080844,STATIC,123.87040474240709,STATIC,175.4095009086889,120.70563545426101,HUNCH,UPRIGHT,160.32923366334387,LEFT_TILT,False,0.06509858787941998,0.0,0.085365593058186,554.4124412536621,421.2658381462097,2.083333333333334,0.9993163645267487,False,,102.19130747503328,0.0,102.19130747503328,torso,True
11.208333333333332,269,32.883415738119965,FLEXION,126.16047013498077,STATIC,87.15494052831963,STATIC,68.70964926205995,STATIC,91.63780817127373,STATIC,93.8952147481039,STATIC,120.14885995184004,STATIC,126.32983271187615,STATIC,174.78304538343235,115.69497186378544,HUNCH,UPRIGHT,160.0798549727149,LEFT_TILT,False,0.07623339585825457,0.0,0.08532427089891029,555.1501083374023,421.6760230064392,2.125,0.9993477463722229,False,,101.8400682874866,0.0,101.8400682874866,torso,True
11.25,270,30.103631800290657,STATIC,125.73646559768508,STATIC,87.02546034942354,STATIC,71.0156195962253,STATIC,91.025877262183,STATIC,95.14090529961646,STATIC,120.6370050666638,STATIC,130.92457367253868,STATIC,172.43351964718124,118.28410225242186,HUNCH,UPRIGHT,160.21343955278365,LEFT_TILT,False,0.07047977277239588,0.0,0.08525740379023228,555.8494567871094,422.55038022994995,2.166666666666668,0.9993830025196075,False,,101.86277894874176,0.0,101.86277894874176,torso,True
11.291666666666666,271,39.141438951829905,EXTENSION,122.88812844166257,STATIC,86.97766168337627,STATIC,67.66782798917872,STATIC,91.8857145492595,STATIC,96.60783035043346,STATIC,121.98252314398864,STATIC,135.61080312181068,STATIC,174.49619644873806,116.62466631797061,HUNCH,UPRIGHT,161.61178951103204,LEFT_TILT,False,0.07416740818228755,0.0,0.08520767286822356,557.0316314697266,424.157452583313,2.208333333333334,0.9994203448295593,False,,101.63090568023983,0.0,101.63090568023983,torso,True
11.333333333333332,272,41.79681258935494,STATIC,128.33655341406123,EXTENSION,86.73464138635703,STATIC,73.7983481860983,EXTENSION,89.71478958000137,STATIC,92.00032793245877,STATIC,120.10619333509655,STATIC,134.09800479605198,STATIC,168.85202659004977,120.81616918564634,HUNCH,UPRIGHT,160.28578271145625,LEFT_TILT,False,0.06485295736523033,0.0,0.0851168036025852,556.7024612426758,422.99689292907715,2.25,0.9993946254253387,False,,101.21023389297133,0.0,101.21023389297133,torso,True
11.375,273,24.08861865233639,FLEXION,122.88160524236649,FLEXION,87.02197193608842,STATIC,69.95893927655112,STATIC,90.66932214222106,STATIC,93.15102204142336,STATIC,122.18699085830279,STATIC,134.66473479693792,STATIC,171.68247286215285,120.30622180978865,HUNCH,UPRIGHT,159.92640279137632,LEFT_TILT,False,0.06598617375602522,0.0,0.08503177858104494,556.7041778564453,425.2287268638611,2.291666666666668,0.99941685795784,False,,102.12067034176832,0.0,102.12067034176832,torso,True
11.416666666666666,274,17.030350531142176,FLEXION,122.76817713799043,STATIC,87.41972826415974,STATIC,67.16533239531934,STATIC,90.88478835872804,STATIC,93.74526683975789,STATIC,127.49724690624944,EXTENSION,140.4446105417874,EXTENSION,173.57141821796384,123.56501643371719,HUNCH,UPRIGHT,161.62761583515058,LEFT_TILT,False,0.058744407925072926,0.0,0.08491546278168222,556.4596557617188,425.5657625198364,2.333333333333334,0.9994186460971832,False,,102.01365742844617,0.0,102.01365742844617,torso,True
11.458333333333332,275,28.93384247738915,EXTENSION,123.02553816062243,STATIC,87.35630990973127,STATIC,68.709939500462,STATIC,90.19320661815227,STATIC,91.8293289248713,STATIC,125.45520464793859,STATIC,141.18709640655695,STATIC,172.4410112989333,123.80313985887989,HUNCH,UPRIGHT,159.93982438513203,LEFT_TILT,False,0.0582152447580447,0.0,0.08479784067585122,554.8543167114258,425.28932332992554,2.375,0.9994056224822998,False,,101.9321677874431,0.0,101.9321677874431,torso,True
11.5,276,35.531112615614056,EXTENSION,124.10662233840424,STATIC,87.44100001207697,STATIC,69.55752377906208,STATIC,89.69155109288064,STATIC,93.51365969647154,STATIC,124.50201847919585,STATIC,141.90353015663024,STATIC,172.1586275849411,123.29922382397143,HUNCH,UPRIGHT,160.07195622342746,LEFT_TILT,False,0.05933505816895238,0.0,0.08468616180520692,555.0453186035156,426.4780569076538,2.416666666666668,0.9994134902954102,False,,102.02453764378954,0.0,102.02453764378954,torso,True
11.541666666666666,277,20.1948707544861,FLEXION,124.01941919567076,STATIC,87.69134385834535,STATIC,68.47619849379892,STATIC,90.18147710029753,STATIC,91.45589026333376,STATIC,123.78498949857492,STATIC,141.39297489988337,STATIC,173.16204998217162,122.39263916138992,HUNCH,UPRIGHT,159.1525091693244,LEFT_TILT,False,0.061349690752466844,0.0,0.08458425581807706,554.4534301757812,426.6487741470337,2.458333333333334,0.9994009733200073,False,,102.50700521740889,0.0,102.50700521740889,torso,True
11.583333333333332,278,45.51238646784648,EXTENSION,126.08132209727162,STATIC,87.63656013353318,STATIC,68.83162906769046,STATIC,88.55170499342537,STATIC,90.87549579142585,STATIC,121.27409049311747,STATIC,138.54054638537795,STATIC,171.69552734381355,122.48986527539864,HUNCH,UPRIGHT,159.49521731976193,LEFT_TILT,False,0.06113363272133635,0.0,0.08448229658722167,552.9416656494141,426.1432099342346,2.5,0.9993695616722107,False,,102.31444053244883,0.0,102.31444053244883,torso,True
11.625,279,43.627900982767265,STATIC,124.6175954811758,STATIC,87.42004406830318,STATIC,68.65663335835826,STATIC,87.82797339681262,STATIC,91.2262436190258,STATIC,126.20995011423373,STATIC,145.09863574909969,EXTENSION,168.74767120598528,123.57791336137502,HUNCH,UPRIGHT,159.7868902802563,LEFT_TILT,False,0.058715748085833276,0.0,0.08437075308721566,549.8854446411133,423.9405584335327,2.541666666666668,0.9992994666099548,False,,100.18173921798136,0.0,100.18173921798136,torso,True
11.708333333333332,281,48.49248262734103,STATIC,125.73481929038377,STATIC,90.36748023753934,STATIC,67.20080264563532,STATIC,91.0683981199582,STATIC,98.33754210220141,EXTENSION,135.7979111520059,EXTENSION,148.30451035967397,STATIC,161.99135678849356,125.91941422782668,HUNCH,UPRIGHT,139.12916306832886,LEFT_TILT,False,0.053512412827051846,0.0,0.08423774299988737,548.220329284668,418.30864906311035,2.625,0.9993053078651428,False,,96.61796592591908,0.0,96.61796592591908,torso,True
11.75,282,43.45860556222968,FLEXION,132.1332418661064,EXTENSION,90.41034008529428,STATIC,70.64401799361511,STATIC,91.24063641623333,STATIC,95.39702124333763,STATIC,128.13600001498506,FLEXION,147.71474875898141,STATIC,167.02647325170656,119.12340652602767,HUNCH,UPRIGHT,148.06144498683648,LEFT_TILT,False,0.06861465216438296,0.0,0.08417069110788948,537.8200149536133,421.11138582229614,0.0,0.9992790520191193,False,,102.49563184764368,0.0,102.49563184764368,torso,True
11.791666666666666,283,28.70581666281793,FLEXION,122.90133977835256,FLEXION,91.15927957046615,STATIC,65.54827902186729,FLEXION,89.74939519729891,STATIC,94.319105509301,STATIC,125.53429326861162,STATIC,144.9003834391277,STATIC,167.95358368275984,126.12000326476742,HUNCH,UPRIGHT,162.99582848755657,LEFT_TILT,False,0.21973332607829463,0.0,0.08475001860776302,540.1290702819824,425.0301790237427,0.041666666666666075,0.99909508228302,False,,102.20523490201352,0.0,102.20523490201352,torso,True
11.833333333333332,284,39.6275875814043,EXTENSION,114.79364084992129,FLEXION,91.27588517327291,STATIC,63.01800324067003,STATIC,89.52139355135357,STATIC,93.89430823375487,STATIC,128.4300728802098,STATIC,145.08281885149748,STATIC,166.88950074422266,127.72160527792053,HUNCH,UPRIGHT,158.81908224724,LEFT_TILT,False,0.04950754382684327,0.0,0.08460005062997186,545.0373649597168,425.2796673774719,0.08333333333333215,0.9988279640674591,False,,104.26024542631212,0.0,104.26024542631212,torso,True
11.875,285,22.967307219432048,FLEXION,132.65686210335662,EXTENSION,91.60145665918192,STATIC,67.1545679173373,STATIC,90.627504101074,STATIC,94.80667216001989,STATIC,126.83424720087824,STATIC,139.29890084640815,FLEXION,166.40450688301283,123.7251303495511,HUNCH,UPRIGHT,158.1130617602128,LEFT_TILT,False,0.05838859922321978,0.0,0.08448898515790935,545.3489112854004,423.47134351730347,0.125,0.9988365769386292,False,,102.86143800786465,0.0,102.86143800786465,torso,True
11.916666666666666,286,39.022214110207095,EXTENSION,132.71985111833743,STATIC,91.06761721803524,STATIC,66.15124880978361,STATIC,89.76053427978809,STATIC,94.21099011964007,STATIC,127.2171321632636,STATIC,137.18382590082064,STATIC,166.10470995340282,122.80324339166769,HUNCH,UPRIGHT,162.90301121032394,LEFT_TILT,False,0.060437236907405135,0.0,0.084387500988076,544.6194076538086,421.36372804641724,0.16666666666666607,0.9987974762916565,False,,103.0192432364831,0.0,103.0192432364831,torso,True
11.958333333333332,287,33.97185825134808,FLEXION,131.80798911397852,STATIC,91.3064595813897,STATIC,66.09935791861791,STATIC,89.47971573079361,STATIC,95.35616030284648,STATIC,128.73624906767228,STATIC,136.8982829609632,STATIC,166.28257331160458,124.20510893232849,HUNCH,UPRIGHT,162.2913959310572,LEFT_TILT,False,0.05732198015038115,0.0,0.08427378031228736,544.5836448669434,419.1046643257141,0.20833333333333215,0.9987342655658722,False,,101.73746701258182,0.0,101.73746701258182,torso,True
12.0,288,39.93456931094647,EXTENSION,131.24213080892568,STATIC,91.7204712296215,STATIC,63.42855302508417,STATIC,88.61242509989823,STATIC,95.50300631950513,STATIC,128.81726287969371,STATIC,135.39087366838194,STATIC,166.34435248547072,115.61268719152959,HUNCH,UPRIGHT,165.58743925877704,LEFT_TILT,False,0.07641625068548981,0.0,0.08424090361928821,544.049243927002,419.21324014663696,0.25,0.9986725151538849,False,,102.767526449106,0.0,102.767526449106,torso,True
12.041666666666666,289,43.34606751490902,STATIC,130.78591982745027,STATIC,91.79050175219885,STATIC,61.19945737069818,STATIC,88.29118510495918,STATIC,96.00976326789302,STATIC,131.45806681382993,STATIC,136.25264832979644,STATIC,166.25240623387054,126.01539089327714,HUNCH,UPRIGHT,11.422233880106454,RIGHT_TILT,False,0.05329913134827302,0.0,0.08411197956815898,545.8189964294434,418.5145139694214,0.2916666666666661,0.9984433054924011,False,,103.8962296161656,0.0,103.8962296161656,torso,True
12.083333333333332,290,54.429212316322484,EXTENSION,133.31012420751495,STATIC,91.19720501682451,STATIC,71.59240882572114,EXTENSION,86.89103831941235,STATIC,93.83829543979132,STATIC,128.04296357557934,STATIC,130.74341707741672,FLEXION,165.285930085638,119.57489014398952,HUNCH,UPRIGHT,163.36847171071958,LEFT_TILT,False,0.06761135523557886,0.0,0.0840435122472769,533.8690185546875,417.2975420951843,0.0,0.9984672665596008,False,,103.49417807357038,0.0,103.49417807357038,torso,True
12.125,291,21.08655803086852,FLEXION,108.39848442719256,FLEXION,92.117252702592,STATIC,66.46619638421119,FLEXION,87.49633151551812,STATIC,94.75507960713179,STATIC,126.19530238538403,STATIC,126.88883368995499,STATIC,164.3690903975564,125.04480025345627,HUNCH,UPRIGHT,153.48774313287382,LEFT_TILT,False,0.22212266610343048,0.0,0.08461408726321142,534.5586585998535,413.8664174079895,0.04166666666666785,0.9985352754592896,False,,102.27605465812701,0.0,102.27605465812701,torso,True
12.166666666666666,292,36.6140308817233,EXTENSION,97.713154249017,FLEXION,91.86675254060668,STATIC,64.92716381668035,STATIC,88.29092761583952,STATIC,96.11004713165127,STATIC,127.9222137350365,STATIC,126.71803017639104,STATIC,163.17861843669147,125.40132994814678,HUNCH,UPRIGHT,145.17917596089188,LEFT_TILT,False,0.05466371122634047,0.0,0.08449083468692799,533.1699562072754,412.9598093032837,0.08333333333333393,0.9985674023628235,False,,104.95032354140716,0.0,104.95032354140716,torso,True
12.208333333333332,293,39.318307921291286,STATIC,108.16515679846181,EXTENSION,91.63430970614925,STATIC,64.25739220996222,STATIC,88.79122453465784,STATIC,95.13356779539971,STATIC,126.82076954780817,STATIC,122.02447516099284,STATIC,164.227107807678,125.8510557959084,HUNCH,UPRIGHT,142.32092838351588,LEFT_TILT,False,0.0536643204535369,0.0,0.08436449651384031,531.5676498413086,413.1535077095032,0.125,0.9985957443714142,False,,107.39647044374973,0.0,107.39647044374973,torso,True
12.25,294,35.14782968531944,STATIC,109.09358953988222,STATIC,91.417944415969,STATIC,64.68836092336777,STATIC,89.38866323593747,STATIC,96.62803633512942,STATIC,125.2759719383326,STATIC,120.74637810762664,STATIC,162.3079818085842,126.50177567617978,HUNCH,UPRIGHT,141.17142959741844,LEFT_TILT,False,0.05221827627515607,0.0,0.0842332874516416,531.3545417785645,412.2632074356079,0.16666666666666785,0.998563140630722,False,,107.60159483973395,0.0,107.60159483973395,torso,True
12.291666666666666,295,45.359966387584606,EXTENSION,124.35743687376973,EXTENSION,91.93134929297597,STATIC,71.39513175847625,EXTENSION,89.92732361699649,STATIC,98.48390855553556,STATIC,125.92553161610402,STATIC,119.77876880237737,STATIC,162.3626056109334,123.34213613682529,HUNCH,UPRIGHT,138.6821694234929,LEFT_TILT,False,0.0592396974737216,0.0,0.08413168749238176,530.4879951477051,408.599009513855,0.20833333333333393,0.9986416101455688,False,,106.61058316810013,0.0,106.61058316810013,torso,True
12.333333333333332,296,43.172017614130965,STATIC,127.42394644681154,STATIC,91.91810756493537,STATIC,71.2222019742453,STATIC,89.38983808277803,STATIC,97.43387485225405,STATIC,123.95581850559321,STATIC,114.34232022836939,FLEXION,163.4284591236973,120.30097627321908,HUNCH,UPRIGHT,139.400112866187,LEFT_TILT,False,0.06599783050395762,0.0,0.08405827106732741,528.3736801147461,408.126425743103,0.25,0.9987210929393768,False,,108.05612896512221,0.0,108.05612896512221,torso,True
12.375,297,33.426533810394,FLEXION,126.29289179354352,STATIC,91.69036971819551,STATIC,69.11798157423905,STATIC,89.589581722149,STATIC,92.39554556661423,FLEXION,123.51359286128556,STATIC,103.04103726044637,FLEXION,163.9639794740518,118.67516613365665,HUNCH,UPRIGHT,140.92052807718574,LEFT_TILT,False,0.06961074192520744,0.0,0.08400001490143176,525.776309967041,408.56632947921753,0.29166666666666785,0.9987542927265167,False,,110.08796468133103,0.0,110.08796468133103,torso,True
12.416666666666666,298,34.511457716967854,STATIC,127.09380509284651,STATIC,92.08676601859405,STATIC,69.31305348028357,STATIC,90.43790273781931,STATIC,94.97677320493983,STATIC,121.20260519265459,STATIC,101.9789286422607,STATIC,163.42473880690065,117.13421897010817,HUNCH,UPRIGHT,137.26088158827744,LEFT_TILT,False,0.0730350689553152,0.0,0.08395597897393732,525.7030868530273,403.7179470062256,0.3333333333333339,0.9988331198692322,False,,106.90840882575901,0.0,106.90840882575901,torso,True
12.458333333333332,299,38.58433530274463,STATIC,126.72861437582823,STATIC,91.95554885783957,STATIC,68.89955904242524,STATIC,90.37877601492418,STATIC,94.07265236003119,STATIC,124.23450455768558,STATIC,99.09536716209779,STATIC,163.68442641241143,119.96083083765336,HUNCH,UPRIGHT,141.20058762090235,LEFT_TILT,False,0.06675370924965922,0.0,0.08388716989504022,526.3568115234375,403.6465787887573,0.375,0.9988645017147064,False,,107.36610420198205,0.0,107.36610420198205,torso,True
12.5,300,43.80235735887367,EXTENSION,124.98906753150614,STATIC,90.85941027762337,STATIC,73.86499275691831,STATIC,88.98719549327305,STATIC,96.9041399573227,STATIC,127.06607097529405,STATIC,103.13012508016612,STATIC,161.47913906182043,127.14734900496096,HUNCH,UPRIGHT,142.66311790882463,LEFT_TILT,False,0.05078366887786453,0.0,0.08375528343680447,525.6946754455566,403.04649353027344,0.41666666666666785,0.9988522529602051,False,,108.02316520076877,0.0,108.02316520076877,torso,True
12.541666666666666,301,23.608167629721,FLEXION,128.61518143961717,STATIC,90.9733714017928,STATIC,70.09593740986364,STATIC,90.35377037468874,STATIC,95.87037461285054,STATIC,129.53531489020804,STATIC,100.29165669544572,STATIC,161.68053703503537,128.6848530827735,HUNCH,UPRIGHT,145.55182544135022,LEFT_TILT,False,0.047366993149392266,0.0,0.08361088545947346,526.228084564209,396.4179825782776,0.4583333333333339,0.9988852739334106,False,,105.33451890561443,0.0,105.33451890561443,torso,True
12.583333333333332,302,27.965082219746865,STATIC,128.12918796353125,STATIC,90.78312259461654,STATIC,67.41926239481653,STATIC,90.55810006433042,STATIC,95.32356593049926,STATIC,129.6700581603646,STATIC,97.56015882747883,STATIC,162.08263397478854,124.72828475736348,HUNCH,UPRIGHT,145.70783633819963,LEFT_TILT,False,0.056159367205858936,0.0,0.08350238143475561,526.3630104064941,393.9401149749756,0.5,0.9989345371723175,False,,105.51381407312356,0.0,105.51381407312356,torso,True
12.625,303,29.715124146523635,STATIC,127.4101960031718,STATIC,90.30915624110217,STATIC,69.28198000637865,STATIC,90.80277502685146,STATIC,97.45445557665715,STATIC,133.29065806099092,STATIC,100.20237629267405,STATIC,161.6004420759959,134.1297660962184,HUNCH,UPRIGHT,150.75837055679912,LEFT_TILT,False,0.03526718645284802,0.0,0.08331247909230716,530.7334899902344,393.515682220459,0.5416666666666679,0.9989112019538879,False,,105.36848752770936,0.0,105.36848752770936,torso,True
12.666666666666666,304,31.16744184095073,STATIC,131.08589062378883,STATIC,91.16269269146025,STATIC,71.3039281456862,STATIC,91.81579600697813,STATIC,95.48558095440696,STATIC,128.26283055834202,FLEXION,93.9617222336328,FLEXION,160.3977519157689,122.52914203956188,HUNCH,UPRIGHT,132.6334439765485,LEFT_TILT,False,0.06104635102319581,0.0,0.08322516094301653,530.0658988952637,387.0772647857666,0.5833333333333339,0.9989718198776245,False,,101.69459140934055,0.0,101.69459140934055,torso,True
12.75,306,11.522727801135767,FLEXION,116.78649737397176,FLEXION,86.54570128864863,STATIC,69.96561289726036,STATIC,85.32075335251163,FLEXION,84.56286198959035,FLEXION,115.02808542448933,FLEXION,85.50478668300255,FLEXION,154.5694908009724,124.162356706396,HUNCH,UPRIGHT,156.9728322260438,LEFT_TILT,False,0.05741698509689778,0.0,0.08312434775611763,553.4423446655273,401.6490411758423,0.0,0.9989975988864899,False,,105.68029953747781,0.0,105.68029953747781,torso,True
12.791666666666666,307,34.42299855123563,EXTENSION,120.56007527829698,STATIC,87.36391272735102,STATIC,61.509362536318015,FLEXION,90.52111999922971,EXTENSION,92.79447930224946,EXTENSION,124.21195683830089,EXTENSION,98.38783963026822,EXTENSION,169.57051307909862,117.44758986919253,HUNCH,UPRIGHT,157.14950086048742,LEFT_TILT,False,0.23900535584623883,0.0,0.08373088864362782,559.3671226501465,401.5954613685608,0.041666666666666075,0.9989755153656006,False,,105.68145246090131,0.0,105.68145246090131,torso,True
12.833333333333332,308,30.196740908719054,STATIC,122.24147262042536,STATIC,87.31127889919156,STATIC,67.58690789884395,EXTENSION,89.98919072900351,STATIC,93.90272307931093,STATIC,123.02075205417673,STATIC,102.76859084820468,STATIC,166.42850300750715,122.7949658880402,HUNCH,UPRIGHT,160.20035506491712,LEFT_TILT,False,0.06045563135991069,0.0,0.08364067446810955,557.5919342041016,399.8914432525635,0.08333333333333215,0.9989875555038452,False,,105.2187610096499,0.0,105.2187610096499,torso,True
12.875,309,43.80499537276726,EXTENSION,126.07029472072288,STATIC,87.2987114573116,STATIC,68.65182042236881,STATIC,89.4314800204623,STATIC,92.87758003165392,STATIC,124.7643091941451,STATIC,103.4441804894561,STATIC,167.2804897334041,122.38954351039014,HUNCH,UPRIGHT,160.18360860441268,LEFT_TILT,False,0.06135656997691078,0.0,0.08355463545463002,554.9821472167969,395.0502061843872,0.125,0.9989955723285675,False,,102.56171634968686,0.0,102.56171634968686,torso,True
12.916666666666666,310,42.10814062600532,STATIC,127.03073243316504,STATIC,87.61454774016369,STATIC,67.59302237708076,STATIC,89.77888130741087,STATIC,92.90533896758902,STATIC,123.68705392673948,STATIC,106.29314381495482,STATIC,170.30879386517495,117.70544816714114,HUNCH,UPRIGHT,160.61227373506313,LEFT_TILT,False,0.07176567073968636,0.0,0.08350929328264947,554.5924377441406,392.00669288635254,0.16666666666666607,0.9989757835865021,False,,101.46938144526933,0.0,101.46938144526933,torso,True
12.958333333333332,311,35.64652773286987,FLEXION,117.24550731095611,FLEXION,87.59087944265366,STATIC,64.15369765390389,STATIC,89.96014142564995,STATIC,93.5314819144883,STATIC,124.12005190417743,STATIC,109.02090063843606,STATIC,171.0864925195918,121.94536438370844,HUNCH,UPRIGHT,162.51388185910463,LEFT_TILT,False,0.06234363470287015,0.0,0.08342819880533231,554.6148109436035,392.07216024398804,0.20833333333333215,0.999009519815445,False,,102.86952869296141,0.0,102.86952869296141,torso,True
13.0,312,47.03516886937991,EXTENSION,127.6880383302821,EXTENSION,87.82105685090157,STATIC,65.29708312759266,STATIC,90.13443289434973,STATIC,93.35081236737547,STATIC,121.90053433664438,STATIC,106.240396379168,STATIC,173.03381949760353,114.58247721318237,HUNCH,UPRIGHT,161.65141038333908,LEFT_TILT,False,0.07870560619292806,0.0,0.08341017364268953,552.9592895507812,388.86842250823975,0.25,0.9990173578262329,False,,101.41898200340421,0.0,101.41898200340421,torso,True
13.041666666666666,313,45.58301743932356,STATIC,125.76387910386413,STATIC,87.95752001885405,STATIC,65.21472962319916,STATIC,89.97100462075026,STATIC,92.45422057006418,STATIC,124.57665837221721,STATIC,106.9075648062322,STATIC,172.58013124008198,117.71893822168609,HUNCH,UPRIGHT,166.49863999642298,LEFT_TILT,False,0.07173569284069758,0.0,0.08336578398184545,554.598503112793,389.373836517334,0.2916666666666661,0.9990128576755524,False,,101.83809100746477,0.0,101.83809100746477,torso,True
13.083333333333332,314,41.25280627146668,STATIC,119.35126638978939,FLEXION,87.63750945045409,STATIC,65.59932570610809,STATIC,89.78328097665208,STATIC,92.73283557061553,STATIC,123.58684826261629,STATIC,109.84697730946276,STATIC,170.65770581593094,124.69097568963821,HUNCH,UPRIGHT,164.891586189044,LEFT_TILT,False,0.05624227624524843,0.0,0.08326304342223714,555.2523040771484,386.39506101608276,0.33333333333333215,0.9989769458770752,False,,102.39465447794731,0.0,102.39465447794731,torso,True
13.125,315,39.58958620753437,STATIC,122.77127440264152,STATIC,87.70377671516782,STATIC,66.60549500196252,STATIC,90.17739141408074,STATIC,93.62662431716097,STATIC,122.59709379796854,STATIC,111.6043122002806,STATIC,169.02263345863844,122.71401505723752,HUNCH,UPRIGHT,159.50245601060666,LEFT_TILT,False,0.060635522095027726,0.0,0.08317765654930427,555.1441192626953,382.9645800590515,0.375,0.9989303350448608,False,,102.01138345965143,0.0,102.01138345965143,torso,True
13.166666666666666,316,27.58205941289283,FLEXION,121.05426971924967,STATIC,87.85407503025498,STATIC,66.0972163536579,STATIC,90.3433763206665,STATIC,93.70589002068529,STATIC,123.06818771803957,STATIC,110.56361846571488,STATIC,169.50877068537557,123.39396164974939,HUNCH,UPRIGHT,159.2097917196214,LEFT_TILT,False,0.05912452966722359,0.0,0.08308723126027388,555.1860046386719,380.6102228164673,0.4166666666666661,0.9989334046840668,False,,101.9582333074193,0.0,101.9582333074193,torso,True
13.208333333333332,317,29.886423581845982,STATIC,118.29628585150294,STATIC,87.89671912855206,STATIC,65.51748766494346,STATIC,90.3398972399278,STATIC,94.28959993790058,STATIC,123.33966515698565,STATIC,113.93654807769667,STATIC,170.33979354836592,124.1829226370583,HUNCH,UPRIGHT,160.07057207103205,LEFT_TILT,False,0.057371283028759344,0.0,0.08299091684742177,556.4126586914062,380.28846502304077,0.45833333333333215,0.9989501237869263,False,,102.15843000940338,0.0,102.15843000940338,torso,True
13.25,318,36.57981844385585,EXTENSION,122.8736992446912,STATIC,88.14971102603126,STATIC,65.76140961792231,STATIC,90.06750429549295,STATIC,94.204813559885,STATIC,120.73101043707493,STATIC,113.45085418075274,STATIC,168.73450525249297,126.79541192462042,HUNCH,UPRIGHT,163.29260486547807,LEFT_TILT,False,0.051565751278621286,0.0,0.08287365876694117,556.5004539489746,376.6280221939087,0.5,0.9989831745624542,False,,99.18203585667924,0.0,99.18203585667924,torso,True
13.291666666666666,319,36.7494674851762,STATIC,120.00156645270599,STATIC,88.23172733641084,STATIC,66.08645025997592,STATIC,90.66406195249508,STATIC,93.7163664970207,STATIC,125.64044158001866,STATIC,118.6632628866223,EXTENSION,174.2993779176219,123.37867114185788,HUNCH,UPRIGHT,160.05080096770627,LEFT_TILT,False,0.05915850857364916,0.0,0.08278549835730067,564.02099609375,377.3813796043396,0.5416666666666661,0.9989984333515167,False,,100.6771375824963,0.0,100.6771375824963,torso,True
13.333333333333332,320,24.38464769552596,FLEXION,130.2419176397953,EXTENSION,88.31847018423291,STATIC,74.83440839314422,EXTENSION,90.68747505829351,STATIC,94.15501433335254,STATIC,128.70946866328458,STATIC,124.47814686029291,EXTENSION,167.11202646691856,125.44722757483642,HUNCH,UPRIGHT,158.92612203266916,LEFT_TILT,False,0.05456171650036353,0.0,0.08268096583190461,560.8595275878906,372.1709418296814,0.5833333333333321,0.9989857375621796,False,,99.53464680816322,0.0,99.53464680816322,torso,True
13.375,321,13.615190653113837,FLEXION,112.43221976146842,FLEXION,88.58621190887189,STATIC,68.75985920500244,FLEXION,89.27588831239636,STATIC,92.69787473125666,STATIC,124.43139358554208,STATIC,122.3902228681778,STATIC,168.93954033646082,122.77674361491752,HUNCH,UPRIGHT,159.31768420688297,LEFT_TILT,False,0.22716279196684996,0.0,0.08321410910177525,558.3904075622559,370.66888332366943,0.625,0.9989128112792969,False,,101.10937429428127,0.0,101.10937429428127,torso,True
13.416666666666666,322,9.843580619439285,STATIC,115.32905162555049,STATIC,88.69336605855767,STATIC,65.86061577781292,STATIC,90.18321578182939,STATIC,94.21208129523102,STATIC,128.90937107121468,STATIC,125.53265563366065,STATIC,170.02570043286588,123.37445762710959,HUNCH,UPRIGHT,160.91636142511686,LEFT_TILT,False,0.05916787193975648,0.0,0.08312570381809137,557.1398735046387,369.4124722480774,0.6666666666666661,0.998905748128891,False,,102.15801908459979,0.0,102.15801908459979,torso,True
13.458333333333332,323,20.630533735325397,EXTENSION,122.57548638084033,EXTENSION,88.55828519998911,STATIC,69.50259057207866,STATIC,90.64601271751287,STATIC,93.76734887424057,STATIC,131.2656614019814,STATIC,128.68929388942522,STATIC,169.76433718572642,125.36947140354985,HUNCH,UPRIGHT,160.89062559989182,LEFT_TILT,False,0.054734507992111436,0.0,0.08302170676378375,555.1515197753906,366.9809103012085,0.7083333333333321,0.9988203644752502,False,,101.53709694077835,0.0,101.53709694077835,torso,True
13.5,324,35.14676055703411,EXTENSION,123.92758178154725,STATIC,89.74289719856576,STATIC,65.76162761906053,STATIC,90.3330740291665,STATIC,93.84240938665288,STATIC,132.82839570531615,STATIC,128.59598461219068,STATIC,172.69911143130844,120.81230171808842,HUNCH,UPRIGHT,158.70285938801413,LEFT_TILT,False,0.06486155173758128,0.0,0.08295542882573191,557.0341110229492,367.6469135284424,0.75,0.9988723695278168,False,,102.60960938229945,0.0,102.60960938229945,torso,True
13.541666666666666,325,41.43051283600481,EXTENSION,129.49994933507892,EXTENSION,89.55373499720551,STATIC,67.14449426856326,STATIC,90.35729253919905,STATIC,92.18140963963796,STATIC,131.2587983256573,STATIC,126.05006061144668,STATIC,171.70940608386852,118.17163331039468,HUNCH,UPRIGHT,15.58423428115065,RIGHT_TILT,False,0.0707297037546785,0.0,0.08291097164365537,550.2233505249023,364.36723709106445,0.7916666666666661,0.9987765252590179,False,,101.67067833322038,0.0,101.67067833322038,torso,True
13.583333333333332,326,42.61147347838042,STATIC,130.56753220468124,STATIC,88.91818204128755,STATIC,67.84634007354882,STATIC,90.92427007956313,STATIC,92.88611680317565,STATIC,130.68886942551848,STATIC,126.92038332244051,STATIC,171.12978577000578,120.08253232663543,HUNCH,UPRIGHT,165.0854412946078,LEFT_TILT,False,0.0664832614963657,0.0,0.08285145095471591,552.6618957519531,362.20426082611084,0.8333333333333321,0.9988174140453339,False,,99.87957596485622,0.0,99.87957596485622,torso,True
13.625,327,44.07442384080195,STATIC,129.7447397507679,STATIC,88.55693210048916,STATIC,67.01870243180599,STATIC,90.40287850128557,STATIC,92.62530865976302,STATIC,129.32092228502438,STATIC,126.5839358807101,STATIC,172.36788923002013,116.877650456458,HUNCH,UPRIGHT,163.14821794035151,LEFT_TILT,False,0.07360522120787112,0.0,0.08281807106393307,557.1881675720215,362.08664059638977,0.875,0.9988827705383301,False,,100.52486243644616,0.0,100.52486243644616,torso,True
13.666666666666666,328,13.637358177452363,FLEXION,131.05024138276224,STATIC,88.4259634935332,STATIC,71.01732130516751,STATIC,89.01869979045038,STATIC,92.71777606563272,STATIC,128.65465745048513,STATIC,126.79691160976762,STATIC,166.256088331888,122.26714114011982,HUNCH,UPRIGHT,159.72431700905597,LEFT_TILT,False,0.061628575244178196,0.0,0.08274184985594835,559.1840934753418,360.46223044395447,0.9166666666666661,0.998927116394043,False,,100.61737365001856,0.0,100.61737365001856,torso,True
13.708333333333332,329,34.58006312645586,EXTENSION,131.78591497901974,STATIC,88.05182786356134,STATIC,72.34841264298815,STATIC,88.74089021587935,STATIC,91.51619699918022,STATIC,126.95868597966408,STATIC,124.27433230813917,STATIC,164.9212320726037,120.68565636382199,HUNCH,UPRIGHT,157.8638499812504,LEFT_TILT,False,0.06514298585817335,0.0,0.08267877149036491,558.2288551330566,355.79026222229004,0.9583333333333321,0.9989224970340729,False,,100.234032059224,0.0,100.234032059224,torso,True
13.75,330,18.107053960816742,FLEXION,130.79196633919233,STATIC,88.51058827544583,STATIC,75.17616272389276,STATIC,88.8003330622269,STATIC,92.76535628248635,STATIC,125.82896579675825,STATIC,122.36018074323901,STATIC,164.43073421513884,123.95872225565313,HUNCH,UPRIGHT,157.71757690297073,LEFT_TILT,False,0.05786950609854861,0.0,0.08259016697110844,558.0781173706055,357.4240279197693,1.0,0.9989857077598572,False,,102.27076313462706,0.0,102.27076313462706,torso,True
13.791666666666666,331,12.528552788741536,FLEXION,128.2907301594857,STATIC,88.65572917596643,STATIC,72.85004238152645,STATIC,88.79083794890423,STATIC,93.4106092071542,STATIC,124.68490155962287,STATIC,119.42987214382626,STATIC,164.93478799166778,122.84796702882267,HUNCH,UPRIGHT,156.07208863302603,LEFT_TILT,False,0.06033785104706076,0.0,0.0825109772347239,556.999340057373,355.11197447776794,1.041666666666666,0.9990370869636536,False,,102.03653939931937,0.0,102.03653939931937,torso,True
13.833333333333332,332,34.14413896309174,EXTENSION,112.92602543295982,FLEXION,88.85549664735557,STATIC,67.09106173114068,FLEXION,89.95102355023927,STATIC,92.92308435757295,STATIC,130.56726444060084,EXTENSION,122.3693077046465,STATIC,169.21270829002933,123.54943382660328,HUNCH,UPRIGHT,157.94043118892554,LEFT_TILT,False,0.22544570260754826,0.0,0.08301783796299633,556.8874549865723,356.2600243091583,1.0833333333333321,0.999046266078949,False,,104.02911266941786,0.0,104.02911266941786,torso,True
13.875,333,12.507228646667796,FLEXION,118.73839052781636,EXTENSION,88.48107332369878,STATIC,66.00630968870452,STATIC,90.26579422158596,STATIC,93.69717646936597,STATIC,128.90003496173446,STATIC,121.45225528770823,STATIC,167.79890922012788,123.99818619318562,HUNCH,UPRIGHT,156.63048259419895,LEFT_TILT,False,0.057781808459587504,0.0,0.08292866471386769,557.1329116821289,353.0451822280884,1.125,0.9990741610527039,False,,103.18514631520443,0.0,103.18514631520443,torso,True
13.916666666666666,334,40.508410046463624,EXTENSION,116.5161633955061,STATIC,88.5958330461304,STATIC,69.81891285584312,STATIC,90.30580914699122,STATIC,94.64926757948949,STATIC,128.29610183959582,STATIC,122.9198309311004,STATIC,166.07252550243686,127.15408141570657,HUNCH,UPRIGHT,155.5421805918553,LEFT_TILT,False,0.050768707965096506,0.0,0.08281542542954103,557.2346878051758,352.99673080444336,1.166666666666666,0.9991157352924347,False,,103.96808058737442,0.0,103.96808058737442,torso,True
13.958333333333332,335,40.22134063692016,STATIC,126.82014290074925,EXTENSION,88.68618512684519,STATIC,77.72222326387023,EXTENSION,90.22545447907343,STATIC,92.10266174884234,STATIC,127.44260231281854,STATIC,117.7305543306935,FLEXION,164.150280638928,127.85981541039897,HUNCH,UPRIGHT,150.49309098326634,LEFT_TILT,False,0.0492004101991134,0.0,0.08269747800767988,555.3328704833984,351.89300179481506,1.2083333333333321,0.9991197288036346,False,,105.17644554276765,0.0,105.17644554276765,torso,True
14.0,336,16.367530520954805,FLEXION,124.71261362950396,STATIC,88.15715184229562,STATIC,75.72011717035718,STATIC,90.3424164566978,STATIC,92.18820754439129,STATIC,127.59198300419915,STATIC,118.0453365003977,STATIC,165.29049131594405,131.117145741962,HUNCH,UPRIGHT,154.53513530447876,LEFT_TILT,False,0.04196189835119557,0.0,0.08255504591097888,556.0830497741699,351.4798665046692,1.25,0.9991076588630676,False,,104.86917893967451,0.0,104.86917893967451,torso,True
14.041666666666666,337,17.094269667496658,STATIC,120.07920939903653,STATIC,88.04798840889696,STATIC,68.48015593597825,FLEXION,90.36058120120991,STATIC,93.93870123225312,STATIC,129.1688629675344,STATIC,122.12585113323966,STATIC,168.0322366261366,128.77161261988113,HUNCH,UPRIGHT,157.07099411129246,LEFT_TILT,False,0.21384086084470863,0.0,0.08301248777485948,556.2689590454102,350.33562541007996,1.291666666666666,0.999112069606781,False,,104.20993071163056,0.0,104.20993071163056,torso,True
14.083333333333332,338,16.877193305247555,STATIC,122.7933120788366,STATIC,87.77134271657603,STATIC,68.29181793635662,STATIC,90.51712512173759,STATIC,93.70549038405352,STATIC,127.24691118822308,STATIC,121.28269183118218,STATIC,168.4301425570145,127.37536630140593,HUNCH,UPRIGHT,157.30080971130252,LEFT_TILT,False,0.05027696377465348,0.0,0.08289882276096988,556.029224395752,348.24085235595703,1.3333333333333321,0.9991230368614197,False,,103.7217044659725,0.0,103.7217044659725,torso,True
14.125,339,14.893468459642628,STATIC,122.27846968568107,STATIC,87.4761127670581,STATIC,69.17025736678252,STATIC,90.3042443138428,STATIC,94.03617787068752,STATIC,125.4288264797122,STATIC,122.79853083440202,STATIC,165.86697983879696,127.35586576918128,HUNCH,UPRIGHT,159.39259527427572,LEFT_TILT,False,0.050320298290708276,0.0,0.08278609430259526,555.2204895019531,347.4632477760315,1.375,0.9991196393966675,False,,103.30736534079453,0.0,103.30736534079453,torso,True
14.166666666666666,340,24.005030867136455,EXTENSION,120.33740469956378,STATIC,87.53856947760833,STATIC,65.4815557046546,STATIC,90.66902258802084,STATIC,94.29628167971318,STATIC,125.72482297018075,STATIC,125.53747562047197,STATIC,168.4159388896339,124.56477455391892,HUNCH,UPRIGHT,160.3082398139695,LEFT_TILT,False,0.056522723213513516,0.0,0.08269553095401223,555.2881240844727,346.60216212272644,1.416666666666666,0.9991535842418671,False,,102.98546344570249,0.0,102.98546344570249,torso,True
14.208333333333332,341,30.449399966312214,EXTENSION,122.95347756867412,STATIC,87.46731444422889,STATIC,66.3592941096888,STATIC,90.6339522704179,STATIC,94.51171480696124,STATIC,129.44895071739685,STATIC,129.9443503711456,STATIC,168.63242039696954,122.84626025254096,HUNCH,UPRIGHT,160.93314192189925,LEFT_TILT,False,0.060341643883242334,0.0,0.08261871347266937,555.2277565002441,345.17393946647644,1.4583333333333321,0.9991998374462128,False,,102.39109920440373,0.0,102.39109920440373,torso,True
14.25,342,23.17315855946668,FLEXION,122.3137072908045,STATIC,87.45085670095904,STATIC,67.10963964898878,STATIC,90.9089124068256,STATIC,93.2179079058597,STATIC,128.41278590691527,STATIC,130.42937163223763,STATIC,168.73993280969432,123.30774342358853,HUNCH,UPRIGHT,162.40448543329833,LEFT_TILT,False,0.059316125725358826,0.0,0.0825389100899731,554.6646499633789,344.4654607772827,1.5,0.999213844537735,False,,102.18782377163691,0.0,102.18782377163691,torso,True
14.291666666666666,343,13.663621944517425,FLEXION,113.73177443103265,FLEXION,87.28993009917363,STATIC,65.25492515342502,STATIC,90.97605104777988,STATIC,93.73129547883526,STATIC,127.38617141119991,STATIC,132.85022541421085,STATIC,166.3819590180658,127.97806065855079,HUNCH,UPRIGHT,160.7846578222516,LEFT_TILT,False,0.04893764298099823,0.0,0.08242422999745101,555.5882263183594,342.9538321495056,1.541666666666666,0.9991826117038727,False,,101.70560972184448,0.0,101.70560972184448,torso,True
14.333333333333332,344,28.805112726574638,EXTENSION,117.90134387361272,STATIC,87.28287072676339,STATIC,65.04788382629143,STATIC,90.886517171386,STATIC,92.73321160867357,STATIC,123.83449187757091,STATIC,129.50140101886387,STATIC,167.58950501441916,125.84185336111723,HUNCH,UPRIGHT,158.28970399247035,LEFT_TILT,False,0.05368477030862839,0.0,0.08232647673320331,555.8779335021973,341.90102219581604,1.5833333333333321,0.9991988837718964,False,,101.69280642144857,0.0,101.69280642144857,torso,True
14.375,345,21.7272410075097,FLEXION,122.26228503557161,STATIC,87.3990407852156,STATIC,65.6881564822536,STATIC,91.46130321390153,STATIC,92.96330509522697,STATIC,123.58669124725313,STATIC,128.3241030228655,STATIC,169.7824106997599,122.75060436549481,HUNCH,UPRIGHT,159.48441212359515,LEFT_TILT,False,0.06055421252112266,0.0,0.08225267244773864,557.257251739502,341.8532145023346,1.625,0.9992197751998901,False,,102.1960661294647,0.0,102.1960661294647,torso,True
14.416666666666666,346,29.272107433603413,EXTENSION,121.42734380051043,STATIC,87.14877165732473,STATIC,66.71866459877405,STATIC,91.36356015184444,STATIC,92.34327169512625,STATIC,120.62683087231275,STATIC,123.73914935142349,STATIC,169.10985454772333,122.92336879806975,HUNCH,UPRIGHT,159.26367629934455,LEFT_TILT,False,0.060170291559845025,0.0,0.08217806980960386,557.5202751159668,340.8570206165314,1.666666666666666,0.9992422759532928,False,,102.19665918656989,0.0,102.19665918656989,torso,True
14.458333333333332,347,32.25407969704771,STATIC,124.95177467194709,STATIC,87.0865663952151,STATIC,67.85233733554863,STATIC,91.09270353170669,STATIC,92.04341230048858,STATIC,119.04961494192223,STATIC,120.57389949918534,STATIC,168.84253697131254,122.47106818474012,HUNCH,UPRIGHT,159.6285423769236,LEFT_TILT,False,0.06117540403391086,0.0,0.08210735376322105,557.8738403320312,340.6506085395813,1.7083333333333321,0.9992659986019135,False,,102.74155678407027,0.0,102.74155678407027,torso,True
14.5,348,12.087054523839468,FLEXION,118.45842633923658,FLEXION,87.62796959412707,STATIC,65.79832066128382,STATIC,91.41993690623308,STATIC,91.10691557522348,STATIC,120.85883265443027,STATIC,118.58727541069884,STATIC,171.57847477943776,125.26572559338513,HUNCH,UPRIGHT,159.72300132699468,LEFT_TILT,False,0.05496505423692192,0.0,0.0820162722211865,558.7309074401855,341.1177635192871,1.75,0.9992546439170837,False,,103.00029386530095,0.0,103.00029386530095,torso,True
14.541666666666666,349,25.085128072127286,EXTENSION,121.90774339315132,STATIC,87.5756044824768,STATIC,67.1800237094965,STATIC,91.60733531331249,STATIC,93.30164966100459,STATIC,121.54585271060958,STATIC,121.05415207988999,STATIC,171.8851087691959,124.03075989670563,HUNCH,UPRIGHT,160.13019069776158,LEFT_TILT,False,0.05770942245176525,0.0,0.08193497840924863,558.359203338623,341.4926612377167,1.791666666666666,0.9992553293704987,False,,103.47667538477843,0.0,103.47667538477843,torso,True
14.583333333333332,350,22.69459501098762,STATIC,122.65453257396848,STATIC,87.33635118231216,STATIC,68.15668642384719,STATIC,91.2084220468178,STATIC,94.8246825799196,STATIC,121.97976612247139,STATIC,121.82934147775234,STATIC,169.93285971733928,122.09552258490619,HUNCH,UPRIGHT,161.3839969113803,LEFT_TILT,False,0.062009949811319576,0.0,0.08186856164725553,556.0223197937012,341.3303339481354,1.8333333333333321,0.9992464482784271,False,,103.92477056801208,0.0,103.92477056801208,torso,True
14.625,351,18.617077590847117,STATIC,120.32963914975569,STATIC,87.50395951152744,STATIC,67.55492134702638,STATIC,91.3920903015058,STATIC,93.70796384739118,STATIC,122.22497361047424,STATIC,123.11290482801384,STATIC,171.3097991986901,122.46042504910498,HUNCH,UPRIGHT,161.9000863927016,LEFT_TILT,False,0.06119905544643337,0.0,0.08179989219143885,555.4231262207031,341.1200702190399,1.875,0.9992036819458008,False,,104.57384176869091,0.0,104.57384176869091,torso,True
14.666666666666666,352,27.541866451927675,EXTENSION,120.79584007209284,STATIC,88.13956042273682,STATIC,67.9182699891778,STATIC,91.37496184622802,STATIC,93.47861712549766,STATIC,124.57510149608814,STATIC,120.45196759892028,STATIC,171.2529244562556,122.37784861035843,HUNCH,UPRIGHT,160.91724103015773,LEFT_TILT,False,0.061382558643647944,0.0,0.08173228512671106,554.3281364440918,340.9115767478943,1.916666666666666,0.9991628229618073,False,,104.97256195809942,0.0,104.97256195809942,torso,True
14.708333333333332,353,26.949261207274017,STATIC,119.73407394047067,STATIC,88.01655451022485,STATIC,66.94005201451172,STATIC,91.21210993294277,STATIC,92.73983497593915,STATIC,126.15575921867874,STATIC,120.15240700027618,STATIC,171.9612758158516,120.58915092699236,HUNCH,UPRIGHT,161.68129829905445,LEFT_TILT,False,0.06535744238446144,0.0,0.0816782427414231,554.4474411010742,340.960693359375,1.9583333333333321,0.9991579055786133,False,,105.04317841673873,0.0,105.04317841673873,torso,True
14.75,354,29.143482176439957,STATIC,122.14143917526485,STATIC,88.59143282599268,STATIC,65.7853098133955,STATIC,91.74484461161603,STATIC,92.50636047369466,STATIC,127.17907281043372,STATIC,118.50960921344262,STATIC,173.46358881379157,117.20879249512964,HUNCH,UPRIGHT,163.07050083963074,LEFT_TILT,False,0.07286935001082302,0.0,0.08164926612059877,554.4216918945312,339.7134232521057,2.0,0.9991706609725952,False,,104.13064946661157,0.0,104.13064946661157,torso,True
14.791666666666666,355,24.26411961660817,STATIC,124.65325324191647,STATIC,87.96986287079768,STATIC,66.28701208764726,STATIC,89.38811027579209,STATIC,93.95702371571902,STATIC,124.24841505786993,STATIC,115.24014587413039,STATIC,168.54767260586672,118.5046186127151,HUNCH,UPRIGHT,163.1073360767521,LEFT_TILT,False,0.06998973641618866,0.0,0.0816110381543548,554.2142677307129,339.5673930644989,2.041666666666666,0.9992186725139618,False,,103.7145787325958,0.0,103.7145787325958,torso,True
14.833333333333332,356,16.176112944219604,FLEXION,120.72069543898621,STATIC,86.84474572638929,STATIC,68.33846375263447,STATIC,87.65915529114072,STATIC,94.94647378888682,STATIC,121.941236283494,STATIC,117.17198710379611,STATIC,157.29810947586958,127.20829504860005,HUNCH,UPRIGHT,163.91013546558702,LEFT_TILT,False,0.05064823322533322,0.0,0.08150985251733185,556.6290283203125,335.1958429813385,2.083333333333332,0.9992190301418304,False,,100.2153980888862,0.0,100.2153980888862,torso,True
14.875,357,55.11662224243086,EXTENSION,129.97942393286178,EXTENSION,87.47623560117577,STATIC,73.00483976914583,STATIC,89.56044540302902,STATIC,96.03753918923883,STATIC,125.53706665634347,STATIC,121.50991230935043,STATIC,166.01045667811601,117.152073158173,HUNCH,UPRIGHT,166.22785554044938,LEFT_TILT,False,0.07299539298183777,0.0,0.08148211812145077,557.9764366149902,335.4016864299774,2.125,0.9992646872997284,False,,99.9314606914759,0.0,99.9314606914759,torso,True
14.916666666666666,358,37.57959595742134,FLEXION,108.07687689610583,FLEXION,85.90872308359371,STATIC,81.30403878708191,EXTENSION,82.82120518007264,FLEXION,90.70320491551595,FLEXION,115.61514448269061,FLEXION,110.2109547136743,FLEXION,142.1897052851024,142.23188720386787,HUNCH,FORWARD_TILT,165.78096183082425,LEFT_TILT,False,0.03461868335784383,0.0,0.08132996411247803,557.3430824279785,336.333829164505,2.166666666666666,0.9991981685161591,False,,98.6337317134751,0.0,98.6337317134751,torso,True
14.958333333333332,359,54.858950720926735,EXTENSION,117.3854376839208,EXTENSION,86.94524220446056,STATIC,89.24361326936939,EXTENSION,81.9912395438372,STATIC,92.24748783800075,STATIC,117.46075922598787,STATIC,113.49796394681807,STATIC,140.23200052972038,147.4863653595118,HUNCH,FORWARD_TILT,169.02700858780034,LEFT_TILT,False,0.027292520246150698,0.0,0.0811550856533637,559.8231887817383,336.2784790992737,2.208333333333332,0.9992125034332275,False,,95.07187112091191,0.0,95.07187112091191,torso,True
15.0,360,46.99529208026109,FLEXION,125.86715805945374,EXTENSION,86.53000920055894,STATIC,95.42686754582495,EXTENSION,84.07431345303034,STATIC,93.04284509644688,STATIC,115.05454360465397,STATIC,113.47865203408955,STATIC,143.74719971823765,144.6382241701229,HUNCH,FORWARD_TILT,167.9226628271496,LEFT_TILT,False,0.025810169136976573,0.0,0.08097655366460116,559.2123031616211,336.70483231544495,2.25,0.9992493689060211,False,,95.77661087404937,0.0,95.77661087404937,torso,True
15.041666666666666,361,57.046008367296665,EXTENSION,129.2358304501264,STATIC,87.60321932630966,STATIC,89.9779686072078,FLEXION,83.38989285566804,STATIC,89.74263373930143,STATIC,108.32878083888778,FLEXION,112.12666849760227,STATIC,150.89547530613504,138.73628279343347,HUNCH,UPRIGHT,169.93249267820116,LEFT_TILT,False,0.19169714934792562,0.0,0.08133256844171796,558.350772857666,335.76207876205444,2.291666666666666,0.999233603477478,False,,95.01164864909698,0.0,95.01164864909698,torso,True
15.083333333333332,362,54.62508741048015,STATIC,96.5977632793584,FLEXION,87.82550682839955,STATIC,66.6403144100937,FLEXION,86.7254636630489,STATIC,91.15331396414973,STATIC,107.32603627149415,STATIC,109.13013326244102,STATIC,160.5296027381554,129.93386296092336,HUNCH,UPRIGHT,168.4173739783086,LEFT_TILT,False,0.21125808230905918,0.0,0.08174899637077995,556.0704040527344,336.0486352443695,2.333333333333332,0.9992678463459015,False,,97.16160210644297,0.0,97.16160210644297,torso,True
15.125,363,54.23459841660749,STATIC,77.16242683636281,FLEXION,87.63618258898232,STATIC,57.83023388222199,FLEXION,86.94448743688109,STATIC,92.37305402907045,STATIC,105.8559866888574,STATIC,110.46848793582966,STATIC,161.49073566961587,134.24024563648888,HUNCH,UPRIGHT,168.51649094633748,LEFT_TILT,False,0.2016883430300247,0.0,0.08213218917160821,556.1610984802246,336.23382568359375,2.375,0.9992932379245758,False,,97.34776678329689,0.0,97.34776678329689,torso,True
15.166666666666666,364,48.13418888509276,FLEXION,82.29410285800414,EXTENSION,87.16327708547657,STATIC,57.562499286527256,STATIC,88.93774996355921,STATIC,91.60883592606747,STATIC,104.2895831135917,STATIC,108.36547306513721,STATIC,169.42945408745473,131.49355918379047,HUNCH,UPRIGHT,166.9953851265995,LEFT_TILT,False,0.04112542403602119,0.0,0.08200159437818277,555.3900146484375,336.227205991745,2.416666666666666,0.9993147552013397,False,,97.64427298330185,0.0,97.64427298330185,torso,True
15.208333333333332,365,52.15283665634554,STATIC,80.8565471961538,STATIC,86.84597591783745,STATIC,59.52632498870778,STATIC,87.36753659618263,STATIC,90.6852190394611,STATIC,103.73546203227293,STATIC,104.68351982214797,STATIC,165.075467360756,132.93146281586402,HUNCH,UPRIGHT,167.4195235996599,LEFT_TILT,False,0.03793008263141329,0.0,0.08186168481708192,555.4709625244141,339.1298818588257,2.458333333333332,0.9993210136890411,False,,99.24332647209698,0.0,99.24332647209698,torso,True
15.25,366,53.43636857121224,STATIC,101.44266778030918,EXTENSION,87.84495475114218,STATIC,82.78849522432638,EXTENSION,84.99833100062874,STATIC,85.62791792015024,FLEXION,102.20581759002513,STATIC,100.27715618082026,STATIC,152.63556527861263,143.74532107912847,HUNCH,UPRIGHT,168.2968152541156,LEFT_TILT,False,0.013899286490825613,0.0,0.08164661393630263,555.5894470214844,340.7413637638092,2.5,0.9992882907390594,False,,98.41741503246465,0.0,98.41741503246465,torso,True
15.291666666666666,367,56.4394404986605,STATIC,90.86559568030908,FLEXION,87.84383177441804,STATIC,74.95043733123103,FLEXION,84.02295551037201,STATIC,84.82513790696798,STATIC,99.37983228209787,STATIC,97.95372798967675,STATIC,155.29730710690842,141.39666921060524,HUNCH,UPRIGHT,11.228536803906062,RIGHT_TILT,False,0.18578517953198836,0.0,0.0819751267615256,555.7234954833984,341.0715866088867,2.541666666666666,0.999299556016922,False,,98.57726122131899,0.0,98.57726122131899,torso,True
15.333333333333332,368,55.57440939096639,STATIC,86.54291380968635,STATIC,88.28304369785941,STATIC,79.44691747415179,STATIC,83.06448249062078,STATIC,84.22863508794687,STATIC,95.3101315012184,STATIC,93.81205139396222,STATIC,150.94691824808447,146.9774049389494,HUNCH,UPRIGHT,11.702695503604147,RIGHT_TILT,False,0.0067168779134457735,0.0,0.08173846560162597,555.3151512145996,341.0594093799591,2.583333333333332,0.9992719292640686,False,,98.69938135776643,0.0,98.69938135776643,torso,True
15.375,369,39.630525863481424,FLEXION,89.54364379685485,STATIC,87.21923128905728,STATIC,75.59497599063565,STATIC,85.32811918051036,STATIC,83.21795181424511,STATIC,96.35933644246185,STATIC,90.57036822537906,STATIC,158.7151447018052,143.11325647659672,HUNCH,UPRIGHT,167.30484510184903,LEFT_TILT,False,0.015303874496451727,0.0,0.08153020669534017,554.8726463317871,340.87809205055237,2.625,0.9992826879024506,False,,99.22826087332146,0.0,99.22826087332146,torso,True
15.416666666666666,370,30.274522099572334,FLEXION,111.92104115535756,EXTENSION,87.52596142782971,STATIC,69.57127401661815,FLEXION,88.7787578579247,STATIC,85.10587800051312,STATIC,101.72698302321317,EXTENSION,89.80327140633976,STATIC,174.51684195672146,133.09703258049592,HUNCH,UPRIGHT,167.43677093670965,LEFT_TILT,False,0.20422881648778682,0.0,0.08191363985094156,553.7888717651367,340.98074555397034,2.666666666666666,0.9991815090179443,False,,99.19002800056255,0.0,99.19002800056255,torso,True
15.458333333333332,371,40.53266568400125,EXTENSION,111.50177538071829,STATIC,86.93937887875194,STATIC,76.35637904528755,EXTENSION,86.74872936663918,STATIC,83.33062163515372,STATIC,102.184517687475,STATIC,85.69484175239698,STATIC,168.5210316160477,137.97209176310147,HUNCH,UPRIGHT,168.41901981613896,LEFT_TILT,False,0.026728684970885614,0.0,0.08174172410365167,553.9896774291992,340.48856019973755,2.708333333333332,0.9991600215435028,False,,99.03640678958133,0.0,99.03640678958133,torso,True
15.5,372,29.14785344314573,FLEXION,112.7954529488152,STATIC,87.4515199151984,STATIC,72.1213228103644,STATIC,88.54536745615307,STATIC,84.12265766379109,STATIC,103.92877475119084,STATIC,85.76354874746559,STATIC,175.9890056183402,130.5337892200654,HUNCH,UPRIGHT,169.06623609430503,LEFT_TILT,False,0.043258246177632485,0.0,0.08162221019704913,553.1267356872559,342.7128732204437,2.75,0.9991243779659271,False,,100.93577556946624,0.0,100.93577556946624,torso,True
15.541666666666666,373,36.42762674034029,EXTENSION,110.90411009486317,STATIC,86.9688567143053,STATIC,84.97050171688771,EXTENSION,86.4379489518843,STATIC,83.44011784053805,STATIC,98.40831615607304,FLEXION,83.0488640772295,STATIC,159.33967653804226,145.0062190886583,HUNCH,UPRIGHT,166.52169528859721,LEFT_TILT,False,0.011097290914092653,0.0,0.08140386679369632,554.5390319824219,342.9417407512665,2.791666666666666,0.9991596341133118,False,,101.187461047901,0.0,101.187461047901,torso,True
15.583333333333332,374,39.750434459953986,STATIC,92.5540231360967,FLEXION,87.93806932275776,STATIC,46.058668485223876,FLEXION,93.7684545651476,EXTENSION,88.95816572015548,EXTENSION,113.37003930094468,EXTENSION,89.44831673398537,EXTENSION,161.52088015512405,117.61815905497978,HUNCH,UPRIGHT,2.455117957048246,UPRIGHT,False,0.23862631321115602,0.0,0.08188912125794774,553.1512641906738,338.8252258300781,2.833333333333332,0.9988650977611542,False,,96.4393890637208,0.0,96.4393890637208,torso,True
15.625,375,18.971112294196697,FLEXION,104.14905020156355,EXTENSION,87.98287301424416,STATIC,64.15720161089338,EXTENSION,89.52098686498633,STATIC,86.22162433924484,STATIC,109.83479559129286,STATIC,88.19589351598472,STATIC,178.9111196939046,129.36542674217392,HUNCH,UPRIGHT,5.74334748731884,UPRIGHT,False,0.04585460723961351,0.0,0.08177824583019902,555.3841018676758,339.1454601287842,2.875,0.9987325370311737,False,,97.26826878136995,0.0,97.26826878136995,torso,True
15.666666666666666,376,20.719081547207505,STATIC,108.68483617574282,STATIC,87.59341879844057,STATIC,72.2464363293633,EXTENSION,90.01618483262897,STATIC,86.08141860797647,STATIC,110.07447359782657,STATIC,88.8579581857604,STATIC,172.10408666349025,133.659406050884,HUNCH,UPRIGHT,6.483315517824576,UPRIGHT,False,0.03631243099803557,0.0,0.0816387801405298,557.5974655151367,339.1647934913635,2.916666666666666,0.9986984431743622,False,,96.4582143386144,0.0,96.4582143386144,torso,True
15.708333333333332,377,40.507431808356834,EXTENSION,87.36173133181767,FLEXION,88.03878345927522,STATIC,48.167821224913986,FLEXION,93.79114478034836,STATIC,87.89378684093722,STATIC,118.18284506725263,EXTENSION,91.25687287573078,STATIC,163.3297148546399,123.19485848098907,HUNCH,UPRIGHT,163.42353607783608,RIGHT_TILT,False,0.2262336478200243,0.0,0.08208096628022245,552.7357482910156,335.80156087875366,2.958333333333332,0.9983366131782532,False,,94.95075331565138,0.0,94.95075331565138,torso,True
15.75,378,21.215887714962108,FLEXION,91.52805247578178,STATIC,87.80033822549676,STATIC,72.15050955502839,EXTENSION,90.982723177263,STATIC,84.02931527119006,STATIC,113.8703884362939,STATIC,86.85503377350828,STATIC,169.5431092500079,133.1511401276431,HUNCH,UPRIGHT,9.205056269705292,UPRIGHT,False,0.03744191082745981,0.0,0.08194487159896402,555.3990173339844,338.34660172462463,3.0,0.9982447624206543,False,,96.4098646888574,0.0,96.4098646888574,torso,True
15.791666666666666,379,23.281909473537816,STATIC,108.37277177539322,EXTENSION,87.24134041625648,STATIC,79.0125247056527,EXTENSION,90.41133344499305,STATIC,84.8328124908504,STATIC,114.27330206851822,STATIC,88.59302522132015,STATIC,165.7055370347911,143.07416796312467,HUNCH,UPRIGHT,0.029467957136370772,UPRIGHT,False,0.015390737859722966,0.0,0.0817425793991487,557.0532989501953,340.8414423465729,3.041666666666666,0.9982211589813232,False,,97.5512394876723,0.0,97.5512394876723,torso,True
15.833333333333332,380,28.3625929028561,EXTENSION,109.82416689554076,STATIC,87.62382845888571,STATIC,75.94143494672812,STATIC,89.41832015213826,STATIC,85.22630937789474,STATIC,114.85505495397877,STATIC,90.18150652263327,STATIC,169.54256460094066,145.86110597081083,HUNCH,UPRIGHT,1.6211717812399646,UPRIGHT,False,0.00919754228708706,0.0,0.08152274595335457,557.0892715454102,343.29238057136536,3.083333333333332,0.9981990158557892,False,,96.08000925981844,0.0,96.08000925981844,torso,True
15.875,381,20.362032328329413,FLEXION,106.88785775220808,STATIC,87.19462198027493,STATIC,76.03197382032654,STATIC,89.23588146416212,STATIC,84.31945539102995,STATIC,116.37533199217594,STATIC,88.51853764099934,STATIC,167.31684853410178,143.8959720340325,HUNCH,UPRIGHT,6.917712040080982,UPRIGHT,False,0.01356450659103888,0.0,0.08131743405195785,553.1667900085449,341.71245217323303,3.125,0.9980362057685852,False,,96.41459614956625,0.0,96.41459614956625,torso,True
15.916666666666666,382,29.11177205505198,EXTENSION,112.93516701599522,EXTENSION,87.08867962945918,STATIC,77.60283535879735,STATIC,89.03020523210148,STATIC,83.70718239453271,STATIC,118.459175438878,STATIC,87.69814629765447,STATIC,168.7595468700158,149.07766916215832,HUNCH,UPRIGHT,8.84771523952889,UPRIGHT,False,0.0020496240840926308,0.0,0.08107867558819921,555.421199798584,344.259295463562,3.166666666666666,0.9980272948741913,False,,95.27121600039591,0.0,95.27121600039591,torso,True
15.958333333333332,383,33.19288237217655,STATIC,110.33202131403254,STATIC,87.81184866435093,STATIC,74.30099890967,STATIC,88.56281371610017,STATIC,83.06108305284457,STATIC,113.53614930946102,STATIC,84.7879558718443,STATIC,172.20969207745287,139.75934694323948,HUNCH,UPRIGHT,5.894228986765592,UPRIGHT,False,0.022757006792801165,0.0,0.0809035354416665,554.4893455505371,344.23606753349304,3.208333333333332,0.9980176389217377,False,,97.54550347897543,0.0,97.54550347897543,torso,True
16.0,384,41.782898548258835,EXTENSION,96.55491670636904,FLEXION,87.39739707936614,STATIC,66.50682077371071,FLEXION,89.18388271223033,STATIC,83.85346038288614,STATIC,111.80686378933966,STATIC,83.8913542155695,STATIC,173.04441556816855,135.37939521037256,HUNCH,UPRIGHT,9.750784888488434,UPRIGHT,False,0.1991568995325054,0.0,0.0812575874299624,553.7819480895996,340.88749051094055,3.25,0.9979441165924072,False,,101.46990035700951,0.0,101.46990035700951,torso,True
16.041666666666664,385,30.29928324425288,FLEXION,94.0308125228208,STATIC,88.231738594189,STATIC,57.75842442090364,FLEXION,90.2718519247534,STATIC,85.90398826288099,STATIC,114.35104968531462,STATIC,83.40387791717099,STATIC,178.05338323033033,134.20202272622075,HUNCH,UPRIGHT,5.650750981186546,UPRIGHT,False,0.20177328283062057,0.0,0.081617335774442,553.7164115905762,339.41348791122437,3.2916666666666643,0.9977645576000214,False,,100.20541289230407,0.0,100.20541289230407,torso,True
16.083333333333332,386,46.73642649325156,EXTENSION,96.87514794119022,STATIC,87.76002562494084,STATIC,50.40133593265731,FLEXION,91.9451275531376,STATIC,86.77262128710012,STATIC,119.22076799973668,STATIC,84.08932477542048,STATIC,168.00367761058703,123.55044388602981,HUNCH,UPRIGHT,1.7263201225811322,UPRIGHT,False,0.22544345803104485,0.0,0.0820453897097295,549.748420715332,338.0858051776886,3.333333333333332,0.9976827800273895,False,,99.11220702997493,0.0,99.11220702997493,torso,True
16.125,387,31.776108600496535,FLEXION,99.78988321659997,STATIC,88.41997645914664,STATIC,52.48857258407167,STATIC,92.28313915024849,STATIC,86.63300301163952,STATIC,120.8160815496033,STATIC,80.82444790020905,STATIC,167.82353822591853,121.83411471003598,HUNCH,UPRIGHT,173.9849687079295,LEFT_TILT,False,0.06259085619992004,0.0,0.08198766112364698,550.1821327209473,337.97119975090027,3.375,0.9975436329841614,False,,100.4963663245009,0.0,100.4963663245009,torso,True
