start_frame,start_time,end_frame,end_time,duration
1354,1742888533.614663,1354,1742888533.6684449,0.053781986236572266
