timestamp,frame,right_elbow_angle,right_elbow_movement,left_elbow_angle,left_elbow_movement,right_shoulder_angle,right_shoulder_movement,left_shoulder_angle,left_shoulder_movement,right_hip_angle,right_hip_movement,left_hip_angle,left_hip_movement,right_knee_angle,right_knee_movement,left_knee_angle,left_knee_movement
0.0,0,,NONE,,NONE,,NONE,,NONE,,NONE,,NONE,,NONE,,NONE
0.03206666666666667,1,,NONE,,NONE,,NONE,,NONE,,NONE,,NONE,,NONE,,NONE
0.06413333333333333,2,,NONE,,NONE,,NONE,,NONE,,NONE,,NONE,,NONE,,NONE
0.09596666666666667,3,,NONE,,NONE,,NONE,,NONE,,NONE,,NONE,,NONE,,NONE
0.12806666666666666,4,,NONE,,NONE,,NONE,,NONE,,NONE,,NONE,,NONE,,NONE
0.17583333333333334,5,,NONE,,NONE,,NONE,,NONE,,NONE,,NONE,,NONE,,NONE
0.20786666666666667,6,,NONE,,NONE,,NONE,,NONE,,NONE,,NONE,,NONE,,NONE
0.23983333333333334,7,,NONE,,NONE,,NONE,,NONE,,NONE,,NONE,,NONE,,NONE
0.27190000000000003,8,,NONE,,NONE,,NONE,,NONE,,NONE,,NONE,,NONE,,NONE
0.3039,9,,NONE,,NONE,,NONE,,NONE,,NONE,,NONE,,NONE,,NONE
0.3360666666666667,10,,NONE,,NONE,,NONE,,NONE,,NONE,,NONE,,NONE,,NONE
0.36810000000000004,11,,NONE,,NONE,,NONE,,NONE,,NONE,,NONE,,NONE,,NONE
0.4000666666666667,12,,NONE,,NONE,,NONE,,NONE,,NONE,,NONE,,NONE,,NONE
0.43210000000000004,13,,NONE,,NONE,,NONE,,NONE,,NONE,,NONE,,NONE,,NONE
0.4640666666666667,14,,NONE,,NONE,,NONE,,NONE,,NONE,,NONE,,NONE,,NONE
0.4960666666666667,15,,NONE,,NONE,,NONE,,NONE,,NONE,,NONE,,NONE,,NONE
0.5282,16,,NONE,,NONE,,NONE,,NONE,,NONE,,NONE,,NONE,,NONE
0.5601333333333334,17,,NONE,,NONE,,NONE,,NONE,,NONE,,NONE,,NONE,,NONE
0.6079666666666667,18,,NONE,,NONE,,NONE,,NONE,,NONE,,NONE,,NONE,,NONE
0.6398666666666667,19,,NONE,,NONE,,NONE,,NONE,,NONE,,NONE,,NONE,,NONE
0.6719,20,,NONE,,NONE,,NONE,,NONE,,NONE,,NONE,,NONE,,NONE
0.7038666666666668,21,,NONE,,NONE,,NONE,,NONE,,NONE,,NONE,,NONE,,NONE
0.7358,22,,NONE,,NONE,,NONE,,NONE,,NONE,,NONE,,NONE,,NONE
0.7679666666666667,23,,NONE,,NONE,,NONE,,NONE,,NONE,,NONE,,NONE,,NONE
0.7999333333333334,24,,NONE,,NONE,,NONE,,NONE,,NONE,,NONE,,NONE,,NONE
0.8320666666666667,25,,NONE,,NONE,,NONE,,NONE,,NONE,,NONE,,NONE,,NONE
0.8640666666666668,26,,NONE,,NONE,,NONE,,NONE,,NONE,,NONE,,NONE,,NONE
0.8960333333333333,27,,NONE,,NONE,,NONE,,NONE,,NONE,,NONE,,NONE,,NONE
0.9280333333333334,28,,NONE,,NONE,,NONE,,NONE,,NONE,,NONE,,NONE,,NONE
0.9603,29,,NONE,,NONE,,NONE,,NONE,,NONE,,NONE,,NONE,,NONE
1.0078,30,,NONE,,NONE,,NONE,,NONE,,NONE,,NONE,,NONE,,NONE
1.0399,31,,NONE,,NONE,,NONE,,NONE,,NONE,,NONE,,NONE,,NONE
1.0719,32,,NONE,,NONE,,NONE,,NONE,,NONE,,NONE,,NONE,,NONE
1.1038666666666668,33,,NONE,,NONE,,NONE,,NONE,,NONE,,NONE,,NONE,,NONE
1.1358666666666668,34,,NONE,,NONE,,NONE,,NONE,,NONE,,NONE,,NONE,,NONE
1.1678666666666668,35,,NONE,,NONE,,NONE,,NONE,,NONE,,NONE,,NONE,,NONE
1.2319,36,,NONE,,NONE,,NONE,,NONE,,NONE,,NONE,,NONE,,NONE
1.2640333333333333,37,,NONE,,NONE,,NONE,,NONE,,NONE,,NONE,,NONE,,NONE
1.2961,38,,NONE,,NONE,,NONE,,NONE,,NONE,,NONE,,NONE,,NONE
1.3284666666666667,39,,NONE,,NONE,,NONE,,NONE,,NONE,,NONE,,NONE,,NONE
1.3601,40,,NONE,,NONE,,NONE,,NONE,,NONE,,NONE,,NONE,,NONE
1.3921333333333334,41,,NONE,,NONE,,NONE,,NONE,,NONE,,NONE,,NONE,,NONE
1.4241000000000001,42,,NONE,,NONE,,NONE,,NONE,,NONE,,NONE,,NONE,,NONE
1.4718666666666667,43,,NONE,,NONE,,NONE,,NONE,,NONE,,NONE,,NONE,,NONE
1.5038333333333334,44,83.83,NONE,140.17,NONE,40.90,NONE,41.25,NONE,96.03,NONE,102.63,NONE,140.76,NONE,143.68,NONE
1.5358333333333334,45,,NONE,,NONE,,NONE,,NONE,,NONE,,NONE,,NONE,,NONE
1.5680666666666665,46,,NONE,,NONE,,NONE,,NONE,,NONE,,NONE,,NONE,,NONE
1.6000333333333336,47,,NONE,,NONE,,NONE,,NONE,,NONE,,NONE,,NONE,,NONE
1.6320666666666668,48,,NONE,,NONE,,NONE,,NONE,,NONE,,NONE,,NONE,,NONE
1.6640333333333335,49,,NONE,,NONE,,NONE,,NONE,,NONE,,NONE,,NONE,,NONE
1.6962000000000002,50,,NONE,,NONE,,NONE,,NONE,,NONE,,NONE,,NONE,,NONE
1.7284666666666668,51,,NONE,,NONE,,NONE,,NONE,,NONE,,NONE,,NONE,,NONE
1.7601,52,,NONE,,NONE,,NONE,,NONE,,NONE,,NONE,,NONE,,NONE
1.8079,53,,NONE,,NONE,,NONE,,NONE,,NONE,,NONE,,NONE,,NONE
1.8398333333333334,54,,NONE,,NONE,,NONE,,NONE,,NONE,,NONE,,NONE,,NONE
1.8719000000000001,55,,NONE,,NONE,,NONE,,NONE,,NONE,,NONE,,NONE,,NONE
1.9038333333333335,56,166.01,NONE,169.67,NONE,25.47,NONE,24.48,NONE,176.81,NONE,177.33,NONE,171.54,NONE,164.21,NONE
1.9358666666666668,57,165.09,EXTENSION,166.68,EXTENSION,29.30,FLEXION,26.33,FLEXION,162.53,EXTENSION,165.75,EXTENSION,168.20,EXTENSION,171.52,EXTENSION
1.9678666666666667,58,166.91,EXTENSION,168.95,EXTENSION,27.44,FLEXION,25.86,FLEXION,158.03,EXTENSION,164.37,EXTENSION,164.58,EXTENSION,172.80,EXTENSION
2.0,59,176.86,EXTENSION,167.62,EXTENSION,29.88,NONE,27.24,FLEXION,152.83,EXTENSION,159.85,EXTENSION,162.57,NONE,175.29,EXTENSION
2.064,60,176.16,EXTENSION,171.77,EXTENSION,28.20,FLEXION,27.43,NONE,143.99,FLEXION,143.53,FLEXION,162.00,NONE,165.60,NONE
2.0961000000000003,61,176.93,EXTENSION,171.83,EXTENSION,32.14,EXTENSION,29.13,EXTENSION,145.47,FLEXION,143.22,FLEXION,162.14,FLEXION,164.16,FLEXION
2.1281,62,174.36,NONE,168.73,NONE,27.89,NONE,29.78,EXTENSION,147.40,FLEXION,145.60,FLEXION,166.49,EXTENSION,167.63,FLEXION
2.1601333333333335,63,172.34,NONE,168.74,NONE,23.13,FLEXION,29.83,NONE,144.35,FLEXION,144.38,FLEXION,165.69,EXTENSION,164.42,FLEXION
2.1920666666666664,64,164.32,FLEXION,168.11,NONE,19.47,FLEXION,30.59,NONE,144.19,FLEXION,146.39,NONE,166.36,EXTENSION,167.82,NONE
2.367866666666667,65,143.60,FLEXION,161.24,FLEXION,12.13,FLEXION,22.49,FLEXION,144.24,NONE,148.29,EXTENSION,165.59,NONE,167.19,NONE
2.4002000000000003,66,141.41,FLEXION,159.17,FLEXION,14.83,FLEXION,23.89,FLEXION,141.33,FLEXION,146.89,NONE,168.78,EXTENSION,172.96,EXTENSION
2.4320333333333335,67,143.26,FLEXION,160.02,FLEXION,14.04,FLEXION,22.37,FLEXION,145.10,NONE,148.79,EXTENSION,165.67,NONE,167.76,NONE
2.4640333333333335,68,146.18,FLEXION,161.62,NONE,10.54,FLEXION,24.91,NONE,145.32,NONE,149.24,EXTENSION,167.72,NONE,168.05,NONE
2.496366666666667,69,140.79,FLEXION,160.27,NONE,11.53,FLEXION,23.01,NONE,144.44,NONE,146.31,NONE,172.17,EXTENSION,168.61,NONE
2.528166666666667,70,146.45,EXTENSION,167.84,EXTENSION,10.78,NONE,20.16,FLEXION,145.65,NONE,148.53,NONE,168.83,NONE,169.56,NONE
2.6078,71,142.64,NONE,168.40,EXTENSION,9.19,FLEXION,11.31,FLEXION,142.42,NONE,140.86,FLEXION,168.40,NONE,170.35,NONE
2.639833333333333,72,144.40,NONE,170.88,EXTENSION,10.04,NONE,10.70,FLEXION,140.94,FLEXION,135.59,FLEXION,168.59,NONE,170.39,NONE
2.6719,73,146.04,NONE,163.39,FLEXION,11.09,NONE,8.23,FLEXION,143.62,NONE,135.35,FLEXION,167.12,FLEXION,166.36,FLEXION
2.703866666666667,74,147.28,EXTENSION,157.51,FLEXION,9.82,NONE,7.95,FLEXION,145.13,NONE,141.35,NONE,161.02,FLEXION,166.21,FLEXION
2.735866666666667,75,152.61,EXTENSION,137.75,FLEXION,13.11,EXTENSION,14.10,EXTENSION,153.16,EXTENSION,161.66,EXTENSION,164.41,FLEXION,172.17,EXTENSION
2.7678333333333334,76,157.28,EXTENSION,146.02,FLEXION,15.83,EXTENSION,9.89,NONE,159.62,EXTENSION,171.31,EXTENSION,164.02,NONE,173.12,EXTENSION
2.800066666666667,77,158.66,EXTENSION,143.44,FLEXION,18.10,EXTENSION,19.23,EXTENSION,155.74,EXTENSION,167.48,EXTENSION,168.70,EXTENSION,174.36,EXTENSION
2.832066666666667,78,156.99,EXTENSION,139.67,FLEXION,16.28,EXTENSION,30.43,EXTENSION,155.35,EXTENSION,169.34,EXTENSION,176.39,EXTENSION,175.08,EXTENSION
2.8640333333333334,79,157.54,EXTENSION,135.11,FLEXION,15.62,NONE,36.50,EXTENSION,157.74,EXTENSION,173.89,EXTENSION,174.15,EXTENSION,174.53,EXTENSION
2.8963,80,163.38,EXTENSION,144.46,EXTENSION,20.12,EXTENSION,32.92,EXTENSION,161.34,EXTENSION,172.91,EXTENSION,173.54,EXTENSION,172.31,NONE
2.9281,81,161.49,EXTENSION,145.20,EXTENSION,21.30,EXTENSION,35.05,EXTENSION,158.68,NONE,172.61,NONE,175.79,EXTENSION,173.72,NONE
2.9758666666666667,82,159.69,NONE,157.79,EXTENSION,23.46,EXTENSION,30.83,NONE,160.12,EXTENSION,173.00,NONE,172.11,NONE,171.41,FLEXION
3.0078333333333336,83,160.59,NONE,155.54,EXTENSION,25.28,EXTENSION,23.78,FLEXION,159.27,NONE,171.77,NONE,170.28,FLEXION,170.54,FLEXION
3.0398333333333336,84,156.84,FLEXION,158.46,EXTENSION,25.70,EXTENSION,9.37,FLEXION,161.30,NONE,170.78,FLEXION,169.12,FLEXION,168.45,FLEXION
3.0718666666666667,85,157.28,FLEXION,154.21,NONE,27.20,EXTENSION,7.84,FLEXION,159.81,NONE,172.80,NONE,168.59,FLEXION,170.91,NONE
3.1039000000000003,86,158.08,NONE,158.96,EXTENSION,25.80,NONE,8.04,FLEXION,159.55,NONE,172.51,NONE,168.43,FLEXION,170.64,NONE
3.1359000000000004,87,162.45,EXTENSION,163.38,EXTENSION,23.48,FLEXION,7.10,FLEXION,157.02,FLEXION,164.18,FLEXION,172.41,EXTENSION,173.02,EXTENSION
3.167866666666667,88,162.79,EXTENSION,164.61,EXTENSION,20.50,FLEXION,9.21,FLEXION,153.72,FLEXION,157.80,FLEXION,173.82,EXTENSION,175.27,EXTENSION
3.1999,89,162.84,EXTENSION,167.74,EXTENSION,19.18,FLEXION,9.65,NONE,154.48,FLEXION,155.82,FLEXION,173.15,EXTENSION,175.91,EXTENSION
3.2321,90,159.66,NONE,167.39,EXTENSION,15.32,FLEXION,13.33,EXTENSION,157.05,NONE,160.72,FLEXION,175.71,EXTENSION,175.23,EXTENSION
3.264066666666667,91,154.86,FLEXION,167.30,EXTENSION,14.11,FLEXION,17.18,EXTENSION,160.57,EXTENSION,159.39,FLEXION,175.18,EXTENSION,174.55,NONE
3.2960333333333334,92,150.83,FLEXION,174.47,EXTENSION,16.09,FLEXION,22.17,EXTENSION,156.08,NONE,153.80,FLEXION,178.85,EXTENSION,173.21,NONE
3.3281,93,149.90,FLEXION,179.51,EXTENSION,12.94,FLEXION,19.74,EXTENSION,152.35,FLEXION,153.39,FLEXION,176.48,NONE,174.50,NONE
3.3601,94,142.80,FLEXION,169.27,FLEXION,14.85,NONE,26.18,EXTENSION,156.58,NONE,150.38,FLEXION,179.06,EXTENSION,176.94,EXTENSION
3.4079333333333337,95,138.56,FLEXION,172.14,NONE,21.61,EXTENSION,25.73,EXTENSION,162.07,EXTENSION,146.60,FLEXION,175.55,NONE,174.43,NONE
3.4399333333333333,96,135.49,FLEXION,164.47,FLEXION,26.81,EXTENSION,29.97,EXTENSION,158.56,NONE,146.22,FLEXION,176.72,NONE,173.21,NONE
3.4719333333333333,97,132.17,FLEXION,170.52,NONE,33.57,EXTENSION,30.69,EXTENSION,154.70,FLEXION,141.55,FLEXION,176.76,NONE,172.55,NONE
3.5038666666666667,98,128.63,FLEXION,168.34,FLEXION,32.05,EXTENSION,31.59,EXTENSION,155.00,NONE,142.83,FLEXION,172.68,FLEXION,169.34,FLEXION
3.5358666666666667,99,130.39,FLEXION,162.13,FLEXION,28.73,EXTENSION,30.10,NONE,155.38,FLEXION,146.95,NONE,174.36,NONE,161.72,FLEXION
3.5678666666666667,100,129.77,FLEXION,168.39,NONE,29.39,NONE,29.63,NONE,147.92,FLEXION,145.58,NONE,170.76,FLEXION,165.59,FLEXION
3.6318333333333337,101,136.22,EXTENSION,178.63,EXTENSION,24.89,FLEXION,23.52,FLEXION,148.75,FLEXION,144.01,NONE,165.58,FLEXION,153.43,FLEXION
3.664,102,132.96,NONE,175.91,EXTENSION,14.57,FLEXION,17.35,FLEXION,160.74,EXTENSION,162.40,EXTENSION,146.77,FLEXION,143.24,FLEXION
3.6964,103,150.45,EXTENSION,178.90,EXTENSION,12.93,FLEXION,13.59,FLEXION,162.31,EXTENSION,170.34,EXTENSION,145.29,FLEXION,151.37,FLEXION
3.7280333333333333,104,142.63,EXTENSION,176.27,EXTENSION,13.96,FLEXION,9.16,FLEXION,159.99,EXTENSION,168.44,EXTENSION,146.28,FLEXION,156.65,NONE
3.7600333333333333,105,148.21,EXTENSION,173.79,NONE,17.30,NONE,9.53,FLEXION,157.45,NONE,166.07,EXTENSION,138.68,FLEXION,148.11,FLEXION
3.792066666666667,106,139.43,FLEXION,169.08,FLEXION,15.78,NONE,9.12,FLEXION,158.93,NONE,168.79,EXTENSION,145.48,FLEXION,154.41,EXTENSION
3.8242000000000003,107,142.89,NONE,172.05,FLEXION,16.59,NONE,7.70,FLEXION,158.84,NONE,176.76,EXTENSION,159.69,EXTENSION,170.51,EXTENSION
3.8718666666666666,108,143.71,NONE,167.92,FLEXION,15.74,NONE,6.69,FLEXION,159.36,NONE,174.94,EXTENSION,157.90,EXTENSION,168.37,EXTENSION
3.903866666666667,109,146.96,EXTENSION,165.35,FLEXION,18.45,EXTENSION,8.53,NONE,159.45,NONE,173.66,EXTENSION,156.44,EXTENSION,170.58,EXTENSION
3.9359,110,149.78,EXTENSION,159.43,FLEXION,20.39,EXTENSION,13.19,EXTENSION,160.75,NONE,171.98,NONE,157.23,EXTENSION,173.30,EXTENSION
3.9678666666666667,111,148.19,EXTENSION,156.34,FLEXION,20.91,EXTENSION,17.89,EXTENSION,160.38,NONE,172.80,NONE,157.74,EXTENSION,172.40,EXTENSION
3.9998666666666667,112,151.71,EXTENSION,154.09,FLEXION,19.80,NONE,21.38,EXTENSION,158.43,NONE,170.98,FLEXION,149.15,FLEXION,165.26,FLEXION
4.031866666666667,113,151.56,EXTENSION,150.89,FLEXION,19.67,NONE,23.63,EXTENSION,157.95,NONE,170.93,NONE,146.29,FLEXION,166.50,FLEXION
4.064066666666667,114,151.86,EXTENSION,153.71,FLEXION,20.90,NONE,23.04,EXTENSION,156.11,FLEXION,170.34,NONE,145.75,FLEXION,164.58,FLEXION
4.0961,115,152.29,NONE,156.68,NONE,21.22,NONE,19.66,NONE,158.14,NONE,159.37,FLEXION,135.49,FLEXION,149.29,FLEXION
4.1282000000000005,116,151.77,NONE,156.53,EXTENSION,22.30,NONE,16.34,FLEXION,147.91,FLEXION,147.83,FLEXION,141.94,FLEXION,146.83,FLEXION
4.160100000000001,117,155.34,EXTENSION,158.70,EXTENSION,21.48,NONE,11.15,FLEXION,153.49,FLEXION,147.92,FLEXION,165.50,EXTENSION,171.60,EXTENSION
4.1921,118,159.20,EXTENSION,163.05,EXTENSION,22.30,NONE,13.16,FLEXION,147.63,FLEXION,148.70,FLEXION,173.23,EXTENSION,174.65,EXTENSION
4.224033333333334,119,150.20,FLEXION,170.75,EXTENSION,19.06,FLEXION,9.87,FLEXION,149.20,FLEXION,140.52,FLEXION,174.52,EXTENSION,175.85,EXTENSION
4.256033333333334,120,152.38,NONE,170.70,EXTENSION,17.49,FLEXION,7.36,FLEXION,146.48,FLEXION,139.31,FLEXION,173.13,EXTENSION,176.96,EXTENSION
4.2881,121,152.41,NONE,168.94,EXTENSION,17.38,FLEXION,7.90,FLEXION,144.71,FLEXION,137.02,FLEXION,173.28,EXTENSION,175.52,EXTENSION
4.335833333333333,122,147.88,FLEXION,175.98,EXTENSION,17.89,NONE,10.39,NONE,147.58,NONE,135.12,FLEXION,172.08,NONE,175.69,NONE
4.3678333333333335,123,147.54,FLEXION,172.31,EXTENSION,17.47,NONE,10.54,NONE,151.28,EXTENSION,135.37,FLEXION,169.73,FLEXION,175.06,NONE
4.399900000000001,124,143.04,FLEXION,168.87,FLEXION,20.77,EXTENSION,13.50,EXTENSION,155.18,EXTENSION,142.96,EXTENSION,164.82,FLEXION,175.48,NONE
4.4318333333333335,125,141.15,FLEXION,169.58,NONE,24.41,EXTENSION,16.01,EXTENSION,164.26,EXTENSION,154.87,EXTENSION,154.78,FLEXION,161.50,FLEXION
4.463866666666667,126,138.37,FLEXION,160.71,FLEXION,26.79,EXTENSION,16.57,EXTENSION,168.10,EXTENSION,165.31,EXTENSION,148.73,FLEXION,152.74,FLEXION
4.4961,127,144.44,NONE,161.76,FLEXION,25.61,EXTENSION,16.90,EXTENSION,167.72,EXTENSION,158.38,EXTENSION,147.62,FLEXION,159.19,FLEXION
4.527966666666667,128,146.17,EXTENSION,165.39,NONE,23.65,NONE,12.95,NONE,145.82,FLEXION,141.52,FLEXION,165.54,EXTENSION,174.94,EXTENSION
4.623833333333334,129,140.64,NONE,178.06,EXTENSION,18.55,FLEXION,11.18,FLEXION,148.02,FLEXION,139.40,FLEXION,167.44,EXTENSION,171.87,EXTENSION
4.656033333333333,130,138.26,FLEXION,173.24,EXTENSION,18.15,FLEXION,11.49,FLEXION,146.14,FLEXION,141.80,FLEXION,168.07,EXTENSION,171.25,EXTENSION
4.688066666666667,131,137.64,FLEXION,169.74,NONE,18.71,FLEXION,11.82,FLEXION,145.67,FLEXION,142.32,FLEXION,165.83,EXTENSION,169.28,EXTENSION
4.720133333333334,132,134.46,FLEXION,167.86,NONE,18.93,FLEXION,14.27,NONE,152.23,NONE,159.86,EXTENSION,163.87,NONE,175.56,EXTENSION
4.7678666666666665,133,131.25,FLEXION,170.51,NONE,19.41,NONE,14.35,EXTENSION,142.62,FLEXION,153.18,EXTENSION,167.22,NONE,178.14,EXTENSION
4.7999,134,132.12,FLEXION,172.13,NONE,19.77,NONE,17.42,EXTENSION,141.61,FLEXION,155.51,EXTENSION,166.90,NONE,173.62,NONE
4.831899999999999,135,134.80,NONE,171.63,NONE,20.06,NONE,22.50,EXTENSION,135.24,FLEXION,150.33,NONE,169.68,EXTENSION,172.26,NONE
4.863866666666667,136,139.68,EXTENSION,167.44,FLEXION,20.77,NONE,28.33,EXTENSION,131.13,FLEXION,145.07,FLEXION,174.37,EXTENSION,173.15,NONE
4.927866666666667,137,138.28,EXTENSION,166.95,FLEXION,22.47,EXTENSION,26.06,EXTENSION,133.63,FLEXION,148.51,FLEXION,170.30,NONE,171.74,FLEXION
4.960100000000001,138,138.14,EXTENSION,164.25,FLEXION,23.57,EXTENSION,28.75,EXTENSION,131.91,FLEXION,152.30,NONE,171.16,NONE,172.09,NONE
4.992100000000001,139,141.10,EXTENSION,164.79,FLEXION,23.87,EXTENSION,31.88,EXTENSION,126.41,FLEXION,153.57,EXTENSION,171.96,NONE,167.80,FLEXION
5.024133333333333,140,142.44,EXTENSION,167.48,NONE,23.05,NONE,31.26,EXTENSION,126.05,FLEXION,154.47,EXTENSION,177.30,EXTENSION,175.13,EXTENSION
5.056133333333333,141,141.91,NONE,167.54,NONE,23.57,NONE,31.64,EXTENSION,134.13,EXTENSION,153.63,EXTENSION,170.90,FLEXION,172.02,NONE
5.0881,142,142.39,EXTENSION,167.18,NONE,24.72,NONE,30.99,NONE,124.82,FLEXION,152.58,NONE,166.22,FLEXION,169.93,NONE
5.1201,143,153.12,EXTENSION,169.96,EXTENSION,25.43,NONE,30.81,NONE,125.42,FLEXION,148.94,FLEXION,165.40,FLEXION,169.19,FLEXION
5.152166666666667,144,143.66,NONE,169.73,EXTENSION,25.27,NONE,29.25,FLEXION,130.17,EXTENSION,149.53,FLEXION,156.79,FLEXION,156.31,FLEXION
5.199866666666667,145,144.64,NONE,170.89,EXTENSION,26.54,EXTENSION,28.37,FLEXION,133.57,EXTENSION,145.31,FLEXION,148.01,FLEXION,154.33,FLEXION
5.231933333333334,146,145.15,NONE,170.10,NONE,27.68,EXTENSION,25.66,FLEXION,130.47,NONE,137.61,FLEXION,159.01,FLEXION,154.72,FLEXION
5.263866666666667,147,149.35,EXTENSION,170.80,NONE,27.61,NONE,26.91,FLEXION,130.94,EXTENSION,137.18,FLEXION,150.16,FLEXION,144.54,FLEXION
5.295933333333333,148,148.18,NONE,170.96,NONE,25.88,NONE,28.55,NONE,131.21,NONE,149.49,EXTENSION,147.69,FLEXION,152.84,FLEXION
5.327933333333333,149,146.75,NONE,170.63,NONE,24.74,NONE,29.11,NONE,131.36,NONE,153.22,EXTENSION,152.36,NONE,156.48,EXTENSION
5.3601,150,147.55,NONE,169.14,NONE,24.48,FLEXION,29.16,NONE,134.64,EXTENSION,151.10,EXTENSION,151.42,NONE,153.72,NONE
5.3921,151,149.25,NONE,168.19,FLEXION,24.86,NONE,25.88,FLEXION,130.91,NONE,147.21,NONE,167.72,EXTENSION,161.70,EXTENSION
5.424033333333334,152,153.35,EXTENSION,164.70,FLEXION,24.90,NONE,25.11,FLEXION,129.61,FLEXION,145.35,FLEXION,157.68,EXTENSION,154.86,NONE
5.4561,153,153.68,EXTENSION,164.28,FLEXION,24.97,NONE,23.41,FLEXION,128.65,FLEXION,145.64,FLEXION,155.60,NONE,155.84,NONE
5.5519,154,148.79,NONE,164.62,FLEXION,24.83,NONE,23.47,FLEXION,125.63,FLEXION,150.57,EXTENSION,164.07,EXTENSION,161.90,EXTENSION
5.5841,155,146.00,FLEXION,163.94,FLEXION,24.89,NONE,24.24,NONE,123.33,FLEXION,152.83,EXTENSION,162.68,EXTENSION,162.43,EXTENSION
5.6319,156,143.90,FLEXION,164.40,NONE,24.96,NONE,24.79,NONE,122.95,FLEXION,153.25,EXTENSION,163.65,EXTENSION,163.62,EXTENSION
5.663866666666667,157,144.94,FLEXION,166.27,NONE,25.01,NONE,26.30,EXTENSION,125.95,NONE,150.75,NONE,163.33,EXTENSION,160.69,NONE
5.695833333333334,158,147.35,NONE,166.19,NONE,24.90,NONE,26.88,EXTENSION,130.25,EXTENSION,146.49,FLEXION,153.30,FLEXION,153.17,FLEXION
5.7279,159,145.19,NONE,166.62,NONE,24.82,NONE,27.44,EXTENSION,132.26,EXTENSION,143.80,FLEXION,150.99,FLEXION,146.73,FLEXION
5.7919,160,143.85,NONE,166.33,NONE,25.22,NONE,26.84,NONE,134.76,EXTENSION,140.80,FLEXION,149.68,FLEXION,145.23,FLEXION
5.824066666666667,161,144.15,NONE,165.55,NONE,25.16,NONE,27.39,NONE,132.94,EXTENSION,143.59,FLEXION,154.41,NONE,150.98,FLEXION
5.8561000000000005,162,145.05,NONE,165.13,NONE,25.24,NONE,27.89,NONE,132.82,NONE,143.13,NONE,155.90,NONE,153.92,EXTENSION
5.888133333333333,163,144.76,NONE,165.31,NONE,25.08,NONE,29.73,EXTENSION,131.50,NONE,145.57,EXTENSION,159.55,EXTENSION,159.50,EXTENSION
5.920100000000001,164,145.29,NONE,165.45,NONE,25.03,NONE,29.45,NONE,128.52,FLEXION,145.59,EXTENSION,161.95,EXTENSION,158.90,EXTENSION
5.952100000000001,165,144.06,NONE,165.19,NONE,24.91,NONE,29.23,NONE,131.14,NONE,146.67,EXTENSION,152.57,FLEXION,150.37,FLEXION
5.9842,166,143.41,NONE,164.37,NONE,24.53,NONE,28.74,NONE,130.36,NONE,150.81,EXTENSION,152.75,FLEXION,151.62,FLEXION
6.016533333333333,167,143.21,NONE,164.56,NONE,24.49,NONE,28.62,NONE,130.30,NONE,150.88,EXTENSION,156.31,NONE,154.55,NONE
6.063933333333333,168,143.69,NONE,164.33,NONE,24.49,NONE,29.22,NONE,129.98,NONE,153.10,EXTENSION,158.62,NONE,156.50,NONE
6.095866666666667,169,146.14,EXTENSION,164.32,NONE,24.66,NONE,29.32,NONE,130.09,NONE,152.25,EXTENSION,159.24,EXTENSION,156.05,NONE
6.127933333333334,170,146.22,EXTENSION,165.79,NONE,25.38,NONE,28.57,NONE,125.29,FLEXION,151.74,NONE,164.07,EXTENSION,162.22,EXTENSION
6.159866666666667,171,145.41,NONE,165.82,NONE,25.50,NONE,27.25,NONE,122.02,FLEXION,154.10,EXTENSION,164.56,EXTENSION,167.49,EXTENSION
6.191866666666667,172,145.12,NONE,165.95,NONE,25.61,NONE,26.82,NONE,122.52,FLEXION,153.76,NONE,162.38,NONE,167.19,EXTENSION
6.224066666666667,173,145.89,NONE,165.99,NONE,26.42,NONE,26.75,NONE,124.38,NONE,154.01,NONE,165.05,EXTENSION,169.50,EXTENSION
6.256033333333334,174,145.56,NONE,165.90,NONE,26.55,NONE,26.62,NONE,127.73,EXTENSION,154.87,NONE,168.00,EXTENSION,171.71,EXTENSION
6.2881,175,143.23,FLEXION,165.63,NONE,26.83,NONE,27.19,NONE,127.58,EXTENSION,159.23,EXTENSION,169.97,EXTENSION,174.82,EXTENSION
6.3201,176,143.89,NONE,165.60,NONE,26.90,NONE,28.42,NONE,127.82,EXTENSION,159.36,EXTENSION,172.01,EXTENSION,177.43,EXTENSION
6.352033333333334,177,145.13,NONE,164.96,NONE,26.74,NONE,28.92,NONE,128.44,EXTENSION,157.77,NONE,169.09,NONE,172.75,NONE
6.384066666666667,178,148.04,EXTENSION,164.56,NONE,26.24,NONE,29.19,NONE,125.25,NONE,158.02,NONE,170.49,NONE,172.86,NONE
6.416533333333334,179,149.87,EXTENSION,164.72,NONE,26.49,NONE,29.66,NONE,125.50,NONE,156.39,NONE,172.12,EXTENSION,171.11,FLEXION
6.448166666666667,180,149.89,EXTENSION,164.63,NONE,26.34,NONE,28.81,NONE,127.35,NONE,154.77,FLEXION,172.28,NONE,169.63,FLEXION
6.495866666666667,181,149.92,EXTENSION,164.84,NONE,26.22,NONE,29.06,NONE,127.21,NONE,155.29,NONE,172.75,NONE,168.14,FLEXION
6.527733333333334,182,150.57,NONE,164.87,NONE,26.14,NONE,29.13,NONE,127.03,NONE,157.19,NONE,177.17,EXTENSION,172.60,NONE
6.559900000000001,183,152.15,EXTENSION,164.83,NONE,25.72,NONE,29.14,NONE,125.35,NONE,158.49,EXTENSION,178.38,EXTENSION,176.11,EXTENSION
6.591900000000001,184,152.43,NONE,164.83,NONE,25.66,NONE,29.25,NONE,124.37,FLEXION,159.78,EXTENSION,178.09,EXTENSION,179.52,EXTENSION
6.624033333333333,185,154.04,EXTENSION,164.97,NONE,25.65,NONE,29.22,NONE,124.95,NONE,159.20,EXTENSION,177.64,NONE,178.25,EXTENSION
6.6561,186,153.40,NONE,164.92,NONE,25.77,NONE,29.58,NONE,125.69,NONE,158.54,NONE,176.62,NONE,178.59,EXTENSION
6.688066666666667,187,152.94,NONE,164.86,NONE,26.11,NONE,29.22,NONE,126.16,NONE,155.43,FLEXION,175.87,NONE,174.13,FLEXION
6.720133333333334,188,151.82,NONE,164.70,NONE,26.61,NONE,29.12,NONE,127.92,EXTENSION,151.76,FLEXION,174.62,FLEXION,168.84,FLEXION
6.752133333333334,189,151.21,NONE,164.48,NONE,27.02,NONE,28.42,NONE,129.77,EXTENSION,149.52,FLEXION,174.02,FLEXION,164.74,FLEXION
6.784066666666667,190,151.20,NONE,164.38,NONE,26.81,NONE,28.26,NONE,129.75,EXTENSION,151.38,FLEXION,174.74,NONE,166.60,FLEXION
6.816066666666667,191,151.51,NONE,164.49,NONE,26.69,NONE,28.09,NONE,131.55,EXTENSION,150.83,FLEXION,175.52,NONE,164.34,FLEXION
6.8799,192,151.59,NONE,164.64,NONE,26.75,NONE,28.38,NONE,130.27,NONE,151.58,NONE,176.81,NONE,166.87,NONE
6.9279,193,151.75,NONE,164.78,NONE,26.74,NONE,28.15,NONE,130.52,NONE,151.76,NONE,176.40,NONE,167.04,NONE
6.9919,194,151.29,NONE,164.87,NONE,26.74,NONE,28.82,NONE,131.68,NONE,151.78,NONE,177.13,NONE,167.25,NONE
7.023866666666667,195,150.72,NONE,164.77,NONE,26.64,NONE,29.54,NONE,130.76,NONE,152.06,NONE,175.39,NONE,164.54,NONE
7.056033333333334,196,150.52,NONE,164.73,NONE,26.57,NONE,29.07,NONE,131.31,NONE,151.60,NONE,173.09,FLEXION,162.94,FLEXION
7.088100000000001,197,150.27,NONE,164.72,NONE,26.56,NONE,29.01,NONE,130.41,NONE,151.83,NONE,173.67,FLEXION,163.51,FLEXION
7.120066666666667,198,150.24,NONE,164.68,NONE,26.52,NONE,28.79,NONE,130.81,NONE,150.74,NONE,171.80,FLEXION,163.27,NONE
7.152099999999999,199,149.99,NONE,164.72,NONE,26.46,NONE,29.29,NONE,130.47,NONE,151.14,NONE,173.88,NONE,164.64,NONE
7.216466666666667,200,149.96,NONE,164.90,NONE,26.44,NONE,29.39,NONE,131.73,NONE,150.41,NONE,175.27,NONE,166.11,EXTENSION
7.2481333333333335,201,150.21,NONE,165.06,NONE,26.36,NONE,29.48,NONE,130.63,NONE,150.89,NONE,178.04,EXTENSION,170.68,EXTENSION
7.2801,202,150.01,NONE,165.05,NONE,26.27,NONE,29.48,NONE,130.40,NONE,151.14,NONE,178.45,EXTENSION,170.48,EXTENSION
7.3279000000000005,203,149.16,NONE,164.90,NONE,26.09,NONE,29.99,NONE,131.06,NONE,151.73,NONE,178.48,EXTENSION,170.20,EXTENSION
7.3598333333333334,204,149.28,NONE,164.85,NONE,26.06,NONE,29.78,NONE,132.72,NONE,152.12,NONE,177.26,NONE,170.49,EXTENSION
7.391833333333333,205,150.03,NONE,164.53,NONE,25.87,NONE,30.25,NONE,131.40,NONE,155.64,EXTENSION,176.71,NONE,176.39,EXTENSION
7.423900000000001,206,150.53,NONE,164.74,NONE,25.99,NONE,30.42,NONE,129.55,NONE,156.36,EXTENSION,176.52,NONE,178.24,EXTENSION
7.4558333333333335,207,150.61,NONE,164.81,NONE,26.06,NONE,30.70,NONE,128.67,FLEXION,156.03,EXTENSION,175.60,NONE,178.05,EXTENSION
7.488066666666667,208,150.97,NONE,164.91,NONE,26.13,NONE,31.05,NONE,127.79,FLEXION,155.37,NONE,175.69,NONE,179.25,EXTENSION
7.5201,209,151.16,NONE,165.00,NONE,26.33,NONE,29.96,NONE,127.22,FLEXION,155.59,NONE,175.05,NONE,178.91,EXTENSION
7.552066666666667,210,151.43,NONE,165.05,NONE,26.47,NONE,29.67,NONE,126.57,FLEXION,155.91,NONE,174.56,NONE,178.05,NONE
7.616133333333334,211,152.57,NONE,165.14,NONE,26.69,NONE,29.57,NONE,127.81,NONE,155.74,NONE,174.16,NONE,176.91,NONE
7.648066666666667,212,152.45,NONE,165.16,NONE,27.06,NONE,29.41,NONE,128.81,NONE,154.46,NONE,176.08,NONE,178.65,NONE
7.680066666666667,213,152.43,NONE,165.15,NONE,26.85,NONE,29.27,NONE,128.53,NONE,154.92,NONE,175.67,NONE,178.12,NONE
7.712133333333334,214,152.83,NONE,165.14,NONE,26.58,NONE,29.12,NONE,127.02,NONE,154.72,NONE,174.75,NONE,177.35,NONE
7.759933333333334,215,152.51,NONE,165.23,NONE,26.37,NONE,29.05,NONE,126.59,NONE,154.25,NONE,175.80,NONE,178.38,NONE
7.7919,216,152.06,NONE,165.27,NONE,26.37,NONE,29.12,NONE,126.57,NONE,154.05,NONE,175.46,NONE,179.67,NONE
7.823866666666667,217,149.66,FLEXION,165.01,NONE,26.37,NONE,29.24,NONE,126.40,NONE,152.17,FLEXION,176.50,NONE,177.95,NONE
7.855933333333334,218,149.54,FLEXION,165.08,NONE,26.31,NONE,30.00,NONE,125.08,NONE,151.83,FLEXION,177.15,NONE,177.42,NONE
7.8879,219,149.90,NONE,165.03,NONE,26.17,NONE,30.31,NONE,124.15,FLEXION,151.20,FLEXION,176.83,NONE,173.78,FLEXION
7.920100000000001,220,149.99,NONE,165.06,NONE,26.22,NONE,30.27,NONE,124.09,NONE,151.24,NONE,176.96,NONE,174.52,FLEXION
7.952133333333333,221,149.24,NONE,165.15,NONE,26.29,NONE,30.54,NONE,122.63,FLEXION,151.42,NONE,176.71,NONE,175.14,NONE
7.984066666666667,222,149.18,NONE,165.25,NONE,26.32,NONE,30.54,NONE,122.90,NONE,150.05,NONE,175.86,NONE,176.57,NONE
8.016166666666667,223,149.22,NONE,165.19,NONE,26.27,NONE,29.79,NONE,123.32,NONE,150.59,NONE,175.75,NONE,176.96,NONE
8.048133333333334,224,149.21,NONE,165.14,NONE,26.39,NONE,30.01,NONE,122.94,NONE,151.58,NONE,175.64,NONE,178.30,EXTENSION
8.0801,225,149.62,NONE,165.11,NONE,26.35,NONE,29.97,NONE,123.68,NONE,151.35,NONE,175.54,NONE,178.22,NONE
8.1121,226,148.73,NONE,165.15,NONE,26.31,NONE,29.93,NONE,122.88,NONE,150.19,NONE,175.59,NONE,178.04,NONE
8.144133333333334,227,149.33,NONE,165.16,NONE,26.33,NONE,29.59,NONE,123.02,NONE,149.25,NONE,175.05,NONE,176.49,NONE
8.191866666666668,228,149.28,NONE,165.17,NONE,26.41,NONE,29.30,NONE,122.60,NONE,147.67,FLEXION,175.32,NONE,175.82,NONE
8.223866666666668,229,149.31,NONE,165.13,NONE,26.38,NONE,29.44,NONE,122.94,NONE,147.88,FLEXION,174.76,NONE,174.82,FLEXION
8.255866666666668,230,149.05,NONE,165.06,NONE,26.38,NONE,29.55,NONE,123.11,NONE,147.82,NONE,174.73,NONE,174.94,NONE
8.287866666666668,231,149.46,NONE,165.06,NONE,26.39,NONE,29.59,NONE,122.66,NONE,147.15,NONE,174.38,NONE,174.32,NONE
8.351866666666668,232,149.16,NONE,165.08,NONE,26.31,NONE,29.52,NONE,122.42,NONE,148.62,NONE,174.53,NONE,173.95,NONE
8.415933333333333,233,149.37,NONE,165.10,NONE,26.32,NONE,28.80,NONE,123.11,NONE,148.22,NONE,174.57,NONE,174.31,NONE
8.4481,234,149.10,NONE,165.16,NONE,26.39,NONE,29.14,NONE,124.00,NONE,147.51,NONE,174.73,NONE,173.97,NONE
8.480133333333333,235,151.14,NONE,165.14,NONE,26.40,NONE,29.25,NONE,123.95,NONE,147.80,NONE,174.68,NONE,172.79,NONE
8.512066666666668,236,151.22,NONE,165.19,NONE,26.41,NONE,29.24,NONE,123.21,NONE,147.53,NONE,175.51,NONE,173.78,NONE
8.544,237,150.97,NONE,165.26,NONE,26.52,NONE,29.17,NONE,123.03,NONE,145.87,FLEXION,175.64,NONE,172.96,NONE
8.5761,238,150.81,NONE,165.31,NONE,26.53,NONE,28.94,NONE,122.57,NONE,146.21,NONE,175.55,NONE,173.72,NONE
8.623866666666666,239,148.66,NONE,165.36,NONE,26.32,NONE,28.92,NONE,122.63,NONE,146.54,NONE,175.53,NONE,173.76,NONE
8.655933333333333,240,149.03,NONE,165.42,NONE,26.31,NONE,28.90,NONE,122.50,NONE,148.24,NONE,175.07,NONE,177.20,EXTENSION
8.6879,241,147.71,FLEXION,165.44,NONE,26.25,NONE,29.31,NONE,122.27,NONE,147.95,NONE,175.32,NONE,177.17,EXTENSION
8.719933333333334,242,148.18,NONE,165.43,NONE,26.24,NONE,29.17,NONE,121.39,NONE,146.08,NONE,174.84,NONE,175.89,NONE
8.752,243,147.09,NONE,165.33,NONE,26.19,NONE,29.00,NONE,122.87,NONE,146.62,NONE,174.96,NONE,176.24,NONE
8.783900000000001,244,146.56,NONE,165.25,NONE,26.17,NONE,28.56,NONE,122.62,NONE,147.26,NONE,175.32,NONE,176.89,NONE
8.816133333333333,245,146.77,NONE,165.25,NONE,26.17,NONE,28.41,NONE,122.56,NONE,147.56,NONE,175.37,NONE,177.41,NONE
8.8481,246,146.89,NONE,165.21,NONE,26.04,NONE,27.54,NONE,122.78,NONE,150.23,EXTENSION,175.39,NONE,178.15,NONE
8.880133333333333,247,147.47,NONE,165.23,NONE,25.99,NONE,27.66,NONE,122.45,NONE,151.21,EXTENSION,175.18,NONE,179.54,EXTENSION
8.912133333333333,248,148.06,NONE,165.23,NONE,26.00,NONE,27.70,NONE,122.59,NONE,150.85,EXTENSION,175.19,NONE,179.38,NONE
8.9441,249,147.29,NONE,165.22,NONE,25.99,NONE,27.86,NONE,122.62,NONE,150.49,NONE,175.33,NONE,179.60,NONE
9.007933333333334,250,145.62,NONE,165.19,NONE,26.07,NONE,28.24,NONE,123.67,NONE,150.86,NONE,175.16,NONE,177.17,NONE
9.055933333333334,251,146.18,NONE,165.17,NONE,26.43,NONE,28.38,NONE,126.04,EXTENSION,149.81,NONE,174.90,NONE,173.68,FLEXION
9.087900000000001,252,144.95,NONE,165.20,NONE,25.92,NONE,29.59,NONE,126.73,EXTENSION,150.44,NONE,174.98,NONE,173.24,FLEXION
9.119900000000001,253,145.62,NONE,165.07,NONE,25.92,NONE,29.10,NONE,128.22,EXTENSION,151.13,NONE,174.28,NONE,172.13,FLEXION
9.151933333333334,254,146.16,NONE,165.13,NONE,26.17,NONE,29.77,NONE,128.97,EXTENSION,150.08,NONE,174.47,NONE,169.78,FLEXION
9.183866666666667,255,144.47,NONE,164.81,NONE,27.35,NONE,27.84,NONE,138.62,EXTENSION,148.60,NONE,167.81,FLEXION,158.78,FLEXION
9.215933333333334,256,143.31,FLEXION,164.51,NONE,27.94,NONE,23.07,FLEXION,144.62,EXTENSION,151.59,NONE,161.37,FLEXION,155.23,FLEXION
9.248133333333334,257,141.19,FLEXION,165.81,NONE,29.33,EXTENSION,21.91,FLEXION,149.59,EXTENSION,155.29,EXTENSION,159.38,FLEXION,157.84,FLEXION
9.280066666666666,258,129.66,FLEXION,166.76,NONE,28.63,NONE,20.93,FLEXION,149.49,EXTENSION,159.05,EXTENSION,158.12,FLEXION,158.44,FLEXION
9.312133333333334,259,138.48,FLEXION,167.25,NONE,26.76,NONE,19.01,FLEXION,148.47,EXTENSION,159.90,EXTENSION,154.68,FLEXION,156.85,FLEXION
9.344066666666667,260,149.16,EXTENSION,161.72,FLEXION,24.37,FLEXION,19.42,FLEXION,143.75,FLEXION,160.48,EXTENSION,155.38,FLEXION,159.05,NONE
9.375966666666667,261,145.51,EXTENSION,163.05,FLEXION,31.80,EXTENSION,21.93,NONE,135.85,FLEXION,154.67,FLEXION,159.14,NONE,161.84,EXTENSION
9.408133333333334,262,139.53,NONE,152.25,FLEXION,23.27,FLEXION,17.37,FLEXION,138.20,FLEXION,156.69,NONE,168.54,EXTENSION,168.32,EXTENSION
9.440133333333334,263,159.75,EXTENSION,151.41,FLEXION,24.12,FLEXION,16.88,FLEXION,134.05,FLEXION,155.17,FLEXION,173.14,EXTENSION,170.87,EXTENSION
9.4879,264,144.70,NONE,141.40,FLEXION,26.66,NONE,14.13,FLEXION,139.45,NONE,160.18,EXTENSION,167.69,EXTENSION,170.53,EXTENSION
9.519866666666667,265,141.43,FLEXION,141.25,FLEXION,30.46,EXTENSION,15.00,FLEXION,142.44,EXTENSION,161.45,EXTENSION,168.47,EXTENSION,169.22,EXTENSION
9.551866666666667,266,153.69,EXTENSION,144.00,FLEXION,24.28,FLEXION,11.78,FLEXION,150.11,EXTENSION,166.54,EXTENSION,173.76,EXTENSION,169.43,NONE
9.583866666666667,267,148.44,NONE,144.91,NONE,20.54,FLEXION,11.91,FLEXION,146.09,EXTENSION,168.74,EXTENSION,178.81,EXTENSION,169.65,NONE
9.615866666666667,268,149.24,NONE,145.98,NONE,19.67,FLEXION,11.29,FLEXION,146.24,EXTENSION,169.60,EXTENSION,177.63,EXTENSION,168.35,NONE
9.647933333333334,269,153.57,EXTENSION,148.39,EXTENSION,18.72,FLEXION,11.59,NONE,144.61,NONE,169.92,EXTENSION,177.87,EXTENSION,165.89,FLEXION
9.6801,270,151.64,EXTENSION,147.20,EXTENSION,18.42,FLEXION,12.01,NONE,146.97,NONE,171.54,EXTENSION,177.00,NONE,162.80,FLEXION
9.712100000000003,271,147.18,FLEXION,148.82,EXTENSION,17.16,FLEXION,20.23,EXTENSION,141.95,FLEXION,173.36,EXTENSION,175.04,NONE,166.52,NONE
9.775866666666667,272,141.79,FLEXION,142.45,FLEXION,16.84,FLEXION,25.05,EXTENSION,148.03,EXTENSION,173.96,EXTENSION,166.72,FLEXION,166.90,NONE
9.808066666666667,273,144.63,FLEXION,141.34,FLEXION,16.64,NONE,22.86,EXTENSION,147.91,EXTENSION,175.96,EXTENSION,164.48,FLEXION,166.08,NONE
9.871933333333335,274,136.92,FLEXION,139.75,FLEXION,22.76,EXTENSION,30.75,EXTENSION,152.02,EXTENSION,175.16,EXTENSION,151.18,FLEXION,168.14,EXTENSION
9.919933333333335,275,137.44,FLEXION,140.78,FLEXION,23.45,EXTENSION,32.14,EXTENSION,154.26,EXTENSION,174.37,NONE,152.07,FLEXION,168.38,EXTENSION
9.952066666666667,276,136.53,FLEXION,142.83,NONE,26.42,EXTENSION,35.48,EXTENSION,153.88,EXTENSION,173.89,NONE,157.65,FLEXION,169.48,EXTENSION
9.9839,277,146.41,EXTENSION,141.63,NONE,34.27,EXTENSION,34.03,EXTENSION,156.20,EXTENSION,175.54,NONE,162.86,EXTENSION,168.84,NONE
10.016066666666667,278,148.82,EXTENSION,143.85,EXTENSION,34.98,EXTENSION,40.31,EXTENSION,155.04,EXTENSION,166.58,FLEXION,162.62,EXTENSION,169.90,NONE
10.047866666666668,279,136.20,FLEXION,137.25,FLEXION,30.60,EXTENSION,34.47,NONE,163.84,EXTENSION,164.67,FLEXION,154.36,FLEXION,170.54,NONE
10.0801,280,122.44,FLEXION,145.11,EXTENSION,23.56,FLEXION,44.69,EXTENSION,164.58,EXTENSION,156.69,FLEXION,153.64,FLEXION,167.15,FLEXION
10.112066666666667,281,132.90,FLEXION,139.07,FLEXION,21.01,FLEXION,44.36,EXTENSION,158.07,NONE,157.12,FLEXION,161.04,EXTENSION,167.50,NONE
10.1441,282,132.60,FLEXION,140.98,NONE,17.36,FLEXION,46.44,EXTENSION,149.07,FLEXION,153.83,FLEXION,172.72,EXTENSION,161.11,FLEXION
10.176133333333334,283,131.69,FLEXION,139.89,NONE,17.07,FLEXION,50.56,EXTENSION,144.34,FLEXION,155.07,FLEXION,173.28,EXTENSION,163.93,FLEXION
10.2081,284,133.18,EXTENSION,141.23,NONE,16.39,FLEXION,49.69,EXTENSION,145.53,FLEXION,155.11,FLEXION,173.70,EXTENSION,166.25,NONE
10.240133333333334,285,132.55,NONE,143.19,NONE,16.44,FLEXION,50.50,EXTENSION,148.45,FLEXION,153.16,FLEXION,170.35,EXTENSION,163.67,NONE
10.272166666666667,286,129.08,FLEXION,142.88,EXTENSION,17.15,NONE,48.08,NONE,144.25,FLEXION,158.06,EXTENSION,170.75,NONE,159.35,FLEXION
10.304166666666667,287,128.91,FLEXION,144.91,EXTENSION,15.44,NONE,47.63,NONE,146.57,NONE,159.94,EXTENSION,170.69,NONE,152.83,FLEXION
10.351966666666668,288,130.81,NONE,140.78,NONE,13.90,FLEXION,48.27,NONE,156.17,EXTENSION,160.09,EXTENSION,172.64,NONE,139.36,FLEXION
10.3839,289,125.71,FLEXION,149.50,EXTENSION,30.34,EXTENSION,45.66,FLEXION,156.87,EXTENSION,157.13,NONE,169.37,FLEXION,132.66,FLEXION
10.415933333333333,290,138.26,EXTENSION,156.55,EXTENSION,43.45,EXTENSION,46.68,NONE,160.52,EXTENSION,160.01,EXTENSION,163.63,FLEXION,131.69,FLEXION
10.447933333333333,291,106.58,FLEXION,162.13,EXTENSION,41.62,EXTENSION,41.31,FLEXION,159.87,EXTENSION,166.58,EXTENSION,161.64,FLEXION,145.60,EXTENSION
10.480066666666668,292,108.65,FLEXION,157.33,EXTENSION,41.80,EXTENSION,42.89,FLEXION,159.05,EXTENSION,168.39,EXTENSION,161.24,FLEXION,145.86,EXTENSION
10.512133333333335,293,98.37,FLEXION,158.08,EXTENSION,38.09,EXTENSION,42.55,FLEXION,158.11,NONE,172.92,EXTENSION,160.63,FLEXION,152.34,EXTENSION
10.544,294,100.40,FLEXION,158.57,NONE,41.13,EXTENSION,43.88,NONE,154.71,FLEXION,170.90,EXTENSION,167.88,EXTENSION,153.82,EXTENSION
10.576166666666667,295,95.60,FLEXION,163.27,EXTENSION,40.24,NONE,46.97,EXTENSION,155.51,FLEXION,175.45,EXTENSION,166.27,EXTENSION,161.44,EXTENSION
10.608166666666667,296,82.34,FLEXION,104.12,FLEXION,28.12,FLEXION,50.12,EXTENSION,152.53,FLEXION,167.79,FLEXION,169.20,EXTENSION,152.16,NONE
10.6401,297,82.87,FLEXION,123.21,FLEXION,29.86,FLEXION,48.96,EXTENSION,152.19,FLEXION,172.04,NONE,164.50,NONE,170.79,EXTENSION
10.672133333333333,298,79.58,FLEXION,79.24,FLEXION,30.99,FLEXION,44.33,FLEXION,151.03,FLEXION,173.35,NONE,170.28,EXTENSION,174.07,EXTENSION
10.704433333333334,299,83.34,FLEXION,74.98,FLEXION,30.67,FLEXION,41.46,FLEXION,151.50,NONE,173.01,NONE,167.38,NONE,172.80,EXTENSION
10.751933333333334,300,82.36,FLEXION,75.41,FLEXION,34.32,EXTENSION,47.14,NONE,154.88,EXTENSION,171.38,NONE,165.17,FLEXION,165.99,NONE
10.783866666666666,301,112.71,EXTENSION,73.29,FLEXION,30.67,NONE,50.57,EXTENSION,157.81,EXTENSION,173.70,EXTENSION,160.12,FLEXION,159.46,FLEXION
10.815866666666667,302,85.20,FLEXION,81.09,FLEXION,39.99,EXTENSION,51.22,EXTENSION,159.35,EXTENSION,173.49,NONE,163.68,NONE,158.06,FLEXION
10.847900000000001,303,131.28,EXTENSION,104.37,EXTENSION,40.63,EXTENSION,67.58,EXTENSION,164.65,EXTENSION,172.63,NONE,151.43,FLEXION,148.00,FLEXION
10.879900000000001,304,128.22,EXTENSION,101.76,EXTENSION,37.82,EXTENSION,65.50,EXTENSION,165.77,EXTENSION,168.21,FLEXION,146.07,FLEXION,137.84,FLEXION
10.912066666666668,305,81.35,FLEXION,97.69,EXTENSION,28.72,FLEXION,63.05,EXTENSION,160.33,NONE,162.01,FLEXION,148.90,FLEXION,126.24,FLEXION
10.975866666666667,306,95.31,FLEXION,68.82,FLEXION,11.30,FLEXION,39.43,FLEXION,168.95,EXTENSION,150.99,FLEXION,132.92,FLEXION,149.24,EXTENSION
11.0081,307,110.78,EXTENSION,75.14,FLEXION,20.52,FLEXION,17.05,FLEXION,175.98,EXTENSION,156.46,FLEXION,153.80,EXTENSION,158.89,EXTENSION
11.040066666666668,308,100.65,FLEXION,70.07,FLEXION,11.67,FLEXION,25.57,FLEXION,165.31,NONE,154.31,FLEXION,164.25,EXTENSION,164.33,EXTENSION
11.072066666666668,309,102.96,NONE,65.54,FLEXION,12.35,FLEXION,33.13,FLEXION,166.53,NONE,154.72,FLEXION,162.94,EXTENSION,163.09,EXTENSION
11.104066666666668,310,84.19,FLEXION,65.20,FLEXION,6.22,FLEXION,31.26,FLEXION,174.33,EXTENSION,152.88,FLEXION,160.24,EXTENSION,162.52,EXTENSION
11.136133333333333,311,48.47,FLEXION,66.70,FLEXION,39.46,EXTENSION,34.14,EXTENSION,177.73,EXTENSION,147.84,FLEXION,158.65,EXTENSION,157.38,FLEXION
11.183933333333334,312,49.71,FLEXION,62.57,FLEXION,35.41,EXTENSION,34.71,EXTENSION,178.89,EXTENSION,147.34,FLEXION,154.87,FLEXION,153.57,FLEXION
11.215900000000001,313,106.30,EXTENSION,70.86,EXTENSION,56.80,EXTENSION,32.18,NONE,177.25,EXTENSION,154.51,EXTENSION,162.41,EXTENSION,158.89,NONE
11.247900000000001,314,55.91,FLEXION,80.74,EXTENSION,46.64,EXTENSION,34.40,NONE,175.54,NONE,153.17,NONE,162.58,EXTENSION,160.21,NONE
11.279933333333334,315,57.98,FLEXION,96.27,EXTENSION,43.53,EXTENSION,38.79,EXTENSION,177.85,NONE,150.22,NONE,157.06,FLEXION,155.23,FLEXION
11.311900000000001,316,71.29,EXTENSION,89.81,EXTENSION,48.43,EXTENSION,42.80,EXTENSION,174.22,FLEXION,153.19,EXTENSION,152.07,FLEXION,153.98,FLEXION
11.343933333333334,317,113.34,EXTENSION,89.00,EXTENSION,55.85,EXTENSION,40.31,EXTENSION,175.37,NONE,155.76,EXTENSION,152.15,FLEXION,155.80,NONE
11.376133333333334,318,72.28,FLEXION,76.37,FLEXION,21.96,FLEXION,35.45,FLEXION,178.04,NONE,155.21,NONE,161.40,EXTENSION,155.71,NONE
11.408066666666667,319,109.45,EXTENSION,118.98,EXTENSION,29.44,FLEXION,35.50,FLEXION,177.44,NONE,158.58,EXTENSION,157.30,NONE,151.96,FLEXION
11.440133333333334,320,101.27,EXTENSION,124.87,EXTENSION,27.21,FLEXION,30.83,FLEXION,176.36,NONE,150.81,FLEXION,157.85,NONE,143.61,FLEXION
11.4723,321,126.25,EXTENSION,102.03,EXTENSION,30.54,FLEXION,23.59,FLEXION,174.60,NONE,156.64,NONE,167.35,EXTENSION,151.38,NONE
11.568133333333334,322,130.01,EXTENSION,82.42,FLEXION,28.34,FLEXION,20.07,FLEXION,107.21,FLEXION,115.40,FLEXION,162.91,EXTENSION,156.35,EXTENSION
11.615933333333334,323,100.29,FLEXION,99.71,NONE,24.78,FLEXION,16.96,FLEXION,109.72,FLEXION,110.54,FLEXION,155.86,FLEXION,150.27,NONE
11.6479,324,123.30,EXTENSION,114.50,EXTENSION,33.22,EXTENSION,15.71,FLEXION,134.16,FLEXION,161.27,EXTENSION,146.57,FLEXION,159.57,EXTENSION
11.6799,325,122.59,EXTENSION,109.64,EXTENSION,35.36,EXTENSION,11.16,FLEXION,175.94,EXTENSION,165.06,EXTENSION,170.84,EXTENSION,157.70,EXTENSION
11.711933333333334,326,141.38,EXTENSION,110.88,EXTENSION,47.45,EXTENSION,10.03,FLEXION,160.63,EXTENSION,167.60,EXTENSION,174.95,EXTENSION,176.16,EXTENSION
11.743866666666667,327,138.50,EXTENSION,105.15,NONE,36.04,EXTENSION,8.86,FLEXION,120.97,FLEXION,131.16,FLEXION,157.32,FLEXION,153.81,FLEXION
11.775933333333334,328,134.53,EXTENSION,108.98,NONE,32.98,FLEXION,8.30,FLEXION,132.20,FLEXION,142.05,FLEXION,166.34,EXTENSION,167.51,EXTENSION
11.808100000000001,329,138.66,EXTENSION,124.10,EXTENSION,27.76,FLEXION,11.40,NONE,143.98,NONE,147.90,FLEXION,173.51,EXTENSION,172.54,EXTENSION
11.840066666666667,330,126.44,FLEXION,120.10,EXTENSION,22.33,FLEXION,19.62,EXTENSION,141.99,FLEXION,149.85,NONE,168.34,NONE,176.47,EXTENSION
11.8724,331,124.37,FLEXION,129.79,EXTENSION,13.04,FLEXION,15.39,EXTENSION,134.91,FLEXION,144.92,FLEXION,165.00,FLEXION,172.24,EXTENSION
11.904333333333334,332,129.64,FLEXION,144.41,EXTENSION,4.84,FLEXION,11.88,NONE,143.27,EXTENSION,145.44,EXTENSION,170.13,EXTENSION,173.53,EXTENSION
11.967866666666668,333,127.60,FLEXION,148.71,EXTENSION,4.29,FLEXION,14.48,NONE,134.29,FLEXION,139.23,FLEXION,173.97,EXTENSION,167.75,FLEXION
12.000066666666667,334,124.72,FLEXION,148.53,EXTENSION,3.77,FLEXION,19.13,EXTENSION,132.03,FLEXION,140.05,FLEXION,169.50,NONE,172.86,NONE
12.047933333333335,335,125.35,NONE,143.54,EXTENSION,11.46,NONE,24.47,EXTENSION,145.23,EXTENSION,142.10,NONE,171.64,EXTENSION,177.83,EXTENSION
12.0799,336,123.25,FLEXION,141.63,NONE,13.97,EXTENSION,20.55,EXTENSION,134.85,FLEXION,135.89,FLEXION,174.27,EXTENSION,174.84,NONE
12.1119,337,128.51,EXTENSION,133.61,FLEXION,17.89,EXTENSION,20.29,EXTENSION,139.56,NONE,135.56,FLEXION,173.52,NONE,175.44,EXTENSION
12.143933333333335,338,134.09,EXTENSION,139.27,FLEXION,12.04,NONE,21.28,NONE,145.49,EXTENSION,143.44,EXTENSION,176.54,EXTENSION,177.98,EXTENSION
12.1759,339,137.29,EXTENSION,138.27,FLEXION,7.68,FLEXION,14.29,FLEXION,150.17,EXTENSION,145.97,EXTENSION,178.30,EXTENSION,178.03,EXTENSION
12.207966666666668,340,132.12,EXTENSION,135.99,FLEXION,22.24,EXTENSION,21.00,NONE,143.68,NONE,141.38,NONE,178.01,EXTENSION,175.65,NONE
12.240133333333334,341,129.66,NONE,132.26,FLEXION,16.12,NONE,20.05,NONE,143.67,NONE,141.97,NONE,178.22,EXTENSION,177.71,NONE
12.2721,342,130.94,NONE,132.29,FLEXION,19.52,EXTENSION,23.85,EXTENSION,149.80,EXTENSION,150.29,EXTENSION,175.50,NONE,174.97,NONE
12.304133333333334,343,140.84,EXTENSION,127.88,FLEXION,10.11,FLEXION,19.66,NONE,143.81,FLEXION,136.20,FLEXION,176.60,NONE,174.79,FLEXION
12.336133333333335,344,133.43,NONE,129.78,FLEXION,9.03,FLEXION,22.11,EXTENSION,139.52,FLEXION,135.82,FLEXION,178.99,NONE,176.57,NONE
12.3681,345,136.16,EXTENSION,130.87,NONE,10.43,FLEXION,23.88,EXTENSION,139.29,FLEXION,132.44,FLEXION,179.73,EXTENSION,177.02,NONE
12.400166666666667,346,136.99,EXTENSION,130.38,NONE,11.08,NONE,21.32,NONE,137.78,FLEXION,135.73,FLEXION,179.46,NONE,176.85,NONE
12.432166666666667,347,139.43,EXTENSION,127.15,FLEXION,5.78,FLEXION,24.01,NONE,140.58,NONE,135.67,FLEXION,177.42,NONE,174.92,NONE
12.479933333333333,348,141.51,EXTENSION,124.83,FLEXION,6.02,FLEXION,21.32,NONE,142.38,EXTENSION,134.48,NONE,176.71,NONE,175.72,NONE
12.511866666666668,349,140.06,EXTENSION,123.49,FLEXION,7.69,NONE,23.26,NONE,144.49,EXTENSION,137.48,EXTENSION,174.15,FLEXION,173.50,FLEXION
12.543933333333332,350,141.99,EXTENSION,125.08,FLEXION,9.38,NONE,23.67,NONE,148.64,EXTENSION,137.61,EXTENSION,172.90,FLEXION,175.14,NONE
12.575866666666668,351,135.60,FLEXION,126.42,NONE,11.42,EXTENSION,23.37,NONE,149.11,EXTENSION,142.06,EXTENSION,172.67,FLEXION,174.51,NONE
12.607866666666668,352,141.15,NONE,124.84,NONE,13.09,EXTENSION,24.84,NONE,156.79,EXTENSION,152.54,EXTENSION,167.71,FLEXION,166.44,FLEXION
12.6399,353,145.22,EXTENSION,126.42,NONE,13.85,EXTENSION,27.13,EXTENSION,159.43,EXTENSION,150.40,EXTENSION,165.90,FLEXION,168.01,FLEXION
12.6721,354,146.31,EXTENSION,144.07,EXTENSION,25.79,EXTENSION,7.78,FLEXION,155.26,EXTENSION,146.31,EXTENSION,168.66,FLEXION,170.01,NONE
12.704066666666668,355,136.90,FLEXION,145.09,EXTENSION,25.81,EXTENSION,6.79,FLEXION,152.24,NONE,143.60,FLEXION,169.64,NONE,172.09,NONE
12.736133333333333,356,143.03,NONE,119.66,FLEXION,7.84,FLEXION,6.46,FLEXION,154.47,NONE,147.38,NONE,169.38,NONE,171.87,NONE
12.7681,357,162.33,EXTENSION,130.00,FLEXION,9.39,FLEXION,6.73,FLEXION,152.56,FLEXION,146.72,NONE,170.02,NONE,169.73,NONE
12.8001,358,162.26,EXTENSION,129.80,FLEXION,15.37,NONE,6.71,FLEXION,146.33,FLEXION,143.23,FLEXION,171.13,EXTENSION,171.36,NONE
12.832133333333333,359,139.40,FLEXION,125.93,FLEXION,5.61,FLEXION,9.70,EXTENSION,147.52,FLEXION,144.68,NONE,171.98,EXTENSION,172.38,NONE
12.864166666666668,360,149.80,NONE,129.03,NONE,6.15,FLEXION,7.25,NONE,149.91,NONE,146.93,NONE,169.66,NONE,171.55,NONE
12.911966666666668,361,154.74,EXTENSION,128.01,NONE,6.37,FLEXION,8.77,NONE,152.13,NONE,150.02,EXTENSION,171.31,NONE,171.14,NONE
12.943900000000001,362,153.05,NONE,133.50,EXTENSION,11.35,EXTENSION,8.00,NONE,154.80,EXTENSION,147.32,NONE,171.12,NONE,172.03,NONE
12.975933333333334,363,140.48,FLEXION,135.36,EXTENSION,16.90,EXTENSION,6.33,NONE,158.86,EXTENSION,154.71,EXTENSION,172.46,NONE,171.71,NONE
13.007933333333334,364,141.79,FLEXION,132.92,EXTENSION,14.37,EXTENSION,7.25,NONE,160.26,EXTENSION,151.66,EXTENSION,169.57,NONE,171.75,NONE
13.039866666666667,365,135.68,FLEXION,129.44,FLEXION,22.53,EXTENSION,5.84,NONE,163.90,EXTENSION,161.19,EXTENSION,174.61,EXTENSION,171.78,NONE
13.071933333333334,366,135.32,FLEXION,138.95,EXTENSION,28.73,EXTENSION,14.48,EXTENSION,166.96,EXTENSION,165.04,EXTENSION,173.40,NONE,170.48,NONE
13.1041,367,136.03,FLEXION,141.15,EXTENSION,38.04,EXTENSION,28.83,EXTENSION,167.60,EXTENSION,161.80,EXTENSION,165.39,FLEXION,171.29,NONE
13.136066666666668,368,127.15,FLEXION,153.56,EXTENSION,27.05,EXTENSION,23.55,EXTENSION,160.61,FLEXION,160.97,EXTENSION,176.22,EXTENSION,174.18,EXTENSION
13.168133333333333,369,137.85,EXTENSION,134.33,FLEXION,11.27,FLEXION,10.50,FLEXION,160.17,FLEXION,166.84,EXTENSION,177.07,EXTENSION,173.70,NONE
13.231900000000001,370,148.21,EXTENSION,128.58,FLEXION,10.72,FLEXION,12.62,FLEXION,174.64,EXTENSION,168.02,EXTENSION,169.63,FLEXION,161.73,FLEXION
13.264100000000001,371,142.75,EXTENSION,128.62,FLEXION,8.43,FLEXION,21.35,EXTENSION,179.27,EXTENSION,153.19,FLEXION,162.46,FLEXION,146.03,FLEXION
13.296166666666668,372,127.33,FLEXION,130.97,FLEXION,18.07,NONE,26.66,EXTENSION,155.28,FLEXION,150.30,FLEXION,162.08,FLEXION,158.06,FLEXION
13.343966666666667,373,142.85,EXTENSION,127.31,FLEXION,2.95,FLEXION,17.57,NONE,156.40,FLEXION,163.79,EXTENSION,164.97,FLEXION,169.40,EXTENSION
13.375900000000001,374,142.50,EXTENSION,120.52,FLEXION,6.76,FLEXION,12.73,FLEXION,162.79,FLEXION,155.30,FLEXION,170.07,EXTENSION,143.76,FLEXION
13.407900000000001,375,135.02,FLEXION,120.19,FLEXION,11.13,NONE,15.68,FLEXION,169.65,EXTENSION,149.88,FLEXION,163.96,NONE,132.69,FLEXION
13.439966666666667,376,137.21,NONE,129.77,EXTENSION,12.43,EXTENSION,19.30,NONE,177.40,EXTENSION,149.00,FLEXION,158.25,FLEXION,137.29,FLEXION
13.4719,377,133.84,FLEXION,128.48,EXTENSION,11.48,NONE,23.87,EXTENSION,177.72,EXTENSION,139.92,FLEXION,150.27,FLEXION,121.28,FLEXION
13.504133333333334,378,131.12,FLEXION,133.19,EXTENSION,11.26,EXTENSION,28.02,EXTENSION,177.19,EXTENSION,145.05,FLEXION,153.02,FLEXION,133.02,FLEXION
13.536133333333334,379,129.91,FLEXION,126.91,NONE,10.24,NONE,25.01,EXTENSION,164.67,FLEXION,140.14,FLEXION,146.63,FLEXION,131.96,NONE
13.568100000000001,380,114.53,FLEXION,140.97,EXTENSION,9.95,NONE,40.39,EXTENSION,164.71,FLEXION,124.42,FLEXION,130.58,FLEXION,111.84,FLEXION
13.600166666666667,381,116.75,FLEXION,152.10,EXTENSION,8.41,FLEXION,34.66,EXTENSION,163.68,FLEXION,129.36,FLEXION,135.32,FLEXION,112.33,FLEXION
13.632100000000001,382,115.74,FLEXION,152.55,EXTENSION,6.66,FLEXION,38.56,EXTENSION,162.76,FLEXION,132.34,FLEXION,140.18,FLEXION,123.13,NONE
13.664100000000001,383,111.47,FLEXION,154.57,EXTENSION,5.26,FLEXION,41.25,EXTENSION,154.90,FLEXION,129.43,FLEXION,132.18,FLEXION,123.81,NONE
13.696166666666667,384,111.78,FLEXION,147.49,EXTENSION,5.14,FLEXION,37.73,NONE,154.78,FLEXION,134.07,EXTENSION,130.94,FLEXION,124.63,EXTENSION
13.728166666666667,385,111.19,FLEXION,142.07,FLEXION,4.47,FLEXION,36.82,NONE,155.12,FLEXION,136.16,EXTENSION,133.51,NONE,130.15,EXTENSION
13.775966666666667,386,112.35,NONE,139.74,FLEXION,4.92,NONE,36.13,NONE,155.82,FLEXION,138.11,EXTENSION,129.48,FLEXION,134.49,EXTENSION
13.8079,387,109.12,FLEXION,138.63,FLEXION,3.10,FLEXION,35.14,FLEXION,154.51,FLEXION,135.91,NONE,131.92,NONE,131.60,EXTENSION
13.8399,388,107.81,FLEXION,144.39,NONE,7.08,EXTENSION,36.11,NONE,160.32,EXTENSION,134.58,NONE,143.71,EXTENSION,140.15,EXTENSION
13.871933333333335,389,101.34,FLEXION,121.22,FLEXION,7.80,EXTENSION,38.63,EXTENSION,161.51,EXTENSION,141.06,EXTENSION,138.38,EXTENSION,140.91,EXTENSION
13.903866666666667,390,95.50,FLEXION,121.26,FLEXION,7.43,NONE,35.91,NONE,165.25,EXTENSION,147.01,EXTENSION,141.33,EXTENSION,150.76,EXTENSION
13.936100000000001,391,84.91,FLEXION,129.62,FLEXION,12.06,EXTENSION,36.36,NONE,167.34,EXTENSION,144.04,EXTENSION,142.18,EXTENSION,140.88,NONE
13.968066666666667,392,78.37,FLEXION,104.74,FLEXION,19.36,EXTENSION,35.20,NONE,170.27,EXTENSION,144.53,EXTENSION,139.81,NONE,135.49,FLEXION
14.000066666666667,393,79.85,FLEXION,101.70,FLEXION,16.16,EXTENSION,37.98,NONE,168.39,EXTENSION,147.08,EXTENSION,138.28,FLEXION,140.97,NONE
14.032133333333334,394,82.73,FLEXION,100.89,FLEXION,14.02,NONE,44.34,EXTENSION,168.69,EXTENSION,146.46,NONE,136.86,FLEXION,142.96,NONE
14.064066666666667,395,82.53,NONE,120.82,EXTENSION,17.83,EXTENSION,47.06,EXTENSION,165.43,FLEXION,142.61,FLEXION,133.25,FLEXION,138.02,FLEXION
14.0961,396,87.62,EXTENSION,114.55,EXTENSION,22.92,EXTENSION,43.29,EXTENSION,169.98,NONE,136.20,FLEXION,131.34,FLEXION,128.70,FLEXION
14.128166666666669,397,87.96,EXTENSION,111.74,EXTENSION,25.62,EXTENSION,38.44,FLEXION,172.02,EXTENSION,137.26,FLEXION,131.15,FLEXION,119.04,FLEXION
14.160166666666667,398,86.31,EXTENSION,124.05,EXTENSION,24.23,EXTENSION,33.58,FLEXION,165.90,FLEXION,136.98,FLEXION,126.87,FLEXION,115.70,FLEXION
14.207933333333335,399,86.46,NONE,118.07,EXTENSION,24.04,EXTENSION,33.12,FLEXION,166.43,NONE,142.39,EXTENSION,128.76,FLEXION,116.70,FLEXION
14.239866666666668,400,77.82,FLEXION,139.50,EXTENSION,20.18,FLEXION,31.87,FLEXION,167.36,NONE,139.29,NONE,129.81,NONE,111.72,FLEXION
14.3039,401,68.40,FLEXION,134.60,EXTENSION,29.53,EXTENSION,27.19,FLEXION,172.68,EXTENSION,143.81,EXTENSION,129.13,NONE,117.03,NONE
14.335933333333333,402,66.06,FLEXION,133.41,EXTENSION,29.21,EXTENSION,25.64,FLEXION,172.37,EXTENSION,144.63,EXTENSION,128.02,NONE,115.32,NONE
14.368066666666667,403,73.05,FLEXION,123.84,FLEXION,20.37,FLEXION,27.50,FLEXION,173.54,EXTENSION,145.91,EXTENSION,128.22,NONE,115.68,NONE
14.400066666666667,404,74.06,NONE,125.83,FLEXION,23.60,NONE,27.86,NONE,174.07,EXTENSION,145.38,EXTENSION,129.70,NONE,115.98,NONE
14.463933333333333,405,79.02,EXTENSION,153.31,EXTENSION,20.30,FLEXION,24.52,FLEXION,162.09,FLEXION,136.55,FLEXION,120.55,FLEXION,112.67,FLEXION
14.496133333333335,406,91.02,EXTENSION,149.13,EXTENSION,21.19,FLEXION,24.26,FLEXION,159.92,FLEXION,136.25,FLEXION,119.58,FLEXION,113.88,NONE
14.5281,407,82.45,EXTENSION,134.46,FLEXION,16.57,FLEXION,36.62,EXTENSION,155.96,FLEXION,128.20,FLEXION,115.21,FLEXION,106.31,FLEXION
14.591966666666668,408,,NONE,,NONE,,NONE,,NONE,,NONE,,NONE,,NONE,,NONE
14.639966666666668,409,80.80,NONE,118.42,FLEXION,36.47,EXTENSION,37.81,EXTENSION,144.53,FLEXION,119.76,FLEXION,101.22,FLEXION,93.11,FLEXION
14.671966666666668,410,,NONE,,NONE,,NONE,,NONE,,NONE,,NONE,,NONE,,NONE
14.7039,411,,NONE,,NONE,,NONE,,NONE,,NONE,,NONE,,NONE,,NONE
14.735966666666668,412,74.35,FLEXION,132.15,FLEXION,21.15,FLEXION,53.79,EXTENSION,93.30,FLEXION,90.36,FLEXION,66.96,FLEXION,64.51,FLEXION
14.767900000000001,413,80.33,NONE,129.45,FLEXION,20.65,FLEXION,49.95,EXTENSION,122.76,FLEXION,112.04,FLEXION,94.76,FLEXION,93.76,FLEXION
14.800133333333335,414,84.24,EXTENSION,135.40,EXTENSION,19.24,FLEXION,51.53,EXTENSION,130.83,FLEXION,115.17,FLEXION,94.83,FLEXION,90.50,FLEXION
14.832166666666668,415,82.56,EXTENSION,126.44,FLEXION,16.62,FLEXION,53.47,EXTENSION,123.31,FLEXION,105.38,FLEXION,87.53,FLEXION,86.07,FLEXION
14.8641,416,78.80,NONE,115.97,FLEXION,22.02,NONE,42.03,FLEXION,135.07,EXTENSION,112.60,EXTENSION,103.66,EXTENSION,95.58,EXTENSION
14.896166666666668,417,78.26,NONE,127.96,NONE,25.39,EXTENSION,36.65,FLEXION,149.80,EXTENSION,122.06,EXTENSION,117.43,EXTENSION,107.05,EXTENSION
14.928133333333333,418,79.22,NONE,129.18,EXTENSION,31.28,EXTENSION,37.02,FLEXION,163.01,EXTENSION,135.54,EXTENSION,126.67,EXTENSION,124.29,EXTENSION
14.960133333333333,419,78.54,FLEXION,124.99,NONE,23.30,NONE,49.78,EXTENSION,141.37,NONE,116.41,NONE,111.00,EXTENSION,110.89,EXTENSION
14.992166666666668,420,89.64,EXTENSION,111.43,FLEXION,19.25,FLEXION,40.36,FLEXION,154.20,EXTENSION,125.34,EXTENSION,120.82,EXTENSION,109.20,EXTENSION
15.024433333333334,421,104.43,EXTENSION,112.11,FLEXION,4.98,FLEXION,34.37,FLEXION,152.45,EXTENSION,123.81,NONE,124.72,EXTENSION,112.12,EXTENSION
15.103933333333334,422,114.60,EXTENSION,132.94,EXTENSION,0.39,FLEXION,33.94,FLEXION,162.46,EXTENSION,128.30,EXTENSION,135.57,EXTENSION,117.05,EXTENSION
15.135933333333334,423,122.39,EXTENSION,129.43,EXTENSION,7.53,FLEXION,22.71,FLEXION,169.02,EXTENSION,133.36,EXTENSION,142.54,EXTENSION,126.18,EXTENSION
15.167933333333334,424,120.84,EXTENSION,110.60,FLEXION,3.76,FLEXION,30.81,FLEXION,166.49,EXTENSION,132.80,EXTENSION,138.04,EXTENSION,116.28,NONE
15.200066666666668,425,118.86,EXTENSION,64.17,FLEXION,3.63,FLEXION,30.90,NONE,108.49,FLEXION,103.09,FLEXION,163.46,EXTENSION,127.00,EXTENSION
15.232166666666668,426,119.36,EXTENSION,86.79,FLEXION,11.69,EXTENSION,61.74,EXTENSION,144.84,FLEXION,121.62,FLEXION,119.27,FLEXION,99.59,FLEXION
15.264100000000001,427,114.01,FLEXION,112.67,EXTENSION,9.24,EXTENSION,54.81,EXTENSION,113.47,FLEXION,93.50,FLEXION,86.87,FLEXION,80.88,FLEXION
15.296166666666668,428,,NONE,,NONE,,NONE,,NONE,,NONE,,NONE,,NONE,,NONE
15.3283,429,117.55,NONE,158.88,EXTENSION,5.06,FLEXION,33.88,FLEXION,157.78,EXTENSION,142.02,EXTENSION,137.07,EXTENSION,133.36,EXTENSION
15.360166666666668,430,123.72,EXTENSION,162.37,EXTENSION,12.40,EXTENSION,8.87,FLEXION,139.98,NONE,134.38,EXTENSION,107.06,FLEXION,115.73,EXTENSION
15.392133333333334,431,133.35,EXTENSION,163.67,EXTENSION,11.96,EXTENSION,8.48,FLEXION,138.01,EXTENSION,128.71,EXTENSION,110.01,FLEXION,116.03,EXTENSION
15.424366666666668,432,125.20,EXTENSION,166.47,EXTENSION,12.97,EXTENSION,12.40,FLEXION,132.85,FLEXION,127.55,EXTENSION,105.09,FLEXION,115.30,EXTENSION
15.471966666666667,433,113.46,FLEXION,147.96,FLEXION,9.41,NONE,32.73,EXTENSION,162.54,EXTENSION,137.89,EXTENSION,130.88,EXTENSION,126.58,EXTENSION
15.503966666666667,434,112.55,FLEXION,144.47,FLEXION,8.29,FLEXION,33.43,EXTENSION,106.23,FLEXION,104.56,FLEXION,76.59,FLEXION,88.60,FLEXION
15.535900000000002,435,108.84,FLEXION,141.47,FLEXION,8.44,FLEXION,32.92,EXTENSION,120.67,FLEXION,118.79,FLEXION,94.64,FLEXION,110.53,NONE
15.567966666666667,436,,NONE,,NONE,,NONE,,NONE,,NONE,,NONE,,NONE,,NONE
15.599966666666667,437,,NONE,,NONE,,NONE,,NONE,,NONE,,NONE,,NONE,,NONE
15.631933333333334,438,,NONE,,NONE,,NONE,,NONE,,NONE,,NONE,,NONE,,NONE
15.664133333333334,439,,NONE,,NONE,,NONE,,NONE,,NONE,,NONE,,NONE,,NONE
15.696100000000003,440,104.02,FLEXION,116.07,FLEXION,27.64,EXTENSION,38.84,EXTENSION,90.16,FLEXION,85.03,FLEXION,62.85,FLEXION,74.83,FLEXION
15.728166666666667,441,105.73,FLEXION,81.87,FLEXION,19.34,EXTENSION,40.99,EXTENSION,108.10,FLEXION,106.90,FLEXION,73.91,FLEXION,81.01,FLEXION
15.760200000000001,442,100.96,FLEXION,77.94,FLEXION,20.34,EXTENSION,43.30,EXTENSION,110.21,FLEXION,102.65,FLEXION,82.24,FLEXION,88.11,FLEXION
15.792433333333333,443,91.65,FLEXION,66.91,FLEXION,22.71,EXTENSION,37.97,NONE,138.27,EXTENSION,125.72,EXTENSION,113.33,EXTENSION,116.22,EXTENSION
15.824166666666667,444,102.96,NONE,79.58,FLEXION,18.41,NONE,32.13,FLEXION,110.20,FLEXION,89.46,FLEXION,80.28,FLEXION,79.49,FLEXION
15.856233333333334,445,99.97,NONE,128.63,EXTENSION,9.90,FLEXION,30.96,FLEXION,110.09,NONE,89.95,FLEXION,80.22,FLEXION,73.87,FLEXION
15.903966666666667,446,112.33,EXTENSION,60.03,FLEXION,10.52,FLEXION,24.13,FLEXION,92.95,FLEXION,73.97,FLEXION,77.19,FLEXION,56.38,FLEXION
15.935966666666667,447,119.03,EXTENSION,52.69,FLEXION,15.84,NONE,20.44,FLEXION,71.57,FLEXION,79.67,FLEXION,58.31,FLEXION,61.99,FLEXION
15.967933333333335,448,117.75,EXTENSION,56.75,FLEXION,12.68,FLEXION,15.93,FLEXION,66.50,FLEXION,89.79,NONE,56.04,FLEXION,76.93,NONE
15.999966666666667,449,109.25,NONE,60.45,FLEXION,7.50,FLEXION,7.23,FLEXION,149.75,EXTENSION,80.47,FLEXION,139.13,EXTENSION,61.19,FLEXION
16.03196666666667,450,130.65,EXTENSION,57.43,FLEXION,6.50,FLEXION,10.09,FLEXION,151.54,EXTENSION,146.31,EXTENSION,121.81,EXTENSION,117.50,EXTENSION
16.063933333333335,451,132.23,EXTENSION,47.84,FLEXION,11.39,NONE,35.54,EXTENSION,170.14,EXTENSION,172.63,EXTENSION,155.91,EXTENSION,163.34,EXTENSION
16.096133333333334,452,156.98,EXTENSION,81.55,EXTENSION,5.79,FLEXION,22.78,EXTENSION,162.36,EXTENSION,169.23,EXTENSION,166.57,EXTENSION,164.46,EXTENSION
16.1281,453,132.99,EXTENSION,78.34,EXTENSION,3.62,FLEXION,29.30,EXTENSION,176.20,EXTENSION,153.03,EXTENSION,158.60,EXTENSION,151.48,EXTENSION
16.1603,454,131.47,NONE,128.18,EXTENSION,1.79,FLEXION,36.87,EXTENSION,162.61,NONE,156.32,EXTENSION,164.27,EXTENSION,151.82,EXTENSION
16.1925,455,133.79,FLEXION,110.26,EXTENSION,2.62,FLEXION,38.95,EXTENSION,171.42,EXTENSION,156.72,FLEXION,142.89,FLEXION,152.42,EXTENSION
16.224133333333334,456,129.09,FLEXION,85.10,FLEXION,10.23,EXTENSION,52.80,EXTENSION,174.75,EXTENSION,148.40,FLEXION,141.48,FLEXION,133.08,FLEXION
16.2561,457,130.64,FLEXION,93.62,FLEXION,13.46,EXTENSION,46.51,EXTENSION,153.63,FLEXION,161.15,EXTENSION,160.03,EXTENSION,135.59,FLEXION
16.28816666666667,458,,NONE,,NONE,,NONE,,NONE,,NONE,,NONE,,NONE,,NONE
16.3202,459,,NONE,,NONE,,NONE,,NONE,,NONE,,NONE,,NONE,,NONE
16.368000000000002,460,,NONE,,NONE,,NONE,,NONE,,NONE,,NONE,,NONE,,NONE
16.400000000000002,461,,NONE,,NONE,,NONE,,NONE,,NONE,,NONE,,NONE,,NONE
16.431966666666668,462,,NONE,,NONE,,NONE,,NONE,,NONE,,NONE,,NONE,,NONE
16.495933333333333,463,,NONE,,NONE,,NONE,,NONE,,NONE,,NONE,,NONE,,NONE
16.528133333333333,464,,NONE,,NONE,,NONE,,NONE,,NONE,,NONE,,NONE,,NONE
16.560166666666667,465,,NONE,,NONE,,NONE,,NONE,,NONE,,NONE,,NONE,,NONE
16.592133333333333,466,,NONE,,NONE,,NONE,,NONE,,NONE,,NONE,,NONE,,NONE
16.624166666666667,467,,NONE,,NONE,,NONE,,NONE,,NONE,,NONE,,NONE,,NONE
16.656100000000002,468,,NONE,,NONE,,NONE,,NONE,,NONE,,NONE,,NONE,,NONE
16.688100000000002,469,,NONE,,NONE,,NONE,,NONE,,NONE,,NONE,,NONE,,NONE
16.720133333333333,470,,NONE,,NONE,,NONE,,NONE,,NONE,,NONE,,NONE,,NONE
16.752166666666668,471,,NONE,,NONE,,NONE,,NONE,,NONE,,NONE,,NONE,,NONE
16.799933333333335,472,,NONE,,NONE,,NONE,,NONE,,NONE,,NONE,,NONE,,NONE
16.831933333333335,473,,NONE,,NONE,,NONE,,NONE,,NONE,,NONE,,NONE,,NONE
16.8639,474,,NONE,,NONE,,NONE,,NONE,,NONE,,NONE,,NONE,,NONE
16.895966666666666,475,,NONE,,NONE,,NONE,,NONE,,NONE,,NONE,,NONE,,NONE
16.9279,476,,NONE,,NONE,,NONE,,NONE,,NONE,,NONE,,NONE,,NONE
16.960133333333335,477,,NONE,,NONE,,NONE,,NONE,,NONE,,NONE,,NONE,,NONE
16.9925,478,,NONE,,NONE,,NONE,,NONE,,NONE,,NONE,,NONE,,NONE
17.024166666666666,479,,NONE,,NONE,,NONE,,NONE,,NONE,,NONE,,NONE,,NONE
17.056133333333335,480,,NONE,,NONE,,NONE,,NONE,,NONE,,NONE,,NONE,,NONE
17.0881,481,,NONE,,NONE,,NONE,,NONE,,NONE,,NONE,,NONE,,NONE
17.120066666666666,482,,NONE,,NONE,,NONE,,NONE,,NONE,,NONE,,NONE,,NONE
17.19986666666667,483,,NONE,,NONE,,NONE,,NONE,,NONE,,NONE,,NONE,,NONE
17.231933333333334,484,,NONE,,NONE,,NONE,,NONE,,NONE,,NONE,,NONE,,NONE
17.2639,485,,NONE,,NONE,,NONE,,NONE,,NONE,,NONE,,NONE,,NONE
17.29596666666667,486,,NONE,,NONE,,NONE,,NONE,,NONE,,NONE,,NONE,,NONE
17.327933333333334,487,,NONE,,NONE,,NONE,,NONE,,NONE,,NONE,,NONE,,NONE
17.359933333333334,488,,NONE,,NONE,,NONE,,NONE,,NONE,,NONE,,NONE,,NONE
17.392133333333334,489,,NONE,,NONE,,NONE,,NONE,,NONE,,NONE,,NONE,,NONE
17.42406666666667,490,,NONE,,NONE,,NONE,,NONE,,NONE,,NONE,,NONE,,NONE
17.456133333333334,491,,NONE,,NONE,,NONE,,NONE,,NONE,,NONE,,NONE,,NONE
17.488133333333334,492,,NONE,,NONE,,NONE,,NONE,,NONE,,NONE,,NONE,,NONE
17.5201,493,,NONE,,NONE,,NONE,,NONE,,NONE,,NONE,,NONE,,NONE
17.5521,494,,NONE,,NONE,,NONE,,NONE,,NONE,,NONE,,NONE,,NONE
17.58416666666667,495,,NONE,,NONE,,NONE,,NONE,,NONE,,NONE,,NONE,,NONE
17.61616666666667,496,,NONE,,NONE,,NONE,,NONE,,NONE,,NONE,,NONE,,NONE
17.6639,497,,NONE,,NONE,,NONE,,NONE,,NONE,,NONE,,NONE,,NONE
17.695933333333333,498,,NONE,,NONE,,NONE,,NONE,,NONE,,NONE,,NONE,,NONE
17.7279,499,,NONE,,NONE,,NONE,,NONE,,NONE,,NONE,,NONE,,NONE
17.760133333333336,500,,NONE,,NONE,,NONE,,NONE,,NONE,,NONE,,NONE,,NONE
17.792166666666667,501,,NONE,,NONE,,NONE,,NONE,,NONE,,NONE,,NONE,,NONE
17.824133333333336,502,,NONE,,NONE,,NONE,,NONE,,NONE,,NONE,,NONE,,NONE
17.919933333333333,503,,NONE,,NONE,,NONE,,NONE,,NONE,,NONE,,NONE,,NONE
17.9521,504,,NONE,,NONE,,NONE,,NONE,,NONE,,NONE,,NONE,,NONE
17.984133333333336,505,,NONE,,NONE,,NONE,,NONE,,NONE,,NONE,,NONE,,NONE
18.0162,506,,NONE,,NONE,,NONE,,NONE,,NONE,,NONE,,NONE,,NONE
18.0639,507,,NONE,,NONE,,NONE,,NONE,,NONE,,NONE,,NONE,,NONE
18.095933333333335,508,,NONE,,NONE,,NONE,,NONE,,NONE,,NONE,,NONE,,NONE
18.1279,509,,NONE,,NONE,,NONE,,NONE,,NONE,,NONE,,NONE,,NONE
18.19196666666667,510,,NONE,,NONE,,NONE,,NONE,,NONE,,NONE,,NONE,,NONE
18.2241,511,,NONE,,NONE,,NONE,,NONE,,NONE,,NONE,,NONE,,NONE
18.256133333333334,512,,NONE,,NONE,,NONE,,NONE,,NONE,,NONE,,NONE,,NONE
18.2881,513,,NONE,,NONE,,NONE,,NONE,,NONE,,NONE,,NONE,,NONE
18.32016666666667,514,,NONE,,NONE,,NONE,,NONE,,NONE,,NONE,,NONE,,NONE
18.3839,515,,NONE,,NONE,,NONE,,NONE,,NONE,,NONE,,NONE,,NONE
18.41616666666667,516,,NONE,,NONE,,NONE,,NONE,,NONE,,NONE,,NONE,,NONE
18.44816666666667,517,,NONE,,NONE,,NONE,,NONE,,NONE,,NONE,,NONE,,NONE
18.495933333333333,518,,NONE,,NONE,,NONE,,NONE,,NONE,,NONE,,NONE,,NONE
18.527966666666668,519,,NONE,,NONE,,NONE,,NONE,,NONE,,NONE,,NONE,,NONE
18.559966666666668,520,,NONE,,NONE,,NONE,,NONE,,NONE,,NONE,,NONE,,NONE
18.591966666666668,521,,NONE,,NONE,,NONE,,NONE,,NONE,,NONE,,NONE,,NONE
18.623933333333333,522,,NONE,,NONE,,NONE,,NONE,,NONE,,NONE,,NONE,,NONE
18.656133333333333,523,,NONE,,NONE,,NONE,,NONE,,NONE,,NONE,,NONE,,NONE
18.688166666666667,524,,NONE,,NONE,,NONE,,NONE,,NONE,,NONE,,NONE,,NONE
18.720100000000002,525,,NONE,,NONE,,NONE,,NONE,,NONE,,NONE,,NONE,,NONE
18.752133333333333,526,,NONE,,NONE,,NONE,,NONE,,NONE,,NONE,,NONE,,NONE
18.784100000000002,527,,NONE,,NONE,,NONE,,NONE,,NONE,,NONE,,NONE,,NONE
18.816100000000002,528,,NONE,,NONE,,NONE,,NONE,,NONE,,NONE,,NONE,,NONE
18.848300000000002,529,,NONE,,NONE,,NONE,,NONE,,NONE,,NONE,,NONE,,NONE
18.880200000000002,530,,NONE,,NONE,,NONE,,NONE,,NONE,,NONE,,NONE,,NONE
18.927933333333335,531,,NONE,,NONE,,NONE,,NONE,,NONE,,NONE,,NONE,,NONE
18.9599,532,,NONE,,NONE,,NONE,,NONE,,NONE,,NONE,,NONE,,NONE
19.023933333333336,533,,NONE,,NONE,,NONE,,NONE,,NONE,,NONE,,NONE,,NONE
19.0559,534,,NONE,,NONE,,NONE,,NONE,,NONE,,NONE,,NONE,,NONE
19.088133333333335,535,,NONE,,NONE,,NONE,,NONE,,NONE,,NONE,,NONE,,NONE
19.1201,536,,NONE,,NONE,,NONE,,NONE,,NONE,,NONE,,NONE,,NONE
19.152133333333335,537,,NONE,,NONE,,NONE,,NONE,,NONE,,NONE,,NONE,,NONE
19.184166666666666,538,,NONE,,NONE,,NONE,,NONE,,NONE,,NONE,,NONE,,NONE
19.2161,539,,NONE,,NONE,,NONE,,NONE,,NONE,,NONE,,NONE,,NONE
19.2481,540,,NONE,,NONE,,NONE,,NONE,,NONE,,NONE,,NONE,,NONE
19.280166666666666,541,,NONE,,NONE,,NONE,,NONE,,NONE,,NONE,,NONE,,NONE
19.32796666666667,542,,NONE,,NONE,,NONE,,NONE,,NONE,,NONE,,NONE,,NONE
19.359933333333334,543,,NONE,,NONE,,NONE,,NONE,,NONE,,NONE,,NONE,,NONE
19.391933333333334,544,,NONE,,NONE,,NONE,,NONE,,NONE,,NONE,,NONE,,NONE
19.424,545,,NONE,,NONE,,NONE,,NONE,,NONE,,NONE,,NONE,,NONE
19.455933333333334,546,,NONE,,NONE,,NONE,,NONE,,NONE,,NONE,,NONE,,NONE
19.488033333333334,547,,NONE,,NONE,,NONE,,NONE,,NONE,,NONE,,NONE,,NONE
19.520166666666668,548,,NONE,,NONE,,NONE,,NONE,,NONE,,NONE,,NONE,,NONE
19.552033333333334,549,,NONE,,NONE,,NONE,,NONE,,NONE,,NONE,,NONE,,NONE
19.616133333333334,550,,NONE,,NONE,,NONE,,NONE,,NONE,,NONE,,NONE,,NONE
19.6482,551,,NONE,,NONE,,NONE,,NONE,,NONE,,NONE,,NONE,,NONE
19.680133333333334,552,,NONE,,NONE,,NONE,,NONE,,NONE,,NONE,,NONE,,NONE
19.712233333333334,553,,NONE,,NONE,,NONE,,NONE,,NONE,,NONE,,NONE,,NONE
19.76,554,,NONE,,NONE,,NONE,,NONE,,NONE,,NONE,,NONE,,NONE
19.791933333333333,555,,NONE,,NONE,,NONE,,NONE,,NONE,,NONE,,NONE,,NONE
19.823933333333333,556,,NONE,,NONE,,NONE,,NONE,,NONE,,NONE,,NONE,,NONE
19.855966666666667,557,,NONE,,NONE,,NONE,,NONE,,NONE,,NONE,,NONE,,NONE
19.887933333333333,558,,NONE,,NONE,,NONE,,NONE,,NONE,,NONE,,NONE,,NONE
19.919966666666667,559,,NONE,,NONE,,NONE,,NONE,,NONE,,NONE,,NONE,,NONE
19.952166666666667,560,,NONE,,NONE,,NONE,,NONE,,NONE,,NONE,,NONE,,NONE
19.984133333333336,561,,NONE,,NONE,,NONE,,NONE,,NONE,,NONE,,NONE,,NONE
20.016166666666667,562,,NONE,,NONE,,NONE,,NONE,,NONE,,NONE,,NONE,,NONE
20.0482,563,,NONE,,NONE,,NONE,,NONE,,NONE,,NONE,,NONE,,NONE
20.0804,564,,NONE,,NONE,,NONE,,NONE,,NONE,,NONE,,NONE,,NONE
20.112133333333333,565,,NONE,,NONE,,NONE,,NONE,,NONE,,NONE,,NONE,,NONE
20.1442,566,,NONE,,NONE,,NONE,,NONE,,NONE,,NONE,,NONE,,NONE
20.176166666666667,567,,NONE,,NONE,,NONE,,NONE,,NONE,,NONE,,NONE,,NONE
20.22396666666667,568,,NONE,,NONE,,NONE,,NONE,,NONE,,NONE,,NONE,,NONE
20.25596666666667,569,,NONE,,NONE,,NONE,,NONE,,NONE,,NONE,,NONE,,NONE
20.287933333333335,570,,NONE,,NONE,,NONE,,NONE,,NONE,,NONE,,NONE,,NONE
20.31996666666667,571,,NONE,,NONE,,NONE,,NONE,,NONE,,NONE,,NONE,,NONE
20.351966666666666,572,,NONE,,NONE,,NONE,,NONE,,NONE,,NONE,,NONE,,NONE
20.384133333333335,573,,NONE,,NONE,,NONE,,NONE,,NONE,,NONE,,NONE,,NONE
20.41616666666667,574,,NONE,,NONE,,NONE,,NONE,,NONE,,NONE,,NONE,,NONE
20.480033333333335,575,,NONE,,NONE,,NONE,,NONE,,NONE,,NONE,,NONE,,NONE
20.512133333333335,576,,NONE,,NONE,,NONE,,NONE,,NONE,,NONE,,NONE,,NONE
20.544233333333334,577,,NONE,,NONE,,NONE,,NONE,,NONE,,NONE,,NONE,,NONE
20.5762,578,,NONE,,NONE,,NONE,,NONE,,NONE,,NONE,,NONE,,NONE
20.655966666666668,579,,NONE,,NONE,,NONE,,NONE,,NONE,,NONE,,NONE,,NONE
20.687966666666668,580,,NONE,,NONE,,NONE,,NONE,,NONE,,NONE,,NONE,,NONE
20.719933333333334,581,,NONE,,NONE,,NONE,,NONE,,NONE,,NONE,,NONE,,NONE
20.752000000000002,582,,NONE,,NONE,,NONE,,NONE,,NONE,,NONE,,NONE,,NONE
20.783933333333334,583,,NONE,,NONE,,NONE,,NONE,,NONE,,NONE,,NONE,,NONE
20.816166666666668,584,,NONE,,NONE,,NONE,,NONE,,NONE,,NONE,,NONE,,NONE
20.848166666666668,585,,NONE,,NONE,,NONE,,NONE,,NONE,,NONE,,NONE,,NONE
20.8806,586,,NONE,,NONE,,NONE,,NONE,,NONE,,NONE,,NONE,,NONE
20.912266666666667,587,,NONE,,NONE,,NONE,,NONE,,NONE,,NONE,,NONE,,NONE
20.976166666666668,588,,NONE,,NONE,,NONE,,NONE,,NONE,,NONE,,NONE,,NONE
21.008166666666668,589,,NONE,,NONE,,NONE,,NONE,,NONE,,NONE,,NONE,,NONE
21.055933333333336,590,,NONE,,NONE,,NONE,,NONE,,NONE,,NONE,,NONE,,NONE
21.087966666666667,591,,NONE,,NONE,,NONE,,NONE,,NONE,,NONE,,NONE,,NONE
21.183966666666667,592,,NONE,,NONE,,NONE,,NONE,,NONE,,NONE,,NONE,,NONE
21.215933333333336,593,,NONE,,NONE,,NONE,,NONE,,NONE,,NONE,,NONE,,NONE
21.28,594,,NONE,,NONE,,NONE,,NONE,,NONE,,NONE,,NONE,,NONE
21.312233333333335,595,,NONE,,NONE,,NONE,,NONE,,NONE,,NONE,,NONE,,NONE
21.344133333333335,596,,NONE,,NONE,,NONE,,NONE,,NONE,,NONE,,NONE,,NONE
21.376133333333335,597,,NONE,,NONE,,NONE,,NONE,,NONE,,NONE,,NONE,,NONE
21.4082,598,106.12,FLEXION,116.90,EXTENSION,45.04,EXTENSION,16.04,FLEXION,164.38,FLEXION,138.95,FLEXION,100.63,FLEXION,60.99,FLEXION
21.4402,599,131.57,EXTENSION,145.58,EXTENSION,46.22,EXTENSION,12.64,FLEXION,162.07,FLEXION,161.21,EXTENSION,134.32,FLEXION,147.42,EXTENSION
21.48796666666667,600,,NONE,,NONE,,NONE,,NONE,,NONE,,NONE,,NONE,,NONE
21.519933333333334,601,128.49,EXTENSION,119.90,EXTENSION,95.81,EXTENSION,98.77,EXTENSION,114.33,FLEXION,85.02,FLEXION,118.98,FLEXION,92.07,FLEXION
21.551933333333334,602,82.80,FLEXION,154.42,EXTENSION,59.28,EXTENSION,23.57,FLEXION,141.17,FLEXION,131.05,FLEXION,162.26,EXTENSION,159.30,EXTENSION
21.58396666666667,603,101.78,FLEXION,122.96,FLEXION,66.83,EXTENSION,42.97,EXTENSION,143.33,FLEXION,124.80,FLEXION,169.36,EXTENSION,166.10,EXTENSION
21.6159,604,142.05,EXTENSION,135.33,EXTENSION,145.32,EXTENSION,87.64,EXTENSION,102.90,FLEXION,108.78,FLEXION,141.86,EXTENSION,149.11,EXTENSION
21.648133333333334,605,127.52,EXTENSION,150.45,EXTENSION,131.52,EXTENSION,87.70,EXTENSION,89.94,FLEXION,73.95,FLEXION,144.72,NONE,141.48,NONE
21.680200000000003,606,,NONE,,NONE,,NONE,,NONE,,NONE,,NONE,,NONE,,NONE
21.71216666666667,607,,NONE,,NONE,,NONE,,NONE,,NONE,,NONE,,NONE,,NONE
21.74416666666667,608,,NONE,,NONE,,NONE,,NONE,,NONE,,NONE,,NONE,,NONE
21.776133333333334,609,,NONE,,NONE,,NONE,,NONE,,NONE,,NONE,,NONE,,NONE
21.808133333333334,610,,NONE,,NONE,,NONE,,NONE,,NONE,,NONE,,NONE,,NONE
21.8402,611,,NONE,,NONE,,NONE,,NONE,,NONE,,NONE,,NONE,,NONE
21.8722,612,,NONE,,NONE,,NONE,,NONE,,NONE,,NONE,,NONE,,NONE
21.919933333333333,613,,NONE,,NONE,,NONE,,NONE,,NONE,,NONE,,NONE,,NONE
21.951933333333333,614,,NONE,,NONE,,NONE,,NONE,,NONE,,NONE,,NONE,,NONE
21.983966666666667,615,,NONE,,NONE,,NONE,,NONE,,NONE,,NONE,,NONE,,NONE
22.015966666666667,616,,NONE,,NONE,,NONE,,NONE,,NONE,,NONE,,NONE,,NONE
22.047900000000002,617,160.27,EXTENSION,149.61,EXTENSION,18.42,FLEXION,11.73,FLEXION,153.94,EXTENSION,143.93,EXTENSION,163.96,EXTENSION,160.26,EXTENSION
22.080133333333336,618,158.36,EXTENSION,165.06,EXTENSION,17.51,FLEXION,18.47,FLEXION,169.39,EXTENSION,151.57,EXTENSION,164.52,EXTENSION,164.07,EXTENSION
22.112166666666667,619,162.38,EXTENSION,153.32,EXTENSION,9.10,FLEXION,40.00,FLEXION,165.05,EXTENSION,161.92,EXTENSION,164.24,EXTENSION,160.79,EXTENSION
22.1441,620,161.58,EXTENSION,153.57,EXTENSION,10.56,FLEXION,30.57,FLEXION,163.85,EXTENSION,172.13,EXTENSION,177.44,EXTENSION,166.55,EXTENSION
22.176166666666667,621,155.37,NONE,156.41,EXTENSION,11.09,FLEXION,27.53,FLEXION,163.11,EXTENSION,152.04,EXTENSION,177.06,EXTENSION,172.70,EXTENSION
22.208133333333336,622,149.84,FLEXION,151.32,FLEXION,12.75,NONE,20.51,FLEXION,160.60,FLEXION,149.44,FLEXION,176.94,EXTENSION,170.33,EXTENSION
22.240133333333333,623,149.38,FLEXION,148.23,FLEXION,12.47,NONE,16.12,FLEXION,159.69,FLEXION,147.38,FLEXION,176.87,EXTENSION,169.68,EXTENSION
22.2722,624,147.50,FLEXION,167.20,EXTENSION,12.54,NONE,13.83,FLEXION,157.67,FLEXION,145.21,FLEXION,173.69,NONE,170.16,EXTENSION
22.3042,625,150.05,FLEXION,171.45,EXTENSION,13.88,NONE,18.71,FLEXION,154.51,FLEXION,145.43,FLEXION,173.85,FLEXION,170.56,NONE
22.35196666666667,626,149.66,NONE,174.80,EXTENSION,14.56,EXTENSION,21.54,EXTENSION,154.43,FLEXION,148.70,NONE,175.38,NONE,171.49,NONE
22.383933333333335,627,148.32,NONE,173.58,EXTENSION,17.25,EXTENSION,24.38,EXTENSION,155.29,FLEXION,149.24,EXTENSION,178.08,EXTENSION,170.43,NONE
22.415933333333335,628,150.05,NONE,171.49,EXTENSION,17.08,EXTENSION,25.88,EXTENSION,157.47,NONE,149.80,EXTENSION,177.85,EXTENSION,172.48,EXTENSION
22.448,629,145.75,FLEXION,174.74,EXTENSION,16.16,NONE,26.60,EXTENSION,153.59,FLEXION,145.23,FLEXION,176.85,NONE,173.96,EXTENSION
22.48,630,147.80,NONE,175.90,EXTENSION,15.72,NONE,25.28,NONE,153.50,NONE,145.52,FLEXION,176.31,NONE,172.13,NONE
22.511966666666666,631,149.02,NONE,175.50,NONE,16.82,NONE,23.83,NONE,153.38,NONE,145.69,FLEXION,175.54,NONE,172.22,NONE
22.57616666666667,632,151.21,EXTENSION,174.18,NONE,9.92,FLEXION,23.12,FLEXION,155.06,NONE,150.49,EXTENSION,166.98,FLEXION,168.54,FLEXION
22.608,633,147.99,NONE,173.29,NONE,9.12,FLEXION,20.76,FLEXION,154.07,NONE,152.25,EXTENSION,167.33,FLEXION,169.72,FLEXION
22.64016666666667,634,151.47,EXTENSION,173.22,NONE,7.05,FLEXION,17.29,FLEXION,153.08,NONE,151.87,EXTENSION,170.69,NONE,171.95,NONE
22.7039,635,148.59,NONE,141.74,FLEXION,8.36,FLEXION,12.90,FLEXION,148.82,FLEXION,150.13,NONE,166.52,FLEXION,171.20,NONE
22.73616666666667,636,151.46,NONE,140.76,FLEXION,16.11,EXTENSION,19.94,NONE,149.74,FLEXION,155.23,EXTENSION,167.59,NONE,170.71,NONE
22.7682,637,154.81,EXTENSION,141.35,FLEXION,15.18,EXTENSION,15.68,FLEXION,154.77,EXTENSION,166.62,EXTENSION,165.92,NONE,169.55,NONE
22.816000000000003,638,157.07,EXTENSION,157.96,EXTENSION,15.84,EXTENSION,7.86,FLEXION,161.51,EXTENSION,168.27,EXTENSION,167.22,NONE,167.50,FLEXION
22.848000000000003,639,153.86,NONE,167.29,EXTENSION,16.33,EXTENSION,0.97,FLEXION,160.83,EXTENSION,165.80,EXTENSION,168.49,NONE,169.58,NONE
22.879966666666668,640,157.31,EXTENSION,155.26,EXTENSION,15.99,NONE,3.29,FLEXION,157.69,EXTENSION,166.61,EXTENSION,166.50,NONE,173.81,EXTENSION
22.911933333333334,641,160.65,EXTENSION,163.91,EXTENSION,14.70,NONE,2.51,FLEXION,158.61,NONE,169.76,EXTENSION,163.45,FLEXION,172.56,EXTENSION
22.944066666666668,642,165.59,EXTENSION,166.73,EXTENSION,14.52,NONE,4.71,NONE,165.14,EXTENSION,171.86,EXTENSION,165.85,NONE,172.37,NONE
23.0079,643,165.66,EXTENSION,157.47,FLEXION,14.84,NONE,14.24,EXTENSION,169.55,EXTENSION,170.34,NONE,161.95,FLEXION,174.41,EXTENSION
23.040166666666668,644,167.87,EXTENSION,150.18,FLEXION,16.72,NONE,10.78,EXTENSION,168.82,EXTENSION,171.30,EXTENSION,160.94,FLEXION,171.50,NONE
23.072133333333333,645,170.47,EXTENSION,147.20,FLEXION,17.19,NONE,14.15,EXTENSION,168.13,EXTENSION,171.81,NONE,165.80,EXTENSION,166.88,FLEXION
23.104133333333333,646,172.43,EXTENSION,142.12,FLEXION,20.65,EXTENSION,18.32,EXTENSION,159.75,FLEXION,171.05,NONE,162.29,NONE,168.51,FLEXION
23.183966666666667,647,174.63,EXTENSION,133.51,FLEXION,15.66,NONE,16.55,EXTENSION,151.96,FLEXION,151.34,FLEXION,170.71,EXTENSION,172.66,NONE
23.2479,648,166.84,FLEXION,136.29,FLEXION,14.79,FLEXION,17.45,EXTENSION,153.07,FLEXION,154.65,FLEXION,170.37,EXTENSION,174.73,EXTENSION
23.279966666666667,649,158.40,FLEXION,133.44,FLEXION,10.06,FLEXION,17.46,EXTENSION,151.77,FLEXION,149.53,FLEXION,172.03,EXTENSION,174.71,EXTENSION
23.311933333333336,650,149.88,FLEXION,136.43,FLEXION,10.22,FLEXION,19.80,EXTENSION,152.28,FLEXION,150.91,FLEXION,174.97,EXTENSION,175.77,EXTENSION
23.344166666666666,651,148.36,FLEXION,134.12,FLEXION,13.16,NONE,22.50,EXTENSION,154.87,NONE,145.78,FLEXION,176.15,EXTENSION,174.49,NONE
23.376166666666666,652,149.34,FLEXION,135.23,NONE,15.37,EXTENSION,24.73,EXTENSION,156.68,EXTENSION,150.20,NONE,177.47,EXTENSION,175.27,NONE
23.44,653,146.43,FLEXION,124.21,FLEXION,18.94,EXTENSION,27.13,EXTENSION,153.26,NONE,150.25,NONE,178.55,EXTENSION,172.45,FLEXION
23.472133333333336,654,137.69,FLEXION,120.35,FLEXION,20.58,EXTENSION,26.40,EXTENSION,152.61,NONE,146.74,FLEXION,179.48,EXTENSION,174.11,NONE
23.504133333333336,655,138.93,FLEXION,124.44,FLEXION,21.44,EXTENSION,27.63,EXTENSION,149.88,FLEXION,145.65,FLEXION,179.71,EXTENSION,174.12,NONE
23.536233333333335,656,139.08,FLEXION,121.91,FLEXION,21.98,EXTENSION,27.69,EXTENSION,150.53,FLEXION,144.89,FLEXION,175.52,FLEXION,171.89,FLEXION
23.58396666666667,657,139.73,FLEXION,122.21,FLEXION,23.35,EXTENSION,28.21,NONE,149.30,FLEXION,142.33,FLEXION,170.36,FLEXION,168.12,FLEXION
23.616,658,139.66,NONE,118.13,FLEXION,22.83,NONE,25.89,NONE,150.38,NONE,147.18,NONE,169.84,FLEXION,168.15,FLEXION
23.648,659,140.04,NONE,119.24,FLEXION,21.99,NONE,26.37,NONE,148.74,NONE,151.26,EXTENSION,168.55,FLEXION,163.14,FLEXION
23.711933333333334,660,141.36,NONE,123.03,NONE,21.97,NONE,29.03,NONE,143.69,FLEXION,157.34,EXTENSION,155.61,FLEXION,152.58,FLEXION
23.744,661,143.29,EXTENSION,123.72,EXTENSION,24.84,EXTENSION,28.67,NONE,142.84,FLEXION,162.36,EXTENSION,162.62,FLEXION,172.13,EXTENSION
23.77616666666667,662,146.07,EXTENSION,131.76,EXTENSION,29.64,EXTENSION,35.81,EXTENSION,140.61,FLEXION,161.98,EXTENSION,162.32,FLEXION,173.20,EXTENSION
23.80816666666667,663,147.09,EXTENSION,134.68,EXTENSION,31.42,EXTENSION,38.79,EXTENSION,140.33,FLEXION,158.96,EXTENSION,163.36,NONE,174.54,EXTENSION
23.8402,664,145.26,NONE,131.55,EXTENSION,31.78,EXTENSION,36.05,EXTENSION,138.49,FLEXION,162.75,EXTENSION,158.98,FLEXION,175.56,EXTENSION
23.872133333333334,665,143.98,NONE,129.90,NONE,28.52,NONE,34.78,NONE,143.13,NONE,160.71,NONE,163.18,EXTENSION,176.05,EXTENSION
23.90416666666667,666,143.03,FLEXION,117.87,FLEXION,28.47,NONE,24.86,FLEXION,141.16,NONE,162.11,NONE,168.62,EXTENSION,175.17,NONE
23.936233333333334,667,144.84,NONE,130.79,NONE,33.47,EXTENSION,30.25,FLEXION,141.34,NONE,163.94,EXTENSION,170.93,EXTENSION,172.52,FLEXION
23.984033333333336,668,142.22,FLEXION,116.14,FLEXION,30.90,NONE,24.11,FLEXION,143.99,EXTENSION,166.78,EXTENSION,172.00,EXTENSION,173.17,NONE
24.015966666666667,669,142.36,NONE,118.63,FLEXION,32.65,EXTENSION,25.77,FLEXION,144.11,EXTENSION,169.02,EXTENSION,172.05,EXTENSION,172.56,NONE
24.047933333333333,670,145.84,EXTENSION,116.03,FLEXION,34.63,EXTENSION,27.18,NONE,143.58,NONE,167.53,EXTENSION,173.30,EXTENSION,171.97,NONE
24.079966666666667,671,154.12,EXTENSION,116.46,FLEXION,33.56,NONE,29.55,EXTENSION,143.20,NONE,163.95,NONE,173.53,EXTENSION,169.83,FLEXION
24.112000000000002,672,156.46,EXTENSION,115.56,FLEXION,31.35,NONE,33.18,EXTENSION,140.49,FLEXION,161.52,FLEXION,173.67,NONE,168.05,FLEXION
24.143933333333333,673,159.29,EXTENSION,112.96,FLEXION,44.63,EXTENSION,36.74,EXTENSION,136.13,FLEXION,160.84,FLEXION,173.46,NONE,165.23,FLEXION
24.207933333333333,674,149.03,FLEXION,102.00,FLEXION,60.82,EXTENSION,43.19,EXTENSION,130.15,FLEXION,156.37,FLEXION,157.37,FLEXION,145.06,FLEXION
24.240166666666667,675,149.36,FLEXION,102.24,FLEXION,66.03,EXTENSION,41.32,EXTENSION,128.32,FLEXION,153.06,FLEXION,136.97,FLEXION,133.16,FLEXION
24.272133333333336,676,149.11,FLEXION,114.28,EXTENSION,65.58,EXTENSION,37.12,NONE,126.82,FLEXION,154.49,FLEXION,123.54,FLEXION,126.09,FLEXION
24.3042,677,154.31,NONE,109.01,NONE,69.76,EXTENSION,37.35,NONE,129.31,FLEXION,153.38,FLEXION,119.64,FLEXION,126.53,FLEXION
24.3362,678,154.50,EXTENSION,110.34,EXTENSION,69.58,EXTENSION,36.01,FLEXION,130.49,NONE,159.23,EXTENSION,140.51,NONE,137.53,NONE
24.3682,679,152.64,NONE,109.43,NONE,63.22,FLEXION,42.17,EXTENSION,133.39,EXTENSION,163.11,EXTENSION,148.96,EXTENSION,148.48,EXTENSION
24.41596666666667,680,134.02,FLEXION,111.54,EXTENSION,60.99,FLEXION,41.34,EXTENSION,138.21,EXTENSION,164.94,EXTENSION,169.04,EXTENSION,156.90,EXTENSION
24.447933333333335,681,127.47,FLEXION,113.21,EXTENSION,59.97,FLEXION,44.63,EXTENSION,139.09,EXTENSION,165.85,EXTENSION,172.27,EXTENSION,161.23,EXTENSION
24.47996666666667,682,136.55,FLEXION,113.40,EXTENSION,53.39,FLEXION,39.73,NONE,139.74,EXTENSION,168.70,EXTENSION,174.57,EXTENSION,163.90,EXTENSION
24.5119,683,140.35,NONE,114.54,EXTENSION,48.74,FLEXION,38.55,FLEXION,140.15,EXTENSION,170.97,EXTENSION,174.60,EXTENSION,166.09,EXTENSION
24.54396666666667,684,144.01,EXTENSION,113.21,NONE,48.56,FLEXION,38.42,FLEXION,140.01,NONE,173.28,EXTENSION,174.29,EXTENSION,167.20,EXTENSION
24.57616666666667,685,143.58,EXTENSION,110.97,FLEXION,49.37,FLEXION,38.79,NONE,139.67,NONE,175.18,EXTENSION,174.01,NONE,171.51,EXTENSION
24.6402,686,139.05,NONE,109.97,FLEXION,48.17,FLEXION,36.03,FLEXION,137.56,FLEXION,177.09,EXTENSION,174.65,NONE,174.40,EXTENSION
24.6722,687,143.16,EXTENSION,114.67,EXTENSION,44.87,FLEXION,27.69,FLEXION,139.49,NONE,176.49,EXTENSION,174.63,NONE,174.08,EXTENSION
24.704133333333335,688,142.41,NONE,110.85,NONE,42.70,FLEXION,26.83,FLEXION,139.20,NONE,172.37,FLEXION,174.97,NONE,172.51,NONE
24.7362,689,148.47,EXTENSION,112.77,NONE,34.41,FLEXION,26.07,FLEXION,139.11,NONE,173.71,NONE,175.91,NONE,170.16,NONE
24.768600000000003,690,145.36,EXTENSION,111.05,NONE,37.66,FLEXION,24.74,FLEXION,137.81,NONE,174.66,NONE,176.04,NONE,169.41,FLEXION
24.816000000000003,691,156.05,EXTENSION,111.45,NONE,31.73,FLEXION,24.10,FLEXION,138.06,NONE,172.59,FLEXION,174.46,NONE,171.74,NONE
24.847933333333334,692,162.56,EXTENSION,108.80,FLEXION,24.62,FLEXION,23.88,FLEXION,138.40,NONE,170.83,FLEXION,173.77,NONE,173.07,NONE
24.880000000000003,693,162.29,EXTENSION,108.32,FLEXION,30.73,FLEXION,20.82,FLEXION,138.95,NONE,170.75,FLEXION,173.64,NONE,169.42,NONE
24.912000000000003,694,154.31,NONE,103.36,FLEXION,31.10,NONE,19.86,FLEXION,139.47,NONE,171.76,NONE,175.14,NONE,169.40,NONE
24.943933333333334,695,162.98,EXTENSION,97.69,FLEXION,23.97,FLEXION,17.82,FLEXION,140.95,EXTENSION,168.44,FLEXION,176.77,EXTENSION,171.05,NONE
24.976133333333333,696,149.28,FLEXION,78.64,FLEXION,52.04,EXTENSION,29.72,EXTENSION,140.05,NONE,169.44,NONE,173.67,NONE,166.58,FLEXION
25.008133333333333,697,149.19,FLEXION,84.78,FLEXION,48.04,EXTENSION,22.70,NONE,140.43,NONE,170.11,NONE,173.49,NONE,169.68,NONE
25.040133333333333,698,162.03,EXTENSION,86.48,FLEXION,37.79,NONE,17.72,FLEXION,142.43,EXTENSION,167.86,FLEXION,174.00,NONE,169.20,NONE
25.072200000000002,699,156.90,NONE,81.84,FLEXION,32.97,FLEXION,18.44,FLEXION,141.98,NONE,166.13,FLEXION,174.31,NONE,170.07,NONE
25.104133333333333,700,149.77,FLEXION,60.33,FLEXION,34.76,FLEXION,38.51,EXTENSION,138.82,FLEXION,167.27,NONE,175.42,NONE,172.14,EXTENSION
25.136200000000002,701,144.02,FLEXION,67.58,FLEXION,40.22,NONE,40.33,EXTENSION,135.14,FLEXION,166.70,NONE,176.66,EXTENSION,169.87,NONE
25.168233333333333,702,158.91,EXTENSION,89.65,EXTENSION,39.82,NONE,51.02,EXTENSION,133.29,FLEXION,165.51,FLEXION,177.53,EXTENSION,171.20,NONE
25.216,703,159.48,EXTENSION,80.06,EXTENSION,37.27,NONE,35.59,EXTENSION,135.03,FLEXION,165.96,NONE,178.14,EXTENSION,171.32,NONE
25.247966666666667,704,158.14,EXTENSION,78.90,EXTENSION,37.44,NONE,34.64,FLEXION,135.16,NONE,165.94,NONE,178.49,EXTENSION,171.57,NONE
25.279966666666667,705,158.15,EXTENSION,77.38,EXTENSION,36.00,NONE,32.53,FLEXION,136.55,NONE,164.87,NONE,177.75,NONE,171.21,NONE
25.312,706,156.62,NONE,76.78,NONE,36.67,NONE,31.36,FLEXION,136.35,NONE,165.17,NONE,178.23,NONE,171.07,NONE
25.344,707,155.13,FLEXION,76.13,FLEXION,35.87,NONE,31.55,FLEXION,136.65,NONE,165.05,NONE,178.32,NONE,169.89,NONE
25.376166666666666,708,151.94,FLEXION,78.28,NONE,36.64,NONE,24.67,FLEXION,138.80,EXTENSION,164.69,NONE,178.50,NONE,169.81,NONE
25.408166666666666,709,152.00,FLEXION,75.56,NONE,37.48,NONE,25.21,FLEXION,138.67,NONE,164.06,NONE,178.41,NONE,169.44,NONE
25.440133333333335,710,151.41,FLEXION,71.19,FLEXION,37.94,NONE,26.21,FLEXION,138.62,NONE,164.34,NONE,178.02,NONE,169.43,NONE
25.4722,711,149.94,FLEXION,68.53,FLEXION,38.37,NONE,26.86,NONE,138.12,NONE,164.81,NONE,178.01,NONE,169.79,NONE
25.5042,712,151.78,NONE,66.47,FLEXION,38.50,NONE,26.91,NONE,138.10,NONE,163.62,NONE,177.93,NONE,170.52,NONE
25.536166666666666,713,156.79,EXTENSION,62.73,FLEXION,36.72,NONE,29.05,EXTENSION,138.32,NONE,162.58,NONE,178.25,NONE,170.02,NONE
25.568233333333332,714,158.51,EXTENSION,61.60,FLEXION,35.71,FLEXION,30.62,EXTENSION,138.33,NONE,162.16,NONE,178.22,NONE,170.76,NONE
25.600266666666666,715,158.44,EXTENSION,60.54,FLEXION,33.63,FLEXION,29.97,EXTENSION,139.11,NONE,161.29,FLEXION,178.71,NONE,169.65,NONE
25.64796666666667,716,159.37,EXTENSION,60.75,FLEXION,34.64,NONE,30.20,NONE,138.72,NONE,159.63,FLEXION,179.06,NONE,169.76,NONE
25.680033333333334,717,157.35,NONE,59.04,FLEXION,35.33,NONE,30.17,NONE,138.15,NONE,160.56,NONE,179.34,NONE,168.84,NONE
25.712,718,156.69,NONE,58.87,FLEXION,35.27,NONE,30.13,NONE,138.01,NONE,161.12,NONE,179.51,NONE,168.94,NONE
25.744,719,156.19,NONE,64.08,EXTENSION,37.14,EXTENSION,26.88,FLEXION,137.92,NONE,161.30,NONE,179.46,NONE,169.29,NONE
25.776,720,151.45,FLEXION,72.56,EXTENSION,41.46,EXTENSION,21.88,FLEXION,138.20,NONE,161.19,NONE,179.42,NONE,168.59,NONE
25.80816666666667,721,148.90,FLEXION,75.93,EXTENSION,42.17,EXTENSION,20.12,FLEXION,139.01,NONE,161.03,NONE,178.73,NONE,168.69,NONE
25.84016666666667,722,156.37,EXTENSION,72.65,EXTENSION,40.79,EXTENSION,22.39,FLEXION,138.89,NONE,161.08,NONE,178.35,NONE,168.98,NONE
25.872200000000003,723,160.65,EXTENSION,70.97,EXTENSION,37.21,FLEXION,23.52,NONE,138.60,NONE,160.97,NONE,178.31,NONE,170.00,NONE
25.904233333333334,724,158.70,EXTENSION,70.95,NONE,37.07,FLEXION,23.74,NONE,138.66,NONE,161.10,NONE,178.26,NONE,170.14,NONE
25.936133333333334,725,157.15,NONE,71.91,NONE,37.92,NONE,23.53,NONE,137.99,NONE,161.13,NONE,177.98,NONE,171.42,EXTENSION
25.968666666666667,726,158.15,NONE,72.17,NONE,38.39,NONE,24.05,NONE,137.07,NONE,161.43,NONE,177.98,NONE,171.53,NONE
26.000300000000003,727,162.17,EXTENSION,69.64,FLEXION,37.85,NONE,26.43,EXTENSION,135.81,FLEXION,161.71,NONE,178.17,NONE,172.40,NONE
26.047933333333333,728,162.48,EXTENSION,68.32,FLEXION,37.68,NONE,27.91,EXTENSION,135.68,NONE,161.34,NONE,177.96,NONE,172.07,NONE
26.080000000000005,729,162.09,EXTENSION,69.35,NONE,37.41,NONE,27.11,NONE,135.20,NONE,161.32,NONE,177.73,NONE,172.56,NONE
26.112000000000002,730,162.17,NONE,69.55,NONE,36.58,NONE,26.85,NONE,135.89,NONE,161.86,NONE,177.71,NONE,172.63,NONE
26.144000000000002,731,162.13,NONE,69.88,NONE,36.67,NONE,26.67,NONE,136.15,NONE,162.37,NONE,177.60,NONE,171.88,NONE
26.176166666666667,732,161.60,NONE,70.22,NONE,35.64,NONE,25.96,NONE,136.56,NONE,162.51,NONE,177.51,NONE,171.32,NONE
26.240000000000002,733,159.57,FLEXION,73.53,EXTENSION,35.74,NONE,23.68,FLEXION,136.83,NONE,165.26,EXTENSION,176.38,NONE,171.60,NONE
26.2722,734,159.88,NONE,73.57,EXTENSION,34.63,NONE,22.95,FLEXION,136.68,NONE,165.90,EXTENSION,175.37,FLEXION,171.86,NONE
26.3042,735,159.57,NONE,76.03,EXTENSION,34.72,NONE,20.35,FLEXION,138.21,NONE,166.24,EXTENSION,173.58,FLEXION,171.19,NONE
26.336166666666667,736,160.84,NONE,75.72,EXTENSION,34.22,NONE,20.75,FLEXION,139.03,EXTENSION,165.83,NONE,171.73,FLEXION,170.97,NONE
26.368166666666667,737,155.53,FLEXION,74.42,NONE,39.07,EXTENSION,22.69,NONE,139.93,EXTENSION,165.27,NONE,169.43,FLEXION,170.73,NONE
26.400233333333336,738,147.82,FLEXION,75.93,NONE,40.86,EXTENSION,22.20,NONE,142.12,EXTENSION,170.07,EXTENSION,167.52,FLEXION,171.30,NONE
26.448,739,151.40,FLEXION,73.07,FLEXION,39.34,EXTENSION,23.29,NONE,142.02,EXTENSION,171.75,EXTENSION,166.90,FLEXION,170.57,NONE
26.48,740,161.16,EXTENSION,73.82,NONE,34.46,FLEXION,20.74,NONE,141.64,NONE,167.15,NONE,166.73,FLEXION,170.64,NONE
26.511933333333335,741,162.23,EXTENSION,73.54,NONE,33.65,FLEXION,20.51,NONE,141.99,NONE,167.70,NONE,166.66,NONE,170.85,NONE
26.54396666666667,742,152.59,FLEXION,77.24,EXTENSION,35.20,FLEXION,17.73,FLEXION,141.44,NONE,167.71,NONE,167.08,NONE,169.22,NONE
26.575933333333335,743,145.42,FLEXION,78.61,EXTENSION,43.31,EXTENSION,17.01,FLEXION,142.58,NONE,169.01,NONE,166.93,NONE,168.08,FLEXION
26.60806666666667,744,142.09,FLEXION,80.11,EXTENSION,44.49,EXTENSION,15.37,FLEXION,142.03,NONE,168.01,NONE,167.00,NONE,168.43,NONE
26.640099999999997,745,140.36,FLEXION,85.42,EXTENSION,43.94,EXTENSION,12.12,FLEXION,142.04,NONE,168.72,NONE,167.69,NONE,165.75,FLEXION
26.67216666666667,746,139.48,FLEXION,87.22,EXTENSION,42.98,EXTENSION,11.75,FLEXION,142.37,NONE,170.93,EXTENSION,168.27,NONE,165.00,FLEXION
26.70446666666667,747,140.13,FLEXION,87.40,EXTENSION,41.59,NONE,11.23,FLEXION,144.38,EXTENSION,171.74,EXTENSION,169.39,NONE,166.02,NONE
26.736133333333335,748,145.65,EXTENSION,84.98,NONE,37.71,FLEXION,11.88,NONE,143.29,NONE,171.86,EXTENSION,171.72,EXTENSION,165.89,NONE
26.76816666666667,749,147.72,EXTENSION,93.84,EXTENSION,32.64,FLEXION,7.45,FLEXION,145.37,EXTENSION,171.24,NONE,172.16,EXTENSION,166.15,NONE
26.8002,750,146.69,EXTENSION,94.67,EXTENSION,34.04,FLEXION,7.51,FLEXION,145.27,NONE,170.93,NONE,171.77,NONE,167.39,NONE
26.847933333333334,751,148.25,EXTENSION,102.55,EXTENSION,25.65,FLEXION,6.94,FLEXION,146.12,NONE,171.24,NONE,173.06,EXTENSION,166.96,NONE
26.879933333333334,752,138.69,FLEXION,101.62,EXTENSION,23.07,FLEXION,9.34,NONE,144.33,NONE,165.03,FLEXION,174.08,EXTENSION,167.09,NONE
26.911933333333334,753,134.86,FLEXION,103.17,EXTENSION,20.17,FLEXION,11.21,EXTENSION,142.77,FLEXION,162.48,FLEXION,175.92,EXTENSION,167.92,NONE
26.943966666666668,754,125.34,FLEXION,98.62,NONE,25.09,FLEXION,6.29,FLEXION,143.10,NONE,165.26,FLEXION,176.46,EXTENSION,168.41,NONE
26.975933333333334,755,119.76,FLEXION,97.62,FLEXION,20.02,FLEXION,6.22,FLEXION,142.64,NONE,163.70,FLEXION,177.10,EXTENSION,168.66,NONE
27.008166666666668,756,123.27,FLEXION,101.19,NONE,25.04,EXTENSION,7.99,NONE,144.92,NONE,164.41,NONE,178.05,EXTENSION,169.05,NONE
27.040166666666668,757,124.21,FLEXION,103.69,EXTENSION,25.18,EXTENSION,9.36,NONE,145.36,NONE,166.80,EXTENSION,177.81,NONE,168.84,NONE
27.072133333333333,758,122.03,FLEXION,102.92,EXTENSION,25.67,EXTENSION,8.04,NONE,146.11,EXTENSION,166.94,EXTENSION,177.29,NONE,169.06,NONE
27.104466666666667,759,121.39,NONE,106.97,EXTENSION,26.42,EXTENSION,9.45,NONE,149.73,EXTENSION,169.42,EXTENSION,176.42,NONE,169.12,NONE
27.136166666666668,760,118.63,FLEXION,104.67,EXTENSION,26.77,EXTENSION,8.52,NONE,151.90,EXTENSION,171.83,EXTENSION,176.45,NONE,170.29,NONE
27.168166666666668,761,141.20,EXTENSION,101.83,FLEXION,13.24,FLEXION,10.76,EXTENSION,150.64,EXTENSION,167.43,NONE,177.49,NONE,172.87,EXTENSION
27.200200000000002,762,135.43,EXTENSION,99.12,FLEXION,19.40,FLEXION,7.97,NONE,149.02,NONE,166.22,FLEXION,177.64,NONE,173.55,EXTENSION
27.247933333333336,763,138.09,EXTENSION,101.39,NONE,16.19,FLEXION,9.78,NONE,148.27,NONE,165.55,FLEXION,176.70,NONE,173.23,EXTENSION
27.279966666666667,764,117.99,FLEXION,96.24,FLEXION,25.11,EXTENSION,6.82,FLEXION,148.01,NONE,165.79,FLEXION,176.60,NONE,172.07,NONE
27.312,765,113.48,FLEXION,102.42,NONE,26.41,EXTENSION,7.62,NONE,146.78,FLEXION,165.55,NONE,176.76,NONE,170.33,FLEXION
27.376,766,117.49,FLEXION,103.38,EXTENSION,31.41,EXTENSION,7.93,NONE,146.68,NONE,166.22,NONE,176.45,NONE,169.72,FLEXION
27.4082,767,114.41,FLEXION,102.53,EXTENSION,31.35,EXTENSION,6.72,NONE,146.26,NONE,166.18,NONE,176.37,NONE,169.64,FLEXION
27.471966666666667,768,117.30,FLEXION,100.58,NONE,34.54,EXTENSION,5.40,FLEXION,148.35,NONE,170.35,EXTENSION,171.96,FLEXION,166.42,FLEXION
27.535966666666667,769,118.54,EXTENSION,99.74,NONE,35.80,EXTENSION,5.00,NONE,148.06,NONE,167.66,NONE,173.23,FLEXION,162.78,FLEXION
27.568233333333332,770,115.86,NONE,95.76,FLEXION,36.67,EXTENSION,4.04,FLEXION,147.21,NONE,167.34,NONE,173.32,NONE,159.78,FLEXION
27.60023333333334,771,119.08,EXTENSION,81.60,FLEXION,39.52,EXTENSION,11.59,EXTENSION,147.71,NONE,166.31,NONE,173.07,NONE,157.95,FLEXION
27.64796666666667,772,118.91,NONE,67.91,FLEXION,39.27,EXTENSION,21.58,EXTENSION,147.02,NONE,165.38,FLEXION,173.66,NONE,156.78,FLEXION
27.68,773,118.60,NONE,68.10,FLEXION,39.29,EXTENSION,20.64,EXTENSION,148.50,NONE,165.46,NONE,172.31,NONE,155.09,FLEXION
27.71196666666667,774,113.28,FLEXION,65.96,FLEXION,39.21,NONE,35.21,EXTENSION,149.14,NONE,166.00,NONE,172.63,NONE,154.82,FLEXION
27.744033333333334,775,111.20,FLEXION,69.61,FLEXION,39.04,NONE,36.02,EXTENSION,149.97,EXTENSION,166.11,NONE,176.18,EXTENSION,154.81,FLEXION
27.776033333333334,776,121.17,EXTENSION,66.51,FLEXION,42.06,EXTENSION,35.34,EXTENSION,149.34,NONE,166.42,NONE,175.51,NONE,155.68,NONE
27.808033333333334,777,124.65,EXTENSION,66.20,NONE,44.17,EXTENSION,36.62,EXTENSION,148.57,NONE,167.24,NONE,175.72,NONE,156.02,NONE
27.840200000000003,778,132.03,EXTENSION,63.93,FLEXION,44.59,EXTENSION,32.25,NONE,147.73,NONE,166.73,NONE,176.83,EXTENSION,156.76,NONE
27.872200000000003,779,130.06,EXTENSION,71.93,EXTENSION,44.09,EXTENSION,36.71,NONE,146.62,FLEXION,165.43,NONE,178.81,EXTENSION,157.27,NONE
27.904566666666668,780,129.15,EXTENSION,74.49,EXTENSION,45.46,EXTENSION,37.83,EXTENSION,145.94,FLEXION,166.67,NONE,178.65,EXTENSION,158.64,EXTENSION
27.936233333333334,781,127.90,NONE,77.15,EXTENSION,46.21,EXTENSION,37.08,NONE,145.59,FLEXION,168.78,EXTENSION,178.71,NONE,161.69,EXTENSION
27.96816666666667,782,128.00,NONE,75.08,EXTENSION,45.37,NONE,31.48,FLEXION,145.16,NONE,168.02,NONE,179.35,NONE,164.23,EXTENSION
28.000233333333334,783,134.54,EXTENSION,77.80,EXTENSION,46.49,NONE,28.08,FLEXION,143.46,FLEXION,168.51,NONE,178.35,NONE,166.15,EXTENSION
28.032233333333334,784,132.17,EXTENSION,76.55,NONE,45.09,NONE,32.62,NONE,142.06,FLEXION,168.67,NONE,177.52,NONE,168.61,EXTENSION
28.080000000000005,785,107.47,FLEXION,77.67,NONE,41.87,FLEXION,30.70,FLEXION,145.67,NONE,170.68,EXTENSION,173.35,FLEXION,173.06,EXTENSION
28.111966666666667,786,88.84,FLEXION,78.92,EXTENSION,36.55,FLEXION,29.62,FLEXION,147.42,EXTENSION,171.29,EXTENSION,171.39,FLEXION,176.14,EXTENSION
28.144000000000002,787,92.42,FLEXION,79.85,EXTENSION,34.86,FLEXION,29.20,NONE,149.86,EXTENSION,172.90,EXTENSION,170.87,FLEXION,176.47,EXTENSION
28.176000000000002,788,93.01,FLEXION,79.04,NONE,31.98,FLEXION,29.41,NONE,150.94,EXTENSION,174.97,EXTENSION,170.45,FLEXION,176.27,EXTENSION
28.207966666666668,789,92.19,FLEXION,77.70,NONE,30.76,FLEXION,31.47,NONE,151.88,EXTENSION,174.65,EXTENSION,170.21,FLEXION,176.63,EXTENSION
28.271966666666668,790,72.05,FLEXION,82.35,EXTENSION,31.06,FLEXION,39.25,EXTENSION,155.46,EXTENSION,169.09,FLEXION,168.33,FLEXION,172.92,FLEXION
28.304466666666666,791,77.32,FLEXION,82.47,EXTENSION,31.60,NONE,36.40,EXTENSION,157.23,EXTENSION,164.84,FLEXION,167.38,FLEXION,171.59,FLEXION
28.336166666666667,792,75.15,FLEXION,83.54,EXTENSION,31.73,NONE,35.26,EXTENSION,157.36,EXTENSION,164.23,FLEXION,167.75,NONE,171.02,FLEXION
28.368166666666667,793,75.10,FLEXION,100.21,EXTENSION,31.73,NONE,39.72,EXTENSION,156.37,NONE,160.32,FLEXION,167.39,NONE,170.25,FLEXION
28.400233333333336,794,80.36,EXTENSION,95.68,EXTENSION,23.00,FLEXION,38.26,NONE,156.62,NONE,159.66,FLEXION,168.76,NONE,170.25,FLEXION
28.432233333333336,795,79.90,EXTENSION,110.05,EXTENSION,30.93,NONE,40.49,EXTENSION,160.03,EXTENSION,158.08,FLEXION,169.03,NONE,169.98,NONE
28.480033333333335,796,85.47,EXTENSION,112.87,EXTENSION,22.84,FLEXION,36.45,NONE,159.11,NONE,161.29,NONE,166.97,NONE,169.36,NONE
28.51196666666667,797,92.02,EXTENSION,104.44,EXTENSION,13.91,FLEXION,36.47,NONE,160.13,EXTENSION,161.82,NONE,165.97,FLEXION,168.62,NONE
28.544,798,88.19,EXTENSION,98.80,FLEXION,13.73,FLEXION,36.54,NONE,159.79,NONE,163.11,EXTENSION,164.33,FLEXION,169.45,NONE
28.576,799,83.46,NONE,87.09,FLEXION,15.61,FLEXION,33.43,FLEXION,161.48,EXTENSION,164.90,EXTENSION,163.10,FLEXION,168.75,NONE
28.60796666666667,800,83.03,FLEXION,89.01,FLEXION,15.81,FLEXION,33.95,FLEXION,161.72,NONE,164.93,EXTENSION,161.14,FLEXION,169.20,NONE
28.64016666666667,801,85.82,NONE,96.35,FLEXION,10.55,FLEXION,34.76,NONE,160.03,NONE,163.67,NONE,160.22,FLEXION,168.76,NONE
28.67216666666667,802,85.43,NONE,100.53,EXTENSION,10.47,FLEXION,34.54,NONE,158.65,NONE,161.60,FLEXION,160.60,FLEXION,168.17,NONE
28.7042,803,82.29,FLEXION,100.53,EXTENSION,13.10,NONE,34.96,NONE,160.13,NONE,161.96,NONE,159.76,FLEXION,166.67,FLEXION
28.7362,804,83.13,NONE,98.43,EXTENSION,11.84,NONE,34.41,NONE,159.45,NONE,162.08,NONE,159.62,NONE,166.40,NONE
28.768133333333335,805,84.13,NONE,98.09,NONE,10.82,NONE,33.69,NONE,159.31,NONE,161.53,NONE,159.87,NONE,166.17,NONE
28.8002,806,85.80,NONE,98.15,NONE,9.70,NONE,32.70,NONE,159.85,NONE,161.68,NONE,159.47,NONE,165.51,NONE
28.832133333333335,807,84.51,NONE,95.65,FLEXION,11.04,NONE,31.46,FLEXION,158.86,NONE,161.68,NONE,158.46,NONE,164.58,FLEXION
28.879966666666668,808,84.14,NONE,92.60,FLEXION,11.03,NONE,29.41,FLEXION,156.75,FLEXION,161.87,NONE,160.13,NONE,166.39,NONE
28.911933333333334,809,83.57,NONE,89.76,FLEXION,11.93,NONE,33.04,NONE,156.06,FLEXION,162.01,NONE,161.58,EXTENSION,168.48,EXTENSION
28.943966666666668,810,83.04,NONE,85.72,FLEXION,11.45,NONE,26.00,FLEXION,154.68,FLEXION,161.08,NONE,164.25,EXTENSION,168.82,EXTENSION
28.976000000000003,811,79.21,FLEXION,86.72,FLEXION,17.68,EXTENSION,29.35,NONE,153.68,FLEXION,161.25,NONE,165.43,EXTENSION,169.11,EXTENSION
29.008133333333333,812,80.20,FLEXION,90.85,NONE,18.08,EXTENSION,29.65,NONE,150.90,FLEXION,159.97,NONE,167.39,EXTENSION,171.20,EXTENSION
29.040233333333333,813,79.18,FLEXION,96.79,EXTENSION,23.19,EXTENSION,30.64,NONE,150.14,FLEXION,158.45,FLEXION,168.01,EXTENSION,171.37,EXTENSION
29.072466666666667,814,80.03,NONE,96.95,EXTENSION,22.91,EXTENSION,30.23,NONE,149.89,FLEXION,158.24,FLEXION,167.68,EXTENSION,171.05,NONE
29.104266666666668,815,79.75,NONE,98.73,EXTENSION,29.74,EXTENSION,31.97,EXTENSION,151.38,NONE,158.02,NONE,169.26,EXTENSION,171.60,NONE
29.136333333333333,816,87.00,EXTENSION,103.01,EXTENSION,34.59,EXTENSION,34.54,EXTENSION,152.59,NONE,159.04,NONE,167.79,NONE,171.40,NONE
29.19996666666667,817,76.31,FLEXION,97.96,NONE,30.73,EXTENSION,40.84,EXTENSION,152.91,NONE,164.00,EXTENSION,166.22,NONE,173.11,NONE
29.232200000000002,818,76.17,FLEXION,98.30,NONE,32.03,EXTENSION,41.80,EXTENSION,149.92,NONE,162.48,EXTENSION,167.48,NONE,174.32,EXTENSION
29.28,819,89.69,EXTENSION,96.77,FLEXION,39.34,EXTENSION,41.87,EXTENSION,148.80,FLEXION,165.52,EXTENSION,168.68,NONE,175.52,EXTENSION
29.311933333333336,820,90.22,EXTENSION,95.37,FLEXION,36.37,EXTENSION,38.59,NONE,150.49,NONE,167.36,EXTENSION,168.85,NONE,174.55,NONE
29.343933333333336,821,89.83,EXTENSION,94.57,FLEXION,34.29,NONE,37.32,FLEXION,149.85,NONE,168.04,EXTENSION,169.78,NONE,176.63,EXTENSION
29.376,822,87.12,EXTENSION,92.25,FLEXION,32.66,NONE,37.51,FLEXION,148.91,NONE,171.40,EXTENSION,170.43,EXTENSION,178.88,EXTENSION
29.407966666666667,823,89.40,EXTENSION,89.13,FLEXION,31.88,FLEXION,35.95,FLEXION,147.82,NONE,171.61,EXTENSION,171.54,EXTENSION,179.43,EXTENSION
29.4401,824,108.80,EXTENSION,89.63,FLEXION,27.40,FLEXION,30.74,FLEXION,147.46,NONE,172.50,EXTENSION,172.61,EXTENSION,178.57,NONE
29.472166666666666,825,112.24,EXTENSION,91.26,NONE,26.57,FLEXION,28.64,FLEXION,146.40,FLEXION,172.78,EXTENSION,173.15,EXTENSION,177.88,NONE
29.5042,826,120.93,EXTENSION,92.80,NONE,25.65,FLEXION,23.75,FLEXION,143.05,FLEXION,171.67,NONE,174.17,EXTENSION,176.60,NONE
29.5362,827,131.66,EXTENSION,93.05,EXTENSION,26.82,FLEXION,21.02,FLEXION,140.92,FLEXION,172.16,NONE,175.58,EXTENSION,177.32,NONE
29.568166666666666,828,142.37,EXTENSION,92.67,NONE,26.39,NONE,20.91,FLEXION,142.50,FLEXION,172.23,NONE,179.39,EXTENSION,171.95,FLEXION
29.600166666666667,829,138.17,EXTENSION,94.94,EXTENSION,26.91,NONE,23.78,NONE,145.55,NONE,174.28,EXTENSION,176.39,NONE,169.65,FLEXION
29.6322,830,132.98,EXTENSION,98.95,EXTENSION,21.23,FLEXION,23.69,NONE,148.99,EXTENSION,175.29,EXTENSION,176.58,NONE,172.28,FLEXION
29.68,831,112.35,FLEXION,98.87,EXTENSION,15.62,FLEXION,19.27,FLEXION,149.80,EXTENSION,176.24,EXTENSION,178.20,NONE,173.73,NONE
29.71196666666667,832,110.22,FLEXION,101.57,EXTENSION,22.56,NONE,18.65,FLEXION,150.53,EXTENSION,176.37,EXTENSION,178.04,NONE,173.75,NONE
29.744,833,113.19,FLEXION,102.52,EXTENSION,23.75,NONE,18.34,FLEXION,149.94,EXTENSION,176.58,NONE,178.37,NONE,174.06,NONE
29.776,834,107.54,FLEXION,103.16,EXTENSION,18.12,FLEXION,17.56,FLEXION,149.14,NONE,176.94,NONE,177.95,NONE,177.68,EXTENSION
29.807966666666665,835,113.43,NONE,105.75,EXTENSION,22.48,EXTENSION,7.74,FLEXION,150.82,NONE,176.98,NONE,176.49,NONE,177.66,EXTENSION
29.840200000000003,836,116.88,EXTENSION,110.66,EXTENSION,25.49,EXTENSION,6.55,FLEXION,153.45,EXTENSION,177.41,NONE,174.14,FLEXION,173.24,FLEXION
29.87216666666667,837,116.83,EXTENSION,110.86,EXTENSION,25.35,EXTENSION,9.42,FLEXION,155.85,EXTENSION,177.13,NONE,173.96,FLEXION,171.57,FLEXION
29.90416666666667,838,113.25,NONE,110.09,EXTENSION,20.80,FLEXION,11.61,NONE,154.76,EXTENSION,173.87,FLEXION,174.69,NONE,171.62,FLEXION
29.936200000000003,839,112.99,NONE,111.04,EXTENSION,18.27,FLEXION,14.74,EXTENSION,154.03,NONE,173.38,FLEXION,174.69,NONE,172.49,NONE
29.96816666666667,840,121.68,EXTENSION,116.77,EXTENSION,23.62,NONE,19.34,EXTENSION,152.18,NONE,167.21,FLEXION,175.93,NONE,170.32,FLEXION
30.000200000000003,841,121.20,EXTENSION,119.21,EXTENSION,23.20,NONE,22.77,EXTENSION,151.16,FLEXION,168.59,FLEXION,175.97,NONE,171.12,NONE
30.03216666666667,842,116.33,NONE,111.92,NONE,19.46,FLEXION,16.54,NONE,151.70,NONE,170.36,NONE,174.77,NONE,171.08,NONE
30.080033333333336,843,114.99,FLEXION,111.56,FLEXION,19.07,FLEXION,16.34,NONE,153.67,NONE,171.71,NONE,174.24,NONE,172.12,NONE
30.111966666666667,844,116.23,NONE,111.53,FLEXION,20.40,NONE,16.72,NONE,153.80,NONE,172.01,NONE,174.95,NONE,171.96,NONE
30.143933333333333,845,117.12,NONE,113.37,NONE,22.08,NONE,18.50,NONE,154.59,EXTENSION,171.66,NONE,174.94,NONE,171.44,NONE
30.176000000000002,846,122.04,EXTENSION,113.82,NONE,23.92,EXTENSION,18.79,NONE,154.33,NONE,168.73,FLEXION,175.72,NONE,170.36,NONE
30.207966666666668,847,122.01,EXTENSION,112.04,NONE,23.88,EXTENSION,17.14,NONE,153.93,NONE,168.29,FLEXION,175.40,NONE,170.24,NONE
30.240166666666667,848,121.00,EXTENSION,113.29,NONE,23.90,EXTENSION,16.56,NONE,153.72,NONE,169.37,NONE,175.20,NONE,172.00,NONE
30.272133333333336,849,122.70,EXTENSION,115.65,EXTENSION,26.55,EXTENSION,17.46,NONE,155.23,NONE,169.06,NONE,173.27,NONE,171.76,NONE
30.304166666666667,850,120.40,NONE,119.23,EXTENSION,24.46,NONE,20.07,EXTENSION,153.19,NONE,169.19,NONE,175.80,NONE,171.02,NONE
30.3682,851,121.73,NONE,124.68,EXTENSION,25.50,NONE,26.57,EXTENSION,152.18,NONE,170.10,NONE,175.19,NONE,170.48,NONE
30.400133333333336,852,125.54,EXTENSION,128.49,EXTENSION,28.00,EXTENSION,30.39,EXTENSION,151.87,NONE,170.26,NONE,174.74,NONE,170.88,NONE
30.432133333333336,853,125.25,EXTENSION,124.80,EXTENSION,27.14,NONE,25.44,EXTENSION,153.30,NONE,170.19,NONE,173.99,NONE,170.80,NONE
30.464266666666667,854,124.43,NONE,124.08,NONE,24.16,FLEXION,23.54,NONE,154.39,NONE,170.83,NONE,173.17,NONE,171.02,NONE
30.512033333333335,855,124.94,NONE,125.84,NONE,25.42,NONE,25.21,NONE,153.19,NONE,169.63,NONE,172.77,NONE,170.55,NONE
30.5439,856,126.26,NONE,124.51,NONE,27.17,NONE,23.61,FLEXION,153.59,NONE,169.47,NONE,172.12,NONE,170.62,NONE
30.576,857,124.73,NONE,123.86,NONE,29.71,EXTENSION,24.04,NONE,150.99,FLEXION,171.54,NONE,170.16,FLEXION,171.23,NONE
30.60796666666667,858,123.89,NONE,124.15,NONE,28.47,NONE,24.11,NONE,151.51,NONE,171.40,NONE,171.57,NONE,171.57,NONE
30.639933333333335,859,123.20,NONE,122.17,FLEXION,27.80,NONE,19.31,FLEXION,151.89,NONE,173.11,EXTENSION,171.89,NONE,171.91,NONE
30.67216666666667,860,120.66,FLEXION,122.16,NONE,26.40,NONE,18.91,FLEXION,150.71,NONE,172.55,NONE,172.64,NONE,171.78,NONE
30.704233333333335,861,122.12,NONE,121.32,FLEXION,26.29,NONE,17.13,FLEXION,151.18,NONE,172.58,NONE,172.95,NONE,172.05,NONE
30.7362,862,122.29,NONE,122.09,NONE,25.91,NONE,17.79,FLEXION,151.25,NONE,172.38,NONE,173.12,NONE,172.10,NONE
30.768233333333335,863,122.06,NONE,122.98,NONE,26.61,NONE,18.86,NONE,151.80,NONE,172.35,NONE,172.46,NONE,171.99,NONE
30.80026666666667,864,122.82,NONE,124.66,EXTENSION,27.89,NONE,20.93,EXTENSION,151.49,NONE,172.07,NONE,172.73,NONE,171.96,NONE
30.8322,865,118.97,FLEXION,119.77,FLEXION,26.34,NONE,14.69,FLEXION,150.90,NONE,173.06,NONE,172.45,NONE,171.35,NONE
30.864233333333335,866,120.63,NONE,119.43,FLEXION,28.31,NONE,13.30,FLEXION,151.02,NONE,173.91,NONE,172.84,NONE,171.00,NONE
30.896233333333335,867,120.83,NONE,117.73,FLEXION,29.28,EXTENSION,10.78,FLEXION,151.94,NONE,175.55,EXTENSION,172.29,NONE,170.53,NONE
30.943966666666668,868,122.52,NONE,118.22,FLEXION,28.48,NONE,9.21,FLEXION,151.62,NONE,176.38,EXTENSION,174.42,NONE,171.16,NONE
30.976000000000003,869,125.53,EXTENSION,116.38,FLEXION,28.22,NONE,7.73,FLEXION,152.91,NONE,176.34,EXTENSION,173.48,NONE,170.83,NONE
31.00796666666667,870,122.26,NONE,113.85,FLEXION,27.11,NONE,6.27,FLEXION,153.88,EXTENSION,177.51,EXTENSION,172.73,NONE,170.75,NONE
31.040066666666668,871,120.45,NONE,113.01,FLEXION,27.41,NONE,5.84,FLEXION,154.06,NONE,177.25,NONE,174.56,NONE,170.97,NONE
31.072166666666668,872,113.11,FLEXION,108.96,FLEXION,24.58,FLEXION,7.11,NONE,152.60,NONE,176.87,NONE,174.57,NONE,170.75,NONE
31.104200000000002,873,107.51,FLEXION,104.78,FLEXION,22.92,FLEXION,13.95,EXTENSION,153.14,NONE,176.99,NONE,173.75,NONE,170.51,NONE
31.136200000000002,874,106.30,FLEXION,106.01,FLEXION,24.96,NONE,20.51,EXTENSION,151.31,FLEXION,177.55,NONE,173.35,NONE,169.97,NONE
31.168200000000002,875,105.06,FLEXION,103.62,FLEXION,24.35,NONE,17.30,EXTENSION,152.48,NONE,176.26,NONE,174.72,NONE,170.45,NONE
31.200166666666668,876,118.11,EXTENSION,99.57,FLEXION,39.31,EXTENSION,22.75,EXTENSION,151.02,NONE,177.07,NONE,175.14,NONE,171.29,NONE
31.232166666666668,877,128.25,EXTENSION,99.46,FLEXION,46.50,EXTENSION,19.36,EXTENSION,151.81,NONE,178.59,NONE,175.17,NONE,171.84,NONE
31.264200000000002,878,139.79,EXTENSION,101.96,NONE,39.45,EXTENSION,17.48,NONE,145.89,FLEXION,178.11,NONE,174.18,NONE,175.04,EXTENSION
31.296200000000002,879,138.12,EXTENSION,102.79,NONE,38.23,EXTENSION,16.50,FLEXION,146.22,FLEXION,173.16,FLEXION,172.56,NONE,175.02,EXTENSION
31.343933333333336,880,130.44,EXTENSION,99.76,NONE,36.37,NONE,21.71,EXTENSION,144.98,FLEXION,171.03,FLEXION,171.65,FLEXION,176.62,EXTENSION
31.376,881,126.98,FLEXION,98.23,FLEXION,34.12,FLEXION,23.18,EXTENSION,143.69,FLEXION,169.99,FLEXION,171.42,FLEXION,176.58,EXTENSION
31.4081,882,118.75,FLEXION,96.61,FLEXION,32.77,FLEXION,24.60,EXTENSION,143.75,FLEXION,171.14,FLEXION,171.54,NONE,176.60,NONE
31.44,883,121.81,FLEXION,92.76,FLEXION,32.17,FLEXION,26.42,EXTENSION,143.85,NONE,171.06,NONE,171.18,NONE,176.20,NONE
31.472,884,110.55,FLEXION,90.47,FLEXION,33.24,NONE,28.00,EXTENSION,143.91,NONE,171.30,NONE,171.31,NONE,175.55,NONE
31.568,885,98.29,FLEXION,88.16,FLEXION,34.50,NONE,30.96,EXTENSION,147.72,EXTENSION,175.07,EXTENSION,168.78,FLEXION,173.35,FLEXION
31.60023333333334,886,85.12,FLEXION,89.30,FLEXION,31.91,NONE,31.33,EXTENSION,151.47,EXTENSION,175.40,EXTENSION,168.35,FLEXION,172.77,FLEXION
31.632166666666667,887,86.11,FLEXION,88.52,FLEXION,31.79,NONE,31.21,EXTENSION,152.27,EXTENSION,175.06,EXTENSION,168.16,FLEXION,173.23,NONE
31.664233333333335,888,85.46,FLEXION,88.35,NONE,32.19,NONE,31.96,EXTENSION,152.74,EXTENSION,174.94,NONE,167.89,NONE,172.97,NONE
31.6962,889,98.31,EXTENSION,89.01,NONE,31.23,NONE,31.78,NONE,152.99,EXTENSION,174.27,NONE,167.91,NONE,172.58,NONE
31.776,890,103.14,EXTENSION,89.93,NONE,30.07,FLEXION,31.68,NONE,153.55,EXTENSION,173.01,NONE,167.66,NONE,172.75,NONE
31.808033333333334,891,101.67,EXTENSION,89.54,NONE,29.69,NONE,32.07,NONE,153.63,NONE,173.46,NONE,167.52,NONE,172.98,NONE
31.840033333333334,892,101.43,EXTENSION,89.66,NONE,29.78,NONE,32.82,NONE,153.78,NONE,173.85,NONE,167.16,NONE,173.40,NONE
31.871966666666673,893,105.79,EXTENSION,91.07,NONE,29.49,NONE,34.97,EXTENSION,152.34,NONE,172.97,NONE,167.40,NONE,174.37,NONE
31.904200000000003,894,110.58,EXTENSION,94.05,EXTENSION,28.91,NONE,39.38,EXTENSION,150.10,FLEXION,172.42,NONE,168.23,NONE,174.94,NONE
31.93616666666667,895,114.92,EXTENSION,92.34,NONE,27.41,FLEXION,37.94,EXTENSION,149.07,FLEXION,172.59,NONE,168.83,NONE,174.81,NONE
31.968233333333334,896,112.48,EXTENSION,91.74,NONE,26.24,FLEXION,37.53,EXTENSION,148.49,FLEXION,173.09,NONE,169.05,NONE,174.93,NONE
32.000233333333334,897,108.99,NONE,93.28,NONE,27.21,NONE,38.08,NONE,149.26,NONE,173.01,NONE,170.19,EXTENSION,174.69,NONE
32.03216666666667,898,107.24,FLEXION,93.96,NONE,27.96,NONE,38.77,NONE,149.21,NONE,171.09,NONE,169.92,NONE,174.10,NONE
32.064233333333334,899,101.11,FLEXION,95.21,EXTENSION,27.21,NONE,37.94,NONE,147.88,NONE,170.57,NONE,169.56,NONE,174.06,NONE
32.14403333333333,900,104.32,FLEXION,98.96,EXTENSION,28.43,NONE,39.73,NONE,148.57,NONE,171.27,NONE,169.67,NONE,174.54,NONE
32.17596666666667,901,102.14,FLEXION,102.21,EXTENSION,29.00,NONE,39.68,NONE,148.77,NONE,168.82,FLEXION,170.11,NONE,175.01,NONE
32.208,902,100.00,FLEXION,106.13,EXTENSION,34.01,EXTENSION,40.13,NONE,151.19,EXTENSION,169.19,NONE,170.53,NONE,174.76,NONE
32.23993333333333,903,101.58,NONE,108.35,EXTENSION,37.48,EXTENSION,41.29,EXTENSION,149.65,NONE,167.18,FLEXION,170.43,NONE,174.43,NONE
32.3042,904,98.79,FLEXION,103.86,NONE,35.36,EXTENSION,35.26,FLEXION,148.71,NONE,171.29,NONE,171.18,NONE,174.61,NONE
32.33616666666667,905,96.39,FLEXION,105.82,NONE,31.95,NONE,35.76,FLEXION,147.90,NONE,174.98,EXTENSION,170.46,NONE,174.90,NONE
32.3682,906,100.23,NONE,104.84,NONE,32.22,NONE,32.45,FLEXION,145.99,FLEXION,175.83,EXTENSION,169.94,NONE,174.86,NONE
32.40023333333333,907,98.92,NONE,103.72,FLEXION,33.25,NONE,28.64,FLEXION,146.24,FLEXION,174.24,EXTENSION,170.14,NONE,175.04,NONE
32.43216666666667,908,92.50,FLEXION,101.59,FLEXION,32.61,NONE,27.26,FLEXION,147.69,NONE,174.18,NONE,170.80,NONE,174.95,NONE
32.46423333333333,909,86.71,FLEXION,100.20,FLEXION,33.68,NONE,29.51,FLEXION,147.08,NONE,170.13,FLEXION,172.23,NONE,175.06,NONE
32.49626666666667,910,86.26,FLEXION,97.34,FLEXION,33.54,NONE,30.77,NONE,146.72,NONE,167.73,FLEXION,173.03,EXTENSION,174.33,NONE
32.54403333333333,911,84.03,FLEXION,98.09,FLEXION,33.19,NONE,29.37,NONE,147.37,NONE,167.37,FLEXION,174.01,EXTENSION,174.51,NONE
32.576,912,88.62,NONE,97.56,FLEXION,34.43,NONE,31.33,EXTENSION,148.27,NONE,166.67,FLEXION,174.81,EXTENSION,175.36,NONE
32.60803333333333,913,85.24,FLEXION,98.20,NONE,32.44,NONE,33.06,EXTENSION,148.76,NONE,171.60,EXTENSION,174.89,NONE,175.55,NONE
32.640033333333335,914,108.24,EXTENSION,95.83,FLEXION,31.62,NONE,31.05,NONE,146.19,NONE,172.06,EXTENSION,174.38,NONE,175.78,NONE
32.672000000000004,915,109.44,EXTENSION,94.47,FLEXION,31.69,NONE,31.97,NONE,145.59,NONE,172.86,EXTENSION,174.85,NONE,176.81,NONE
32.7042,916,100.26,EXTENSION,94.76,FLEXION,35.76,EXTENSION,32.53,NONE,143.49,FLEXION,173.09,EXTENSION,174.83,NONE,176.90,NONE
32.73616666666667,917,86.97,FLEXION,95.32,NONE,34.69,NONE,32.79,NONE,142.66,FLEXION,175.13,EXTENSION,172.93,NONE,178.41,EXTENSION
32.768233333333335,918,87.74,FLEXION,96.92,NONE,33.66,NONE,33.33,NONE,142.54,FLEXION,175.07,EXTENSION,171.64,FLEXION,178.77,EXTENSION
32.80023333333334,919,103.85,EXTENSION,101.10,EXTENSION,32.29,NONE,37.91,EXTENSION,144.72,NONE,174.92,NONE,171.72,FLEXION,176.96,NONE
32.8322,920,115.61,EXTENSION,99.11,EXTENSION,28.25,FLEXION,38.44,EXTENSION,145.05,NONE,175.33,NONE,173.06,NONE,179.41,NONE
32.864266666666666,921,121.41,EXTENSION,100.87,EXTENSION,24.38,FLEXION,42.98,EXTENSION,145.85,EXTENSION,175.70,NONE,173.72,NONE,178.80,NONE
32.89633333333334,922,123.87,EXTENSION,99.79,NONE,23.64,FLEXION,43.00,EXTENSION,145.86,NONE,176.04,NONE,175.66,EXTENSION,177.46,NONE
32.944,923,127.59,EXTENSION,98.31,NONE,23.39,FLEXION,43.44,EXTENSION,146.87,EXTENSION,176.52,NONE,176.79,EXTENSION,176.59,NONE
32.976,924,134.79,EXTENSION,101.16,NONE,24.40,NONE,45.02,EXTENSION,147.91,EXTENSION,176.50,NONE,176.98,EXTENSION,176.78,NONE
33.00803333333334,925,142.08,EXTENSION,102.25,EXTENSION,28.12,EXTENSION,49.56,EXTENSION,150.21,EXTENSION,175.80,NONE,176.58,NONE,176.73,NONE
33.04006666666667,926,163.74,EXTENSION,98.24,FLEXION,37.89,EXTENSION,47.69,EXTENSION,150.80,EXTENSION,175.21,NONE,175.12,NONE,177.37,NONE
33.072,927,154.42,EXTENSION,99.04,NONE,40.06,EXTENSION,46.29,NONE,150.86,EXTENSION,173.53,FLEXION,174.43,NONE,176.89,NONE
33.1042,928,166.82,EXTENSION,101.50,NONE,40.54,EXTENSION,46.42,NONE,152.77,EXTENSION,173.71,NONE,174.54,NONE,176.15,NONE
33.136166666666675,929,168.13,EXTENSION,100.85,NONE,48.44,EXTENSION,46.89,NONE,152.74,EXTENSION,172.63,FLEXION,175.77,NONE,175.52,NONE
33.16823333333333,930,169.11,EXTENSION,97.00,FLEXION,46.27,EXTENSION,42.57,FLEXION,153.16,NONE,170.95,FLEXION,176.94,NONE,174.25,FLEXION
33.20023333333334,931,154.60,FLEXION,98.92,NONE,49.97,EXTENSION,39.19,FLEXION,152.47,NONE,168.69,FLEXION,177.20,NONE,172.83,FLEXION
33.23216666666667,932,155.01,FLEXION,101.14,NONE,51.56,EXTENSION,30.56,FLEXION,151.50,NONE,165.46,FLEXION,174.83,NONE,169.17,FLEXION
33.2642,933,147.49,FLEXION,106.68,EXTENSION,50.15,EXTENSION,21.28,FLEXION,153.70,NONE,163.61,FLEXION,172.02,FLEXION,166.43,FLEXION
33.29626666666667,934,140.58,FLEXION,110.22,EXTENSION,50.37,NONE,15.71,FLEXION,153.82,NONE,162.31,FLEXION,170.96,FLEXION,164.25,FLEXION
33.32826666666667,935,135.24,FLEXION,111.73,EXTENSION,43.31,FLEXION,14.83,FLEXION,154.94,EXTENSION,161.27,FLEXION,169.35,FLEXION,161.34,FLEXION
33.37603333333333,936,134.55,FLEXION,114.49,EXTENSION,45.17,FLEXION,17.33,FLEXION,154.55,NONE,162.72,NONE,165.72,FLEXION,163.26,FLEXION
33.408033333333336,937,140.23,FLEXION,121.87,EXTENSION,46.24,NONE,21.01,NONE,152.25,NONE,163.50,NONE,169.21,NONE,163.81,NONE
33.504000000000005,938,144.69,EXTENSION,139.86,EXTENSION,31.85,FLEXION,15.13,FLEXION,155.14,NONE,153.96,FLEXION,177.70,EXTENSION,172.13,EXTENSION
33.536233333333335,939,143.61,EXTENSION,143.12,EXTENSION,28.99,FLEXION,14.80,FLEXION,152.20,NONE,150.13,FLEXION,178.62,EXTENSION,172.37,EXTENSION
33.568200000000004,940,144.99,EXTENSION,146.84,EXTENSION,26.68,FLEXION,14.48,FLEXION,153.17,NONE,153.41,FLEXION,177.70,EXTENSION,173.91,EXTENSION
33.60026666666667,941,143.18,NONE,145.07,EXTENSION,27.72,FLEXION,16.54,NONE,152.19,NONE,150.26,FLEXION,177.95,EXTENSION,174.67,EXTENSION
33.632266666666666,942,144.87,NONE,139.08,NONE,20.55,FLEXION,20.60,EXTENSION,153.97,NONE,145.39,FLEXION,178.32,EXTENSION,176.03,EXTENSION
33.69603333333333,943,155.96,EXTENSION,156.43,EXTENSION,16.78,FLEXION,30.77,EXTENSION,159.57,EXTENSION,142.90,FLEXION,173.78,FLEXION,177.53,EXTENSION
33.72826666666667,944,162.53,EXTENSION,164.50,EXTENSION,19.32,FLEXION,29.76,EXTENSION,154.23,NONE,143.26,FLEXION,162.33,FLEXION,165.86,FLEXION
33.77603333333334,945,163.10,EXTENSION,172.02,EXTENSION,17.63,FLEXION,26.20,EXTENSION,165.62,EXTENSION,153.68,EXTENSION,173.07,NONE,164.00,FLEXION
33.808033333333334,946,152.44,NONE,174.36,EXTENSION,12.09,FLEXION,23.52,NONE,168.05,EXTENSION,155.44,EXTENSION,173.53,NONE,159.47,FLEXION
33.84003333333334,947,148.00,FLEXION,170.76,EXTENSION,13.59,FLEXION,23.01,FLEXION,172.19,EXTENSION,161.38,EXTENSION,166.92,FLEXION,154.18,FLEXION
33.872033333333334,948,144.30,FLEXION,175.31,EXTENSION,12.31,FLEXION,17.46,FLEXION,162.26,NONE,158.78,EXTENSION,158.15,FLEXION,152.64,FLEXION
33.90396666666667,949,141.78,FLEXION,174.35,EXTENSION,12.71,FLEXION,11.09,FLEXION,165.51,NONE,163.29,EXTENSION,157.53,FLEXION,161.93,EXTENSION
33.9362,950,142.38,FLEXION,171.23,FLEXION,15.24,NONE,9.94,FLEXION,166.92,NONE,165.59,EXTENSION,151.73,FLEXION,164.60,EXTENSION
33.96816666666667,951,137.86,FLEXION,170.71,FLEXION,18.08,EXTENSION,13.69,FLEXION,161.32,FLEXION,159.75,NONE,145.71,FLEXION,159.14,NONE
34.000233333333334,952,141.79,NONE,173.62,NONE,18.43,EXTENSION,14.04,NONE,158.14,FLEXION,162.28,NONE,147.94,FLEXION,162.48,EXTENSION
34.03223333333334,953,147.43,EXTENSION,176.34,EXTENSION,16.82,NONE,20.54,EXTENSION,159.25,FLEXION,156.05,FLEXION,141.55,FLEXION,157.57,FLEXION
34.064233333333334,954,150.76,EXTENSION,174.10,NONE,16.77,NONE,22.55,EXTENSION,161.66,NONE,155.16,FLEXION,141.63,FLEXION,160.67,NONE
34.0963,955,149.03,EXTENSION,172.43,NONE,17.02,NONE,16.29,NONE,159.99,NONE,158.13,NONE,154.52,EXTENSION,167.43,EXTENSION
34.128233333333334,956,151.08,EXTENSION,175.70,EXTENSION,19.22,NONE,12.79,FLEXION,163.42,EXTENSION,165.42,EXTENSION,155.76,EXTENSION,170.03,EXTENSION
34.176033333333336,957,136.98,FLEXION,175.90,NONE,22.27,EXTENSION,10.83,FLEXION,163.06,EXTENSION,170.54,EXTENSION,169.32,EXTENSION,169.10,EXTENSION
34.2081,958,149.62,EXTENSION,173.68,NONE,20.86,EXTENSION,6.33,FLEXION,164.22,EXTENSION,169.65,EXTENSION,169.90,EXTENSION,168.23,EXTENSION
34.23996666666667,959,151.69,EXTENSION,167.85,FLEXION,19.86,NONE,9.73,FLEXION,164.26,NONE,169.61,EXTENSION,170.32,EXTENSION,169.69,EXTENSION
34.272,960,153.84,EXTENSION,168.66,FLEXION,18.87,NONE,10.29,NONE,165.78,EXTENSION,168.97,EXTENSION,166.73,EXTENSION,170.14,NONE
34.30396666666667,961,158.27,EXTENSION,168.21,FLEXION,17.86,FLEXION,12.27,EXTENSION,162.58,NONE,170.49,NONE,163.95,FLEXION,171.70,EXTENSION
34.336200000000005,962,158.35,EXTENSION,170.28,NONE,21.26,NONE,8.57,NONE,164.13,NONE,170.65,NONE,152.98,FLEXION,166.88,FLEXION
34.36816666666667,963,160.34,EXTENSION,167.81,NONE,22.32,EXTENSION,8.21,NONE,168.13,EXTENSION,168.46,NONE,139.88,FLEXION,151.00,FLEXION
34.40023333333333,964,165.96,EXTENSION,164.30,FLEXION,17.60,FLEXION,10.01,NONE,168.39,EXTENSION,165.64,FLEXION,134.34,FLEXION,141.96,FLEXION
34.43226666666667,965,161.64,EXTENSION,158.41,FLEXION,13.50,FLEXION,6.73,FLEXION,165.74,NONE,156.31,FLEXION,134.69,FLEXION,140.66,FLEXION
34.46416666666667,966,149.08,FLEXION,157.52,FLEXION,12.48,FLEXION,7.56,NONE,165.77,NONE,150.36,FLEXION,144.68,NONE,147.79,FLEXION
34.49626666666667,967,146.84,FLEXION,161.87,NONE,12.76,FLEXION,9.22,NONE,156.58,FLEXION,148.53,FLEXION,159.35,EXTENSION,159.30,EXTENSION
34.5285,968,147.34,FLEXION,168.34,EXTENSION,11.87,FLEXION,7.08,NONE,159.63,FLEXION,152.75,FLEXION,167.25,EXTENSION,170.33,EXTENSION
34.575966666666666,969,146.76,FLEXION,165.20,EXTENSION,13.37,NONE,9.68,NONE,152.60,FLEXION,138.66,FLEXION,168.74,EXTENSION,174.48,EXTENSION
34.608000000000004,970,139.82,FLEXION,164.00,NONE,15.64,EXTENSION,12.10,EXTENSION,151.56,FLEXION,128.52,FLEXION,172.74,EXTENSION,171.50,EXTENSION
34.63986666666667,971,142.72,FLEXION,174.98,EXTENSION,17.81,EXTENSION,8.72,NONE,138.73,FLEXION,130.55,FLEXION,169.99,EXTENSION,176.52,EXTENSION
34.67203333333333,972,142.74,NONE,175.36,EXTENSION,17.84,EXTENSION,8.47,NONE,145.91,FLEXION,135.99,FLEXION,167.98,NONE,176.84,EXTENSION
34.704033333333335,973,144.59,NONE,168.92,NONE,20.77,EXTENSION,14.45,EXTENSION,160.64,EXTENSION,158.69,EXTENSION,161.10,FLEXION,162.22,FLEXION
34.736000000000004,974,144.07,NONE,163.46,FLEXION,21.26,EXTENSION,15.10,EXTENSION,175.15,EXTENSION,171.72,EXTENSION,152.32,FLEXION,152.86,FLEXION
34.768233333333335,975,144.62,NONE,157.68,FLEXION,24.00,EXTENSION,18.16,EXTENSION,178.46,EXTENSION,166.20,EXTENSION,152.22,FLEXION,159.13,FLEXION
34.800266666666666,976,142.76,NONE,169.74,NONE,23.82,EXTENSION,18.66,EXTENSION,171.37,EXTENSION,168.54,EXTENSION,145.95,FLEXION,157.47,FLEXION
34.83226666666667,977,138.89,FLEXION,165.10,NONE,29.32,EXTENSION,21.12,EXTENSION,169.74,EXTENSION,170.73,EXTENSION,150.87,FLEXION,152.25,FLEXION
34.8643,978,146.31,EXTENSION,177.73,EXTENSION,25.80,NONE,23.90,EXTENSION,171.18,NONE,142.53,FLEXION,158.30,EXTENSION,175.25,EXTENSION
34.896300000000004,979,141.26,FLEXION,163.00,FLEXION,19.85,FLEXION,13.38,FLEXION,148.67,FLEXION,141.77,FLEXION,165.12,EXTENSION,171.54,EXTENSION
34.92823333333334,980,140.10,FLEXION,179.20,EXTENSION,19.91,FLEXION,10.94,FLEXION,145.63,FLEXION,140.60,FLEXION,168.47,EXTENSION,169.96,EXTENSION
34.960433333333334,981,142.35,NONE,178.01,EXTENSION,19.40,FLEXION,9.79,FLEXION,145.30,FLEXION,141.15,FLEXION,170.31,EXTENSION,169.22,EXTENSION
34.9923,982,142.68,NONE,170.61,NONE,18.99,FLEXION,9.82,FLEXION,148.21,FLEXION,144.03,FLEXION,169.07,EXTENSION,169.39,NONE
35.04,983,145.47,EXTENSION,174.21,NONE,22.43,NONE,10.41,FLEXION,147.70,FLEXION,147.06,EXTENSION,168.65,EXTENSION,165.36,FLEXION
35.07203333333334,984,148.83,EXTENSION,169.42,FLEXION,25.17,EXTENSION,13.56,EXTENSION,147.24,NONE,146.26,EXTENSION,171.77,EXTENSION,172.18,EXTENSION
35.104033333333334,985,136.15,FLEXION,169.38,FLEXION,27.43,EXTENSION,13.28,EXTENSION,145.22,NONE,143.80,NONE,170.57,NONE,168.26,NONE
35.13603333333334,986,141.80,NONE,165.86,FLEXION,25.12,EXTENSION,16.30,EXTENSION,143.03,FLEXION,145.97,NONE,173.38,EXTENSION,176.63,EXTENSION
35.168033333333334,987,146.44,EXTENSION,163.09,FLEXION,21.21,FLEXION,20.72,EXTENSION,141.53,FLEXION,140.92,FLEXION,178.00,EXTENSION,177.41,EXTENSION
35.26403333333334,988,150.92,EXTENSION,162.93,FLEXION,24.43,NONE,20.53,EXTENSION,134.40,FLEXION,143.06,NONE,175.45,EXTENSION,175.63,EXTENSION
35.29623333333333,989,157.75,EXTENSION,162.80,FLEXION,23.26,NONE,22.44,EXTENSION,129.83,FLEXION,143.20,NONE,174.51,NONE,174.95,NONE
35.3282,990,155.06,EXTENSION,168.42,EXTENSION,22.32,NONE,25.18,EXTENSION,122.01,FLEXION,132.78,FLEXION,167.83,FLEXION,171.69,FLEXION
35.36023333333333,991,152.57,EXTENSION,167.16,EXTENSION,22.85,NONE,22.28,NONE,123.74,FLEXION,136.66,FLEXION,165.03,FLEXION,173.73,NONE
35.39226666666667,992,150.90,NONE,171.82,EXTENSION,23.81,NONE,20.99,NONE,129.96,NONE,135.57,FLEXION,168.17,FLEXION,174.51,NONE
35.440000000000005,993,150.45,FLEXION,171.09,EXTENSION,23.79,NONE,21.07,NONE,126.85,NONE,135.38,FLEXION,172.29,EXTENSION,173.64,NONE
35.472033333333336,994,161.91,EXTENSION,170.91,EXTENSION,26.20,EXTENSION,21.16,NONE,126.18,NONE,130.82,FLEXION,167.72,NONE,169.77,FLEXION
35.504000000000005,995,161.40,EXTENSION,170.58,NONE,27.19,EXTENSION,22.91,NONE,127.97,EXTENSION,132.93,NONE,171.37,EXTENSION,168.69,FLEXION
35.536033333333336,996,158.86,EXTENSION,169.72,NONE,28.61,EXTENSION,24.10,EXTENSION,127.93,NONE,132.22,FLEXION,167.52,NONE,166.57,FLEXION
35.56803333333333,997,156.59,NONE,169.75,NONE,28.88,EXTENSION,26.30,EXTENSION,128.73,NONE,133.54,NONE,168.46,NONE,165.91,FLEXION
35.60016666666667,998,156.84,NONE,169.24,NONE,26.46,NONE,27.87,EXTENSION,125.77,NONE,140.99,EXTENSION,171.41,NONE,171.93,EXTENSION
35.63223333333333,999,153.22,FLEXION,168.93,NONE,24.95,FLEXION,27.39,EXTENSION,132.70,EXTENSION,138.73,EXTENSION,168.50,NONE,160.85,FLEXION
35.6642,1000,151.01,FLEXION,167.99,NONE,23.66,FLEXION,27.08,NONE,128.94,NONE,141.02,EXTENSION,167.69,NONE,164.41,FLEXION
35.69623333333333,1001,149.55,FLEXION,166.64,FLEXION,23.20,FLEXION,26.82,NONE,132.14,EXTENSION,144.55,EXTENSION,160.38,FLEXION,156.13,FLEXION
35.728233333333336,1002,147.87,FLEXION,165.21,FLEXION,23.14,FLEXION,30.58,EXTENSION,126.20,FLEXION,142.13,EXTENSION,168.44,NONE,167.73,EXTENSION
35.76016666666667,1003,149.43,FLEXION,164.48,FLEXION,24.09,NONE,30.01,EXTENSION,127.96,NONE,138.79,FLEXION,169.50,EXTENSION,169.45,EXTENSION
35.824000000000005,1004,150.46,NONE,163.58,FLEXION,24.49,NONE,29.55,NONE,128.48,NONE,136.93,FLEXION,167.58,NONE,168.00,EXTENSION
35.872,1005,156.23,EXTENSION,165.24,NONE,24.82,NONE,29.30,NONE,135.12,EXTENSION,136.34,FLEXION,163.24,FLEXION,163.62,NONE
35.904,1006,156.79,EXTENSION,164.98,NONE,25.05,NONE,28.77,NONE,139.91,EXTENSION,136.20,FLEXION,158.50,FLEXION,151.61,FLEXION
35.935966666666666,1007,155.21,EXTENSION,165.23,NONE,25.34,NONE,29.00,NONE,134.18,EXTENSION,136.57,NONE,166.92,NONE,160.85,FLEXION
35.96803333333334,1008,153.93,NONE,165.11,NONE,25.21,NONE,28.93,NONE,133.13,NONE,137.79,NONE,164.85,NONE,161.45,NONE
36.000033333333334,1009,153.52,NONE,164.45,NONE,25.40,NONE,26.62,FLEXION,132.97,NONE,139.58,EXTENSION,166.58,EXTENSION,162.94,NONE
36.0322,1010,153.31,NONE,164.15,NONE,25.70,NONE,26.66,NONE,131.10,FLEXION,138.48,NONE,166.26,EXTENSION,164.41,EXTENSION
36.0642,1011,153.30,NONE,164.21,NONE,25.71,NONE,27.21,NONE,130.67,FLEXION,138.81,NONE,166.82,EXTENSION,163.20,EXTENSION
36.0962,1012,153.50,NONE,164.44,NONE,25.65,NONE,28.19,NONE,127.54,FLEXION,137.89,NONE,171.42,EXTENSION,164.77,EXTENSION
36.12863333333333,1013,153.56,NONE,164.56,NONE,25.85,NONE,28.08,NONE,126.42,FLEXION,136.90,NONE,172.15,EXTENSION,165.23,NONE
36.191966666666666,1014,154.01,NONE,164.31,NONE,26.30,NONE,26.34,NONE,127.69,FLEXION,138.12,NONE,169.86,NONE,163.07,NONE
36.2242,1015,153.76,NONE,164.62,NONE,26.25,NONE,26.99,NONE,127.93,NONE,138.09,NONE,168.92,NONE,162.73,NONE
36.256233333333334,1016,153.71,NONE,164.65,NONE,26.32,NONE,27.21,NONE,127.30,NONE,138.47,NONE,169.60,NONE,161.88,NONE
36.304033333333344,1017,154.05,NONE,165.02,NONE,26.47,NONE,28.02,NONE,126.73,NONE,138.42,NONE,171.48,NONE,163.06,NONE
36.33596666666667,1018,153.83,NONE,164.46,NONE,26.68,NONE,28.39,NONE,128.89,NONE,139.57,NONE,164.87,FLEXION,162.18,NONE
36.368033333333344,1019,150.78,FLEXION,164.29,NONE,26.55,NONE,28.58,NONE,128.87,NONE,139.84,NONE,165.49,FLEXION,163.95,NONE
36.40003333333333,1020,148.73,FLEXION,163.41,NONE,25.69,NONE,29.01,NONE,130.08,EXTENSION,144.34,EXTENSION,167.72,NONE,165.71,EXTENSION
36.43196666666667,1021,150.23,NONE,163.50,NONE,26.09,NONE,29.13,NONE,131.05,EXTENSION,145.48,EXTENSION,168.40,NONE,165.11,NONE
36.464200000000005,1022,149.80,NONE,163.95,NONE,26.23,NONE,28.28,NONE,132.40,EXTENSION,144.70,EXTENSION,166.84,NONE,163.55,NONE
36.496233333333336,1023,150.14,NONE,164.00,NONE,26.35,NONE,28.03,NONE,132.80,EXTENSION,144.04,NONE,167.57,NONE,163.55,NONE
36.52823333333333,1024,150.46,NONE,163.64,NONE,26.40,NONE,28.06,NONE,136.39,EXTENSION,147.09,EXTENSION,167.83,NONE,162.40,NONE
36.56026666666667,1025,151.95,EXTENSION,163.70,NONE,26.63,NONE,28.35,NONE,137.77,EXTENSION,146.48,NONE,166.90,NONE,161.54,FLEXION
36.59216666666667,1026,150.43,NONE,163.57,NONE,26.37,NONE,29.79,NONE,136.74,EXTENSION,145.85,NONE,168.95,NONE,163.72,NONE
36.62416666666667,1027,151.03,NONE,162.92,NONE,25.81,NONE,31.35,EXTENSION,134.27,NONE,147.65,EXTENSION,166.48,NONE,163.17,NONE
36.65616666666667,1028,149.71,NONE,162.88,NONE,25.66,NONE,31.41,EXTENSION,133.64,NONE,149.10,EXTENSION,169.60,EXTENSION,167.60,EXTENSION
36.688233333333336,1029,148.43,FLEXION,162.30,NONE,25.58,NONE,32.89,EXTENSION,129.36,FLEXION,147.38,NONE,169.18,NONE,168.64,EXTENSION
36.736000000000004,1030,149.03,NONE,162.98,NONE,25.74,NONE,32.30,NONE,128.42,FLEXION,148.89,NONE,169.64,NONE,172.35,EXTENSION
36.767966666666666,1031,148.89,NONE,163.51,NONE,25.77,NONE,32.35,NONE,128.83,FLEXION,149.87,EXTENSION,174.37,EXTENSION,174.49,EXTENSION
36.83206666666667,1032,148.57,NONE,163.90,NONE,26.09,NONE,32.05,NONE,128.46,FLEXION,150.14,NONE,173.36,EXTENSION,174.21,EXTENSION
36.86396666666667,1033,148.62,NONE,163.74,NONE,26.14,NONE,31.40,NONE,128.60,NONE,150.59,NONE,170.40,NONE,171.66,NONE
36.8962,1034,146.99,NONE,163.50,NONE,25.57,NONE,31.69,NONE,128.17,NONE,154.19,EXTENSION,173.92,EXTENSION,175.78,EXTENSION
36.928200000000004,1035,149.41,NONE,162.58,NONE,25.67,NONE,32.62,NONE,129.65,NONE,152.01,NONE,170.81,NONE,170.72,FLEXION
36.960233333333335,1036,149.03,NONE,162.54,NONE,25.69,NONE,33.46,NONE,132.48,EXTENSION,152.76,NONE,160.89,FLEXION,161.75,FLEXION
36.99223333333334,1037,149.34,NONE,161.67,NONE,25.35,NONE,34.34,EXTENSION,126.99,FLEXION,155.54,EXTENSION,157.97,FLEXION,161.20,FLEXION
37.056200000000004,1038,147.11,NONE,163.94,NONE,28.63,EXTENSION,26.82,FLEXION,132.12,EXTENSION,155.89,EXTENSION,157.66,FLEXION,158.93,FLEXION
37.088233333333335,1039,146.28,FLEXION,165.17,EXTENSION,30.66,EXTENSION,24.61,FLEXION,134.12,EXTENSION,151.71,FLEXION,162.30,NONE,158.94,FLEXION
37.13603333333334,1040,146.15,FLEXION,165.06,NONE,28.74,NONE,23.40,FLEXION,134.72,EXTENSION,154.33,NONE,149.63,FLEXION,160.99,NONE
37.168033333333334,1041,141.42,FLEXION,161.20,FLEXION,25.00,FLEXION,24.24,FLEXION,136.67,EXTENSION,157.20,EXTENSION,145.71,FLEXION,157.97,FLEXION
37.2,1042,145.85,NONE,161.01,FLEXION,24.99,FLEXION,23.46,FLEXION,143.34,EXTENSION,162.12,EXTENSION,158.18,EXTENSION,166.71,EXTENSION
37.232033333333334,1043,140.59,FLEXION,162.60,NONE,23.60,FLEXION,19.09,FLEXION,146.61,EXTENSION,166.52,EXTENSION,162.50,EXTENSION,171.99,EXTENSION
37.26403333333334,1044,136.83,FLEXION,162.53,NONE,22.63,FLEXION,21.59,NONE,143.70,EXTENSION,169.20,EXTENSION,174.62,EXTENSION,171.31,EXTENSION
37.296,1045,135.83,FLEXION,151.78,FLEXION,28.28,EXTENSION,23.00,NONE,142.85,NONE,168.46,EXTENSION,176.13,EXTENSION,162.69,FLEXION
37.3282,1046,145.01,EXTENSION,154.04,FLEXION,25.46,NONE,18.02,FLEXION,140.50,FLEXION,167.15,EXTENSION,164.72,NONE,161.08,FLEXION
37.3602,1047,140.38,NONE,151.01,FLEXION,27.48,EXTENSION,19.89,NONE,125.29,FLEXION,160.79,FLEXION,174.64,EXTENSION,171.11,EXTENSION
37.39226666666667,1048,136.84,FLEXION,144.45,FLEXION,27.70,EXTENSION,18.63,NONE,122.09,FLEXION,161.25,FLEXION,177.55,EXTENSION,169.09,NONE
37.42426666666667,1049,138.36,NONE,144.90,FLEXION,26.32,NONE,16.55,FLEXION,125.60,FLEXION,162.25,FLEXION,170.70,FLEXION,169.91,EXTENSION
37.45623333333334,1050,134.63,FLEXION,145.02,FLEXION,26.54,NONE,10.77,FLEXION,132.82,NONE,166.10,EXTENSION,173.53,NONE,169.88,EXTENSION
37.48826666666667,1051,138.10,NONE,144.42,FLEXION,35.98,EXTENSION,14.91,NONE,142.37,EXTENSION,164.53,NONE,161.23,FLEXION,168.03,NONE
37.52026666666667,1052,147.23,EXTENSION,141.95,FLEXION,29.70,NONE,8.75,FLEXION,139.80,EXTENSION,167.87,EXTENSION,171.79,NONE,169.11,NONE
37.56806666666667,1053,136.01,FLEXION,142.96,NONE,20.72,FLEXION,18.06,EXTENSION,146.21,EXTENSION,169.55,EXTENSION,169.62,NONE,167.58,NONE
37.60006666666667,1054,138.48,NONE,140.92,FLEXION,12.97,FLEXION,27.09,EXTENSION,143.03,EXTENSION,168.68,EXTENSION,161.90,FLEXION,170.96,EXTENSION
37.63203333333333,1055,144.53,EXTENSION,138.27,FLEXION,23.60,NONE,22.96,EXTENSION,149.86,EXTENSION,173.19,EXTENSION,161.73,FLEXION,171.87,EXTENSION
37.66406666666667,1056,140.90,NONE,137.92,FLEXION,30.77,EXTENSION,16.47,NONE,151.83,EXTENSION,173.13,EXTENSION,158.37,FLEXION,170.70,NONE
37.69603333333333,1057,140.04,NONE,137.56,FLEXION,36.72,EXTENSION,21.62,EXTENSION,152.95,EXTENSION,174.74,EXTENSION,154.41,FLEXION,171.86,NONE
37.7282,1058,138.84,NONE,136.91,FLEXION,41.53,EXTENSION,21.08,NONE,143.03,FLEXION,174.60,EXTENSION,153.55,FLEXION,161.59,FLEXION
37.76023333333333,1059,148.64,EXTENSION,140.57,EXTENSION,35.11,EXTENSION,27.31,EXTENSION,147.40,NONE,167.27,FLEXION,158.95,NONE,171.07,NONE
37.7922,1060,148.70,EXTENSION,138.63,NONE,39.74,EXTENSION,32.63,EXTENSION,155.03,EXTENSION,170.73,NONE,160.49,EXTENSION,170.86,NONE
37.82423333333333,1061,153.12,EXTENSION,143.06,EXTENSION,32.59,FLEXION,39.43,EXTENSION,160.34,EXTENSION,173.29,NONE,162.59,EXTENSION,169.59,NONE
37.856233333333336,1062,145.82,NONE,137.69,NONE,31.80,FLEXION,38.28,EXTENSION,160.15,EXTENSION,157.86,FLEXION,160.00,EXTENSION,165.29,FLEXION
37.88816666666667,1063,123.05,FLEXION,136.43,FLEXION,29.97,FLEXION,37.14,EXTENSION,157.20,EXTENSION,159.28,FLEXION,158.44,NONE,168.66,NONE
37.9202,1064,134.13,FLEXION,141.92,EXTENSION,15.35,FLEXION,46.57,EXTENSION,152.87,FLEXION,155.69,FLEXION,168.44,EXTENSION,160.80,FLEXION
37.984033333333336,1065,136.42,FLEXION,144.41,EXTENSION,14.30,FLEXION,49.13,EXTENSION,153.68,FLEXION,154.62,FLEXION,176.08,EXTENSION,165.33,NONE
38.03203333333334,1066,133.09,FLEXION,147.28,EXTENSION,15.11,FLEXION,50.84,EXTENSION,146.25,FLEXION,153.64,FLEXION,175.71,EXTENSION,166.38,NONE
38.063966666666666,1067,130.79,FLEXION,144.19,EXTENSION,16.18,FLEXION,44.18,NONE,145.48,FLEXION,155.01,NONE,174.87,EXTENSION,162.86,FLEXION
38.09603333333334,1068,131.18,NONE,147.02,EXTENSION,15.03,FLEXION,45.48,NONE,148.56,FLEXION,158.50,EXTENSION,172.10,NONE,152.94,FLEXION
38.128033333333335,1069,128.38,FLEXION,146.76,NONE,18.02,EXTENSION,46.39,NONE,155.30,EXTENSION,156.23,NONE,169.83,FLEXION,142.23,FLEXION
38.16003333333334,1070,126.67,FLEXION,152.11,EXTENSION,41.89,EXTENSION,48.39,NONE,156.45,EXTENSION,160.26,EXTENSION,170.84,FLEXION,140.30,FLEXION
38.2242,1071,123.59,FLEXION,136.26,FLEXION,49.19,EXTENSION,53.80,EXTENSION,157.39,EXTENSION,164.89,EXTENSION,163.97,FLEXION,139.01,FLEXION
38.256233333333334,1072,88.82,FLEXION,144.51,NONE,42.43,EXTENSION,47.48,NONE,157.11,EXTENSION,167.41,EXTENSION,162.25,FLEXION,141.48,FLEXION
38.288266666666665,1073,77.74,FLEXION,159.98,EXTENSION,40.45,EXTENSION,38.62,FLEXION,157.57,EXTENSION,170.73,EXTENSION,162.22,FLEXION,147.88,EXTENSION
38.320233333333334,1074,83.97,FLEXION,167.31,EXTENSION,41.96,EXTENSION,42.11,FLEXION,152.95,FLEXION,167.96,EXTENSION,168.21,EXTENSION,146.79,EXTENSION
38.3522,1075,86.23,FLEXION,171.26,EXTENSION,43.98,NONE,40.84,FLEXION,154.21,FLEXION,162.71,FLEXION,170.73,EXTENSION,161.70,EXTENSION
38.3842,1076,75.90,FLEXION,168.08,EXTENSION,40.60,FLEXION,43.32,NONE,155.30,NONE,159.53,FLEXION,169.60,EXTENSION,134.68,FLEXION
38.43203333333334,1077,74.38,FLEXION,151.52,FLEXION,37.00,FLEXION,44.09,NONE,155.53,NONE,168.21,EXTENSION,162.71,FLEXION,155.05,EXTENSION
38.46403333333333,1078,72.37,FLEXION,154.88,FLEXION,35.87,FLEXION,43.94,EXTENSION,155.61,NONE,172.87,EXTENSION,161.45,FLEXION,172.20,EXTENSION
38.49596666666667,1079,72.58,FLEXION,69.55,FLEXION,38.87,NONE,32.17,FLEXION,153.51,NONE,172.05,EXTENSION,166.25,NONE,166.70,EXTENSION
38.52803333333333,1080,68.69,FLEXION,66.53,FLEXION,38.21,NONE,38.70,FLEXION,152.06,FLEXION,172.16,EXTENSION,166.00,NONE,162.05,EXTENSION
38.56003333333334,1081,111.08,EXTENSION,65.79,FLEXION,35.15,FLEXION,39.80,NONE,153.30,NONE,174.92,EXTENSION,162.29,FLEXION,159.19,NONE
38.62403333333334,1082,136.54,EXTENSION,62.22,FLEXION,26.78,FLEXION,45.29,EXTENSION,156.44,EXTENSION,175.25,EXTENSION,155.06,FLEXION,154.63,FLEXION
38.65616666666667,1083,119.73,EXTENSION,81.56,FLEXION,25.90,FLEXION,59.03,EXTENSION,156.95,EXTENSION,154.42,FLEXION,149.32,FLEXION,117.46,FLEXION
38.688233333333336,1084,77.71,FLEXION,97.26,EXTENSION,14.41,FLEXION,64.26,EXTENSION,163.82,EXTENSION,147.89,FLEXION,142.60,FLEXION,111.03,FLEXION
38.7202,1085,105.33,EXTENSION,89.03,EXTENSION,18.90,FLEXION,61.42,EXTENSION,173.84,EXTENSION,141.04,FLEXION,128.41,FLEXION,104.71,FLEXION
38.7522,1086,119.86,EXTENSION,77.50,NONE,8.66,FLEXION,50.67,FLEXION,175.78,EXTENSION,153.96,FLEXION,147.38,NONE,149.13,EXTENSION
38.78423333333333,1087,121.94,EXTENSION,59.42,FLEXION,10.90,FLEXION,33.69,FLEXION,172.18,EXTENSION,159.82,EXTENSION,150.92,EXTENSION,148.83,EXTENSION
38.8166,1088,103.45,FLEXION,62.34,FLEXION,12.95,FLEXION,25.27,FLEXION,172.43,EXTENSION,154.10,EXTENSION,159.99,EXTENSION,161.77,EXTENSION
38.86403333333333,1089,102.60,FLEXION,65.47,FLEXION,14.08,NONE,27.65,FLEXION,166.27,FLEXION,155.23,EXTENSION,164.94,EXTENSION,166.19,EXTENSION
38.896033333333335,1090,88.87,FLEXION,80.72,EXTENSION,6.87,FLEXION,28.68,FLEXION,165.64,FLEXION,154.02,NONE,164.67,EXTENSION,167.36,EXTENSION
38.92803333333333,1091,53.94,FLEXION,73.39,EXTENSION,31.00,EXTENSION,35.56,EXTENSION,173.75,EXTENSION,152.90,FLEXION,160.36,EXTENSION,161.73,EXTENSION
38.960033333333335,1092,56.03,FLEXION,70.06,NONE,24.90,EXTENSION,39.80,EXTENSION,178.87,EXTENSION,143.24,FLEXION,155.14,FLEXION,152.97,FLEXION
38.992000000000004,1093,51.62,FLEXION,65.45,FLEXION,31.89,EXTENSION,35.42,EXTENSION,177.42,EXTENSION,140.97,FLEXION,151.86,FLEXION,153.65,FLEXION
39.0242,1094,65.21,FLEXION,88.82,EXTENSION,28.00,EXTENSION,50.49,EXTENSION,174.09,NONE,144.51,FLEXION,153.66,FLEXION,143.50,FLEXION
39.05623333333334,1095,58.72,FLEXION,93.69,EXTENSION,44.67,EXTENSION,56.51,EXTENSION,179.25,EXTENSION,146.21,NONE,153.27,FLEXION,141.57,FLEXION
39.0882,1096,72.61,EXTENSION,81.34,EXTENSION,27.93,FLEXION,54.02,EXTENSION,179.22,EXTENSION,148.51,EXTENSION,154.58,NONE,147.90,FLEXION
39.120266666666666,1097,112.94,EXTENSION,82.72,EXTENSION,28.86,FLEXION,53.91,EXTENSION,176.89,NONE,153.66,EXTENSION,155.76,EXTENSION,153.00,EXTENSION
39.15226666666667,1098,117.60,EXTENSION,69.67,FLEXION,21.43,FLEXION,43.48,FLEXION,177.75,NONE,154.23,EXTENSION,156.95,EXTENSION,153.62,EXTENSION
39.184200000000004,1099,118.18,EXTENSION,72.13,FLEXION,22.25,FLEXION,49.35,FLEXION,174.34,FLEXION,152.68,EXTENSION,150.95,FLEXION,152.77,EXTENSION
39.216300000000004,1100,111.49,EXTENSION,89.94,EXTENSION,22.13,FLEXION,55.16,EXTENSION,175.42,FLEXION,151.18,NONE,153.43,NONE,156.96,EXTENSION
39.2486,1101,119.64,EXTENSION,91.02,EXTENSION,21.33,FLEXION,53.86,EXTENSION,175.64,NONE,145.25,FLEXION,152.06,FLEXION,144.47,FLEXION
39.29606666666667,1102,118.08,EXTENSION,72.78,FLEXION,14.22,FLEXION,52.53,NONE,177.10,NONE,147.99,FLEXION,154.74,NONE,144.79,FLEXION
39.328,1103,123.38,EXTENSION,71.99,FLEXION,25.85,EXTENSION,50.87,NONE,178.31,EXTENSION,158.00,EXTENSION,149.31,FLEXION,151.77,NONE
39.36006666666667,1104,119.35,NONE,66.75,FLEXION,22.44,NONE,43.40,FLEXION,171.16,FLEXION,164.30,EXTENSION,157.61,EXTENSION,155.28,EXTENSION
39.39206666666667,1105,117.16,NONE,65.75,FLEXION,27.08,EXTENSION,44.16,FLEXION,177.56,EXTENSION,158.01,EXTENSION,159.47,EXTENSION,150.85,NONE
39.424033333333334,1106,136.11,EXTENSION,110.04,EXTENSION,30.20,EXTENSION,20.35,FLEXION,163.58,FLEXION,163.79,EXTENSION,172.49,EXTENSION,157.58,EXTENSION
39.45623333333334,1107,132.78,EXTENSION,96.32,EXTENSION,42.09,EXTENSION,29.15,FLEXION,174.47,NONE,155.78,FLEXION,171.09,EXTENSION,154.81,EXTENSION
39.48826666666667,1108,116.26,FLEXION,108.53,EXTENSION,37.69,EXTENSION,22.87,FLEXION,174.13,NONE,150.41,FLEXION,160.99,NONE,147.08,FLEXION
39.52023333333334,1109,146.16,EXTENSION,118.92,EXTENSION,46.96,EXTENSION,5.61,FLEXION,165.40,FLEXION,153.34,FLEXION,158.04,FLEXION,153.52,NONE
39.55223333333334,1110,135.87,EXTENSION,123.82,EXTENSION,47.75,EXTENSION,25.58,NONE,177.79,EXTENSION,173.20,EXTENSION,162.15,FLEXION,162.82,EXTENSION
39.58426666666667,1111,127.51,FLEXION,115.10,EXTENSION,43.75,EXTENSION,15.12,FLEXION,176.85,EXTENSION,165.33,EXTENSION,160.97,FLEXION,153.28,NONE
39.6164,1112,93.44,FLEXION,92.72,FLEXION,17.41,FLEXION,11.62,FLEXION,178.82,EXTENSION,149.87,FLEXION,167.09,EXTENSION,146.81,FLEXION
39.6483,1113,101.02,FLEXION,89.82,FLEXION,6.24,FLEXION,15.84,NONE,166.43,FLEXION,147.59,FLEXION,162.87,NONE,155.44,EXTENSION
39.68033333333334,1114,118.78,FLEXION,90.22,FLEXION,17.85,FLEXION,15.43,NONE,172.33,NONE,166.12,EXTENSION,170.31,EXTENSION,158.45,EXTENSION
39.72806666666667,1115,105.22,FLEXION,100.85,NONE,30.58,EXTENSION,27.09,EXTENSION,176.93,EXTENSION,156.16,FLEXION,167.27,EXTENSION,154.91,NONE
39.76006666666667,1116,87.58,FLEXION,100.38,EXTENSION,19.11,FLEXION,27.11,EXTENSION,178.00,EXTENSION,154.88,FLEXION,161.43,FLEXION,150.60,FLEXION
39.792033333333336,1117,88.99,FLEXION,102.15,EXTENSION,24.26,EXTENSION,29.14,EXTENSION,173.77,NONE,155.52,NONE,160.66,FLEXION,153.75,NONE
39.85606666666667,1118,119.32,EXTENSION,104.30,EXTENSION,33.27,EXTENSION,16.54,FLEXION,116.04,FLEXION,106.29,FLEXION,157.14,FLEXION,156.00,NONE
39.920033333333336,1119,125.82,EXTENSION,119.34,EXTENSION,15.33,FLEXION,12.13,FLEXION,106.05,FLEXION,100.08,FLEXION,143.29,FLEXION,141.42,FLEXION
39.95216666666667,1120,134.41,EXTENSION,124.28,EXTENSION,14.92,FLEXION,9.91,FLEXION,135.29,FLEXION,135.00,NONE,163.11,EXTENSION,164.15,EXTENSION
39.984233333333336,1121,133.57,EXTENSION,127.47,EXTENSION,11.18,FLEXION,9.67,FLEXION,145.17,EXTENSION,148.32,EXTENSION,166.84,EXTENSION,170.10,EXTENSION
40.016466666666666,1122,130.88,EXTENSION,124.72,EXTENSION,15.77,FLEXION,10.67,FLEXION,138.66,EXTENSION,146.61,EXTENSION,168.26,EXTENSION,168.83,EXTENSION
40.0482,1123,131.64,EXTENSION,128.47,EXTENSION,13.64,FLEXION,9.64,FLEXION,139.61,EXTENSION,147.59,EXTENSION,170.47,EXTENSION,172.49,EXTENSION
40.08023333333333,1124,127.78,FLEXION,125.36,NONE,13.23,NONE,11.53,NONE,137.30,EXTENSION,143.93,EXTENSION,169.39,EXTENSION,171.10,EXTENSION
40.11226666666667,1125,128.49,FLEXION,124.54,NONE,12.27,NONE,10.65,NONE,141.98,EXTENSION,149.83,EXTENSION,169.44,NONE,172.66,EXTENSION
40.160066666666665,1126,123.68,FLEXION,121.74,FLEXION,8.14,FLEXION,10.97,NONE,135.33,FLEXION,144.75,FLEXION,167.48,NONE,169.90,NONE
40.192033333333335,1127,123.22,FLEXION,107.63,FLEXION,23.93,EXTENSION,16.63,EXTENSION,131.74,FLEXION,147.33,NONE,171.08,EXTENSION,168.69,FLEXION
40.224066666666666,1128,122.24,FLEXION,111.02,FLEXION,12.00,FLEXION,20.09,EXTENSION,128.19,FLEXION,141.67,FLEXION,169.02,NONE,167.24,FLEXION
40.25606666666667,1129,124.42,NONE,116.04,FLEXION,8.08,FLEXION,17.68,EXTENSION,133.79,NONE,142.74,FLEXION,169.52,NONE,169.97,NONE
40.2882,1130,128.68,EXTENSION,117.45,NONE,5.06,FLEXION,19.63,EXTENSION,135.58,NONE,145.90,NONE,169.70,NONE,170.11,NONE
40.32026666666667,1131,136.57,EXTENSION,125.65,EXTENSION,4.87,FLEXION,10.93,FLEXION,137.44,EXTENSION,142.32,FLEXION,170.12,NONE,169.04,NONE
40.38406666666667,1132,128.29,NONE,126.14,EXTENSION,1.12,FLEXION,14.17,FLEXION,132.21,NONE,138.81,FLEXION,167.45,FLEXION,167.03,NONE
40.4165,1133,127.74,NONE,144.31,EXTENSION,9.20,EXTENSION,16.84,NONE,135.74,EXTENSION,136.69,FLEXION,171.58,EXTENSION,164.34,FLEXION
40.448233333333334,1134,139.70,EXTENSION,141.87,EXTENSION,3.40,FLEXION,9.14,FLEXION,136.13,NONE,138.43,FLEXION,172.08,EXTENSION,167.17,NONE
40.51226666666667,1135,147.66,EXTENSION,146.98,EXTENSION,11.10,EXTENSION,9.09,FLEXION,134.95,NONE,140.37,NONE,170.24,NONE,173.16,EXTENSION
40.54423333333334,1136,143.15,EXTENSION,151.92,EXTENSION,11.69,EXTENSION,7.93,FLEXION,135.95,NONE,143.28,EXTENSION,168.57,NONE,173.68,EXTENSION
40.592,1137,,NONE,,NONE,,NONE,,NONE,,NONE,,NONE,,NONE,,NONE
40.624,1138,,NONE,,NONE,,NONE,,NONE,,NONE,,NONE,,NONE,,NONE
40.65606666666667,1139,,NONE,,NONE,,NONE,,NONE,,NONE,,NONE,,NONE,,NONE
40.68806666666667,1140,,NONE,,NONE,,NONE,,NONE,,NONE,,NONE,,NONE,,NONE
40.720200000000006,1141,,NONE,,NONE,,NONE,,NONE,,NONE,,NONE,,NONE,,NONE
40.75226666666667,1142,,NONE,,NONE,,NONE,,NONE,,NONE,,NONE,,NONE,,NONE
40.78446666666667,1143,,NONE,,NONE,,NONE,,NONE,,NONE,,NONE,,NONE,,NONE
40.81636666666667,1144,,NONE,,NONE,,NONE,,NONE,,NONE,,NONE,,NONE,,NONE
40.84826666666667,1145,,NONE,,NONE,,NONE,,NONE,,NONE,,NONE,,NONE,,NONE
40.88023333333334,1146,,NONE,,NONE,,NONE,,NONE,,NONE,,NONE,,NONE,,NONE
40.91223333333333,1147,108.00,FLEXION,94.95,FLEXION,58.18,EXTENSION,81.96,EXTENSION,143.92,EXTENSION,60.47,FLEXION,153.70,FLEXION,30.32,FLEXION
40.992000000000004,1148,118.01,FLEXION,86.27,FLEXION,62.51,EXTENSION,70.05,EXTENSION,117.77,FLEXION,120.16,FLEXION,165.85,NONE,119.32,FLEXION
41.024,1149,119.76,FLEXION,85.88,FLEXION,55.19,EXTENSION,70.27,EXTENSION,103.18,FLEXION,66.64,FLEXION,157.03,FLEXION,39.76,FLEXION
41.056000000000004,1150,119.27,FLEXION,79.62,FLEXION,54.52,EXTENSION,70.01,EXTENSION,104.57,FLEXION,92.81,FLEXION,161.16,NONE,56.10,FLEXION
41.08806666666667,1151,106.77,FLEXION,90.65,FLEXION,47.42,NONE,55.59,FLEXION,105.23,FLEXION,130.75,EXTENSION,167.44,EXTENSION,82.08,NONE
41.12003333333333,1152,109.09,FLEXION,93.25,EXTENSION,49.88,FLEXION,60.02,FLEXION,110.60,FLEXION,73.23,FLEXION,151.20,FLEXION,67.11,NONE
41.15206666666667,1153,106.84,FLEXION,96.23,EXTENSION,50.03,FLEXION,62.36,FLEXION,120.41,EXTENSION,73.57,FLEXION,149.60,FLEXION,59.53,FLEXION
41.1843,1154,108.89,FLEXION,92.50,EXTENSION,51.82,NONE,61.15,FLEXION,133.84,EXTENSION,82.47,FLEXION,156.12,NONE,59.11,NONE
41.2162,1155,114.45,EXTENSION,92.34,NONE,55.61,EXTENSION,65.62,EXTENSION,134.77,EXTENSION,134.67,EXTENSION,171.61,EXTENSION,166.79,EXTENSION
41.2483,1156,123.45,EXTENSION,97.34,EXTENSION,56.69,EXTENSION,68.16,EXTENSION,137.26,EXTENSION,118.59,EXTENSION,169.94,EXTENSION,143.13,EXTENSION
41.280233333333335,1157,119.18,EXTENSION,98.59,EXTENSION,53.15,NONE,74.76,EXTENSION,120.90,FLEXION,55.37,FLEXION,149.94,FLEXION,133.45,EXTENSION
41.312200000000004,1158,121.44,EXTENSION,92.99,FLEXION,52.28,NONE,72.66,EXTENSION,147.04,EXTENSION,76.48,FLEXION,165.83,EXTENSION,56.32,FLEXION
41.344199999999994,1159,126.96,EXTENSION,96.30,NONE,58.45,EXTENSION,73.89,EXTENSION,157.82,EXTENSION,141.93,EXTENSION,167.55,EXTENSION,104.07,FLEXION
41.376333333333335,1160,123.99,EXTENSION,94.80,NONE,57.45,EXTENSION,72.47,NONE,158.98,EXTENSION,113.76,EXTENSION,158.39,FLEXION,77.84,FLEXION
41.424033333333334,1161,130.10,EXTENSION,90.54,FLEXION,63.67,EXTENSION,69.72,FLEXION,153.00,EXTENSION,113.40,EXTENSION,165.79,EXTENSION,78.97,FLEXION
41.4561,1162,115.63,FLEXION,88.27,FLEXION,59.69,EXTENSION,71.05,NONE,149.02,NONE,141.33,EXTENSION,163.72,EXTENSION,105.10,EXTENSION
41.488,1163,106.21,FLEXION,86.81,FLEXION,60.05,NONE,71.57,NONE,160.74,EXTENSION,118.46,NONE,164.97,NONE,80.62,FLEXION
41.52006666666667,1164,105.83,FLEXION,85.40,FLEXION,62.37,EXTENSION,75.99,EXTENSION,171.17,EXTENSION,104.38,FLEXION,159.04,FLEXION,71.83,FLEXION
41.552,1165,91.21,FLEXION,82.10,FLEXION,52.49,FLEXION,72.62,NONE,126.56,FLEXION,61.15,FLEXION,143.23,FLEXION,30.65,FLEXION
41.58416666666667,1166,86.86,FLEXION,82.29,FLEXION,54.42,FLEXION,76.80,EXTENSION,127.73,FLEXION,72.48,FLEXION,130.86,FLEXION,52.31,FLEXION
41.61626666666667,1167,86.52,FLEXION,95.11,EXTENSION,57.92,NONE,79.18,EXTENSION,67.30,FLEXION,57.33,FLEXION,76.20,FLEXION,46.25,FLEXION
41.6482,1168,98.38,EXTENSION,104.28,EXTENSION,67.33,EXTENSION,73.10,FLEXION,87.90,FLEXION,79.76,FLEXION,97.95,FLEXION,79.15,EXTENSION
41.68026666666667,1169,74.86,FLEXION,98.24,EXTENSION,34.97,FLEXION,64.77,FLEXION,91.57,FLEXION,78.25,EXTENSION,105.75,FLEXION,71.40,EXTENSION
41.71226666666667,1170,77.75,FLEXION,88.27,FLEXION,35.15,FLEXION,61.14,FLEXION,117.28,EXTENSION,103.75,EXTENSION,113.53,EXTENSION,98.96,EXTENSION
41.7442,1171,104.91,EXTENSION,91.46,FLEXION,46.37,FLEXION,67.22,FLEXION,101.61,EXTENSION,95.05,EXTENSION,83.97,FLEXION,83.20,EXTENSION
41.7762,1172,107.58,EXTENSION,87.15,FLEXION,49.41,NONE,65.28,FLEXION,101.84,EXTENSION,96.74,EXTENSION,80.34,FLEXION,77.24,NONE
41.80826666666667,1173,111.05,EXTENSION,83.43,FLEXION,47.28,NONE,53.71,FLEXION,122.99,EXTENSION,108.33,EXTENSION,84.00,FLEXION,70.83,FLEXION
41.856033333333336,1174,,NONE,,NONE,,NONE,,NONE,,NONE,,NONE,,NONE,,NONE
41.888000000000005,1175,56.49,FLEXION,102.62,EXTENSION,14.73,FLEXION,35.66,FLEXION,150.54,EXTENSION,122.80,EXTENSION,113.34,EXTENSION,104.13,EXTENSION
41.92,1176,59.85,FLEXION,101.97,EXTENSION,10.68,FLEXION,36.37,FLEXION,151.39,EXTENSION,128.44,EXTENSION,122.05,EXTENSION,115.00,EXTENSION
41.95206666666667,1177,,NONE,,NONE,,NONE,,NONE,,NONE,,NONE,,NONE,,NONE
41.984,1178,58.18,FLEXION,87.41,FLEXION,10.82,FLEXION,22.86,FLEXION,178.59,EXTENSION,144.91,EXTENSION,143.39,EXTENSION,120.87,EXTENSION
42.01623333333333,1179,,NONE,,NONE,,NONE,,NONE,,NONE,,NONE,,NONE,,NONE
42.04826666666667,1180,,NONE,,NONE,,NONE,,NONE,,NONE,,NONE,,NONE,,NONE
42.08023333333333,1181,,NONE,,NONE,,NONE,,NONE,,NONE,,NONE,,NONE,,NONE
42.112333333333325,1182,72.49,FLEXION,110.81,EXTENSION,11.10,FLEXION,49.42,EXTENSION,141.84,NONE,115.44,FLEXION,104.19,FLEXION,81.27,FLEXION
42.14426666666667,1183,55.54,FLEXION,113.67,EXTENSION,20.29,NONE,33.14,FLEXION,136.44,FLEXION,116.86,FLEXION,105.83,FLEXION,95.44,FLEXION
42.176233333333336,1184,60.38,NONE,121.59,EXTENSION,20.97,EXTENSION,41.96,EXTENSION,147.75,FLEXION,124.62,NONE,113.71,FLEXION,103.88,NONE
42.20823333333333,1185,55.16,FLEXION,122.47,EXTENSION,40.81,EXTENSION,42.12,EXTENSION,159.87,EXTENSION,134.33,EXTENSION,122.03,EXTENSION,118.92,EXTENSION
42.240300000000005,1186,66.07,EXTENSION,103.02,FLEXION,31.94,EXTENSION,34.88,FLEXION,158.22,EXTENSION,129.63,EXTENSION,122.00,EXTENSION,119.65,EXTENSION
42.2723,1187,65.38,EXTENSION,94.77,FLEXION,33.14,EXTENSION,33.23,FLEXION,163.80,EXTENSION,129.81,EXTENSION,122.70,EXTENSION,118.06,EXTENSION
42.32006666666667,1188,104.56,EXTENSION,135.92,EXTENSION,12.62,FLEXION,37.33,NONE,160.33,EXTENSION,124.94,FLEXION,129.47,EXTENSION,118.81,EXTENSION
42.35216666666667,1189,120.69,EXTENSION,123.32,EXTENSION,3.38,FLEXION,26.44,FLEXION,157.18,NONE,131.78,EXTENSION,131.21,EXTENSION,122.25,EXTENSION
42.38406666666667,1190,119.87,EXTENSION,121.74,EXTENSION,3.31,FLEXION,22.68,FLEXION,163.28,EXTENSION,136.93,EXTENSION,134.89,EXTENSION,125.88,EXTENSION
42.4161,1191,80.71,FLEXION,73.19,FLEXION,21.40,EXTENSION,28.42,FLEXION,172.92,EXTENSION,147.35,EXTENSION,146.54,EXTENSION,131.84,EXTENSION
42.44806666666666,1192,78.82,FLEXION,75.22,FLEXION,21.96,EXTENSION,35.22,EXTENSION,177.11,EXTENSION,143.97,EXTENSION,146.15,EXTENSION,123.26,NONE
42.4802,1193,90.13,FLEXION,84.77,FLEXION,13.89,NONE,46.81,EXTENSION,160.25,FLEXION,134.75,FLEXION,135.12,FLEXION,108.62,FLEXION
42.5123,1194,94.33,FLEXION,82.55,FLEXION,18.78,EXTENSION,45.22,EXTENSION,154.84,FLEXION,128.78,FLEXION,133.78,FLEXION,101.62,FLEXION
42.54423333333334,1195,103.51,EXTENSION,85.28,FLEXION,12.57,FLEXION,43.38,EXTENSION,140.06,FLEXION,116.78,FLEXION,107.14,FLEXION,86.08,FLEXION
42.5763,1196,101.74,EXTENSION,89.52,EXTENSION,17.69,NONE,45.56,EXTENSION,151.53,FLEXION,118.59,FLEXION,114.51,FLEXION,86.57,FLEXION
42.60823333333334,1197,72.19,FLEXION,87.51,EXTENSION,25.31,EXTENSION,39.00,FLEXION,158.03,NONE,132.42,EXTENSION,118.67,FLEXION,112.69,EXTENSION
42.64026666666667,1198,55.16,FLEXION,156.94,EXTENSION,30.73,EXTENSION,39.19,FLEXION,148.04,FLEXION,135.50,EXTENSION,106.85,FLEXION,107.45,EXTENSION
42.672200000000004,1199,52.78,FLEXION,152.44,EXTENSION,30.53,EXTENSION,35.81,FLEXION,157.91,EXTENSION,143.35,EXTENSION,117.08,NONE,114.15,EXTENSION
42.7043,1200,56.80,FLEXION,155.25,EXTENSION,22.21,NONE,35.98,FLEXION,148.72,FLEXION,146.21,EXTENSION,115.22,EXTENSION,118.12,EXTENSION
42.75203333333334,1201,72.66,EXTENSION,149.00,EXTENSION,18.35,FLEXION,40.30,NONE,164.98,EXTENSION,146.76,EXTENSION,134.16,EXTENSION,121.10,EXTENSION
42.78410000000001,1202,111.93,EXTENSION,150.20,EXTENSION,12.88,FLEXION,37.53,NONE,159.12,EXTENSION,142.09,NONE,126.78,EXTENSION,114.39,NONE
42.81606666666667,1203,105.88,EXTENSION,156.75,EXTENSION,18.75,FLEXION,41.96,EXTENSION,108.05,FLEXION,107.65,FLEXION,74.51,FLEXION,78.03,FLEXION
42.84806666666667,1204,121.62,EXTENSION,149.76,FLEXION,16.27,FLEXION,31.17,FLEXION,84.99,FLEXION,86.57,FLEXION,53.35,FLEXION,54.76,FLEXION
42.88023333333334,1205,111.32,EXTENSION,144.47,FLEXION,39.34,EXTENSION,38.61,NONE,96.27,FLEXION,102.27,FLEXION,59.03,FLEXION,69.80,FLEXION
42.9122,1206,,NONE,,NONE,,NONE,,NONE,,NONE,,NONE,,NONE,,NONE
42.94426666666667,1207,112.36,EXTENSION,93.63,FLEXION,25.19,EXTENSION,37.90,NONE,110.07,FLEXION,124.35,EXTENSION,78.45,FLEXION,109.76,EXTENSION
42.97623333333333,1208,,NONE,,NONE,,NONE,,NONE,,NONE,,NONE,,NONE,,NONE
43.00826666666667,1209,,NONE,,NONE,,NONE,,NONE,,NONE,,NONE,,NONE,,NONE
43.04026666666667,1210,101.95,FLEXION,91.77,FLEXION,33.77,EXTENSION,41.52,EXTENSION,132.13,EXTENSION,121.48,EXTENSION,102.75,EXTENSION,99.95,EXTENSION
43.10406666666667,1211,111.18,NONE,107.12,FLEXION,21.19,FLEXION,35.69,FLEXION,109.86,EXTENSION,89.31,FLEXION,77.26,EXTENSION,75.76,FLEXION
43.21606666666667,1212,122.94,EXTENSION,76.01,FLEXION,14.57,FLEXION,22.47,FLEXION,97.07,FLEXION,92.20,FLEXION,89.77,EXTENSION,76.23,FLEXION
43.24803333333333,1213,110.60,NONE,41.31,FLEXION,12.70,FLEXION,28.91,FLEXION,100.03,FLEXION,100.08,FLEXION,72.17,FLEXION,75.57,FLEXION
43.280100000000004,1214,114.25,EXTENSION,45.32,FLEXION,9.06,FLEXION,9.39,FLEXION,128.16,EXTENSION,93.52,FLEXION,112.04,EXTENSION,58.89,FLEXION
43.31203333333333,1215,129.84,EXTENSION,80.91,EXTENSION,5.76,FLEXION,9.79,FLEXION,126.32,EXTENSION,85.98,FLEXION,91.15,NONE,63.53,FLEXION
43.37606666666667,1216,114.57,FLEXION,120.21,EXTENSION,7.90,FLEXION,41.68,EXTENSION,151.58,EXTENSION,143.79,EXTENSION,122.98,EXTENSION,140.87,EXTENSION
43.40820000000001,1217,138.71,EXTENSION,122.41,EXTENSION,6.09,FLEXION,35.65,EXTENSION,169.69,EXTENSION,134.54,EXTENSION,145.30,EXTENSION,139.84,EXTENSION
43.440266666666666,1218,123.73,EXTENSION,126.68,EXTENSION,1.97,FLEXION,41.94,EXTENSION,158.05,EXTENSION,167.76,EXTENSION,162.15,EXTENSION,163.08,EXTENSION
43.472233333333335,1219,131.59,EXTENSION,77.51,FLEXION,2.64,FLEXION,35.01,EXTENSION,145.57,NONE,178.24,EXTENSION,167.90,EXTENSION,172.62,EXTENSION
43.53606666666667,1220,132.18,EXTENSION,119.60,EXTENSION,11.44,EXTENSION,32.77,NONE,154.63,EXTENSION,173.78,EXTENSION,162.78,EXTENSION,155.05,EXTENSION
43.58406666666667,1221,132.40,EXTENSION,67.73,FLEXION,9.69,EXTENSION,36.44,NONE,158.84,EXTENSION,150.82,FLEXION,163.59,EXTENSION,134.38,FLEXION
43.616033333333334,1222,131.12,NONE,100.56,FLEXION,4.73,NONE,42.44,EXTENSION,151.41,FLEXION,159.28,NONE,160.57,NONE,144.29,FLEXION
43.64803333333334,1223,,NONE,,NONE,,NONE,,NONE,,NONE,,NONE,,NONE,,NONE
43.68006666666667,1224,,NONE,,NONE,,NONE,,NONE,,NONE,,NONE,,NONE,,NONE
43.71203333333334,1225,,NONE,,NONE,,NONE,,NONE,,NONE,,NONE,,NONE,,NONE
43.74426666666667,1226,,NONE,,NONE,,NONE,,NONE,,NONE,,NONE,,NONE,,NONE
43.77626666666667,1227,,NONE,,NONE,,NONE,,NONE,,NONE,,NONE,,NONE,,NONE
43.808233333333334,1228,,NONE,,NONE,,NONE,,NONE,,NONE,,NONE,,NONE,,NONE
43.840333333333334,1229,,NONE,,NONE,,NONE,,NONE,,NONE,,NONE,,NONE,,NONE
43.87226666666667,1230,,NONE,,NONE,,NONE,,NONE,,NONE,,NONE,,NONE,,NONE
43.90423333333334,1231,,NONE,,NONE,,NONE,,NONE,,NONE,,NONE,,NONE,,NONE
43.93626666666667,1232,,NONE,,NONE,,NONE,,NONE,,NONE,,NONE,,NONE,,NONE
43.968300000000006,1233,,NONE,,NONE,,NONE,,NONE,,NONE,,NONE,,NONE,,NONE
44.01606666666667,1234,,NONE,,NONE,,NONE,,NONE,,NONE,,NONE,,NONE,,NONE
44.048033333333336,1235,,NONE,,NONE,,NONE,,NONE,,NONE,,NONE,,NONE,,NONE
44.08003333333333,1236,,NONE,,NONE,,NONE,,NONE,,NONE,,NONE,,NONE,,NONE
44.14403333333333,1237,,NONE,,NONE,,NONE,,NONE,,NONE,,NONE,,NONE,,NONE
44.17626666666667,1238,,NONE,,NONE,,NONE,,NONE,,NONE,,NONE,,NONE,,NONE
44.20826666666667,1239,,NONE,,NONE,,NONE,,NONE,,NONE,,NONE,,NONE,,NONE
44.24026666666667,1240,,NONE,,NONE,,NONE,,NONE,,NONE,,NONE,,NONE,,NONE
44.27226666666667,1241,,NONE,,NONE,,NONE,,NONE,,NONE,,NONE,,NONE,,NONE
44.304233333333336,1242,,NONE,,NONE,,NONE,,NONE,,NONE,,NONE,,NONE,,NONE
44.33626666666667,1243,,NONE,,NONE,,NONE,,NONE,,NONE,,NONE,,NONE,,NONE
44.3684,1244,,NONE,,NONE,,NONE,,NONE,,NONE,,NONE,,NONE,,NONE
44.4003,1245,,NONE,,NONE,,NONE,,NONE,,NONE,,NONE,,NONE,,NONE
44.44806666666666,1246,,NONE,,NONE,,NONE,,NONE,,NONE,,NONE,,NONE,,NONE
44.47996666666667,1247,,NONE,,NONE,,NONE,,NONE,,NONE,,NONE,,NONE,,NONE
44.51206666666666,1248,,NONE,,NONE,,NONE,,NONE,,NONE,,NONE,,NONE,,NONE
44.544066666666666,1249,,NONE,,NONE,,NONE,,NONE,,NONE,,NONE,,NONE,,NONE
44.576033333333335,1250,,NONE,,NONE,,NONE,,NONE,,NONE,,NONE,,NONE,,NONE
44.608266666666665,1251,,NONE,,NONE,,NONE,,NONE,,NONE,,NONE,,NONE,,NONE
44.640233333333335,1252,,NONE,,NONE,,NONE,,NONE,,NONE,,NONE,,NONE,,NONE
44.67243333333334,1253,,NONE,,NONE,,NONE,,NONE,,NONE,,NONE,,NONE,,NONE
44.704433333333334,1254,,NONE,,NONE,,NONE,,NONE,,NONE,,NONE,,NONE,,NONE
44.736266666666666,1255,,NONE,,NONE,,NONE,,NONE,,NONE,,NONE,,NONE,,NONE
44.768233333333335,1256,,NONE,,NONE,,NONE,,NONE,,NONE,,NONE,,NONE,,NONE
44.8003,1257,,NONE,,NONE,,NONE,,NONE,,NONE,,NONE,,NONE,,NONE
44.832300000000004,1258,,NONE,,NONE,,NONE,,NONE,,NONE,,NONE,,NONE,,NONE
44.8801,1259,,NONE,,NONE,,NONE,,NONE,,NONE,,NONE,,NONE,,NONE
44.91206666666667,1260,,NONE,,NONE,,NONE,,NONE,,NONE,,NONE,,NONE,,NONE
44.9441,1261,,NONE,,NONE,,NONE,,NONE,,NONE,,NONE,,NONE,,NONE
44.9761,1262,,NONE,,NONE,,NONE,,NONE,,NONE,,NONE,,NONE,,NONE
45.00803333333334,1263,,NONE,,NONE,,NONE,,NONE,,NONE,,NONE,,NONE,,NONE
45.04026666666667,1264,,NONE,,NONE,,NONE,,NONE,,NONE,,NONE,,NONE,,NONE
45.07226666666667,1265,,NONE,,NONE,,NONE,,NONE,,NONE,,NONE,,NONE,,NONE
45.1043,1266,,NONE,,NONE,,NONE,,NONE,,NONE,,NONE,,NONE,,NONE
45.136300000000006,1267,,NONE,,NONE,,NONE,,NONE,,NONE,,NONE,,NONE,,NONE
45.16823333333333,1268,,NONE,,NONE,,NONE,,NONE,,NONE,,NONE,,NONE,,NONE
45.20023333333334,1269,,NONE,,NONE,,NONE,,NONE,,NONE,,NONE,,NONE,,NONE
45.2323,1270,,NONE,,NONE,,NONE,,NONE,,NONE,,NONE,,NONE,,NONE
45.2643,1271,,NONE,,NONE,,NONE,,NONE,,NONE,,NONE,,NONE,,NONE
45.3121,1272,,NONE,,NONE,,NONE,,NONE,,NONE,,NONE,,NONE,,NONE
45.344033333333336,1273,,NONE,,NONE,,NONE,,NONE,,NONE,,NONE,,NONE,,NONE
45.37603333333333,1274,,NONE,,NONE,,NONE,,NONE,,NONE,,NONE,,NONE,,NONE
45.408100000000005,1275,,NONE,,NONE,,NONE,,NONE,,NONE,,NONE,,NONE,,NONE
45.44006666666667,1276,,NONE,,NONE,,NONE,,NONE,,NONE,,NONE,,NONE,,NONE
45.5041,1277,,NONE,,NONE,,NONE,,NONE,,NONE,,NONE,,NONE,,NONE
45.5362,1278,,NONE,,NONE,,NONE,,NONE,,NONE,,NONE,,NONE,,NONE
45.568266666666666,1279,,NONE,,NONE,,NONE,,NONE,,NONE,,NONE,,NONE,,NONE
45.632000000000005,1280,,NONE,,NONE,,NONE,,NONE,,NONE,,NONE,,NONE,,NONE
45.66426666666667,1281,,NONE,,NONE,,NONE,,NONE,,NONE,,NONE,,NONE,,NONE
45.6963,1282,,NONE,,NONE,,NONE,,NONE,,NONE,,NONE,,NONE,,NONE
45.7441,1283,,NONE,,NONE,,NONE,,NONE,,NONE,,NONE,,NONE,,NONE
45.7761,1284,,NONE,,NONE,,NONE,,NONE,,NONE,,NONE,,NONE,,NONE
45.808033333333334,1285,,NONE,,NONE,,NONE,,NONE,,NONE,,NONE,,NONE,,NONE
45.8401,1286,,NONE,,NONE,,NONE,,NONE,,NONE,,NONE,,NONE,,NONE
45.87213333333334,1287,,NONE,,NONE,,NONE,,NONE,,NONE,,NONE,,NONE,,NONE
45.90426666666667,1288,,NONE,,NONE,,NONE,,NONE,,NONE,,NONE,,NONE,,NONE
45.93633333333334,1289,,NONE,,NONE,,NONE,,NONE,,NONE,,NONE,,NONE,,NONE
45.96826666666667,1290,,NONE,,NONE,,NONE,,NONE,,NONE,,NONE,,NONE,,NONE
46.0003,1291,,NONE,,NONE,,NONE,,NONE,,NONE,,NONE,,NONE,,NONE
46.03223333333334,1292,,NONE,,NONE,,NONE,,NONE,,NONE,,NONE,,NONE,,NONE
46.06426666666667,1293,,NONE,,NONE,,NONE,,NONE,,NONE,,NONE,,NONE,,NONE
46.0963,1294,,NONE,,NONE,,NONE,,NONE,,NONE,,NONE,,NONE,,NONE
46.1283,1295,,NONE,,NONE,,NONE,,NONE,,NONE,,NONE,,NONE,,NONE
46.176100000000005,1296,,NONE,,NONE,,NONE,,NONE,,NONE,,NONE,,NONE,,NONE
46.2081,1297,,NONE,,NONE,,NONE,,NONE,,NONE,,NONE,,NONE,,NONE
46.24003333333333,1298,,NONE,,NONE,,NONE,,NONE,,NONE,,NONE,,NONE,,NONE
46.272133333333336,1299,,NONE,,NONE,,NONE,,NONE,,NONE,,NONE,,NONE,,NONE
46.304033333333344,1300,,NONE,,NONE,,NONE,,NONE,,NONE,,NONE,,NONE,,NONE
46.33626666666667,1301,,NONE,,NONE,,NONE,,NONE,,NONE,,NONE,,NONE,,NONE
46.36826666666667,1302,,NONE,,NONE,,NONE,,NONE,,NONE,,NONE,,NONE,,NONE
46.40023333333333,1303,,NONE,,NONE,,NONE,,NONE,,NONE,,NONE,,NONE,,NONE
46.432300000000005,1304,117.45,FLEXION,111.12,EXTENSION,44.40,EXTENSION,36.80,NONE,169.83,EXTENSION,146.85,FLEXION,164.66,NONE,150.65,FLEXION
46.46423333333333,1305,,NONE,,NONE,,NONE,,NONE,,NONE,,NONE,,NONE,,NONE
46.496233333333336,1306,,NONE,,NONE,,NONE,,NONE,,NONE,,NONE,,NONE,,NONE
46.5283,1307,,NONE,,NONE,,NONE,,NONE,,NONE,,NONE,,NONE,,NONE
46.56026666666667,1308,,NONE,,NONE,,NONE,,NONE,,NONE,,NONE,,NONE,,NONE
46.6081,1309,,NONE,,NONE,,NONE,,NONE,,NONE,,NONE,,NONE,,NONE
46.64006666666667,1310,,NONE,,NONE,,NONE,,NONE,,NONE,,NONE,,NONE,,NONE
46.6721,1311,94.90,FLEXION,62.27,FLEXION,87.83,EXTENSION,88.60,EXTENSION,176.07,EXTENSION,147.23,FLEXION,86.91,FLEXION,65.25,FLEXION
46.70406666666667,1312,154.80,EXTENSION,150.34,EXTENSION,101.59,EXTENSION,97.69,EXTENSION,153.80,FLEXION,166.21,EXTENSION,109.43,FLEXION,75.06,FLEXION
46.73603333333334,1313,,NONE,,NONE,,NONE,,NONE,,NONE,,NONE,,NONE,,NONE
46.768233333333335,1314,,NONE,,NONE,,NONE,,NONE,,NONE,,NONE,,NONE,,NONE
46.8003,1315,153.90,EXTENSION,84.49,FLEXION,94.56,EXTENSION,127.35,EXTENSION,159.54,FLEXION,160.97,EXTENSION,135.98,NONE,102.60,FLEXION
46.832300000000004,1316,154.53,EXTENSION,90.87,FLEXION,120.76,EXTENSION,146.32,EXTENSION,165.13,EXTENSION,161.15,EXTENSION,167.66,EXTENSION,163.91,EXTENSION
46.896100000000004,1317,,NONE,,NONE,,NONE,,NONE,,NONE,,NONE,,NONE,,NONE
46.92823333333334,1318,,NONE,,NONE,,NONE,,NONE,,NONE,,NONE,,NONE,,NONE
46.960300000000004,1319,104.31,FLEXION,141.15,EXTENSION,50.68,FLEXION,10.41,FLEXION,160.08,FLEXION,140.66,FLEXION,148.44,EXTENSION,121.78,EXTENSION
46.992333333333335,1320,97.26,FLEXION,169.50,EXTENSION,78.15,FLEXION,21.40,FLEXION,176.06,EXTENSION,163.94,EXTENSION,155.62,EXTENSION,133.79,EXTENSION
47.0401,1321,124.67,FLEXION,170.45,EXTENSION,66.83,FLEXION,19.17,FLEXION,149.20,FLEXION,175.00,EXTENSION,167.49,EXTENSION,156.42,EXTENSION
47.07206666666667,1322,131.26,EXTENSION,108.84,FLEXION,103.59,EXTENSION,84.12,EXTENSION,159.61,FLEXION,156.14,FLEXION,162.92,EXTENSION,156.37,EXTENSION
47.10413333333334,1323,,NONE,,NONE,,NONE,,NONE,,NONE,,NONE,,NONE,,NONE
47.1361,1324,,NONE,,NONE,,NONE,,NONE,,NONE,,NONE,,NONE,,NONE
47.168033333333334,1325,,NONE,,NONE,,NONE,,NONE,,NONE,,NONE,,NONE,,NONE
47.20026666666667,1326,,NONE,,NONE,,NONE,,NONE,,NONE,,NONE,,NONE,,NONE
47.23223333333333,1327,,NONE,,NONE,,NONE,,NONE,,NONE,,NONE,,NONE,,NONE
47.26423333333334,1328,,NONE,,NONE,,NONE,,NONE,,NONE,,NONE,,NONE,,NONE
47.2963,1329,,NONE,,NONE,,NONE,,NONE,,NONE,,NONE,,NONE,,NONE
47.32826666666667,1330,,NONE,,NONE,,NONE,,NONE,,NONE,,NONE,,NONE,,NONE
47.36033333333334,1331,,NONE,,NONE,,NONE,,NONE,,NONE,,NONE,,NONE,,NONE
47.3923,1332,,NONE,,NONE,,NONE,,NONE,,NONE,,NONE,,NONE,,NONE
47.44003333333333,1333,,NONE,,NONE,,NONE,,NONE,,NONE,,NONE,,NONE,,NONE
47.47206666666667,1334,,NONE,,NONE,,NONE,,NONE,,NONE,,NONE,,NONE,,NONE
47.50403333333333,1335,,NONE,,NONE,,NONE,,NONE,,NONE,,NONE,,NONE,,NONE
47.536100000000005,1336,,NONE,,NONE,,NONE,,NONE,,NONE,,NONE,,NONE,,NONE
47.56803333333333,1337,,NONE,,NONE,,NONE,,NONE,,NONE,,NONE,,NONE,,NONE
47.600033333333336,1338,,NONE,,NONE,,NONE,,NONE,,NONE,,NONE,,NONE,,NONE
47.63223333333334,1339,,NONE,,NONE,,NONE,,NONE,,NONE,,NONE,,NONE,,NONE
47.664300000000004,1340,,NONE,,NONE,,NONE,,NONE,,NONE,,NONE,,NONE,,NONE
47.69626666666666,1341,,NONE,,NONE,,NONE,,NONE,,NONE,,NONE,,NONE,,NONE
47.72846666666667,1342,,NONE,,NONE,,NONE,,NONE,,NONE,,NONE,,NONE,,NONE
47.760400000000004,1343,,NONE,,NONE,,NONE,,NONE,,NONE,,NONE,,NONE,,NONE
47.792300000000004,1344,,NONE,,NONE,,NONE,,NONE,,NONE,,NONE,,NONE,,NONE
47.840133333333334,1345,,NONE,,NONE,,NONE,,NONE,,NONE,,NONE,,NONE,,NONE
47.8721,1346,115.86,FLEXION,84.68,FLEXION,62.38,FLEXION,60.27,EXTENSION,160.10,NONE,139.78,FLEXION,112.25,FLEXION,126.02,FLEXION
47.90403333333334,1347,125.63,EXTENSION,101.26,FLEXION,40.85,FLEXION,65.73,EXTENSION,157.06,FLEXION,138.19,FLEXION,121.64,FLEXION,125.76,FLEXION
47.93606666666667,1348,116.07,FLEXION,93.60,FLEXION,42.05,FLEXION,60.67,EXTENSION,157.67,FLEXION,140.13,FLEXION,126.75,FLEXION,131.21,FLEXION
47.96803333333334,1349,140.84,EXTENSION,77.86,FLEXION,3.33,FLEXION,37.47,FLEXION,159.10,EXTENSION,134.17,FLEXION,140.58,EXTENSION,125.12,FLEXION
48.000033333333334,1350,153.81,EXTENSION,78.89,FLEXION,5.00,FLEXION,30.36,FLEXION,170.60,EXTENSION,154.95,EXTENSION,128.30,FLEXION,121.16,FLEXION
48.03226666666667,1351,,NONE,,NONE,,NONE,,NONE,,NONE,,NONE,,NONE,,NONE
48.06426666666667,1352,,NONE,,NONE,,NONE,,NONE,,NONE,,NONE,,NONE,,NONE
48.1283,1353,,NONE,,NONE,,NONE,,NONE,,NONE,,NONE,,NONE,,NONE
48.16026666666667,1354,,NONE,,NONE,,NONE,,NONE,,NONE,,NONE,,NONE,,NONE
48.19226666666667,1355,,NONE,,NONE,,NONE,,NONE,,NONE,,NONE,,NONE,,NONE
48.22456666666667,1356,,NONE,,NONE,,NONE,,NONE,,NONE,,NONE,,NONE,,NONE
48.2563,1357,,NONE,,NONE,,NONE,,NONE,,NONE,,NONE,,NONE,,NONE
48.33606666666667,1358,,NONE,,NONE,,NONE,,NONE,,NONE,,NONE,,NONE,,NONE
48.368033333333344,1359,,NONE,,NONE,,NONE,,NONE,,NONE,,NONE,,NONE,,NONE
48.4001,1360,,NONE,,NONE,,NONE,,NONE,,NONE,,NONE,,NONE,,NONE
48.432233333333336,1361,,NONE,,NONE,,NONE,,NONE,,NONE,,NONE,,NONE,,NONE
48.496100000000006,1362,,NONE,,NONE,,NONE,,NONE,,NONE,,NONE,,NONE,,NONE
48.52823333333333,1363,,NONE,,NONE,,NONE,,NONE,,NONE,,NONE,,NONE,,NONE
48.560300000000005,1364,,NONE,,NONE,,NONE,,NONE,,NONE,,NONE,,NONE,,NONE
48.59223333333333,1365,,NONE,,NONE,,NONE,,NONE,,NONE,,NONE,,NONE,,NONE
48.62426666666667,1366,,NONE,,NONE,,NONE,,NONE,,NONE,,NONE,,NONE,,NONE
48.656333333333336,1367,,NONE,,NONE,,NONE,,NONE,,NONE,,NONE,,NONE,,NONE
48.704,1368,,NONE,,NONE,,NONE,,NONE,,NONE,,NONE,,NONE,,NONE
